400:0.6333000000000001,2.6688
472:0.0194,0.0444,0.069,0.079,0.0941,0.14200000000000002,0.1825,0.198,0.2368,0.2746,0.32270000000000004,0.3441,0.3859,0.41440000000000005,0.43060000000000004,0.4661,0.47700000000000004,0.4988,0.5354,0.5549000000000001,0.5942000000000001,0.6407,0.6871,0.7167,0.7335,0.7903,0.8056000000000001,0.8097000000000001,0.8552000000000001,0.8761,0.9103,0.9371,0.9634,0.9998,1.0483,1.1013,1.1223,1.1672,1.1737,1.2042000000000002,1.2156,1.2512,1.272,1.3026,1.3392000000000002,1.3664,1.3809,1.4026,1.4075,1.4284000000000001,1.4554,1.4685000000000001,1.4973,1.5211000000000001,1.5422,1.5466,1.5905,1.6031,1.6172,1.6542000000000001,1.6839000000000002,1.7096,1.7296,1.7545000000000002,1.8006,1.8088000000000002,1.8333000000000002,1.8724,1.8807,1.8955000000000002,1.9007,1.9404000000000001,1.9598,2.033,2.0437000000000003,2.0911,2.12,2.1304000000000003,2.1593,2.2011000000000003,2.2446,2.2494,2.2631,2.2998000000000003,2.3280000000000003,2.3592,2.3664,2.411,2.4486000000000003,2.4613,2.5015,2.5091,2.5260000000000002,2.5538000000000003,2.5676,2.6059,2.6223,2.6577,2.6735,2.6874000000000002,2.7435,2.7680000000000002,2.7839,2.8097000000000003,2.841,2.8667000000000002,2.8915,2.9398,2.9441,2.9661,3.0142,3.0368,3.0504000000000002,3.0868,3.1096000000000004,3.1156,3.1494,3.1858,3.2272000000000003,3.2724,3.3079,3.3486000000000002,3.4024,3.4445,3.4667000000000003,3.4763,3.5007,3.5302000000000002,3.5472,3.5691,3.5791000000000004,3.5999000000000003,3.6171,3.6472,3.6514,3.6822000000000004,3.7036000000000002,3.7424000000000004,3.7814,3.8119,3.8362000000000003,3.8579000000000003,3.8999,3.9181000000000004,3.9409,3.9714,4.0323,4.0492,4.091,4.1188,4.1248000000000005,4.1530000000000005,4.1911000000000005,4.2075000000000005,4.2597000000000005,4.2954,4.3409,4.3658,4.411700000000001,4.4408,4.453,4.473,4.478400000000001,4.5178,4.5293,4.5556,4.5819,4.617,4.6448,4.6878,4.7006000000000006,4.7344,4.7471000000000005,4.777200000000001,4.8136,4.82,4.8506,4.8748000000000005,4.8788,4.9305,4.9364,4.9691
676:0.0358,0.09770000000000001,0.198,0.2712,0.28850000000000003,0.3487,0.4323,0.47900000000000004,0.506,0.5655,0.6125,0.6568,0.7355,0.8151,0.8786,0.9780000000000001,1.0052,1.0534000000000001,1.1304,1.207,1.2693,1.3165,1.4664000000000001,1.5047000000000001,1.5510000000000002,1.618,1.6874,1.7662,1.9035000000000002,1.9692,1.9983000000000002,2.0497,2.1172,2.1651000000000002,2.2125,2.2637,2.4667000000000003,2.5256000000000003,2.5740000000000003,2.6265,2.6633,2.6912000000000003,2.765,2.8183000000000002,2.8717,2.9765,3.0578000000000003,3.1511,3.1961,3.2389,3.3133000000000004,3.3614,3.4161,3.6263,3.7072000000000003,3.7863,3.8781000000000003,3.9898000000000002,4.0618,4.1129,4.157900000000001,4.2131,4.2643,4.3058000000000005,4.3407,4.3734,4.481,4.5928,4.6493,4.780600000000001,4.8202,4.8611,4.891900000000001,4.9694
750:0.0441,0.0878,0.17450000000000002,0.2116,0.25630000000000003,0.30210000000000004,0.33340000000000003,0.3698,0.4033,0.4345,0.5212,0.5597,0.6125,0.6429,0.6917,0.7438,0.7939,0.8439000000000001,0.8825000000000001,0.9192,0.9666,1.0019,1.0443,1.081,1.1175000000000002,1.1765,1.2164000000000001,1.274,1.3113000000000001,1.3434000000000001,1.4119000000000002,1.4373,1.4848000000000001,1.5277,1.5776000000000001,1.6314000000000002,1.6705,1.7100000000000002,1.7668000000000001,1.8103,1.8949,1.9461000000000002,1.9732,2.0319000000000003,2.0638,2.1141,2.1585,2.2168,2.261,2.3097000000000003,2.3704,2.4189000000000003,2.4557,2.4855,2.5253,2.5616000000000003,2.5931,2.6309,2.6662000000000003,2.6879,2.7377000000000002,2.7609000000000004,2.8343000000000003,2.8696,2.9136,2.9483,2.9803,3.0170000000000003,3.0716,3.1092,3.1712000000000002,3.2136,3.2583,3.3426,3.3895,3.4138,3.4516,3.5024,3.527,3.5573,3.6107,3.6447000000000003,3.7032000000000003,3.7456,3.7695000000000003,3.8009000000000004,3.8618,3.9026,3.9329,3.9911000000000003,4.0357,4.0971,4.1439,4.1946,4.2371,4.266500000000001,4.316,4.3589,4.4124,4.458600000000001,4.5031,4.5507,4.5944,4.6732000000000005,4.7177,4.7803,4.831300000000001,4.8648,4.9134,4.9555,4.990600000000001
904:0.12490000000000001,0.2323,0.5022,0.8437,0.8762000000000001,0.9201,1.0592000000000001,1.1,1.4944000000000002,1.6098000000000001,1.7407000000000001,1.9958,2.2163,2.428,2.5131,2.8146,3.2543,3.3631,3.4748,3.9642000000000004,3.9864,4.486800000000001,4.5026,4.6226,4.7408,4.7877,4.8129
1133:0.0081,0.0224,0.0344,0.0453,0.0592,0.0738,0.09040000000000001,0.0995,0.11180000000000001,0.1263,0.1416,0.154,0.1666,0.18430000000000002,0.1947,0.20980000000000001,0.2194,0.2364,0.2459,0.2548,0.2634,0.2757,0.2873,0.2982,0.3083,0.32230000000000003,0.337,0.35050000000000003,0.3637,0.3758,0.3874,0.40190000000000003,0.41240000000000004,0.4234,0.4363,0.44620000000000004,0.45840000000000003,0.4707,0.4839,0.4934,0.5105000000000001,0.53,0.5466,0.5597,0.5706,0.5829,0.5947,0.6097,0.6216,0.6356,0.6573,0.668,0.6762,0.6901,0.7011000000000001,0.7129000000000001,0.7278,0.7407,0.7519,0.7647,0.7785000000000001,0.7897000000000001,0.8045,0.8135,0.8289000000000001,0.8385,0.8501000000000001,0.8608,0.8687,0.883,0.8986000000000001,0.9117000000000001,0.93,0.9448000000000001,0.9571000000000001,0.9708,0.9801000000000001,0.9890000000000001,1.0016,1.0172,1.0308,1.0419,1.0535,1.0651000000000002,1.0731,1.0877000000000001,1.0968,1.1079,1.1238000000000001,1.1387,1.1555,1.1687,1.1815,1.1901000000000002,1.2026000000000001,1.2205000000000001,1.234,1.246,1.2557,1.2650000000000001,1.2792000000000001,1.2921,1.3032000000000001,1.3172000000000001,1.3264,1.338,1.3552,1.3691,1.3766,1.3862,1.3945,1.4046,1.4174,1.4263000000000001,1.4417,1.4516,1.4718,1.4843000000000002,1.4946000000000002,1.5090000000000001,1.5231000000000001,1.5434,1.5653000000000001,1.5813000000000001,1.5976000000000001,1.6077000000000001,1.6188,1.6326,1.6493,1.6627,1.6826,1.6983000000000001,1.7077,1.7226000000000001,1.7378,1.7502,1.758,1.7765000000000002,1.7868000000000002,1.7961,1.8133000000000001,1.8256000000000001,1.842,1.8556000000000001,1.8694000000000002,1.8787,1.8897000000000002,1.9005,1.9088,1.9286,1.9383000000000001,1.9498000000000002,1.967,1.9780000000000002,1.9879,2.0007,2.0158,2.0297,2.0421,2.0544000000000002,2.0737,2.0953,2.1065,2.1215,2.1326,2.141,2.1549,2.1715,2.1831,2.1975000000000002,2.2057,2.2179,2.2336,2.2461,2.2627,2.273,2.2867,2.2968,2.3097000000000003,2.3201,2.3348,2.3481,2.3606000000000003,2.3707000000000003,2.3863000000000003,2.3969,2.4076,2.4176,2.4330000000000003,2.4437,2.4585,2.4708,2.4847,2.5011,2.5107,2.5228,2.5331,2.5411,2.5527,2.5669,2.5829,2.5985,2.6102000000000003,2.6298,2.6429,2.6506000000000003,2.6616,2.6718,2.6835,2.6923,2.7043,2.7270000000000003,2.7457000000000003,2.7611000000000003,2.773,2.7868,2.7977000000000003,2.8084000000000002,2.8202000000000003,2.8321,2.8457000000000003,2.8552,2.8688000000000002,2.8855,2.8966000000000003,2.9075,2.9224,2.9383000000000004,2.9489,2.9581,2.9733,2.9834,2.9979,3.0094000000000003,3.0229000000000004,3.0345,3.0441000000000003,3.0576000000000003,3.0713000000000004,3.0814000000000004,3.0958,3.1135,3.124,3.1373,3.1487000000000003,3.1596,3.1696,3.1858,3.2013000000000003,3.2125000000000004,3.2299,3.2464,3.2568,3.2681,3.2776,3.2904,3.3014,3.3134,3.3246,3.3413000000000004,3.349,3.3643,3.3785000000000003,3.3920000000000003,3.403,3.4151000000000002,3.4271000000000003,3.4421000000000004,3.4611,3.4723,3.4831000000000003,3.4914,3.5054000000000003,3.5151000000000003,3.5264,3.5385,3.5499,3.5649,3.5769,3.5961000000000003,3.6086,3.6236,3.6325000000000003,3.6409000000000002,3.6575,3.6732,3.6878,3.6984000000000004,3.7111,3.7218,3.7356000000000003,3.7506000000000004,3.7646,3.7785,3.7967,3.8080000000000003,3.8182,3.8271,3.8351,3.8448,3.8537000000000003,3.8638000000000003,3.8764000000000003,3.8849,3.8938,3.9023000000000003,3.9169,3.9271000000000003,3.9412000000000003,3.9528000000000003,3.9689,3.9802000000000004,3.999,4.0113,4.0243,4.0379000000000005,4.0537,4.0677,4.0879,4.0989,4.1117,4.1294,4.1465000000000005,4.157900000000001,4.1747000000000005,4.1927,4.2064,4.2213,4.234500000000001,4.2433000000000005,4.2555000000000005,4.2674,4.2832,4.3014,4.3115000000000006,4.3227,4.3338,4.3453,4.3678,4.389600000000001,4.4067,4.418200000000001,4.4347,4.4466,4.4577,4.4692,4.4861,4.4985,4.5129,4.5285,4.545,4.5599,4.5705,4.5829,4.5929,4.606,4.6264,4.6379,4.6477,4.6595,4.67,4.6904,4.7027,4.714700000000001,4.7267,4.7356,4.7496,4.7606,4.7814000000000005,4.7929,4.8077000000000005,4.819,4.8419,4.8524,4.8646,4.8821,4.8958,4.9108,4.9263,4.9404,4.954000000000001,4.9687,4.9837
1792:0.1844,0.4506,0.9206000000000001,0.993,1.0764,1.2181,1.2242,1.2878,1.6956,1.7545000000000002,1.7952000000000001,1.8053000000000001,1.9492,2.0316,2.132,2.1741,2.3112,2.4874,2.5784000000000002,2.6409000000000002,2.7952000000000004,2.8036000000000003,2.8611,3.0039000000000002,3.0631,3.0692,3.1202,3.3672,3.3746,3.4827000000000004,3.5620000000000003,3.6185,3.6969000000000003,3.8194000000000004,4.0587,4.2983,4.3057,4.5961,4.78,4.7875000000000005,4.8404
1811:2.0502000000000002
2306:0.0045000000000000005,0.0324,0.042800000000000005,0.0548,0.057800000000000004,0.059000000000000004,0.06760000000000001,0.0682,0.0699,0.07490000000000001,0.07540000000000001,0.07590000000000001,0.0792,0.0931,0.09570000000000001,0.1148,0.1212,0.17120000000000002,0.17270000000000002,0.17350000000000002,0.1801,0.19160000000000002,0.1966,0.201,0.2051,0.2086,0.22640000000000002,0.23600000000000002,0.23700000000000002,0.24350000000000002,0.2501,0.2581,0.269,0.2697,0.27,0.2715,0.2753,0.28550000000000003,0.28650000000000003,0.31370000000000003,0.3156,0.31930000000000003,0.3245,0.3256,0.33380000000000004,0.34640000000000004,0.3569,0.35710000000000003,0.3582,0.36860000000000004,0.3689,0.37060000000000004,0.3952,0.3956,0.39640000000000003,0.3992,0.4045,0.4177,0.42210000000000003,0.4263,0.4288,0.4335,0.437,0.4385,0.4409,0.4484,0.47400000000000003,0.47640000000000005,0.4792,0.48400000000000004,0.497,0.5048,0.5372,0.5383,0.5662,0.5719000000000001,0.5839,0.5854,0.5946,0.6107,0.6154000000000001,0.617,0.6224000000000001,0.6429,0.6541,0.6817000000000001,0.6849000000000001,0.6888000000000001,0.6956,0.7013,0.7048,0.7068,0.7211000000000001,0.7232000000000001,0.7299,0.7313000000000001,0.7423000000000001,0.7491,0.7514000000000001,0.7523000000000001,0.7533000000000001,0.7592,0.7625000000000001,0.7781,0.793,0.7935,0.7999,0.8085,0.8095,0.8128000000000001,0.8143,0.8173,0.8218000000000001,0.8284,0.8530000000000001,0.8551000000000001,0.8874000000000001,0.8887,0.9001,0.9036000000000001,0.9059,0.9107000000000001,0.9128000000000001,0.9162,0.9271,0.9306000000000001,0.9347000000000001,0.9384,0.9423,0.9475,0.9614,0.9662000000000001,0.9669000000000001,0.9732000000000001,0.9739000000000001,0.9782000000000001,0.9788,0.9812000000000001,0.9854,0.9864,0.9879,1.0036,1.0110000000000001,1.0128000000000001,1.0142,1.0147000000000002,1.0266,1.0314,1.04,1.0461,1.0490000000000002,1.0532000000000001,1.056,1.0604,1.0669,1.0778,1.0897000000000001,1.0907,1.0936000000000001,1.109,1.1117000000000001,1.1124,1.1136000000000001,1.1438000000000001,1.1604,1.1647,1.173,1.1746,1.1772,1.1780000000000002,1.1796,1.202,1.2045000000000001,1.205,1.2126000000000001,1.2189,1.2215,1.2237,1.225,1.2256,1.2302,1.2609000000000001,1.2618,1.2637,1.2687000000000002,1.2774,1.2785,1.3018,1.3021,1.3035,1.3076,1.3109,1.3185,1.324,1.3257,1.346,1.3501,1.3623,1.3662,1.3701,1.3995,1.4012,1.4141000000000001,1.4311,1.4544000000000001,1.4575,1.4579,1.463,1.4666000000000001,1.4761,1.4828000000000001,1.506,1.5168000000000001,1.5170000000000001,1.5182,1.5197,1.5208000000000002,1.5275,1.5288000000000002,1.5307000000000002,1.5473000000000001,1.552,1.5562,1.558,1.5691000000000002,1.574,1.5798,1.5916000000000001,1.5943,1.5949,1.6035000000000001,1.6071,1.6273,1.6605,1.6656,1.6745,1.703,1.7141000000000002,1.7169,1.7183000000000002,1.7341,1.7497,1.7621,1.7756,1.7767000000000002,1.7847000000000002,1.7892000000000001,1.7925,1.8042,1.8233000000000001,1.8346,1.8423,1.8448,1.8455000000000001,1.8479,1.8523,1.8676000000000001,1.8728,1.8777000000000001,1.8837000000000002,1.8840000000000001,1.8855000000000002,1.8941000000000001,1.9041000000000001,1.9115000000000002,1.917,1.9187,1.9373,1.9512,1.9528,1.9620000000000002,1.9622000000000002,1.9634,1.9656,1.9681000000000002,1.9789,1.9964000000000002,1.9991,2.0065,2.0137,2.0247,2.0258000000000003,2.0368,2.0659,2.0667,2.0748,2.0768,2.0779,2.1075,2.1081000000000003,2.1126,2.1203000000000003,2.1474,2.1569000000000003,2.1593,2.1641,2.1710000000000003,2.1817,2.1842,2.1871,2.1957,2.2013000000000003,2.2066,2.2101,2.2125,2.2133000000000003,2.2156000000000002,2.2186,2.2204,2.2352000000000003,2.2379000000000002,2.2427,2.2435,2.2584,2.2652,2.266,2.2664,2.2676000000000003,2.2738,2.2813000000000003,2.2894,2.2953,2.2995,2.3024,2.3135,2.3168,2.3191,2.3213,2.3282000000000003,2.3328,2.3334,2.3355,2.3518000000000003,2.3543000000000003,2.3554,2.3672,2.3843,2.3930000000000002,2.4002000000000003,2.4018,2.4091,2.4128000000000003,2.4156,2.4166000000000003,2.4169,2.4195,2.4207,2.4505,2.4511000000000003,2.4521,2.4532000000000003,2.4637000000000002,2.4663,2.4743,2.4845,2.4853,2.4855,2.4927,2.4997000000000003,2.5090000000000003,2.5113000000000003,2.5231000000000003,2.5547,2.565,2.5672,2.5722,2.5724,2.5879000000000003,2.5883000000000003,2.5918,2.5929,2.597,2.5993,2.6139,2.6180000000000003,2.6191,2.6423,2.6444,2.6478,2.6537,2.6549,2.665,2.6668000000000003,2.6714,2.6914000000000002,2.6926,2.6942,2.7005000000000003,2.7036000000000002,2.7064,2.71,2.7141,2.7302,2.736,2.7438000000000002,2.7481,2.7557,2.7654,2.8006,2.8147,2.8287,2.8348,2.8384,2.847,2.8499000000000003,2.8591,2.8648000000000002,2.8913,2.8935,2.8945000000000003,2.8963,2.9094,2.9138,2.9142,2.9163,2.928,2.9299,2.9447,2.9476,2.9728000000000003,2.9831000000000003,2.9889,2.9954,3.0090000000000003,3.0106,3.0157000000000003,3.0336000000000003,3.0389,3.0457,3.0462000000000002,3.0469,3.0578000000000003,3.0732,3.0771,3.0785,3.0826000000000002,3.0889,3.1028000000000002,3.1048,3.1281000000000003,3.1303,3.1414,3.1437,3.148,3.1503,3.1508000000000003,3.157,3.1641000000000004,3.1741,3.1790000000000003,3.1966,3.2,3.205,3.2073,3.2103,3.2163,3.2467,3.2522,3.2593,3.2749,3.2775000000000003,3.2777000000000003,3.2798000000000003,3.2845,3.2968,3.3007,3.3063000000000002,3.3157,3.3307,3.3337000000000003,3.3401,3.3478000000000003,3.3518000000000003,3.3644000000000003,3.3694,3.3699000000000003,3.3766000000000003,3.379,3.3883,3.3916,3.4160000000000004,3.4174,3.4176,3.4253,3.4285,3.4321,3.471,3.4816000000000003,3.4963,3.5158,3.5180000000000002,3.5303,3.5330000000000004,3.5388,3.5396,3.5411,3.5472,3.5488,3.5505,3.5823,3.5972,3.6032,3.6034,3.6064000000000003,3.612,3.6196,3.6278,3.6296000000000004,3.6316,3.6350000000000002,3.6387,3.6696,3.6824000000000003,3.6827,3.6876,3.6961000000000004,3.6976,3.6993,3.7158,3.7215000000000003,3.7323000000000004,3.7385,3.7401,3.7449000000000003,3.7492,3.7656,3.7864,3.7912000000000003,3.7919,3.8039,3.8046,3.8094,3.814,3.8289,3.8394000000000004,3.8665000000000003,3.867,3.8716000000000004,3.8765,3.879,3.8818,3.8835,3.8874,3.8894,3.8923,3.8967,3.9184,3.9215,3.9219000000000004,3.9371,3.9376,3.9379000000000004,3.9436,3.9585000000000004,3.9734000000000003,3.9745000000000004,3.9749000000000003,3.987,3.9885,3.9998,4.0016,4.0115,4.0167,4.0279,4.0346,4.0373,4.0455000000000005,4.0469,4.067,4.0681,4.0703000000000005,4.0796,4.0895,4.0944,4.0991,4.1045,4.1122000000000005,4.1164000000000005,4.1167,4.1311,4.1344,4.141500000000001,4.1475,4.1509,4.1548,4.163,4.1664,4.1685,4.1844,4.1846000000000005,4.2069,4.2077,4.2443,4.2461,4.253,4.2557,4.2663,4.2717,4.2869,4.2916,4.2929,4.2946,4.2978000000000005,4.3037,4.3087,4.317,4.3184000000000005,4.3216,4.3302000000000005,4.3327,4.3348,4.3386000000000005,4.3528,4.3543,4.3603000000000005,4.3724,4.3756,4.376,4.3822,4.3855,4.3926,4.3943,4.4061,4.4085,4.4169,4.4203,4.4207,4.4275,4.4465,4.4518,4.4538,4.4556000000000004,4.4686,4.4759,4.4869,4.4896,4.4997,4.5119,4.5251,4.5301,4.5316,4.541300000000001,4.5464,4.5643,4.5665000000000004,4.5667,4.5736,4.5846,4.587400000000001,4.5934,4.5948,4.633100000000001,4.6366000000000005,4.6378,4.654,4.6571,4.6614,4.675,4.679,4.6812000000000005,4.6926000000000005,4.6982,4.7079,4.726,4.7266,4.7339,4.7517000000000005,4.7540000000000004,4.7819,4.7839,4.7845,4.7858,4.8101,4.8217,4.8269,4.8293,4.8331,4.8394,4.8396,4.843,4.849200000000001,4.8514,4.861000000000001,4.8738,4.884,4.8907,4.8916,4.8944,4.899100000000001,4.8993,4.9025,4.9261,4.9396,4.957,4.9876000000000005,4.988700000000001,4.9943,4.9977
2793:0.9238000000000001
2860:0.022000000000000002,0.04,0.049800000000000004,0.07880000000000001,0.12860000000000002,0.1568,0.18000000000000002,0.1978,0.21230000000000002,0.2412,0.3326,0.36960000000000004,0.3992,0.4369,0.4904,0.5042,0.5335,0.5517000000000001,0.6132000000000001,0.6405000000000001,0.6701,0.6907,0.7244,0.7434000000000001,0.8125,0.8663000000000001,0.8823000000000001,0.9098,0.9185000000000001,0.9430000000000001,0.9658,0.9821000000000001,1.0069000000000001,1.0194,1.0598,1.0801,1.122,1.1423,1.1735,1.215,1.2451,1.2721,1.2852000000000001,1.3068,1.3236,1.3401,1.3557000000000001,1.3787,1.4336,1.4517,1.4691,1.5158,1.5311000000000001,1.5627,1.5789,1.6032000000000002,1.6413,1.6877,1.7053,1.7273,1.7581,1.7685000000000002,1.8115,1.8391000000000002,1.8644,1.9271,1.9482000000000002,2.0004,2.0446,2.0621,2.0932,2.1386000000000003,2.1988000000000003,2.2169000000000003,2.2591,2.2882000000000002,2.3466,2.3738,2.3901000000000003,2.4549000000000003,2.4861,2.5086,2.5445,2.5924,2.641,2.6545,2.7161,2.7559,2.7630000000000003,2.7913,2.8173,2.8338,2.8701000000000003,2.898,2.9172000000000002,2.9489,2.9709000000000003,2.9794,3.0039000000000002,3.0153000000000003,3.0505,3.0708,3.1139,3.1388000000000003,3.1721000000000004,3.2036000000000002,3.2141,3.2298,3.2577000000000003,3.2891000000000004,3.3376,3.3743000000000003,3.3876,3.4142,3.4212000000000002,3.4769,3.4998,3.5092000000000003,3.5532000000000004,3.5602,3.5899,3.6087000000000002,3.6459,3.6825,3.724,3.745,3.7527000000000004,3.8005,3.8294,3.8770000000000002,3.9001,3.9253,3.9508,3.9795000000000003,3.9925,4.0073,4.0335,4.0448,4.0697,4.093500000000001,4.1382,4.1641,4.1921,4.2138,4.2365,4.2671,4.2943,4.3164,4.341600000000001,4.3605,4.389600000000001,4.4030000000000005,4.4189,4.4447,4.4994000000000005,4.5255,4.5521,4.5814,4.641500000000001,4.6717,4.7083,4.7458,4.766100000000001,4.7797,4.817,4.8366,4.8939,4.9167000000000005,4.9463,4.9853000000000005
3122:0.3905,0.5988,2.9328000000000003,3.1812,3.4851,4.1074
3448:0.2967,0.5297000000000001,0.6314000000000001,0.7173,0.9013,1.0591000000000002,1.2722,1.3358,1.5922,1.7885,2.0151,2.1205000000000003,2.4061,2.4974000000000003,2.9323,3.1053,3.217,3.3665000000000003,3.7299,3.8095000000000003,3.967,4.0099,4.297000000000001,4.6136
3498:0.9249
3773:0.0227,0.049,0.07690000000000001,0.09380000000000001,0.11130000000000001,0.152,0.1646,0.19490000000000002,0.22240000000000001,0.2412,0.2604,0.27490000000000003,0.2891,0.3277,0.3441,0.38670000000000004,0.40640000000000004,0.42100000000000004,0.454,0.47740000000000005,0.4965,0.5157,0.5314,0.5436,0.5633,0.5908,0.6134000000000001,0.6299,0.6416000000000001,0.6734,0.6966,0.7140000000000001,0.7305,0.7473000000000001,0.7816000000000001,0.81,0.8268000000000001,0.8475,0.8677,0.8895000000000001,0.9013,0.9229,0.9396,0.9677,0.9877,1.0193,1.0433000000000001,1.058,1.0804,1.1115000000000002,1.1394,1.1537,1.1860000000000002,1.2008,1.2206000000000001,1.2516,1.2643,1.2895,1.3203,1.3331000000000002,1.3631,1.3883,1.4051,1.4217,1.4557,1.5027000000000001,1.5251000000000001,1.5436,1.5596,1.5752000000000002,1.5922,1.6121,1.6360000000000001,1.6549,1.6754,1.6909,1.7116,1.727,1.7407000000000001,1.7626000000000002,1.7778,1.7954,1.8089000000000002,1.8466,1.9082000000000001,1.9256000000000002,1.949,1.9675,1.9937,2.0127,2.0335,2.0417,2.0638,2.0769,2.1073,2.1159,2.142,2.1545,2.1887000000000003,2.2082,2.2231,2.2502,2.2718000000000003,2.2898,2.3046,2.3285,2.3560000000000003,2.3694,2.3887,2.4037,2.4252000000000002,2.4517,2.4638,2.4746,2.4909000000000003,2.5114,2.5223,2.5508,2.5621,2.5874,2.6073,2.62,2.6353,2.6685000000000003,2.6981,2.7162,2.7325,2.7534,2.7743,2.8009,2.8341000000000003,2.8634,2.8796,2.9107000000000003,2.9306,2.9701,2.9852000000000003,3.0258000000000003,3.0422000000000002,3.0574000000000003,3.0792,3.0968,3.1118,3.1341,3.1576,3.1702000000000004,3.1895000000000002,3.208,3.2335000000000003,3.2577000000000003,3.2866,3.3109,3.3322000000000003,3.3497000000000003,3.3665000000000003,3.3793,3.4082000000000003,3.4472,3.4636,3.4922,3.5116,3.5375,3.5784000000000002,3.5929,3.6163000000000003,3.6416000000000004,3.6603000000000003,3.6764,3.6994000000000002,3.7211000000000003,3.7351,3.7574,3.7791,3.8012,3.8212,3.8503000000000003,3.8783000000000003,3.899,3.9210000000000003,3.9392,3.9623000000000004,3.9872,4.0088,4.034,4.061,4.0886000000000005,4.1108,4.126,4.1524,4.1714,4.1978,4.2169,4.2653,4.2807,4.2965,4.3098,4.3354,4.3587,4.3904000000000005,4.4274000000000004,4.4492,4.4729,4.4973,4.5092,4.5237,4.5388,4.5551,4.5737000000000005,4.588,4.6113,4.641500000000001,4.6596,4.6866,4.714700000000001,4.740200000000001,4.7616000000000005,4.7794,4.792400000000001,4.8064,4.8192,4.833200000000001,4.867500000000001,4.8894,4.9124,4.9345,4.9503,4.9814,4.9991
3807:0.0956,0.445,0.5481,0.6906,0.8732000000000001,0.9867,1.0715000000000001,1.2141,1.2832000000000001,1.4075,1.5737,1.6929,1.7509000000000001,1.7934,1.9461000000000002,2.0276,2.1267,2.1706000000000003,2.2718000000000003,2.3735,2.4803,2.5366,2.5782000000000003,2.7504,2.7952000000000004,3.0013,3.0604,3.1784000000000003,3.3643,3.4775,3.6136000000000004,3.6912000000000003,3.7463,4.0555,4.2328,4.2977,4.3543,4.5378,4.593500000000001,4.835100000000001,4.9101
3942:0.0005,0.013900000000000001,0.018000000000000002,0.0218,0.0224,0.056100000000000004,0.057800000000000004,0.0625,0.064,0.06570000000000001,0.0763,0.0811,0.091,0.1005,0.1057,0.1126,0.1159,0.137,0.1422,0.14930000000000002,0.1502,0.17450000000000002,0.1835,0.1857,0.189,0.1923,0.19820000000000002,0.19940000000000002,0.2029,0.2084,0.21380000000000002,0.23420000000000002,0.23700000000000002,0.2431,0.24530000000000002,0.2534,0.25730000000000003,0.26230000000000003,0.2665,0.3098,0.32080000000000003,0.3236,0.3428,0.3528,0.3543,0.3589,0.369,0.37010000000000004,0.37320000000000003,0.3739,0.39080000000000004,0.3946,0.3996,0.403,0.40540000000000004,0.40590000000000004,0.4122,0.41300000000000003,0.4193,0.4228,0.4239,0.43910000000000005,0.4413,0.44680000000000003,0.4549,0.457,0.4577,0.4597,0.4742,0.5008,0.5045000000000001,0.5089,0.5096,0.5102,0.5114000000000001,0.5307000000000001,0.5335,0.552,0.5529000000000001,0.5716,0.5735,0.5783,0.5854,0.5966,0.5991000000000001,0.6051000000000001,0.6123000000000001,0.6192000000000001,0.6286,0.6339,0.6419,0.6474000000000001,0.6609,0.6709,0.6726000000000001,0.6801,0.6917,0.7070000000000001,0.7133,0.7311000000000001,0.732,0.7336,0.7364,0.7386,0.7587,0.765,0.7758,0.783,0.7845000000000001,0.7931,0.7971,0.7976000000000001,0.806,0.8081,0.8084,0.8158000000000001,0.8180000000000001,0.8252,0.8260000000000001,0.8269000000000001,0.8402000000000001,0.8451000000000001,0.8505,0.8516,0.869,0.8739,0.8888,0.8898,0.8985000000000001,0.9075000000000001,0.9083,0.9127000000000001,0.916,0.9165000000000001,0.9206000000000001,0.927,0.9331,0.9397000000000001,0.9399000000000001,0.9432,0.9455,0.9516,0.9550000000000001,0.9648,0.9681000000000001,0.9782000000000001,0.9851000000000001,0.9911000000000001,1.014,1.018,1.0278,1.0284,1.0842,1.1007,1.1098000000000001,1.1144,1.1169,1.1391,1.1497,1.1644,1.1665,1.1693,1.173,1.1868,1.1901000000000002,1.1965000000000001,1.1991,1.2056,1.2143000000000002,1.2246000000000001,1.2322,1.2351,1.2433,1.2603,1.2685,1.274,1.2773,1.2999,1.3009000000000002,1.3035,1.3070000000000002,1.3135000000000001,1.3219,1.3387,1.346,1.3485,1.3511,1.3724,1.377,1.3884,1.3919000000000001,1.3937000000000002,1.3983,1.4152,1.4199000000000002,1.4344000000000001,1.4447,1.4538,1.4546000000000001,1.4566000000000001,1.4592,1.4631,1.468,1.4736,1.4765000000000001,1.4901,1.5054,1.5195,1.5346,1.5357,1.5462,1.5584,1.5619,1.5706,1.5879,1.6018000000000001,1.6067,1.6069,1.6107,1.6132,1.6137000000000001,1.6156000000000001,1.6321,1.639,1.6393,1.6438000000000001,1.6573,1.6878000000000002,1.6964000000000001,1.7101000000000002,1.7181000000000002,1.7253,1.7267000000000001,1.7481,1.7547000000000001,1.7688000000000001,1.7722,1.778,1.7792000000000001,1.7815,1.7884,1.7892000000000001,1.7942,1.7986,1.802,1.8154000000000001,1.8158,1.8297,1.8668,1.8851,1.9043,1.919,1.9193,1.9357000000000002,1.9394,1.9468,1.9485000000000001,1.965,1.9777,1.9786000000000001,1.9989000000000001,2.0041,2.0091,2.0148,2.0154,2.0175,2.0232,2.0239000000000003,2.031,2.064,2.0681000000000003,2.0737,2.0823,2.0836,2.0892,2.0905,2.105,2.1097,2.1105,2.1108000000000002,2.1143,2.1167000000000002,2.1235,2.1256,2.1275,2.1448,2.1495,2.1567000000000003,2.1573,2.1645000000000003,2.1674,2.1832000000000003,2.1917,2.2027,2.2128,2.2147,2.2169000000000003,2.2185,2.2256,2.2273,2.2341,2.2364,2.2371000000000003,2.2485,2.2497000000000003,2.2533000000000003,2.2614,2.2626,2.2678000000000003,2.2758000000000003,2.2795,2.2829,2.2837,2.2891,2.2952,2.3013,2.3065,2.3067,2.325,2.3288,2.3416,2.3488,2.3584,2.3601,2.3718,2.3727,2.3739,2.3793,2.3825000000000003,2.3835,2.3867000000000003,2.3897,2.3999,2.4118,2.4272,2.4337,2.436,2.4455,2.4609,2.4613,2.4621,2.4625,2.4985,2.4999000000000002,2.5090000000000003,2.5142,2.5188,2.5201000000000002,2.5274,2.5384,2.5395000000000003,2.5537,2.5587,2.5833,2.5887000000000002,2.5940000000000003,2.5958,2.5987,2.6066000000000003,2.6083000000000003,2.611,2.6203000000000003,2.6206,2.6368,2.6434,2.6438,2.6622000000000003,2.6798,2.6813000000000002,2.6833,2.6899,2.6904000000000003,2.6939,2.7099,2.7217000000000002,2.7219,2.7272000000000003,2.7428000000000003,2.7464,2.7466,2.7473,2.7478000000000002,2.7548,2.7564,2.7594000000000003,2.7658,2.7710000000000004,2.8006,2.8099000000000003,2.8117,2.8135000000000003,2.8296,2.8427000000000002,2.8458,2.849,2.8560000000000003,2.8693,2.8755,2.879,2.8849,2.8876,2.9065000000000003,2.9071000000000002,2.9130000000000003,2.9165,2.9176,2.928,2.9306,2.9421,2.9666,2.9673000000000003,2.9762,2.9878,2.9905,2.9919000000000002,3.0140000000000002,3.0165,3.035,3.0366,3.0442,3.0492000000000004,3.0501,3.0526,3.0534000000000003,3.0611,3.0722,3.0727,3.0783,3.0969,3.0973,3.101,3.1038,3.1096000000000004,3.1114,3.1241000000000003,3.1289000000000002,3.1386000000000003,3.1416,3.1437,3.1454,3.1593,3.1629,3.1644,3.1684,3.1687000000000003,3.1698,3.1828000000000003,3.2002,3.2207000000000003,3.2358000000000002,3.2363,3.2515,3.2585,3.2589,3.2596000000000003,3.2604,3.2635,3.2787,3.2851000000000004,3.2893000000000003,3.3264,3.3325,3.3392,3.3419000000000003,3.3444000000000003,3.3447,3.3502,3.3547000000000002,3.3554000000000004,3.3891,3.3898,3.3912,3.3987000000000003,3.4076,3.4122000000000003,3.4337,3.4356,3.4451,3.4509000000000003,3.4571,3.4649,3.4669000000000003,3.4681,3.4777,3.4814000000000003,3.4925,3.5043,3.5083,3.5133,3.5187000000000004,3.5222,3.5269000000000004,3.5319000000000003,3.5424,3.5429000000000004,3.5454000000000003,3.5472,3.5570000000000004,3.5595000000000003,3.5695,3.5898000000000003,3.5926,3.5959000000000003,3.6395,3.6483000000000003,3.649,3.6561000000000003,3.6696,3.6732,3.6868000000000003,3.6925000000000003,3.6944000000000004,3.7015000000000002,3.7053000000000003,3.7063,3.7106000000000003,3.7188000000000003,3.7404,3.7482,3.7558000000000002,3.7571000000000003,3.7586000000000004,3.7626000000000004,3.7654,3.7682,3.774,3.7750000000000004,3.778,3.7814,3.7849000000000004,3.8150000000000004,3.8301000000000003,3.8333000000000004,3.8444000000000003,3.8573000000000004,3.8596000000000004,3.8665000000000003,3.8693000000000004,3.8765,3.8795,3.8801,3.8897000000000004,3.8907000000000003,3.8943000000000003,3.8988,3.9128000000000003,3.9189000000000003,3.9226,3.9257,3.9266,3.9363,3.9447,3.9476,3.9546,3.9598,3.9600000000000004,3.9713000000000003,3.9752,3.9772000000000003,3.9802000000000004,3.9823000000000004,3.9842000000000004,3.9961,4.0021,4.0044,4.0065,4.0131000000000006,4.0145,4.0208,4.034,4.0359,4.053100000000001,4.059200000000001,4.085500000000001,4.094,4.1039,4.1093,4.1141000000000005,4.125900000000001,4.1399,4.1618,4.165,4.1729,4.173900000000001,4.1826,4.1848,4.1867,4.1916,4.1938,4.2141,4.214700000000001,4.2317,4.2393,4.2513000000000005,4.2713,4.2769,4.2805,4.2873,4.2907,4.2963000000000005,4.2971,4.2974000000000006,4.3043000000000005,4.3052,4.3057,4.3193,4.3217,4.324800000000001,4.3251,4.339300000000001,4.3415,4.3464,4.3644,4.3737,4.3785,4.3893,4.3950000000000005,4.4073,4.4104,4.4237,4.4269,4.4286,4.429,4.4332,4.4374,4.4401,4.4405,4.4461,4.4798,4.4804,4.4816,4.4853000000000005,4.495,4.4976,4.5114,4.5193,4.5223,4.5248,4.5403,4.5484,4.5678,4.5698,4.5735,4.596,4.6065000000000005,4.6189,4.6321,4.6451,4.6528,4.6724000000000006,4.673,4.6769,4.687600000000001,4.6929,4.7014000000000005,4.7031,4.7034,4.7182,4.7191,4.7419,4.748600000000001,4.7522,4.7568,4.7649,4.766900000000001,4.7811,4.800400000000001,4.821400000000001,4.8241000000000005,4.8272,4.8278,4.8322,4.832800000000001,4.8348,4.8352,4.8407,4.8437,4.8456,4.8603000000000005,4.8626000000000005,4.865600000000001,4.8725000000000005,4.8758,4.877000000000001,4.8882,4.8996,4.9125000000000005,4.9143,4.918200000000001,4.9185,4.9265,4.9341,4.9373000000000005,4.938000000000001,4.9385,4.9412,4.941800000000001,4.9447,4.9542,4.9554,4.956300000000001,4.9688,4.9748,4.9763,4.9779,4.984100000000001,4.9905
4478:0.095,0.3703,1.2556,1.3649,1.7348000000000001,1.8535000000000001,2.2054,2.4178,2.7948,3.2472000000000003,4.1587000000000005,4.271100000000001,4.8394
5054:0.1174,0.2252,0.2691,0.33430000000000004,0.5004000000000001,0.6309,0.8398,0.8697,0.9169,0.9763000000000001,1.0593000000000001,1.0897000000000001,1.2073,1.2608000000000001,1.3252000000000002,1.4094,1.4894,1.5753000000000001,1.6174000000000002,1.6684,1.7294,1.7610000000000001,2.0263,2.0584000000000002,2.1168,2.2118,2.3373,2.4153000000000002,2.4901,2.6009,2.6926,2.7959,3.0557000000000003,3.1437,3.1925000000000003,3.2574,3.3138,3.355,3.4572000000000003,3.7149,3.8303000000000003,3.8633,3.9134,3.9527,3.9829000000000003,4.0651,4.1614,4.322,4.3558,4.4547,4.4938,4.613700000000001,4.664000000000001,4.7374,4.7865,4.8118,4.867
5491:0.47440000000000004,1.0557,1.6903000000000001,2.1223,2.2506,4.3007,4.6245,4.8212,4.8808
5536:0.0182,0.028200000000000003,0.0483,0.0782,0.09860000000000001,0.115,0.1327,0.14780000000000001,0.1715,0.1894,0.2074,0.22240000000000001,0.24430000000000002,0.25370000000000004,0.2671,0.27990000000000004,0.2942,0.31420000000000003,0.3416,0.3682,0.38580000000000003,0.4087,0.4224,0.4394,0.4554,0.4693,0.4893,0.5172,0.5485,0.5694,0.5850000000000001,0.5997,0.6223000000000001,0.6458,0.6723,0.6927,0.7063,0.7216,0.7426,0.7592,0.7815000000000001,0.8027000000000001,0.8174,0.8405,0.8549,0.8705,0.901,0.9217000000000001,0.9410000000000001,0.9598000000000001,0.9757,0.9901000000000001,1.0192,1.04,1.0530000000000002,1.0693000000000001,1.093,1.1106,1.1316000000000002,1.1591,1.1838,1.1975,1.2189,1.2406000000000001,1.2546000000000002,1.2702,1.2915,1.3051000000000001,1.3213000000000001,1.3373000000000002,1.3578000000000001,1.3783,1.3979000000000001,1.423,1.4463000000000001,1.4608,1.4819,1.4977,1.5247000000000002,1.5531000000000001,1.5861,1.6019,1.6173000000000002,1.6357000000000002,1.6649,1.6858000000000002,1.7020000000000002,1.7165000000000001,1.7392,1.7596,1.7862,1.7985,1.8283,1.8506,1.8713000000000002,1.8896000000000002,1.9099000000000002,1.9377000000000002,1.9549,1.9715,1.99,2.0174000000000003,2.0335,2.0524,2.0962,2.1218,2.1372,2.1576,2.1784,2.2011000000000003,2.2209000000000003,2.2456,2.2665,2.2891,2.3078000000000003,2.3239,2.3512,2.371,2.3994,2.4116,2.4403,2.46,2.474,2.4917000000000002,2.5081,2.5274,2.5419,2.5706,2.5941,2.608,2.632,2.6487000000000003,2.6646,2.6843,2.7041,2.7426,2.7633,2.7822,2.8019000000000003,2.8183000000000002,2.8320000000000003,2.8535,2.869,2.899,2.9147000000000003,2.9476,2.9625000000000004,2.984,3.0118,3.0298000000000003,3.0467,3.0739,3.0883000000000003,3.1166,3.1313,3.1505,3.1668000000000003,3.1878,3.2143,3.2378,3.2547,3.2704,3.2907,3.3137000000000003,3.3446000000000002,3.3600000000000003,3.383,3.4019000000000004,3.4189000000000003,3.444,3.4683,3.4847,3.5053,3.5245,3.5451,3.5672,3.6009,3.6163000000000003,3.6355,3.6498000000000004,3.6784000000000003,3.6924,3.7054,3.7246,3.7509,3.7703,3.7999,3.8214,3.8356000000000003,3.8518000000000003,3.8624,3.8759,3.8885,3.902,3.9291,3.9468,3.9718,4.0048,4.0253000000000005,4.0565,4.0901000000000005,4.1127,4.1513,4.1768,4.203,4.2263,4.2456000000000005,4.2662,4.2822000000000005,4.302700000000001,4.317,4.335100000000001,4.349600000000001,4.372,4.402,4.4186000000000005,4.4444,4.4597,4.4743,4.5044,4.5286,4.5545,4.5738,4.5886000000000005,4.6169,4.641500000000001,4.655,4.6751000000000005,4.6965,4.7157,4.7353000000000005,4.7552,4.7876,4.8105,4.8232,4.8502,4.8716,4.8864,4.9156,4.9457,4.9712000000000005
5565:0.049,0.08990000000000001,0.1153,0.1695,0.2025,0.2243,0.2622,0.27030000000000004,0.323,0.37360000000000004,0.4424,0.5,0.6218,0.6315000000000001,0.6768000000000001,0.7625000000000001,0.7953,0.8396,0.8616,0.8745,0.917,0.9646,1.0101,1.0572000000000001,1.0874000000000001,1.0994000000000002,1.1913,1.209,1.2586000000000002,1.3064,1.3244,1.3705,1.4096,1.4606000000000001,1.4861,1.5702,1.611,1.6673,1.7171,1.7384000000000002,1.7599,1.8615000000000002,1.9094,1.9723000000000002,2.0227,2.056,2.1141,2.188,2.2099,2.2624,2.326,2.3584,2.4148,2.4266,2.488,2.5526,2.6003000000000003,2.6649000000000003,2.69,2.7947,2.8114000000000003,2.8669000000000002,2.9130000000000003,3.0101,3.0528,3.1284,3.1698,3.1908000000000003,3.2505,3.2600000000000002,3.2983000000000002,3.3131000000000004,3.3496,3.3634,3.4545000000000003,3.4968000000000004,3.5761000000000003,3.6423,3.7075,3.8285,3.858,3.9104,3.9503000000000004,3.9810000000000003,4.0578,4.1601,4.2386,4.2771,4.3205,4.3386000000000005,4.355,4.4413,4.4551,4.492100000000001,4.6119,4.6622,4.7251,4.738,4.7846,4.8015,4.8121,4.843,4.8669,4.8974,4.9350000000000005
5787:0.024300000000000002,0.0981,0.1198,0.1642,0.1976,0.23900000000000002,0.25630000000000003,0.32070000000000004,0.3604,0.3836,0.42650000000000005,0.48300000000000004,0.5293,0.5650000000000001,0.6174000000000001,0.6453,0.6904,0.7219,0.7552,0.8013,0.8445,0.8939,0.9509000000000001,0.9731000000000001,1.0212,1.0592000000000001,1.102,1.1362,1.1703000000000001,1.2355,1.2733,1.3012000000000001,1.3597000000000001,1.4013,1.4331,1.4584000000000001,1.5030000000000001,1.5362,1.5818,1.6219000000000001,1.6529,1.7056,1.7319,1.7692,1.8285,1.8648,1.8960000000000001,1.9329,1.9766000000000001,1.9996,2.0461,2.0922,2.1169000000000002,2.1427,2.1807000000000003,2.2126,2.2467,2.2664,2.2958000000000003,2.3351,2.3681,2.4056,2.4545,2.4958,2.5101,2.5597000000000003,2.5843000000000003,2.6198,2.6551,2.6815,2.7148000000000003,2.7637,2.7982,2.8476000000000004,2.8946,2.9622,2.9886,3.0161000000000002,3.0735,3.1161000000000003,3.1634,3.2047000000000003,3.2456,3.2778,3.3088,3.3431,3.3728000000000002,3.4054,3.4509000000000003,3.5123,3.5437000000000003,3.5936000000000003,3.6451000000000002,3.692,3.734,3.7618,3.7848,3.8070000000000004,3.8328,3.859,3.8819000000000004,3.9271000000000003,3.9495,3.9742,4.0182,4.0565,4.1093,4.1456,4.1954,4.2211,4.2668,4.290900000000001,4.3221,4.3639,4.4049000000000005,4.4510000000000005,4.4781,4.5251,4.5559,4.609100000000001,4.6494,4.676,4.7088,4.7557,4.8044,4.8662,4.9019,4.9391,4.988
6128:0.0216,0.042800000000000005,0.0782,0.08800000000000001,0.1173,0.1563,0.1744,0.1961,0.2109,0.2401,0.2474,0.2553,0.273,0.3015,0.32680000000000003,0.33440000000000003,0.3609,0.36970000000000003,0.3917,0.4033,0.4294,0.4369,0.4635,0.4909,0.5026,0.5202,0.55,0.5591,0.5883,0.6113000000000001,0.6344000000000001,0.6453,0.6692,0.6900000000000001,0.7227,0.7417,0.7636000000000001,0.7905000000000001,0.8116,0.8397,0.8658,0.8804000000000001,0.9098,0.9187000000000001,0.9420000000000001,0.9652000000000001,0.9824,1.0011,1.0179,1.0408,1.0604,1.0791,1.1102,1.1182,1.1436,1.1734,1.1931,1.2148,1.2448000000000001,1.272,1.2828000000000002,1.3075,1.3207,1.3408,1.3777000000000001,1.4085,1.4277,1.4406,1.467,1.4832,1.5143,1.5284,1.5623,1.5752000000000002,1.6039,1.6325,1.6416000000000002,1.6685,1.6878000000000002,1.7072,1.7264000000000002,1.7583,1.7683,1.7984,1.8106,1.8378,1.8664,1.8956000000000002,1.9018000000000002,1.9286,1.9484000000000001,1.9644000000000001,1.9731,2.0021,2.0298000000000003,2.0418000000000003,2.0628,2.0925000000000002,2.1119,2.1378,2.1579,2.1991,2.2149,2.2418,2.2631,2.2865,2.3089,2.3263000000000003,2.3486000000000002,2.3733,2.3803,2.3877,2.4164000000000003,2.4409,2.4568000000000003,2.4799,2.4845,2.5092000000000003,2.5255,2.5421,2.5613,2.5808,2.5932,2.6151,2.6418,2.65,2.665,2.6816,2.6876,2.7157,2.7359,2.7545,2.7606,2.7895000000000003,2.8174,2.8336,2.8641,2.8704,2.8948,2.9108,2.9385000000000003,2.9496,2.9713000000000003,2.9795000000000003,3.0035000000000003,3.0114,3.0171,3.0497,3.0717000000000003,3.0922,3.1087000000000002,3.1339,3.1630000000000003,3.1715,3.2035,3.2138,3.2307,3.2581,3.2718000000000003,3.3040000000000003,3.3289,3.3432,3.3751,3.3878000000000004,3.4099000000000004,3.4168000000000003,3.4487,3.4771,3.4984,3.5085,3.5264,3.5515000000000003,3.5587,3.5891,3.608,3.6268000000000002,3.6441000000000003,3.6823,3.7022000000000004,3.7167000000000003,3.7430000000000003,3.7507,3.7679,3.7867,3.8018,3.8204000000000002,3.8312000000000004,3.8576,3.8784,3.8992,3.9245,3.9321,3.9518,3.9806000000000004,3.9871000000000003,3.9924000000000004,4.0097000000000005,4.0344,4.0427,4.0687,4.0946,4.1191,4.1411,4.1655,4.1928,4.2138,4.2362,4.2582,4.2673000000000005,4.2944,4.3163,4.3415,4.3585,4.3701,4.3956,4.4114,4.4413,4.458200000000001,4.4855,4.5003,4.5279,4.5497000000000005,4.5815,4.5964,4.6142,4.6424,4.6718,4.7068,4.7187,4.7367,4.7649,4.781000000000001,4.8096000000000005,4.8318,4.8505,4.8641000000000005,4.896,4.9112,4.9362,4.9554,4.9815000000000005,4.9889
6155:0.0781,0.1637,0.218,0.3262,0.37670000000000003,0.457,0.5347000000000001,0.5878,0.6373,0.6696000000000001,0.7007,0.7609,0.7844,0.8087000000000001,0.8201,0.8511000000000001,0.902,0.9321,1.0184,1.0669,1.1573,1.2311,1.3848,1.4205,1.4592,1.4815,1.5451000000000001,1.5609000000000002,1.5982,1.6166,1.6494,1.6651,1.6895,1.7141000000000002,1.7721,1.7971000000000001,1.846,1.9686000000000001,2.0180000000000002,2.0339,2.0824000000000003,2.1253,2.2072000000000003,2.2194000000000003,2.2495000000000003,2.2755,2.2898,2.3240000000000003,2.3647,2.47,2.5763000000000003,2.6124,2.6286,2.6898,2.6994000000000002,2.7223,2.7347,2.7898,2.8308,2.8624,2.8989000000000003,2.9233000000000002,2.9344,3.0433000000000003,3.0804,3.132,3.1689000000000003,3.1818,3.2601,3.2741000000000002,3.2907,3.3444000000000003,3.3986,3.4857,3.5531,3.6037000000000003,3.6455,3.8107,3.8259000000000003,3.8869000000000002,3.9040000000000004,3.9371,4.0295000000000005,4.0947000000000005,4.1193,4.188000000000001,4.244800000000001,4.279100000000001,4.3189,4.3551,4.3699,4.45,4.4602,4.51,4.5361,4.6223,4.7211,4.7853,4.824,4.846,4.9028,4.9326
7345:0.0396,0.0813,0.20470000000000002,0.3336,0.36760000000000004,0.4948,0.5527000000000001,0.6341,0.7264,0.912,1.0011,1.0794000000000001,1.1177000000000001,1.2157,1.2785,1.3177,1.3791,1.4709,1.5636,1.6028,1.6892,1.7173,1.8051000000000001,1.969,2.2027,2.5058000000000002,2.6555,2.6830000000000003,2.7567,2.8673,2.8948,2.9445,2.9743,3.0101,3.1667,3.2253000000000003,3.3038000000000003,3.383,3.4152,3.5029000000000003,3.6104000000000003,3.7453000000000003,3.8230000000000004,3.9269000000000003,4.0034,4.0415,4.0891,4.1276,4.2622,4.3638,4.8115000000000006
7712:0.0483,0.10200000000000001,0.1622,0.2467,0.2775,0.2959,0.3738,0.4098,0.443,0.4622,0.5818,0.6173000000000001,0.6743,0.7013,0.7558,0.8108000000000001,0.8448,0.9067000000000001,0.9478000000000001,0.9923000000000001,1.0511000000000001,1.0753000000000001,1.1769,1.2035,1.2806,1.3266,1.3787,1.4041000000000001,1.4609,1.5602,1.5987,1.6611,1.7056,1.7356,1.7873,1.8820000000000001,1.949,2.0,2.0362,2.1021,2.1781,2.2196000000000002,2.2542,2.3051,2.3535,2.4058,2.4374000000000002,2.4712,2.5358,2.6347,2.6774,2.7039,2.7458,2.8286000000000002,2.8826,2.9135,2.9871000000000003,3.0306,3.0832,3.1364,3.1699,3.2183,3.3002000000000002,3.3445,3.3978,3.4187000000000003,3.486,3.5141,3.5406,3.6225,3.6616,3.7092,3.7568,3.8124000000000002,3.846,3.8807,3.8989000000000003,4.0040000000000004,4.0647,4.123,4.1829,4.228000000000001,4.2802,4.3101,4.337400000000001,4.3726,4.4495000000000005,4.5051000000000005,4.5356000000000005,4.5858,4.6646,4.7213,4.8192,4.8875,4.975700000000001
8127:0.07640000000000001,0.38220000000000004,0.4751,0.5355,0.6099,0.7055,0.8986000000000001,0.9722000000000001,1.427,1.6101,1.6534,1.8464,2.1336,2.2758000000000003,2.6307,2.6478,2.7344,3.1395,3.6246,3.8266,3.8473,4.1276,4.2979,4.335,4.54,4.8372,4.9469
8337:0.0316,0.0751,0.1406,0.19260000000000002,0.23340000000000002,0.2687,0.3259,0.3594,0.3845,0.4076,0.4535,0.4948,0.5307000000000001,0.5544,0.5936,0.6301,0.6638000000000001,0.7188,0.7562,0.8077000000000001,0.8711000000000001,0.9076000000000001,0.9381,0.9677,0.9906,1.0335,1.0735000000000001,1.1188,1.1643000000000001,1.1925000000000001,1.2471,1.2978,1.3217,1.3659000000000001,1.4248,1.4666000000000001,1.5166000000000002,1.5651000000000002,1.6003,1.6431,1.6816,1.7515,1.7956,1.8339,1.8733000000000002,1.9215,1.9598,1.9842000000000002,2.0316,2.0674,2.1137,2.1554,2.2037,2.2372,2.2844,2.322,2.3621000000000003,2.4105000000000003,2.4508,2.4782,2.5068,2.5355000000000003,2.579,2.6077,2.6482,2.6712000000000002,2.6997,2.7307,2.7569000000000004,2.8212,2.8652,2.9269000000000003,2.9593000000000003,2.9867000000000004,3.0155000000000003,3.048,3.0847,3.1481000000000003,3.1847000000000003,3.2227,3.2619000000000002,3.3064,3.3398000000000003,3.3828,3.4099000000000004,3.4422,3.4707000000000003,3.5041,3.5444,3.5701,3.6108000000000002,3.6425,3.6980000000000004,3.7377000000000002,3.7696,3.8007,3.8548,3.8954,3.9273000000000002,3.9684000000000004,4.0036000000000005,4.0308,4.062,4.1088000000000005,4.1496,4.1894,4.2312,4.2614,4.2926,4.3357,4.3617,4.407,4.4709,4.5183,4.5523,4.595400000000001,4.6408000000000005,4.6856,4.7316,4.7683,4.8081000000000005,4.8388,4.8623,4.9077,4.9341,4.9855
8931:0.31470000000000004,0.38370000000000004,0.5912000000000001,0.6938000000000001,0.8155,2.9255,3.1749,3.2891000000000004,3.4775,4.1075,4.293200000000001,4.7887,4.921600000000001
9033:0.1101,0.2837,0.35750000000000004,0.5505,0.6095,0.7276,0.8188000000000001,0.8851,1.0592000000000001,1.1378000000000001,1.2135,1.2853,1.3866,1.5022,1.6224,1.6956,1.9077000000000002,2.1284,2.2731,2.4628,2.5357000000000003,2.7011000000000003,2.7798000000000003,2.9796,3.2362,3.2877,3.7840000000000003,3.9530000000000003,4.1054,4.1662,4.220400000000001,4.377,4.4632000000000005,4.6574,4.980700000000001
9313:0.0152,0.0378,0.0695,0.0775,0.10160000000000001,0.114,0.1432,0.15330000000000002,0.19390000000000002,0.23440000000000003,0.2741,0.2813,0.2954,0.32370000000000004,0.3457,0.3613,0.38520000000000004,0.4278,0.4531,0.4717,0.4803,0.49000000000000005,0.5176000000000001,0.5477000000000001,0.5842,0.6008,0.6086,0.6384000000000001,0.6692,0.6856,0.7175,0.7326,0.7826000000000001,0.8066,0.8278000000000001,0.8584,0.8675,0.8746,0.8974000000000001,0.9088,0.9412,0.9792000000000001,0.9975,1.0303,1.0394,1.0526,1.078,1.1037000000000001,1.1119,1.129,1.1731,1.1919,1.2032,1.2102000000000002,1.2338,1.245,1.2592,1.2674,1.3045,1.3668,1.3745,1.4017000000000002,1.4092,1.4248,1.4598,1.4777,1.498,1.5070000000000001,1.5202,1.5269000000000001,1.5493000000000001,1.5609000000000002,1.6041,1.615,1.6246,1.6600000000000001,1.6862000000000001,1.7073,1.7441,1.7569000000000001,1.8026,1.8325,1.8845,1.8935000000000002,1.9223000000000001,1.9406,1.9622000000000002,1.9848000000000001,1.9995,2.0420000000000003,2.0528,2.1007000000000002,2.1097,2.1239,2.1377,2.1514,2.1586000000000003,2.1693000000000002,2.1834000000000002,2.2002,2.2117,2.2363,2.2553,2.2832,2.3001,2.3455,2.4191000000000003,2.4382,2.4549000000000003,2.4686,2.507,2.5242,2.5421,2.5556,2.5743,2.5899,2.6167000000000002,2.6228000000000002,2.6388000000000003,2.6716,2.682,2.689,2.6996,2.753,2.7840000000000003,2.8057000000000003,2.8155,2.8342,2.8423000000000003,2.8557,2.8638000000000003,2.8902,2.9353000000000002,2.9454000000000002,2.9682,3.0393000000000003,3.0506,3.0582000000000003,3.0700000000000003,3.0933,3.1062000000000003,3.1411000000000002,3.1551,3.1818,3.1928,3.2051000000000003,3.2350000000000003,3.2472000000000003,3.2753,3.29,3.3012,3.3179000000000003,3.3304,3.3411,3.3609,3.3756000000000004,3.387,3.4104,3.4450000000000003,3.4671000000000003,3.4971,3.5471000000000004,3.5868,3.6046,3.6231,3.6464000000000003,3.6597000000000004,3.6799000000000004,3.7034000000000002,3.7124,3.7433,3.7868000000000004,3.8014,3.8157,3.8532,3.8624,3.8760000000000003,3.9225000000000003,3.9426,3.9751000000000003,4.061,4.0686,4.0918,4.1196,4.1334,4.156000000000001,4.1657,4.1797,4.2085,4.2243,4.2575,4.2897,4.3033,4.3102,4.3329,4.3552,4.369800000000001,4.3857,4.4394,4.4722,4.4809,4.5284,4.5423,4.5726,4.5818,4.6173,4.6289,4.637700000000001,4.653300000000001,4.667,4.7039,4.7431,4.758500000000001,4.7807,4.793200000000001,4.8024000000000004,4.8127,4.8231,4.8379,4.8491,4.8749,4.8909,4.9432,4.9832
9402:0.056600000000000004,0.08410000000000001,0.1158,0.1605,0.20090000000000002,0.2389,0.2669,0.2908,0.3332,0.35600000000000004,0.3916,0.4309,0.4646,0.5019,0.5358,0.5690000000000001,0.6005,0.629,0.6491,0.6776,0.7051000000000001,0.7354,0.7631,0.8123,0.8363,0.8643000000000001,0.8951,0.9076000000000001,0.9301,0.9740000000000001,1.0215,1.0552000000000001,1.0838,1.1466,1.1908,1.2275,1.2685,1.3221,1.3656000000000001,1.3956000000000002,1.4207,1.4627000000000001,1.5095,1.5358,1.5618,1.5977000000000001,1.6452,1.6656,1.6958,1.7335,1.768,1.8112000000000001,1.8517000000000001,1.9313,1.9707000000000001,2.011,2.0415,2.0718,2.1129000000000002,2.1476,2.1995,2.2287,2.2618,2.2956000000000003,2.3306,2.3639,2.3988,2.4331,2.4683,2.5165,2.5271,2.5623,2.5921000000000003,2.6161000000000003,2.6344000000000003,2.6782,2.7071,2.7375000000000003,2.7723,2.8415,2.8806000000000003,2.9164000000000003,2.9373,2.9777,3.0367,3.056,3.1006,3.1394,3.1688,3.1959,3.2403,3.2716000000000003,3.2968,3.3401,3.3695,3.3882000000000003,3.4187000000000003,3.462,3.4957000000000003,3.5438,3.5973,3.6468000000000003,3.6733000000000002,3.7078,3.7334,3.785,3.8241,3.8548,3.8841,3.9133,3.9446000000000003,3.9936000000000003,4.04,4.0697,4.1006,4.1282000000000005,4.1624,4.1909,4.2226,4.2724,4.305400000000001,4.3379,4.3688,4.4351,4.4589,4.5065,4.5274,4.5776,4.6178,4.6652000000000005,4.7116,4.7455,4.7827,4.8136,4.8322,4.8731,4.8988000000000005,4.9402,4.989
9455:0.3901,0.6012000000000001,2.9358,2.9928000000000003,3.1881
9496:0.025900000000000003,0.0494,0.0745,0.1017,0.1302,0.1505,0.1845,0.1995,0.2394,0.263,0.2782,0.3042,0.327,0.34890000000000004,0.38070000000000004,0.4086,0.4258,0.4418,0.4646,0.4771,0.49810000000000004,0.5379,0.5634,0.5914,0.6109,0.6433,0.6741,0.6934,0.7152000000000001,0.7349,0.7837000000000001,0.8094,0.8410000000000001,0.8594,0.8742000000000001,0.8874000000000001,0.9152,0.9484,0.9699000000000001,0.9843000000000001,1.0007000000000001,1.0336,1.0526,1.0794000000000001,1.1102,1.1321,1.1724,1.1916,1.2092,1.2406000000000001,1.2587000000000002,1.2814,1.3053000000000001,1.3285,1.345,1.3742,1.407,1.4328,1.4553,1.475,1.4968000000000001,1.5258,1.5504,1.5938,1.6139000000000001,1.637,1.6620000000000001,1.6868,1.7097,1.7404000000000002,1.7616,1.7965,1.8323,1.8473000000000002,1.8731,1.8925,1.9126,1.9436,1.9686000000000001,1.9931,2.0206,2.039,2.0574,2.0995,2.1168,2.136,2.1605000000000003,2.1879,2.2072000000000003,2.2413000000000003,2.2572,2.2827,2.306,2.3288,2.3626,2.4111000000000002,2.4233000000000002,2.4494000000000002,2.4671000000000003,2.507,2.5273000000000003,2.5484,2.5723000000000003,2.603,2.6319,2.6542000000000003,2.668,2.6913,2.7092,2.7473,2.7741000000000002,2.8107,2.835,2.8544,2.8706,2.9025000000000003,2.9268,2.9518,2.9718,2.9906,3.0144,3.0385,3.0612000000000004,3.0888,3.1146000000000003,3.1426000000000003,3.1586000000000003,3.1798,3.1952000000000003,3.2153,3.2369000000000003,3.2613000000000003,3.2804,3.3044000000000002,3.3171,3.3506,3.3884000000000003,3.4058,3.4168000000000003,3.4477,3.4759,3.4992,3.5228,3.5410000000000004,3.5684,3.5842,3.6099,3.6282,3.6488,3.6663,3.692,3.7086,3.748,3.7754000000000003,3.7916000000000003,3.8209,3.8422,3.8617000000000004,3.8763,3.898,3.9162000000000003,3.9431000000000003,3.9772000000000003,4.0023,4.0328,4.0563,4.091600000000001,4.1168000000000005,4.136,4.1596,4.1966,4.213900000000001,4.2465,4.262300000000001,4.292800000000001,4.305400000000001,4.3283000000000005,4.345400000000001,4.3737,4.413600000000001,4.4458,4.4767,4.505,4.5294,4.5597,4.5862,4.6123,4.6353,4.6511000000000005,4.6756,4.6947,4.7287,4.7529,4.7797,4.8101,4.8241000000000005,4.8547,4.881600000000001,4.9158,4.944,4.9731000000000005
9792:0.0839,0.20850000000000002,0.26030000000000003,0.3171,0.3662,0.4338,0.48910000000000003,0.6681,0.8512000000000001,0.91,1.0257,1.082,1.1831,1.2526000000000002,1.3127,1.363,1.4757,1.5607,1.6545,1.729,1.8503,1.9677,2.0489,2.1548000000000003,2.1989,2.2591,2.325,2.4073,2.4758,2.5538000000000003,2.5894,2.6867,2.7923,2.8725,3.0494000000000003,3.1472,3.2203,3.2503,3.3054,3.3529,3.4471000000000003,3.491,3.7018,3.8187,3.8527,3.9023000000000003,3.946,4.0333000000000006,4.1189,4.1599,4.2347,4.3061,4.4471,4.6554,4.7168,4.7877,4.8343,4.8907
10209:0.0016,0.0051,0.0143,0.0345,0.0378,0.04,0.045000000000000005,0.0514,0.0538,0.059500000000000004,0.0601,0.062,0.0819,0.0847,0.0883,0.11910000000000001,0.1317,0.1321,0.1342,0.1477,0.1539,0.1658,0.1716,0.1847,0.1898,0.2036,0.2406,0.2523,0.2758,0.279,0.27990000000000004,0.28090000000000004,0.2833,0.29700000000000004,0.2972,0.3146,0.31720000000000004,0.33330000000000004,0.3337,0.33840000000000003,0.3435,0.34390000000000004,0.3517,0.36100000000000004,0.3647,0.371,0.40790000000000004,0.4167,0.4184,0.4187,0.4212,0.4227,0.42350000000000004,0.4324,0.44670000000000004,0.45020000000000004,0.4667,0.4753,0.4802,0.4863,0.48900000000000005,0.4892,0.499,0.5043,0.5101,0.5177,0.5324,0.5527000000000001,0.5565,0.5599000000000001,0.5690000000000001,0.5816,0.5878,0.5898,0.609,0.6143000000000001,0.6167,0.62,0.6231,0.6288,0.6303000000000001,0.6307,0.6342,0.6348,0.6373,0.6451,0.6499,0.6777000000000001,0.6783,0.6821,0.6950000000000001,0.6995,0.7063,0.7135,0.7256,0.7261000000000001,0.735,0.743,0.7479,0.756,0.7595000000000001,0.7607,0.7677,0.7724000000000001,0.7745000000000001,0.7789,0.7792,0.782,0.7885000000000001,0.7953,0.7961,0.8059000000000001,0.8068000000000001,0.8193,0.8221,0.8262,0.8314,0.8389000000000001,0.8398,0.8531000000000001,0.8551000000000001,0.8558,0.8565,0.8604,0.8628,0.8659,0.8696,0.8746,0.8792000000000001,0.8834000000000001,0.8839,0.8888,0.902,0.919,0.9197000000000001,0.9202,0.9221,0.9295,0.9347000000000001,0.9444,0.9615,0.9754,0.9802000000000001,0.9827,0.9879,0.9885,0.9891000000000001,0.9984000000000001,1.0045,1.0071,1.0083,1.0133,1.0291000000000001,1.0338,1.0438,1.067,1.075,1.0876000000000001,1.0982,1.1069,1.1203,1.1264,1.129,1.1407,1.1515,1.1532,1.1542000000000001,1.1563,1.1572,1.1586,1.1635,1.1893,1.1917,1.2006000000000001,1.2115,1.2133,1.2166000000000001,1.2184000000000001,1.22,1.2205000000000001,1.2249,1.2276,1.2302,1.2308000000000001,1.2367000000000001,1.2475,1.2524,1.2527000000000001,1.2641,1.2701,1.2736,1.2750000000000001,1.2803,1.2936,1.2977,1.3068,1.3107,1.3222,1.3228,1.3273000000000001,1.3501,1.3584,1.3618000000000001,1.3621,1.3752,1.3823,1.4002000000000001,1.4037000000000002,1.4042000000000001,1.4117000000000002,1.4161000000000001,1.4193,1.4257,1.4286,1.4392,1.4462000000000002,1.4562000000000002,1.4564000000000001,1.4761,1.4786000000000001,1.4914,1.4978,1.4988000000000001,1.5087000000000002,1.5138,1.5150000000000001,1.5159,1.5245,1.5269000000000001,1.5346,1.5497,1.556,1.5583,1.5607,1.5790000000000002,1.5803,1.5875000000000001,1.6021,1.6042,1.6085,1.6128,1.6208,1.623,1.6257000000000001,1.6315000000000002,1.633,1.6354000000000002,1.651,1.6678000000000002,1.6691,1.6839000000000002,1.685,1.6881000000000002,1.6986,1.7062000000000002,1.7068,1.7073,1.7191,1.7249,1.7307000000000001,1.7434,1.7579,1.7607000000000002,1.7771000000000001,1.7784,1.7915,1.8099,1.8123,1.8153000000000001,1.8370000000000002,1.8375000000000001,1.8401,1.8654000000000002,1.8674000000000002,1.8753000000000002,1.8767,1.8784,1.8800000000000001,1.8858000000000001,1.8956000000000002,1.9037000000000002,1.9073,1.9098000000000002,1.9255,1.9325,1.9363000000000001,1.9391,1.9437,1.9489,1.9548,1.9669,1.9773,1.997,1.9982000000000002,2.0187,2.0197000000000003,2.0241000000000002,2.0259,2.0294000000000003,2.0367,2.0475000000000003,2.0569,2.0652,2.0752,2.0799000000000003,2.0817,2.084,2.0865,2.0952,2.0955,2.0997,2.1047000000000002,2.1068000000000002,2.1275,2.1343,2.1376,2.1462,2.1684,2.172,2.1727000000000003,2.1738,2.1803,2.1855,2.1945,2.2136,2.2261,2.2267,2.2484,2.2588,2.2644,2.2808,2.2861000000000002,2.2894,2.2904,2.2974,2.3021000000000003,2.3577,2.3697,2.3716,2.3761,2.4016,2.403,2.4229000000000003,2.4251,2.4317,2.4333,2.4347000000000003,2.4399,2.4426,2.4466,2.4494000000000002,2.4596,2.466,2.4727,2.4848,2.4855,2.4867,2.4935,2.4982,2.5029,2.508,2.5088,2.5172000000000003,2.5176000000000003,2.5345,2.5404,2.5582000000000003,2.567,2.5932,2.6077,2.6081000000000003,2.6099,2.6108000000000002,2.6140000000000003,2.6453,2.6526,2.6594,2.6608,2.6639,2.6702,2.672,2.6829,2.6863,2.6948000000000003,2.7022,2.7233,2.7236000000000002,2.7263,2.7285,2.7413000000000003,2.7427,2.7465,2.7546,2.7561,2.7593,2.7698,2.7732,2.7752000000000003,2.7766,2.7773000000000003,2.7782,2.783,2.7886,2.7976,2.8005,2.8101000000000003,2.8134,2.8205,2.8235,2.8373,2.8389,2.8408,2.8431,2.8441,2.8527,2.857,2.8593,2.8651,2.8774,2.8802000000000003,2.8947000000000003,2.895,2.8968000000000003,2.9051,2.9228,2.9282000000000004,2.9304,2.9330000000000003,2.9349000000000003,2.9368000000000003,2.9455,2.9465000000000003,2.9493,2.9516,2.952,2.9538,2.9584,2.9605,2.9786,2.9829000000000003,3.0014000000000003,3.0208,3.0221,3.0236,3.0247,3.0286,3.0307,3.0374000000000003,3.0386,3.0498000000000003,3.0594,3.084,3.0854000000000004,3.0986000000000002,3.1027,3.1066000000000003,3.1284,3.1312,3.1329000000000002,3.1361000000000003,3.1397,3.1412,3.1538,3.1571000000000002,3.1660000000000004,3.1713,3.1724,3.1733000000000002,3.1739,3.1915,3.1933000000000002,3.2038,3.2155,3.2351,3.2389,3.2401,3.2813000000000003,3.2879,3.2887,3.293,3.3008,3.3025,3.3126,3.3232000000000004,3.3241,3.3255000000000003,3.3423000000000003,3.3566000000000003,3.3581000000000003,3.3596000000000004,3.3915,3.3919,3.3969,3.4036,3.4116,3.415,3.4244000000000003,3.4254000000000002,3.4301000000000004,3.4327,3.4376,3.4524000000000004,3.4652000000000003,3.4803,3.4810000000000003,3.4895,3.4911000000000003,3.4919000000000002,3.4945000000000004,3.4998,3.5038,3.5043,3.508,3.5117000000000003,3.5265,3.5301,3.5322,3.5502000000000002,3.5687,3.587,3.603,3.6036,3.6052,3.6060000000000003,3.6111,3.6114,3.6164,3.6166,3.6182000000000003,3.6198,3.6397000000000004,3.6507,3.6512000000000002,3.6630000000000003,3.668,3.669,3.6738,3.6747,3.6802,3.6859,3.6977,3.701,3.7023,3.7041000000000004,3.7157,3.7204,3.7251000000000003,3.7288,3.7348000000000003,3.7358000000000002,3.7430000000000003,3.7512000000000003,3.7571000000000003,3.7622,3.7784,3.7826,3.7858,3.8199,3.821,3.8322000000000003,3.8334,3.8528000000000002,3.8616,3.8622,3.8763,3.8782,3.8831,3.8915,3.895,3.9102,3.9153000000000002,3.9273000000000002,3.9400000000000004,3.9413,3.9549000000000003,3.9718,3.9748,3.9757000000000002,3.9796,3.9888000000000003,3.9939,4.0129,4.0162,4.0378,4.0488,4.0536,4.0543000000000005,4.0673,4.0685,4.0749,4.0823,4.0849,4.0898,4.0925,4.0938,4.097300000000001,4.0999,4.1051,4.1056,4.1201,4.1227,4.1421,4.1449,4.1521,4.1546,4.1557,4.1626,4.1787,4.180400000000001,4.181,4.190300000000001,4.2109000000000005,4.2248,4.2408,4.2553,4.2584,4.2692000000000005,4.2808,4.2846,4.2861,4.2873,4.2924,4.2940000000000005,4.294700000000001,4.2953,4.3017,4.3093,4.319100000000001,4.3323,4.338,4.3391,4.3421,4.352,4.3546000000000005,4.3693,4.3708,4.38,4.3841,4.3913,4.393400000000001,4.3971,4.4017,4.407,4.4148000000000005,4.4334,4.4336,4.4398,4.4416,4.4439,4.4466,4.447900000000001,4.4482,4.4510000000000005,4.4548000000000005,4.4635,4.4756,4.490600000000001,4.4992,4.5035,4.5139000000000005,4.5469,4.5571,4.5587,4.5642000000000005,4.5756000000000006,4.5763,4.5795,4.5829,4.5868,4.5904,4.597,4.5986,4.6031,4.6071,4.6096,4.629300000000001,4.6299,4.6322,4.6374,4.6426,4.656000000000001,4.6574,4.6666,4.6723,4.679,4.697,4.7135,4.715800000000001,4.7173,4.7231000000000005,4.7234,4.726,4.7498000000000005,4.7587,4.7618,4.7649,4.777,4.7925,4.8158,4.8239,4.8246,4.8379,4.8632,4.8645000000000005,4.8771,4.8909,4.896100000000001,4.9179,4.9217,4.925800000000001,4.9276,4.9317,4.9337,4.941400000000001,4.942200000000001,4.945600000000001,4.949,4.9594000000000005,4.964300000000001,4.9673,4.9698,4.9701,4.976,4.9908
10333:0.0284,0.0688,0.11080000000000001,0.15860000000000002,0.18660000000000002,0.2101,0.2419,0.2691,0.30610000000000004,0.33130000000000004,0.3572,0.38280000000000003,0.40590000000000004,0.4491,0.4879,0.5171,0.5479,0.5887,0.6278,0.6578,0.6857000000000001,0.7203,0.7469,0.7998000000000001,0.8356,0.8717,0.9002,0.9223,0.9522,0.9744,0.9964000000000001,1.0278,1.0563,1.0848,1.1175000000000002,1.1500000000000001,1.183,1.2107,1.2479,1.2761,1.3044,1.3314000000000001,1.3637000000000001,1.4040000000000001,1.4337,1.464,1.4951,1.5222,1.5602,1.594,1.6252,1.6492,1.6818000000000002,1.7160000000000002,1.7536,1.7879,1.8292000000000002,1.8638000000000001,1.8952,1.9306,1.9594,1.9834,2.0297,2.0564,2.0895,2.1169000000000002,2.1546000000000003,2.1987,2.2194000000000003,2.2574,2.2845,2.3136,2.3438000000000003,2.3733,2.411,2.4455,2.4656000000000002,2.4997000000000003,2.5213,2.5444,2.5751,2.6067,2.64,2.6612,2.6827,2.7138,2.7413000000000003,2.7637,2.8032,2.8299000000000003,2.8606000000000003,2.8835,2.9256,2.9517,2.9748,3.0013,3.0405,3.0707,3.0966,3.1269,3.1602,3.1856,3.218,3.2436000000000003,3.2699000000000003,3.3044000000000002,3.3385000000000002,3.3728000000000002,3.398,3.4188,3.4468,3.4935,3.5209,3.5502000000000002,3.5827,3.611,3.6391,3.6861,3.716,3.7454,3.7701000000000002,3.7974,3.8531,3.8901000000000003,3.915,3.9357,3.9704,3.9924000000000004,4.0227,4.0415,4.0683,4.101100000000001,4.1241,4.1571,4.1906,4.2222,4.2481,4.2854,4.3127,4.3447000000000005,4.3895,4.4158,4.4524,4.4821,4.5178,4.5515,4.5856,4.611400000000001,4.6653,4.7058,4.7318,4.766,4.8013,4.8311,4.8545,4.8813,4.914000000000001,4.9489,4.9829
10636:0.3387,0.37420000000000003,0.9177000000000001,1.0096,1.2865,1.3254000000000001,2.2196000000000002,2.6889000000000003,2.7612,2.8735,2.9795000000000003,3.0162,3.1771000000000003,3.3877,3.5096000000000003,3.7523,3.9331,4.0074000000000005,4.0951,4.2692000000000005
10972:2.9116,3.4288000000000003
11082:0.0112,0.0292,0.0422,0.0693,0.0777,0.0835,0.10250000000000001,0.1092,0.12090000000000001,0.1418,0.1549,0.1605,0.1836,0.1877,0.1953,0.2152,0.22160000000000002,0.2391,0.2521,0.2745,0.28090000000000004,0.29710000000000003,0.3123,0.32,0.3316,0.3563,0.377,0.4002,0.4244,0.438,0.4504,0.45570000000000005,0.48360000000000003,0.4959,0.5017,0.5158,0.5381,0.5562,0.5667,0.5857,0.6018,0.6137,0.6333000000000001,0.6635,0.6713,0.6872,0.7134,0.7427,0.7557,0.7609,0.7799,0.7848,0.803,0.8135,0.8301000000000001,0.8485,0.8659,0.875,0.894,0.9105000000000001,0.9254,0.9458000000000001,0.9580000000000001,0.9818,0.9956,0.999,1.0177,1.0343,1.0504,1.0621,1.0814000000000001,1.0991,1.1208,1.1341,1.1572,1.1735,1.1892,1.2035,1.2231,1.2277,1.2396,1.2547000000000001,1.2701,1.2891000000000001,1.3014000000000001,1.3144,1.3355000000000001,1.3596000000000001,1.3693,1.3817000000000002,1.4043,1.4111,1.4174,1.4348,1.4529,1.477,1.4945000000000002,1.5109000000000001,1.5158,1.5464,1.5595,1.5845,1.6007,1.6171,1.6303,1.6633,1.6738000000000002,1.6891,1.7098,1.728,1.7431,1.7610000000000001,1.7888000000000002,1.7964,1.8127,1.8190000000000002,1.8334000000000001,1.8553000000000002,1.8734000000000002,1.8906,1.9077000000000002,1.9434,1.9663000000000002,1.989,2.008,2.0249,2.0445,2.057,2.0794,2.0844,2.1032,2.1159,2.1308000000000002,2.1459,2.1679,2.1782,2.1997,2.2113,2.2324,2.25,2.2555,2.2822,2.287,2.2985,2.3188,2.3468,2.3521,2.3712,2.3906,2.4107000000000003,2.4192,2.4253,2.4468,2.4634,2.487,2.4956,2.5101,2.5315000000000003,2.5452,2.5511,2.5719000000000003,2.5956,2.6045000000000003,2.6121000000000003,2.6312,2.6371,2.6511,2.6597,2.6722,2.6793,2.6956,2.7085000000000004,2.7292,2.7369000000000003,2.7548,2.7800000000000002,2.7866,2.7916000000000003,2.8078000000000003,2.8274000000000004,2.8322000000000003,2.8494,2.8568000000000002,2.8848000000000003,2.8969,2.9048000000000003,2.9166000000000003,2.9324000000000003,2.9528000000000003,2.9672,2.9923,2.9986,3.0188,3.031,3.0456000000000003,3.0658000000000003,3.0742000000000003,3.0966,3.1036,3.1228000000000002,3.1513,3.1634,3.1792000000000002,3.1974,3.2132,3.2373000000000003,3.2454,3.253,3.2712000000000003,3.2877,3.2926,3.3000000000000003,3.3216,3.3348,3.3418,3.3582,3.3798000000000004,3.3972,3.4169,3.4382,3.4435000000000002,3.4656000000000002,3.4864,3.5103,3.5170000000000003,3.5375,3.5607,3.5686,3.5931,3.6028000000000002,3.6235000000000004,3.6348000000000003,3.6431,3.6611000000000002,3.6871,3.7014,3.7125000000000004,3.7344000000000004,3.7518000000000002,3.7672000000000003,3.7959,3.8009000000000004,3.8206,3.8256,3.8444000000000003,3.855,3.8633,3.8805,3.9026,3.9111000000000002,3.9293,3.9453,3.9585000000000004,3.9746,3.9971,4.024,4.029,4.0483,4.058800000000001,4.0894,4.0951,4.1122000000000005,4.1305000000000005,4.1521,4.1753,4.1894,4.2122,4.2292000000000005,4.2456000000000005,4.2681000000000004,4.2734000000000005,4.280600000000001,4.3036,4.3152,4.33,4.3378000000000005,4.3495,4.3677,4.3983,4.4177,4.4307,4.4492,4.4548000000000005,4.4733,4.487,4.505,4.5262,4.551,4.5678,4.5764000000000005,4.5955,4.6016,4.6089,4.6235,4.6386,4.655600000000001,4.6756,4.6926000000000005,4.7106,4.7262,4.7384,4.7553,4.7775,4.7861,4.8025,4.8147,4.8499,4.867900000000001,4.8832,4.8891,4.9036,4.9268,4.9353,4.962400000000001,4.9824
11493:1.3438,1.6067,1.6511,2.072,2.4974000000000003,2.8695,3.0116,3.4151000000000002,3.6298000000000004,3.8028000000000004,4.2613,4.4111,4.7192,4.9009
11507:0.11610000000000001,0.1938,0.23970000000000002,0.3734,0.4289,0.5578000000000001,0.6206,0.7073,0.8461000000000001,0.9062,0.9594,1.0608,1.1361,1.2734,1.4113,1.6226,1.7625000000000002,1.8648,1.9358000000000002,1.9883000000000002,2.104,2.1818,2.2555,2.3435,2.5022,2.5818000000000003,2.6438,2.6877,2.8000000000000003,2.9864,3.1262000000000003,3.2142,3.3035,3.3704,3.6932,3.7594000000000003,3.805,3.8577000000000004,3.9713000000000003,4.0324,4.1469000000000005,4.2189000000000005,4.2878,4.3251,4.4078,4.4663,4.5557,4.6738,4.8186,4.8802,4.9978
11645:3.0615
11744:0.1389,0.31420000000000003,0.43260000000000004,0.47690000000000005,0.8541000000000001,0.9969,1.2121,1.3064,1.4901,1.6934,2.1207000000000003,2.1596,2.2457000000000003,2.5934,2.6693000000000002,2.8277,3.2482,3.468,3.6453,3.8758000000000004,4.1792,4.293200000000001,4.6158,4.8147,4.8754
11832:0.27080000000000004,0.6337,0.8741,1.1016000000000001,3.2618,3.3661000000000003,4.3562,4.4592,4.7426,4.8118
11840:1.0199
11861:0.020200000000000003,4.4797
11917:1.232,3.0884,3.3791,4.3095,4.790900000000001
12639:0.0263,0.1027,0.1837,0.25520000000000004,0.3325,0.4302,0.5597,0.6025,0.6532,0.6971,0.8574,0.9098,1.0538,2.0437000000000003,2.1041000000000003,2.3302,2.5140000000000002,2.6390000000000002,2.6597,2.7538,3.1349,3.1915,3.2715,3.4902,3.6950000000000003,3.8608000000000002,3.9841,4.1587000000000005,4.2138,4.2526,4.3004,4.3188,4.7351,4.8124,4.9413
12708:0.11760000000000001,0.2006,0.2505,0.4289,0.5668000000000001,0.6452,0.9597,1.2755,1.4136,1.6251,1.8675000000000002,1.9901000000000002,2.1413,2.2647,2.3452,2.5032,2.5849,2.6564,2.8012,2.9887,3.1279000000000003,3.2151,3.3789000000000002,3.7601,3.8657000000000004,3.972,4.3222000000000005,4.4763,4.682300000000001,4.9032
12724:0.0303,0.0742,0.1671,0.1976,0.2432,0.29510000000000003,0.33790000000000003,0.37160000000000004,0.4177,0.45,0.4903,0.5870000000000001,0.6248,0.6726000000000001,0.7062,0.7525000000000001,0.8597,0.8948,0.9529000000000001,0.9762000000000001,1.0004,1.0553000000000001,1.1146,1.1474,1.199,1.2743,1.3047,1.3306,1.4014,1.4361000000000002,1.4681,1.4914,1.5252000000000001,1.5607,1.5978,1.6340000000000001,1.6673,1.7179,1.7850000000000001,1.826,1.8578000000000001,1.8989,1.9371,1.9711,2.0237000000000003,2.0592,2.1061,2.2156000000000002,2.2593,2.3199,2.3609,2.4172000000000002,2.4484,2.4753000000000003,2.5180000000000002,2.541,2.5879000000000003,2.6423,2.6639,2.6922,2.7225,2.7533000000000003,2.8466,2.8704,2.94,2.9806000000000004,3.0121,3.076,3.1075,3.1526,3.1765000000000003,3.2071,3.2483,3.2973000000000003,3.3844000000000003,3.4144,3.4457,3.5062,3.535,3.583,3.6211,3.6603000000000003,3.7137000000000002,3.7612,3.7942,3.8539000000000003,3.8986,3.9368000000000003,3.9702,4.0075,4.031000000000001,4.059200000000001,4.0928,4.141500000000001,4.1770000000000005,4.2198,4.2561,4.290500000000001,4.3378000000000005,4.3889000000000005,4.4698,4.5131000000000006,4.5516000000000005,4.6018,4.669700000000001,4.7005,4.7337,4.7671,4.807300000000001,4.8365,4.8643,4.9044,4.9569
12768:0.9236000000000001,1.0896000000000001,1.5979,4.0133
12822:0.0397,0.11280000000000001,0.2664,0.2884,0.42650000000000005,0.47390000000000004,0.6119,0.7151000000000001,0.8866,0.9855,1.0585,1.1911,1.2719,1.3233000000000001,1.4007,1.6358000000000001,1.7092,1.9953,2.4209,2.4709000000000003,2.5379,2.6669,2.924,3.0042,3.1522,3.4977,3.5788,3.6303,3.7042,3.8674000000000004,3.9014,4.2722,4.3129,4.3386000000000005,4.8577
12910:0.9431
13372:0.027800000000000002,0.0663,0.10700000000000001,0.16390000000000002,0.194,0.2558,0.2892,0.41200000000000003,0.4309,0.455,0.4791,0.5834,0.6239,0.6624,0.7013,0.7602,0.8078000000000001,0.8358,0.9123,0.9766,0.9954000000000001,1.0845,1.1826,1.3129,1.3625,1.3847,1.4089,1.4609,1.5196,1.5977000000000001,1.7073,1.746,1.7945,1.872,1.953,2.0126,2.0405,2.1057,2.2153,2.253,2.3091,2.4025000000000003,2.4625,2.5147,2.5504000000000002,2.6316,2.6591,2.6911,2.7473,2.8559,2.8961,2.9248000000000003,2.9954,3.032,3.0918,3.1368,3.1647000000000003,3.2116000000000002,3.2566,3.3126,3.3517,3.4131,3.4875000000000003,3.5175,3.544,3.6239000000000003,3.6684,3.7016,3.7521,3.8135000000000003,3.8503000000000003,3.8717,3.8986,4.002800000000001,4.0297,4.0782,4.1012,4.1265,4.2194,4.3078,4.3343,4.3899,4.449800000000001,4.4789,4.534,4.5906,4.6611,4.7255,4.8197,4.8997
13376:0.053200000000000004,0.085,0.116,0.1542,0.1943,0.2311,0.25730000000000003,0.2763,0.32220000000000004,0.35860000000000003,0.3724,0.396,0.4313,0.4894,0.5099,0.5494,0.6437,0.6588,0.7040000000000001,0.8009000000000001,0.8317,0.8570000000000001,0.8964000000000001,0.9193,0.9673,1.0203,1.0578,1.1427,1.1667,1.1998,1.2428000000000001,1.2613,1.3021,1.3445,1.363,1.3873,1.4719,1.6097000000000001,1.6544,1.6938,1.7219,1.7359,1.7586000000000002,1.8235000000000001,1.8462,1.9159000000000002,1.961,2.0479000000000003,2.0858000000000003,2.1813000000000002,2.2003,2.2116000000000002,2.258,2.3136,2.3970000000000002,2.415,2.4667000000000003,2.4797000000000002,2.5832,2.6846,2.7091000000000003,2.7755,2.7926,2.8285,2.8534,2.873,2.9357,3.0475000000000003,3.0694000000000004,3.1380000000000003,3.1615,3.1847000000000003,3.2327000000000004,3.2466000000000004,3.2776,3.325,3.3723,3.4352,3.4499,3.5098000000000003,3.5463,3.5884,3.6285000000000003,3.7021,3.7468000000000004,3.8072000000000004,3.8444000000000003,3.9415,3.9906,4.0316,4.0561,4.115,4.1405,4.1591000000000005,4.2331,4.2658000000000005,4.3068,4.3491,4.441800000000001,4.4837,4.6107000000000005,4.6507000000000005,4.7114,4.7767,4.8317000000000005,4.8502,4.9204
13515:0.0018000000000000002,0.027100000000000003,0.0442,0.0482,0.0599,0.0629,0.06810000000000001,0.0716,0.0718,0.07690000000000001,0.07780000000000001,0.08420000000000001,0.09290000000000001,0.0947,0.10160000000000001,0.1056,0.1144,0.1165,0.11800000000000001,0.1184,0.1295,0.1442,0.1499,0.15710000000000002,0.1656,0.1693,0.17800000000000002,0.1869,0.1888,0.2088,0.2111,0.2136,0.2172,0.23120000000000002,0.2321,0.2358,0.2374,0.23850000000000002,0.23900000000000002,0.24080000000000001,0.2441,0.2461,0.25620000000000004,0.2602,0.26890000000000003,0.2702,0.2716,0.2854,0.2866,0.2883,0.28950000000000004,0.29250000000000004,0.29400000000000004,0.29500000000000004,0.29560000000000003,0.2988,0.3089,0.3139,0.3201,0.3336,0.334,0.3442,0.3458,0.3477,0.35100000000000003,0.3549,0.35650000000000004,0.36660000000000004,0.3766,0.3775,0.3824,0.3854,0.38970000000000005,0.3924,0.4083,0.41000000000000003,0.41100000000000003,0.4147,0.41500000000000004,0.4161,0.4188,0.4444,0.44480000000000003,0.4484,0.4625,0.47640000000000005,0.47940000000000005,0.4798,0.48000000000000004,0.48040000000000005,0.49050000000000005,0.5068,0.5087,0.5403,0.5439,0.5471,0.5496,0.5640000000000001,0.5679000000000001,0.5703,0.5794,0.5850000000000001,0.5936,0.5955,0.6097,0.6175,0.6249,0.6257,0.6763,0.6791,0.6817000000000001,0.6883,0.6895,0.7046,0.7104,0.7196,0.7216,0.736,0.7514000000000001,0.7567,0.7572,0.7574000000000001,0.7633000000000001,0.7697,0.7764000000000001,0.7898000000000001,0.7963,0.799,0.8058000000000001,0.8197,0.8260000000000001,0.8333,0.8341000000000001,0.8492000000000001,0.8499,0.8531000000000001,0.8649,0.8693000000000001,0.8818,0.8876000000000001,0.8923000000000001,0.9006000000000001,0.9009,0.9033,0.9077000000000001,0.9118,0.9256000000000001,0.9382,0.9427000000000001,0.9491,0.9713,0.9733,0.9739000000000001,0.9792000000000001,0.9847,1.0136,1.0228000000000002,1.0450000000000002,1.0466,1.0469,1.0651000000000002,1.0701,1.0822,1.1224,1.1236000000000002,1.1396,1.1554,1.1638,1.1648,1.165,1.1653,1.1695,1.1699000000000002,1.1819,1.1849,1.1872,1.1949,1.217,1.2268000000000001,1.2301,1.2347000000000001,1.242,1.245,1.2489000000000001,1.2492,1.2541,1.2698,1.274,1.2921,1.2989000000000002,1.3028,1.3034000000000001,1.3126,1.327,1.3278,1.331,1.3328,1.337,1.3378,1.3495000000000001,1.3556000000000001,1.3575000000000002,1.3597000000000001,1.3606,1.3908,1.3966,1.4044,1.4072,1.4172,1.4278,1.431,1.4328,1.4335,1.4475,1.4500000000000002,1.4515,1.4520000000000002,1.4661000000000002,1.47,1.476,1.4802,1.4807000000000001,1.4879,1.4886000000000001,1.4912,1.4939,1.4961,1.5002,1.5007000000000001,1.5135,1.5157,1.5356,1.5397,1.542,1.5479,1.5508000000000002,1.5573000000000001,1.5584,1.5595,1.5836000000000001,1.5859,1.5871000000000002,1.5873000000000002,1.5913000000000002,1.596,1.6006,1.6051,1.6114000000000002,1.615,1.6218000000000001,1.6300000000000001,1.6304,1.6329,1.6363,1.6371,1.6445,1.6915,1.6962000000000002,1.7002000000000002,1.7049,1.7073,1.7211,1.7429000000000001,1.7455,1.7532,1.7542,1.7575,1.7649000000000001,1.7716,1.7906000000000002,1.7975,1.7994,1.8009000000000002,1.8033000000000001,1.8035,1.8166,1.8191000000000002,1.8211000000000002,1.8313000000000001,1.8338,1.8359,1.8364,1.8395000000000001,1.8499,1.8512000000000002,1.8532000000000002,1.8617000000000001,1.8683,1.8734000000000002,1.8755000000000002,1.8813000000000002,1.8868,1.8872,1.8927,1.9189,1.9192,1.9224,1.9333,1.9357000000000002,1.937,1.9489,1.9538000000000002,1.9562000000000002,1.9598,1.965,1.9696,1.9938,2.0020000000000002,2.0031,2.0035000000000003,2.0087,2.0197000000000003,2.0287,2.032,2.0343,2.0420000000000003,2.0435000000000003,2.0461,2.0615,2.1015,2.1017,2.1042,2.1061,2.1096,2.1207000000000003,2.1219,2.1296,2.1437,2.1511,2.1519,2.1781,2.1830000000000003,2.1854,2.1881,2.2074000000000003,2.2136,2.2187,2.2253000000000003,2.2275,2.2351,2.2353,2.2361,2.2457000000000003,2.2518000000000002,2.2648,2.2772,2.2868,2.29,2.2928,2.3022,2.3139000000000003,2.3147,2.3293,2.3295,2.3451,2.3511,2.3532,2.3536,2.3538,2.3547000000000002,2.3645,2.3664,2.3683,2.3789000000000002,2.3893,2.4,2.4125,2.4130000000000003,2.4177,2.4275,2.4344,2.4348,2.4445,2.4461,2.4516,2.4577,2.491,2.4976000000000003,2.5033000000000003,2.5036,2.5141,2.5176000000000003,2.5194,2.5216000000000003,2.5218000000000003,2.5335,2.5575,2.5638,2.5685000000000002,2.5752,2.5864000000000003,2.5941,2.6059,2.6147,2.62,2.637,2.6377,2.6541,2.6635,2.6662000000000003,2.6899,2.6992000000000003,2.7013000000000003,2.7022,2.7051000000000003,2.7084,2.7091000000000003,2.7132,2.7164,2.7182,2.7306,2.7502,2.7535000000000003,2.7551,2.7559,2.7725,2.7774,2.7819000000000003,2.7827,2.7924,2.8073,2.8118000000000003,2.8133000000000004,2.8197,2.8205,2.8252,2.8322000000000003,2.8347,2.8452,2.8541000000000003,2.8583000000000003,2.8735,2.8786,2.8816,2.8975,2.9082000000000003,2.9182,2.9202000000000004,2.9370000000000003,2.9378,2.9404000000000003,2.9608000000000003,2.9629000000000003,2.9695,2.9699,2.974,2.9858000000000002,2.9866,2.9890000000000003,2.9963,3.0106,3.0215,3.0399000000000003,3.0413,3.0536000000000003,3.0542000000000002,3.0547,3.0581,3.0672,3.0677000000000003,3.0693,3.0775,3.0937,3.0962,3.0981,3.0989,3.1128,3.1172,3.1325000000000003,3.133,3.1414,3.1423,3.1425,3.1430000000000002,3.1461,3.1501,3.1790000000000003,3.1792000000000002,3.1898,3.216,3.2236000000000002,3.2368,3.2441,3.2531000000000003,3.2566,3.2652,3.2655000000000003,3.2866,3.2951,3.2974,3.2986,3.3097000000000003,3.3138,3.3262,3.3374,3.3426,3.3474000000000004,3.3611,3.3760000000000003,3.3831,3.3839,3.3841,3.3941000000000003,3.3977,3.4011,3.4031000000000002,3.4088000000000003,3.4227000000000003,3.4323,3.4384,3.4404000000000003,3.4416,3.4535,3.4652000000000003,3.4682,3.4689,3.4761,3.4845,3.5029000000000003,3.5134000000000003,3.5267000000000004,3.5281000000000002,3.5283,3.5346,3.5380000000000003,3.5443000000000002,3.5528,3.5549,3.5696000000000003,3.5741,3.5826000000000002,3.5925000000000002,3.6045000000000003,3.6152,3.6226000000000003,3.6263,3.6309,3.6328,3.633,3.6341,3.6374,3.6458000000000004,3.6542000000000003,3.6556,3.6565000000000003,3.6681000000000004,3.6716,3.6756,3.6767000000000003,3.6811000000000003,3.6974,3.6977,3.6982000000000004,3.6985,3.7018,3.7037,3.7105,3.7113,3.7154000000000003,3.7163000000000004,3.7363000000000004,3.7365000000000004,3.7470000000000003,3.7475,3.7592000000000003,3.7654,3.7788000000000004,3.7828000000000004,3.7854,3.7896,3.8104,3.8109,3.826,3.8334,3.846,3.8504,3.8576,3.8593,3.8633,3.8688000000000002,3.8806000000000003,3.8889,3.8893,3.895,3.9065000000000003,3.9083,3.9119,3.9138,3.9148,3.9223000000000003,3.9275,3.9316,3.9352,3.9376,3.9450000000000003,3.9480000000000004,3.9614000000000003,3.9626,3.9628,3.9648000000000003,3.9704,3.9711000000000003,3.9864,3.9869000000000003,3.9937,4.0126,4.0228,4.0424,4.0498,4.0523,4.0546,4.0558000000000005,4.0596000000000005,4.0602,4.0673,4.0761,4.0852,4.0959,4.1138,4.1154,4.1158,4.1167,4.1241,4.1305000000000005,4.1308,4.1459,4.1535,4.1564000000000005,4.1601,4.175,4.1874,4.1909,4.1958,4.2022,4.211,4.2136000000000005,4.2176,4.2187,4.222,4.2295,4.23,4.2319,4.2453,4.2481,4.2532000000000005,4.2565,4.2586,4.2619,4.267,4.2693,4.2831,4.2877,4.2883000000000004,4.2941,4.3047,4.3109,4.3137,4.317,4.3302000000000005,4.3307,4.3383,4.3394,4.3453,4.3461,4.3479,4.3495,4.3569,4.3645000000000005,4.3763000000000005,4.3789,4.3861,4.3917,4.4224000000000006,4.4228000000000005,4.424300000000001,4.434200000000001,4.4486,4.4733,4.480300000000001,4.4907,4.4985,4.506200000000001,4.5196000000000005,4.5345,4.5463000000000005,4.5519,4.5537,4.5587,4.574,4.58,4.5928,4.6127,4.6168000000000005,4.6383,4.6435,4.6513,4.6536,4.6581,4.6606000000000005,4.6726,4.673,4.6905,4.7019,4.7034,4.704000000000001,4.705,4.7161,4.726,4.7356,4.7397,4.7476,4.7516,4.7537,4.754300000000001,4.756600000000001,4.7631000000000006,4.7636,4.7662,4.7906,4.7940000000000005,4.8144,4.82,4.8234,4.8295,4.8299,4.830900000000001,4.8334,4.833600000000001,4.836,4.8712,4.8743,4.8752,4.8798,4.883100000000001,4.8838,4.884,4.8952,4.9006,4.91,4.9143,4.915500000000001,4.9264,4.9297,4.9316,4.939900000000001,4.9452,4.9513,4.964,4.9771,4.979,4.9809,4.9851,4.9927,4.9931
13536:0.3059,0.313,0.3735,0.4307,0.4737,0.5860000000000001,0.6856,0.7573000000000001,0.8048000000000001,0.9082,1.1371,1.2397,1.2814,1.3822,1.4348,1.4641000000000002,1.5841,1.6265,1.6547,1.7029,1.7209,1.7663,1.7970000000000002,1.917,2.1477,2.2183,2.3251,2.3845,2.4587000000000003,2.4717000000000002,2.5877000000000003,2.6076,2.6932,2.7111,2.7840000000000003,2.8364000000000003,2.9043,2.9369,2.9885,2.9930000000000003,3.0508,3.093,3.1612,3.1872000000000003,3.3029,3.3251,3.4141000000000004,3.4624,3.5016000000000003,3.5372000000000003,3.6218000000000004,3.7355,3.8116000000000003,3.8944,3.9378,3.9425000000000003,4.0356000000000005,4.1018,4.1058,4.2193000000000005,4.3578,4.4097,4.4674000000000005,4.5292,4.5568,4.6501,4.6744,4.780200000000001,4.907900000000001
14249:0.0229,0.0712,0.0945,0.1429,0.1821,0.23720000000000002,0.2726,0.3229,0.3438,0.3826,0.41960000000000003,0.4318,0.4681,0.49670000000000003,0.536,0.5612,0.5955,0.6414000000000001,0.6892,0.7243,0.7886000000000001,0.8081,0.8553000000000001,0.8767,0.9119,0.9406,0.9661000000000001,0.9992000000000001,1.0481,1.1012,1.1219000000000001,1.1735,1.2037,1.2511,1.3030000000000002,1.34,1.3713,1.4071,1.4351,1.4566000000000001,1.496,1.5376,1.5475,1.5918,1.6138000000000001,1.6551,1.6835,1.7321,1.7599,1.8024,1.8348,1.87,1.8954000000000002,1.9404000000000001,1.9634,1.9925000000000002,2.0338000000000003,2.0914,2.1185,2.1595,2.2017,2.2443,2.2627,2.3013,2.3275,2.3609,2.4115,2.4472,2.4644,2.5020000000000002,2.5257,2.5688,2.6032,2.6256,2.6587,2.6884,2.7434000000000003,2.7710000000000004,2.8105,2.8462,2.8678000000000003,2.9227000000000003,2.9462,2.9690000000000003,3.0132000000000003,3.0381,3.0527,3.0894000000000004,3.1140000000000003,3.1494,3.1836,3.2273,3.2736,3.3082000000000003,3.3481,3.3922000000000003,3.4065000000000003,3.4444000000000004,3.4718,3.5034,3.5283,3.5498000000000003,3.5715000000000003,3.6020000000000003,3.6241000000000003,3.6503,3.6896,3.7061,3.746,3.7742,3.7861000000000002,3.8335000000000004,3.8629000000000002,3.9134,3.9389000000000003,3.9724000000000004,4.0314000000000005,4.0526,4.0899,4.1322,4.153700000000001,4.1949000000000005,4.2104,4.2588,4.2963000000000005,4.3418,4.3676,4.4114,4.4443,4.474200000000001,4.5214,4.556500000000001,4.5838,4.6174,4.6443,4.6846000000000005,4.6926000000000005,4.7347,4.7767,4.8138000000000005,4.851100000000001,4.8794,4.9294,4.965
15120:0.2679,0.32980000000000004,0.39230000000000004,0.4879,0.5196000000000001,0.5524,0.638,0.7063,0.8309000000000001,0.8668,0.8988,0.9720000000000001,1.0282,1.0698,1.1519000000000001,1.2033,1.2551,1.3289,1.3912,1.5389000000000002,1.5729,1.6141,1.6574,1.7247000000000001,1.7658,1.8092000000000001,1.9401000000000002,1.9946000000000002,2.0394,2.1128,2.2151,2.2859000000000003,2.3349,2.4015,2.4702,2.5868,2.6235,2.7274000000000003,2.7808,2.8777,2.9329,3.0524,3.0900000000000003,3.1402,3.2095000000000002,3.2544,3.3512,3.3768000000000002,3.4526000000000003,3.5166,3.5964,3.6612,3.7122,3.7325000000000004,3.7636000000000003,3.8098,3.8597,3.9080000000000004,3.9468,3.9764000000000004,4.0113,4.0621,4.1187000000000005,4.1564000000000005,4.202500000000001,4.2943,4.3612,4.4843,4.5521,4.5967,4.6569,4.7801,4.8617,4.9627
15463:2.9373
16101:0.3483,0.4428,0.8236,3.9933,4.7023
16213:0.0567,0.0878,0.0999,0.11800000000000001,0.15910000000000002,0.1758,0.23470000000000002,0.2665,0.2913,0.334,0.3567,0.4253,0.46390000000000003,0.5031,0.535,0.5711,0.5987,0.6283000000000001,0.6374000000000001,0.6772,0.7039000000000001,0.7392000000000001,0.7618,0.8127000000000001,0.8356,0.8547,0.8699,0.9035000000000001,0.9292,0.9488000000000001,0.9778,1.0235,1.0552000000000001,1.0629,1.0856000000000001,1.1496,1.1599000000000002,1.2039,1.2261,1.2701,1.3263,1.3661,1.3958000000000002,1.4212,1.4307,1.4638,1.5357,1.5501,1.5635000000000001,1.5956000000000001,1.6476000000000002,1.6647,1.6960000000000002,1.7165000000000001,1.7348000000000001,1.7452,1.78,1.8049000000000002,1.8150000000000002,1.8557000000000001,1.933,1.9715,2.0142,2.0442,2.0703,2.0824000000000003,2.1154,2.1207000000000003,2.1492,2.1967000000000003,2.2287,2.2601,2.2960000000000003,2.331,2.3627000000000002,2.3744,2.4005,2.4097,2.4329,2.4705,2.4805,2.5216000000000003,2.5277000000000003,2.5627,2.591,2.6163000000000003,2.6259,2.6374,2.721,2.7374,2.7763,2.8052,2.8471,2.9163,2.9359,2.9883,3.0445,3.0602,3.1021,3.1395,3.1694,3.1762,3.1975000000000002,3.2411000000000003,3.2712000000000003,3.2957,3.3535000000000004,3.3834,3.4658,3.4973,3.5462000000000002,3.5978000000000003,3.6499,3.6683000000000003,3.6790000000000003,3.7104000000000004,3.7333000000000003,3.7394000000000003,3.7870000000000004,3.8245,3.8541000000000003,3.8844000000000003,3.9112,3.9274,3.9455,3.9958,4.0406,4.0997,4.1287,4.1635,4.1784,4.2023,4.2237,4.283,4.307300000000001,4.3387,4.3687000000000005,4.4377,4.456,4.5064,4.5145,4.5273,4.5769,4.6197,4.6658,4.7098,4.746,4.7826,4.8104000000000005,4.8235,4.8359000000000005,4.8771,4.8969000000000005,4.9409,4.9556000000000004,4.9908
16700:0.0057,0.016300000000000002,0.0267,0.0273,0.0392,0.041800000000000004,0.0562,0.0829,0.0892,0.09040000000000001,0.0925,0.0998,0.10600000000000001,0.1154,0.1173,0.1253,0.1332,0.1368,0.1467,0.171,0.19790000000000002,0.1991,0.21180000000000002,0.21380000000000002,0.217,0.22190000000000001,0.2235,0.23240000000000002,0.23800000000000002,0.2464,0.2482,0.2535,0.2721,0.2811,0.28200000000000003,0.3144,0.32230000000000003,0.3242,0.33490000000000003,0.35200000000000004,0.3527,0.3618,0.3936,0.3977,0.3981,0.3987,0.4174,0.4202,0.4219,0.4297,0.432,0.43520000000000003,0.4424,0.444,0.4561,0.45940000000000003,0.4606,0.46590000000000004,0.4879,0.49400000000000005,0.4968,0.4984,0.4994,0.5228,0.5263,0.5266000000000001,0.5272,0.5341,0.536,0.5368,0.5377000000000001,0.5381,0.5479,0.5606,0.5639000000000001,0.5669000000000001,0.5718,0.5811000000000001,0.6012000000000001,0.607,0.6079,0.6111,0.62,0.6315000000000001,0.6323000000000001,0.6333000000000001,0.6389,0.6555000000000001,0.6747000000000001,0.6873,0.7069000000000001,0.7225,0.75,0.7658,0.7727,0.778,0.7891,0.8038000000000001,0.8102,0.8165,0.8334,0.8403,0.8425,0.8453,0.8534,0.8559,0.8568,0.8582000000000001,0.8591000000000001,0.8594,0.8605,0.8699,0.885,0.8864000000000001,0.8918,0.9011,0.9172,0.9239,0.9301,0.9395,0.9508000000000001,0.9645,0.9885,0.991,1.0067000000000002,1.0097,1.012,1.0123,1.0129000000000001,1.0136,1.0157,1.0187,1.0201,1.0253,1.0401,1.0519,1.0542,1.0575,1.0641,1.0663,1.0689,1.0706,1.0953000000000002,1.0995000000000001,1.1043,1.1291,1.153,1.1581000000000001,1.1739000000000002,1.1872,1.1949,1.1964000000000001,1.1979,1.2099,1.2137,1.2247000000000001,1.2249,1.2257,1.2291,1.2346000000000001,1.2479,1.2655,1.2814,1.2830000000000001,1.2893000000000001,1.2936,1.2941,1.2968,1.2982,1.2992000000000001,1.3082,1.3158,1.3211000000000002,1.3225,1.3268,1.3428,1.3466,1.3571,1.3589,1.3742,1.3815000000000002,1.3951,1.4009,1.4020000000000001,1.4077000000000002,1.4193,1.4222000000000001,1.4333,1.4346,1.443,1.4449,1.4451,1.4529,1.4578,1.4629,1.4757,1.4788000000000001,1.4983,1.502,1.5117,1.5150000000000001,1.5184,1.5204,1.5226000000000002,1.5233,1.5243,1.5557,1.5672000000000001,1.5676,1.5696,1.578,1.5804,1.5842,1.5849,1.5875000000000001,1.5932000000000002,1.5951000000000002,1.6094000000000002,1.6099,1.6131,1.6174000000000002,1.6258000000000001,1.627,1.6295000000000002,1.6300000000000001,1.6314000000000002,1.6503,1.6563,1.6586,1.6624,1.6651,1.6664,1.6884000000000001,1.6918,1.6946,1.7003000000000001,1.7007,1.7202000000000002,1.7335,1.7376,1.7422000000000002,1.745,1.7534,1.7541,1.7556,1.772,1.7784,1.7810000000000001,1.7899,1.7985,1.8078,1.8086,1.8103,1.8124,1.8249000000000002,1.8251000000000002,1.8503,1.8714000000000002,1.8863,1.8886,1.8901000000000001,1.8942,1.8955000000000002,1.9001000000000001,1.9095000000000002,1.9258000000000002,1.9274,1.9348,1.9356,1.9373,1.9558,1.9572,1.9579000000000002,1.9608,1.9636,1.9676,1.9692,1.9791,1.9815,1.9848000000000001,1.9928000000000001,2.0024,2.0062,2.0074,2.0096000000000003,2.0123,2.0140000000000002,2.0157000000000003,2.0291,2.0324,2.0423,2.0455,2.0471,2.048,2.0831,2.0852,2.0871,2.0983,2.1157,2.1163000000000003,2.1206,2.1323000000000003,2.1429,2.1466000000000003,2.1498,2.1565000000000003,2.1609000000000003,2.1726,2.1728,2.1735,2.1796,2.1899,2.1936,2.1952000000000003,2.209,2.2113,2.2276000000000002,2.2373000000000003,2.2385,2.248,2.2512000000000003,2.2612,2.2811,2.2827,2.2928,2.2974,2.3022,2.315,2.3169,2.3252,2.326,2.3357,2.3404000000000003,2.3438000000000003,2.362,2.365,2.3681,2.3697,2.3726000000000003,2.3765,2.3824,2.3917,2.3933,2.4007,2.4053,2.4103000000000003,2.4115,2.4148,2.4169,2.4247,2.4275,2.4333,2.4338,2.4401,2.4423,2.4448000000000003,2.4499,2.46,2.4661,2.4688000000000003,2.4753000000000003,2.4878,2.4888,2.4941,2.4970000000000003,2.5241000000000002,2.5347,2.5441000000000003,2.5464,2.5595000000000003,2.5601000000000003,2.5698000000000003,2.5746,2.5780000000000003,2.5858000000000003,2.589,2.592,2.5938000000000003,2.6118,2.6222000000000003,2.6237,2.6245000000000003,2.6279000000000003,2.6304000000000003,2.6323000000000003,2.6325000000000003,2.6423,2.6471,2.6510000000000002,2.6575,2.6677,2.6755,2.6774,2.6855,2.6972,2.7067,2.7121,2.7133000000000003,2.7224,2.7419000000000002,2.7569000000000004,2.7696,2.7753,2.7974,2.7994000000000003,2.8031,2.8167,2.8223000000000003,2.8297000000000003,2.8314,2.8336,2.8521,2.8604000000000003,2.861,2.8646000000000003,2.8769,2.8812,2.8821000000000003,2.8852,2.8965,2.8983000000000003,2.9051,2.9135,2.935,2.9367,2.9386,2.9474,2.9585000000000004,2.9621,2.9783,2.9785,2.9896000000000003,2.9930000000000003,3.0047,3.0154,3.0286,3.0313000000000003,3.0585,3.0652000000000004,3.0695,3.0711,3.072,3.0928,3.0978000000000003,3.1002,3.1007000000000002,3.1083000000000003,3.1112,3.1154,3.1282,3.1299,3.1389,3.1442,3.1522,3.1561000000000003,3.1667,3.1675,3.1834000000000002,3.1868000000000003,3.1954000000000002,3.1958,3.1978,3.206,3.2185,3.2243,3.2252,3.2263,3.2284,3.238,3.2416,3.2477,3.2579000000000002,3.2616,3.2636000000000003,3.2686,3.2779000000000003,3.2825,3.2932,3.2955,3.2981000000000003,3.3051000000000004,3.3213000000000004,3.3331,3.3484000000000003,3.387,3.3885,3.4108,3.4144,3.4256,3.4269000000000003,3.4299,3.4354,3.4396,3.4442000000000004,3.4444000000000004,3.4502,3.4557,3.4582,3.4601,3.4604000000000004,3.4636,3.4644000000000004,3.4747000000000003,3.476,3.4808000000000003,3.5028,3.5069000000000004,3.5102,3.5317000000000003,3.5432,3.5460000000000003,3.5473000000000003,3.5494000000000003,3.5664000000000002,3.5685000000000002,3.5701,3.5896000000000003,3.5906000000000002,3.5944000000000003,3.5978000000000003,3.6002,3.6031,3.6075000000000004,3.6098000000000003,3.6176000000000004,3.6191,3.6194,3.6234,3.6314,3.6376000000000004,3.6381,3.6402,3.6460000000000004,3.6544000000000003,3.656,3.6698000000000004,3.6768,3.6782000000000004,3.6796,3.6809000000000003,3.6979,3.706,3.7073,3.7154000000000003,3.7178,3.7241,3.7482,3.754,3.7608,3.762,3.7630000000000003,3.7717,3.7732,3.7761,3.7764,3.7831,3.7864,3.7875,3.8023000000000002,3.8076000000000003,3.8199,3.8294,3.8328,3.8360000000000003,3.8426,3.8442000000000003,3.8536,3.8609,3.8683,3.8709000000000002,3.873,3.8807,3.8897000000000004,3.8983000000000003,3.9065000000000003,3.9135,3.9146,3.9330000000000003,3.9338,3.9392,3.9529,3.9536000000000002,3.9551000000000003,3.9684000000000004,3.9696000000000002,3.9768000000000003,3.9922,3.9978000000000002,4.0017000000000005,4.0042,4.0136,4.0411,4.0518,4.058800000000001,4.0612,4.063000000000001,4.0856,4.105,4.1135,4.1181,4.12,4.1264,4.1301000000000005,4.1384,4.159800000000001,4.1610000000000005,4.1782,4.184,4.1963,4.2026,4.204400000000001,4.2157,4.2186,4.2232,4.2306,4.2373,4.2377,4.2508,4.2595,4.2724,4.272600000000001,4.2819,4.2939,4.3025,4.308800000000001,4.3204,4.3258,4.3288,4.3364,4.3406,4.3516,4.365200000000001,4.3726,4.3833,4.4030000000000005,4.4111,4.4368,4.4379,4.444500000000001,4.4455,4.4510000000000005,4.4549,4.4628000000000005,4.465,4.4683,4.480300000000001,4.4812,4.490600000000001,4.4913,4.5128,4.5206,4.5213,4.5282,4.536700000000001,4.5589,4.5679,4.5685,4.571400000000001,4.5732,4.5834,4.5863000000000005,4.5872,4.587400000000001,4.5877,4.6065000000000005,4.6291,4.631,4.6365,4.6409,4.6429,4.6634,4.6641,4.6658,4.6695,4.6721,4.6883,4.691,4.692,4.6934000000000005,4.6965,4.7145,4.7186,4.7192,4.7342,4.7366,4.7537,4.7575,4.763,4.7779,4.786700000000001,4.790500000000001,4.7935,4.8020000000000005,4.8079,4.810700000000001,4.8123000000000005,4.8131,4.8142000000000005,4.822,4.8266,4.8326,4.8453,4.8518,4.8527000000000005,4.8622000000000005,4.8625,4.867,4.8728,4.873600000000001,4.8761,4.8802,4.8806,4.8889000000000005,4.896,4.9015,4.9030000000000005,4.9084,4.9168,4.9218,4.9316,4.9369000000000005,4.9371,4.939900000000001,4.9451,4.9508,4.954000000000001,4.9592,4.9669,4.9782,4.9855,4.9998000000000005
16754:1.0130000000000001
16836:0.0011,0.0081,0.016900000000000002,0.0205,0.0223,0.024300000000000002,0.0341,0.0408,0.0489,0.0656,0.06810000000000001,0.06910000000000001,0.0765,0.0884,0.093,0.0952,0.1178,0.1211,0.1226,0.1376,0.14750000000000002,0.1633,0.1806,0.18430000000000002,0.1879,0.1904,0.1925,0.1942,0.1962,0.20550000000000002,0.21080000000000002,0.2149,0.21730000000000002,0.2364,0.24070000000000003,0.2427,0.2429,0.24880000000000002,0.2503,0.2541,0.2558,0.268,0.26930000000000004,0.2805,0.2817,0.2859,0.2888,0.28950000000000004,0.2962,0.2967,0.3003,0.3014,0.31170000000000003,0.3209,0.3235,0.33430000000000004,0.336,0.33990000000000004,0.3418,0.34890000000000004,0.3572,0.3672,0.3755,0.37870000000000004,0.3794,0.3971,0.3982,0.4077,0.41550000000000004,0.41960000000000003,0.42200000000000004,0.4259,0.4335,0.43810000000000004,0.4425,0.4541,0.4615,0.4666,0.48160000000000003,0.4853,0.4888,0.48900000000000005,0.4912,0.49310000000000004,0.5234,0.528,0.5437000000000001,0.5476,0.5494,0.5512,0.5798,0.5808,0.5872,0.5914,0.6069,0.6075,0.6117,0.6151,0.6196,0.623,0.6264000000000001,0.6317,0.6424000000000001,0.6433,0.6544,0.6579,0.6657000000000001,0.6668000000000001,0.6691,0.67,0.6707000000000001,0.6736000000000001,0.676,0.6835,0.7008,0.7029000000000001,0.7091000000000001,0.7104,0.7125,0.7206,0.7375,0.7407,0.7523000000000001,0.7642,0.7798,0.7817000000000001,0.7903,0.8270000000000001,0.8301000000000001,0.8442000000000001,0.8452000000000001,0.8556,0.8582000000000001,0.8612000000000001,0.8668,0.8671000000000001,0.8748,0.8827,0.8972,0.9065000000000001,0.9081,0.9261,0.9329000000000001,0.9374,0.9388000000000001,0.9694,0.9718,0.9729000000000001,0.9742000000000001,0.9797,0.9819,0.9891000000000001,0.9912000000000001,0.9972000000000001,0.9993000000000001,1.0183,1.02,1.0241,1.0288000000000002,1.0297,1.03,1.0321,1.0373,1.0399,1.0456,1.0511000000000001,1.0559,1.0619,1.0672000000000001,1.0689,1.0789,1.0791,1.0908,1.0944,1.0983,1.1216000000000002,1.139,1.1469,1.1521000000000001,1.1528,1.1628,1.1642000000000001,1.1733,1.1774,1.1822000000000001,1.1855,1.1931,1.1961000000000002,1.1986,1.2106000000000001,1.2154,1.2164000000000001,1.2169,1.2218,1.2315,1.2324000000000002,1.2346000000000001,1.2492,1.2501,1.2530000000000001,1.2532,1.2572,1.2610000000000001,1.2619,1.2651000000000001,1.2723,1.2818,1.2851000000000001,1.2879,1.2906,1.2979,1.3001,1.3106,1.3213000000000001,1.332,1.3342,1.3357,1.3508,1.3553000000000002,1.3635000000000002,1.3706,1.3714000000000002,1.3758000000000001,1.3783,1.3795000000000002,1.3817000000000002,1.3834,1.3876000000000002,1.3878000000000001,1.3964,1.4216,1.4234,1.4313,1.4388,1.4464000000000001,1.4508,1.4686000000000001,1.4756,1.4875,1.4878,1.4885000000000002,1.4895,1.4938,1.4965000000000002,1.4981,1.5090000000000001,1.5215,1.5235,1.5344,1.5495,1.5623,1.5884,1.5948,1.5978,1.602,1.6032000000000002,1.6142,1.6182,1.6281,1.6315000000000002,1.6382,1.6525,1.6595,1.6613,1.6683000000000001,1.6794,1.6895,1.6961000000000002,1.7045000000000001,1.7151,1.7155,1.7198,1.7202000000000002,1.722,1.7273,1.7363000000000002,1.7407000000000001,1.744,1.7531,1.7628000000000001,1.7850000000000001,1.7872000000000001,1.7919,1.8031000000000001,1.8113000000000001,1.8195000000000001,1.8265,1.8411000000000002,1.8433000000000002,1.8644,1.8669,1.8698000000000001,1.8723,1.8877000000000002,1.8887,1.8920000000000001,1.8940000000000001,1.8987,1.9041000000000001,1.9049,1.9054,1.9060000000000001,1.9062000000000001,1.9300000000000002,1.9492,1.9555,1.9582000000000002,1.9639000000000002,1.965,1.9718,1.9731,1.9747000000000001,1.979,1.9914,2.0002,2.0136000000000003,2.0139,2.02,2.0223,2.0276,2.0361000000000002,2.0418000000000003,2.049,2.0513,2.0641000000000003,2.0858000000000003,2.1067,2.119,2.1209000000000002,2.1211,2.1241000000000003,2.1277,2.1321,2.1352,2.1358,2.1386000000000003,2.1435,2.1462,2.1522,2.1550000000000002,2.1585,2.1733000000000002,2.1829,2.1998,2.2012,2.2166,2.2173000000000003,2.2185,2.2281,2.2406,2.2431,2.2451000000000003,2.2633,2.277,2.2847,2.2880000000000003,2.2891,2.2976,2.313,2.3203,2.3206,2.3275,2.3280000000000003,2.331,2.3425000000000002,2.3537,2.3576,2.3665000000000003,2.3674,2.4024,2.4039,2.4051,2.4059,2.4254000000000002,2.4257,2.4299,2.439,2.4402,2.4527,2.4558,2.4578,2.4619,2.4704,2.4781,2.4817,2.4989,2.5025,2.5072,2.5103,2.5118,2.5121,2.5204,2.5236,2.5269,2.5277000000000003,2.5293,2.5351,2.5398,2.5402,2.5474,2.5484,2.5521000000000003,2.5563000000000002,2.5657,2.5693,2.5802,2.5841000000000003,2.596,2.6024000000000003,2.6049,2.623,2.6288,2.6340000000000003,2.6442,2.6455,2.6482,2.6488,2.6564,2.6576,2.6704000000000003,2.6846,2.6849000000000003,2.7004,2.7008,2.7032000000000003,2.7042,2.7515,2.7544,2.7630000000000003,2.7677,2.7681,2.7908,2.793,2.7961,2.7986,2.8014,2.8092,2.8240000000000003,2.8358000000000003,2.8424,2.8462,2.8464,2.8533,2.8602000000000003,2.8637,2.8681,2.8878,2.8999,2.9052000000000002,2.9074,2.9126000000000003,2.9138,2.9186,2.9313000000000002,2.9327,2.9413,2.95,2.9508,2.963,2.9763,2.9789000000000003,3.0007,3.0086,3.0181,3.0186,3.049,3.0498000000000003,3.0545,3.069,3.0722,3.076,3.0989,3.1104000000000003,3.1145,3.1177,3.1195,3.1297,3.1349,3.1443000000000003,3.1446,3.1655,3.1707,3.1716,3.1801000000000004,3.1821,3.1944000000000004,3.1987,3.2105,3.2191,3.2281,3.244,3.2457000000000003,3.2475,3.2519,3.2606,3.2662,3.2681,3.2718000000000003,3.2733000000000003,3.2739000000000003,3.2754000000000003,3.2877,3.2908,3.2931000000000004,3.2965,3.3116000000000003,3.3185000000000002,3.3375000000000004,3.341,3.3434000000000004,3.3436000000000003,3.3456,3.3743000000000003,3.3840000000000003,3.3879,3.3936,3.3996,3.4145000000000003,3.4211,3.4227000000000003,3.4369,3.4407,3.4444000000000004,3.4581,3.4621,3.4632,3.4787000000000003,3.4818000000000002,3.4821,3.4874,3.4935,3.4985000000000004,3.5195000000000003,3.5203,3.544,3.5592,3.5621,3.5649,3.5794,3.5989,3.6019,3.6065,3.6236,3.6246,3.6258000000000004,3.6354,3.637,3.6373,3.6451000000000002,3.6500000000000004,3.6532,3.669,3.6739,3.6857,3.6892,3.6896,3.6955,3.6962,3.6983,3.7025,3.708,3.7103,3.7192000000000003,3.7249000000000003,3.7282,3.7422,3.7542,3.761,3.7635,3.7871,3.7903000000000002,3.7925,3.8013000000000003,3.8073,3.8195,3.8200000000000003,3.8230000000000004,3.825,3.8281,3.8336,3.8352000000000004,3.8385000000000002,3.8424,3.8474000000000004,3.8523,3.8611,3.8705000000000003,3.8768000000000002,3.8861000000000003,3.8892,3.894,3.8997,3.9017000000000004,3.9137000000000004,3.9199,3.9210000000000003,3.9243,3.9298,3.9357,3.9397,3.943,3.9432,3.9545000000000003,3.9671000000000003,3.9855,3.99,3.9958,3.9972000000000003,3.9995000000000003,4.003,4.0252,4.0333000000000006,4.0484,4.0657000000000005,4.0812,4.0902,4.0905000000000005,4.1008000000000004,4.1206000000000005,4.1414,4.1502,4.1526000000000005,4.157500000000001,4.1786,4.1946,4.203,4.2041,4.2286,4.2314,4.2351,4.2354,4.2433000000000005,4.2474,4.2609,4.2788,4.283,4.2881,4.2940000000000005,4.3021,4.3038,4.3067,4.309,4.3124,4.3158,4.319,4.3204,4.322900000000001,4.3308,4.3318,4.337400000000001,4.339,4.3396,4.3424000000000005,4.3519000000000005,4.3645000000000005,4.3672,4.387700000000001,4.3972,4.402200000000001,4.4026000000000005,4.4048,4.4139,4.4154,4.4174,4.4318,4.4382,4.4458,4.4512,4.4545,4.4638,4.464,4.4859,4.488700000000001,4.5052,4.5122,4.5138,4.5242,4.5269,4.5385,4.5606,4.5765,4.5772,4.5827,4.593,4.5941,4.6025,4.6043,4.6199,4.6327,4.637300000000001,4.6387,4.6417,4.643,4.6435,4.6528,4.66,4.6647,4.6699,4.6751000000000005,4.6872,4.6933,4.7012,4.7028,4.7069,4.708200000000001,4.7116,4.7142,4.721,4.724,4.7276,4.7285,4.7409,4.7522,4.7537,4.7553,4.7782,4.7877,4.7914,4.799,4.8036,4.8058000000000005,4.8093,4.8166,4.8177,4.8325000000000005,4.8388,4.8398,4.8466000000000005,4.8476,4.8524,4.8605,4.8796,4.8803,4.8908000000000005,4.8929,4.9051,4.9067,4.9082,4.909,4.9119,4.9305,4.9346000000000005,4.9409,4.9499,4.958600000000001,4.9594000000000005,4.9811000000000005,4.988
18045:0.004,0.032,0.040400000000000005,0.0425,0.0567,0.08990000000000001,0.0937,0.0946,0.0966,0.1,0.10700000000000001,0.1302,0.14150000000000001,0.1439,0.1486,0.1558,0.1653,0.16570000000000001,0.1691,0.1752,0.1756,0.1925,0.19490000000000002,0.1953,0.21730000000000002,0.21930000000000002,0.21960000000000002,0.2343,0.2354,0.25730000000000003,0.2611,0.2717,0.272,0.2836,0.29100000000000004,0.29150000000000004,0.2962,0.29710000000000003,0.2984,0.3007,0.31020000000000003,0.3155,0.3221,0.3236,0.3461,0.34650000000000003,0.34790000000000004,0.3507,0.3556,0.3562,0.36560000000000004,0.3859,0.389,0.3915,0.40240000000000004,0.40640000000000004,0.4128,0.4237,0.4445,0.4521,0.46640000000000004,0.47150000000000003,0.48850000000000005,0.49410000000000004,0.49510000000000004,0.4968,0.49960000000000004,0.5029,0.5057,0.5212,0.5269,0.5286000000000001,0.5319,0.5396000000000001,0.5483,0.5538000000000001,0.5611,0.5771000000000001,0.5780000000000001,0.5825,0.5900000000000001,0.5977,0.6017,0.6134000000000001,0.6193000000000001,0.624,0.6283000000000001,0.6537000000000001,0.6614,0.673,0.6747000000000001,0.6777000000000001,0.6812,0.6835,0.6878000000000001,0.6920000000000001,0.6940000000000001,0.6961,0.7014,0.7046,0.7082,0.7185,0.7282000000000001,0.7497,0.7584000000000001,0.7657,0.7685000000000001,0.7814,0.7904,0.8059000000000001,0.8142,0.8288000000000001,0.8402000000000001,0.8420000000000001,0.8439000000000001,0.8578,0.8593000000000001,0.8621000000000001,0.8798,0.8821,0.8827,0.8943000000000001,0.9125000000000001,0.9269000000000001,0.9277000000000001,0.9331,0.9381,0.9629000000000001,0.9640000000000001,0.9729000000000001,0.9748,0.9786,0.9795,0.9884000000000001,0.999,1.0141,1.0218,1.0224,1.0271000000000001,1.0312000000000001,1.0315,1.0332000000000001,1.0351000000000001,1.0403,1.0409000000000002,1.0475,1.0501,1.0529,1.0545,1.0554000000000001,1.0587,1.06,1.0631000000000002,1.0685,1.0704,1.0778,1.1004,1.1077000000000001,1.1146,1.1546,1.1563,1.1573,1.1636,1.1671,1.1812,1.1849,1.1862000000000001,1.1977,1.2005000000000001,1.201,1.2059,1.2145000000000001,1.2147000000000001,1.2224000000000002,1.2251,1.2407000000000001,1.256,1.2579,1.2724,1.2813,1.2815,1.2875,1.2877,1.2939,1.2975,1.3001,1.3079,1.3095,1.3187,1.3215000000000001,1.3217,1.3267,1.3304,1.3385,1.3424,1.3495000000000001,1.3669,1.381,1.3851,1.3993,1.4100000000000001,1.4114,1.4206,1.4232,1.4254,1.4314,1.4379000000000002,1.4392,1.4418,1.4442000000000002,1.4591,1.4643000000000002,1.4667000000000001,1.4754,1.4802,1.482,1.4833,1.484,1.4845000000000002,1.4858,1.488,1.4946000000000002,1.4982,1.5015,1.5109000000000001,1.5139,1.5149000000000001,1.5215,1.5241,1.5255,1.5290000000000001,1.5348000000000002,1.5354,1.5407000000000002,1.546,1.5512000000000001,1.5806,1.5852000000000002,1.5894000000000001,1.5976000000000001,1.6063,1.6187,1.6219000000000001,1.6237000000000001,1.6262,1.6284,1.6303,1.6336000000000002,1.6348,1.6371,1.6401000000000001,1.6543,1.6601000000000001,1.6847,1.6858000000000002,1.703,1.7099,1.7107,1.7261000000000002,1.7405000000000002,1.7436,1.7491,1.7578,1.7671000000000001,1.7893000000000001,1.7895,1.7933000000000001,1.7943,1.8033000000000001,1.8071000000000002,1.8278,1.8295000000000001,1.8372000000000002,1.8381,1.8423,1.8445,1.8482,1.8532000000000002,1.8542,1.8627,1.8851,1.891,1.9080000000000001,1.9163000000000001,1.9172,1.9212,1.9334,1.9386,1.9446,1.951,1.9540000000000002,1.9587,1.9611,1.9687000000000001,1.9747000000000001,1.9838,1.9846000000000001,1.9874,1.9886000000000001,1.9957,1.9989000000000001,2.0,2.0143,2.0202,2.023,2.0321000000000002,2.0414,2.0589,2.0612,2.0629,2.0700000000000003,2.0704000000000002,2.0726,2.0728,2.0762,2.0786000000000002,2.0883000000000003,2.0888,2.1022000000000003,2.1061,2.111,2.1229,2.1456,2.1464000000000003,2.1468000000000003,2.1478,2.1499,2.1521,2.1643,2.1726,2.1736,2.1753,2.1797,2.1855,2.1862,2.1878,2.2004,2.2142,2.2155,2.2198,2.2325,2.2412,2.2589,2.2677,2.2688,2.2733000000000003,2.2909,2.3071,2.3144,2.3284000000000002,2.3325,2.3469,2.3640000000000003,2.3786,2.3834,2.3836,2.4065000000000003,2.4485,2.4716,2.4903,2.5078,2.5086,2.5139,2.527,2.5273000000000003,2.5363,2.5507,2.5752,2.5866000000000002,2.5871,2.5875,2.5926,2.604,2.6118,2.6131,2.6235,2.6282,2.6312,2.6350000000000002,2.6353,2.648,2.6533,2.6567000000000003,2.6607000000000003,2.6702,2.6704000000000003,2.7285,2.7395,2.7567,2.7634000000000003,2.765,2.7734,2.7864,2.7869,2.7876000000000003,2.7964,2.797,2.8135000000000003,2.8161,2.8171,2.8325,2.8387000000000002,2.8414,2.8418,2.8546,2.8639,2.8695,2.8736,2.8911000000000002,2.8922000000000003,2.9196,2.928,2.9317,2.9437,2.9515000000000002,2.9535,2.9546,2.9637000000000002,2.9665000000000004,2.9716,2.9748,3.0079000000000002,3.0115000000000003,3.0147,3.0215,3.0271000000000003,3.0413,3.0477000000000003,3.0508,3.0553000000000003,3.0749,3.0806,3.0834,3.0919000000000003,3.1005000000000003,3.1060000000000003,3.1104000000000003,3.1182000000000003,3.119,3.1269,3.1371,3.1422000000000003,3.1427,3.1491000000000002,3.1664000000000003,3.1708000000000003,3.1779,3.1872000000000003,3.1915,3.2051000000000003,3.2154000000000003,3.2262,3.2301,3.2309,3.2314000000000003,3.2405,3.2602,3.261,3.2844,3.2854,3.2862,3.2904,3.3125,3.3183000000000002,3.3333000000000004,3.3403,3.3494,3.3657000000000004,3.3677,3.3679,3.3794,3.3809,3.3844000000000003,3.3868,3.3887,3.3966000000000003,3.4001,3.4091,3.4115,3.418,3.4208000000000003,3.4238,3.4367,3.4374000000000002,3.4462,3.4525,3.456,3.4565,3.458,3.4639,3.4702,3.4814000000000003,3.491,3.4947000000000004,3.5036,3.5126000000000004,3.5135,3.5199000000000003,3.5282,3.5397000000000003,3.5482,3.5636,3.5738000000000003,3.5773,3.5933,3.5936000000000003,3.6045000000000003,3.6100000000000003,3.6142000000000003,3.6173,3.6263,3.6336000000000004,3.6348000000000003,3.6407000000000003,3.6552000000000002,3.6695,3.6876,3.6942000000000004,3.6948000000000003,3.6954000000000002,3.6963000000000004,3.6989,3.7001000000000004,3.7033,3.7110000000000003,3.7492,3.7498,3.7511,3.7555,3.7670000000000003,3.7697000000000003,3.7809000000000004,3.7919,3.7923,3.7977000000000003,3.8018,3.8056,3.8088,3.8166,3.8232000000000004,3.8248,3.8338,3.8435,3.8438000000000003,3.8488,3.8527,3.8661000000000003,3.8723,3.8738,3.8755,3.8759,3.8824,3.8868,3.9009,3.9034,3.9226,3.9309000000000003,3.9328000000000003,3.9349000000000003,3.9453,3.9524000000000004,3.9661000000000004,3.9677000000000002,3.9777,3.9812000000000003,3.9825000000000004,3.9845,3.9858000000000002,3.9914,3.9958,3.9988,4.0036000000000005,4.0040000000000004,4.0052,4.0179,4.0251,4.029100000000001,4.0295000000000005,4.0334,4.049,4.059200000000001,4.069,4.0696,4.0793,4.0828,4.089,4.0998,4.101100000000001,4.111800000000001,4.1129,4.1254,4.1264,4.1318,4.1387,4.1444,4.1502,4.1685,4.174,4.1768,4.1825,4.1868,4.1898,4.1952,4.206,4.2106,4.2131,4.2161,4.2164,4.2172,4.2198,4.2305,4.2369,4.238,4.242,4.2574000000000005,4.2586,4.260800000000001,4.2793,4.2860000000000005,4.2919,4.2944,4.2958,4.2974000000000006,4.3095,4.3136,4.314900000000001,4.3176000000000005,4.3207,4.3315,4.3427,4.3434,4.3457,4.3488,4.3598,4.361400000000001,4.3625,4.3636,4.3731,4.3788,4.3796,4.3798,4.387700000000001,4.3924,4.3989,4.4083000000000006,4.4091000000000005,4.4153,4.4213000000000005,4.429600000000001,4.4398,4.4435,4.4771,4.4786,4.4823,4.492100000000001,4.4926,4.4928,4.498200000000001,4.500900000000001,4.5155,4.538600000000001,4.5412,4.5416,4.5502,4.5651,4.5742,4.5754,4.6001,4.603400000000001,4.6077,4.618,4.6186,4.621,4.623200000000001,4.626,4.6362000000000005,4.6426,4.643800000000001,4.6475,4.6705000000000005,4.6734,4.6944,4.7071000000000005,4.7133,4.716200000000001,4.7214,4.750500000000001,4.76,4.7616000000000005,4.7682,4.7729,4.7832,4.791,4.7919,4.7969,4.7999,4.8033,4.8234,4.8367,4.8411,4.8517,4.867,4.8684,4.8783,4.8819,4.9004,4.9021,4.9064000000000005,4.9115,4.9259,4.9275,4.9533000000000005,4.953600000000001,4.9695,4.976500000000001,4.9793,4.9798,4.986400000000001
18131:0.0217,0.0538,0.0978,0.11570000000000001,0.1491,0.191,0.2018,0.2288,0.25,0.29350000000000004,0.3069,0.3428,0.3709,0.42600000000000005,0.46530000000000005,0.5022,0.5317000000000001,0.5650000000000001,0.5812,0.6212,0.6429,0.6822,0.7181000000000001,0.7505000000000001,0.8001,0.8212,0.8595,0.9033,0.9449000000000001,0.9621000000000001,0.9872000000000001,1.0188000000000001,1.0479,1.075,1.103,1.1326,1.1692,1.2031,1.2363,1.2725,1.2990000000000002,1.3447,1.3786,1.4033,1.4314,1.4564000000000001,1.4886000000000001,1.5162,1.5561,1.5808,1.6218000000000001,1.6482,1.6951,1.7166000000000001,1.7593,1.7921,1.8249000000000002,1.864,1.8806,1.9119000000000002,1.9372,1.9653,1.9891,2.0191,2.0476,2.0785,2.1049,2.14,2.1711,2.2101,2.2443,2.2666,2.2919,2.3216,2.3655,2.3817,2.4153000000000002,2.4528000000000003,2.4676,2.5020000000000002,2.5134000000000003,2.5443000000000002,2.5818000000000003,2.6048,2.6357,2.6565000000000003,2.6875,2.7053000000000003,2.7455000000000003,2.778,2.801,2.8324000000000003,2.8633,2.8995,2.9346,2.9786,2.9893,3.027,3.047,3.0894000000000004,3.1217,3.1538,3.1846,3.2162,3.2624,3.2960000000000003,3.3203,3.359,3.3796000000000004,3.4082000000000003,3.4517,3.4648000000000003,3.4964,3.5317000000000003,3.5798,3.6187,3.648,3.6900000000000004,3.7110000000000003,3.7333000000000003,3.761,3.7958000000000003,3.8095000000000003,3.8306,3.8581000000000003,3.8911000000000002,3.9184,3.9389000000000003,3.9715000000000003,4.0039,4.0302,4.0701,4.1022,4.117900000000001,4.1568000000000005,4.2039,4.2169,4.2499,4.28,4.3048,4.3226,4.3482,4.3795,4.4062,4.4467,4.455,4.4777000000000005,4.5244,4.5515,4.5812,4.646100000000001,4.6713000000000005,4.6969,4.7237,4.7537,4.7776000000000005,4.816,4.8578,4.8959,4.9063,4.9491000000000005,4.9961
18171:0.09340000000000001,0.11910000000000001,0.2869,0.3619,0.4449,0.5157,0.5586,0.6124,0.7096,0.7364,0.8236,0.8895000000000001,1.0639,1.141,1.2175,1.2863,1.3588,1.3952,1.4709,1.5111,1.5564,1.6275000000000002,1.6993,1.8922,1.9169,2.0077000000000003,2.1319,2.2611,2.2826,2.4661,2.4824,2.5393000000000003,2.6449000000000003,2.7043,2.7840000000000003,2.982,3.0577,3.2034000000000002,3.2445,3.2913,3.3657000000000004,3.4647,3.5489,3.6192,3.6684,3.7669,3.7929000000000004,3.8783000000000003,3.9570000000000003,4.0541,4.1098,4.1458,4.1753,4.2249,4.3585,4.3859,4.4655000000000005,4.4942,4.660200000000001,4.8946000000000005,4.9842
18478:0.25520000000000004,1.2777,2.5111000000000003,3.378,4.3048
18555:0.0047,0.0131,0.027600000000000003,0.032600000000000004,0.0341,0.0344,0.0371,0.040100000000000004,0.045000000000000005,0.0616,0.0632,0.0716,0.0806,0.08560000000000001,0.09230000000000001,0.1015,0.11180000000000001,0.11860000000000001,0.1189,0.1207,0.1242,0.1293,0.1313,0.1384,0.1448,0.1471,0.1695,0.1701,0.1754,0.1757,0.1786,0.18530000000000002,0.1907,0.19260000000000002,0.1995,0.2069,0.2104,0.2119,0.2146,0.219,0.224,0.2373,0.2469,0.2525,0.2629,0.26380000000000003,0.2758,0.276,0.28450000000000003,0.2932,0.305,0.33430000000000004,0.3428,0.34500000000000003,0.3564,0.36810000000000004,0.3816,0.3921,0.3975,0.398,0.399,0.40280000000000005,0.4163,0.4339,0.4363,0.4466,0.4479,0.449,0.4607,0.4703,0.4801,0.48410000000000003,0.48650000000000004,0.4983,0.5092,0.5198,0.521,0.5272,0.5278,0.537,0.5426,0.5628000000000001,0.5665,0.5670000000000001,0.5732,0.5765,0.5820000000000001,0.5827,0.5872,0.5886,0.5938,0.6058,0.6135,0.617,0.6174000000000001,0.6204000000000001,0.6366,0.647,0.6688000000000001,0.6755,0.684,0.6872,0.6905,0.7076,0.7090000000000001,0.7097,0.7113,0.7244,0.7454000000000001,0.7476,0.7497,0.7739,0.7815000000000001,0.7937000000000001,0.7967000000000001,0.8119000000000001,0.8218000000000001,0.8221,0.8244,0.8338,0.8459,0.8503000000000001,0.8522000000000001,0.8584,0.8603000000000001,0.8633000000000001,0.8645,0.8684000000000001,0.8704000000000001,0.8766,0.8856,0.8986000000000001,0.9005000000000001,0.9064000000000001,0.9079,0.9218000000000001,0.9236000000000001,0.9356000000000001,0.9390000000000001,0.9415,0.9450000000000001,0.9492,0.9681000000000001,0.9814,0.9818,0.9867,0.9873000000000001,0.9902000000000001,0.9905,0.9953000000000001,0.9966,1.0132,1.0138,1.0212,1.0251000000000001,1.0274,1.0322,1.0354,1.0417,1.0451000000000001,1.0495,1.0558,1.0587,1.0685,1.0737,1.0791,1.0799,1.0819,1.0953000000000002,1.0979,1.0995000000000001,1.0998,1.1015000000000001,1.1025,1.1045,1.1074000000000002,1.1086,1.1112,1.1122,1.1238000000000001,1.1319000000000001,1.1363,1.1460000000000001,1.1539000000000001,1.1634,1.1657,1.1733,1.2007,1.2028,1.2036,1.2143000000000002,1.2304000000000002,1.2431,1.2710000000000001,1.2722,1.2798,1.2824,1.2831000000000001,1.2979,1.3139,1.3336000000000001,1.3399,1.346,1.3603,1.3671,1.3723,1.3746,1.3826,1.3840000000000001,1.3955,1.3961000000000001,1.3993,1.4003,1.4163000000000001,1.4168,1.4209,1.4286,1.4446,1.4456,1.4481000000000002,1.4499,1.4637,1.4652,1.4692,1.4724000000000002,1.4751,1.4872,1.5016,1.5025000000000002,1.5078,1.508,1.5098,1.5132,1.5166000000000002,1.5172,1.5221,1.5287000000000002,1.5296,1.5368000000000002,1.5682,1.5863,1.5888,1.5912000000000002,1.5978,1.6044,1.618,1.6189,1.6359000000000001,1.6372,1.6396000000000002,1.6421000000000001,1.6492,1.6561000000000001,1.6642000000000001,1.6772,1.6806,1.6881000000000002,1.6941000000000002,1.7132,1.7161000000000002,1.7337,1.7391,1.7442,1.7491,1.7497,1.7588000000000001,1.7786000000000002,1.7866000000000002,1.7941,1.8178,1.8239,1.8369,1.8374000000000001,1.8382,1.8474000000000002,1.8486,1.8564,1.8665,1.8675000000000002,1.8682,1.8806,1.8820000000000001,1.8829,1.8857000000000002,1.8868,1.8879000000000001,1.9089,1.9212,1.9261000000000001,1.9322000000000001,1.935,1.9477,1.9581000000000002,1.9594,1.9746000000000001,1.9776,1.991,1.9924000000000002,2.0037000000000003,2.0188,2.0197000000000003,2.0259,2.0374,2.0435000000000003,2.0455,2.0613,2.0743,2.0746,2.0808,2.0892,2.0986000000000002,2.1123000000000003,2.1158,2.1191,2.1310000000000002,2.1412,2.1421,2.1508000000000003,2.1712000000000002,2.1723,2.1746000000000003,2.194,2.196,2.2142,2.2174,2.2179,2.2389,2.2479,2.2488,2.2611,2.2617000000000003,2.2701000000000002,2.2819000000000003,2.2960000000000003,2.2988,2.3071,2.3086,2.3192,2.3666,2.3741000000000003,2.4011,2.406,2.4062,2.4081,2.4091,2.4134,2.4158,2.4375,2.438,2.4396,2.4407,2.4432,2.4479,2.45,2.4532000000000003,2.4535,2.4563,2.4576000000000002,2.4619,2.4654000000000003,2.4677000000000002,2.468,2.471,2.4832,2.4927,2.4972000000000003,2.4994,2.5042,2.5109,2.512,2.5140000000000002,2.5173,2.5220000000000002,2.5223,2.5266,2.5275000000000003,2.5339,2.5444,2.5453,2.5499,2.5537,2.5558,2.5619,2.5642,2.5683000000000002,2.571,2.5714,2.5785,2.5817,2.5835,2.5856000000000003,2.5876,2.6031,2.609,2.6205000000000003,2.6213,2.6355,2.6369000000000002,2.6403000000000003,2.6422000000000003,2.6455,2.646,2.6487000000000003,2.6494,2.6513,2.6626000000000003,2.6731000000000003,2.6741,2.6870000000000003,2.69,2.6964,2.6999,2.7152000000000003,2.7206,2.7228000000000003,2.7366,2.7371000000000003,2.7511,2.7527,2.778,2.781,2.7826,2.7865,2.798,2.8006,2.8083,2.8117,2.8148,2.8161,2.8199,2.8222,2.8347,2.8488,2.8635,2.8663000000000003,2.8737,2.8761,2.8779000000000003,2.8817,2.899,2.9228,2.9307000000000003,2.9333,2.9338,2.9344,2.9366000000000003,2.939,2.9417,2.9443,2.9449,2.9467000000000003,2.9508,2.9524000000000004,2.9582,2.9682,2.9773,2.9791000000000003,2.9954,2.9996,3.0005,3.0034,3.0061,3.0089,3.0108,3.0228,3.0260000000000002,3.0331,3.0376000000000003,3.0399000000000003,3.0562,3.0674,3.0697,3.0757000000000003,3.0789,3.083,3.0897,3.1145,3.1196,3.1325000000000003,3.145,3.1524,3.1694,3.1696,3.1737,3.1824000000000003,3.1855,3.1922,3.224,3.2244,3.2251000000000003,3.2254,3.2361,3.2363,3.2456,3.248,3.2520000000000002,3.2524,3.2703,3.2748000000000004,3.2759,3.2805,3.2958000000000003,3.3045,3.3115,3.3231,3.3277,3.3372,3.3494,3.3595,3.3720000000000003,3.3776,3.3812,3.3824,3.3927,3.4009,3.4053,3.4082000000000003,3.4084000000000003,3.4097,3.4124000000000003,3.4147000000000003,3.4174,3.4235,3.4247,3.4328000000000003,3.4353000000000002,3.4398,3.4410000000000003,3.4483,3.4544,3.4618,3.4635000000000002,3.471,3.4939,3.4949000000000003,3.5029000000000003,3.5033000000000003,3.5077000000000003,3.5140000000000002,3.5249,3.5362,3.5502000000000002,3.5575,3.5591000000000004,3.5635000000000003,3.5693,3.5701,3.5793000000000004,3.5827,3.596,3.5963000000000003,3.5975,3.5984000000000003,3.6346000000000003,3.6413,3.6423,3.6519000000000004,3.6573,3.6761000000000004,3.6781,3.6806,3.6921000000000004,3.6947,3.6950000000000003,3.7004,3.7104000000000004,3.7110000000000003,3.7217000000000002,3.73,3.7390000000000003,3.7541,3.757,3.7599,3.7622,3.7841,3.7906,3.7910000000000004,3.7968,3.8000000000000003,3.8022,3.8068,3.8076000000000003,3.8094,3.8111,3.8178,3.8393,3.8451,3.8455000000000004,3.8461000000000003,3.8585000000000003,3.8689,3.8966000000000003,3.8988,3.9008000000000003,3.9049,3.9243,3.9395000000000002,3.9412000000000003,3.9527,3.9553000000000003,3.9890000000000003,3.9925,4.0013000000000005,4.008500000000001,4.0153,4.0158000000000005,4.0238000000000005,4.0248,4.035200000000001,4.0365,4.0381,4.0401,4.0433,4.057,4.0633,4.0651,4.0664,4.087000000000001,4.0948,4.0953,4.0998,4.1029,4.105300000000001,4.11,4.1113,4.113700000000001,4.1147,4.1159,4.127,4.1347000000000005,4.1376,4.1595,4.1668,4.1802,4.1864,4.189,4.1971,4.208200000000001,4.2151000000000005,4.2165,4.2186,4.2215,4.2299,4.2358,4.2363,4.2381,4.2403,4.244400000000001,4.2519,4.2551000000000005,4.2564,4.257000000000001,4.258500000000001,4.2804,4.284,4.2844,4.290500000000001,4.2997000000000005,4.3038,4.3075,4.322,4.3284,4.337400000000001,4.3382000000000005,4.3409,4.3425,4.3521,4.3535,4.3541,4.3632,4.3667,4.3714,4.3748000000000005,4.3815,4.3893,4.3965000000000005,4.3986,4.4072000000000005,4.4106000000000005,4.4109,4.4138,4.4251000000000005,4.4297,4.4326,4.436,4.458200000000001,4.4594000000000005,4.468,4.4913,4.4924,4.5018,4.5023,4.5278,4.534,4.535,4.5364,4.538,4.5471,4.5547,4.5782,4.5939000000000005,4.6042000000000005,4.6052,4.6119,4.6275,4.6311,4.6344,4.635,4.6643,4.6672,4.6797,4.6836,4.6847,4.698300000000001,4.7005,4.7091,4.7095,4.7271,4.7539,4.7701,4.7724,4.7759,4.7762,4.7889,4.8013,4.8023,4.810700000000001,4.8148,4.8222000000000005,4.825200000000001,4.8287,4.8329,4.8366,4.8552,4.8646,4.8828000000000005,4.8946000000000005,4.8949,4.9023,4.927300000000001,4.9278,4.9348,4.9352,4.9448,4.968100000000001,4.9749,4.9834000000000005,4.9848,4.9901,4.9971000000000005
18594:0.0036000000000000003,0.0135,0.022600000000000002,0.0373,0.042800000000000005,0.048400000000000006,0.06860000000000001,0.0757,0.0775,0.08120000000000001,0.09240000000000001,0.09770000000000001,0.10590000000000001,0.1073,0.1119,0.1194,0.1207,0.12240000000000001,0.1262,0.1326,0.1343,0.13870000000000002,0.14830000000000002,0.1578,0.17200000000000001,0.1937,0.20520000000000002,0.2225,0.2255,0.2356,0.2457,0.252,0.25570000000000004,0.25930000000000003,0.261,0.2627,0.2657,0.2685,0.26890000000000003,0.2942,0.3149,0.3158,0.3165,0.3194,0.3215,0.3249,0.3254,0.3276,0.331,0.33990000000000004,0.34440000000000004,0.3453,0.3491,0.35910000000000003,0.3602,0.3689,0.3781,0.3786,0.38330000000000003,0.3841,0.38730000000000003,0.39940000000000003,0.4005,0.40340000000000004,0.40540000000000004,0.41440000000000005,0.4146,0.42850000000000005,0.4368,0.44630000000000003,0.44730000000000003,0.4546,0.4647,0.46690000000000004,0.47090000000000004,0.4757,0.47750000000000004,0.48600000000000004,0.49970000000000003,0.5005000000000001,0.5017,0.5031,0.5242,0.529,0.5295,0.5321,0.5332,0.5456,0.5517000000000001,0.5536,0.5552,0.5779000000000001,0.5802,0.5848,0.6029,0.6145,0.6187,0.6246,0.6332,0.6341,0.6347,0.6352,0.6358,0.6467,0.6528,0.6558,0.6784,0.6836,0.6972,0.7165,0.7181000000000001,0.7295,0.7327,0.775,0.7764000000000001,0.7794000000000001,0.7838,0.7947000000000001,0.7973,0.8200000000000001,0.8345,0.8356,0.8411000000000001,0.8426,0.8570000000000001,0.8646,0.8659,0.8663000000000001,0.8703000000000001,0.8782000000000001,0.8805000000000001,0.8842000000000001,0.8865000000000001,0.8985000000000001,0.9,0.9012,0.9156000000000001,0.9172,0.9183,0.9286000000000001,0.9489000000000001,0.9590000000000001,0.9613,0.9645,0.9708,0.9943000000000001,1.0181,1.0218,1.0356,1.0564,1.0583,1.0635000000000001,1.0647,1.0653000000000001,1.068,1.0792000000000002,1.0886,1.0924,1.1,1.1019,1.1307,1.1359000000000001,1.1384,1.1387,1.1419000000000001,1.1445,1.1479000000000001,1.155,1.1578000000000002,1.1679000000000002,1.1722000000000001,1.1735,1.1744,1.175,1.1805,1.1828,1.1879,1.2011,1.2046000000000001,1.2182,1.221,1.2269,1.2356,1.239,1.2452,1.2528000000000001,1.2553,1.2555,1.256,1.2576,1.2612,1.2834,1.2838,1.2851000000000001,1.2868000000000002,1.2994,1.3086,1.3158,1.3217,1.3237,1.3268,1.3314000000000001,1.3569,1.3664,1.3684,1.3842,1.3981000000000001,1.4046,1.4068,1.4172,1.4179000000000002,1.4367,1.4387,1.4448,1.4465000000000001,1.4472,1.4512,1.4553,1.4585000000000001,1.4717,1.4766000000000001,1.4832,1.4876,1.4897,1.4926000000000001,1.4938,1.499,1.5027000000000001,1.5047000000000001,1.5074,1.5106000000000002,1.5153,1.5199,1.5231000000000001,1.5296,1.5427000000000002,1.5447000000000002,1.5566,1.5612000000000001,1.5638,1.5651000000000002,1.5794000000000001,1.5897000000000001,1.5986,1.6061,1.6136000000000001,1.6244,1.6363,1.6418000000000001,1.6491,1.6636000000000002,1.6669,1.6686,1.6691,1.6699000000000002,1.6775,1.6848,1.6877,1.7184000000000001,1.7207000000000001,1.7253,1.7321,1.7552,1.7555,1.7562,1.7612,1.7713,1.7715,1.7801,1.7831000000000001,1.7908000000000002,1.8063,1.8079,1.8094000000000001,1.8127,1.8171000000000002,1.8288,1.8373000000000002,1.8636000000000001,1.8692000000000002,1.874,1.8761,1.8767,1.8782,1.8948,1.8977000000000002,1.8985,1.9057000000000002,1.9294,1.9388,1.9408,1.9508,1.9515,1.9534,1.9575,1.967,1.9682000000000002,1.9752,1.9759,1.9774,1.9782000000000002,1.9853,1.9956,1.9995,2.0027,2.0029,2.0067,2.0262000000000002,2.0376000000000003,2.0491,2.0502000000000002,2.0535,2.0597000000000003,2.0604,2.0728,2.0737,2.0835,2.0875,2.0952,2.0971,2.1005000000000003,2.1033,2.104,2.1087000000000002,2.1123000000000003,2.1141,2.1215,2.123,2.1254,2.1258,2.1267,2.1384000000000003,2.1425,2.1433,2.1508000000000003,2.1523000000000003,2.1593,2.1791,2.1807000000000003,2.1829,2.1916,2.2028000000000003,2.2035,2.2104,2.2128,2.2161,2.2261,2.2305,2.2424,2.2433,2.2502,2.2576,2.2668,2.2711,2.2735000000000003,2.2827,2.2876000000000003,2.2937000000000003,2.2948,2.3059000000000003,2.3268,2.3356,2.3468,2.3487,2.3568000000000002,2.3645,2.3682000000000003,2.3731,2.3845,2.3871,2.4281,2.4394,2.4557,2.4567,2.4608000000000003,2.4622,2.4799,2.4846,2.486,2.494,2.4967,2.4994,2.5044,2.5142,2.5168,2.5173,2.5248,2.5361000000000002,2.5445,2.5555000000000003,2.5559000000000003,2.5617,2.5668,2.5687,2.5695,2.5701,2.5738000000000003,2.5753,2.5774,2.584,2.5888,2.6055,2.6091,2.6184000000000003,2.6348000000000003,2.6452,2.6461,2.6537,2.6584000000000003,2.6655,2.6677,2.6698,2.6719,2.6761,2.6812,2.6878,2.7018,2.7076000000000002,2.7127000000000003,2.7187,2.722,2.7498,2.7600000000000002,2.7705,2.7722,2.7757,2.7774,2.7804,2.7954000000000003,2.7988,2.8058,2.8118000000000003,2.8267,2.8274000000000004,2.8277,2.8341000000000003,2.8372,2.8381000000000003,2.8423000000000003,2.8631,2.8662,2.8813,2.886,2.8996,2.9071000000000002,2.9106,2.9187000000000003,2.9293,2.9299,2.9505000000000003,2.9696000000000002,2.9786,2.9792,2.9829000000000003,2.9887,3.0054000000000003,3.0063,3.0102,3.0163,3.0233000000000003,3.0376000000000003,3.0433000000000003,3.0459,3.049,3.0492000000000004,3.0549,3.0595000000000003,3.0638,3.0796,3.1024000000000003,3.1066000000000003,3.1345,3.1388000000000003,3.1601000000000004,3.1709,3.1753,3.1789,3.1845000000000003,3.1863,3.2032000000000003,3.2124,3.2201,3.2236000000000002,3.2263,3.229,3.2305,3.2324,3.2465,3.2536,3.2558000000000002,3.257,3.2867,3.2873,3.2931000000000004,3.2944,3.2955,3.2989,3.3006,3.3074000000000003,3.3213000000000004,3.3329,3.3373000000000004,3.3381000000000003,3.3412,3.3478000000000003,3.3618,3.3656,3.3707000000000003,3.3823000000000003,3.3939000000000004,3.3944,3.4031000000000002,3.4065000000000003,3.4135,3.4167,3.4326000000000003,3.4349000000000003,3.4422,3.4434,3.4617,3.4631000000000003,3.4657,3.4716,3.4756,3.4767,3.4919000000000002,3.4992,3.5076,3.5215,3.5277000000000003,3.5312,3.5537,3.577,3.5923000000000003,3.5997000000000003,3.605,3.6064000000000003,3.6134000000000004,3.6155000000000004,3.6203000000000003,3.6303,3.6372,3.6433,3.6497,3.657,3.6590000000000003,3.6626000000000003,3.6682,3.6898,3.6912000000000003,3.6915,3.6945,3.6969000000000003,3.6980000000000004,3.6990000000000003,3.6998,3.7036000000000002,3.7063,3.7177000000000002,3.7313,3.7329000000000003,3.7343,3.7405000000000004,3.7510000000000003,3.7544,3.7643,3.7713,3.7735000000000003,3.7797,3.7817000000000003,3.7862,3.7962000000000002,3.797,3.8072000000000004,3.8081,3.8160000000000003,3.8398000000000003,3.8486000000000002,3.8607,3.8795,3.8808000000000002,3.9023000000000003,3.9283,3.9473000000000003,3.9672,3.9732000000000003,3.9770000000000003,3.9817,3.9854000000000003,3.9948,4.0032000000000005,4.0276000000000005,4.042,4.0543000000000005,4.0575,4.0633,4.0683,4.069100000000001,4.0715,4.0725,4.0815,4.089300000000001,4.091200000000001,4.0978,4.0999,4.1025,4.1147,4.1223,4.1238,4.1296,4.144,4.1473,4.1506,4.1552,4.1565,4.1601,4.1656,4.1887,4.1957,4.2003,4.2096,4.228400000000001,4.2359,4.2435,4.2568,4.2689,4.2718,4.273000000000001,4.2781,4.2802,4.284800000000001,4.2851,4.2862,4.2962,4.2996,4.3221,4.3245000000000005,4.3251,4.3371,4.3375,4.339700000000001,4.3413,4.3476,4.3481000000000005,4.349,4.3738,4.3763000000000005,4.4199,4.420100000000001,4.4311,4.4348,4.4463,4.4504,4.4509,4.4532,4.4579,4.4596,4.4621,4.4626,4.5132,4.5232,4.5307,4.5319,4.5423,4.5449,4.5479,4.5666,4.5717,4.574800000000001,4.577500000000001,4.5789,4.5817000000000005,4.5913,4.5929,4.5938,4.6022,4.6047,4.607600000000001,4.6112,4.6154,4.627800000000001,4.6344,4.6363,4.6454,4.663,4.67,4.6751000000000005,4.6765,4.6887,4.7053,4.7117,4.7377,4.7386,4.7442,4.759,4.7614,4.7695,4.7827,4.7835,4.7887,4.7907,4.794300000000001,4.8001000000000005,4.8013,4.8114,4.8154,4.8211,4.823300000000001,4.8361,4.8367,4.8497,4.8523000000000005,4.853000000000001,4.857,4.8975,4.9006,4.9076,4.925,4.9301,4.9973
19092:0.8914000000000001,1.2215
19257:0.43810000000000004,0.9857,2.4716,2.6303,4.4827
19503:0.3725,1.0190000000000001,1.1216000000000002,1.2223000000000002,2.4841,2.6879,2.911,3.4241
19611:0.0181,0.06670000000000001,0.08610000000000001,0.1376,0.1778,0.1955,0.2321,0.2672,0.3194,0.3388,0.3829,0.4062,0.4274,0.46290000000000003,0.5328,0.5509000000000001,0.5905,0.6387,0.6841,0.7091000000000001,0.7288,0.7846000000000001,0.8032,0.8498,0.8747,0.9088,0.9312,0.9599000000000001,0.9963000000000001,1.046,1.0983,1.1182,1.1708,1.1999,1.2473,1.2987,1.336,1.3786,1.4036,1.425,1.4533,1.4943,1.5352000000000001,1.5435,1.587,1.6118000000000001,1.6489,1.6815,1.7272,1.7548000000000001,1.7961,1.8293000000000001,1.8636000000000001,1.8907,1.8986,1.9564000000000001,2.0309,2.0891,2.1165000000000003,2.1542,2.1987,2.2424,2.2606,2.2971,2.3202000000000003,2.3546,2.4014,2.4433000000000002,2.4592,2.4986,2.5212000000000003,2.5642,2.6174,2.6544000000000003,2.6838,2.7396000000000003,2.7635,2.8058,2.8593,2.9167,2.9410000000000003,2.9609,3.0101,3.0316,3.0477000000000003,3.0839000000000003,3.1108000000000002,3.1444,3.1814,3.2245000000000004,3.2699000000000003,3.3031,3.3462,3.3991000000000002,3.44,3.4648000000000003,3.4975,3.5199000000000003,3.5447,3.5651,3.5968,3.6132,3.6482,3.6774,3.7003000000000004,3.7387,3.7656,3.7807000000000004,3.8295000000000003,3.8553,3.9144,3.9356,3.9662,4.0279,4.0461,4.1084000000000005,4.147600000000001,4.2049,4.2552,4.292,4.3388,4.3625,4.406000000000001,4.4381,4.4695,4.5178,4.5498,4.5801,4.6131,4.6427000000000005,4.6859,4.728000000000001,4.7451,4.774500000000001,4.8105,4.8467,4.8626000000000005,4.8763000000000005,4.9257,4.9609000000000005
19718:2.6653000000000002,4.323300000000001
19964:0.28700000000000003,0.4767,0.6403,1.4051,2.0223,2.1145,3.1023,3.3674,3.6661,3.7322,3.809,4.0016,4.1227,4.3079,4.5872,4.901800000000001
20136:0.1807,0.4469,0.9168000000000001,0.9894000000000001,1.0727,1.2144000000000001,1.2841,1.6919000000000002,1.7510000000000001,1.7915,1.9454,2.0279000000000003,2.1283000000000003,2.1704,2.3075,2.4836,2.5747,2.6374,2.7915,2.8574,3.0002,3.0594,3.1165000000000003,3.3635,3.479,3.5584000000000002,3.6151,3.6933000000000002,3.8156000000000003,4.055000000000001,4.2946,4.5924000000000005,4.7763,4.8367
20166:0.0012000000000000001,0.0108,0.0199,0.0241,0.025500000000000002,0.030100000000000002,0.0448,0.0536,0.0637,0.0666,0.0746,0.0753,0.0786,0.0902,0.0947,0.1062,0.11270000000000001,0.1222,0.13040000000000002,0.14,0.14400000000000002,0.14500000000000002,0.1468,0.151,0.1602,0.1621,0.1646,0.17370000000000002,0.17980000000000002,0.1895,0.2111,0.21330000000000002,0.2218,0.2253,0.2321,0.2518,0.26130000000000003,0.2691,0.2766,0.2773,0.2788,0.2873,0.2894,0.3014,0.3126,0.3134,0.3195,0.32830000000000004,0.3326,0.33430000000000004,0.3361,0.3391,0.33990000000000004,0.341,0.34140000000000004,0.34490000000000004,0.3632,0.3652,0.3986,0.3997,0.4001,0.40040000000000003,0.4146,0.4166,0.4177,0.4209,0.42500000000000004,0.4257,0.4314,0.4355,0.4544,0.461,0.46540000000000004,0.468,0.4711,0.4733,0.48860000000000003,0.49200000000000005,0.5008,0.5035000000000001,0.5082,0.5168,0.5195000000000001,0.5222,0.5301,0.5311,0.5333,0.5339,0.5391,0.5412,0.5471,0.5650000000000001,0.5653,0.5715,0.5924,0.5956,0.6015,0.6117,0.6136,0.615,0.619,0.6244000000000001,0.6247,0.6329,0.6415000000000001,0.6463,0.6599,0.6688000000000001,0.6738000000000001,0.6868000000000001,0.6888000000000001,0.6906,0.7093,0.7121000000000001,0.7182000000000001,0.7194,0.7309,0.7332000000000001,0.7335,0.7358,0.7371000000000001,0.7686000000000001,0.7845000000000001,0.7856000000000001,0.7906000000000001,0.8025,0.8083,0.8104,0.8230000000000001,0.8277,0.8284,0.8444,0.8563000000000001,0.8574,0.8576,0.8603000000000001,0.8643000000000001,0.8651000000000001,0.8682000000000001,0.8758,0.8764000000000001,0.8864000000000001,0.8942,0.8977,0.9055000000000001,0.9087000000000001,0.9133,0.9255,0.9351,0.9534,0.9550000000000001,0.9568000000000001,0.9648,0.9665,0.9684,0.9736,0.9759000000000001,0.9780000000000001,0.9824,0.9889,0.9948,1.0005,1.002,1.0086,1.0137,1.0193,1.0243,1.0322,1.0759,1.0768,1.0781,1.094,1.1044,1.1117000000000001,1.115,1.1238000000000001,1.125,1.1280000000000001,1.1353,1.1373,1.1414,1.1432,1.1629,1.1798,1.1801000000000001,1.1859,1.1925000000000001,1.2009,1.204,1.2132,1.23,1.2349,1.2397,1.2431,1.244,1.2527000000000001,1.2547000000000001,1.2570000000000001,1.2623,1.2665,1.2768000000000002,1.2874,1.2888000000000002,1.2964,1.2996,1.3047,1.3082,1.3125,1.3212000000000002,1.3252000000000002,1.3283,1.3308,1.3327,1.343,1.3472000000000002,1.3605,1.3607,1.3617000000000001,1.3659000000000001,1.3689,1.3983,1.3992,1.4094,1.4127,1.429,1.4300000000000002,1.4307,1.4355,1.4404000000000001,1.4476,1.4483000000000001,1.4503000000000001,1.4543000000000001,1.4574,1.4609,1.4686000000000001,1.4706000000000001,1.4728,1.4832,1.4859,1.4873,1.4952,1.4971,1.5028000000000001,1.526,1.5268000000000002,1.5365,1.5462,1.5464,1.5536,1.5630000000000002,1.5647,1.5668,1.5682,1.5693000000000001,1.5854000000000001,1.5984,1.6039,1.6182,1.6265,1.6271,1.6280000000000001,1.6583,1.6587,1.6648,1.6737000000000002,1.6793,1.691,1.6964000000000001,1.697,1.7119,1.7133,1.7173,1.719,1.7243000000000002,1.732,1.7409000000000001,1.7445000000000002,1.754,1.7604000000000002,1.7613,1.7718,1.7785000000000002,1.7812000000000001,1.7825000000000002,1.8030000000000002,1.8388,1.8442,1.8468,1.8614000000000002,1.8633000000000002,1.8655000000000002,1.869,1.875,1.8899000000000001,1.9041000000000001,1.9048,1.9091,1.9398000000000002,1.9613,1.9660000000000002,1.9673,1.9689,1.9801000000000002,1.991,1.9993,2.0099,2.0119000000000002,2.0134000000000003,2.0191,2.0283,2.0423,2.0544000000000002,2.0644,2.0752,2.08,2.0809,2.0811,2.0853,2.089,2.0951,2.0973,2.1208,2.1245000000000003,2.1353,2.1368,2.1376,2.1470000000000002,2.1472,2.1498,2.1548000000000003,2.1642,2.1863,2.1871,2.2089000000000003,2.2094,2.2115,2.2238,2.2242,2.234,2.2449,2.2471,2.2482,2.2527,2.2562,2.2592000000000003,2.2779000000000003,2.2827,2.2834000000000003,2.287,2.2963,2.3075,2.3109,2.3163,2.3222,2.3354,2.3657,2.3664,2.3692,2.378,2.3904,2.3906,2.3930000000000002,2.3945000000000003,2.4007,2.4106,2.4211,2.4399,2.4416,2.4504,2.4632,2.4785,2.4803,2.4857,2.4914,2.5091,2.5144,2.515,2.5212000000000003,2.5233000000000003,2.5253,2.5337,2.5387,2.5389,2.5485,2.549,2.5531,2.5583,2.5706,2.5739,2.5759000000000003,2.5836,2.5846,2.6025,2.6248,2.6317,2.6333,2.6348000000000003,2.6427,2.6443000000000003,2.6464000000000003,2.6594,2.6604,2.6674,2.6733000000000002,2.6762,2.6852,2.693,2.6968,2.6993,2.7176,2.7213000000000003,2.7234000000000003,2.7323,2.7348000000000003,2.7392000000000003,2.7394000000000003,2.7475,2.7498,2.7501,2.7581,2.7621,2.7773000000000003,2.7801,2.7908,2.7975000000000003,2.7988,2.8069,2.8095000000000003,2.8219000000000003,2.8267,2.8279,2.8342,2.843,2.8484000000000003,2.8529,2.8598000000000003,2.8629000000000002,2.8718000000000004,2.8872,2.8911000000000002,2.8975,2.9229000000000003,2.9253,2.9425000000000003,2.9516,2.9602,2.9781,2.984,2.9845,2.986,2.9863,2.9996,3.0028,3.0066,3.0085,3.0123,3.0125,3.0129,3.024,3.0262000000000002,3.0287,3.0393000000000003,3.0625,3.0672,3.0728,3.0745,3.0761000000000003,3.079,3.0876,3.0985,3.1054,3.1072,3.1076,3.1158,3.1260000000000003,3.1316,3.1325000000000003,3.1342000000000003,3.1467,3.148,3.1500000000000004,3.1585,3.1602,3.1609000000000003,3.1624000000000003,3.1699,3.1719,3.1916,3.1955,3.197,3.1985,3.2004,3.204,3.2065,3.2071,3.22,3.2212,3.2369000000000003,3.2485,3.2612,3.2719,3.2859000000000003,3.293,3.2964,3.3066,3.3071,3.3097000000000003,3.3114000000000003,3.3162000000000003,3.3252,3.3298,3.3326000000000002,3.3354000000000004,3.3375000000000004,3.3402000000000003,3.355,3.3559,3.3629000000000002,3.3754,3.3778,3.3836,3.3911000000000002,3.3969,3.4042000000000003,3.4083,3.4087,3.4090000000000003,3.4107000000000003,3.4172000000000002,3.4290000000000003,3.4436,3.4462,3.4529,3.4723,3.4855,3.4875000000000003,3.4946,3.498,3.5019,3.503,3.5032,3.5115000000000003,3.5146,3.5285,3.5292000000000003,3.539,3.5428,3.5446,3.5484,3.5530000000000004,3.5549,3.5608,3.5734000000000004,3.58,3.5803000000000003,3.5871,3.5883000000000003,3.6138000000000003,3.6157000000000004,3.6183,3.6214,3.6304000000000003,3.6315000000000004,3.6383,3.6389,3.641,3.6431,3.6451000000000002,3.6554,3.668,3.6752000000000002,3.6924,3.6983,3.702,3.7026000000000003,3.7045000000000003,3.7048,3.7062000000000004,3.7077,3.7113,3.7195,3.7214,3.7268000000000003,3.7279,3.7319,3.7326,3.7377000000000002,3.7382,3.7443,3.7462,3.7558000000000002,3.7687000000000004,3.7721,3.7774,3.7916000000000003,3.7918000000000003,3.7971000000000004,3.8258,3.8327,3.8481,3.8536,3.8565,3.8569,3.8577000000000004,3.8742,3.8803,3.8824,3.8993,3.9013,3.9019000000000004,3.9021000000000003,3.9088000000000003,3.9156,3.9217000000000004,3.9326000000000003,3.9368000000000003,3.9406000000000003,3.9498,3.9519,3.9535,3.9541000000000004,3.9593000000000003,3.964,3.9651,3.9709000000000003,3.9716,3.9723,3.9774000000000003,3.9785000000000004,3.9866,3.9882000000000004,4.0003,4.0101,4.0105,4.0134,4.021100000000001,4.0225,4.0393,4.04,4.0426,4.0438,4.0497000000000005,4.0711,4.0821000000000005,4.0837,4.0892,4.0914,4.0945,4.1047,4.1249,4.1391,4.1464,4.1471,4.1473,4.1498,4.1576,4.162100000000001,4.1652000000000005,4.1665,4.1690000000000005,4.1767,4.1807,4.1912,4.1939,4.1994,4.2038,4.2073,4.2153,4.216200000000001,4.2176,4.2337,4.2449,4.267,4.2752,4.2763,4.2836,4.2884,4.288600000000001,4.298,4.2994,4.3221,4.330900000000001,4.333200000000001,4.3411,4.3462000000000005,4.3535,4.3658,4.3727,4.377,4.3909,4.393,4.3952,4.3986,4.401400000000001,4.4096,4.4105,4.4123,4.4152000000000005,4.4193,4.4225,4.4228000000000005,4.435700000000001,4.4466,4.449,4.4561,4.4568,4.4584,4.4843,4.510400000000001,4.5241,4.5282,4.5388,4.5481,4.562,4.5629,4.5632,4.5678,4.5703000000000005,4.579000000000001,4.596,4.5978,4.6075,4.6125,4.6246,4.625,4.6591000000000005,4.6799,4.6809,4.6847,4.6867,4.6939,4.7005,4.7271,4.730300000000001,4.7332,4.7343,4.7614,4.7639000000000005,4.7649,4.7824,4.8067,4.8108,4.8194,4.8314,4.8423,4.8489,4.8498,4.8524,4.8567,4.8611,4.8621,4.8666,4.8684,4.876,4.8765,4.8791,4.893400000000001,4.8962,4.9005,4.9007000000000005,4.913600000000001,4.9261,4.9308000000000005,4.9389,4.941800000000001,4.9617,4.970400000000001,4.980300000000001,4.9876000000000005,4.993
20195:0.0446,0.36760000000000004,0.49960000000000004,0.6371,0.9137000000000001,1.0019,1.0817,1.2151,1.3407,1.6029,1.7084000000000001,2.5078,2.6573,2.8697,2.9736000000000002,3.1689000000000003,3.2276000000000002,3.3185000000000002,3.3878000000000004,3.5025,3.8256,4.0043,4.0699000000000005,4.109500000000001,4.2645,4.8127
20540:4.8504000000000005
20921:0.1361,0.3285,0.864,1.2074,2.2150000000000003,2.5864000000000003,3.2524,3.4642,3.8597,4.4511,4.8724
20981:0.003,0.0049,0.0063,0.008400000000000001,0.0152,0.0292,0.0402,0.051800000000000006,0.0541,0.0546,0.055200000000000006,0.0582,0.0599,0.0661,0.0716,0.0988,0.1091,0.11030000000000001,0.1119,0.1233,0.13090000000000002,0.1336,0.1388,0.1439,0.1593,0.1787,0.18280000000000002,0.18510000000000001,0.18730000000000002,0.19210000000000002,0.2013,0.2187,0.22260000000000002,0.224,0.22710000000000002,0.23220000000000002,0.2477,0.24960000000000002,0.2518,0.2886,0.2968,0.2983,0.3062,0.30760000000000004,0.32270000000000004,0.3341,0.33490000000000003,0.3416,0.3461,0.3503,0.3553,0.3685,0.3705,0.3725,0.38380000000000003,0.3876,0.40390000000000004,0.40640000000000004,0.40750000000000003,0.4083,0.41750000000000004,0.4179,0.42910000000000004,0.43010000000000004,0.4394,0.445,0.49000000000000005,0.4924,0.49400000000000005,0.49570000000000003,0.5104000000000001,0.5134000000000001,0.5142,0.5193,0.5258,0.5547000000000001,0.5683,0.5833,0.5850000000000001,0.5878,0.5987,0.6069,0.6076,0.6201,0.6252,0.6303000000000001,0.6337,0.6509,0.6638000000000001,0.6648000000000001,0.667,0.6705,0.6723,0.6804,0.6833,0.6872,0.6900000000000001,0.6931,0.6967,0.6990000000000001,0.6995,0.7119000000000001,0.7274,0.7331000000000001,0.7367,0.7419,0.7456,0.7548,0.7572,0.7591,0.7659,0.7674000000000001,0.7704000000000001,0.7707,0.7752,0.777,0.7858,0.792,0.7934,0.7976000000000001,0.8027000000000001,0.8245,0.8277,0.8289000000000001,0.8343,0.8398,0.8490000000000001,0.8707,0.8852000000000001,0.8871,0.8943000000000001,0.8955000000000001,0.9091,0.911,0.9152,0.9175000000000001,0.9380000000000001,0.9405,0.9415,0.9438000000000001,0.9493,0.9828,0.9847,0.9898,0.9914000000000001,0.9988,1.0082,1.0194,1.0345,1.0417,1.0458,1.0477,1.0492000000000001,1.0504,1.0677,1.0887,1.0906,1.0921,1.1017000000000001,1.1034000000000002,1.1148,1.1161,1.1225,1.1336000000000002,1.1401000000000001,1.1416,1.1529,1.1564,1.161,1.1644,1.1928,1.1984000000000001,1.2098,1.2156,1.2158,1.2234,1.2316,1.2392,1.2455,1.2576,1.2587000000000002,1.2622,1.2634,1.2642,1.2747000000000002,1.2917,1.2925,1.2946,1.3217,1.3285,1.3399,1.3446,1.3499,1.3601,1.364,1.3706,1.3809,1.3859000000000001,1.3872,1.3987,1.4072,1.4253,1.4261000000000001,1.4347,1.4429,1.4479,1.4507,1.4642000000000002,1.4659,1.4684000000000001,1.4712,1.4724000000000002,1.4792,1.4869,1.497,1.5035,1.5071,1.5141,1.5175,1.5216,1.5262,1.5596,1.5665,1.5668,1.5685,1.5765,1.5819,1.5945,1.6031,1.6056000000000001,1.6264,1.6269,1.6382,1.6398000000000001,1.6435000000000002,1.647,1.6485,1.6503,1.6685,1.6747,1.6807,1.6918,1.7038,1.7075,1.7194,1.7305000000000001,1.744,1.7566000000000002,1.7573,1.7667000000000002,1.7686000000000002,1.7822,1.7909000000000002,1.7962,1.8001,1.8082,1.8188000000000002,1.8211000000000002,1.822,1.8228000000000002,1.8459,1.8495000000000001,1.8618000000000001,1.8761,1.8781,1.883,1.9023,1.9034,1.9088,1.9138000000000002,1.9154,1.9228,1.9245,1.9315,1.9360000000000002,1.943,1.9447,1.9482000000000002,1.9656,1.9731,1.9736,1.9917,2.0022,2.0161000000000002,2.0174000000000003,2.0217,2.0219,2.0325,2.0355000000000003,2.0437000000000003,2.0467,2.0478,2.0508,2.0578000000000003,2.0707,2.0877,2.0927000000000002,2.0957,2.1074,2.1101,2.1269,2.1296,2.1342000000000003,2.1407000000000003,2.1427,2.1495,2.1568,2.1654,2.1695,2.1775,2.1785,2.1877,2.189,2.2014,2.2034000000000002,2.212,2.2163,2.2225,2.2239,2.2344,2.2356000000000003,2.2448,2.2484,2.255,2.2639,2.2648,2.2749,2.2813000000000003,2.2819000000000003,2.2933,2.3124000000000002,2.3254,2.3269,2.3305000000000002,2.3341000000000003,2.3407,2.3456,2.3466,2.3706,2.3907000000000003,2.3915,2.3957,2.3975,2.3981,2.3999,2.406,2.4089,2.4187000000000003,2.422,2.4421,2.4514,2.456,2.47,2.4702,2.4855,2.4913000000000003,2.4930000000000003,2.5014000000000003,2.5029,2.5050000000000003,2.5090000000000003,2.5146,2.5206,2.5231000000000003,2.5334000000000003,2.5352,2.5357000000000003,2.5362,2.5364,2.5382000000000002,2.5420000000000003,2.543,2.5446,2.5504000000000002,2.5508,2.5552,2.5623,2.5703,2.5711,2.5781,2.5871,2.5885000000000002,2.5955,2.6019,2.6063,2.616,2.6189,2.6226000000000003,2.6295,2.6298,2.6432,2.6599,2.6663,2.6696,2.6703,2.6717,2.6772,2.6822,2.6831,2.6838,2.6862,2.6967000000000003,2.7,2.7026000000000003,2.7104,2.74,2.744,2.7535000000000003,2.7664,2.7696,2.7710000000000004,2.7737000000000003,2.7801,2.7822,2.7866,2.7935000000000003,2.7977000000000003,2.8045,2.8169,2.8292,2.8317,2.8429,2.8443,2.8641,2.878,2.8829000000000002,2.8863000000000003,2.8921,2.9159,2.9198,2.9234,2.9458,2.9497,2.9515000000000002,2.9573,2.9586,2.9601,2.9628,2.9641,2.9687,2.9768000000000003,2.9918,2.998,3.0066,3.0130000000000003,3.0183,3.0185,3.0278,3.0375,3.0392,3.0489,3.0573,3.0586,3.0621,3.0629,3.0634,3.068,3.0824000000000003,3.087,3.0904000000000003,3.0922,3.0988,3.1051,3.1103,3.1151,3.1452,3.1618,3.1636,3.1673,3.1829,3.1907,3.2002,3.2017,3.2030000000000003,3.2077,3.2087000000000003,3.2326,3.2336,3.2386000000000004,3.249,3.2518000000000002,3.2661000000000002,3.2734,3.2843,3.2915,3.3027,3.3068,3.3098,3.3256,3.3346,3.335,3.3373000000000004,3.3568000000000002,3.3576,3.3683,3.3688000000000002,3.3706,3.3721,3.3813,3.399,3.3999,3.4039,3.4048000000000003,3.4065000000000003,3.4068,3.4091,3.4104,3.4200000000000004,3.4229000000000003,3.4441,3.45,3.4543000000000004,3.4548,3.455,3.4633000000000003,3.4806000000000004,3.4988,3.5049,3.5102,3.5183,3.5216000000000003,3.5245,3.5412000000000003,3.5437000000000003,3.5518,3.5775,3.5839000000000003,3.5900000000000003,3.608,3.6372,3.6382000000000003,3.6451000000000002,3.6468000000000003,3.6717,3.6743,3.6756,3.6777,3.6937,3.7003000000000004,3.7015000000000002,3.7143,3.7145,3.7221,3.7285000000000004,3.7334,3.7349,3.7617000000000003,3.7743,3.7792000000000003,3.7808,3.782,3.7826,3.7868000000000004,3.7874000000000003,3.7883,3.7910000000000004,3.7928,3.7952000000000004,3.7981000000000003,3.7988000000000004,3.8014,3.8073,3.8102,3.8153,3.8286000000000002,3.838,3.8424,3.8565,3.8574,3.8668,3.871,3.8789000000000002,3.8949000000000003,3.8970000000000002,3.9033,3.9149000000000003,3.9264,3.9411,3.9501000000000004,3.9507000000000003,3.9543000000000004,3.9553000000000003,3.9679,3.9688000000000003,3.9698,3.9703000000000004,3.9779,3.9787000000000003,3.9802000000000004,3.9879000000000002,3.9906,3.998,4.0082,4.0098,4.0123,4.0194,4.0209,4.0264,4.0273,4.0299000000000005,4.0345,4.0376,4.0399,4.041300000000001,4.0468,4.0479,4.0543000000000005,4.0595,4.0639,4.0641,4.0867,4.0882000000000005,4.0902,4.0925,4.0929,4.0968,4.1208,4.1246,4.1308,4.1311,4.139600000000001,4.1417,4.143800000000001,4.1559,4.1681,4.1792,4.1813,4.1845,4.1965,4.2061,4.213,4.2135,4.2165,4.2274,4.250500000000001,4.2628,4.264600000000001,4.2762,4.2773,4.2796,4.2838,4.3028,4.3084,4.3116,4.3151,4.3256000000000006,4.3259,4.3521,4.3548,4.3741,4.3779,4.3849,4.3887,4.3971,4.4082,4.4175,4.4212,4.4298,4.4365000000000006,4.4435,4.4439,4.4452,4.4472000000000005,4.455,4.4554,4.4566,4.4614,4.4886,4.4931,4.4965,4.5038,4.528700000000001,4.5335,4.5351,4.5393,4.5614,4.566,4.5754,4.5815,4.5869,4.6019000000000005,4.6153,4.6321,4.6332,4.6363,4.6397,4.649500000000001,4.6506,4.6577,4.6614,4.6914,4.6973,4.704000000000001,4.7114,4.7116,4.714700000000001,4.715,4.7153,4.7236,4.7357000000000005,4.7369,4.7434,4.7437000000000005,4.7474,4.7546,4.7579,4.7595,4.7624,4.7765,4.7779,4.782900000000001,4.7876,4.7955000000000005,4.8105,4.8192,4.8295,4.8325000000000005,4.8353,4.849200000000001,4.867,4.871,4.873,4.8738,4.879700000000001,4.883100000000001,4.887300000000001,4.8898,4.8914,4.8959,4.8975,4.8982,4.9044,4.9069,4.9089,4.9142,4.9231,4.9415000000000004,4.9494,4.9522,4.9551,4.9553,4.9558,4.9701,4.9762,4.9794,4.9817,4.9824,4.9838000000000005,4.9903,4.9918000000000005
21291:0.023200000000000002,0.0582,0.07690000000000001,0.1303,0.18100000000000002,0.2028,0.2386,0.3109,0.33590000000000003,0.365,0.3962,0.42860000000000004,0.4756,0.5213,0.551,0.614,0.6441,0.6899000000000001,0.7253000000000001,0.7856000000000001,0.8136,0.8493,0.8956000000000001,0.9401,0.9663,0.9944000000000001,1.0367,1.0829,1.1174,1.1359000000000001,1.159,1.1981000000000002,1.2256,1.2594,1.2906,1.3146,1.3387,1.3760000000000001,1.4308,1.4698,1.4955,1.5307000000000002,1.5631000000000002,1.6036000000000001,1.639,1.6773,1.7046000000000001,1.7476,1.7893000000000001,1.8325,1.857,1.8939000000000001,1.9252,1.9681000000000002,2.0011,2.0351,2.0786000000000002,2.113,2.1505,2.1804,2.2044,2.2419000000000002,2.2845,2.3274,2.3591,2.3914,2.4462,2.4858000000000002,2.5141,2.5449,2.5891,2.6268000000000002,2.6548000000000003,2.7304,2.7667,2.8109,2.8522000000000003,2.8715,2.9211,2.9572000000000003,2.9769,3.0140000000000002,3.0904000000000003,3.1392,3.1712000000000002,3.2018,3.2397,3.2901000000000002,3.3387000000000002,3.3799,3.4157,3.4442000000000004,3.4788,3.5054000000000003,3.5266,3.5421,3.5894000000000004,3.6098000000000003,3.644,3.6844,3.7214,3.7731000000000003,3.8188,3.862,3.8948,3.9415,3.978,4.022,4.0421000000000005,4.0892,4.1326,4.1574,4.1815,4.2065,4.2601,4.2924,4.3419,4.3866000000000005,4.4166,4.4919,4.5263,4.555000000000001,4.6058,4.6365,4.6726,4.6946,4.728000000000001,4.7677000000000005,4.8079,4.8686,4.8851,4.9148000000000005,4.9654
22097:0.0824,0.3476,0.9759000000000001,1.2799,1.4839,1.5322,1.9043,1.9665000000000001,2.126,2.2222,2.5338000000000003,2.587,2.6617,2.6955,2.8665000000000003,2.9541,3.1679,3.3173000000000004,3.4483,3.5437000000000003,3.6374,3.8003,3.9534000000000002,4.0431,4.1102,4.1691,4.2645,4.6404000000000005,4.8622000000000005
22214:1.0091,1.3421,1.7128,2.5008,2.8859000000000004,3.2317,3.3908,4.0096,4.0946,4.5153
22366:0.0395,0.0757,0.11220000000000001,0.1564,0.19210000000000002,0.23270000000000002,0.2681,0.3189,0.3427,0.3642,0.38980000000000004,0.4274,0.46230000000000004,0.49160000000000004,0.517,0.5477000000000001,0.5901000000000001,0.6342,0.6668000000000001,0.7064,0.7467,0.8058000000000001,0.8506,0.8785000000000001,0.9077000000000001,0.9312,0.9671000000000001,0.9966,1.0311000000000001,1.0737,1.1126,1.1488,1.1853,1.2056,1.2479,1.2725,1.3041,1.3377000000000001,1.3743,1.4122000000000001,1.4534,1.4804000000000002,1.5232,1.5576,1.5947,1.6260000000000001,1.6639000000000002,1.7029,1.7422000000000002,1.7902,1.83,1.8658000000000001,1.8982,1.9295,1.9602000000000002,1.9865000000000002,2.0305,2.0572,2.0917,2.1181,2.1557,2.1971000000000003,2.2181,2.2607,2.305,2.3347,2.3738,2.4174,2.4588,2.4998,2.5223,2.5446,2.5747,2.6085000000000003,2.6485000000000003,2.6691000000000003,2.6913,2.7192000000000003,2.7519,2.781,2.8299000000000003,2.8603,2.8839,2.9271000000000003,2.9477,2.9679,3.0010000000000003,3.0459,3.0846,3.129,3.1598,3.1869,3.2232000000000003,3.2541,3.2862,3.3126,3.3717,3.4038000000000004,3.4403,3.4642,3.4944,3.5367,3.5556,3.5927000000000002,3.6312,3.6976,3.7309,3.7617000000000003,3.7935000000000003,3.8133000000000004,3.8547000000000002,3.8960000000000004,3.9213,3.9458,3.9834,4.0094,4.035200000000001,4.0609,4.1019000000000005,4.1238,4.1571,4.191,4.2313,4.2578000000000005,4.2884,4.3146,4.353000000000001,4.4063,4.4501,4.4836,4.5509,4.5951,4.6325,4.6672,4.7144,4.7459,4.778700000000001,4.808,4.8357,4.859100000000001,4.9043,4.9343,4.9816
22455:0.0031000000000000003,0.0064,0.0066,0.0132,0.0151,0.025500000000000002,0.035300000000000005,0.037000000000000005,0.0395,0.051000000000000004,0.052000000000000005,0.0635,0.0745,0.0756,0.0951,0.112,0.1173,0.1237,0.13720000000000002,0.1421,0.1442,0.1529,0.1542,0.16140000000000002,0.17450000000000002,0.199,0.2013,0.2087,0.2112,0.2318,0.2341,0.24250000000000002,0.2434,0.2501,0.2524,0.25980000000000003,0.2641,0.2705,0.2747,0.278,0.28450000000000003,0.2873,0.2881,0.2902,0.3049,0.3111,0.3166,0.32780000000000004,0.3297,0.3357,0.3383,0.3446,0.3557,0.3624,0.3801,0.3895,0.39130000000000004,0.3917,0.3926,0.3934,0.39430000000000004,0.4097,0.4212,0.4259,0.43,0.4423,0.44380000000000003,0.44520000000000004,0.4466,0.4521,0.4524,0.4559,0.45640000000000003,0.4666,0.47250000000000003,0.48090000000000005,0.4853,0.48610000000000003,0.49000000000000005,0.49160000000000004,0.4922,0.5026,0.5038,0.5083,0.5119,0.5124000000000001,0.518,0.5372,0.5401,0.5446,0.5553,0.5636,0.5759000000000001,0.5766,0.5811000000000001,0.5816,0.5891000000000001,0.5959,0.6127,0.6162000000000001,0.6227,0.6289,0.6316,0.6401,0.6614,0.671,0.6827000000000001,0.6910000000000001,0.6927,0.7080000000000001,0.7173,0.7187,0.7219,0.7344,0.7377,0.7418,0.7468,0.747,0.7555000000000001,0.7647,0.7683,0.7765000000000001,0.7824,0.7882,0.7986000000000001,0.8007000000000001,0.8337,0.8357,0.8447,0.8559,0.8617,0.8629,0.8783000000000001,0.8811,0.8838,0.889,0.8908,0.8992,0.8996000000000001,0.9055000000000001,0.911,0.923,0.9262,0.9278000000000001,0.9351,0.9442,0.9457000000000001,0.9579000000000001,0.9601000000000001,0.9689000000000001,0.9866,0.9872000000000001,0.9889,0.9949,1.0162,1.0215,1.0244,1.0246,1.0290000000000001,1.034,1.0437,1.0495,1.0509,1.0521,1.0605,1.0907,1.1199000000000001,1.1375,1.1396,1.1415,1.1475,1.1491,1.1553,1.1615,1.1734,1.1775,1.1843000000000001,1.1967,1.2,1.2134,1.2275,1.2278,1.2363,1.2406000000000001,1.241,1.2466000000000002,1.2553,1.2599,1.2607000000000002,1.2624,1.2758,1.2790000000000001,1.2858,1.2883,1.2927,1.2933000000000001,1.3032000000000001,1.3115,1.3316000000000001,1.3344,1.3363,1.3454000000000002,1.3503,1.3546,1.3585,1.3611,1.3627,1.3694000000000002,1.3708,1.371,1.3880000000000001,1.3883,1.3919000000000001,1.3933,1.3936000000000002,1.4067,1.4166,1.4200000000000002,1.4219000000000002,1.423,1.4254,1.4280000000000002,1.4429,1.4486,1.4543000000000001,1.4578,1.46,1.4626000000000001,1.4749,1.4799,1.4803000000000002,1.4835,1.5209000000000001,1.5266000000000002,1.5409000000000002,1.5421,1.5496,1.5763,1.5775000000000001,1.5805,1.5881,1.596,1.6169,1.6171,1.6214000000000002,1.6243,1.6259000000000001,1.6297000000000001,1.631,1.6338000000000001,1.6360000000000001,1.6502000000000001,1.6584,1.6642000000000001,1.6726,1.6776,1.6809,1.6841000000000002,1.7027,1.703,1.7068,1.7077,1.7279,1.7318,1.7425000000000002,1.7473,1.756,1.7575,1.7657,1.7668000000000001,1.7789000000000001,1.7792000000000001,1.7802,1.7904,1.7955,1.7982,1.8071000000000002,1.8106,1.8177,1.8204,1.8239,1.8259,1.8262,1.8356000000000001,1.8476000000000001,1.8694000000000002,1.8789,1.8838000000000001,1.8866,1.8963,1.8966,1.9038000000000002,1.9051,1.9206,1.9231,1.9269,1.9291,1.9313,1.9560000000000002,1.9589,1.9657,1.9669,1.9732,1.9777,1.9848000000000001,1.9862000000000002,2.0086,2.0093,2.0157000000000003,2.0274,2.037,2.0467,2.0540000000000003,2.0574,2.0662000000000003,2.0976,2.1003000000000003,2.104,2.1265,2.1408,2.148,2.1482,2.1647000000000003,2.1767000000000003,2.1798,2.1942,2.2001,2.2005,2.2142,2.2171000000000003,2.2270000000000003,2.2345,2.2386,2.2412,2.2472000000000003,2.2599,2.2614,2.2634000000000003,2.2675,2.2687,2.2918000000000003,2.2920000000000003,2.2989,2.3028,2.307,2.3107,2.3114,2.3266,2.3424,2.3493,2.3541000000000003,2.3605,2.3615,2.3617,2.3654,2.3706,2.3723,2.3734,2.374,2.3744,2.3770000000000002,2.3869000000000002,2.3896,2.3916,2.3944,2.4003,2.4005,2.4041,2.4079,2.4092000000000002,2.4169,2.4235,2.4394,2.4534000000000002,2.4551000000000003,2.4648000000000003,2.4865,2.4873000000000003,2.4877000000000002,2.4883,2.4996,2.4998,2.5022,2.5075000000000003,2.5175,2.5177,2.5293,2.5348,2.5436,2.5548,2.5654,2.5774,2.5804,2.5822000000000003,2.5831,2.5900000000000003,2.591,2.5916,2.5928,2.5992,2.6059,2.6173,2.6242,2.6285000000000003,2.6299,2.6362,2.6394,2.6596,2.6622000000000003,2.6722,2.678,2.7217000000000002,2.74,2.7504,2.7585,2.7665,2.7703,2.7811000000000003,2.7841,2.7879,2.7920000000000003,2.8009,2.809,2.8211,2.8280000000000003,2.8343000000000003,2.8425000000000002,2.8428,2.8441,2.8471,2.8511,2.8524000000000003,2.8531,2.8557,2.8606000000000003,2.8891,2.8909000000000002,2.8911000000000002,2.8988,2.9098,2.9156,2.9172000000000002,2.9253,2.9444000000000004,2.9473000000000003,2.9635000000000002,2.9747000000000003,2.975,2.9821,2.9852000000000003,2.9913000000000003,2.9943,2.9955000000000003,2.9970000000000003,3.0128,3.0208,3.0219,3.0231000000000003,3.0272,3.0316,3.0369,3.0503,3.0514,3.061,3.0657,3.0797000000000003,3.0821,3.0916,3.0927000000000002,3.1016000000000004,3.1061,3.1212,3.1235,3.1247000000000003,3.1263,3.1288,3.1420000000000003,3.1436,3.1438,3.1526,3.1528,3.157,3.1574,3.1599,3.1628000000000003,3.1677,3.1705,3.1726,3.1828000000000003,3.1937,3.1991,3.2021,3.2046,3.2071,3.2103,3.2257000000000002,3.2392000000000003,3.2572,3.2608,3.2653000000000003,3.2764,3.2898,3.311,3.3167,3.3381000000000003,3.3522000000000003,3.3595,3.3658,3.3722000000000003,3.3756000000000004,3.3759,3.3773,3.3943000000000003,3.3985000000000003,3.399,3.4005,3.4051,3.4075,3.4172000000000002,3.4176,3.4188,3.4196,3.4200000000000004,3.4306,3.4315,3.4407,3.4693,3.4772000000000003,3.4832,3.4914,3.5026,3.5072,3.5155000000000003,3.5185,3.5221,3.5266,3.5412000000000003,3.5449,3.5588,3.5601000000000003,3.5609,3.576,3.5792,3.5837000000000003,3.5908,3.5993000000000004,3.6073,3.6185,3.624,3.6244,3.6266000000000003,3.6305,3.637,3.6398,3.6428000000000003,3.6457,3.6524,3.6531000000000002,3.6691000000000003,3.6705,3.6819,3.6845000000000003,3.6851000000000003,3.6919,3.6949,3.6997,3.7033,3.7035,3.7053000000000003,3.7119,3.7132,3.7142000000000004,3.7159,3.7254,3.7264000000000004,3.7273,3.7678000000000003,3.7754000000000003,3.7992000000000004,3.8018,3.8022,3.8057000000000003,3.8087,3.8133000000000004,3.8144,3.822,3.841,3.8429,3.8526000000000002,3.8532,3.8593,3.8605,3.8799,3.8875,3.8883,3.8959,3.898,3.899,3.9085,3.9116,3.9258,3.9322000000000004,3.9385000000000003,3.9406000000000003,3.9463000000000004,3.9481,3.9576000000000002,3.9625000000000004,3.975,3.9787000000000003,3.9798,3.9827000000000004,3.9959000000000002,3.9996,4.0018,4.0021,4.0099,4.0125,4.0128,4.018,4.0235,4.0433,4.0538,4.0548,4.0652,4.0762,4.0843,4.1019000000000005,4.1102,4.1219,4.1235,4.1323,4.1473,4.1612,4.1691,4.171,4.172000000000001,4.1726,4.1792,4.1829,4.1925,4.2027,4.204000000000001,4.2186,4.2225,4.2263,4.234100000000001,4.2374,4.2449,4.2575,4.2597000000000005,4.2616000000000005,4.262700000000001,4.268,4.2728,4.3038,4.309200000000001,4.3101,4.3321000000000005,4.3337,4.3438,4.365200000000001,4.3768,4.377,4.3959,4.4005,4.4158,4.416300000000001,4.4205000000000005,4.4346000000000005,4.4358,4.4408,4.4432,4.4446,4.4471,4.460100000000001,4.462000000000001,4.4638,4.465800000000001,4.4754000000000005,4.4848,4.5051000000000005,4.5406,4.5422,4.551,4.5549,4.5564,4.567,4.5685,4.5840000000000005,4.586,4.6071,4.6218,4.625500000000001,4.6276,4.6321,4.6352,4.637300000000001,4.6397,4.661300000000001,4.6628,4.667800000000001,4.680400000000001,4.6844,4.6988,4.7037,4.7136000000000005,4.7168,4.7247,4.7281,4.7325,4.7466,4.7476,4.7533,4.76,4.7714,4.7878,4.8066,4.8071,4.8420000000000005,4.8436,4.849200000000001,4.8533,4.8677,4.8773,4.879700000000001,4.9043,4.9138,4.9144000000000005,4.9293000000000005,4.9397,4.940300000000001,4.943700000000001,4.9481,4.9506000000000006,4.9608,4.9675,4.9701,4.972300000000001,4.9858
22464:0.0005,0.0026000000000000003,0.009300000000000001,0.0196,0.0229,0.0487,0.0497,0.0534,0.054900000000000004,0.0674,0.0738,0.0758,0.0784,0.09390000000000001,0.0998,0.1063,0.1111,0.11420000000000001,0.1228,0.12380000000000001,0.13970000000000002,0.1429,0.1442,0.1524,0.1537,0.1563,0.1642,0.1646,0.168,0.17,0.17020000000000002,0.1814,0.1947,0.217,0.23870000000000002,0.24280000000000002,0.24330000000000002,0.2497,0.25730000000000003,0.26830000000000004,0.2869,0.31920000000000004,0.3206,0.32880000000000004,0.33230000000000004,0.3347,0.3472,0.35800000000000004,0.3604,0.3941,0.40130000000000005,0.4017,0.4053,0.41300000000000003,0.4133,0.4171,0.4187,0.42200000000000004,0.42350000000000004,0.4288,0.44220000000000004,0.44320000000000004,0.4681,0.4692,0.4902,0.4974,0.5046,0.512,0.53,0.5357000000000001,0.5367000000000001,0.5452,0.552,0.5532,0.5558000000000001,0.5568000000000001,0.5593,0.5627,0.5735,0.5786,0.5835,0.5914,0.5994,0.6059,0.6123000000000001,0.6333000000000001,0.6337,0.6368,0.6531,0.6890000000000001,0.6930000000000001,0.6943,0.6949000000000001,0.6982,0.7331000000000001,0.7484000000000001,0.7601,0.7631,0.7944,0.796,0.7965,0.7976000000000001,0.8065,0.8089000000000001,0.8173,0.8180000000000001,0.8318000000000001,0.8373,0.8389000000000001,0.8548,0.8580000000000001,0.8744000000000001,0.8871,0.8889,0.8926000000000001,0.905,0.9069,0.9083,0.9103,0.9233,0.9264,0.9277000000000001,0.9410000000000001,0.9467000000000001,0.9511000000000001,0.9579000000000001,0.9661000000000001,0.9667,0.9757,0.9809,0.9870000000000001,0.9937,0.9975,1.0075,1.0095,1.0103,1.0159,1.0261,1.0269000000000001,1.0297,1.04,1.0408,1.059,1.0607,1.0688,1.0718,1.0974000000000002,1.1081,1.1183,1.1203,1.1208,1.1235,1.1327,1.1580000000000001,1.1597,1.1664,1.2158,1.2346000000000001,1.2379,1.2483,1.2492,1.2544,1.2574,1.2677,1.2749000000000001,1.2763,1.2811000000000001,1.2850000000000001,1.2904,1.2911000000000001,1.2977,1.3024,1.3131000000000002,1.3137,1.3186,1.347,1.3482,1.3511,1.3588,1.3592,1.3765,1.3778000000000001,1.3842,1.3974,1.4012,1.4032,1.4046,1.4058000000000002,1.4109,1.4194,1.4308,1.4417,1.4422000000000001,1.4460000000000002,1.4652,1.4744000000000002,1.4806000000000001,1.4841,1.4881,1.4914,1.4994,1.5004000000000002,1.5232,1.5409000000000002,1.5414,1.5437,1.5471000000000001,1.5487,1.587,1.5991,1.6129,1.6157000000000001,1.616,1.6267,1.6508,1.6581000000000001,1.6606,1.6624,1.6638000000000002,1.6685,1.6715,1.6967,1.7028,1.7041000000000002,1.7091,1.7132,1.7192,1.7205000000000001,1.7227000000000001,1.7287000000000001,1.7305000000000001,1.7344000000000002,1.7376,1.7532,1.7615,1.7643,1.78,1.7841,1.8023,1.8029000000000002,1.8057,1.8122,1.8277,1.8346,1.8485,1.851,1.8583,1.8599,1.8733000000000002,1.8759000000000001,1.8826,1.9105,1.9369,1.9420000000000002,1.965,1.9664000000000001,1.9742000000000002,1.9791,1.9863000000000002,1.9898,1.9944000000000002,2.0153000000000003,2.0265,2.027,2.0281000000000002,2.0345,2.0387,2.04,2.048,2.0521000000000003,2.0526,2.0586,2.0641000000000003,2.0691,2.0694,2.0897,2.1062000000000003,2.1122,2.1127000000000002,2.1474,2.1479,2.1634,2.1796,2.1833,2.1943,2.2037,2.2126,2.2201,2.2246,2.225,2.2289000000000003,2.2292,2.2345,2.2364,2.2395,2.2419000000000002,2.2477,2.2501,2.2515,2.2554000000000003,2.2559,2.2649,2.2765,2.2804,2.2913,2.3006,2.3036000000000003,2.3176,2.335,2.3516,2.3547000000000002,2.3569,2.3584,2.3681,2.3777,2.3791,2.3863000000000003,2.3890000000000002,2.391,2.3938,2.3976,2.4069000000000003,2.4151000000000002,2.4281,2.4339,2.442,2.4435000000000002,2.4493,2.4611,2.4617,2.48,2.4818000000000002,2.4906,2.4909000000000003,2.5012000000000003,2.5146,2.5338000000000003,2.5423,2.5433000000000003,2.5474,2.5502000000000002,2.5508,2.5527,2.5581,2.5617,2.5705,2.5854,2.5963000000000003,2.6009,2.6099,2.6112,2.6152,2.6216,2.6256,2.6438,2.6556,2.6587,2.6595,2.6601,2.6646,2.6673,2.6748000000000003,2.7069,2.7110000000000003,2.7264,2.7476000000000003,2.7521,2.7595,2.7616,2.769,2.7718000000000003,2.7771000000000003,2.7838000000000003,2.8015000000000003,2.803,2.811,2.8138,2.8208,2.8282000000000003,2.8447,2.8476000000000004,2.8591,2.8712,2.8724000000000003,2.8800000000000003,2.8834,2.9031000000000002,2.9147000000000003,2.9206000000000003,2.9247,2.9282000000000004,2.9342,2.9353000000000002,2.9395000000000002,2.9425000000000003,2.9432,2.9444000000000004,2.9477,2.9586,2.9743,2.9781,2.9858000000000002,2.9883,2.9901,2.9935,2.9983,3.0005,3.0033000000000003,3.0116,3.0165,3.0212000000000003,3.0226,3.0231000000000003,3.0298000000000003,3.0323,3.0346,3.0362,3.0542000000000002,3.0555000000000003,3.0559000000000003,3.0623,3.0626,3.065,3.0823,3.0827,3.0862000000000003,3.0995000000000004,3.1183,3.1252,3.1379,3.1598,3.1627,3.1907,3.2069,3.2112000000000003,3.2186000000000003,3.2229,3.2267,3.2387,3.2597,3.2635,3.2670000000000003,3.2708000000000004,3.2732,3.2761,3.2798000000000003,3.2825,3.2877,3.2922000000000002,3.2934,3.3149,3.3217000000000003,3.3266,3.3291,3.3344,3.3403,3.3505000000000003,3.3509,3.3514000000000004,3.365,3.3724000000000003,3.3754,3.3761,3.3763,3.3907000000000003,3.3935,3.3972,3.4023000000000003,3.4039,3.4051,3.4396,3.4411,3.4421000000000004,3.4549000000000003,3.4585000000000004,3.4741,3.4749000000000003,3.4844000000000004,3.4865000000000004,3.4915000000000003,3.5014000000000003,3.5038,3.5121,3.5148,3.5282,3.5344,3.5368000000000004,3.5404,3.5488,3.5554,3.5615,3.5689,3.5798,3.5899,3.5916,3.6059,3.6191,3.6264000000000003,3.6306000000000003,3.6466000000000003,3.6489000000000003,3.6493,3.6531000000000002,3.6553,3.6628000000000003,3.6651000000000002,3.6728,3.6774,3.6790000000000003,3.6871,3.6909,3.6913,3.6953,3.7043000000000004,3.7064000000000004,3.7104000000000004,3.7118,3.7325000000000004,3.7363000000000004,3.7409000000000003,3.7430000000000003,3.7433,3.7497000000000003,3.7505,3.7534,3.7556000000000003,3.7563,3.7622,3.7627,3.7676000000000003,3.7734,3.7753,3.7766,3.7833,3.794,3.798,3.8064,3.8126,3.8134,3.8271,3.8287,3.8378,3.8443,3.8496,3.8542,3.8548,3.8561,3.8563,3.8589,3.8635,3.8659000000000003,3.8755,3.8800000000000003,3.8864,3.8902,3.8987000000000003,3.9024,3.9046000000000003,3.9187000000000003,3.9199,3.9209,3.9295,3.9299000000000004,3.9370000000000003,3.9418,3.9431000000000003,3.9438,3.9442000000000004,3.9459000000000004,3.9467000000000003,3.9583000000000004,3.9605,3.9633000000000003,3.9696000000000002,3.9775,3.9888000000000003,4.0109,4.014600000000001,4.0187,4.026,4.027,4.0309,4.0372,4.0485,4.0571,4.0604000000000005,4.0804,4.089300000000001,4.1033,4.107,4.1083,4.1098,4.115,4.1243,4.1252,4.125500000000001,4.127,4.1398,4.1572000000000005,4.157900000000001,4.1668,4.1686000000000005,4.1705000000000005,4.1735,4.1882,4.1933,4.2007,4.2010000000000005,4.2045,4.2071000000000005,4.2373,4.239,4.2409,4.2592,4.2666,4.277200000000001,4.2824,4.2915,4.2939,4.295100000000001,4.2961,4.3071,4.3076,4.311,4.315,4.3179,4.3207,4.3288,4.3402,4.3574,4.3599000000000006,4.4055,4.4106000000000005,4.4126,4.4132,4.4218,4.4366,4.4413,4.4454,4.446400000000001,4.4477,4.4581,4.4692,4.4756,4.4805,4.4814,4.4830000000000005,4.4881,4.4910000000000005,4.4952000000000005,4.506200000000001,4.508,4.510800000000001,4.5292,4.5316,4.5437,4.555000000000001,4.559,4.5659,4.5693,4.5841,4.5909,4.6006,4.6218,4.6225000000000005,4.6258,4.6261,4.6324000000000005,4.6452,4.646,4.6566,4.6647,4.666,4.676,4.6773,4.6907000000000005,4.7295,4.7336,4.7355,4.7519,4.7611,4.7754,4.7812,4.7891,4.7912,4.7957,4.8064,4.814500000000001,4.8255,4.828,4.8444,4.8524,4.857,4.863300000000001,4.867,4.88,4.8993,4.902,4.9207,4.9226,4.9272,4.937,4.9426000000000005,4.9443,4.959700000000001,4.9671,4.9695,4.981,4.9928,4.9987
22613:0.10990000000000001,0.19440000000000002,3.7161,3.8787000000000003,4.2292000000000005,4.305000000000001,4.327500000000001
23215:0.0437,0.0873,0.1752,0.2102,0.33480000000000004,0.3715,0.4365,0.4985,0.556,0.6397,0.6923,0.7326,0.8832000000000001,0.9165000000000001,1.0050000000000001,1.0205,1.0802,1.1211,1.218,1.2827,1.3213000000000001,1.3825,1.4380000000000002,1.4856,1.5277,1.576,1.6078000000000001,1.6429,1.6933,1.7206000000000001,1.768,1.8112000000000001,1.9032,1.9738,2.0633,2.2079,2.3717,2.4848,2.5264,2.6508000000000003,2.6875,2.7593,2.8342,2.8719,2.9093,2.9490000000000003,2.9794,3.0155000000000003,3.1329000000000002,3.1738,3.2134,3.2342,3.2755,3.343,3.3878000000000004,3.4195,3.5048000000000004,3.5592,3.6136000000000004,3.656,3.7482,3.8281,3.9008000000000003,3.9314,3.9941,4.0120000000000005,4.0448,4.0946,4.1431000000000004,4.2372000000000005,4.2687,4.368,4.4589,4.5941,4.7811,4.8298000000000005,4.9895000000000005
23668:0.0381,0.059000000000000004,0.0834,0.1042,0.134,0.15910000000000002,0.19060000000000002,0.2151,0.2429,0.263,0.28390000000000004,0.30560000000000004,0.3256,0.3547,0.3715,0.3961,0.4283,0.45120000000000005,0.47940000000000005,0.5094000000000001,0.5457000000000001,0.5725,0.5901000000000001,0.6213000000000001,0.6544,0.6752,0.7047,0.7523000000000001,0.7794000000000001,0.8059000000000001,0.8297,0.8498,0.8695,0.9045000000000001,0.9222,0.9526,0.9923000000000001,1.018,1.0534000000000001,1.0706,1.09,1.1253,1.1542000000000001,1.1806,1.1989,1.228,1.2528000000000001,1.2846,1.3104,1.3425,1.3596000000000001,1.3829,1.4022000000000001,1.4276,1.454,1.4737,1.5035,1.5352000000000001,1.5558,1.5853000000000002,1.6128,1.6495000000000002,1.6825,1.7044000000000001,1.7318,1.749,1.7866000000000002,1.8299,1.8554000000000002,1.8969,1.9304000000000001,1.9631,1.9979,2.0151,2.0455,2.0811,2.1031,2.1447000000000003,2.1817,2.2009000000000003,2.2396000000000003,2.2561,2.2968,2.3176,2.3492,2.396,2.4143000000000003,2.4567,2.48,2.5183,2.5452,2.5753,2.5942000000000003,2.6245000000000003,2.6543,2.6799,2.6952000000000003,2.7135000000000002,2.7442,2.7673,2.7915,2.8341000000000003,2.859,2.8839,2.9054,2.9233000000000002,2.9587000000000003,2.9936000000000003,3.0244,3.0455,3.0851,3.1175,3.1428000000000003,3.1625,3.1827,3.208,3.2393,3.2538,3.2858,3.3095000000000003,3.3379000000000003,3.3555,3.3945000000000003,3.4162000000000003,3.4467000000000003,3.4718,3.4873000000000003,3.5129,3.5389000000000004,3.5692000000000004,3.597,3.6283000000000003,3.6557000000000004,3.6954000000000002,3.7141,3.7459000000000002,3.7797,3.8080000000000003,3.8284000000000002,3.8477,3.8655000000000004,3.8877,3.9082000000000003,3.9325,3.9682000000000004,3.9955000000000003,4.0244,4.0492,4.0685,4.0918,4.1163,4.1528,4.174300000000001,4.1946,4.2213,4.2418000000000005,4.268,4.305000000000001,4.3253,4.3484,4.3756,4.4279,4.447900000000001,4.4837,4.5139000000000005,4.5349,4.5781,4.5981000000000005,4.6181,4.654100000000001,4.69,4.7189000000000005,4.7428,4.7739,4.791,4.817,4.8312,4.856,4.8857,4.9186000000000005,4.9625
24150:0.026600000000000002,0.0553,0.0874,0.11330000000000001,0.1545,0.1693,0.1975,0.2233,0.2449,0.2662,0.29200000000000004,0.312,0.3315,0.3632,0.3899,0.4107,0.4561,0.48200000000000004,0.5002,0.523,0.5359,0.5557,0.5799000000000001,0.5987,0.6224000000000001,0.6359,0.6685,0.6842,0.7033,0.732,0.7796000000000001,0.8128000000000001,0.8336,0.8504,0.8697,0.8951,0.9163,0.9333,0.9608000000000001,0.9765,1.0226,1.046,1.0625,1.0835000000000001,1.1194,1.1462,1.1612,1.1914,1.2058,1.2281,1.2549000000000001,1.2728000000000002,1.2925,1.3204,1.3395000000000001,1.3653,1.3966,1.4172,1.4465000000000001,1.467,1.4893,1.5216,1.5361,1.5590000000000002,1.5854000000000001,1.6041,1.6337000000000002,1.6477000000000002,1.6758000000000002,1.6991,1.7285000000000001,1.7453,1.7688000000000001,1.7961,1.8146,1.8338,1.8496000000000001,1.9235,1.9519000000000002,1.9725000000000001,1.9974,2.0164,2.0435000000000003,2.0668,2.08,2.1105,2.1466000000000003,2.16,2.1906000000000003,2.2192000000000003,2.2344,2.2551,2.2932,2.3198000000000003,2.3347,2.3551,2.3739,2.396,2.4293,2.4672,2.4963,2.5224,2.5552,2.5885000000000002,2.6158,2.6315,2.6714,2.7111,2.7362,2.7693000000000003,2.7974,2.8221000000000003,2.8442000000000003,2.8681,2.8849,2.9135,2.9415,2.9739,3.0048000000000004,3.0295,3.0599000000000003,3.0863,3.1051,3.1306000000000003,3.1444,3.1727000000000003,3.1974,3.2167000000000003,3.2401,3.2626,3.2933000000000003,3.3348,3.3524000000000003,3.3731,3.3891,3.4157,3.4493,3.4666,3.496,3.5220000000000002,3.5847,3.5995000000000004,3.6288,3.6455,3.6674,3.6818,3.7047000000000003,3.7242,3.7593,3.7776,3.8025,3.8262,3.8517,3.8723,3.8845,3.9051,3.9357,3.9605,3.9897,4.0071,4.0283,4.0427,4.0678,4.0946,4.1160000000000005,4.1398,4.1573,4.176,4.1986,4.2208000000000006,4.2677000000000005,4.2857,4.3022,4.3209,4.3486,4.3699,4.3933,4.4298,4.4798,4.4996,4.5171,4.540900000000001,4.5591,4.5803,4.6031,4.62,4.6573,4.676200000000001,4.7170000000000005,4.7472,4.767,4.7874,4.803100000000001,4.8337,4.8738,4.8958,4.9196,4.9539,4.9836
24757:0.9254
24926:0.08940000000000001,0.2195,0.2676,0.3285,0.3754,0.6786,0.8552000000000001,0.9255,1.0304,1.0924,1.189,1.2592,1.3183,1.3679000000000001,1.4794,1.5650000000000002,1.7367000000000001,1.8604,2.0537,2.2048,2.2632000000000003,2.3305000000000002,2.4178,2.4852000000000003,2.5619,2.5985,2.6956,2.7972,2.8894,3.0535,3.1537,3.2543,3.3145000000000002,3.3595,3.4544,3.4945000000000004,3.7179,3.8316000000000003,3.8697000000000004,3.9119,4.0545,4.1242,4.2445,4.4532,4.6625000000000005,4.726,4.7942,4.8382000000000005
25792:0.0855,0.3793,0.5915,0.8163,1.0232,1.4789,1.6908,2.0273,2.3258,2.6276,2.7936,2.9234,3.1788000000000003,3.2913,3.8273,3.8935000000000004,4.1206000000000005,4.2515,4.3705,4.7881
25895:1.0194,1.4774,2.9250000000000003,3.4187000000000003,4.3535,4.527
25910:0.08990000000000001,0.3764,0.671,1.03,1.2559,1.5626,1.6575,2.2044,2.414,2.6295,2.7946,3.1865,3.3114000000000003,3.3587000000000002,3.49,3.5182,3.8233,3.9072,3.9504,4.1195,4.1997,4.7236,4.7945,4.8384
25985:0.0066,0.0088,0.0122,0.0149,0.0236,0.0274,0.0284,0.0358,0.0505,0.0528,0.0543,0.07300000000000001,0.07680000000000001,0.0795,0.08030000000000001,0.08420000000000001,0.10590000000000001,0.109,0.1158,0.1187,0.1389,0.1472,0.1509,0.16140000000000002,0.1621,0.1673,0.1693,0.1718,0.1772,0.1801,0.18150000000000002,0.1913,0.1933,0.20600000000000002,0.20620000000000002,0.2162,0.22640000000000002,0.23070000000000002,0.2374,0.25320000000000004,0.2574,0.2609,0.2777,0.2896,0.29600000000000004,0.301,0.302,0.31270000000000003,0.31720000000000004,0.3259,0.3264,0.3281,0.3285,0.3294,0.3306,0.33430000000000004,0.3347,0.3393,0.3417,0.34540000000000004,0.3578,0.3589,0.35910000000000003,0.3675,0.3685,0.377,0.384,0.38670000000000004,0.39730000000000004,0.40230000000000005,0.4031,0.4047,0.41550000000000004,0.41910000000000003,0.4254,0.4393,0.44770000000000004,0.45230000000000004,0.461,0.46290000000000003,0.47890000000000005,0.4797,0.48090000000000005,0.4839,0.4858,0.4912,0.4934,0.5012,0.5128,0.5159,0.5193,0.5283,0.5288,0.529,0.5302,0.5351,0.5362,0.54,0.5438000000000001,0.5456,0.5482,0.5710000000000001,0.5890000000000001,0.6021000000000001,0.6183000000000001,0.6201,0.6208,0.6227,0.6272,0.6356,0.6373,0.6429,0.645,0.6609,0.6627000000000001,0.6644,0.6763,0.6828000000000001,0.6878000000000001,0.6896,0.6948000000000001,0.7133,0.7198,0.7277,0.7282000000000001,0.7462000000000001,0.7709,0.7752,0.777,0.7783,0.7969,0.8035,0.8061,0.8124,0.8172,0.8223,0.8250000000000001,0.8285,0.8306,0.8323,0.8340000000000001,0.8345,0.8414,0.8502000000000001,0.8533000000000001,0.8611000000000001,0.8658,0.8667,0.8727,0.8759,0.877,0.8875000000000001,0.8881,0.8933000000000001,0.8951,0.9066000000000001,0.9109,0.9111,0.9115000000000001,0.9165000000000001,0.9288000000000001,0.9314,0.9356000000000001,0.9403,0.9407000000000001,0.9428000000000001,0.9503,0.9507000000000001,0.9579000000000001,0.9633,0.9682000000000001,0.9947,1.0206,1.022,1.0359,1.0437,1.0483,1.0702,1.0726,1.0866,1.0882,1.0916000000000001,1.0987,1.1115000000000002,1.1217000000000001,1.1245,1.133,1.1333,1.1378000000000001,1.1381000000000001,1.1463,1.1482,1.1518000000000002,1.1579000000000002,1.1803000000000001,1.1848,1.1961000000000002,1.1969,1.1997,1.2005000000000001,1.2062000000000002,1.2258,1.2342,1.2451,1.247,1.25,1.2528000000000001,1.2579,1.2654,1.2676,1.2771000000000001,1.2813,1.2861,1.2863,1.292,1.2994,1.2998,1.3147,1.3162,1.3208,1.3221,1.3371,1.3445,1.3453000000000002,1.3543,1.3604,1.3653,1.3688,1.3702,1.3849,1.4026,1.4046,1.4071,1.4109,1.4139000000000002,1.4424000000000001,1.4439,1.4445000000000001,1.4512,1.4525000000000001,1.4612,1.4676,1.4775,1.4848000000000001,1.4866000000000001,1.4889000000000001,1.4933,1.4944000000000002,1.5011,1.5062,1.5071,1.5086000000000002,1.5141,1.5231000000000001,1.5274,1.5435,1.5458,1.5476,1.5558,1.5573000000000001,1.5578,1.5671000000000002,1.5749,1.5825,1.5963,1.6018000000000001,1.6048,1.6272,1.6291,1.6346,1.6612,1.6680000000000001,1.6728,1.6748,1.6753,1.6771,1.6826,1.6860000000000002,1.6949,1.6983000000000001,1.7002000000000002,1.7016,1.7199,1.7215,1.7315,1.7343000000000002,1.7359,1.7413,1.7429000000000001,1.7432,1.7493,1.7552,1.7624000000000002,1.7844,1.8014000000000001,1.802,1.8071000000000002,1.808,1.8142,1.8147,1.8218,1.8262,1.8273000000000001,1.8304,1.8316000000000001,1.8361,1.8388,1.8475000000000001,1.852,1.8586,1.8627,1.8639000000000001,1.8881000000000001,1.897,1.9149,1.9323000000000001,1.9387,1.9547,1.9653,1.9655,1.9676,1.9696,1.9782000000000002,1.9922000000000002,1.9924000000000002,1.9947000000000001,2.0103,2.0147,2.0297,2.0387,2.0477000000000003,2.0548,2.0624000000000002,2.0719000000000003,2.0722,2.0867,2.0954,2.1005000000000003,2.1068000000000002,2.1089,2.1091,2.1109,2.1132,2.1147,2.1242,2.1325000000000003,2.1338,2.1461,2.1477,2.1511,2.152,2.157,2.1598,2.1719,2.1797,2.1923,2.2142,2.2166,2.2173000000000003,2.2248,2.2274000000000003,2.2349,2.2377000000000002,2.2463,2.2484,2.2502,2.2508,2.2511,2.2575000000000003,2.2757,2.2782,2.2799,2.2901000000000002,2.2994,2.3056,2.313,2.3156000000000003,2.3179000000000003,2.3219000000000003,2.3228,2.3251,2.3255,2.3272,2.3371,2.3378,2.3389,2.3474,2.3488,2.3507000000000002,2.3515,2.3535,2.3576,2.3603,2.3666,2.3747000000000003,2.3751,2.3897,2.3987000000000003,2.41,2.4182,2.4201,2.4259,2.4355,2.4437,2.4447,2.4553000000000003,2.4623,2.475,2.476,2.4867,2.4942,2.4954,2.4977,2.5147,2.5199000000000003,2.5291,2.5399000000000003,2.5494000000000003,2.5512,2.5541,2.5641000000000003,2.5756,2.6001000000000003,2.6095,2.6137,2.6161000000000003,2.6172,2.6202,2.6259,2.6288,2.6409000000000002,2.6438,2.6601,2.6605000000000003,2.6785,2.6882,2.6989,2.7071,2.7241,2.7299,2.7328,2.7347,2.7364,2.7536,2.7594000000000003,2.7687,2.7734,2.7831,2.7866,2.791,2.7934,2.8019000000000003,2.81,2.8102,2.8128,2.8199,2.8315,2.838,2.8451,2.8478000000000003,2.8499000000000003,2.857,2.8696,2.8827000000000003,2.886,2.8941000000000003,2.9028,2.9090000000000003,2.9106,2.9123,2.9130000000000003,2.9379,2.9396,2.9487,2.9514,2.9645,2.966,2.9716,2.9733,2.9736000000000002,2.976,2.9868,2.996,2.9984,3.0017,3.0073000000000003,3.0149000000000004,3.0259,3.0264,3.045,3.0497,3.0573,3.0586,3.0625,3.0663,3.0860000000000003,3.0981,3.0983,3.1347,3.1396,3.1569000000000003,3.1652,3.1743,3.1781,3.1908000000000003,3.1947,3.1984000000000004,3.202,3.2087000000000003,3.2256,3.2368,3.2415000000000003,3.2418,3.2429,3.2463,3.2600000000000002,3.274,3.2802000000000002,3.2923,3.298,3.3080000000000003,3.3235,3.3285,3.3355,3.3393,3.3454,3.3462,3.3496,3.3606000000000003,3.3675,3.3734,3.3764000000000003,3.3889,3.3933,3.4047,3.4069000000000003,3.4160000000000004,3.4264,3.4266,3.4378,3.4436,3.4458,3.4471000000000003,3.4473000000000003,3.4516,3.4717000000000002,3.4873000000000003,3.4931,3.4941,3.4963,3.5063,3.5074,3.5191000000000003,3.5195000000000003,3.5490000000000004,3.5645000000000002,3.5765000000000002,3.5791000000000004,3.5906000000000002,3.5922,3.5935,3.5974000000000004,3.6165000000000003,3.6217,3.6226000000000003,3.6268000000000002,3.6337,3.6371,3.6393,3.6402,3.6473,3.6498000000000004,3.6519000000000004,3.6563000000000003,3.6593,3.668,3.6747,3.6894,3.7081000000000004,3.7123000000000004,3.7147,3.7159,3.7421,3.7662,3.7665,3.7667,3.7673,3.7694,3.7738,3.7784,3.7875,3.8114000000000003,3.8127,3.8283,3.8396000000000003,3.8417000000000003,3.8478000000000003,3.8507000000000002,3.8591,3.861,3.863,3.8674000000000004,3.8686000000000003,3.8727,3.8800000000000003,3.8817000000000004,3.8843,3.8864,3.8927,3.8951000000000002,3.8995,3.9019000000000004,3.9032,3.9182,3.9283,3.9316,3.9328000000000003,3.9342,3.9372000000000003,3.9413,3.9508,3.9568000000000003,3.9573,3.9774000000000003,3.9982,4.0162,4.0194,4.0209,4.0265,4.029100000000001,4.032900000000001,4.0441,4.0558000000000005,4.0577000000000005,4.0651,4.0847,4.0894,4.1096,4.113700000000001,4.114,4.1271,4.1273,4.1370000000000005,4.1442000000000005,4.146100000000001,4.1478,4.15,4.1545000000000005,4.158,4.1585,4.159,4.1711,4.1722,4.1848,4.194100000000001,4.1953000000000005,4.1956,4.2005,4.2032,4.204400000000001,4.2132000000000005,4.2269000000000005,4.2343,4.2449,4.2537,4.2592,4.260400000000001,4.2655,4.2712,4.276,4.2837000000000005,4.2855,4.292800000000001,4.293200000000001,4.2958,4.3056,4.3065,4.3185,4.328,4.3448,4.3707,4.3787,4.3815,4.3950000000000005,4.4021,4.4086,4.4108,4.4302,4.4343,4.4696,4.4757,4.4835,4.486800000000001,4.4918000000000005,4.4973,4.498,4.5064,4.5101,4.518,4.5213,4.5284,4.5302,4.5379000000000005,4.5404,4.5419,4.5429,4.5464,4.547000000000001,4.5518,4.5533,4.5559,4.5656,4.591,4.594,4.5958000000000006,4.6008000000000004,4.6014,4.6068,4.6132,4.6167,4.65,4.6521,4.6528,4.6543,4.657500000000001,4.659400000000001,4.6723,4.6747000000000005,4.6791,4.6825,4.7077,4.712000000000001,4.719,4.7258000000000004,4.728400000000001,4.7359,4.7462,4.7563,4.7565,4.7663,4.778700000000001,4.7834,4.7917000000000005,4.7995,4.8292,4.869800000000001,4.87,4.8708,4.8726,4.873600000000001,4.877400000000001,4.8777,4.8795,4.8849,4.8870000000000005,4.9165,4.9232000000000005,4.9371,4.9488,4.9547,4.9591,4.9614,4.9673,4.970000000000001,4.9773000000000005,4.98,4.984500000000001,4.9861,4.9928,4.993,4.9973
26529:0.0055000000000000005,0.0194,0.0269,0.034300000000000004,0.046700000000000005,0.0511,0.0562,0.0574,0.06620000000000001,0.0718,0.0761,0.0763,0.0833,0.0916,0.0984,0.1184,0.1338,0.1373,0.1486,0.15180000000000002,0.1549,0.16670000000000001,0.16820000000000002,0.1704,0.1799,0.18080000000000002,0.1821,0.1917,0.19890000000000002,0.2011,0.20270000000000002,0.2195,0.22870000000000001,0.23420000000000002,0.2404,0.2479,0.2589,0.2647,0.2726,0.2733,0.27540000000000003,0.2765,0.28040000000000004,0.2823,0.2878,0.28900000000000003,0.2909,0.3007,0.3113,0.32320000000000004,0.3239,0.34240000000000004,0.34490000000000004,0.35950000000000004,0.36460000000000004,0.36970000000000003,0.3799,0.3811,0.3869,0.3914,0.4173,0.42360000000000003,0.433,0.4469,0.44830000000000003,0.44880000000000003,0.4491,0.4773,0.49810000000000004,0.5245000000000001,0.5296000000000001,0.5522,0.5537000000000001,0.5583,0.559,0.5664,0.5750000000000001,0.5787,0.5789000000000001,0.5797,0.5859,0.5870000000000001,0.5894,0.5907,0.6056,0.6153000000000001,0.6193000000000001,0.6241,0.6288,0.6334000000000001,0.6347,0.6386000000000001,0.6429,0.6495000000000001,0.6554,0.6654,0.6687000000000001,0.6748000000000001,0.6755,0.677,0.6805,0.6874,0.6916,0.6951,0.7269,0.7301000000000001,0.7493000000000001,0.7534000000000001,0.7577,0.7685000000000001,0.7738,0.7743,0.7772,0.7821,0.7839,0.7906000000000001,0.8006000000000001,0.8074,0.8111,0.8180000000000001,0.8222,0.8270000000000001,0.8410000000000001,0.8432000000000001,0.8515,0.8538,0.8598,0.8668,0.8676,0.8952,0.9021,0.9095000000000001,0.9164,0.9195000000000001,0.923,0.9298000000000001,0.9303,0.9507000000000001,0.9754,0.9896,0.9918,0.9942000000000001,0.9965,0.9968,1.0045,1.0084,1.0099,1.0164,1.0192,1.0357,1.0442,1.0479,1.0502,1.0545,1.056,1.0581,1.0592000000000001,1.0684,1.0761,1.0857,1.0968,1.1374,1.139,1.151,1.1515,1.1520000000000001,1.1559000000000001,1.1611,1.1629,1.1779,1.183,1.1927,1.1938,1.1992,1.2036,1.2114,1.2191,1.2323,1.2391,1.2458,1.2765,1.2818,1.3008,1.3034000000000001,1.3093000000000001,1.3115,1.3222,1.35,1.3512,1.3547,1.3735000000000002,1.3799000000000001,1.3819000000000001,1.3871,1.3876000000000002,1.3895,1.4025,1.4105,1.4129,1.4164,1.4247,1.4353,1.4419,1.4491,1.4509,1.4532,1.4629,1.4682000000000002,1.4686000000000001,1.4705000000000001,1.4724000000000002,1.4753,1.4837,1.485,1.4963,1.5037,1.5095,1.5112,1.5266000000000002,1.5332000000000001,1.54,1.5474,1.5534000000000001,1.5563,1.5664,1.5713000000000001,1.5876000000000001,1.6067,1.6069,1.6444,1.6483,1.6518000000000002,1.6578000000000002,1.6636000000000002,1.6749,1.6804000000000001,1.6816,1.683,1.6914,1.6940000000000002,1.7021000000000002,1.7248,1.7279,1.7302000000000002,1.7338,1.7372,1.7544000000000002,1.7587000000000002,1.7684000000000002,1.7821,1.7941,1.7995,1.8113000000000001,1.8161,1.8252000000000002,1.8306,1.8342,1.8522,1.8848,1.8933,1.9221000000000001,1.9349,1.9368,1.9457,1.9609,1.9638,1.989,2.0016000000000003,2.0024,2.0033000000000003,2.0041,2.0092,2.0129,2.0139,2.0154,2.0304,2.0309,2.0329,2.0387,2.0414,2.0443000000000002,2.0551,2.0580000000000003,2.0646,2.0736,2.0773,2.0777,2.0899,2.0903,2.0938,2.1072,2.1134,2.1301,2.1427,2.1444,2.1723,2.1828000000000003,2.2009000000000003,2.2037,2.2164,2.2263,2.2333000000000003,2.2348,2.2453000000000003,2.251,2.2516000000000003,2.2569,2.2581,2.2666,2.27,2.2778,2.2828,2.2916000000000003,2.3022,2.3055000000000003,2.3113,2.3151,2.3172,2.3247,2.3258,2.3402000000000003,2.3412,2.3466,2.3497,2.3525,2.3588,2.3606000000000003,2.3807,2.4093,2.4095,2.4116,2.4276,2.4282,2.4475000000000002,2.4543,2.4569,2.4636,2.4775,2.4807,2.4871000000000003,2.5100000000000002,2.5277000000000003,2.5366,2.5447,2.5452,2.5724,2.5759000000000003,2.5811,2.5884,2.6045000000000003,2.6049,2.6180000000000003,2.6198,2.6205000000000003,2.6213,2.6241000000000003,2.6284,2.6311,2.6422000000000003,2.6463,2.649,2.6682,2.6737,2.6853000000000002,2.6869,2.6911,2.6914000000000002,2.7003,2.7027,2.7157,2.7165,2.7219,2.7296,2.7301,2.7549,2.7648,2.7652,2.7734,2.7798000000000003,2.7851000000000004,2.8080000000000003,2.8107,2.8205,2.8255000000000003,2.8320000000000003,2.8426,2.8453,2.8472,2.8573,2.8715,2.8787000000000003,2.887,2.8878,2.8973,2.9005,2.9008000000000003,2.9112,2.9119,2.9143000000000003,2.9175,2.9182,2.9225000000000003,2.9263000000000003,2.9484000000000004,2.9518,2.9525,2.962,2.9647,2.9674,2.9724,2.9846000000000004,2.9859,2.9927,2.9965,3.0072,3.0181,3.0227,3.0284,3.0379,3.041,3.0415,3.0637000000000003,3.0659,3.0708,3.0771,3.0828,3.0907,3.097,3.1020000000000003,3.1114,3.1174,3.1277000000000004,3.1298000000000004,3.1561000000000003,3.1567000000000003,3.1585,3.164,3.1681000000000004,3.1687000000000003,3.1731000000000003,3.1784000000000003,3.1988000000000003,3.2011000000000003,3.2174,3.2418,3.2432000000000003,3.2434000000000003,3.2469,3.2511,3.2569000000000004,3.2633,3.2644,3.2656,3.2706,3.2823,3.2826,3.2832000000000003,3.2844,3.3113,3.3181000000000003,3.3303000000000003,3.3355,3.3357,3.3402000000000003,3.3602000000000003,3.3732,3.3818,3.3886000000000003,3.3923,3.3956,3.4034,3.4051,3.4102,3.4124000000000003,3.4129,3.4185000000000003,3.4338,3.4491,3.4494000000000002,3.4609,3.4739,3.4814000000000003,3.4845,3.4886000000000004,3.5009,3.5074,3.5305,3.5315000000000003,3.5327,3.5354,3.5396,3.5534000000000003,3.5636,3.5858000000000003,3.5933,3.5959000000000003,3.5979,3.6008,3.6025,3.6263,3.6297,3.6384000000000003,3.6401000000000003,3.6438,3.6471,3.6491000000000002,3.6512000000000002,3.6553,3.6619,3.6896,3.6926,3.7030000000000003,3.7054,3.7110000000000003,3.7114000000000003,3.7278000000000002,3.7281,3.7661000000000002,3.7709,3.7854,3.7894,3.7906,3.8035,3.8165,3.8177000000000003,3.8193,3.8238000000000003,3.8373000000000004,3.8425000000000002,3.8529,3.8569,3.8595,3.8605,3.8618,3.8724000000000003,3.8769,3.8801,3.8817000000000004,3.8855000000000004,3.8872,3.8960000000000004,3.9047,3.9194,3.9198000000000004,3.9213,3.93,3.9867000000000004,3.9901,3.9906,4.0067,4.0176,4.0213,4.0232,4.0262,4.0317,4.0361,4.0398000000000005,4.041,4.0533,4.0607,4.0761,4.0846,4.0864,4.0895,4.093100000000001,4.0941,4.1035,4.1160000000000005,4.1184,4.125500000000001,4.1534,4.1718,4.1764,4.1799,4.1832,4.1867,4.1875,4.1971,4.1993,4.2201,4.221,4.223,4.2328,4.2356,4.2376000000000005,4.2398,4.248200000000001,4.2498000000000005,4.2603,4.2675,4.2737,4.2973,4.298900000000001,4.305400000000001,4.308,4.3103,4.3202,4.323,4.3272,4.3297,4.3317000000000005,4.3426,4.3446,4.3468,4.3479,4.3597,4.3621,4.3833,4.3911,4.402200000000001,4.4165,4.4168,4.425,4.4337,4.4341,4.4463,4.4469,4.4567000000000005,4.4583,4.4633,4.4903,4.4974,4.4996,4.4999,4.5054,4.510800000000001,4.5113,4.5129,4.5187,4.5243,4.532,4.543200000000001,4.5558000000000005,4.5598,4.5666,4.581,4.5867,4.5901000000000005,4.5953,4.6014,4.6098,4.6109,4.611400000000001,4.6174,4.6356,4.6633000000000004,4.665,4.6662,4.6799,4.6817,4.6873000000000005,4.7053,4.7172,4.7191,4.7195,4.7201,4.7306,4.7395000000000005,4.7428,4.7475000000000005,4.7551000000000005,4.7638,4.766100000000001,4.7744,4.7801,4.785,4.7858,4.8036,4.8056,4.809200000000001,4.814500000000001,4.8199000000000005,4.820600000000001,4.8273,4.845400000000001,4.863300000000001,4.8678,4.8753,4.8817,4.885400000000001,4.8893,4.8918,4.8926,4.8989,4.911300000000001,4.9165,4.9167000000000005,4.9286,4.929,4.937,4.9565,4.961600000000001,4.9815000000000005,4.9957
26746:1.0346
26863:0.0391,0.1139,0.2541,0.2818,0.4249,0.4607,0.49810000000000004,0.5972000000000001,0.7059000000000001,0.8424,0.9849,1.0573000000000001,1.1880000000000002,1.2702,1.3149,1.3805,1.5285,1.6331,1.7051,1.7938,1.8820000000000001,1.9152,1.9944000000000002,2.1392,2.4143000000000003,2.4657,2.5241000000000002,2.6634,2.8665000000000003,2.9265000000000003,3.0035000000000003,3.0465,3.1515,3.3533,3.4884,3.5762,3.6287000000000003,3.7016,3.8497000000000003,3.8913,4.2723,4.3223,4.4774,4.5905000000000005,4.7189000000000005,4.8569
27398:0.9388000000000001
27609:0.17650000000000002,0.4429,0.913,0.9850000000000001,1.0684,1.2101,1.2801,1.4307,1.6882000000000001,1.747,1.7879,1.9415,2.0237000000000003,2.1243000000000003,2.1663,2.3033,2.4794,2.5709,2.6336,2.7877,2.8535,2.9963,3.0552,3.1125000000000003,3.3595,3.4753000000000003,3.5544000000000002,3.6111,3.6893000000000002,3.8118000000000003,4.051200000000001,4.2908,4.5882000000000005,4.7721,4.8327,4.9994000000000005
28088:0.6990000000000001,2.5454000000000003,3.8031,3.9818000000000002
28270:0.0189,0.0728,0.07980000000000001,0.11410000000000001,0.1597,0.1912,0.21660000000000001,0.2525,0.2982,0.31670000000000004,0.37210000000000004,0.3808,0.4539,0.5318,0.5824,0.5891000000000001,0.6094,0.635,0.6564,0.671,0.6925,0.7595000000000001,0.7833,0.8121,0.8475,0.8837,0.9008,0.9268000000000001,0.9479000000000001,0.9711000000000001,1.0049000000000001,1.0195,1.0517,1.0629,1.1534,1.163,1.2265000000000001,1.2537,1.3821,1.4180000000000001,1.4565000000000001,1.4778,1.5369000000000002,1.5558,1.5654000000000001,1.5945,1.6113000000000002,1.6475000000000002,1.6588,1.6675,1.689,1.7127000000000001,1.7427000000000001,1.7655,1.7953000000000001,1.8327,1.8481,1.9522000000000002,1.9701000000000002,2.0133,2.0259,2.0612,2.0818000000000003,2.1187,2.1359,2.2039,2.2333000000000003,2.258,2.2742,2.2881,2.3203,2.3557,2.4131,2.4423,2.4686,2.5677000000000003,2.5989,2.6132,2.6260000000000003,2.6338,2.6762,2.6975000000000002,2.7158,2.732,2.7786,2.7912000000000003,2.8163,2.8322000000000003,2.8589,2.8926000000000003,2.9026,2.9212000000000002,2.9314,3.0337,3.0745,3.1067,3.1337,3.1628000000000003,3.1761000000000004,3.1838,3.2526,3.2713,3.2912000000000003,3.3422,3.3968000000000003,3.4291,3.4859,3.5429000000000004,3.6022000000000003,3.6425,3.665,3.7306000000000004,3.8046,3.8216,3.8303000000000003,3.8596000000000004,3.8815000000000004,3.9007,3.9325,4.0277,4.0587,4.0938,4.1151,4.1345,4.1834,4.1930000000000005,4.2119,4.2332,4.25,4.279100000000001,4.3152,4.3404,4.3559,4.3687000000000005,4.4392000000000005,4.4607,4.506200000000001,4.5286,4.5757,4.615,4.6269,4.6846000000000005,4.7103,4.7255,4.7577,4.7779,4.7869,4.820600000000001,4.8361,4.8808,4.8998,4.909,4.9322
28588:0.10830000000000001,0.9268000000000001,3.0628,3.4945000000000004,3.8717
29201:1.2192,1.8058,2.7996000000000003,3.0648,3.3702,4.3013,4.783
29644:0.10940000000000001,0.2802,0.3568,0.43870000000000003,0.512,0.5717,0.7339,0.8192,0.8849,1.0064,1.1365,1.2119,1.3861,1.6233000000000002,1.6951,1.7701,1.8885,1.9158000000000002,1.9742000000000002,2.0052000000000003,2.1266000000000003,2.2765,2.3428,2.4601,2.4789000000000003,2.5331,2.612,2.6425,2.6978,2.7804,2.8972,2.9819,3.053,3.1317,3.319,3.4183000000000003,3.5401000000000002,3.5706,3.6585,3.7129000000000003,3.7881,3.8736,3.9549000000000003,4.0702,4.1411,4.1705000000000005,4.2224,4.3523000000000005,4.3825,4.4863,4.5734,4.6007,4.863300000000001,4.9787
30722:0.35660000000000003,0.5506,0.636,0.9102,0.9821000000000001,1.3057,1.5158,1.603,1.897,2.2392000000000003,2.4770000000000003,2.5279000000000003,2.6642,2.7552000000000003,2.8652,2.9672,3.0506,3.3046,3.4062,3.5525,3.6462000000000003,3.8153,3.9239,4.0358,4.1202000000000005,4.1655,4.2592,4.3603000000000005,4.810700000000001,4.8613
30883:0.0247,0.047400000000000005,0.094,0.11670000000000001,0.1374,0.1476,0.17500000000000002,0.19010000000000002,0.2406,0.26080000000000003,0.27040000000000003,0.2818,0.2923,0.3125,0.3276,0.3443,0.3682,0.4058,0.42610000000000003,0.4607,0.4884,0.5363,0.5637,0.599,0.6243000000000001,0.6731,0.7037,0.7336,0.748,0.7698,0.7933,0.8211,0.8435,0.8628,0.8877,0.9326000000000001,0.9619000000000001,0.9833000000000001,1.0059,1.0449,1.0676,1.0812000000000002,1.1002,1.1268,1.1696,1.1937,1.2261,1.241,1.2513,1.2671000000000001,1.2966,1.3201,1.3407,1.3791,1.4006,1.4205,1.4544000000000001,1.4874,1.516,1.5498,1.6103,1.6365,1.6858000000000002,1.7116,1.7417,1.7614,1.7913000000000001,1.8309000000000002,1.8553000000000002,1.8834000000000002,1.9112,1.9453,1.9698,1.9905000000000002,2.0231,2.045,2.1087000000000002,2.1355,2.1603,2.1778,2.2036000000000002,2.2414,2.2693000000000003,2.2921,2.3135,2.3512,2.3744,2.4103000000000003,2.4446000000000003,2.4893,2.5141,2.5379,2.5468,2.5876,2.6369000000000002,2.6528,2.6790000000000003,2.689,2.708,2.7504,2.7661000000000002,2.8044000000000002,2.8243,2.8581000000000003,2.8997,2.9263000000000003,2.9527,2.9766000000000004,3.0119000000000002,3.0393000000000003,3.0756,3.1013,3.1268000000000002,3.1513,3.1759,3.2048,3.2402,3.2536,3.2632000000000003,3.294,3.3195,3.3511,3.4063000000000003,3.4448000000000003,3.4871000000000003,3.5192,3.5535,3.5752,3.5832,3.612,3.6377,3.6774,3.6940000000000004,3.7035,3.7155,3.7553,3.7839,3.8298,3.8498,3.8695000000000004,3.8811,3.8921,3.9055,3.9721,4.0072,4.0441,4.0703000000000005,4.1017,4.1534,4.1635,4.1975,4.2395000000000005,4.2490000000000006,4.2712,4.3051,4.3269,4.3414,4.409800000000001,4.4401,4.4747,4.5155,4.5731,4.609500000000001,4.6418,4.6729,4.7033000000000005,4.7395000000000005,4.766,4.8121,4.8474,4.856800000000001,4.8887,4.943700000000001,4.987900000000001
30887:1.0645,1.8085
31053:0.0128,0.016300000000000002,0.0172,0.0183,0.0205,0.0224,0.0251,0.0405,0.041,0.0444,0.049600000000000005,0.0723,0.077,0.08270000000000001,0.0863,0.0874,0.1017,0.1033,0.10690000000000001,0.109,0.1145,0.11660000000000001,0.12050000000000001,0.1365,0.152,0.15460000000000002,0.15710000000000002,0.15760000000000002,0.1595,0.1681,0.1836,0.19,0.1928,0.19870000000000002,0.19920000000000002,0.2008,0.2137,0.21730000000000002,0.21930000000000002,0.2252,0.2454,0.2506,0.2521,0.25630000000000003,0.27190000000000003,0.27290000000000003,0.2785,0.2817,0.29400000000000004,0.2944,0.329,0.3383,0.3446,0.3854,0.3871,0.39330000000000004,0.39890000000000003,0.41090000000000004,0.4133,0.4152,0.4166,0.4173,0.4176,0.4193,0.41950000000000004,0.4415,0.4495,0.454,0.4544,0.46430000000000005,0.4848,0.4917,0.5009,0.5098,0.5129,0.5194,0.524,0.5256000000000001,0.5293,0.5321,0.5386000000000001,0.5463,0.5583,0.5607,0.5614,0.5642,0.5848,0.5860000000000001,0.5909,0.5911000000000001,0.5953,0.608,0.6084,0.6186,0.6197,0.6259,0.6263000000000001,0.6303000000000001,0.6353,0.6357,0.6426000000000001,0.6645,0.6714,0.6742,0.6773,0.6905,0.6960000000000001,0.7094,0.7107,0.7142000000000001,0.7184,0.7190000000000001,0.7205,0.7248,0.7364,0.7366,0.7369,0.7375,0.7644000000000001,0.7652,0.7748,0.7758,0.7817000000000001,0.7998000000000001,0.8049000000000001,0.8144,0.8187000000000001,0.8197,0.8240000000000001,0.8264,0.8276,0.8336,0.8585,0.8721,0.8728,0.8853000000000001,0.8933000000000001,0.8961,0.8976000000000001,0.8979,0.9095000000000001,0.913,0.9152,0.9236000000000001,0.9256000000000001,0.9376000000000001,0.9416,0.9442,0.9621000000000001,0.9650000000000001,0.9680000000000001,0.9699000000000001,0.9738,0.9795,0.9804,0.9917,0.9988,1.0362,1.0364,1.0391000000000001,1.0467,1.0487,1.0763,1.0767,1.0851,1.0966,1.1066,1.1119,1.1124,1.1166,1.1281,1.1329,1.1365,1.1396,1.1441000000000001,1.1455,1.1573,1.1593,1.1678,1.1695,1.1829,1.1862000000000001,1.1909,1.1978,1.2056,1.2152,1.236,1.2416,1.2509000000000001,1.2529000000000001,1.2539,1.2591,1.2630000000000001,1.2632,1.2803,1.2854,1.2879,1.2969000000000002,1.3031000000000001,1.3137,1.3168,1.3214000000000001,1.337,1.3434000000000001,1.3512,1.3612,1.3705,1.3824,1.3835000000000002,1.4076,1.4084,1.4176,1.4191,1.4339000000000002,1.4467,1.4476,1.4556,1.4598,1.4846000000000001,1.4954,1.4999,1.5068000000000001,1.5145000000000002,1.5199,1.5399,1.5481,1.5601,1.5604,1.5629000000000002,1.5657,1.5771000000000002,1.5776000000000001,1.5784,1.5833000000000002,1.59,1.6049,1.6097000000000001,1.6104,1.6111,1.6127,1.6133000000000002,1.6136000000000001,1.6352,1.6581000000000001,1.6700000000000002,1.6705,1.671,1.6756,1.6800000000000002,1.6825,1.6841000000000002,1.6894,1.6962000000000002,1.6977,1.709,1.7191,1.7198,1.721,1.7216,1.7259,1.7332,1.7346000000000001,1.7352,1.7439,1.7447000000000001,1.7504000000000002,1.7559,1.7696,1.7735,1.7739,1.7851000000000001,1.7910000000000001,1.7928000000000002,1.7949000000000002,1.7976,1.8003,1.8121,1.8124,1.8148000000000002,1.8179,1.8367,1.8437000000000001,1.8449,1.8543,1.867,1.8822,1.9011,1.9015000000000002,1.9112,1.9153,1.9228,1.9474,1.9481000000000002,1.9528,1.9536,1.9587,1.9605000000000001,1.9707000000000001,1.9766000000000001,1.9925000000000002,1.9932,1.9944000000000002,1.9964000000000002,1.9978,2.0084,2.0105,2.0142,2.0148,2.0207,2.0220000000000002,2.0334000000000003,2.0351,2.0357000000000003,2.0368,2.0374,2.0408,2.0562,2.0583,2.0666,2.067,2.0723000000000003,2.0725000000000002,2.0742000000000003,2.0900000000000003,2.0975,2.1084,2.1108000000000002,2.1269,2.1328,2.1343,2.1363000000000003,2.1388000000000003,2.1409000000000002,2.1461,2.1474,2.1508000000000003,2.1547,2.1559,2.1715,2.1843,2.189,2.1927000000000003,2.1962,2.201,2.2070000000000003,2.209,2.2141,2.2161,2.2264,2.2406,2.241,2.2441,2.2476000000000003,2.2504,2.2524,2.2711,2.2738,2.282,2.2956000000000003,2.299,2.2999,2.3006,2.3057000000000003,2.3171,2.3241,2.3247,2.3352,2.3367,2.337,2.3584,2.3606000000000003,2.3661000000000003,2.3666,2.3773,2.3804000000000003,2.3807,2.3868,2.3984,2.4029000000000003,2.4096,2.4109000000000003,2.4128000000000003,2.4210000000000003,2.4223,2.4313000000000002,2.4362,2.4444,2.447,2.4531,2.4611,2.471,2.4816000000000003,2.4839,2.4841,2.4847,2.4868,2.4891,2.5043,2.5081,2.5089,2.5096000000000003,2.5105,2.5165,2.5215,2.5223,2.5295,2.5340000000000003,2.5416000000000003,2.5441000000000003,2.5481000000000003,2.5497,2.5512,2.5545,2.5553,2.5566,2.5573,2.563,2.5672,2.5894,2.6005000000000003,2.603,2.6036,2.6154,2.6211,2.6227,2.637,2.6485000000000003,2.6496,2.6551,2.6599,2.6638,2.6735,2.6763000000000003,2.6829,2.6946000000000003,2.7092,2.7128,2.7226,2.7285,2.7369000000000003,2.7514000000000003,2.7563,2.7709,2.7721,2.7874000000000003,2.7905,2.809,2.8262,2.8315,2.846,2.851,2.8677,2.8684000000000003,2.8719,2.8745000000000003,2.8793,2.8808000000000002,2.8845,2.8863000000000003,2.8871,2.8919,2.9028,2.9073,2.9272,2.9327,2.9547000000000003,2.9597,2.9667000000000003,2.97,2.9722,2.9730000000000003,2.9757000000000002,2.9793000000000003,2.9797000000000002,2.9824,2.987,2.9902,3.0187,3.0206,3.0365,3.0393000000000003,3.0467,3.0497,3.0579,3.0747,3.0845000000000002,3.0956,3.1024000000000003,3.1032,3.1046,3.1134,3.1183,3.1232,3.1499,3.1537,3.1549,3.1593,3.1598,3.1673,3.1764,3.1846,3.185,3.1934,3.1945,3.2012,3.2046,3.2074000000000003,3.2251000000000003,3.233,3.2366,3.2511,3.2709,3.2758000000000003,3.2781000000000002,3.2842000000000002,3.2955,3.2957,3.2965,3.297,3.3121,3.3152000000000004,3.3206,3.3276000000000003,3.3284000000000002,3.3294,3.3468,3.3572,3.3576,3.3685,3.3697000000000004,3.3765,3.3771,3.3807,3.4035,3.4061000000000003,3.4151000000000002,3.4215,3.4363,3.4543000000000004,3.4551000000000003,3.4583000000000004,3.459,3.4602000000000004,3.4659,3.4678,3.4765,3.4836,3.4970000000000003,3.4998,3.5023,3.5066,3.5075000000000003,3.5309000000000004,3.5505,3.5589,3.5624000000000002,3.576,3.5818000000000003,3.5847,3.5856000000000003,3.5905,3.5941,3.5996,3.6029,3.6237000000000004,3.6298000000000004,3.6306000000000003,3.6354,3.6387,3.6389,3.6510000000000002,3.6551,3.6582000000000003,3.6584000000000003,3.6590000000000003,3.6866000000000003,3.6884,3.6942000000000004,3.6946000000000003,3.6969000000000003,3.6991,3.7012,3.7063,3.7202,3.7239,3.7482,3.7664,3.7745,3.7982,3.8044000000000002,3.8132,3.8283,3.8385000000000002,3.8504,3.8767,3.8850000000000002,3.8881,3.89,3.9141000000000004,3.9145000000000003,3.9304,3.9332000000000003,3.9589000000000003,3.9784,3.9827000000000004,3.9829000000000003,3.9849,3.9903000000000004,3.9933,4.0136,4.0200000000000005,4.0342,4.0468,4.048900000000001,4.0681,4.0717,4.0856,4.0875,4.0965,4.1007,4.1075,4.1078,4.1086,4.1441,4.1459,4.1623,4.1685,4.1822,4.1898,4.2008,4.2053,4.2075000000000005,4.242,4.2538,4.260800000000001,4.2617,4.2724,4.2739,4.2786,4.2815,4.2888,4.2979,4.300800000000001,4.3076,4.3255,4.3266,4.3376,4.3429,4.3571,4.3578,4.3628,4.3741,4.381,4.385,4.385800000000001,4.391,4.4089,4.413,4.4378,4.441,4.4468000000000005,4.447900000000001,4.4507,4.4867,4.4882,4.5016,4.5045,4.5054,4.5092,4.5147,4.5192000000000005,4.5208,4.5224,4.5229,4.5265,4.5275,4.529100000000001,4.5309,4.5338,4.535200000000001,4.54,4.5549,4.563400000000001,4.5656,4.5697,4.5759,4.5783000000000005,4.5853,4.5859000000000005,4.597,4.6082,4.6242,4.6385000000000005,4.6406,4.6521,4.657500000000001,4.6591000000000005,4.662,4.6683,4.6809,4.6916,4.7035,4.7157,4.7159,4.7332,4.7362,4.738300000000001,4.7386,4.744400000000001,4.752000000000001,4.7571,4.7705,4.7833000000000006,4.7877,4.7921000000000005,4.7939,4.7945,4.795,4.7964,4.8011,4.8045,4.8055,4.812,4.8129,4.8137,4.819100000000001,4.8223,4.8268,4.8273,4.828,4.8285,4.847700000000001,4.863700000000001,4.8642,4.8669,4.8828000000000005,4.8867,4.897,4.8981,4.9077,4.9246,4.9252,4.9298,4.9301,4.9378,4.9451,4.9466,4.9474,4.958,4.9627,4.965800000000001,4.9687,4.9758000000000004,4.9909,4.9914000000000005,4.9924,4.9949,4.9956000000000005
31232:0.3926,0.6011000000000001,2.9362
31656:0.042100000000000005,0.07930000000000001,0.13540000000000002,0.191,0.2686,0.3387,0.3714,0.4197,0.47300000000000003,0.5137,0.5721,0.6188,0.6866,0.7355,0.7976000000000001,0.8324,0.8629,0.8918,0.928,0.9787,1.0008000000000001,1.081,1.1124,1.1486,1.2075,1.2503,1.286,1.332,1.3784,1.4117000000000002,1.4508,1.48,1.5118,1.5353,1.6014000000000002,1.6392,1.6904000000000001,1.7462,1.8533000000000002,1.8857000000000002,1.9546000000000001,2.0232,2.0851,2.1184000000000003,2.15,2.1967000000000003,2.2588,2.2999,2.3815,2.4445,2.4697,2.5075000000000003,2.5295,2.5721000000000003,2.6154,2.6504000000000003,2.6786000000000003,2.7262,2.7613000000000003,2.801,2.8328,2.8674,2.9355,2.9564000000000004,2.9906,3.0281000000000002,3.076,3.1458,3.1747,3.2334,3.2977000000000003,3.3975,3.419,3.4479,3.4971,3.5216000000000003,3.5612000000000004,3.6085000000000003,3.6461,3.6983,3.7311,3.7773000000000003,3.8229,3.9022,3.9574000000000003,3.9913000000000003,4.0422,4.077100000000001,4.1044,4.1557,4.1976,4.2592,4.2917000000000005,4.336,4.3578,4.4108,4.4482,4.5762,4.61,4.6403,4.6882,4.7327,4.795100000000001,4.8321000000000005,4.8696,4.933800000000001,4.9846
32167:2.0485
32348:1.223,1.7999,2.1785,2.6457,3.068,3.1295,3.3746,3.6281000000000003,4.305000000000001,4.7862
32602:1.2197
33747:0.9002,1.2265000000000001
33912:0.0864,0.10990000000000001,0.1857,0.2797,0.35350000000000004,0.4348,0.5023,0.5647,0.6108,0.6920000000000001,0.7361000000000001,0.8150000000000001,0.8663000000000001,0.8836,0.9152,1.0025,1.0528,1.1305,1.2075,1.2689000000000001,1.4118000000000002,1.4991,1.5516,1.6182,1.6684,1.7643,1.9012,1.9941000000000002,2.0505,2.1164,2.1311,2.1644,2.2118,2.2634000000000003,2.3693,2.4678,2.5258000000000003,2.5748,2.6277,2.6638,2.6868000000000003,2.7506,2.7854,2.8204000000000002,2.8528000000000002,2.8753,2.9929,3.0541,3.1092,3.1501,3.1907,3.2405,3.2969,3.3557,3.4751000000000003,3.5541,3.6104000000000003,3.6527000000000003,3.7036000000000002,3.7397,3.79,3.8664,3.99,4.0609,4.107600000000001,4.1594,4.2198,4.2636,4.3009,4.3163,4.3445,4.3790000000000004,4.4785,4.587000000000001,4.6477,4.786300000000001,4.8194,4.856800000000001,4.897
34436:0.27040000000000003,0.6332,0.874,1.06,1.1006,1.2102000000000002,1.6125,1.742,2.0558,2.1244,2.4331,2.8167,3.1957,3.2599,3.3185000000000002,3.3637,3.9861,4.3401000000000005,4.4916,4.7399000000000004,4.7906
34615:0.020800000000000003,0.028300000000000002,0.0713,0.09040000000000001,0.1044,0.14020000000000002,0.1799,0.1874,0.198,0.23620000000000002,0.2591,0.2721,0.3053,0.322,0.3432,0.3713,0.3815,0.4118,0.42960000000000004,0.463,0.47090000000000004,0.4937,0.5021,0.5313,0.5387000000000001,0.5567,0.5908,0.5984,0.6311,0.6414000000000001,0.6502,0.6882,0.6995,0.7175,0.7328,0.7634000000000001,0.789,0.8061,0.8126,0.8527,0.8676,0.8769,0.9088,0.9349000000000001,0.9623,0.9764,0.9951000000000001,1.0011,1.0257,1.0434,1.0496,1.079,1.1023,1.122,1.1571,1.1735,1.1994,1.2049,1.2143000000000002,1.2477,1.2562,1.2719,1.3010000000000002,1.3364,1.3441,1.3673,1.3838000000000001,1.4081000000000001,1.4300000000000002,1.4524000000000001,1.4608,1.4877,1.4969000000000001,1.5196,1.5403,1.5483,1.5904,1.6047,1.6171,1.6343,1.6532,1.6768,1.6860000000000002,1.7068,1.7308000000000001,1.7567000000000002,1.7989000000000002,1.8327,1.8681,1.893,1.9017000000000002,1.9371,1.9611,1.9780000000000002,1.9894,2.0264,2.036,2.0471,2.0776,2.0919000000000003,2.1133,2.1203000000000003,2.1553,2.1618,2.1903,2.2018,2.2151,2.2391,2.2477,2.263,2.2969,2.3256,2.3587000000000002,2.408,2.4157,2.4457,2.4521,2.4647,2.4841,2.5018000000000002,2.5107,2.5237000000000003,2.5474,2.5687,2.5888,2.5983,2.6226000000000003,2.6351,2.6564,2.669,2.6859,2.6925000000000003,2.7265,2.7444,2.7635,2.7718000000000003,2.79,2.8086,2.8352,2.8622,2.8696,2.887,2.9238,2.9426,2.9657,2.9821,2.9959000000000002,3.0139,3.0363,3.0508,3.0860000000000003,3.1095,3.1204,3.1387,3.1506000000000003,3.1792000000000002,3.1881,3.2136,3.2226000000000004,3.2299,3.2421,3.2701000000000002,3.2813000000000003,3.3049,3.3127,3.3428,3.3513,3.3866,3.4045,3.4117,3.4444000000000004,3.4707000000000003,3.4931,3.5233000000000003,3.5474,3.5689,3.5799000000000003,3.6009,3.6188000000000002,3.6430000000000002,3.6508000000000003,3.6888,3.6989,3.7058,3.7427,3.7702,3.7815000000000003,3.8118000000000003,3.8381000000000003,3.8593,3.8735000000000004,3.8988,3.9374000000000002,3.9703000000000004,3.9825000000000004,4.0099,4.0332,4.0521,4.0665000000000004,4.0774,4.0922,4.1147,4.1261,4.1524,4.167,4.1835,4.196400000000001,4.2077,4.218,4.2442,4.2579,4.2651,4.2941,4.3022,4.3146,4.3383,4.3561000000000005,4.3657,4.4103,4.4434000000000005,4.471900000000001,4.486000000000001,4.5198,4.5547,4.582,4.5913,4.6157,4.6393,4.6467,4.6821,4.6891,4.7327,4.7704,4.778300000000001,4.8064,4.8131,4.8228,4.8453,4.8513,4.8659,4.8787,4.913600000000001,4.9312000000000005,4.9388000000000005,4.9674000000000005,4.982200000000001
34673:0.022000000000000002,0.09920000000000001,0.1816,0.2525,0.32220000000000004,0.42650000000000005,0.555,0.5981000000000001,0.6922,0.9065000000000001,2.0414,2.3271,2.5119000000000002,2.6553,2.9357,3.133,3.1849000000000003,3.3023000000000002,3.4843,3.6911,3.8584,3.9802000000000004,4.1187000000000005,4.2134,4.2919,4.3147,4.802700000000001,4.9347
34813:0.0579,0.10830000000000001,0.15380000000000002,0.20450000000000002,0.2539,0.3093,0.4325,0.47290000000000004,0.5393,0.5844,0.6472,0.7253000000000001,0.8247,0.8668,0.9651000000000001,1.0243,1.0799,1.1756,1.241,1.3046,1.3836000000000002,1.4351,1.4946000000000002,1.5858,1.6537000000000002,1.7201000000000002,1.7985,1.8828,1.9431,1.994,2.0533,2.1102000000000003,2.1772,2.2176,2.2724,2.3248,2.384,2.4231000000000003,2.4708,2.5164,2.5522,2.6099,2.6592000000000002,2.7099,2.7833,2.8374,2.8724000000000003,2.9893,3.0498000000000003,3.1289000000000002,3.2222,3.269,3.3252,3.3851,3.415,3.4690000000000003,3.5362,3.624,3.7147,3.7679,3.8131000000000004,3.8616,3.9234,3.9789000000000003,4.034,4.1206000000000005,4.2103,4.254700000000001,4.3093,4.3525,4.4546,4.485,4.585,4.6766000000000005,4.7295,4.8627,4.909,4.9562
34876:0.258,1.2805,2.5139,3.3808000000000002,4.3076
35141:0.0585,0.0838,0.1153,0.1673,0.2374,0.2776,0.2924,0.3383,0.3543,0.40890000000000004,0.4611,0.5014000000000001,0.5364,0.5933,0.6329,0.6754,0.7181000000000001,0.8155,0.8538,0.8712000000000001,0.9054000000000001,0.9315,0.9483,1.0228000000000002,1.0493000000000001,1.0833000000000002,1.1564,1.1926,1.2071,1.2258,1.2718,1.3247,1.3397000000000001,1.3932,1.4257,1.4828000000000001,1.5377,1.5591000000000002,1.5708,1.5974000000000002,1.618,1.6615,1.6860000000000002,1.6988,1.7334,1.7465000000000002,1.7847000000000002,1.8019,1.8537000000000001,1.9322000000000001,1.9705000000000001,2.0173,2.0420000000000003,2.072,2.085,2.1186000000000003,2.1564,2.2119,2.2375000000000003,2.2948,2.3232,2.3612,2.4002000000000003,2.4338,2.4671000000000003,2.4857,2.533,2.5606,2.5712,2.6149,2.6375,2.7071,2.7369000000000003,2.7634000000000003,2.7784,2.8423000000000003,2.8815,2.9148,2.9338,2.9809,3.0453,3.06,3.1014,3.1413,3.1642,3.1725000000000003,3.1958,3.2424,3.2957,3.341,3.4185000000000003,3.4656000000000002,3.495,3.5977,3.6231,3.6485000000000003,3.6731000000000003,3.7103,3.7293000000000003,3.7394000000000003,3.8305000000000002,3.8573000000000004,3.8891,3.9052000000000002,3.9266,3.9463000000000004,4.0147,4.0475,4.0923,4.128,4.1811,4.2224,4.2753000000000005,4.3047,4.341200000000001,4.368,4.4353,4.5081,4.5175,4.5285,4.577500000000001,4.6206000000000005,4.6661,4.7090000000000005,4.7218,4.7471000000000005,4.7838,4.816,4.829400000000001,4.8361,4.8977,4.939900000000001,4.957800000000001,4.989800000000001
35460:0.08850000000000001,0.17350000000000002,0.28300000000000003,0.43810000000000004,0.5403,0.6831,0.8659,0.9093,0.9809,1.065,1.1694,1.2094,1.2763,1.3993,1.4303000000000001,1.5665,1.6858000000000002,1.7427000000000001,1.786,1.9387,2.0198,2.0521000000000003,2.1213,2.1642,2.2652,2.3027,2.3681,2.4739,2.5297,2.5698000000000003,2.6296,2.7431,2.7867,2.85,2.9939,3.0539,3.1073,3.173,3.3577000000000004,3.4706,3.5507,3.6082,3.6834000000000002,3.7392000000000003,3.8113,3.8622,3.9138,4.047000000000001,4.1684,4.2279,4.2894000000000005,4.3467,4.4626,4.5318000000000005,4.5864,4.7534,4.8304,4.9031,4.9966
35811:2.6874000000000002,2.8762000000000003,3.3167
36052:0.6303000000000001,2.1281,3.4444000000000004,4.3021
36276:1.2175,1.7975,2.1741,2.7999,3.0656000000000003,4.3052
36506:0.0073,0.0183,0.042100000000000005,0.0555,0.0755,0.09340000000000001,0.10500000000000001,0.11370000000000001,0.13140000000000002,0.1446,0.1598,0.1739,0.188,0.19690000000000002,0.2151,0.2262,0.2359,0.2456,0.2528,0.281,0.2985,0.312,0.32130000000000003,0.3375,0.3547,0.36810000000000004,0.3786,0.4011,0.41350000000000003,0.4238,0.43710000000000004,0.4585,0.47640000000000005,0.496,0.5107,0.525,0.5374,0.5522,0.5626,0.5823,0.5948,0.6071000000000001,0.6152000000000001,0.634,0.6409,0.662,0.6802,0.6879000000000001,0.7014,0.7150000000000001,0.7342000000000001,0.748,0.7627,0.7778,0.7964,0.8180000000000001,0.8294,0.8411000000000001,0.8583000000000001,0.8746,0.8893000000000001,0.9009,0.9185000000000001,0.9395,0.9487000000000001,0.9566,0.9694,0.9840000000000001,0.9938,1.0144,1.0289000000000001,1.0432000000000001,1.0557,1.0697,1.0872,1.099,1.1198000000000001,1.1307,1.1561000000000001,1.1648,1.1841000000000002,1.2007,1.2186000000000001,1.2319,1.2464,1.2619,1.2706,1.2890000000000001,1.2965,1.3235000000000001,1.3409,1.3551,1.3715000000000002,1.3844,1.3978000000000002,1.4080000000000001,1.4276,1.4423000000000001,1.4525000000000001,1.4698,1.4822,1.4985000000000002,1.5119,1.5263,1.5469000000000002,1.5628,1.5764,1.5955000000000001,1.6094000000000002,1.6194000000000002,1.6356000000000002,1.6459000000000001,1.6571,1.6703000000000001,1.6905000000000001,1.7019000000000002,1.7137,1.7266000000000001,1.7413,1.7561,1.7667000000000002,1.7862,1.8093000000000001,1.8215000000000001,1.8370000000000002,1.8537000000000001,1.8621,1.8785,1.8908,1.9080000000000001,1.9204,1.9306,1.9468,1.9620000000000002,1.9725000000000001,1.9842000000000002,1.9961,2.0138000000000003,2.0257,2.0420000000000003,2.0552,2.0745,2.0874,2.0999000000000003,2.112,2.1245000000000003,2.1368,2.1536,2.168,2.1779,2.1943,2.2071,2.2281,2.2399,2.2507,2.261,2.2806,2.2897000000000003,2.3037,2.3196000000000003,2.3308,2.3405,2.3609,2.3744,2.3899,2.4019,2.4178,2.4376,2.4496,2.4634,2.4798,2.492,2.4997000000000003,2.5069,2.5246,2.5409,2.5549,2.5683000000000002,2.579,2.5988,2.6084,2.6171,2.6308000000000002,2.6413,2.6526,2.6638,2.6755,2.6851000000000003,2.7021,2.7108000000000003,2.7249000000000003,2.7409000000000003,2.758,2.7727,2.7869,2.7957,2.8091,2.8305000000000002,2.8435,2.8548,2.8805,2.8909000000000002,2.9072,2.9314,2.9476,2.9584,2.9735,2.9834,2.9998,3.0096000000000003,3.0217,3.0395000000000003,3.0572000000000004,3.0706,3.0869,3.1001000000000003,3.1131,3.1236,3.1489000000000003,3.16,3.1813000000000002,3.1896,3.2006,3.2105,3.2270000000000003,3.2417000000000002,3.2601,3.2715,3.2892,3.2994000000000003,3.315,3.3258,3.3400000000000003,3.3536,3.3657000000000004,3.3752,3.3930000000000002,3.4033,3.4301000000000004,3.4434,3.4566000000000003,3.4788,3.4945000000000004,3.5083,3.5233000000000003,3.5362,3.5576000000000003,3.5742000000000003,3.5896000000000003,3.6157000000000004,3.6287000000000003,3.6416000000000004,3.6556,3.6766,3.6879,3.7033,3.7163000000000004,3.7304000000000004,3.7474000000000003,3.7551,3.765,3.7787,3.7919,3.8016,3.8179000000000003,3.8269,3.8414,3.8527,3.8625000000000003,3.8756000000000004,3.8987000000000003,3.9102,3.9234,3.9357,3.9455,3.9586,3.9687,3.9783000000000004,3.9999000000000002,4.014,4.0255,4.0433,4.0533,4.0671,4.0926,4.1046000000000005,4.1153,4.1289,4.1416,4.1545000000000005,4.168200000000001,4.1892000000000005,4.2015,4.2138,4.2314,4.244400000000001,4.2609,4.273000000000001,4.2843,4.2995,4.310700000000001,4.3193,4.3263,4.3419,4.359100000000001,4.3747,4.3889000000000005,4.402,4.421,4.439,4.4486,4.460500000000001,4.4718,4.4886,4.5057,4.5208,4.5395,4.548900000000001,4.5703000000000005,4.5875,4.6032,4.6327,4.6442000000000005,4.6599,4.6691,4.6786,4.6923,4.705900000000001,4.7184,4.736000000000001,4.7508,4.7683,4.7889,4.7998,4.813000000000001,4.8367,4.8531,4.8636,4.8758,4.8918,4.8998,4.9209000000000005,4.9317,4.946400000000001,4.9692,4.9834000000000005,4.9941
36694:1.7951000000000001,2.1741,2.3149,2.799
37020:0.0392,0.07390000000000001,0.10500000000000001,0.1564,0.184,0.2131,0.2499,0.27690000000000003,0.29460000000000003,0.32880000000000004,0.37470000000000003,0.39790000000000003,0.45170000000000005,0.5639000000000001,0.5834,0.5983,0.6313000000000001,0.6676000000000001,0.6847000000000001,0.7572,0.781,0.8102,0.8463,0.8714000000000001,0.9228000000000001,0.9962000000000001,1.0158,1.0601,1.1549,1.1864000000000001,1.2236,1.3116,1.3818000000000001,1.4133,1.4519,1.4743000000000002,1.5121,1.5567,1.6141,1.6614,1.6861000000000002,1.7101000000000002,1.74,1.7925,1.8329000000000002,1.9415,2.0067,2.0226,2.0425,2.08,2.1135,2.2082,2.2536,2.283,2.3166,2.3501000000000003,2.415,2.4616000000000002,2.5477000000000003,2.6088,2.6286,2.6567000000000003,2.6931000000000003,2.7295000000000003,2.7878000000000003,2.8282000000000003,2.8544,2.8946,2.9138,2.9288000000000003,2.9650000000000003,2.9952,3.0290000000000004,3.071,3.0998,3.1606,3.1766,3.2492,3.2692,3.2883,3.3385000000000002,3.3947000000000003,3.4145000000000003,3.4845,3.5365,3.5994,3.64,3.6592000000000002,3.709,3.7969000000000004,3.8227,3.8600000000000003,3.8807,3.9001,3.9294000000000002,4.0251,4.045100000000001,4.0915,4.1279,4.186,4.226500000000001,4.2459,4.2763,4.3127,4.3349,4.365,4.4271,4.452100000000001,4.5025,4.5239,4.5652,4.5975,4.6197,4.6893,4.7232,4.7529,4.782900000000001,4.812600000000001,4.8849,4.9009,4.932
37128:0.018500000000000003,0.0363,0.057300000000000004,0.0736,0.10350000000000001,0.13,0.1555,0.1794,0.1991,0.2164,0.23950000000000002,0.26730000000000004,0.2999,0.3136,0.33340000000000003,0.3496,0.3669,0.38270000000000004,0.40030000000000004,0.42010000000000003,0.4309,0.4655,0.4787,0.4909,0.5205000000000001,0.5359,0.5518000000000001,0.5912000000000001,0.6153000000000001,0.6305000000000001,0.6445000000000001,0.668,0.6898000000000001,0.7050000000000001,0.7257,0.7449,0.7856000000000001,0.8098000000000001,0.8345,0.8497,0.866,0.8836,0.8989,0.9177000000000001,0.9413,0.9622,0.9775,0.9969,1.0263,1.0394,1.0530000000000002,1.0802,1.1135000000000002,1.1319000000000001,1.1499000000000001,1.1612,1.1912,1.2074,1.2276,1.2443,1.2573,1.2741,1.2927,1.3068,1.3256000000000001,1.341,1.358,1.3787,1.4083,1.4309,1.4515,1.4695,1.49,1.4985000000000002,1.5129000000000001,1.5333,1.552,1.5663,1.5923,1.6057000000000001,1.6326,1.6603,1.6806,1.6874,1.7061000000000002,1.7291,1.7493,1.7631000000000001,1.7924,1.8098,1.8338,1.8479,1.858,1.8900000000000001,1.9200000000000002,1.9484000000000001,1.9689,1.9814,2.0016000000000003,2.0245,2.0347,2.0615,2.0824000000000003,2.1049,2.1189,2.1445000000000003,2.16,2.1803,2.2006,2.2283,2.2434000000000003,2.2614,2.2857000000000003,2.3185000000000002,2.3292,2.3453,2.3614,2.3765,2.3945000000000003,2.4322,2.4479,2.4708,2.4872,2.5244,2.5486,2.5726,2.5894,2.6236,2.6393,2.6566,2.6736,2.6916,2.7035,2.733,2.7474000000000003,2.7655000000000003,2.791,2.8114000000000003,2.8273,2.8542,2.8671,2.8856,2.9194,2.95,2.9671000000000003,2.9809,2.9981,3.0146,3.0322,3.0689,3.0916,3.1131,3.1408,3.1642,3.1818,3.2037,3.2133000000000003,3.2385,3.2513,3.2881,3.3129,3.3368,3.3593,3.3809,3.4045,3.4148,3.4434,3.4561,3.4782,3.5012000000000003,3.5231000000000003,3.5429000000000004,3.5589,3.5893,3.6060000000000003,3.6268000000000002,3.6457,3.6638,3.6835,3.7082,3.7236000000000002,3.7504000000000004,3.7737000000000003,3.7882000000000002,3.8181000000000003,3.8494,3.8636000000000004,3.8775000000000004,3.8974,3.9098,3.9398,3.9645,3.9798,3.9943000000000004,4.0217,4.0315,4.0449,4.0635,4.089700000000001,4.1157,4.1347000000000005,4.1536,4.1665,4.1802,4.2009,4.208600000000001,4.2258000000000004,4.2598,4.2754,4.2952,4.3068,4.3406,4.3678,4.3753,4.3901,4.4066,4.4190000000000005,4.4462,4.492,4.5061,4.5271,4.5491,4.5572,4.5746,4.5999,4.6158,4.6394,4.6607,4.6769,4.687600000000001,4.7165,4.7319,4.7626,4.7757000000000005,4.809,4.8375,4.8659,4.8822,4.8958,4.915900000000001,4.948,4.9669,4.9863
37180:1.4372,1.7954,2.1742,4.5997
37545:1.9015000000000002,3.7854
37567:0.0224,0.0703,0.09000000000000001,0.10740000000000001,0.14170000000000002,0.18050000000000002,0.194,0.23620000000000002,0.2647,0.2756,0.30060000000000003,0.32220000000000004,0.3435,0.3729,0.4233,0.4314,0.4657,0.49310000000000004,0.5091,0.5353,0.5574,0.5915,0.6034,0.6357,0.6466000000000001,0.6889000000000001,0.7084,0.7275,0.7692,0.7979,0.8096,0.8542000000000001,0.871,0.8801,0.909,0.9641000000000001,0.9872000000000001,0.9985,1.0263,1.0479,1.0799,1.1044,1.1237000000000001,1.1693,1.1925000000000001,1.2054,1.2197,1.2497,1.2626000000000002,1.2762,1.302,1.3375000000000001,1.3679000000000001,1.4065,1.4326,1.455,1.4846000000000001,1.498,1.5206000000000002,1.5430000000000001,1.5916000000000001,1.6098000000000001,1.6205,1.6431,1.6588,1.6819000000000002,1.7067,1.7305000000000001,1.7568000000000001,1.8006,1.8352000000000002,1.8752000000000002,1.8960000000000001,1.935,1.9621000000000002,1.9838,1.9994,2.0344,2.0466,2.0896,2.1047000000000002,2.1192,2.1558,2.1661,2.1962,2.2059,2.2424,2.2561,2.2959,2.3245,2.3609,2.4153000000000002,2.4476,2.463,2.4843,2.5050000000000003,2.5184,2.5273000000000003,2.5523000000000002,2.5726,2.595,2.6209000000000002,2.6376,2.6583,2.6727000000000003,2.6881,2.7425,2.7557,2.7692,2.7893000000000003,2.8087,2.8368,2.8654,2.8881,2.9422,2.9666,2.9879000000000002,3.012,3.0374000000000003,3.0518,3.0866000000000002,3.1112,3.1357,3.1475,3.1789,3.1883000000000004,3.2082,3.2264,3.2466000000000004,3.2724,3.2902,3.3062,3.3365,3.35,3.3861000000000003,3.4073,3.444,3.4735,3.5,3.547,3.5734000000000004,3.6004,3.6188000000000002,3.645,3.6863,3.6995,3.7083000000000004,3.7422,3.7706000000000004,3.7845,3.8121,3.8588,3.8729,3.906,3.9377,3.9718,3.9843,4.0335,4.053100000000001,4.0728,4.0921,4.1147,4.1291,4.155,4.1751000000000005,4.2016,4.2153,4.2434,4.258,4.2702,4.295100000000001,4.308,4.325200000000001,4.343100000000001,4.365,4.412100000000001,4.4442,4.474600000000001,4.5214,4.5589,4.5829,4.615,4.637300000000001,4.648000000000001,4.6850000000000005,4.7328,4.770700000000001,4.7809,4.805400000000001,4.8137,4.835500000000001,4.8514,4.8677,4.8811,4.9223,4.94,4.973800000000001
38194:0.026000000000000002,0.0719,0.1008,0.12940000000000002,0.1502,0.18430000000000002,0.1983,0.24000000000000002,0.2664,0.2811,0.3095,0.33130000000000004,0.35000000000000003,0.38070000000000004,0.4166,0.4302,0.4607,0.4752,0.49820000000000003,0.5374,0.5633,0.5931000000000001,0.6066,0.6289,0.6451,0.6907,0.7071000000000001,0.7281000000000001,0.7854,0.8094,0.8413,0.8586,0.8789,0.914,0.9444,0.9690000000000001,0.9831000000000001,1.0006000000000002,1.0361,1.0517,1.0827,1.1107,1.1308,1.1759000000000002,1.1954,1.2084000000000001,1.2434,1.2577,1.2793,1.3054000000000001,1.3388,1.3493000000000002,1.3739000000000001,1.4087,1.4346,1.4568,1.4755,1.4962,1.5227000000000002,1.5455,1.5569000000000002,1.5948,1.6112000000000002,1.6249,1.659,1.6865,1.7102000000000002,1.7383000000000002,1.7614,1.8034000000000001,1.8378,1.8588,1.8796000000000002,1.8977000000000002,1.9425000000000001,1.9673,1.9928000000000001,2.0208,2.0380000000000003,2.0601000000000003,2.0964,2.1149,2.1434,2.1623,2.1998,2.2113,2.2414,2.2567,2.3003,2.3197,2.3334,2.3631,2.415,2.4483,2.4667000000000003,2.5076,2.5277000000000003,2.5524,2.5746,2.6023,2.6264000000000003,2.6464000000000003,2.6626000000000003,2.6903,2.709,2.7467,2.773,2.811,2.8385000000000002,2.8576,2.8716,2.9096,2.9293,2.9502,2.9715000000000003,2.9982,3.0184,3.0402,3.0607,3.0903,3.1157000000000004,3.1427,3.1572,3.1816,3.1952000000000003,3.2159,3.2341,3.2534,3.2795,3.3042000000000002,3.3153,3.3501000000000003,3.3896,3.4057,3.4151000000000002,3.4486000000000003,3.4758,3.4999000000000002,3.527,3.5517000000000003,3.579,3.605,3.6267,3.6499,3.6633,3.6925000000000003,3.7079,3.749,3.7765,3.7907,3.8206,3.8474000000000004,3.8649,3.8807,3.9045,3.9411,3.9774000000000003,4.0209,4.0358,4.0571,4.0801,4.0956,4.1290000000000004,4.1523,4.166300000000001,4.1969,4.2136000000000005,4.2534,4.2628,4.2963000000000005,4.309200000000001,4.3377,4.3701,4.4141,4.4465,4.4782,4.5244,4.5558000000000005,4.5779000000000005,4.5921,4.6201,4.6469000000000005,4.6728000000000005,4.6916,4.7161,4.738700000000001,4.7763,4.7879000000000005,4.8152,4.8476,4.8580000000000005,4.8813,4.9190000000000005,4.9428,4.9705
38666:2.8781000000000003
38928:0.9215000000000001
39124:1.2257,4.6127
39606:0.0212,0.06960000000000001,0.0897,0.1401,0.18150000000000002,0.198,0.2381,0.2716,0.3175,0.3413,0.38320000000000004,0.4174,0.4307,0.4677,0.4912,0.535,0.5553,0.5930000000000001,0.6342,0.6445000000000001,0.6892,0.7133,0.7323000000000001,0.7871,0.8053,0.8519,0.8707,0.8973000000000001,0.9178000000000001,0.9375,0.9648,0.9983000000000001,1.0484,1.1018000000000001,1.1199000000000001,1.1591,1.1815,1.2047,1.2493,1.3012000000000001,1.3393000000000002,1.3818000000000001,1.4074,1.4285,1.4563000000000001,1.4914,1.4995,1.5375,1.5508000000000002,1.5929,1.6137000000000001,1.6515000000000002,1.6822000000000001,1.7299,1.7578,1.8012000000000001,1.8333000000000002,1.8617000000000001,1.8745,1.893,1.9592,2.0285,2.0380000000000003,2.0916,2.1186000000000003,2.1567000000000003,2.2001,2.245,2.2632000000000003,2.3028,2.3251,2.3597,2.407,2.4466,2.4676,2.5028,2.5244,2.5704000000000002,2.6201000000000003,2.6553,2.6864000000000003,2.7434000000000003,2.7666,2.803,2.8119,2.8631,2.9204000000000003,2.9448000000000003,2.9642,3.0127,3.032,3.0544000000000002,3.0887000000000002,3.1154,3.1470000000000002,3.1835,3.2273,3.24,3.2737000000000003,3.3055000000000003,3.3509,3.4021000000000003,3.4415,3.4565,3.4745000000000004,3.5011,3.524,3.5479000000000003,3.5682,3.5998,3.6155000000000004,3.6502000000000003,3.6819,3.7027,3.7418,3.7716000000000003,3.7848,3.8335000000000004,3.8593,3.9095,3.9396,3.9690000000000003,4.0298,4.048900000000001,4.0876,4.1129,4.1513,4.175,4.2010000000000005,4.21,4.2594,4.2944,4.3417,4.365200000000001,4.4091000000000005,4.4421,4.4749,4.5238000000000005,4.5542,4.580900000000001,4.615,4.6447,4.6852,4.6928,4.7325,4.774,4.8095,4.8174,4.8500000000000005,4.8693,4.8823,4.9302,4.9636000000000005,4.9904
39714:0.056400000000000006,0.0847,0.11570000000000001,0.1603,0.19990000000000002,0.2384,0.267,0.2911,0.33280000000000004,0.35650000000000004,0.3909,0.4309,0.4635,0.5021,0.5358,0.5696,0.5997,0.63,0.6758000000000001,0.7052,0.7357,0.763,0.812,0.8367,0.8636,0.8999,0.9267000000000001,0.9742000000000001,1.0212,1.0557,1.0822,1.1475,1.1904000000000001,1.2237,1.2689000000000001,1.3211000000000002,1.3653,1.3951,1.4220000000000002,1.4633,1.5102,1.5368000000000002,1.5611000000000002,1.5978,1.6454,1.6657000000000002,1.6947,1.7313,1.7669000000000001,1.8495000000000001,1.9317000000000002,1.9698,2.0119000000000002,2.0382000000000002,2.0462000000000002,2.072,2.1127000000000002,2.1467,2.212,2.2346,2.2611,2.2958000000000003,2.3166,2.3345000000000002,2.3640000000000003,2.3989000000000003,2.4329,2.4681,2.4936000000000003,2.5217,2.56,2.5871,2.6172,2.6334,2.6777,2.7075,2.7374,2.7734,2.7983000000000002,2.8459000000000003,2.8763,2.8855,2.9164000000000003,2.936,2.9775,3.0313000000000003,3.056,3.0998,3.1387,3.1695,3.1958,3.2404,3.2702,3.2964,3.3400000000000003,3.3691,3.3885,3.4192,3.4611,3.4946,3.5436,3.597,3.6462000000000003,3.6732,3.7032000000000003,3.7264000000000004,3.7401,3.785,3.8233,3.8547000000000002,3.8846000000000003,3.9115,3.9451,3.9945000000000004,4.0399,4.0678,4.101,4.127800000000001,4.163,4.2007,4.224200000000001,4.273000000000001,4.3007,4.3152,4.3402,4.3684,4.4349,4.458200000000001,4.5068,4.5274,4.5786,4.597700000000001,4.6206000000000005,4.6644000000000005,4.7103,4.7456000000000005,4.7823,4.8139,4.832800000000001,4.8729000000000005,4.8994,4.94,4.988700000000001
39826:0.0373,0.24550000000000002,0.2763,0.3115,0.4258,0.46030000000000004,0.49810000000000004,0.6111,0.7072,0.9863000000000001,1.0405,1.1874,1.2669000000000001,1.3204,1.3758000000000001,1.4584000000000001,1.6108,1.6999000000000002,1.7841,1.887,1.9116000000000002,1.9938,2.1755,2.408,2.4624,2.5328,2.6481000000000003,2.8502,2.9128000000000003,3.0050000000000003,3.0849,3.1580000000000004,3.2826,3.3475,3.4234,3.4878,3.5819,3.6283000000000003,3.7008,3.8319,3.8905000000000003,3.9263000000000003,4.3186,4.4510000000000005,4.5759,4.7177,4.8138000000000005,4.8563
39953:0.9355,1.235,3.08
40093:0.0125,0.0263,0.0459,0.0579,0.0756,0.0864,0.0993,0.1159,0.1288,0.1527,0.16540000000000002,0.1904,0.20220000000000002,0.2141,0.23020000000000002,0.24020000000000002,0.24910000000000002,0.2661,0.2775,0.2904,0.3057,0.32080000000000003,0.3337,0.3476,0.36210000000000003,0.3796,0.39590000000000003,0.4088,0.4232,0.43910000000000005,0.45480000000000004,0.4676,0.4838,0.4959,0.5113,0.5318,0.5488000000000001,0.5698,0.5840000000000001,0.5962000000000001,0.6141,0.6285000000000001,0.6454000000000001,0.6674,0.6767000000000001,0.6944,0.7031000000000001,0.7157,0.7341000000000001,0.7494000000000001,0.7624000000000001,0.7838,0.8065,0.8209000000000001,0.8354,0.8511000000000001,0.8642000000000001,0.8793000000000001,0.8995000000000001,0.9139,0.9289000000000001,0.9434,0.9673,0.9755,0.9888,1.0049000000000001,1.0203,1.0338,1.0468,1.0587,1.0714000000000001,1.0844,1.0972,1.1223,1.1434,1.1561000000000001,1.1733,1.1864000000000001,1.2035,1.2236,1.2414,1.2554,1.2688000000000001,1.2856,1.2967,1.3137,1.324,1.3373000000000002,1.3617000000000001,1.3728,1.3829,1.3937000000000002,1.4097000000000002,1.4246,1.4473,1.4595,1.4789,1.4932,1.5090000000000001,1.5254,1.5421,1.5601,1.5794000000000001,1.5963,1.6089,1.6238000000000001,1.6379000000000001,1.655,1.6712,1.685,1.6989,1.7118,1.7249,1.735,1.7469000000000001,1.7616,1.7703,1.7831000000000001,1.794,1.8072000000000001,1.8226,1.8432000000000002,1.8534000000000002,1.873,1.8900000000000001,1.9061000000000001,1.9176000000000002,1.9325,1.9520000000000002,1.9692,1.9838,1.9976,2.0152,2.0307,2.0412,2.0549,2.0700000000000003,2.0912,2.1077,2.1194,2.1322,2.1439,2.157,2.1758,2.1933000000000002,2.2063,2.2175000000000002,2.2313,2.2484,2.2642,2.283,2.2953,2.309,2.3252,2.3397,2.3565,2.3694,2.3931,2.406,2.4274,2.4421,2.4591000000000003,2.4699,2.4836,2.5035000000000003,2.5159000000000002,2.5263,2.5374000000000003,2.5522,2.5665,2.5865,2.6,2.6163000000000003,2.6304000000000003,2.6457,2.6635,2.6749,2.6866000000000003,2.7069,2.7273,2.7407,2.7607,2.7752000000000003,2.7958000000000003,2.8079,2.8236000000000003,2.8384,2.85,2.8661000000000003,2.8815,2.8995,2.9115,2.9279,2.9370000000000003,2.9537,2.9741,2.9866,3.0106,3.0278,3.0408,3.0547,3.0674,3.0811,3.0979,3.1140000000000003,3.1328,3.1424000000000003,3.1551,3.1639,3.1734,3.1952000000000003,3.2113,3.2331000000000003,3.2469,3.2626,3.2728,3.2891000000000004,3.2988,3.3143000000000002,3.3343000000000003,3.3442000000000003,3.3604000000000003,3.3764000000000003,3.3883,3.4035,3.4181000000000004,3.44,3.4553000000000003,3.4665000000000004,3.4843,3.4966000000000004,3.5086000000000004,3.5229000000000004,3.5407,3.5627,3.5808,3.6008,3.6134000000000004,3.6270000000000002,3.6393,3.6524,3.6658000000000004,3.6794000000000002,3.6961000000000004,3.7064000000000004,3.7202,3.732,3.7487000000000004,3.7661000000000002,3.7868000000000004,3.805,3.8166,3.8265000000000002,3.8406000000000002,3.8522000000000003,3.8719,3.8825000000000003,3.8918000000000004,3.9012000000000002,3.9158000000000004,3.9269000000000003,3.9431000000000003,3.9658,3.99,4.0023,4.0158000000000005,4.0360000000000005,4.063400000000001,4.0778,4.0921,4.1101,4.125,4.1498,4.1624,4.178100000000001,4.1956,4.2081,4.2274,4.2432,4.2636,4.2743,4.2866,4.3017,4.311100000000001,4.3246,4.3369,4.3555,4.367500000000001,4.3926,4.410200000000001,4.423500000000001,4.4393,4.451700000000001,4.468,4.4797,4.4992,4.5120000000000005,4.527200000000001,4.542,4.5589,4.5759,4.5861,4.5964,4.6145000000000005,4.6273,4.6443,4.6632,4.6887,4.7062,4.716600000000001,4.7323,4.7490000000000006,4.764,4.7839,4.7955000000000005,4.8097,4.8224,4.8377,4.8499,4.8699,4.8884,4.9011000000000005,4.915500000000001,4.9374,4.955900000000001,4.973,4.9881
40577:0.8735,1.0046,2.0541
40752:1.4393,2.1345,2.5385,3.0623,4.5985000000000005
40910:0.0011,0.0045000000000000005,0.006900000000000001,0.0134,0.0239,0.029500000000000002,0.035300000000000005,0.0645,0.0664,0.0901,0.091,0.09630000000000001,0.1174,0.12100000000000001,0.12200000000000001,0.12890000000000001,0.137,0.1406,0.1413,0.1569,0.1577,0.16190000000000002,0.18000000000000002,0.1834,0.184,0.18460000000000001,0.1875,0.1888,0.1912,0.19190000000000002,0.19490000000000002,0.20800000000000002,0.22210000000000002,0.2243,0.2263,0.2275,0.23620000000000002,0.2424,0.2469,0.2546,0.2579,0.2682,0.2922,0.3044,0.3074,0.3085,0.3195,0.32030000000000003,0.3285,0.3451,0.34840000000000004,0.35150000000000003,0.3708,0.37210000000000004,0.3778,0.3859,0.3982,0.4137,0.4181,0.42360000000000003,0.4279,0.4305,0.4385,0.4405,0.4433,0.44820000000000004,0.45,0.46230000000000004,0.4796,0.4863,0.49620000000000003,0.5005000000000001,0.502,0.5057,0.5083,0.5086,0.5095000000000001,0.5119,0.5171,0.5195000000000001,0.5283,0.5324,0.533,0.5353,0.5386000000000001,0.5449,0.5526,0.5725,0.5870000000000001,0.5967,0.5986,0.6089,0.6192000000000001,0.6244000000000001,0.625,0.6287,0.6358,0.6494,0.6558,0.662,0.6638000000000001,0.6835,0.6843,0.6863,0.6875,0.7042,0.7075,0.7104,0.7131000000000001,0.7241000000000001,0.7316,0.7511,0.7567,0.7624000000000001,0.7629,0.7847000000000001,0.7914,0.8139000000000001,0.8215,0.8250000000000001,0.8329000000000001,0.8347,0.8556,0.8579,0.8607,0.8723000000000001,0.8726,0.8775000000000001,0.8809,0.8992,0.9058,0.9126000000000001,0.9176000000000001,0.9201,0.9278000000000001,0.9421,0.9426,0.9444,0.9467000000000001,0.9504,0.9522,0.9524,0.9550000000000001,0.9568000000000001,0.9623,0.9634,0.9666,0.9671000000000001,0.9787,0.9801000000000001,0.9857,0.9896,0.9933000000000001,0.9998,1.01,1.0108000000000001,1.0182,1.0253,1.0257,1.0497,1.0518,1.0544,1.0565,1.0866,1.0868,1.0914000000000001,1.105,1.1052,1.1055000000000001,1.1132,1.1167,1.1203,1.1306,1.1336000000000002,1.1340000000000001,1.1408,1.1527,1.1642000000000001,1.1666,1.1693,1.1793,1.1896,1.19,1.1968,1.2006000000000001,1.2067,1.214,1.2207000000000001,1.2496,1.2602,1.2679,1.2839,1.2945,1.2967,1.31,1.3282,1.3296000000000001,1.3379,1.34,1.3722,1.379,1.3805,1.3933,1.3946,1.4082000000000001,1.4252,1.4319000000000002,1.435,1.4354,1.4373,1.4400000000000002,1.4541000000000002,1.4602000000000002,1.4797,1.4844000000000002,1.4867000000000001,1.4881,1.4893,1.4951,1.4967000000000001,1.5009000000000001,1.5057,1.5110000000000001,1.5113,1.5147000000000002,1.5208000000000002,1.5228000000000002,1.5325,1.5345,1.5377,1.5399,1.5462,1.5603,1.5761,1.5793000000000001,1.5803,1.5972000000000002,1.6115000000000002,1.6145,1.6191,1.6204,1.6262,1.6456000000000002,1.6636000000000002,1.6665,1.6695,1.6764000000000001,1.6798000000000002,1.6856,1.6965000000000001,1.699,1.7047,1.7083000000000002,1.7229,1.738,1.7391,1.742,1.7436,1.7438,1.7546000000000002,1.7563000000000002,1.7578,1.7691000000000001,1.7701,1.7831000000000001,1.8045,1.8063,1.8065,1.8085,1.8129000000000002,1.8159,1.8304,1.8316000000000001,1.8542,1.8619,1.87,1.8723,1.8820000000000001,1.9003,1.9376,1.9434,1.9540000000000002,1.9619000000000002,1.963,1.9651,1.975,1.9828000000000001,1.9841000000000002,1.9879,1.9908000000000001,1.9964000000000002,1.997,1.9975,2.0054000000000003,2.0083,2.0087,2.015,2.0223,2.0293,2.0353,2.0453,2.0528,2.0547,2.0672,2.0686,2.0697,2.0706,2.0768,2.0797,2.0921000000000003,2.0937,2.1027,2.1111,2.1134,2.1192,2.1288,2.1328,2.1387,2.1432,2.1443000000000003,2.1474,2.1497,2.1663,2.1676,2.1713,2.1743,2.1815,2.1854,2.2073,2.2162,2.2183,2.2201,2.2350000000000003,2.2361,2.255,2.2699000000000003,2.2809,2.2914000000000003,2.2967,2.2977000000000003,2.2983000000000002,2.3057000000000003,2.3286000000000002,2.3342,2.3358000000000003,2.3400000000000003,2.3461000000000003,2.3665000000000003,2.3697,2.3715,2.3755,2.3763,2.3794,2.3967,2.4039,2.4342,2.4377,2.447,2.4495,2.4529,2.4582,2.4779,2.4791000000000003,2.483,2.4887,2.494,2.4975,2.4999000000000002,2.5015,2.5018000000000002,2.5034,2.5157000000000003,2.5162,2.5443000000000002,2.5459,2.5471,2.5484,2.5551,2.5621,2.5881000000000003,2.5897,2.5923000000000003,2.5988,2.6019,2.6024000000000003,2.6077,2.615,2.6259,2.6287000000000003,2.6328,2.6371,2.6382000000000003,2.6403000000000003,2.6531000000000002,2.6552000000000002,2.6613,2.6647000000000003,2.677,2.6950000000000003,2.6986000000000003,2.7014,2.7039,2.7041,2.7048,2.716,2.7173000000000003,2.7175000000000002,2.7188000000000003,2.7212,2.7307,2.7318000000000002,2.7362,2.7364,2.7396000000000003,2.7429,2.7713,2.7766,2.782,2.7838000000000003,2.7840000000000003,2.7842000000000002,2.789,2.7895000000000003,2.7918000000000003,2.8159,2.8182,2.8195,2.8373,2.8398000000000003,2.8412,2.8437,2.8487,2.8552,2.8737,2.8758000000000004,2.8794,2.8836,2.8853,2.8912,2.8937,2.8946,2.9057,2.9410000000000003,2.9445,2.9449,2.9477,2.9538,2.96,2.9613,2.9622,2.9668,2.9709000000000003,2.9825,2.9943,2.995,2.9970000000000003,3.0051,3.0057,3.0132000000000003,3.0197000000000003,3.0276,3.0420000000000003,3.0448,3.0453,3.052,3.0545,3.0642,3.0663,3.0713000000000004,3.0807,3.0886,3.0935,3.1157000000000004,3.1288,3.1485000000000003,3.1504000000000003,3.1512000000000002,3.1547,3.1681000000000004,3.1748000000000003,3.1844,3.2029,3.2146000000000003,3.2282,3.2326,3.2424,3.254,3.2561,3.2618,3.2682,3.2811000000000003,3.2949,3.2969,3.2982,3.3009,3.3052,3.3094,3.3238000000000003,3.327,3.3459000000000003,3.3508,3.3527,3.3537000000000003,3.3605,3.3663000000000003,3.3672,3.3742,3.3764000000000003,3.382,3.383,3.3969,3.4202000000000004,3.4301000000000004,3.444,3.4483,3.4565,3.463,3.4634,3.4730000000000003,3.4844000000000004,3.4888000000000003,3.4930000000000003,3.495,3.5143,3.5274,3.528,3.5297,3.5419,3.5466,3.5512,3.5589,3.5689,3.5725000000000002,3.5765000000000002,3.5875000000000004,3.588,3.5928,3.5969,3.6199000000000003,3.6253,3.6393,3.6522,3.6542000000000003,3.6668000000000003,3.6688,3.6717,3.6724,3.6843000000000004,3.6851000000000003,3.6974,3.7198,3.7268000000000003,3.7287000000000003,3.7421,3.7476000000000003,3.7489000000000003,3.7517,3.7545,3.765,3.7689000000000004,3.7725,3.7892,3.7953,3.8153,3.8164000000000002,3.8193,3.8231,3.8249,3.8257000000000003,3.8263000000000003,3.8503000000000003,3.851,3.8626,3.8711,3.8742,3.8796000000000004,3.8814,3.8834000000000004,3.8938,3.8996000000000004,3.911,3.922,3.9261000000000004,3.9284000000000003,3.9353000000000002,3.9411,3.9421000000000004,3.9458,3.9467000000000003,3.9521,3.9529,3.9601,3.9614000000000003,3.9676,3.9738,3.9762000000000004,3.9905000000000004,4.006,4.0068,4.0174,4.0198,4.0422,4.0486,4.0513,4.0629,4.0704,4.078,4.085,4.0887,4.0896,4.0909,4.097700000000001,4.1032,4.1036,4.105700000000001,4.1234,4.1238,4.1290000000000004,4.1411,4.141500000000001,4.1687,4.1786,4.1841,4.1852,4.1975,4.2071000000000005,4.2076,4.2102,4.2112,4.212400000000001,4.2127,4.2249,4.2256,4.2454,4.2508,4.2539,4.258500000000001,4.2659,4.284800000000001,4.305000000000001,4.315300000000001,4.3163,4.3206,4.3212,4.3237000000000005,4.3243,4.329400000000001,4.3340000000000005,4.335,4.343100000000001,4.3484,4.3497,4.3589,4.3646,4.365,4.3666,4.3807,4.3888,4.3906,4.3909,4.3967,4.4171000000000005,4.4294,4.4472000000000005,4.454400000000001,4.4566,4.4575000000000005,4.4649,4.4691,4.4838000000000005,4.5051000000000005,4.5179,4.5238000000000005,4.5321,4.5407,4.5422,4.5436000000000005,4.5555,4.5745000000000005,4.5985000000000005,4.6062,4.6128,4.6271,4.6275,4.6313,4.6323,4.6388,4.6411,4.647200000000001,4.6552,4.6610000000000005,4.6641,4.6644000000000005,4.6724000000000006,4.6897,4.6902,4.6929,4.7313,4.7333,4.7347,4.7385,4.7424,4.746700000000001,4.7559000000000005,4.7671,4.773000000000001,4.7808,4.801,4.8035000000000005,4.8086,4.82,4.833600000000001,4.8352,4.8472,4.8504000000000005,4.855700000000001,4.861000000000001,4.8660000000000005,4.871300000000001,4.8768,4.8785,4.8968,4.9032,4.9185,4.9205000000000005,4.924,4.924300000000001,4.9317,4.9352,4.9501,4.966200000000001,4.9674000000000005,4.9705,4.9733,4.9743,4.982200000000001,4.9844,4.9861,4.9891000000000005,4.9893,4.9974
41371:3.2611000000000003
41485:0.0858,0.21910000000000002,0.324,0.37210000000000004,0.4555,0.5504,0.5948,0.6577000000000001,0.6751,0.7621,0.7845000000000001,0.8098000000000001,0.8525,0.9086000000000001,0.9232,1.0228000000000002,1.0755000000000001,1.1583,1.2401,1.2563,1.3694000000000002,1.462,1.4827000000000001,1.5586,1.5948,1.617,1.6540000000000001,1.6851,1.7385000000000002,1.7914,1.9702000000000002,2.02,2.0847,2.202,2.2638000000000003,2.3019000000000003,2.411,2.5815,2.6269,2.6892,2.7001,2.7217000000000002,2.7901000000000002,2.7986,2.8366000000000002,2.8614,2.9025000000000003,2.9297,3.0494000000000003,3.1684,3.1852,3.2569000000000004,3.2946,3.3125,3.3555,3.402,3.4505000000000003,3.4767,3.5171,3.6019,3.7522,3.8168,3.8304,3.8592,3.8918000000000004,3.9085,3.9480000000000004,4.0294,4.0963,4.1189,4.1797,4.2004,4.246700000000001,4.2807,4.3174,4.3777,4.517,4.538600000000001,4.623,4.7214,4.7879000000000005,4.8321000000000005,4.907500000000001,4.934200000000001
41678:0.0263,0.0692,0.1254,0.1884,0.2518,0.27490000000000003,0.37570000000000003,0.42010000000000003,0.4565,0.5810000000000001,0.6084,0.6967,0.7338,0.807,0.8522000000000001,0.9755,0.9965,1.0432000000000001,1.0725,1.1839,1.2553,1.2967,1.3198,1.341,1.3821,1.4272,1.4719,1.6084,1.6972,1.7568000000000001,1.7892000000000001,1.8488,1.8827,1.9117000000000002,1.9511,1.9961,2.0341,2.1125000000000003,2.1605000000000003,2.2135000000000002,2.4137,2.4632,2.5357000000000003,2.6458,2.7064,2.8258,2.8560000000000003,2.9042000000000003,2.9553000000000003,3.0294000000000003,3.0773,3.1498,3.1708000000000003,3.2941000000000003,3.4075,3.4878,3.6126,3.6381,3.6983,3.8273,3.8654,3.8861000000000003,3.9069000000000003,4.0274,4.250900000000001,4.3048,4.3338,4.4231,4.472700000000001,4.5336,4.5760000000000005,4.7135,4.8522,4.986400000000001
41695:0.0422,0.0813,0.1917,0.2419,0.27890000000000004,0.32880000000000004,0.3645,0.39990000000000003,0.4602,0.5168,0.5547000000000001,0.6095,0.6428,0.7087,0.8079000000000001,0.8647,0.9069,0.9398000000000001,0.9787,1.0345,1.0768,1.1192,1.1716,1.2125000000000001,1.2702,1.3054000000000001,1.3759000000000001,1.4251,1.4653,1.5150000000000001,1.5624,1.6027,1.6497000000000002,1.6859000000000002,1.7634,1.8065,1.8649,1.9015000000000002,1.9588,2.0316,2.089,2.1287000000000003,2.1995,2.2334,2.2846,2.3636,2.4518,2.5049,2.5354,2.5766,2.6268000000000002,2.6612,2.6835,2.7218,2.7546,2.8218,2.8618,2.8909000000000002,2.9403,2.9715000000000003,3.0023,3.048,3.0887000000000002,3.1593,3.205,3.2574,3.3033,3.3737000000000004,3.4076,3.446,3.4972000000000003,3.5459,3.6029,3.64,3.7036000000000002,3.7640000000000002,3.7998000000000003,3.8739000000000003,3.9206000000000003,3.9771,4.0289,4.0623000000000005,4.109500000000001,4.1565,4.2014000000000005,4.2491,4.2911,4.3455,4.409,4.4687,4.580900000000001,4.6143,4.6881,4.7343,4.7774,4.811100000000001,4.8464,4.8824000000000005,4.9335
41881:0.0867,0.1837,0.24100000000000002,0.34490000000000004,0.4994,0.6919000000000001,0.8766,0.9142,0.9724,1.08,1.2539,1.3035,1.342,1.6052000000000002,1.7108,1.84,1.9397000000000002,2.0928,2.2029,2.3000000000000003,2.4191000000000003,2.5113000000000003,2.5496000000000003,2.7684,2.8384,2.8905000000000003,3.0033000000000003,3.0528,3.225,3.274,3.3503000000000003,3.3904,3.4132000000000002,3.5749,3.7528,3.9014,3.9408000000000003,3.9841,4.073,4.166300000000001,4.2461,4.375,4.4190000000000005,4.4499,4.5595,4.645700000000001,4.6898,4.7792,4.9385
42146:0.1213,0.5578000000000001,0.7343000000000001,1.3595000000000002,1.3961000000000001,1.4723000000000002,1.7036,1.8931,2.2632000000000003,2.2838000000000003,2.4669000000000003,2.7872000000000003,2.9829000000000003,3.2478000000000002,3.2921,3.4655,3.5502000000000002,3.7906,3.9575,4.055400000000001,4.1451,4.3871,4.466600000000001,4.9848
42202:0.0446,0.07980000000000001,0.1207,0.1958,0.23920000000000002,0.2735,0.3245,0.35000000000000003,0.37270000000000003,0.39530000000000004,0.43170000000000003,0.4702,0.4969,0.5521,0.5948,0.6384000000000001,0.7108,0.754,0.8104,0.8570000000000001,0.8928,0.9176000000000001,0.9703,1.0008000000000001,1.0379,1.0803,1.1182,1.1555,1.1899,1.252,1.2789000000000001,1.3097,1.3447,1.381,1.4182000000000001,1.4586000000000001,1.4843000000000002,1.5262,1.5631000000000002,1.601,1.6307,1.6708,1.7491,1.7966000000000002,1.8350000000000002,1.8727,1.9022000000000001,1.9409,1.9644000000000001,1.9917,2.0351,2.0953,2.1226000000000003,2.1628000000000003,2.2021,2.228,2.2675,2.3125,2.3768000000000002,2.4617,2.5063,2.5283,2.5532,2.5794,2.6140000000000003,2.6533,2.674,2.6976,2.7257000000000002,2.7589,2.7868,2.8344,2.8651,2.8934,2.9342,2.9553000000000003,2.9755000000000003,3.0090000000000003,3.0522,3.0899,3.1436,3.1683000000000003,3.2287000000000003,3.2596000000000003,3.2971000000000004,3.3773,3.4090000000000003,3.4443,3.4711000000000003,3.5041,3.5411,3.5646,3.6036,3.6363000000000003,3.7021,3.7378,3.7681,3.7984,3.8235,3.9002000000000003,3.9279,3.9857,4.0379000000000005,4.0659,4.1066,4.1307,4.1626,4.198300000000001,4.2385,4.2622,4.2931,4.3213,4.3568,4.4118,4.4546,4.5557,4.6012,4.6385000000000005,4.678100000000001,4.7182,4.7609,4.8113,4.8396,4.8659,4.9085,4.9408,4.9893
42233:0.040400000000000005,0.1105,0.2225,0.2625,0.31980000000000003,0.44320000000000004,0.6878000000000001,0.8726,1.0936000000000001,1.2071,1.2562,1.2870000000000001,1.3042,1.3734000000000002,1.8742,1.9061000000000001,1.9709,2.4234,2.5543,2.6907,2.8125,3.053,3.1318,3.2598000000000003,3.3119,3.5754,3.8293000000000004,3.8573000000000004,3.9118000000000004,3.9528000000000003,4.2437000000000005,4.3276,4.490600000000001,4.7274,4.8071
42347:0.020900000000000002,0.1922,0.3032,0.371,0.4263,0.5674,0.6388,0.8014,0.9042,1.1280000000000001,1.2754,1.4323000000000001,1.6239000000000001,1.8656000000000001,2.1416,2.2133000000000003,2.4564,2.5095,2.5841000000000003,2.6897,2.9854000000000003,3.2661000000000002,3.4599,3.6925000000000003,3.8036000000000003,4.0987,4.2057,4.4529000000000005,4.5262,4.647,4.7733,4.9017,4.9968
42648:0.08660000000000001,0.1942,0.2697,0.2919,0.31970000000000004,0.3734,0.3871,0.4567,0.5854,0.5957,0.6728000000000001,0.6985,0.7857000000000001,0.8199000000000001,0.8578,0.9261,1.0666,1.1884000000000001,1.3195000000000001,1.4773,1.5637,1.6887,1.7374,1.8587,2.0183,2.0502000000000002,2.2611,2.322,2.4185000000000003,2.4849,2.6305,2.7006,2.7982,2.9226,2.9312,3.1652,3.1802,3.2557,3.2920000000000003,3.4524000000000004,3.4812000000000003,3.6624000000000003,3.7156000000000002,3.8279,3.8648000000000002,3.9068,4.0505,4.1127,4.1978,4.2428,4.296,4.316800000000001,4.4510000000000005,4.517,4.609,4.7231000000000005,4.7912,4.819,4.8951,4.9287
42923:0.0296,0.0813,0.1263,0.2202,0.25320000000000004,0.2792,0.3388,0.3871,0.48800000000000004,0.6067,0.7063,0.8138000000000001,0.9645,0.9867,1.0701,1.1375,1.2189,1.276,1.3184,1.4036,1.4803000000000002,1.5242,1.6449,1.6955,1.8506,1.8949,1.979,2.121,2.1687000000000003,2.2,2.2744,2.3722000000000003,2.4561,2.4934000000000003,2.5337,2.5736000000000003,2.6439,2.666,2.6983,2.7849,2.8215000000000003,2.8518000000000003,2.8711,2.9741,3.0464,3.1562,3.2834000000000003,3.3761,3.4326000000000003,3.4690000000000003,3.5046000000000004,3.5462000000000002,3.6173,3.7904,3.8122000000000003,3.9061000000000003,3.9285,3.9532000000000003,3.9892000000000003,4.0534,4.0735,4.1344,4.163,4.2355,4.2556,4.285200000000001,4.341600000000001,4.3669,4.4035,4.4412,4.6401,4.6859,4.7145,4.7744,4.8385,4.8857,4.9048,4.9423
42964:0.018600000000000002,0.0393,0.0661,0.08070000000000001,0.10980000000000001,0.1373,0.1595,0.1796,0.1915,0.2043,0.2187,0.2411,0.2617,0.2758,0.3042,0.3257,0.3377,0.35710000000000003,0.36970000000000003,0.38180000000000003,0.3957,0.4056,0.4269,0.4495,0.4772,0.4938,0.516,0.5397000000000001,0.5537000000000001,0.5836,0.606,0.627,0.6419,0.6639,0.6845,0.7043,0.7254,0.746,0.7675000000000001,0.7982,0.8136,0.8348,0.8608,0.8773000000000001,0.8978,0.9139,0.9284,0.9504,0.9670000000000001,0.9808,0.9959,1.0178,1.0334,1.0548,1.0736,1.0984,1.1168,1.1376,1.1619000000000002,1.1765,1.1898,1.2101,1.2326000000000001,1.2474,1.2690000000000001,1.2882,1.3042,1.3186,1.337,1.3621,1.3817000000000002,1.4012,1.4220000000000002,1.4443000000000001,1.4626000000000001,1.4739,1.4932,1.5145000000000002,1.5299,1.5570000000000002,1.5727,1.5938,1.605,1.6229,1.6373,1.6483,1.6728,1.6881000000000002,1.7037,1.7221000000000002,1.7507000000000001,1.7677,1.7858,1.8035,1.8299,1.8449,1.8627,1.8875000000000002,1.8998000000000002,1.9195,1.9402000000000001,1.9594,1.9709,1.9972,2.0234,2.0367,2.0521000000000003,2.0686,2.0889,2.1103,2.1278,2.153,2.1869,2.2034000000000002,2.2174,2.2384,2.2606,2.2834000000000003,2.3017000000000003,2.3200000000000003,2.342,2.3619000000000003,2.3834,2.4096,2.4346,2.4509000000000003,2.4643,2.483,2.499,2.5121,2.5267,2.5438,2.563,2.5804,2.5963000000000003,2.6163000000000003,2.6389,2.6544000000000003,2.6659,2.6824000000000003,2.7001,2.7194000000000003,2.7402,2.7548,2.777,2.8008,2.8203,2.8382,2.8584,2.8699000000000003,2.8872,2.9037,2.9259,2.9427000000000003,2.9571,2.9743,2.9907000000000004,3.0092000000000003,3.0277000000000003,3.0462000000000002,3.0694000000000004,3.0854000000000004,3.1046,3.1256,3.1478,3.1681000000000004,3.1851000000000003,3.2053000000000003,3.2236000000000002,3.2430000000000003,3.261,3.2824,3.3034000000000003,3.3285,3.347,3.3712,3.3887,3.4042000000000003,3.4183000000000003,3.4387000000000003,3.4513000000000003,3.4685,3.4938000000000002,3.5076,3.5197000000000003,3.5396,3.5502000000000002,3.5669,3.5931,3.6104000000000003,3.6321000000000003,3.6445000000000003,3.6757,3.6969000000000003,3.7093000000000003,3.7268000000000003,3.7454,3.7611000000000003,3.7787,3.7974,3.8089000000000004,3.8281,3.8534,3.8727,3.8942,3.9113,3.9269000000000003,3.9426,3.967,3.9834,4.0018,4.0128,4.0280000000000005,4.0411,4.0565,4.0677,4.0901000000000005,4.1067,4.1221000000000005,4.1474,4.1625000000000005,4.189,4.2075000000000005,4.2301,4.2468,4.2611,4.2857,4.299300000000001,4.312,4.3348,4.3536,4.3646,4.3894,4.4065,4.4274000000000004,4.450200000000001,4.4684,4.4858,4.5046,4.5309,4.5502,4.5779000000000005,4.5953,4.6075,4.6301000000000005,4.6464,4.6651,4.6862,4.7102,4.7318,4.7498000000000005,4.7651,4.7967,4.8127,4.8301,4.847,4.8608,4.877400000000001,4.899100000000001,4.9135,4.9321,4.9574,4.9815000000000005
43202:0.9257000000000001,1.223,3.0767
43862:0.3471,0.9223,1.1865,1.2777,1.4779,1.5552000000000001,1.6452,2.1452,2.4018,2.5304,2.5773,2.6252,3.2105,3.3169,3.3775,3.4764000000000004,3.9441,4.167,4.4499,4.534800000000001,4.7956,4.8888
43978:0.0173,0.0334,0.055600000000000004,0.0724,0.1009,0.12890000000000001,0.1562,0.1777,0.19740000000000002,0.2169,0.2388,0.25830000000000003,0.2696,0.2901,0.3028,0.3141,0.335,0.3502,0.3685,0.3825,0.39890000000000003,0.41650000000000004,0.4297,0.45940000000000003,0.4772,0.4914,0.5169,0.5365,0.5529000000000001,0.5749000000000001,0.5884,0.6133000000000001,0.6298,0.6444000000000001,0.667,0.6804,0.6946,0.7051000000000001,0.7260000000000001,0.7432000000000001,0.7695000000000001,0.7851,0.8087000000000001,0.8334,0.8489,0.8635,0.8854000000000001,0.903,0.9195000000000001,0.9404,0.9592,0.9772000000000001,0.9928,1.0226,1.0387,1.0518,1.0687,1.08,1.1009,1.115,1.1329,1.1486,1.1613,1.1859,1.1948,1.2095,1.2285000000000001,1.243,1.2581,1.2748000000000002,1.292,1.3077,1.3249,1.3401,1.3593000000000002,1.3772,1.3975,1.4100000000000001,1.4295,1.4518,1.476,1.4902,1.4998,1.5150000000000001,1.5323,1.5527,1.5705,1.5903,1.6055000000000001,1.6214000000000002,1.6381000000000001,1.6602000000000001,1.6797,1.6889,1.7041000000000002,1.7262000000000002,1.7477,1.7613,1.7887000000000002,1.8109000000000002,1.8306,1.8475000000000001,1.8601,1.8827,1.8938000000000001,1.9136000000000002,1.9346,1.9441000000000002,1.9689,1.9826000000000001,2.0002,2.0199000000000003,2.0365,2.0596,2.0802,2.1059,2.118,2.1433,2.1616,2.1817,2.1999,2.2213000000000003,2.2428,2.2594000000000003,2.2777000000000003,2.2911,2.3141000000000003,2.3294,2.3443,2.3608000000000002,2.3767,2.3941,2.4117,2.43,2.4464,2.468,2.4871000000000003,2.5093,2.5262000000000002,2.5438,2.5698000000000003,2.5913,2.6146000000000003,2.6338,2.653,2.6710000000000003,2.6949,2.7092,2.732,2.7503,2.7675,2.7893000000000003,2.8106,2.8279,2.85,2.8696,2.8905000000000003,2.9105000000000003,2.9262,2.9499,2.9668,2.9817,2.9974000000000003,3.0127,3.0328,3.049,3.0739,3.0900000000000003,3.1128,3.1281000000000003,3.1428000000000003,3.1624000000000003,3.1792000000000002,3.2032000000000003,3.2173000000000003,3.2392000000000003,3.2522,3.2725,3.2895000000000003,3.3045,3.3183000000000002,3.3368,3.3526000000000002,3.3697000000000004,3.3836,3.4023000000000003,3.4163,3.4405,3.4559,3.4772000000000003,3.4945000000000004,3.5107000000000004,3.5228,3.5380000000000003,3.5543,3.5696000000000003,3.588,3.6056000000000004,3.6258000000000004,3.6435,3.6652,3.6829,3.702,3.7168,3.7264000000000004,3.7510000000000003,3.7737000000000003,3.7871,3.8129000000000004,3.8232000000000004,3.8389,3.8511,3.8633,3.8765,3.8939000000000004,3.9092000000000002,3.931,3.9457,3.9614000000000003,3.98,4.0141,4.0279,4.0448,4.0627,4.0902,4.1142,4.1357,4.1539,4.1665,4.181900000000001,4.198,4.2122,4.2285,4.2476,4.260800000000001,4.2859,4.3042,4.3258,4.3402,4.3722,4.4021,4.4187,4.4455,4.462400000000001,4.4893,4.5061,4.5261000000000005,4.5449,4.5644,4.5754,4.5955,4.6105,4.636,4.6528,4.6651,4.675800000000001,4.6949000000000005,4.7170000000000005,4.7315000000000005,4.754700000000001,4.7652,4.7861,4.8037,4.8238,4.847300000000001,4.8665,4.8871,4.9005,4.9166,4.945600000000001,4.9707,4.9889
44008:0.0017000000000000001,0.0027,0.0053,0.0195,0.0218,0.0392,0.052000000000000005,0.0613,0.07050000000000001,0.0731,0.07690000000000001,0.08080000000000001,0.08120000000000001,0.094,0.097,0.09770000000000001,0.10200000000000001,0.10310000000000001,0.1039,0.1153,0.1222,0.12610000000000002,0.1273,0.13140000000000002,0.14100000000000001,0.151,0.15430000000000002,0.1547,0.1558,0.1844,0.1872,0.19490000000000002,0.20020000000000002,0.20470000000000002,0.22210000000000002,0.2273,0.23470000000000002,0.2451,0.252,0.2554,0.25980000000000003,0.2634,0.2826,0.2894,0.2899,0.3007,0.303,0.30510000000000004,0.3054,0.3109,0.3111,0.3153,0.3206,0.33680000000000004,0.3406,0.3437,0.3442,0.3628,0.3634,0.3643,0.3704,0.3728,0.3919,0.3957,0.41900000000000004,0.4208,0.4365,0.44830000000000003,0.45830000000000004,0.4622,0.4692,0.47640000000000005,0.4767,0.4771,0.4817,0.4932,0.5023,0.5025000000000001,0.5173,0.518,0.5183,0.5216000000000001,0.526,0.5293,0.5546,0.5573,0.5576,0.5688,0.5747,0.5871000000000001,0.5886,0.5957,0.5965,0.597,0.613,0.619,0.6637000000000001,0.6664,0.6711,0.7075,0.7144,0.7147,0.7429,0.7454000000000001,0.7464000000000001,0.7541,0.7563000000000001,0.7656000000000001,0.7746000000000001,0.7946000000000001,0.7998000000000001,0.8003,0.8027000000000001,0.8042,0.8372,0.8401000000000001,0.8446,0.8503000000000001,0.8549,0.8558,0.8921,0.9018,0.9134,0.914,0.9177000000000001,0.9192,0.9358000000000001,0.9414,0.9438000000000001,0.9587,0.9593,0.9665,0.9750000000000001,1.0156,1.0166,1.0198,1.022,1.0225,1.0244,1.0371000000000001,1.0571000000000002,1.0645,1.0682,1.0711,1.0734000000000001,1.0761,1.084,1.0845,1.095,1.0964,1.1066,1.1137000000000001,1.1158000000000001,1.1211,1.133,1.1373,1.1452,1.151,1.163,1.1726,1.1751,1.1808,1.181,1.1844000000000001,1.1854,1.1956,1.1998,1.2061,1.2133,1.2312,1.2463,1.2477,1.2605,1.2681,1.2739,1.2786,1.2937,1.3039,1.3094000000000001,1.3212000000000002,1.324,1.3289,1.336,1.3404,1.3477000000000001,1.3511,1.3599,1.3648,1.3676000000000001,1.3858000000000001,1.3923,1.3948,1.3981000000000001,1.4065,1.4191,1.4261000000000001,1.4405000000000001,1.4418,1.4433,1.4436,1.4495,1.4606000000000001,1.4639,1.4684000000000001,1.4714,1.4729,1.4748,1.4766000000000001,1.4905000000000002,1.5010000000000001,1.5093,1.5188000000000001,1.5228000000000002,1.5245,1.5277,1.5378,1.5393000000000001,1.5399,1.5447000000000002,1.5466,1.5518,1.5561,1.5590000000000002,1.5631000000000002,1.5637,1.5641,1.5721,1.5824,1.5847,1.5856000000000001,1.599,1.5993000000000002,1.61,1.621,1.622,1.6271,1.6372,1.6414,1.6484,1.6526,1.6688,1.6714,1.6736,1.6795,1.7014,1.7151,1.7182000000000002,1.736,1.7404000000000002,1.7416,1.7456,1.7635,1.7653,1.7770000000000001,1.7873,1.792,1.8008000000000002,1.8059,1.8167,1.8253000000000001,1.8295000000000001,1.8465,1.8838000000000001,1.893,1.9026,1.9132,1.9162000000000001,1.9225,1.9265,1.929,1.9301000000000001,1.9384000000000001,1.9459000000000002,1.9620000000000002,1.9654,1.9656,1.9726000000000001,1.9736,1.984,1.985,1.9954,1.9958,1.9986000000000002,2.0063,2.0144,2.0156,2.0324,2.0451,2.0484,2.0563000000000002,2.059,2.0791,2.0889,2.0911,2.0955,2.1009,2.1075,2.1100000000000003,2.1105,2.1315,2.1347,2.1358,2.138,2.142,2.1433,2.1521,2.1613,2.1671,2.1817,2.1867,2.1878,2.1894,2.1910000000000003,2.2011000000000003,2.2077,2.2168,2.225,2.2408,2.2416,2.2513,2.2525,2.2618,2.2861000000000002,2.2934,2.3131,2.3134,2.3161,2.3213,2.3223000000000003,2.3253,2.3438000000000003,2.3565,2.3594,2.3864,2.3925,2.3928000000000003,2.3956,2.3991000000000002,2.4006000000000003,2.4009,2.4192,2.4457,2.4468,2.4508,2.4669000000000003,2.4733,2.4846,2.4878,2.4972000000000003,2.5004,2.5052000000000003,2.5086,2.5183,2.5246,2.5254000000000003,2.5278,2.5283,2.5365,2.5406,2.5435000000000003,2.5501,2.5542000000000002,2.5551,2.5562,2.5579,2.56,2.5660000000000003,2.5707,2.5711,2.5719000000000003,2.5740000000000003,2.5747,2.5838,2.5860000000000003,2.5924,2.5926,2.6025,2.6081000000000003,2.6173,2.6187,2.6251,2.6447000000000003,2.6512000000000002,2.6583,2.6688,2.6706000000000003,2.6845000000000003,2.6966,2.6987,2.7058,2.7092,2.7126,2.7151,2.7159,2.7391,2.7416,2.7461,2.7470000000000003,2.7503,2.753,2.7597,2.7638000000000003,2.779,2.7839,2.7865,2.7868,2.7873,2.7947,2.8286000000000002,2.8337000000000003,2.8406000000000002,2.8524000000000003,2.8581000000000003,2.8678000000000003,2.8706,2.8933,2.8949000000000003,2.9009,2.9011,2.9051,2.918,2.919,2.9298,2.932,2.9481,2.959,2.9663,2.9897,2.9918,3.0005,3.0175,3.0180000000000002,3.0194,3.031,3.0376000000000003,3.0391000000000004,3.0407,3.0435000000000003,3.0636,3.0762,3.0879000000000003,3.0931,3.097,3.1111,3.1187,3.1313,3.1439000000000004,3.1483000000000003,3.1603000000000003,3.1647000000000003,3.1744000000000003,3.1843000000000004,3.1883000000000004,3.1922,3.1937,3.2017,3.2037,3.2043000000000004,3.2076000000000002,3.2236000000000002,3.2281,3.2367000000000004,3.241,3.2448,3.2504,3.2672000000000003,3.2847,3.2865,3.2977000000000003,3.2986,3.2988,3.3003,3.3035,3.3091000000000004,3.3132,3.3143000000000002,3.3306,3.3373000000000004,3.3377000000000003,3.3432,3.3529,3.3555,3.3784,3.382,3.3888000000000003,3.4029000000000003,3.4139000000000004,3.4146,3.4368000000000003,3.4412000000000003,3.4456,3.4466,3.4543000000000004,3.4545000000000003,3.4554,3.4695,3.4704,3.4719,3.4725,3.4744,3.4746,3.4755000000000003,3.4768000000000003,3.4810000000000003,3.4832,3.4854000000000003,3.492,3.4936000000000003,3.5166,3.5198,3.5406,3.543,3.5599000000000003,3.5626,3.5646,3.5656000000000003,3.5734000000000004,3.5818000000000003,3.5858000000000003,3.588,3.5944000000000003,3.6028000000000002,3.6092,3.617,3.6315000000000004,3.6513,3.6562,3.6659,3.6687000000000003,3.6696,3.6747,3.6833,3.6898,3.692,3.6953,3.7085000000000004,3.7127000000000003,3.7142000000000004,3.7148000000000003,3.7201,3.7222000000000004,3.7251000000000003,3.7284,3.7392000000000003,3.748,3.7594000000000003,3.7765,3.7773000000000003,3.7955,3.8042000000000002,3.8046,3.8148,3.8162000000000003,3.8259000000000003,3.8326000000000002,3.8358000000000003,3.8468,3.8506,3.8515,3.8532,3.8714000000000004,3.8755,3.8761,3.8861000000000003,3.8873,3.8951000000000002,3.8969,3.8996000000000004,3.9016,3.9061000000000003,3.9089,3.9138,3.9267000000000003,3.9342,3.9364000000000003,3.9391000000000003,3.9395000000000002,3.9408000000000003,3.9469000000000003,3.9518,3.9542,3.9638,3.972,3.9761,3.9802000000000004,3.9936000000000003,4.0092,4.0105,4.0234000000000005,4.0253000000000005,4.0456,4.0485,4.0505,4.0551,4.0664,4.0862,4.0869,4.0879,4.0918,4.0959,4.1088000000000005,4.1098,4.1134,4.125,4.1449,4.1481,4.1494,4.1572000000000005,4.1578,4.1606000000000005,4.1653,4.1690000000000005,4.1718,4.172000000000001,4.1769,4.1811,4.1878,4.1889,4.1921,4.1937,4.207,4.2099,4.2121,4.2136000000000005,4.2175,4.2277000000000005,4.2321,4.2454,4.2542,4.2637,4.2672,4.2712,4.2748,4.3094,4.3097,4.3117,4.3169,4.3436,4.3445,4.3494,4.3527000000000005,4.364,4.3647,4.37,4.3749,4.3786000000000005,4.3874,4.3924,4.411700000000001,4.4257,4.4266000000000005,4.4299,4.4303,4.436100000000001,4.4419,4.4431,4.4465,4.4467,4.4622,4.4714,4.48,4.514200000000001,4.5212,4.527200000000001,4.5319,4.542800000000001,4.5699000000000005,4.573300000000001,4.5761,4.5763,4.582800000000001,4.596,4.6037,4.607200000000001,4.6128,4.6224,4.6238,4.6262,4.6268,4.6304,4.6449,4.649900000000001,4.6531,4.6731,4.6773,4.6807,4.6859,4.6986,4.7015,4.7038,4.7136000000000005,4.7264,4.732600000000001,4.734100000000001,4.7352,4.7403,4.7601,4.762300000000001,4.770700000000001,4.7718,4.7818000000000005,4.7827,4.7858,4.799,4.8014,4.808,4.809,4.8184000000000005,4.818700000000001,4.8193,4.8207,4.8217,4.844,4.8443000000000005,4.8489,4.8525,4.8556,4.8586,4.864,4.8648,4.8789,4.8824000000000005,4.8843000000000005,4.8878,4.8887,4.905,4.9268,4.9345,4.9377,4.9488,4.954000000000001,4.957,4.9573,4.9670000000000005,4.9724,4.9766,4.992,4.996300000000001,4.9973
44744:4.613700000000001
45064:0.9257000000000001,1.2181,1.4356,2.132,2.5377,3.0613,4.596
45143:0.016900000000000002,0.0521,0.0782,0.11370000000000001,0.1459,0.1724,0.1917,0.2159,0.2426,0.2581,0.30770000000000003,0.37570000000000003,0.41190000000000004,0.44420000000000004,0.49960000000000004,0.5414,0.5646,0.6086,0.6407,0.6846,0.7024,0.7477,0.7787000000000001,0.8052,0.8314,0.8605,0.8945000000000001,0.9186000000000001,0.9490000000000001,0.9891000000000001,1.0141,1.0476,1.0734000000000001,1.103,1.1254,1.167,1.2364000000000002,1.2604,1.2812000000000001,1.3,1.3545,1.3831,1.4078000000000002,1.4533,1.4915,1.5217,1.5971000000000002,1.6335000000000002,1.7133,1.7605000000000002,1.8225,1.8527,1.8784,1.9058000000000002,1.9477,1.9834,2.0208,2.0541,2.0993,2.1311,2.1677,2.1861,2.2127,2.2446,2.2719,2.3239,2.3600000000000003,2.3921,2.4216,2.4666,2.4994,2.5146,2.5454000000000003,2.5733,2.6059,2.6414,2.6668000000000003,2.6947,2.7342,2.7724,2.8037,2.8324000000000003,2.8812,2.9607,2.9961,3.0174000000000003,3.0418000000000003,3.0736000000000003,3.101,3.1287000000000003,3.1973000000000003,3.2288,3.2622,3.2884,3.33,3.3556000000000004,3.3799,3.4278,3.467,3.5116,3.5381,3.5663,3.6413,3.6624000000000003,3.6991,3.7551,3.7761,3.8041,3.8224,3.8496,3.8697000000000004,3.911,3.947,3.9689,3.9961,4.0299000000000005,4.0602,4.1063,4.129700000000001,4.1592,4.2055,4.244800000000001,4.2826,4.3097,4.3321000000000005,4.4084,4.4453000000000005,4.4734,4.5004,4.5334,4.586,4.637700000000001,4.6787,4.7075000000000005,4.7394,4.7704,4.7955000000000005,4.8554,4.8861,4.9225,4.9694
45293:0.9343,1.2322,3.0776000000000003
46038:0.6392,2.0266,4.0117
46071:1.2238
46248:1.0163
46408:2.4727,3.7328,3.9501000000000004,4.7956
47110:0.0412,0.128,0.2134,0.2529,0.2872,0.3432,0.4239,0.46240000000000003,0.4988,0.5946,0.6751,0.7188,0.8655,0.9839,1.0330000000000001,1.0719,1.1849,1.2556,1.2963,1.3382,1.381,1.453,1.5265,1.608,1.6997,1.7485000000000002,1.7924,1.8927,1.9184,1.9775,2.0394,2.1284,2.2193,2.3703000000000003,2.4137,2.4661,2.5162,2.5429,2.6493,2.8133000000000004,2.8712,2.9219,3.0311000000000003,3.0837000000000003,3.1586000000000003,3.2710000000000004,3.3457000000000003,3.4725,3.5836,3.6338000000000004,3.7003000000000004,3.8179000000000003,3.8508,3.8880000000000003,3.9245,4.311,4.3433,4.425,4.5859000000000005,4.7135,4.8102,4.8558
47118:0.9157000000000001
47410:0.45130000000000003,1.2186000000000001,1.7953000000000001,2.1342000000000003,2.1746000000000003,2.8036000000000003,3.0618000000000003,3.3714,4.7891
47652:0.49610000000000004,0.8153,0.917,1.0514000000000001,1.3425,1.5972000000000002,1.8389,1.9892,2.4531,2.5073000000000003,3.2301,3.3905000000000003,3.4708,3.9831000000000003,4.0926,4.4781,4.6201,4.6951,4.782500000000001
48094:3.8108,3.9808000000000003
48805:0.253,0.29350000000000004,0.4262,0.7067,0.9919,1.0414,1.2571,1.3362,1.387,1.7288000000000001,1.8918000000000001,2.0326,2.1378,2.4659,2.5356,2.7076000000000002,3.2960000000000003,3.5076,3.6396,3.7025,3.8418,3.8884000000000003,4.321000000000001,4.5905000000000005,4.7183,4.8543
48838:0.0224,0.0766,0.11470000000000001,0.1564,0.20140000000000002,0.24100000000000002,0.2711,0.2928,0.3292,0.3578,0.3687,0.4176,0.4307,0.463,0.48610000000000003,0.5051,0.5215000000000001,0.5356000000000001,0.5495,0.5732,0.596,0.6271,0.6797000000000001,0.7038,0.7224,0.7592,0.8076,0.8140000000000001,0.8320000000000001,0.8512000000000001,0.8636,0.8951,0.9036000000000001,0.9295,0.9784,1.0024,1.0511000000000001,1.0595,1.1149,1.1571,1.1888,1.2069,1.2158,1.2328000000000001,1.2611,1.2705,1.3155000000000001,1.3672,1.3800000000000001,1.3939000000000001,1.4224,1.4594,1.4821,1.5086000000000002,1.5358,1.5488000000000002,1.5606,1.6028,1.6334000000000002,1.6597000000000002,1.6729,1.6825,1.6946,1.7379,1.7583,1.78,1.8009000000000002,1.8110000000000002,1.8378,1.852,1.9142000000000001,1.9324000000000001,1.9534,1.9686000000000001,2.0142,2.039,2.0696,2.0837,2.1106000000000003,2.1227,2.1404,2.1482,2.1959,2.2265,2.2386,2.2524,2.2968,2.3249,2.361,2.4017,2.4337,2.4722,2.4806,2.523,2.5617,2.5863,2.6115,2.6222000000000003,2.6343,2.6423,2.6814,2.7155,2.7358000000000002,2.7561,2.7769,2.8067,2.845,2.8684000000000003,2.9156,2.9338,2.9725,3.0096000000000003,3.0346,3.0556,3.085,3.1015,3.1168,3.1405000000000003,3.1655,3.1958,3.2106000000000003,3.2591,3.2968,3.3048,3.3302,3.3425000000000002,3.3599,3.3716000000000004,3.3858,3.4497,3.4634,3.4956,3.5402,3.585,3.5996,3.6092,3.645,3.6714,3.7058,3.732,3.7437,3.7815000000000003,3.8103000000000002,3.825,3.854,3.8840000000000003,3.9232,3.9797000000000002,4.010800000000001,4.0438,4.0678,4.1127,4.1229000000000005,4.1611,4.1894,4.2069,4.222300000000001,4.274500000000001,4.2986,4.309200000000001,4.3373,4.365600000000001,4.4368,4.4566,4.4774,4.490200000000001,4.5096,4.5417000000000005,4.5718000000000005,4.5799,4.617100000000001,4.6439,4.6637,4.7065,4.7452000000000005,4.7649,4.7967,4.8109,4.8268,4.836,4.8718,4.8992,4.9383,4.9859
48970:0.1802,0.2975,0.4466,0.9166000000000001,0.9887,1.0119,1.0721,1.2138,1.2173,1.2837,1.4243000000000001,1.4339000000000002,1.6918,1.7507000000000001,1.7910000000000001,1.9452,2.0274,2.0576000000000003,2.128,2.1696,2.307,2.4831000000000003,2.5745,2.6373,2.7913,2.8572,3.0,3.0589,3.1162,3.3632,3.3749000000000002,3.4789000000000003,3.5581,3.6148000000000002,3.693,3.8155,4.0548,4.2945,4.5919,4.597300000000001,4.7758,4.8364
49035:0.6312,0.9755,1.3219,1.6011,1.9501000000000002,2.0856,2.8616,3.4447,3.5445,3.6225,4.0388,4.2602
49698:0.0082,0.0089,0.0091,0.0103,0.011600000000000001,0.0132,0.0173,0.0221,0.028200000000000003,0.029900000000000003,0.0322,0.0437,0.0507,0.0587,0.0627,0.0653,0.0989,0.10260000000000001,0.10890000000000001,0.1187,0.1193,0.12050000000000001,0.1213,0.1298,0.1318,0.1333,0.1427,0.1429,0.1575,0.1728,0.17600000000000002,0.1927,0.1975,0.2001,0.2011,0.2066,0.2099,0.2209,0.22870000000000001,0.231,0.2434,0.2525,0.2621,0.2624,0.2748,0.27990000000000004,0.28150000000000003,0.2974,0.30720000000000003,0.30910000000000004,0.31070000000000003,0.32020000000000004,0.34950000000000003,0.37070000000000003,0.3907,0.39130000000000004,0.3997,0.4081,0.42250000000000004,0.4304,0.44170000000000004,0.444,0.4529,0.4554,0.4559,0.459,0.45990000000000003,0.46490000000000004,0.4708,0.4727,0.47790000000000005,0.49210000000000004,0.4948,0.49500000000000005,0.4993,0.5061,0.5163,0.5199,0.5256000000000001,0.5282,0.5341,0.5637,0.5684,0.5743,0.5818,0.5866,0.5917,0.6035,0.609,0.6165,0.6213000000000001,0.6233000000000001,0.6283000000000001,0.6585000000000001,0.6711,0.6719,0.6875,0.7206,0.7210000000000001,0.7347,0.7439,0.7824,0.7891,0.7952,0.7975,0.8028000000000001,0.8065,0.8104,0.8221,0.8273,0.8277,0.8313,0.8406,0.8413,0.8423,0.8432000000000001,0.8495,0.8558,0.8574,0.8593000000000001,0.8647,0.8661000000000001,0.8937,0.9024000000000001,0.9138000000000001,0.9159,0.9332,0.9361,0.9419000000000001,0.9429000000000001,0.9540000000000001,0.9639000000000001,0.9667,0.9671000000000001,0.9689000000000001,0.9788,0.9812000000000001,0.9816,0.9826,1.0133,1.0149000000000001,1.0428,1.0578,1.0588,1.0595,1.0693000000000001,1.0702,1.0711,1.0933000000000002,1.0944,1.0963,1.0988,1.1027,1.1034000000000002,1.124,1.1255,1.1311,1.1398000000000001,1.1407,1.149,1.1663000000000001,1.1802000000000001,1.2002000000000002,1.2068,1.2136,1.2153,1.2171,1.2206000000000001,1.2303,1.2368000000000001,1.2398,1.2457,1.2491,1.2536,1.2686,1.2747000000000002,1.2753,1.2794,1.3025,1.3067,1.3071000000000002,1.3192000000000002,1.3302,1.3403,1.35,1.3509,1.3593000000000002,1.3744,1.3791,1.3827,1.3843,1.3977000000000002,1.4005,1.4044,1.4103,1.4129,1.4214,1.4314,1.4509,1.4527,1.4728,1.4822,1.4867000000000001,1.4971,1.5074,1.5094,1.5339,1.5401,1.5445,1.5523,1.5536,1.5652000000000001,1.5865,1.591,1.5949,1.6004,1.6008,1.6038000000000001,1.6055000000000001,1.6158000000000001,1.6332,1.6389,1.6413,1.6482,1.6572,1.6597000000000002,1.6679000000000002,1.671,1.6799000000000002,1.6864000000000001,1.6881000000000002,1.697,1.6975,1.7037,1.7109,1.7181000000000002,1.7211,1.7279,1.7313,1.7364000000000002,1.7459,1.7469000000000001,1.7552,1.7585000000000002,1.7651000000000001,1.7653,1.7699,1.772,1.7797,1.7812000000000001,1.7826000000000002,1.7969000000000002,1.8071000000000002,1.8161,1.8164,1.8214000000000001,1.8242,1.8296000000000001,1.8298,1.8341,1.8345,1.8431000000000002,1.8513000000000002,1.8537000000000001,1.8563,1.8614000000000002,1.8662,1.8873000000000002,1.9096000000000002,1.9099000000000002,1.9136000000000002,1.9457,1.9472,1.9776,1.9804000000000002,1.9925000000000002,2.0041,2.0077000000000003,2.0111,2.0121,2.0147,2.0189,2.0307,2.0438,2.0443000000000002,2.0476,2.0517000000000003,2.0538000000000003,2.0540000000000003,2.064,2.0722,2.0776,2.089,2.0919000000000003,2.0945,2.0962,2.099,2.1043000000000003,2.1077,2.1100000000000003,2.1119,2.1134,2.1339,2.1426000000000003,2.1501,2.1509,2.161,2.164,2.1741,2.1812,2.1864,2.1871,2.2125,2.2194000000000003,2.2387,2.2421,2.244,2.254,2.2561,2.2584,2.2616,2.2627,2.2643,2.2707,2.2721,2.2871,2.2904,2.305,2.3057000000000003,2.3159,2.3266,2.3298,2.3307,2.3441,2.3464,2.3496,2.3506,2.3607,2.366,2.3664,2.3804000000000003,2.3917,2.3976,2.4012000000000002,2.4290000000000003,2.432,2.4371,2.4665,2.4987,2.499,2.5077000000000003,2.5121,2.5181,2.5211,2.5241000000000002,2.5254000000000003,2.5282,2.5305,2.5495,2.5528,2.5626,2.568,2.5726,2.5734,2.5762,2.5791,2.5825,2.5975,2.6020000000000003,2.6041000000000003,2.6100000000000003,2.6126,2.6162,2.6195,2.6322,2.6341,2.6484,2.6651000000000002,2.6705,2.6710000000000003,2.6868000000000003,2.6965000000000003,2.7074000000000003,2.7113,2.7269,2.7321,2.7404,2.7476000000000003,2.7585,2.7598000000000003,2.7672000000000003,2.7791,2.8066,2.8134,2.8182,2.8222,2.8335000000000004,2.8480000000000003,2.8492,2.8562000000000003,2.871,2.8786,2.8899000000000004,2.8967,2.9054,2.9076,2.9096,2.9171,2.9416,2.9624,2.9669000000000003,2.9704,2.9967,3.0012000000000003,3.0060000000000002,3.0122,3.0137,3.0154,3.0170000000000003,3.0314,3.0335,3.0340000000000003,3.0512,3.0546,3.0663,3.0794,3.0819,3.0838,3.0986000000000002,3.1024000000000003,3.1060000000000003,3.107,3.113,3.1243000000000003,3.1251,3.1261,3.1331,3.1347,3.1569000000000003,3.1608,3.1688,3.1746000000000003,3.1791,3.1847000000000003,3.1945,3.2094,3.2137000000000002,3.2178,3.2228000000000003,3.2230000000000003,3.2232000000000003,3.2297000000000002,3.2302,3.2362,3.2462,3.2501,3.253,3.2604,3.2778,3.2888,3.2897000000000003,3.2906,3.2949,3.297,3.3056,3.3322000000000003,3.3418,3.3512,3.355,3.3569,3.3622,3.3707000000000003,3.3739000000000003,3.3807,3.3898,3.3907000000000003,3.4071000000000002,3.4334000000000002,3.4352,3.4367,3.4426,3.4439,3.4621,3.4641,3.4658,3.4664,3.4675000000000002,3.4688000000000003,3.4715000000000003,3.4844000000000004,3.4911000000000003,3.5028,3.5135,3.5146,3.5227000000000004,3.5306,3.5359000000000003,3.5382000000000002,3.5484,3.5500000000000003,3.5587,3.5675000000000003,3.5942000000000003,3.5948,3.5959000000000003,3.6003000000000003,3.6132,3.6196,3.6199000000000003,3.6231,3.6307,3.6406,3.6528,3.6582000000000003,3.6587,3.6644,3.673,3.6779,3.6794000000000002,3.6807000000000003,3.6904000000000003,3.6931000000000003,3.6982000000000004,3.7079,3.713,3.7244,3.7276000000000002,3.7278000000000002,3.7283000000000004,3.7289000000000003,3.7326,3.7362,3.7461,3.7523,3.7538,3.7637,3.7803,3.7869,3.7962000000000002,3.7967,3.8030000000000004,3.8032000000000004,3.8095000000000003,3.8227,3.8236000000000003,3.8253000000000004,3.8382,3.8385000000000002,3.841,3.8463000000000003,3.8521,3.8545000000000003,3.8576,3.8628,3.8649,3.8675,3.8696,3.8799,3.8801,3.8890000000000002,3.8960000000000004,3.9016,3.9026,3.9084000000000003,3.9109000000000003,3.9122000000000003,3.9163,3.9199,3.9370000000000003,3.9532000000000003,3.9667000000000003,3.9742,3.9762000000000004,3.9908,3.991,3.9962,3.9984,3.9995000000000003,4.016,4.0285,4.0313,4.035200000000001,4.0389,4.0457,4.0472,4.0482000000000005,4.0622,4.0647,4.077,4.079000000000001,4.0883,4.0896,4.0967,4.1048,4.1117,4.1138,4.1163,4.1183000000000005,4.1326,4.1398,4.1409,4.1412,4.1421,4.1509,4.1555,4.179,4.1801,4.1881,4.2026,4.2146,4.216200000000001,4.218500000000001,4.2192,4.2405,4.2408,4.2522,4.2654000000000005,4.2698,4.270700000000001,4.2732,4.2784,4.2979,4.3091,4.3127,4.319500000000001,4.338,4.341,4.3425,4.3451,4.3463,4.3471,4.3580000000000005,4.365600000000001,4.3658,4.3669,4.3705,4.3853,4.3942000000000005,4.396100000000001,4.3984000000000005,4.399500000000001,4.3997,4.415500000000001,4.4208,4.4214,4.4254,4.4301,4.437600000000001,4.4513,4.4577,4.4766,4.4878,4.4941,4.496300000000001,4.4998000000000005,4.5136,4.514600000000001,4.518,4.557300000000001,4.559,4.5625,4.5628,4.5693,4.5718000000000005,4.5757,4.5793,4.5829,4.5849,4.5883,4.5885,4.5914,4.5943000000000005,4.5985000000000005,4.629700000000001,4.6317,4.6699,4.673,4.680000000000001,4.682300000000001,4.6881,4.6962,4.7013,4.7145,4.734500000000001,4.7384,4.7424,4.7476,4.7569,4.776400000000001,4.7813,4.7862,4.7954,4.8133,4.8141,4.8296,4.8335,4.8441,4.8586,4.8642,4.8662,4.8699,4.870900000000001,4.8785,4.881200000000001,4.8851,4.8928,4.893400000000001,4.8968,4.8971,4.9084,4.9105,4.9141,4.9177,4.9185,4.9231,4.9331000000000005,4.933400000000001,4.935700000000001,4.9371,4.9512,4.9574,4.9613000000000005,4.9661,4.9724
49798:0.0308,1.0039,1.1335,1.3313000000000001,1.484,1.5868,1.6997,2.6907,2.8745000000000003,3.2193,3.3873,3.6263,4.5055000000000005,4.7839,4.9975000000000005
50303:0.09330000000000001,0.4428,0.5458000000000001,0.6883,0.8709,0.9844,1.0692000000000002,1.2119,1.2809000000000001,1.4052,1.5714000000000001,1.6906,1.7486000000000002,1.7912000000000001,1.9438000000000002,2.0253,2.1244,2.1683,2.2695000000000003,2.3712,2.478,2.5343,2.5759000000000003,2.7481,2.7929,2.999,3.0582000000000003,3.1761000000000004,3.362,3.4752,3.6113,3.6889000000000003,3.744,4.0532,4.2305,4.2954,4.352,4.5355,4.591200000000001,4.832800000000001,4.9078
50424:0.049,0.20020000000000002,0.22360000000000002,0.29610000000000003,0.31,0.3282,0.3476,0.37360000000000004,0.3895,0.42860000000000004,0.4979,0.5096,0.5685,0.5865,0.5996,0.6268,0.6848000000000001,0.7531,0.803,0.8225,0.9056000000000001,0.9904000000000001,1.0225,1.0835000000000001,1.1077000000000001,1.1351,1.1720000000000002,1.2064000000000001,1.2391,1.2755,1.3481,1.3811,1.4083,1.4336,1.46,1.4949000000000001,1.5259,1.5861,1.624,1.6537000000000002,1.7023000000000001,1.7206000000000001,1.7616,1.7957,1.8296000000000001,1.8840000000000001,1.9147,2.0037000000000003,2.0551,2.1128,2.1426000000000003,2.1765000000000003,2.2158,2.2488,2.3244000000000002,2.3685,2.4219,2.4571,2.4739,2.5178000000000003,2.5475000000000003,2.5863,2.6103,2.6870000000000003,2.6945,2.7109,2.7803,2.8353,2.8675,2.9027000000000003,2.9334000000000002,2.966,2.9852000000000003,3.0301,3.0512,3.0913,3.1572,3.1826000000000003,3.2713,3.2983000000000002,3.3264,3.3619000000000003,3.4115,3.4557,3.4985000000000004,3.5342000000000002,3.5824000000000003,3.6229,3.6502000000000003,3.6928,3.7169000000000003,3.7383,3.7674000000000003,3.801,3.8136,3.8334,3.8583000000000003,3.8932,3.9219000000000004,3.9471000000000003,4.0074000000000005,4.0338,4.0748,4.1037,4.1208,4.1692,4.2225,4.2874,4.3258,4.4115,4.449800000000001,4.4597,4.517,4.5305,4.5563,4.5852,4.648000000000001,4.6755,4.7302,4.7577,4.780600000000001,4.798900000000001,4.8608,4.9092,4.9514000000000005,4.9997
50739:2.6887000000000003
51088:0.09580000000000001,0.11710000000000001,0.1922,0.2611,0.2856,0.3287,0.4751,0.5667,0.611,0.6523,0.7039000000000001,0.8192,0.8847,0.9541000000000001,0.9839,1.0067000000000002,1.0595,1.1303,1.1943000000000001,1.268,1.3448,1.4721,1.5478,1.6133000000000002,1.6855,1.7148,1.9080000000000001,1.9698,2.0054000000000003,2.047,2.0986000000000002,2.1259,2.1702,2.3041,2.4381,2.4914,2.5149,2.6029,2.6441000000000003,2.6907,2.7511,2.8747000000000003,2.987,3.0282,3.061,3.121,3.1514,3.1911,3.2351,3.2800000000000002,3.4958,3.5792,3.6288,3.6994000000000002,3.7859000000000003,3.9862,4.096,4.1299,4.1753,4.2213,4.2602,4.3044,4.3247,4.3724,4.692,4.8169,4.855300000000001,4.886,4.9452
51263:0.9237000000000001
51523:0.0536,0.277,0.37020000000000003,0.5054000000000001,0.6398,0.9159,0.9971000000000001,1.0857,1.2189,1.3237,1.606,1.7154,1.9742000000000002,2.5107,2.6604,2.8721,2.9761,3.1726,3.2333000000000003,3.3222,3.3913,3.5056000000000003,3.8301000000000003,3.9364000000000003,4.0078000000000005,4.0723,4.118,4.2666,4.3617,4.8156
51555:1.0345
51562:0.0567,0.08660000000000001,0.11570000000000001,0.1603,0.19990000000000002,0.23440000000000003,0.25,0.279,0.29510000000000003,0.32630000000000003,0.3563,0.3865,0.42600000000000005,0.46040000000000003,0.5016,0.5356000000000001,0.5664,0.5942000000000001,0.6199,0.6385000000000001,0.6511,0.6781,0.7004,0.7192000000000001,0.7544000000000001,0.8086,0.8250000000000001,0.8387,0.8623000000000001,0.8997,0.9271,0.9632000000000001,0.9771000000000001,1.022,1.0571000000000002,1.083,1.1447,1.1609,1.192,1.2258,1.2688000000000001,1.2993000000000001,1.3358,1.3682,1.3958000000000002,1.4163000000000001,1.4311,1.4632,1.5308000000000002,1.5495,1.5672000000000001,1.5982,1.6276000000000002,1.6484,1.6646,1.6966,1.7172,1.735,1.7685000000000002,1.8058,1.8503,1.9289,1.9528,1.9735,1.9974,2.0193000000000003,2.0441000000000003,2.0766,2.1127000000000002,2.1458,2.1953,2.2314000000000003,2.2600000000000002,2.2768,2.2967,2.3254,2.3494,2.3655,2.3995,2.4328000000000003,2.466,2.4941,2.5111000000000003,2.5599000000000003,2.5872,2.6161000000000003,2.6313,2.672,2.6876,2.7092,2.7354000000000003,2.7755,2.8032,2.8459000000000003,2.8831,2.9155,2.9341,2.9778000000000002,2.9939,3.0322,3.0598,3.1018000000000003,3.1278,3.1625,3.1778,3.1961,3.217,3.245,3.2728,3.2958000000000003,3.3376,3.3713,3.3861000000000003,3.4516,3.4675000000000002,3.4947000000000004,3.5435000000000003,3.5973,3.6466000000000003,3.6734,3.7079,3.7343,3.7622,3.7859000000000003,3.8237,3.8537000000000003,3.8833,3.9112,3.9439,3.9716,3.996,4.0393,4.0679,4.1028,4.1174,4.1498,4.1643,4.1931,4.2217,4.2733,4.2955000000000005,4.3068,4.3277,4.345000000000001,4.3702000000000005,4.4347,4.4571000000000005,4.4779,4.5102,4.5297,4.5578,4.5823,4.618,4.663600000000001,4.6905,4.7114,4.746300000000001,4.782900000000001,4.7988,4.8166,4.8368,4.8735,4.8994,4.919300000000001,4.9394,4.9889
52115:0.498,0.8125,0.8788,1.3057,1.903,1.9711,2.1271,2.6926,2.8421000000000003,2.8776,3.0572000000000004,3.8146,4.2639000000000005,4.3685,4.4799
52198:0.25670000000000004,0.9737,3.8603
53346:0.0227,0.049100000000000005,0.061900000000000004,0.0816,0.10110000000000001,0.1317,0.1552,0.17120000000000002,0.1893,0.2081,0.23720000000000002,0.25270000000000004,0.2732,0.2847,0.29500000000000004,0.32680000000000003,0.3617,0.383,0.40900000000000003,0.4237,0.4496,0.4687,0.5333,0.5634,0.5811000000000001,0.5934,0.6174000000000001,0.6354000000000001,0.658,0.6778000000000001,0.6953,0.7332000000000001,0.756,0.7769,0.7936000000000001,0.8111,0.8302,0.8458,0.8624,0.904,0.9225000000000001,0.9380000000000001,0.9676,0.9894000000000001,1.0007000000000001,1.0164,1.0463,1.0591000000000002,1.0796000000000001,1.0958,1.1436,1.1592,1.1798,1.196,1.2219,1.2503,1.2809000000000001,1.3058,1.3244,1.3528,1.3795000000000002,1.3929,1.4125,1.4463000000000001,1.4578,1.4738,1.4903000000000002,1.5141,1.5397,1.57,1.5916000000000001,1.6495000000000002,1.6851,1.7017,1.7292,1.7412,1.7621,1.7868000000000002,1.8199,1.8404,1.8675000000000002,1.8881000000000001,1.9308,1.9496,1.9912,2.0074,2.0199000000000003,2.037,2.0614,2.0806,2.1002,2.133,2.1753,2.2049000000000003,2.2289000000000003,2.2474000000000003,2.2588,2.2869,2.3061000000000003,2.3385000000000002,2.3520000000000003,2.3930000000000002,2.4138,2.4381,2.4598,2.4803,2.5024,2.5321000000000002,2.5474,2.5876,2.6097,2.6259,2.6467,2.6721,2.6891000000000003,2.7052,2.7238,2.7429,2.7765,2.8134,2.8307,2.8479,2.8755,2.8914,2.9077,2.9218,2.9547000000000003,2.9742,2.9919000000000002,3.0112,3.0298000000000003,3.0496000000000003,3.0756,3.0874,3.109,3.1329000000000002,3.1588000000000003,3.1727000000000003,3.2041,3.2402,3.2512000000000003,3.2721,3.2915,3.3154000000000003,3.3376,3.3628,3.3934,3.4098,3.4204000000000003,3.4526000000000003,3.4837000000000002,3.499,3.512,3.5346,3.5448,3.5984000000000003,3.6182000000000003,3.6345,3.6466000000000003,3.6631,3.6968,3.7141,3.7468000000000004,3.7757,3.8075,3.8231,3.8393,3.8560000000000003,3.8672,3.8843,3.8943000000000003,3.9111000000000002,3.927,3.9933,4.0144,4.0271,4.0483,4.0683,4.0845,4.0984,4.1223,4.1562,4.1799,4.2026,4.2278,4.248,4.2704,4.3016000000000005,4.3176000000000005,4.3312,4.3498,4.369400000000001,4.3913,4.4205000000000005,4.4405,4.4541,4.4692,4.5011,4.5158000000000005,4.5321,4.5579,4.5792,4.5927,4.6117,4.6564000000000005,4.6705000000000005,4.6933,4.7188,4.7366,4.754700000000001,4.7767,4.7940000000000005,4.814500000000001,4.8318,4.8552,4.884,4.8958,4.9227,4.9687,4.9896
53582:0.0263,0.10450000000000001,0.11610000000000001,0.1429,0.18580000000000002,0.2295,0.2565,0.29610000000000003,0.32170000000000004,0.3264,0.3472,0.38120000000000004,0.4282,0.47490000000000004,0.5013000000000001,0.5576,0.5974,0.6031000000000001,0.6524,0.6927,0.7201000000000001,0.758,0.8025,0.8108000000000001,0.8560000000000001,0.9073,0.9573,0.9766,0.998,1.0521,1.1047,1.1316000000000002,1.1726,1.2052,1.258,1.2825,1.3361,1.3623,1.4002000000000001,1.4131,1.4513,1.4879,1.5015,1.5452000000000001,1.6177000000000001,1.6539000000000001,1.6846,1.7202000000000002,1.7608000000000001,1.8023,1.8332000000000002,1.879,1.8997000000000002,1.9414,1.9711,1.9943000000000002,2.0439000000000003,2.1027,2.1433,2.1643,2.2077,2.248,2.291,2.3268,2.3643,2.4148,2.4505,2.4719,2.5131,2.5428,2.5845000000000002,2.6586000000000003,2.6892,2.7526,2.8103000000000002,2.8615,2.8765,2.9268,2.9412000000000003,2.9657,2.9919000000000002,3.0192,3.0383,3.0568,3.0921000000000003,3.1353,3.1521000000000003,3.1874000000000002,3.2256,3.2733000000000003,3.3045,3.3311,3.3541000000000003,3.4087,3.4497,3.4892000000000003,3.5265,3.5476,3.5740000000000003,3.6172,3.6502000000000003,3.6931000000000003,3.6994000000000002,3.7416,3.7806,3.8135000000000003,3.8601,3.8784,3.9089,3.9410000000000003,3.9793000000000003,3.9852000000000003,4.0333000000000006,4.0659,4.112,4.1224,4.1581,4.2138,4.254300000000001,4.2918,4.3183,4.3257,4.367900000000001,4.4126,4.447900000000001,4.4777000000000005,4.518,4.5574,4.589,4.623600000000001,4.649500000000001,4.6827000000000005,4.6946,4.7347,4.7778,4.8064,4.855700000000001,4.8821,4.9332,4.9396,4.98
53702:1.2329
54428:0.045200000000000004,0.08610000000000001,0.1115,0.1658,0.19870000000000002,0.2205,0.25880000000000003,0.2665,0.3191,0.37010000000000004,0.43860000000000005,0.4964,0.618,0.6277,0.6729,0.7587,0.7915000000000001,0.8360000000000001,0.8578,0.8714000000000001,0.9134,0.9604,1.0067000000000002,1.0535,1.0842,1.0963,1.1876,1.2054,1.2549000000000001,1.3028,1.3206,1.3669,1.4059000000000001,1.4568,1.4823000000000002,1.5665,1.6075000000000002,1.6639000000000002,1.7135,1.7355,1.7561,1.8578000000000001,1.9056000000000002,1.9686000000000001,2.019,2.0529,2.1104000000000003,2.1843,2.2061,2.2588,2.3223000000000003,2.3553,2.4112,2.4235,2.4844,2.5489,2.5967000000000002,2.6613,2.6863,2.7911,2.8082000000000003,2.8631,2.9093,3.0063,3.049,3.1247000000000003,3.1665,3.1870000000000003,3.2469,3.2565,3.2943000000000002,3.3093000000000004,3.3461000000000003,3.3604000000000003,3.4507000000000003,3.4932000000000003,3.5723000000000003,3.6385,3.7037,3.8249,3.8546,3.9068,3.9469000000000003,3.9778000000000002,4.0541,4.1565,4.2349000000000006,4.2733,4.316800000000001,4.3356,4.351100000000001,4.4375,4.4513,4.4884,4.6083,4.6587000000000005,4.7214,4.7342,4.781000000000001,4.7983,4.8085,4.8387,4.8632,4.8937,4.9312000000000005
54514:0.0142,0.047400000000000005,0.0673,0.084,0.12040000000000001,0.1318,0.14850000000000002,0.1761,0.19190000000000002,0.21100000000000002,0.2267,0.2497,0.2691,0.2745,0.28700000000000003,0.3191,0.3331,0.3496,0.3718,0.396,0.4128,0.4228,0.44870000000000004,0.47450000000000003,0.4877,0.5086,0.5257000000000001,0.5448000000000001,0.5522,0.5720000000000001,0.5918,0.6165,0.6324000000000001,0.6467,0.6867000000000001,0.6998000000000001,0.7252000000000001,0.7386,0.7769,0.7976000000000001,0.8203,0.8365,0.8565,0.8791,0.893,0.9158000000000001,0.9356000000000001,0.9641000000000001,0.9790000000000001,0.9922000000000001,1.0118,1.0297,1.0519,1.0752000000000002,1.1124,1.1291,1.145,1.1607,1.1748,1.1908,1.2155,1.2335,1.2554,1.2652,1.2858,1.3074000000000001,1.3285,1.3568,1.3800000000000001,1.4041000000000001,1.4272,1.4414,1.4571,1.4727000000000001,1.4868000000000001,1.5006000000000002,1.5138,1.5316,1.5554000000000001,1.5658,1.5905,1.6162,1.6323,1.6504,1.6721000000000001,1.6949,1.7156,1.7342000000000002,1.7585000000000002,1.7830000000000001,1.8058,1.8297,1.8489,1.8731,1.8924,1.927,1.9520000000000002,1.9702000000000002,1.9872,2.0092,2.0266,2.0634,2.0831,2.0979,2.1135,2.1318,2.1507,2.1599,2.1842,2.196,2.2179,2.2403,2.2609,2.2822,2.2997,2.3242000000000003,2.3476,2.3679,2.3874,2.4306,2.4504,2.4647,2.4927,2.5128,2.5243,2.5426,2.571,2.5819,2.5951,2.6124,2.6256,2.6488,2.6679,2.6992000000000003,2.7252,2.7364,2.7522,2.7635,2.7919,2.8142,2.8354,2.8582,2.8734,2.89,2.9129,2.9276,2.9391000000000003,2.9569,2.9739,2.9923,3.0135,3.0291,3.0516,3.0744000000000002,3.1052,3.1351,3.1502000000000003,3.1707,3.1974,3.2185,3.2396000000000003,3.2644,3.2926,3.3124000000000002,3.3377000000000003,3.3596000000000004,3.3805,3.3961,3.4105000000000003,3.4315,3.442,3.4561,3.4808000000000003,3.5016000000000003,3.5180000000000002,3.5367,3.5555000000000003,3.5877000000000003,3.6094000000000004,3.6225,3.6425,3.6613,3.6854,3.702,3.7061,3.7207000000000003,3.7449000000000003,3.7665,3.7794000000000003,3.7864,3.8036000000000003,3.8426,3.869,3.8872,3.9128000000000003,3.9355,3.9541000000000004,3.9771,3.9901,4.0095,4.0346,4.0555,4.0769,4.0969,4.1169,4.1464,4.1639,4.1721,4.1927,4.216200000000001,4.246,4.2683,4.2861,4.2907,4.306,4.3346,4.351500000000001,4.3575,4.3824000000000005,4.3965000000000005,4.417800000000001,4.4368,4.4535,4.4941,4.5301,4.5525,4.5745000000000005,4.5952,4.6081,4.6368,4.6616,4.6839,4.7089,4.7356,4.766100000000001,4.7881,4.8285,4.8402,4.8684,4.8805000000000005,4.9007000000000005,4.9308000000000005,4.946400000000001,4.9661,4.9865
54713:0.3458,0.895,1.2707000000000002,2.0397000000000003,2.4723,2.62,3.3706,4.3,4.5213,4.559,4.7914
55407:0.0354,0.2545,0.34650000000000003,0.8211,1.0129000000000001,1.1365,1.3224,1.9114,2.1352,2.3785000000000003,2.677,2.8553,3.0658000000000003,3.4618,3.8308,3.991,4.274,4.3802,4.6329,4.7034,4.9478
55498:0.4459,1.2131,1.7897,2.1285000000000003,2.1691000000000003,2.7981000000000003,3.0569,3.3663000000000003,4.7835
55663:4.9092
55678:0.926
55972:0.2957,0.3894,0.598,0.7031000000000001,0.8260000000000001,2.0559000000000003,2.9334000000000002,3.1829,3.2984,3.4863,3.8715,4.2512,4.3205,4.8238,4.9348
56868:4.6029
57246:0.0258,0.0954,0.1067,0.116,0.1458,0.1867,0.1925,0.24100000000000002,0.27290000000000003,0.2857,0.3099,0.3471,0.4343,0.4733,0.49970000000000003,0.5626,0.6004,0.6083000000000001,0.6492,0.7005,0.7198,0.7342000000000001,0.8180000000000001,0.8646,0.8751,0.8823000000000001,0.9295,0.9474,0.9572,0.9688,0.9838,1.0023,1.0083,1.0441,1.0550000000000002,1.113,1.1288,1.1880000000000002,1.2059,1.2652,1.2816,1.3085,1.3429,1.4572,1.4715,1.4945000000000002,1.5015,1.5285,1.5485,1.6012000000000002,1.6223,1.6678000000000002,1.6823000000000001,1.6966,1.7151,1.7342000000000002,1.8452000000000002,1.8763,1.9084,1.9513,1.9678,1.9937,2.0083,2.0438,2.0951,2.1196,2.1275,2.1605000000000003,2.1709,2.2525,2.3076000000000003,2.3412,2.3657,2.4210000000000003,2.4532000000000003,2.466,2.5059,2.523,2.5311,2.5584000000000002,2.5996,2.641,2.6630000000000003,2.6946000000000003,2.7322,2.7492,2.8505000000000003,2.8715,2.8795,2.947,2.9716,2.9865,3.0036,3.0250000000000004,3.0555000000000003,3.0961000000000003,3.1385,3.1517,3.1902000000000004,3.2305,3.2762000000000002,3.3188,3.3528000000000002,3.4102,3.4534000000000002,3.4848000000000003,3.5548,3.5776000000000003,3.6220000000000003,3.6277000000000004,3.6931000000000003,3.6994000000000002,3.7104000000000004,3.7556000000000003,3.774,3.7857000000000003,3.8665000000000003,3.8760000000000003,3.9850000000000003,4.0445,4.0629,4.0806000000000004,4.0969,4.1269,4.1623,4.2,4.2108,4.2249,4.2599,4.2722,4.2991,4.3056,4.3145,4.3232,4.3436,4.369400000000001,4.4237,4.4494,4.565,4.5872,4.6496,4.6906,4.742100000000001,4.780600000000001,4.8127,4.8234,4.8537,4.8689,4.883,4.944500000000001
57682:0.6296,0.9113,0.9356000000000001,1.0433000000000001,1.086,1.1660000000000001,1.3363,1.7963,2.0085,2.0338000000000003,2.4981,2.9346,3.2224000000000004,3.379,3.7364,4.0054,4.0168,4.2958,4.338
57746:0.0325,0.0614,0.10210000000000001,0.1389,0.182,0.2043,0.22970000000000002,0.25620000000000004,0.30910000000000004,0.37210000000000004,0.42200000000000004,0.4983,0.5376000000000001,0.5732,0.6102000000000001,0.6402,0.677,0.6980000000000001,0.7468,0.7989,0.8338,0.8613000000000001,0.9002,0.9446,0.9876,1.0139,1.0490000000000002,1.0898,1.1217000000000001,1.1637,1.2088,1.2362,1.2661,1.2987,1.3485,1.3801,1.411,1.4472,1.4795,1.5145000000000002,1.5794000000000001,1.6167,1.6505,1.7013,1.7583,1.8213000000000001,1.8608,1.8863,1.9208,1.9482000000000002,1.9811,2.0188,2.0547,2.0980000000000003,2.1383,2.1725000000000003,2.1978,2.2399,2.2688,2.3244000000000002,2.3633,2.3967,2.444,2.492,2.5236,2.5493,2.5815,2.6124,2.6412,2.6712000000000002,2.7026000000000003,2.7565,2.7916000000000003,2.8246,2.8578,2.8903000000000003,2.9511000000000003,2.9847,3.0175,3.0433000000000003,3.0721000000000003,3.1115,3.1711,3.2037,3.2456,3.2865,3.3283,3.3555,3.4089,3.448,3.4843,3.5175,3.5478,3.5973,3.6413,3.6793,3.7179,3.7625,3.789,3.8099000000000003,3.8414,3.8686000000000003,3.911,3.9447,3.9714,4.0158000000000005,4.0457,4.099200000000001,4.1283,4.17,4.2062,4.2447,4.2851,4.3249,4.3853,4.4432,4.466600000000001,4.514600000000001,4.5681,4.5906,4.6382,4.6764,4.7157,4.7478,4.790900000000001,4.8554,4.8842,4.9186000000000005,4.9575000000000005,4.990600000000001
57783:0.003,0.0059,0.012700000000000001,0.0222,0.022600000000000002,0.0441,0.0446,0.0499,0.053500000000000006,0.060200000000000004,0.0635,0.0792,0.084,0.0857,0.0985,0.1085,0.1164,0.11950000000000001,0.12140000000000001,0.1216,0.1447,0.1449,0.1526,0.1563,0.1758,0.1821,0.1825,0.1832,0.2029,0.2036,0.21130000000000002,0.23290000000000002,0.23850000000000002,0.24760000000000001,0.248,0.2489,0.24980000000000002,0.25520000000000004,0.2625,0.27,0.2715,0.2742,0.2785,0.2928,0.2963,0.3062,0.33190000000000003,0.3559,0.3582,0.3584,0.35960000000000003,0.3647,0.3728,0.39690000000000003,0.39730000000000004,0.4035,0.4086,0.4112,0.4157,0.41800000000000004,0.4199,0.4252,0.4334,0.4454,0.44820000000000004,0.4526,0.4544,0.4549,0.4662,0.46690000000000004,0.4716,0.5079,0.5101,0.5241,0.5253,0.5318,0.5455,0.5551,0.5667,0.5732,0.5751000000000001,0.5770000000000001,0.5794,0.5852,0.5886,0.5939,0.5989,0.6008,0.6039,0.6056,0.6524,0.6554,0.6783,0.6827000000000001,0.6848000000000001,0.6916,0.6918000000000001,0.6948000000000001,0.6954,0.6957,0.7035,0.7048,0.7178,0.7259,0.7335,0.7384000000000001,0.7447,0.7491,0.7588,0.7596,0.7722,0.7833,0.7874,0.7953,0.8007000000000001,0.8027000000000001,0.8111,0.8193,0.8316,0.8336,0.8427,0.8499,0.8547,0.8565,0.8575,0.8714000000000001,0.8737,0.8783000000000001,0.9048,0.916,0.9272,0.9358000000000001,0.9446,0.9454,0.9581000000000001,0.9643,0.9659000000000001,0.9726,0.9730000000000001,0.9847,0.9875,0.9925,1.0079,1.0141,1.0285,1.0287,1.0331000000000001,1.0367,1.0374,1.0376,1.0532000000000001,1.0570000000000002,1.0596,1.0682,1.0733000000000001,1.0852,1.0855000000000001,1.0886,1.0986,1.1007,1.107,1.1223,1.1481000000000001,1.1553,1.1579000000000002,1.1584,1.1708,1.1782000000000001,1.1796,1.1844000000000001,1.1922000000000001,1.2041,1.2085000000000001,1.2368000000000001,1.24,1.2458,1.2483,1.2518,1.2525000000000002,1.2666000000000002,1.2677,1.2717,1.2785,1.2851000000000001,1.2914,1.2972000000000001,1.3088,1.3118,1.3145,1.3195000000000001,1.3216,1.327,1.3295000000000001,1.3337,1.3348,1.3365,1.3377000000000001,1.3441,1.3686,1.3761,1.3766,1.3779000000000001,1.3783,1.3915,1.3956000000000002,1.405,1.4146,1.4216,1.4228,1.4443000000000001,1.4480000000000002,1.4514,1.456,1.4663000000000002,1.4688,1.4706000000000001,1.4783000000000002,1.4803000000000002,1.4813,1.5087000000000002,1.5176,1.534,1.5691000000000002,1.5721,1.5884,1.5909,1.6012000000000002,1.6014000000000002,1.6115000000000002,1.6326,1.6593,1.6815,1.6827,1.6868,1.6942000000000002,1.6947,1.6978,1.7039000000000002,1.7123000000000002,1.7223000000000002,1.7264000000000002,1.7436,1.7443000000000002,1.7463000000000002,1.7538,1.7592,1.7628000000000001,1.7649000000000001,1.7712,1.7799,1.7842,1.7895,1.7914,1.7919,1.8010000000000002,1.8169000000000002,1.8308,1.8357,1.8370000000000002,1.8455000000000001,1.8522,1.8622,1.8687,1.872,1.8753000000000002,1.8769,1.8775000000000002,1.8800000000000001,1.8843,1.8864,1.887,1.8942,1.9051,1.9074,1.909,1.9281000000000001,1.9301000000000001,1.9382000000000001,1.9403000000000001,1.9406,1.9469,1.9619000000000002,1.9698,1.9711,1.9834,1.9872,1.9925000000000002,1.9937,2.0081,2.0149,2.0203,2.0228,2.0275000000000003,2.0283,2.0359000000000003,2.0494,2.0646,2.0778000000000003,2.0881000000000003,2.0962,2.0966,2.0969,2.1095,2.1133,2.1140000000000003,2.1252,2.1256,2.1390000000000002,2.1425,2.1543,2.1668000000000003,2.1797,2.1894,2.1952000000000003,2.1995,2.2022,2.2046,2.2103,2.2123,2.2145,2.2190000000000003,2.2251000000000003,2.2359,2.2417000000000002,2.2446,2.2596000000000003,2.267,2.2825,2.2969,2.2998000000000003,2.3360000000000003,2.3417,2.3451,2.3495,2.3823000000000003,2.3906,2.3914,2.4067000000000003,2.4112,2.4123,2.4247,2.4407,2.4506,2.4547000000000003,2.4570000000000003,2.4610000000000003,2.4664,2.4676,2.4679,2.4776000000000002,2.4808000000000003,2.4962,2.4986,2.503,2.5264,2.5295,2.5326,2.5336000000000003,2.5361000000000002,2.5461,2.5605,2.565,2.5794,2.5966,2.6158,2.6273,2.6367000000000003,2.6438,2.6448,2.6529000000000003,2.6616,2.6628000000000003,2.6806,2.6818,2.6854,2.6884,2.698,2.6996,2.7095000000000002,2.7182,2.7232000000000003,2.7325,2.7507,2.7680000000000002,2.7755,2.7787,2.7853000000000003,2.8059000000000003,2.8071,2.8178,2.8205,2.8213,2.8226,2.8238000000000003,2.8315,2.8351,2.8353,2.8467000000000002,2.8519,2.8524000000000003,2.8656,2.8675,2.8688000000000002,2.8758000000000004,2.8781000000000003,2.8846000000000003,2.8896,2.9000000000000004,2.908,2.9209,2.9408000000000003,2.9428,2.9508,2.9552,2.9592,2.971,2.9826,2.9832,3.0034,3.0059,3.0201000000000002,3.0254000000000003,3.027,3.0296000000000003,3.0343,3.0409,3.0465,3.0536000000000003,3.0598,3.0622000000000003,3.0695,3.0835000000000004,3.0855,3.088,3.0947,3.1099,3.1137,3.1182000000000003,3.1281000000000003,3.1343,3.1426000000000003,3.1462000000000003,3.1566,3.1625,3.1672000000000002,3.1870000000000003,3.2211000000000003,3.2255000000000003,3.2328,3.2441,3.249,3.2705,3.2818,3.2869,3.2927,3.2955,3.2983000000000002,3.3051000000000004,3.3106,3.3364000000000003,3.3564000000000003,3.3575000000000004,3.3642000000000003,3.3654,3.3800000000000003,3.3853,3.3890000000000002,3.3976,3.4036,3.406,3.4269000000000003,3.4324000000000003,3.4473000000000003,3.4648000000000003,3.4716,3.4761,3.4841,3.4936000000000003,3.4974000000000003,3.5006000000000004,3.5034,3.5045,3.5064,3.5142,3.5197000000000003,3.5306,3.5415,3.5561000000000003,3.5752,3.5962,3.6053,3.6077000000000004,3.6087000000000002,3.6095,3.6169000000000002,3.6298000000000004,3.6300000000000003,3.6361000000000003,3.6369000000000002,3.6587,3.6634,3.6718,3.6750000000000003,3.6789,3.6808,3.6853000000000002,3.6940000000000004,3.6954000000000002,3.7069,3.7178,3.7215000000000003,3.722,3.7402,3.7416,3.7431,3.7633,3.7723,3.7849000000000004,3.8088,3.8103000000000002,3.8215000000000003,3.8254,3.8402000000000003,3.8469,3.8537000000000003,3.8545000000000003,3.8581000000000003,3.8678000000000003,3.8699000000000003,3.8772,3.8782,3.882,3.8831,3.8859000000000004,3.8862,3.8867000000000003,3.8928000000000003,3.8942,3.9082000000000003,3.9089,3.9163,3.919,3.9379000000000004,3.9480000000000004,3.9544,3.9569,3.9745000000000004,3.9965,3.9979,4.0093000000000005,4.0099,4.0115,4.0208,4.0223,4.022600000000001,4.0404,4.0425,4.0585,4.072900000000001,4.0965,4.103,4.1143,4.1206000000000005,4.1332,4.1405,4.1496,4.1594,4.1607,4.169700000000001,4.1709000000000005,4.1799,4.1905,4.2156,4.2244,4.2262,4.2285,4.2454,4.2459,4.2485,4.2593000000000005,4.2609,4.2728,4.2776000000000005,4.2782,4.2911,4.2929,4.294700000000001,4.3005,4.3163,4.318700000000001,4.323300000000001,4.3292,4.3317000000000005,4.332,4.335500000000001,4.3607000000000005,4.361,4.3658,4.367,4.3806,4.3978,4.412,4.4122,4.4124,4.421600000000001,4.4226,4.4431,4.4461,4.4467,4.4492,4.4516,4.4627,4.4657,4.470400000000001,4.4752,4.5021,4.5114,4.5125,4.5151,4.5216,4.5359,4.541300000000001,4.5416,4.5518,4.5587,4.565,4.5673,4.572900000000001,4.575,4.577100000000001,4.5788,4.5805,4.587400000000001,4.5944,4.6047,4.6158,4.621300000000001,4.6239,4.6413,4.649500000000001,4.6519,4.6521,4.6610000000000005,4.6726,4.6763,4.6854000000000005,4.6864,4.7029000000000005,4.7084,4.710500000000001,4.720000000000001,4.7415,4.7488,4.750500000000001,4.7548,4.7833000000000006,4.7898000000000005,4.7908,4.8108,4.8155,4.8234,4.8357,4.840800000000001,4.8471,4.8502,4.8546000000000005,4.859100000000001,4.8688,4.8754,4.878,4.8802,4.912100000000001,4.9218,4.9228000000000005,4.9339,4.9398,4.9581,4.9583,4.9664,4.9767,4.9785,4.9823,4.9836,4.9838000000000005
58111:0.0303,0.0758,0.09680000000000001,0.1499,0.193,0.267,0.3299,0.34940000000000004,0.386,0.4334,0.4736,0.5024000000000001,0.6023000000000001,0.6457,0.7017,0.7384000000000001,0.8085,0.8653000000000001,0.879,0.9394,0.9992000000000001,1.0516,1.107,1.1287,1.1904000000000001,1.2074,1.2204000000000002,1.2669000000000001,1.2815,1.3751,1.4095,1.4341000000000002,1.4675,1.5025000000000002,1.5295,1.5545,1.6232,1.6606,1.6885000000000001,1.7463000000000002,1.7636,1.8955000000000002,1.9128,1.9669,2.0496000000000003,2.1211,2.1603,2.1692,2.2190000000000003,2.2524,2.4201,2.4562,2.4696000000000002,2.5095,2.5181,2.5282,2.5718,2.6228000000000002,2.6727000000000003,2.6921,2.6999,2.7812,2.8105,2.8492,2.9487,2.9713000000000003,3.04,3.057,3.1321000000000003,3.1574,3.1926,3.2328,3.2484,3.2834000000000003,3.3147,3.354,3.414,3.4985000000000004,3.5872,3.6072,3.6231,3.6566,3.7026000000000003,3.8179000000000003,3.8415000000000004,3.8755,3.9881,4.0901000000000005,4.1323,4.1652000000000005,4.2011,4.2145,4.2243,4.2693,4.303,4.359,4.4477,4.4773000000000005,4.492100000000001,4.5941,4.6366000000000005,4.6534,4.8163,4.826700000000001,4.8524,4.8722,4.9427,4.9877
58129:0.10010000000000001,0.12350000000000001,0.199,0.27490000000000003,0.3543,0.43420000000000003,0.5649000000000001,0.6129,0.7377,0.8227,0.8779,0.9845,1.0545,1.2063000000000001,1.2739,1.5007000000000001,1.6206,1.6913,1.7664000000000002,1.9038000000000002,1.9957,2.0491,2.1187,2.1662,2.2645,2.4689,2.5271,2.5754,2.6277,2.6624000000000003,2.7659000000000002,2.8188,2.8733,2.9923,3.0585,3.1500000000000004,3.1964,3.2997,3.6284,3.7061,3.7916000000000003,3.8781000000000003,4.1093,4.1642,4.2249,4.271100000000001,4.3095,4.3441,4.4782,4.5351,4.5928,4.7878,4.8221,4.8612
58597:0.2975,4.5985000000000005
58832:0.0281,0.11130000000000001,0.21680000000000002,0.2982,0.30910000000000004,0.3768,0.5861000000000001,0.6849000000000001,0.8051,1.2052,1.6277000000000001,1.8760000000000001,1.9468,2.0515,2.4219,2.4668,2.5936,2.6958,2.9203,2.9917000000000002,3.1682,3.2725,3.4232,3.4645,3.9038000000000004,4.1013,4.2153,4.2843,4.4576,4.5298,4.6531,4.7804,4.9055
58910:1.2144000000000001,1.6959000000000002,1.7916,2.1692,2.794,3.0041,3.0605,3.3657000000000004,3.6184000000000003,4.2962,4.7782
59562:1.2178,1.4344000000000001,2.1324,2.5384,2.6412,3.0593000000000004,4.5957
59797:4.6241,4.8226
60661:2.9346
60863:0.0528,0.16110000000000002,0.3342,0.6004,0.8126,1.0187,1.1916,1.3204,1.8055,2.4673000000000003,2.7063,3.2957,3.8253000000000004,4.369800000000001,4.5071,4.5284,4.6304,4.8264000000000005,4.8998,4.938400000000001
61000:0.9403
61120:0.0959,0.4446,0.5484,0.6909000000000001,0.8735,0.9870000000000001,1.0718,1.2135,1.2835,1.4078000000000002,1.574,1.6932,1.7512,1.7915,1.9464000000000001,2.0279000000000003,2.1270000000000002,2.1691000000000003,2.2721,2.3738,2.4806,2.5369,2.5785,2.7507,2.794,3.0016000000000003,3.0602,3.1787,3.3646000000000003,3.4778000000000002,3.6139,3.6184000000000003,3.6915,3.7466000000000004,4.0558000000000005,4.2331,4.2962,4.3546000000000005,4.5381,4.5938,4.7782,4.8353,4.9104
61487:0.4767,1.3940000000000001,1.4139000000000002,1.5978,1.7353,1.8923,2.2598000000000003,3.1414,3.2212,3.3513,3.4173,3.54,4.014,4.0865
61761:1.218,1.7006000000000001,1.7963,2.1735,2.7983000000000002,3.0084,3.369,4.3013
61880:0.0108,0.053700000000000005,0.0772,0.0908,0.1015,0.117,0.1422,0.1584,0.19360000000000002,0.22890000000000002,0.2574,0.26780000000000004,0.3145,0.3467,0.3649,0.37320000000000003,0.39640000000000003,0.4315,0.457,0.47940000000000005,0.49520000000000003,0.5204,0.552,0.5993,0.6593,0.7066,0.7183,0.7583000000000001,0.8029000000000001,0.8466,0.8615,0.9002,0.9189,0.9491,0.9681000000000001,1.0208000000000002,1.0570000000000002,1.0787,1.1086,1.1419000000000001,1.1658,1.1834,1.2016,1.2449000000000001,1.2535,1.2944,1.3115,1.343,1.3539,1.3698000000000001,1.3867,1.4157,1.4626000000000001,1.4738,1.4925000000000002,1.5345,1.5556,1.5753000000000001,1.6019,1.6167,1.6319000000000001,1.6526,1.6839000000000002,1.6998,1.7218,1.7362000000000002,1.7518,1.7708000000000002,1.8249000000000002,1.8435000000000001,1.8901000000000001,1.9162000000000001,1.9325,1.9625000000000001,1.9878,2.0187,2.0931,2.1104000000000003,2.1463,2.1712000000000002,2.1886,2.1993,2.21,2.2504,2.2633,2.3188,2.3631,2.3959,2.414,2.4603,2.4784,2.5207,2.5415,2.5631,2.5778000000000003,2.5894,2.6623,2.6852,2.7067,2.7529000000000003,2.7876000000000003,2.7966,2.8315,2.8518000000000003,2.8699000000000003,2.9063000000000003,2.9346,2.9612000000000003,3.0228,3.0474,3.1038,3.1367000000000003,3.1554,3.1835,3.2008,3.2197,3.2367000000000004,3.2501,3.2842000000000002,3.3017000000000003,3.3175000000000003,3.3486000000000002,3.3748,3.4351000000000003,3.4455,3.4612000000000003,3.4774000000000003,3.4956,3.5151000000000003,3.5464,3.5689,3.5885000000000002,3.6269,3.6726,3.6996,3.7208,3.7456,3.8078000000000003,3.8357,3.8462,3.8616,3.8800000000000003,3.9043,3.9399,3.9678,3.9933,4.0267,4.041,4.0551,4.091,4.115200000000001,4.1439,4.1538,4.164000000000001,4.1761,4.2177,4.234100000000001,4.2641,4.2734000000000005,4.3142000000000005,4.3493,4.3775,4.4279,4.4439,4.476500000000001,4.5261000000000005,4.5459000000000005,4.5797,4.6154,4.6345,4.6524,4.6892000000000005,4.7068,4.7388,4.774900000000001,4.7906,4.8226,4.835500000000001,4.8508000000000004,4.8651,4.8909,4.9364,4.9617,4.979900000000001
62546:0.009600000000000001,0.0252,0.0473,0.0927,0.11,0.1385,0.1462,0.1801,0.1882,0.1976,0.2291,0.2505,0.2758,0.28950000000000004,0.3025,0.3441,0.38070000000000004,0.4038,0.4253,0.4312,0.45880000000000004,0.4919,0.49960000000000004,0.5354,0.5547000000000001,0.5849,0.5979,0.6099,0.6396000000000001,0.6858000000000001,0.7024,0.7149,0.7441,0.7845000000000001,0.8385,0.8504,0.8615,0.8776,0.9009,0.9237000000000001,0.9448000000000001,0.9658,0.9827,0.9958,1.0219,1.044,1.052,1.0602,1.0794000000000001,1.1082,1.1203,1.1656,1.1958,1.2037,1.2363,1.2649000000000001,1.2855,1.2956,1.3062,1.3198,1.329,1.3469,1.4045,1.4486,1.4782000000000002,1.4878,1.5217,1.5526,1.5623,1.5847,1.6142,1.6222,1.6461000000000001,1.6847,1.7025000000000001,1.7374,1.758,1.8484,1.8571000000000002,1.868,1.8807,1.9463000000000001,1.9657,1.9912,2.0186,2.0416000000000003,2.051,2.097,2.1298,2.1561,2.1743,2.2041,2.2498,2.2691,2.2918000000000003,2.317,2.3437,2.3647,2.4151000000000002,2.4571,2.4705,2.5,2.5074,2.5420000000000003,2.5873,2.5987,2.6345,2.6436,2.6591,2.6796,2.6888,2.7073,2.7338,2.7454,2.7724,2.8054,2.8245,2.8364000000000003,2.8520000000000003,2.8631,2.8961,2.9208000000000003,2.9597,2.9805,3.0083,3.0309,3.0837000000000003,3.1176000000000004,3.14,3.153,3.1897,3.2012,3.2174,3.2414,3.2526,3.2621,3.2978,3.3497000000000003,3.3859000000000004,3.4086000000000003,3.4368000000000003,3.4513000000000003,3.4872,3.5243,3.5692000000000004,3.58,3.617,3.6482,3.673,3.689,3.7055000000000002,3.7147,3.7588000000000004,3.7675,3.7763,3.8504,3.8627000000000002,3.8713,3.8792,3.8920000000000003,3.9686000000000003,3.9796,4.0057,4.0505,4.0669,4.0907,4.1021,4.1437,4.1539,4.1614,4.198300000000001,4.208600000000001,4.2328,4.2490000000000006,4.2686,4.2857,4.298,4.307300000000001,4.3231,4.341600000000001,4.3696,4.386,4.4093,4.4381,4.4515,4.4754000000000005,4.5158000000000005,4.575200000000001,4.5894,4.6196,4.647200000000001,4.6753,4.6942,4.7385,4.7715000000000005,4.8089,4.8171,4.844,4.8541,4.8809000000000005,4.9314,4.9425,4.9917
62949:0.0307,0.059800000000000006,0.1041,0.1429,0.17650000000000002,0.19540000000000002,0.22310000000000002,0.2503,0.30360000000000004,0.3275,0.3793,0.42360000000000003,0.47790000000000005,0.5083,0.5414,0.5751000000000001,0.6102000000000001,0.6393,0.6844,0.7388,0.7829,0.8270000000000001,0.8575,0.8921,0.9202,0.9514,0.9855,1.0163,1.0469,1.0748,1.108,1.1360000000000001,1.1686,1.2076,1.2366000000000001,1.2657,1.2983,1.3441,1.3722,1.4058000000000002,1.4406,1.4746000000000001,1.5083,1.5481,1.5839,1.6189,1.6474,1.6991,1.7554,1.8161,1.8537000000000001,1.8794000000000002,1.9102000000000001,1.9448,1.9755,2.0147,2.0522,2.0871,2.1141,2.1462,2.1765000000000003,2.1981,2.2383,2.2679,2.2955,2.3389,2.3767,2.4056,2.4479,2.4857,2.5046,2.541,2.5722,2.6042,2.6340000000000003,2.6624000000000003,2.6881,2.7119,2.7469,2.7863,2.8211,2.8542,2.8893,2.9557,2.9939,3.0218000000000003,3.0616000000000003,3.0956,3.1224000000000003,3.1624000000000003,3.1922,3.2149,3.2537000000000003,3.286,3.3233,3.3503000000000003,3.3731,3.4305000000000003,3.4665000000000004,3.5101,3.5464,3.5974000000000004,3.652,3.6821,3.7149,3.7550000000000003,3.7796000000000003,3.8077,3.8317,3.862,3.9049,3.9403,3.9610000000000003,3.9802000000000004,4.0194,4.0475,4.1005,4.1281,4.1610000000000005,4.2017,4.2277000000000005,4.2633,4.2961,4.3238,4.364,4.4065,4.4468000000000005,4.4731000000000005,4.5247,4.5533,4.5883,4.6387,4.672000000000001,4.7043,4.737900000000001,4.769,4.8007,4.8552,4.883500000000001,4.9198,4.9588,4.992500000000001
63126:0.0961,0.4445,0.5485,0.6910000000000001,0.8736,0.9872000000000001,1.0719,1.2134,1.2837,1.4079000000000002,1.5742,1.6934,1.7514,1.7913000000000001,1.9466,2.0281000000000002,2.1272,2.1688,2.2722,2.374,2.4807,2.537,2.5786000000000002,2.7509,2.7937000000000003,3.0018000000000002,3.0601000000000003,3.1789,3.3647,3.4779,3.6141,3.6182000000000003,3.6917,3.7467,4.056,4.2332,4.2959000000000005,4.3547,4.5383000000000004,4.594,4.7779,4.8354,4.9106000000000005
63351:0.0012000000000000001,0.0034000000000000002,0.0064,0.0066,0.009000000000000001,0.0129,0.034800000000000005,0.041,0.049100000000000005,0.0519,0.0522,0.0541,0.06760000000000001,0.0697,0.0738,0.0751,0.07830000000000001,0.08700000000000001,0.09480000000000001,0.096,0.1073,0.1101,0.11610000000000001,0.1302,0.13140000000000002,0.15360000000000001,0.1592,0.1646,0.16740000000000002,0.1686,0.1802,0.18760000000000002,0.188,0.1897,0.1937,0.20140000000000002,0.203,0.2038,0.21100000000000002,0.21910000000000002,0.22610000000000002,0.2308,0.2311,0.2391,0.2398,0.2412,0.24480000000000002,0.24600000000000002,0.25,0.2581,0.2741,0.278,0.2893,0.29300000000000004,0.3164,0.31930000000000003,0.32230000000000003,0.34390000000000004,0.3503,0.3643,0.4033,0.41400000000000003,0.4166,0.42150000000000004,0.4229,0.4289,0.431,0.43370000000000003,0.44,0.47300000000000003,0.4743,0.4753,0.47750000000000004,0.47800000000000004,0.4984,0.5032,0.5042,0.5127,0.5145000000000001,0.5243,0.5245000000000001,0.5317000000000001,0.5321,0.5389,0.5397000000000001,0.5406000000000001,0.5525,0.5542,0.5558000000000001,0.5564,0.5686,0.5768,0.5816,0.5949,0.6114,0.6281,0.6353,0.6355000000000001,0.6442,0.6498,0.6535000000000001,0.6592,0.6825,0.6942,0.6986,0.7231000000000001,0.7234,0.7307,0.737,0.7421,0.7474000000000001,0.7527,0.7582,0.7791,0.7806000000000001,0.8086,0.8154,0.8174,0.8247,0.8523000000000001,0.8527,0.8540000000000001,0.8568,0.8669,0.8734000000000001,0.8898,0.9026000000000001,0.9178000000000001,0.9389000000000001,0.9395,0.9476,0.9539000000000001,0.9594,0.9614,0.9650000000000001,0.9663,0.9745,0.9764,0.9799,0.9875,0.9899,0.9994000000000001,1.0008000000000001,1.002,1.0199,1.0249000000000001,1.0268000000000002,1.0281,1.0301,1.0336,1.0389000000000002,1.0418,1.0421,1.0450000000000002,1.0483,1.0534000000000001,1.056,1.0629,1.0756000000000001,1.0833000000000002,1.086,1.0913000000000002,1.1028,1.1032,1.1083,1.1104,1.1166,1.1274,1.1282,1.1331,1.1506,1.1527,1.159,1.1613,1.1621000000000001,1.1718,1.173,1.1779,1.1804000000000001,1.1820000000000002,1.1831,1.1936,1.1962000000000002,1.1983000000000001,1.2125000000000001,1.2129,1.2143000000000002,1.2257,1.2259,1.228,1.2317,1.2438,1.2447000000000001,1.2510000000000001,1.2583,1.2606000000000002,1.2656,1.2751000000000001,1.2870000000000001,1.2913000000000001,1.2931000000000001,1.2959,1.2964,1.3051000000000001,1.3124,1.3241,1.3413000000000002,1.3611,1.3633,1.3701,1.375,1.3782,1.3869,1.3873,1.4107,1.4157,1.425,1.4286,1.4340000000000002,1.4367,1.4369,1.4413,1.4458,1.4462000000000002,1.453,1.4655,1.4708,1.4999,1.5217,1.5293,1.5368000000000002,1.5449000000000002,1.5508000000000002,1.5756000000000001,1.5999,1.6124,1.6154000000000002,1.6175000000000002,1.6201,1.6269,1.6333,1.6377000000000002,1.6396000000000002,1.6452,1.6488,1.6493,1.6500000000000001,1.6531,1.6688,1.6829,1.6855,1.6982000000000002,1.6995,1.7100000000000002,1.713,1.7223000000000002,1.7332,1.7394,1.7469000000000001,1.7522,1.7603,1.768,1.7822,1.8161,1.8333000000000002,1.855,1.8564,1.8599,1.8672000000000002,1.8903,1.8918000000000001,1.8938000000000001,1.9015000000000002,1.917,1.9231,1.9236000000000002,1.9256000000000002,1.9359000000000002,1.9433,1.9477,1.9494,1.9704000000000002,1.984,1.9927000000000001,2.0072,2.0083,2.0152,2.0234,2.0247,2.0254000000000003,2.0334000000000003,2.0367,2.0580000000000003,2.0717000000000003,2.0723000000000003,2.0743,2.0768,2.0869,2.0918,2.0961000000000003,2.0963000000000003,2.1007000000000002,2.1028000000000002,2.1052,2.1084,2.1127000000000002,2.1350000000000002,2.1581,2.1697,2.1724,2.1884,2.1989,2.2032000000000003,2.213,2.2295000000000003,2.2415000000000003,2.2451000000000003,2.254,2.2577000000000003,2.2608,2.2653000000000003,2.2724,2.2800000000000002,2.2813000000000003,2.2819000000000003,2.2828,2.2857000000000003,2.2927,2.3083,2.3139000000000003,2.3147,2.3153,2.3176,2.3235,2.3252,2.3352,2.3397,2.3463000000000003,2.3663000000000003,2.3768000000000002,2.3833,2.3869000000000002,2.4007,2.4094,2.4221,2.4229000000000003,2.4261,2.4287,2.4295,2.4586,2.462,2.4641,2.4684,2.4757000000000002,2.4864,2.49,2.496,2.5008,2.5138000000000003,2.5209,2.5347,2.5421,2.5497,2.5559000000000003,2.5633,2.5701,2.5869,2.5983,2.6024000000000003,2.6035,2.6049,2.6104000000000003,2.6113,2.6125000000000003,2.6141,2.6298,2.6319,2.6372,2.6469,2.6477,2.6514,2.6689000000000003,2.6699,2.6771000000000003,2.6795,2.6797,2.6804,2.6839,2.6843,2.6896,2.7029,2.7208,2.7344,2.7538,2.7582,2.7677,2.7721,2.7739000000000003,2.7767,2.7772,2.7787,2.7792000000000003,2.7862,2.7911,2.7944,2.7967,2.7997,2.8079,2.8081,2.8156000000000003,2.8203,2.8362000000000003,2.8375000000000004,2.8393,2.85,2.8515,2.8673,2.8786,2.8827000000000003,2.8945000000000003,2.9053,2.9077,2.9170000000000003,2.9217,2.9332000000000003,2.9337,2.947,2.9485,2.9531,2.9551000000000003,2.9689,2.976,2.9862,2.9895,2.9901,3.0022,3.0115000000000003,3.028,3.0298000000000003,3.0317000000000003,3.0339,3.0505,3.0564,3.0628,3.0681000000000003,3.0907,3.0916,3.0922,3.0996,3.1087000000000002,3.1214,3.1296,3.1298000000000004,3.1325000000000003,3.1429,3.1466000000000003,3.1522,3.1550000000000002,3.1557,3.1580000000000004,3.1670000000000003,3.1733000000000002,3.1808,3.1919,3.2015000000000002,3.206,3.2073,3.2117,3.2364,3.2377000000000002,3.2401,3.2463,3.2473,3.2550000000000003,3.2565,3.2709,3.2721,3.2775000000000003,3.2819000000000003,3.2824,3.2864,3.2961,3.3056,3.3088,3.313,3.3174,3.3195,3.3197,3.3223000000000003,3.3369,3.3437,3.3482000000000003,3.3608000000000002,3.3619000000000003,3.3625000000000003,3.3635,3.3647,3.3658,3.3728000000000002,3.3831,3.3852,3.3957,3.3992,3.4068,3.4281,3.4336,3.4436,3.447,3.4491,3.4767,3.4781,3.4827000000000004,3.492,3.4958,3.5022,3.512,3.5207,3.5259,3.5347,3.5707,3.5867,3.5873000000000004,3.5893,3.6071,3.6129000000000002,3.6282,3.6378000000000004,3.6414,3.6499,3.6583,3.6669,3.6739,3.6783,3.6867,3.6981,3.6996,3.7111,3.7248,3.7256,3.7352000000000003,3.7369000000000003,3.746,3.7481,3.7510000000000003,3.7587,3.7628000000000004,3.7633,3.7772,3.7811000000000003,3.8081,3.8160000000000003,3.8189,3.8202000000000003,3.8302,3.8358000000000003,3.8372,3.8387000000000002,3.8475,3.8556000000000004,3.8596000000000004,3.8658,3.8673,3.8702,3.8714000000000004,3.8735000000000004,3.8751,3.8878000000000004,3.8905000000000003,3.8916000000000004,3.9082000000000003,3.9174,3.919,3.9210000000000003,3.9252000000000002,3.9349000000000003,3.9354,3.9398,3.9407,3.9446000000000003,3.9485,3.9624,3.9655,3.9711000000000003,3.9752,3.9794,3.9797000000000002,3.9829000000000003,3.9937,4.0004,4.0040000000000004,4.010800000000001,4.0161,4.0233,4.0252,4.0254,4.026,4.0304,4.047000000000001,4.0558000000000005,4.058,4.087000000000001,4.0937,4.097,4.1071,4.1084000000000005,4.1087,4.1134,4.117900000000001,4.135,4.1362000000000005,4.1508,4.1756,4.1792,4.1967,4.215,4.2165,4.2169,4.2195,4.2241,4.2308,4.2348,4.238300000000001,4.2415,4.2424,4.2474,4.2485,4.2551000000000005,4.2822000000000005,4.2839,4.2888,4.2925,4.2929,4.2933,4.2945,4.2956,4.3009,4.3029,4.3077000000000005,4.3098,4.3100000000000005,4.3115000000000006,4.3163,4.317,4.3198,4.3201,4.3218000000000005,4.3242,4.3282,4.338900000000001,4.3405000000000005,4.343,4.3451,4.3531,4.3605,4.3677,4.3931000000000004,4.3998,4.4034,4.4045000000000005,4.41,4.4125000000000005,4.4286,4.4325,4.4362,4.4408,4.4493,4.452500000000001,4.4548000000000005,4.4589,4.4627,4.4762,4.484100000000001,4.497,4.498200000000001,4.5218,4.547000000000001,4.5548,4.5581000000000005,4.5697,4.5811,4.6021,4.6218,4.6347000000000005,4.6365,4.6441,4.6545000000000005,4.6558,4.6625000000000005,4.666300000000001,4.6698,4.6809,4.6826,4.6925,4.6944,4.699,4.7010000000000005,4.714700000000001,4.7213,4.7231000000000005,4.7301,4.7327,4.735,4.7491,4.7647,4.771100000000001,4.785200000000001,4.7893,4.7994,4.8018,4.8029,4.8303,4.8501,4.853000000000001,4.8593,4.867100000000001,4.8707,4.875100000000001,4.8807,4.8826,4.891100000000001,4.8969000000000005,4.899,4.9097,4.911700000000001,4.921,4.924300000000001,4.9268,4.9365000000000006,4.937600000000001,4.9412,4.958600000000001,4.9703,4.9782,4.9811000000000005,4.988700000000001,4.9919
63536:0.013600000000000001,0.0263,0.0395,0.0487,0.0762,0.0954,0.10500000000000001,0.11660000000000001,0.131,0.1464,0.1602,0.1729,0.1895,0.2008,0.21480000000000002,0.22540000000000002,0.2424,0.25120000000000003,0.2599,0.2691,0.2808,0.2927,0.3044,0.3119,0.3272,0.343,0.35710000000000003,0.36960000000000004,0.3803,0.39630000000000004,0.4076,0.41850000000000004,0.42650000000000005,0.4423,0.4524,0.4631,0.4757,0.4893,0.4999,0.5194,0.5388000000000001,0.5521,0.5665,0.5757,0.5884,0.6001000000000001,0.615,0.6269,0.6406000000000001,0.6615,0.6735,0.684,0.6957,0.7065,0.7182000000000001,0.7326,0.7462000000000001,0.7573000000000001,0.7698,0.7845000000000001,0.797,0.809,0.8204,0.8407,0.8529,0.8664000000000001,0.8742000000000001,0.8874000000000001,0.9056000000000001,0.9185000000000001,0.9347000000000001,0.9494,0.9622,0.9738,0.9855,0.9951000000000001,1.0075,1.0221,1.0369000000000002,1.0467,1.0587,1.0714000000000001,1.0799,1.0953000000000002,1.1049,1.1139000000000001,1.1288,1.1452,1.1620000000000001,1.1715,1.1877,1.1944000000000001,1.2069,1.2261,1.2399,1.2505000000000002,1.2613,1.2701,1.2839,1.2969000000000002,1.3092000000000001,1.3228,1.3334000000000001,1.3431,1.3611,1.3745,1.3819000000000001,1.3941000000000001,1.4006,1.4194,1.4291,1.4474,1.4576,1.4764000000000002,1.49,1.5003,1.5161,1.5277,1.5487,1.5706,1.5872000000000002,1.6024,1.6124,1.6221,1.6380000000000001,1.6556000000000002,1.6682000000000001,1.6862000000000001,1.7033,1.7136,1.7277,1.7424000000000002,1.7562,1.7636,1.7831000000000001,1.7923,1.7999,1.8207,1.8313000000000001,1.8476000000000001,1.8603,1.8738000000000001,1.8854000000000002,1.8947,1.9061000000000001,1.9141000000000001,1.9402000000000001,1.9536,1.9708,1.983,1.9931,2.0065,2.0225,2.0340000000000003,2.0477000000000003,2.0598,2.0799000000000003,2.0999000000000003,2.1134,2.1259,2.1379,2.1466000000000003,2.16,2.1769000000000003,2.189,2.2031,2.2124,2.2239,2.2403,2.2516000000000003,2.2681,2.2793,2.2907,2.3023000000000002,2.3152,2.3234,2.3414,2.3537,2.3659,2.3745000000000003,2.3929,2.4031000000000002,2.4112,2.423,2.4403,2.4502,2.4627000000000003,2.4775,2.4916,2.5077000000000003,2.5154,2.5262000000000002,2.5382000000000002,2.5468,2.5586,2.5729,2.5882,2.6027,2.6156,2.6324,2.6470000000000002,2.6563000000000003,2.6670000000000003,2.6785,2.6892,2.6983,2.7093000000000003,2.7325,2.7502,2.7662,2.7798000000000003,2.7924,2.8039,2.814,2.8261000000000003,2.8371,2.8513,2.8586,2.8731,2.8914,2.9024,2.9151000000000002,2.9282000000000004,2.9455,2.9545000000000003,2.9642,2.9793000000000003,2.9882,3.0050000000000003,3.0152,3.0293,3.0401000000000002,3.0498000000000003,3.0614000000000003,3.0771,3.0876,3.1015,3.1194,3.1300000000000003,3.1433,3.1539,3.1626000000000003,3.1745,3.1916,3.2068000000000003,3.2181,3.2355,3.2519,3.2625,3.2728,3.2828,3.2961,3.3077,3.3183000000000002,3.3315,3.3469,3.3555,3.37,3.3844000000000003,3.3973,3.4079,3.4228,3.4329,3.4466,3.4665000000000004,3.4785000000000004,3.4885,3.4974000000000003,3.5104,3.5220000000000002,3.5318,3.5444,3.5554,3.569,3.5822000000000003,3.5996,3.6129000000000002,3.6286,3.6383,3.6473,3.6638,3.6790000000000003,3.6931000000000003,3.7033,3.7157,3.7277,3.7419000000000002,3.7554000000000003,3.7715,3.7855000000000003,3.8026,3.8131000000000004,3.8239,3.833,3.8407,3.851,3.8592,3.8685,3.8808000000000002,3.8909000000000002,3.9004000000000003,3.9075,3.9245,3.9325,3.9472,3.9591000000000003,3.9736000000000002,3.9868,4.003,4.0168,4.0297,4.0436000000000005,4.059,4.0741000000000005,4.0929,4.1043,4.115200000000001,4.1352,4.1527,4.1639,4.1769,4.2003,4.2093,4.229,4.2443,4.2616000000000005,4.2724,4.2860000000000005,4.3056,4.317,4.328,4.3372,4.3506,4.3709,4.3981,4.4116,4.4236,4.4411000000000005,4.4514000000000005,4.4611,4.4754000000000005,4.4937000000000005,4.5079,4.5198,4.5327,4.551,4.5652,4.5761,4.5888,4.6022,4.6124,4.6311,4.643400000000001,4.6509,4.6647,4.6763,4.694,4.7094000000000005,4.720000000000001,4.7325,4.7410000000000005,4.7548,4.767,4.7860000000000005,4.798,4.8131,4.8244,4.8468,4.8567,4.8677,4.8866000000000005,4.9017,4.917400000000001,4.929600000000001,4.946400000000001,4.9575000000000005,4.9743,4.9914000000000005
63681:0.0876,0.11370000000000001,0.2812,0.3563,0.43910000000000005,0.5098,0.5532,0.6068,0.7038,0.731,0.8181,0.8838,1.0583,1.1353,1.2119,1.2804,1.353,1.3898000000000001,1.4651,1.5056,1.5506,1.6219000000000001,1.6936,1.8864,1.9114,2.0018000000000002,2.1262000000000003,2.2553,2.2771,2.4605,2.4765,2.5337,2.6390000000000002,2.6986000000000003,2.7784,2.9763,3.0519000000000003,3.1975000000000002,3.2391,3.2857000000000003,3.3598000000000003,3.4589000000000003,3.5431000000000004,3.6133,3.6625,3.7611000000000003,3.7875,3.8725,3.9514,4.0483,4.1043,4.140000000000001,4.1698,4.2194,4.3526,4.3805000000000005,4.4597,4.488300000000001,4.6545000000000005,4.8887,4.9786
63737:0.9227000000000001,1.2192,3.0645000000000002
64005:0.0368,0.6286,1.004,1.0796000000000001,1.3361,1.5883,1.7052,2.4971,2.8794,3.2217000000000002,3.3856,4.000500000000001,4.0861,4.5105,4.9999
65588:0.0262,0.0683,0.1014,0.15180000000000002,0.18810000000000002,0.2136,0.2373,0.2716,0.31010000000000004,0.3294,0.3481,0.37010000000000004,0.38730000000000003,0.4268,0.45130000000000003,0.4844,0.5179,0.5514,0.5880000000000001,0.6159,0.6312,0.6717000000000001,0.6950000000000001,0.7262000000000001,0.7468,0.799,0.8336,0.8634000000000001,0.8925000000000001,0.932,0.9585,0.9811000000000001,1.0034,1.0291000000000001,1.0662,1.0967,1.1272,1.145,1.1721000000000001,1.1981000000000002,1.2343,1.2632,1.2919,1.3149,1.3333000000000002,1.3681,1.3991,1.4233,1.4536,1.4782000000000002,1.5086000000000002,1.5295,1.5631000000000002,1.5948,1.6254000000000002,1.6486,1.6763000000000001,1.7033,1.7414,1.7833,1.8186,1.8483,1.8871,1.9137000000000002,1.9474,1.9642000000000002,1.9841000000000002,2.0119000000000002,2.0327,2.0642,2.0876,2.116,2.1549,2.1827,2.2108000000000003,2.2388,2.2749,2.3000000000000003,2.3374,2.3666,2.4141,2.4429000000000003,2.4679,2.5016000000000003,2.5249,2.5407,2.5773,2.5992,2.6259,2.6473,2.6645000000000003,2.6861,2.7152000000000003,2.7462,2.7796000000000003,2.8081,2.8335000000000004,2.8553,2.8869000000000002,2.9279,2.9526000000000003,2.9797000000000002,3.0072,3.04,3.0679000000000003,3.0921000000000003,3.1379,3.1585,3.1795,3.2139,3.2412,3.2618,3.2992000000000004,3.3376,3.3823000000000003,3.4046000000000003,3.4211,3.4433000000000002,3.4686000000000003,3.4983,3.5192,3.5443000000000002,3.5781,3.6092,3.6353,3.6611000000000002,3.7011000000000003,3.7303,3.7601,3.786,3.8051000000000004,3.8307,3.8613000000000004,3.8977000000000004,3.9184,3.934,3.9652000000000003,3.9907000000000004,4.0120000000000005,4.0362,4.0603,4.0882000000000005,4.1203,4.1472,4.1731,4.2107,4.244400000000001,4.2645,4.2898000000000005,4.317,4.3434,4.3825,4.4145,4.4529000000000005,4.4969,4.5357,4.5702,4.6000000000000005,4.6323,4.657900000000001,4.6806,4.7093,4.7353000000000005,4.7659,4.7948,4.8132,4.8372,4.868,4.8987,4.9287,4.9554
65737:2.1358
65912:0.0223,0.0728,0.09230000000000001,0.1024,0.1139,0.14170000000000002,0.1802,0.1883,0.1996,0.23650000000000002,0.2554,0.2701,0.2823,0.3063,0.32330000000000003,0.34390000000000004,0.37610000000000005,0.42800000000000005,0.46340000000000003,0.47190000000000004,0.4965,0.535,0.5575,0.5935,0.6042000000000001,0.6376000000000001,0.6454000000000001,0.6888000000000001,0.6976,0.7156,0.7323000000000001,0.7641,0.8054,0.8152,0.8530000000000001,0.8692000000000001,0.8779,0.9085000000000001,0.9347000000000001,0.9498000000000001,0.9645,0.9792000000000001,0.9952000000000001,1.0028000000000001,1.038,1.0491000000000001,1.0792000000000002,1.1046,1.1242,1.1632,1.1852,1.2033,1.249,1.2626000000000002,1.2738,1.3008,1.3339,1.3424,1.3692,1.4085,1.4509,1.4656,1.4882,1.498,1.5244,1.5437,1.5927,1.6077000000000001,1.6196000000000002,1.6521000000000001,1.6763000000000001,1.6878000000000002,1.7093,1.73,1.7577,1.8002,1.8352000000000002,1.8709,1.8949,1.9059000000000001,1.9395,1.9634,1.9864000000000002,1.9991,2.0292,2.0418000000000003,2.0813,2.0926,2.1134,2.1215,2.1565000000000003,2.165,2.2014,2.2394000000000003,2.2506,2.2934,2.3013,2.3276,2.3611,2.4117,2.4267000000000003,2.4482,2.463,2.4866,2.5031000000000003,2.5127,2.5269,2.5500000000000003,2.5726,2.5973,2.6239000000000003,2.6384000000000003,2.657,2.6752000000000002,2.6882,2.7267,2.7452,2.7664,2.8065,2.8363,2.8634,2.8727,2.891,2.9393000000000002,2.9650000000000003,2.9822,2.9997000000000003,3.0143,3.0389,3.0522,3.0872,3.1117000000000004,3.1345,3.1469,3.1553,3.1825,3.1889000000000003,3.2201,3.2307,3.2675,3.2739000000000003,3.3042000000000002,3.3167,3.3468,3.3879,3.4074,3.4454000000000002,3.4765,3.4892000000000003,3.5261,3.552,3.5709,3.6032,3.623,3.6444,3.6886,3.6958,3.7064000000000004,3.7444,3.77,3.7830000000000004,3.8141000000000003,3.8584,3.8684000000000003,3.8982,3.9394,3.9735,3.983,4.0327,4.058,4.0743,4.093,4.1167,4.1244000000000005,4.1533,4.1664,4.1938,4.2084,4.218500000000001,4.2441,4.2577,4.2668,4.2941,4.3017,4.311,4.319,4.34,4.365,4.4107,4.444500000000001,4.4736,4.5191,4.557,4.583,4.6164000000000005,4.6445,4.680400000000001,4.6882,4.7336,4.7755,4.8062000000000005,4.8139,4.8421,4.8525,4.865,4.8803,4.9166,4.9367,4.9745
65955:0.022600000000000002,0.0971,0.10310000000000001,0.1776,0.1854,0.2275,0.2545,0.2979,0.3272,0.4262,0.5547000000000001,0.6006,0.6472,0.6952,0.7217,0.8523000000000001,0.9037000000000001,0.9441,0.9926,1.0467,1.1019,1.1738,1.2027,1.2582,1.278,1.3295000000000001,1.6173000000000002,1.7201000000000002,1.7624000000000002,1.8651,1.9942000000000002,2.0388,2.0455,2.1006,2.1432,2.2057,2.2897000000000003,2.3276,2.4138,2.5065,2.5146,2.5852,2.6339,2.6572,2.6896,2.7485,2.8042000000000002,2.8622,2.967,3.128,3.1365000000000003,3.1888,3.2177000000000002,3.2642,3.3045,3.4056,3.4877000000000002,3.6902000000000004,3.6961000000000004,3.7679,3.8558000000000003,3.8662,3.9758,4.0304,4.1234,4.1549000000000005,4.2083,4.2202,4.2502,4.2946,4.3126,4.3192,4.4099,4.4782,4.6831000000000005,4.7291,4.8063,4.8547,4.938000000000001
65959:0.0108,0.0111,0.023100000000000002,0.0275,0.030100000000000002,0.033100000000000004,0.051500000000000004,0.0524,0.0538,0.0545,0.0645,0.0673,0.0723,0.0839,0.08650000000000001,0.1017,0.1077,0.1087,0.1199,0.1221,0.1257,0.1279,0.1335,0.1398,0.1414,0.1416,0.1457,0.1499,0.1521,0.1578,0.15940000000000001,0.1612,0.1685,0.1768,0.18280000000000002,0.18460000000000001,0.18530000000000002,0.1884,0.1943,0.20040000000000002,0.216,0.2277,0.23320000000000002,0.23820000000000002,0.24980000000000002,0.2513,0.2596,0.2604,0.2659,0.2802,0.2849,0.2891,0.2982,0.3069,0.308,0.31320000000000003,0.3143,0.3261,0.3296,0.3322,0.3543,0.3638,0.37310000000000004,0.3766,0.3803,0.39440000000000003,0.4066,0.4268,0.43060000000000004,0.4312,0.438,0.4393,0.44210000000000005,0.4692,0.4726,0.48810000000000003,0.48960000000000004,0.5008,0.5016,0.5114000000000001,0.5118,0.5305,0.5593,0.5611,0.5643,0.5691,0.5715,0.5738,0.601,0.6052000000000001,0.6057,0.6106,0.6125,0.6187,0.6189,0.6306,0.6325000000000001,0.635,0.6374000000000001,0.6477,0.6504,0.6594,0.6616000000000001,0.6644,0.669,0.6822,0.6835,0.6846,0.6848000000000001,0.687,0.6896,0.7062,0.7088,0.7198,0.7333000000000001,0.7338,0.7383000000000001,0.7661,0.7901,0.7922,0.8028000000000001,0.8066,0.8091,0.8263,0.8272,0.8274,0.8281000000000001,0.8358,0.8457,0.8517,0.8546,0.8550000000000001,0.8577,0.8626,0.8636,0.8655,0.8744000000000001,0.8843000000000001,0.8847,0.8927,0.894,0.8958,0.9027000000000001,0.9043,0.9063,0.9121,0.9133,0.9145000000000001,0.9161,0.917,0.9274,0.9285,0.9321,0.933,0.9341,0.9390000000000001,0.9470000000000001,0.9483,0.9537,0.9542,0.9737,0.9803000000000001,0.9840000000000001,0.9863000000000001,0.9895,0.9972000000000001,0.9977,1.0008000000000001,1.0105,1.0107000000000002,1.0256,1.0287,1.0309000000000001,1.0428,1.0431000000000001,1.0501,1.0536,1.0623,1.071,1.079,1.0805,1.0808,1.0837,1.0841,1.0854000000000001,1.0934000000000001,1.0992,1.1134,1.1165,1.1201,1.1216000000000002,1.1237000000000001,1.129,1.1387,1.1398000000000001,1.1555,1.1602000000000001,1.1646,1.165,1.1677,1.1694,1.1741000000000001,1.1963000000000001,1.2012,1.2136,1.2323,1.2331,1.236,1.2425000000000002,1.244,1.2445000000000002,1.2568000000000001,1.2592,1.2764,1.2818,1.3024,1.3110000000000002,1.3163,1.3211000000000002,1.3255000000000001,1.327,1.3373000000000002,1.3555000000000001,1.3761,1.3791,1.3813,1.3991,1.4081000000000001,1.4323000000000001,1.4348,1.4456,1.4472,1.4495,1.4689,1.4753,1.4863000000000002,1.4915,1.499,1.4996,1.512,1.5128000000000001,1.5270000000000001,1.5333,1.5409000000000002,1.5442,1.5473000000000001,1.5650000000000002,1.5839,1.5901,1.5923,1.593,1.5948,1.5988,1.6098000000000001,1.6376000000000002,1.6554,1.6799000000000002,1.6946,1.6963000000000001,1.7023000000000001,1.7127000000000001,1.7236,1.7309,1.7452,1.7475,1.7562,1.7597,1.7789000000000001,1.8162,1.8183,1.8225,1.8410000000000002,1.8432000000000002,1.8470000000000002,1.8501,1.8546,1.8585,1.8626,1.872,1.8723,1.8755000000000002,1.8809,1.8864,1.8946,1.8967,1.8971,1.9309,1.9372,1.9378000000000002,1.9478000000000002,1.9542000000000002,1.9584000000000001,1.9609,1.9635,1.9713,1.9740000000000002,1.9989000000000001,2.021,2.024,2.0387,2.0397000000000003,2.0451,2.0582000000000003,2.0601000000000003,2.0642,2.0699,2.0739,2.0779,2.0802,2.0891,2.0926,2.0968,2.1115,2.1183,2.1197,2.1272,2.1279,2.1323000000000003,2.1328,2.1363000000000003,2.1395,2.1417,2.1435,2.1452,2.1464000000000003,2.1477,2.1489000000000003,2.1630000000000003,2.1633,2.1641,2.1698,2.1751,2.1775,2.1909,2.1950000000000003,2.2097,2.2165,2.2232000000000003,2.2263,2.2299,2.2374,2.2414,2.2421,2.2430000000000003,2.2479,2.2637,2.2726,2.2800000000000002,2.2876000000000003,2.2977000000000003,2.3059000000000003,2.3095000000000003,2.3135,2.3209,2.3213,2.3307,2.3555,2.3584,2.3669000000000002,2.3752,2.38,2.3819,2.3821000000000003,2.3827000000000003,2.3851,2.3871,2.3948,2.4113,2.4131,2.4159,2.4169,2.4173,2.4348,2.4428,2.446,2.4603,2.4631000000000003,2.4650000000000003,2.4748,2.4862,2.4921,2.4935,2.5013,2.5045,2.5109,2.5292000000000003,2.5428,2.5528,2.5559000000000003,2.5651,2.5702000000000003,2.5773,2.5806,2.5833,2.6283000000000003,2.6322,2.6331,2.6351,2.6361000000000003,2.6390000000000002,2.6534,2.6553,2.6642,2.6799,2.6838,2.6926,2.6949,2.6959,2.7029,2.7058,2.7081,2.7086,2.7339,2.7412,2.7417000000000002,2.7520000000000002,2.7716000000000003,2.7762000000000002,2.7947,2.7960000000000003,2.8056,2.8073,2.8089,2.8138,2.817,2.8192,2.8229,2.8265000000000002,2.8317,2.8403,2.8421000000000003,2.8508,2.8537000000000003,2.8609,2.8685,2.8768000000000002,2.8825000000000003,2.8872,2.8880000000000003,2.8919,2.9019,2.9161,2.9447,2.9585000000000004,2.9758,2.9901,3.0219,3.031,3.0396,3.0545,3.0563000000000002,3.0701,3.0713000000000004,3.0715000000000003,3.0771,3.0799000000000003,3.0825,3.0904000000000003,3.0959000000000003,3.1016000000000004,3.1021,3.1059,3.1084,3.1232,3.1253,3.1439000000000004,3.1536,3.1604,3.1756,3.1791,3.1793,3.1839,3.1878,3.1931000000000003,3.1962,3.1971000000000003,3.1982,3.2025,3.2030000000000003,3.2087000000000003,3.2216,3.224,3.2253000000000003,3.2421,3.2468000000000004,3.2516000000000003,3.2640000000000002,3.2685,3.2719,3.2799,3.2958000000000003,3.3182,3.3358000000000003,3.3368,3.3423000000000003,3.3499000000000003,3.3559,3.3638000000000003,3.3806000000000003,3.3815,3.3948,3.4163,3.4167,3.4171,3.4214,3.4250000000000003,3.4314,3.4319,3.4341000000000004,3.4370000000000003,3.4397,3.4471000000000003,3.4582,3.4721,3.4809,3.4815,3.4845,3.4903,3.4984,3.4991000000000003,3.508,3.5178000000000003,3.5188,3.5317000000000003,3.5415,3.5449,3.5459,3.5505,3.5576000000000003,3.5668,3.5704000000000002,3.5815,3.5818000000000003,3.5954,3.6079000000000003,3.6182000000000003,3.6237000000000004,3.6261,3.6271,3.6499,3.6554,3.6630000000000003,3.6835,3.6959,3.6974,3.7059,3.7126,3.7148000000000003,3.7167000000000003,3.7197,3.7237,3.7256,3.732,3.7371000000000003,3.7434000000000003,3.7442,3.7447000000000004,3.7517,3.7532,3.7652,3.7668000000000004,3.7674000000000003,3.7721,3.7763,3.7959,3.7968,3.7988000000000004,3.7999,3.8026,3.8049000000000004,3.8089000000000004,3.8116000000000003,3.8167,3.8238000000000003,3.8282000000000003,3.8291000000000004,3.8298,3.837,3.8453000000000004,3.847,3.8509,3.858,3.8606000000000003,3.8884000000000003,3.9027000000000003,3.9251,3.9412000000000003,3.9505000000000003,3.9545000000000003,3.9604000000000004,3.9615,3.9707000000000003,3.9716,3.9815,3.9903000000000004,3.9909000000000003,4.002,4.0124,4.0149,4.0241,4.0372,4.0375000000000005,4.055000000000001,4.0654,4.0758,4.091,4.0968,4.1016,4.1097,4.1173,4.1216,4.1257,4.1299,4.1385000000000005,4.1433,4.149,4.1724000000000006,4.1845,4.189900000000001,4.1906,4.1968000000000005,4.199800000000001,4.21,4.2153,4.236800000000001,4.2376000000000005,4.24,4.242500000000001,4.2661,4.2685,4.2691,4.2733,4.2797,4.28,4.2967,4.2986,4.3231,4.3237000000000005,4.3257,4.3274,4.3325000000000005,4.3329,4.3482,4.349,4.3503,4.3639,4.3642,4.3663,4.3699,4.3775,4.379700000000001,4.3834,4.3837,4.3922,4.3958,4.4016,4.4203,4.4305,4.432,4.4411000000000005,4.444500000000001,4.4509,4.4777000000000005,4.4779,4.4781,4.4802,4.4990000000000006,4.5097000000000005,4.511,4.518,4.5251,4.5312,4.5324,4.532900000000001,4.5476,4.5487,4.5553,4.5564,4.563400000000001,4.5743,4.5782,4.580900000000001,4.5816,4.5839,4.5852,4.586,4.5892,4.5955,4.6084000000000005,4.6125,4.6209,4.629700000000001,4.6345,4.6356,4.6477,4.6511000000000005,4.6664,4.6891,4.69,4.6925,4.696000000000001,4.7,4.7039,4.7048000000000005,4.7067000000000005,4.7127,4.7244,4.7349000000000006,4.7449,4.7454,4.7472,4.7845,4.786300000000001,4.790900000000001,4.7923,4.8066,4.8095,4.8127,4.8188,4.8425,4.8438,4.847,4.848800000000001,4.851500000000001,4.8555,4.8731,4.8836,4.884,4.893400000000001,4.9078,4.9164,4.9249,4.933800000000001,4.9349,4.9444,4.9453000000000005,4.9527,4.958200000000001,4.9676,4.9728,4.9848,4.9995
66381:0.9125000000000001,2.6647000000000003,4.3258
66812:0.07780000000000001,0.2099,0.2538,0.2777,0.33140000000000003,0.3675,0.3926,0.42750000000000005,0.48710000000000003,0.5466,0.5910000000000001,0.6846,0.7264,0.8065,0.8718,0.9062,0.9603,0.9836,1.0567,1.1208,1.1921000000000002,1.2691000000000001,1.3136,1.4037000000000002,1.4349,1.4666000000000001,1.5175,1.5648,1.6313,1.6829,1.7959,1.8632000000000002,1.8982,1.941,1.9667000000000001,2.0393,2.1122,2.1982,2.2613000000000003,2.3342,2.373,2.446,2.4737,2.5245,2.5479000000000003,2.5773,2.6265,2.6569000000000003,2.6771000000000003,2.7573000000000003,2.7863,2.8299000000000003,2.8651,2.958,2.9905,3.0437000000000003,3.0888,3.1505,3.2052,3.27,3.3066,3.3744,3.4405,3.4705000000000004,3.5039000000000002,3.544,3.6052,3.6470000000000002,3.7175000000000002,3.7694,3.7992000000000004,3.865,3.9040000000000004,3.9284000000000003,3.976,4.0426,4.0701,4.1240000000000006,4.162100000000001,4.231,4.2613,4.3157000000000005,4.3548,4.4109,4.4817,4.5815,4.639200000000001,4.687600000000001,4.765000000000001,4.8317000000000005,4.8644,4.9064000000000005,4.984100000000001
67834:0.0269,0.0539,0.0757,0.10210000000000001,0.1265,0.16190000000000002,0.1889,0.2182,0.24230000000000002,0.2654,0.2879,0.31120000000000003,0.3311,0.3486,0.37010000000000004,0.38570000000000004,0.41700000000000004,0.44780000000000003,0.4839,0.5138,0.5468000000000001,0.5773,0.6042000000000001,0.6227,0.6455000000000001,0.6795,0.6988000000000001,0.7239,0.7454000000000001,0.7836000000000001,0.808,0.8346,0.8623000000000001,0.8907,0.9178000000000001,0.9396,0.9609000000000001,0.9816,1.0005,1.0237,1.0653000000000001,1.085,1.1153,1.1372,1.1643000000000001,1.1884000000000001,1.2265000000000001,1.2566000000000002,1.2806,1.3033000000000001,1.3254000000000001,1.3432000000000002,1.3723,1.4021000000000001,1.4223000000000001,1.4522000000000002,1.477,1.5059,1.5268000000000002,1.56,1.5888,1.6043,1.6266,1.6447,1.6712,1.6993,1.7293,1.7602,1.7863,1.8183,1.8421,1.8616000000000001,1.8898000000000001,1.9139000000000002,1.9402000000000001,1.9572,1.9757,2.0036,2.0301,2.0514,2.0728,2.0888,2.1127000000000002,2.1522,2.176,2.1979,2.2268,2.2583,2.2903000000000002,2.3181000000000003,2.3551,2.3771,2.4169,2.442,2.4650000000000003,2.4937,2.5145,2.5332000000000003,2.5749,2.5979,2.6199000000000003,2.6426000000000003,2.6598,2.6799,2.7016,2.7222,2.7526,2.7776,2.8134,2.8368,2.8537000000000003,2.8736,2.891,2.9273000000000002,2.9421,2.9626,2.9829000000000003,3.0064,3.0339,3.0599000000000003,3.0816000000000003,3.1076,3.1393,3.1550000000000002,3.177,3.2135000000000002,3.2393,3.2589,3.2913,3.311,3.3469,3.3708,3.3935,3.4106,3.4259,3.4427000000000003,3.4691,3.4919000000000002,3.5134000000000003,3.5333,3.5556,3.5836,3.6093,3.6249000000000002,3.6432,3.6805000000000003,3.7045000000000003,3.7295000000000003,3.7592000000000003,3.7806,3.7975000000000003,3.8259000000000003,3.8606000000000003,3.8939000000000004,3.9156,3.9327,3.9529,3.9772000000000003,4.002,4.0292,4.0535000000000005,4.072900000000001,4.0966000000000005,4.1233,4.1487,4.1668,4.1962,4.238300000000001,4.2581,4.2851,4.3058000000000005,4.325,4.3505,4.3813,4.4046,4.4316,4.452500000000001,4.4797,4.5117,4.541,4.5928,4.6286000000000005,4.647600000000001,4.675800000000001,4.6991000000000005,4.7179,4.7488,4.7696000000000005,4.7972,4.8303,4.8651,4.8856,4.9015,4.9287,4.9532,4.9785
67983:0.4349
68046:1.2152,2.7955,3.0607,3.3663000000000003,4.2974000000000006,4.7792
68740:0.1903,0.9265,1.0818,1.2187000000000001,1.2930000000000001,1.7016,1.7972000000000001,1.955,2.0381,2.1761,2.3175,2.5836,2.7979000000000003,2.8661000000000003,3.0637000000000003,3.1249000000000002,3.369,3.4893,3.5683000000000002,3.6248,3.7031,3.8252,4.3001000000000005,4.6028,4.7819,4.8452
68873:0.0396,0.5239,0.6309,0.7168,0.9026000000000001,1.006,1.0548,1.0814000000000001,1.2634,1.3383,1.4003,1.5877000000000001,1.5946,1.6591,1.7089,2.0442,2.1214,2.3423000000000003,2.4993000000000003,2.8839,3.0937,3.2231,3.3569,3.386,3.4642,3.6678,3.7345,3.8137000000000003,3.9799,4.0044,4.087400000000001,4.5122,4.6081
68994:0.3216,0.3896,0.6006,0.8264,2.9357,3.1825,3.4859,4.3108,4.798
69087:2.632
69313:0.0011,0.0043,0.006200000000000001,0.0103,0.0123,0.023100000000000002,0.0264,0.0309,0.053200000000000004,0.06430000000000001,0.07440000000000001,0.0758,0.0892,0.09190000000000001,0.09620000000000001,0.0998,0.1062,0.1163,0.13290000000000002,0.1351,0.13540000000000002,0.1495,0.16140000000000002,0.1724,0.18130000000000002,0.18860000000000002,0.1915,0.1925,0.1948,0.1962,0.2036,0.21000000000000002,0.21330000000000002,0.21450000000000002,0.21580000000000002,0.22310000000000002,0.2301,0.2396,0.2462,0.24780000000000002,0.2518,0.2625,0.26280000000000003,0.2812,0.2832,0.29910000000000003,0.3,0.3019,0.3045,0.3069,0.3174,0.31970000000000004,0.32180000000000003,0.3276,0.3311,0.3321,0.3628,0.37010000000000004,0.377,0.3796,0.4001,0.4118,0.42400000000000004,0.42610000000000003,0.4344,0.44370000000000004,0.44780000000000003,0.4506,0.45790000000000003,0.4728,0.4968,0.49910000000000004,0.5003000000000001,0.516,0.5252,0.5265000000000001,0.5354,0.5412,0.5469,0.5474,0.5521,0.5747,0.5761000000000001,0.5858,0.5860000000000001,0.5876,0.5939,0.5968,0.5985,0.6001000000000001,0.6018,0.6044,0.6169,0.626,0.6425000000000001,0.6445000000000001,0.6469,0.6495000000000001,0.6514,0.6644,0.6652,0.6689,0.68,0.6844,0.6984,0.7102,0.7168,0.7422000000000001,0.7581,0.763,0.775,0.7785000000000001,0.7816000000000001,0.7823,0.8054,0.8213,0.8286,0.8372,0.8393,0.8416,0.8453,0.8652000000000001,0.8663000000000001,0.8729,0.9001,0.9156000000000001,0.9507000000000001,0.9662000000000001,0.9681000000000001,0.9754,0.9886,0.9888,0.9915,0.9944000000000001,0.9992000000000001,1.0025,1.004,1.0062,1.0067000000000002,1.0089000000000001,1.0156,1.0159,1.0185,1.0251000000000001,1.0259,1.0265,1.0286,1.0355,1.0389000000000002,1.0516,1.0526,1.0563,1.0695000000000001,1.0831,1.0928,1.0942,1.1033,1.124,1.1284,1.1292,1.1414,1.1688,1.1756,1.1796,1.216,1.2226000000000001,1.2317,1.2331,1.2414,1.2434,1.2517,1.2551,1.2685,1.2725,1.2842,1.2862,1.3072000000000001,1.3091000000000002,1.3109,1.3225,1.3263,1.329,1.3328,1.3384,1.3396000000000001,1.3455000000000001,1.3689,1.3707,1.373,1.3732,1.3762,1.3795000000000002,1.3839000000000001,1.3861,1.3982,1.4179000000000002,1.4329,1.4603000000000002,1.4612,1.4652,1.467,1.4712,1.4765000000000001,1.4789,1.4797,1.4812,1.4824000000000002,1.5062,1.5164,1.5167000000000002,1.5237,1.5272000000000001,1.5282,1.5344,1.5468000000000002,1.5479,1.5509000000000002,1.5535,1.5557,1.5629000000000002,1.5719,1.5728,1.5762,1.5872000000000002,1.5899,1.5998,1.6205,1.6274000000000002,1.6354000000000002,1.6519000000000001,1.6684,1.6754,1.6887,1.6936,1.6948,1.6955,1.6972,1.7032,1.7065000000000001,1.7083000000000002,1.7159,1.7329,1.736,1.7468000000000001,1.7506000000000002,1.7522,1.7657,1.7747000000000002,1.788,1.7978,1.8024,1.8090000000000002,1.8123,1.82,1.8224,1.8239,1.8289000000000002,1.8298,1.8343,1.8363,1.8429,1.8437000000000001,1.8457000000000001,1.8470000000000002,1.8556000000000001,1.8595000000000002,1.8623,1.8702,1.8752000000000002,1.8816000000000002,1.8895000000000002,1.8906,1.9048,1.9166,1.9169,1.9386,1.9429,1.9484000000000001,1.949,1.9503000000000001,1.9592,1.9609,1.9614,1.9636,1.9647000000000001,1.9669,1.9674,1.9766000000000001,1.9775,1.9782000000000002,1.9802000000000002,1.991,1.9973,1.9998,2.0035000000000003,2.0097,2.0109,2.0136000000000003,2.0165,2.0182,2.0198,2.0212,2.0274,2.0300000000000002,2.0325,2.0408,2.059,2.0942000000000003,2.108,2.1084,2.1119,2.1136,2.1152,2.1179,2.1199,2.1235,2.1265,2.1285000000000003,2.1309,2.1314,2.1443000000000003,2.1602,2.1608,2.1662,2.1670000000000003,2.1892,2.1902,2.1931000000000003,2.1985,2.2062,2.2298,2.2331000000000003,2.2354000000000003,2.2493000000000003,2.2693000000000003,2.2732,2.2744,2.2855000000000003,2.3013,2.3015000000000003,2.331,2.3375,2.3387000000000002,2.3551,2.3606000000000003,2.3774,2.3807,2.3965,2.4007,2.414,2.42,2.4293,2.4377,2.4404,2.4457,2.4467000000000003,2.4505,2.4542,2.4664,2.4701,2.5018000000000002,2.5045,2.5088,2.5124,2.5254000000000003,2.5288,2.5309,2.5342000000000002,2.5377,2.5405,2.5454000000000003,2.5681000000000003,2.5727,2.5747,2.58,2.5839000000000003,2.5872,2.5917000000000003,2.6031,2.6042,2.6126,2.6161000000000003,2.6204,2.6284,2.6314,2.6397,2.6426000000000003,2.652,2.6583,2.6593,2.6638,2.6653000000000002,2.673,2.6744000000000003,2.677,2.6823,2.6934,2.6987,2.7054,2.714,2.7257000000000002,2.7292,2.7311,2.7354000000000003,2.7519,2.7536,2.7558000000000002,2.7625,2.765,2.7663,2.7727,2.7819000000000003,2.7906,2.793,2.7959,2.7965,2.813,2.8215000000000003,2.8257000000000003,2.8317,2.8416,2.8497000000000003,2.8502,2.8593,2.8602000000000003,2.8642000000000003,2.8760000000000003,2.8765,2.8918,2.8923,2.9072,2.9146,2.9164000000000003,2.9206000000000003,2.9285,2.9309000000000003,2.9346,2.9457,2.9515000000000002,2.9525,2.9611,2.9622,2.9649,2.966,2.968,2.9683,2.9697,2.9826,2.9834,2.9852000000000003,2.9859,2.987,2.9956,2.9972000000000003,3.0061,3.0127,3.0404,3.0498000000000003,3.0693,3.0734000000000004,3.0797000000000003,3.083,3.0879000000000003,3.0881000000000003,3.0888,3.1008,3.1044,3.1100000000000003,3.1108000000000002,3.1124,3.115,3.1165000000000003,3.1227,3.1297,3.1351,3.1389,3.1497,3.1501,3.1616,3.1809000000000003,3.1959,3.2013000000000003,3.2051000000000003,3.2107,3.2117,3.2191,3.2313,3.2348000000000003,3.2386000000000004,3.2625,3.2773000000000003,3.2937000000000003,3.3029,3.3032000000000004,3.3326000000000002,3.3349,3.3722000000000003,3.3731,3.3735,3.3802000000000003,3.3816,3.4130000000000003,3.4138,3.4195,3.4244000000000003,3.4286000000000003,3.4308,3.4314,3.4399,3.4459,3.4468,3.447,3.4486000000000003,3.4614000000000003,3.4755000000000003,3.4772000000000003,3.4889,3.4915000000000003,3.5126000000000004,3.516,3.527,3.5299,3.5410000000000004,3.5460000000000003,3.5503,3.5521000000000003,3.5538000000000003,3.5836,3.588,3.5917000000000003,3.609,3.6096000000000004,3.6302000000000003,3.6332,3.6354,3.6512000000000002,3.6572,3.6607000000000003,3.6626000000000003,3.6714,3.6717,3.6848,3.6852,3.7009000000000003,3.7394000000000003,3.7433,3.7443,3.7519,3.7529000000000003,3.7568,3.7581,3.7637,3.7697000000000003,3.7715,3.7749,3.7867,3.7903000000000002,3.7979000000000003,3.8003,3.8021000000000003,3.8059000000000003,3.8081,3.8117,3.8204000000000002,3.8230000000000004,3.8254,3.8284000000000002,3.8321,3.8431,3.8480000000000003,3.8586,3.8689,3.8720000000000003,3.8993,3.9027000000000003,3.9154,3.9307000000000003,3.9345000000000003,3.9347000000000003,3.9400000000000004,3.9428,3.9437,3.9494000000000002,3.9611,3.9661000000000004,3.9706,3.9752,3.9834,3.9885,3.9935,3.9945000000000004,3.9999000000000002,4.0109,4.0375000000000005,4.0474000000000006,4.0565,4.0613,4.0615000000000006,4.0685,4.0702,4.0811,4.0843,4.0908,4.0939000000000005,4.101500000000001,4.1043,4.1168000000000005,4.1176,4.1263000000000005,4.1279,4.1395,4.145700000000001,4.1477,4.1554,4.1854000000000005,4.1973,4.202500000000001,4.2051,4.2054,4.2066,4.2084,4.2238,4.2243,4.2278,4.2297,4.2336,4.2392,4.240600000000001,4.2434,4.2437000000000005,4.2472,4.2489,4.2571,4.270700000000001,4.2729,4.2743,4.2842,4.2851,4.2876,4.3141,4.3176000000000005,4.321400000000001,4.3219,4.324800000000001,4.3629,4.363700000000001,4.3706000000000005,4.3749,4.3796,4.3832,4.384,4.3851,4.3889000000000005,4.3981,4.4021,4.435700000000001,4.4492,4.4632000000000005,4.4693000000000005,4.4697000000000005,4.4768,4.4785,4.4879,4.4945,4.5029,4.514200000000001,4.5216,4.524900000000001,4.5253000000000005,4.5353,4.5459000000000005,4.5491,4.5498,4.5584,4.5688,4.5735,4.575,4.5769,4.577500000000001,4.5865,4.5894,4.591,4.5981000000000005,4.6043,4.62,4.623200000000001,4.627400000000001,4.637700000000001,4.6516,4.6588,4.6649,4.6761,4.6802,4.6814,4.6944,4.6988,4.7087,4.709700000000001,4.7099,4.7104,4.7115,4.712000000000001,4.7236,4.7245,4.7273000000000005,4.7327,4.7537,4.7658000000000005,4.7699,4.7789,4.7831,4.792800000000001,4.8006,4.8018,4.8032,4.804,4.8180000000000005,4.8249,4.8264000000000005,4.8335,4.8413,4.8627,4.8634,4.8703,4.8708,4.8888,4.8903,4.8932,4.8965000000000005,4.9101,4.916300000000001,4.9231,4.9241,4.9364,4.9373000000000005,4.9398,4.9413,4.9432,4.946400000000001,4.9831,4.9846
69413:0.082,0.1922,0.27040000000000003,0.33290000000000003,0.38330000000000003,0.45130000000000003,0.5493,0.637,0.7461,0.8779,0.9231,0.9768,1.0188000000000001,1.075,1.2112,1.2797,1.3319,1.4637,1.5302,1.6011,1.7237,1.8314000000000001,1.9594,2.0373,2.1181,2.2138,2.3035,2.4522,2.5127,2.5641000000000003,2.6552000000000002,2.6918,2.7547,2.8396000000000003,2.886,2.9442,2.991,3.0474,3.1052,3.1846,3.2444,3.3136,3.3903000000000003,3.4200000000000004,3.5213,3.5684,3.6336000000000004,3.7463,3.7983000000000002,3.9071000000000002,3.9417,4.0032000000000005,4.042,4.1082,4.163,4.2479000000000005,4.2962,4.3611,4.4692,4.5958000000000006,4.7324,4.8085,4.8611
69551:0.0039000000000000003,0.0046,0.0167,0.0252,0.0263,0.0274,0.0327,0.0354,0.0419,0.058800000000000005,0.092,0.0935,0.099,0.1013,0.10600000000000001,0.1063,0.1119,0.1155,0.12430000000000001,0.1337,0.13440000000000002,0.1504,0.15080000000000002,0.1575,0.16110000000000002,0.1655,0.1696,0.17070000000000002,0.18960000000000002,0.1927,0.20370000000000002,0.2091,0.21130000000000002,0.2194,0.22440000000000002,0.2265,0.23390000000000002,0.23500000000000001,0.2354,0.23800000000000002,0.2561,0.2576,0.2601,0.2614,0.2644,0.2652,0.2712,0.273,0.28290000000000004,0.3017,0.30720000000000003,0.3074,0.31470000000000004,0.31620000000000004,0.3175,0.3272,0.33130000000000004,0.34440000000000004,0.3617,0.3619,0.3672,0.37,0.37260000000000004,0.37720000000000004,0.3931,0.4005,0.4106,0.42060000000000003,0.437,0.4439,0.4526,0.4536,0.4572,0.4576,0.46090000000000003,0.47190000000000004,0.47490000000000004,0.4802,0.4852,0.4944,0.5038,0.5055000000000001,0.5279,0.5303,0.5429,0.5605,0.5629000000000001,0.5661,0.5670000000000001,0.5685,0.5755,0.5875,0.5937,0.6045,0.6091,0.6194000000000001,0.623,0.6598,0.6635,0.6688000000000001,0.6728000000000001,0.6865,0.6872,0.6986,0.7049000000000001,0.7067,0.7118,0.7157,0.7229,0.7255,0.7295,0.7312000000000001,0.735,0.7413000000000001,0.7484000000000001,0.7505000000000001,0.7571,0.7654000000000001,0.773,0.7733,0.7802,0.7842,0.8008000000000001,0.8014,0.8049000000000001,0.8053,0.808,0.8148000000000001,0.8207,0.8309000000000001,0.8323,0.8357,0.8432000000000001,0.8522000000000001,0.8618,0.8631000000000001,0.8753000000000001,0.8791,0.8795000000000001,0.8842000000000001,0.9063,0.9108,0.92,0.921,0.9462,0.9478000000000001,0.9535,0.9575,0.9728,0.9798,0.9803000000000001,0.9809,0.9831000000000001,0.9886,0.9983000000000001,1.0018,1.0079,1.0137,1.0171000000000001,1.0254,1.0292000000000001,1.0351000000000001,1.0491000000000001,1.0528,1.0618,1.0662,1.0675000000000001,1.0691000000000002,1.074,1.0779,1.0892,1.0939,1.101,1.1117000000000001,1.1236000000000002,1.1244,1.1282,1.1328,1.135,1.1512,1.1635,1.1656,1.1788,1.1795,1.1821000000000002,1.1999,1.2027,1.2241,1.2338,1.2414,1.2458,1.2550000000000001,1.2608000000000001,1.2767000000000002,1.2770000000000001,1.2779,1.2921,1.3002,1.3113000000000001,1.3118,1.3121,1.3174000000000001,1.318,1.3219,1.3239,1.3261,1.3335000000000001,1.3592,1.3655000000000002,1.3664,1.3705,1.3709,1.387,1.3951,1.4062000000000001,1.4075,1.4082000000000001,1.4179000000000002,1.4197,1.4321000000000002,1.4348,1.4354,1.4404000000000001,1.4415,1.4422000000000001,1.4531,1.4679,1.4755,1.4846000000000001,1.4903000000000002,1.5052,1.5062,1.5136,1.5143,1.5211000000000001,1.5213,1.5215,1.5218,1.5304,1.5346,1.5443,1.5564,1.5706,1.5771000000000002,1.5847,1.5916000000000001,1.5946,1.602,1.6026,1.6041,1.6055000000000001,1.6081,1.6106,1.6283,1.6305,1.6423,1.6480000000000001,1.6526,1.6544,1.6591,1.6687,1.6762000000000001,1.6777000000000002,1.6806,1.6828,1.6921000000000002,1.6931,1.6934,1.6991,1.6997,1.7031,1.7039000000000002,1.7148,1.7223000000000002,1.7353,1.7378,1.7506000000000002,1.7515,1.7522,1.7547000000000001,1.7739,1.7746000000000002,1.7767000000000002,1.7773,1.7821,1.7828000000000002,1.7853,1.7891000000000001,1.7962,1.7966000000000002,1.8112000000000001,1.8154000000000001,1.8201,1.8227,1.8252000000000002,1.8296000000000001,1.8442,1.8445,1.8565,1.8677000000000001,1.8692000000000002,1.8706,1.8798000000000001,1.8954000000000002,1.8993,1.9051,1.9065,1.9081000000000001,1.915,1.9153,1.927,1.9296,1.9323000000000001,1.9347,1.9394,1.9451,1.9513,1.9596,1.9689,1.9807000000000001,1.9835,1.985,1.992,2.0059,2.0131,2.0139,2.0261,2.0316,2.0326,2.0384,2.0460000000000003,2.0514,2.0534,2.0634,2.0662000000000003,2.0746,2.0771,2.0907,2.0993,2.1024000000000003,2.1048,2.1078,2.1097,2.1134,2.1185,2.1253,2.1332,2.1342000000000003,2.1386000000000003,2.1506000000000003,2.1514,2.1548000000000003,2.1637,2.1668000000000003,2.1682,2.1694,2.1845,2.1872000000000003,2.1918,2.1959,2.1996,2.2091000000000003,2.2107,2.2113,2.2231,2.2452,2.2597,2.2621,2.2685,2.2692,2.281,2.2903000000000002,2.2926,2.2947,2.3066,2.3136,2.3162000000000003,2.3178,2.3321,2.3461000000000003,2.3499000000000003,2.3579000000000003,2.361,2.3642000000000003,2.3677,2.3782,2.3867000000000003,2.3905000000000003,2.3945000000000003,2.4001,2.4088000000000003,2.4104,2.4315,2.4393000000000002,2.4409,2.4532000000000003,2.4548,2.4566000000000003,2.4646,2.4679,2.4762,2.4767,2.4823,2.4831000000000003,2.5032,2.5109,2.5191000000000003,2.5211,2.5239000000000003,2.5264,2.5349,2.5381,2.5445,2.5584000000000002,2.5614000000000003,2.564,2.5699,2.5769,2.5809,2.5954,2.6089,2.6251,2.6275,2.6324,2.6419,2.6437,2.6465,2.6521000000000003,2.6642,2.6654,2.6721,2.6777,2.678,2.681,2.6934,2.6985,2.6993,2.7237,2.7255000000000003,2.7267,2.7364,2.7378,2.7560000000000002,2.7777000000000003,2.7873,2.7966,2.7994000000000003,2.8044000000000002,2.8053000000000003,2.8091,2.8096,2.8172,2.819,2.8238000000000003,2.8252,2.8320000000000003,2.8333,2.845,2.8577000000000004,2.8739000000000003,2.8824,2.8877,2.8963,2.8975,2.9011,2.9053,2.9161,2.9239,2.9285,2.9308,2.9361,2.9364000000000003,2.9416,2.9428,2.9443,2.9515000000000002,2.9544,2.9663,2.9667000000000003,2.9781,2.9811,2.984,3.0007,3.0013,3.0137,3.0197000000000003,3.0251,3.0259,3.0309,3.0355000000000003,3.0358,3.0401000000000002,3.0411,3.0416000000000003,3.0527,3.0562,3.0592,3.0613,3.0627,3.0722,3.0749,3.0752,3.0817,3.0857,3.0860000000000003,3.0932,3.0946000000000002,3.1438,3.1442,3.1468000000000003,3.153,3.1557,3.1561000000000003,3.1566,3.1606,3.1625,3.1632000000000002,3.1685000000000003,3.1923000000000004,3.196,3.2002,3.2058,3.2151,3.2188000000000003,3.225,3.2436000000000003,3.2439,3.2491000000000003,3.2636000000000003,3.2639,3.2656,3.27,3.2715,3.2781000000000002,3.2827,3.2856,3.2894,3.2992000000000004,3.3033,3.3084000000000002,3.3089,3.3111,3.3121,3.3232000000000004,3.3244000000000002,3.3285,3.3294,3.3372,3.3374,3.3403,3.3437,3.3571,3.3611,3.362,3.3726000000000003,3.3741000000000003,3.3766000000000003,3.3821000000000003,3.3873,3.3977,3.3993,3.4122000000000003,3.4249,3.4377,3.4391000000000003,3.448,3.4523,3.4597,3.4628,3.4638,3.4695,3.4753000000000003,3.4802,3.4839,3.4843,3.4858000000000002,3.4984,3.5019,3.5072,3.5256000000000003,3.532,3.5324,3.5377,3.5421,3.5595000000000003,3.5628,3.5652000000000004,3.5706,3.5721000000000003,3.5732000000000004,3.5742000000000003,3.5779,3.5934000000000004,3.5952,3.5987,3.604,3.605,3.6152,3.6248,3.6277000000000004,3.6323000000000003,3.6338000000000004,3.6372,3.6555,3.6596,3.6619,3.6656,3.6927000000000003,3.6955,3.6982000000000004,3.7057,3.7068000000000003,3.7085000000000004,3.7114000000000003,3.7164,3.7301,3.7323000000000004,3.7377000000000002,3.7466000000000004,3.7474000000000003,3.7615000000000003,3.7622,3.7677,3.7703,3.7713,3.7938,3.8002000000000002,3.8070000000000004,3.8084000000000002,3.8119,3.8150000000000004,3.8154000000000003,3.8167,3.8281,3.8285,3.8368,3.8394000000000004,3.8475,3.8479,3.8520000000000003,3.858,3.869,3.8698,3.8738,3.874,3.8745000000000003,3.8774,3.8803,3.8809,3.8847,3.8886000000000003,3.8934,3.8965,3.8971,3.8999,3.9046000000000003,3.9135,3.9153000000000002,3.9161,3.9225000000000003,3.9264,3.9267000000000003,3.9288000000000003,3.9291,3.9503000000000004,3.9698,3.9730000000000003,4.0144,4.0217,4.0322000000000005,4.0335,4.0347,4.0598,4.0665000000000004,4.0859000000000005,4.0877,4.089,4.1056,4.1069,4.1109,4.1154,4.1374,4.1465000000000005,4.16,4.1708,4.1725,4.1897,4.1992,4.2084,4.2179,4.2389,4.2403,4.2512,4.2618,4.2651,4.2657,4.276800000000001,4.2808,4.2835,4.3053,4.3063,4.3165000000000004,4.3203000000000005,4.3277,4.3296,4.3471,4.3619,4.365600000000001,4.381200000000001,4.3925,4.4064000000000005,4.4077,4.4157,4.4234,4.4349,4.4375,4.4466,4.4472000000000005,4.4695,4.472,4.4897,4.4901,4.4915,4.496300000000001,4.4971000000000005,4.502,4.5069,4.5217,4.5276000000000005,4.5278,4.532900000000001,4.5441,4.5518,4.553,4.5538,4.5543000000000005,4.563000000000001,4.5673,4.5696,4.5745000000000005,4.5861,4.5876,4.5939000000000005,4.5997,4.6139,4.6165,4.6284,4.6355,4.6853,4.687600000000001,4.689900000000001,4.6928,4.7029000000000005,4.7090000000000005,4.7122,4.713900000000001,4.7145,4.715800000000001,4.7206,4.7211,4.731,4.7321,4.7414000000000005,4.7473,4.7485,4.7672,4.7739,4.7793,4.7856000000000005,4.7902000000000005,4.7925,4.7983,4.7987,4.8036,4.8096000000000005,4.8207,4.8254,4.8352,4.8392,4.8401000000000005,4.8484,4.8501,4.8524,4.8565000000000005,4.8666,4.8772,4.8869,4.8963,4.9013,4.922000000000001,4.9237,4.9313,4.9350000000000005,4.9404,4.9489,4.952,4.9657,4.9731000000000005,4.995900000000001
69626:0.0526,0.0794,0.0881,0.11470000000000001,0.1597,0.2013,0.2341,0.26680000000000004,0.2805,0.2918,0.3316,0.35100000000000003,0.3879,0.4121,0.4279,0.43620000000000003,0.46030000000000004,0.46880000000000005,0.49970000000000003,0.5353,0.554,0.5728,0.5948,0.6287,0.6367,0.6704,0.681,0.7054,0.7201000000000001,0.7508,0.7859,0.8135,0.8352,0.8601000000000001,0.8733000000000001,0.9016000000000001,0.9283,0.9471,0.9759000000000001,0.9942000000000001,1.022,1.0487,1.0586,1.0839,1.1494,1.1604,1.1905000000000001,1.2065000000000001,1.2258,1.2673,1.2953000000000001,1.3232000000000002,1.34,1.3673,1.3924,1.4213,1.4287,1.4633,1.4841,1.5334,1.5597,1.597,1.6182,1.6457000000000002,1.665,1.6839000000000002,1.6992,1.7297,1.7432,1.7692,1.7851000000000001,1.8012000000000001,1.8109000000000002,1.8504,1.9293,1.9527,1.9705000000000001,2.0129,2.0401000000000002,2.053,2.0702000000000003,2.1125000000000003,2.1469,2.162,2.1991,2.2141,2.2277,2.2364,2.2604,2.2935000000000003,2.3223000000000003,2.3603,2.3929,2.4044000000000003,2.4332000000000003,2.4665,2.4741,2.4842,2.5209,2.5323,2.5568,2.5660000000000003,2.5909,2.6145,2.6325000000000003,2.6782,2.7063,2.7364,2.7590000000000003,2.7778,2.8041,2.841,2.8791,2.9131,2.9330000000000003,2.9771,3.0323,3.0547,3.0868,3.1018000000000003,3.1389,3.1638,3.1721000000000004,3.1955,3.2401,3.2684,3.2949,3.3396000000000003,3.3711,3.3869000000000002,3.418,3.4615,3.4694000000000003,3.4933,3.5434,3.5954,3.623,3.6462000000000003,3.6685000000000003,3.6762,3.7085000000000004,3.7265,3.738,3.7859000000000003,3.8057000000000003,3.8251000000000004,3.8536,3.8844000000000003,3.9037,3.9237,3.9453,3.9959000000000002,4.0144,4.0404,4.0697,4.0947000000000005,4.1045,4.1266,4.1624,4.1794,4.1925,4.2217,4.2719000000000005,4.288,4.3053,4.3177,4.3392,4.367100000000001,4.434,4.4567000000000005,4.5055000000000005,4.526,4.5465,4.5777,4.5952,4.619800000000001,4.65,4.6653,4.7065,4.7439,4.7823,4.8112,4.8198,4.8359000000000005,4.875100000000001,4.8965000000000005,4.9383,4.9867
69919:0.0217,0.0429,0.0796,0.1189,0.1575,0.1736,0.19820000000000002,0.2099,0.24500000000000002,0.255,0.3015,0.3294,0.3341,0.3698,0.4041,0.4354,0.49210000000000004,0.5209,0.5507000000000001,0.6124,0.6395000000000001,0.6469,0.6691,0.6905,0.7252000000000001,0.7434000000000001,0.766,0.8677,0.882,0.9106000000000001,0.9179,0.9458000000000001,0.9648,0.9864,1.0049000000000001,1.0168000000000001,1.0612000000000001,1.0792000000000002,1.1179000000000001,1.1216000000000002,1.1444,1.1752,1.2159,1.2453,1.2736,1.3072000000000001,1.3225,1.34,1.3789,1.4368,1.4695,1.5161,1.5665,1.5767,1.6053000000000002,1.6392,1.6894,1.7084000000000001,1.7279,1.7621,1.7677,1.8104,1.8403,1.8653000000000002,1.9308,1.9652,1.9746000000000001,2.0038,2.0433,2.0642,2.0924,2.1611000000000002,2.1993,2.2181,2.2613000000000003,2.2918000000000003,2.3105,2.3282000000000003,2.3478000000000003,2.3778,2.3875,2.4173,2.4475000000000002,2.4603,2.4852000000000003,2.5273000000000003,2.593,2.6479,2.6888,2.7209000000000003,2.7553,2.7606,2.8182,2.834,2.8711,2.8951000000000002,2.9103000000000003,2.9478,2.9795000000000003,3.0037000000000003,3.0098000000000003,3.0173,3.0503,3.0719000000000003,3.1104000000000003,3.133,3.1719,3.2039,3.2131000000000003,3.2334,3.2574,3.3074000000000003,3.335,3.3425000000000002,3.3764000000000003,3.3897000000000004,3.4104,3.4194,3.4991000000000003,3.5134000000000003,3.5576000000000003,3.6096000000000004,3.6474,3.6551,3.6831,3.702,3.7174,3.7435,3.7507,3.7678000000000003,3.8275,3.8591,3.8786,3.8991000000000002,3.9276,3.9329,3.9538,3.9821,3.9947000000000004,4.0097000000000005,4.0353,4.069,4.0945,4.1455,4.1673,4.2151000000000005,4.2359,4.2679,4.2946,4.3173,4.3607000000000005,4.3704,4.3954,4.4115,4.4412,4.500100000000001,4.5297,4.548,4.5826,4.594,4.6431000000000004,4.6722,4.7094000000000005,4.7657,4.779100000000001,4.8127,4.8655,4.8993,4.9108,4.937600000000001,4.9830000000000005,4.9903
70066:0.030100000000000002,0.0782,0.1044,0.14850000000000002,0.1894,0.24230000000000002,0.2752,0.3262,0.3524,0.38630000000000003,0.43160000000000004,0.47340000000000004,0.504,0.5418000000000001,0.5665,0.6009,0.6445000000000001,0.6943,0.7269,0.794,0.8149000000000001,0.8619,0.8809,0.9183,0.9680000000000001,1.0007000000000001,1.0482,1.1064,1.1313,1.1783000000000001,1.2072,1.2559,1.3064,1.3452000000000002,1.3791,1.4134,1.4569,1.4985000000000002,1.5442,1.5979,1.6191,1.6595,1.6887,1.7362000000000002,1.7654,1.8105,1.846,1.8807,1.9036000000000002,1.9484000000000001,1.9706000000000001,1.9952,2.0386,2.0952,2.1223,2.164,2.2054,2.2482,2.2721,2.3074,2.3369,2.3693,2.4184,2.4537,2.4711000000000003,2.5075000000000003,2.5286,2.5732,2.6055,2.6328,2.6615,2.6914000000000002,2.7481,2.7747,2.8142,2.8663000000000003,2.8920000000000003,2.9481,2.9761,3.0164,3.0465,3.0924,3.1223,3.1527000000000003,3.1901,3.2298,3.2768,3.3115,3.3523,3.4003,3.4144,3.4525,3.4961,3.5325,3.5594,3.5818000000000003,3.6225,3.6527000000000003,3.6976,3.7102000000000004,3.7522,3.782,3.8412,3.8678000000000003,3.9162000000000003,3.9478,3.9826,4.0376,4.0645,4.0939000000000005,4.1318,4.1595,4.1986,4.2183,4.2612000000000005,4.3007,4.3188,4.3461,4.371700000000001,4.4206,4.4771,4.5277,4.5654,4.5911,4.6445,4.6898,4.7399000000000004,4.7812,4.8167,4.854,4.883100000000001,4.9353,4.9721
71057:0.0228,0.0458,0.055900000000000005,0.0791,0.0893,0.10700000000000001,0.1213,0.1449,0.1588,0.1877,0.19690000000000002,0.21610000000000001,0.2321,0.2492,0.2553,0.27040000000000003,0.2798,0.2923,0.2993,0.3309,0.3533,0.3735,0.3806,0.40190000000000003,0.4224,0.432,0.45630000000000004,0.4817,0.5013000000000001,0.5219,0.5359,0.5536,0.5668000000000001,0.5730000000000001,0.5874,0.5975,0.6157,0.6304000000000001,0.6372,0.648,0.6701,0.6848000000000001,0.7085,0.7342000000000001,0.7527,0.7621,0.7838,0.8124,0.8324,0.8450000000000001,0.8507,0.8628,0.8758,0.8995000000000001,0.9256000000000001,0.9474,0.9763000000000001,0.994,1.0181,1.0453000000000001,1.0621,1.0829,1.1199000000000001,1.1337000000000002,1.1572,1.1883000000000001,1.2046000000000001,1.2265000000000001,1.2574,1.2702,1.2979,1.3181,1.3359,1.3632,1.385,1.3943,1.4157,1.4252,1.4556,1.4772,1.5113,1.518,1.5457,1.5596,1.5976000000000001,1.616,1.6452,1.6642000000000001,1.6852,1.6918,1.7129,1.735,1.7441,1.7713,1.7944,1.812,1.8357,1.8498,1.9134,1.9336,1.9495,1.9698,1.9991,2.0107,2.0243,2.0402,2.0464,2.0604,2.0717000000000003,2.0824000000000003,2.1124,2.1187,2.1468000000000003,2.1954000000000002,2.2104,2.2344,2.2555,2.2638000000000003,2.2862,2.2967,2.3171,2.3262,2.3537,2.3627000000000002,2.4019,2.4169,2.4422,2.4597,2.4664,2.4821,2.4995000000000003,2.5196,2.5441000000000003,2.5542000000000002,2.5648,2.5895,2.6074,2.6142000000000003,2.6296,2.6516,2.6612,2.6812,2.694,2.7061,2.7329000000000003,2.7486,2.7706,2.7942,2.8039,2.8339000000000003,2.8574,2.8816,2.8982,2.916,2.9315,2.9678,2.9770000000000003,3.0002,3.0281000000000002,3.0340000000000003,3.0508,3.0628,3.0756,3.1025,3.1205000000000003,3.1427,3.1608,3.1795,3.2106000000000003,3.2401,3.2565,3.2687,3.2751,3.2921,3.3172,3.3408,3.3648000000000002,3.3817000000000004,3.3970000000000002,3.4186,3.4503000000000004,3.4758,3.4918,3.5182,3.5392,3.5728,3.5992,3.6219,3.6435,3.661,3.6819,3.6997,3.7111,3.728,3.7550000000000003,3.7684,3.7838000000000003,3.8016,3.825,3.851,3.8668,3.8818,3.8945000000000003,3.9035,3.9185000000000003,3.9321,3.9704,3.9962,4.027,4.048900000000001,4.0671,4.0944,4.1033,4.1295,4.155600000000001,4.1803,4.1898,4.2065,4.2295,4.2483,4.2737,4.282500000000001,4.3056,4.315300000000001,4.3366,4.3684,4.4047,4.432,4.4515,4.4562,4.4871,4.5048,4.5258,4.546,4.5697,4.5801,4.5998,4.6218,4.6467,4.6705000000000005,4.6928,4.7091,4.7216000000000005,4.742900000000001,4.7572,4.775,4.7899,4.805400000000001,4.814500000000001,4.8326,4.8567,4.8740000000000006,4.8907,4.9028,4.9352,4.9486,4.9844,4.9992
71121:0.0825,0.192,0.2691,0.3326,0.3825,0.49710000000000004,0.5547000000000001,0.6366,0.7473000000000001,0.8784000000000001,0.9231,0.9763000000000001,1.034,1.1205,1.2115,1.2778,1.3305,1.4643000000000002,1.53,1.6009,1.6840000000000002,1.8972,1.9622000000000002,2.0375,2.1177,2.2124,2.3209,2.4530000000000003,2.5078,2.5658000000000003,2.6548000000000003,2.6918,2.7548,2.8397,2.8853,2.9524000000000004,3.0106,3.0855,3.1776,3.2262,3.3123,3.3907000000000003,3.4293,3.5205,3.5686,3.6390000000000002,3.7472000000000003,3.7989,3.9053,3.9415,4.0035,4.0421000000000005,4.1244000000000005,4.2409,4.292800000000001,4.3603000000000005,4.4695,4.597,4.7332,4.809200000000001,4.8622000000000005,4.9347
71459:0.11560000000000001,0.2285,0.3124,0.3257,0.38380000000000003,0.39130000000000004,0.54,0.5932000000000001,0.5993,0.6890000000000001,0.8101,0.9091,1.2093,1.4327,1.5653000000000001,1.6397000000000002,1.6861000000000002,1.8124,1.9526000000000001,2.0549,2.3006,2.4295,2.4702,2.5984000000000003,2.6321000000000003,2.7079,2.9247,2.9326000000000003,3.1713,3.1830000000000003,3.2920000000000003,3.4677000000000002,3.4803,3.6094000000000004,3.6855,3.7414,3.9068,4.1037,4.118,4.2873,4.2997000000000005,4.4657,4.5317,4.6619,4.784,4.8007,4.8337,4.9092
71790:0.1227,0.2298,0.2746,0.8737,1.0941,1.7383000000000002,2.4278,2.8113,3.2615000000000003,3.3629000000000002,3.9614000000000003,3.991,4.4599,4.7417,4.804600000000001,4.8756
72087:0.931,1.2272,3.0725000000000002
73522:0.0028,0.0149,0.0181,0.0285,0.0391,0.043300000000000005,0.0436,0.0591,0.062200000000000005,0.0654,0.0664,0.0911,0.10160000000000001,0.1111,0.1155,0.11860000000000001,0.1202,0.1228,0.1306,0.13340000000000002,0.1516,0.1605,0.164,0.1665,0.1705,0.1724,0.1764,0.1811,0.18780000000000002,0.19240000000000002,0.2006,0.202,0.203,0.2043,0.2073,0.2136,0.2157,0.216,0.21660000000000001,0.22610000000000002,0.2336,0.2379,0.2394,0.24550000000000002,0.2526,0.2539,0.2591,0.28390000000000004,0.2913,0.29760000000000003,0.30010000000000003,0.3027,0.3044,0.3074,0.3378,0.33990000000000004,0.3493,0.3542,0.3655,0.37170000000000003,0.3788,0.38170000000000004,0.38330000000000003,0.38730000000000003,0.40090000000000003,0.4192,0.4307,0.45070000000000005,0.45740000000000003,0.45880000000000004,0.46090000000000003,0.4666,0.4713,0.48450000000000004,0.4922,0.49920000000000003,0.5093,0.5133,0.5173,0.5233,0.5458000000000001,0.5656,0.5707,0.5808,0.5832,0.5897,0.6018,0.602,0.6078,0.6114,0.6182000000000001,0.6189,0.6202000000000001,0.625,0.6291,0.6297,0.6331,0.6589,0.662,0.6694,0.6767000000000001,0.6775,0.6976,0.7054,0.7122,0.7163,0.7184,0.7194,0.7281000000000001,0.736,0.7572,0.7736000000000001,0.7746000000000001,0.7762,0.7912,0.7983,0.8322,0.8346,0.8379000000000001,0.8461000000000001,0.8475,0.8548,0.8561000000000001,0.8693000000000001,0.8747,0.8773000000000001,0.8852000000000001,0.8899,0.9074000000000001,0.9088,0.9092,0.9195000000000001,0.9202,0.921,0.9264,0.933,0.9576,0.9744,0.9757,0.9762000000000001,0.9767,0.9905,1.0005,1.0046,1.0124,1.0307,1.0334,1.0336,1.0363,1.0415,1.042,1.0436,1.0446,1.0455,1.0472000000000001,1.0596,1.067,1.068,1.0926,1.1202,1.1206,1.1427,1.1440000000000001,1.1444,1.1487,1.1523,1.153,1.1533,1.1582000000000001,1.1595,1.1711,1.1725,1.1744,1.1818,1.1984000000000001,1.2047,1.206,1.2122000000000002,1.2215,1.2224000000000002,1.2282,1.232,1.2327000000000001,1.2349,1.2384000000000002,1.2402,1.2417,1.243,1.2613,1.2698,1.2719,1.2851000000000001,1.2884,1.2918,1.2945,1.3029000000000002,1.3039,1.3144,1.326,1.3362,1.3469,1.3611,1.3699000000000001,1.3781,1.3968,1.4102000000000001,1.4235,1.4248,1.4256,1.4294,1.433,1.4382000000000001,1.4401000000000002,1.4407,1.4594,1.4632,1.4664000000000001,1.4791,1.4881,1.4977,1.4998,1.5015,1.5173,1.5221,1.5322,1.5347000000000002,1.5409000000000002,1.5422,1.5469000000000002,1.5558,1.576,1.5902,1.5973000000000002,1.6276000000000002,1.6283,1.6285,1.6287,1.6381000000000001,1.6634,1.6695,1.6758000000000002,1.6779000000000002,1.6888,1.6919000000000002,1.7100000000000002,1.7193,1.729,1.7309,1.7468000000000001,1.7485000000000002,1.7547000000000001,1.7570000000000001,1.7647000000000002,1.7730000000000001,1.7775,1.7778,1.7794,1.7855,1.7936,1.7976,1.7986,1.8118,1.8178,1.8215000000000001,1.8239,1.8261,1.8271000000000002,1.8277,1.8301,1.8341,1.8461,1.8492000000000002,1.8523,1.8659000000000001,1.8728,1.8759000000000001,1.8808,1.8821,1.8839000000000001,1.8855000000000002,1.9087,1.9098000000000002,1.9165,1.9192,1.9219000000000002,1.9273,1.9321000000000002,1.9424000000000001,1.9647000000000001,1.9711,1.9929000000000001,1.9955,1.9981,2.0031,2.0056000000000003,2.0089,2.0129,2.0198,2.0212,2.0431,2.0491,2.0514,2.0528,2.0565,2.0583,2.0952,2.1057,2.1207000000000003,2.1304000000000003,2.1383,2.1395,2.1683,2.1717,2.1725000000000003,2.1905,2.205,2.2065,2.2099,2.2116000000000002,2.2133000000000003,2.2181,2.2239,2.2248,2.2262,2.238,2.2395,2.2458,2.2496,2.2541,2.2606,2.2624,2.2845,2.2884,2.2961,2.3024,2.3128,2.3178,2.3249,2.3266,2.3476,2.3505000000000003,2.3518000000000003,2.3526000000000002,2.3736,2.378,2.3792,2.4215,2.4231000000000003,2.4331,2.4401,2.4407,2.4423,2.4464,2.4625,2.4636,2.4743,2.4977,2.5014000000000003,2.5144,2.5179,2.5183,2.5206,2.5312,2.5382000000000002,2.5434,2.5448,2.557,2.5634,2.5665,2.5749,2.5808,2.5826000000000002,2.5953,2.5974,2.6051,2.6184000000000003,2.6208,2.6216,2.6252,2.6263,2.6423,2.6517,2.6652,2.6706000000000003,2.6918,2.696,2.6989,2.7014,2.7091000000000003,2.7189,2.7222,2.7381,2.7481,2.7492,2.7578,2.7823,2.8061000000000003,2.814,2.8179000000000003,2.8195,2.8346,2.8429,2.8517,2.854,2.8593,2.8599,2.8682000000000003,2.8737,2.874,2.878,2.8853,2.8886000000000003,2.8939,2.9025000000000003,2.9133,2.9157,2.9274,2.9539,2.9577,2.9654000000000003,2.9725,2.9728000000000003,2.9753000000000003,2.9846000000000004,2.986,2.9878,2.9934000000000003,3.0033000000000003,3.0094000000000003,3.0111000000000003,3.0165,3.0246,3.0272,3.0278,3.0617,3.0679000000000003,3.0714,3.0719000000000003,3.0758,3.0869,3.0944000000000003,3.0965000000000003,3.1,3.1063,3.1107,3.113,3.1143,3.1154,3.1174,3.1196,3.1206,3.1216,3.1254,3.1339,3.1549,3.1652,3.1712000000000002,3.1803000000000003,3.193,3.1948000000000003,3.2023,3.2032000000000003,3.2099,3.212,3.2154000000000003,3.2195,3.2297000000000002,3.2351,3.2387,3.2414,3.2525,3.2672000000000003,3.2694,3.2750000000000004,3.2859000000000003,3.3018,3.3039,3.3054,3.3074000000000003,3.3109,3.3202000000000003,3.3274000000000004,3.3299000000000003,3.3314000000000004,3.3352,3.337,3.345,3.3468,3.3545000000000003,3.3572,3.3582,3.3707000000000003,3.3731,3.3797,3.3968000000000003,3.4121,3.4152,3.4212000000000002,3.4359,3.4418,3.4468,3.4486000000000003,3.4521,3.458,3.467,3.4711000000000003,3.4727,3.4838,3.4888000000000003,3.4981,3.5169,3.5199000000000003,3.5299,3.5303,3.5352,3.5580000000000003,3.559,3.5789,3.5812000000000004,3.5820000000000003,3.5836,3.5846,3.591,3.5938000000000003,3.6118,3.6185,3.6313,3.6509,3.6523000000000003,3.6578000000000004,3.6629,3.6643000000000003,3.6657,3.6686,3.6700000000000004,3.6708000000000003,3.6808,3.6813000000000002,3.7004,3.7062000000000004,3.7216,3.7294,3.7366,3.7551,3.7598000000000003,3.7628000000000004,3.7642,3.7677,3.7779000000000003,3.7862,3.7959,3.7994000000000003,3.7999,3.8024,3.8079,3.8163,3.8362000000000003,3.837,3.841,3.8433,3.8446000000000002,3.8483,3.8560000000000003,3.8567,3.8578,3.8623000000000003,3.8769,3.8840000000000003,3.8899000000000004,3.8988,3.9079,3.9417,3.951,3.9612000000000003,3.962,3.9649,3.9652000000000003,3.9658,3.9863000000000004,3.9868,3.9882000000000004,3.9942,3.9996,4.0052,4.0061,4.0126,4.0157,4.0187,4.0237,4.0255,4.0267,4.0376,4.043200000000001,4.0461,4.053,4.0544,4.0748,4.091600000000001,4.101,4.1173,4.1298,4.1336,4.1469000000000005,4.1593,4.1676,4.1712,4.1719,4.1794,4.1815,4.1821,4.1946,4.1975,4.2047,4.212000000000001,4.2498000000000005,4.263,4.267,4.270700000000001,4.2767,4.284800000000001,4.2899,4.2906,4.2921000000000005,4.2952,4.299,4.3159,4.3345,4.3471,4.3571,4.361400000000001,4.363,4.3676,4.3776,4.3786000000000005,4.383900000000001,4.393,4.396100000000001,4.4013,4.407500000000001,4.4096,4.4219,4.4253,4.4312000000000005,4.437,4.4494,4.462400000000001,4.4641,4.4823,4.4844,4.4848,4.4861,4.4894,4.4953,4.496700000000001,4.5084,4.508900000000001,4.518800000000001,4.5224,4.5302,4.5373,4.553100000000001,4.560700000000001,4.5724,4.5918,4.5947000000000005,4.6055,4.6062,4.6075,4.6177,4.6426,4.6462,4.6527,4.6591000000000005,4.6603,4.6614,4.676,4.678100000000001,4.6868,4.693700000000001,4.6954,4.7087,4.7134,4.7171,4.7236,4.7411,4.7423,4.7535,4.7546,4.7548,4.7637,4.7647,4.7676,4.7683,4.7774,4.7914,4.7945,4.806900000000001,4.8106,4.814,4.8176000000000005,4.8260000000000005,4.827100000000001,4.8432,4.8481000000000005,4.86,4.8764,4.877400000000001,4.9006,4.9013,4.9015,4.9149,4.9349,4.9404,4.941,4.9538,4.9629,4.9725,4.9805,4.9828,4.9854,4.9979000000000005
73773:0.0152,0.0509,0.07730000000000001,0.101,0.1233,0.1461,0.1708,0.19160000000000002,0.21530000000000002,0.2346,0.2559,0.30360000000000004,0.32580000000000003,0.3637,0.402,0.4259,0.44570000000000004,0.4959,0.5181,0.5395,0.5672,0.5923,0.6122000000000001,0.6385000000000001,0.6695,0.6922,0.7355,0.7651,0.7972,0.8292,0.8586,0.8927,0.9161,0.9457000000000001,0.9619000000000001,0.9899,1.0131000000000001,1.0446,1.0634000000000001,1.0946,1.1209,1.1579000000000002,1.1988,1.2286000000000001,1.2521,1.272,1.2936,1.3236,1.3552,1.3792,1.4063,1.4372,1.4693,1.4927000000000001,1.5151000000000001,1.5529000000000002,1.589,1.6157000000000001,1.6403,1.6702000000000001,1.7025000000000001,1.7358,1.7595,1.794,1.8159,1.8358,1.8665,1.8855000000000002,1.9061000000000001,1.943,1.9699,1.9939,2.0135,2.0394,2.0628,2.0911,2.1164,2.1470000000000002,2.1753,2.1974,2.2252,2.2456,2.2683,2.2967,2.3298,2.3526000000000002,2.3783000000000003,2.4028,2.4303,2.4523,2.4823,2.5027,2.5375,2.5567,2.5904000000000003,2.6122,2.6328,2.6582000000000003,2.6773000000000002,2.7046,2.7344,2.7715,2.7922000000000002,2.8194000000000004,2.8433,2.875,2.8955,2.9447,2.9714,2.9931,3.0173,3.0377,3.0641000000000003,3.0898000000000003,3.1195,3.1655,3.1985,3.2279,3.2542,3.2771000000000003,3.3017000000000003,3.3308,3.3532,3.3762000000000003,3.411,3.4422,3.4682,3.4914,3.5157000000000003,3.5372000000000003,3.5648,3.5933,3.6277000000000004,3.6505,3.6753,3.7086,3.7487000000000004,3.7670000000000003,3.7840000000000003,3.8070000000000004,3.8274000000000004,3.8493000000000004,3.866,3.8936,3.9187000000000003,3.9417,3.9626,3.9793000000000003,4.0182,4.045,4.0667,4.099200000000001,4.1172,4.1417,4.170100000000001,4.2006000000000006,4.2198,4.2479000000000005,4.2794,4.3026,4.3278,4.355,4.3923000000000005,4.4207,4.4486,4.468,4.490600000000001,4.5198,4.5511,4.575,4.591600000000001,4.6296,4.655600000000001,4.6786,4.7031,4.7358,4.7607,4.7884,4.8066,4.8528,4.8784,4.9021,4.9287,4.9577,4.984100000000001
73832:0.025,0.0669,0.0873,0.1247,0.16240000000000002,0.194,0.2306,0.2636,0.29560000000000003,0.32320000000000004,0.3406,0.3639,0.38470000000000004,0.4184,0.4459,0.4827,0.5131,0.5488000000000001,0.5888,0.6166,0.6313000000000001,0.6624,0.6884,0.7214,0.7469,0.7906000000000001,0.8304,0.8619,0.8909,0.9248000000000001,0.9541000000000001,0.9717,0.9928,1.0153,1.0553000000000001,1.08,1.1169,1.1393,1.1672,1.1952,1.2305000000000001,1.2598,1.2895,1.3104,1.3288,1.3617000000000001,1.3993,1.4223000000000001,1.4524000000000001,1.4778,1.5033,1.5271000000000001,1.5556,1.5819,1.6007,1.6279000000000001,1.6555,1.6786,1.7026000000000001,1.7358,1.7682,1.7936,1.8183,1.8459,1.8793000000000002,1.9040000000000001,1.9316,1.9546000000000001,1.9725000000000001,2.0041,2.0281000000000002,2.0527,2.0761000000000003,2.1029,2.1254,2.1670000000000003,2.2016,2.2306,2.2601,2.2901000000000002,2.3246,2.3567,2.3816,2.4196,2.4419,2.4672,2.4991000000000003,2.5241000000000002,2.5408,2.5766,2.6001000000000003,2.6243000000000003,2.6487000000000003,2.6646,2.6826000000000003,2.7068000000000003,2.7309,2.7556000000000003,2.7797,2.8158000000000003,2.8453,2.862,2.8866,2.9301,2.9549000000000003,2.98,3.0064,3.0416000000000003,3.071,3.0929,3.1133,3.1430000000000002,3.1669,3.1824000000000003,3.2064000000000004,3.2385,3.262,3.2969,3.3181000000000003,3.3612,3.3859000000000004,3.4087,3.4351000000000003,3.4512,3.4748,3.5018000000000002,3.5211,3.5415,3.5776000000000003,3.6089,3.6258000000000004,3.6436,3.6958,3.7226000000000004,3.7488,3.7712000000000003,3.7943000000000002,3.8280000000000003,3.8594000000000004,3.8961,3.9193000000000002,3.939,3.9676,3.9899,4.023000000000001,4.0441,4.0624,4.0892,4.1187000000000005,4.1472,4.1674,4.1898,4.2212000000000005,4.2483,4.2664,4.2884,4.3175,4.3423,4.3753,4.401400000000001,4.4435,4.469,4.5055000000000005,4.5382,4.5696,4.5972,4.6313,4.6588,4.6829,4.7099,4.7301,4.760800000000001,4.7963000000000005,4.828600000000001,4.8513,4.8738,4.9009,4.931,4.9558
74159:1.5982
74186:0.18000000000000002,0.4464,0.9165000000000001,0.9884000000000001,1.072,1.2136,1.2835,1.4343000000000001,1.6916,1.7507000000000001,1.7912000000000001,1.9449,2.0272,2.1279,2.1696,2.3068,2.4829000000000003,2.5745,2.6372,2.7911,2.8569,2.9997000000000003,3.0586,3.1159000000000003,3.3628,3.4787000000000003,3.5578000000000003,3.6144000000000003,3.6929000000000003,3.8152000000000004,4.0546,4.2943,4.5917,4.7754,4.8363000000000005
74389:0.6468,0.8935000000000001,1.207,1.2706,1.6612,1.7414,1.798,2.0388,2.4037,2.4719,2.6186000000000003,2.935,3.3697000000000004,3.6814,3.7399,4.2996,4.5204,4.5583,4.7858
74399:0.0218,0.0717,0.1453,0.194,0.2901,0.4708,0.5954,0.6435000000000001,0.8007000000000001,0.8344,0.8648,0.9722000000000001,1.0044,1.0626,1.1627,1.2554,1.4095,1.497,1.5209000000000001,1.6909,1.7657,1.8336000000000001,2.0168,2.0268,2.0983,2.1187,2.2520000000000002,2.2935000000000003,2.3549,2.5503,2.6133,2.6592000000000002,2.729,2.8989000000000003,2.999,3.0528,3.1061,3.1815,3.2362,3.3106,3.4124000000000003,3.5167,3.5523000000000002,3.645,3.6684,3.7365000000000004,3.7574,3.8126,3.8997,4.0073,4.073300000000001,4.0937,4.1277,4.2624,4.3198,4.3734,4.424300000000001,4.46,4.5815,4.5952,4.6973,4.7879000000000005,4.8686,4.9003000000000005,4.9358
74562:0.17980000000000002,0.2967,0.44620000000000004,0.9163,0.9882000000000001,1.0113,1.0717,1.2134,1.2172,1.2834,1.4235,1.4338,1.6915,1.7502,1.7909000000000002,1.9448,2.027,2.0573,2.1276,2.1695,2.3066,2.4827,2.5741,2.6369000000000002,2.791,2.8568000000000002,2.9996,3.0584000000000002,3.1157000000000004,3.3628,3.3741000000000003,3.4786,3.5576000000000003,3.6143,3.6925000000000003,3.8151,4.0545,4.2941,4.5915,4.5972,4.7754,4.8359000000000005
74602:0.037200000000000004,0.6307,0.9622,1.1480000000000001,1.245,1.6065,1.6792,1.8497000000000001,2.0257,2.1198,2.6380000000000003,2.8689,3.0152,3.2511,3.4057,3.442,3.5411,3.7895000000000003,4.0308,4.1675,4.1985,4.2616000000000005,4.2943,4.5483,4.677700000000001
74633:1.2273
74775:0.038,0.2561,0.3468,0.44,0.8205,1.0115,1.1367,1.3237,1.9122000000000001,2.1365000000000003,2.3807,2.6756,2.8560000000000003,3.0651,3.4636,3.838,3.9913000000000003,4.2737,4.381200000000001,4.6347000000000005,4.7014000000000005,4.9506000000000006
75049:0.436,1.4668,2.2693000000000003,2.4689,2.6977,2.8752,3.0574000000000003,3.4136,3.5812000000000004,3.7099,3.7897000000000003,4.696400000000001
75519:0.02,0.0729,0.1577,0.3654,0.4292,0.4786,0.5523,0.6447,0.7063,0.8512000000000001,0.8976000000000001,0.9633,1.0544,1.1587,1.2418,1.3069000000000002,1.3775000000000002,1.497,1.5632000000000001,1.6857,1.7507000000000001,1.8476000000000001,2.0029,2.0251,2.16,2.2002,2.2585,2.3439,2.6352,3.2023,3.2507,3.4574000000000003,3.6074,3.6822000000000004,3.8768000000000002,3.9810000000000003,4.0305,4.1655,4.1942,4.294700000000001,4.5289,4.549300000000001,4.5739,4.6372,4.8833
75832:2.049,3.8832,4.3053
76241:0.26890000000000003,0.33630000000000004,0.5371,0.6353,0.8348,0.8913000000000001,1.1553,1.2062000000000002,1.2670000000000001,1.425,1.5524,1.6393,1.7395,1.796,2.037,2.1155,2.3824,2.4642,2.5175,2.6165000000000003,2.6733000000000002,2.8734,2.9329,3.0100000000000002,3.2368,3.3634,3.6749,3.7638000000000003,3.8776,3.9358000000000004,4.0164,4.1608,4.2958,4.4776,4.5208,4.5555,4.6597,4.7732,4.8827
77099:0.0009000000000000001,0.0066,0.012100000000000001,0.0318,0.042300000000000004,0.048600000000000004,0.0499,0.051300000000000005,0.0546,0.0579,0.0636,0.0751,0.081,0.0815,0.08170000000000001,0.0883,0.0889,0.0915,0.0927,0.1051,0.10930000000000001,0.114,0.11510000000000001,0.11670000000000001,0.11720000000000001,0.1301,0.1385,0.1438,0.1487,0.1519,0.17020000000000002,0.18150000000000002,0.18760000000000002,0.18910000000000002,0.1908,0.2041,0.2048,0.21830000000000002,0.2242,0.22820000000000001,0.2364,0.24330000000000002,0.2449,0.2541,0.2548,0.2601,0.2606,0.26430000000000003,0.2656,0.2732,0.2748,0.3064,0.3135,0.31470000000000004,0.3174,0.31870000000000004,0.33380000000000004,0.3451,0.34950000000000003,0.3534,0.35450000000000004,0.35700000000000004,0.35950000000000004,0.36560000000000004,0.3667,0.367,0.368,0.37260000000000004,0.3763,0.382,0.3826,0.3901,0.3929,0.39690000000000003,0.42450000000000004,0.4253,0.42610000000000003,0.4279,0.4283,0.4307,0.4339,0.442,0.44420000000000004,0.4544,0.4592,0.4748,0.4818,0.4849,0.48600000000000004,0.4913,0.4929,0.5033,0.5038,0.5061,0.5185000000000001,0.5321,0.5348,0.5424,0.5446,0.5499,0.5591,0.5868,0.5913,0.6113000000000001,0.6266,0.6348,0.6377,0.6445000000000001,0.65,0.653,0.6537000000000001,0.6583,0.6615,0.6771,0.6857000000000001,0.6949000000000001,0.7008,0.7019000000000001,0.7076,0.7092,0.7094,0.7193,0.7315,0.7415,0.7546,0.764,0.7728,0.7877000000000001,0.795,0.8008000000000001,0.8025,0.8071,0.8116,0.8194,0.8257,0.8339000000000001,0.8441000000000001,0.8443,0.8469,0.8545,0.8547,0.8549,0.8609,0.8621000000000001,0.8727,0.8844000000000001,0.8883000000000001,0.8934000000000001,0.8983000000000001,0.8998,0.9077000000000001,0.9131,0.9159,0.9173,0.919,0.9283,0.9302,0.9427000000000001,0.9477000000000001,0.9567,0.9636,0.9645,0.9803000000000001,0.9876,0.9898,1.0031,1.0104,1.0177,1.0205,1.0433000000000001,1.0450000000000002,1.0470000000000002,1.0541,1.0591000000000002,1.0738,1.0767,1.0834000000000001,1.1014000000000002,1.106,1.114,1.1227,1.1366,1.1392,1.1431,1.1507,1.1597,1.1601000000000001,1.1641000000000001,1.1761000000000001,1.1779,1.1812,1.192,1.1944000000000001,1.1983000000000001,1.1986,1.1992,1.2045000000000001,1.211,1.2147000000000001,1.2212,1.2367000000000001,1.2379,1.2409000000000001,1.2471,1.2493,1.2497,1.2504,1.2577,1.2597,1.2715,1.2902,1.2912000000000001,1.2961,1.2981,1.3012000000000001,1.3054000000000001,1.3097,1.3121,1.334,1.3371,1.3402,1.3436000000000001,1.3457000000000001,1.3481,1.3533000000000002,1.355,1.3599,1.3619,1.3735000000000002,1.3787,1.3811,1.3826,1.3838000000000001,1.3969,1.4044,1.4136,1.4171,1.4309,1.4564000000000001,1.4586000000000001,1.4649,1.4685000000000001,1.4699,1.4743000000000002,1.4771,1.4809,1.4889000000000001,1.4989000000000001,1.5177,1.5326000000000002,1.5504,1.5546,1.5592000000000001,1.5923,1.5977000000000001,1.5988,1.6037000000000001,1.6077000000000001,1.609,1.6215000000000002,1.6251,1.6387,1.6437000000000002,1.6481000000000001,1.6522000000000001,1.6582000000000001,1.6739000000000002,1.6814,1.6886,1.689,1.6904000000000001,1.6924000000000001,1.6942000000000002,1.6946,1.7127000000000001,1.7139,1.7168,1.7193,1.7255,1.7271,1.7311,1.7321,1.7328000000000001,1.7355,1.743,1.7463000000000002,1.7473,1.7495,1.7562,1.7607000000000002,1.7676,1.7709000000000001,1.7761,1.7841,1.8139,1.8157,1.8182,1.8328,1.8333000000000002,1.8353000000000002,1.8416000000000001,1.8432000000000002,1.8438,1.8452000000000002,1.8501,1.8776000000000002,1.8801,1.8862,1.9024,1.9084,1.9129,1.9187,1.9262000000000001,1.9447,1.9459000000000002,1.9567,1.9573,1.9592,1.9603000000000002,1.9754,1.9842000000000002,2.0100000000000002,2.0104,2.0164,2.019,2.0307,2.0431,2.0449,2.0483000000000002,2.0616,2.0692,2.0771,2.0822000000000003,2.0875,2.0934,2.0947,2.1024000000000003,2.1103,2.1333,2.1474,2.1484,2.1553,2.1679,2.1719,2.1784,2.1795,2.1879,2.1897,2.1950000000000003,2.1952000000000003,2.1959,2.2007000000000003,2.2033,2.204,2.2083,2.2262,2.2344,2.2371000000000003,2.2476000000000003,2.2542,2.2549,2.2588,2.2603,2.2738,2.2801,2.2919,2.3044000000000002,2.3101000000000003,2.3108,2.318,2.3193,2.3224,2.3468,2.3563,2.3606000000000003,2.3718,2.3868,2.3924000000000003,2.3934,2.3977,2.4093,2.4099,2.4111000000000002,2.4117,2.4129,2.4135,2.4313000000000002,2.4476,2.4564,2.4577,2.462,2.4701,2.4732000000000003,2.4745,2.4757000000000002,2.4764,2.5132000000000003,2.5173,2.5376000000000003,2.5514,2.5617,2.572,2.5732,2.5798,2.5802,2.5848,2.5873,2.5909,2.6180000000000003,2.6389,2.6444,2.6574,2.6699,2.6778,2.681,2.6826000000000003,2.6831,2.6845000000000003,2.6929000000000003,2.6933000000000002,2.7019,2.7037,2.7059,2.7266,2.7495000000000003,2.7502,2.7541,2.7628,2.7716000000000003,2.7833,2.7851000000000004,2.787,2.7881,2.7897000000000003,2.7903000000000002,2.7905,2.7926,2.7941000000000003,2.8036000000000003,2.807,2.8184,2.8237,2.8261000000000003,2.8338,2.8367,2.838,2.8487,2.8497000000000003,2.8566000000000003,2.8584,2.8655,2.8667000000000002,2.8708,2.8731,2.8796,2.9000000000000004,2.9215,2.9221,2.9291,2.9325,2.9345000000000003,2.9376,2.9507000000000003,2.9533,2.9591000000000003,3.0081,3.0138000000000003,3.0220000000000002,3.0385,3.0416000000000003,3.0447,3.0453,3.0455,3.0533,3.0567,3.0597000000000003,3.0657,3.0940000000000003,3.1017,3.1270000000000002,3.128,3.1315,3.1359000000000004,3.1376,3.1417,3.1441000000000003,3.1523000000000003,3.1534,3.1581,3.1700000000000004,3.1783,3.1788000000000003,3.1804,3.1818,3.1826000000000003,3.1929000000000003,3.2126,3.2154000000000003,3.2173000000000003,3.2264,3.2292,3.2344,3.2362,3.2375000000000003,3.2384,3.244,3.2466000000000004,3.2476000000000003,3.2637,3.2641,3.2726,3.2732,3.2762000000000002,3.2798000000000003,3.286,3.2958000000000003,3.2964,3.3053000000000003,3.3144,3.3172,3.3226,3.3399,3.3454,3.3478000000000003,3.3656,3.3666,3.3693,3.371,3.3764000000000003,3.3933,3.3955,3.4226,3.4249,3.4317,3.4332000000000003,3.4373,3.44,3.4405,3.4447,3.4478,3.455,3.4614000000000003,3.4688000000000003,3.4884,3.4917000000000002,3.4976000000000003,3.4984,3.5076,3.5088000000000004,3.5136000000000003,3.5239000000000003,3.5371,3.5392,3.5424,3.5543,3.5648,3.5717000000000003,3.5803000000000003,3.5824000000000003,3.5861,3.5912,3.5916,3.6066000000000003,3.6217,3.6242,3.6244,3.6317000000000004,3.6565000000000003,3.6653000000000002,3.6696,3.6790000000000003,3.696,3.6968,3.6985,3.7019,3.7025,3.7178,3.7274000000000003,3.7403,3.7407000000000004,3.7430000000000003,3.7468000000000004,3.7569000000000004,3.7617000000000003,3.7685,3.7854,3.8021000000000003,3.8028000000000004,3.8063000000000002,3.8075,3.8153,3.8193,3.8301000000000003,3.8374,3.8388,3.8414,3.8422,3.8424,3.8507000000000002,3.8566000000000003,3.8636000000000004,3.869,3.8722000000000003,3.8880000000000003,3.8948,3.922,3.9241,3.9361,3.9368000000000003,3.9393000000000002,3.9607,3.9659,3.9663000000000004,3.9805,3.9861,3.9904,3.9918,4.0072,4.0086,4.0131000000000006,4.0247,4.0285,4.0297,4.0314000000000005,4.037,4.0435,4.0455000000000005,4.0517,4.052700000000001,4.0591,4.0632,4.0639,4.0757,4.0986,4.1063,4.1084000000000005,4.1124,4.1131,4.1134,4.1158,4.1207,4.133,4.135,4.1382,4.1448,4.1494,4.1512,4.1530000000000005,4.1561,4.1563,4.1568000000000005,4.1712,4.1715,4.1955,4.2189000000000005,4.2225,4.226500000000001,4.2278,4.2328,4.2446,4.2459,4.2506,4.2613,4.2622,4.2634,4.2648,4.2656,4.2686,4.2704,4.2781,4.2836,4.2942,4.3023,4.3056,4.3373,4.3407,4.3422,4.3428,4.3657,4.3737,4.3740000000000006,4.3907,4.4099,4.4118,4.4236,4.4369000000000005,4.4372,4.438400000000001,4.4444,4.4468000000000005,4.4588,4.4676,4.4745,4.4799,4.480700000000001,4.4839,4.5012,4.5119,4.5143,4.531000000000001,4.5375000000000005,4.5433,4.5587,4.5708,4.5756000000000006,4.5905000000000005,4.5928,4.6054,4.6079,4.619400000000001,4.6309000000000005,4.6382,4.6435,4.6443,4.6485,4.6534,4.6536,4.6753,4.6938,4.695,4.6991000000000005,4.7077,4.7087,4.7092,4.7208000000000006,4.7395000000000005,4.7407,4.7452000000000005,4.7556,4.772200000000001,4.7729,4.7744,4.7804,4.7838,4.7887,4.7926,4.8113,4.82,4.8234,4.8283000000000005,4.8295,4.83,4.8322,4.8333,4.8369,4.8439000000000005,4.8461,4.8494,4.8516,4.8565000000000005,4.8621,4.8783,4.8788,4.9045000000000005,4.907900000000001,4.915,4.9183,4.9336,4.9404,4.9444,4.9591,4.9653,4.9731000000000005,4.9878,4.9981
77241:0.0264,0.10450000000000001
77358:0.016300000000000002,0.028,0.0307,0.033,0.0475,0.0565,0.060000000000000005,0.0736,0.0839,0.1003,0.1013,0.13340000000000002,0.1426,0.1439,0.1499,0.1703,0.1724,0.1763,0.1773,0.1912,0.1942,0.1948,0.2089,0.2094,0.20980000000000001,0.2124,0.216,0.2212,0.22310000000000002,0.22440000000000002,0.2368,0.24350000000000002,0.2449,0.24810000000000001,0.2485,0.25070000000000003,0.2566,0.27240000000000003,0.2746,0.2851,0.29450000000000004,0.29510000000000003,0.2963,0.30410000000000004,0.30720000000000003,0.3128,0.3136,0.3138,0.316,0.3194,0.35550000000000004,0.3623,0.37420000000000003,0.37920000000000004,0.38720000000000004,0.38770000000000004,0.3902,0.39390000000000003,0.398,0.41850000000000004,0.43460000000000004,0.44110000000000005,0.456,0.45630000000000004,0.47340000000000004,0.4741,0.48810000000000003,0.49300000000000005,0.49620000000000003,0.5006,0.506,0.5098,0.52,0.5321,0.5336000000000001,0.5376000000000001,0.5521,0.5525,0.5572,0.5680000000000001,0.5771000000000001,0.5860000000000001,0.5907,0.5920000000000001,0.6015,0.6028,0.608,0.6087,0.6114,0.6313000000000001,0.6315000000000001,0.6355000000000001,0.6401,0.6474000000000001,0.6616000000000001,0.6713,0.6787000000000001,0.6794,0.6825,0.6847000000000001,0.6861,0.6867000000000001,0.6869000000000001,0.6904,0.7087,0.7143,0.7448,0.7455,0.7483000000000001,0.7491,0.7514000000000001,0.7555000000000001,0.7565000000000001,0.7646000000000001,0.7729,0.7746000000000001,0.7761,0.7806000000000001,0.7867000000000001,0.7972,0.7994,0.8057000000000001,0.8101,0.8147000000000001,0.8200000000000001,0.8224,0.8235,0.8241,0.8257,0.8266,0.8275,0.8287,0.8290000000000001,0.8359000000000001,0.8382000000000001,0.8385,0.8486,0.8559,0.8627,0.8691000000000001,0.8733000000000001,0.8739,0.8759,0.8776,0.882,0.8882,0.8899,0.8928,0.8967,0.8989,0.8993,0.9131,0.9267000000000001,0.9321,0.9424,0.9439000000000001,0.9445,0.9493,0.9536,0.9621000000000001,0.9631000000000001,0.9799,1.0376,1.0382,1.0438,1.0522,1.0582,1.0647,1.0683,1.0784,1.0787,1.0919,1.0946,1.1178000000000001,1.1214,1.1306,1.1436,1.1513,1.1533,1.1588,1.1620000000000001,1.1727,1.1729,1.1892,1.1979,1.2013,1.2091,1.2165000000000001,1.2204000000000002,1.2315,1.2322,1.234,1.2402,1.2409000000000001,1.2422,1.2433,1.2454,1.2510000000000001,1.2617,1.2631000000000001,1.2671000000000001,1.2741,1.2858,1.2917,1.2945,1.2987,1.3035,1.3205,1.3278,1.3319,1.3371,1.3407,1.3512,1.352,1.3523,1.3567,1.357,1.362,1.366,1.3688,1.3955,1.3988,1.3994,1.4003,1.4022000000000001,1.4024,1.4026,1.4213,1.4235,1.4243000000000001,1.4324000000000001,1.4432,1.4556,1.4612,1.4728,1.4819,1.4853,1.4902,1.5035,1.5069000000000001,1.5122,1.5141,1.5269000000000001,1.5394,1.5468000000000002,1.5532000000000001,1.5564,1.5581,1.57,1.5742,1.5759,1.5798,1.5828,1.5957000000000001,1.5981,1.6009,1.6061,1.6092000000000002,1.6259000000000001,1.6299000000000001,1.6381000000000001,1.6386,1.6404,1.6509,1.6566,1.6776,1.6911,1.7041000000000002,1.7206000000000001,1.7266000000000001,1.7282000000000002,1.7522,1.7524000000000002,1.7835,1.7850000000000001,1.7971000000000001,1.7996,1.8076,1.8123,1.8247,1.8335000000000001,1.8355000000000001,1.8361,1.8449,1.8454000000000002,1.8485,1.8506,1.851,1.8576000000000001,1.8581,1.859,1.8662,1.8703,1.8812,1.8822,1.8969,1.9025,1.9042000000000001,1.9147,1.9177000000000002,1.9232,1.9261000000000001,1.9322000000000001,1.9429,1.9443000000000001,1.9453,1.9528,1.9677,1.9680000000000002,1.9705000000000001,1.9794,1.9812,1.9905000000000002,2.0112,2.0126,2.017,2.0193000000000003,2.0249,2.0472,2.0507,2.0862000000000003,2.0876,2.1011,2.1065,2.1085000000000003,2.1114,2.1128,2.115,2.1551,2.1573,2.1611000000000002,2.165,2.1729000000000003,2.1757,2.1772,2.1798,2.1819,2.1907,2.1923,2.1928,2.1934,2.1942,2.2017,2.2019,2.2256,2.2276000000000002,2.2421,2.2487,2.2496,2.2638000000000003,2.2654,2.2664,2.2774,2.2786,2.289,2.2899000000000003,2.2999,2.3166,2.3221000000000003,2.3235,2.3248,2.3356,2.3513,2.3557,2.3612,2.3634,2.3647,2.3957,2.4031000000000002,2.418,2.4222,2.4248000000000003,2.4284000000000003,2.4407,2.4616000000000002,2.4756,2.4782,2.4871000000000003,2.4905,2.4925,2.4951000000000003,2.4955000000000003,2.4970000000000003,2.4997000000000003,2.5027,2.5113000000000003,2.5123,2.5344,2.5388,2.5508,2.5588,2.5603000000000002,2.5677000000000003,2.5709,2.5718,2.5833,2.5968,2.5991,2.6005000000000003,2.6019,2.6074,2.6084,2.6099,2.6116,2.6256,2.6294,2.6374,2.6399,2.6476,2.6488,2.6601,2.6606,2.6644,2.6689000000000003,2.6731000000000003,2.6749,2.6797,2.6809000000000003,2.6873,2.6889000000000003,2.6924,2.7022,2.7172,2.718,2.7195,2.7225,2.724,2.7306,2.7388000000000003,2.75,2.7563,2.7673,2.7681,2.7811000000000003,2.7892,2.7903000000000002,2.7976,2.8000000000000003,2.8086,2.8212,2.8328,2.8465000000000003,2.8497000000000003,2.8513,2.8518000000000003,2.8617000000000004,2.8707000000000003,2.887,2.8877,2.8904,2.9016,2.9024,2.9164000000000003,2.9191000000000003,2.9321,2.9485,2.9561,2.9578,2.9691,2.9916,2.9929,2.9947000000000004,2.9993000000000003,3.0051,3.0062,3.0086,3.0140000000000002,3.0162,3.0203,3.0248,3.0385,3.0389,3.0412000000000003,3.0781,3.088,3.0967000000000002,3.0972,3.1009,3.1031,3.1106000000000003,3.1157000000000004,3.1169000000000002,3.1235,3.1246,3.1273,3.1343,3.1401000000000003,3.1492,3.1502000000000003,3.1623,3.1715,3.1726,3.1750000000000003,3.1830000000000003,3.1849000000000003,3.1875,3.1936,3.1945,3.206,3.2074000000000003,3.2122,3.2223,3.2369000000000003,3.2374,3.2396000000000003,3.2514000000000003,3.2572,3.2603,3.2639,3.2696,3.2752000000000003,3.2832000000000003,3.2846,3.2923,3.2935000000000003,3.3149,3.3194000000000004,3.3224,3.3246,3.326,3.327,3.3372,3.3438000000000003,3.3442000000000003,3.3456,3.3531,3.3534,3.3536,3.3603,3.3609,3.3674,3.3716000000000004,3.3776,3.3791,3.3814,3.3971,3.4138,3.4217,3.4326000000000003,3.4331,3.4409,3.462,3.4751000000000003,3.4767,3.5062,3.508,3.5097,3.5228,3.5322,3.5395000000000003,3.5453,3.5544000000000002,3.556,3.5621,3.5624000000000002,3.5706,3.5972,3.6064000000000003,3.6136000000000004,3.6181,3.6245000000000003,3.6300000000000003,3.6448,3.6505,3.6524,3.6547,3.6556,3.6578000000000004,3.6647000000000003,3.6749,3.6805000000000003,3.6860000000000004,3.6929000000000003,3.6982000000000004,3.7048,3.7072000000000003,3.7081000000000004,3.7122,3.7154000000000003,3.7237,3.7371000000000003,3.7456,3.7505,3.7553,3.7589,3.7615000000000003,3.7769000000000004,3.7809000000000004,3.7931000000000004,3.8071,3.8093000000000004,3.8099000000000003,3.8167,3.8184,3.8204000000000002,3.8304,3.8391,3.8506,3.8523,3.8602000000000003,3.8612,3.8734,3.8743000000000003,3.8791,3.8966000000000003,3.8996000000000004,3.9018,3.9024,3.9076000000000004,3.9082000000000003,3.9121,3.9324000000000003,3.9330000000000003,3.9433000000000002,3.9451,3.9462,3.9536000000000002,3.9538,3.9544,3.9586,3.9667000000000003,3.9698,3.9717000000000002,3.9749000000000003,3.9768000000000003,3.992,3.9933,3.9976000000000003,3.9981,4.0038,4.0222,4.0266,4.027200000000001,4.0277,4.0431,4.0433,4.0437,4.045100000000001,4.0602,4.0743,4.0995,4.1037,4.107600000000001,4.125900000000001,4.135800000000001,4.148000000000001,4.1536,4.1542,4.1544,4.1584,4.165900000000001,4.166300000000001,4.1753,4.1848,4.1929,4.2113000000000005,4.2189000000000005,4.2244,4.2378,4.2458,4.2481,4.2626,4.2675,4.2703,4.2735,4.2798,4.2952,4.305000000000001,4.3071,4.3116,4.3215,4.3262,4.3384,4.3445,4.3455,4.3751,4.3847000000000005,4.3985,4.4039,4.4181,4.4270000000000005,4.4285000000000005,4.4415000000000004,4.4427,4.4467,4.4499,4.4538,4.4574,4.4648,4.4689000000000005,4.4696,4.470000000000001,4.476,4.4830000000000005,4.4953,4.496,4.5092,4.510800000000001,4.5257000000000005,4.5286,4.5365,4.5379000000000005,4.5388,4.5415,4.5437,4.5463000000000005,4.5628,4.5865,4.594,4.597300000000001,4.6006,4.603800000000001,4.6113,4.633100000000001,4.6481,4.6509,4.6645,4.6683,4.6711,4.6715,4.6738,4.681900000000001,4.6893,4.7011,4.7066,4.7132000000000005,4.7170000000000005,4.7193000000000005,4.7199,4.7266,4.7468,4.7569,4.7618,4.7656,4.7679,4.7782,4.782900000000001,4.7841000000000005,4.788,4.7892,4.7916,4.7983,4.7987,4.799300000000001,4.808,4.8112,4.8421,4.8467,4.8578,4.8663,4.8785,4.8806,4.8925,4.8963,4.9011000000000005,4.9110000000000005,4.9151,4.9179,4.9186000000000005,4.9190000000000005,4.9274000000000004,4.931900000000001,4.9482,4.987,4.9953
78240:1.2191,1.8013000000000001,2.7985,3.0641000000000003,3.3696,4.3007,4.7824
78311:0.0253,0.035500000000000004,0.0529,0.1028,0.11760000000000001,0.14120000000000002,0.1814,0.19260000000000002,0.22820000000000001,0.2535,0.25980000000000003,0.2753,0.28390000000000004,0.2974,0.3284,0.3458,0.39130000000000004,0.4138,0.4284,0.47340000000000004,0.4932,0.5555,0.5624,0.5988,0.6099,0.6768000000000001,0.7014,0.7177,0.784,0.8220000000000001,0.8517,0.8602000000000001,0.9074000000000001,0.9480000000000001,0.9757,0.9886,1.0499,1.0807,1.0989,1.1129,1.173,1.1914,1.2049,1.2589000000000001,1.2750000000000001,1.3013000000000001,1.3117,1.3283,1.3429,1.3838000000000001,1.401,1.4328,1.4643000000000002,1.4863000000000002,1.5095,1.6152,1.689,1.7217,1.7416,1.7959,1.8315000000000001,1.8542,1.8805,1.9177000000000002,1.9412,1.9711,1.9897,2.0397000000000003,2.0453,2.1015,2.1431,2.1692,2.2063,2.2516000000000003,2.3052,2.3258,2.331,2.3705000000000003,2.414,2.4497,2.4729,2.494,2.5138000000000003,2.5309,2.5458000000000003,2.5845000000000002,2.6367000000000003,2.6579,2.6886,2.75,2.8358000000000003,2.8647,2.9035,2.9404000000000003,2.9508,2.967,2.9888000000000003,2.9930000000000003,3.016,3.0506,3.0909,3.1328,3.1441000000000003,3.1885000000000003,3.222,3.2406,3.2724,3.3188,3.3627000000000002,3.4068,3.4131,3.4504,3.4886000000000004,3.5304,3.571,3.6185,3.6510000000000002,3.693,3.6982000000000004,3.7089000000000003,3.7567000000000004,3.7793,3.8314000000000004,3.859,3.8633,3.9098,3.9787000000000003,3.9888000000000003,4.0301,4.0357,4.0626,4.1216,4.1567,4.2119,4.2176,4.2525,4.2948,4.3196,4.327100000000001,4.4113,4.4223,4.4489,4.48,4.5152,4.5586,4.5781,4.5911,4.6478,4.6889,4.7254000000000005,4.7399000000000004,4.7577,4.8064,4.8527000000000005,4.8834,4.9378,4.95,4.9814
78706:0.0379,0.17,0.6283000000000001,1.0172,1.0792000000000002,1.3339,1.589,1.7053,2.4958,2.8880000000000003,3.2181,3.2252,3.3862,3.402,4.0276000000000005,4.5105
78877:1.2114,1.693,1.7886000000000002,2.1662,2.791,3.0012000000000003,3.0576000000000003,3.3628,3.6155000000000004,4.293200000000001,4.7752
78975:0.0482,1.0218,1.1281,1.6084,3.2336,3.4193000000000002,4.0991
78988:0.2712,1.2076,1.7674,1.9724000000000002,2.0500000000000003,2.1206,2.4349000000000003,2.6277,4.4806,4.7701
79051:0.11080000000000001,0.1472,0.1897,0.28200000000000003,0.47650000000000003,0.5004000000000001,0.6107,0.7183,0.7431,0.8742000000000001,0.8851,0.9695,1.0030000000000001,1.059,1.3496000000000001,1.4765000000000001,1.4998,1.7389000000000001,2.0014000000000003,2.0493,2.1,2.1214,2.1757,2.4683,2.5163,2.648,2.6661,2.8778,3.0068,3.1497,3.2363,3.5818000000000003,3.6282,3.7084,3.7862,3.8761,4.1353,4.2241,4.2631000000000006,4.3047,4.3259,4.3702000000000005,4.695,4.8181,4.8567,4.8689,4.8845
79732:0.0345,0.257,0.4494,0.8211,1.0105,1.3267,1.9143000000000001,2.1376,2.6931000000000003,2.8681,3.0687,3.4789000000000003,4.0144,4.2876,4.3044,4.3737,4.3813,4.6342,4.947,4.9717
79993:1.217,1.4338,1.7916,2.0572,2.1703,2.3082000000000003,2.5766,2.7929,4.597300000000001
80216:0.0379,0.25570000000000004,0.3478,0.445,0.8223,1.0127000000000002,1.141,1.3238,1.913,2.1371,2.3809,2.6772,2.8572,3.0673000000000004,3.4644000000000004,3.8351,3.9928000000000003,4.2757000000000005,4.382000000000001,4.634,4.7065,4.9499
80272:0.12240000000000001,0.3693,0.5248,0.7433000000000001,0.8336,0.8968,1.1493,1.4019000000000001,1.6334000000000002,1.9214,2.0158,2.2858,2.4841,2.7924,3.5579,3.7977000000000003,3.9655,4.1511000000000005,4.1828,4.2343,4.3911,4.4977,4.9922
80283:0.094,0.20170000000000002,0.3466,0.4319,0.5592,0.7196,0.8108000000000001,0.9402,1.1268,1.4152,1.5476,1.7686000000000002,1.9007,2.1284,2.2669,2.4652000000000003,2.5311,2.7736,2.9648000000000003,3.0408,3.4751000000000003,3.5515000000000003,3.619,3.7082,3.7834000000000003,3.8675,3.9458,4.0534,4.3715,4.5949,4.7515,4.8682
81026:0.433,0.4827,0.8656,1.2739,1.3054000000000001,1.499,1.5630000000000002,1.6865,2.1594,2.2,2.2589,2.5893,2.8685,3.1683000000000003,3.6455,4.6382,4.7674,4.893
82270:0.0565,0.1965,0.301,0.5038,0.6886,0.8745,0.9923000000000001,1.0608,1.1354,1.2091,1.2435,1.2809000000000001,1.3817000000000002,1.6304,1.7652,1.8736000000000002,2.0557000000000003,2.2159,2.4245,2.5495,2.6897,2.8198000000000003,3.0506,3.1345,3.2666,3.8558000000000003,3.8939000000000004,3.9823000000000004,4.2179,4.3536,4.4574,4.7321,4.907500000000001
82513:0.11850000000000001,0.23320000000000002,0.384,0.5666,0.6452,0.9608000000000001,1.2746,1.6508,1.9767000000000001,2.2657000000000003,2.5036,2.6198,2.7145,3.3815,3.7601,3.9499000000000004,4.1472,4.3218000000000005,4.4757,4.6987000000000005,4.9031
83815:0.0028,0.006500000000000001,0.0073,0.0119,0.0129,0.016300000000000002,0.018000000000000002,0.0205,0.023700000000000002,0.026600000000000002,0.027,0.0309,0.0419,0.0426,0.0477,0.051800000000000006,0.053200000000000004,0.0748,0.0877,0.094,0.0947,0.1022,0.1042,0.1081,0.1228,0.1331,0.13720000000000002,0.1406,0.14550000000000002,0.1463,0.14650000000000002,0.1516,0.1559,0.16060000000000002,0.165,0.1709,0.17170000000000002,0.17350000000000002,0.18100000000000002,0.1905,0.1966,0.19920000000000002,0.1998,0.2025,0.22060000000000002,0.22440000000000002,0.24070000000000003,0.24230000000000002,0.24280000000000002,0.2474,0.2506,0.2514,0.28240000000000004,0.2848,0.2884,0.2943,0.3138,0.3153,0.3289,0.3387,0.3406,0.3437,0.35050000000000003,0.3634,0.3815,0.38820000000000005,0.39030000000000004,0.3932,0.39890000000000003,0.4218,0.42350000000000004,0.42550000000000004,0.42900000000000005,0.43460000000000004,0.4354,0.44520000000000004,0.451,0.45470000000000005,0.45980000000000004,0.47500000000000003,0.4793,0.49810000000000004,0.49860000000000004,0.5,0.5023,0.5362,0.5453,0.5462,0.5473,0.5602,0.5906,0.5976,0.6152000000000001,0.6191,0.621,0.633,0.6449,0.6498,0.6532,0.6723,0.6741,0.6775,0.6825,0.6854,0.6874,0.6879000000000001,0.6997,0.7015,0.7192000000000001,0.7259,0.7278,0.7345,0.7423000000000001,0.7429,0.7549,0.7573000000000001,0.7578,0.7814,0.7817000000000001,0.7943,0.8011,0.8042,0.8096,0.8206,0.8234,0.8261000000000001,0.8320000000000001,0.8423,0.8463,0.8484,0.8584,0.8596,0.8862,0.8902,0.9063,0.909,0.9101,0.9171,0.9179,0.933,0.9390000000000001,0.9579000000000001,0.9636,0.9696,0.9705,0.9796,0.9929,0.9933000000000001,1.0067000000000002,1.0117,1.0149000000000001,1.0212,1.0366,1.0372000000000001,1.042,1.0425,1.046,1.0519,1.0672000000000001,1.0712000000000002,1.0723,1.0961,1.097,1.0974000000000002,1.1038000000000001,1.1123,1.1393,1.1508,1.1613,1.1620000000000001,1.1838,1.199,1.2306000000000001,1.2337,1.2351,1.2468000000000001,1.2894,1.2901,1.2904,1.2946,1.2966,1.2971000000000001,1.2976,1.3109,1.3122,1.3148,1.3154000000000001,1.3183,1.3278,1.328,1.3355000000000001,1.3436000000000001,1.3439,1.3483,1.3512,1.3524,1.3571,1.3714000000000002,1.3799000000000001,1.3856000000000002,1.3905,1.4006,1.4153,1.4287,1.4413,1.4440000000000002,1.4583000000000002,1.4631,1.4749,1.4841,1.5139,1.5244,1.5306000000000002,1.5359,1.5397,1.5426,1.5468000000000002,1.5489000000000002,1.5505,1.5549000000000002,1.5561,1.5581,1.5611000000000002,1.5663,1.5676,1.5697,1.5708,1.5859,1.5872000000000002,1.5931000000000002,1.6057000000000001,1.614,1.622,1.6257000000000001,1.6344,1.6392,1.6482,1.6575,1.6589,1.6593,1.6680000000000001,1.6762000000000001,1.6805,1.6898000000000002,1.6905000000000001,1.6914,1.7066000000000001,1.7172,1.7235,1.7385000000000002,1.7471,1.7537,1.7624000000000002,1.7786000000000002,1.7848000000000002,1.7850000000000001,1.7866000000000002,1.7892000000000001,1.7911000000000001,1.8008000000000002,1.8074000000000001,1.8089000000000002,1.8099,1.8101,1.8121,1.8143,1.8155000000000001,1.8173000000000001,1.8208000000000002,1.8272000000000002,1.828,1.8339,1.8389,1.8446,1.8546,1.8652000000000002,1.873,1.874,1.8759000000000001,1.8791,1.8874000000000002,1.8906,1.901,1.9073,1.9140000000000001,1.9173,1.931,1.9376,1.9562000000000002,1.9642000000000002,1.9661000000000002,1.9903000000000002,1.9914,1.9975,2.0119000000000002,2.0133,2.0202,2.0228,2.028,2.0517000000000003,2.052,2.0527,2.0539,2.0548,2.063,2.0728,2.0811,2.0824000000000003,2.1017,2.1023,2.1077,2.1083000000000003,2.1098,2.1115,2.1168,2.1185,2.1209000000000002,2.1219,2.1262000000000003,2.1285000000000003,2.1311,2.1403000000000003,2.1511,2.1644,2.1674,2.168,2.1682,2.1710000000000003,2.1797,2.1921,2.1946,2.1986,2.1996,2.2013000000000003,2.2198,2.2204,2.2278000000000002,2.2317,2.232,2.233,2.2459000000000002,2.2477,2.2551,2.2661000000000002,2.2703,2.2762000000000002,2.2774,2.2781000000000002,2.2808,2.2842000000000002,2.2926,2.3015000000000003,2.3299000000000003,2.3383000000000003,2.3412,2.3436,2.3631,2.3644000000000003,2.3661000000000003,2.3687,2.3697,2.3733,2.3890000000000002,2.3894,2.3897,2.3904,2.3951000000000002,2.3961,2.4036,2.4050000000000002,2.4116,2.4155,2.4229000000000003,2.4339,2.44,2.4434,2.4446000000000003,2.4474,2.4625,2.4647,2.4736000000000002,2.4857,2.4911000000000003,2.4975,2.5088,2.512,2.5192,2.524,2.5252000000000003,2.5274,2.5311,2.54,2.5529,2.5626,2.5658000000000003,2.5687,2.5731,2.5797000000000003,2.5809,2.5861,2.5908,2.604,2.6048,2.6064000000000003,2.6237,2.6260000000000003,2.6379,2.6479,2.6485000000000003,2.6496,2.6638,2.664,2.6790000000000003,2.6905,2.6909,2.7022,2.7045000000000003,2.7225,2.7235,2.7264,2.7392000000000003,2.7416,2.7419000000000002,2.7519,2.7711,2.7847,2.7854,2.7873,2.793,2.8016,2.8053000000000003,2.8075,2.8186,2.8296,2.8551,2.857,2.8601,2.8699000000000003,2.8758000000000004,2.9077,2.9108,2.9115,2.9242000000000004,2.9264,2.9558,2.9721,2.9756,2.9835000000000003,2.9861,2.9865,2.9932000000000003,3.0004,3.0194,3.0220000000000002,3.043,3.0466,3.0497,3.0507,3.0778000000000003,3.0782000000000003,3.0899,3.0968,3.1001000000000003,3.1042,3.1058000000000003,3.1289000000000002,3.1300000000000003,3.1327000000000003,3.1467,3.1470000000000002,3.1503,3.1565000000000003,3.1616,3.1778,3.1821,3.1868000000000003,3.1892,3.1904000000000003,3.1939,3.1963000000000004,3.2085000000000004,3.209,3.2116000000000002,3.2177000000000002,3.2197,3.2381,3.2422,3.2442,3.2657000000000003,3.2713,3.2744,3.2765,3.2800000000000002,3.289,3.3000000000000003,3.3193,3.3281,3.3366000000000002,3.3389,3.3394000000000004,3.3524000000000003,3.3601,3.3636000000000004,3.369,3.3767,3.3778,3.3912,3.3944,3.3952,3.4001,3.4074,3.4284000000000003,3.4481,3.4502,3.4525,3.4547000000000003,3.4602000000000004,3.4614000000000003,3.4736000000000002,3.4774000000000003,3.4859,3.5066,3.5124,3.5266,3.5504000000000002,3.5555000000000003,3.5623,3.5701,3.5738000000000003,3.5815,3.5819,3.5932000000000004,3.5999000000000003,3.6018000000000003,3.6065,3.6078,3.6133,3.6136000000000004,3.6257,3.6292,3.6474,3.6589,3.665,3.6737,3.6781,3.6845000000000003,3.6857,3.6944000000000004,3.6958,3.6975000000000002,3.6978,3.6988000000000003,3.7184000000000004,3.7202,3.7365000000000004,3.7675,3.7990000000000004,3.7997,3.8066,3.8087,3.8089000000000004,3.8111,3.8182,3.8357,3.8378,3.8411000000000004,3.8588,3.8592,3.8600000000000003,3.8624,3.8684000000000003,3.8985000000000003,3.9006000000000003,3.9048000000000003,3.9061000000000003,3.9084000000000003,3.9107000000000003,3.914,3.9143000000000003,3.9360000000000004,3.9400000000000004,3.9497,3.9532000000000003,3.9589000000000003,3.9619,3.9648000000000003,3.9672,3.9729,3.9757000000000002,3.9861,3.9874,3.9936000000000003,4.0075,4.014,4.0148,4.0181000000000004,4.035,4.0402000000000005,4.053,4.0576,4.0626,4.0661000000000005,4.0799,4.0817000000000005,4.0837,4.107200000000001,4.1126000000000005,4.1151,4.1166,4.1257,4.136,4.1426,4.1441,4.1566,4.1592,4.1649,4.1658,4.174300000000001,4.1770000000000005,4.185700000000001,4.1987000000000005,4.1989,4.2009,4.2188,4.2215,4.2222,4.2356,4.242500000000001,4.244400000000001,4.2488,4.259,4.2641,4.2659,4.2692000000000005,4.2743,4.2796,4.2858,4.2878,4.2895,4.2907,4.2957,4.3071,4.3083,4.3125,4.3161000000000005,4.3196,4.330900000000001,4.3539,4.3573,4.3601,4.361400000000001,4.3772,4.3781,4.389,4.390000000000001,4.3939,4.4058,4.4114,4.4129000000000005,4.4259,4.4291,4.4373000000000005,4.4387,4.4406,4.4446,4.452100000000001,4.4717,4.4825,4.4884,4.4928,4.4990000000000006,4.5036000000000005,4.5055000000000005,4.5067,4.5202,4.5221,4.5333000000000006,4.5441,4.5459000000000005,4.5487,4.553,4.5544,4.5591,4.5680000000000005,4.5742,4.5791,4.5857,4.5902,4.609100000000001,4.6093,4.609500000000001,4.6359,4.6403,4.6474,4.6572000000000005,4.6608,4.6675,4.6684,4.6798,4.681,4.684,4.6929,4.7072,4.7145,4.7279,4.7311000000000005,4.7338000000000005,4.7409,4.7481,4.7484,4.752800000000001,4.7925,4.7964,4.804600000000001,4.8094,4.8152,4.8159,4.8162,4.8399,4.8436,4.8505,4.857,4.859,4.8609,4.8658,4.8711,4.873600000000001,4.8881000000000006,4.9149,4.916,4.9339,4.9448,4.9481,4.9614,4.9632000000000005,4.9665,4.9717,4.9828,4.9915
84472:0.024200000000000003,0.0631,0.1017,0.1218,0.1542,0.19490000000000002,0.2059,0.2346,0.25370000000000004,0.30510000000000004,0.3114,0.3734,0.4297,0.4697,0.5087,0.5364,0.5702,0.5852,0.6412,0.6468,0.6875,0.7261000000000001,0.7548,0.804,0.8285,0.866,0.9065000000000001,0.9502,0.9660000000000001,0.9965,1.0228000000000002,1.0521,1.0791,1.1318000000000001,1.1369,1.1737,1.2089,1.2402,1.2778,1.3054000000000001,1.3536000000000001,1.3827,1.4339000000000002,1.4608,1.4966000000000002,1.5224,1.5607,1.5856000000000001,1.6262,1.6531,1.7019000000000002,1.7207000000000001,1.7646000000000002,1.7968000000000002,1.83,1.8684,1.8853000000000002,1.9164,1.9447,1.9700000000000002,1.9949000000000001,2.0245,2.0545,2.0834,2.1101,2.1439,2.178,2.2152000000000003,2.2501,2.2716000000000003,2.2956000000000003,2.326,2.3701000000000003,2.3872,2.4208000000000003,2.4587000000000003,2.4714,2.5100000000000002,2.5192,2.551,2.5863,2.6093,2.6420000000000003,2.6596,2.6921,2.7102,2.7504,2.7821000000000002,2.8058,2.8360000000000003,2.8683,2.9040000000000004,2.9387000000000003,2.9862,3.0324,3.0513000000000003,3.0932,3.1265,3.1595,3.1896,3.2208,3.2657000000000003,3.2715,3.3015000000000003,3.3258,3.3637,3.3843,3.4126000000000003,3.4599,3.4696000000000002,3.5013,3.5366,3.5859,3.6243000000000003,3.652,3.6941,3.7195,3.7374,3.7677,3.802,3.8093000000000004,3.8384,3.8627000000000002,3.8933,3.9252000000000002,3.9428,3.9764000000000004,4.0111,4.0342,4.1018,4.1067,4.1224,4.1623,4.2079,4.222,4.2536000000000005,4.2843,4.3108,4.3268,4.353000000000001,4.3844,4.4104,4.4548000000000005,4.4843,4.5289,4.5564,4.5909,4.6492,4.676,4.702500000000001,4.7289,4.7762,4.7819,4.8241000000000005,4.8632,4.9019,4.91,4.955
84520:4.3223
84804:0.08600000000000001,0.1337,0.3098,0.48360000000000003,0.5301,0.6013000000000001,0.8084,1.0289000000000001,1.0884,1.1876,1.4516,1.5316,1.5689000000000002,1.9334,2.0006,2.1139,2.1949,2.3282000000000003,2.5309,2.56,2.7174,2.7662,2.9094,3.0443000000000002,3.2073,3.306,3.4581,3.4814000000000003,3.5905,3.7001000000000004,3.729,3.8560000000000003,3.9036000000000004,3.9447,4.098,4.1648000000000005,4.196000000000001,4.3813,4.4457,4.6301000000000005,4.7423,4.8236,4.867500000000001
84883:0.028300000000000002,0.117,0.1869,0.2584,0.3297,0.4315,0.5636,2.5162,2.6623,3.1367000000000003,3.7006,3.9844000000000004,4.2226,4.3247
84993:2.4818000000000002
85065:0.0018000000000000002,0.0064,0.0068000000000000005,0.0193,0.024800000000000003,0.0285,0.0325,0.056900000000000006,0.0646,0.06910000000000001,0.0727,0.0843,0.0935,0.1078,0.1115,0.11230000000000001,0.1169,0.1173,0.1199,0.12760000000000002,0.12810000000000002,0.1391,0.1431,0.1476,0.1519,0.1567,0.165,0.16620000000000001,0.1772,0.1794,0.1829,0.1864,0.1894,0.18960000000000002,0.19310000000000002,0.1951,0.19840000000000002,0.2093,0.21300000000000002,0.2146,0.22240000000000001,0.2306,0.2369,0.2393,0.25120000000000003,0.2606,0.2661,0.2721,0.2755,0.2909,0.29510000000000003,0.30060000000000003,0.3221,0.3224,0.3336,0.3361,0.3382,0.3577,0.3628,0.37670000000000003,0.38270000000000004,0.4038,0.41000000000000003,0.4238,0.4328,0.454,0.46130000000000004,0.4636,0.4645,0.46940000000000004,0.47400000000000003,0.4844,0.4848,0.4927,0.49620000000000003,0.49920000000000003,0.5072,0.5102,0.5207,0.535,0.5511,0.5532,0.5627,0.5824,0.5902000000000001,0.5981000000000001,0.6049,0.6085,0.6123000000000001,0.617,0.6193000000000001,0.63,0.6322,0.6381,0.6482,0.6569,0.6631,0.6667000000000001,0.6748000000000001,0.676,0.6773,0.6817000000000001,0.6930000000000001,0.6948000000000001,0.7109000000000001,0.7275,0.7309,0.7315,0.7374,0.738,0.741,0.7431,0.7538,0.7772,0.7801,0.7808,0.7813,0.7862,0.7959,0.7974,0.8045,0.8136,0.8148000000000001,0.8183,0.8473,0.8581000000000001,0.8991,0.9002,0.9005000000000001,0.9042,0.9085000000000001,0.9248000000000001,0.9323,0.9333,0.9390000000000001,0.9511000000000001,0.9526,0.9771000000000001,0.9843000000000001,0.9870000000000001,0.9887,0.9898,0.9918,0.9925,1.0077,1.0165,1.0316,1.0415,1.0433000000000001,1.0441,1.0521,1.0666,1.0696,1.0713000000000001,1.075,1.0927,1.0952,1.0958,1.1029,1.1104,1.1177000000000001,1.1407,1.1416,1.1595,1.1666,1.1694,1.1884000000000001,1.1904000000000001,1.196,1.2062000000000002,1.2274,1.2287000000000001,1.2308000000000001,1.2372,1.2382,1.2466000000000002,1.2528000000000001,1.2594,1.2599,1.2713,1.2715,1.2785,1.2895,1.2916,1.3077,1.3274000000000001,1.3305,1.3427,1.3493000000000002,1.3593000000000002,1.3658000000000001,1.3716000000000002,1.381,1.3897000000000002,1.3919000000000001,1.4007,1.4051,1.4074,1.4119000000000002,1.4139000000000002,1.4149,1.4249,1.4261000000000001,1.4303000000000001,1.4355,1.4459,1.4467,1.4553,1.4588,1.4625000000000001,1.4808000000000001,1.4877,1.4916,1.4922,1.5033,1.5057,1.5098,1.5129000000000001,1.5153,1.5173,1.5602,1.5729,1.5807,1.587,1.589,1.5945,1.5952000000000002,1.5983,1.6037000000000001,1.6138000000000001,1.6159000000000001,1.6161,1.6216000000000002,1.6378000000000001,1.6380000000000001,1.639,1.6455000000000002,1.6517000000000002,1.6555,1.6593,1.6625,1.6664,1.6864000000000001,1.6891,1.6916,1.7001000000000002,1.7023000000000001,1.7077,1.7208,1.7456,1.7519,1.7553,1.7569000000000001,1.7584000000000002,1.7626000000000002,1.7651000000000001,1.7675,1.7697,1.7884,1.8045,1.8067000000000002,1.8083,1.8098,1.8117,1.8144,1.8158,1.8197,1.8258,1.8282,1.8288,1.8314000000000001,1.8482,1.8504,1.8519,1.8625,1.8643,1.8727,1.8808,1.8832,1.8844,1.8953,1.917,1.9284000000000001,1.9345,1.9406,1.9514,1.9519000000000002,1.9606000000000001,1.9612,1.9672,1.9766000000000001,1.9926000000000001,1.9936,1.9947000000000001,1.9983000000000002,2.0014000000000003,2.003,2.0076,2.0095,2.0116,2.0311,2.039,2.0583,2.064,2.0776,2.0827,2.0844,2.0869,2.099,2.0995,2.1026000000000002,2.1048,2.1121000000000003,2.1211,2.1241000000000003,2.1309,2.1425,2.1461,2.1621,2.1727000000000003,2.1747,2.1761,2.1898,2.1994000000000002,2.2082,2.2164,2.2184,2.2292,2.2496,2.2569,2.2797,2.2815000000000003,2.29,2.2943000000000002,2.3058,2.3116000000000003,2.3276,2.3324000000000003,2.3419000000000003,2.3463000000000003,2.3487,2.3495,2.3534,2.3545000000000003,2.3612,2.3714,2.373,2.3737,2.3851,2.3866,2.4034,2.4046000000000003,2.4108,2.4206000000000003,2.436,2.4491,2.4589000000000003,2.4695,2.4697,2.4717000000000002,2.4756,2.4867,2.4931,2.4976000000000003,2.5048,2.5122,2.5154,2.5164,2.5168,2.5177,2.5305,2.532,2.5387,2.5622000000000003,2.5682,2.571,2.5752,2.5838,2.5894,2.5896000000000003,2.5928,2.5993,2.6095,2.6127000000000002,2.6168,2.6193,2.6347,2.6436,2.6438,2.6714,2.6796,2.6910000000000003,2.697,2.6981,2.7004,2.712,2.7256,2.7317,2.7396000000000003,2.7474000000000003,2.7503,2.7680000000000002,2.7762000000000002,2.7841,2.7868,2.7885,2.7929,2.7951,2.8001,2.8133000000000004,2.8203,2.8239,2.8292,2.833,2.8343000000000003,2.8360000000000003,2.8392,2.8455,2.8507000000000002,2.8633,2.8703000000000003,2.8782,2.8791,2.8793,2.8953,2.8988,2.9003,2.9053,2.918,2.9216,2.922,2.9415,2.9517,2.9591000000000003,2.9813,2.9908,3.0007,3.0072,3.0248,3.0261,3.0328,3.0423,3.0481000000000003,3.0491,3.0565,3.0593000000000004,3.0615,3.0631,3.0673000000000004,3.0759000000000003,3.0787,3.0806,3.0845000000000002,3.1093,3.116,3.1172,3.1180000000000003,3.1202,3.1239000000000003,3.1358,3.1455,3.148,3.1561000000000003,3.1670000000000003,3.1705,3.1714,3.1799,3.1821,3.1827,3.1948000000000003,3.2119,3.2131000000000003,3.2178,3.2229,3.234,3.2487000000000004,3.2492,3.2684,3.285,3.2928,3.2938,3.2986,3.3015000000000003,3.3143000000000002,3.3168,3.3178,3.3248,3.327,3.3279,3.3282000000000003,3.3302,3.3341000000000003,3.3438000000000003,3.3469,3.3583000000000003,3.3692,3.3709000000000002,3.3874,3.3947000000000003,3.4107000000000003,3.4306,3.4334000000000002,3.4422,3.4429000000000003,3.4509000000000003,3.4658,3.4766000000000004,3.4826,3.4845,3.4869000000000003,3.4915000000000003,3.4917000000000002,3.4956,3.5031000000000003,3.5077000000000003,3.5104,3.5130000000000003,3.5156,3.5239000000000003,3.5338000000000003,3.5352,3.5357000000000003,3.5549,3.5572000000000004,3.5711000000000004,3.5844,3.5945,3.6214,3.6248,3.6325000000000003,3.6339,3.6341,3.6431,3.6462000000000003,3.6465,3.6474,3.6533,3.6646,3.6969000000000003,3.7452,3.7521,3.7576,3.7731000000000003,3.8016,3.8107,3.8176,3.8219000000000003,3.8400000000000003,3.8447,3.8449,3.8455000000000004,3.8477,3.8491,3.8567,3.8686000000000003,3.8717,3.8737000000000004,3.8741000000000003,3.8894,3.9113,3.9245,3.9265000000000003,3.9301000000000004,3.9307000000000003,3.9327,3.9377,3.9397,3.9602000000000004,3.9613,3.9653,3.9666,3.9682000000000004,3.9712,3.9841,4.0027,4.005,4.0219000000000005,4.0403,4.0419,4.0463000000000005,4.0472,4.0613,4.0706,4.0774,4.0896,4.1009,4.1036,4.1102,4.1225000000000005,4.1311,4.1411,4.1422,4.1445,4.148000000000001,4.1555,4.1561,4.1572000000000005,4.166300000000001,4.1672,4.1752,4.1939,4.1999,4.2106,4.2134,4.2176,4.2222,4.2238,4.2271,4.2295,4.2311000000000005,4.2357000000000005,4.244,4.2465,4.252,4.2536000000000005,4.254300000000001,4.256600000000001,4.2819,4.282500000000001,4.3079,4.3085,4.315,4.3287,4.3296,4.3311,4.3371,4.3486,4.3513,4.3786000000000005,4.3917,4.3981,4.402,4.4122,4.4137,4.4303,4.4316,4.4346000000000005,4.4369000000000005,4.449,4.455900000000001,4.4584,4.4588,4.4638,4.466,4.4687,4.4731000000000005,4.4812,4.4882,4.4885,4.5073,4.5094,4.5243,4.5423,4.5528,4.554,4.563400000000001,4.5659,4.5693,4.5826,4.583200000000001,4.5852,4.5858,4.5866,4.591600000000001,4.5952,4.6044,4.6148,4.6211,4.6252,4.6431000000000004,4.6588,4.6684,4.6724000000000006,4.6734,4.6795,4.6967,4.7032,4.728000000000001,4.7297,4.7363,4.7441,4.7458,4.7521,4.7588,4.7656,4.7673000000000005,4.7698,4.7753000000000005,4.7789,4.784800000000001,4.7894000000000005,4.791,4.8005,4.8007,4.8029,4.803100000000001,4.8144,4.8155,4.8292,4.829400000000001,4.8367,4.8387,4.8754,4.8758,4.8841,4.8924,4.8944,4.9175,4.9247000000000005,4.9350000000000005,4.9569,4.9634,4.9692,4.9789,4.9817,4.987,4.992100000000001,4.9954,4.9991,4.9995
85369:0.272,0.6363,0.8738,1.0946,1.2139,1.3313000000000001,1.7403000000000002,2.0644,2.4267000000000003,3.2619000000000002,3.3203,3.3646000000000003,3.9869000000000003,4.3586,4.4606,4.7424,4.8114
85900:0.442,1.211,2.1253
86266:0.2743,2.0577,3.2643,4.8045
86580:0.1268,0.2333,0.2746,0.8737,1.0952,1.216,1.333,1.7402000000000002,2.0633,2.4264,2.8158000000000003,3.2633,3.3626,3.8684000000000003,3.9866,4.362,4.4615,4.7423,4.8115000000000006
86657:0.0349,0.11620000000000001,0.15230000000000002,0.18910000000000002,0.22,0.2579,0.3247,0.5127,0.623,0.6883,0.8301000000000001,0.9065000000000001,0.9555,0.9967,1.0549,1.1235,1.2477,1.2811000000000001,1.4078000000000002,1.5150000000000001,1.768,1.8392000000000002,1.8754000000000002,2.0017,2.1124,2.1801,2.2586,2.5021,2.5214000000000003,2.6189,2.6699,2.791,2.8571,3.0028,3.2668000000000004,3.3481,3.3805,3.5373,3.7668000000000004,3.8223000000000003,3.8588,3.9568000000000003,3.9799,4.161700000000001,4.2213,4.3098,4.4528,4.6017,4.7953,4.8619
87026:0.0845,0.1145,0.19460000000000002,0.2516,0.2841,0.3352,0.3614,0.39490000000000003,0.4409,0.4827,0.5131,0.551,0.5757,0.6099,0.654,0.7311000000000001,0.8177000000000001,0.8704000000000001,0.8897,0.9276000000000001,0.9766,1.0096,1.0584,1.1151,1.1411,1.1881000000000002,1.2161,1.3127,1.3541,1.3881000000000001,1.4225,1.4659,1.5099,1.5539,1.6065,1.6291,1.669,1.7025000000000001,1.7457,1.7754,1.8507,1.8902,1.9122000000000001,1.9732,2.0033000000000003,2.0458000000000003,2.1039,2.1310000000000002,2.1737,2.2136,2.2585,2.2805,2.3168,2.3738,2.4274,2.463,2.4799,2.5166,2.5374000000000003,2.5824000000000003,2.6135,2.6427,2.6713,2.7,2.7569000000000004,2.7845,2.8752,2.9548,2.9848000000000003,3.0267,3.0551,3.1306000000000003,3.1635,3.1993,3.2387,3.2857000000000003,3.3204000000000002,3.4227000000000003,3.4616000000000002,3.5032,3.5422000000000002,3.5715000000000003,3.628,3.6607000000000003,3.7055000000000002,3.7188000000000003,3.7629,3.8479,3.8763,3.9256,3.9565,3.9916,4.0461,4.0731,4.1045,4.141,4.168200000000001,4.2074,4.2269000000000005,4.2694,4.3754,4.4292,4.4862,4.5721,4.5993,4.6532,4.7006000000000006,4.7492,4.86,4.9417,4.9828
87039:0.0077,0.019700000000000002,0.0426,0.046200000000000005,0.054400000000000004,0.0665,0.0734,0.0853,0.09050000000000001,0.096,0.0978,0.1043,0.1075,0.1301,0.1444,0.1458,0.153,0.161,0.1835,0.1837,0.18960000000000002,0.20220000000000002,0.21830000000000002,0.22640000000000002,0.2303,0.2349,0.2376,0.248,0.2546,0.2621,0.26330000000000003,0.26530000000000004,0.2712,0.2781,0.2866,0.2871,0.2911,0.2928,0.312,0.32380000000000003,0.3255,0.33190000000000003,0.3342,0.33740000000000003,0.3393,0.34290000000000004,0.36150000000000004,0.3758,0.39880000000000004,0.39990000000000003,0.40280000000000005,0.4056,0.4111,0.41340000000000005,0.42050000000000004,0.4292,0.43410000000000004,0.44730000000000003,0.45020000000000004,0.4554,0.46940000000000004,0.4863,0.49100000000000005,0.5053,0.5158,0.5192,0.5238,0.5278,0.5343,0.5347000000000001,0.5368,0.5463,0.548,0.557,0.5613,0.5628000000000001,0.5660000000000001,0.5831000000000001,0.5856,0.5874,0.5878,0.5934,0.6198,0.6247,0.6268,0.6315000000000001,0.6321,0.6384000000000001,0.6395000000000001,0.6426000000000001,0.6695,0.6756,0.6834,0.6931,0.6937,0.7003,0.7061000000000001,0.7166,0.7186,0.7281000000000001,0.7313000000000001,0.7339,0.7412000000000001,0.7551,0.77,0.8016000000000001,0.8065,0.8105,0.8186,0.8192,0.8205,0.8258000000000001,0.8314,0.8397,0.8423,0.8451000000000001,0.8491000000000001,0.8517,0.8613000000000001,0.8639,0.8743000000000001,0.8834000000000001,0.8851,0.8864000000000001,0.8868,0.8905000000000001,0.8929,0.8978,0.9026000000000001,0.9062,0.9066000000000001,0.9262,0.9287000000000001,0.9314,0.9474,0.9520000000000001,0.9635,0.9831000000000001,0.9845,0.9886,0.9891000000000001,1.012,1.0172,1.0174,1.0187,1.026,1.0262,1.0397,1.044,1.0522,1.0611000000000002,1.0655000000000001,1.0662,1.0704,1.0928,1.1004,1.1062,1.1071,1.1078000000000001,1.1152,1.1334,1.1386,1.1473,1.1497,1.1529,1.1561000000000001,1.1806,1.1921000000000002,1.1944000000000001,1.1952,1.1974,1.198,1.2019,1.2035,1.2103000000000002,1.2164000000000001,1.2228,1.2256,1.2495,1.2545000000000002,1.2552,1.2604,1.2612,1.2619,1.2654,1.2664,1.2694,1.2814,1.2903,1.2972000000000001,1.3237,1.3256000000000001,1.3258,1.3264,1.3337,1.3457000000000001,1.3598000000000001,1.3671,1.3719000000000001,1.3859000000000001,1.3893,1.3926,1.393,1.4113,1.4162000000000001,1.4166,1.4205,1.4231,1.449,1.4625000000000001,1.4912,1.5015,1.5089000000000001,1.5116,1.5181,1.5295,1.532,1.5344,1.5366,1.5469000000000002,1.5482,1.5550000000000002,1.5615,1.5703,1.5864,1.5889,1.6003,1.6055000000000001,1.6058000000000001,1.6211,1.6213000000000002,1.6297000000000001,1.6335000000000002,1.6366,1.647,1.6486,1.6509,1.6539000000000001,1.6568,1.6698000000000002,1.6762000000000001,1.6767,1.6979000000000002,1.7002000000000002,1.7086000000000001,1.7097,1.7234,1.724,1.7242000000000002,1.7321,1.7345000000000002,1.7362000000000002,1.7375,1.7583,1.7590000000000001,1.7636,1.7707000000000002,1.7756,1.7758,1.7816,1.7846000000000002,1.7893000000000001,1.792,1.7927000000000002,1.7983,1.8032000000000001,1.8046,1.8411000000000002,1.8423,1.8532000000000002,1.8688,1.8892,1.9091,1.9135000000000002,1.9199000000000002,1.9251,1.9367,1.9446,1.9461000000000002,1.9463000000000001,1.9542000000000002,1.9709,1.9740000000000002,1.9841000000000002,1.9918,1.9939,2.0049,2.0117000000000003,2.0165,2.0231,2.0308,2.0317000000000003,2.032,2.0343,2.036,2.0365,2.0392,2.0408,2.0423,2.0478,2.0515,2.0654,2.0722,2.0915,2.1001000000000003,2.1083000000000003,2.1104000000000003,2.1116,2.1124,2.1141,2.12,2.1347,2.1351,2.1488,2.1597,2.1618,2.1727000000000003,2.1759,2.1909,2.2035,2.2125,2.2136,2.2258,2.226,2.2506,2.2524,2.2629,2.2678000000000003,2.2784,2.2811,2.2922000000000002,2.3005,2.3109,2.3372,2.3442000000000003,2.3538,2.3607,2.3635,2.3681,2.3765,2.3793,2.38,2.386,2.3868,2.395,2.3984,2.3995,2.4090000000000003,2.4214,2.432,2.4381,2.4457,2.4522,2.4527,2.455,2.4602,2.4645,2.4656000000000002,2.4691,2.4695,2.4794,2.484,2.4898000000000002,2.4913000000000003,2.4930000000000003,2.495,2.5047,2.5129,2.5133,2.5149,2.5178000000000003,2.5473000000000003,2.5475000000000003,2.5516,2.5637000000000003,2.5727,2.5795,2.5878,2.5929,2.5961000000000003,2.5987,2.6069,2.6124,2.6132,2.6137,2.615,2.6165000000000003,2.6180000000000003,2.619,2.6195,2.628,2.6287000000000003,2.6289000000000002,2.6323000000000003,2.6443000000000003,2.6649000000000003,2.6653000000000002,2.6661,2.6679,2.6921,2.6943,2.6989,2.7021,2.7133000000000003,2.718,2.7184,2.7233,2.7247000000000003,2.7418,2.744,2.7451000000000003,2.7573000000000003,2.7638000000000003,2.7763,2.7965,2.7968,2.8132,2.8237,2.8240000000000003,2.83,2.8385000000000002,2.8473,2.8573,2.8613,2.8689,2.8777,2.9084000000000003,2.9117,2.9152,2.9155,2.9214,2.9251,2.9285,2.9287,2.9306,2.9445,2.9529,2.9741,2.9876,2.9914,2.9945,3.0031000000000003,3.0037000000000003,3.0232,3.0273000000000003,3.0282,3.0330000000000004,3.0346,3.0468,3.0583,3.0649,3.0697,3.0763000000000003,3.0767,3.0846,3.0854000000000004,3.0892,3.0942000000000003,3.1034,3.1113,3.1143,3.1276,3.1325000000000003,3.1369000000000002,3.1394,3.1502000000000003,3.1595,3.1621,3.1675,3.1731000000000003,3.1799,3.1802,3.1872000000000003,3.2047000000000003,3.2049000000000003,3.2086,3.2148000000000003,3.2234000000000003,3.2286,3.2308000000000003,3.2317,3.2421,3.2513,3.2758000000000003,3.2846,3.3076000000000003,3.3243,3.3431,3.3447,3.3453,3.3472,3.3482000000000003,3.3544,3.3607,3.3618,3.3643,3.367,3.3692,3.374,3.3774,3.3791,3.387,3.3892,3.3961,3.4428,3.4638,3.4749000000000003,3.4899,3.492,3.496,3.5028,3.5084,3.5135,3.5227000000000004,3.5277000000000003,3.5335,3.5608,3.5752,3.583,3.5842,3.5871,3.6042,3.6129000000000002,3.6140000000000003,3.6387,3.6482,3.6515,3.6580000000000004,3.6583,3.6655,3.6689000000000003,3.6705,3.6729000000000003,3.6764,3.6793,3.689,3.6898,3.7156000000000002,3.7185,3.7189,3.7191,3.7216,3.7243000000000004,3.7296,3.7349,3.7352000000000003,3.7487000000000004,3.7514000000000003,3.7523,3.7536,3.7581,3.7594000000000003,3.7748000000000004,3.7757,3.7769000000000004,3.7912000000000003,3.7953,3.7990000000000004,3.8133000000000004,3.8169000000000004,3.8251000000000004,3.8353,3.8416,3.8506,3.8533000000000004,3.8559,3.8640000000000003,3.87,3.8748,3.8806000000000003,3.8941000000000003,3.8945000000000003,3.8973,3.9155,3.9161,3.9181000000000004,3.9240000000000004,3.9268,3.9313000000000002,3.9359,3.9436,3.9461000000000004,3.9586,3.9593000000000003,3.9598,3.9639,3.9726000000000004,3.9796,4.004700000000001,4.006600000000001,4.0068,4.0081,4.008500000000001,4.0124,4.0184,4.0251,4.027200000000001,4.0422,4.0589,4.0709,4.0732,4.0885,4.1032,4.1039,4.1104,4.1128,4.1193,4.1241,4.1261,4.1381000000000006,4.139600000000001,4.1486,4.154,4.1619,4.1679,4.1756,4.1864,4.1936,4.196000000000001,4.2034,4.2071000000000005,4.2119,4.2293,4.2415,4.2542,4.2628,4.2678,4.2737,4.2795000000000005,4.2874,4.2903,4.293200000000001,4.2935,4.2943,4.2971,4.3122,4.3135,4.316,4.3318,4.335100000000001,4.337000000000001,4.345000000000001,4.3459,4.357200000000001,4.3654,4.3885000000000005,4.389,4.3968,4.3981,4.4187,4.423500000000001,4.4428,4.4673,4.4679,4.4682,4.4696,4.470400000000001,4.4751,4.480700000000001,4.4866,4.4942,4.4990000000000006,4.5022,4.505,4.5131000000000006,4.5159,4.5163,4.5175,4.5189,4.5316,4.534400000000001,4.5355,4.5433,4.5443,4.5494,4.550800000000001,4.5522,4.554600000000001,4.5557,4.5596000000000005,4.5704,4.5717,4.575200000000001,4.5901000000000005,4.593,4.6044,4.607,4.6106,4.6112,4.6187000000000005,4.6272,4.6363,4.6433,4.6469000000000005,4.6538,4.654,4.6558,4.6605,4.6774000000000004,4.6879,4.7018,4.707,4.7161,4.7218,4.7251,4.7435,4.7538,4.7592,4.7633,4.764200000000001,4.7682,4.7700000000000005,4.7752,4.7805,4.7822000000000005,4.7833000000000006,4.7856000000000005,4.7888,4.7931,4.7998,4.808,4.8109,4.8123000000000005,4.8239,4.8281,4.8521,4.8559,4.8676,4.8696,4.8738,4.8787,4.8894,4.893800000000001,4.9085,4.9145,4.9186000000000005,4.926200000000001,4.9331000000000005,4.939,4.944100000000001,4.9522,4.980300000000001,4.9847,4.9924,4.9961
87693:0.2918,1.0069000000000001,1.4186,3.057,3.3707000000000003,4.5949
87747:0.093,0.11950000000000001,0.2866,0.3618,0.4449,0.5155000000000001,0.559,0.6125,0.7093,0.7367,0.8237,0.8893000000000001,1.0653000000000001,1.1409,1.2174,1.2859,1.3587,1.3954,1.4708,1.5108000000000001,1.5564,1.6275000000000002,1.6993,1.8919000000000001,1.9169,2.0075000000000003,2.1318,2.2611,2.2821000000000002,2.4661,2.4818000000000002,2.5394,2.6447000000000003,2.704,2.7841,2.982,3.0574000000000003,3.2032000000000003,3.2449000000000003,3.2912000000000003,3.3651,3.4639,3.5488,3.619,3.6683000000000003,3.7666000000000004,3.7932,3.8777000000000004,3.9570000000000003,4.0541,4.1097,4.1452,4.1756,4.2251,4.3583,4.3863,4.4649,4.4938,4.660200000000001,4.8943,4.9843
88027:0.0008,0.001,0.0029000000000000002,0.008,0.0088,0.015300000000000001,0.023200000000000002,0.039400000000000004,0.04,0.050800000000000005,0.0645,0.0726,0.0766,0.08080000000000001,0.08710000000000001,0.08800000000000001,0.0901,0.09330000000000001,0.09570000000000001,0.09720000000000001,0.10650000000000001,0.10990000000000001,0.1129,0.1177,0.1325,0.13490000000000002,0.1426,0.14800000000000002,0.1501,0.1515,0.15810000000000002,0.15960000000000002,0.1703,0.1791,0.18080000000000002,0.187,0.1925,0.1962,0.2056,0.2099,0.2112,0.2114,0.2129,0.2169,0.2272,0.2291,0.23070000000000002,0.23220000000000002,0.23440000000000003,0.2743,0.2959,0.2995,0.2999,0.3012,0.30510000000000004,0.30770000000000003,0.3088,0.31220000000000003,0.3247,0.327,0.33240000000000003,0.3332,0.3453,0.3554,0.3593,0.36050000000000004,0.36310000000000003,0.372,0.37560000000000004,0.39380000000000004,0.39580000000000004,0.40640000000000004,0.41450000000000004,0.42100000000000004,0.4269,0.431,0.43160000000000004,0.43320000000000003,0.44260000000000005,0.454,0.45840000000000003,0.48260000000000003,0.4924,0.49350000000000005,0.496,0.5016,0.5037,0.511,0.5182,0.52,0.5212,0.5285000000000001,0.5387000000000001,0.5505,0.5636,0.5728,0.5839,0.5863,0.5865,0.5924,0.5974,0.6041000000000001,0.6071000000000001,0.6103000000000001,0.6132000000000001,0.619,0.6231,0.653,0.6609,0.6614,0.6672,0.6835,0.6877,0.6916,0.6941,0.6982,0.7019000000000001,0.7093,0.7210000000000001,0.7233,0.7329,0.7499,0.7528,0.7532,0.7563000000000001,0.7627,0.7649,0.766,0.7664000000000001,0.7727,0.775,0.7757000000000001,0.7903,0.8038000000000001,0.8062,0.8245,0.8263,0.8313,0.8337,0.8561000000000001,0.8618,0.8659,0.8666,0.8674000000000001,0.8676,0.8972,0.9009,0.9052,0.9099,0.9344,0.9371,0.9453,0.9483,0.9536,0.9581000000000001,0.9598000000000001,0.9710000000000001,0.9747,0.9790000000000001,0.9848,0.9897,0.9952000000000001,1.0039,1.0073,1.0154,1.0191000000000001,1.0205,1.0476,1.0488,1.0494,1.0512000000000001,1.06,1.0641,1.0665,1.076,1.0801,1.0843,1.0914000000000001,1.0932,1.0995000000000001,1.1161,1.1168,1.12,1.1214,1.1249,1.1272,1.1374,1.1473,1.1507,1.1514,1.1608,1.1613,1.1812,1.1916,1.2013,1.2034,1.2075,1.2116,1.217,1.2216,1.2245000000000001,1.2368000000000001,1.247,1.2472,1.2576,1.2668000000000001,1.2681,1.2721,1.2769000000000001,1.2810000000000001,1.2853,1.2873,1.2893000000000001,1.2958,1.3087,1.3111000000000002,1.3195000000000001,1.3203,1.3219,1.3364,1.351,1.3526,1.3625,1.3635000000000002,1.3747,1.3752,1.3766,1.3861,1.3986,1.4041000000000001,1.4185,1.4672,1.4695,1.471,1.4734,1.4869,1.4907000000000001,1.4934,1.4938,1.5093,1.5278,1.5430000000000001,1.5504,1.5661,1.5677,1.5701,1.5852000000000002,1.5964,1.6027,1.6074000000000002,1.6113000000000002,1.6188,1.6214000000000002,1.6224,1.6314000000000002,1.6668,1.6674,1.6837,1.687,1.7022000000000002,1.7079,1.7151,1.7232,1.7328000000000001,1.7429000000000001,1.7436,1.7562,1.7579,1.7588000000000001,1.7607000000000002,1.762,1.7654,1.7678,1.7743,1.7791000000000001,1.7855,1.7871000000000001,1.7909000000000002,1.798,1.8021,1.8068000000000002,1.818,1.8187,1.8204,1.8229000000000002,1.8263,1.834,1.8358,1.8361,1.8458,1.8637000000000001,1.8681,1.8708,1.8765,1.8775000000000002,1.8799000000000001,1.8828,1.8863,1.8889,1.8923,1.8934000000000002,1.9004,1.9012,1.9103,1.9501000000000002,1.9765000000000001,1.9787000000000001,1.9861000000000002,1.9863000000000002,1.9897,1.9979,1.9987000000000001,2.0021,2.0079000000000002,2.0097,2.0171,2.0271,2.0294000000000003,2.0468,2.0519000000000003,2.0521000000000003,2.0552,2.0648,2.0722,2.0847,2.0937,2.0951,2.1060000000000003,2.1228000000000002,2.1263,2.1453,2.1537,2.1569000000000003,2.1687000000000003,2.1705,2.1759,2.194,2.1976,2.2016,2.2042,2.2113,2.2158,2.2274000000000003,2.2383,2.2397,2.2404,2.2512000000000003,2.2561,2.2696,2.2724,2.2761,2.2804,2.2942,2.2957,2.2974,2.3053,2.3136,2.314,2.3152,2.3281,2.3322000000000003,2.3438000000000003,2.3448,2.3485,2.3501000000000003,2.3557,2.3563,2.3782,2.4101,2.4177,2.4261,2.4341,2.4347000000000003,2.442,2.4490000000000003,2.4535,2.4556,2.4582,2.4651,2.4815,2.4953000000000003,2.4959000000000002,2.4996,2.5086,2.5197000000000003,2.5233000000000003,2.5344,2.5383,2.5387,2.5528,2.5544000000000002,2.564,2.5928,2.5974,2.6044,2.6141,2.617,2.6180000000000003,2.6262000000000003,2.6305,2.6367000000000003,2.6442,2.6534,2.6608,2.6631,2.6645000000000003,2.6653000000000002,2.6724,2.6728,2.6772,2.6897,2.6934,2.7189,2.7194000000000003,2.7213000000000003,2.7294,2.738,2.7572,2.7656,2.7676000000000003,2.7680000000000002,2.7763,2.7777000000000003,2.7829,2.7837,2.7851000000000004,2.7944,2.7974,2.7995,2.8183000000000002,2.8191,2.8363,2.8455,2.8525,2.8532,2.8596,2.8631,2.878,2.8909000000000002,2.8920000000000003,2.8937,2.9065000000000003,2.9142,2.9396,2.9474,2.9610000000000003,2.9756,2.9772000000000003,2.9793000000000003,2.9805,2.9833000000000003,2.9888000000000003,2.9929,3.008,3.0121,3.0254000000000003,3.0343,3.0359000000000003,3.0399000000000003,3.0409,3.0453,3.0739,3.0747,3.0855,3.1191,3.1227,3.1264000000000003,3.1398,3.1957,3.1989,3.2168,3.2239,3.2258,3.2351,3.2393,3.2396000000000003,3.2430000000000003,3.2469,3.2521,3.2525,3.2577000000000003,3.2592000000000003,3.2630000000000003,3.2876000000000003,3.2995,3.302,3.3029,3.3302,3.3386,3.3454,3.3542,3.3574,3.3651,3.3849,3.3969,3.406,3.4191000000000003,3.4211,3.4292000000000002,3.4296,3.4382,3.4395000000000002,3.447,3.4658,3.4706,3.4752,3.4890000000000003,3.4944,3.5076,3.5079000000000002,3.5139,3.5172000000000003,3.5220000000000002,3.5224,3.5226,3.5295,3.5330000000000004,3.5439000000000003,3.5448,3.5555000000000003,3.5609,3.5706,3.5714,3.5789,3.5832,3.5836,3.5886,3.5909,3.5928,3.5954,3.6106000000000003,3.6184000000000003,3.6303,3.6334,3.6353,3.6408,3.6459,3.6581,3.6584000000000003,3.6644,3.6663,3.6698000000000004,3.6814,3.6932,3.7435,3.7518000000000002,3.7611000000000003,3.7670000000000003,3.7689000000000004,3.7727000000000004,3.7759,3.7795,3.7802000000000002,3.8037,3.8042000000000002,3.8129000000000004,3.8204000000000002,3.8212,3.8246,3.8279,3.8288,3.8294,3.8316000000000003,3.8347,3.8487,3.8501000000000003,3.8503000000000003,3.8518000000000003,3.8584,3.8594000000000004,3.8689,3.8894,3.8943000000000003,3.9015,3.9048000000000003,3.9149000000000003,3.9187000000000003,3.9254000000000002,3.9535,3.9694000000000003,3.9742,3.9781,3.9856000000000003,4.0076,4.0343,4.0385,4.0524000000000004,4.0526,4.0582,4.0622,4.0702,4.0875,4.0892,4.0913,4.0961,4.0987,4.1022,4.1124,4.1129,4.1174,4.1204,4.1208,4.125900000000001,4.135,4.1448,4.1472,4.1543,4.1588,4.172000000000001,4.1794,4.1833,4.1891,4.2068,4.213900000000001,4.2167,4.2277000000000005,4.2282,4.2331,4.2371,4.2481,4.2611,4.2629,4.2659,4.2733,4.2805,4.2818000000000005,4.2887,4.2894000000000005,4.291300000000001,4.3278,4.3291,4.3378000000000005,4.3394,4.3502,4.3517,4.367100000000001,4.375500000000001,4.3851,4.3863,4.3889000000000005,4.3948,4.4062,4.408,4.409,4.4133000000000004,4.4145,4.4177,4.419700000000001,4.4211,4.4309,4.4383,4.4491000000000005,4.460500000000001,4.4669,4.469,4.4712000000000005,4.4801,4.485,4.4926,4.502800000000001,4.504700000000001,4.5054,4.5126,4.5133,4.5173000000000005,4.5198,4.5242,4.5557,4.562,4.5643,4.5763,4.579000000000001,4.5827,4.5982,4.5986,4.5988,4.6052,4.6059,4.6129,4.6211,4.6277,4.645700000000001,4.653700000000001,4.6577,4.6741,4.6864,4.6904,4.6935,4.7029000000000005,4.7109000000000005,4.7151000000000005,4.7317,4.7325,4.7328,4.7342,4.739,4.7441,4.7647,4.7675,4.776400000000001,4.7865,4.7887,4.7892,4.7923,4.7939,4.8103,4.8183,4.827100000000001,4.8517,4.8547,4.8643,4.871700000000001,4.8745,4.877000000000001,4.8883,4.893,4.8956,4.8989,4.8998,4.9161,4.9191,4.9241,4.9343,4.9401,4.9627,4.964700000000001,4.9947,4.996,4.997
89032:2.1421
89225:0.0839,0.17,0.2772,0.43410000000000004,0.5355,0.6783,0.7639,0.8615,0.9045000000000001,0.9766,1.0602,1.1594,1.2052,1.2717,1.3947,1.4258000000000002,1.5617,1.6813,1.7373,1.7810000000000001,1.9343000000000001,2.0153000000000003,2.0472,2.1169000000000002,2.1597,2.2604,2.2982,2.3637,2.4696000000000002,2.5251,2.5653,2.6254,2.7387,2.7824,2.8458,2.9896000000000003,3.0499,3.1027,3.1685000000000003,3.2718000000000003,3.3533,3.466,3.5465,3.6027,3.6785,3.7348000000000003,3.8069,3.8562000000000003,3.9086000000000003,4.0419,4.1643,4.2233,4.2851,4.3426,4.4581,4.5269,4.5819,4.7477,4.826700000000001,4.8986,4.9918000000000005
89378:0.2574,2.6907
89389:1.2142000000000002,1.4302000000000001,2.1283000000000003,2.5323,3.0554,4.5921
89414:0.023700000000000002,0.1107,0.1393,0.1781,0.2222,0.24860000000000002,0.32370000000000004,0.37460000000000004,0.4263,0.557,0.5862,0.6432,0.6908000000000001,0.7531,0.8041,0.8460000000000001,0.9049,0.9588000000000001,0.9758,1.0476,1.1024,1.1703000000000001,1.2508000000000001,1.2789000000000001,1.4008,1.4477,1.6152,1.6486,1.7181000000000002,1.8272000000000002,1.8673000000000002,1.9340000000000002,1.9872,2.0925000000000002,2.1404,2.2003,2.2479,2.2845,2.3243,2.4049,2.4676,2.504,2.5826000000000002,2.6203000000000003,2.6551,2.6878,2.7449000000000003,2.7987,2.8599,2.9893,3.0919000000000003,3.1261,3.2143,3.2680000000000002,3.329,3.3795,3.4105000000000003,3.5412000000000003,3.6470000000000002,3.6937,3.7384000000000004,3.7646,3.8076000000000003,3.8552000000000004,3.9384,3.9714,4.0307,4.1096,4.1503000000000005,4.208,4.2503,4.3219,4.3658,4.4076,4.4635,4.5131000000000006,4.5555,4.649,4.6778,4.722,4.7769,4.8786000000000005,4.907,4.9997
89802:0.9388000000000001,1.2113,2.5257,2.9749000000000003,3.4701,4.0701,4.1299,4.8391
90229:1.2148,1.6963000000000001,1.792,2.1696,2.7944,3.0043,3.0608,3.366,3.6188000000000002,4.2967,4.7786
90242:0.0261,0.0591,0.1121,0.1799,0.2006,0.25680000000000003,0.3038,0.3824,0.44120000000000004,0.5016,0.6486000000000001,0.6873,0.751,0.8022,0.8638,0.9053,0.9600000000000001,0.9961000000000001,1.0477,1.1014000000000002,1.1369,1.2061,1.2733,1.3006,1.3589,1.4031,1.4343000000000001,1.4866000000000001,1.5322,1.6226,1.7471,1.8645,1.8937000000000002,1.9341000000000002,1.998,2.1049,2.1405000000000003,2.1786000000000003,2.2137000000000002,2.2648,2.3441,2.3794,2.4221,2.5098000000000003,2.5485,2.5827,2.6697,2.6923,2.7768,2.8132,2.8589,2.9134,2.9881,3.0267,3.0897,3.1321000000000003,3.1648,3.2457000000000003,3.2799,3.3440000000000003,3.3815,3.4132000000000002,3.4607,3.5395000000000003,3.5933,3.6630000000000003,3.8039,3.8527,3.8806000000000003,3.9499000000000004,3.9802000000000004,4.0299000000000005,4.0707,4.1709000000000005,4.2172,4.2545,4.2866,4.346900000000001,4.407500000000001,4.4507,4.5253000000000005,4.6092,4.6501,4.7251,4.7774,4.8781,4.9095,4.9503,4.9985
90602:0.09340000000000001,0.9131,0.9838,1.2117,1.4295,1.5688,1.7867000000000002,2.0531,2.1258,2.2688,2.4763,2.5327,2.6346000000000003,2.787,3.0558,3.1791,3.4744,3.6116,3.7418,3.8671,4.0544,4.5899
90678:1.219,1.437,2.1311,2.5423,4.601100000000001
90729:2.4714
90781:0.9345
90959:0.0028,0.0143,0.0158,0.0279,0.040400000000000005,0.0419,0.0456,0.046400000000000004,0.050800000000000005,0.0702,0.0758,0.0819,0.0863,0.0897,0.09000000000000001,0.10020000000000001,0.111,0.1335,0.1391,0.16770000000000002,0.1726,0.18080000000000002,0.18810000000000002,0.19010000000000002,0.2003,0.2005,0.20140000000000002,0.20750000000000002,0.21230000000000002,0.21280000000000002,0.21630000000000002,0.21710000000000002,0.21980000000000002,0.22820000000000001,0.2353,0.2366,0.2457,0.252,0.2611,0.2733,0.2892,0.29450000000000004,0.3003,0.3007,0.3045,0.3055,0.30810000000000004,0.31720000000000004,0.3229,0.3331,0.3609,0.3648,0.368,0.3685,0.37170000000000003,0.3735,0.37420000000000003,0.3768,0.38170000000000004,0.394,0.3996,0.41600000000000004,0.4189,0.4242,0.43110000000000004,0.43960000000000005,0.4459,0.4587,0.4642,0.47440000000000004,0.49310000000000004,0.5061,0.5221,0.5316000000000001,0.5333,0.5353,0.5431,0.5437000000000001,0.5465,0.5486,0.5588000000000001,0.5644,0.5685,0.5688,0.5712,0.5763,0.5799000000000001,0.5856,0.5873,0.5958,0.5976,0.6059,0.6074,0.6077,0.6155,0.6158,0.6344000000000001,0.6363,0.6374000000000001,0.6504,0.6512,0.6529,0.6578,0.6622,0.6652,0.6845,0.6849000000000001,0.6900000000000001,0.6954,0.6980000000000001,0.7137,0.7205,0.7333000000000001,0.7407,0.7418,0.7514000000000001,0.7521,0.7932,0.7996000000000001,0.8011,0.8035,0.8274,0.8348,0.8387,0.8437,0.8469,0.8528,0.8535,0.8619,0.8625,0.8696,0.8861,0.8867,0.9429000000000001,0.9522,0.9534,0.9542,0.9547,0.9620000000000001,0.9764,0.9795,0.9818,0.9880000000000001,0.9929,0.9937,1.0010000000000001,1.0072,1.0076,1.0168000000000001,1.0309000000000001,1.036,1.0467,1.0508,1.0531000000000001,1.0561,1.0603,1.0784,1.0964,1.1091,1.1146,1.1149,1.1173,1.1185,1.1275,1.1297000000000001,1.1317000000000002,1.1328,1.1443,1.1535,1.1544,1.1647,1.1832,1.1882000000000001,1.1904000000000001,1.1944000000000001,1.2022000000000002,1.2047,1.2145000000000001,1.2235,1.225,1.227,1.2307000000000001,1.2429000000000001,1.2531,1.254,1.2612,1.2636,1.2638,1.2761,1.2773,1.2775,1.2805,1.2905,1.2968,1.3111000000000002,1.3123,1.3205,1.3327,1.3382,1.3403,1.3444,1.3447,1.3484,1.3576000000000001,1.361,1.3638000000000001,1.366,1.3662,1.3699000000000001,1.3767,1.3794,1.3912,1.3945,1.4018000000000002,1.4037000000000002,1.4055,1.4083,1.4165,1.4205,1.4220000000000002,1.4342000000000001,1.4357,1.4445000000000001,1.4448,1.4482000000000002,1.4515,1.4667000000000001,1.4684000000000001,1.4714,1.4733,1.4757,1.4795,1.4879,1.4927000000000001,1.4984000000000002,1.5027000000000001,1.5058,1.5234,1.5376,1.542,1.5438,1.5514000000000001,1.5622,1.5693000000000001,1.5923,1.5981,1.614,1.6143,1.6283,1.6297000000000001,1.6307,1.6335000000000002,1.6378000000000001,1.6481000000000001,1.6737000000000002,1.6785,1.6805,1.6957,1.6964000000000001,1.6967,1.6985000000000001,1.6992,1.7057,1.7207000000000001,1.7224000000000002,1.7284000000000002,1.7304000000000002,1.7449000000000001,1.7561,1.7635,1.7901,1.7933000000000001,1.8193000000000001,1.8211000000000002,1.8247,1.8273000000000001,1.8363,1.8422,1.8513000000000002,1.8552000000000002,1.8662,1.8692000000000002,1.8718000000000001,1.8732000000000002,1.8746,1.8759000000000001,1.8840000000000001,1.8852,1.8867,1.8876000000000002,1.8937000000000002,1.8971,1.8996000000000002,1.9047,1.9075000000000002,1.9162000000000001,1.9184,1.9337000000000002,1.9376,1.9393,1.9413,1.9423000000000001,1.9465000000000001,1.9517,1.9586000000000001,1.9700000000000002,1.9743000000000002,1.9783000000000002,1.9785000000000001,1.9911,1.9967000000000001,2.0023,2.0085,2.0196,2.0255,2.0484,2.0521000000000003,2.0601000000000003,2.0657,2.0789,2.0918,2.1107,2.1341,2.1351,2.137,2.1433,2.1487000000000003,2.1618,2.1791,2.184,2.1853000000000002,2.1869,2.1879,2.1931000000000003,2.1933000000000002,2.1985,2.2051000000000003,2.2110000000000003,2.2156000000000002,2.2323,2.2394000000000003,2.2413000000000003,2.2426,2.2483,2.2558000000000002,2.2579000000000002,2.2603,2.2683,2.2782,2.2922000000000002,2.3200000000000003,2.3316,2.3375,2.3383000000000003,2.358,2.3593,2.3604000000000003,2.3797,2.3886000000000003,2.3952,2.4207,2.4382,2.4395000000000002,2.4405,2.4421,2.4568000000000003,2.4714,2.4779,2.4818000000000002,2.4882,2.5014000000000003,2.5041,2.5085,2.5166,2.5198,2.5204,2.5368,2.5382000000000002,2.5456000000000003,2.559,2.5618000000000003,2.569,2.5932,2.5937,2.5941,2.5953,2.6035,2.6083000000000003,2.6097,2.6218,2.6261,2.6385,2.6425,2.6478,2.6492,2.6542000000000003,2.6546000000000003,2.66,2.6662000000000003,2.6864000000000003,2.6989,2.6995,2.7006,2.7047000000000003,2.7056,2.7227,2.7264,2.7285,2.736,2.7435,2.7452,2.7474000000000003,2.7539000000000002,2.7621,2.7861000000000002,2.7880000000000003,2.7959,2.7991,2.8151,2.8255000000000003,2.8269,2.8276000000000003,2.8396000000000003,2.8512,2.8549,2.8694,2.8731,2.8747000000000003,2.875,2.8781000000000003,2.8944,2.8964000000000003,2.8979,2.9077,2.9084000000000003,2.9232,2.9327,2.9410000000000003,2.9428,2.9449,2.9572000000000003,2.9681,2.9743,2.9758,2.9766000000000004,2.9777,2.9848000000000003,2.9869000000000003,2.9873000000000003,2.9943,2.9999000000000002,3.0018000000000002,3.0059,3.0105,3.0114,3.0159000000000002,3.0165,3.0201000000000002,3.0275000000000003,3.0298000000000003,3.0312,3.0337,3.0372000000000003,3.0492000000000004,3.0571,3.0601000000000003,3.0688,3.0881000000000003,3.097,3.1092,3.1111,3.1140000000000003,3.1156,3.1162,3.1398,3.1592000000000002,3.1642,3.1844,3.1848,3.1868000000000003,3.198,3.2059,3.2061,3.2239,3.2406,3.2414,3.2485,3.257,3.2619000000000002,3.2644,3.2853000000000003,3.2947,3.3017000000000003,3.3071,3.3153,3.3166,3.3276000000000003,3.3364000000000003,3.3433,3.3439,3.3443,3.3461000000000003,3.3463000000000003,3.3495000000000004,3.3556000000000004,3.3605,3.3645,3.3683,3.3739000000000003,3.3947000000000003,3.4042000000000003,3.4068,3.4107000000000003,3.4250000000000003,3.427,3.459,3.4658,3.4668,3.4678,3.4733,3.474,3.4847,3.4876,3.4945000000000004,3.5042,3.5083,3.5094000000000003,3.5187000000000004,3.5255,3.5282,3.5286,3.5293,3.5297,3.5370000000000004,3.5386,3.5549,3.5573,3.5638,3.5689,3.5717000000000003,3.5749,3.5947,3.6033000000000004,3.6064000000000003,3.6118,3.6167000000000002,3.6298000000000004,3.6419,3.6510000000000002,3.6516,3.6543,3.6691000000000003,3.6712000000000002,3.6729000000000003,3.6774,3.6887000000000003,3.6969000000000003,3.7063,3.7067,3.7117,3.7162,3.7166,3.7305,3.7338,3.7581,3.7592000000000003,3.761,3.7659000000000002,3.7729000000000004,3.7751,3.7879,3.7914000000000003,3.7988000000000004,3.7992000000000004,3.7994000000000003,3.801,3.8031,3.8044000000000002,3.8153,3.8160000000000003,3.8230000000000004,3.8408,3.8476000000000004,3.8547000000000002,3.8577000000000004,3.8781000000000003,3.8793,3.8917,3.9009,3.9015,3.9090000000000003,3.91,3.9130000000000003,3.9145000000000003,3.9147000000000003,3.9235,3.9277,3.9369,3.9409,3.9434,3.9497,3.9557,3.9651,3.9669000000000003,3.9686000000000003,3.9715000000000003,3.9783000000000004,3.9832,3.9855,3.9911000000000003,3.9997000000000003,4.0045,4.0162,4.0179,4.0213,4.0227,4.0273,4.0376,4.0446,4.0477,4.0547,4.0559,4.0825000000000005,4.0831,4.0879,4.1009,4.1018,4.103400000000001,4.105,4.1083,4.1119,4.1143,4.13,4.142,4.143800000000001,4.1458,4.1526000000000005,4.160200000000001,4.1648000000000005,4.1671000000000005,4.1869000000000005,4.1911000000000005,4.1963,4.197,4.1981,4.2029000000000005,4.2109000000000005,4.2144,4.2164,4.2495,4.2545,4.2557,4.2822000000000005,4.2893,4.2936000000000005,4.2938,4.3002,4.3228,4.3384,4.3502,4.361,4.377400000000001,4.3787,4.3825,4.3843000000000005,4.3973,4.4115,4.4274000000000004,4.4406,4.4462,4.4491000000000005,4.4612,4.4621,4.4817,4.4836,4.484500000000001,4.504300000000001,4.5082,4.512700000000001,4.5144,4.526400000000001,4.5301,4.5345,4.5444,4.5455000000000005,4.563400000000001,4.5654,4.5698,4.5727,4.577100000000001,4.5782,4.5803,4.5882000000000005,4.5925,4.5987,4.6046000000000005,4.617,4.6256,4.6264,4.6279,4.6352,4.6447,4.651400000000001,4.6516,4.6665,4.6726,4.6742,4.6814,4.6892000000000005,4.7008,4.7095,4.7255,4.726100000000001,4.728400000000001,4.7291,4.738300000000001,4.7437000000000005,4.7449,4.746,4.7508,4.7556,4.7613,4.7634,4.7671,4.7793,4.784,4.789000000000001,4.790900000000001,4.7986,4.809,4.849,4.8506,4.8545,4.8564,4.8592,4.8601,4.87,4.8782000000000005,4.8809000000000005,4.8844,4.8955,4.9078,4.9082,4.9110000000000005,4.920100000000001,4.9461,4.947500000000001,4.9511,4.9555,4.9568,4.9588,4.9627,4.9645,4.9683,4.9774,4.9837,4.9862,4.9911
91271:0.012,0.054400000000000004,0.08320000000000001,0.1067,0.13,0.1579,0.20670000000000002,0.24880000000000002,0.2662,0.3074,0.3236,0.35850000000000004,0.3723,0.4292,0.4783,0.508,0.5316000000000001,0.5663,0.5945,0.6701,0.7177,0.7568,0.8033,0.8468,0.8611000000000001,0.9173,0.9477000000000001,1.0215,1.0716,1.0983,1.1267,1.1563,1.1834,1.2016,1.2454,1.2645,1.3072000000000001,1.3395000000000001,1.3641,1.4000000000000001,1.4461000000000002,1.4726000000000001,1.5251000000000001,1.5494,1.5673000000000001,1.6019,1.631,1.6759000000000002,1.7214,1.7484000000000002,1.7947000000000002,1.8364,1.9166,1.9339000000000002,1.9632,1.9813,2.0087,2.0506,2.0915,2.1143,2.1429,2.1891000000000003,2.2096,2.2488,2.3157,2.3319,2.3963,2.414,2.4563,2.5024,2.5305,2.5576000000000003,2.5766,2.6058000000000003,2.6550000000000002,2.6866000000000003,2.7082,2.7486,2.7674000000000003,2.79,2.8425000000000002,2.8739000000000003,2.9051,2.9357,3.0210000000000004,3.0457,3.0994,3.1482,3.1839,3.1982,3.2327000000000004,3.2499000000000002,3.2829,3.3029,3.3179000000000003,3.3461000000000003,3.3988,3.4433000000000002,3.4596,3.4778000000000002,3.4947000000000004,3.5462000000000002,3.5697,3.5889,3.6209000000000002,3.6706000000000003,3.6993,3.7192000000000003,3.7443,3.7881,3.8109,3.8351,3.8557,3.8928000000000003,3.9056,3.9369,3.9592,3.9851,4.0178,4.0541,4.0918,4.1153,4.1528,4.1745,4.197900000000001,4.2214,4.2545,4.2739,4.3143,4.3494,4.3744000000000005,4.4295,4.442200000000001,4.4767,4.5464,4.5796,4.6099000000000006,4.633,4.6826,4.7121,4.7389,4.7687,4.787100000000001,4.820600000000001,4.851100000000001,4.865,4.8901,4.952500000000001,4.977
92104:0.032,0.1015,0.1917,0.2772,0.3327,0.38470000000000004,0.4753,0.5086,0.5427000000000001,0.6035,0.6453,0.7038,0.8091,0.8813000000000001,0.9792000000000001,1.0068000000000001,1.0524,1.1277000000000001,1.1823000000000001,1.209,1.2603,1.3537000000000001,1.4354,1.4672,1.5278,1.5522,1.6216000000000002,1.6588,1.6907,1.9056000000000002,1.9933,2.0507,2.0981,2.1247000000000003,2.1668000000000003,2.2061,2.2509,2.4227000000000003,2.4574000000000003,2.5066,2.5733,2.6024000000000003,2.6385,2.6752000000000002,2.6969000000000003,2.7672000000000003,2.7937000000000003,2.8723,2.9492000000000003,2.9984,3.0547,3.1242,3.1554,3.194,3.2286,3.2458,3.2877,3.3166,3.3566000000000003,3.4137,3.5820000000000003,3.6268000000000002,3.6556,3.7049000000000003,3.7845,3.8785000000000003,3.9865000000000004,4.0625,4.0824,4.1289,4.174,4.1997,4.2236,4.2619,4.3048,4.3677,4.488700000000001,4.5961,4.6492,4.6951,4.782,4.8197,4.8535,4.8827,4.9407000000000005,4.9863
92227:0.0395,0.0824,0.18480000000000002,0.22030000000000002,0.2624,0.3266,0.3573,0.3902,0.42850000000000005,0.48910000000000003,0.531,0.5903,0.6346,0.6849000000000001,0.7299,0.807,0.8723000000000001,0.9076000000000001,0.9395,0.9740000000000001,0.9995,1.0342,1.0744,1.1194,1.1705,1.2128,1.2695,1.3051000000000001,1.3373000000000002,1.413,1.4547,1.5154,1.5642,1.6008,1.6479000000000001,1.6969,1.7634,1.8075,1.8636000000000001,1.9226,1.9597,2.008,2.0494,2.0912,2.1208,2.2038,2.24,2.2859000000000003,2.3214,2.3635,2.4207,2.4581,2.5022,2.5356,2.5769,2.6189,2.6552000000000002,2.6828000000000003,2.721,2.7551,2.8214,2.8616,2.8911000000000002,2.9385000000000003,2.9665000000000004,3.0014000000000003,3.0462000000000002,3.0853,3.1488,3.1856,3.2233,3.2632000000000003,3.3064,3.3722000000000003,3.4042000000000003,3.4412000000000003,3.4957000000000003,3.5443000000000002,3.6033000000000004,3.6397000000000004,3.6975000000000002,3.7451000000000003,3.7792000000000003,3.8133000000000004,3.8731,3.9157,3.9416,3.9844000000000004,4.0282,4.0622,4.1067,4.1558,4.2083,4.2481,4.2912,4.3384,4.3994,4.4423,4.5057,4.5526,4.5955,4.6671000000000005,4.7277000000000005,4.7683,4.8079,4.8471,4.8819,4.9261,4.9835
92373:0.18000000000000002,0.8697,1.0505,1.4969000000000001,1.8329000000000002,3.4748,3.8631,4.0337000000000005,4.301200000000001
92625:0.0234,0.0485,0.07390000000000001,0.0993,0.1355,0.1648,0.192,0.2132,0.2368,0.2669,0.3015,0.3241,0.3426,0.3645,0.38380000000000003,0.4092,0.42850000000000005,0.4504,0.47990000000000005,0.5081,0.541,0.5756,0.597,0.6178,0.6323000000000001,0.6691,0.6923,0.7235,0.7454000000000001,0.7845000000000001,0.8076,0.8308000000000001,0.8589,0.8794000000000001,0.8974000000000001,0.9239,0.9481,0.9714,0.9884000000000001,1.0066,1.0293,1.0591000000000002,1.085,1.1083,1.1313,1.147,1.1702000000000001,1.1956,1.2253,1.2501,1.2726,1.2971000000000001,1.3139,1.3321,1.3584,1.3776000000000002,1.4014,1.4229,1.4514,1.4725000000000001,1.4934,1.5182,1.5317,1.5597,1.5917000000000001,1.6093000000000002,1.6299000000000001,1.6606,1.6908,1.7136,1.7464000000000002,1.7826000000000002,1.8074000000000001,1.8356000000000001,1.8545,1.8809,1.9005,1.9287,1.9511,1.9662000000000002,1.9854,2.0085,2.0279000000000003,2.0511,2.0765000000000002,2.0975,2.1175,2.1495,2.174,2.1996,2.22,2.2425,2.2652,2.2892,2.3101000000000003,2.3421000000000003,2.3686000000000003,2.3894,2.4164000000000003,2.4412000000000003,2.4602,2.4787,2.5020000000000002,2.5195000000000003,2.5372,2.5729,2.5956,2.6212,2.645,2.6607000000000003,2.6774,2.6992000000000003,2.7204,2.7444,2.7680000000000002,2.7935000000000003,2.8160000000000003,2.8436000000000003,2.8618,2.8875,2.9210000000000003,2.94,2.9589000000000003,2.9808000000000003,3.004,3.0210000000000004,3.043,3.0671,3.0876,3.1076,3.1387,3.1573,3.1769000000000003,3.2049000000000003,3.2336,3.253,3.2791,3.3017000000000003,3.3326000000000002,3.3674,3.3889,3.4082000000000003,3.4227000000000003,3.4422,3.4664,3.4908,3.5093,3.5318,3.5506,3.5801000000000003,3.6065,3.6253,3.6420000000000003,3.6771000000000003,3.7015000000000002,3.7254,3.7441,3.7668000000000004,3.7906,3.8087,3.8325,3.8601,3.8889,3.9069000000000003,3.9250000000000003,3.9414000000000002,3.9675000000000002,3.9894000000000003,4.0087,4.031000000000001,4.0514,4.0705,4.0924000000000005,4.115600000000001,4.1421,4.1592,4.1856,4.213900000000001,4.24,4.259,4.288,4.3109,4.3343,4.3565000000000005,4.3844,4.4053,4.4398,4.4667,4.4996,4.5313,4.5509,4.58,4.6012,4.6301000000000005,4.6516,4.6748,4.6959,4.7163,4.7395000000000005,4.767,4.7934,4.8075,4.8312,4.8547,4.8771,4.9017,4.9294,4.9485,4.9773000000000005
92649:0.014100000000000001,0.0664,0.0971,0.1471,0.1724,0.19920000000000002,0.2427,0.4436,0.5146000000000001,0.5674,0.6395000000000001,0.6923,0.8342,0.8659,0.9181,0.9585,1.0229000000000001,1.0570000000000002,1.1721000000000001,1.2388000000000001,1.2996,1.5492000000000001,1.5844,1.6542000000000001,1.8621,1.9407,1.9706000000000001,2.0212,2.0786000000000002,2.113,2.1773000000000002,2.2532,2.2896,2.3907000000000003,2.4989,2.6143,2.6441000000000003,2.7271,2.7914000000000003,3.1145,3.2014,3.2507,3.371,3.4652000000000003,3.6914000000000002,3.7656,3.8325,3.9587000000000003,4.1298,4.2013,4.2297,4.2542,4.2988,4.3287,4.3727,4.4496,4.695600000000001,4.8115000000000006,4.8833
92673:1.5425,3.4255
92811:0.31170000000000003,0.38730000000000003,0.5959,2.9287,3.1798,3.4719,4.2962
92995:0.0347,0.6254000000000001,0.9995,1.0069000000000001,1.0756000000000001,1.3339,1.5862,1.6538000000000002,1.7039000000000002,2.494,2.8772,3.2196000000000002,3.3825000000000003,3.9974000000000003,4.083200000000001,4.5083,4.9988
93132:0.016900000000000002,0.0472,0.0944,0.137,0.1743,0.1968,0.24630000000000002,0.2917,0.4178,0.4736,0.49860000000000004,0.5379,0.5855,0.6423,0.6813,0.7180000000000001,0.7833,0.8546,0.895,0.9473,0.9865,1.0194,1.0561,1.0781,1.1269,1.1718,1.2066000000000001,1.2367000000000001,1.2725,1.3288,1.3725,1.4283000000000001,1.4939,1.5535,1.6216000000000002,1.7027,1.7569000000000001,1.8589,1.8823,1.9164,1.9709,1.9923000000000002,2.0335,2.0987,2.176,2.2104,2.2672000000000003,2.3007,2.3242000000000003,2.3651,2.4195,2.508,2.5454000000000003,2.6468000000000003,2.6779,2.7654,2.8143000000000002,2.9007,2.9626,3.0298000000000003,3.0504000000000002,3.0862000000000003,3.1289000000000002,3.1558,3.2518000000000002,3.2944,3.3564000000000003,3.4078000000000004,3.4944,3.5313000000000003,3.5804,3.6756,3.714,3.7670000000000003,3.8479,3.8836000000000004,3.9211,3.9741000000000004,4.0282,4.101100000000001,4.162,4.2084,4.2511,4.288,4.3106,4.3255,4.3504000000000005,4.4413,4.516500000000001,4.6307,4.6723,4.723800000000001,4.8218000000000005,4.8559,4.8996,4.9495000000000005,4.994400000000001
93427:0.018000000000000002,0.0551,0.0979,0.1335,0.16190000000000002,0.1892,0.2155,0.2409,0.30110000000000003,0.3382,0.3796,0.41600000000000004,0.4373,0.4974,0.5338,0.5625,0.6044,0.6357,0.676,0.6940000000000001,0.7443000000000001,0.7751,0.8069000000000001,0.8342,0.8621000000000001,0.8986000000000001,0.9429000000000001,0.9671000000000001,0.9963000000000001,1.0301,1.0530000000000002,1.0964,1.1248,1.1639000000000002,1.2067,1.2366000000000001,1.2655,1.2967,1.3449,1.3706,1.4047,1.4421000000000002,1.4742000000000002,1.5061,1.5489000000000002,1.5827,1.6187,1.6447,1.6715,1.7080000000000002,1.7558,1.8109000000000002,1.836,1.8707,1.8942,1.9286,1.9529,1.9847000000000001,2.0164,2.0502000000000002,2.0871,2.113,2.1487000000000003,2.1772,2.2036000000000002,2.2387,2.2616,2.2863,2.3324000000000003,2.3681,2.3971,2.4271000000000003,2.4656000000000002,2.4963,2.5223,2.5458000000000003,2.5734,2.6032,2.6304000000000003,2.6622000000000003,2.6855,2.7131000000000003,2.7510000000000003,2.7811000000000003,2.8042000000000002,2.8399,2.8814,2.9256,2.9609,2.9941,3.0218000000000003,3.0592,3.0941,3.1228000000000002,3.165,3.1977,3.2371000000000003,3.2662,3.2981000000000003,3.3299000000000003,3.3565,3.3788,3.4112,3.4541,3.4894000000000003,3.5241000000000002,3.5607,3.5973,3.6411000000000002,3.6758,3.7038,3.7388000000000003,3.766,3.7904,3.8127,3.8422,3.8654,3.9031000000000002,3.9366000000000003,3.9577,3.9751000000000003,4.0072,4.031000000000001,4.0589,4.0994,4.1276,4.1601,4.2016,4.226500000000001,4.2616000000000005,4.2888,4.3137,4.3345,4.3870000000000005,4.433,4.4531,4.486800000000001,4.5334,4.5727,4.6045,4.642,4.6715,4.7038,4.7372000000000005,4.7652,4.7949,4.8533,4.8802,4.9051,4.9397,4.9702,4.9975000000000005
93492:2.5418000000000003
93663:0.11610000000000001,0.2844,0.36160000000000003,0.4455,0.5163,0.5778,0.7404000000000001,0.8255,0.8892,1.012,1.1421000000000001,1.2161,1.3919000000000001,1.6261,1.6998,1.7741,1.8953,1.9222000000000001,1.9805000000000001,2.0114,2.1304000000000003,2.2828,2.347,2.4659,2.4848,2.5384,2.6163000000000003,2.6487000000000003,2.7021,2.787,2.9024,2.9884,3.0586,3.1382000000000003,3.3234000000000004,3.4228,3.5465,3.5767,3.6639000000000004,3.7185,3.7944,3.8775000000000004,3.959,4.0744,4.1474,4.1748,4.2285,4.3586,4.3885000000000005,4.4916,4.5795,4.6183000000000005,4.8696,4.9847
93674:0.11230000000000001,0.5723,0.8200000000000001,0.8887,1.2157,1.6993,1.7730000000000001,1.9095000000000002,2.0002,2.278,2.4752,2.5369,2.6393,2.7843,2.9001,3.0540000000000003,3.4205,3.5653,3.6611000000000002,3.7153,3.874,4.0718000000000005,4.1657,4.224,4.3776,4.596
93983:0.0216,0.1577,0.249,0.33690000000000003,0.4308,0.4919,0.6133000000000001,0.7245,0.8117000000000001,0.9891000000000001,1.0016,1.068,1.1241,1.2163000000000002,1.2769000000000001,1.3221,1.4313,1.4754,1.5261,1.5770000000000002,1.6437000000000002,1.6913,1.8050000000000002,1.8973,2.2002,2.3763,2.4814000000000003,2.5834,2.6482,2.6839,2.8184,2.8665000000000003,2.8724000000000003,2.9773,3.0507,3.1664000000000003,3.2121,3.3063000000000002,3.3777000000000004,3.5004,3.5576000000000003,3.6151,3.8206,3.9253,3.9848000000000003,4.0688,4.1657,4.2613,4.3632,4.443700000000001,4.4972,4.707,4.7736,4.9389,4.9888
94042:1.1107,2.4624,2.9544
94420:0.016300000000000002,0.027100000000000003,0.0475,0.0765,0.0981,0.1097,0.1226,0.1446,0.1708,0.1862,0.20170000000000002,0.2238,0.24550000000000002,0.25680000000000003,0.27890000000000004,0.2917,0.31,0.34140000000000004,0.37820000000000004,0.4096,0.4259,0.4485,0.4661,0.4776,0.4985,0.5393,0.5630000000000001,0.5924,0.6067,0.6388,0.6701,0.6868000000000001,0.6993,0.7177,0.7547,0.7686000000000001,0.7957000000000001,0.8161,0.8367,0.8497,0.8634000000000001,0.9015000000000001,0.9171,0.9402,0.9547,0.9680000000000001,0.9821000000000001,0.9971000000000001,1.0385,1.0521,1.0767,1.0912,1.1085,1.129,1.1654,1.1886,1.2057,1.2418,1.2543,1.2683,1.2955,1.308,1.3227,1.3406,1.3592,1.3786,1.3951,1.413,1.4293,1.4553,1.4779,1.4934,1.5059,1.5292000000000001,1.5501,1.596,1.6107,1.6264,1.6549,1.6694,1.6877,1.7117,1.7324000000000002,1.7567000000000002,1.7662,1.7931000000000001,1.8141,1.8432000000000002,1.8725,1.8896000000000002,1.9105,1.9429,1.9691,1.9924000000000002,2.0199000000000003,2.0339,2.0849,2.0999000000000003,2.1174,2.1288,2.1479,2.1642,2.1774,2.2035,2.2373000000000003,2.2505,2.2839,2.3011,2.3233,2.3501000000000003,2.3679,2.3952,2.4095,2.4233000000000002,2.4384,2.4501,2.4688000000000003,2.4909000000000003,2.5090000000000003,2.5249,2.54,2.5548,2.5767,2.6031,2.6259,2.6465,2.6608,2.6782,2.6954000000000002,2.7304,2.7513,2.7768,2.8002000000000002,2.8136,2.8440000000000003,2.8578,2.8741000000000003,2.8995,2.9162000000000003,2.9434,2.9621,2.9782,2.9898000000000002,3.0066,3.0196,3.0337,3.0476,3.0784000000000002,3.0915000000000004,3.1174,3.14,3.1580000000000004,3.1859,3.2162,3.2331000000000003,3.2637,3.2768,3.2952000000000004,3.319,3.3454,3.3558000000000003,3.3909000000000002,3.4072,3.4468,3.4789000000000003,3.4926000000000004,3.5191000000000003,3.5313000000000003,3.5548,3.572,3.6012,3.6142000000000003,3.6355,3.649,3.6834000000000002,3.6943,3.7029,3.7307,3.7534,3.7756000000000003,3.8111,3.826,3.8395,3.8559,3.8646000000000003,3.8966000000000003,3.9051,3.934,3.9532000000000003,3.9743000000000004,4.0153,4.0347,4.0601,4.0895,4.1084000000000005,4.1291,4.157,4.1734,4.1973,4.2099,4.2414000000000005,4.2487,4.2698,4.2864,4.3024000000000004,4.3198,4.337400000000001,4.3537,4.3966,4.4161,4.4407000000000005,4.4515,4.4722,4.5029,4.5216,4.55,4.5699000000000005,4.585500000000001,4.6196,4.6451,4.6745,4.6904,4.7292000000000005,4.7438,4.7667,4.7987,4.8159,4.8487,4.857600000000001,4.8824000000000005,4.9207,4.9465,4.9724
94443:0.0303,0.0563,0.0848,0.1587,0.1928,0.2333,0.26530000000000004,0.279,0.3326,0.3669,0.3866,0.4131,0.4539,0.5,0.5402,0.5521,0.5903,0.6277,0.6436000000000001,0.6878000000000001,0.7092,0.7377,0.7505000000000001,0.8081,0.8363,0.8729,0.8822000000000001,0.9012,0.9265,0.9709000000000001,0.9808,1.0113,1.0235,1.0556,1.0747,1.1212,1.149,1.1893,1.2159,1.2426000000000001,1.2719,1.2932000000000001,1.3207,1.3366,1.3777000000000001,1.4117000000000002,1.4352,1.4642000000000002,1.5161,1.5355,1.5626,1.5891000000000002,1.6039,1.6480000000000001,1.6831,1.703,1.7265000000000001,1.7694,1.7914,1.8334000000000001,1.8562,1.9017000000000002,1.9297000000000002,1.9622000000000002,2.0122,2.0403000000000002,2.0704000000000002,2.1137,2.1226000000000003,2.1537,2.198,2.2158,2.2438000000000002,2.2642,2.294,2.3079,2.3318000000000003,2.3629000000000002,2.4077,2.4512,2.4589000000000003,2.4794,2.5019,2.5165,2.5473000000000003,2.5647,2.5979,2.6309,2.6571000000000002,2.6804,2.7059,2.7363,2.7575000000000003,2.7826,2.8252,2.8441,2.871,2.8845,2.9156,2.9392,2.9611,2.9882,3.0028,3.0352,3.0495,3.072,3.0885000000000002,3.1071,3.1515,3.1766,3.1898,3.2133000000000003,3.2271,3.2452,3.2696,3.3098,3.3398000000000003,3.3728000000000002,3.3907000000000003,3.4147000000000003,3.4276,3.462,3.4977,3.5191000000000003,3.5466,3.5733,3.6071,3.6403000000000003,3.6721000000000004,3.7087000000000003,3.7389,3.7597,3.789,3.8044000000000002,3.8539000000000003,3.8864,3.9118000000000004,3.942,3.9917000000000002,4.0062,4.0364,4.0648,4.0898,4.1134,4.1563,4.1687,4.1919,4.222,4.2518,4.2858,4.3018,4.3388,4.3648,4.4085,4.4408,4.471,4.5113,4.542,4.5802000000000005,4.5984,4.666,4.706,4.7362,4.7757000000000005,4.8013,4.8142000000000005,4.833600000000001,4.8669,4.8843000000000005,4.9059,4.9369000000000005,4.9855
94849:1.9303000000000001,2.4886,4.1814
95123:0.0131,0.0302,0.053700000000000005,0.0685,0.09870000000000001,0.1255,0.1517,0.1736,0.19490000000000002,0.2119,0.2346,0.2639,0.2949,0.3085,0.33030000000000004,0.34500000000000003,0.3614,0.3785,0.394,0.41450000000000004,0.42610000000000003,0.4567,0.4722,0.48600000000000004,0.5149,0.5307000000000001,0.5476,0.5842,0.6107,0.6249,0.64,0.6622,0.6859000000000001,0.6983,0.7221000000000001,0.7404000000000001,0.78,0.8064,0.8290000000000001,0.8448,0.8613000000000001,0.8801,0.893,0.9151,0.9361,0.9551000000000001,0.9717,0.9918,1.0191000000000001,1.0339,1.0491000000000001,1.0763,1.1092,1.1283,1.1420000000000001,1.1549,1.1871,1.2045000000000001,1.2233,1.2385000000000002,1.2552,1.2705,1.2870000000000001,1.3023,1.3210000000000002,1.3357,1.3525,1.3728,1.4035,1.4272,1.4469,1.4666000000000001,1.4836,1.4934,1.5079,1.528,1.5485,1.5609000000000002,1.5861,1.6009,1.6298000000000001,1.6562000000000001,1.6741000000000001,1.6834,1.7004000000000001,1.7235,1.7433,1.7593,1.7845,1.8073000000000001,1.8291000000000002,1.8415000000000001,1.8546,1.8854000000000002,1.9169,1.9385000000000001,1.9649,1.9748,1.9972,2.0173,2.0318,2.0574,2.0748,2.1017,2.1148000000000002,2.1411000000000002,2.1563,2.1771000000000003,2.1961,2.2215000000000003,2.2384,2.2545,2.2802000000000002,2.3122000000000003,2.3251,2.3402000000000003,2.3567,2.371,2.3863000000000003,2.4263,2.4433000000000002,2.4643,2.4822,2.5048,2.5232,2.5417,2.5667,2.5860000000000003,2.619,2.6311,2.6508000000000003,2.6667,2.6973000000000003,2.7252,2.7419000000000002,2.7622,2.7852,2.8067,2.8232,2.8479,2.8640000000000003,2.8822,2.9145000000000003,2.9458,2.9637000000000002,2.9765,2.9932000000000003,3.0104,3.0291,3.0655,3.087,3.108,3.1352,3.1602,3.176,3.1973000000000003,3.209,3.2344,3.2459000000000002,3.2854,3.31,3.3328,3.3569,3.3769,3.3983000000000003,3.4131,3.4369,3.4515000000000002,3.4745000000000004,3.4973,3.5184,3.5340000000000003,3.5564,3.5842,3.6013,3.6220000000000003,3.6412,3.6597000000000004,3.6789,3.705,3.7187,3.7467,3.7696,3.7829,3.8144,3.8445,3.8591,3.8735000000000004,3.8909000000000002,3.9044000000000003,3.9369,3.9571,3.9756,3.9905000000000004,4.0156,4.0256,4.0397,4.0585,4.0853,4.1108,4.1299,4.1489,4.1622,4.1773,4.1912,4.2042,4.2216000000000005,4.2563,4.2732,4.2894000000000005,4.3007,4.3362,4.3685,4.3836,4.3997,4.4145,4.4424,4.486400000000001,4.5002,4.5219000000000005,4.5414,4.5524000000000004,4.5682,4.597,4.6101,4.6327,4.6568000000000005,4.670100000000001,4.6848,4.7115,4.7254000000000005,4.757000000000001,4.7709,4.7997000000000005,4.8331,4.8631,4.8768,4.8895,4.9108,4.9442,4.9619,4.9812
95230:0.08360000000000001,0.16240000000000002,0.2467,0.2906,0.43160000000000004,0.5357000000000001,0.6785,0.8609,0.9047000000000001,0.9755,1.0605,1.2036,1.2713,1.3945,1.4252,1.5622,1.6806,1.739,1.7818,1.9333,2.0148,2.0477000000000003,2.1161000000000003,2.1591,2.2606,2.2974,2.3628,2.4685,2.5251,2.5648,2.6238,2.7379000000000002,2.7812,2.8439,2.9884,3.0474,3.1024000000000003,3.168,3.3528000000000002,3.4656000000000002,3.5451,3.6046,3.6791,3.734,3.7889000000000004,3.8255000000000003,3.8839,4.043,4.1623,4.2231000000000005,4.2838,4.3404,4.4395,4.5274,4.5812,4.7186,4.766500000000001,4.8241000000000005,4.898000000000001,4.9446,4.992900000000001
95611:0.28800000000000003,0.621,0.6621,0.9768,1.0598,1.6595,1.8917000000000002,2.0101,2.339,2.9135,3.0967000000000002,3.1378000000000004,3.3604000000000003,3.4130000000000003,3.6664000000000003,3.7327000000000004,3.8016,3.9635000000000002,4.0040000000000004,4.1232,4.6949000000000005
95642:1.4982,2.1615,2.6874000000000002,3.3458
96208:2.1367000000000003,4.6106
96911:1.2204000000000002,2.8009,3.0661,3.3717,4.303100000000001,4.7847
97008:0.0775,0.2174,0.3299,0.37620000000000003,0.4562,0.5383,0.5887,0.6379,0.6704,0.7027,0.7621,0.8121,0.8507,0.9003,0.9341,1.018,1.0673000000000001,1.1581000000000001,1.2302,1.3848,1.4212,1.4661000000000002,1.4795,1.5592000000000001,1.6111,1.6544,1.6886,1.7427000000000001,1.7963,1.8435000000000001,1.9687000000000001,2.0245,2.0826000000000002,2.1342000000000003,2.2078,2.2393,2.2723,2.3215,2.4706,2.612,2.6317,2.6899,2.7056,2.7338,2.7911,2.8316000000000003,2.8634,2.902,2.9290000000000003,3.0479000000000003,3.1342000000000003,3.1651000000000002,3.1815,3.2558000000000002,3.2894,3.3501000000000003,3.3997,3.4888000000000003,3.5515000000000003,3.6059,3.6462000000000003,3.8122000000000003,3.8274000000000004,3.8862,3.9068,3.9423000000000004,4.0311,4.0615000000000006,4.0986,4.1219,4.1397,4.1902,4.248,4.2811,4.345000000000001,4.3734,4.4614,4.5112000000000005,4.5461,4.6240000000000006,4.722700000000001,4.7856000000000005,4.8273,4.8493,4.9042,4.9356
97095:0.0951,0.1154,0.1968,0.2797,0.3501,0.4344,0.5001,0.5623,0.6078,0.6531,0.731,0.8130000000000001,0.8746,1.0017,1.0516,1.1286,1.2077,1.2657,1.4635,1.5024000000000002,1.5547,1.6151,1.6635,1.7644000000000002,1.9004,1.9906000000000001,2.0499,2.1122,2.166,2.2096,2.2611,2.4665,2.5221,2.5781,2.6408,2.6788000000000003,2.7600000000000002,2.8131,2.8701000000000003,2.9936000000000003,3.0551,3.1446,3.1921,3.236,3.2950000000000004,3.3535000000000004,3.415,3.6231,3.7033,3.7198,3.7882000000000002,3.8756000000000004,3.9869000000000003,4.0760000000000005,4.1054,4.1601,4.2176,4.2609,4.3058000000000005,4.33,4.375900000000001,4.4839,4.5903,4.6502,4.7842,4.8177,4.8565000000000005,4.8888
97109:0.0881,0.17120000000000002,0.2555,0.29400000000000004,0.43720000000000003,0.54,0.6828000000000001,0.8656,0.909,0.9804,1.0648,1.2083000000000002,1.2759,1.399,1.4299000000000002,1.5664,1.6853,1.7429000000000001,1.7859,1.9382000000000001,2.0194,2.0519000000000003,2.1208,2.1638,2.2649,2.3021000000000003,2.3676,2.4734000000000003,2.5295,2.5694,2.6289000000000002,2.7427,2.7861000000000002,2.8492,2.9933,3.053,3.107,3.1726,3.3573,3.4702,3.5501,3.6084,3.6833,3.7387,3.7977000000000003,3.8295000000000003,3.8889,4.0471,4.1676,4.2276,4.2888,4.346,4.4484,4.5315,4.5859000000000005,4.7274,4.7705,4.8297,4.9027,4.9548000000000005,4.997
97915:0.019100000000000002,0.0402,0.0741,0.0847,0.1131,0.1527,0.17,0.19190000000000002,0.20720000000000002,0.23600000000000002,0.25170000000000003,0.26990000000000003,0.2954,0.3229,0.3307,0.35650000000000004,0.36660000000000004,0.3864,0.3995,0.42400000000000004,0.4319,0.4592,0.4878,0.5155000000000001,0.5464,0.5558000000000001,0.5849,0.6078,0.631,0.6408,0.6657000000000001,0.6865,0.7196,0.7388,0.7598,0.7867000000000001,0.8085,0.8359000000000001,0.8632000000000001,0.8782000000000001,0.9065000000000001,0.9158000000000001,0.9384,0.9615,0.9790000000000001,0.9952000000000001,1.0170000000000001,1.0375,1.0574000000000001,1.0759,1.1047,1.1146,1.1392,1.1697,1.1895,1.212,1.2419,1.2687000000000002,1.2806,1.3035,1.3176,1.3368,1.3743,1.4039000000000001,1.4245,1.4345,1.4639,1.4804000000000002,1.5121,1.5238,1.5589000000000002,1.5733000000000001,1.6006,1.627,1.6376000000000002,1.6641000000000001,1.6855,1.7053,1.7233,1.7533,1.7643,1.7954,1.8075,1.8355000000000001,1.8621,1.8898000000000001,1.8984,1.925,1.9428,1.961,1.9699,1.9978,2.0261,2.0385,2.0582000000000003,2.089,2.1082,2.1345,2.1544000000000003,2.1962,2.213,2.2386,2.2566,2.2827,2.3039,2.3226,2.3442000000000003,2.3659,2.3841,2.4114,2.4368000000000003,2.4523,2.4692000000000003,2.4806,2.5052000000000003,2.5217,2.5361000000000002,2.5565,2.5771,2.5898000000000003,2.6104000000000003,2.6275,2.646,2.6627,2.6783,2.6851000000000003,2.7123,2.7324,2.7503,2.7577000000000003,2.7836000000000003,2.8139000000000003,2.8306,2.8597,2.867,2.8902,2.907,2.9351000000000003,2.9451,2.9673000000000003,2.9773,3.0005,3.0129,3.0455,3.0668,3.0886,3.1055,3.1267,3.1586000000000003,3.1693000000000002,3.1991,3.2096,3.2287000000000003,3.2541,3.2686,3.3016,3.3245,3.3391,3.3712,3.3852,3.4045,3.4164000000000003,3.4458,3.4716,3.495,3.5055,3.5229000000000004,3.5456000000000003,3.5548,3.5826000000000002,3.6049,3.6239000000000003,3.641,3.6504000000000003,3.6794000000000002,3.6987,3.7146000000000003,3.7390000000000003,3.748,3.7644,3.7826,3.7983000000000002,3.8177000000000003,3.8532,3.8751,3.8957,3.9208000000000003,3.9295,3.9458,3.9756,3.9885,4.0078000000000005,4.0311,4.0418,4.0663,4.0917,4.1169,4.1386,4.162100000000001,4.1889,4.2115,4.2324,4.2553,4.2645,4.291300000000001,4.3118,4.3381,4.355,4.3663,4.392,4.4081,4.438000000000001,4.4541,4.4805,4.4966,4.5229,4.5446,4.578,4.5907,4.6106,4.6397,4.667400000000001,4.702500000000001,4.7144,4.7337,4.7619,4.777,4.8064,4.8265,4.8465,4.861400000000001,4.888,4.9068000000000005,4.9318,4.9508,4.976100000000001,4.987
98064:0.007200000000000001,0.0162,0.025500000000000002,0.0361,0.049600000000000005,0.06330000000000001,0.0718,0.079,0.09580000000000001,0.1077,0.1217,0.1345,0.15,0.1633,0.17470000000000002,0.18230000000000002,0.1892,0.19840000000000002,0.2071,0.2164,0.229,0.2386,0.2497,0.2586,0.2659,0.27390000000000003,0.2903,0.3008,0.3153,0.3235,0.329,0.33640000000000003,0.3473,0.3539,0.3622,0.3715,0.3795,0.387,0.3961,0.4033,0.41550000000000004,0.4244,0.44010000000000005,0.4469,0.45730000000000004,0.47440000000000004,0.48360000000000003,0.4923,0.5078,0.5132,0.5249,0.5371,0.5443,0.5515,0.5706,0.5814,0.5881000000000001,0.6029,0.6167,0.6245,0.6321,0.6397,0.6524,0.6613,0.6726000000000001,0.682,0.6913,0.7019000000000001,0.7148,0.7235,0.7345,0.743,0.7533000000000001,0.7653000000000001,0.7813,0.7953,0.8039000000000001,0.8232,0.8316,0.8464,0.8582000000000001,0.8682000000000001,0.8744000000000001,0.8881,0.8959,0.9039,0.9117000000000001,0.9192,0.9265,0.9358000000000001,0.9480000000000001,0.9575,0.9646,0.9718,0.9788,0.9876,0.9939,1.0050000000000001,1.0143,1.0243,1.0310000000000001,1.0422,1.0528,1.0646,1.0713000000000001,1.0822,1.0956000000000001,1.1073,1.1151,1.1295,1.1365,1.1462,1.1587,1.1677,1.179,1.1875,1.1975,1.2078,1.2272,1.2369,1.245,1.2583,1.2667000000000002,1.2738,1.2859,1.2948000000000002,1.3017,1.3105,1.3186,1.3273000000000001,1.3345,1.3478,1.3598000000000001,1.372,1.389,1.3988,1.4091,1.4195,1.4305,1.4415,1.4502000000000002,1.4605000000000001,1.4679,1.4771,1.4897,1.5036,1.5125000000000002,1.5197,1.5277,1.5368000000000002,1.5528000000000002,1.5604,1.5705,1.582,1.5909,1.598,1.6067,1.6201,1.6277000000000001,1.6394,1.6458000000000002,1.6613,1.6706,1.6793,1.6912,1.7007,1.7126000000000001,1.7199,1.7358,1.7475,1.7587000000000002,1.7766000000000002,1.7831000000000001,1.7933000000000001,1.8032000000000001,1.8188000000000002,1.8269000000000002,1.8379,1.8507,1.8601,1.8705,1.8846,1.8917000000000002,1.9076000000000002,1.9169,1.9272,1.9376,1.9502000000000002,1.9562000000000002,1.9633,1.9708,1.9797,1.9944000000000002,2.004,2.0197000000000003,2.0276,2.0342000000000002,2.0455,2.0532,2.0639000000000003,2.0756,2.0854,2.0999000000000003,2.1083000000000003,2.1144000000000003,2.1255,2.1429,2.1510000000000002,2.1671,2.1836,2.194,2.2015000000000002,2.2091000000000003,2.2161,2.2276000000000002,2.236,2.2519,2.2586,2.2703,2.2806,2.2905,2.2993,2.31,2.3177000000000003,2.3298,2.3398000000000003,2.3516,2.3596,2.37,2.3811,2.3958,2.4062,2.4167,2.4316,2.4412000000000003,2.4486000000000003,2.4559,2.4629000000000003,2.4716,2.4878,2.496,2.5025,2.5101,2.5186,2.5257,2.5328,2.5413,2.5527,2.5608,2.5718,2.5845000000000002,2.5933,2.6031,2.6138000000000003,2.6235,2.6361000000000003,2.6454,2.6522,2.6582000000000003,2.6661,2.6733000000000002,2.6805000000000003,2.6887000000000003,2.6967000000000003,2.7093000000000003,2.7169000000000003,2.7270000000000003,2.7375000000000003,2.7452,2.7526,2.7609000000000004,2.7744,2.7804,2.7973000000000003,2.8093000000000004,2.8184,2.8271,2.8360000000000003,2.8462,2.8564000000000003,2.8628,2.8713,2.8805,2.8878,2.9016,2.9135,2.9231000000000003,2.9331,2.9403,2.9493,2.9552,2.9637000000000002,2.9724,2.9821,2.9883,2.9983,3.0066,3.0132000000000003,3.0256000000000003,3.0375,3.0436,3.0581,3.067,3.0765000000000002,3.0827,3.0935,3.1022000000000003,3.1098000000000003,3.1229,3.1352,3.1453,3.1561000000000003,3.1663,3.174,3.1822000000000004,3.1961,3.2031,3.2141,3.2204,3.2313,3.2405,3.2518000000000002,3.2591,3.2674000000000003,3.2801,3.2947,3.3012,3.3096,3.3223000000000003,3.3341000000000003,3.3443,3.3617000000000004,3.3687,3.3797,3.3867000000000003,3.3953,3.4017,3.4106,3.4162000000000003,3.4255,3.4367,3.4437,3.4588,3.466,3.483,3.4914,3.4998,3.5102,3.5172000000000003,3.5314,3.5406,3.5476,3.556,3.5647,3.5776000000000003,3.5904000000000003,3.6,3.6085000000000003,3.6182000000000003,3.6288,3.6363000000000003,3.644,3.6585,3.672,3.6830000000000003,3.6934,3.7007000000000003,3.7125000000000004,3.7242,3.7343,3.7425,3.7533000000000003,3.7592000000000003,3.7674000000000003,3.7763,3.7862,3.7948000000000004,3.8016,3.8106,3.8259000000000003,3.8431,3.851,3.861,3.8704,3.8837,3.8918000000000004,3.9010000000000002,3.9109000000000003,3.918,3.9252000000000002,3.9329,3.9392,3.9503000000000004,3.964,3.9732000000000003,3.9811,3.9898000000000002,3.9988,4.0056,4.0183,4.0256,4.032900000000001,4.0392,4.048900000000001,4.0583,4.0658,4.0737000000000005,4.0872,4.097300000000001,4.1043,4.1148,4.121700000000001,4.135800000000001,4.1454,4.1533,4.160200000000001,4.1753,4.1858,4.1947,4.2052000000000005,4.2178,4.228000000000001,4.2359,4.2447,4.2531,4.2592,4.275,4.2833000000000006,4.2892,4.3015,4.3095,4.3217,4.3323,4.3414,4.351100000000001,4.3575,4.3772,4.3862000000000005,4.3965000000000005,4.404,4.4127,4.4247000000000005,4.435700000000001,4.4481,4.4587,4.466,4.4782,4.4924,4.5023,4.5147,4.5279,4.5381,4.5479,4.5661000000000005,4.5756000000000006,4.5829,4.5925,4.5983,4.6082,4.6267000000000005,4.6362000000000005,4.655,4.6627,4.6752,4.6836,4.6993,4.7093,4.7214,4.7285,4.742,4.756200000000001,4.763,4.7723,4.79,4.7968,4.8045,4.8209,4.8274,4.8334,4.8437,4.8517,4.8583,4.8703,4.8781,4.8955,4.9011000000000005,4.9110000000000005,4.9219,4.9299,4.944,4.9549,4.968,4.979,4.9913,4.9994000000000005
98103:4.8658
98592:0.08990000000000001,0.1988,0.3426,0.41240000000000004,0.5556,0.7144,0.8067000000000001,0.9363,1.0053,1.1221,1.2066000000000001,1.409,1.5031,1.5463,1.6176000000000001,1.7618,1.8956000000000002,2.1223,2.2638000000000003,2.3264,2.4621,2.5263,2.6649000000000003,2.7691000000000003,2.9472,3.0363,3.1174,3.3095000000000003,3.4699,3.5255,3.5699,3.6168,3.7043000000000004,3.7745,3.8614,3.9410000000000003,4.0499,4.367100000000001,4.476100000000001,4.587000000000001,4.6493,4.748200000000001,4.8655
99208:0.4224,0.5661,0.7408,1.2659,1.6174000000000002,1.73,1.8003,2.0018000000000002,2.041,2.1578,2.4936000000000003,2.5571,3.3843,3.7049000000000003,4.5248,4.8021
99695:0.8711000000000001,1.216
99759:0.9188000000000001
99783:0.8976000000000001,1.2264000000000002
100315:1.2243000000000002,2.8039,3.0695,3.3748,4.3058000000000005,4.7876
100390:2.669,4.327
100474:2.0542000000000002,3.2621,3.8872
102182:0.11230000000000001,0.19720000000000001,0.435,0.5643,0.6115,0.8649,0.9218000000000001,1.0031,1.0565,1.2125000000000001,1.3114000000000001,1.627,2.0022,2.1239,2.2137000000000002,2.4706,2.6465,2.6951,2.8738,3.1572,3.2511,3.7074000000000003,3.8681,3.9883,4.161700000000001,4.219,4.3038,4.8176000000000005
102290:0.3121,2.9326000000000003
102500:0.0025,0.0038,0.0095,0.013600000000000001,0.0155,0.040100000000000004,0.056100000000000004,0.059800000000000006,0.064,0.0673,0.069,0.07050000000000001,0.07350000000000001,0.1042,0.1086,0.11710000000000001,0.1221,0.13,0.1359,0.1396,0.1424,0.14830000000000002,0.1764,0.185,0.1935,0.20170000000000002,0.2026,0.2096,0.2154,0.2157,0.2247,0.2272,0.23440000000000003,0.24530000000000002,0.2469,0.26230000000000003,0.2631,0.27,0.2737,0.2767,0.2827,0.3044,0.3084,0.31370000000000003,0.3211,0.3277,0.3296,0.3385,0.3664,0.3677,0.3682,0.3713,0.3724,0.3759,0.379,0.385,0.39230000000000004,0.39730000000000004,0.4203,0.436,0.4428,0.4433,0.45180000000000003,0.46390000000000003,0.46480000000000005,0.468,0.46890000000000004,0.4702,0.4762,0.49300000000000005,0.4968,0.5005000000000001,0.5138,0.5249,0.5262,0.5276000000000001,0.5281,0.5298,0.5322,0.5336000000000001,0.5377000000000001,0.5415,0.5677,0.5699000000000001,0.5711,0.5792,0.5836,0.5855,0.5918,0.5922000000000001,0.5981000000000001,0.6027,0.6037,0.6062000000000001,0.6103000000000001,0.6152000000000001,0.6196,0.6286,0.6356,0.6414000000000001,0.6534,0.6598,0.6655,0.6705,0.6862,0.6911,0.6943,0.6988000000000001,0.6996,0.7001000000000001,0.7221000000000001,0.7237,0.7302000000000001,0.7521,0.7542,0.7584000000000001,0.7594000000000001,0.7668,0.7876000000000001,0.7953,0.8025,0.8045,0.8145,0.8152,0.8244,0.8276,0.8284,0.8325,0.8371000000000001,0.8458,0.8473,0.859,0.8642000000000001,0.8681000000000001,0.8776,0.8815000000000001,0.8891,0.8938,0.894,0.8949,0.8953000000000001,0.9005000000000001,0.9035000000000001,0.9043,0.9086000000000001,0.9342,0.9365,0.9395,0.9459000000000001,0.9493,0.9510000000000001,0.9620000000000001,0.9626,0.9679000000000001,0.9719000000000001,0.9725,0.9878,0.9907,0.9963000000000001,1.0039,1.0103,1.026,1.0331000000000001,1.0390000000000001,1.0501,1.0508,1.0551000000000001,1.071,1.0858,1.087,1.0965,1.1187,1.1225,1.1284,1.1294,1.1428,1.1482,1.1500000000000001,1.1614,1.1995,1.2061,1.2214,1.2216,1.2253,1.2441,1.2486000000000002,1.2582,1.2676,1.2802,1.2829000000000002,1.284,1.2844,1.2944,1.3173000000000001,1.3368,1.3405,1.362,1.3654000000000002,1.368,1.3774,1.3817000000000002,1.3962,1.3987,1.3991,1.4040000000000001,1.4116,1.4126,1.4177,1.4218000000000002,1.4237,1.4298,1.4519,1.4601000000000002,1.4612,1.4643000000000002,1.4731,1.4829,1.4907000000000001,1.4986000000000002,1.5093,1.5231000000000001,1.5341,1.5411000000000001,1.5413000000000001,1.5421,1.5536,1.5811000000000002,1.5879,1.5886,1.5908,1.5959,1.5975000000000001,1.6042,1.6076000000000001,1.6078000000000001,1.6114000000000002,1.621,1.6212,1.6286,1.6367,1.6429,1.6439000000000001,1.6452,1.6497000000000002,1.6503,1.6512,1.6560000000000001,1.6603,1.6640000000000001,1.7048,1.7179,1.7209,1.7277,1.746,1.7496,1.7609000000000001,1.7632,1.7635,1.7668000000000001,1.7816,1.7965,1.7972000000000001,1.7987000000000002,1.8145,1.8218,1.8269000000000002,1.8307,1.8321,1.8375000000000001,1.8396000000000001,1.8402,1.8450000000000002,1.8465,1.8687,1.8702,1.8991,1.9088,1.9206,1.9261000000000001,1.9316,1.9461000000000002,1.9466,1.9579000000000002,1.9588,1.9638,1.9796,1.9934,2.0204,2.0291,2.0382000000000002,2.0386,2.0509,2.0533,2.0543,2.0679000000000003,2.0738000000000003,2.077,2.0802,2.0884,2.1062000000000003,2.1111,2.1179,2.1196,2.123,2.1263,2.129,2.1308000000000002,2.1310000000000002,2.1362,2.1407000000000003,2.1432,2.1449000000000003,2.1470000000000002,2.1571000000000002,2.1753,2.1816,2.1961,2.1971000000000003,2.1998,2.2083,2.2168,2.2228,2.2270000000000003,2.2304,2.2343,2.2441,2.2479,2.2524,2.2642,2.2644,2.2680000000000002,2.2697000000000003,2.2724,2.2726,2.2831,2.2884,2.3045,2.3091,2.3121,2.3145000000000002,2.3182,2.3222,2.3240000000000003,2.3277,2.3471,2.3491,2.3526000000000002,2.3666,2.3722000000000003,2.3842000000000003,2.3844000000000003,2.3858,2.3964000000000003,2.4084000000000003,2.4224,2.4321,2.4370000000000003,2.4425000000000003,2.4458,2.4582,2.4693,2.4724,2.4955000000000003,2.5098000000000003,2.5132000000000003,2.5196,2.549,2.5572,2.5582000000000003,2.5598,2.5612,2.5644,2.5651,2.5664000000000002,2.5819,2.5872,2.5897,2.5906000000000002,2.5925000000000002,2.5938000000000003,2.607,2.6133,2.6161000000000003,2.6196,2.6199000000000003,2.6270000000000002,2.6275,2.6332,2.6355,2.6362,2.6366,2.6427,2.6441000000000003,2.6443000000000003,2.6578,2.6593,2.6656,2.6739,2.6773000000000002,2.6814,2.6892,2.6897,2.7012,2.7087000000000003,2.7096,2.7203,2.7256,2.728,2.7295000000000003,2.7485,2.7496,2.7593,2.7615000000000003,2.7637,2.7705,2.7823,2.7891,2.7916000000000003,2.8062,2.8073,2.8111,2.8275,2.8302,2.8371,2.8507000000000002,2.8519,2.8595,2.8749000000000002,2.8781000000000003,2.8795,2.8803,2.8829000000000002,2.8998,2.9022,2.9038,2.9073,2.9128000000000003,2.9243,2.9247,2.9267000000000003,2.9492000000000003,2.9595000000000002,2.9608000000000003,2.9648000000000003,2.9718,2.9862,2.9927,3.0108,3.0140000000000002,3.0158,3.0307,3.0324,3.0478,3.0527,3.0691,3.0709,3.0875000000000004,3.0982000000000003,3.1028000000000002,3.1064000000000003,3.1266000000000003,3.1282,3.1297,3.1317,3.1323000000000003,3.1364,3.1378000000000004,3.1386000000000003,3.1502000000000003,3.1522,3.1536,3.1557,3.1576,3.1628000000000003,3.1655,3.1726,3.1753,3.1885000000000003,3.1906000000000003,3.2068000000000003,3.2110000000000003,3.2173000000000003,3.222,3.2263,3.2362,3.2403,3.2439,3.2442,3.2582,3.2584,3.2752000000000003,3.2822,3.2835,3.2871,3.2914000000000003,3.2974,3.3165,3.318,3.3204000000000002,3.3442000000000003,3.3521,3.3662,3.3808000000000002,3.3881,3.3938,3.4048000000000003,3.4123,3.4134,3.4154,3.4182,3.4502,3.4547000000000003,3.4672,3.4846000000000004,3.4852000000000003,3.4981,3.5161000000000002,3.5363,3.5402,3.5464,3.547,3.5672,3.5867,3.6063,3.6113,3.6146000000000003,3.615,3.619,3.6196,3.6215,3.6388000000000003,3.6406,3.6537,3.6548000000000003,3.6563000000000003,3.6654,3.6815,3.6826000000000003,3.6941,3.704,3.7150000000000003,3.7203000000000004,3.7219,3.7225,3.7279,3.7394000000000003,3.7443,3.7510000000000003,3.7746000000000004,3.7776,3.7835,3.8061000000000003,3.8079,3.8085,3.8193,3.8208,3.8212,3.8217000000000003,3.8289,3.8333000000000004,3.8346,3.8384,3.8415000000000004,3.8418,3.8565,3.8642000000000003,3.8701000000000003,3.8753,3.879,3.8859000000000004,3.8895000000000004,3.8982,3.9002000000000003,3.9031000000000002,3.9083,3.9158000000000004,3.9228,3.9314,3.9353000000000002,3.9457,3.9564000000000004,3.9727,3.9744,3.9766000000000004,3.982,3.9856000000000003,4.023000000000001,4.0414,4.0419,4.0478000000000005,4.0572,4.0576,4.0600000000000005,4.066800000000001,4.0735,4.0886000000000005,4.0898,4.0946,4.1031,4.1104,4.1131,4.117,4.117900000000001,4.125500000000001,4.1281,4.1290000000000004,4.133500000000001,4.1413,4.143400000000001,4.1622,4.1706,4.1755,4.1783,4.198300000000001,4.2042,4.2068,4.2072,4.2132000000000005,4.2257,4.231,4.2327,4.258900000000001,4.2708,4.2731,4.276,4.2824,4.2841000000000005,4.2855,4.2868,4.2943,4.3116,4.3189,4.3196,4.3260000000000005,4.3281,4.3288,4.3291,4.3298000000000005,4.3335,4.3346,4.345000000000001,4.3613,4.3636,4.3666,4.3821,4.4151,4.4177,4.4233,4.4298,4.4356,4.4368,4.4468000000000005,4.4528,4.4549,4.4683,4.4693000000000005,4.476500000000001,4.49,4.5065,4.5069,4.5084,4.5092,4.5205,4.5229,4.5277,4.5286,4.5341000000000005,4.538,4.563000000000001,4.5736,4.574800000000001,4.5798000000000005,4.5811,4.6242,4.6284,4.6301000000000005,4.6305000000000005,4.6431000000000004,4.6512,4.6717,4.6827000000000005,4.6893,4.6948,4.6991000000000005,4.7028,4.707800000000001,4.719,4.7206,4.7277000000000005,4.7338000000000005,4.7410000000000005,4.742900000000001,4.7605,4.764600000000001,4.7721,4.7754,4.78,4.8077000000000005,4.8093,4.8192,4.8209,4.8213,4.8242,4.827100000000001,4.8325000000000005,4.833600000000001,4.8348,4.8353,4.8378000000000005,4.8436,4.8462000000000005,4.8619,4.867100000000001,4.87,4.8737,4.8789,4.8942000000000005,4.8958,4.9064000000000005,4.9083000000000006,4.9206,4.9282,4.9345,4.9365000000000006,4.9374,4.9421,4.9433,4.9488,4.9491000000000005,4.9518,4.9554,4.9556000000000004,4.980700000000001
102644:1.2227000000000001
102668:1.79,2.1699,3.3687
102771:0.0747,0.4772,0.8652000000000001,1.0565,1.2089,1.2733,1.5102,1.6891,1.7639,2.1273,2.1817,2.2568,2.6304000000000003,3.2482,3.6648,3.8641,4.1844,4.2152,4.3033,4.6355,4.8258,4.8875
103137:0.030600000000000002,0.075,0.14070000000000002,0.1912,0.2331,0.2721,0.3259,0.35760000000000003,0.3891,0.4274,0.4652,0.49660000000000004,0.5424,0.5872,0.6288,0.6664,0.7064,0.7563000000000001,0.8078000000000001,0.8626,0.9013,0.9302,0.9651000000000001,0.9913000000000001,1.0338,1.0745,1.1181,1.1697,1.2109,1.2651000000000001,1.2990000000000002,1.3324,1.3758000000000001,1.4228,1.4633,1.5093,1.5398,1.5951000000000002,1.6296000000000002,1.6763000000000001,1.7233,1.7890000000000001,1.8319,1.8656000000000001,1.8956000000000002,1.9425000000000001,1.9665000000000001,2.0298000000000003,2.0591,2.0934,2.1178,2.1573,2.1990000000000003,2.2316000000000003,2.2626,2.3031,2.3451,2.4131,2.4524,2.4777,2.5101,2.5374000000000003,2.5748,2.6172,2.6503,2.6687000000000003,2.6996,2.7473,2.7838000000000003,2.8299000000000003,2.8617000000000004,2.8912,2.9366000000000003,2.9657,3.0010000000000003,3.0458000000000003,3.0858000000000003,3.1269,3.1632000000000002,3.1996,3.246,3.2722,3.3040000000000003,3.3711,3.4056,3.4407,3.4704,3.5149000000000004,3.5468,3.5823,3.6216000000000004,3.6476,3.6993,3.7389,3.7696,3.7996000000000003,3.8549,3.8972,3.9225000000000003,3.9541000000000004,3.9836,4.0284,4.0608,4.1074,4.1416,4.1634,4.2083,4.248200000000001,4.2872,4.3152,4.3541,4.4069,4.442200000000001,4.4711,4.5445,4.5825000000000005,4.6103000000000005,4.6664,4.7071000000000005,4.760400000000001,4.8042,4.8391,4.8621,4.9058,4.9350000000000005,4.9827
103226:0.9314
103783:0.0043,0.0159,0.0207,0.027,0.0335,0.038,0.0506,0.059000000000000004,0.0723,0.0752,0.0823,0.10300000000000001,0.11040000000000001,0.12760000000000002,0.1358,0.1439,0.14700000000000002,0.1547,0.1589,0.165,0.17020000000000002,0.19890000000000002,0.2157,0.2177,0.22030000000000002,0.2233,0.226,0.2262,0.2343,0.2484,0.2655,0.299,0.30110000000000003,0.3052,0.3079,0.3126,0.3129,0.3214,0.3244,0.3361,0.337,0.3378,0.33840000000000003,0.3411,0.3482,0.3502,0.3583,0.36000000000000004,0.36250000000000004,0.3633,0.3678,0.37260000000000004,0.37720000000000004,0.3785,0.38180000000000003,0.3839,0.3876,0.4136,0.4288,0.44220000000000004,0.4424,0.45480000000000004,0.46590000000000004,0.47350000000000003,0.4753,0.4758,0.48960000000000004,0.4912,0.5043,0.5086,0.5089,0.5112,0.5178,0.5393,0.5417000000000001,0.5484,0.5489,0.5536,0.5675,0.5686,0.5813,0.5937,0.5979,0.6037,0.6073000000000001,0.612,0.6163000000000001,0.6222,0.623,0.6294000000000001,0.6304000000000001,0.6668000000000001,0.6687000000000001,0.6764,0.6801,0.6824,0.6829000000000001,0.7200000000000001,0.7208,0.7211000000000001,0.7219,0.73,0.7365,0.7394000000000001,0.7413000000000001,0.7415,0.7419,0.7432000000000001,0.7442000000000001,0.747,0.7523000000000001,0.7883,0.7924,0.7996000000000001,0.8009000000000001,0.8142,0.8172,0.8210000000000001,0.8456,0.8486,0.8549,0.86,0.8653000000000001,0.8691000000000001,0.8862,0.8879,0.8951,0.9007000000000001,0.9016000000000001,0.9242,0.926,0.9288000000000001,0.9369000000000001,0.9407000000000001,0.9484,0.9736,0.9750000000000001,0.9812000000000001,0.9854,0.9909,1.0050000000000001,1.0105,1.0188000000000001,1.05,1.0571000000000002,1.0584,1.0681,1.0691000000000002,1.0701,1.0779,1.0906,1.0931,1.1026,1.1058000000000001,1.1117000000000001,1.1219000000000001,1.1308,1.1335,1.1345,1.1404,1.1413,1.1423,1.1464,1.1612,1.1617,1.1638,1.1677,1.1764000000000001,1.1795,1.1853,1.1891,1.1955,1.2067,1.2073,1.2233,1.2389000000000001,1.2407000000000001,1.2458,1.2487000000000001,1.2543,1.2610000000000001,1.2653,1.2684,1.286,1.2896,1.2959,1.3056,1.31,1.3219,1.3232000000000002,1.3235000000000001,1.333,1.3435000000000001,1.3481,1.3503,1.3572,1.3624,1.3691,1.3702,1.387,1.3889,1.3914,1.3953,1.3967,1.4045,1.409,1.4134,1.4167,1.4215,1.4228,1.4320000000000002,1.4418,1.4463000000000001,1.4498,1.4627000000000001,1.4676,1.4727000000000001,1.487,1.4994,1.506,1.5107000000000002,1.5205,1.5267000000000002,1.5274,1.5276,1.5584,1.5739,1.5874000000000001,1.5914000000000001,1.5965,1.6034000000000002,1.6149,1.6234000000000002,1.6242,1.6341,1.6373,1.6406,1.6646,1.6661000000000001,1.6666,1.6748,1.6924000000000001,1.6952,1.6969,1.6974,1.7101000000000002,1.7152,1.7263000000000002,1.736,1.7387000000000001,1.7434,1.7574,1.7747000000000002,1.7867000000000002,1.802,1.8204,1.8324,1.8347,1.8478,1.8489,1.8584,1.8655000000000002,1.8699000000000001,1.8768,1.8977000000000002,1.9013,1.923,1.9287,1.9461000000000002,1.9473,1.9494,1.9520000000000002,1.9525000000000001,1.9586000000000001,1.9599000000000002,1.9609,1.9712,1.9722000000000002,1.9831,1.9909000000000001,1.9989000000000001,2.0042,2.0211,2.0326,2.0399000000000003,2.0475000000000003,2.048,2.0643000000000002,2.0701,2.0704000000000002,2.0742000000000003,2.0833,2.0856,2.0867,2.0871,2.1054,2.1060000000000003,2.1207000000000003,2.125,2.1447000000000003,2.1482,2.1575,2.1617,2.1644,2.166,2.1737,2.1793,2.1796,2.184,2.1912000000000003,2.1947,2.1952000000000003,2.2122,2.2162,2.2242,2.2325,2.2358000000000002,2.253,2.2552000000000003,2.2561,2.2646,2.2727,2.2767,2.2881,2.2909,2.2937000000000003,2.2945,2.2972,2.3007,2.3119,2.313,2.3187,2.3280000000000003,2.3560000000000003,2.3625000000000003,2.3665000000000003,2.3759,2.3777,2.3787000000000003,2.3966000000000003,2.3976,2.4088000000000003,2.4182,2.4382,2.4398,2.4416,2.4555000000000002,2.4627000000000003,2.4747,2.4885,2.4969,2.4978000000000002,2.5057,2.5126,2.5136000000000003,2.5195000000000003,2.5288,2.5307,2.5319000000000003,2.5685000000000002,2.5707,2.5895,2.5913,2.5951,2.5954,2.5987,2.6123000000000003,2.62,2.6204,2.6213,2.6235,2.6270000000000002,2.6304000000000003,2.6349,2.6357,2.6437,2.649,2.6526,2.6579,2.6676,2.6766,2.6861,2.6870000000000003,2.7103,2.7143,2.7153,2.7155,2.7187,2.7234000000000003,2.7391,2.7419000000000002,2.7632000000000003,2.7767,2.7924,2.7948,2.795,2.7972,2.8028,2.8052,2.8119,2.8159,2.8209,2.8218,2.8277,2.8299000000000003,2.841,2.8433,2.8508,2.8518000000000003,2.8864,2.8871,2.8879,2.9073,2.9091,2.9177,2.9251,2.9371,2.9373,2.9441,2.9585000000000004,2.9587000000000003,2.9734000000000003,2.9758,2.9768000000000003,2.9795000000000003,2.9799,2.9865,2.9935,3.0024,3.0101,3.0189000000000004,3.0235000000000003,3.0335,3.0351000000000004,3.0366,3.0370000000000004,3.0386,3.052,3.0541,3.0545,3.0588,3.0596,3.0607,3.065,3.0667,3.0722,3.084,3.0888,3.091,3.0954,3.0994,3.1125000000000003,3.1373,3.1428000000000003,3.1472,3.1474,3.1554,3.1716,3.1752000000000002,3.1762,3.1774,3.2115,3.2154000000000003,3.2279,3.2299,3.2373000000000003,3.2470000000000003,3.2481,3.2503,3.2545,3.2565,3.2615000000000003,3.2675,3.289,3.2958000000000003,3.3003,3.3016,3.3203,3.3307,3.3394000000000004,3.3568000000000002,3.3649,3.3823000000000003,3.3853,3.3917,3.3939000000000004,3.3970000000000002,3.403,3.4062,3.4088000000000003,3.4092000000000002,3.4147000000000003,3.4193000000000002,3.4289,3.4318,3.438,3.4401,3.456,3.4603,3.4619,3.464,3.4731,3.4757000000000002,3.4763,3.4778000000000002,3.487,3.4947000000000004,3.5002,3.5034,3.511,3.5114,3.5173,3.5393000000000003,3.5399000000000003,3.5499,3.5531,3.556,3.5570000000000004,3.5582000000000003,3.5736000000000003,3.5772000000000004,3.5938000000000003,3.5989,3.5994,3.6074,3.6151,3.6183,3.6349,3.6353,3.6367000000000003,3.6394,3.6397000000000004,3.6437000000000004,3.6477000000000004,3.6504000000000003,3.6591,3.6751,3.6774,3.6837,3.6943,3.6986000000000003,3.7025,3.7058,3.7149,3.7194000000000003,3.7244,3.7279,3.7284,3.7337000000000002,3.7348000000000003,3.7379000000000002,3.7546000000000004,3.774,3.7885,3.7914000000000003,3.7957,3.798,3.7994000000000003,3.8028000000000004,3.8201,3.8238000000000003,3.8240000000000003,3.8246,3.8332,3.8365,3.8426,3.8601,3.8720000000000003,3.8817000000000004,3.8844000000000003,3.8942,3.9014,3.9036000000000004,3.9075,3.9092000000000002,3.9141000000000004,3.9153000000000002,3.9189000000000003,3.9209,3.9219000000000004,3.923,3.9243,3.9256,3.9264,3.9338,3.9343000000000004,3.9366000000000003,3.9572000000000003,3.9627000000000003,3.9835000000000003,3.9872,3.9901,3.9915000000000003,3.9992,4.0029,4.0044,4.008,4.0282,4.0349,4.0394000000000005,4.0467,4.0513,4.0623000000000005,4.0632,4.0675,4.082,4.0858,4.0862,4.1125,4.1207,4.1313,4.134,4.1404000000000005,4.1413,4.1463,4.1481,4.1529,4.1531,4.1631,4.1938,4.2165,4.2359,4.244,4.2539,4.26,4.2678,4.2860000000000005,4.2868,4.3052,4.308,4.3095,4.3133,4.3286,4.3297,4.3364,4.3432,4.347300000000001,4.348,4.3565000000000005,4.3885000000000005,4.407900000000001,4.437600000000001,4.4421,4.4433,4.4725,4.4824,4.4854,4.4998000000000005,4.5119,4.5217,4.5336,4.5383000000000004,4.543,4.5589,4.565300000000001,4.5919,4.593500000000001,4.6003,4.6061000000000005,4.6146,4.621300000000001,4.6235,4.625500000000001,4.6292,4.6325,4.633100000000001,4.6355,4.6427000000000005,4.6450000000000005,4.6477,4.6548,4.6574,4.6601,4.6622,4.6732000000000005,4.6747000000000005,4.6775,4.6853,4.6859,4.7067000000000005,4.7159,4.7198,4.7358,4.7369,4.7435,4.7624,4.784,4.7847,4.7853,4.7858,4.7882,4.7898000000000005,4.7927,4.7938,4.7942,4.7948,4.7956,4.7988,4.8053,4.8076,4.8094,4.8216,4.824,4.8354,4.8693,4.8753,4.8918,4.8964,4.8966,4.902200000000001,4.9029,4.9165,4.9175,4.925800000000001,4.933,4.9388000000000005,4.9438,4.9442,4.9546,4.9558,4.962000000000001,4.965,4.9659,4.9775,4.993,4.996300000000001,4.9969
104107:0.0403,0.08220000000000001,0.1859,0.24150000000000002,0.27640000000000003,0.331,0.365,0.39980000000000004,0.4506,0.4968,0.547,0.6273000000000001,0.685,0.7383000000000001,0.8091,0.8735,0.9076000000000001,0.9394,0.9748,1.01,1.0565,1.1177000000000001,1.1714,1.2122000000000002,1.2697,1.3050000000000002,1.3374000000000001,1.4156,1.456,1.5153,1.5637,1.602,1.6482,1.7037,1.7883,1.8319,1.8949,1.9582000000000002,2.0099,2.0559000000000003,2.1116,2.2041,2.2396000000000003,2.2945,2.3433,2.4463,2.4755000000000003,2.5125,2.5449,2.5965000000000003,2.6491000000000002,2.6759,2.7197,2.7555,2.8217000000000003,2.8649,2.9268,2.9579,2.9924,3.0458000000000003,3.0863,3.1492,3.1852,3.2241,3.2625,3.3069,3.3726000000000003,3.4045,3.4426,3.5025,3.5503,3.6048,3.6404,3.7032000000000003,3.7612,3.798,3.8656,3.9144,3.9415,3.9852000000000003,4.028700000000001,4.0633,4.1081,4.1573,4.199800000000001,4.2474,4.2877,4.3366,4.4063,4.4648,4.5431,4.5952,4.686100000000001,4.7328,4.7767,4.831300000000001,4.8624,4.9146,4.9828
104365:0.9172,1.5983
104955:0.0422,0.0784,0.1149,0.15910000000000002,0.1948,0.2354,0.27080000000000004,0.3216,0.34540000000000004,0.3669,0.3925,0.43010000000000004,0.465,0.4943,0.5197,0.5504,0.5928,0.6369,0.6695,0.7091000000000001,0.7494000000000001,0.8085,0.8533000000000001,0.8812000000000001,0.9104000000000001,0.9339000000000001,0.9698,0.9993000000000001,1.0338,1.0764,1.1153,1.1515,1.1880000000000002,1.2083000000000002,1.2506000000000002,1.2752000000000001,1.3068,1.3404,1.377,1.4149,1.4561000000000002,1.4831,1.5259,1.5603,1.5974000000000002,1.6287,1.6666,1.7056,1.7449000000000001,1.7929000000000002,1.8327,1.8685,1.9009,1.9322000000000001,1.9629,1.9892,2.0332,2.0599000000000003,2.0944000000000003,2.1208,2.1584000000000003,2.1998,2.2208,2.2634000000000003,2.3077,2.3374,2.3765,2.4201,2.4615,2.5025,2.525,2.5473000000000003,2.5774,2.6112,2.6512000000000002,2.6718,2.6941,2.7219,2.7546,2.7837,2.8326000000000002,2.863,2.8866,2.9298,2.9504,2.9706,3.0037000000000003,3.0486,3.0873,3.1317,3.1625,3.1896,3.2259,3.2568,3.2889000000000004,3.3153,3.3744,3.4065000000000003,3.443,3.4669000000000003,3.4971,3.5394,3.5583,3.5954,3.6339,3.7003000000000004,3.7336,3.7644,3.7962000000000002,3.8160000000000003,3.8574,3.8987000000000003,3.9240000000000004,3.9485,3.9861,4.0121,4.0379000000000005,4.0636,4.1046000000000005,4.1265,4.159800000000001,4.1937,4.234,4.2605,4.2911,4.3173,4.355700000000001,4.409,4.4528,4.4863,4.5536,4.5978,4.6352,4.6699,4.7171,4.748600000000001,4.7814000000000005,4.810700000000001,4.8384,4.861800000000001,4.907,4.937,4.9843
105214:0.031200000000000002,0.1612,0.17120000000000002,0.25220000000000004,0.2958,0.3412,0.4338,0.49970000000000003,0.5466,0.6189,0.6298,0.7297,0.8246,0.8716,0.9097000000000001,1.0044,1.0179,1.0699,1.0824,1.1376,1.1584,1.2282,1.2806,1.326,1.3358,1.4346,1.4824000000000002,1.5339,1.5792000000000002,1.5906,1.6477000000000002,1.6944000000000001,1.7040000000000002,1.7449000000000001,1.8076,1.9408,2.0194,2.0733,2.1194,2.2026,2.2154000000000003,2.3001,2.3798,2.3937,2.4938000000000002,2.5898000000000003,2.7003,2.7399,2.875,2.8853,2.9363,2.9923,3.0545,3.1059,3.1710000000000003,3.2153,3.224,3.3142,3.3816,3.3893,3.5701,3.6202,3.6479000000000004,3.6833,3.7374,3.8254,3.9286000000000003,3.9917000000000002,4.0004,4.074,4.089,4.1736,4.287100000000001,4.367100000000001,4.4497,4.5084,4.529100000000001,4.5835,4.7171,4.7763,4.787100000000001,4.8376,4.9438,4.9916
105242:0.9365
105779:0.0188,0.1285,0.1757,0.2368,0.27,0.3121,0.3639,0.3864,0.4051,0.45990000000000003,0.5357000000000001,0.5508000000000001,0.5884,0.6246,0.6683,0.7028,0.7554000000000001,0.7835000000000001,0.8471000000000001,0.8973000000000001,0.9591000000000001,0.9822000000000001,0.9974000000000001,1.0287,1.0782,1.1407,1.1551,1.2477,1.2931000000000001,1.3235000000000001,1.3388,1.4519,1.4885000000000002,1.5326000000000002,1.5771000000000002,1.5923,1.6041,1.6443,1.6771,1.7094,1.7864,1.8343,1.848,1.8598000000000001,1.9395,1.983,2.0032,2.0233,2.0731,2.0837,2.1140000000000003,2.1859,2.1994000000000002,2.2388,2.2996000000000003,2.3177000000000003,2.3468,2.361,2.3924000000000003,2.4397,2.4919000000000002,2.5905,2.6395,2.6562,2.7193,2.7333000000000003,2.7664,2.8544,2.8672,2.8926000000000003,2.9338,2.9919000000000002,3.0098000000000003,3.0804,3.111,3.1452,3.1809000000000003,3.2115,3.2522,3.3032000000000004,3.3757,3.3886000000000003,3.4162000000000003,3.4402000000000004,3.468,3.5024,3.528,3.5475000000000003,3.5704000000000002,3.6351,3.6836,3.7239,3.7671,3.7802000000000002,3.8785000000000003,3.8987000000000003,3.9662,3.9929,4.0247,4.0468,4.069100000000001,4.0928,4.1146,4.1648000000000005,4.1845,4.2413,4.2586,4.2927,4.3378000000000005,4.391500000000001,4.407500000000001,4.5074000000000005,4.5478000000000005,4.582800000000001,4.6069,4.637700000000001,4.6723,4.687600000000001,4.7247,4.7686,4.801,4.8519000000000005,4.8753,4.9005,4.9203,4.9671
105957:0.0521,0.42160000000000003,0.7422000000000001,0.9762000000000001,1.1476,1.6177000000000001,1.7298,2.0026,2.2207,2.5132000000000003,2.556,2.8897,2.9848000000000003,3.6648,4.1132,4.5298,4.8074,4.972300000000001
106130:0.3163,0.38520000000000004,0.5946,0.8199000000000001,2.9290000000000003,3.1783,3.4795000000000003,4.1101,4.293,4.7953
106710:0.033,0.1557,0.2541,0.3478,0.4409,0.4776,0.614,0.8188000000000001,1.0087000000000002,1.3225,1.4766000000000001,1.8114000000000001,1.9113,2.1349,2.3776,2.4683,2.6703,2.8547000000000002,2.8693,3.0652000000000004,3.4757000000000002,3.8373000000000004,3.9929,4.1374,4.2743,4.3723,4.3803,4.4895000000000005,4.6322,4.7062,4.8889000000000005,4.9461,4.9716000000000005
107826:1.3956000000000002,3.2950000000000004,4.4728
108148:0.025500000000000002,0.055900000000000005,0.08650000000000001,0.11420000000000001,0.1553,0.1709,0.1973,0.221,0.2426,0.2655,0.2918,0.3113,0.3321,0.3658,0.39,0.4113,0.45570000000000005,0.4812,0.5015000000000001,0.5263,0.5365,0.5708,0.5964,0.6225,0.6383,0.6681,0.6853,0.7049000000000001,0.7335,0.7799,0.8137000000000001,0.8334,0.8503000000000001,0.87,0.8971,0.9155000000000001,0.9317000000000001,0.9479000000000001,0.9734,1.0217,1.0471000000000001,1.065,1.0853000000000002,1.1413,1.1564,1.1906,1.2058,1.2302,1.254,1.2832000000000001,1.3016,1.3244,1.3578000000000001,1.3912,1.4157,1.4481000000000002,1.4675,1.4913,1.5277,1.5497,1.5667,1.596,1.6369,1.6715,1.6874,1.7046000000000001,1.733,1.7473,1.7692,1.7956,1.8176,1.8337,1.8494000000000002,1.9285,1.9566000000000001,1.9757,1.9981,2.0167,2.0424,2.0671,2.0867,2.1111,2.1453,2.1589,2.1919,2.2202,2.2361,2.2553,2.2929,2.3176,2.3327,2.3539000000000003,2.3788,2.4028,2.4331,2.4683,2.4966,2.5232,2.5543,2.5895,2.6163000000000003,2.6319,2.6733000000000002,2.7087000000000003,2.7358000000000002,2.7717,2.7993,2.8221000000000003,2.8483,2.8804000000000003,2.9126000000000003,2.9679,2.9787000000000003,3.0054000000000003,3.0296000000000003,3.0611,3.0860000000000003,3.1053,3.1368,3.1722,3.1976,3.2151,3.2418,3.2666,3.2949,3.335,3.3523,3.3724000000000003,3.3909000000000002,3.4179000000000004,3.4496,3.4681,3.4964,3.5221,3.5954,3.6269,3.6452,3.6662000000000003,3.6833,3.7052,3.7235,3.7577000000000003,3.7776,3.805,3.8262,3.8514000000000004,3.8712,3.8856,3.9045,3.9355,3.9651,3.9964000000000004,4.0176,4.0362,4.0677,4.0995,4.1204,4.1357,4.155,4.1751000000000005,4.2001,4.221,4.2681000000000004,4.2847,4.3035000000000005,4.3206,4.351100000000001,4.3758,4.3966,4.4315,4.4798,4.5003,4.5174,4.540900000000001,4.5598,4.5817000000000005,4.5972,4.6161,4.6596,4.6844,4.7191,4.7484,4.7676,4.7942,4.823300000000001,4.8728,4.8942000000000005,4.9172,4.9548000000000005,4.9839
108631:0.020200000000000003,0.0298,0.0694,0.0907,0.1396,0.1799,0.1948,0.199,0.2354,0.2444,0.273,0.32280000000000003,0.3388,0.34450000000000003,0.37570000000000003,0.38620000000000004,0.4103,0.43160000000000004,0.4666,0.4929,0.49860000000000004,0.5318,0.5367000000000001,0.5542,0.5947,0.6314000000000001,0.6409,0.6513,0.6867000000000001,0.7116,0.7309,0.7621,0.8051,0.8103,0.8552000000000001,0.8736,0.8789,0.9087000000000001,0.9232,0.9358000000000001,0.9622,0.9746,0.9987,1.022,1.0487,1.0788,1.1035000000000001,1.1245,1.1549,1.173,1.2046000000000001,1.2212,1.2495,1.2714,1.3007,1.3106,1.3358,1.3427,1.3667,1.3813,1.4063,1.4280000000000002,1.4491,1.4575,1.4977,1.5186000000000002,1.5425,1.5477,1.5885,1.6046,1.6291,1.6520000000000001,1.6825,1.7062000000000002,1.7304000000000002,1.7554,1.8006,1.8322,1.8427,1.8665,1.8968,1.9029,1.9367,1.9595,1.9862000000000002,2.0265,2.0340000000000003,2.0733,2.0914,2.1202,2.1599,2.1993,2.2115,2.2425,2.2592000000000003,2.2651,2.2964,2.3015000000000003,2.3282000000000003,2.358,2.3773,2.4053,2.4124000000000003,2.4486000000000003,2.4611,2.4984,2.5091,2.5283,2.5475000000000003,2.568,2.5994,2.6263,2.6549,2.689,2.7054,2.7249000000000003,2.7455000000000003,2.7628,2.7668,2.8068,2.8349,2.8474,2.8684000000000003,2.8869000000000002,2.9202000000000004,2.9411,2.9482,2.9647,2.9805,2.9948,3.0123,3.0340000000000003,3.0504000000000002,3.0851,3.1113,3.1466000000000003,3.1511,3.1827,3.2182,3.2276000000000002,3.2496,3.2721,3.3073,3.3446000000000002,3.3497000000000003,3.3855,3.4014,3.406,3.4149000000000003,3.4447,3.4674,3.4779,3.5009,3.5233000000000003,3.5469000000000004,3.5635000000000003,3.5692000000000004,3.5988,3.6155000000000004,3.6468000000000003,3.6525000000000003,3.6812,3.7022000000000004,3.7065,3.7417000000000002,3.7472000000000003,3.7694,3.7839,3.8107,3.8379000000000003,3.8585000000000003,3.8797,3.8989000000000003,3.9169,3.9375,3.9689,3.9851,4.0058,4.0307,4.0484,4.0671,4.0735,4.0915,4.1203,4.151,4.1775,4.1925,4.2074,4.2417,4.2609,4.2941,4.3104000000000005,4.3392,4.3655,4.4085,4.441,4.4449000000000005,4.4743,4.516900000000001,4.5221,4.5532,4.58,4.6158,4.6445,4.6836,4.6887,4.7337,4.7476,4.7763,4.813400000000001,4.8506,4.8754,4.8801000000000005,4.9110000000000005,4.9294,4.9359,4.9691,4.9936,4.9999
108651:4.5379000000000005
108734:0.37620000000000003,0.503,0.5368,0.9183,0.999,1.0503,1.2727000000000002,1.3053000000000001,1.369,1.6082,1.6591,1.6821000000000002,1.8039,1.8385,1.9027,1.9405000000000001,1.9884000000000002,2.1212,2.1609000000000003,2.2034000000000002,2.2416,2.4499,2.555,2.6925000000000003,3.2297000000000002,3.3461000000000003,3.3889,3.9862,4.6882
108748:0.0166,0.0253,0.032,0.0565,0.0732,0.0932,0.1073,0.12440000000000001,0.1437,0.1753,0.18480000000000002,0.1908,0.19870000000000002,0.23800000000000002,0.2624,0.2767,0.2914,0.30770000000000003,0.3249,0.34540000000000004,0.37520000000000003,0.3841,0.4176,0.4315,0.44470000000000004,0.46530000000000005,0.4722,0.49210000000000004,0.49710000000000004,0.5053,0.5193,0.5357000000000001,0.542,0.5607,0.5795,0.5934,0.602,0.6164000000000001,0.6331,0.6413,0.6527000000000001,0.6901,0.7019000000000001,0.7207,0.7356,0.7665000000000001,0.7798,0.7939,0.8051,0.8096,0.8167000000000001,0.8300000000000001,0.8565,0.8673000000000001,0.8772000000000001,0.8961,0.9122,0.9365,0.9649000000000001,0.9786,0.9937,0.9985,1.0047000000000001,1.0203,1.0296,1.0457,1.0522,1.0811,1.1029,1.1131,1.1259000000000001,1.1616,1.1734,1.1882000000000001,1.2025000000000001,1.2078,1.2168,1.2292,1.2439,1.2530000000000001,1.2607000000000002,1.2712,1.2758,1.2894,1.3049000000000002,1.3394000000000001,1.3489,1.3703,1.3863,1.4045,1.411,1.4275,1.4331,1.4504000000000001,1.4587,1.4642000000000002,1.4873,1.4934,1.4999,1.5128000000000001,1.5219,1.5437,1.5512000000000001,1.5937000000000001,1.6076000000000001,1.6171,1.6276000000000002,1.6387,1.6561000000000001,1.6786,1.6886,1.7005000000000001,1.7103000000000002,1.7266000000000001,1.7344000000000002,1.7488000000000001,1.7603,1.8018,1.8335000000000001,1.8729,1.8816000000000002,1.8918000000000001,1.8962,1.9048,1.9202000000000001,1.9397000000000002,1.963,1.9807000000000001,1.9945000000000002,2.0293,2.0394,2.0497,2.0811,2.0956,2.1138,2.1227,2.1393,2.1583,2.1662,2.1821,2.1941,2.2055000000000002,2.2159,2.2428,2.2509,2.2627,2.2764,2.2989,2.3176,2.3294,2.3621000000000003,2.4118,2.4185000000000003,2.4479,2.4551000000000003,2.4667000000000003,2.487,2.5058000000000002,2.5135,2.5228,2.5277000000000003,2.5425,2.5504000000000002,2.5678,2.5723000000000003,2.5904000000000003,2.5983,2.6152,2.6245000000000003,2.6378,2.6588000000000003,2.6707,2.6876,2.6952000000000003,2.7292,2.7479,2.7602,2.7670000000000003,2.7748,2.7865,2.7935000000000003,2.8081,2.8121,2.8357,2.8453,2.8656,2.8808000000000002,2.8911000000000002,2.9262,2.9448000000000003,2.964,2.9692000000000003,2.9850000000000003,2.9989000000000003,3.0151000000000003,3.0302000000000002,3.0397000000000003,3.0535,3.0678,3.0889,3.1114,3.1239000000000003,3.1390000000000002,3.1538,3.1758,3.1823,3.1903,3.2110000000000003,3.2247000000000003,3.2322,3.2447000000000004,3.2524,3.2716000000000003,3.2794000000000003,3.2849000000000004,3.3028,3.3088,3.3172,3.3304,3.346,3.3538,3.3904,3.4038000000000004,3.4092000000000002,3.4151000000000002,3.4464,3.4692000000000003,3.4743000000000004,3.4954,3.5215,3.5291,3.5447,3.5512,3.5713000000000004,3.5819,3.603,3.6206,3.6459,3.6533,3.6823,3.6957,3.7021,3.708,3.7216,3.7453000000000003,3.7725,3.7867,3.814,3.8381000000000003,3.8608000000000002,3.8763,3.9028,3.9257,3.9400000000000004,3.9588,3.9745000000000004,3.986,4.0132,4.0368,4.0555,4.069100000000001,4.0796,4.0909,4.0957,4.1112,4.117900000000001,4.1289,4.154,4.1702,4.181,4.1911000000000005,4.1996,4.2109000000000005,4.220400000000001,4.2476,4.2599,4.2682,4.2912,4.2973,4.3051,4.3176000000000005,4.3333,4.3420000000000005,4.3574,4.367900000000001,4.4149,4.4442,4.4736,4.481,4.489,4.5239,4.558,4.5743,4.5843,4.5942,4.6182,4.634,4.6448,4.6501,4.6853,4.6976,4.7126,4.7367,4.7593000000000005,4.775,4.783,4.7987,4.8100000000000005,4.8157000000000005,4.8253,4.8383,4.8483,4.854,4.865600000000001,4.875,4.8808,4.9177,4.933800000000001,4.9417,4.968,4.9795,4.9856
108993:0.0821,0.23600000000000002,0.276,0.33180000000000004,0.374,0.4087,0.465,0.5515,0.6343,0.6854,0.8769,0.9144,0.9700000000000001,0.997,1.0453000000000001,1.1207,1.1925000000000001,1.3019,1.3402,1.4722000000000002,1.5225,1.6009,1.6829,1.7978,1.9320000000000002,1.9735,2.0365,2.1178,2.2316000000000003,2.2945,2.4582,2.5062,2.545,2.6178,2.6615,2.6995,2.7551,2.8335000000000004,2.8849,2.943,2.9755000000000003,3.0499,3.0882,3.1772,3.2249000000000003,3.2699000000000003,3.3263000000000003,3.3891,3.4438,3.5215,3.5606,3.6404,3.7044,3.7706000000000004,3.8069,3.8974,3.9354,4.0088,4.0414,4.1188,4.1633000000000004,4.2386,4.292,4.3598,4.416300000000001,4.601100000000001,4.688400000000001,4.7748,4.838900000000001,4.8741,4.9364
109232:0.2727,0.5314,0.5940000000000001,0.6226,0.6387,0.9008,0.9931000000000001,1.0427,1.0762,1.1548,1.3346,1.5906,1.6546,1.6805,1.7879,1.9988000000000001,2.023,2.0916,2.1155,2.4036,2.4898000000000002,2.6561,2.7310000000000003,2.9311000000000003,3.0091,3.0883000000000003,3.1081000000000003,3.1822000000000004,3.226,3.3503000000000003,3.3696,3.3881,3.7333000000000003,3.7801,4.002,4.0117,4.0914,4.1127,4.2941,4.3414,4.3627,4.613700000000001,4.8033
109486:0.1809,0.44720000000000004,0.9174,0.9894000000000001,1.0729,1.2146000000000001,1.2844,1.4353,1.6925000000000001,1.7515,1.7918,1.9458000000000002,2.0281000000000002,2.1287000000000003,2.1705,2.3078000000000003,2.4839,2.5753,2.6380000000000003,2.7920000000000003,2.8577000000000004,3.0006,3.0596,3.1168,3.3637,3.4794,3.5586,3.6154,3.6937,3.8160000000000003,4.055400000000001,4.295100000000001,4.5926,4.776400000000001,4.8372
109569:1.2235,1.8041,2.8031,3.0686,3.3739000000000003,4.305000000000001,4.7864
110109:0.9241
111205:0.033100000000000004,0.2669,0.3487,0.4295,0.9776,1.2005000000000001,1.7638,1.8103,1.9624000000000001,2.043,2.1155,2.4308,2.4664,2.5703,2.6220000000000003,4.4736,4.5266,4.7621,4.9494
111464:2.4859
111624:1.9018000000000002
112096:0.0379,4.5143
112171:0.0862,0.2644,0.30110000000000003,0.3507,0.4217,0.4536,0.5851000000000001,0.6299,0.7809,0.8345,0.9909,1.0246,1.0818,1.1112,1.1843000000000001,1.4064,1.4701,1.4854,1.5294,1.6064,1.6591,1.7928000000000002,1.8832,1.9637,2.025,2.1064000000000003,2.1428000000000003,2.2217000000000002,2.3095000000000003,2.4247,2.4656000000000002,2.5099,2.5735,2.6140000000000003,2.658,2.6750000000000003,2.7291000000000003,2.8516000000000004,2.9185000000000003,2.9483,3.0900000000000003,3.1601000000000004,3.2895000000000003,3.309,3.4353000000000002,3.5223,3.6238,3.7023,3.7702,3.8125,4.1036,4.2554,4.2937,4.34,4.464700000000001,4.597300000000001,4.7142,4.8033,4.8375,4.8638,4.9468000000000005
112240:0.116,0.1943,0.2394,0.3254,0.38330000000000003,0.443,0.559,0.6178,0.6925,0.9054000000000001,0.9596,1.061,1.1363,1.2734,1.4113,1.5325,1.6229,1.7179,1.8653000000000002,1.9340000000000002,1.9888000000000001,2.1047000000000002,2.1811000000000003,2.2558000000000002,2.3355,2.456,2.5034,2.5824000000000003,2.6356,2.6795,2.7986,2.9863,3.1181,3.2049000000000003,3.3042000000000002,3.3704,3.5408000000000004,3.6474,3.7358000000000002,3.7695000000000003,3.8309,3.8798000000000004,3.9415,3.9816000000000003,4.0581000000000005,4.145700000000001,4.2188,4.288,4.324800000000001,4.4067,4.4657,4.5535000000000005,4.6726,4.8683000000000005,4.9382
112431:4.8143
112547:0.0426,0.2838,0.3922,0.4727,0.5091,0.538,0.6118,0.6623,0.7100000000000001,0.8925000000000001,0.9458000000000001,1.0151000000000001,1.0578,1.2284000000000002,1.3291000000000002,1.3877000000000002,1.4095,1.556,1.5943,1.6572,1.7232,1.7854,1.8868,1.9462000000000002,1.9929000000000001,2.0452,2.1066000000000003,2.1526,2.2544,2.3007,2.3354,2.4149000000000003,2.549,2.9132000000000002,3.0572000000000004,3.092,3.1318,3.2108000000000003,3.3445,3.3807,3.4126000000000003,3.4628,3.5368000000000004,3.6573,3.7197,3.7656,3.8003,3.8774,3.9632,4.000900000000001,4.0624,4.121,4.2175,4.299300000000001,4.364,4.5833,4.6902,4.8693,4.9036,4.9642
112729:0.0345,0.25320000000000004,0.3446,0.43970000000000004,0.8195,1.0107000000000002,1.1345,1.3207,1.9098000000000002,2.134,2.3770000000000002,2.6739,2.8536,3.0642,3.4597,3.8285,3.9891,4.272,4.3786000000000005,4.631600000000001,4.7013,4.9467
112815:0.2988,0.3912,0.599,0.9309000000000001,2.9343000000000004,3.1855,4.3237000000000005
113518:0.9988,2.6826000000000003
113636:1.2169,1.7020000000000002,1.7970000000000002,2.1734,2.7992000000000004,3.0102,3.0669,3.3712,4.303
113894:0.0167,0.0669,0.1373,0.1778,0.2341,0.2691,0.3201,0.3406,0.36810000000000004,0.4283,0.4607,0.4943,0.5292,0.5904,0.628,0.6389,0.684,0.7594000000000001,0.8067000000000001,0.8529,0.8734000000000001,0.9072,0.9615,0.9946,1.0171000000000001,1.0453000000000001,1.0753000000000001,1.0985,1.151,1.2027,1.2492,1.2691000000000001,1.2977,1.3324,1.3402,1.3635000000000002,1.4461000000000002,1.4933,1.5163,1.5403,1.5852000000000002,1.6025,1.6501000000000001,1.6738000000000002,1.7037,1.7519,1.7968000000000002,1.8311000000000002,1.8971,1.9347,1.9598,1.9829,2.0235000000000003,2.0702000000000003,2.0886,2.1166,2.1576,2.1973000000000003,2.233,2.294,2.3560000000000003,2.4091,2.4464,2.4964,2.5447,2.595,2.6521000000000003,2.6870000000000003,2.7203,2.7408,2.7642,2.8329,2.867,2.8835,2.9374000000000002,2.9919000000000002,3.0096000000000003,3.0478,3.0820000000000003,3.1059,3.1476,3.176,3.2173000000000003,3.2267,3.2698,3.3036000000000003,3.3427000000000002,3.3833,3.4021000000000003,3.4395000000000002,3.5672,3.6412,3.7031,3.7425,3.7788000000000004,3.8087,3.895,3.9355,3.9679,4.000900000000001,4.0689,4.0884,4.1489,4.1887,4.2394,4.2587,4.292,4.3361,4.3627,4.4059,4.4415000000000004,4.469,4.5137,4.5520000000000005,4.5793,4.6127,4.642,4.6814,4.7306,4.774500000000001,4.8082,4.8467,4.908,4.932300000000001,4.9951
114492:1.2214,1.4369,2.1337,2.5387,3.0628,4.5982
115035:1.0492000000000001,4.0073
115210:0.3173,0.3815,0.5959,0.8180000000000001,2.9304,3.1773000000000002,3.4752,4.1128,4.2895,4.792
115273:0.9156000000000001
115366:1.0136,1.1183
115411:0.032100000000000004,0.25,0.341,0.4365,0.8162,1.0066,1.1316000000000002,1.3174000000000001,1.9065,2.1310000000000002,2.3736,2.6703,2.8505000000000003,3.0607,3.4564000000000004,3.8252,3.9858000000000002,4.268400000000001,4.3754,4.6286000000000005,4.6981,4.9442
115540:1.7937,2.1727000000000003,2.3119,2.5804,2.7965
115771:0.8736,1.1133,1.5318,2.4607,2.6528,2.9494000000000002,3.4166000000000003
115968:0.2985,1.217,1.4253,1.4343000000000001,1.7916,2.0572,2.1703,2.3082000000000003,2.5766,2.7929,3.065,4.597300000000001
116721:0.021,0.46680000000000005,1.0501,1.6808,2.1187,2.2428,3.1835,3.3080000000000003,4.2959000000000005,4.6181,4.646,4.8138000000000005
116777:0.8766,1.0072,1.1177000000000001,1.5358,2.4651,2.5357000000000003,2.656,2.954,3.4199
116843:0.0194,0.037700000000000004,0.0621,0.09390000000000001,0.1148,0.14550000000000002,0.1691,0.19540000000000002,0.22130000000000002,0.2487,0.26580000000000004,0.2939,0.3125,0.3418,0.36920000000000003,0.4041,0.4278,0.44880000000000003,0.4757,0.4973,0.5342,0.5624,0.5868,0.6147,0.6399,0.6708000000000001,0.6929000000000001,0.7172000000000001,0.7447,0.7691,0.7941,0.8171,0.8408,0.8619,0.8894000000000001,0.9148000000000001,0.9483,0.9677,0.9837,1.0052,1.0339,1.0559,1.077,1.1004,1.1282,1.1612,1.1858,1.2067,1.2377,1.2583,1.2829000000000002,1.3030000000000002,1.3293000000000001,1.3595000000000002,1.3802,1.4012,1.4223000000000001,1.4477,1.4777,1.4991,1.5266000000000002,1.5713000000000001,1.6008,1.6232,1.6528,1.6889,1.7121000000000002,1.7442,1.7615,1.7916,1.8202,1.8472000000000002,1.872,1.8921000000000001,1.9121000000000001,1.9418000000000002,1.9706000000000001,1.9923000000000002,2.0186,2.0458000000000003,2.079,2.1085000000000003,2.1364,2.1588000000000003,2.1823,2.2017,2.2236000000000002,2.2496,2.2766,2.2992,2.3238000000000003,2.3513,2.3761,2.3994,2.4205,2.448,2.4741,2.5031000000000003,2.5281000000000002,2.545,2.5727,2.6018000000000003,2.6334,2.6533,2.6755,2.6949,2.7317,2.7678000000000003,2.7908,2.8122000000000003,2.835,2.8585000000000003,2.8897,2.9113,2.9519,2.9792,3.0010000000000003,3.0266,3.0481000000000003,3.0771,3.0999000000000003,3.1273,3.1527000000000003,3.1883000000000004,3.2145,3.2498,3.2702,3.2948,3.3182,3.3456,3.3680000000000003,3.3975,3.4229000000000003,3.4456,3.4781,3.4965,3.5182,3.5418000000000003,3.5699,3.601,3.6276,3.6445000000000003,3.6784000000000003,3.7018,3.7257000000000002,3.7584,3.781,3.8123,3.8305000000000002,3.8494,3.8662,3.8874,3.9064,3.9324000000000003,3.9563,3.9779,4.0032000000000005,4.0283,4.0587,4.101500000000001,4.133900000000001,4.1607,4.1974,4.2239,4.246,4.2704,4.3042,4.3254,4.3504000000000005,4.3944,4.4214,4.4496,4.4725,4.5019,4.5327,4.5631,4.5858,4.6106,4.641500000000001,4.6634,4.6934000000000005,4.7194,4.7397,4.7655,4.7965,4.8227,4.8566,4.8848,4.9191,4.944500000000001,4.973
116937:0.010700000000000001,0.0267,0.049800000000000004,0.06760000000000001,0.07970000000000001,0.0976,0.116,0.14750000000000002,0.1686,0.1933,0.2049,0.2215,0.2432,0.253,0.311,0.3271,0.3639,0.3805,0.4097,0.4294,0.4425,0.4617,0.49870000000000003,0.5173,0.5352,0.5553,0.5843,0.6109,0.6274000000000001,0.6395000000000001,0.6615,0.6733,0.6923,0.7166,0.7437,0.7576,0.771,0.7852,0.7981,0.8156,0.8383,0.8533000000000001,0.8882,0.9041,0.9337000000000001,0.9474,0.9688,0.9904000000000001,1.0065,1.0215,1.0423,1.0671000000000002,1.0817,1.0969,1.1280000000000001,1.1552,1.1689,1.2053,1.2252,1.2387000000000001,1.2533,1.2704,1.2952000000000001,1.3295000000000001,1.3534000000000002,1.368,1.3789,1.4093,1.427,1.4518,1.4772,1.5090000000000001,1.5305,1.5511000000000001,1.5708,1.5858,1.6023,1.6142,1.635,1.6497000000000002,1.6678000000000002,1.6856,1.7081000000000002,1.7415,1.758,1.7836,1.7956,1.8127,1.8247,1.8662,1.8802,1.8936000000000002,1.9072,1.9180000000000001,1.9343000000000001,1.951,1.9699,2.0002,2.0173,2.0324,2.0621,2.0811,2.0985,2.1212,2.1377,2.1611000000000002,2.1802,2.1966,2.2072000000000003,2.2283,2.2411000000000003,2.2524,2.2678000000000003,2.2845,2.2978,2.3244000000000002,2.3502,2.3672,2.3954,2.4066,2.4251,2.4435000000000002,2.4728000000000003,2.4906,2.5079000000000002,2.5297,2.5438,2.5645000000000002,2.5768,2.6015,2.6134,2.6292,2.6476,2.6686,2.6790000000000003,2.6885000000000003,2.7073,2.7327000000000004,2.7497000000000003,2.7720000000000002,2.7832000000000003,2.7957,2.8055000000000003,2.8232,2.8367,2.8522000000000003,2.882,2.8963,2.9256,2.9621,2.9845,3.0135,3.0319000000000003,3.0449,3.0665,3.0844,3.104,3.1182000000000003,3.1580000000000004,3.1721000000000004,3.1888,3.2052,3.2161,3.2527000000000004,3.2670000000000003,3.2872000000000003,3.3016,3.3184,3.3402000000000003,3.3519,3.3742,3.3944,3.4087,3.4441,3.4669000000000003,3.4876,3.5126000000000004,3.5278,3.5549,3.5819,3.6031,3.6347,3.6482,3.6771000000000003,3.6929000000000003,3.7193,3.736,3.7663,3.7878000000000003,3.8000000000000003,3.8160000000000003,3.8294,3.8525,3.8795,3.9005,3.9115,3.9246000000000003,3.9403,3.9539,3.9699,3.9883,4.0112000000000005,4.0264,4.0568,4.0902,4.1049,4.1202000000000005,4.143800000000001,4.1645,4.1803,4.1986,4.212000000000001,4.234500000000001,4.2490000000000006,4.270700000000001,4.2847,4.313000000000001,4.3443000000000005,4.369400000000001,4.3926,4.4115,4.440300000000001,4.4499,4.4628000000000005,4.4785,4.5025,4.5167,4.5369,4.551,4.5749,4.5928,4.6208,4.6364,4.6597,4.6747000000000005,4.7033000000000005,4.7192,4.7411,4.752800000000001,4.780200000000001,4.7949,4.8169,4.8443000000000005,4.8672,4.8838,4.899500000000001,4.9186000000000005,4.931,4.9594000000000005,4.9775,4.996
117257:0.0981,0.19920000000000002,0.27890000000000004,0.3498,0.4345,0.5027,0.5662,0.6127,0.7353000000000001,0.8150000000000001,0.8793000000000001,0.9760000000000001,1.0061,1.0568,1.1302,1.2101,1.2721,1.4654,1.508,1.5516,1.6181,1.6898000000000002,1.7670000000000001,1.9032,1.9706000000000001,1.999,2.0555,2.1204,2.1688,2.2141,2.2654,2.4675000000000002,2.5272,2.5849,2.6317,2.6662000000000003,2.6936,2.7672000000000003,2.8183000000000002,2.8724000000000003,2.9752,3.0568,3.1525000000000003,3.1969000000000003,3.24,3.3134,3.4121,3.6269,3.708,3.7884,3.8789000000000002,3.9911000000000003,4.0942,4.1594,4.2157,4.2651,4.3102,4.3719,4.4811000000000005,4.5928,4.6511000000000005,4.697900000000001,4.7874,4.8216,4.861800000000001
118139:1.0563
118523:0.0424,1.0165,4.0936
118536:0.16060000000000002,0.1748,0.2929,0.5364,0.8357,0.8615,0.8739,1.1615,1.2272,1.5643,1.7054,1.7366000000000001,1.7859,1.8138,2.0186,2.0842,2.1517,2.2609,2.3765,2.4066,2.5282,2.6316,3.0618000000000003,3.1435,3.3866,3.6721000000000004,3.8548,3.8912,4.2263,4.5261000000000005,4.591200000000001,4.7864,4.8362,4.9004,4.9556000000000004
119690:0.053200000000000004,0.1121,0.16160000000000002,0.1937,0.2268,0.3106,0.41050000000000003,0.44880000000000003,0.5031,0.6097,0.6838000000000001,0.7449,0.7851,0.8325,0.8987,0.9518000000000001,1.0035,1.0468,1.099,1.1445,1.2338,1.2678,1.3008,1.3599,1.4067,1.4721,1.5647,1.6058000000000001,1.6459000000000001,1.8218,1.8806,1.9193,1.9514,2.024,2.0788,2.1123000000000003,2.1718,2.2014,2.2513,2.2856,2.3495,2.3976,2.467,2.5037000000000003,2.539,2.5784000000000002,2.613,2.6666000000000003,2.7015000000000002,2.7764,2.8451,2.9652000000000003,3.0108,3.068,3.1048,3.1883000000000004,3.2146000000000003,3.2640000000000002,3.3214,3.3628,3.4111000000000002,3.5149000000000004,3.6623,3.7032000000000003,3.765,3.8022,3.8461000000000003,3.8781000000000003,3.9435000000000002,3.9729,4.0248,4.0528,4.1107000000000005,4.1501,4.218500000000001,4.2694,4.2992,4.3285,4.4433,4.5515,4.6527,4.705900000000001,4.748200000000001,4.7965,4.8757,4.9127,4.9857000000000005
119724:0.1938,0.2707,0.3403,0.637,0.9235000000000001,0.9830000000000001,1.0758,1.3055,1.482,1.9747000000000001,2.2199,2.459,2.5239000000000003,2.6617,2.7551,2.8848000000000003,2.9676,3.0476,3.115,3.2239,3.4006000000000003,3.7630000000000003,3.9227000000000003,4.0088,4.1262,4.258900000000001,4.4089,4.6017,4.8376
120807:0.0361,0.2544,0.34600000000000003,0.4415,0.8207,1.0110000000000001,1.1361,1.3221,1.9113,2.1354,2.3779,2.6747,2.8547000000000002,3.0654000000000003,3.4612000000000003,3.8306,3.9906,4.2734000000000005,4.3799,4.6328000000000005,4.7035,4.9481
120904:0.0181,0.0693,0.0883,0.1393,0.1575,0.18030000000000002,0.192,0.23600000000000002,0.2716,0.303,0.321,0.3441,0.3647,0.37210000000000004,0.42860000000000004,0.4601,0.46430000000000005,0.48650000000000004,0.49960000000000004,0.5181,0.5332,0.5855,0.5934,0.6282,0.6427,0.6861,0.7601,0.802,0.8099000000000001,0.8501000000000001,0.8564,0.8663000000000001,0.8764000000000001,0.9066000000000001,0.9109,0.9623,0.9915,0.9976,1.0227,1.0349000000000002,1.0482,1.0763,1.1015000000000001,1.153,1.1998,1.2062000000000002,1.2416,1.2552,1.2694,1.3001,1.3344,1.3626,1.3671,1.4051,1.449,1.4808000000000001,1.4952,1.5175,1.5414,1.588,1.6048,1.6271,1.653,1.6739000000000002,1.7036,1.7543000000000002,1.7953000000000001,1.8003,1.8302,1.8355000000000001,1.8928,1.9008,1.9306,1.9381000000000002,1.9601000000000002,1.9741000000000002,1.986,2.0234,2.073,2.0875,2.0922,2.1105,2.1195,2.1532,2.161,2.1864,2.1995,2.2113,2.2353,2.2556000000000003,2.2963,2.3586,2.3744,2.4132000000000002,2.4404,2.4489,2.4783,2.4994,2.5237000000000003,2.5473000000000003,2.5651,2.5918,2.5983,2.6257,2.6546000000000003,2.6671,2.6802,2.6901,2.7223,2.7437,2.7685,2.7824,2.8309,2.8384,2.8643,2.8703000000000003,2.8858,2.9395000000000002,2.9774000000000003,2.9959000000000002,3.012,3.0479000000000003,3.084,3.1081000000000003,3.1508000000000003,3.169,3.1795,3.204,3.2223,3.2315,3.2693000000000003,3.2733000000000003,3.2975000000000003,3.3059000000000003,3.3406000000000002,3.3479,3.3758000000000004,3.3864,3.4053,3.4419,3.4685,3.5443000000000002,3.5708,3.5882,3.6337,3.6435,3.7035,3.7401,3.7475,3.7815000000000003,3.8096,3.8778,3.8981000000000003,3.9377,3.9698,3.9805,4.005,4.0615000000000006,4.0732,4.0889,4.1195,4.1511000000000005,4.1629000000000005,4.1913,4.2418000000000005,4.2555000000000005,4.2615,4.2906,4.2954,4.3077000000000005,4.3382000000000005,4.3625,4.4082,4.4391,4.4646,4.4715,4.5162,4.5547,4.5779000000000005,4.5837,4.6105,4.6158,4.6338,4.644,4.6689,4.6850000000000005,4.7311000000000005,4.7667,4.7766,4.8014,4.8105,4.8333,4.8493,4.8765,4.9103,4.9359,4.970400000000001
121008:0.0037,0.006,0.0164,0.023200000000000002,0.0247,0.0341,0.0376,0.0391,0.0528,0.062400000000000004,0.0719,0.0721,0.0752,0.11030000000000001,0.1447,0.17470000000000002,0.18380000000000002,0.1844,0.2011,0.23920000000000002,0.24530000000000002,0.2582,0.2646,0.2707,0.27940000000000004,0.2797,0.27990000000000004,0.2803,0.28090000000000004,0.2914,0.29250000000000004,0.2959,0.3189,0.3215,0.3231,0.3335,0.3396,0.3462,0.3518,0.3564,0.36010000000000003,0.3788,0.38230000000000003,0.38570000000000004,0.3879,0.394,0.4041,0.4158,0.4169,0.44320000000000004,0.45080000000000003,0.4534,0.4605,0.46290000000000003,0.4667,0.46940000000000004,0.47400000000000003,0.47990000000000005,0.48900000000000005,0.48960000000000004,0.49260000000000004,0.4989,0.5033,0.5062,0.5113,0.5134000000000001,0.5172,0.5226000000000001,0.5236000000000001,0.5315,0.5354,0.5359,0.5506,0.5581,0.5589000000000001,0.5591,0.5878,0.5907,0.5985,0.5987,0.6021000000000001,0.6089,0.6094,0.612,0.6176,0.6271,0.6286,0.635,0.6355000000000001,0.6358,0.6413,0.6505000000000001,0.6554,0.6583,0.6705,0.6775,0.6849000000000001,0.6874,0.6909000000000001,0.6963,0.6996,0.7070000000000001,0.7077,0.7090000000000001,0.7111000000000001,0.7254,0.7449,0.7459,0.7763,0.7781,0.7899,0.8009000000000001,0.8049000000000001,0.8246,0.8251000000000001,0.8384,0.8628,0.8669,0.8691000000000001,0.8713000000000001,0.8857,0.8867,0.8872,0.8966000000000001,0.8984000000000001,0.9138000000000001,0.921,0.9212,0.9302,0.9363,0.9401,0.9412,0.9453,0.9634,0.9655,0.9672000000000001,0.9742000000000001,0.9785,0.9836,0.9853000000000001,0.9973000000000001,1.0004,1.0059,1.0085,1.0127000000000002,1.0184,1.0319,1.0329000000000002,1.0392000000000001,1.0477,1.052,1.0537,1.0542,1.0548,1.0573000000000001,1.0645,1.0673000000000001,1.0802,1.1169,1.1192,1.1421000000000001,1.1435,1.1486,1.1564,1.1612,1.1643000000000001,1.1789,1.1801000000000001,1.1963000000000001,1.2005000000000001,1.2138,1.2159,1.2236,1.2243000000000002,1.225,1.2303,1.2437,1.2473,1.2498,1.2501,1.2568000000000001,1.2672,1.2856,1.3001,1.3138,1.3170000000000002,1.3196,1.3224,1.3255000000000001,1.3272000000000002,1.3333000000000002,1.3531,1.3655000000000002,1.366,1.3751,1.3801,1.3805,1.3842,1.389,1.3894,1.3976000000000002,1.4020000000000001,1.4026,1.4028,1.4061000000000001,1.4208,1.4299000000000002,1.4387,1.4445000000000001,1.447,1.4522000000000002,1.4542000000000002,1.4667000000000001,1.4717,1.4798,1.4936,1.4993,1.5049000000000001,1.5203,1.5209000000000001,1.5231000000000001,1.5370000000000001,1.5411000000000001,1.5482,1.5521,1.5529000000000002,1.5554000000000001,1.5614000000000001,1.5627,1.5655000000000001,1.5786,1.5832000000000002,1.5844,1.5903,1.5909,1.6009,1.6012000000000002,1.6098000000000001,1.6148,1.6249,1.6453,1.6455000000000002,1.6472,1.6518000000000002,1.6536000000000002,1.6553,1.6647,1.6727,1.6781000000000001,1.683,1.6844000000000001,1.6921000000000002,1.7049,1.7098,1.7147000000000001,1.7162000000000002,1.72,1.7530000000000001,1.7545000000000002,1.7559,1.7613,1.7681,1.7701,1.7797,1.7803,1.7864,1.7987000000000002,1.8052000000000001,1.8084,1.8275000000000001,1.8313000000000001,1.8382,1.8498,1.8554000000000002,1.8575000000000002,1.8651,1.8772,1.8800000000000001,1.8823,1.8848,1.9003,1.9036000000000002,1.9182000000000001,1.9242000000000001,1.9325,1.9363000000000001,1.9384000000000001,1.9386,1.9438000000000002,1.9523000000000001,1.9543000000000001,1.9618,1.9668,1.9829,1.9837,1.9846000000000001,1.9885000000000002,1.9907000000000001,2.0025,2.0066,2.0113000000000003,2.0124,2.0139,2.0188,2.0277000000000003,2.0356,2.0395000000000003,2.0402,2.0417,2.0500000000000003,2.0586,2.063,2.0687,2.0746,2.0869,2.0895,2.0955,2.0973,2.1037,2.1101,2.1109,2.1177,2.1406,2.1435,2.1451000000000002,2.146,2.148,2.1522,2.172,2.1861,2.2038,2.2073,2.2188000000000003,2.2203,2.2375000000000003,2.2443,2.2457000000000003,2.2479,2.2507,2.2565,2.2746,2.2777000000000003,2.2824,2.2827,2.285,2.2949,2.2969,2.3013,2.3143000000000002,2.3254,2.3262,2.327,2.3305000000000002,2.3307,2.3335,2.3508,2.3520000000000003,2.3592,2.3642000000000003,2.3654,2.3751,2.3958,2.398,2.3992,2.4026,2.4079,2.4125,2.4506,2.4529,2.4607,2.4679,2.4728000000000003,2.4733,2.4789000000000003,2.4949000000000003,2.5088,2.5163,2.5169,2.5264,2.5275000000000003,2.5357000000000003,2.5404,2.5452,2.5591,2.5594,2.5728,2.5817,2.5860000000000003,2.6053,2.6117,2.6305,2.6314,2.6653000000000002,2.6678,2.6763000000000003,2.6854,2.7027,2.725,2.7318000000000002,2.7358000000000002,2.744,2.7505,2.7586,2.7619000000000002,2.7636000000000003,2.7738,2.7963,2.8068,2.8105,2.8362000000000003,2.8581000000000003,2.8644000000000003,2.8703000000000003,2.8768000000000002,2.8799,2.8872,2.8926000000000003,2.9016,2.9050000000000002,2.9101000000000004,2.9113,2.9134,2.9231000000000003,2.9289,2.9335,2.9367,2.9508,2.9588,2.9654000000000003,2.9667000000000003,2.9829000000000003,2.984,3.0098000000000003,3.0191000000000003,3.0422000000000002,3.0425,3.0431000000000004,3.0502000000000002,3.0532000000000004,3.0540000000000003,3.0603000000000002,3.0689,3.0761000000000003,3.0768,3.0794,3.0875000000000004,3.0886,3.0893,3.091,3.0929,3.0979,3.0989,3.1076,3.1096000000000004,3.1126,3.1234,3.1241000000000003,3.1273,3.129,3.133,3.1349,3.1531000000000002,3.1541,3.1616,3.1671,3.1831,3.2004,3.2012,3.2021,3.2026000000000003,3.2068000000000003,3.2133000000000003,3.2212,3.2246,3.2297000000000002,3.2513,3.2522,3.2554000000000003,3.2698,3.2733000000000003,3.2881,3.2903000000000002,3.2999,3.3008,3.315,3.3200000000000003,3.3344,3.3351,3.3379000000000003,3.3416,3.3468,3.3491,3.3505000000000003,3.3541000000000003,3.3553,3.3607,3.3638000000000003,3.3652,3.37,3.3759,3.378,3.3799,3.3982,3.4023000000000003,3.4040000000000004,3.4061000000000003,3.4065000000000003,3.4081,3.4109000000000003,3.4164000000000003,3.4264,3.4278,3.4356,3.4414000000000002,3.444,3.4533,3.4578,3.4585000000000004,3.4602000000000004,3.4731,3.478,3.4824,3.5083,3.5116,3.5143,3.5183,3.5221,3.5294000000000003,3.5344,3.5497,3.5566,3.5682,3.5711000000000004,3.5900000000000003,3.5983,3.5987,3.6058000000000003,3.6062000000000003,3.6143,3.6319000000000004,3.6350000000000002,3.6365000000000003,3.6441000000000003,3.6514,3.6524,3.6571000000000002,3.6593,3.6608,3.6642,3.6645000000000003,3.6764,3.6963000000000004,3.6980000000000004,3.7051000000000003,3.7077,3.7079,3.716,3.717,3.7190000000000003,3.7274000000000003,3.7279,3.7304000000000004,3.7331000000000003,3.7335000000000003,3.7502,3.7509,3.7524,3.7608,3.7616,3.7623,3.7744,3.7822,3.7898,3.7915,3.7941000000000003,3.7955,3.7973000000000003,3.802,3.8059000000000003,3.8061000000000003,3.8066,3.8084000000000002,3.821,3.8231,3.8355,3.8474000000000004,3.8499000000000003,3.8575000000000004,3.8621000000000003,3.8688000000000002,3.8729,3.8858,3.8976,3.9021000000000003,3.9045,3.9154,3.9265000000000003,3.9306,3.9360000000000004,3.954,3.9565,3.9572000000000003,3.9586,3.9603,3.9617,3.9623000000000004,3.9716,3.9738,3.9776000000000002,3.9843,3.9897,3.9947000000000004,3.9964000000000004,3.9978000000000002,4.0012,4.0037,4.0079,4.010400000000001,4.0373,4.0399,4.0476,4.0506,4.0559,4.0563,4.0591,4.0713,4.0728,4.0795,4.083600000000001,4.0983,4.1083,4.1096,4.1151,4.1167,4.117500000000001,4.1192,4.1202000000000005,4.1205,4.129300000000001,4.1313,4.1370000000000005,4.1484000000000005,4.1653,4.166,4.171,4.1733,4.1863,4.194,4.1963,4.2097,4.2099,4.2131,4.238300000000001,4.2625,4.2731,4.2817,4.282500000000001,4.2906,4.2922,4.2938,4.3004,4.3009,4.301200000000001,4.3024000000000004,4.3208,4.3255,4.3343,4.3497,4.3533,4.3549,4.3564,4.3634,4.3738,4.379300000000001,4.3959,4.3994,4.4162,4.4206,4.4375,4.4379,4.4429,4.4543,4.4555,4.4641,4.4696,4.48,4.4942,4.5017000000000005,4.5032000000000005,4.5083,4.5282,4.5406,4.5498,4.5666,4.567,4.5694,4.5768,4.5773,4.5822,4.583200000000001,4.5854,4.593,4.5946,4.6006,4.6055,4.619800000000001,4.6343000000000005,4.6359,4.6372,4.6428,4.657900000000001,4.664000000000001,4.665900000000001,4.67,4.6814,4.6841,4.687600000000001,4.6896,4.7121,4.7186,4.7208000000000006,4.734,4.7381,4.7512,4.7534,4.7766,4.7934,4.8042,4.8151,4.8188,4.8438,4.8445,4.8566,4.8578,4.8581,4.8651,4.881,4.883100000000001,4.8859,4.8887,4.8979,4.8982,4.8996,4.9032,4.9336,4.9350000000000005,4.9385,4.9466,4.9546,4.9581,4.9592,4.960500000000001,4.9774,4.9811000000000005
121258:0.0092,0.0097,0.0108,0.0228,0.0316,0.036000000000000004,0.042800000000000005,0.048100000000000004,0.054700000000000006,0.0585,0.06570000000000001,0.06760000000000001,0.0687,0.0721,0.07350000000000001,0.083,0.0906,0.0954,0.1252,0.1257,0.14020000000000002,0.1558,0.1723,0.1774,0.1794,0.1797,0.1854,0.1957,0.1973,0.2013,0.2043,0.2087,0.2119,0.21430000000000002,0.22210000000000002,0.2233,0.2338,0.2441,0.24430000000000002,0.2485,0.25520000000000004,0.2637,0.2722,0.2741,0.275,0.27790000000000004,0.28040000000000004,0.2942,0.3154,0.32020000000000004,0.3294,0.3331,0.3442,0.34940000000000004,0.3663,0.3705,0.3764,0.3773,0.3779,0.38220000000000004,0.3826,0.39230000000000004,0.4151,0.42850000000000005,0.4379,0.44480000000000003,0.45680000000000004,0.4656,0.47000000000000003,0.48040000000000005,0.4808,0.502,0.5217,0.5219,0.5238,0.5335,0.5365,0.5379,0.5381,0.5448000000000001,0.5495,0.5622,0.5665,0.5697,0.5706,0.5786,0.5823,0.5859,0.5977,0.5984,0.6159,0.6175,0.6277,0.635,0.6383,0.6439,0.6487,0.6525000000000001,0.656,0.6645,0.673,0.6745,0.6818000000000001,0.6826,0.6869000000000001,0.6886,0.6908000000000001,0.6923,0.6933,0.6952,0.6966,0.6968000000000001,0.7041000000000001,0.7153,0.7168,0.7196,0.7259,0.7408,0.7652,0.7781,0.7786000000000001,0.7805000000000001,0.7972,0.8016000000000001,0.8111,0.812,0.8270000000000001,0.8285,0.8419000000000001,0.8541000000000001,0.8712000000000001,0.8769,0.882,0.8891,0.9098,0.9135000000000001,0.9137000000000001,0.9217000000000001,0.9305,0.9336000000000001,0.9405,0.9416,0.9451,0.9510000000000001,0.9524,0.9613,0.9678,0.9683,0.9763000000000001,0.9784,0.9892000000000001,1.0061,1.0101,1.0129000000000001,1.0144,1.0159,1.0222,1.0284,1.0444,1.0607,1.064,1.0704,1.0762,1.0951,1.1067,1.1089,1.1094000000000002,1.1136000000000001,1.1215000000000002,1.1226,1.1229,1.1256000000000002,1.1338000000000001,1.1342,1.1466,1.1696,1.1816,1.1957,1.2055,1.2252,1.2405000000000002,1.2412,1.2505000000000002,1.2629000000000001,1.2667000000000002,1.2675,1.2778,1.2793,1.2851000000000001,1.2894,1.2919,1.2948000000000002,1.2969000000000002,1.3003,1.3249,1.3293000000000001,1.3369,1.3433000000000002,1.3573000000000002,1.3767,1.3802,1.3836000000000002,1.3957000000000002,1.3964,1.3989,1.3992,1.4074,1.4196,1.437,1.4391,1.4469,1.4489,1.4523000000000001,1.4661000000000002,1.4729,1.4748,1.4755,1.4772,1.4816,1.4835,1.4918,1.4936,1.5026000000000002,1.5085000000000002,1.5102,1.5213,1.5293,1.5304,1.5352000000000001,1.5534000000000001,1.5555,1.5616,1.5726,1.5756000000000001,1.5775000000000001,1.5867,1.5928,1.5966,1.5968,1.6199000000000001,1.6202,1.6385,1.6428,1.6441000000000001,1.6456000000000002,1.6461000000000001,1.6511,1.6515000000000002,1.6525,1.6559000000000001,1.657,1.661,1.6614,1.6632,1.675,1.6758000000000002,1.677,1.6865,1.7034,1.709,1.713,1.7160000000000002,1.7235,1.7267000000000001,1.7273,1.7303000000000002,1.732,1.7367000000000001,1.7391,1.7442,1.7571,1.7619,1.7684000000000002,1.7726000000000002,1.7793,1.7818,1.7905,1.7966000000000002,1.8014000000000001,1.8017,1.8123,1.8231000000000002,1.8379,1.8435000000000001,1.8517000000000001,1.8659000000000001,1.8715000000000002,1.8776000000000002,1.8994000000000002,1.9107,1.9147,1.9234,1.9485000000000001,1.9535,1.9633,1.9683000000000002,1.9708,1.9712,1.9733,1.9792,2.004,2.0123,2.0183,2.0224,2.0242,2.0284,2.0363,2.0494,2.0597000000000003,2.0636,2.0681000000000003,2.0739,2.0839000000000003,2.0927000000000002,2.1097,2.1107,2.1146000000000003,2.1184000000000003,2.1322,2.1366,2.1373,2.1381,2.1383,2.1406,2.141,2.168,2.1831,2.1866000000000003,2.1872000000000003,2.1883,2.19,2.1938,2.197,2.2032000000000003,2.2046,2.2263,2.2561,2.259,2.2682,2.2795,2.2954000000000003,2.2963,2.3119,2.3193,2.3362000000000003,2.3377000000000003,2.3409,2.3418,2.3432,2.3482000000000003,2.3529,2.3588,2.3689,2.3712,2.3789000000000002,2.4039,2.4547000000000003,2.4575,2.4599,2.4659,2.4692000000000003,2.4725,2.4778000000000002,2.4892000000000003,2.4927,2.4978000000000002,2.5073000000000003,2.5294000000000003,2.5307,2.5325,2.5425,2.5576000000000003,2.5603000000000002,2.5669,2.5724,2.5736000000000003,2.5838,2.588,2.6180000000000003,2.6404,2.6415,2.6470000000000002,2.6484,2.6518,2.6622000000000003,2.6652,2.6676,2.6808,2.6941,2.7071,2.7149,2.7259,2.7263,2.7307,2.7311,2.7335000000000003,2.7452,2.7553,2.7722,2.7813000000000003,2.7935000000000003,2.7955,2.7976,2.8008,2.8244000000000002,2.8262,2.8292,2.8328,2.8379000000000003,2.8520000000000003,2.8524000000000003,2.8539000000000003,2.8593,2.8644000000000003,2.8681,2.8723,2.8738,2.8762000000000003,2.8877,2.8974,2.9116,2.9119,2.9167,2.9208000000000003,2.9238,2.9317,2.9398,2.9443,2.9491,2.9494000000000002,2.9575,2.9646000000000003,2.9677000000000002,2.9682,2.9691,2.9755000000000003,2.982,2.987,2.9875000000000003,3.0097,3.0116,3.0246,3.0290000000000004,3.031,3.0384,3.072,3.081,3.0888,3.1138000000000003,3.1279000000000003,3.1397,3.1417,3.1451000000000002,3.1456,3.1535,3.1582000000000003,3.1620000000000004,3.1646,3.1651000000000002,3.1656,3.1689000000000003,3.1927000000000003,3.1955,3.1969000000000003,3.1983,3.1994000000000002,3.2029,3.209,3.2184000000000004,3.2221,3.2295000000000003,3.2302,3.2341,3.2386000000000004,3.2417000000000002,3.2717,3.2877,3.2889000000000004,3.3007,3.3087,3.3163,3.3197,3.3279,3.333,3.3552,3.3585000000000003,3.3723,3.3754,3.3776,3.3916,3.3959,3.3972,3.3997,3.4084000000000003,3.4221000000000004,3.434,3.4343000000000004,3.4359,3.4366000000000003,3.4432,3.4466,3.4557,3.4796,3.4868,3.4892000000000003,3.5057,3.507,3.5141,3.5149000000000004,3.5155000000000003,3.5163,3.5168000000000004,3.5192,3.5263,3.5316,3.5391000000000004,3.5426,3.5449,3.5586,3.5609,3.5647,3.5713000000000004,3.5759000000000003,3.5798,3.5817,3.5828,3.583,3.6166,3.6203000000000003,3.6213,3.6359000000000004,3.6445000000000003,3.6465,3.6538000000000004,3.6558,3.6631,3.6851000000000003,3.693,3.7031,3.7101,3.7113,3.7131000000000003,3.7208,3.7311,3.7395,3.7431,3.7545,3.7640000000000002,3.7697000000000003,3.7706000000000004,3.7741000000000002,3.7744,3.7762000000000002,3.7768,3.7776,3.7917,3.8065,3.8181000000000003,3.8195,3.8215000000000003,3.8221000000000003,3.8339000000000003,3.8383000000000003,3.8544,3.8557,3.8564000000000003,3.8589,3.8807,3.8868,3.8872,3.8987000000000003,3.9027000000000003,3.9377,3.9427000000000003,3.9474,3.9482000000000004,3.97,3.976,3.9815,3.9823000000000004,3.9866,3.9988,4.004700000000001,4.0191,4.023000000000001,4.0311,4.0327,4.0389,4.0419,4.0507,4.0509,4.0552,4.0571,4.0661000000000005,4.0857,4.0859000000000005,4.0936,4.1017,4.105300000000001,4.111400000000001,4.1432,4.1488000000000005,4.1530000000000005,4.163600000000001,4.1638,4.1724000000000006,4.1805,4.189,4.2015,4.2065,4.2146,4.216600000000001,4.2188,4.246700000000001,4.251,4.2561,4.2672,4.2691,4.2734000000000005,4.276400000000001,4.2821,4.299,4.3003,4.301,4.3021,4.3044,4.3081000000000005,4.3126,4.3284,4.3301,4.3419,4.3537,4.3546000000000005,4.3855,4.3869,4.3933,4.3983,4.4055,4.4133000000000004,4.4305,4.4397,4.4405,4.4452,4.4507,4.4657,4.4698,4.4885,4.494,4.4958,4.500500000000001,4.5087,4.516900000000001,4.5259,4.5279,4.5331,4.563400000000001,4.5638000000000005,4.5737000000000005,4.577,4.580900000000001,4.5895,4.5955,4.598,4.5994,4.6028,4.6112,4.6254,4.6256,4.6363,4.6370000000000005,4.6421,4.6502,4.6591000000000005,4.676,4.6816,4.683,4.6982,4.7012,4.7039,4.7062,4.7067000000000005,4.7122,4.7187,4.7216000000000005,4.7244,4.7258000000000004,4.728400000000001,4.7354,4.7391000000000005,4.7531,4.756200000000001,4.7605,4.7636,4.764,4.766500000000001,4.7853,4.7923,4.7933,4.7965,4.803,4.810700000000001,4.8165000000000004,4.8202,4.8388,4.843100000000001,4.8482,4.8543,4.856,4.8563,4.856800000000001,4.8653,4.8708,4.8725000000000005,4.8754,4.8827,4.895700000000001,4.896,4.8994,4.9008,4.9044,4.907900000000001,4.9195,4.9217,4.9341,4.9421,4.9561,4.9587,4.974,4.9776,4.9827,4.994000000000001,4.9997
121849:0.07740000000000001,0.1617,0.2177,0.319,0.3759,0.45630000000000004,0.5363,0.5876,0.6375000000000001,0.6707000000000001,0.7024,0.761,0.8093,0.8495,0.9048,0.9367000000000001,1.018,1.0656,1.1574,1.2297,1.385,1.4206,1.4603000000000002,1.4816,1.5490000000000002,1.5656,1.6116000000000001,1.6545,1.6839000000000002,1.721,1.7736,1.8437000000000001,1.9678,2.0173,2.0819,2.1342000000000003,2.2390000000000003,2.2717,2.2936,2.3246,2.3652,2.4695,2.5766,2.6135,2.6312,2.6994000000000002,2.7321,2.7901000000000002,2.8319,2.8631,2.9005,2.9256,3.0424,3.1098000000000003,3.1663,3.1818,3.2560000000000002,3.289,3.345,3.399,3.4864,3.6028000000000002,3.6467,3.8105,3.8273,3.8851,3.9043,3.9389000000000003,4.0295000000000005,4.0949,4.1218,4.1524,4.1894,4.2416,4.2786,4.3202,4.3482,4.372,4.449,4.4659,4.5111,4.5401,4.6218,4.7218,4.7849,4.8241000000000005,4.8956,4.9198
122092:0.0298,0.1671,0.3468,0.49870000000000003,0.6229,0.7337,0.8211,0.998,1.0086,1.0766,1.1333,1.226,1.3288,1.4401000000000002,1.4846000000000001,1.5842,1.6976,2.2085,2.3846000000000003,2.4914,2.6569000000000003,2.6943,2.8731,3.0589,3.2179,3.3142,3.386,3.5664000000000002,3.6244,3.9926000000000004,4.0797,4.1757,4.451700000000001,4.5055000000000005,4.7159,4.7818000000000005,4.9955
122294:0.026500000000000003,0.1024,0.14730000000000001,0.18630000000000002,0.2417,0.2599,0.3247,0.4297,0.4732,0.5612,0.6031000000000001,0.6497,0.6984,0.8113,0.8579,0.9119,0.9638000000000001,0.9939,1.0509,1.1062,1.189,1.2579,1.3075,1.3444,1.4609,1.5023,1.615,1.6883000000000001,1.7621,1.875,1.9958,2.0431,2.1027,2.1592000000000002,2.2086,2.2535000000000003,2.3046,2.4161,2.4639,2.5107,2.6566,2.6931000000000003,2.7539000000000002,2.8164000000000002,2.8701000000000003,2.9684,3.0184,3.0963000000000003,3.1386000000000003,3.1888,3.2351,3.2763,3.311,3.4093,3.4927,3.5766,3.6524,3.6975000000000002,3.7733000000000003,3.8596000000000004,3.9082000000000003,3.9788,4.0406,4.1272,4.2113000000000005,4.2542,4.2981,4.3238,4.4188,4.477,4.5882000000000005,4.6486,4.6927,4.739,4.8133,4.856800000000001,4.9417
122840:0.048,0.5327000000000001,0.6396000000000001,0.7256,0.9117000000000001,1.0153,1.0636,1.0904,1.2718,1.3478,1.409,1.5963,1.6682000000000001,1.718,2.0526,2.1293,2.3507000000000002,2.5081,2.8930000000000002,3.1027,3.232,3.366,3.3949000000000003,3.4730000000000003,3.677,3.7427,3.822,3.9885,4.0134,4.0962000000000005,4.5213,4.6167
122882:0.23140000000000002,0.8748,1.0973,1.7396,2.8124000000000002,3.2627,3.3639,3.988,4.500500000000001,4.744400000000001,4.8063
122969:4.8124
123055:0.6347,1.0745,1.3401,2.0148,2.9379,3.3808000000000002,3.7381,4.0093000000000005
123896:0.0184,0.0746,0.15360000000000001,0.1956,0.2414,0.326,0.3604,0.42850000000000005,0.4867,0.5469,0.6075,0.7183,0.8088000000000001,0.8612000000000001,0.9074000000000001,0.9821000000000001,0.999,1.0568,1.1104,1.1706,1.2115,1.2693,1.3062,1.3745,1.4260000000000002,1.464,1.5099,1.5567,1.6007,1.6315000000000002,1.6838000000000002,1.7561,1.7986,1.8338,1.8937000000000002,1.9631,2.0381,2.0904000000000003,2.1325000000000003,2.1963,2.2393,2.3738,2.4776000000000002,2.5232,2.5782000000000003,2.6391,2.6788000000000003,2.7520000000000002,2.814,2.8622,2.8926000000000003,2.9377,2.9703,3.0051,3.0477000000000003,3.1067,3.1613,3.201,3.2577000000000003,3.2989,3.3280000000000003,3.3745000000000003,3.4105000000000003,3.4459,3.4966000000000004,3.5502000000000002,3.604,3.6426000000000003,3.7037,3.7412,3.8154000000000003,3.9213,3.9816000000000003,4.035200000000001,4.0636,4.1171,4.1628,4.2095,4.2578000000000005,4.2935,4.3573,4.4391,4.4828,4.579000000000001,4.6391,4.703600000000001,4.760800000000001,4.8078,4.8616,4.9354000000000005,4.9831
124151:0.060500000000000005,0.08700000000000001,0.1589,0.1845,0.2766,0.29510000000000003,0.38520000000000004,0.4526,0.5648000000000001,0.5859,0.6308,0.659,0.6816,0.7776000000000001,0.8210000000000001,0.8627,0.9248000000000001,0.9996,1.0234,1.0581,1.1571,1.2014,1.3153000000000001,1.3896000000000002,1.4529,1.4763000000000002,1.5161,1.5607,1.667,1.6960000000000002,1.7396,1.8349000000000002,2.008,2.0354,2.08,2.2535000000000003,2.2866,2.3195,2.3523,2.4674,2.6235,2.6518,2.6952000000000003,2.7323,2.7898,2.8493,2.903,2.9223000000000003,2.9678,3.0015,3.0448,3.0998,3.1664000000000003,3.2508000000000004,3.2746,3.3411,3.4002000000000003,3.4170000000000003,3.4913000000000003,3.5396,3.6032,3.6485000000000003,3.7137000000000002,3.8223000000000003,3.8632,3.8893,4.0265,4.0920000000000005,4.1881,4.238300000000001,4.3121,4.3357,4.3647,4.437600000000001,4.505,4.5212,4.5974,4.6892000000000005,4.7268,4.7696000000000005,4.8141,4.8893,4.9225
124296:0.0796,0.1125,0.19720000000000001,0.2795,0.3501,0.43460000000000004,0.49820000000000003,0.5625,0.6081,0.6513,0.7313000000000001,0.8128000000000001,0.8746,1.0014,1.0334,1.1272,1.2073,1.2650000000000001,1.3119,1.4144,1.4913,1.526,1.6132,1.663,1.7622,1.9000000000000001,1.9899,2.0502000000000002,2.1121000000000003,2.1626000000000003,2.2079,2.2604,2.4657,2.5221,2.5604,2.6017,2.6424000000000003,2.6807000000000003,2.7606,2.8129,2.8691,2.9742,3.0545,3.1466000000000003,3.1917,3.2357,3.2946,3.3523,3.4139000000000004,3.623,3.7039,3.7219,3.7891000000000004,3.8756000000000004,3.9871000000000003,4.0759,4.1035,4.1373,4.1798,4.2207,4.2619,4.3071,4.3311,4.3738,4.4837,4.5885,4.6444,4.784,4.817,4.8555,4.8875
124648:0.0448,0.0786,0.1603,0.1885,0.2185,0.2551,0.28140000000000004,0.2994,0.3316,0.3861,0.4551,0.5699000000000001,0.5885,0.601,0.6365000000000001,0.6880000000000001,0.762,0.7854,0.8166,0.8503000000000001,0.878,0.9292,1.0017,1.0665,1.1600000000000001,1.1913,1.2286000000000001,1.3164,1.3949,1.4186,1.4569,1.4799,1.5186000000000002,1.5621,1.6894,1.7488000000000001,1.8371000000000002,1.9468,2.0125,2.0449,2.0843000000000003,2.1205000000000003,2.2576,2.2899000000000003,2.3238000000000003,2.3549,2.4661,2.5556,2.6148000000000002,2.6605000000000003,2.6989,2.7372,2.7935000000000003,2.837,2.8594,2.92,2.9325,2.9713000000000003,3.0006,3.0342000000000002,3.0774000000000004,3.1062000000000003,3.1656,3.1805000000000003,3.2729000000000004,3.2925,3.3457000000000003,3.4236,3.4866,3.5463,3.6041000000000003,3.6453,3.6648,3.7138,3.8034000000000003,3.8640000000000003,3.8859000000000004,3.9086000000000003,3.9351000000000003,4.0499,4.096,4.1356,4.1911000000000005,4.2361,4.2529,4.2813,4.3086,4.3385,4.3707,4.4326,4.4565,4.5075,4.5719,4.6033,4.6247,4.694100000000001,4.7565,4.7885,4.8189,4.8902,4.9071,4.935700000000001
124938:1.2067,3.2523,4.278700000000001
125217:0.008700000000000001,0.013800000000000002,0.014,0.043300000000000005,0.0446,0.046900000000000004,0.0494,0.049800000000000004,0.056600000000000004,0.06280000000000001,0.06620000000000001,0.0702,0.07300000000000001,0.0777,0.08370000000000001,0.08800000000000001,0.0979,0.1066,0.1071,0.1081,0.1403,0.1433,0.1439,0.15030000000000002,0.1539,0.15760000000000002,0.1584,0.16670000000000001,0.1773,0.1821,0.18730000000000002,0.19,0.1956,0.2101,0.2111,0.2114,0.2121,0.22260000000000002,0.22340000000000002,0.23920000000000002,0.2508,0.2632,0.2736,0.277,0.2988,0.3029,0.3045,0.3055,0.3106,0.31120000000000003,0.32530000000000003,0.3291,0.3531,0.3552,0.36660000000000004,0.3669,0.3719,0.3904,0.3941,0.3956,0.3986,0.4052,0.4067,0.41140000000000004,0.41200000000000003,0.42360000000000003,0.44110000000000005,0.44170000000000004,0.44380000000000003,0.44580000000000003,0.4504,0.46380000000000005,0.4672,0.468,0.46840000000000004,0.4732,0.4797,0.48400000000000004,0.4937,0.4944,0.5023,0.5431,0.5446,0.5579000000000001,0.559,0.5812,0.5852,0.5982000000000001,0.5992000000000001,0.6044,0.6049,0.6106,0.6124,0.6203000000000001,0.6243000000000001,0.628,0.6361,0.6391,0.642,0.6556000000000001,0.6569,0.6779000000000001,0.6806,0.6818000000000001,0.6834,0.685,0.6919000000000001,0.6993,0.7136,0.7213,0.7291000000000001,0.7299,0.7371000000000001,0.7389,0.7452000000000001,0.7657,0.7746000000000001,0.7767000000000001,0.79,0.791,0.8066,0.8307,0.8316,0.8421000000000001,0.8496,0.8583000000000001,0.8631000000000001,0.8645,0.8714000000000001,0.8816,0.8918,0.8967,0.9022,0.9059,0.9066000000000001,0.9146000000000001,0.9184,0.9206000000000001,0.9277000000000001,0.9358000000000001,0.9487000000000001,0.9524,0.9591000000000001,0.9606,0.9675,0.9749000000000001,0.994,1.0036,1.0049000000000001,1.016,1.0173,1.022,1.0231000000000001,1.0311000000000001,1.0327,1.034,1.0522,1.0544,1.0567,1.0668,1.0674000000000001,1.0707,1.0811,1.0836000000000001,1.0849,1.0924,1.0937000000000001,1.1157000000000001,1.1226,1.1314,1.1324,1.1329,1.1335,1.1374,1.1385,1.1467,1.1579000000000002,1.1617,1.1692,1.2039,1.2042000000000002,1.2101,1.2195,1.2289,1.231,1.233,1.2354,1.2456,1.2572,1.2603,1.2634,1.2650000000000001,1.2667000000000002,1.2741,1.2781,1.2790000000000001,1.2823,1.2832000000000001,1.2930000000000001,1.2964,1.3176,1.3261,1.3323,1.3469,1.3503,1.3579,1.3581,1.3586,1.3644,1.3671,1.3749,1.3848,1.3853,1.3902,1.3971,1.4018000000000002,1.4180000000000001,1.4536,1.4561000000000002,1.4657,1.4668,1.4711,1.4716,1.48,1.4937,1.4997,1.5032,1.512,1.5205,1.5369000000000002,1.538,1.5402,1.5426,1.5486,1.5533000000000001,1.5597,1.5605,1.5648,1.5663,1.5685,1.5712000000000002,1.5787,1.5816000000000001,1.5861,1.5895000000000001,1.5918,1.5934000000000001,1.596,1.5989,1.6202,1.6246,1.6354000000000002,1.6381000000000001,1.6434,1.651,1.6516000000000002,1.6519000000000001,1.6547,1.657,1.6587,1.6613,1.6616000000000002,1.6629,1.6653,1.6714,1.6737000000000002,1.7081000000000002,1.7173,1.7215,1.7222000000000002,1.7307000000000001,1.7319,1.7425000000000002,1.7518,1.7534,1.7676,1.7762,1.8044,1.8181,1.8201,1.8512000000000002,1.8729,1.8769,1.8841,1.8956000000000002,1.9057000000000002,1.9066,1.9088,1.9104,1.9114,1.9161000000000001,1.9188,1.9275,1.9336,1.9352,1.9405000000000001,1.9420000000000002,1.9460000000000002,1.9472,1.9491,1.9582000000000002,1.961,1.9712,1.9724000000000002,1.988,1.9886000000000001,1.9946000000000002,2.0098000000000003,2.0139,2.0201000000000002,2.0278,2.037,2.0382000000000002,2.0407,2.0458000000000003,2.0479000000000003,2.0485,2.0571,2.0643000000000002,2.0706,2.0726,2.0731,2.0754,2.076,2.0762,2.0767,2.0827,2.0832,2.0928,2.0947,2.1036,2.1065,2.1087000000000002,2.1113,2.1154,2.117,2.1223,2.1251,2.1266000000000003,2.1374,2.1423,2.1441,2.146,2.1504000000000003,2.1528,2.1572,2.1692,2.1727000000000003,2.1749,2.1773000000000002,2.1777,2.1786000000000003,2.1809000000000003,2.1823,2.186,2.1953,2.2029,2.2048,2.2133000000000003,2.2174,2.2389,2.2392000000000003,2.2416,2.2502,2.2526,2.2544,2.2746,2.2768,2.2771,2.2805,2.2822,2.2831,2.2949,2.2956000000000003,2.3258,2.3372,2.3489,2.3600000000000003,2.3711,2.3748,2.3810000000000002,2.3835,2.3847,2.3886000000000003,2.3908,2.3987000000000003,2.4002000000000003,2.4032,2.4093,2.4104,2.4232,2.4503,2.4533,2.4573,2.4584,2.459,2.4599,2.4623,2.4729,2.4777,2.4793000000000003,2.4803,2.4902,2.4926,2.5024,2.5091,2.5098000000000003,2.52,2.5266,2.5277000000000003,2.5296000000000003,2.5307,2.5334000000000003,2.5397000000000003,2.5463,2.5601000000000003,2.5683000000000002,2.5765000000000002,2.5803000000000003,2.5842,2.5901,2.5941,2.6151,2.6157,2.6242,2.628,2.6357,2.6535,2.6590000000000003,2.6595,2.6633,2.6723000000000003,2.6848,2.698,2.7047000000000003,2.7099,2.7109,2.7156000000000002,2.7227,2.7274000000000003,2.7347,2.7403,2.7461,2.7492,2.7567,2.7679,2.7693000000000003,2.7849,2.8113,2.8303000000000003,2.8315,2.8408,2.841,2.851,2.8547000000000002,2.8709000000000002,2.8787000000000003,2.8791,2.8962000000000003,2.9037,2.9151000000000002,2.9266,2.9542,2.9623,2.9695,2.9716,2.9834,2.9916,3.0006,3.0026,3.0034,3.007,3.0127,3.0489,3.0746,3.0759000000000003,3.0854000000000004,3.0895,3.0919000000000003,3.095,3.0956,3.1006,3.1097,3.1279000000000003,3.1359000000000004,3.1426000000000003,3.1588000000000003,3.1759,3.1779,3.1788000000000003,3.1843000000000004,3.1883000000000004,3.1906000000000003,3.1914000000000002,3.1983,3.2009000000000003,3.2036000000000002,3.2081,3.2168,3.217,3.2293000000000003,3.2302,3.2334,3.241,3.2526,3.2560000000000002,3.258,3.2599,3.261,3.2744,3.2790000000000004,3.2843,3.2955,3.2975000000000003,3.3058,3.3072000000000004,3.3092,3.3127,3.3178,3.3206,3.3218,3.3352,3.3505000000000003,3.3509,3.3706,3.3734,3.3777000000000004,3.3849,3.4007,3.4065000000000003,3.4491,3.4495,3.4722,3.4917000000000002,3.4926000000000004,3.5010000000000003,3.5032,3.5131,3.5198,3.5213,3.5336000000000003,3.5352,3.5419,3.5424,3.5428,3.5665,3.576,3.5779,3.5794,3.5878,3.593,3.608,3.6147,3.621,3.6285000000000003,3.6306000000000003,3.6592000000000002,3.6709,3.6745,3.6750000000000003,3.6787,3.6830000000000003,3.6873,3.6958,3.7087000000000003,3.7124,3.7137000000000002,3.7143,3.7264000000000004,3.7346000000000004,3.7391,3.75,3.7528,3.7566,3.7587,3.7609000000000004,3.7618,3.7624,3.7683,3.7692,3.7721,3.7752000000000003,3.79,3.7945,3.8055000000000003,3.8146,3.8242000000000003,3.8257000000000003,3.8288,3.8394000000000004,3.846,3.8505000000000003,3.8648000000000002,3.8658,3.8666,3.8948,3.9038000000000004,3.91,3.9122000000000003,3.9237,3.9311000000000003,3.9464,3.9604000000000004,3.9611,3.9895,3.996,3.9962,3.9973,4.0222,4.026800000000001,4.0278,4.0381,4.0427,4.0501000000000005,4.0525,4.0678,4.0726,4.074,4.0753,4.0783000000000005,4.0975,4.1006,4.1033,4.1069,4.113300000000001,4.1142,4.117,4.1206000000000005,4.1226,4.1296,4.134,4.1445,4.1452,4.1586,4.1624,4.1707,4.1742,4.1855,4.1879,4.1916,4.1936,4.2051,4.2097,4.210500000000001,4.2226,4.2342,4.237,4.2464,4.2576,4.2584,4.2613,4.2638,4.275,4.2773,4.2784,4.2822000000000005,4.291300000000001,4.2927,4.2939,4.2965,4.307,4.3121,4.313000000000001,4.3253,4.3441,4.3568,4.357200000000001,4.3625,4.3655,4.3674,4.3696,4.369800000000001,4.3728,4.3742,4.382000000000001,4.3968,4.4139,4.4227,4.4387,4.4407000000000005,4.441,4.4454,4.4496,4.4527,4.4695,4.486800000000001,4.5022,4.5106,4.510800000000001,4.5168,4.5187,4.5229,4.5335,4.5478000000000005,4.5656,4.567,4.5838,4.5938,4.5952,4.5976,4.6008000000000004,4.6143,4.6207,4.6308,4.635800000000001,4.6378,4.640000000000001,4.6482,4.6511000000000005,4.658,4.667800000000001,4.6698,4.6763,4.6836,4.6844,4.6971,4.6984,4.700200000000001,4.7117,4.7135,4.7234,4.7439,4.7507,4.7542,4.756600000000001,4.7657,4.7724,4.7849,4.8033,4.805400000000001,4.809200000000001,4.8144,4.825200000000001,4.8303,4.8384,4.8445,4.853800000000001,4.862,4.8735,4.8776,4.8815,4.8864,4.8935,4.899500000000001,4.9066,4.9152000000000005,4.9212,4.928100000000001,4.9423,4.9512,4.9561,4.9657,4.9814,4.9917
125852:0.0063,0.0146,0.0239,0.030100000000000002,0.036500000000000005,0.0434,0.0509,0.0579,0.06420000000000001,0.07,0.0763,0.0814,0.08800000000000001,0.0952,0.1012,0.10880000000000001,0.1153,0.12100000000000001,0.1273,0.1351,0.1431,0.149,0.155,0.16060000000000002,0.16690000000000002,0.17400000000000002,0.1806,0.1899,0.1957,0.2026,0.2086,0.21530000000000002,0.22210000000000002,0.228,0.2341,0.2417,0.2485,0.2554,0.263,0.2685,0.27340000000000003,0.28,0.2863,0.2917,0.2972,0.3038,0.3103,0.3174,0.32370000000000004,0.32830000000000004,0.33540000000000003,0.3408,0.3468,0.35300000000000004,0.35960000000000003,0.3655,0.3713,0.3791,0.3846,0.3945,0.40080000000000005,0.40750000000000003,0.41500000000000004,0.4204,0.4253,0.431,0.43810000000000004,0.4455,0.4505,0.4577,0.46490000000000004,0.4738,0.4806,0.4877,0.49400000000000005,0.5008,0.5073,0.5124000000000001,0.5195000000000001,0.5258,0.5325,0.5371,0.5428000000000001,0.5483,0.5555,0.5664,0.5718,0.5799000000000001,0.5861000000000001,0.5918,0.5983,0.605,0.6127,0.6174000000000001,0.6237,0.6285000000000001,0.6333000000000001,0.6387,0.6488,0.6557000000000001,0.6645,0.6693,0.6764,0.6839000000000001,0.6917,0.6982,0.7052,0.7116,0.7179,0.7238,0.7318,0.741,0.7459,0.7511,0.7589,0.7673,0.7753,0.7815000000000001,0.7886000000000001,0.7981,0.8046000000000001,0.8132,0.8212,0.8267,0.8330000000000001,0.8410000000000001,0.8475,0.8545,0.8608,0.8678,0.8726,0.8831,0.8893000000000001,0.896,0.902,0.9093,0.9181,0.9249,0.9313,0.9375,0.9428000000000001,0.9492,0.9561000000000001,0.9614,0.9707,0.9756,0.9822000000000001,0.9887,0.9936,0.9998,1.0071,1.0134,1.018,1.0229000000000001,1.0293,1.0376,1.0456,1.0542,1.0606,1.0688,1.0755000000000001,1.0812000000000002,1.0882,1.0944,1.1018000000000001,1.1078000000000001,1.1134,1.121,1.1277000000000001,1.1345,1.141,1.1469,1.1553,1.1633,1.1682000000000001,1.1747,1.1817,1.1888,1.1964000000000001,1.204,1.2098,1.2196,1.2245000000000001,1.2303,1.2372,1.2442,1.2516,1.2575,1.2653,1.2706,1.2801,1.2862,1.2921,1.3001,1.3082,1.3144,1.32,1.3257,1.3317,1.3367,1.346,1.3532,1.3603,1.366,1.3736000000000002,1.3811,1.3878000000000001,1.393,1.3989,1.4044,1.4125,1.4189,1.4242000000000001,1.4332,1.4423000000000001,1.4484000000000001,1.4535,1.46,1.4663000000000002,1.4747000000000001,1.479,1.4849,1.4908000000000001,1.4964000000000002,1.5050000000000001,1.5106000000000002,1.5185000000000002,1.5248000000000002,1.5305,1.5377,1.5478,1.5556,1.56,1.5667,1.5731000000000002,1.5787,1.5874000000000001,1.5946,1.6003,1.6072000000000002,1.6155000000000002,1.6243,1.6304,1.6378000000000001,1.6433,1.6493,1.6573,1.6632,1.669,1.6775,1.6899000000000002,1.6951,1.7000000000000002,1.7085000000000001,1.7160000000000002,1.722,1.7291,1.7367000000000001,1.7439,1.7513,1.7594,1.7653,1.7709000000000001,1.7768000000000002,1.7818,1.7891000000000001,1.7968000000000002,1.8037,1.8121,1.8183,1.8256000000000001,1.8334000000000001,1.8390000000000002,1.8465,1.8515000000000001,1.8581,1.8665,1.8722,1.8788,1.8877000000000002,1.8943,1.9075000000000002,1.9126,1.9213,1.9276000000000002,1.9337000000000002,1.9394,1.9501000000000002,1.9559000000000002,1.9628,1.9684000000000001,1.9745000000000001,1.9805000000000001,1.9927000000000001,1.9988000000000001,2.0046,2.0112,2.0167,2.0220000000000002,2.0274,2.033,2.0394,2.0448,2.0512,2.0585,2.0645000000000002,2.0706,2.0773,2.0836,2.0905,2.1018,2.1085000000000003,2.113,2.1184000000000003,2.1263,2.1363000000000003,2.142,2.1478,2.1544000000000003,2.1621,2.1681,2.1763,2.1842,2.1906000000000003,2.1961,2.2086,2.2149,2.2205,2.2278000000000002,2.234,2.2389,2.2508,2.2572,2.2638000000000003,2.2697000000000003,2.2752,2.2823,2.2881,2.2935000000000003,2.2993,2.3084000000000002,2.3166,2.3231,2.3329,2.3398000000000003,2.3476,2.3534,2.3585000000000003,2.3704,2.3762000000000003,2.3821000000000003,2.3893,2.3970000000000002,2.404,2.4112,2.4164000000000003,2.4226,2.4305000000000003,2.435,2.4408000000000003,2.4471000000000003,2.4546,2.4603,2.4657,2.4704,2.4769,2.486,2.4922,2.4982,2.5067,2.5128,2.5180000000000002,2.5243,2.5321000000000002,2.5375,2.5443000000000002,2.5522,2.5599000000000003,2.5660000000000003,2.5724,2.5791,2.5863,2.5912,2.5972,2.6055,2.6122,2.6176,2.6226000000000003,2.6308000000000002,2.637,2.644,2.6495,2.6554,2.6651000000000002,2.67,2.6777,2.6853000000000002,2.693,2.6990000000000003,2.7055000000000002,2.7122,2.7177000000000002,2.7241,2.7308000000000003,2.7368,2.7438000000000002,2.75,2.7562,2.7644,2.7726,2.7781000000000002,2.7851000000000004,2.7946,2.8000000000000003,2.8044000000000002,2.8124000000000002,2.8183000000000002,2.8243,2.8306,2.837,2.8427000000000002,2.8484000000000003,2.854,2.8602000000000003,2.867,2.8748,2.8799,2.8865000000000003,2.8919,2.8997,2.9103000000000003,2.9159,2.9214,2.9275,2.9322000000000004,2.9382,2.948,2.9537,2.9626,2.9713000000000003,2.9767,2.9819,2.9872,2.9938000000000002,3.0007,3.0069000000000004,3.0124,3.0245,3.0303,3.0377,3.0428,3.0507,3.0566,3.0618000000000003,3.0682,3.0748,3.081,3.0873,3.092,3.0999000000000003,3.1064000000000003,3.1156,3.1245000000000003,3.1309,3.1363000000000003,3.1418000000000004,3.1476,3.1553,3.1606,3.1670000000000003,3.1722,3.1783,3.1846,3.1945,3.2004,3.2071,3.2126,3.2196000000000002,3.226,3.236,3.2413000000000003,3.2487000000000004,3.2554000000000003,3.2606,3.266,3.2787,3.2862,3.2909,3.2963,3.3024,3.3074000000000003,3.3156000000000003,3.3229,3.3298,3.3354000000000004,3.3413000000000004,3.3485,3.3539000000000003,3.3593,3.3669000000000002,3.3748,3.3806000000000003,3.3855,3.3941000000000003,3.4006000000000003,3.4096,3.4153000000000002,3.4200000000000004,3.4273000000000002,3.4336,3.439,3.4441,3.4516,3.4581,3.4654000000000003,3.4762,3.4828,3.4901,3.4959000000000002,3.5044,3.5135,3.5179,3.5251,3.5309000000000004,3.5373,3.5425,3.5514,3.5575,3.5638,3.5737,3.5808,3.5861,3.5940000000000003,3.5994,3.6092,3.6158,3.6226000000000003,3.6325000000000003,3.6375,3.6432,3.6484,3.6566,3.6622000000000003,3.6705,3.6771000000000003,3.6873,3.6954000000000002,3.7011000000000003,3.7073,3.7137000000000002,3.721,3.7273,3.7326,3.7386000000000004,3.7459000000000002,3.7529000000000003,3.7586000000000004,3.7658,3.7723,3.7784,3.7853000000000003,3.7921,3.7998000000000003,3.805,3.8111,3.8226,3.8287,3.837,3.8427000000000002,3.8484000000000003,3.8554000000000004,3.861,3.8689,3.8762000000000003,3.8826,3.8896,3.8969,3.9027000000000003,3.9095,3.9168000000000003,3.9253,3.9312,3.9372000000000003,3.9422,3.9481,3.9556,3.9632,3.9697,3.9757000000000002,3.9833000000000003,3.9896000000000003,3.9957000000000003,4.0027,4.0106,4.0177000000000005,4.0246,4.0315,4.0383000000000004,4.0441,4.0507,4.058,4.0638000000000005,4.0692,4.0774,4.0848,4.0896,4.0975,4.1042000000000005,4.1099000000000006,4.1151,4.1233,4.1302,4.1370000000000005,4.1425,4.1485,4.155,4.1606000000000005,4.1673,4.174,4.1807,4.1879,4.1961,4.2013,4.2087,4.2171,4.2225,4.232,4.2384,4.245,4.2517000000000005,4.2574000000000005,4.2682,4.2732,4.2802,4.2860000000000005,4.290900000000001,4.2991,4.3044,4.311,4.3175,4.3239,4.3307,4.3368,4.3420000000000005,4.3493,4.3563,4.3639,4.3693,4.376,4.3832,4.389,4.395300000000001,4.4017,4.4097,4.417,4.4248,4.431900000000001,4.4381,4.4482,4.4528,4.4587,4.4655000000000005,4.472700000000001,4.4802,4.4886,4.4958,4.5012,4.5064,4.513,4.5256,4.5362,4.5418,4.5487,4.5549,4.5676000000000005,4.575,4.5802000000000005,4.590800000000001,4.5968,4.6029,4.6089,4.6149000000000004,4.6273,4.6348,4.6406,4.646,4.6547,4.6616,4.667400000000001,4.676200000000001,4.6833,4.689,4.6971,4.7043,4.71,4.7152,4.721,4.727,4.7354,4.742100000000001,4.7475000000000005,4.7557,4.7613,4.766900000000001,4.774500000000001,4.7832,4.7888,4.7948,4.8005,4.8059,4.8116,4.825,4.8311,4.8361,4.8432,4.8494,4.8587,4.8648,4.8711,4.8779,4.8893,4.8956,4.9003000000000005,4.9058,4.915,4.9207,4.9272,4.9368,4.941400000000001,4.946400000000001,4.9537,4.96,4.968100000000001,4.9785,4.9847,4.9909,4.9977
126050:1.2177,2.1750000000000003,2.7979000000000003,3.0617,3.3669000000000002,4.3015
126398:0.023200000000000002,0.1522,0.2406,0.332,0.38930000000000003,0.4307,0.49770000000000003,0.597,0.8059000000000001,0.9658,1.0006000000000002,1.0554000000000001,1.1242,1.2082000000000002,1.3089,1.802,1.895,1.9692,2.1212,2.1624000000000003,2.2632000000000003,2.3634,2.4531,2.5746,2.6621,2.6944000000000004,2.8417000000000003,2.8689,3.0511000000000004,3.0958,3.2758000000000003,3.4472,3.5518,3.7813000000000003,3.8200000000000003,3.9755000000000003,4.1571,4.2593000000000005,4.3662,4.4844,4.619000000000001,4.6491,4.6913,4.7773,4.8828000000000005,4.9371
126411:0.1277,0.271,0.3477,0.4202,0.5491,1.1882000000000001,1.2608000000000001,1.4552,1.4981,1.9847000000000001,2.1116,2.1569000000000003,2.5788,3.7024000000000004,3.7829,4.1689,4.2872,4.353400000000001
126552:0.0033,0.013300000000000001,0.0146,0.0173,0.0193,0.022000000000000002,0.0274,0.0438,0.0442,0.056,0.0649,0.06570000000000001,0.08320000000000001,0.0961,0.14800000000000002,0.1552,0.15960000000000002,0.16240000000000002,0.16340000000000002,0.1845,0.18610000000000002,0.19360000000000002,0.194,0.1955,0.20420000000000002,0.20520000000000002,0.20720000000000002,0.2286,0.2311,0.26080000000000003,0.2927,0.30410000000000004,0.3171,0.3242,0.3244,0.3247,0.33380000000000004,0.33590000000000003,0.34140000000000004,0.35350000000000004,0.3593,0.3618,0.36660000000000004,0.36920000000000003,0.3768,0.38420000000000004,0.38470000000000004,0.4016,0.4055,0.41540000000000005,0.42250000000000004,0.42310000000000003,0.42400000000000004,0.42660000000000003,0.43560000000000004,0.43720000000000003,0.4433,0.44370000000000004,0.45270000000000005,0.4675,0.4737,0.48310000000000003,0.4833,0.48510000000000003,0.49620000000000003,0.5386000000000001,0.5464,0.5779000000000001,0.5831000000000001,0.5879,0.6012000000000001,0.6128,0.6216,0.6222,0.6236,0.6269,0.6275000000000001,0.6289,0.6301,0.653,0.6565000000000001,0.6572,0.6646000000000001,0.6649,0.6656000000000001,0.6767000000000001,0.6896,0.6903,0.6938000000000001,0.7009000000000001,0.7166,0.7304,0.7439,0.7477,0.7483000000000001,0.7534000000000001,0.7616,0.7793,0.7884,0.7931,0.8007000000000001,0.808,0.8197,0.8439000000000001,0.8453,0.8526,0.8570000000000001,0.8604,0.869,0.8833000000000001,0.8869,0.8892,0.8907,0.8917,0.8919,0.8939,0.9043,0.9215000000000001,0.9324,0.9428000000000001,0.9515,0.9565,0.9576,0.9584,0.9612,0.9691000000000001,0.9699000000000001,0.9712000000000001,0.9753000000000001,0.9845,0.9886,0.9912000000000001,0.9957,0.9982000000000001,0.9997,1.0041,1.0104,1.0241,1.0370000000000001,1.0434,1.0467,1.0519,1.0587,1.0724,1.0913000000000002,1.0919,1.0922,1.1105,1.1124,1.1126,1.1271,1.1335,1.1342,1.1375,1.1446,1.1504,1.1516,1.1567,1.1643000000000001,1.1919,1.1922000000000001,1.1933,1.2175,1.2188,1.2202,1.224,1.2268000000000001,1.2425000000000002,1.2572,1.2690000000000001,1.282,1.2825,1.2909000000000002,1.2956,1.2989000000000002,1.2992000000000001,1.3035,1.3057,1.3104,1.3139,1.316,1.3176,1.3184,1.3232000000000002,1.326,1.3354000000000001,1.345,1.3556000000000001,1.3642,1.3669,1.3788,1.3866,1.3942,1.3969,1.3981000000000001,1.4039000000000001,1.4071,1.4160000000000001,1.4203000000000001,1.4244,1.4258000000000002,1.4444000000000001,1.445,1.4493,1.4562000000000002,1.4628,1.4711,1.4751,1.4762000000000002,1.4808000000000001,1.4829,1.4915,1.5019,1.5021,1.5169000000000001,1.5197,1.5213,1.5230000000000001,1.5282,1.5446,1.5456,1.5459,1.5552000000000001,1.556,1.5571000000000002,1.5591000000000002,1.5683,1.5855000000000001,1.5925,1.5939,1.5951000000000002,1.5969,1.601,1.6168,1.6224,1.6255000000000002,1.6409,1.6525,1.6580000000000001,1.6582000000000001,1.6742000000000001,1.6862000000000001,1.6885000000000001,1.6891,1.6900000000000002,1.7054,1.7105000000000001,1.7169,1.7276,1.7327000000000001,1.7429000000000001,1.7436,1.7547000000000001,1.7662,1.7801,1.7806000000000002,1.7881,1.7886000000000002,1.7963,1.7976,1.7989000000000002,1.8057,1.8126,1.8239,1.8325,1.8493000000000002,1.8496000000000001,1.853,1.8888,1.8893000000000002,1.8942,1.8946,1.8977000000000002,1.905,1.9107,1.9223000000000001,1.9264000000000001,1.9279000000000002,1.9311,1.9346,1.9351,1.9412,1.945,1.9568,1.9597,1.9616,1.9692,1.9742000000000002,1.9872,2.0015,2.0031,2.0162,2.0184,2.0215,2.0218000000000003,2.0237000000000003,2.0264,2.0299,2.0412,2.0432,2.0528,2.0537,2.0605,2.0631,2.0781,2.0828,2.0953,2.1006,2.1094,2.1176,2.1216,2.1405000000000003,2.1658,2.2043,2.2055000000000002,2.2086,2.2109,2.228,2.2355,2.2363,2.2439,2.2524,2.2545,2.2664,2.2733000000000003,2.2805,2.2851,2.2862,2.2884,2.2987,2.3061000000000003,2.3129,2.3325,2.3386,2.3483,2.3493,2.3559,2.3567,2.3597,2.3733,2.3761,2.3770000000000002,2.3844000000000003,2.3886000000000003,2.4065000000000003,2.4104,2.4131,2.4148,2.4169,2.4290000000000003,2.4313000000000002,2.4316,2.4339,2.4367,2.4488000000000003,2.4527,2.4607,2.4671000000000003,2.4888,2.4917000000000002,2.5075000000000003,2.5095,2.5282,2.5354,2.5368,2.5371,2.5373,2.5429,2.549,2.5539,2.5695,2.5699,2.5788,2.5915,2.5924,2.5954,2.6086,2.6097,2.6166,2.6269,2.6327000000000003,2.6443000000000003,2.6491000000000002,2.6502000000000003,2.6529000000000003,2.6552000000000002,2.6583,2.6612,2.6659,2.6661,2.6671,2.6744000000000003,2.6768,2.6777,2.6811000000000003,2.6836,2.6879,2.6987,2.7110000000000003,2.7113,2.7138,2.7204,2.7270000000000003,2.7342,2.7402,2.7404,2.741,2.7442,2.7472000000000003,2.7697000000000003,2.7754000000000003,2.7757,2.7851000000000004,2.7911,2.8027,2.8403,2.8414,2.8436000000000003,2.8541000000000003,2.8552,2.8555,2.8572,2.8582,2.8783000000000003,2.8845,2.8888000000000003,2.8890000000000002,2.9000000000000004,2.9227000000000003,2.9309000000000003,2.9466,2.9505000000000003,2.9599,2.9721,2.9778000000000002,2.998,3.0033000000000003,3.0050000000000003,3.0090000000000003,3.0114,3.0162,3.0217,3.0638,3.0671,3.0709,3.0740000000000003,3.0797000000000003,3.0823,3.0856000000000003,3.0879000000000003,3.0887000000000002,3.099,3.0992,3.104,3.1046,3.1059,3.1265,3.1332,3.1505,3.1559000000000004,3.1564,3.1630000000000003,3.1679,3.1692,3.1695,3.1704000000000003,3.1739,3.1761000000000004,3.1834000000000002,3.1878,3.1901,3.192,3.1944000000000004,3.1985,3.2033,3.2083000000000004,3.2146000000000003,3.2156000000000002,3.2363,3.2407000000000004,3.2446,3.2455000000000003,3.2559,3.2608,3.2614,3.2619000000000002,3.2768,3.2779000000000003,3.2892,3.2928,3.2932,3.2958000000000003,3.2973000000000003,3.3030000000000004,3.3035,3.3041,3.3187,3.3269,3.3356000000000003,3.3559,3.3637,3.3798000000000004,3.3808000000000002,3.3846000000000003,3.3962000000000003,3.3986,3.4199,3.4382,3.4393000000000002,3.442,3.4515000000000002,3.4529,3.4571,3.4577,3.4639,3.4662,3.4801,3.4821,3.5010000000000003,3.503,3.5147000000000004,3.515,3.5278,3.5299,3.5311000000000003,3.5346,3.5396,3.5423,3.5426,3.5494000000000003,3.5611,3.568,3.5739,3.5828,3.5993000000000004,3.6029,3.6059,3.6140000000000003,3.6156,3.616,3.6321000000000003,3.6328,3.6334,3.6506000000000003,3.6564,3.6585,3.6851000000000003,3.6907,3.7108000000000003,3.7212,3.7304000000000004,3.7307,3.7469,3.7507,3.7527000000000004,3.7643,3.7673,3.7771000000000003,3.7777000000000003,3.7928,3.8213000000000004,3.8311,3.8400000000000003,3.8433,3.8471,3.8557,3.8569,3.8574,3.8634000000000004,3.8661000000000003,3.8681,3.8865000000000003,3.8917,3.8947000000000003,3.8952,3.8988,3.914,3.9165,3.9243,3.9349000000000003,3.9357,3.9421000000000004,3.9472,3.9545000000000003,3.9605,3.9657,3.9675000000000002,3.97,3.971,3.9715000000000003,3.9736000000000002,3.9874,3.9933,3.9989000000000003,4.003,4.0178,4.0204,4.021,4.0224,4.0248,4.027,4.0285,4.0313,4.034,4.0342,4.0449,4.0492,4.050800000000001,4.0565,4.0586,4.062,4.0656,4.0734,4.0739,4.0806000000000004,4.0849,4.087000000000001,4.0892,4.0917,4.0985000000000005,4.102,4.1079,4.1154,4.1312,4.1379,4.1385000000000005,4.1431000000000004,4.1452,4.15,4.1546,4.1693,4.170100000000001,4.1715,4.1744,4.1754,4.1786,4.1827000000000005,4.1845,4.191,4.1984,4.208200000000001,4.2141,4.2203,4.2306,4.2334000000000005,4.2415,4.2523,4.2536000000000005,4.257000000000001,4.2625,4.2679,4.2854,4.2857,4.2868,4.2885,4.2986,4.3127,4.331,4.3322,4.335,4.3544,4.3646,4.3660000000000005,4.3666,4.386,4.3863,4.3893,4.437600000000001,4.4379,4.4496,4.4619,4.4665,4.4759,4.4863,4.4939,4.4968,4.502400000000001,4.5048,4.5077,4.514200000000001,4.5233,4.5341000000000005,4.5385,4.5446,4.5456,4.5492,4.5501000000000005,4.5523,4.566,4.5680000000000005,4.5777,4.5825000000000005,4.5894,4.5949,4.5958000000000006,4.605,4.6208,4.6215,4.6263000000000005,4.6395,4.6425,4.6527,4.6588,4.6669,4.6673,4.6751000000000005,4.6759,4.682300000000001,4.6928,4.6951,4.6965,4.7055,4.7194,4.7224,4.7236,4.7304,4.732200000000001,4.7451,4.7502,4.7556,4.7578000000000005,4.7583,4.7673000000000005,4.772200000000001,4.7741,4.7896,4.797000000000001,4.7975,4.7977,4.8021,4.8108,4.8266,4.8278,4.8291,4.8305,4.8346,4.8441,4.8457,4.847,4.8526,4.8547,4.857200000000001,4.8593,4.8598,4.8628,4.8718,4.9042,4.9047,4.9169,4.922000000000001,4.9432,4.9481,4.949,4.952500000000001,4.9528,4.9736,4.9771,4.9778
128604:0.08410000000000001,0.1952,0.2721,0.33540000000000003,0.4288,0.4918,0.5937,0.8069000000000001,0.8722000000000001,0.9846,1.0769,1.1183,1.2166000000000001,1.3009000000000002,1.3376000000000001,1.4823000000000002,1.5387000000000002,1.6049,1.8952,1.9652,2.1181,2.1588000000000003,2.2422,2.4546,2.4814000000000003,2.5234,2.6259,2.6612,2.6837,2.7579000000000002,2.8354,2.8671,2.9426,2.9664,3.0500000000000003,3.1079000000000003,3.2711,3.3368,3.4077,3.4416,3.5599000000000003,3.6137,3.6470000000000002,3.8077,3.9280000000000004,4.0442,4.119400000000001,4.2578000000000005,4.3053,4.361800000000001,4.4419,4.474200000000001,4.6122000000000005,4.7349000000000006,4.8109,4.8724
129665:0.0026000000000000003,0.0094,0.016300000000000002,0.0291,0.0347,0.038200000000000005,0.0526,0.057300000000000004,0.0589,0.07680000000000001,0.0844,0.091,0.0978,0.0981,0.0999,0.10650000000000001,0.1072,0.12610000000000002,0.1297,0.1378,0.1572,0.1578,0.15860000000000002,0.1598,0.1636,0.188,0.203,0.2091,0.2204,0.22760000000000002,0.23290000000000002,0.23700000000000002,0.2431,0.2436,0.2508,0.2582,0.2602,0.2697,0.2777,0.2783,0.2856,0.2866,0.2888,0.2922,0.2997,0.3115,0.313,0.3264,0.33380000000000004,0.3403,0.35250000000000004,0.3568,0.36960000000000004,0.37120000000000003,0.3808,0.3815,0.40290000000000004,0.4042,0.4052,0.40640000000000004,0.4077,0.4096,0.4117,0.4156,0.42150000000000004,0.4223,0.4339,0.43470000000000003,0.43920000000000003,0.44010000000000005,0.4476,0.4509,0.4526,0.457,0.46340000000000003,0.46530000000000005,0.4655,0.46950000000000003,0.4713,0.47890000000000005,0.4832,0.48710000000000003,0.5298,0.5429,0.5671,0.5734,0.5806,0.5816,0.5843,0.5995,0.6109,0.6139,0.6216,0.6284000000000001,0.6289,0.644,0.6499,0.6624,0.6679,0.6718000000000001,0.6735,0.6899000000000001,0.6972,0.6984,0.6987,0.7099000000000001,0.7291000000000001,0.7419,0.7456,0.7506,0.7513000000000001,0.7576,0.7591,0.7819,0.7822,0.8023,0.8064,0.8073,0.8088000000000001,0.8093,0.8188000000000001,0.8195,0.8236,0.8276,0.8322,0.8356,0.8362,0.8389000000000001,0.8470000000000001,0.8635,0.8793000000000001,0.8887,0.8948,0.8988,0.9038,0.9117000000000001,0.9129,0.9171,0.927,0.9296000000000001,0.9383,0.9386,0.9437000000000001,0.9512,0.9582,0.9685,0.9724,0.9805,0.9812000000000001,0.9880000000000001,0.9885,0.991,0.9932000000000001,1.0064,1.0122,1.0124,1.0461,1.0481,1.0483,1.0577,1.0608,1.0674000000000001,1.0712000000000002,1.0821,1.0851,1.0904,1.0918,1.0978,1.1096000000000001,1.1178000000000001,1.1211,1.1288,1.1392,1.1483,1.1678,1.1714,1.1735,1.1747,1.1836,1.1855,1.1873,1.1935,1.1962000000000002,1.1993,1.2008,1.2192,1.2253,1.2376,1.2555,1.2615,1.2677,1.2748000000000002,1.2808000000000002,1.2892000000000001,1.2998,1.3023,1.3030000000000002,1.3187,1.3243,1.3301,1.334,1.3494000000000002,1.3522,1.3683,1.3701,1.3744,1.3748,1.3774,1.3786,1.3866,1.3909,1.3919000000000001,1.3975,1.3987,1.3993,1.4032,1.4139000000000002,1.4462000000000002,1.4492,1.4516,1.4602000000000002,1.4752,1.4959,1.5043,1.5095,1.5142,1.5149000000000001,1.5178,1.5316,1.5355,1.5416,1.5439,1.5532000000000001,1.5635000000000001,1.5698,1.5746,1.5763,1.5791000000000002,1.5819,1.5942,1.5963,1.6152,1.6215000000000002,1.6272,1.6411,1.6441000000000001,1.6471,1.649,1.6516000000000002,1.6967,1.6969,1.6992,1.701,1.7067,1.7133,1.7187000000000001,1.7255,1.7298,1.7333,1.7335,1.7361,1.7391,1.7531,1.7572,1.7652,1.7770000000000001,1.7827000000000002,1.7851000000000001,1.7897,1.8333000000000002,1.838,1.8523,1.8537000000000001,1.8556000000000001,1.8623,1.867,1.8807,1.885,1.8947,1.9078000000000002,1.9222000000000001,1.923,1.9400000000000002,1.9481000000000002,1.9704000000000002,1.9803000000000002,1.9879,1.9969000000000001,2.0017,2.0044,2.0153000000000003,2.0178000000000003,2.0326,2.0499,2.0619,2.0663,2.0754,2.0943,2.0975,2.0977,2.1032,2.1279,2.1369000000000002,2.1656,2.1676,2.17,2.1725000000000003,2.1737,2.1798,2.1899,2.2001,2.2129000000000003,2.2143,2.2307,2.24,2.2429,2.2461,2.2481,2.2485,2.2524,2.2538,2.2544,2.2788,2.2847,2.2932,2.2987,2.2998000000000003,2.3015000000000003,2.3044000000000002,2.3315,2.3363,2.3454,2.3542,2.3559,2.3677,2.3759,2.3898,2.3904,2.3972,2.3984,2.4012000000000002,2.4026,2.4106,2.4125,2.4178,2.4304,2.4308,2.4348,2.4351000000000003,2.4485,2.4553000000000003,2.4574000000000003,2.4634,2.4682,2.4755000000000003,2.4814000000000003,2.4845,2.4850000000000003,2.4986,2.5048,2.5079000000000002,2.5127,2.5155000000000003,2.5202,2.5298000000000003,2.5329,2.5416000000000003,2.5426,2.5823,2.5825,2.5853,2.5912,2.5929,2.5997000000000003,2.6173,2.6211,2.6318,2.6383,2.6446,2.6568,2.6644,2.6658,2.6678,2.6686,2.6754000000000002,2.6761,2.6847000000000003,2.6863,2.6867,2.6889000000000003,2.6936,2.7015000000000002,2.7077,2.7124,2.7189,2.7331000000000003,2.7337000000000002,2.737,2.7374,2.741,2.7426,2.7498,2.7617000000000003,2.7782,2.7906,2.7918000000000003,2.8108,2.8138,2.8365,2.8402000000000003,2.8486000000000002,2.8640000000000003,2.873,2.8804000000000003,2.8814,2.8873,2.8965,2.9004000000000003,2.9065000000000003,2.9071000000000002,2.9076,2.9106,2.9207,2.9362,2.9416,2.9527,2.9691,2.9756,2.98,2.9824,2.99,2.9911000000000003,2.9927,2.9958,3.0060000000000002,3.0220000000000002,3.0225,3.0263,3.0271000000000003,3.0338000000000003,3.0492000000000004,3.0526,3.0768,3.0783,3.0789,3.0805000000000002,3.1004,3.1034,3.109,3.1295,3.1349,3.1373,3.1488,3.1505,3.1516,3.1542000000000003,3.16,3.1676,3.1678,3.1743,3.1788000000000003,3.1817,3.1913,3.1996,3.202,3.2093000000000003,3.2097,3.2152000000000003,3.221,3.2289000000000003,3.2368,3.237,3.242,3.2545,3.2673,3.2903000000000002,3.2909,3.2966,3.3066,3.3101000000000003,3.311,3.3148,3.3167,3.3195,3.3203,3.3206,3.3305000000000002,3.3389,3.341,3.3437,3.3464,3.3491,3.3520000000000003,3.3874,3.39,3.3954,3.4058,3.4099000000000004,3.4109000000000003,3.4120000000000004,3.4163,3.418,3.4376,3.4399,3.4472,3.4574000000000003,3.4698,3.4801,3.4804000000000004,3.4828,3.4851,3.4862,3.4953000000000003,3.4984,3.5064,3.5079000000000002,3.5085,3.5130000000000003,3.5167,3.5178000000000003,3.5300000000000002,3.5303,3.5359000000000003,3.5362,3.5368000000000004,3.5370000000000004,3.5408000000000004,3.5543,3.5666,3.5673000000000004,3.584,3.5985,3.6101,3.6136000000000004,3.6202,3.6208,3.6219,3.6294,3.6350000000000002,3.6380000000000003,3.6561000000000003,3.6867,3.6975000000000002,3.6986000000000003,3.6989,3.7162,3.7352000000000003,3.7467,3.7486,3.7497000000000003,3.7507,3.7531000000000003,3.7657000000000003,3.7989,3.7996000000000003,3.8033,3.8081,3.8159,3.8252,3.8269,3.8280000000000003,3.8319,3.8329,3.8378,3.8432000000000004,3.8455000000000004,3.8498,3.8519,3.859,3.8656,3.8875,3.8880000000000003,3.8926000000000003,3.8947000000000003,3.8976,3.8987000000000003,3.9032,3.9099000000000004,3.9147000000000003,3.9199,3.9254000000000002,3.9578,3.9756,3.9795000000000003,3.9854000000000003,3.9955000000000003,3.9987000000000004,4.009,4.0121,4.0189,4.0195,4.0482000000000005,4.0509,4.0578,4.0602,4.0619000000000005,4.0696,4.0707,4.0719,4.0759,4.08,4.0828,4.0841,4.086,4.0911,4.0941,4.1071,4.1102,4.1159,4.1369,4.1446000000000005,4.1478,4.1501,4.1572000000000005,4.1694,4.1766000000000005,4.1798,4.199,4.2004,4.202500000000001,4.2155000000000005,4.216,4.2254000000000005,4.2258000000000004,4.244400000000001,4.2515,4.2651,4.270700000000001,4.2736,4.2958,4.2982000000000005,4.2995,4.3059,4.3108,4.3114,4.322,4.3265,4.3301,4.3391,4.3608,4.3615,4.3663,4.37,4.378,4.3823,4.3842,4.3865,4.3867,4.3943,4.4072000000000005,4.4208,4.4272,4.4371,4.443700000000001,4.4509,4.4548000000000005,4.4656,4.465800000000001,4.4715,4.4725,4.4848,4.4913,4.495,4.4983,4.4989,4.502800000000001,4.5107,4.5172,4.5238000000000005,4.5244,4.5261000000000005,4.5303,4.531000000000001,4.5313,4.5382,4.5453,4.5465,4.5617,4.582,4.5878000000000005,4.588,4.5895,4.5905000000000005,4.5991,4.6013,4.6075,4.6165,4.627400000000001,4.6506,4.6517,4.654100000000001,4.6606000000000005,4.661700000000001,4.6654,4.694100000000001,4.6949000000000005,4.7108,4.7146,4.715800000000001,4.7244,4.729900000000001,4.7319,4.7431,4.7567,4.7583,4.7635000000000005,4.7766,4.7861,4.787100000000001,4.800400000000001,4.8061,4.8067,4.8163,4.8238,4.8373,4.8425,4.847700000000001,4.8846,4.8848,4.8878,4.9097,4.9678,4.9687,4.971900000000001,4.9789
130068:0.005200000000000001,0.0099,0.0165,0.024900000000000002,0.0332,0.044700000000000004,0.0512,0.0565,0.0658,0.07200000000000001,0.0775,0.0844,0.09140000000000001,0.097,0.1038,0.11,0.1153,0.125,0.133,0.13920000000000002,0.1457,0.1524,0.1588,0.1643,0.1706,0.1786,0.18530000000000002,0.1908,0.1975,0.2023,0.2109,0.2159,0.22160000000000002,0.22610000000000002,0.2341,0.24080000000000001,0.2457,0.25170000000000003,0.2666,0.27590000000000003,0.28500000000000003,0.2913,0.2984,0.3045,0.31020000000000003,0.3166,0.32370000000000004,0.32980000000000004,0.3372,0.34600000000000003,0.3542,0.3609,0.3672,0.3739,0.3816,0.3902,0.4002,0.40750000000000003,0.4172,0.42310000000000003,0.42810000000000004,0.4324,0.4384,0.4441,0.451,0.45830000000000004,0.4642,0.47200000000000003,0.4788,0.48650000000000004,0.4939,0.4994,0.5054000000000001,0.5127,0.5192,0.5266000000000001,0.5338,0.54,0.5471,0.5549000000000001,0.5631,0.5708,0.5775,0.5852,0.5909,0.5975,0.6061000000000001,0.6109,0.616,0.6227,0.6284000000000001,0.6342,0.6395000000000001,0.6469,0.6533,0.6609,0.6665,0.6739,0.6839000000000001,0.6886,0.6947,0.7009000000000001,0.7137,0.727,0.7327,0.738,0.745,0.7512000000000001,0.7575000000000001,0.7655000000000001,0.7723,0.7783,0.7842,0.7926000000000001,0.7991,0.8062,0.8124,0.8197,0.8287,0.8355,0.8428,0.8499,0.8583000000000001,0.8667,0.8724000000000001,0.8795000000000001,0.8877,0.8934000000000001,0.8998,0.9049,0.9125000000000001,0.9193,0.9266000000000001,0.9335,0.9412,0.9474,0.9555,0.9622,0.9689000000000001,0.9746,0.9835,0.9894000000000001,0.9949,1.0031,1.01,1.0161,1.0217,1.0293,1.0348,1.042,1.0469,1.0539,1.06,1.068,1.074,1.0813000000000001,1.0885,1.0952,1.1019,1.1077000000000001,1.1139000000000001,1.1192,1.1246,1.1326,1.1387,1.1436,1.1501000000000001,1.1553,1.1622000000000001,1.1688,1.1762000000000001,1.1845,1.1903000000000001,1.2005000000000001,1.2073,1.2154,1.2224000000000002,1.2274,1.2336,1.2394,1.2468000000000001,1.2539,1.2611,1.2665,1.2722,1.2806,1.2870000000000001,1.2929000000000002,1.2986,1.3143,1.3194000000000001,1.3243,1.3314000000000001,1.3373000000000002,1.344,1.3504,1.3559,1.3606,1.3661,1.3739000000000001,1.3795000000000002,1.3878000000000001,1.3933,1.4005,1.4076,1.4146,1.4205,1.4265,1.4355,1.4436,1.4487,1.4561000000000002,1.4629,1.4716,1.478,1.484,1.4922,1.4989000000000001,1.5047000000000001,1.5136,1.5203,1.5259,1.5337,1.5407000000000002,1.5464,1.552,1.5591000000000002,1.5637,1.5697,1.5776000000000001,1.584,1.5904,1.5959,1.6025,1.6096000000000001,1.616,1.6232,1.6296000000000002,1.6365,1.6414,1.6474,1.6526,1.6588,1.6644,1.6707,1.6780000000000002,1.6844000000000001,1.6936,1.6995,1.7060000000000002,1.7119,1.7197,1.7256,1.732,1.7401,1.7472,1.756,1.7616,1.7668000000000001,1.7727000000000002,1.7811000000000001,1.7875,1.7941,1.8039,1.8098,1.8164,1.8223,1.8286,1.8394000000000001,1.8470000000000002,1.8534000000000002,1.8617000000000001,1.869,1.875,1.8801,1.8876000000000002,1.8943,1.9008,1.9071,1.9122000000000001,1.9192,1.9277000000000002,1.9338000000000002,1.9396,1.9472,1.9524000000000001,1.9604000000000001,1.9661000000000002,1.9705000000000001,1.9785000000000001,1.9862000000000002,1.9943000000000002,2.0011,2.0084,2.0148,2.0204,2.0267,2.0326,2.0383,2.0441000000000003,2.0512,2.0559000000000003,2.0624000000000002,2.0675,2.0739,2.0793,2.0861,2.0921000000000003,2.0978,2.1062000000000003,2.1112,2.1177,2.1239,2.1303,2.1367000000000003,2.1442,2.149,2.1551,2.1619,2.1684,2.1753,2.1809000000000003,2.1878,2.1931000000000003,2.1985,2.2043,2.2134,2.2204,2.2274000000000003,2.2322,2.2390000000000003,2.2443,2.2503,2.2588,2.2666,2.2746,2.2806,2.2851,2.2926,2.2976,2.3064,2.3159,2.3225000000000002,2.3306,2.3399,2.3462,2.3533,2.3593,2.3663000000000003,2.3723,2.3787000000000003,2.3851,2.3912,2.3987000000000003,2.4056,2.4126000000000003,2.4219,2.428,2.4341,2.442,2.4491,2.4572000000000003,2.4625,2.4678,2.4738,2.4791000000000003,2.486,2.4921,2.499,2.5043,2.5116,2.5196,2.5252000000000003,2.5326,2.5378000000000003,2.5428,2.5511,2.5578000000000003,2.5642,2.5716,2.5814,2.5888,2.595,2.6014,2.6064000000000003,2.6119000000000003,2.6171,2.6242,2.6304000000000003,2.6371,2.6443000000000003,2.6512000000000002,2.6578,2.6633,2.6682,2.6742,2.6793,2.6851000000000003,2.6947,2.7009000000000003,2.7061,2.7137000000000002,2.7205,2.7263,2.7343,2.7418,2.7495000000000003,2.758,2.7695000000000003,2.7759,2.7815000000000003,2.7871,2.794,2.7983000000000002,2.8036000000000003,2.8106,2.8183000000000002,2.8243,2.8319,2.8396000000000003,2.8461000000000003,2.8535,2.8602000000000003,2.8666,2.8734,2.8796,2.8867000000000003,2.8941000000000003,2.9000000000000004,2.9097,2.9162000000000003,2.9238,2.9318,2.9389000000000003,2.9476,2.9572000000000003,2.9627000000000003,2.9737,2.9792,2.9869000000000003,2.995,3.0032,3.0099,3.0159000000000002,3.0227,3.0294000000000003,3.0346,3.0419,3.0498000000000003,3.0579,3.0648,3.0721000000000003,3.0803000000000003,3.0872,3.0943,3.0998,3.107,3.1131,3.1191,3.1271,3.133,3.1391,3.1479000000000004,3.1545,3.16,3.1666000000000003,3.1721000000000004,3.1799,3.1862000000000004,3.1928,3.1977,3.2039,3.2101,3.2162,3.2217000000000002,3.2279,3.2358000000000002,3.241,3.2465,3.2523,3.2599,3.2662,3.2734,3.2800000000000002,3.2866,3.2946,3.3007,3.3076000000000003,3.3137000000000003,3.3200000000000003,3.3263000000000003,3.3319,3.3387000000000002,3.3463000000000003,3.3528000000000002,3.3596000000000004,3.3652,3.3705000000000003,3.3768000000000002,3.383,3.3912,3.3984,3.4041,3.4104,3.4222,3.4297,3.4362000000000004,3.4434,3.4495,3.4583000000000004,3.4653,3.4744,3.4802,3.486,3.4938000000000002,3.5005,3.5067000000000004,3.5123,3.5192,3.5253,3.5315000000000003,3.5379,3.5442,3.5509000000000004,3.5589,3.5671000000000004,3.5737,3.5807,3.587,3.5927000000000002,3.5984000000000003,3.6069,3.6126,3.6189,3.6268000000000002,3.6333,3.6404,3.6460000000000004,3.652,3.6579,3.6634,3.6697,3.6759000000000004,3.6807000000000003,3.6883000000000004,3.6984000000000004,3.704,3.7093000000000003,3.7157,3.7221,3.7291000000000003,3.7347,3.7396000000000003,3.7474000000000003,3.7536,3.7611000000000003,3.7657000000000003,3.7718000000000003,3.7774,3.7848,3.7921,3.7985,3.8036000000000003,3.8101000000000003,3.8171000000000004,3.8223000000000003,3.8283,3.8337000000000003,3.8400000000000003,3.847,3.8513,3.8583000000000003,3.865,3.8705000000000003,3.8758000000000004,3.8822,3.8918000000000004,3.8995,3.9055,3.9106,3.9169,3.9233000000000002,3.9293,3.9358000000000004,3.9424,3.9482000000000004,3.955,3.9632,3.9698,3.9753000000000003,3.9818000000000002,3.9891,3.9945000000000004,4.0016,4.0082,4.0143,4.0209,4.0267,4.0361,4.0418,4.0482000000000005,4.0556,4.0629,4.0689,4.0779000000000005,4.0856,4.0913,4.099200000000001,4.1055,4.111400000000001,4.1168000000000005,4.1233,4.1286000000000005,4.1342,4.1409,4.1462,4.1546,4.1616,4.1694,4.1759,4.1832,4.1882,4.1955,4.2004,4.2073,4.215,4.2207,4.2272,4.2348,4.2404,4.2465,4.2527,4.2595,4.2666,4.272600000000001,4.2792,4.2838,4.2918,4.296600000000001,4.3049,4.3109,4.3161000000000005,4.3241000000000005,4.3312,4.337400000000001,4.3433,4.351100000000001,4.3574,4.3634,4.368,4.3767000000000005,4.3819,4.3882,4.393,4.4003000000000005,4.4074,4.4153,4.4229,4.4312000000000005,4.4362,4.4415000000000004,4.448,4.454400000000001,4.4596,4.4661,4.472700000000001,4.4818,4.4877,4.4931,4.5004,4.5072,4.513,4.5244,4.5322000000000005,4.538600000000001,4.5461,4.5532,4.5583,4.565300000000001,4.5713,4.5776,4.5857,4.5906,4.601100000000001,4.6081,4.6148,4.6201,4.6261,4.6332,4.6391,4.6445,4.6530000000000005,4.66,4.666,4.6717,4.6773,4.6853,4.6928,4.699800000000001,4.7057,4.7141,4.7179,4.7254000000000005,4.732,4.7372000000000005,4.7457,4.7519,4.7588,4.7651,4.7709,4.7798,4.7872,4.792400000000001,4.8011,4.8067,4.812600000000001,4.8185,4.8244,4.8318,4.8376,4.8451,4.8523000000000005,4.8609,4.8685,4.8740000000000006,4.8801000000000005,4.8859,4.8921,4.898000000000001,4.904100000000001,4.9114,4.918,4.923900000000001,4.930000000000001,4.9369000000000005,4.9476,4.9546,4.96,4.9676,4.9741,4.9827,4.9885,4.9947
130297:0.9409000000000001
130409:0.07930000000000001,0.1173,0.1603,0.19240000000000002,0.21780000000000002,0.2518,0.3169,0.43570000000000003,0.4975,0.5361,0.6124,0.6855,0.7531,0.784,0.8286,0.8656,0.908,0.9558000000000001,0.996,1.0484,1.0787,1.1317000000000002,1.2009,1.2368000000000001,1.2702,1.2987,1.3655000000000002,1.4075,1.4508,1.5145000000000002,1.5984,1.6280000000000001,1.6708,1.7602,1.8147,1.853,1.8896000000000002,1.9644000000000001,2.0061,2.1012,2.1757,2.2515,2.2953,2.3482000000000003,2.4212000000000002,2.4925,2.5431,2.6016,2.6328,2.6748000000000003,2.7332,2.7826,2.8055000000000003,2.8541000000000003,2.9012000000000002,2.9981,3.0428,3.1202,3.177,3.2418,3.2961,3.3326000000000002,3.4396,3.5131,3.5653,3.6324,3.66,3.7649000000000004,3.8229,3.8526000000000002,3.9066,3.9427000000000003,3.9735,4.0557,4.15,4.2295,4.2695,4.3137,4.3466000000000005,4.4169,4.452100000000001,4.4836,4.5728,4.6052,4.6748,4.7251,4.7748,4.8003,4.8806,4.9267
130526:0.33490000000000003,0.404,0.5621,0.6452,0.9202,1.1195000000000002,1.2875,1.4388,1.6432,1.7702,1.9033,1.9729,2.4835000000000003,2.5942000000000003,2.6836,2.7603,2.8712,2.9502,3.0178000000000003,3.1759,3.4198,3.5105,3.5602,3.6531000000000002,3.7516000000000003,3.9336,4.0457,4.2682,4.369800000000001,4.8681,4.9919
130593:0.0296,0.07930000000000001,0.1047,0.1492,0.1893,0.2421,0.2751,0.3257,0.3518,0.386,0.4315,0.4733,0.5031,0.5416000000000001,0.5662,0.6008,0.6439,0.6942,0.7221000000000001,0.7936000000000001,0.8144,0.8615,0.8805000000000001,0.9184,0.9680000000000001,0.999,1.0475,1.0564,1.1074000000000002,1.1307,1.1782000000000001,1.2069,1.2552,1.2755,1.3084,1.3455000000000001,1.3796000000000002,1.4142000000000001,1.4572,1.4945000000000002,1.5076,1.5445,1.5969,1.6182,1.6588,1.6886,1.7362000000000002,1.7650000000000001,1.8388,1.8781,1.903,1.9656,1.9948000000000001,2.0388,2.0948,2.1216,2.1636,2.2049000000000003,2.2474000000000003,2.269,2.3093,2.3645,2.4186,2.4544,2.4705,2.5078,2.5281000000000002,2.5734,2.6031,2.6338,2.6609000000000003,2.6909,2.7476000000000003,2.7741000000000002,2.8138,2.8515,2.8718000000000004,2.9313000000000002,2.9698,3.016,3.0448,3.0922,3.1207000000000003,3.1521000000000003,3.1901,3.2273,3.2475,3.2799,3.3108,3.3522000000000003,3.4072,3.4493,3.4965,3.5344,3.5746,3.6059,3.6296000000000004,3.6541,3.697,3.7088,3.7537000000000003,3.7789,3.8424,3.8669000000000002,3.9089,3.9451,3.9824,4.038,4.0602,4.083200000000001,4.101500000000001,4.131,4.16,4.1992,4.2165,4.2602,4.2998,4.3176000000000005,4.3451,4.371,4.4207,4.4536,4.481,4.5280000000000005,4.5862,4.6214,4.649500000000001,4.6912,4.7409,4.7808,4.8162,4.853400000000001,4.882000000000001,4.9351,4.972300000000001
130669:0.040400000000000005,0.07640000000000001,0.1184,0.1726,0.2505,0.30610000000000004,0.4189,0.45180000000000003,0.4994,0.5886,0.6408,0.6817000000000001,0.757,0.7959,0.8413,0.9639000000000001,0.9931000000000001,1.0784,1.1625,1.1893,1.239,1.3090000000000002,1.3797000000000001,1.4207,1.4568,1.6138000000000001,1.6553,1.713,1.7928000000000002,1.8835000000000002,1.9407,1.9934,2.1137,2.1456,2.2102,2.2807,2.3161,2.3675,2.4048000000000003,2.4404,2.517,2.5452,2.616,2.6544000000000003,2.7789,2.8527,2.9023000000000003,2.9629000000000003,3.0292000000000003,3.0515000000000003,3.0872,3.1543,3.2181,3.2621,3.3305000000000002,3.4082000000000003,3.5218000000000003,3.5558,3.5836,3.6371,3.7278000000000002,3.8239,3.8505000000000003,3.9000000000000004,3.9603,3.9876,4.0299000000000005,4.105700000000001,4.1648000000000005,4.2014000000000005,4.2423,4.2728,4.3288,4.3517,4.4526,4.5058,4.5760000000000005,4.644,4.6757,4.7410000000000005,4.8583,4.9192,4.9478
130768:0.09050000000000001,0.221,0.2667,0.3209,0.37510000000000004,0.6736000000000001,0.8548,0.9314,1.0309000000000001,1.0928,1.1907,1.2572,1.3194000000000001,1.3885,1.5665,1.7157,1.7558,2.0524,2.2615000000000003,2.329,2.4165,2.4883,2.6933000000000002,2.7969,2.9287,3.0528,3.1683000000000003,3.2562,3.3125,3.3579000000000003,3.4933,3.8275,3.8567,3.9071000000000002,4.0534,4.2431,4.4537,4.6606000000000005,4.726100000000001,4.7937,4.838900000000001
130780:0.7226,0.918,0.9269000000000001,1.0849,1.5965,1.7154,2.0529,2.5058000000000002,3.6736,3.7414,4.5209,4.6143
131033:1.0117
131542:0.016900000000000002,0.022600000000000002,0.023200000000000002,0.024300000000000002,0.0279,0.033600000000000005,0.0456,0.0468,0.0678,0.0698,0.0765,0.0775,0.0792,0.09330000000000001,0.096,0.0988,0.10310000000000001,0.1168,0.117,0.1218,0.12240000000000001,0.14100000000000001,0.1565,0.1589,0.1701,0.17850000000000002,0.1841,0.1889,0.1893,0.19890000000000002,0.2286,0.2359,0.2391,0.252,0.2529,0.25520000000000004,0.2616,0.2669,0.26980000000000004,0.2711,0.2715,0.2808,0.28340000000000004,0.2888,0.2924,0.2978,0.30610000000000004,0.315,0.32,0.32830000000000004,0.3317,0.3451,0.3481,0.3491,0.3624,0.3709,0.373,0.3798,0.38170000000000004,0.38870000000000005,0.3951,0.4102,0.4131,0.4364,0.44420000000000004,0.4459,0.4561,0.48410000000000003,0.4882,0.503,0.5095000000000001,0.5148,0.52,0.5221,0.5369,0.5455,0.5689000000000001,0.5700000000000001,0.5793,0.5873,0.6012000000000001,0.6022000000000001,0.6088,0.6093000000000001,0.6127,0.6198,0.6214000000000001,0.6227,0.6264000000000001,0.6355000000000001,0.6387,0.6424000000000001,0.6503,0.6553,0.6678000000000001,0.6705,0.6872,0.6937,0.7029000000000001,0.7069000000000001,0.7085,0.7168,0.7203,0.7236,0.7316,0.7411,0.7414000000000001,0.7419,0.7562,0.7683,0.7721,0.7913,0.8018000000000001,0.8258000000000001,0.8306,0.8387,0.8569,0.8808,0.8851,0.886,0.8958,0.9133,0.9295,0.9327000000000001,0.9343,0.9458000000000001,0.9460000000000001,0.9555,0.9579000000000001,0.9584,0.9615,0.9670000000000001,0.9754,0.9812000000000001,0.9842000000000001,0.9897,0.9914000000000001,0.9998,1.0083,1.0112,1.0193,1.0272000000000001,1.0396,1.0513000000000001,1.0623,1.0659,1.0673000000000001,1.0675000000000001,1.0737,1.0824,1.0896000000000001,1.1145,1.1157000000000001,1.1251,1.1272,1.1322,1.1326,1.1389,1.1464,1.1525,1.1635,1.1721000000000001,1.1752,1.1843000000000001,1.1881000000000002,1.1941000000000002,1.196,1.2174,1.2286000000000001,1.2309,1.2545000000000002,1.2574,1.2657,1.2675,1.2809000000000001,1.2861,1.2866,1.2918,1.3076,1.3124,1.3158,1.3193000000000001,1.3291000000000002,1.33,1.3312000000000002,1.3315000000000001,1.3394000000000001,1.3401,1.3591,1.3691,1.391,1.3997000000000002,1.4029,1.4124,1.4135,1.4177,1.4280000000000002,1.4459,1.4529,1.4601000000000002,1.4725000000000001,1.4765000000000001,1.4868000000000001,1.4966000000000002,1.5173,1.522,1.5231000000000001,1.5246000000000002,1.5394,1.5438,1.5487,1.5727,1.5748,1.5781,1.5789,1.5815000000000001,1.5898,1.5909,1.5928,1.5995000000000001,1.6008,1.6034000000000002,1.6127,1.6149,1.6205,1.622,1.6260000000000001,1.6319000000000001,1.6363,1.6399000000000001,1.6417000000000002,1.6420000000000001,1.6455000000000002,1.6544,1.6602000000000001,1.6664,1.6686,1.6736,1.6748,1.6831,1.6926,1.7003000000000001,1.7085000000000001,1.7134,1.7446000000000002,1.7535,1.7648000000000001,1.7653,1.776,1.7797,1.7823,1.8011000000000001,1.8139,1.8143,1.8158,1.8163,1.8166,1.8243,1.8282,1.8349000000000002,1.8379,1.8449,1.8469,1.8545,1.8552000000000002,1.8558000000000001,1.8847,1.8869,1.8994000000000002,1.9017000000000002,1.9048,1.9051,1.9088,1.9122000000000001,1.9228,1.9292,1.9309,1.9429,1.947,1.9517,1.9546000000000001,1.9624000000000001,1.9663000000000002,1.9775,1.9779,1.9792,1.9809,1.9914,2.0,2.0012000000000003,2.0055,2.0224,2.0281000000000002,2.0317000000000003,2.041,2.0437000000000003,2.0439000000000003,2.0479000000000003,2.0549,2.0581,2.0629,2.0665,2.0683000000000002,2.0700000000000003,2.0741,2.0802,2.0814,2.0832,2.0977,2.0998,2.1027,2.1115,2.1121000000000003,2.1470000000000002,2.1582,2.1627,2.1639,2.1644,2.1736,2.1912000000000003,2.1949,2.1954000000000002,2.2146,2.2168,2.2304,2.2309,2.2359,2.2626,2.2717,2.3053,2.3167,2.3214,2.3217000000000003,2.3311,2.3345000000000002,2.3443,2.351,2.3547000000000002,2.3627000000000002,2.3691,2.3708,2.3822,2.4121,2.4144,2.4306,2.4308,2.4313000000000002,2.4354,2.4434,2.4578,2.4615,2.4619,2.4652000000000003,2.4678,2.4708,2.4850000000000003,2.4872,2.4881,2.4901,2.4948,2.4992,2.5072,2.5157000000000003,2.5176000000000003,2.5234,2.5286,2.5306,2.5324,2.5328,2.5373,2.5499,2.5723000000000003,2.5842,2.5900000000000003,2.5914,2.6024000000000003,2.6063,2.6105,2.6115,2.6312,2.6351,2.6378,2.6424000000000003,2.6532,2.6552000000000002,2.6554,2.6625,2.6637,2.6698,2.6837,2.6898,2.6962,2.6985,2.7016,2.7049000000000003,2.7071,2.7310000000000003,2.7499000000000002,2.7560000000000002,2.7575000000000003,2.7646,2.7669,2.7724,2.7739000000000003,2.7764,2.811,2.8212,2.823,2.8405,2.8429,2.8437,2.8462,2.8524000000000003,2.8534,2.8574,2.8581000000000003,2.8654,2.866,2.8681,2.8711,2.8741000000000003,2.878,2.8798000000000004,2.8810000000000002,2.8850000000000002,2.8982,2.9019,2.9098,2.9279,2.9289,2.9316,2.932,2.9402,2.9474,2.9511000000000003,2.9515000000000002,2.9602,2.9627000000000003,2.9741,2.976,2.9802,2.9832,2.9887,2.9937,2.9989000000000003,3.0015,3.0066,3.0073000000000003,3.0090000000000003,3.0290000000000004,3.0394,3.0569,3.0626,3.0651,3.0776000000000003,3.1019,3.1173,3.1258000000000004,3.1260000000000003,3.1342000000000003,3.1345,3.14,3.1406,3.1525000000000003,3.1532,3.1722,3.1734,3.1812,3.198,3.2038,3.2105,3.2156000000000002,3.2288,3.2310000000000003,3.2379000000000002,3.2404,3.2478000000000002,3.2495000000000003,3.2546,3.2632000000000003,3.2641,3.2689000000000004,3.2798000000000003,3.2861000000000002,3.2979000000000003,3.3051000000000004,3.3084000000000002,3.3156000000000003,3.3192000000000004,3.3234000000000004,3.3439,3.3503000000000003,3.3569,3.3628,3.3644000000000003,3.3656,3.3682000000000003,3.3737000000000004,3.3809,3.3842000000000003,3.3890000000000002,3.3913,3.4002000000000003,3.4026,3.4068,3.4113,3.4118,3.4121,3.4128000000000003,3.4146,3.4214,3.4297,3.4329,3.4362000000000004,3.4371,3.4406000000000003,3.442,3.4505000000000003,3.4610000000000003,3.4655,3.4792,3.4846000000000004,3.4861,3.496,3.4971,3.5027000000000004,3.5134000000000003,3.5144,3.5154,3.5184,3.5290000000000004,3.5303,3.5335,3.5377,3.5415,3.5661,3.5755000000000003,3.58,3.5919000000000003,3.5965000000000003,3.6002,3.6068000000000002,3.6097,3.6116,3.6139,3.6153,3.6228000000000002,3.6235000000000004,3.6273,3.6338000000000004,3.6409000000000002,3.6716,3.6936,3.7076000000000002,3.7234000000000003,3.7268000000000003,3.7301,3.7545,3.7568,3.7630000000000003,3.7643,3.7677,3.7698,3.782,3.7834000000000003,3.785,3.7898,3.7912000000000003,3.7964,3.8002000000000002,3.8103000000000002,3.8158000000000003,3.8216,3.8252,3.8382,3.8384,3.8516000000000004,3.8577000000000004,3.8702,3.8862,3.8995,3.9058,3.9118000000000004,3.9139000000000004,3.9155,3.9264,3.9289,3.9303000000000003,3.9325,3.9366000000000003,3.9441,3.9486000000000003,3.9634,3.9671000000000003,3.9804000000000004,3.9958,3.9994,4.0029,4.0092,4.0225,4.0282,4.028700000000001,4.0332,4.045100000000001,4.0503,4.0561,4.0626,4.0801,4.0885,4.0927,4.0956,4.1046000000000005,4.1183000000000005,4.1205,4.1251,4.1261,4.1395,4.154100000000001,4.1557,4.157500000000001,4.1603,4.1795,4.1863,4.1882,4.1963,4.1967,4.2314,4.2330000000000005,4.2378,4.238700000000001,4.2464,4.2494000000000005,4.2511,4.2551000000000005,4.2557,4.2563,4.2734000000000005,4.2766,4.2779,4.2802,4.284,4.2985,4.3001000000000005,4.302700000000001,4.3122,4.3156,4.3179,4.3193,4.3218000000000005,4.3503,4.3542000000000005,4.363700000000001,4.3724,4.373600000000001,4.3781,4.3823,4.393400000000001,4.3988000000000005,4.4001,4.4009,4.4028,4.4072000000000005,4.4082,4.4105,4.4208,4.4227,4.4374,4.4458,4.4499,4.4584,4.4625,4.4627,4.4651000000000005,4.4712000000000005,4.4726,4.476500000000001,4.4984,4.5027,4.5093000000000005,4.5119,4.5252,4.5307,4.5341000000000005,4.5383000000000004,4.5401,4.554600000000001,4.5848,4.590800000000001,4.5979,4.6018,4.6322,4.634,4.6479,4.6521,4.661300000000001,4.6711,4.6748,4.6825,4.6829,4.6846000000000005,4.6934000000000005,4.6965,4.7073,4.7077,4.7104,4.7108,4.715800000000001,4.716,4.7203,4.7382,4.7439,4.7468,4.7601,4.762700000000001,4.794700000000001,4.7965,4.7971,4.809200000000001,4.8289,4.8321000000000005,4.8453,4.869000000000001,4.871300000000001,4.8740000000000006,4.875,4.8824000000000005,4.8904000000000005,4.8943,4.8945,4.8948,4.896100000000001,4.898000000000001,4.902,4.9173,4.9244,4.9430000000000005,4.9512,4.9651000000000005,4.9699,4.972300000000001
131949:0.1346,0.27740000000000004,0.3542,0.4263,0.5553,1.1944000000000001,1.2672,1.4615,1.5045000000000002,1.991,2.1177,2.1632000000000002,2.5854,3.7087000000000003,3.789,4.1759,4.2940000000000005,4.3604
132221:2.6688,4.3276
133149:0.11670000000000001,0.2263,0.2717,0.6319,0.862,0.9169,1.06,1.0906,1.2102000000000002,1.2662,1.4096,1.4917,1.597,1.6693,1.7202000000000002,1.7428000000000001,2.0519000000000003,2.1194,2.2139,2.3452,2.4263,2.6694,2.8109,3.0618000000000003,3.1942000000000004,3.2597,3.3163,3.3602000000000003,3.5002,3.8654,3.9569,3.9845,4.3260000000000005,4.3559,4.456,4.6151,4.7391000000000005,4.802700000000001,4.871
133158:0.1067,0.19490000000000002,0.2853,0.47790000000000005,0.6108,0.7047,0.881,0.9693,1.0059,1.2772000000000001,1.3485,1.5014,1.6236000000000002,1.6941000000000002,1.9113,2.0043,2.1241000000000003,2.3087,2.4685,2.5166,2.6921,2.8772,3.0189000000000004,3.1518,3.1936,3.2792000000000003,3.702,3.9901,4.1275,4.221,4.2703,4.313400000000001,4.6938,4.819100000000001,4.8685
133551:0.2715,0.5315,0.5936,0.6307,0.9012,0.9925,1.0418,1.0735000000000001,1.1556,1.3335000000000001,1.591,1.6524,1.7891000000000001,1.999,2.0251,2.0909,2.1152,2.4046000000000003,2.4912,2.6553,2.7304,2.9308,3.0014000000000003,3.0863,3.1799,3.2241,3.35,3.3706,3.391,3.7334,3.7798000000000003,3.9714,3.9929,4.0103,4.0852,4.293200000000001,4.34,4.6135,4.8058000000000005
133845:0.7279,0.9212,0.9381,1.0885,1.5991,2.0557000000000003,3.6776,4.5244,4.6177
134244:0.0483,0.10260000000000001,0.1477,0.2162,0.253,0.2913,0.368,0.42760000000000004,0.4631,0.49820000000000003,0.5753,0.6742,0.7446,0.8083,0.8556,0.9642000000000001,0.9937,1.0447,1.0995000000000001,1.1862000000000001,1.2376,1.2966,1.3414000000000001,1.3806,1.4282000000000001,1.4896,1.6212,1.7106000000000001,1.7609000000000001,1.802,1.8751,1.9068,1.9434,1.9921000000000002,2.0566,2.1392,2.2079,2.2767,2.3166,2.374,2.4123,2.464,2.5375,2.6021,2.6542000000000003,2.6903,2.7795,2.823,2.8602000000000003,2.9112,2.9867000000000004,3.0398,3.0862000000000003,3.1303,3.1626000000000003,3.2593,3.3171,3.4055,3.4868,3.5297,3.6127000000000002,3.6443000000000003,3.7165000000000004,3.822,3.8566000000000003,3.8880000000000003,3.9324000000000003,3.9874,4.029100000000001,4.1035,4.2106,4.2473,4.3148,4.3513,4.45,4.5744,4.6436,4.6747000000000005,4.7381,4.8566,4.947900000000001
135560:1.0894000000000001,1.5979,4.0120000000000005
135733:0.9414
136144:0.053700000000000005,0.0801,0.1134,0.1562,0.19840000000000002,0.2318,0.2647,0.2877,0.3264,0.3523,0.38180000000000003,0.4287,0.4611,0.49960000000000004,0.533,0.5690000000000001,0.5941000000000001,0.6251,0.6653,0.7011000000000001,0.757,0.8047000000000001,0.8328,0.8579,0.8976000000000001,0.9248000000000001,0.9711000000000001,1.0152,1.052,1.0789,1.1454,1.1866,1.2235,1.2681,1.3157,1.3574000000000002,1.3908,1.4173,1.4592,1.4783000000000002,1.5316,1.5567,1.5949,1.643,1.6617000000000002,1.697,1.731,1.7662,1.8019,1.844,1.9297000000000002,1.9667000000000001,2.0073000000000003,2.0389,2.0672,2.1094,2.1447000000000003,2.1934,2.2288,2.2572,2.2933,2.3201,2.3583000000000003,2.3965,2.4309000000000003,2.4671000000000003,2.5175,2.5573,2.584,2.613,2.6288,2.6756,2.7036000000000002,2.7342,2.7687,2.7946,2.8391,2.8768000000000002,2.9088000000000003,2.9297,2.9732000000000003,3.0284,3.0524,3.0987,3.1368,3.1656,3.1936,3.2382,3.2661000000000002,3.2925,3.3376,3.3821000000000003,3.4158,3.4574000000000003,3.4895,3.5412000000000003,3.5953000000000004,3.6442,3.6689000000000003,3.7059,3.7298,3.7829,3.8199,3.8477,3.8803,3.9066,3.942,3.9924000000000004,4.0363,4.0656,4.0972,4.1228,4.1589,4.1856,4.2201,4.2691,4.3022,4.3335,4.3644,4.432,4.454000000000001,4.5045,4.524,4.576700000000001,4.615200000000001,4.6633000000000004,4.7034,4.742500000000001,4.7794,4.8116,4.8298000000000005,4.8701,4.8958,4.9372,4.9861
136180:0.0196,0.029900000000000003,0.0528,0.0717,0.0896,0.1044,0.1258,0.1554,0.1748,0.1935,0.2093,0.23900000000000002,0.2518,0.2727,0.2883,0.2993,0.3183,0.3388,0.36260000000000003,0.3819,0.4056,0.4186,0.4294,0.449,0.46040000000000003,0.47350000000000003,0.4917,0.5325,0.5524,0.5806,0.5947,0.617,0.6315000000000001,0.6494,0.6684,0.6784,0.6984,0.7150000000000001,0.7405,0.7596,0.7843,0.8066,0.8294,0.8415,0.8572000000000001,0.8703000000000001,0.9007000000000001,0.9201,0.936,0.9484,0.9734,0.9915,1.0163,1.0324,1.0484,1.0639,1.081,1.0989,1.145,1.1609,1.1821000000000002,1.1991,1.2234,1.2441,1.2559,1.2727000000000002,1.2918,1.3132000000000001,1.3278,1.3428,1.3633,1.3796000000000002,1.3959000000000001,1.4172,1.4424000000000001,1.457,1.4785000000000001,1.4955,1.5182,1.5389000000000002,1.5673000000000001,1.5931000000000002,1.606,1.6345,1.6572,1.6828,1.7002000000000002,1.7169,1.7326000000000001,1.7477,1.7658,1.7890000000000001,1.8162,1.8405,1.8651,1.8760000000000001,1.8931,1.9088,1.9371,1.9578,1.9739,1.9952,2.0171,2.0274,2.0451,2.0662000000000003,2.0992,2.1176,2.1310000000000002,2.1423,2.1611000000000002,2.1845,2.2053000000000003,2.2252,2.2454,2.2654,2.2903000000000002,2.3108,2.3314,2.3539000000000003,2.3738,2.3994,2.412,2.4342,2.4493,2.4631000000000003,2.4831000000000003,2.5061,2.5232,2.5348,2.5527,2.5734,2.5952,2.6126,2.6319,2.6499,2.6727000000000003,2.6902,2.708,2.7363,2.7654,2.7817000000000003,2.8018,2.822,2.8386,2.8523,2.8734,2.8924000000000003,2.9112,2.9265000000000003,2.9464,2.9657,2.9841,3.0126,3.0319000000000003,3.0529,3.0766,3.0987,3.1169000000000002,3.1368,3.16,3.1748000000000003,3.2006,3.2222,3.2468000000000004,3.2631,3.2758000000000003,3.2949,3.3169,3.3426,3.3596000000000004,3.3795,3.3964000000000003,3.4184,3.4408000000000003,3.4651,3.4853,3.503,3.5204,3.5459,3.5714,3.6026000000000002,3.6219,3.6367000000000003,3.6556,3.6717,3.692,3.7045000000000003,3.7203000000000004,3.7368,3.7557,3.7797,3.8066,3.8159,3.8278000000000003,3.8447,3.8582,3.8786,3.8915,3.9024,3.9208000000000003,3.9383000000000004,3.9584,3.9988,4.0163,4.0389,4.0628,4.0878000000000005,4.1035,4.1256,4.1552,4.1778,4.2017,4.2311000000000005,4.2499,4.2754,4.2953,4.3085,4.3213,4.3369,4.3527000000000005,4.3718,4.3992,4.4189,4.4428,4.4567000000000005,4.4741,4.5046,4.5197,4.5347,4.5581000000000005,4.5796,4.595000000000001,4.6164000000000005,4.643400000000001,4.6648000000000005,4.6832,4.7,4.7136000000000005,4.726,4.7454,4.7599,4.7897,4.8022,4.8186,4.8411,4.8559,4.8838,4.9019,4.917400000000001,4.9369000000000005,4.9691,4.9932
136405:0.12040000000000001,0.2295,0.27080000000000004,0.632,0.8618,0.9189,1.0894000000000001,1.2092,1.3267,1.5778,1.739,2.0582000000000003,2.1309,2.2150000000000003,2.363,2.4262,2.6057,2.6950000000000003,2.8001,3.0579,3.1902000000000004,3.2594000000000003,3.3143000000000002,3.3629000000000002,3.8654,3.9544,4.339700000000001,4.456,4.6182,4.7385,4.8020000000000005,4.8681
136411:1.2143000000000002,1.4317,1.7889000000000002,2.0545,2.1676,2.3056,2.5740000000000003,2.7903000000000002,4.5947000000000005
136448:0.059500000000000004,0.0922,0.1366,0.21230000000000002,0.2684,0.3259,0.375,0.4395,0.5135000000000001,0.6736000000000001,0.8083,0.8638,0.9267000000000001,1.03,1.1037000000000001,1.1596,1.2037,1.2678,1.314,1.3498,1.4072,1.4766000000000001,1.5603,1.6146,1.7291,1.9251,1.9693,2.0127,2.1188000000000002,2.2118,2.3236000000000003,2.4176,2.472,2.5628,2.6901,2.716,2.7747,2.8585000000000003,2.9107000000000003,3.0514,3.1662000000000003,3.1968,3.2377000000000002,3.2569000000000004,3.2912000000000003,3.3214,3.4478,3.4662,3.5513000000000003,3.5927000000000002,3.7073,3.8150000000000004,3.8589,3.9083,3.9473000000000003,3.9917000000000002,4.0357,4.0982,4.1565,4.181,4.261,4.3846,4.4457,4.617100000000001,4.7170000000000005,4.7771,4.8359000000000005,4.8574,4.8978,4.9824
137072:1.913
138286:0.3387,1.4963,2.2605