400:0.7064,1.8821,1.9825000000000002,2.9695,3.4666
472:0.0182,0.037700000000000004,0.0663,0.07830000000000001,0.112,0.1177,0.14980000000000002,0.1786,0.2001,0.22760000000000002,0.2511,0.26230000000000003,0.29500000000000004,0.3139,0.3408,0.3657,0.3745,0.4189,0.4278,0.45470000000000005,0.459,0.46530000000000005,0.5022,0.5193,0.5312,0.5701,0.5968,0.6149,0.6348,0.6398,0.6713,0.7049000000000001,0.7112,0.7451,0.7677,0.7909,0.8312,0.8422000000000001,0.8553000000000001,0.8903000000000001,0.8941,0.91,0.913,0.9579000000000001,0.9651000000000001,0.9850000000000001,1.0089000000000001,1.0317,1.0394,1.0592000000000001,1.0685,1.0824,1.0953000000000002,1.1207,1.1286,1.1477000000000002,1.1532,1.167,1.1860000000000002,1.2104000000000001,1.2218,1.2291,1.254,1.272,1.2792000000000001,1.2918,1.3269,1.3442,1.3738000000000001,1.3994,1.4206,1.4442000000000002,1.4502000000000002,1.4555,1.4862,1.5013,1.532,1.542,1.5590000000000002,1.5882,1.6028,1.6333,1.6376000000000002,1.6794,1.6946,1.7093,1.713,1.7195,1.7316,1.7567000000000002,1.7958,1.8068000000000002,1.8249000000000002,1.8494000000000002,1.8853000000000002,1.8922,1.9101000000000001,1.9208,1.9393,1.9661000000000002,1.9879,1.9939,2.0088,2.0357000000000003,2.0602,2.0660000000000003,2.0893,2.1109,2.1168,2.1442,2.1813000000000002,2.1981,2.2112000000000003,2.2399,2.2524,2.2929,2.2968,2.3178,2.3256,2.339,2.3446000000000002,2.3643,2.3844000000000003,2.404,2.4096,2.432,2.4474,2.4561,2.4886,2.5004,2.5147,2.5365,2.5421,2.5574000000000003,2.5837000000000003,2.6217,2.6513,2.6556,2.6771000000000003,2.7054,2.7105,2.7365,2.7485,2.8116000000000003,2.8203,2.8286000000000002,2.8346,2.8634,2.8914,2.9146,2.9241,2.9424,2.9569,2.9626,3.0046,3.0447,3.0549,3.0703,3.1302000000000003,3.1478,3.1526,3.1919,3.2153,3.2257000000000002,3.2376,3.2472000000000003,3.2752000000000003,3.2823,3.3186,3.3387000000000002,3.3637,3.3852,3.4031000000000002,3.4102,3.4408000000000003,3.4669000000000003,3.4953000000000003,3.5226,3.5395000000000003,3.5466,3.5649,3.5724,3.6136000000000004,3.6446,3.6633,3.6795,3.7042,3.7366,3.7569000000000004,3.7608,3.7675,3.7736,3.7921,3.7990000000000004,3.8174,3.839,3.8733,3.8834000000000004,3.8957,3.9278000000000004,3.9621000000000004,3.9776000000000002,3.9839,4.0045,4.0369,4.0528,4.0574,4.0974,4.1032,4.1361,4.1413,4.1459,4.1664,4.1869000000000005,4.1973,4.2236,4.2557,4.2599,4.2862,4.309,4.331300000000001,4.347700000000001,4.3632,4.3921,4.4061,4.4101,4.4449000000000005,4.4538,4.4831,4.4943,4.5086,4.543200000000001,4.557300000000001,4.5712,4.6063,4.6216,4.625100000000001,4.6381000000000006,4.6645,4.6687,4.6924,4.6963,4.7039,4.7228,4.7399000000000004,4.7468,4.7656,4.7727,4.8074,4.8276,4.8326,4.8742,4.913,4.9386,4.9537,4.9648
676:0.044000000000000004,0.0852,0.1603,0.19190000000000002,0.263,0.3367,0.3771,0.4667,0.55,0.6429,0.6768000000000001,0.7122,0.8016000000000001,0.8666,0.9208000000000001,0.9850000000000001,1.0401,1.0971,1.1800000000000002,1.23,1.2919,1.3396000000000001,1.3812,1.4109,1.4906000000000001,1.5596,1.6402,1.7124000000000001,1.7611,1.8050000000000002,1.8664,1.9203000000000001,1.963,2.0119000000000002,2.1017,2.1497,2.1982,2.2226,2.2604,2.3047,2.3518000000000003,2.4114,2.4526000000000003,2.5145,2.5596,2.5997000000000003,2.6304000000000003,2.6803000000000003,2.7654,2.8328,2.8748,2.9301,2.9673000000000003,3.0204,3.0769,3.1527000000000003,3.2023,3.2464,3.2908,3.3422,3.4089,3.4823,3.5771,3.6224000000000003,3.6761000000000004,3.7673,3.8046,3.9005,3.9396,4.0191,4.072,4.1068,4.1584,4.2006000000000006,4.2677000000000005,4.295100000000001,4.3773,4.4194,4.4652,4.5693,4.6256,4.7001,4.7234,4.782500000000001,4.8457,4.8837,4.964300000000001
750:0.0821,0.1237,0.2059,0.229,0.2649,0.31420000000000003,0.3618,0.4313,0.648,0.6872,0.7162000000000001,0.7948000000000001,0.8674000000000001,0.9696,1.0110000000000001,1.0592000000000001,1.1078000000000001,1.2012,1.2473,1.2937,1.4008,1.4669,1.5084,1.5695000000000001,1.6614,1.7393,1.874,1.9397000000000002,2.0176000000000003,2.1652,2.2558000000000002,2.3675,2.4104,2.4490000000000003,2.535,2.609,2.6818,2.7148000000000003,2.7934,2.8632,2.9222,2.975,3.0283,3.0688,3.1022000000000003,3.1502000000000003,3.1974,3.3035,3.3658,3.4148,3.4706,3.508,3.5544000000000002,3.5943,3.6403000000000003,3.688,3.7617000000000003,3.8190000000000004,3.8431,3.9025000000000003,3.9434,4.0101,4.1361,4.2401,4.2786,4.3315,4.3819,4.421,4.4635,4.5181000000000004,4.5917,4.6432,4.7026,4.8361,4.9187,4.989800000000001
902:0.34700000000000003,0.9247000000000001,1.5130000000000001,2.0184,2.2279,4.362,4.8212
904:0.1301,0.1411,0.29400000000000004,0.337,0.3428,0.4879,0.5764,0.674,0.8321000000000001,0.8421000000000001,0.8831,0.9142,0.9204,1.3717000000000001,1.4956,1.5048000000000001,2.0019,2.0079000000000002,2.1024000000000003,2.21,2.2188000000000003,2.4874,2.6882,2.8349,2.8792,2.8879,3.0205,3.1625,3.3282000000000003,3.5844,3.5932000000000004,3.7706000000000004,3.7811000000000003,3.7908000000000004,3.9600000000000004,4.1191,4.13,4.1428,4.1683,4.226100000000001,4.2694,4.3359000000000005,4.3486,4.3569,4.4078,4.4736,4.6043,4.7999,4.8066,4.8146,4.8846,4.9793
1133:0.0129,0.0413,0.07100000000000001,0.0848,0.1042,0.1228,0.1398,0.16010000000000002,0.1819,0.2033,0.2207,0.2482,0.2632,0.2765,0.29650000000000004,0.3163,0.3377,0.3637,0.3801,0.39630000000000004,0.41090000000000004,0.43,0.4475,0.462,0.47040000000000004,0.4853,0.5073,0.5253,0.5542,0.5731,0.5900000000000001,0.6138,0.6327,0.654,0.6686000000000001,0.6916,0.7069000000000001,0.7200000000000001,0.7403000000000001,0.7579,0.7834,0.8088000000000001,0.8274,0.8398,0.8552000000000001,0.8678,0.8849,0.9028,0.9232,0.9433,0.9615,0.9791000000000001,0.9895,1.0134,1.0295,1.0434,1.0579,1.0765,1.0936000000000001,1.1098000000000001,1.1243,1.1397000000000002,1.1607,1.1727,1.1984000000000001,1.2124000000000001,1.2244000000000002,1.2365000000000002,1.2524,1.2628000000000001,1.2796,1.3,1.3171000000000002,1.3274000000000001,1.3469,1.3699000000000001,1.3849,1.4054,1.4188,1.4386,1.4655,1.4807000000000001,1.4922,1.5064,1.5182,1.5342,1.5564,1.5756000000000001,1.5882,1.6024,1.6196000000000002,1.6372,1.6494,1.6691,1.6855,1.6993,1.7116,1.7274,1.7427000000000001,1.7558,1.7691000000000001,1.7905,1.8059,1.8239,1.8405,1.8606,1.8835000000000002,1.9078000000000002,1.9304000000000001,1.9477,1.9683000000000002,1.9902000000000002,2.0093,2.0346,2.0509,2.0706,2.0965000000000003,2.1169000000000002,2.133,2.1466000000000003,2.1597,2.173,2.1894,2.2026,2.214,2.2304,2.2465,2.2642,2.2840000000000003,2.3061000000000003,2.329,2.3401,2.354,2.3706,2.3883,2.4145000000000003,2.4367,2.4498,2.4652000000000003,2.4782,2.494,2.5115000000000003,2.5252000000000003,2.551,2.5691,2.5866000000000002,2.6100000000000003,2.6262000000000003,2.6461,2.6631,2.6876,2.6989,2.7177000000000002,2.7517,2.7681,2.782,2.8073,2.8255000000000003,2.8465000000000003,2.8656,2.8824,2.8967,2.9148,2.9331,2.9514,2.9667000000000003,2.9842,3.0004,3.0137,3.0402,3.0664000000000002,3.0820000000000003,3.1021,3.1208,3.1384000000000003,3.1527000000000003,3.1716,3.1838,3.1954000000000002,3.2078,3.2249000000000003,3.2387,3.2512000000000003,3.265,3.2790000000000004,3.2931000000000004,3.3067,3.3227,3.3441,3.357,3.3725,3.3972,3.4169,3.4358,3.4538,3.4728000000000003,3.4952,3.5140000000000002,3.5313000000000003,3.5466,3.5580000000000003,3.5740000000000003,3.5873000000000004,3.607,3.6201000000000003,3.641,3.66,3.6825,3.6991,3.7163000000000004,3.7314000000000003,3.7456,3.7732,3.7873,3.805,3.8159,3.8304,3.847,3.8615000000000004,3.8786,3.8939000000000004,3.9104,3.9257,3.9546,3.9713000000000003,3.9832,4.0007,4.0198,4.0347,4.0563,4.0696,4.0958000000000006,4.1135,4.1263000000000005,4.1486,4.1628,4.184200000000001,4.2016,4.2119,4.227,4.2416,4.2556,4.2674,4.2916,4.308,4.3176000000000005,4.3335,4.3529,4.3653,4.3844,4.396,4.4148000000000005,4.4309,4.4459,4.462400000000001,4.4842,4.4994000000000005,4.5187,4.5339,4.547000000000001,4.5685,4.582,4.605,4.623,4.6406,4.6553,4.6723,4.6921,4.7069,4.7251,4.7398,4.7571,4.7763,4.7903,4.8089,4.8263,4.8434,4.8625,4.8806,4.894,4.9081,4.9255,4.9436,4.9626,4.9869
1566:0.0183,0.0223,0.025,0.043000000000000003,0.0446,0.0473,0.0521,0.0548,0.0646,0.07200000000000001,0.0723,0.07830000000000001,0.0813,0.0828,0.0872,0.1029,0.10540000000000001,0.1168,0.1206,0.1226,0.14980000000000002,0.1539,0.16820000000000002,0.1709,0.1953,0.198,0.2011,0.2029,0.2039,0.2044,0.2079,0.22690000000000002,0.2341,0.25170000000000003,0.259,0.26480000000000004,0.2761,0.279,0.28340000000000004,0.2838,0.2861,0.2958,0.3074,0.30760000000000004,0.312,0.313,0.31320000000000003,0.3134,0.32,0.3216,0.3272,0.3297,0.3405,0.3574,0.3633,0.3693,0.36960000000000004,0.3714,0.3768,0.3982,0.4042,0.4151,0.4178,0.4213,0.43510000000000004,0.439,0.44530000000000003,0.4536,0.45630000000000004,0.47300000000000003,0.4756,0.4781,0.4993,0.5,0.5198,0.5241,0.5328,0.553,0.5536,0.5549000000000001,0.5555,0.559,0.5621,0.5822,0.5890000000000001,0.5918,0.5935,0.5998,0.6039,0.6095,0.6167,0.6304000000000001,0.6403,0.6407,0.6448,0.6467,0.6512,0.6536000000000001,0.6539,0.6549,0.658,0.6605000000000001,0.6643,0.6713,0.6722,0.6809000000000001,0.6961,0.6980000000000001,0.6984,0.7014,0.7038,0.7052,0.7133,0.7203,0.7252000000000001,0.7338,0.734,0.7769,0.7859,0.7951,0.7984,0.8055,0.8093,0.8222,0.8461000000000001,0.8479,0.8636,0.8647,0.8686,0.872,0.8792000000000001,0.8833000000000001,0.8867,0.907,0.9076000000000001,0.9139,0.9314,0.934,0.9388000000000001,0.9410000000000001,0.9667,0.9712000000000001,0.9781000000000001,0.9809,0.9993000000000001,1.0012,1.0041,1.0103,1.0142,1.0284,1.0378,1.0415,1.0417,1.0427,1.0530000000000002,1.0703,1.0803,1.0846,1.0864,1.1094000000000002,1.1207,1.122,1.1348,1.1436,1.1508,1.1896,1.2042000000000002,1.2049,1.2066000000000001,1.2208,1.2355,1.2376,1.2383,1.2419,1.2423,1.2553,1.2719,1.2768000000000002,1.2779,1.2792000000000001,1.2808000000000002,1.3012000000000001,1.3063,1.3203,1.3248,1.3377000000000001,1.3393000000000002,1.3457000000000001,1.3531,1.3534000000000002,1.3545,1.3553000000000002,1.3594000000000002,1.361,1.3616000000000001,1.3751,1.3764,1.3804,1.3996000000000002,1.4237,1.4284000000000001,1.4413,1.4469,1.472,1.4768000000000001,1.481,1.5007000000000001,1.5138,1.5176,1.5196,1.5346,1.5371000000000001,1.5408000000000002,1.5453000000000001,1.5483,1.5526,1.5559,1.5633000000000001,1.5661,1.5713000000000001,1.5739,1.5746,1.5848,1.5911000000000002,1.5972000000000002,1.5991,1.603,1.6035000000000001,1.604,1.6173000000000002,1.6182,1.622,1.635,1.6422,1.6435000000000002,1.6640000000000001,1.6653,1.6724,1.6735,1.677,1.6796,1.6927,1.6932,1.7011,1.7186000000000001,1.7248,1.7305000000000001,1.7531,1.7571,1.7599,1.7698,1.772,1.774,1.7812000000000001,1.7846000000000002,1.794,1.8095,1.8147,1.8167,1.8365,1.8697000000000001,1.8722,1.8766,1.8785,1.8808,1.8895000000000002,1.8957000000000002,1.9108,1.913,1.9140000000000001,1.9148,1.9163000000000001,1.9166,1.9241000000000001,1.9318000000000002,1.9336,1.9339000000000002,1.9399000000000002,1.9534,1.9576,1.9686000000000001,1.9707000000000001,1.9747000000000001,1.9867000000000001,1.9896,1.9935,2.0035000000000003,2.0045,2.0145,2.024,2.0317000000000003,2.0335,2.0372,2.0386,2.0427,2.0457,2.047,2.0686,2.0722,2.0808,2.0886,2.0946000000000002,2.0993,2.1111,2.1143,2.1216,2.1315,2.1386000000000003,2.14,2.1507,2.1587,2.1657,2.1733000000000002,2.1775,2.1842,2.1857,2.1926,2.2055000000000002,2.2114000000000003,2.2148000000000003,2.2171000000000003,2.2204,2.2361,2.247,2.2491000000000003,2.2565,2.267,2.2742,2.2749,2.2818,2.2865,2.2984,2.3033,2.3046,2.3084000000000002,2.3114,2.3162000000000003,2.3213,2.3269,2.3343000000000003,2.3360000000000003,2.3376,2.3382,2.3406000000000002,2.3432,2.3479,2.3547000000000002,2.3599,2.3622,2.3665000000000003,2.3798,2.3826,2.3918,2.4072,2.4092000000000002,2.4194,2.4295,2.4309000000000003,2.4325,2.4337,2.4373,2.4383,2.4405,2.4459,2.4513000000000003,2.4529,2.4572000000000003,2.4601,2.4657,2.4667000000000003,2.4681,2.4829000000000003,2.4841,2.4849,2.4871000000000003,2.491,2.4956,2.5006,2.5095,2.5225,2.5234,2.5272,2.5295,2.5329,2.5381,2.544,2.5444,2.5643000000000002,2.5684,2.5722,2.5821,2.5847,2.5969,2.6023,2.6115,2.6195,2.625,2.6376,2.6441000000000003,2.6458,2.6652,2.6697,2.6792000000000002,2.68,2.685,2.693,2.7109,2.7191,2.7221,2.7438000000000002,2.7537000000000003,2.7766,2.7772,2.7816,2.782,2.7916000000000003,2.809,2.8120000000000003,2.8151,2.8167,2.8178,2.8188,2.8255000000000003,2.8268,2.8396000000000003,2.8416,2.8506,2.8555,2.8679,2.8769,2.8776,2.8834,2.8839,2.8911000000000002,2.9009,2.9082000000000003,2.9203,2.9291,2.9517,2.9547000000000003,2.9693,2.9757000000000002,2.9801,2.9883,3.0185,3.0399000000000003,3.0413,3.0434,3.0437000000000003,3.0528,3.0540000000000003,3.0667,3.0691,3.0727,3.0855,3.0860000000000003,3.0961000000000003,3.0964,3.0974,3.1132,3.1242,3.1264000000000003,3.1303,3.1332,3.1352,3.1366,3.1403000000000003,3.1500000000000004,3.1583,3.1624000000000003,3.1658,3.1669,3.1696,3.1755,3.1911,3.1992000000000003,3.2079,3.2091000000000003,3.2099,3.2185,3.2281,3.2302,3.2444,3.2581,3.2625,3.2628000000000004,3.2645,3.2709,3.2758000000000003,3.2803,3.2913,3.2966,3.301,3.3051000000000004,3.317,3.3172,3.3192000000000004,3.3531,3.379,3.3822,3.3920000000000003,3.395,3.3974,3.4005,3.4049,3.422,3.4228,3.4255,3.4282000000000004,3.4324000000000003,3.4354,3.4372000000000003,3.4468,3.4569,3.4601,3.4667000000000003,3.4725,3.4893,3.498,3.5102,3.5119000000000002,3.5141,3.5318,3.5402,3.5472,3.5578000000000003,3.5913000000000004,3.6048,3.6089,3.6117000000000004,3.6214,3.6259,3.6343,3.6386000000000003,3.6524,3.6527000000000003,3.6675,3.6719000000000004,3.6749,3.6845000000000003,3.708,3.7149,3.7173000000000003,3.7356000000000003,3.7371000000000003,3.7447000000000004,3.7556000000000003,3.7593,3.7600000000000002,3.7633,3.7655000000000003,3.7664,3.7701000000000002,3.7716000000000003,3.7848,3.7892,3.7954000000000003,3.798,3.7993,3.8004000000000002,3.8006,3.8058,3.8127,3.8198000000000003,3.8214,3.8219000000000003,3.8353,3.8403,3.8444000000000003,3.8667000000000002,3.8722000000000003,3.8891,3.9087,3.9262,3.9329,3.9396,3.9415,3.9431000000000003,3.9513000000000003,3.9538,3.9593000000000003,3.9621000000000004,3.9629000000000003,3.9652000000000003,3.9677000000000002,3.9703000000000004,3.972,3.9788,3.9829000000000003,3.9835000000000003,3.9915000000000003,4.001,4.0056,4.0209,4.0341000000000005,4.0355,4.0455000000000005,4.0515,4.062,4.0686,4.0719,4.0754,4.0774,4.0932,4.0991,4.1056,4.1064,4.1066,4.112,4.115600000000001,4.1265,4.1326,4.1331,4.1357,4.1433,4.1619,4.1707,4.1761,4.1875,4.1913,4.1916,4.1965,4.1978,4.1985,4.204000000000001,4.2061,4.2085,4.2104,4.2115,4.245,4.2495,4.2596,4.2683,4.2686,4.271100000000001,4.2839,4.2882,4.2921000000000005,4.2945,4.2971,4.2987,4.3043000000000005,4.3072,4.3180000000000005,4.3338,4.3387,4.34,4.341,4.3458000000000006,4.3598,4.3696,4.373,4.3744000000000005,4.3773,4.3856,4.387300000000001,4.388,4.3894,4.4066,4.4114,4.4246,4.4369000000000005,4.4488,4.4623,4.4636000000000005,4.463900000000001,4.4664,4.4715,4.4809,4.4848,4.4869,4.4904,4.494400000000001,4.4961,4.5058,4.5112000000000005,4.5419,4.5507,4.555000000000001,4.5643,4.57,4.5765,4.5903,4.5921,4.5986,4.603400000000001,4.6047,4.6051,4.6058,4.6160000000000005,4.6178,4.6231,4.625100000000001,4.6281,4.6323,4.6359,4.6394,4.6405,4.6483,4.6494,4.6525,4.6555,4.6683,4.6778,4.6872,4.6905,4.694500000000001,4.698,4.7037,4.7071000000000005,4.712400000000001,4.7176,4.7179,4.7258000000000004,4.750100000000001,4.7545,4.766500000000001,4.7718,4.7723,4.7729,4.7765,4.7799000000000005,4.784800000000001,4.7957,4.7974000000000006,4.8147,4.8164,4.8203000000000005,4.8238,4.8395,4.8668000000000005,4.8714,4.8719,4.8769,4.884,4.889600000000001,4.8971,4.901,4.9015,4.902200000000001,4.9028,4.904100000000001,4.9055,4.9105,4.9291,4.9306,4.9327000000000005,4.9343,4.9350000000000005,4.9408,4.9448,4.956,4.9661,4.9665,4.9668,4.9671,4.9707,4.9747,4.9888,4.9977,4.9991
1792:0.1369,0.37570000000000003,0.44430000000000003,0.4839,0.497,0.5792,0.6802,0.8111,0.9031,0.9988,1.0512000000000001,1.2362,1.3452000000000002,1.3893,1.4862,1.6351,1.8075,1.9507,2.0841000000000003,2.1747,2.3137000000000003,2.3213,2.3767,2.443,2.5302000000000002,2.6379,2.7102,2.9509000000000003,3.0142,3.0702000000000003,3.1445000000000003,3.2293000000000003,3.2812,3.4322000000000004,3.5947,3.6812,3.8507000000000002,3.8575000000000004,3.8974,4.1562,4.269,4.4792000000000005,4.6564000000000005,4.726100000000001
2793:1.1211,1.5009000000000001,3.0234,3.1709,4.2281
2860:0.022600000000000002,0.0407,0.0565,0.07930000000000001,0.10260000000000001,0.12490000000000001,0.156,0.1759,0.201,0.2078,0.22890000000000002,0.2535,0.26630000000000004,0.29610000000000003,0.3025,0.3113,0.34190000000000004,0.3563,0.3839,0.4045,0.435,0.4738,0.49920000000000003,0.534,0.5627,0.5764,0.6002000000000001,0.6351,0.6492,0.6744,0.6869000000000001,0.7037,0.7165,0.7388,0.7447,0.7732,0.794,0.8196,0.8300000000000001,0.8595,0.8687,0.8942,0.9128000000000001,0.9412,0.9654,0.9898,1.0059,1.0190000000000001,1.0396,1.0567,1.0974000000000002,1.1093,1.1262,1.1514,1.1849,1.212,1.2282,1.2462,1.2787000000000002,1.3213000000000001,1.3339,1.3466,1.3749,1.3933,1.399,1.4211,1.4294,1.453,1.4702000000000002,1.4933,1.5024000000000002,1.5112,1.5293,1.5552000000000001,1.5721,1.5881,1.6074000000000002,1.6358000000000001,1.6613,1.6884000000000001,1.7084000000000001,1.7359,1.7568000000000001,1.7618,1.796,1.8192000000000002,1.8308,1.8559,1.8722,1.8854000000000002,1.8967,1.9193,1.9402000000000001,1.9656,1.9864000000000002,2.0163,2.0398,2.0656,2.0884,2.1169000000000002,2.145,2.1646,2.1766,2.1876,2.2141,2.2463,2.2587,2.2962000000000002,2.3045,2.3161,2.3359,2.3636,2.3797,2.3977,2.4101,2.4318,2.4473000000000003,2.4559,2.4802,2.5132000000000003,2.5349,2.5588,2.5661,2.5882,2.5954,2.6064000000000003,2.6340000000000003,2.658,2.6762,2.688,2.7059,2.7154000000000003,2.7489000000000003,2.7689,2.7887,2.8218,2.8513,2.8687,2.8918,2.8995,2.9225000000000003,2.9533,2.9764,3.0086,3.0257,3.0536000000000003,3.0689,3.0904000000000003,3.1301,3.1497,3.1739,3.192,3.2126,3.2445,3.2787,3.3025,3.3171,3.3337000000000003,3.3512,3.3648000000000002,3.3868,3.3945000000000003,3.4235,3.4337,3.4489,3.4834,3.494,3.5111000000000003,3.5406,3.5545,3.5846,3.6006,3.6167000000000002,3.6390000000000002,3.6528,3.6656,3.6832000000000003,3.7148000000000003,3.7377000000000002,3.7608,3.7899000000000003,3.8175000000000003,3.8327,3.851,3.8686000000000003,3.8954,3.9059000000000004,3.9307000000000003,3.9446000000000003,3.9597,3.9661000000000004,3.9930000000000003,4.0128,4.0362,4.0793,4.0946,4.115200000000001,4.1315,4.149,4.1631,4.1902,4.216200000000001,4.2399000000000004,4.2605,4.2773,4.3122,4.3264000000000005,4.3495,4.3645000000000005,4.381200000000001,4.4110000000000005,4.4213000000000005,4.4519,4.4642,4.4828,4.4903,4.5103,4.5288,4.5456,4.564900000000001,4.5760000000000005,4.623200000000001,4.6431000000000004,4.6633000000000004,4.6914,4.7035,4.7281,4.7594,4.7845,4.8087,4.8358,4.8604,4.879700000000001,4.9048,4.9129000000000005,4.9379,4.9696,4.988
2962:0.3446,0.9235000000000001,1.5123,2.0099,2.0207,2.2262,2.8943000000000003,3.7839,4.1321,4.3526,4.365600000000001,4.8121,4.8223
3430:4.8152
3448:0.0563,0.1491,0.219,0.2897,0.3287,0.3623,0.4186,0.49520000000000003,0.5598000000000001,0.5959,0.6617000000000001,0.7020000000000001,0.7391000000000001,0.8149000000000001,0.9567,1.0321,1.0596,1.1119,1.244,1.3096,1.3573000000000002,1.4846000000000001,1.5854000000000001,1.6247,1.669,1.754,1.7892000000000001,1.8187,1.8828,1.9337000000000002,1.9754,2.0262000000000002,2.0614,2.0844,2.1612,2.1805,2.2684,2.311,2.3847,2.4841,2.5332000000000003,2.5879000000000003,2.6126,2.6456,2.7044,2.7364,2.7666,2.7926,2.886,2.955,2.9930000000000003,3.0557000000000003,3.0862000000000003,3.1292,3.1700000000000004,3.2973000000000003,3.3312,3.4025000000000003,3.4397,3.4933,3.5984000000000003,3.6427,3.7221,3.817,3.8664,3.9485,4.0969,4.2495,4.304,4.3288,4.3617,4.3927000000000005,4.437600000000001,4.4712000000000005,4.5423,4.5854,4.6081,4.657,4.7897,4.8285,4.8621,4.8932,4.9091000000000005,4.9881
3498:1.5045000000000002
3773:0.0178,0.046900000000000004,0.0821,0.10840000000000001,0.1207,0.1519,0.166,0.18910000000000002,0.2165,0.24150000000000002,0.267,0.2914,0.31420000000000003,0.3297,0.3497,0.3607,0.3824,0.4179,0.4423,0.4615,0.4869,0.5038,0.5222,0.5506,0.5623,0.5765,0.5948,0.6165,0.6364000000000001,0.6566000000000001,0.67,0.6943,0.7100000000000001,0.7286,0.7426,0.7635000000000001,0.7883,0.8011,0.8182,0.8409000000000001,0.8779,0.9018,0.923,0.9572,0.9788,1.0019,1.0267,1.0475,1.0652000000000001,1.094,1.1096000000000001,1.1339000000000001,1.1720000000000002,1.1986,1.2147000000000001,1.2397,1.2649000000000001,1.2837,1.3048,1.3253000000000001,1.3551,1.3698000000000001,1.4054,1.4331,1.4652,1.4804000000000002,1.5052,1.5234,1.5451000000000001,1.5783,1.6022,1.6162,1.6403,1.6520000000000001,1.6877,1.7125000000000001,1.744,1.7547000000000001,1.7783,1.792,1.8134000000000001,1.8334000000000001,1.87,1.8863,1.9064,1.9235,1.9564000000000001,1.9707000000000001,1.994,2.0126,2.0305,2.0566,2.0735,2.0871,2.112,2.1379,2.1563,2.1723,2.1903,2.2111,2.2230000000000003,2.2513,2.2668,2.2923,2.3108,2.3318000000000003,2.3535,2.3691,2.4082,2.4251,2.4467000000000003,2.4688000000000003,2.4893,2.5122,2.5326,2.5529,2.5784000000000002,2.5907,2.6154,2.6448,2.6679,2.6849000000000003,2.7025,2.7309,2.7456,2.7619000000000002,2.7793,2.8065,2.8235,2.8457000000000003,2.8798000000000004,2.8977,2.9195,2.9330000000000003,2.9532000000000003,2.9782,2.9949000000000003,3.0293,3.0481000000000003,3.0596,3.0748,3.0989,3.1221,3.136,3.1551,3.1713,3.1909,3.2114000000000003,3.2309,3.2499000000000002,3.2680000000000002,3.289,3.3103000000000002,3.3244000000000002,3.3495000000000004,3.3794,3.3991000000000002,3.4137,3.4365,3.4656000000000002,3.4854000000000003,3.5043,3.5616000000000003,3.5768,3.6065,3.6192,3.6469,3.6644,3.6807000000000003,3.708,3.7221,3.7443,3.7561,3.7763,3.7972,3.8105,3.8240000000000003,3.8483,3.8698,3.8952,3.9240000000000004,3.9409,3.9554,3.9758,4.0013000000000005,4.0202,4.0449,4.0819,4.0983,4.1247,4.1638,4.19,4.213900000000001,4.2296000000000005,4.2483,4.2619,4.2759,4.2965,4.3186,4.3395,4.3524,4.3693,4.3833,4.404100000000001,4.4217,4.4451,4.4628000000000005,4.4762,4.5013000000000005,4.5382,4.555000000000001,4.575,4.5967,4.627400000000001,4.637700000000001,4.661300000000001,4.6788,4.702100000000001,4.7239,4.7503,4.7667,4.7878,4.8019,4.8239,4.8504000000000005,4.8711,4.8902,4.9099,4.934,4.9584,4.984500000000001
3807:0.09910000000000001,0.23390000000000002,0.28500000000000003,0.3695,0.44010000000000005,0.47790000000000005,0.5737,0.6365000000000001,0.678,0.8076,0.8977,0.9397000000000001,0.9974000000000001,1.0443,1.1146,1.2782,1.3409,1.3864,1.6285,1.7304000000000002,1.8015,1.9444000000000001,1.9869,2.0763000000000003,2.1293,2.1733000000000002,2.2346,2.3118000000000003,2.3716,2.4405,2.4931,2.5288,2.6310000000000002,2.7071,2.8263000000000003,2.9450000000000003,3.0102,3.065,3.1405000000000003,3.1935000000000002,3.2726,3.3646000000000003,3.427,3.5907,3.7376,3.7766,3.8477,3.9480000000000004,4.0347,4.1552,4.2357000000000005,4.2895,4.472700000000001,4.612,4.6542,4.7199,4.7824,4.972
4905:2.0154,4.3628,4.8209
5054:0.11950000000000001,0.2907,0.34240000000000004,0.3912,0.48460000000000003,0.5608000000000001,0.7893,0.8615,1.0619,1.2729000000000001,1.4931,1.7381,1.9681000000000002,2.2117,2.4843,2.7055000000000002,2.8153,2.8581000000000003,3.1620000000000004,3.7846,3.9815,4.028700000000001,4.1338,4.2196,4.240200000000001,4.319100000000001,4.3773,4.407500000000001,4.4694,4.5957,4.8006,4.8598,4.9722
5215:2.0154,4.3628,4.8212
5353:4.3536
5536:0.0244,0.0536,0.0765,0.1136,0.1486,0.17930000000000001,0.2122,0.25220000000000004,0.2686,0.2989,0.32330000000000003,0.36960000000000004,0.3909,0.4106,0.4404,0.4611,0.4702,0.5135000000000001,0.5352,0.5669000000000001,0.62,0.6438,0.6658000000000001,0.6978000000000001,0.7144,0.7556,0.7916000000000001,0.8312,0.8579,0.8871,0.91,0.9488000000000001,0.9713,0.9865,1.0016,1.0329000000000002,1.061,1.0897000000000001,1.1142,1.1419000000000001,1.1676,1.1958,1.2153,1.2288000000000001,1.2433,1.2611,1.2830000000000001,1.3054000000000001,1.3263,1.3561,1.3752,1.4084,1.4331,1.4658,1.4946000000000002,1.5105000000000002,1.5328000000000002,1.5506,1.5833000000000002,1.6057000000000001,1.6362,1.6540000000000001,1.6897,1.7141000000000002,1.7309,1.7476,1.7724,1.7989000000000002,1.8125,1.8445,1.8663,1.9117000000000002,1.9353,1.9606000000000001,1.9977,2.0202,2.0548,2.0888,2.1202,2.1376,2.1631,2.1824,2.1964,2.2125,2.2338,2.2507,2.2834000000000003,2.3093,2.3369,2.3509,2.3699,2.3917,2.4198,2.4474,2.4616000000000002,2.4866,2.5181,2.533,2.5575,2.5864000000000003,2.6131,2.6541,2.6705,2.7036000000000002,2.7557,2.7842000000000002,2.813,2.8362000000000003,2.8583000000000003,2.8760000000000003,2.8987000000000003,2.9188,2.9497,2.9617,2.9874,3.0161000000000002,3.0523000000000002,3.0835000000000004,3.1063,3.1340000000000003,3.1504000000000003,3.1811000000000003,3.1954000000000002,3.2227,3.2362,3.2551,3.2705,3.2882000000000002,3.3096,3.3361,3.3559,3.4019000000000004,3.4297,3.4589000000000003,3.4783,3.5143,3.5381,3.5557000000000003,3.5708,3.5908,3.611,3.6430000000000002,3.6714,3.6948000000000003,3.7183,3.7367000000000004,3.7528,3.7826,3.7977000000000003,3.8098,3.8349,3.8639,3.894,3.9210000000000003,3.9623000000000004,3.9770000000000003,4.008900000000001,4.0436000000000005,4.0635,4.0853,4.1128,4.1315,4.1527,4.1834,4.1972000000000005,4.214700000000001,4.2449,4.2606,4.2781,4.3007,4.3141,4.3373,4.3648,4.3982,4.434,4.4548000000000005,4.4735000000000005,4.5077,4.5273,4.5482000000000005,4.5774,4.6080000000000005,4.6386,4.6592,4.6767,4.7028,4.7294,4.7613,4.7941,4.8118,4.8382000000000005,4.859500000000001,4.8754,4.8989,4.928100000000001,4.9494,4.9691,4.9931
5565:0.1066,0.12940000000000002,0.28950000000000004,0.3422,0.39280000000000004,0.41960000000000003,0.48310000000000003,0.5436,0.7886000000000001,0.8612000000000001,1.0615,1.2721,1.4925000000000002,1.7353,1.846,1.9573,2.2103,2.4844,2.6384000000000003,2.7048,2.8152,2.8541000000000003,3.0287,3.1615,3.7859000000000003,3.9804000000000004,4.0179,4.1262,4.1658,4.218500000000001,4.2388,4.3173,4.3768,4.4063,4.4644,4.5943000000000005,4.799300000000001,4.8552,4.969
5787:0.0274,0.0568,0.0736,0.1091,0.1431,0.17170000000000002,0.1928,0.21280000000000002,0.22740000000000002,0.25,0.2742,0.301,0.3428,0.3662,0.3942,0.42600000000000005,0.46430000000000005,0.48710000000000003,0.5122,0.535,0.5578000000000001,0.5807,0.6222,0.6476000000000001,0.672,0.7093,0.7336,0.7562,0.7896000000000001,0.8223,0.8449000000000001,0.8662000000000001,0.8944000000000001,0.9397000000000001,0.9791000000000001,1.0256,1.0444,1.0672000000000001,1.0888,1.1141,1.1384,1.1727,1.2054,1.2273,1.2568000000000001,1.2799,1.3245,1.3459,1.3669,1.3877000000000002,1.4141000000000001,1.439,1.4773,1.5011,1.5256,1.5421,1.5748,1.5993000000000002,1.6365,1.6585,1.6954,1.7181000000000002,1.7499,1.7685000000000002,1.7883,1.8230000000000002,1.8543,1.8886,1.9112,1.9369,1.9566000000000001,1.9733,2.0006,2.0242,2.0581,2.0907,2.1252,2.1436,2.1792000000000002,2.2124,2.2487,2.2866,2.3192,2.3459000000000003,2.3658,2.4113,2.4494000000000002,2.4671000000000003,2.5134000000000003,2.5296000000000003,2.5554,2.5732,2.6154,2.6438,2.6688,2.7103,2.7403,2.7606,2.7895000000000003,2.8207,2.8524000000000003,2.8752,2.9040000000000004,2.9257,2.9534000000000002,2.9774000000000003,3.0153000000000003,3.0749,3.0903,3.1168,3.1482,3.184,3.2076000000000002,3.2422,3.2637,3.2977000000000003,3.3234000000000004,3.358,3.387,3.4074,3.4276,3.4518,3.4735,3.5059,3.5306,3.5675000000000003,3.5915000000000004,3.6154,3.6409000000000002,3.6703,3.6924,3.7158,3.7335000000000003,3.7612,3.7871,3.8047,3.8311,3.8515,3.8672,3.8905000000000003,3.9084000000000003,3.9362000000000004,3.9813,4.0102,4.0267,4.0715,4.0909,4.1146,4.1515,4.1805,4.2094000000000005,4.2371,4.2699,4.3086,4.3333,4.3648,4.399900000000001,4.4326,4.4849000000000006,4.5097000000000005,4.5486,4.571000000000001,4.6143,4.6371,4.6708,4.6971,4.73,4.7493,4.7742,4.8089,4.8371,4.856,4.8743,4.9049000000000005,4.944500000000001,4.9721,4.9996
6027:2.4631000000000003
6128:0.0222,0.0429,0.0585,0.0806,0.1023,0.125,0.1555,0.1772,0.20320000000000002,0.2107,0.2281,0.2543,0.264,0.3004,0.3131,0.34540000000000004,0.3582,0.3859,0.3926,0.4056,0.4318,0.47450000000000003,0.5019,0.5349,0.5624,0.6005,0.6358,0.6481,0.6744,0.6867000000000001,0.7042,0.7171000000000001,0.7449,0.7717,0.793,0.8188000000000001,0.8302,0.8594,0.8671000000000001,0.8949,0.9131,0.9422,0.9677,0.9900000000000001,1.0093,1.0385,1.0582,1.0984,1.1067,1.1526,1.1873,1.2018,1.2288000000000001,1.245,1.2791000000000001,1.2938,1.3269,1.3745,1.3968,1.429,1.4543000000000001,1.469,1.498,1.5063,1.5298,1.5557,1.5707,1.6092000000000002,1.6373,1.6599000000000002,1.6877,1.7074,1.7375,1.7599,1.796,1.8228000000000002,1.8512000000000002,1.8722,1.8931,1.9191,1.9399000000000002,1.9664000000000001,1.9874,2.0171,2.0372,2.0673,2.0887000000000002,2.1192,2.1449000000000003,2.1519,2.1648,2.188,2.2135000000000002,2.2468,2.2566,2.2975000000000003,2.3368,2.3655,2.3803,2.407,2.4319,2.4472,2.4752,2.5148,2.5338000000000003,2.5604,2.5913,2.5961000000000003,2.6099,2.6343,2.6571000000000002,2.6796,2.7038,2.7161,2.7515,2.7702,2.7918000000000003,2.821,2.8531,2.8637,2.8987000000000003,2.9248000000000003,2.9536000000000002,2.9759,3.0091,3.0244,3.0529,3.0692,3.0904000000000003,3.1019,3.1312,3.1479000000000004,3.1724,3.1938,3.2117,3.2458,3.2779000000000003,3.3031,3.3098,3.3159,3.3431,3.3624,3.3864,3.3939000000000004,3.4249,3.4298,3.452,3.4706,3.4936000000000003,3.5092000000000003,3.5420000000000003,3.5533,3.5849,3.5939,3.6173,3.6374,3.6636,3.6853000000000002,3.7149,3.7399,3.7607000000000004,3.7911,3.8187,3.8288,3.842,3.8675,3.8964000000000003,3.9039,3.9328000000000003,3.939,3.9622,3.9936000000000003,4.0102,4.036700000000001,4.079000000000001,4.1168000000000005,4.1329,4.1473,4.165,4.1881,4.2174000000000005,4.24,4.2703,4.2774,4.3129,4.3278,4.363,4.3805000000000005,4.4116,4.421,4.452,4.4631,4.4999,4.5179,4.545,4.5747,4.5808,4.5917,4.626,4.643,4.6912,4.7057,4.7269000000000005,4.7618,4.7842,4.8094,4.8356,4.8497,4.8784,4.9057,4.9186000000000005,4.9388000000000005,4.9699,4.9885
6155:0.0258,0.0492,0.06910000000000001,0.1111,0.1355,0.18660000000000002,0.2066,0.24830000000000002,0.2745,0.30010000000000003,0.3629,0.3925,0.4314,0.5038,0.5627,0.6085,0.6661,0.7141000000000001,0.7479,0.7953,0.8282,0.8577,0.9528000000000001,0.9834,1.0041,1.0224,1.0584,1.103,1.1179000000000001,1.1433,1.2301,1.2869000000000002,1.3262,1.3698000000000001,1.4023,1.4116,1.4652,1.4791,1.4981,1.5181,1.5826,1.6337000000000002,1.6675,1.6976,1.7155,1.7732,1.8337,1.8471000000000002,1.8703,1.9435,1.9571,1.9939,2.0575,2.0851,2.0961000000000003,2.1239,2.1323000000000003,2.2382,2.2545,2.2715,2.3111,2.3923,2.4154,2.5163,2.5578000000000003,2.5824000000000003,2.6051,2.6191,2.6371,2.65,2.6689000000000003,2.7012,2.7209000000000003,2.8131,2.8407,2.8583000000000003,2.9191000000000003,2.9294000000000002,2.9581,2.9884,3.0219,3.0446,3.1252,3.1670000000000003,3.1886,3.2103,3.2251000000000003,3.2550000000000003,3.315,3.3605,3.4322000000000004,3.4556,3.5208000000000004,3.5696000000000003,3.5941,3.6084,3.6667,3.7802000000000002,3.8273,3.8485,3.9333,3.9484000000000004,3.9667000000000003,3.9842000000000004,4.0286,4.053100000000001,4.0919,4.1126000000000005,4.1809,4.216200000000001,4.2525,4.2860000000000005,4.3385,4.362,4.4043,4.4387,4.4539,4.4731000000000005,4.5105,4.5520000000000005,4.5682,4.6062,4.6688,4.7349000000000006,4.7607,4.7891,4.8053,4.8344000000000005,4.8781,4.9085,4.9188,4.941,4.9965
7345:0.0361,0.20040000000000002,0.3048,0.3492,0.499,0.5748,0.6379,0.7124,0.7437,0.8199000000000001,0.8618,1.0084,1.1001,1.1547,1.2314,1.338,1.497,1.7120000000000002,1.7533,1.8210000000000002,1.8857000000000002,1.9863000000000002,2.1847000000000003,2.2526,2.2989,2.338,2.451,2.5601000000000003,2.5929,2.7079,2.8933,3.0137,3.0673000000000004,3.092,3.2119,3.3165,3.3631,3.3930000000000002,3.5432,3.62,3.6825,3.7683,3.9578,4.1202000000000005,4.1488000000000005,4.3147,4.333200000000001,4.4565,4.4839,4.5726,4.7332,4.9111
7546:0.3388,0.6745,0.8338,0.9149,0.9223,1.5042,2.004,2.221,2.8869000000000002,3.5847,3.7802000000000002,3.9615,4.1212,4.3482,4.8018,4.812600000000001
8054:4.4856
8337:0.0637,0.10790000000000001,0.1757,0.222,0.2585,0.3141,0.3613,0.4097,0.5211,0.5689000000000001,0.6348,0.6694,0.6979000000000001,0.7413000000000001,0.7858,0.8291000000000001,0.8673000000000001,0.9613,1.0071,1.0485,1.1122,1.218,1.2764,1.3953,1.4723000000000002,1.5294,1.5719,1.6720000000000002,1.7073,1.7829000000000002,1.8486,1.8865,1.9546000000000001,2.0133,2.0602,2.1483000000000003,2.1807000000000003,2.2113,2.2508,2.3643,2.4043,2.4449,2.4833000000000003,2.5556,2.5997000000000003,2.6999,2.7854,2.8257000000000003,2.8992,2.9508,3.0063,3.0489,3.0896000000000003,3.1432,3.1898,3.2143,3.2801,3.3217000000000003,3.3572,3.3982,3.4299,3.4731,3.5702000000000003,3.6115000000000004,3.6414,3.7015000000000002,3.8188,3.8425000000000002,3.8930000000000002,3.9352,3.9987000000000004,4.1323,4.1629000000000005,4.2545,4.3260000000000005,4.377400000000001,4.4287,4.4809,4.540500000000001,4.6228,4.718,4.8016000000000005,4.8617,4.9145,4.9511
8720:0.37870000000000004,3.0159000000000002,3.1592000000000002,3.3376
8750:1.0245,1.9021000000000001,3.4557,3.6942000000000004,4.1106,4.345400000000001
8787:0.128,0.3295,0.6672,1.8519,1.9987000000000001,3.9552,4.119800000000001
8931:1.8837000000000002
9033:0.0546,0.09280000000000001,0.22590000000000002,0.27090000000000003,0.3496,0.6528,0.8067000000000001,0.8719,0.9917,1.1017000000000001,1.1824000000000001,1.2355,1.3063,1.3873,1.5435,1.7160000000000002,1.8082,1.9251,2.0172,2.1522,2.263,2.4396,2.5284,2.6016,2.6908000000000003,2.7715,2.8378,2.9330000000000003,3.3499000000000003,3.4121,3.5806,3.6799000000000004,4.0205,4.1084000000000005,4.236,4.589700000000001,4.7878,4.8639,4.9564
9178:0.3372,1.0742,2.0077000000000003,3.9566000000000003,4.347700000000001
9313:0.011300000000000001,0.029300000000000003,0.07730000000000001,0.1194,0.1406,0.1502,0.16570000000000001,0.1782,0.2257,0.24710000000000001,0.2556,0.26280000000000003,0.2947,0.3291,0.33680000000000004,0.34340000000000004,0.3538,0.38330000000000003,0.4642,0.4732,0.5304,0.5775,0.5904,0.6287,0.6436000000000001,0.671,0.6792,0.7084,0.7641,0.7944,0.8459,0.8559,0.8919,0.9196000000000001,0.9353,0.9603,0.9863000000000001,0.998,1.0284,1.0417,1.0510000000000002,1.0788,1.0883,1.1382,1.1499000000000001,1.1632,1.1799,1.2205000000000001,1.2354,1.2447000000000001,1.2677,1.2805,1.2879,1.3125,1.323,1.3394000000000001,1.3613,1.373,1.3847,1.4079000000000002,1.4521000000000002,1.4703000000000002,1.4945000000000002,1.5390000000000001,1.5510000000000002,1.6043,1.6352,1.6515000000000002,1.6895,1.6967,1.7056,1.7145000000000001,1.7255,1.7325000000000002,1.7561,1.7816,1.7974,1.8056,1.8148000000000002,1.8393000000000002,1.8475000000000001,1.8669,1.8939000000000001,1.9179000000000002,1.9627000000000001,1.9859,2.0024,2.0111,2.0183,2.0607,2.1023,2.1115,2.134,2.1616,2.2058,2.2353,2.2463,2.2567,2.2709,2.2840000000000003,2.2968,2.3144,2.325,2.3354,2.3559,2.3669000000000002,2.3948,2.4187000000000003,2.428,2.4454000000000002,2.4684,2.4959000000000002,2.5031000000000003,2.5241000000000002,2.5496000000000003,2.5583,2.5738000000000003,2.6275,2.6719,2.6937,2.7041,2.7389,2.7468000000000004,2.7654,2.8209,2.8288,2.8359,2.8487,2.8753,2.9138,2.9242000000000004,2.942,2.9654000000000003,3.0089,3.0234,3.0637000000000003,3.0842,3.0908,3.1489000000000003,3.1601000000000004,3.1943,3.2288,3.2378,3.2429,3.2828,3.2963,3.3357,3.3416,3.3526000000000002,3.3629000000000002,3.3848000000000003,3.4040000000000004,3.4103000000000003,3.4843,3.535,3.5737,3.5833000000000004,3.6179,3.6299,3.6614,3.7528,3.7717,3.7848,3.8053000000000003,3.8151,3.8825000000000003,3.8932,3.9056,3.9299000000000004,3.9808000000000003,3.9887,4.0093000000000005,4.065300000000001,4.0774,4.105300000000001,4.1169,4.1292,4.1416,4.1546,4.1806,4.2023,4.212400000000001,4.2325,4.2747,4.2895,4.325,4.338900000000001,4.3504000000000005,4.3639,4.401,4.4134,4.4594000000000005,4.5543000000000005,4.5625,4.6235,4.6432,4.6515,4.679600000000001,4.6882,4.7048000000000005,4.7169,4.7344,4.7483,4.760800000000001,4.777200000000001,4.827100000000001,4.8357,4.8798,4.8936,4.9365000000000006,4.9539,4.9611,4.9847
9340:0.1396,0.5813,0.6797000000000001,1.5465,1.6441000000000001,1.9622000000000002,2.1824,2.4588,2.5354,3.0982000000000003,3.4328000000000003,3.6197000000000004,3.8579000000000003,4.1629000000000005,4.2753000000000005,4.6792,4.7357000000000005
9402:0.0286,0.0533,0.08660000000000001,0.1126,0.12840000000000001,0.1694,0.1922,0.2225,0.2477,0.2715,0.2978,0.327,0.3402,0.3632,0.3874,0.4254,0.46390000000000003,0.49050000000000005,0.5112,0.5388000000000001,0.5660000000000001,0.6001000000000001,0.626,0.6586000000000001,0.6744,0.7010000000000001,0.733,0.771,0.7999,0.8203,0.8492000000000001,0.8822000000000001,0.9062,0.9294,0.9711000000000001,1.0011,1.0261,1.0442,1.0677,1.1004,1.1300000000000001,1.1791,1.2095,1.2367000000000001,1.2674,1.2922,1.3275000000000001,1.3657000000000001,1.3852,1.4198000000000002,1.4678,1.4857,1.5092,1.5277,1.5537,1.5866,1.6127,1.6488,1.6922000000000001,1.72,1.7573,1.7886000000000002,1.8170000000000002,1.8445,1.8737000000000001,1.8967,1.9288,1.9624000000000001,1.9926000000000001,2.0145,2.0344,2.0648,2.0817,2.1148000000000002,2.1464000000000003,2.177,2.1999,2.2225,2.2564,2.2825,2.3146,2.3591,2.4133,2.4582,2.4819,2.5101,2.5340000000000003,2.5569,2.5871,2.6184000000000003,2.6515,2.689,2.7111,2.7401,2.7664,2.7906,2.8151,2.838,2.883,2.9083,2.9307000000000003,2.9621,2.9893,3.0203,3.0475000000000003,3.0645000000000002,3.0797000000000003,3.1260000000000003,3.1574,3.1827,3.2048,3.2276000000000002,3.2542,3.2742,3.2937000000000003,3.3218,3.35,3.3844000000000003,3.4114,3.4424,3.4723,3.4955000000000003,3.5704000000000002,3.5902000000000003,3.6215,3.6549,3.6799000000000004,3.7105,3.732,3.7605000000000004,3.7893000000000003,3.8135000000000003,3.8433,3.8792,3.9080000000000004,3.9389000000000003,3.9573,3.9812000000000003,4.0054,4.0262,4.064900000000001,4.0901000000000005,4.1093,4.1453,4.1732000000000005,4.2017,4.2264,4.2540000000000004,4.2815,4.3074,4.3414,4.3621,4.3801000000000005,4.4073,4.429600000000001,4.4551,4.4783,4.509,4.5522,4.5773,4.6028,4.6385000000000005,4.6695,4.706300000000001,4.7526,4.7744,4.7957,4.8268,4.8544,4.8790000000000004,4.9118,4.938000000000001,4.9632000000000005,4.9888
9496:0.0252,0.0459,0.0748,0.0893,0.12140000000000001,0.1479,0.16540000000000002,0.1862,0.21830000000000002,0.2388,0.26330000000000003,0.2968,0.323,0.34090000000000004,0.3663,0.3825,0.4076,0.43510000000000004,0.46240000000000003,0.48800000000000004,0.5219,0.5442,0.5746,0.6145,0.6399,0.6753,0.6984,0.7139,0.7621,0.7939,0.8308000000000001,0.8458,0.8634000000000001,0.897,0.9191,0.9473,0.9649000000000001,0.9873000000000001,1.0142,1.0369000000000002,1.0784,1.0964,1.1291,1.1548,1.1744,1.2016,1.2179,1.2298,1.2615,1.2841,1.3034000000000001,1.3303,1.3416000000000001,1.3673,1.3813,1.4080000000000001,1.4424000000000001,1.4668,1.4871,1.5126000000000002,1.5372000000000001,1.5789,1.596,1.6233000000000002,1.6433,1.679,1.7012,1.7161000000000002,1.7492,1.7632,1.7947000000000002,1.8115,1.8437000000000001,1.8622,1.8952,1.9165,1.9504000000000001,1.9712,1.9962000000000002,2.0122,2.0616,2.0924,2.1076,2.1348000000000003,2.1539,2.181,2.1983,2.2155,2.246,2.2598000000000003,2.2973,2.3317,2.345,2.3569,2.3796,2.3944,2.4139,2.443,2.4552,2.4843,2.5020000000000002,2.5203,2.5335,2.5584000000000002,2.5780000000000003,2.5972,2.6237,2.6518,2.6716,2.69,2.7163,2.7459000000000002,2.7649,2.7911,2.8233,2.8337000000000003,2.8675,2.908,2.9232,2.9355,2.9621,3.0027,3.0138000000000003,3.0544000000000002,3.0744000000000002,3.109,3.1419,3.1547,3.1901,3.2016,3.2329000000000003,3.2462,3.2719,3.2851000000000004,3.3217000000000003,3.3462,3.3662,3.3908,3.4086000000000003,3.443,3.4685,3.4976000000000003,3.5276,3.5486,3.5714,3.5897,3.6176000000000004,3.6502000000000003,3.6734,3.7036000000000002,3.7310000000000003,3.7486,3.7754000000000003,3.7981000000000003,3.8181000000000003,3.8447,3.8706,3.8967,3.9154,3.9346,3.9745000000000004,3.9932000000000003,4.0144,4.0421000000000005,4.0616,4.0966000000000005,4.1155,4.1431000000000004,4.1661,4.1876,4.2038,4.231,4.259,4.2732,4.2948,4.3208,4.338,4.3661,4.4036,4.4185,4.4495000000000005,4.4889,4.5111,4.5363,4.5521,4.5811,4.6162,4.627800000000001,4.659800000000001,4.6824,4.7003,4.7199,4.7377,4.7564,4.7793,4.8121,4.8373,4.8661,4.8828000000000005,4.918,4.9430000000000005,4.9634
9792:0.0284,0.0482,0.07250000000000001,0.0975,0.1163,0.1305,0.1855,0.21150000000000002,0.24230000000000002,0.2735,0.29560000000000003,0.3234,0.35750000000000004,0.38230000000000003,0.40840000000000004,0.459,0.4812,0.5054000000000001,0.5345,0.5682,0.6,0.6542,0.6638000000000001,0.7093,0.7407,0.7759,0.8076,0.8435,0.8569,0.8876000000000001,0.9404,0.9907,1.0148000000000001,1.0419,1.0605,1.0987,1.129,1.195,1.2376,1.2637,1.2938,1.3217,1.3697000000000001,1.4043,1.4622000000000002,1.4838,1.5009000000000001,1.5503,1.5824,1.6253,1.6559000000000001,1.687,1.717,1.7569000000000001,1.8097,1.836,1.8488,1.8836000000000002,1.9258000000000002,1.9507,1.9883000000000002,2.0069,2.0545,2.0776,2.108,2.1342000000000003,2.1845,2.2025,2.2392000000000003,2.2795,2.3156000000000003,2.351,2.3894,2.4198,2.4511000000000003,2.4743,2.5019,2.5268,2.5451,2.6022000000000003,2.6309,2.6541,2.6903,2.7166,2.7861000000000002,2.8091,2.8269,2.8472,2.8842000000000003,2.9274,2.9706,2.9979,3.0206,3.0726,3.1209000000000002,3.152,3.1937,3.2215000000000003,3.2562,3.2919,3.3213000000000004,3.3589,3.3827000000000003,3.4403,3.4642,3.495,3.5233000000000003,3.5706,3.5909,3.6501,3.6778,3.7195,3.7553,3.7750000000000004,3.8129000000000004,3.834,3.8805,3.9295,3.9499000000000004,3.9707000000000003,3.9836,4.0081,4.0365,4.066800000000001,4.0972,4.1177,4.1504,4.1873000000000005,4.210100000000001,4.2297,4.2733,4.306,4.3343,4.3605,4.3832,4.4013,4.4391,4.4575000000000005,4.4983,4.5475,4.5797,4.6044,4.641,4.6719,4.7037,4.7435,4.7664,4.7919,4.8226,4.8463,4.872,4.9071,4.9294,4.9614
10209:0.0219,0.037000000000000005,0.0413,0.0465,0.0551,0.0572,0.058100000000000006,0.061000000000000006,0.061700000000000005,0.0649,0.0653,0.0668,0.0683,0.0708,0.1019,0.1037,0.1044,0.1061,0.1183,0.1297,0.1338,0.138,0.1406,0.16190000000000002,0.1736,0.1792,0.1842,0.19770000000000001,0.19920000000000002,0.20040000000000002,0.20140000000000002,0.2151,0.2217,0.2298,0.23140000000000002,0.23320000000000002,0.2442,0.24830000000000002,0.2514,0.2556,0.26180000000000003,0.2651,0.2781,0.2859,0.2924,0.2985,0.30160000000000003,0.318,0.33180000000000004,0.3372,0.34240000000000004,0.3507,0.3522,0.367,0.36860000000000004,0.3801,0.381,0.3919,0.3925,0.39430000000000004,0.397,0.4053,0.41500000000000004,0.4167,0.4178,0.4183,0.42650000000000005,0.4297,0.43620000000000003,0.43810000000000004,0.43960000000000005,0.4431,0.4434,0.4551,0.463,0.47200000000000003,0.4827,0.4884,0.4944,0.4999,0.503,0.5169,0.5207,0.5239,0.5245000000000001,0.5287000000000001,0.5315,0.547,0.5549000000000001,0.5623,0.5753,0.5762,0.5806,0.5865,0.6182000000000001,0.6383,0.6428,0.6468,0.6484,0.65,0.6542,0.661,0.6634,0.6656000000000001,0.6756,0.6994,0.7089000000000001,0.7206,0.7285,0.7515000000000001,0.7542,0.7552,0.7624000000000001,0.7775000000000001,0.7794000000000001,0.7985,0.808,0.8152,0.8296,0.8414,0.8430000000000001,0.8618,0.8636,0.8824000000000001,0.8862,0.8943000000000001,0.8957,0.9096000000000001,0.915,0.921,0.9278000000000001,0.9294,0.9382,0.9555,0.9576,0.9613,0.9674,1.0044,1.0106,1.0124,1.0276,1.0358,1.0483,1.0579,1.0586,1.0639,1.0699,1.0748,1.086,1.0897000000000001,1.0941,1.0961,1.0972,1.0995000000000001,1.1246,1.1492,1.157,1.1577,1.1713,1.173,1.1754,1.1815,1.1838,1.1864000000000001,1.1883000000000001,1.1977,1.198,1.2006000000000001,1.2151,1.217,1.2183000000000002,1.2215,1.2366000000000001,1.2373,1.2464,1.2656,1.2683,1.2702,1.2777,1.2847,1.2891000000000001,1.2951000000000001,1.3136,1.318,1.3345,1.3483,1.3566,1.3581,1.3657000000000001,1.3695000000000002,1.3721,1.3848,1.4126,1.4305,1.4338,1.435,1.4372,1.4458,1.4472,1.4508,1.4513,1.4524000000000001,1.453,1.4633,1.4683000000000002,1.4772,1.4805000000000001,1.488,1.4904000000000002,1.4907000000000001,1.4975,1.5064,1.5097,1.5282,1.5284,1.5293,1.5464,1.5543,1.5576,1.5769,1.5895000000000001,1.5913000000000002,1.5945,1.5962,1.6154000000000002,1.6417000000000002,1.6616000000000002,1.6640000000000001,1.6669,1.6713,1.6753,1.6858000000000002,1.6902000000000001,1.6929,1.6952,1.6957,1.7079,1.7108,1.715,1.7246000000000001,1.7317,1.733,1.7333,1.7375,1.7388000000000001,1.7409000000000001,1.7412,1.7516,1.7638,1.7697,1.7897,1.7922,1.8068000000000002,1.8076,1.8127,1.8147,1.8299,1.8415000000000001,1.8487,1.8612000000000002,1.863,1.8781,1.8802,1.8832,1.8884,1.897,1.8978000000000002,1.9074,1.9197000000000002,1.9278000000000002,1.9308,1.9337000000000002,1.9395,1.9487,1.9497,1.9542000000000002,1.9546000000000001,1.9672,1.9679000000000002,1.9740000000000002,1.9796,1.9882000000000002,1.9947000000000001,1.9975,2.0048,2.0058000000000002,2.0359000000000003,2.0365,2.0394,2.0432,2.0528,2.0539,2.0764,2.0791,2.0973,2.0979,2.0991,2.1004,2.1072,2.1112,2.1132,2.1159,2.1219,2.1274,2.128,2.1345,2.1349,2.1437,2.1459,2.1470000000000002,2.1581,2.1595,2.1704,2.1723,2.1735,2.1856,2.1877,2.2106,2.2128,2.2212,2.2244,2.2265,2.2298,2.2361,2.2374,2.238,2.2419000000000002,2.2522,2.2564,2.2593,2.2643,2.2664,2.2775000000000003,2.2794000000000003,2.2907,2.2962000000000002,2.2995,2.3056,2.3105,2.3173,2.3196000000000003,2.3259000000000003,2.3269,2.3352,2.3361,2.3479,2.3559,2.3627000000000002,2.3701000000000003,2.3735,2.3766000000000003,2.38,2.3853,2.3894,2.3913,2.3978,2.3988,2.4028,2.4049,2.4064,2.4105000000000003,2.4131,2.4177,2.4237,2.428,2.4301,2.4358,2.4467000000000003,2.4473000000000003,2.4530000000000003,2.4709000000000003,2.4765,2.4805,2.486,2.4902,2.5020000000000002,2.5229,2.5338000000000003,2.5369,2.5436,2.5719000000000003,2.5739,2.5829,2.5837000000000003,2.5873,2.6003000000000003,2.6075,2.6161000000000003,2.6195,2.6300000000000003,2.6613,2.6701,2.681,2.6837,2.7067,2.7172,2.7270000000000003,2.728,2.7306,2.7310000000000003,2.7359,2.7475,2.7503,2.7636000000000003,2.7823,2.7854,2.791,2.7926,2.7955,2.7975000000000003,2.8025,2.8312,2.8332,2.8361,2.8509,2.865,2.8659000000000003,2.8736,2.8906,2.8951000000000002,2.8955,2.8983000000000003,2.9006000000000003,2.9021000000000003,2.9037,2.9052000000000002,2.9067000000000003,2.9236,2.9272,2.9321,2.9425000000000003,2.956,2.9659,2.97,2.9719,2.9725,2.9762,2.9789000000000003,2.987,2.9888000000000003,2.9894000000000003,3.0018000000000002,3.0229000000000004,3.028,3.0314,3.0325,3.0377,3.0401000000000002,3.0405,3.0411,3.0537,3.0591,3.0594,3.0597000000000003,3.0686,3.0771,3.081,3.0915000000000004,3.0991,3.1182000000000003,3.1255,3.1294,3.1414,3.1419,3.1426000000000003,3.1504000000000003,3.1585,3.1793,3.1878,3.1908000000000003,3.1916,3.1947,3.2013000000000003,3.2036000000000002,3.2070000000000003,3.2186000000000003,3.222,3.2376,3.241,3.2515,3.2587,3.2803,3.2884,3.2894,3.2928,3.2996000000000003,3.3056,3.3109,3.3311,3.3325,3.3382,3.349,3.3502,3.3508,3.3656,3.3779000000000003,3.3785000000000003,3.3793,3.3949000000000003,3.3997,3.4145000000000003,3.4178,3.4197,3.4317,3.4356,3.4370000000000003,3.4415,3.4532000000000003,3.4645,3.4804000000000004,3.4808000000000003,3.4832,3.4846000000000004,3.4903,3.4906,3.4948,3.5018000000000002,3.5022,3.5056000000000003,3.5128000000000004,3.5218000000000003,3.5305,3.5311000000000003,3.5494000000000003,3.5498000000000003,3.5505,3.5512,3.5531,3.5663,3.5739,3.5816000000000003,3.5822000000000003,3.5873000000000004,3.5889,3.5918,3.6012,3.6136000000000004,3.621,3.6402,3.6438,3.6590000000000003,3.6793,3.6834000000000002,3.6882,3.6887000000000003,3.7053000000000003,3.7119,3.7168,3.7308000000000003,3.7318000000000002,3.7329000000000003,3.738,3.7445000000000004,3.7512000000000003,3.7786000000000004,3.7803,3.7857000000000003,3.7879,3.7882000000000002,3.7917,3.8031,3.8061000000000003,3.8162000000000003,3.8165,3.8171000000000004,3.8209,3.8257000000000003,3.8274000000000004,3.8286000000000002,3.8376,3.8497000000000003,3.8615000000000004,3.8665000000000003,3.8788,3.8808000000000002,3.8821000000000003,3.8897000000000004,3.9151000000000002,3.9176,3.9234,3.9248000000000003,3.9251,3.9259000000000004,3.9263000000000003,3.9278000000000004,3.9303000000000003,3.9373,3.9549000000000003,3.9636,3.9715000000000003,3.9766000000000004,3.9771,3.9808000000000003,3.9845,3.9873000000000003,3.9974000000000003,4.0073,4.0098,4.0114,4.0125,4.0148,4.020700000000001,4.0214,4.0216,4.0241,4.0257000000000005,4.0360000000000005,4.039000000000001,4.0437,4.0474000000000006,4.0478000000000005,4.048900000000001,4.0547,4.0593,4.0693,4.0698,4.0725,4.0825000000000005,4.0878000000000005,4.089300000000001,4.1012,4.1082,4.1128,4.1207,4.123600000000001,4.1414,4.1462,4.1534,4.1561,4.159,4.165,4.1657,4.1722,4.1736,4.179,4.1825,4.1872,4.1875,4.1966,4.2068,4.2122,4.2294,4.245,4.2473,4.2513000000000005,4.2567,4.2758,4.2779,4.3029,4.305000000000001,4.3129,4.3139,4.3316,4.3394,4.3535,4.3537,4.3584000000000005,4.3903,4.3993,4.399500000000001,4.4029,4.4084,4.4088,4.409400000000001,4.4112,4.4129000000000005,4.4233,4.4329,4.4334,4.4369000000000005,4.4453000000000005,4.4792000000000005,4.4909,4.4913,4.4917,4.4939,4.5018,4.5039,4.5101,4.516500000000001,4.5414,4.5463000000000005,4.549300000000001,4.552700000000001,4.5644,4.5663,4.5815,4.5905000000000005,4.5928,4.6178,4.6212,4.6223,4.6242,4.6246,4.6318,4.6506,4.6524,4.6532,4.6611,4.6785000000000005,4.6798,4.6811,4.6832,4.6835,4.6902,4.7108,4.7329,4.7584,4.7826,4.7975,4.8177,4.8198,4.8237000000000005,4.8261,4.832,4.8353,4.8429,4.8475,4.8503,4.8559,4.8587,4.8611,4.8678,4.8704,4.8803,4.9023,4.9073,4.912,4.9199,4.9266000000000005,4.928,4.935700000000001,4.9389,4.966600000000001,4.9712000000000005,4.9995
10333:0.0383,0.0634,0.0965,0.1272,0.1635,0.1963,0.22360000000000002,0.2518,0.2954,0.3304,0.3604,0.386,0.4253,0.4848,0.5184,0.5578000000000001,0.6,0.6335000000000001,0.6631,0.6891,0.7087,0.7414000000000001,0.778,0.8101,0.8439000000000001,0.8673000000000001,0.8995000000000001,0.9534,0.9840000000000001,1.0232,1.0442,1.0781,1.11,1.1506,1.1859,1.2169,1.2437,1.2764,1.3090000000000002,1.344,1.3882,1.4222000000000001,1.4617,1.4933,1.5225,1.5514000000000001,1.5865,1.6342,1.6723000000000001,1.7017,1.7328000000000001,1.7616,1.7938,1.8272000000000002,1.861,1.8860000000000001,1.9328,1.9639000000000002,1.9903000000000002,2.0212,2.0593,2.1131,2.1464000000000003,2.1778,2.2042,2.2426,2.2941000000000003,2.334,2.3632,2.3991000000000002,2.4262,2.4508,2.4844,2.5265,2.5546,2.5881000000000003,2.6158,2.6513,2.682,2.7069,2.7488,2.7825,2.8081,2.833,2.8874,2.9168000000000003,2.9482,3.0016000000000003,3.0325,3.0612000000000004,3.0859,3.1278,3.1499,3.1835,3.2039,3.2388000000000003,3.2768,3.3125,3.3391,3.3658,3.3969,3.4223000000000003,3.4530000000000003,3.4838,3.519,3.5507,3.5791000000000004,3.6097,3.6374,3.6737,3.7009000000000003,3.7356000000000003,3.7693000000000003,3.8160000000000003,3.8422,3.8751,3.9072,3.9345000000000003,3.9648000000000003,3.9971,4.0297,4.0834,4.1287,4.1546,4.1944,4.2239,4.256,4.284,4.3183,4.3458000000000006,4.3769,4.4105,4.4393,4.468500000000001,4.5023,4.5335,4.5669,4.6174,4.666,4.6986,4.7247,4.7643,4.8029,4.8307,4.863700000000001,4.9023,4.9344,4.9674000000000005
10636:0.2081,0.31420000000000003,0.7040000000000001,0.7468,0.8289000000000001,1.0138,1.5307000000000002,1.7670000000000001,2.4574000000000003,2.5991,2.7966,3.0717000000000003,3.096,3.2149,3.3201,3.3968000000000003,3.6213,3.6907,3.9648000000000003,4.3295,4.9141
10781:2.2638000000000003
10972:1.4263000000000001,1.5537,4.7676
11082:0.031100000000000003,0.0741,0.09000000000000001,0.1095,0.1303,0.152,0.21000000000000002,0.2356,0.2652,0.27740000000000004,0.2995,0.321,0.33490000000000003,0.38430000000000003,0.4027,0.4632,0.468,0.4859,0.4908,0.5226000000000001,0.5386000000000001,0.5851000000000001,0.6102000000000001,0.6442,0.6601,0.6667000000000001,0.6883,0.7349,0.7412000000000001,0.7835000000000001,0.7957000000000001,0.8289000000000001,0.8559,0.8817,0.8874000000000001,0.9212,0.9493,0.9736,1.0213,1.0394,1.0619,1.0866,1.0999,1.1183,1.1412,1.1665,1.1979,1.225,1.2313,1.2614,1.2898,1.2970000000000002,1.3269,1.3476000000000001,1.3709,1.4056,1.4266,1.4618,1.4876,1.494,1.5269000000000001,1.5478,1.5798,1.6121,1.6438000000000001,1.6879000000000002,1.6928,1.7306000000000001,1.7464000000000002,1.7708000000000002,1.7933000000000001,1.8190000000000002,1.8334000000000001,1.8647,1.9335,1.9558,1.9859,1.9951,2.0167,2.0494,2.0624000000000002,2.0962,2.1263,2.1573,2.1862,2.2468,2.2553,2.2946,2.3503000000000003,2.3861000000000003,2.4177,2.4506,2.474,2.5009,2.5268,2.5761000000000003,2.6193,2.6434,2.6487000000000003,2.6910000000000003,2.6978,2.7216,2.7765,2.8044000000000002,2.809,2.8391,2.8684000000000003,2.9254000000000002,2.9534000000000002,2.9865,3.0154,3.0221,3.0879000000000003,3.1045000000000003,3.1247000000000003,3.1351,3.1543,3.1625,3.1857,3.2062,3.2248,3.2550000000000003,3.2761,3.2852,3.3073,3.3262,3.3574,3.3786,3.4377,3.4624,3.4926000000000004,3.5162,3.5276,3.5487,3.5723000000000003,3.5991,3.6189,3.6482,3.6763000000000003,3.688,3.7059,3.729,3.7342,3.7735000000000003,3.8014,3.8172,3.8452,3.8678000000000003,3.8924000000000003,3.9137000000000004,3.9360000000000004,3.9497,3.9802000000000004,4.016900000000001,4.0233,4.0558000000000005,4.0739,4.1063,4.1115,4.1544,4.178100000000001,4.2023,4.216200000000001,4.2362,4.266,4.2788,4.3079,4.3404,4.3795,4.405,4.4256,4.4475,4.455,4.4974,4.509,4.537100000000001,4.5666,4.5993,4.6287,4.6631,4.669700000000001,4.6906,4.7051,4.7285,4.750500000000001,4.7762,4.8103,4.8457,4.873600000000001,4.9072000000000005,4.914000000000001,4.9472000000000005,4.9699,4.9831
11177:1.9006,3.6946000000000003,4.3462000000000005
11507:0.0601,0.0887,0.14020000000000002,0.17600000000000002,0.21730000000000002,0.27190000000000003,0.36060000000000003,0.395,0.46590000000000004,0.5108,0.5538000000000001,0.6103000000000001,0.6608,0.7147,0.7892,0.8431000000000001,0.8905000000000001,0.9535,1.0334,1.0676,1.1122,1.1729,1.2246000000000001,1.2668000000000001,1.3325,1.3722,1.4183000000000001,1.4974,1.5344,1.576,1.6377000000000002,1.6975,1.7473,1.776,1.8513000000000002,1.9041000000000001,1.9413,1.9740000000000002,2.0226,2.0623,2.1259,2.1801,2.2518000000000002,2.3188,2.3632,2.419,2.4605,2.5221,2.5634,2.6274,2.7114000000000003,2.7586,2.8199,2.8668,2.9226,2.9688000000000003,3.0312,3.0805000000000002,3.1263,3.1849000000000003,3.2166,3.2627,3.3144,3.3828,3.4165,3.4582,3.5069000000000004,3.5686,3.6124,3.6679000000000004,3.7128,3.762,3.8002000000000002,3.8482000000000003,3.8876000000000004,3.9364000000000003,4.0064,4.0768,4.1142,4.1767,4.214700000000001,4.2700000000000005,4.3161000000000005,4.3660000000000005,4.4289000000000005,4.5064,4.5685,4.6342,4.6809,4.7319,4.7717,4.8136,4.8532,4.9046,4.970000000000001
11744:0.0796,0.2908,0.45630000000000004,0.5641,0.6405000000000001,0.9081,0.9594,1.0057,1.1448,1.202,1.2473,1.3234000000000001,1.3711,1.3979000000000001,1.5709000000000002,1.6342,1.7191,1.7966000000000002,1.8569,1.9342000000000001,2.0635,2.1965,2.2526,2.3157,2.361,2.4002000000000003,2.4472,2.4866,2.5309,2.5612,2.6357,2.6749,2.8296,2.8566000000000003,3.0233000000000003,3.1907,3.2353,3.3364000000000003,3.5410000000000004,3.6757,3.7590000000000003,3.7975000000000003,3.919,3.9791000000000003,4.098,4.1845,4.2214,4.3053,4.4061,4.5529,4.621,4.6611,4.7352,4.7995,4.8712
11805:1.1968,1.3963,1.9340000000000002,2.362,2.5565,2.6747,2.8546,2.9571,3.6780000000000004,3.7923,4.635400000000001
11840:0.043300000000000005,0.0702,0.3301,0.6146,1.0174,1.1499000000000001,1.3486,1.697,1.7554,1.8278,1.8976000000000002,1.9958,2.2006,2.3223000000000003,2.3895,2.5589,2.5867,2.8368,2.8745000000000003,3.4485,3.6912000000000003,3.8103000000000002,3.8612,3.9608000000000003,4.014600000000001,4.105300000000001,4.339700000000001,4.3869,4.5064,4.5824,4.7474,4.782900000000001,4.996700000000001
11917:0.6722,2.3298,3.8521
12239:0.07640000000000001,0.2272,3.2182,3.8656,4.8752
12639:0.030600000000000002,0.0656,0.0791,0.1168,0.14830000000000002,0.18510000000000001,0.2154,0.2426,0.2776,0.32630000000000003,0.3346,0.36970000000000003,0.46080000000000004,0.48410000000000003,0.5373,0.5744,0.612,0.6671,0.7133,0.7232000000000001,0.7941,0.8430000000000001,0.8668,0.9574,0.9802000000000001,1.0359,1.0681,1.0909,1.1739000000000002,1.2298,1.2644,1.3301,1.3672,1.4674,1.482,1.5099,1.5315,1.592,1.6687,1.7792000000000001,1.8522,1.8914000000000002,1.9172,1.9556,1.9993,2.0625,2.0817,2.0988,2.1347,2.1484,2.1835,2.2541,2.2871,2.3783000000000003,2.415,2.5259,2.6143,2.6710000000000003,2.7603,2.8240000000000003,2.8551,2.8716,2.9189000000000003,2.9578,2.9923,3.0078,3.0782000000000003,3.1135,3.1429,3.1542000000000003,3.1894,3.2729000000000004,3.2814,3.3203,3.3334,3.41,3.4419,3.4728000000000003,3.5247,3.5729,3.5983,3.6734,3.7225,3.7418,3.7926,3.8042000000000002,3.8337000000000003,3.93,3.9473000000000003,3.9812000000000003,4.0520000000000005,4.063000000000001,4.0936,4.1498,4.1585,4.1875,4.199,4.2836,4.3154,4.3422,4.3684,4.4067,4.439,4.4874,4.5575,4.6085,4.6183000000000005,4.7033000000000005,4.7735,4.8142000000000005,4.8401000000000005,4.8729000000000005,4.9486,4.9804,4.9995
12708:0.061200000000000004,0.11040000000000001,0.16690000000000002,0.21130000000000002,0.273,0.36460000000000004,0.4766,0.5326000000000001,0.6451,0.7152000000000001,0.791,0.8448,1.0355,1.0876000000000001,1.1732,1.2303,1.2790000000000001,1.3502,1.4143000000000001,1.4987000000000001,1.5397,1.5993000000000002,1.6575,1.7176,1.7668000000000001,1.854,1.9079000000000002,1.9613,2.0596,2.1349,2.1958,2.2884,2.3576,2.4588,2.5282,2.5747,2.6668000000000003,2.7585,2.8531,2.9233000000000002,2.974,3.0802,3.1390000000000002,3.2051000000000003,3.2617000000000003,3.3229,3.4057,3.4577,3.5312,3.5912,3.6699,3.7207000000000003,3.7976,3.8491,3.8952,3.9383000000000004,4.0166,4.0798000000000005,4.1775,4.2706,4.3177,4.3752,4.433800000000001,4.5683,4.6353,4.6832,4.736800000000001,4.8100000000000005,4.8543,4.9711
12724:0.0424,0.0848,0.1218,0.1558,0.1956,0.2422,0.2612,0.3099,0.3556,0.43220000000000003,0.5454,0.6251,0.6507000000000001,0.6847000000000001,0.7065,0.742,0.7807000000000001,0.8435,0.8789,0.9061,0.9770000000000001,1.0386,1.0976000000000001,1.1452,1.1680000000000001,1.2059,1.2413,1.2888000000000002,1.3247,1.3597000000000001,1.4008,1.4436,1.4769,1.5201,1.5650000000000002,1.6300000000000001,1.6581000000000001,1.6962000000000002,1.7558,1.7922,1.8337,1.8631,1.8920000000000001,1.9211,1.9527,1.9816,2.0209,2.0761000000000003,2.1445000000000003,2.1817,2.2063,2.265,2.2936,2.3382,2.3760000000000003,2.4035,2.436,2.5046,2.5292000000000003,2.5717000000000003,2.5988,2.6373,2.6725000000000003,2.7045000000000003,2.7348000000000003,2.77,2.8171,2.8614,2.9225000000000003,2.9426,2.9978000000000002,3.0467,3.087,3.1379,3.1674,3.2052,3.2379000000000002,3.2755,3.3148,3.3625000000000003,3.3966000000000003,3.4376,3.4839,3.5368000000000004,3.5806,3.6295,3.6617,3.6860000000000004,3.7321,3.7741000000000002,3.8121,3.8662,3.8965,3.9242000000000004,3.962,3.9955000000000003,4.0801,4.1292,4.156000000000001,4.207,4.2362,4.2637,4.2931,4.3661,4.4072000000000005,4.4513,4.4931,4.5131000000000006,4.5497000000000005,4.6174,4.6733,4.6985,4.724600000000001,4.7598,4.8062000000000005,4.855700000000001,4.8992,4.9461,4.9796000000000005
12768:0.3048,0.5733,0.6688000000000001,1.113,1.1232,1.4945000000000002,1.5048000000000001,1.7627000000000002,1.9875,2.1132,2.1657,2.1978,2.3906,2.4547000000000003,2.7775000000000003,2.8808000000000002,2.8926000000000003,3.0169,3.0265,3.0749,3.168,3.3235,3.523,3.8441,3.9614000000000003,4.1690000000000005,4.2222,4.3340000000000005,4.480300000000001,4.5639,4.9143,4.993
12822:1.2592,2.2053000000000003,3.1574,4.3211
12873:0.007200000000000001,0.019200000000000002,0.0199,0.028800000000000003,0.0376,0.0392,0.0395,0.0417,0.0431,0.0468,0.057300000000000004,0.060700000000000004,0.061700000000000005,0.0684,0.06860000000000001,0.0743,0.0772,0.08320000000000001,0.0878,0.0936,0.099,0.1038,0.1046,0.10640000000000001,0.11120000000000001,0.11370000000000001,0.1217,0.12240000000000001,0.1245,0.1426,0.159,0.1774,0.17900000000000002,0.1797,0.18330000000000002,0.19060000000000002,0.19260000000000002,0.1937,0.1995,0.2041,0.20770000000000002,0.22060000000000002,0.226,0.2364,0.23670000000000002,0.2513,0.25270000000000004,0.2569,0.2696,0.26980000000000004,0.2776,0.28700000000000003,0.3064,0.31270000000000003,0.3186,0.319,0.32070000000000004,0.32320000000000004,0.324,0.3242,0.32580000000000003,0.3265,0.3471,0.3501,0.3544,0.3583,0.36660000000000004,0.37070000000000003,0.37170000000000003,0.38780000000000003,0.38820000000000005,0.3914,0.3952,0.4026,0.4057,0.4071,0.4283,0.4289,0.4434,0.4519,0.4545,0.4597,0.4656,0.4766,0.47740000000000005,0.4847,0.49310000000000004,0.4968,0.4973,0.5116,0.523,0.5291,0.5293,0.5458000000000001,0.5491,0.5517000000000001,0.5617,0.5637,0.5721,0.5832,0.5914,0.5917,0.601,0.6018,0.6031000000000001,0.606,0.6317,0.6364000000000001,0.6436000000000001,0.6509,0.6564,0.6569,0.6571,0.6591,0.6613,0.6617000000000001,0.67,0.6911,0.7012,0.7062,0.7302000000000001,0.7334,0.7363000000000001,0.7472000000000001,0.765,0.7766000000000001,0.7867000000000001,0.7913,0.7998000000000001,0.8004,0.8055,0.81,0.8104,0.811,0.8191,0.8245,0.8386,0.8441000000000001,0.8451000000000001,0.8465,0.8494,0.8501000000000001,0.8656,0.8674000000000001,0.8676,0.8682000000000001,0.8823000000000001,0.8836,0.8912,0.8929,0.8958,0.9013,0.9132,0.9306000000000001,0.9325,0.9385,0.9594,0.9624,0.9626,0.9630000000000001,0.9808,0.9870000000000001,0.9884000000000001,0.9909,0.9922000000000001,0.9946,1.0047000000000001,1.0088000000000001,1.0124,1.0222,1.0259,1.0354,1.0356,1.0427,1.0471000000000001,1.0529,1.0539,1.0564,1.0574000000000001,1.0658,1.0769,1.0889,1.094,1.106,1.1236000000000002,1.1265,1.1291,1.1354,1.1480000000000001,1.1583,1.1711,1.1851,1.1893,1.1924000000000001,1.2211,1.2281,1.2378,1.2494,1.2569000000000001,1.2585,1.2635,1.2802,1.2850000000000001,1.2864,1.3022,1.3046,1.3131000000000002,1.3293000000000001,1.352,1.3709,1.3732,1.3893,1.3994,1.4272,1.4301000000000001,1.4351,1.4442000000000002,1.4479,1.4518,1.4593,1.4595,1.4648,1.4677,1.4792,1.4802,1.4854,1.4928000000000001,1.4938,1.5130000000000001,1.5207000000000002,1.5665,1.5703,1.5789,1.5799,1.5806,1.5808,1.5838,1.5896000000000001,1.6022,1.6176000000000001,1.6286,1.6328,1.6495000000000002,1.6505,1.6529,1.6679000000000002,1.6752,1.6771,1.6864000000000001,1.6880000000000002,1.7075,1.7099,1.7121000000000002,1.7222000000000002,1.7255,1.7282000000000002,1.7405000000000002,1.7662,1.7694,1.7764,1.7999,1.8065,1.8067000000000002,1.808,1.8278,1.832,1.8384,1.8393000000000002,1.8425,1.8428,1.8441,1.8455000000000001,1.8489,1.8605,1.8666,1.8717000000000001,1.8777000000000001,1.8807,1.8963,1.8998000000000002,1.9276000000000002,1.9288,1.9314,1.9459000000000002,1.9468,1.9599000000000002,1.9699,1.9777,1.9842000000000002,1.9856,1.9865000000000002,1.9873,1.9912,1.9918,1.9944000000000002,1.9992,2.0094000000000003,2.0122,2.0192,2.0239000000000003,2.0507,2.0555,2.0596,2.0665,2.0684,2.0703,2.0706,2.0781,2.0865,2.0894,2.0897,2.0967000000000002,2.1009,2.1021,2.1136,2.122,2.1228000000000002,2.1282,2.1325000000000003,2.1397,2.1467,2.1495,2.1632000000000002,2.1719,2.1829,2.1865,2.1874000000000002,2.1933000000000002,2.1987,2.1990000000000003,2.209,2.2135000000000002,2.2323,2.2364,2.2479,2.2628,2.2752,2.2771,2.2826,2.2854,2.2969,2.3079,2.3120000000000003,2.314,2.3402000000000003,2.3424,2.3588,2.3689,2.3703000000000003,2.3753,2.3803,2.3865000000000003,2.3909000000000002,2.3932,2.3978,2.3982,2.4026,2.41,2.4105000000000003,2.4177,2.4246000000000003,2.4282,2.4308,2.4517,2.4547000000000003,2.4621,2.4650000000000003,2.4889,2.4928,2.4962,2.5020000000000002,2.5068,2.5179,2.5189,2.5191000000000003,2.5354,2.537,2.5397000000000003,2.5454000000000003,2.5624000000000002,2.5838,2.5927000000000002,2.601,2.6114,2.6231,2.6269,2.6325000000000003,2.6414,2.6417,2.6468000000000003,2.6631,2.6789,2.6823,2.686,2.6876,2.6883,2.6887000000000003,2.698,2.7033,2.7047000000000003,2.7121,2.716,2.7162,2.7328,2.7422,2.7798000000000003,2.7838000000000003,2.7895000000000003,2.7904,2.7986,2.8063000000000002,2.8098,2.8124000000000002,2.8129,2.8229,2.8319,2.8322000000000003,2.8344,2.8440000000000003,2.8448,2.8604000000000003,2.8644000000000003,2.8738,2.8754,2.8816,2.8937,2.898,2.9125,2.9165,2.9239,2.9250000000000003,2.9258,2.9411,2.9449,2.9490000000000003,2.967,2.9687,2.971,2.9803,2.9806000000000004,2.9912,2.9924,3.0019,3.0112,3.0176000000000003,3.0269,3.0332000000000003,3.0424,3.0641000000000003,3.0696000000000003,3.0702000000000003,3.071,3.0831,3.0921000000000003,3.0994,3.1133,3.1159000000000003,3.1182000000000003,3.1186000000000003,3.12,3.1244,3.1266000000000003,3.1283000000000003,3.1404,3.1503,3.1573,3.1668000000000003,3.1894,3.1903,3.2048,3.2169000000000003,3.2179,3.2192000000000003,3.2198,3.2301,3.2373000000000003,3.2416,3.2508000000000004,3.2584,3.2638000000000003,3.2645,3.2677,3.2757,3.2795,3.2827,3.3042000000000002,3.3120000000000003,3.3143000000000002,3.3162000000000003,3.3211,3.3447,3.3520000000000003,3.3533,3.3644000000000003,3.3648000000000002,3.3708,3.3775,3.3899000000000004,3.4025000000000003,3.411,3.4233000000000002,3.4352,3.4397,3.4444000000000004,3.4542,3.4567,3.4582,3.4773,3.4844000000000004,3.4854000000000003,3.4917000000000002,3.4952,3.4961,3.5063,3.5155000000000003,3.5187000000000004,3.5209,3.5502000000000002,3.5665,3.567,3.5705,3.5715000000000003,3.5721000000000003,3.5851,3.5863,3.5881000000000003,3.6053,3.6185,3.6326,3.6394,3.6452,3.6624000000000003,3.6626000000000003,3.6678,3.6710000000000003,3.6754000000000002,3.6792000000000002,3.6820000000000004,3.6994000000000002,3.716,3.7172,3.7191,3.7208,3.7273,3.7295000000000003,3.7473,3.7479,3.7534,3.7569000000000004,3.7584,3.7607000000000004,3.7670000000000003,3.7678000000000003,3.8058,3.8075,3.8088,3.8107,3.8123,3.8198000000000003,3.8204000000000002,3.8287,3.8468,3.8676000000000004,3.8770000000000002,3.8859000000000004,3.9018,3.9135,3.9216,3.9271000000000003,3.9281,3.9292000000000002,3.9323,3.9426,3.9432,3.9450000000000003,3.9461000000000004,3.9492000000000003,3.9525,3.9593000000000003,3.9619,3.9728000000000003,3.9733,3.9755000000000003,3.9761,3.9881,3.9927,3.9929,4.0128,4.0137,4.0157,4.0444,4.0529,4.0567,4.0621,4.0628,4.0689,4.0697,4.0811,4.0904,4.0920000000000005,4.094,4.0961,4.1052,4.1062,4.1109,4.1117,4.1147,4.1165,4.1429,4.1464,4.1523,4.1562,4.1571,4.1639,4.1765,4.182300000000001,4.1959,4.1963,4.2085,4.2112,4.2219,4.2272,4.2305,4.2497,4.2642,4.2706,4.2758,4.3029,4.3038,4.317,4.3245000000000005,4.3314,4.3338,4.3362,4.3447000000000005,4.3604,4.3609,4.365,4.3741,4.3745,4.3794,4.3823,4.3962,4.4,4.4141,4.4177,4.4245,4.433800000000001,4.4343,4.4350000000000005,4.4401,4.4469,4.4516,4.4543,4.4649,4.4657,4.4707,4.4764,4.4828,4.490200000000001,4.496700000000001,4.5356000000000005,4.5458,4.5534,4.5586,4.5872,4.5891,4.5938,4.5971,4.6061000000000005,4.6132,4.6196,4.6385000000000005,4.6554,4.6612,4.6797,4.6832,4.6852,4.6878,4.7007,4.7010000000000005,4.7064,4.7170000000000005,4.740200000000001,4.740600000000001,4.7410000000000005,4.750100000000001,4.7537,4.7552,4.758900000000001,4.7612000000000005,4.766500000000001,4.768400000000001,4.774500000000001,4.7804,4.7836,4.7896,4.8056,4.8139,4.8192,4.823,4.8272,4.8326,4.8402,4.8437,4.8653,4.8672,4.8682,4.871700000000001,4.8769,4.903700000000001,4.9044,4.905600000000001,4.9119,4.9218,4.9259,4.9377,4.9388000000000005,4.9473,4.9522,4.9539,4.958,4.9599,4.9622,4.9709,4.9873,4.9955
13372:0.0801,0.1159,0.187,0.2426,0.2795,0.32370000000000004,0.3437,0.39690000000000003,0.46380000000000005,0.509,0.5424,0.5937,0.631,0.6676000000000001,0.7161000000000001,0.7935,0.8420000000000001,0.8681000000000001,0.9146000000000001,0.9520000000000001,0.9969,1.0225,1.0615,1.0911,1.1456,1.1694,1.1991,1.2283000000000002,1.2664,1.2986,1.415,1.465,1.4838,1.5096,1.5528000000000002,1.5861,1.6089,1.6445,1.6706,1.7239,1.7549000000000001,1.7788000000000002,1.8149000000000002,1.8376000000000001,1.8863,1.9572,2.0051,2.0209,2.0786000000000002,2.1274,2.1562,2.1936,2.2491000000000003,2.2661000000000002,2.2954000000000003,2.3822,2.4204000000000003,2.5017,2.5296000000000003,2.5898000000000003,2.6365000000000003,2.6676,2.7287000000000003,2.7725,2.8232,2.8682000000000003,2.9313000000000002,2.9624,3.0189000000000004,3.0494000000000003,3.1425,3.1564,3.1915,3.2544,3.2779000000000003,3.3109,3.3201,3.3417000000000003,3.3647,3.4425000000000003,3.5246,3.5648,3.5851,3.6180000000000003,3.6519000000000004,3.6788000000000003,3.7234000000000003,3.7466000000000004,3.7845,3.8157,3.8979000000000004,3.9621000000000004,3.9823000000000004,4.0584,4.1093,4.1981,4.2301,4.2628,4.308,4.3343,4.3638,4.4066,4.4462,4.4715,4.5445,4.5556,4.5879,4.621300000000001,4.6836,4.7072,4.7744,4.8018,4.8402,4.871,4.8868,4.9135,4.950200000000001
13376:0.2948,2.5747,2.8266,3.9752,4.2297,4.3373,4.8002,4.9224000000000006
13536:0.0287,0.7328,1.2630000000000001,1.6772,2.0653,2.2312000000000003,3.2387,4.5323,4.9131
14249:0.0224,0.0718,0.0829,0.11710000000000001,0.1516,0.17980000000000002,0.2147,0.23370000000000002,0.2597,0.29400000000000004,0.317,0.3491,0.3678,0.4141,0.43570000000000003,0.45840000000000003,0.5195000000000001,0.5716,0.6122000000000001,0.6383,0.673,0.7071000000000001,0.7676000000000001,0.7934,0.8363,0.8584,0.8951,0.9141,0.9590000000000001,0.9862000000000001,1.0110000000000001,1.0350000000000001,1.0739,1.0884,1.1248,1.1511,1.1753,1.2089,1.2254,1.2621,1.2841,1.2952000000000001,1.3346,1.3753,1.4034,1.4519,1.4843000000000002,1.5096,1.5333,1.5924,1.6354000000000002,1.687,1.7012,1.7128,1.7590000000000001,1.7973000000000001,1.8505,1.8929,1.9139000000000002,1.9557,1.9896,2.0082,2.0607,2.0919000000000003,2.1221,2.1456,2.1813000000000002,2.1987,2.2224,2.2520000000000002,2.2968,2.3355,2.3481,2.3844000000000003,2.4015,2.4104,2.4473000000000003,2.4893,2.5155000000000003,2.5564,2.5909,2.6229,2.6622000000000003,2.6774,2.7117,2.7402,2.7633,2.8123,2.8295000000000003,2.8636,2.9103000000000003,2.9237,2.9592,3.0064,3.0468,3.0713000000000004,3.1329000000000002,3.1498,3.1934,3.2379000000000002,3.2822,3.3205,3.3421000000000003,3.3709000000000002,3.3878000000000004,3.4055,3.4402000000000004,3.4662,3.5015,3.539,3.5663,3.6148000000000002,3.648,3.6687000000000003,3.7070000000000003,3.7398000000000002,3.7628000000000004,3.7984,3.8402000000000003,3.8742,3.8978,3.9297,3.9796,4.0068,4.056900000000001,4.097,4.1382,4.1676,4.196000000000001,4.226100000000001,4.2571,4.2877,4.3322,4.365200000000001,4.408,4.4469,4.496700000000001,4.5122,4.5456,4.578,4.617100000000001,4.6272,4.6664,4.6953000000000005,4.7323,4.7534,4.7759,4.8266,4.875500000000001,4.9157,4.9393,4.964300000000001,4.9993
14415:3.1618,3.2861000000000002
14493:0.0063,0.0155,0.0332,0.0369,0.0419,0.0553,0.0695,0.0801,0.08800000000000001,0.09620000000000001,0.0978,0.10590000000000001,0.1155,0.1193,0.12090000000000001,0.1296,0.1305,0.1333,0.1351,0.1374,0.13970000000000002,0.1568,0.1626,0.182,0.1933,0.1958,0.20040000000000002,0.21050000000000002,0.2109,0.21860000000000002,0.2202,0.2255,0.226,0.24330000000000002,0.26480000000000004,0.2659,0.2737,0.2758,0.2812,0.28350000000000003,0.2882,0.2889,0.29500000000000004,0.3174,0.3426,0.3438,0.3553,0.3563,0.3584,0.3593,0.3677,0.3684,0.3699,0.3724,0.3786,0.3799,0.3899,0.4137,0.41650000000000004,0.4198,0.4283,0.4428,0.44770000000000004,0.4481,0.45580000000000004,0.46640000000000004,0.47900000000000004,0.48310000000000003,0.4877,0.4922,0.49450000000000005,0.49560000000000004,0.5017,0.5138,0.5498000000000001,0.5505,0.5542,0.5555,0.5713,0.5744,0.5823,0.6115,0.6184000000000001,0.6316,0.6348,0.6379,0.6478,0.6536000000000001,0.6581,0.6616000000000001,0.664,0.6874,0.6895,0.6998000000000001,0.7027,0.7035,0.7037,0.7117,0.7146,0.7186,0.7273000000000001,0.7353000000000001,0.7359,0.74,0.7479,0.7499,0.7543000000000001,0.7579,0.7615000000000001,0.7768,0.7788,0.7831,0.7899,0.7982,0.8254,0.8289000000000001,0.8371000000000001,0.8416,0.8539,0.8771,0.8779,0.8888,0.8892,0.8957,0.9049,0.9061,0.9122,0.9195000000000001,0.9457000000000001,0.9460000000000001,0.9466,0.9475,0.9510000000000001,0.9622,0.9625,0.9701000000000001,0.9717,0.9809,0.9836,1.0013,1.0084,1.0181,1.0299,1.0395,1.0505,1.0508,1.0556,1.0572000000000001,1.0584,1.0819,1.0859,1.1107,1.111,1.1125,1.1128,1.1303,1.1315,1.1325,1.1372,1.1454,1.1465,1.1557,1.1596,1.1645,1.1663000000000001,1.1683000000000001,1.1713,1.1739000000000002,1.179,1.1888,1.2256,1.2411,1.2452,1.2503,1.2512,1.2583,1.2617,1.3024,1.3071000000000002,1.3149,1.3206,1.3225,1.3233000000000001,1.3268,1.3276000000000001,1.3342,1.3426,1.3563,1.3601,1.3631,1.3666,1.3724,1.3768,1.3791,1.3832,1.3999000000000001,1.4058000000000002,1.4105,1.4117000000000002,1.4158000000000002,1.4374,1.4468,1.4859,1.4922,1.4949000000000001,1.4966000000000002,1.5033,1.5155,1.5158,1.5189000000000001,1.5230000000000001,1.5232,1.5270000000000001,1.5337,1.5399,1.5415,1.5596,1.5639,1.5693000000000001,1.5756000000000001,1.5797,1.5807,1.584,1.5889,1.593,1.5932000000000002,1.604,1.6061,1.6256000000000002,1.6416000000000002,1.6614,1.6624,1.6645,1.6660000000000001,1.6786,1.6811,1.6872,1.6907,1.705,1.7092,1.7155,1.7349,1.7358,1.7374,1.7568000000000001,1.7855,1.8011000000000001,1.8084,1.8204,1.8319,1.8343,1.8423,1.8425,1.8486,1.86,1.8622,1.8661,1.8671,1.8786,1.8856000000000002,1.903,1.9041000000000001,1.9044,1.9075000000000002,1.9186,1.9194,1.9237000000000002,1.9347,1.9454,1.9508,1.9744000000000002,1.9803000000000002,1.9811,2.0052000000000003,2.0141,2.0389,2.048,2.061,2.1003000000000003,2.1123000000000003,2.1328,2.1363000000000003,2.1373,2.1419,2.1423,2.1514,2.1578,2.1582,2.1584000000000003,2.1633,2.1654,2.1694,2.1703,2.1713,2.1784,2.1845,2.1856,2.1974,2.198,2.2035,2.2152000000000003,2.2203,2.2239,2.2394000000000003,2.2558000000000002,2.2599,2.2634000000000003,2.2637,2.2708,2.2937000000000003,2.3026,2.3314,2.3355,2.3371,2.3605,2.3705000000000003,2.3712,2.3799,2.3837,2.3887,2.4012000000000002,2.4037,2.4113,2.4134,2.4210000000000003,2.4299,2.4432,2.4453,2.4458,2.4548,2.4581,2.4622,2.4632,2.4642,2.4687,2.4756,2.4765,2.5022,2.5073000000000003,2.5095,2.5152,2.5322,2.5325,2.5363,2.5369,2.5384,2.5389,2.5453,2.5486,2.5489,2.5519000000000003,2.5537,2.5636,2.5681000000000003,2.5747,2.5811,2.5817,2.5877000000000003,2.5911,2.5974,2.6041000000000003,2.6071,2.6139,2.6231,2.6333,2.6367000000000003,2.6377,2.6505,2.6574,2.6799,2.6813000000000002,2.6834000000000002,2.6855,2.6984,2.7052,2.7121,2.7248,2.73,2.7315,2.7449000000000003,2.7451000000000003,2.7515,2.7532,2.7553,2.7557,2.7668,2.7814,2.7914000000000003,2.8067,2.8121,2.8347,2.8424,2.8455,2.853,2.8639,2.8645,2.8798000000000004,2.8935,2.895,2.9091,2.9115,2.9153000000000002,2.9422,2.9512,2.9541,2.9549000000000003,2.9654000000000003,2.9668,2.9712,2.978,2.9851,2.9855,2.9876,2.9952,3.0041,3.0067,3.0097,3.0288,3.0396,3.0541,3.0591,3.0642,3.0676,3.0864000000000003,3.0883000000000003,3.1081000000000003,3.1137,3.1345,3.1380000000000003,3.1612,3.1746000000000003,3.1801000000000004,3.1803000000000003,3.1845000000000003,3.1897,3.1926,3.1984000000000004,3.1993,3.2061,3.2065,3.2070000000000003,3.2073,3.2117,3.2203,3.2205000000000004,3.2217000000000002,3.2299,3.2474000000000003,3.2541,3.2574,3.2612,3.2615000000000003,3.2639,3.2711,3.2928,3.2937000000000003,3.2974,3.2988,3.3025,3.3028,3.3034000000000003,3.3074000000000003,3.3158000000000003,3.3193,3.3238000000000003,3.3248,3.3289,3.3313,3.3433,3.3444000000000003,3.349,3.3645,3.3757,3.4096,3.4141000000000004,3.4182,3.426,3.4319,3.4423000000000004,3.4468,3.4543000000000004,3.4558,3.4652000000000003,3.4781,3.4861,3.4905000000000004,3.4907000000000004,3.4944,3.5003,3.5074,3.5134000000000003,3.5146,3.5164,3.5241000000000002,3.5243,3.527,3.5351000000000004,3.5446,3.5528,3.572,3.576,3.5768,3.5802,3.5816000000000003,3.5831,3.5839000000000003,3.5867,3.5959000000000003,3.5975,3.604,3.6062000000000003,3.6082,3.612,3.616,3.6493,3.6578000000000004,3.6623,3.6718,3.6728,3.6860000000000004,3.6946000000000003,3.6966,3.7039,3.7184000000000004,3.7238,3.7252,3.7317,3.7422,3.7643,3.7726,3.7776,3.7870000000000004,3.7928,3.7931000000000004,3.7972,3.8078000000000003,3.8198000000000003,3.8205,3.8267,3.8270000000000004,3.8307,3.8339000000000003,3.8385000000000002,3.8419000000000003,3.8432000000000004,3.8488,3.8594000000000004,3.8708,3.8729,3.8762000000000003,3.8767,3.8809,3.8842000000000003,3.8857000000000004,3.8892,3.8914,3.8917,3.8999,3.9001,3.9009,3.9080000000000004,3.9123,3.9128000000000003,3.9157,3.9293,3.9344,3.9427000000000003,3.9449,3.9686000000000003,3.9691,3.9729,3.9737,3.9742,3.9831000000000003,3.9947000000000004,3.9995000000000003,4.0093000000000005,4.0099,4.0264,4.0277,4.030600000000001,4.0600000000000005,4.0706,4.0715,4.0764000000000005,4.0817000000000005,4.082,4.091,4.105700000000001,4.1111,4.1166,4.1303,4.1327,4.1333,4.1347000000000005,4.1375,4.1459,4.1531,4.1535,4.159,4.1681,4.1694,4.1724000000000006,4.1729,4.194500000000001,4.198,4.2047,4.2118,4.2142,4.2155000000000005,4.2174000000000005,4.2187,4.2262,4.2275,4.2422,4.2492,4.2495,4.2581,4.2584,4.2632,4.2811,4.308,4.3122,4.315300000000001,4.3264000000000005,4.3386000000000005,4.3436,4.3465,4.3542000000000005,4.3580000000000005,4.363700000000001,4.3682,4.3809000000000005,4.3823,4.3994,4.4034,4.4048,4.4076,4.4154,4.4278,4.4396,4.4438,4.464300000000001,4.466200000000001,4.4888,4.4943,4.5057,4.5129,4.527200000000001,4.5388,4.5418,4.542,4.5449,4.5474000000000006,4.5596000000000005,4.5606,4.5685,4.5737000000000005,4.6016,4.6036,4.6155,4.6162,4.6164000000000005,4.6226,4.6242,4.6262,4.6285,4.6322,4.6462,4.6481,4.6604,4.6652000000000005,4.6749,4.6767,4.680000000000001,4.6845,4.6878,4.6901,4.6936,4.6978,4.7,4.7057,4.707800000000001,4.712400000000001,4.7207,4.7342,4.7459,4.762300000000001,4.768,4.8011,4.8061,4.8064,4.8115000000000006,4.8143,4.8242,4.8281,4.8335,4.8485000000000005,4.8555,4.8666,4.8674,4.8714,4.878,4.889,4.8931000000000004,4.899100000000001,4.9,4.9112,4.913600000000001,4.9172,4.917400000000001,4.9359,4.9463,4.9515,4.952100000000001,4.9615,4.9649,4.9659,4.9869,4.9978
14630:1.5039,2.0099,2.8929,4.3587,4.8127
14649:3.6125000000000003
15120:0.0274,0.057300000000000004,0.116,0.1872,0.22920000000000001,0.27080000000000004,0.298,0.32730000000000004,0.35950000000000004,0.38370000000000004,0.43710000000000004,0.48040000000000005,0.5093,0.5558000000000001,0.5967,0.6444000000000001,0.6601,0.7001000000000001,0.7366,0.7711,0.8036000000000001,0.8510000000000001,0.9099,0.9832000000000001,1.0136,1.0549,1.0973,1.1346,1.2126000000000001,1.2524,1.2894,1.3276000000000001,1.357,1.4795,1.5215,1.548,1.5784,1.6155000000000002,1.6461000000000001,1.6828,1.7143000000000002,1.7548000000000001,1.7852000000000001,1.8184,1.8828,1.9132,1.9652,2.0071,2.0394,2.0641000000000003,2.0980000000000003,2.1532,2.1884,2.217,2.3061000000000003,2.3348,2.3599,2.4143000000000003,2.4449,2.4736000000000002,2.5011,2.5365,2.5768,2.6082,2.6588000000000003,2.6842,2.7195,2.7465,2.7731000000000003,2.7969,2.8274000000000004,2.8883,2.9255,2.9583,2.9986,3.0502000000000002,3.0734000000000004,3.1299,3.1583,3.1861,3.2152000000000003,3.2517,3.2949,3.3236000000000003,3.3767,3.4059000000000004,3.4396,3.4858000000000002,3.5179,3.5723000000000003,3.6141,3.6548000000000003,3.7,3.7258,3.7549,3.7743,3.8043,3.8269,3.854,3.8935000000000004,3.9391000000000003,3.9621000000000004,3.986,4.0259,4.0878000000000005,4.1311,4.1962,4.2318,4.2586,4.2968,4.3455,4.372,4.3935,4.4226,4.4663,4.4928,4.5389,4.5678,4.593500000000001,4.6197,4.6439,4.6962,4.7214,4.7752,4.7978000000000005,4.831300000000001,4.8705,4.9031,4.937,4.9696
16101:0.47590000000000005,0.8107000000000001,1.3093000000000001,3.4218,4.7127
16213:0.0264,0.0538,0.08990000000000001,0.11280000000000001,0.1264,0.1708,0.1915,0.2245,0.2447,0.27540000000000003,0.29660000000000003,0.3251,0.3391,0.36300000000000004,0.38980000000000004,0.4253,0.46340000000000003,0.48950000000000005,0.5097,0.5385,0.5557,0.5665,0.5813,0.6012000000000001,0.6262,0.6593,0.6729,0.7026,0.733,0.7462000000000001,0.7717,0.801,0.8224,0.8477,0.8857,0.9068,0.9292,0.9813000000000001,1.006,1.0310000000000001,1.0514000000000001,1.0685,1.1007,1.1138000000000001,1.1373,1.1829,1.217,1.2449000000000001,1.2690000000000001,1.2910000000000001,1.3126,1.3291000000000002,1.3646,1.3804,1.4164,1.4692,1.4795,1.4868000000000001,1.5116,1.5268000000000002,1.5529000000000002,1.588,1.611,1.6214000000000002,1.6512,1.6573,1.6933,1.7242000000000002,1.7566000000000002,1.7877,1.7966000000000002,1.8188000000000002,1.8443,1.8772,1.8932,1.9294,1.9666000000000001,1.9760000000000002,1.9992,2.0154,2.0333,2.0627,2.0783,2.1156,2.1454,2.1747,2.2034000000000002,2.2229,2.2614,2.2735000000000003,2.297,2.3168,2.3593,2.3886000000000003,2.4195,2.4530000000000003,2.4833000000000003,2.496,2.5159000000000002,2.5385,2.5521000000000003,2.5862000000000003,2.6197,2.6521000000000003,2.6903,2.7097,2.7382,2.7656,2.7871,2.8161,2.8387000000000002,2.8843,2.9069000000000003,2.9297,2.9391000000000003,2.9634,2.99,3.0009,3.0441000000000003,3.0577,3.0651,3.0793,3.1265,3.1408,3.1628000000000003,3.1815,3.2035,3.2193,3.2321,3.2662,3.2739000000000003,3.2946,3.3217000000000003,3.331,3.3548,3.3831,3.4139000000000004,3.4434,3.4717000000000002,3.4946,3.524,3.5791000000000004,3.6111,3.6223,3.6574,3.6784000000000003,3.7119,3.7297000000000002,3.7594000000000003,3.7870000000000004,3.8127,3.8427000000000002,3.8772,3.9087,3.9427000000000003,3.9591000000000003,3.9795000000000003,4.0053,4.027,4.0628,4.0894,4.1049,4.1442000000000005,4.1736,4.2019,4.2247,4.2367,4.2555000000000005,4.2797,4.3082,4.3365,4.347,4.357600000000001,4.3821,4.3887,4.4071,4.4307,4.4545,4.4726,4.479,4.508500000000001,4.5545,4.5604000000000005,4.5784,4.6004000000000005,4.6393,4.6673,4.6846000000000005,4.7093,4.7583,4.7709,4.7962,4.8093,4.8289,4.8575,4.8777,4.9118,4.9374,4.9641,4.9875
17246:0.0477,0.0711,1.0258,1.3548,1.6944000000000001,1.8988,2.3264,2.8559,3.4566000000000003,3.8698,4.107600000000001,4.4092,4.7551000000000005,4.812
17467:0.0122,0.033800000000000004,0.0408,0.0441,0.050800000000000005,0.0557,0.065,0.0809,0.10110000000000001,0.1042,0.1058,0.1119,0.1221,0.1308,0.1364,0.13820000000000002,0.1446,0.1511,0.1573,0.16340000000000002,0.1636,0.1652,0.167,0.17070000000000002,0.1802,0.1859,0.19690000000000002,0.2015,0.2102,0.2137,0.2177,0.2325,0.23320000000000002,0.24100000000000002,0.24500000000000002,0.2487,0.2501,0.2589,0.2761,0.2919,0.2948,0.3032,0.3039,0.3109,0.3119,0.3159,0.3183,0.3244,0.33390000000000003,0.3391,0.3619,0.3678,0.3759,0.3889,0.399,0.402,0.4112,0.41850000000000004,0.4445,0.4514,0.45680000000000004,0.46280000000000004,0.47000000000000003,0.4718,0.5054000000000001,0.5117,0.5187,0.5238,0.5428000000000001,0.5617,0.5699000000000001,0.5786,0.5841000000000001,0.5851000000000001,0.5853,0.5882000000000001,0.5904,0.5934,0.5948,0.5971000000000001,0.622,0.6238,0.6241,0.6263000000000001,0.627,0.6291,0.6329,0.6366,0.652,0.6559,0.6607000000000001,0.6659,0.671,0.6737000000000001,0.6742,0.6759000000000001,0.6873,0.6896,0.6943,0.7000000000000001,0.7035,0.7098,0.7145,0.7276,0.7367,0.7745000000000001,0.7891,0.8105,0.8112,0.8126,0.8282,0.8302,0.8317,0.8328,0.8333,0.8341000000000001,0.8347,0.8358,0.8408,0.8483,0.8516,0.8547,0.8647,0.8738,0.8875000000000001,0.9071,0.9081,0.91,0.9223,0.9323,0.9394,0.9651000000000001,0.9760000000000001,0.9858,1.0179,1.0243,1.026,1.032,1.0357,1.0405,1.0505,1.0552000000000001,1.0626,1.0652000000000001,1.0797,1.0852,1.0964,1.0985,1.1001,1.106,1.1105,1.1188,1.1271,1.1305,1.1369,1.1453,1.151,1.1564,1.1574,1.1637,1.2048,1.2051,1.209,1.2156,1.2243000000000002,1.2387000000000001,1.2478,1.2521,1.2576,1.2784,1.2809000000000001,1.2821,1.2931000000000001,1.3099,1.3132000000000001,1.3184,1.3189,1.3205,1.3257,1.3259,1.3313000000000001,1.3369,1.3411,1.3419,1.3421,1.3442,1.3462,1.3501,1.3521,1.3595000000000002,1.3623,1.3688,1.3775000000000002,1.3874,1.3978000000000002,1.4042000000000001,1.4149,1.4321000000000002,1.4335,1.4347,1.4362000000000001,1.4659,1.4701,1.4764000000000002,1.4787000000000001,1.4905000000000002,1.4915,1.4946000000000002,1.5018,1.5091,1.5093,1.5104,1.5259,1.5263,1.5366,1.5483,1.5522,1.5562,1.5633000000000001,1.5790000000000002,1.5845,1.5857,1.5905,1.5985,1.5991,1.6023,1.6168,1.6300000000000001,1.6321,1.6377000000000002,1.6480000000000001,1.6519000000000001,1.655,1.6635,1.6648,1.6747,1.6819000000000002,1.6902000000000001,1.6905000000000001,1.6981000000000002,1.7002000000000002,1.7077,1.7100000000000002,1.7217,1.7283000000000002,1.738,1.7389000000000001,1.7444000000000002,1.7465000000000002,1.7508000000000001,1.7519,1.7649000000000001,1.7845,1.8036,1.816,1.8184,1.8334000000000001,1.8338,1.8387,1.8438,1.8474000000000002,1.8528,1.8544,1.8571000000000002,1.8573000000000002,1.8592000000000002,1.8605,1.8822,1.8832,1.8861,1.8866,1.8995000000000002,1.9012,1.9095000000000002,1.9128,1.9155000000000002,1.9174,1.931,1.9352,1.9437,1.9451,1.9454,1.9456,1.9534,1.9604000000000001,1.9633,1.9665000000000001,1.9780000000000002,1.9798,1.987,1.9876,1.9985000000000002,2.0061,2.0073000000000003,2.0177,2.0260000000000002,2.0347,2.0516,2.053,2.0602,2.0605,2.0727,2.0848,2.0915,2.1198,2.1221,2.1262000000000003,2.1351,2.1399,2.1422,2.1485000000000003,2.1666000000000003,2.1674,2.1694,2.1767000000000003,2.1794000000000002,2.1868000000000003,2.188,2.1903,2.201,2.204,2.2061,2.2123,2.2199,2.2265,2.2272000000000003,2.2325,2.2434000000000003,2.2464,2.2607,2.265,2.2659000000000002,2.2815000000000003,2.2858,2.3006,2.3017000000000003,2.3052,2.3163,2.3324000000000003,2.3414,2.3461000000000003,2.3549,2.3596,2.3627000000000002,2.3714,2.3892,2.4002000000000003,2.4094,2.4133,2.4157,2.42,2.4229000000000003,2.4282,2.4305000000000003,2.4345000000000003,2.4357,2.4487,2.4601,2.4639,2.4701,2.4789000000000003,2.5052000000000003,2.5073000000000003,2.5079000000000002,2.5089,2.5215,2.5221,2.5421,2.5463,2.5556,2.5658000000000003,2.5859,2.5979,2.6074,2.6211,2.6263,2.6265,2.6279000000000003,2.6342000000000003,2.6401000000000003,2.6470000000000002,2.6656,2.672,2.6817,2.6833,2.6905,2.6911,2.6921,2.6935000000000002,2.6939,2.6965000000000003,2.6969000000000003,2.6971000000000003,2.7026000000000003,2.709,2.7199,2.7257000000000002,2.7295000000000003,2.7641,2.7671,2.7769,2.7918000000000003,2.7937000000000003,2.8078000000000003,2.8085,2.8173,2.8194000000000004,2.8223000000000003,2.8236000000000003,2.825,2.8256,2.8261000000000003,2.8296,2.8435,2.8652,2.8685,2.8952,2.898,2.9009,2.9048000000000003,2.9075,2.9225000000000003,2.9258,2.9298,2.9305000000000003,2.9410000000000003,2.9554,2.9602,2.9712,2.9765,2.9802,2.9968000000000004,2.9988,3.0012000000000003,3.0033000000000003,3.0049,3.0085,3.0166,3.0233000000000003,3.0554,3.0562,3.0572000000000004,3.0624000000000002,3.0711,3.0713000000000004,3.0716,3.0804,3.0841000000000003,3.0845000000000002,3.0858000000000003,3.0899,3.1048,3.109,3.1168,3.1195,3.1237000000000004,3.1253,3.1271,3.1347,3.1356,3.1379,3.1381,3.1439000000000004,3.1446,3.1519000000000004,3.1527000000000003,3.1661,3.1727000000000003,3.1747,3.1917,3.192,3.1932,3.198,3.2017,3.2041,3.2086,3.2215000000000003,3.2358000000000002,3.2364,3.2373000000000003,3.2391,3.2441,3.2471,3.2560000000000002,3.2602,3.2738,3.2761,3.2796000000000003,3.2842000000000002,3.2898,3.2904,3.3095000000000003,3.3118000000000003,3.3121,3.3137000000000003,3.3309,3.3368,3.3482000000000003,3.3534,3.3555,3.3715,3.3719,3.3769,3.3785000000000003,3.3880000000000003,3.399,3.4032,3.4111000000000002,3.4148,3.4363,3.4610000000000003,3.4688000000000003,3.4727,3.4749000000000003,3.4847,3.486,3.4999000000000002,3.5165,3.5199000000000003,3.5363,3.5385,3.5446,3.5461,3.5532000000000004,3.5561000000000003,3.559,3.5814000000000004,3.5821,3.5843000000000003,3.5885000000000002,3.597,3.6042,3.6129000000000002,3.6131,3.6163000000000003,3.6328,3.6337,3.6359000000000004,3.6526,3.6612,3.6632000000000002,3.6750000000000003,3.6816,3.6824000000000003,3.6870000000000003,3.6967000000000003,3.7049000000000003,3.7144000000000004,3.7172,3.7187,3.7294,3.7321,3.7336,3.7691000000000003,3.7769000000000004,3.7782,3.7945,3.7955,3.7963,3.8039,3.8123,3.8174,3.8200000000000003,3.8261000000000003,3.8294,3.8345000000000002,3.8359,3.8439,3.8549,3.8731,3.8821000000000003,3.8897000000000004,3.9163,3.9175,3.9231000000000003,3.9255,3.9321,3.9348,3.9445,3.9501000000000004,3.9520000000000004,3.9565,3.9684000000000004,3.9688000000000003,3.9729,4.0058,4.0141,4.014600000000001,4.017,4.0198,4.0203,4.0331,4.0402000000000005,4.0473,4.0485,4.0697,4.0819,4.0858,4.091,4.0951,4.0995,4.1031,4.1079,4.1165,4.1284,4.1348,4.1681,4.1727,4.1764,4.1893,4.1977,4.2027,4.2046,4.207,4.2296000000000005,4.2331,4.2421,4.2439,4.2525,4.259,4.2637,4.2718,4.289000000000001,4.2895,4.294700000000001,4.2986,4.308800000000001,4.3091,4.319,4.3221,4.3279000000000005,4.3421,4.3615,4.3654,4.371300000000001,4.372,4.3748000000000005,4.3823,4.3859,4.387300000000001,4.3917,4.3946000000000005,4.3954,4.4138,4.4285000000000005,4.4313,4.4602,4.4752,4.4799,4.4813,4.4827,4.488300000000001,4.4889,4.494400000000001,4.5035,4.5046,4.5113,4.520300000000001,4.5227,4.5279,4.5286,4.5304,4.5435,4.5614,4.5682,4.5689,4.5749,4.595000000000001,4.5984,4.6054,4.6166,4.6219,4.641,4.6482,4.6512,4.652,4.6637,4.6657,4.6687,4.6828,4.6869000000000005,4.6927,4.7035,4.7157,4.7174000000000005,4.7224,4.7229,4.7309,4.7443,4.7469,4.7618,4.7643,4.7731,4.7793,4.785200000000001,4.7864,4.7891,4.7906,4.7919,4.7922,4.793,4.8022,4.8312,4.8424000000000005,4.842700000000001,4.8455,4.8563,4.8565000000000005,4.8619,4.8623,4.8863,4.8904000000000005,4.905,4.912100000000001,4.9194,4.9205000000000005,4.9269,4.9301,4.9354000000000005,4.9364,4.943700000000001,4.949,4.957800000000001,4.9581,4.963,4.9659,4.974600000000001,4.9832
17481:0.34550000000000003
17490:1.9766000000000001,4.3535
18131:0.026000000000000002,0.057800000000000004,0.07690000000000001,0.1096,0.14150000000000001,0.15030000000000002,0.1724,0.19340000000000002,0.2185,0.22840000000000002,0.2655,0.2942,0.3181,0.3572,0.36660000000000004,0.39480000000000004,0.42300000000000004,0.46480000000000005,0.47850000000000004,0.5097,0.5347000000000001,0.5700000000000001,0.607,0.6388,0.6582,0.682,0.7137,0.7286,0.7516,0.7888000000000001,0.8184,0.8572000000000001,0.8647,0.9124,0.9502,0.9814,1.0114,1.0364,1.065,1.0844,1.1154,1.1367,1.1664,1.1775,1.2053,1.2233,1.2573,1.2774,1.3239,1.3337,1.3639000000000001,1.3869,1.4180000000000001,1.4414,1.48,1.4983,1.5312000000000001,1.5502,1.5859,1.5977000000000001,1.6363,1.6535,1.673,1.7069,1.7464000000000002,1.7648000000000001,1.7937,1.8122,1.8509,1.8674000000000002,1.9033,1.9107,1.9408,1.9645000000000001,1.9857,2.0209,2.0540000000000003,2.0627,2.0992,2.1282,2.1576,2.1688,2.2058,2.2291000000000003,2.2654,2.2887,2.3386,2.3592,2.3936,2.4192,2.4570000000000003,2.4836,2.5207,2.5307,2.5591,2.5728,2.6163000000000003,2.6291,2.6652,2.6922,2.7228000000000003,2.7576,2.7865,2.8186,2.8454,2.8680000000000003,2.9012000000000002,2.9192,2.9497,2.9599,2.978,3.0064,3.0285,3.0643000000000002,3.0900000000000003,3.1022000000000003,3.1368,3.1641000000000004,3.1906000000000003,3.2148000000000003,3.2335000000000003,3.2563,3.2759,3.3121,3.3229,3.3584,3.3756000000000004,3.4062,3.4357,3.4485,3.4831000000000003,3.5084,3.5410000000000004,3.5577,3.5902000000000003,3.6068000000000002,3.6378000000000004,3.6676,3.6827,3.7115,3.7517,3.7616,3.7964,3.8066,3.8271,3.8514000000000004,3.8634000000000004,3.8898,3.9169,3.9321,3.9703000000000004,3.982,4.0159,4.027200000000001,4.0703000000000005,4.0815,4.1104,4.143,4.1770000000000005,4.1927,4.2203,4.236800000000001,4.2708,4.28,4.3127,4.321400000000001,4.3385,4.3667,4.4011000000000005,4.4188,4.4458,4.4844,4.5241,4.5494,4.569500000000001,4.607200000000001,4.6202000000000005,4.6494,4.6741,4.7015,4.7296000000000005,4.7491,4.774,4.809200000000001,4.835500000000001,4.863300000000001,4.876,4.9064000000000005,4.9326,4.9693000000000005,4.9910000000000005
18171:0.058800000000000005,0.0917,0.10250000000000001,0.1956,0.2343,0.2757,0.3395,0.3597,0.6554,0.8101,0.8746,0.9775,1.0005,1.0511000000000001,1.1058000000000001,1.1408,1.1875,1.2412,1.3030000000000002,1.3166,1.3908,1.5255,1.5522,1.7203000000000002,1.7998,1.9107,1.9340000000000002,2.0109,2.0271,2.1371,2.1614,2.2190000000000003,2.2683,2.3631,2.4228,2.4505,2.5064,2.5368,2.572,2.6101,2.6949,2.7746,2.8421000000000003,2.9225000000000003,2.9426,3.1201000000000003,3.354,3.3937000000000004,3.4209,3.483,3.5581,3.5893,3.6675,3.7566,3.8579000000000003,3.9480000000000004,4.0247,4.1042000000000005,4.1185,4.2090000000000005,4.2449,4.3476,4.4242,4.591600000000001,4.711,4.7907,4.867100000000001,4.891900000000001,4.9607,4.982
18478:0.0524,0.0877,0.1283,0.1695,0.2126,0.249,0.2985,0.3282,0.3643,0.39530000000000004,0.4641,0.5101,0.5473,0.5774,0.6377,0.6612,0.7098,0.7518,0.7909,0.8371000000000001,0.9265,0.9799,1.0346,1.0675000000000001,1.1134,1.1521000000000001,1.2134,1.2582,1.3237,1.3621,1.4011,1.4768000000000001,1.5168000000000001,1.5402,1.5866,1.6369,1.6789,1.7103000000000002,1.7561,1.7941,1.8417000000000001,1.8878000000000001,1.923,1.9578,1.9951,2.0253,2.0569,2.1295,2.1738,2.2502,2.3176,2.3577,2.4218,2.4543,2.4947,2.5303,2.5723000000000003,2.6281000000000003,2.668,2.7227,2.7591,2.8126,2.8468,2.902,2.9344,2.9896000000000003,3.0685000000000002,3.0926,3.1399000000000004,3.1767000000000003,3.2054,3.2537000000000003,3.2985,3.3308,3.3825000000000003,3.4257,3.4505000000000003,3.4991000000000003,3.5307,3.5846,3.6139,3.6662000000000003,3.7124,3.7596000000000003,3.7967,3.8240000000000003,3.855,3.8881,3.9166000000000003,3.9563,4.0031,4.0344,4.0979,4.155600000000001,4.202,4.2355,4.2706,4.3081000000000005,4.3567,4.3921,4.430000000000001,4.4987,4.5505,4.6047,4.6374,4.6724000000000006,4.7068,4.7323,4.771,4.8007,4.8383,4.8659,4.9105,4.9645
19503:0.5067,1.11,1.7634,2.3032,2.3892,2.5912,3.1025,3.688,3.9650000000000003
19611:0.0183,0.0756,0.1153,0.1464,0.22410000000000002,0.2601,0.3106,0.3383,0.36200000000000004,0.4248,0.454,0.5174,0.5672,0.6328,0.6691,0.7030000000000001,0.7642,0.7902,0.8305,0.8526,0.8909,0.9104000000000001,0.9544,0.9831000000000001,1.0371000000000001,1.0804,1.1463,1.2069,1.2218,1.2521,1.2763,1.2909000000000002,1.3734000000000002,1.4473,1.5284,1.6309,1.6927,1.7098,1.7566000000000002,1.7937,1.8473000000000002,1.9088,1.9637,1.9911,2.0572,2.0865,2.1424000000000003,2.1790000000000003,2.1961,2.2499000000000002,2.2945,2.3437,2.382,2.404,2.4428,2.487,2.5115000000000003,2.5554,2.6193,2.6732,2.7076000000000002,2.7341,2.8088,2.8257000000000003,2.8627000000000002,2.912,2.9222,2.9595000000000002,3.0023,3.0427,3.0676,3.1267,3.1449000000000003,3.1893000000000002,3.2354000000000003,3.2801,3.3159,3.339,3.3815,3.402,3.4638,3.5370000000000004,3.5607,3.6104000000000003,3.6612,3.734,3.7576,3.7948000000000004,3.8361,3.8701000000000003,3.8954,3.9258,3.9777,4.002,4.0544,4.1342,4.1428,4.250500000000001,4.2837000000000005,4.329000000000001,4.3604,4.407,4.4511,4.5039,4.5407,4.6004000000000005,4.6223,4.6628,4.693700000000001,4.7208000000000006,4.7701,4.823300000000001,4.8734,4.934200000000001
19718:0.1912,0.2479,0.3337,0.3738,0.4902,0.5786,0.7259,0.8708,0.9864,1.0958,1.2359,1.3385,1.4856,1.5407000000000002,1.6775,1.8965,2.0046,2.0860000000000003,2.1514,2.2924,2.3876,2.6766,2.7696,2.8329,2.8761,2.9316,2.9657,3.0103,3.0863,3.1482,3.2841,3.3266,3.4197,3.5780000000000003,3.7283000000000004,3.8080000000000003,3.8443,3.9516,4.0659,4.1616,4.2026,4.3244,4.355300000000001,4.4112,4.5636,4.621700000000001,4.7788,4.8789
19964:0.0118,0.1111,0.1481,0.1645,0.1928,0.23770000000000002,0.2896,0.31420000000000003,0.34700000000000003,0.36060000000000003,0.385,0.4561,0.4958,0.518,0.5577,0.5863,0.6268,0.6676000000000001,0.6986,0.7582,0.7869,0.8360000000000001,0.8836,0.9085000000000001,0.9363,1.0115,1.0506,1.0934000000000001,1.1769,1.2036,1.227,1.3023,1.3261,1.3608,1.4667000000000001,1.4877,1.5476,1.5781,1.6162,1.6412,1.6637000000000002,1.6968,1.7492,1.7865,1.8128000000000002,1.8419,1.8808,1.9114,1.9569,1.9741000000000002,2.0144,2.0767,2.0999000000000003,2.1251,2.1517,2.1726,2.2155,2.2415000000000003,2.2659000000000002,2.2928,2.3239,2.3636,2.4085,2.4444,2.4890000000000003,2.5081,2.5319000000000003,2.5529,2.5849,2.6232,2.6573,2.7066000000000003,2.7509,2.7670000000000003,2.8142,2.8353,2.8609,2.8952,2.9304,2.9457,2.9835000000000003,3.0353000000000003,3.0541,3.1392,3.1711,3.2584,3.2906,3.317,3.3569,3.4054,3.4326000000000003,3.4708,3.5011,3.5626,3.5808,3.6156,3.6468000000000003,3.6966,3.7209000000000003,3.741,3.7656,3.8204000000000002,3.8472000000000004,3.8939000000000004,3.9588,4.0203,4.2262,4.2499,4.2639000000000005,4.3017,4.3238,4.3491,4.3808,4.402200000000001,4.454400000000001,4.4677,4.5004,4.5392,4.5744,4.6326,4.6563,4.6783,4.7607,4.7911,4.8178,4.8508000000000004,4.8722,4.8992,4.9874
20136:0.1331,0.37170000000000003,0.44060000000000005,0.4808,0.5755,0.6765,0.8074,0.8994000000000001,0.9951000000000001,1.0475,1.2325000000000002,1.3414000000000001,1.3861,1.4825000000000002,1.6314000000000002,1.8038,1.9468,2.0804,2.1709,2.3099000000000003,2.373,2.4394,2.5265,2.6341,2.7064,2.947,3.0105,3.0667,3.1408,3.2256,3.2779000000000003,3.4284000000000003,3.591,3.6775,3.847,3.8937000000000004,4.1524,4.2652,4.4755,4.6527,4.7225
20195:0.0596,0.2034,0.3126,0.5731,0.7392000000000001,0.8270000000000001,1.0089000000000001,1.23,1.4987000000000001,1.7631000000000001,1.8245,1.9954,2.1857,2.302,2.3408,2.4541,2.5608,2.5962,2.7931,2.8973,3.0885000000000002,3.212,3.3283,3.3909000000000002,3.6162,3.6455,3.6869,3.9598,4.1616,4.331300000000001,4.4837,4.5761,4.9106000000000005
20540:0.019,0.0688,0.1923,0.2079,0.2661,0.36660000000000004,0.3859,0.4525,0.7096,1.7259,1.9040000000000001,1.9265,2.3142,2.3386,2.3713,2.4116,2.4514,2.5564,2.5984000000000003,2.6115,2.7491000000000003,2.9157,2.9537,3.0688,3.0823,3.2567000000000004,3.4045,3.4295,3.7728,3.8468,4.1468,4.6283,4.8368
21291:0.020300000000000002,0.0455,0.06810000000000001,0.1106,0.1469,0.1781,0.2079,0.2384,0.2627,0.29510000000000003,0.3214,0.3531,0.37510000000000004,0.393,0.4209,0.4495,0.4712,0.5028,0.53,0.5595,0.5838,0.6099,0.6387,0.6834,0.7010000000000001,0.7231000000000001,0.7624000000000001,0.7947000000000001,0.8220000000000001,0.8485,0.8627,0.8941,0.9234,0.9594,0.9865,1.0198,1.0421,1.0752000000000002,1.0915000000000001,1.1206,1.1428,1.1624,1.1848,1.2011,1.2193,1.2455,1.2747000000000002,1.2945,1.3211000000000002,1.3465,1.3836000000000002,1.4025,1.4216,1.4447,1.4646000000000001,1.496,1.5238,1.5545,1.5732000000000002,1.6054000000000002,1.6344,1.6548,1.6782000000000001,1.6952,1.7102000000000002,1.7228,1.7604000000000002,1.7947000000000002,1.8345,1.8656000000000001,1.8962,1.919,1.9523000000000001,1.9679000000000002,1.9852,2.0141,2.0613,2.0857,2.1078,2.1366,2.1699,2.1969000000000003,2.2156000000000002,2.2455000000000003,2.2976,2.3256,2.3462,2.3748,2.3951000000000002,2.4109000000000003,2.4412000000000003,2.4699,2.5008,2.5283,2.5543,2.5787,2.5985,2.6139,2.6343,2.6630000000000003,2.6863,2.7104,2.7344,2.7599,2.79,2.8129,2.8328,2.8531,2.8737,2.9065000000000003,2.9238,2.9417,2.9628,2.9797000000000002,3.0092000000000003,3.0376000000000003,3.068,3.1131,3.149,3.1785,3.1955,3.217,3.2439,3.2773000000000003,3.3211,3.3409,3.357,3.3797,3.4083,3.4275,3.4486000000000003,3.4818000000000002,3.5105,3.535,3.5524,3.5815,3.6202,3.6509,3.6749,3.6981,3.7185,3.7582,3.7811000000000003,3.8004000000000002,3.8174,3.8379000000000003,3.8680000000000003,3.8928000000000003,3.9109000000000003,3.9272,3.9654000000000003,3.9834,4.0075,4.0391,4.0755,4.1058,4.1421,4.1723,4.2013,4.2295,4.256600000000001,4.2915,4.3215,4.3497,4.3783,4.4184,4.4632000000000005,4.4959,4.5266,4.554600000000001,4.5808,4.6119,4.6301000000000005,4.6603,4.6908,4.702100000000001,4.7269000000000005,4.7705,4.7983,4.8234,4.8617,4.877800000000001,4.8959,4.9344,4.9626
22097:0.0574,0.09910000000000001,0.1512,0.1981,0.2505,0.30060000000000003,0.34740000000000004,0.3803,0.4388,0.5215000000000001,0.5740000000000001,0.6338,0.6668000000000001,0.6975,0.7331000000000001,0.7832,0.8195,0.8529,0.8948,0.9672000000000001,1.0070000000000001,1.0399,1.0977000000000001,1.1518000000000002,1.2001000000000002,1.2314,1.2725,1.2993000000000001,1.3802,1.4488,1.497,1.5375,1.5665,1.6353,1.6861000000000002,1.7117,1.7629000000000001,1.8205,1.8716000000000002,1.9129,1.9560000000000002,1.9955,2.0405,2.0862000000000003,2.1449000000000003,2.1885,2.2164,2.2542,2.3031,2.3385000000000002,2.4059,2.4455,2.4781,2.5185,2.5583,2.5931,2.6308000000000002,2.6788000000000003,2.7067,2.7499000000000002,2.7946,2.8278000000000003,2.8962000000000003,2.9361,2.9479,2.9765,3.0096000000000003,3.0868,3.1476,3.1778,3.2028000000000003,3.2401,3.3254,3.3545000000000003,3.3882000000000003,3.4238,3.475,3.5296000000000003,3.573,3.6138000000000003,3.6421,3.6847000000000003,3.7167000000000003,3.7607000000000004,3.8127,3.8432000000000004,3.8882000000000003,3.9284000000000003,3.9779,4.1173,4.149,4.2158,4.2587,4.2979,4.3362,4.3678,4.4099,4.4459,4.4896,4.5238000000000005,4.5773,4.6239,4.6931,4.728000000000001,4.7738000000000005,4.8207,4.8484,4.907,4.9510000000000005
22214:0.0369,0.19990000000000002,0.31420000000000003,0.499,0.5738,1.0110000000000001,1.0629,1.1309,1.2165000000000001,1.4913,1.5851000000000002,1.7555,1.8206,1.9864000000000002,2.1766,2.3126,2.384,2.4522,2.5402,2.5836,2.7776,2.8868,3.0743,3.3225000000000002,3.3942,3.4405,3.5184,3.6863,3.9572000000000003,4.0994,4.166,4.3301,4.484100000000001,4.7472,4.9137,4.9910000000000005
22366:0.0548,0.0954,0.1462,0.19540000000000002,0.2444,0.2949,0.339,0.3779,0.43510000000000004,0.518,0.5688,0.6258,0.6636000000000001,0.6949000000000001,0.7302000000000001,0.7782,0.8107000000000001,0.8501000000000001,0.891,0.9613,1.0045,1.0367,1.0949,1.1495,1.1972,1.225,1.2677,1.2906,1.3749,1.4473,1.4938,1.5293,1.5631000000000002,1.633,1.6804000000000001,1.7080000000000002,1.7585000000000002,1.8166,1.8694000000000002,1.9089,1.9535,1.991,2.0358,2.0833,2.1416,2.1815,2.2115,2.2496,2.2982,2.3352,2.4035,2.4424,2.4742,2.5151000000000003,2.5543,2.5885000000000002,2.6261,2.6761,2.7016,2.748,2.7880000000000003,2.8241,2.8912,2.9383000000000004,2.972,3.0073000000000003,3.0483000000000002,3.0834,3.1429,3.1710000000000003,3.1977,3.2371000000000003,3.2788,3.3227,3.3520000000000003,3.3844000000000003,3.4214,3.4702,3.5237000000000003,3.5698000000000003,3.6096000000000004,3.6381,3.6819,3.7136,3.7556000000000003,3.8158000000000003,3.8444000000000003,3.8869000000000002,3.9261000000000004,3.976,4.0286,4.1129,4.1455,4.2132000000000005,4.2552,4.2954,4.3289,4.3594,4.4057,4.4386,4.4797,4.5206,4.5694,4.6214,4.6908,4.7241,4.768800000000001,4.8094,4.843100000000001,4.901,4.9436
22392:0.1439,4.1712
22415:0.1337,0.3415,0.8759,1.4925000000000002,2.8776,3.1627,3.2855000000000003,3.8099000000000003,3.9908,4.0687,4.1652000000000005,4.8164
22613:0.0362,0.0799,0.18230000000000002,0.2647,0.33180000000000004,0.3743,0.4671,0.5415,0.6424000000000001,0.6812,0.7184,0.7962,0.861,0.9779,1.0362,1.0966,1.1768,1.2314,1.3343,1.377,1.4842,1.5596,1.6045,1.7403000000000002,1.8055,1.8597000000000001,1.9193,1.9572,2.0129,2.0978,2.1429,2.1924,2.2609,2.3473,2.4149000000000003,2.5282,2.5635000000000003,2.6207000000000003,2.6784000000000003,2.7625,2.8283,2.8702,2.9263000000000003,2.9599,3.0118,3.0793,3.1524,3.2804,3.3308,3.4130000000000003,3.4745000000000004,3.58,3.6176000000000004,3.6774,3.7973000000000003,3.8560000000000003,3.9325,4.0608,4.0995,4.1567,4.1937,4.2351,4.2904,4.3673,4.4492,4.6225000000000005,4.7053,4.8398,4.8809000000000005,4.964300000000001
23215:0.0408,0.2061,0.2656,0.3139,0.36010000000000003,0.5029,0.6051000000000001,0.6479,0.7152000000000001,0.7504000000000001,0.8274,0.868,1.0112,1.1066,1.1617,1.2325000000000002,1.3429,1.5008000000000001,1.7388000000000001,1.7622,1.8269000000000002,1.8944,1.9893,2.188,2.2558000000000002,2.3022,2.3373,2.3791,2.4545,2.5634,2.599,2.7133000000000003,2.8637,2.9043,3.0254000000000003,3.0698000000000003,3.0983,3.2158,3.3155,3.3668,3.4105000000000003,3.5063,3.5528,3.623,3.6852,3.793,3.8421000000000003,3.9054,3.9623000000000004,4.1245,4.1489,4.2795000000000005,4.328,4.4234,4.4629,4.4914000000000005,4.5168,4.5761,4.738300000000001,4.915900000000001
23668:0.0519,0.12050000000000001,0.22110000000000002,0.28290000000000004,0.3264,0.3803,0.47650000000000003,0.535,0.6063000000000001,0.6611,0.7148,0.7739,0.8473,1.0139,1.0525,1.1036000000000001,1.1392,1.2555,1.3171000000000002,1.371,1.485,1.5481,1.5899,1.6613,1.7173,1.8169000000000002,1.846,1.9299000000000002,1.9983000000000002,2.0574,2.1919,2.3166,2.452,2.4875000000000003,2.5294000000000003,2.5741,2.6274,2.6944000000000004,2.801,2.8213,2.9018,3.0157000000000003,3.0906000000000002,3.1545,3.2150000000000003,3.3765,3.4438,3.5212000000000003,3.5748,3.6825,3.7277,3.7781000000000002,3.8207,3.9457,3.9730000000000003,4.004700000000001,4.0468,4.1066,4.1568000000000005,4.2062,4.2309,4.3035000000000005,4.3364,4.3705,4.3981,4.4484,4.5051000000000005,4.549300000000001,4.5841,4.6424,4.7228,4.7709,4.7971,4.8641000000000005,4.9077,4.9332,4.9733
24150:0.0217,0.0495,0.1124,0.1348,0.1635,0.1776,0.196,0.2194,0.2442,0.2859,0.2969,0.32330000000000003,0.3532,0.3654,0.41750000000000004,0.4436,0.4696,0.4919,0.5093,0.5462,0.5653,0.5998,0.6277,0.6682,0.6950000000000001,0.7427,0.7703,0.7975,0.8103,0.8274,0.8501000000000001,0.8853000000000001,0.9359000000000001,0.9601000000000001,0.9790000000000001,1.0086,1.0390000000000001,1.0551000000000001,1.0747,1.0979,1.1262,1.1448,1.1867,1.2096,1.2442,1.2666000000000002,1.2924,1.3219,1.3346,1.357,1.3745,1.3918000000000001,1.4377,1.4693,1.4913,1.5118,1.5269000000000001,1.5555,1.5873000000000002,1.6189,1.6436000000000002,1.6747,1.6940000000000002,1.7545000000000002,1.7852000000000001,1.8151000000000002,1.8425,1.872,1.9125,1.9339000000000002,1.9623000000000002,1.9847000000000001,2.0159000000000002,2.0449,2.0699,2.0817,2.1403000000000003,2.1663,2.1794000000000002,2.1992000000000003,2.2286,2.2720000000000002,2.2977000000000003,2.3161,2.3397,2.3578,2.4014,2.4272,2.4511000000000003,2.4825,2.508,2.5508,2.5674,2.5883000000000003,2.6036,2.6470000000000002,2.6725000000000003,2.7061,2.7352000000000003,2.7666,2.7866,2.8113,2.8283,2.8821000000000003,2.9040000000000004,2.9323,2.9667000000000003,2.9828,3.0247,3.0358,3.055,3.1038,3.1267,3.1575,3.1802,3.2182,3.2364,3.2622,3.294,3.3192000000000004,3.3508,3.3837,3.4071000000000002,3.426,3.4643,3.4792,3.4962,3.5178000000000003,3.5676,3.5913000000000004,3.6211,3.6506000000000003,3.6812,3.7059,3.7226000000000004,3.7362,3.7562,3.7801,3.825,3.8735000000000004,3.9028,3.9398,3.9548,3.9761,4.0078000000000005,4.043,4.0735,4.091600000000001,4.1131,4.1416,4.1714,4.1963,4.2224,4.2418000000000005,4.2657,4.2814000000000005,4.3236,4.3461,4.3604,4.3824000000000005,4.4082,4.431900000000001,4.4585,4.4712000000000005,4.4908,4.5404,4.5683,4.5821000000000005,4.6001,4.6414,4.6647,4.706300000000001,4.7544,4.7731,4.7908,4.8048,4.8554,4.8757,4.8937,4.9211,4.9346000000000005,4.9649,4.9849000000000006
24757:1.1280000000000001,1.5041
24926:0.0324,0.06620000000000001,0.1253,0.19990000000000002,0.2988,0.3688,0.46490000000000004,0.5407000000000001,0.6068,0.6659,0.7791,0.8562000000000001,1.0202,1.064,1.1440000000000001,1.2634,1.3286,1.3755000000000002,1.4912,1.5856000000000001,1.6601000000000001,1.6912,1.7325000000000002,1.8408,1.8942,1.9300000000000002,1.9918,2.0577,2.1154,2.2057,2.3202000000000003,2.4544,2.5114,2.5501,2.6244,2.6949,2.8056,2.8305000000000002,2.8506,2.9035,2.9745,3.0252000000000003,3.0782000000000003,3.1615,3.2286,3.3619000000000003,3.418,3.4527,3.4979,3.5961000000000003,3.6895000000000002,3.7717,3.8264,3.8543000000000003,3.9537,3.9859,4.0093000000000005,4.101100000000001,4.1624,4.215,4.308800000000001,4.3447000000000005,4.3792,4.4053,4.4616,4.5027,4.5778,4.6283,4.6693,4.729900000000001,4.7761000000000005,4.8051,4.8767000000000005,4.935700000000001
25792:0.07680000000000001,0.6115,0.8332,0.8915000000000001,1.0281,1.0638,1.4682000000000002,1.5876000000000001,1.8459,1.9959,2.0936,2.2561,2.4146,2.7014,3.0258000000000003,3.5268,3.5996,3.9850000000000003,4.1126000000000005,4.3444,4.9486
25910:0.0562,0.2146,0.4118,0.6094,0.6724,0.7190000000000001,0.8639,1.0624,1.3271000000000002,1.3772,1.4115,1.5045000000000002,1.5929,1.7212,1.848,2.0011,2.0637000000000003,2.0922,2.2834000000000003,2.6101,2.6590000000000003,2.7213000000000003,2.8236000000000003,3.0054000000000003,3.0231000000000003,3.2246,3.2665,3.4714,3.7873,3.9566000000000003,3.9933,4.0487,4.198,4.2142,4.3635,4.406000000000001,4.4622,4.5589,4.75,4.773000000000001,4.799,4.9129000000000005,4.9364
25985:0.014100000000000001,0.0155,0.016,0.0229,0.0369,0.039,0.0426,0.045700000000000005,0.049,0.06330000000000001,0.0675,0.0734,0.08070000000000001,0.0932,0.1076,0.10930000000000001,0.11610000000000001,0.1192,0.1298,0.1491,0.17170000000000002,0.17320000000000002,0.1756,0.1875,0.1933,0.20170000000000002,0.2064,0.20770000000000002,0.20800000000000002,0.2164,0.22310000000000002,0.2272,0.2315,0.2331,0.23950000000000002,0.25,0.2503,0.2535,0.26330000000000003,0.26990000000000003,0.277,0.2783,0.28350000000000003,0.2884,0.28950000000000004,0.2899,0.2953,0.29710000000000003,0.303,0.3078,0.3123,0.31270000000000003,0.32070000000000004,0.3214,0.326,0.32930000000000004,0.3382,0.33890000000000003,0.3453,0.36000000000000004,0.36970000000000003,0.37820000000000004,0.3796,0.41150000000000003,0.4123,0.4162,0.42300000000000004,0.42600000000000005,0.43760000000000004,0.451,0.4555,0.4665,0.47850000000000004,0.4834,0.49210000000000004,0.4948,0.5051,0.5067,0.5185000000000001,0.5273,0.5402,0.5419,0.5482,0.5601,0.5692,0.5731,0.5908,0.5938,0.5979,0.5986,0.602,0.6105,0.6334000000000001,0.6343,0.6549,0.6552,0.6702,0.7001000000000001,0.7168,0.7321000000000001,0.7378,0.7381000000000001,0.7387,0.7551,0.7649,0.7692,0.7924,0.8013,0.8054,0.807,0.8165,0.8429000000000001,0.8544,0.8572000000000001,0.8604,0.8677,0.8713000000000001,0.8895000000000001,0.8941,0.8947,0.8978,0.9146000000000001,0.9174,0.9262,0.9301,0.9380000000000001,0.9465,0.9645,0.9652000000000001,0.9695,0.9709000000000001,0.9738,0.9750000000000001,0.9758,0.995,0.9978,1.0016,1.0089000000000001,1.0205,1.0216,1.0350000000000001,1.0353,1.0432000000000001,1.0497,1.0633000000000001,1.0665,1.0687,1.0777,1.0781,1.0846,1.088,1.1136000000000001,1.117,1.1243,1.1308,1.1340000000000001,1.1363,1.1387,1.1425,1.1544,1.1635,1.1716,1.1723000000000001,1.1837,1.2063000000000001,1.2097,1.2191,1.2215,1.2247000000000001,1.2394,1.2499,1.2511,1.2528000000000001,1.2607000000000002,1.2634,1.2697,1.2727000000000002,1.2732,1.2867,1.3043,1.3111000000000002,1.3132000000000001,1.3276000000000001,1.3296000000000001,1.3307,1.3434000000000001,1.3457000000000001,1.3522,1.3536000000000001,1.3606,1.3661,1.3701,1.3777000000000001,1.3815000000000002,1.3841,1.3878000000000001,1.3962,1.4078000000000002,1.4104,1.4188,1.4271,1.4437,1.4638,1.4859,1.487,1.5029000000000001,1.5164,1.518,1.5239,1.5270000000000001,1.5286000000000002,1.5323,1.5354,1.5591000000000002,1.5651000000000002,1.5724,1.5806,1.5832000000000002,1.6091,1.6145,1.6197000000000001,1.6249,1.6476000000000002,1.6560000000000001,1.6642000000000001,1.6858000000000002,1.6884000000000001,1.6995,1.7044000000000001,1.7074,1.7089,1.711,1.7191,1.7499,1.7523000000000002,1.7647000000000002,1.7750000000000001,1.7812000000000001,1.7887000000000002,1.8034000000000001,1.8079,1.8102,1.8113000000000001,1.8264,1.8489,1.8517000000000001,1.8633000000000002,1.8637000000000001,1.8723,1.8731,1.8739000000000001,1.875,1.8958000000000002,1.9065,1.9115000000000002,1.9248,1.9360000000000002,1.9523000000000001,1.9558,1.9657,1.9695,1.9763000000000002,1.9782000000000002,1.9794,1.9834,1.9865000000000002,2.0048,2.0051,2.0079000000000002,2.0093,2.0113000000000003,2.0117000000000003,2.0143,2.0339,2.0511,2.0626,2.0637000000000003,2.0651,2.0677000000000003,2.0708,2.0811,2.083,2.1222000000000003,2.1292,2.1455,2.1512000000000002,2.1549,2.1572,2.1637,2.1643,2.1868000000000003,2.1941,2.1995,2.2049000000000003,2.2103,2.218,2.2265,2.229,2.2407,2.2924,2.2956000000000003,2.3043,2.3124000000000002,2.3142,2.3193,2.3271,2.3276,2.3351,2.3376,2.341,2.3468,2.3489,2.3511,2.3562000000000003,2.3574,2.3641,2.3745000000000003,2.383,2.3835,2.3881,2.3899,2.394,2.4041,2.4077,2.4193000000000002,2.4415,2.4433000000000002,2.446,2.4476,2.4482,2.4508,2.4733,2.4779,2.483,2.4988,2.5025,2.5042,2.5063,2.5155000000000003,2.5478,2.5508,2.5606,2.5765000000000002,2.585,2.5853,2.592,2.5991,2.6001000000000003,2.6035,2.6118,2.6176,2.6236,2.6245000000000003,2.6300000000000003,2.6334,2.6446,2.6455,2.6657,2.6662000000000003,2.6695,2.6863,2.6948000000000003,2.7012,2.7036000000000002,2.7044,2.7053000000000003,2.73,2.7341,2.7468000000000004,2.7722,2.7818,2.7821000000000002,2.7837,2.7848,2.7946,2.8129,2.8162000000000003,2.8169,2.8252,2.8259000000000003,2.8276000000000003,2.8311,2.8327,2.8341000000000003,2.8369,2.8413,2.8435,2.8624,2.8789000000000002,2.8833,2.8841,2.8934,2.8989000000000003,2.9049,2.9195,2.9201,2.9327,2.9353000000000002,2.9366000000000003,2.9434,2.9437,2.9485,2.9578,2.9606000000000003,2.9631000000000003,2.9702,2.9730000000000003,2.9733,2.9786,2.9815,2.9879000000000002,2.9897,2.999,3.0062,3.0128,3.0210000000000004,3.0249,3.0263,3.0293,3.0295,3.0494000000000003,3.0496000000000003,3.0523000000000002,3.0578000000000003,3.0648,3.0818000000000003,3.0825,3.0877000000000003,3.0943,3.1035000000000004,3.1058000000000003,3.1062000000000003,3.1278,3.1519000000000004,3.1604,3.1634,3.1654,3.1663,3.1783,3.1799,3.182,3.1824000000000003,3.184,3.1858,3.2201,3.2231,3.2277,3.2283,3.2428000000000003,3.2464,3.2588000000000004,3.2614,3.2643,3.2849000000000004,3.29,3.2941000000000003,3.3136,3.3164000000000002,3.3187,3.3208,3.3297000000000003,3.3306,3.3464,3.3484000000000003,3.3489,3.3565,3.3584,3.3736,3.3798000000000004,3.3819000000000004,3.3877,3.3890000000000002,3.3915,3.394,3.4117,3.4239,3.4298,3.4458,3.4547000000000003,3.4551000000000003,3.4601,3.4699,3.4749000000000003,3.4816000000000003,3.4828,3.4911000000000003,3.4965,3.5035000000000003,3.5083,3.515,3.5162,3.5226,3.5247,3.5349000000000004,3.5373,3.5445,3.5539,3.5620000000000003,3.5641000000000003,3.5657,3.5759000000000003,3.5868,3.6252,3.6313,3.6449000000000003,3.6456000000000004,3.6513,3.6667,3.6691000000000003,3.6700000000000004,3.6742000000000004,3.6854,3.6958,3.6973000000000003,3.7035,3.7047000000000003,3.7118,3.7153,3.7235,3.7263,3.7270000000000003,3.7502,3.7612,3.7640000000000002,3.7671,3.77,3.7748000000000004,3.7768,3.7830000000000004,3.7920000000000003,3.7939000000000003,3.8096,3.8143000000000002,3.821,3.8224,3.8271,3.8402000000000003,3.8404000000000003,3.8443,3.8463000000000003,3.8469,3.8904,3.898,3.9010000000000002,3.9069000000000003,3.9120000000000004,3.9173,3.9193000000000002,3.9403,3.9405,3.9491,3.963,3.9677000000000002,3.9814000000000003,3.9878,3.9956,4.002,4.008,4.0117,4.0214,4.0252,4.0309,4.0326,4.0332,4.0378,4.0399,4.0449,4.0715,4.0811,4.0926,4.1077,4.1101,4.1223,4.1342,4.137700000000001,4.1429,4.1554,4.162100000000001,4.1667000000000005,4.1765,4.178,4.1792,4.1862,4.2035,4.2231000000000005,4.2347,4.2374,4.2489,4.2613,4.2667,4.2813,4.3044,4.3167,4.3399,4.3405000000000005,4.343,4.3571,4.3582,4.3584000000000005,4.363,4.3747,4.3758,4.3787,4.379300000000001,4.4096,4.4110000000000005,4.4211,4.4215,4.4352,4.4513,4.4546,4.4585,4.4596,4.4598,4.4676,4.4815000000000005,4.4877,4.488300000000001,4.5109,4.512700000000001,4.5241,4.5365,4.5418,4.55,4.5537,4.565,4.5722000000000005,4.5742,4.5795,4.5819,4.5877,4.5899,4.5981000000000005,4.5993,4.6046000000000005,4.6061000000000005,4.6098,4.6252,4.6276,4.6362000000000005,4.643,4.6503000000000005,4.651,4.655,4.6639,4.6653,4.6813,4.6882,4.6936,4.7069,4.7154,4.7183,4.764200000000001,4.772600000000001,4.7738000000000005,4.7761000000000005,4.777,4.7781,4.7915,4.793,4.7941,4.7958,4.801200000000001,4.8017,4.8118,4.8131,4.816,4.8293,4.8317000000000005,4.833600000000001,4.8357,4.849200000000001,4.8504000000000005,4.854,4.856,4.8622000000000005,4.8636,4.8729000000000005,4.8734,4.8789,4.883500000000001,4.896100000000001,4.8983,4.9009,4.9119,4.916,4.9190000000000005,4.9215,4.9232000000000005,4.923500000000001,4.9289000000000005,4.9299,4.9303,4.9356,4.9447,4.9495000000000005,4.957,4.9721,4.9778,4.980700000000001,4.986000000000001,4.994800000000001,4.9958,4.9962
25987:0.07970000000000001,0.7190000000000001
26246:0.2503,0.3678,0.8595,1.0296,1.1502000000000001,1.2286000000000001,1.3331000000000002,1.4219000000000002,1.4831,1.5943,1.9179000000000002,2.3542,2.6321000000000003,2.7824,2.9037,3.0481000000000003,3.0826000000000002,3.1405000000000003,3.2502,3.4174,3.4746,3.5497,3.6029,3.7002,3.8464,4.0332,4.2701,4.4016,4.5063,4.6908,4.7647
26360:0.0137,0.0171,0.0236,0.0324,0.0391,0.0403,0.055600000000000004,0.0641,0.097,0.11270000000000001,0.1378,0.139,0.153,0.15380000000000002,0.1574,0.1633,0.165,0.16540000000000002,0.1812,0.183,0.21050000000000002,0.21230000000000002,0.22920000000000001,0.22970000000000002,0.25270000000000004,0.25320000000000004,0.2541,0.255,0.2589,0.2631,0.27690000000000003,0.2886,0.30870000000000003,0.3295,0.3393,0.3435,0.3503,0.3528,0.35300000000000004,0.3536,0.35760000000000003,0.35960000000000003,0.368,0.3685,0.37920000000000004,0.3808,0.38170000000000004,0.3826,0.38880000000000003,0.3891,0.3904,0.39130000000000004,0.398,0.405,0.4113,0.4127,0.41340000000000005,0.4287,0.43260000000000004,0.4577,0.46640000000000004,0.47800000000000004,0.4897,0.49110000000000004,0.5015000000000001,0.5046,0.5137,0.5162,0.5185000000000001,0.5259,0.5378000000000001,0.5454,0.5481,0.5525,0.5531,0.5726,0.5802,0.5876,0.5897,0.5900000000000001,0.5929,0.5968,0.598,0.6053000000000001,0.6091,0.627,0.6455000000000001,0.6544,0.6558,0.6571,0.6595000000000001,0.6614,0.6637000000000001,0.669,0.6735,0.677,0.6859000000000001,0.6861,0.7062,0.7124,0.7189,0.7228,0.7357,0.7407,0.7409,0.7418,0.7558,0.7599,0.7606,0.7632,0.7663000000000001,0.7703,0.7736000000000001,0.7941,0.8049000000000001,0.8055,0.8177000000000001,0.8259000000000001,0.8269000000000001,0.8305,0.8438,0.8454,0.8486,0.8503000000000001,0.8526,0.8565,0.8567,0.8603000000000001,0.8794000000000001,0.8796,0.8904000000000001,0.915,0.9164,0.9224,0.9728,0.9731000000000001,0.9869,0.9872000000000001,0.9891000000000001,0.9901000000000001,0.9922000000000001,0.9936,0.9964000000000001,1.0165,1.0290000000000001,1.0322,1.0365,1.0386,1.0394,1.0434,1.0454,1.0458,1.0726,1.1025,1.1065,1.1083,1.1165,1.1181,1.12,1.1292,1.1471,1.1539000000000001,1.1628,1.1672,1.1773,1.1828,1.1943000000000001,1.1961000000000002,1.1984000000000001,1.1992,1.2118,1.2278,1.2281,1.2412,1.243,1.2612,1.2819,1.2828000000000002,1.2844,1.2969000000000002,1.2973000000000001,1.3038,1.3075,1.3105,1.3118,1.3154000000000001,1.3427,1.3516000000000001,1.3545,1.3592,1.3721,1.3755000000000002,1.3807,1.3928,1.3961000000000001,1.3977000000000002,1.4036,1.411,1.4129,1.415,1.4297,1.4326,1.4353,1.4393,1.4395,1.4562000000000002,1.4621000000000002,1.4643000000000002,1.4869,1.4947000000000001,1.4966000000000002,1.5048000000000001,1.5136,1.5139,1.5187000000000002,1.5356,1.5377,1.5442,1.5567,1.5589000000000002,1.5845,1.5848,1.5866,1.5878,1.5964,1.5978,1.6015000000000001,1.6154000000000002,1.6169,1.6183,1.6203,1.6273,1.6296000000000002,1.631,1.6547,1.6587,1.6659000000000002,1.6691,1.6699000000000002,1.6777000000000002,1.6796,1.6827,1.6887,1.7005000000000001,1.7024000000000001,1.7119,1.7145000000000001,1.7238,1.7243000000000002,1.7252,1.7341,1.7357,1.7484000000000002,1.7569000000000001,1.7587000000000002,1.7590000000000001,1.7615,1.7689000000000001,1.7766000000000002,1.778,1.7866000000000002,1.7887000000000002,1.7893000000000001,1.7993000000000001,1.8066,1.8101,1.8219,1.8228000000000002,1.8389,1.8411000000000002,1.8430000000000002,1.8623,1.8739000000000001,1.8767,1.8792,1.8802,1.8811,1.8838000000000001,1.8889,1.8957000000000002,1.9084,1.911,1.9120000000000001,1.9320000000000002,1.9338000000000002,1.9362000000000001,1.9468,1.9491,1.9497,1.9542000000000002,1.9544000000000001,1.9549,1.9559000000000002,1.9583000000000002,1.9629,1.971,1.9772,1.9786000000000001,1.9846000000000001,1.9852,1.9856,1.9867000000000001,1.9896,1.9912,1.9989000000000001,2.0020000000000002,2.0096000000000003,2.0186,2.0205,2.0416000000000003,2.0546,2.0596,2.0641000000000003,2.0722,2.0734,2.0749,2.0758,2.0795,2.0877,2.0879000000000003,2.0922,2.0928,2.0946000000000002,2.0953,2.1060000000000003,2.1129000000000002,2.1143,2.1185,2.1223,2.1235,2.1246,2.1361,2.1364,2.1385,2.1418,2.1464000000000003,2.1467,2.1543,2.1568,2.1626000000000003,2.1702,2.172,2.1748000000000003,2.1835,2.1844,2.1851000000000003,2.1938,2.196,2.1995,2.2014,2.2329000000000003,2.2361,2.2396000000000003,2.2641,2.2653000000000003,2.2764,2.2826,2.2876000000000003,2.2968,2.3024,2.3103000000000002,2.3174,2.3328,2.3363,2.3396,2.3407,2.3533,2.3543000000000003,2.3665000000000003,2.3667000000000002,2.3706,2.374,2.3748,2.3944,2.3963,2.403,2.4045,2.4354,2.4476,2.4626,2.4781,2.4809,2.4842,2.4850000000000003,2.4890000000000003,2.5073000000000003,2.5116,2.5176000000000003,2.5253,2.5269,2.5317000000000003,2.5424,2.5492,2.5564,2.5668,2.5707,2.573,2.5902000000000003,2.6156,2.623,2.6295,2.6344000000000003,2.6354,2.644,2.6489000000000003,2.6528,2.6541,2.6562,2.6568,2.6623,2.6628000000000003,2.664,2.6738,2.6872000000000003,2.6911,2.6950000000000003,2.6983,2.6995,2.7059,2.7141,2.7288,2.7294,2.7329000000000003,2.7356000000000003,2.7375000000000003,2.7561,2.7616,2.7625,2.7735000000000003,2.7806,2.7975000000000003,2.8089,2.8102,2.8107,2.8319,2.8437,2.8445,2.8474,2.8698,2.8708,2.8717,2.8773,2.8949000000000003,2.9090000000000003,2.9103000000000003,2.9128000000000003,2.9147000000000003,2.9181000000000004,2.9378,2.9385000000000003,2.9395000000000002,2.9471000000000003,2.9495,2.951,2.9533,2.983,3.003,3.0102,3.0134000000000003,3.0180000000000002,3.0248,3.0366,3.0389,3.0563000000000002,3.0872,3.0885000000000002,3.0888,3.0916,3.1188000000000002,3.1201000000000003,3.1344000000000003,3.1380000000000003,3.1550000000000002,3.1611000000000002,3.1682,3.1706000000000003,3.1751,3.1779,3.1786000000000003,3.1826000000000003,3.1833,3.1846,3.1872000000000003,3.1987,3.2024000000000004,3.2053000000000003,3.2065,3.2187,3.2215000000000003,3.2257000000000002,3.2297000000000002,3.2372,3.2377000000000002,3.2693000000000003,3.2768,3.2811000000000003,3.3251,3.3402000000000003,3.3468,3.3481,3.3517,3.3584,3.3661000000000003,3.3703000000000003,3.3735,3.3764000000000003,3.3766000000000003,3.3817000000000004,3.386,3.3901000000000003,3.4064,3.4112,3.4159,3.427,3.4325,3.4388,3.4432,3.4474,3.4478,3.4489,3.4794,3.4804000000000004,3.4816000000000003,3.4851,3.4964,3.5092000000000003,3.5166,3.5203,3.5247,3.5319000000000003,3.5410000000000004,3.5439000000000003,3.5448,3.5458000000000003,3.5524,3.5573,3.5608,3.5623,3.5684,3.5691,3.5788,3.6195000000000004,3.623,3.6237000000000004,3.6289000000000002,3.6430000000000002,3.649,3.6503,3.6510000000000002,3.6531000000000002,3.6597000000000004,3.6689000000000003,3.6700000000000004,3.6774,3.6862000000000004,3.6866000000000003,3.6953,3.6987,3.7029,3.7151,3.7236000000000002,3.7374,3.7603,3.7608,3.77,3.7807000000000004,3.7827,3.7893000000000003,3.7914000000000003,3.7982,3.8023000000000002,3.8053000000000003,3.8179000000000003,3.8296,3.8303000000000003,3.8333000000000004,3.8341000000000003,3.8462,3.8538,3.8548,3.8619000000000003,3.8726000000000003,3.8771,3.8783000000000003,3.8993,3.9011,3.9063000000000003,3.9168000000000003,3.9255,3.9292000000000002,3.9411,3.9433000000000002,3.9497,3.9531,3.9681,3.976,3.9851,3.9898000000000002,3.9985000000000004,4.0111,4.0125,4.021100000000001,4.0446,4.0477,4.0511,4.0677,4.0735,4.0741000000000005,4.0757,4.0787,4.093100000000001,4.0959,4.0994,4.1000000000000005,4.1167,4.1178,4.1234,4.1245,4.1258,4.1353,4.1366000000000005,4.1424,4.1445,4.153700000000001,4.1539,4.157500000000001,4.1631,4.2005,4.2055,4.2122,4.2186,4.2207,4.2275,4.2365,4.2453,4.2490000000000006,4.2495,4.253,4.2577,4.2796,4.2827,4.2863,4.291300000000001,4.2965,4.2969,4.3063,4.3126,4.315300000000001,4.316,4.3211,4.3227,4.329400000000001,4.3302000000000005,4.3308,4.333200000000001,4.3396,4.341600000000001,4.3429,4.3512,4.3613,4.3622000000000005,4.3646,4.365,4.3665,4.3678,4.3701,4.3735,4.3790000000000004,4.3882,4.397600000000001,4.4059,4.4109,4.4272,4.438400000000001,4.4569,4.4590000000000005,4.462000000000001,4.4654,4.4735000000000005,4.476500000000001,4.4964,4.5097000000000005,4.5105,4.524500000000001,4.5288,4.5372,4.5382,4.5495,4.5533,4.5542,4.5702,4.5727,4.5757,4.5768,4.581,4.5867,4.5873,4.5884,4.594,4.6425,4.6524,4.6568000000000005,4.6581,4.6603,4.6729,4.6836,4.6856,4.6917,4.694500000000001,4.7072,4.7119,4.712400000000001,4.722,4.7276,4.7301,4.7375,4.7397,4.744000000000001,4.748600000000001,4.7526,4.7531,4.7563,4.7596,4.7626,4.7664,4.7674,4.7816,4.804600000000001,4.8099,4.8147,4.8186,4.8203000000000005,4.8293,4.8357,4.836,4.8546000000000005,4.8548,4.8741,4.8746,4.8838,4.8870000000000005,4.8888,4.891500000000001,4.8922,4.8926,4.9009,4.9104,4.9206,4.9228000000000005,4.934200000000001,4.9431,4.944100000000001,4.9909,4.9971000000000005,4.9976,4.9989
26746:0.0468,0.0712,1.0253,1.3545,1.6963000000000001,1.8989,2.3288,2.8558000000000003,3.4562000000000004,3.6971000000000003,3.8703000000000003,4.1078,4.3512,4.7539,4.8124
27478:0.0152,0.0158,0.0261,0.034,0.0396,0.051000000000000004,0.055400000000000005,0.0574,0.059800000000000006,0.07100000000000001,0.07730000000000001,0.09340000000000001,0.10210000000000001,0.1096,0.11380000000000001,0.11850000000000001,0.11900000000000001,0.1198,0.1208,0.12560000000000002,0.13140000000000002,0.1373,0.13770000000000002,0.1472,0.1482,0.153,0.164,0.17420000000000002,0.1759,0.1791,0.17980000000000002,0.19590000000000002,0.203,0.20320000000000002,0.20350000000000001,0.20520000000000002,0.21230000000000002,0.2155,0.22440000000000002,0.2265,0.22970000000000002,0.2323,0.23750000000000002,0.2427,0.2551,0.2553,0.257,0.2616,0.26330000000000003,0.2731,0.2974,0.30770000000000003,0.3139,0.32280000000000003,0.3316,0.3382,0.3447,0.35400000000000004,0.37010000000000004,0.3728,0.3758,0.3811,0.4058,0.42450000000000004,0.4464,0.44720000000000004,0.44970000000000004,0.45990000000000003,0.463,0.48210000000000003,0.5094000000000001,0.5143,0.5249,0.5271,0.5448000000000001,0.5511,0.5871000000000001,0.5875,0.5888,0.5913,0.6023000000000001,0.6044,0.6071000000000001,0.6131,0.6171,0.6273000000000001,0.6366,0.6369,0.6466000000000001,0.6485000000000001,0.6505000000000001,0.6665,0.6726000000000001,0.6947,0.6983,0.6986,0.7000000000000001,0.7005,0.7043,0.7099000000000001,0.7323000000000001,0.7492000000000001,0.7589,0.7671,0.7673,0.768,0.7866000000000001,0.7885000000000001,0.7897000000000001,0.8079000000000001,0.8373,0.8387,0.8478,0.8526,0.8566,0.8731,0.8826,0.8868,0.8966000000000001,0.9121,0.9133,0.9178000000000001,0.9191,0.9294,0.9460000000000001,0.9476,0.9581000000000001,0.9667,0.9712000000000001,0.9858,0.9909,0.9955,1.0003,1.0110000000000001,1.0115,1.0145,1.0244,1.0267,1.0288000000000002,1.0466,1.0519,1.0556,1.0721,1.08,1.0853000000000002,1.087,1.1007,1.1015000000000001,1.102,1.1418000000000001,1.1438000000000001,1.1578000000000002,1.1587,1.1594,1.1632,1.1795,1.189,1.1892,1.1918,1.2011,1.2014,1.2143000000000002,1.2161,1.2199,1.2203000000000002,1.2285000000000001,1.2313,1.2377,1.2447000000000001,1.2479,1.2710000000000001,1.2745,1.2773,1.2868000000000002,1.2919,1.2988,1.3003,1.3070000000000002,1.312,1.3152000000000001,1.3174000000000001,1.3189,1.3239,1.3296000000000001,1.3374000000000001,1.3509,1.3554000000000002,1.3624,1.3831,1.3977000000000002,1.4028,1.4051,1.4143000000000001,1.4202000000000001,1.4305,1.4405000000000001,1.4417,1.4528,1.4658,1.4682000000000002,1.4694,1.4699,1.4765000000000001,1.4772,1.4781,1.4832,1.4931,1.4951,1.5015,1.512,1.5138,1.5175,1.5304,1.5552000000000001,1.5567,1.5637,1.5738,1.5775000000000001,1.5967,1.6004,1.6106,1.6214000000000002,1.6313,1.6383,1.6418000000000001,1.6427,1.6466,1.6482,1.6521000000000001,1.6560000000000001,1.6579000000000002,1.6603,1.6645,1.6720000000000002,1.6724,1.6748,1.6867,1.6997,1.7111,1.7171,1.7303000000000002,1.7512,1.7539,1.7546000000000002,1.7590000000000001,1.7608000000000001,1.7625000000000002,1.7879,1.7898,1.7901,1.7944,1.8034000000000001,1.8075,1.8084,1.8184,1.824,1.8352000000000002,1.8412000000000002,1.8456000000000001,1.8505,1.8532000000000002,1.8603,1.8618000000000001,1.8699000000000001,1.8728,1.8736000000000002,1.8745,1.8776000000000002,1.8905,1.8973,1.9017000000000002,1.9117000000000002,1.9181000000000001,1.9225,1.9437,1.9517,1.9566000000000001,1.9589,1.9606000000000001,1.9700000000000002,1.9716,1.9722000000000002,1.9741000000000002,1.9765000000000001,1.9783000000000002,1.989,1.9949000000000001,2.0188,2.0213,2.0399000000000003,2.0574,2.0585,2.0660000000000003,2.0838,2.0940000000000003,2.0952,2.0989,2.1029,2.117,2.1182000000000003,2.1272,2.1403000000000003,2.149,2.1493,2.1518,2.1556,2.1586000000000003,2.1592000000000002,2.1595,2.1661,2.1838,2.1978,2.2015000000000002,2.2101,2.2105,2.2111,2.2267,2.233,2.2506,2.2546,2.2624,2.2657000000000003,2.2799,2.2802000000000002,2.2805,2.2875,2.2906,2.2915,2.2941000000000003,2.2973,2.3047,2.3064,2.3107,2.3165,2.3181000000000003,2.3275,2.3321,2.3537,2.3646000000000003,2.3662,2.3834,2.3894,2.3898,2.3927,2.4226,2.4290000000000003,2.4334000000000002,2.4434,2.4506,2.46,2.4656000000000002,2.4659,2.4678,2.4731,2.4745,2.4785,2.4797000000000002,2.4831000000000003,2.5059,2.5079000000000002,2.5402,2.5521000000000003,2.5543,2.5607,2.5658000000000003,2.5780000000000003,2.5783,2.5838,2.5998,2.6002,2.6082,2.6102000000000003,2.6288,2.6387,2.6461,2.6478,2.6531000000000002,2.6625,2.6632000000000002,2.6768,2.6899,2.6902,2.6907,2.7037,2.7069,2.7103,2.7264,2.7459000000000002,2.7494,2.7713,2.7776,2.779,2.7818,2.7854,2.8059000000000003,2.8122000000000003,2.8157,2.8261000000000003,2.8456,2.8527,2.8529,2.8595,2.8638000000000003,2.875,2.8772,2.8786,2.8824,2.9010000000000002,2.9056,2.9103000000000003,2.9204000000000003,2.9265000000000003,2.9318,2.9342,2.9481,2.9514,2.9526000000000003,2.962,2.9635000000000002,2.9659,3.0147,3.0169,3.0277000000000003,3.0429,3.0537,3.0599000000000003,3.0658000000000003,3.079,3.0822000000000003,3.1084,3.1319000000000004,3.1322,3.1479000000000004,3.1518,3.1527000000000003,3.1611000000000002,3.1763000000000003,3.1767000000000003,3.1804,3.1885000000000003,3.1894,3.2026000000000003,3.2103,3.2111,3.2117,3.2277,3.2307,3.2355,3.2385,3.2393,3.2436000000000003,3.2534,3.2578,3.2715,3.2746,3.2795,3.3008,3.3029,3.3080000000000003,3.3105,3.3123,3.3126,3.3202000000000003,3.3233,3.3241,3.3325,3.3368,3.3451,3.3456,3.3515,3.3524000000000003,3.3611,3.363,3.3732,3.3786,3.4142,3.4160000000000004,3.4250000000000003,3.4256,3.4293,3.4397,3.4404000000000003,3.4414000000000002,3.4455,3.4467000000000003,3.4512,3.4572000000000003,3.4613,3.4623000000000004,3.4655,3.4755000000000003,3.4776000000000002,3.4787000000000003,3.4795000000000003,3.4836,3.4911000000000003,3.5108,3.5224,3.5329,3.5347,3.536,3.5477000000000003,3.5545,3.5597000000000003,3.5599000000000003,3.5698000000000003,3.5786000000000002,3.5822000000000003,3.6223,3.6227,3.6254,3.6269,3.6334,3.6403000000000003,3.6565000000000003,3.6743,3.6751,3.6771000000000003,3.6798,3.6848,3.6876,3.6924,3.6994000000000002,3.6996,3.7076000000000002,3.7095000000000002,3.7201,3.7272000000000003,3.7294,3.742,3.75,3.7502,3.7641,3.7795,3.7838000000000003,3.7966,3.817,3.8176,3.8187,3.8544,3.8553,3.8752,3.8822,3.8862,3.8944,3.8958000000000004,3.9061000000000003,3.9492000000000003,3.9496,3.9516,3.9564000000000004,3.9619,3.9653,3.9828,3.9921,3.9951000000000003,3.9954,4.0018,4.0076,4.0111,4.0175,4.028700000000001,4.0372,4.045,4.0547,4.055000000000001,4.0594,4.0631,4.0635,4.0646,4.0749,4.0759,4.0799,4.0844000000000005,4.0867,4.0884,4.0919,4.093,4.1043,4.1121,4.1238,4.1264,4.1442000000000005,4.1446000000000005,4.149900000000001,4.1527,4.163600000000001,4.1646,4.1984,4.199,4.205,4.2087,4.2129,4.2213,4.2228,4.2234,4.2236,4.2309,4.2410000000000005,4.2525,4.2716,4.2851,4.2859,4.3084,4.333200000000001,4.3422,4.3452,4.3458000000000006,4.3487,4.3586,4.3613,4.3660000000000005,4.3769,4.3876,4.3881000000000006,4.3955,4.4001,4.4019,4.4206,4.4213000000000005,4.4248,4.4413,4.446400000000001,4.4542,4.4661,4.488,4.5031,4.5139000000000005,4.5218,4.529,4.5351,4.5397,4.5462,4.555400000000001,4.5599,4.583200000000001,4.5834,4.5983,4.612,4.6421,4.6442000000000005,4.6485,4.660200000000001,4.6648000000000005,4.6737,4.681900000000001,4.6882,4.6905,4.7076,4.7131,4.7188,4.730300000000001,4.7309,4.7369,4.7388,4.739,4.7405,4.7426,4.7525,4.7578000000000005,4.7588,4.7771,4.7814000000000005,4.7875000000000005,4.800800000000001,4.8038,4.8162,4.8202,4.8234,4.8243,4.8307,4.8353,4.8541,4.8598,4.8963,4.9274000000000004,4.9335,4.9345,4.9387,4.939500000000001,4.9404,4.948,4.965800000000001,4.9707,4.9806,4.9817,4.984500000000001,4.9935,4.9983
27609:0.1293,0.36810000000000004,0.43660000000000004,0.47440000000000004,0.5716,0.6726000000000001,0.8036000000000001,0.8959,0.9907,1.0434,1.1133,1.2286000000000001,1.3372000000000002,1.3823,1.479,1.6276000000000002,1.7997,1.9432,1.9808000000000001,2.0765000000000002,2.1661,2.3051,2.3694,2.4356,2.5224,2.6300000000000003,2.7028000000000003,2.9433000000000002,3.0064,3.0633000000000004,3.1369000000000002,3.2215000000000003,3.2737000000000003,3.4247,3.5869,3.6739,3.7710000000000004,3.8435,3.8896,4.1488000000000005,4.2613,4.4714,4.6487,4.718500000000001
27878:0.0751,1.9046,3.4589000000000003
28270:0.021400000000000002,0.0412,0.061000000000000006,0.0737,0.10200000000000001,0.1136,0.13240000000000002,0.1784,0.1963,0.2101,0.2403,0.2587,0.2755,0.2949,0.3194,0.34740000000000004,0.3639,0.3866,0.39740000000000003,0.4198,0.436,0.4554,0.4909,0.5051,0.5378000000000001,0.5553,0.5706,0.5996,0.6098,0.6631,0.6951,0.7168,0.7432000000000001,0.7911,0.8180000000000001,0.8301000000000001,0.8431000000000001,0.8538,0.8618,0.8877,0.9374,0.9737,0.9904000000000001,1.002,1.0229000000000001,1.046,1.0588,1.066,1.0794000000000001,1.1013,1.1157000000000001,1.141,1.1707,1.1975,1.2296,1.2445000000000002,1.2666000000000002,1.2884,1.308,1.3296000000000001,1.3684,1.3967,1.4072,1.4376,1.4632,1.4752,1.4932,1.5068000000000001,1.5196,1.58,1.5916000000000001,1.6168,1.6371,1.6605,1.6919000000000002,1.7142000000000002,1.731,1.7711000000000001,1.814,1.8339,1.8458,1.867,1.8841,1.9404000000000001,1.9597,1.9892,1.9965000000000002,2.0212,2.0543,2.063,2.0763000000000003,2.0896,2.1168,2.1286,2.1775,2.2023,2.2344,2.2473,2.2557,2.2698,2.2834000000000003,2.3058,2.3175,2.3738,2.3904,2.4026,2.4167,2.4786,2.5089,2.5216000000000003,2.5497,2.576,2.5897,2.6043000000000003,2.6164,2.6456,2.6630000000000003,2.6972,2.7131000000000003,2.7217000000000002,2.741,2.8081,2.8202000000000003,2.8395,2.9014,2.9285,2.9531,2.9846000000000004,3.0045,3.0193000000000003,3.0352,3.0479000000000003,3.1166,3.1279000000000003,3.1470000000000002,3.1646,3.1837,3.2114000000000003,3.2239,3.2574,3.2738,3.2902,3.3085,3.3268,3.3414,3.3564000000000003,3.3971,3.4279,3.4454000000000002,3.4616000000000002,3.5060000000000002,3.5224,3.5647,3.5732000000000004,3.5888,3.6001000000000003,3.6435,3.6662000000000003,3.6946000000000003,3.7303,3.7499000000000002,3.7745,3.7926,3.8201,3.8391,3.9261000000000004,3.9485,3.9621000000000004,3.9804000000000004,4.0224,4.042,4.0764000000000005,4.0946,4.111,4.152200000000001,4.1802,4.198300000000001,4.2145,4.244800000000001,4.2802,4.3326,4.3417,4.3597,4.3972,4.4065,4.426,4.4379,4.4531,4.4691,4.5092,4.5475,4.5671,4.6017,4.6448,4.667800000000001,4.7056000000000004,4.7201,4.7423,4.7620000000000005,4.7748,4.7918,4.805400000000001,4.825,4.855,4.8764,4.8870000000000005,4.9085,4.917,4.9346000000000005,4.9463,4.9886
28510:0.0494,1.0239,1.357,1.9008,2.8792,3.4549000000000003,3.6939,4.1097,4.3466000000000005,4.7555000000000005
28588:0.0329,0.0709,0.369,0.47340000000000004,0.61,0.668,0.7816000000000001,1.0226,1.2663,1.3535000000000001,1.5894000000000001,1.6635,1.7322000000000002,1.8951,1.9908000000000001,2.0606,2.1286,2.3225000000000002,2.4561,2.5158,2.5341,2.6259,2.6977,2.7572,2.8089,2.8451,2.9057,2.9707000000000003,3.0792,3.4164000000000003,3.4584,3.5016000000000003,3.7731000000000003,3.8509,3.9986,4.1024,4.1601,4.3089,4.3803,4.409,4.5013000000000005,4.5812,4.651400000000001,4.7317,4.806500000000001
29201:0.4964,2.3172,3.8529
29567:0.0179,0.11610000000000001,0.16770000000000002,0.2436,0.3149,0.35550000000000004,0.5187,0.5672,0.6337,0.7722,0.9068,1.0961,1.2044000000000001,1.2502,1.335,1.5583,1.6636000000000002,1.7546000000000002,1.8167,1.8832,1.9636,1.9902000000000002,2.0831,2.1713,2.2397,2.2677,2.2955,2.3831,2.5004,2.556,2.6205000000000003,2.6666000000000003,2.7359,2.7656,2.8263000000000003,2.8760000000000003,2.9265000000000003,2.9565,3.0042,3.057,3.1535,3.2914000000000003,3.3189,3.3987000000000003,3.4337,3.4918,3.5637000000000003,3.6173,3.7211000000000003,3.8372,3.8951000000000002,4.252,4.324800000000001,4.3505,4.4049000000000005,4.4702,4.5072,4.549,4.6577,4.7691,4.8227,4.862
29603:4.5053
29644:0.0913,0.19090000000000001,0.26130000000000003,0.27740000000000004,0.3427,0.651,0.7211000000000001,0.8067000000000001,0.8695,0.9309000000000001,0.9932000000000001,1.0446,1.0995000000000001,1.1862000000000001,1.2363,1.3,1.4115,1.4938,1.5430000000000001,1.7162000000000002,1.9263000000000001,1.9693,2.0191,2.1075,2.1366,2.2103,2.2665,2.3616,2.416,2.4491,2.5285,2.5536000000000003,2.5756,2.6334,2.6909,2.7702,2.8379000000000003,2.9336,3.0798,3.3488,3.4163,3.4761,3.5814000000000004,3.7527000000000004,3.9111000000000002,4.0232,4.1651,4.186100000000001,4.2361,4.2984,4.3776,4.5885,4.706300000000001,4.7577,4.8678,4.889,4.9564,4.9801
30069:0.1447,0.3395,0.6755,0.8341000000000001,0.9154,1.5052,2.0046,2.2136,3.5863,3.7742,3.9613,4.123,4.3482,4.8028,4.8171
30208:0.001,0.0055000000000000005,0.0129,0.051000000000000004,0.0553,0.0674,0.07730000000000001,0.0796,0.0854,0.09970000000000001,0.11280000000000001,0.11720000000000001,0.11760000000000001,0.11850000000000001,0.1188,0.128,0.1369,0.1375,0.1468,0.16740000000000002,0.1761,0.1781,0.1806,0.1943,0.20650000000000002,0.2157,0.2437,0.24480000000000002,0.24650000000000002,0.2469,0.2548,0.257,0.2619,0.2639,0.27390000000000003,0.2787,0.2831,0.2931,0.2936,0.2988,0.31170000000000003,0.31420000000000003,0.318,0.3225,0.3352,0.3362,0.3708,0.3724,0.37410000000000004,0.378,0.38020000000000004,0.3845,0.3855,0.394,0.3945,0.4036,0.4121,0.4288,0.4379,0.43970000000000004,0.4428,0.4484,0.45830000000000004,0.4605,0.4625,0.46290000000000003,0.4675,0.4701,0.4731,0.48650000000000004,0.4869,0.4919,0.5107,0.5114000000000001,0.5135000000000001,0.517,0.5498000000000001,0.5526,0.5655,0.5668000000000001,0.5802,0.5833,0.5895,0.6045,0.606,0.6293000000000001,0.648,0.6525000000000001,0.6583,0.6628000000000001,0.6637000000000001,0.6679,0.6925,0.6978000000000001,0.6981,0.7061000000000001,0.7123,0.7166,0.7294,0.7413000000000001,0.7533000000000001,0.7576,0.7613000000000001,0.7665000000000001,0.7711,0.7805000000000001,0.799,0.7992,0.8101,0.8304,0.8558,0.8566,0.8612000000000001,0.8723000000000001,0.8827,0.8874000000000001,0.8916000000000001,0.8975000000000001,0.8995000000000001,0.9346000000000001,0.9382,0.9558000000000001,0.9803000000000001,0.9818,0.9834,0.9874,0.9880000000000001,1.0068000000000001,1.0073,1.0146,1.0321,1.0357,1.0402,1.0466,1.0486,1.0504,1.0545,1.0567,1.0615,1.0662,1.0692000000000002,1.0695000000000001,1.0887,1.0911,1.0945,1.0998,1.1001,1.117,1.1260000000000001,1.1316000000000002,1.1393,1.1402,1.1552,1.1620000000000001,1.1796,1.2062000000000002,1.2076,1.2099,1.2125000000000001,1.2251,1.232,1.2406000000000001,1.2439,1.2453,1.2581,1.2661,1.2674,1.2701,1.2801,1.2837,1.312,1.3122,1.3149,1.3185,1.3188,1.3204,1.3242,1.3279,1.348,1.3545,1.3679000000000001,1.3683,1.3719000000000001,1.373,1.3766,1.3854,1.4009,1.4038000000000002,1.4078000000000002,1.4380000000000002,1.4388,1.4461000000000002,1.4637,1.4662000000000002,1.4692,1.4751,1.4815,1.4836,1.488,1.4947000000000001,1.4985000000000002,1.4998,1.5026000000000002,1.5187000000000002,1.5434,1.5441,1.5532000000000001,1.556,1.5602,1.5730000000000002,1.5767,1.5894000000000001,1.5918,1.6002,1.6038000000000001,1.6051,1.6136000000000001,1.6173000000000002,1.6333,1.6336000000000002,1.6376000000000002,1.6386,1.6514,1.6635,1.6683000000000001,1.6717000000000002,1.6780000000000002,1.6804000000000001,1.6912,1.693,1.6985000000000001,1.7029,1.7068,1.7133,1.7192,1.7213,1.7396,1.7417,1.747,1.7534,1.7652,1.7668000000000001,1.7728000000000002,1.7748000000000002,1.7750000000000001,1.7902,1.7942,1.7978,1.8143,1.8190000000000002,1.8213000000000001,1.8319,1.8373000000000002,1.8428,1.8459,1.8572000000000002,1.8626,1.8691,1.8738000000000001,1.9155000000000002,1.9259000000000002,1.9412,1.9451,1.9459000000000002,1.9468,1.9498000000000002,1.9572,1.9655,1.9722000000000002,1.9861000000000002,1.993,2.0016000000000003,2.0044,2.0176000000000003,2.0281000000000002,2.0418000000000003,2.0516,2.0592,2.0767,2.0853,2.1242,2.1245000000000003,2.1307,2.1334,2.1366,2.1454,2.1518,2.1675,2.1747,2.1776,2.1808,2.1863,2.1910000000000003,2.1942,2.1947,2.1957,2.1964,2.2012,2.2057,2.2085,2.21,2.2105,2.2221,2.2226,2.2298,2.2416,2.2604,2.2657000000000003,2.2855000000000003,2.2907,2.2923,2.3039,2.3043,2.3080000000000003,2.3096,2.3122000000000003,2.3175,2.323,2.3261000000000003,2.3285,2.3307,2.3360000000000003,2.3429,2.3515,2.3561,2.3569,2.3609,2.3631,2.3701000000000003,2.4167,2.4184,2.4301,2.4392,2.443,2.4447,2.4489,2.4519,2.4557,2.4579,2.466,2.4709000000000003,2.4713000000000003,2.4748,2.4776000000000002,2.4805,2.4813,2.4848,2.487,2.4951000000000003,2.5072,2.5076,2.5187,2.5207,2.5229,2.5629,2.5632,2.5642,2.5677000000000003,2.5816000000000003,2.5820000000000003,2.5833,2.5942000000000003,2.6035,2.6049,2.6075,2.6112,2.6229,2.6281000000000003,2.6309,2.6378,2.6431,2.6505,2.6509,2.654,2.677,2.6781,2.6796,2.6807000000000003,2.6893000000000002,2.6895000000000002,2.6954000000000002,2.6994000000000002,2.7017,2.7152000000000003,2.7156000000000002,2.7164,2.7219,2.7625,2.7632000000000003,2.7649,2.7699000000000003,2.7727,2.7772,2.7788,2.7866,2.7887,2.8062,2.807,2.8079,2.8157,2.8472,2.8519,2.8538,2.858,2.8618,2.8695,2.8816,2.8825000000000003,2.8835,2.8914,2.8919,2.9001,2.9225000000000003,2.9299,2.9342,2.9413,2.942,2.9490000000000003,2.9624,2.9631000000000003,2.9647,2.9693,2.9796,2.9911000000000003,2.9921,2.9983,3.0063,3.011,3.0147,3.0155000000000003,3.0363,3.0377,3.0496000000000003,3.0628,3.0646,3.0704000000000002,3.0781,3.0862000000000003,3.0881000000000003,3.0991,3.0998,3.1066000000000003,3.1287000000000003,3.1415,3.1473,3.1488,3.1507,3.1509,3.1541,3.1603000000000003,3.1754000000000002,3.1784000000000003,3.1885000000000003,3.1912000000000003,3.1971000000000003,3.2002,3.205,3.2056,3.2085000000000004,3.2131000000000003,3.2143,3.2209000000000003,3.2296,3.2301,3.2339,3.2349,3.2489000000000003,3.2509,3.2575000000000003,3.2627,3.2910000000000004,3.2974,3.2983000000000002,3.3005,3.3026,3.3136,3.3200000000000003,3.3307,3.3485,3.3495000000000004,3.3556000000000004,3.3598000000000003,3.3692,3.3759,3.3798000000000004,3.3849,3.3890000000000002,3.3979000000000004,3.3992,3.4239,3.4276,3.435,3.4505000000000003,3.4519,3.4533,3.462,3.4892000000000003,3.5107000000000004,3.5111000000000003,3.5135,3.5187000000000004,3.5204,3.528,3.5301,3.5395000000000003,3.5409,3.5429000000000004,3.5438,3.5453,3.5472,3.5496000000000003,3.5524,3.5546,3.5652000000000004,3.5667,3.5736000000000003,3.5747,3.5957000000000003,3.597,3.5985,3.6125000000000003,3.6158,3.6163000000000003,3.6241000000000003,3.6335,3.6458000000000004,3.6462000000000003,3.6537,3.6859,3.6867,3.6891000000000003,3.696,3.6988000000000003,3.7070000000000003,3.7103,3.7113,3.7126,3.713,3.7133000000000003,3.7228000000000003,3.7267,3.738,3.7395,3.7412,3.7668000000000004,3.7699000000000003,3.7704,3.7737000000000003,3.7745,3.7804,3.8021000000000003,3.8055000000000003,3.8122000000000003,3.8141000000000003,3.8159,3.8242000000000003,3.8271,3.8292,3.838,3.8548,3.8577000000000004,3.8585000000000003,3.8623000000000003,3.8629000000000002,3.8761,3.8764000000000003,3.8865000000000003,3.8875,3.8924000000000003,3.8937000000000004,3.8966000000000003,3.9106,3.9124000000000003,3.9142,3.9218,3.9249,3.9491,3.9505000000000003,3.959,3.9598,3.9619,3.9749000000000003,3.9756,3.9805,3.9811,3.9813,3.9867000000000004,3.9879000000000002,3.9964000000000004,3.999,4.0032000000000005,4.0095,4.0262,4.0275,4.0325,4.0373,4.0425,4.0485,4.0529,4.0535000000000005,4.0587,4.062,4.0638000000000005,4.0705,4.1032,4.1048,4.111800000000001,4.1159,4.1178,4.1204,4.1397,4.1421,4.1449,4.1462,4.1562,4.182,4.1876,4.1902,4.191,4.1957,4.1991000000000005,4.202,4.2046,4.207,4.2088,4.2114,4.2222,4.224,4.2359,4.2411,4.2445,4.2507,4.2513000000000005,4.2518,4.252,4.2614,4.2651,4.2817,4.2907,4.2926,4.3047,4.3108,4.3112,4.3118,4.316800000000001,4.318700000000001,4.3245000000000005,4.3282,4.3295,4.3324,4.3362,4.3504000000000005,4.3552,4.3573,4.3596,4.3607000000000005,4.381600000000001,4.3856,4.389600000000001,4.3925,4.3937,4.407,4.4363,4.4379,4.4465,4.4485,4.4519,4.4585,4.4702,4.4732,4.4778,4.4891000000000005,4.5111,4.5139000000000005,4.5148,4.5238000000000005,4.5297,4.534400000000001,4.536700000000001,4.5402000000000005,4.5440000000000005,4.545100000000001,4.547000000000001,4.5472,4.5657000000000005,4.5712,4.575,4.5792,4.579400000000001,4.5963,4.599200000000001,4.6003,4.6206000000000005,4.6329,4.6363,4.6370000000000005,4.6378,4.6429,4.6483,4.6485,4.6585,4.659400000000001,4.6683,4.6913,4.6978,4.7067000000000005,4.7212000000000005,4.7225,4.726100000000001,4.744800000000001,4.7458,4.7496,4.7552,4.7836,4.7842,4.7857,4.7912,4.793,4.7941,4.799300000000001,4.8045,4.8262,4.829000000000001,4.8358,4.841200000000001,4.8426,4.8546000000000005,4.8668000000000005,4.8741,4.8807,4.8866000000000005,4.8895,4.8907,4.8914,4.8922,4.8965000000000005,4.8978,4.9229,4.9234,4.9278,4.9287,4.9298,4.9404,4.9591,4.9675,4.9842,4.9973
30722:0.2551,0.6733,0.8591000000000001,1.0385,1.29,1.5702,1.7076,2.0153000000000003,2.2096,2.3644000000000003,2.4735,2.5905,2.7077,2.8336,3.0101,3.0878,3.196,3.3603,3.426,3.6379,3.8981000000000003,4.147,4.2754,4.3806,4.7253
30883:0.0454,0.10690000000000001,0.2657,0.29960000000000003,0.3412,0.40040000000000003,0.46480000000000005,0.5327000000000001,0.6359,0.7118,0.7299,0.7888000000000001,0.8448,0.8605,0.8909,0.9495,0.9842000000000001,1.0179,1.0363,1.1123,1.1768,1.2045000000000001,1.2392,1.258,1.2828000000000002,1.3206,1.3868,1.4415,1.4848000000000001,1.5223,1.5914000000000001,1.6253,1.6563,1.7046000000000001,1.7348000000000001,1.7494,1.7984,1.8652000000000002,1.9528,2.0143,2.1012,2.1516,2.193,2.2189,2.2521,2.2706,2.2925,2.334,2.3566000000000003,2.4221,2.4533,2.5156,2.5727,2.6157,2.669,2.6917,2.7722,2.7892,2.8496,2.9001,2.9554,3.0057,3.071,3.1424000000000003,3.1895000000000002,3.2579000000000002,3.2830000000000004,3.3126,3.3497000000000003,3.4395000000000002,3.4818000000000002,3.5420000000000003,3.5618000000000003,3.5831,3.6256000000000004,3.6666000000000003,3.7195,3.7485000000000004,3.8082000000000003,3.9184,3.9746,4.0132,4.0619000000000005,4.1294,4.167800000000001,4.214700000000001,4.2634,4.3101,4.3681,4.4223,4.4495000000000005,4.4893,4.5505,4.6124,4.6788,4.7115,4.781000000000001,4.8135,4.8519000000000005,4.8677,4.9107,4.9661
30887:0.0285,0.672,0.9275,1.7584000000000002,2.1985,2.5055,2.6869,3.1514,3.4114,3.7616,3.8406000000000002,3.9795000000000003,4.3593,4.408,4.4786,4.5105,4.5526,4.707800000000001,4.9124
31232:1.8589
31656:0.027700000000000002,0.048,0.06810000000000001,0.0917,0.11180000000000001,0.138,0.1705,0.20140000000000002,0.24180000000000001,0.25780000000000003,0.2851,0.30860000000000004,0.34040000000000004,0.35850000000000004,0.39630000000000004,0.4237,0.44670000000000004,0.4803,0.5102,0.538,0.5603,0.5952000000000001,0.6277,0.6479,0.6677000000000001,0.6953,0.7245,0.7603000000000001,0.7878000000000001,0.8204,0.8466,0.8759,0.8962,0.9144,0.9511000000000001,0.9766,1.0015,1.0352000000000001,1.0619,1.0938,1.118,1.1429,1.1581000000000001,1.1849,1.206,1.2272,1.2454,1.2692,1.2894,1.3194000000000001,1.3475000000000001,1.3687,1.389,1.4173,1.4420000000000002,1.4658,1.493,1.5243,1.55,1.5799,1.6062,1.6297000000000001,1.6548,1.6865,1.7135,1.7389000000000001,1.7594,1.7833,1.8119,1.8391000000000002,1.8664,1.8859000000000001,1.9052,1.9311,1.961,1.9832,2.0078,2.0340000000000003,2.0559000000000003,2.0813,2.1035,2.1397,2.1678,2.1858,2.2096,2.2457000000000003,2.2746,2.2918000000000003,2.3254,2.3456,2.3754,2.3998,2.4205,2.4425000000000003,2.4804,2.5029,2.5252000000000003,2.5507,2.5768,2.6001000000000003,2.6305,2.6587,2.6832000000000003,2.706,2.7308000000000003,2.7534,2.7905,2.819,2.8466,2.8674,2.8970000000000002,2.9164000000000003,2.931,2.9498,2.9736000000000002,2.9979,3.0250000000000004,3.0489,3.0721000000000003,3.0887000000000002,3.1274,3.1506000000000003,3.1843000000000004,3.2032000000000003,3.2245000000000004,3.2454,3.2769000000000004,3.3025,3.3261000000000003,3.3475,3.3705000000000003,3.3942,3.4101000000000004,3.4372000000000003,3.4792,3.4996,3.5312,3.5545,3.5808,3.6064000000000003,3.6309,3.6605000000000003,3.684,3.7157,3.7414,3.7645000000000004,3.7866,3.8114000000000003,3.8334,3.8662,3.8869000000000002,3.9062,3.9280000000000004,3.9535,3.9754,3.9906,4.024500000000001,4.05,4.0958000000000006,4.1265,4.1449,4.1615,4.1883,4.2141,4.2413,4.2577,4.2782,4.301200000000001,4.3298000000000005,4.3641000000000005,4.3984000000000005,4.4134,4.4453000000000005,4.4806,4.4991,4.5243,4.542800000000001,4.566800000000001,4.6082,4.6284,4.6587000000000005,4.6859,4.707,4.7305,4.7535,4.787,4.8203000000000005,4.8422,4.8597,4.879300000000001,4.9091000000000005,4.9404,4.966,4.9852
32167:2.7793
32348:0.4889,1.0565,1.2414,1.3923,2.3207,2.4481,3.0216000000000003,3.2898,3.8566000000000003
32456:0.0039000000000000003,0.0149,0.0166,0.020200000000000003,0.031400000000000004,0.0325,0.0341,0.0425,0.0654,0.0674,0.0722,0.09720000000000001,0.1009,0.1033,0.1067,0.1095,0.1124,0.1212,0.1368,0.1394,0.1452,0.1462,0.15710000000000002,0.16190000000000002,0.17850000000000002,0.1839,0.19820000000000002,0.2024,0.20550000000000002,0.21330000000000002,0.2167,0.22310000000000002,0.24400000000000002,0.248,0.2525,0.2559,0.2795,0.2816,0.28400000000000003,0.2848,0.2891,0.2897,0.3002,0.3156,0.3169,0.32430000000000003,0.3271,0.3317,0.3401,0.34450000000000003,0.34990000000000004,0.36150000000000004,0.3647,0.36510000000000004,0.3672,0.37,0.3749,0.3829,0.3904,0.39490000000000003,0.40690000000000004,0.42810000000000004,0.4408,0.4445,0.4475,0.47350000000000003,0.4747,0.47600000000000003,0.4867,0.4958,0.5002,0.508,0.5149,0.5183,0.5198,0.5248,0.5251,0.5261,0.5289,0.5431,0.5568000000000001,0.5575,0.5628000000000001,0.5669000000000001,0.5685,0.5763,0.5772,0.5800000000000001,0.5823,0.5945,0.5984,0.6054,0.6197,0.6272,0.6274000000000001,0.6327,0.6559,0.6578,0.6642,0.6717000000000001,0.6854,0.6961,0.7069000000000001,0.7183,0.7233,0.7241000000000001,0.7247,0.7282000000000001,0.7291000000000001,0.7301000000000001,0.7456,0.7498,0.7524000000000001,0.759,0.7593000000000001,0.764,0.7666000000000001,0.7688,0.789,0.7957000000000001,0.7991,0.8004,0.8076,0.8155,0.8163,0.8273,0.8331000000000001,0.8442000000000001,0.8516,0.8608,0.8732000000000001,0.8823000000000001,0.887,0.896,0.8979,0.9106000000000001,0.9112,0.9129,0.9146000000000001,0.915,0.9387000000000001,0.9462,0.9516,0.9529000000000001,0.9613,0.9718,0.9726,0.9746,0.9774,0.9782000000000001,1.0068000000000001,1.0190000000000001,1.0227,1.0235,1.03,1.0407,1.0479,1.0492000000000001,1.0494,1.0536,1.0606,1.0676,1.0965,1.0991,1.1024,1.1081,1.1284,1.1314,1.1360000000000001,1.1377000000000002,1.1445,1.1468,1.1527,1.1586,1.1693,1.1717,1.1829,1.2029,1.2055,1.2115,1.2256,1.226,1.2282,1.2331,1.2353,1.2357,1.2359,1.242,1.2431,1.247,1.2508000000000001,1.2542,1.2588000000000001,1.2630000000000001,1.2728000000000002,1.2808000000000002,1.2830000000000001,1.2990000000000002,1.3007,1.3145,1.3159,1.3275000000000001,1.3294000000000001,1.3404,1.3525,1.3698000000000001,1.3821,1.3904,1.3908,1.3986,1.4022000000000001,1.4062000000000001,1.407,1.4081000000000001,1.4200000000000002,1.4222000000000001,1.4256,1.4351,1.4493,1.4506000000000001,1.4537,1.4573,1.4582000000000002,1.4584000000000001,1.4586000000000001,1.4639,1.4647000000000001,1.4711,1.4785000000000001,1.4898,1.5031,1.5111,1.5124,1.5226000000000002,1.5246000000000002,1.5314,1.542,1.5466,1.5473000000000001,1.5798,1.5865,1.6036000000000001,1.6052000000000002,1.6102,1.6126,1.6151,1.6395000000000002,1.6464,1.6488,1.6729,1.6769,1.6819000000000002,1.6922000000000001,1.6987,1.7085000000000001,1.7148,1.7166000000000001,1.7208,1.7236,1.7352,1.7414,1.7462,1.7473,1.7489000000000001,1.7687000000000002,1.7718,1.7729000000000001,1.7767000000000002,1.7774,1.788,1.7918,1.7953000000000001,1.8025,1.8077,1.8103,1.8105,1.8215000000000001,1.8228000000000002,1.8272000000000002,1.8454000000000002,1.8517000000000001,1.8619,1.8652000000000002,1.87,1.8875000000000002,1.8953,1.9121000000000001,1.9133,1.9138000000000002,1.9184,1.9269,1.9298000000000002,1.9396,1.9455,1.9621000000000002,1.9641000000000002,1.9671,1.9681000000000002,1.9868000000000001,1.9933,2.0103,2.0196,2.0369,2.0413,2.0445,2.0455,2.0579,2.0626,2.064,2.0646,2.0723000000000003,2.0741,2.0796,2.0815,2.0832,2.0909,2.0985,2.1022000000000003,2.1096,2.1171,2.1267,2.1409000000000002,2.1585,2.1608,2.1627,2.1715,2.1742,2.1762,2.1771000000000003,2.1778,2.1785,2.1851000000000003,2.1891000000000003,2.1962,2.1977,2.2135000000000002,2.2416,2.2443,2.2513,2.2516000000000003,2.2683,2.2715,2.2812,2.2894,2.2897000000000003,2.298,2.2984,2.3009,2.3048,2.3375,2.3423000000000003,2.3447,2.3489,2.3567,2.357,2.3634,2.3671,2.3781000000000003,2.3792,2.3823000000000003,2.391,2.4167,2.4253,2.4317,2.4536000000000002,2.4538,2.4576000000000002,2.4794,2.4887,2.5047,2.5071000000000003,2.5117000000000003,2.52,2.5260000000000002,2.5263,2.5351,2.5545,2.5622000000000003,2.5668,2.5721000000000003,2.5757000000000003,2.5811,2.5882,2.5895,2.5897,2.5959000000000003,2.5978000000000003,2.5984000000000003,2.6025,2.6027,2.6036,2.6045000000000003,2.6089,2.6139,2.6143,2.6188000000000002,2.6269,2.6382000000000003,2.6463,2.6499,2.6615,2.6794000000000002,2.6847000000000003,2.6888,2.6962,2.7091000000000003,2.7144,2.7186000000000003,2.7337000000000002,2.7356000000000003,2.7379000000000002,2.7421,2.7464,2.7639,2.7645,2.7746,2.7818,2.7874000000000003,2.7898,2.8061000000000003,2.8084000000000002,2.8218,2.8238000000000003,2.8347,2.8484000000000003,2.8587000000000002,2.8772,2.8793,2.8947000000000003,2.8971,2.9017,2.9019,2.9033,2.9087,2.91,2.9119,2.9172000000000002,2.9218,2.9271000000000003,2.9397,2.9412000000000003,2.9428,2.9434,2.9493,2.9511000000000003,2.9589000000000003,2.9677000000000002,2.9727,2.9744,2.996,3.0195000000000003,3.0235000000000003,3.0257,3.0299,3.0302000000000002,3.0327,3.0345,3.0367,3.0468,3.0479000000000003,3.0539,3.0543,3.0558,3.0639000000000003,3.0689,3.0734000000000004,3.0902000000000003,3.0969,3.1067,3.1128,3.1197000000000004,3.1227,3.1260000000000003,3.1304000000000003,3.1423,3.1449000000000003,3.1452,3.1478,3.1575,3.1608,3.1655,3.1723000000000003,3.1879,3.1904000000000003,3.2008,3.2017,3.2089000000000003,3.2139,3.2147,3.2175000000000002,3.2204,3.2219,3.2303,3.2397,3.2399,3.246,3.2567000000000004,3.2653000000000003,3.2661000000000002,3.2712000000000003,3.2723,3.2768,3.278,3.2937000000000003,3.297,3.3019000000000003,3.3155,3.3201,3.322,3.3283,3.3406000000000002,3.3440000000000003,3.3553,3.3731,3.3759,3.3774,3.4059000000000004,3.4189000000000003,3.4687,3.474,3.4789000000000003,3.4792,3.4821,3.491,3.4977,3.4986,3.4993000000000003,3.5048000000000004,3.5082,3.5106,3.5170000000000003,3.5219,3.5238,3.5331,3.5595000000000003,3.5631000000000004,3.5644,3.5664000000000002,3.583,3.5866000000000002,3.5983,3.6022000000000003,3.6075000000000004,3.6086,3.609,3.6178000000000003,3.6257,3.6324,3.6535,3.6568,3.6717,3.6724,3.6761000000000004,3.6823,3.6912000000000003,3.6924,3.7021,3.7044,3.7149,3.7167000000000003,3.7208,3.7256,3.7268000000000003,3.7416,3.7427,3.748,3.757,3.7625,3.7831,3.7888,3.79,3.7919,3.7950000000000004,3.7991,3.7998000000000003,3.8004000000000002,3.8129000000000004,3.8161,3.8237,3.8313,3.8384,3.8551,3.8643,3.879,3.8922000000000003,3.8931,3.8987000000000003,3.9136,3.9168000000000003,3.9316,3.9448000000000003,3.9484000000000004,3.9555000000000002,3.959,3.9702,3.9725,3.988,3.9932000000000003,3.9935,3.9971,3.9997000000000003,4.0021,4.0025,4.0345,4.0355,4.0535000000000005,4.0686,4.0698,4.0829,4.0942,4.1108,4.1224,4.1423000000000005,4.1601,4.1614,4.1623,4.1633000000000004,4.1690000000000005,4.1702,4.176200000000001,4.1893,4.1956,4.2011,4.2107,4.2125,4.2235000000000005,4.2273000000000005,4.2466,4.2489,4.2595,4.2619,4.2662,4.2728,4.2915,4.2934,4.2939,4.295100000000001,4.309200000000001,4.3125,4.3181,4.3193,4.3201,4.3257,4.359,4.391500000000001,4.3950000000000005,4.3987,4.4048,4.414000000000001,4.416,4.4274000000000004,4.427700000000001,4.4324,4.4443,4.4584,4.4645,4.4657,4.470000000000001,4.4712000000000005,4.4717,4.493,4.5157,4.5208,4.5351,4.545,4.548,4.5509,4.569500000000001,4.5703000000000005,4.5811,4.5835,4.6054,4.6084000000000005,4.6155,4.6168000000000005,4.6173,4.6201,4.6291,4.6324000000000005,4.646,4.6512,4.6717,4.6806,4.684,4.7057,4.726100000000001,4.7306,4.7356,4.7475000000000005,4.7556,4.757000000000001,4.7591,4.762300000000001,4.7625,4.7679,4.771,4.7827,4.7868,4.7952,4.797000000000001,4.800800000000001,4.8068,4.8176000000000005,4.8189,4.8272,4.8317000000000005,4.8323,4.8379,4.8386000000000005,4.8429,4.8475,4.855700000000001,4.8716,4.8737,4.879300000000001,4.8819,4.884,4.8844,4.9027,4.904100000000001,4.9062,4.908,4.9158,4.9166,4.9213000000000005,4.9259,4.9451,4.9496,4.9598,4.9649,4.968500000000001,4.9910000000000005,4.9951
33912:0.0455,0.08560000000000001,0.1267,0.1621,0.18730000000000002,0.2424,0.26730000000000004,0.2848,0.33690000000000003,0.3537,0.37370000000000003,0.4661,0.5458000000000001,0.6407,0.6721,0.7252000000000001,0.8013,0.8631000000000001,0.9181,0.9397000000000001,0.9844,1.0012,1.0377,1.0974000000000002,1.179,1.2275,1.2766,1.2997,1.337,1.3795000000000002,1.4781,1.5058,1.558,1.6156000000000001,1.6681000000000001,1.713,1.7326000000000001,1.7904,1.8074000000000001,1.8255000000000001,1.8562,1.9215,1.9412,1.9672,2.0141,2.0292,2.0958,2.1261,2.154,2.2110000000000003,2.2518000000000002,2.2728,2.302,2.3536,2.4134,2.4335,2.4632,2.5101,2.527,2.56,2.5798,2.6269,2.6801,2.7468000000000004,2.7688,2.8316000000000003,2.8753,2.9265000000000003,2.9452000000000003,2.9685,3.0111000000000003,3.0553000000000003,3.0843000000000003,3.1529000000000003,3.1978,3.2462,3.2902,3.3412,3.3571,3.4093,3.4811,3.5776000000000003,3.589,3.6244,3.6733000000000002,3.7423,3.8034000000000003,3.8483,3.8978,3.9384,3.9903000000000004,4.0673,4.1081,4.1486,4.1992,4.2298,4.2638,4.293200000000001,4.3673,4.4124,4.4572,4.6212,4.6363,4.7042,4.7237,4.7763,4.8445,4.8805000000000005,4.9645
33951:0.0012000000000000001,0.0037,0.0064,0.0204,0.0303,0.031200000000000002,0.034300000000000004,0.0517,0.059500000000000004,0.0654,0.08310000000000001,0.09580000000000001,0.10450000000000001,0.1124,0.11460000000000001,0.11510000000000001,0.1291,0.1326,0.1343,0.13570000000000002,0.1461,0.155,0.15860000000000002,0.1602,0.1671,0.1723,0.1749,0.19720000000000001,0.2151,0.2358,0.2371,0.2474,0.2508,0.265,0.27,0.27840000000000004,0.2847,0.28500000000000003,0.29250000000000004,0.29760000000000003,0.30160000000000003,0.30720000000000003,0.3113,0.3115,0.3144,0.31620000000000004,0.3269,0.33790000000000003,0.3388,0.34550000000000003,0.3508,0.3593,0.3775,0.41050000000000003,0.4262,0.4445,0.4451,0.45,0.4651,0.47050000000000003,0.49050000000000005,0.5277000000000001,0.546,0.5494,0.5583,0.559,0.5708,0.5828,0.5891000000000001,0.5936,0.6006,0.6051000000000001,0.6105,0.6112000000000001,0.617,0.6213000000000001,0.6455000000000001,0.6472,0.6576000000000001,0.6671,0.6941,0.6944,0.6954,0.7009000000000001,0.7092,0.7214,0.7381000000000001,0.7476,0.7549,0.7553000000000001,0.7582,0.7765000000000001,0.783,0.7892,0.7975,0.8108000000000001,0.8113,0.8139000000000001,0.8197,0.8249000000000001,0.8294,0.8389000000000001,0.8400000000000001,0.8427,0.8452000000000001,0.8576,0.8728,0.874,0.882,0.886,0.8869,0.888,0.8951,0.8958,0.9113,0.9246000000000001,0.9328000000000001,0.9486,0.9509000000000001,0.9541000000000001,0.9614,0.9909,0.9935,0.9996,1.0297,1.0371000000000001,1.0387,1.0430000000000001,1.0547,1.0572000000000001,1.0587,1.0691000000000002,1.0702,1.0905,1.0933000000000002,1.0948,1.1027,1.1046,1.1128,1.1256000000000002,1.1286,1.1385,1.1506,1.1656,1.1827,1.1981000000000002,1.2011,1.2132,1.2194,1.2265000000000001,1.2298,1.2331,1.2357,1.2362,1.2439,1.2456,1.2496,1.2610000000000001,1.2725,1.2754,1.2761,1.2853,1.2925,1.2989000000000002,1.3111000000000002,1.3136,1.3163,1.3171000000000002,1.3235000000000001,1.3302,1.3401,1.3766,1.3807,1.3813,1.3828,1.3873,1.3882,1.3946,1.3956000000000002,1.3992,1.4045,1.4187,1.4285,1.4335,1.4392,1.4563000000000001,1.4623000000000002,1.4667000000000001,1.473,1.4734,1.4754,1.4859,1.491,1.4967000000000001,1.5028000000000001,1.5036,1.5164,1.5195,1.5211000000000001,1.5215,1.5427000000000002,1.5498,1.5596,1.5630000000000002,1.5772000000000002,1.5843,1.6006,1.6264,1.6275000000000002,1.6311,1.6411,1.6432,1.6441000000000001,1.6445,1.6465,1.6477000000000002,1.6512,1.6533,1.6664,1.6678000000000002,1.6787,1.6809,1.6818000000000002,1.6821000000000002,1.683,1.6983000000000001,1.7261000000000002,1.7297,1.746,1.7481,1.7549000000000001,1.7562,1.7695,1.7731000000000001,1.8074000000000001,1.8244,1.8310000000000002,1.8334000000000001,1.8359,1.8408,1.8463,1.873,1.8735000000000002,1.875,1.8801,1.8812,1.8852,1.8962,1.9034,1.9351,1.9426,1.943,1.9583000000000002,1.9667000000000001,1.9684000000000001,1.9716,1.9741000000000002,1.9762000000000002,1.9784000000000002,1.9889000000000001,1.9907000000000001,2.0008,2.0051,2.0138000000000003,2.0155000000000003,2.0229,2.0347,2.0537,2.0638,2.0737,2.0786000000000002,2.0940000000000003,2.0971,2.1089,2.1221,2.1347,2.1367000000000003,2.154,2.1577,2.1579,2.1586000000000003,2.1627,2.1642,2.1708000000000003,2.1756,2.1766,2.1783,2.1794000000000002,2.1834000000000002,2.1953,2.2054,2.2306,2.2453000000000003,2.2551,2.2638000000000003,2.2644,2.2709,2.2748,2.2767,2.2815000000000003,2.2851,2.2887,2.3205,2.3301000000000003,2.3304,2.3429,2.3438000000000003,2.3596,2.3704,2.3707000000000003,2.3776,2.3843,2.3856,2.3898,2.3956,2.41,2.4131,2.4175,2.4182,2.4199,2.4256,2.4344,2.443,2.4562,2.4654000000000003,2.4814000000000003,2.4825,2.4865,2.4971,2.5242,2.5248,2.5272,2.54,2.5460000000000003,2.5484,2.5518,2.5687,2.5728,2.5761000000000003,2.583,2.5857,2.5859,2.5941,2.595,2.5982000000000003,2.6003000000000003,2.6084,2.619,2.6253,2.6258,2.6294,2.6344000000000003,2.6352,2.6361000000000003,2.6397,2.6424000000000003,2.6472,2.6599,2.6844,2.6855,2.6865,2.6882,2.6928,2.6954000000000002,2.6977,2.7015000000000002,2.7036000000000002,2.7064,2.7082,2.724,2.7283,2.7336,2.7418,2.7506,2.7515,2.7577000000000003,2.7616,2.7706,2.7736,2.7752000000000003,2.7805,2.7899000000000003,2.7951,2.7961,2.7963,2.7998000000000003,2.8115,2.8129,2.8168,2.8280000000000003,2.8347,2.8371,2.8552,2.8577000000000004,2.8624,2.8815,2.8883,2.9072,2.9126000000000003,2.9133,2.9202000000000004,2.9239,2.9246000000000003,2.9279,2.9414000000000002,2.9429000000000003,2.9454000000000002,2.9517,2.9566000000000003,2.959,2.9632,2.966,2.9697,3.0021,3.0107,3.0154,3.0175,3.0308,3.0377,3.0399000000000003,3.0426,3.0436,3.0443000000000002,3.0595000000000003,3.0687,3.0758,3.0767,3.0772,3.0778000000000003,3.085,3.0872,3.0883000000000003,3.0927000000000002,3.0980000000000003,3.101,3.1136000000000004,3.1310000000000002,3.1335,3.1538,3.1556,3.1609000000000003,3.1634,3.1773000000000002,3.1811000000000003,3.1958,3.2035,3.2044,3.2107,3.2124,3.2128,3.2215000000000003,3.2288,3.2321,3.2386000000000004,3.2396000000000003,3.2425,3.2669,3.2714000000000003,3.2732,3.2793,3.2877,3.3024,3.3057000000000003,3.31,3.334,3.335,3.3505000000000003,3.3513,3.3516000000000004,3.3592,3.3618,3.367,3.3753,3.3761,3.3771,3.3808000000000002,3.3865000000000003,3.3889,3.3906,3.3966000000000003,3.4008000000000003,3.4074,3.4093,3.4132000000000002,3.4173,3.4191000000000003,3.4226,3.4377,3.4696000000000002,3.4762,3.4788,3.4810000000000003,3.4926000000000004,3.4937,3.5075000000000003,3.5094000000000003,3.5175,3.5266,3.5426,3.5463,3.5469000000000004,3.5611,3.571,3.5713000000000004,3.5754,3.5783,3.5802,3.5806,3.5832,3.5927000000000002,3.5956,3.5963000000000003,3.5996,3.6019,3.6033000000000004,3.6087000000000002,3.6167000000000002,3.6411000000000002,3.6542000000000003,3.6545,3.6682,3.6814,3.6826000000000003,3.6857,3.7033,3.7134,3.7166,3.7284,3.736,3.7374,3.7483,3.7504000000000004,3.7669,3.7687000000000004,3.7712000000000003,3.7760000000000002,3.7772,3.7799,3.7814,3.8178,3.8217000000000003,3.8244000000000002,3.8270000000000004,3.8275,3.8667000000000002,3.8777000000000004,3.8811,3.8823000000000003,3.8875,3.895,3.8969,3.8997,3.9000000000000004,3.9026,3.9104,3.9213,3.9398,3.9404000000000003,3.9418,3.9485,3.9507000000000003,3.9586,3.9592,3.9594,3.9758,3.9769,3.9836,3.9878,3.9895,3.9936000000000003,4.0032000000000005,4.0092,4.024900000000001,4.0286,4.029,4.042,4.0601,4.0686,4.0705,4.105700000000001,4.106,4.1106,4.1168000000000005,4.1271,4.1373,4.1379,4.139600000000001,4.1611,4.1658,4.1717,4.176200000000001,4.1859,4.1869000000000005,4.1977,4.2038,4.2045,4.2113000000000005,4.2125,4.2133,4.2161,4.2193000000000005,4.2195,4.2298,4.2323,4.2372000000000005,4.238,4.242900000000001,4.2537,4.2582,4.2686,4.2689,4.2780000000000005,4.2872,4.2879000000000005,4.2899,4.2915,4.3192,4.325200000000001,4.3262,4.3276,4.329400000000001,4.339300000000001,4.3505,4.353400000000001,4.3539,4.3542000000000005,4.3669,4.3703,4.3745,4.3766,4.3994,4.4049000000000005,4.407,4.41,4.4272,4.4308000000000005,4.4430000000000005,4.445,4.450200000000001,4.4649,4.4753,4.4766,4.4785,4.4835,4.4874,4.4943,4.4976,4.5058,4.5118,4.5233,4.5355,4.5372,4.5377,4.5463000000000005,4.5504,4.551200000000001,4.5591,4.5658,4.574800000000001,4.583,4.5974,4.603800000000001,4.613300000000001,4.639600000000001,4.645300000000001,4.6473,4.6552,4.686100000000001,4.6921,4.6968000000000005,4.6976,4.7022,4.7089,4.7132000000000005,4.7159,4.7174000000000005,4.7205,4.724600000000001,4.726100000000001,4.728000000000001,4.7514,4.7541,4.756,4.7579,4.760400000000001,4.7620000000000005,4.7692000000000005,4.7714,4.7776000000000005,4.7819,4.7837000000000005,4.7903,4.7965,4.8032,4.8058000000000005,4.8064,4.8074,4.8101,4.8163,4.824,4.8321000000000005,4.8349,4.845400000000001,4.8487,4.849,4.8527000000000005,4.8531,4.8606,4.8659,4.8688,4.8705,4.8712,4.8748000000000005,4.8878,4.898000000000001,4.9001,4.902,4.9028,4.9031,4.907,4.907900000000001,4.923500000000001,4.9301,4.9335,4.9436,4.9633,4.9655000000000005,4.9744,4.974600000000001,4.9805,4.9852
34436:0.34400000000000003,0.6782,1.0653000000000001,1.2738,1.9972,2.2136,2.5020000000000002,2.7063,2.8348,3.0332000000000003,3.1643000000000003,3.7862,4.1289,4.1703,4.3184000000000005,4.381200000000001,4.4099,4.8042
34579:0.0015,0.0076,0.028200000000000003,0.031200000000000002,0.0378,0.0459,0.0531,0.0848,0.0898,0.0937,0.1039,0.1212,0.12290000000000001,0.1242,0.12990000000000002,0.1317,0.15460000000000002,0.1553,0.1593,0.1598,0.16090000000000002,0.1683,0.1718,0.1981,0.19840000000000002,0.202,0.2025,0.21400000000000002,0.2184,0.2245,0.2313,0.24130000000000001,0.251,0.2627,0.2691,0.27140000000000003,0.29450000000000004,0.2988,0.3136,0.31570000000000004,0.31820000000000004,0.31970000000000004,0.32320000000000004,0.34790000000000004,0.3597,0.36050000000000004,0.39230000000000004,0.39540000000000003,0.4076,0.41400000000000003,0.43810000000000004,0.4454,0.44670000000000004,0.452,0.45630000000000004,0.4565,0.46080000000000004,0.47350000000000003,0.4772,0.47950000000000004,0.4801,0.4918,0.4978,0.49870000000000003,0.5091,0.5201,0.5219,0.5255000000000001,0.5353,0.5468000000000001,0.5567,0.5574,0.5603,0.5608000000000001,0.5624,0.5821000000000001,0.6002000000000001,0.6016,0.6096,0.628,0.6282,0.6344000000000001,0.6357,0.6368,0.6384000000000001,0.6469,0.6507000000000001,0.6597000000000001,0.6817000000000001,0.6867000000000001,0.6908000000000001,0.6927,0.6937,0.7013,0.7016,0.7232000000000001,0.7286,0.7309,0.7474000000000001,0.7493000000000001,0.75,0.7593000000000001,0.76,0.7654000000000001,0.7757000000000001,0.776,0.7845000000000001,0.7857000000000001,0.7872,0.7914,0.7917000000000001,0.7984,0.8139000000000001,0.8215,0.8360000000000001,0.8364,0.8393,0.8479,0.8765000000000001,0.88,0.8903000000000001,0.9066000000000001,0.9113,0.9138000000000001,0.9171,0.9296000000000001,0.933,0.9336000000000001,0.9359000000000001,0.9546,0.9605,0.9695,0.9703,0.9728,0.9744,0.9784,0.9818,0.9878,0.9995,0.9997,1.022,1.0238,1.0395,1.0452000000000001,1.0602,1.0623,1.063,1.0816000000000001,1.0868,1.0883,1.0931,1.0934000000000001,1.0967,1.0975000000000001,1.1052,1.1106,1.1116000000000001,1.1171,1.1238000000000001,1.1289,1.1384,1.1405,1.1420000000000001,1.1443,1.1453,1.1625,1.1644,1.1646,1.1662000000000001,1.1674,1.1773,1.1781000000000001,1.1820000000000002,1.1858,1.1879,1.1958,1.205,1.2083000000000002,1.2152,1.2237,1.2298,1.2342,1.2394,1.2404000000000002,1.2525000000000002,1.2737,1.2876,1.3207,1.3352000000000002,1.3359,1.3375000000000001,1.3401,1.3476000000000001,1.3783,1.387,1.3892,1.4216,1.425,1.4325,1.4393,1.4400000000000002,1.4502000000000002,1.4602000000000002,1.466,1.4677,1.4682000000000002,1.4889000000000001,1.4918,1.4999,1.5016,1.5168000000000001,1.5178,1.5191000000000001,1.5256,1.5328000000000002,1.5417,1.5435,1.5446,1.5466,1.5474,1.5542,1.5782,1.5977000000000001,1.5979,1.6111,1.6226,1.6239000000000001,1.6269,1.6275000000000002,1.6300000000000001,1.6418000000000001,1.6601000000000001,1.6740000000000002,1.6753,1.6864000000000001,1.6879000000000002,1.6933,1.6989,1.6997,1.7042000000000002,1.7119,1.7169,1.7206000000000001,1.7485000000000002,1.7522,1.7525000000000002,1.7750000000000001,1.7842,1.7857,1.8355000000000001,1.8412000000000002,1.8486,1.856,1.8786,1.8943,1.8964,1.9027,1.9202000000000001,1.9404000000000001,1.9514,1.9572,1.9597,1.9923000000000002,1.9998,2.0048,2.0144,2.0153000000000003,2.0186,2.0308,2.0459,2.0471,2.0614,2.0669,2.0697,2.0709,2.0749,2.0758,2.0812,2.0886,2.0959000000000003,2.0971,2.1039,2.1052,2.1075,2.1096,2.1196,2.1234,2.1249000000000002,2.1489000000000003,2.1491000000000002,2.152,2.1618,2.1717,2.1729000000000003,2.1815,2.1877,2.1908000000000003,2.1946,2.2009000000000003,2.2088,2.2184,2.2242,2.2269,2.2334,2.2343,2.2358000000000002,2.2401,2.2427,2.2621,2.2864,2.3055000000000003,2.3085,2.3098,2.3156000000000003,2.3171,2.3205,2.3218,2.3229,2.3447,2.3595,2.3662,2.3699,2.3942,2.4072,2.4079,2.4095,2.4108,2.4148,2.4576000000000002,2.4641,2.4652000000000003,2.4761,2.4782,2.4799,2.4803,2.4913000000000003,2.4930000000000003,2.4939,2.4943,2.4964,2.5215,2.5220000000000002,2.535,2.5403000000000002,2.5418000000000003,2.5464,2.5478,2.5605,2.5652,2.5689,2.5696000000000003,2.5992,2.6072,2.6102000000000003,2.6133,2.6172,2.6187,2.619,2.6206,2.6414,2.6497,2.6725000000000003,2.6745,2.6784000000000003,2.6795,2.6819,2.6834000000000002,2.6857,2.6915,2.6924,2.6985,2.7009000000000003,2.7034000000000002,2.705,2.7176,2.7278000000000002,2.7386,2.7469,2.749,2.7511,2.7557,2.7585,2.7619000000000002,2.7766,2.783,2.787,2.7882000000000002,2.7908,2.8063000000000002,2.8198000000000003,2.8202000000000003,2.8241,2.8309,2.8335000000000004,2.8341000000000003,2.8408,2.846,2.8511,2.8943000000000003,2.9105000000000003,2.9227000000000003,2.9291,2.9346,2.9352,2.9369,2.9409,2.9484000000000004,2.9490000000000003,2.9549000000000003,2.9659,2.9667000000000003,2.9735,2.9811,2.9862,2.9868,2.9877000000000002,2.9946,2.9973,2.9994,3.0096000000000003,3.0259,3.027,3.0408,3.055,3.0557000000000003,3.0652000000000004,3.0717000000000003,3.0735,3.0855,3.1195,3.1233,3.1266000000000003,3.1411000000000002,3.1461,3.1507,3.1566,3.157,3.1626000000000003,3.1769000000000003,3.1894,3.1926,3.1945,3.1977,3.2032000000000003,3.2076000000000002,3.2085000000000004,3.2104000000000004,3.2125000000000004,3.2148000000000003,3.2351,3.238,3.2488,3.2505,3.2643,3.2645,3.2672000000000003,3.2761,3.2798000000000003,3.2868,3.2886,3.3221000000000003,3.3299000000000003,3.3411,3.3437,3.3443,3.3525,3.3557,3.3608000000000002,3.3726000000000003,3.3759,3.3821000000000003,3.3969,3.4033,3.4051,3.4096,3.4131,3.4207,3.4365,3.4514,3.4529,3.47,3.4742,3.4904,3.4953000000000003,3.4957000000000003,3.4978000000000002,3.5007,3.5027000000000004,3.5167,3.5181,3.5301,3.5308,3.532,3.547,3.5478,3.5509000000000004,3.5515000000000003,3.552,3.5599000000000003,3.5603000000000002,3.5607,3.5688,3.5702000000000003,3.5758,3.6016000000000004,3.6106000000000003,3.6124,3.6322,3.6392,3.6417,3.6509,3.6578000000000004,3.6616,3.6668000000000003,3.6671,3.6842,3.6951,3.6956,3.7008,3.7064000000000004,3.7242,3.7245000000000004,3.7254,3.7275,3.7394000000000003,3.7453000000000003,3.7475,3.7528,3.7586000000000004,3.7592000000000003,3.7609000000000004,3.7611000000000003,3.7631,3.7745,3.7823,3.7829,3.7836000000000003,3.7863,3.7962000000000002,3.8037,3.8119,3.814,3.8234000000000004,3.829,3.8367,3.8419000000000003,3.8547000000000002,3.8581000000000003,3.8699000000000003,3.8702,3.8708,3.8954,3.899,3.9015,3.9083,3.9184,3.9256,3.93,3.9339000000000004,3.9403,3.9439,3.9475000000000002,3.95,3.9584,3.9733,3.9879000000000002,3.9892000000000003,3.9955000000000003,4.0174,4.0237,4.0269,4.0321,4.0324,4.0435,4.0538,4.0765,4.0801,4.0854,4.0875,4.0894,4.0956,4.097300000000001,4.0981000000000005,4.1001,4.1058,4.1083,4.1264,4.1268,4.1294,4.1303,4.1741,4.1748,4.1776,4.1782,4.1845,4.1867,4.1946,4.2007,4.2016,4.2054,4.2084,4.2195,4.2250000000000005,4.2298,4.2346,4.246300000000001,4.257000000000001,4.2615,4.2645,4.2679,4.2682,4.2700000000000005,4.2762,4.292800000000001,4.2948,4.2959000000000005,4.307300000000001,4.3095,4.3161000000000005,4.3184000000000005,4.3202,4.321400000000001,4.3218000000000005,4.3225,4.3231,4.3243,4.3268,4.3291,4.336,4.339300000000001,4.341200000000001,4.3486,4.3613,4.3695,4.3714,4.3758,4.3822,4.3906,4.3958,4.4106000000000005,4.4115,4.421600000000001,4.436100000000001,4.4568,4.4593,4.4657,4.4781,4.4990000000000006,4.506600000000001,4.5116000000000005,4.5145,4.5162,4.5186,4.5333000000000006,4.5601,4.5677,4.5725,4.5736,4.5753,4.5806000000000004,4.5863000000000005,4.5965,4.5989,4.606,4.609100000000001,4.6097,4.6161,4.6240000000000006,4.6336,4.639600000000001,4.6421,4.6437,4.6485,4.659,4.659400000000001,4.6827000000000005,4.6872,4.6911000000000005,4.700200000000001,4.7008,4.7116,4.7198,4.7229,4.7245,4.7389,4.759,4.7706,4.7784,4.7823,4.786300000000001,4.7987,4.8014,4.8022,4.806500000000001,4.8091,4.8123000000000005,4.8265,4.8299,4.839,4.8414,4.855300000000001,4.8556,4.8588000000000005,4.8648,4.8731,4.8743,4.891900000000001,4.8922,4.8975,4.9009,4.9181,4.9317,4.953,4.9595,4.9614,4.9626,4.9637,4.978800000000001,4.984,4.9894,4.9994000000000005
34615:0.021,0.0317,0.0458,0.067,0.07880000000000001,0.1097,0.1173,0.14850000000000002,0.1562,0.1719,0.18630000000000002,0.20470000000000002,0.2157,0.23120000000000002,0.2501,0.26230000000000003,0.28,0.2909,0.3159,0.3315,0.3436,0.3657,0.3733,0.39780000000000004,0.4127,0.4338,0.4567,0.4647,0.5011,0.5235000000000001,0.5372,0.5692,0.5797,0.6077,0.6167,0.6378,0.665,0.6721,0.6797000000000001,0.7054,0.7181000000000001,0.7458,0.7661,0.791,0.8330000000000001,0.8548,0.8633000000000001,0.8724000000000001,0.8934000000000001,0.9129,0.9543,0.9687,0.9828,0.9916,1.0082,1.0295,1.0369000000000002,1.0682,1.0839,1.0941,1.1148,1.1224,1.1491,1.1681000000000001,1.1768,1.1873,1.2093,1.2237,1.2322,1.2548000000000001,1.2794,1.2923,1.3245,1.3349,1.3513000000000002,1.3673,1.3757000000000001,1.3929,1.401,1.4222000000000001,1.451,1.4577,1.4812,1.4889000000000001,1.502,1.5137,1.5312000000000001,1.5429000000000002,1.5596,1.5874000000000001,1.5961,1.6337000000000002,1.6456000000000002,1.6779000000000002,1.6959000000000002,1.7097,1.7281000000000002,1.7524000000000002,1.7591,1.7838,1.7973000000000001,1.8064,1.8254000000000001,1.8516000000000001,1.8863,1.8952,1.9138000000000002,1.9268,1.9397000000000002,1.9499000000000002,1.9594,1.9889000000000001,1.9973,2.0078,2.021,2.0362,2.0607,2.0897,2.1028000000000002,2.1171,2.138,2.1445000000000003,2.1775,2.1864,2.1986,2.2138,2.241,2.2524,2.287,2.2972,2.3248,2.3428,2.349,2.3691,2.383,2.3974,2.4085,2.4219,2.4322,2.4473000000000003,2.4731,2.4890000000000003,2.5148,2.5264,2.5398,2.5564,2.5697,2.5841000000000003,2.5958,2.6182000000000003,2.6246,2.6564,2.6712000000000002,2.6784000000000003,2.7093000000000003,2.7399,2.7515,2.7616,2.7873,2.814,2.8279,2.8523,2.8635,2.8714,2.8919,2.9073,2.9199,2.9318,2.9553000000000003,2.9622,3.0041,3.0443000000000002,3.0578000000000003,3.0717000000000003,3.0832,3.0985,3.1303,3.1474,3.1550000000000002,3.1914000000000002,3.2151,3.2331000000000003,3.2399,3.2754000000000003,3.2823,3.318,3.3343000000000003,3.3423000000000003,3.3641,3.3851,3.4028,3.4098,3.4324000000000003,3.448,3.4642,3.4775,3.4954,3.5216000000000003,3.5426,3.5661,3.5742000000000003,3.5938000000000003,3.6131,3.6422000000000003,3.6649000000000003,3.6771000000000003,3.7015000000000002,3.7378,3.7597,3.7954000000000003,3.8042000000000002,3.8383000000000003,3.8625000000000003,3.8737000000000004,3.8952,3.9263000000000003,3.9369,3.9650000000000003,3.9802000000000004,4.0042,4.0135000000000005,4.0372,4.0549,4.0774,4.0891,4.0978,4.1349,4.1444,4.157,4.1681,4.1869000000000005,4.1948,4.2074,4.2211,4.2354,4.2544,4.2618,4.2854,4.3103,4.329400000000001,4.3384,4.3642,4.391900000000001,4.4058,4.4135,4.4388000000000005,4.4536,4.4823,4.5105,4.5437,4.5557,4.5742,4.6107000000000005,4.6231,4.6654,4.6785000000000005,4.695600000000001,4.707,4.7228,4.7362,4.7495,4.7729,4.806500000000001,4.827,4.835500000000001,4.8529,4.8676,4.8764,4.9078,4.9177,4.9378,4.9532,4.9722,4.996
34673:0.0262,0.0757,0.14250000000000002,0.20980000000000001,0.2753,0.3282,0.3669,0.45830000000000004,0.5346000000000001,0.6077,0.6719,0.7150000000000001,0.7906000000000001,0.8431000000000001,0.8641000000000001,0.9539000000000001,1.0336,1.088,1.173,1.2271,1.3314000000000001,1.3716000000000002,1.4778,1.5267000000000002,1.5915000000000001,1.7756,1.8509,1.8872,1.9441000000000002,1.9983000000000002,2.0598,2.1356,2.181,2.2818,2.41,2.5229,2.6153,2.6683000000000003,2.758,2.8209,2.8671,2.9167,2.9570000000000003,3.0013,3.076,3.1485000000000003,3.1856,3.2751,3.3218,3.4065000000000003,3.47,3.5688,3.6106000000000003,3.6707,3.7960000000000003,3.8506,3.9305000000000003,4.0525,4.0924000000000005,4.1525,4.195,4.2839,4.3603000000000005,4.4333,4.5496,4.5711,4.6139,4.7,4.7704,4.8342,4.875100000000001,4.9448,4.996300000000001
34713:0.5822
34813:0.0805,0.1522,0.1981,0.231,0.299,0.3688,0.4278,0.4808,0.5409,0.6451,0.6863,0.7308,0.8245,0.8666,0.9887,1.0410000000000001,1.0897000000000001,1.1411,1.1802000000000001,1.2268000000000001,1.2811000000000001,1.3358,1.3917000000000002,1.4454,1.5015,1.5550000000000002,1.6004,1.6578000000000002,1.7136,1.7676,1.8159,1.8708,1.9140000000000001,1.9692,2.0291,2.0649,2.1352,2.1686,2.233,2.2935000000000003,2.3623000000000003,2.4245,2.4645,2.5327,2.5761000000000003,2.6315,2.6985,2.7676000000000003,2.8257000000000003,2.8728000000000002,2.9223000000000003,2.9629000000000003,3.0131,3.0731,3.1052,3.1700000000000004,3.198,3.2383,3.2802000000000002,3.3256,3.3784,3.4507000000000003,3.5145,3.5608,3.6103,3.6752000000000002,3.7195,3.7635,3.8091000000000004,3.8572,3.8963,3.9354,3.9844000000000004,4.0307,4.0845,4.1504,4.1956,4.240200000000001,4.2821,4.3239,4.3728,4.4219,4.4923,4.5557,4.6226,4.6791,4.7347,4.7799000000000005,4.842700000000001,4.8785,4.9386,4.9956000000000005
34876:0.055200000000000006,0.09050000000000001,0.1311,0.1723,0.2154,0.2518,0.3013,0.3309,0.36710000000000004,0.3981,0.46690000000000004,0.5129,0.5501,0.5802,0.6405000000000001,0.664,0.7126,0.7546,0.7937000000000001,0.8399000000000001,0.9293,0.9827,1.0374,1.0703,1.1162,1.1549,1.2162,1.2610000000000001,1.3265,1.3649,1.4039000000000001,1.4796,1.5196,1.5430000000000001,1.5894000000000001,1.6397000000000002,1.6817,1.7131,1.7589000000000001,1.7969000000000002,1.8445,1.8905,1.9258000000000002,1.9606000000000001,1.9979,2.0281000000000002,2.0596,2.1323000000000003,2.1766,2.253,2.3204000000000002,2.3605,2.4246000000000003,2.4571,2.4975,2.5331,2.5751,2.6309,2.6708000000000003,2.7255000000000003,2.7618,2.8154000000000003,2.8496,2.9048000000000003,2.9372000000000003,2.9924,3.0713000000000004,3.0954,3.1427,3.1795,3.2082,3.2565,3.3013000000000003,3.3336,3.3853,3.4285,3.4532000000000003,3.5019,3.5335,3.5874,3.6167000000000002,3.669,3.7152000000000003,3.7624,3.7995,3.8268,3.8578,3.8909000000000002,3.9194,3.9591000000000003,4.0059000000000005,4.0372,4.1007,4.1584,4.2048000000000005,4.238300000000001,4.2734000000000005,4.3109,4.359500000000001,4.3949,4.4328,4.5015,4.5533,4.6075,4.6402,4.6752,4.7096,4.735,4.7738000000000005,4.8034,4.8411,4.8687000000000005,4.9133000000000004,4.9673
35121:0.07010000000000001,1.6946,1.9347,2.5575,2.8442000000000003,3.4597,4.3844,4.8117
35141:0.027600000000000003,0.055600000000000004,0.1277,0.3276,0.36300000000000004,0.4687,0.5092,0.5743,0.6039,0.6672,0.7047,0.7345,0.8107000000000001,0.8210000000000001,0.9068,1.0052,1.2952000000000001,1.4783000000000002,1.4972,1.6236000000000002,1.8187,1.8445,1.8894000000000002,1.9986000000000002,2.0808,2.1192,2.178,2.2226,2.2327,2.3160000000000003,2.4544,2.5515000000000003,2.712,2.7399,2.8123,2.9040000000000004,3.0475000000000003,3.0622000000000003,3.1406,3.1773000000000002,3.2331000000000003,3.3544,3.4959000000000002,3.6674,3.7304000000000004,3.7623,3.8197,3.9567,3.9808000000000003,4.0054,4.2331,4.3075,4.3563,4.3926,4.4093,4.4316,4.4683,4.4797,4.5997,4.6677,4.7961,4.8297,4.9135,4.9645
35460:0.0925,0.129,0.227,0.2772,0.34700000000000003,0.3688,0.4325,0.4708,0.5445,0.5722,0.6291,0.6716000000000001,0.7265,0.8019000000000001,0.8903000000000001,0.9322,0.9899,1.0372000000000001,1.1072,1.2253,1.2741,1.3331000000000002,1.3806,1.4763000000000002,1.5336,1.6168,1.6577000000000002,1.725,1.7939,1.8557000000000001,1.9393,1.979,2.0378000000000003,2.0706,2.1217,2.1658,2.2276000000000002,2.3029,2.3654,2.4338,2.4851,2.5214000000000003,2.5671,2.6249000000000002,2.6985,2.7461,2.8201,2.9152,2.9414000000000002,3.003,3.0569,3.1329000000000002,3.185,3.2208,3.2689000000000004,3.3575000000000004,3.4205,3.5023,3.5848,3.6344000000000003,3.6719000000000004,3.7325000000000004,3.7693000000000003,3.81,3.8443,3.8847,3.9435000000000002,3.9866,4.0313,4.1473,4.2282,4.2605,4.2882,4.3761,4.415,4.468500000000001,4.6052,4.6474,4.7127,4.7757000000000005,4.815300000000001,4.8601,4.923900000000001,4.9670000000000005
35811:4.7378
35894:0.7953,1.1478000000000002,2.4995000000000003,2.7059,3.0044,3.2152000000000003,3.5577,3.7685,4.3258
36024:2.0177,4.8205
36052:3.242,4.750100000000001
36276:1.0030000000000001,1.3916000000000002,1.9913,2.1776,2.4482,2.5339,3.8545000000000003
36358:0.0135,0.015700000000000002,0.0228,0.0333,0.0337,0.0354,0.038700000000000005,0.0402,0.0543,0.057800000000000004,0.0815,0.09670000000000001,0.1085,0.1125,0.1131,0.1169,0.1202,0.13540000000000002,0.1356,0.1401,0.1438,0.16720000000000002,0.1825,0.1864,0.2016,0.2088,0.2094,0.21530000000000002,0.2165,0.22840000000000002,0.2421,0.24480000000000002,0.2454,0.2565,0.25930000000000003,0.2866,0.2918,0.2949,0.2974,0.2997,0.31220000000000003,0.31270000000000003,0.3246,0.3249,0.3281,0.3299,0.33590000000000003,0.34450000000000003,0.3453,0.34840000000000004,0.3583,0.36760000000000004,0.3703,0.3763,0.38020000000000004,0.38370000000000004,0.4036,0.40740000000000004,0.41400000000000003,0.4162,0.41900000000000004,0.42660000000000003,0.4314,0.43660000000000004,0.45220000000000005,0.4565,0.4645,0.4675,0.47190000000000004,0.4791,0.4796,0.48140000000000005,0.49060000000000004,0.4922,0.5018,0.5038,0.5171,0.518,0.5251,0.5309,0.5329,0.5433,0.5464,0.5882000000000001,0.5885,0.5957,0.5968,0.597,0.6114,0.6178,0.6192000000000001,0.6297,0.6394000000000001,0.6468,0.6475000000000001,0.6628000000000001,0.6631,0.6695,0.6711,0.6927,0.6954,0.7062,0.7069000000000001,0.7126,0.7140000000000001,0.7351000000000001,0.7366,0.7393000000000001,0.7429,0.7453000000000001,0.7478,0.7536,0.7554000000000001,0.7598,0.7649,0.7667,0.7729,0.7858,0.791,0.8104,0.8142,0.8194,0.8247,0.8296,0.8404,0.8424,0.8527,0.8638,0.8714000000000001,0.8861,0.9029,0.9059,0.9061,0.9262,0.9339000000000001,0.9432,0.9463,0.9551000000000001,0.9603,0.9617,0.9701000000000001,0.9879,0.9932000000000001,1.0017,1.0027000000000001,1.0084,1.0102,1.018,1.0334,1.0487,1.0498,1.0527,1.0598,1.0633000000000001,1.0719,1.075,1.0908,1.0929,1.0987,1.1067,1.1096000000000001,1.1245,1.1253,1.1314,1.1322,1.1346,1.1422,1.1460000000000001,1.1533,1.1617,1.1702000000000001,1.1816,1.1833,1.2035,1.208,1.2082000000000002,1.2102000000000002,1.2247000000000001,1.233,1.2368000000000001,1.2401,1.2452,1.2501,1.2541,1.2564,1.2834,1.2872000000000001,1.2918,1.2973000000000001,1.2985,1.2995,1.3054000000000001,1.3074000000000001,1.3131000000000002,1.3155000000000001,1.3159,1.3238,1.3288,1.3311000000000002,1.341,1.349,1.354,1.3545,1.3587,1.3645,1.37,1.3713,1.3777000000000001,1.3984,1.4007,1.4079000000000002,1.4087,1.423,1.4346,1.4449,1.4459,1.4632,1.4636,1.4742000000000002,1.481,1.4819,1.4929000000000001,1.4983,1.5118,1.5224,1.5245,1.5264,1.5281,1.5376,1.5402,1.5425,1.5463,1.5562,1.5615,1.5619,1.5671000000000002,1.5806,1.5808,1.6114000000000002,1.6132,1.6211,1.6253,1.6341,1.6387,1.6443,1.6543,1.657,1.6628,1.6699000000000002,1.6739000000000002,1.6896,1.6943000000000001,1.6973,1.6993,1.7086000000000001,1.7089,1.7154,1.7215,1.7243000000000002,1.7247000000000001,1.7279,1.7357,1.745,1.7501,1.7514,1.7550000000000001,1.7669000000000001,1.7692,1.7803,1.7910000000000001,1.7959,1.7992000000000001,1.8021,1.8091000000000002,1.8109000000000002,1.8334000000000001,1.8404,1.8462,1.8545,1.8674000000000002,1.8711,1.8916000000000002,1.8920000000000001,1.9026,1.9029,1.9047,1.9075000000000002,1.9146,1.9242000000000001,1.9408,1.947,1.9557,1.9606000000000001,1.9627000000000001,1.9782000000000002,1.979,1.9911,1.9971,1.9973,1.9976,1.9983000000000002,2.0031,2.0039000000000002,2.007,2.0187,2.0235000000000003,2.0334000000000003,2.0359000000000003,2.0425,2.045,2.0496000000000003,2.0563000000000002,2.0576000000000003,2.0719000000000003,2.0732,2.0881000000000003,2.0954,2.1002,2.1167000000000002,2.1328,2.1468000000000003,2.1477,2.153,2.1652,2.1712000000000002,2.1777,2.1834000000000002,2.1956,2.1979,2.2016,2.2086,2.2236000000000002,2.2335000000000003,2.2614,2.2640000000000002,2.2652,2.2744,2.2861000000000002,2.2899000000000003,2.3038000000000003,2.3083,2.3091,2.3137000000000003,2.3151,2.3252,2.3282000000000003,2.3489,2.3594,2.3736,2.3906,2.3957,2.4112,2.4314,2.4353000000000002,2.4458,2.4515000000000002,2.4617,2.4665,2.4697,2.4703,2.4759,2.5053,2.5057,2.5127,2.5162,2.5203,2.5231000000000003,2.5344,2.5476,2.5524,2.5625,2.577,2.5792,2.5887000000000002,2.5996,2.6063,2.6137,2.6186000000000003,2.6189,2.6208,2.6253,2.6402,2.6417,2.6428000000000003,2.6503,2.6510000000000002,2.665,2.6733000000000002,2.7018,2.7026000000000003,2.7142,2.716,2.7165,2.7194000000000003,2.7232000000000003,2.7234000000000003,2.7241,2.7253000000000003,2.7332,2.7413000000000003,2.7466,2.7554000000000003,2.7625,2.7708,2.7710000000000004,2.7713,2.7762000000000002,2.7766,2.7794000000000003,2.7879,2.7884,2.7929,2.7931,2.7935000000000003,2.7951,2.8078000000000003,2.8132,2.8169,2.8238000000000003,2.8317,2.8627000000000002,2.8807,2.8812,2.8907000000000003,2.8963,2.9025000000000003,2.9098,2.9169,2.9236,2.9247,2.9250000000000003,2.9477,2.9490000000000003,2.9574000000000003,2.9592,2.9747000000000003,2.9806000000000004,2.9944,2.9992,3.0061,3.0085,3.0140000000000002,3.0427,3.0455,3.0534000000000003,3.0585,3.063,3.0661,3.0704000000000002,3.071,3.0717000000000003,3.0729,3.0754,3.0802,3.0831,3.0894000000000004,3.1203000000000003,3.1356,3.1396,3.1462000000000003,3.1474,3.1508000000000003,3.1528,3.1567000000000003,3.1594,3.165,3.1741,3.1879,3.1918,3.1952000000000003,3.1977,3.2015000000000002,3.2213000000000003,3.2257000000000002,3.2278000000000002,3.2462,3.2618,3.2757,3.2768,3.293,3.3059000000000003,3.3084000000000002,3.3088,3.3107,3.329,3.3352,3.3572,3.3649,3.3672,3.3692,3.37,3.3715,3.3919,3.4229000000000003,3.4258,3.4287,3.4369,3.4386,3.4484000000000004,3.4667000000000003,3.4688000000000003,3.4822,3.4862,3.4868,3.4903,3.5032,3.5045,3.5069000000000004,3.5073000000000003,3.5084,3.5136000000000003,3.5159000000000002,3.5226,3.5281000000000002,3.543,3.5438,3.5486,3.5546,3.5663,3.5667,3.5693,3.5731,3.5744000000000002,3.5801000000000003,3.5907,3.5958,3.597,3.5997000000000003,3.6262000000000003,3.636,3.6387,3.6478,3.6498000000000004,3.6555,3.6626000000000003,3.6837,3.6887000000000003,3.6928,3.7053000000000003,3.7096,3.7167000000000003,3.7195,3.7393,3.7645000000000004,3.7686,3.7691000000000003,3.7806,3.7870000000000004,3.7897000000000003,3.8128,3.8182,3.8198000000000003,3.8278000000000003,3.8354000000000004,3.8371000000000004,3.8416,3.8485,3.8555,3.8579000000000003,3.8628,3.8643,3.8742,3.8754000000000004,3.8758000000000004,3.8804000000000003,3.8874,3.8905000000000003,3.8921,3.8973,3.8976,3.899,3.9014,3.9076000000000004,3.9146,3.9314,3.9385000000000003,3.9393000000000002,3.9456,3.9502,3.9509000000000003,3.9563,3.9828,3.9859,3.9946,3.9958,3.996,4.011,4.0208,4.030600000000001,4.0343,4.0513,4.0658,4.0766,4.0819,4.085500000000001,4.0904,4.1045,4.105300000000001,4.1149000000000004,4.1199,4.1336,4.1393,4.1435,4.1501,4.155,4.1745,4.1776,4.1792,4.1925,4.1933,4.2167,4.2207,4.226100000000001,4.2394,4.2412,4.2481,4.2555000000000005,4.28,4.299300000000001,4.3099,4.3126,4.3424000000000005,4.343100000000001,4.3438,4.3456,4.3521,4.354,4.3635,4.3746,4.3825,4.3852,4.3855,4.3912,4.3925,4.3929,4.3975,4.4008,4.401,4.4115,4.4242,4.4279,4.430400000000001,4.434,4.435700000000001,4.4413,4.4537,4.4599,4.4687,4.4855,4.4866,4.4985,4.4990000000000006,4.5046,4.5118,4.5192000000000005,4.5231,4.525,4.5254,4.5349,4.5487,4.5535000000000005,4.5558000000000005,4.5579,4.5585,4.565300000000001,4.5655,4.5658,4.5721,4.5736,4.5774,4.5789,4.5944,4.5965,4.6121,4.6139,4.617500000000001,4.6282000000000005,4.6359,4.6607,4.6637,4.6653,4.6709000000000005,4.6798,4.680000000000001,4.6971,4.698,4.7028,4.7067000000000005,4.7131,4.7167,4.7183,4.7282,4.729900000000001,4.744400000000001,4.7458,4.7588,4.766100000000001,4.7785,4.783,4.791300000000001,4.7919,4.7949,4.8028,4.8075,4.8117,4.8204,4.825200000000001,4.8257,4.841200000000001,4.8449,4.8457,4.8519000000000005,4.8525,4.8567,4.8708,4.8737,4.8758,4.8878,4.903700000000001,4.9122,4.9128,4.9171000000000005,4.937600000000001,4.9474,4.9513,4.9545,4.9558,4.978000000000001,4.9785,4.980700000000001,4.9819,4.9961,4.9972,4.9977
36506:0.013000000000000001,0.0228,0.037700000000000004,0.049,0.0579,0.06810000000000001,0.0729,0.0834,0.095,0.1066,0.1242,0.1348,0.1428,0.15410000000000001,0.1636,0.1734,0.1879,0.1971,0.20620000000000002,0.2152,0.22340000000000002,0.2341,0.24450000000000002,0.2609,0.26930000000000004,0.2854,0.29550000000000004,0.3135,0.324,0.3387,0.3539,0.3613,0.37060000000000004,0.3821,0.392,0.404,0.42060000000000003,0.4315,0.4501,0.4612,0.4722,0.48210000000000003,0.49810000000000004,0.5071,0.5212,0.5291,0.5418000000000001,0.5508000000000001,0.5660000000000001,0.5754,0.5931000000000001,0.6042000000000001,0.6175,0.6323000000000001,0.6418,0.6554,0.6648000000000001,0.6796,0.6935,0.7058,0.7127,0.7293000000000001,0.7398,0.7484000000000001,0.762,0.7785000000000001,0.7869,0.8077000000000001,0.8164,0.8320000000000001,0.8397,0.8542000000000001,0.861,0.8765000000000001,0.8864000000000001,0.9078,0.9193,0.9353,0.9473,0.9647,0.9764,0.9939,1.0087000000000002,1.0219,1.0307,1.0406,1.0535,1.0621,1.078,1.0844,1.1005,1.109,1.121,1.1312,1.1474,1.1618000000000002,1.1700000000000002,1.1843000000000001,1.199,1.2101,1.2205000000000001,1.2279,1.2469000000000001,1.2545000000000002,1.2634,1.2745,1.2865,1.3041,1.3204,1.3289,1.341,1.348,1.3616000000000001,1.3695000000000002,1.3819000000000001,1.3971,1.4080000000000001,1.4156,1.4329,1.4395,1.4624000000000001,1.4732,1.4869,1.4951,1.5099,1.5189000000000001,1.5287000000000002,1.5366,1.5454,1.5601,1.5716,1.5837,1.5948,1.6058000000000001,1.6208,1.6336000000000002,1.6457000000000002,1.6543,1.6699000000000002,1.6822000000000001,1.6926,1.7049,1.7143000000000002,1.7302000000000002,1.7423000000000002,1.7554,1.7626000000000002,1.7708000000000002,1.7836,1.7912000000000001,1.8063,1.8193000000000001,1.8372000000000002,1.8476000000000001,1.8631,1.8775000000000002,1.8858000000000001,1.8995000000000002,1.9055000000000002,1.9195,1.9302000000000001,1.9386,1.9500000000000002,1.9589,1.9680000000000002,1.9827000000000001,1.9926000000000001,2.0094000000000003,2.0187,2.0379,2.0500000000000003,2.0573,2.0742000000000003,2.0848,2.0964,2.1102000000000003,2.1222000000000003,2.1318,2.1401,2.1538,2.169,2.1768,2.1899,2.2033,2.2271,2.2374,2.2466,2.2606,2.2751,2.2844,2.3045,2.3144,2.3327,2.3414,2.3532,2.3609,2.3734,2.3887,2.4058,2.4141,2.434,2.4458,2.4551000000000003,2.4634,2.4798,2.4927,2.5094000000000003,2.5186,2.5260000000000002,2.5403000000000002,2.5495,2.5601000000000003,2.5692,2.5866000000000002,2.6003000000000003,2.6127000000000002,2.6238,2.6380000000000003,2.6506000000000003,2.6621,2.6846,2.6957,2.7073,2.7196000000000002,2.7335000000000003,2.7483,2.7554000000000003,2.7739000000000003,2.783,2.8064,2.8143000000000002,2.8281,2.842,2.8503000000000003,2.863,2.871,2.8899000000000004,2.8984,2.9129,2.9205,2.9311000000000003,2.9450000000000003,2.9526000000000003,2.9644,2.9714,2.9868,2.9987000000000004,3.0121,3.0257,3.0466,3.0602,3.0718,3.0779,3.0874,3.0968,3.1114,3.1217,3.1340000000000003,3.1456,3.1565000000000003,3.1724,3.1817,3.1953,3.2023,3.2119,3.2273,3.2395,3.2506,3.2588000000000004,3.2702,3.2812,3.2943000000000002,3.3075,3.3182,3.3279,3.3405,3.3549,3.37,3.3797,3.3941000000000003,3.4026,3.4116,3.4217,3.4331,3.4442000000000004,3.4544,3.467,3.4796,3.4941,3.503,3.5163,3.5269000000000004,3.5386,3.5545,3.5646,3.5807,3.5877000000000003,3.6025,3.6098000000000003,3.6249000000000002,3.6349,3.6537,3.6629,3.6752000000000002,3.6853000000000002,3.7002,3.709,3.7181,3.7276000000000002,3.7465,3.7562,3.7737000000000003,3.7822,3.7935000000000003,3.8007,3.8164000000000002,3.825,3.8395,3.8459000000000003,3.8523,3.8612,3.8723,3.8834000000000004,3.8925,3.9026,3.9132000000000002,3.9271000000000003,3.9343000000000004,3.9522000000000004,3.966,3.9784,3.9928000000000003,4.003,4.0134,4.0222,4.0313,4.0476,4.0651,4.0739,4.0868,4.0979,4.107600000000001,4.119400000000001,4.1368,4.1488000000000005,4.1612,4.1733,4.1878,4.1987000000000005,4.2071000000000005,4.221,4.2316,4.2497,4.2607,4.2679,4.2776000000000005,4.2933,4.3053,4.3132,4.3274,4.3362,4.3503,4.361400000000001,4.3712,4.3868,4.397600000000001,4.4128,4.424300000000001,4.4308000000000005,4.4429,4.4611,4.4789,4.4923,4.5025,4.5189,4.5322000000000005,4.5457,4.5576,4.5657000000000005,4.582800000000001,4.5999,4.6111,4.6225000000000005,4.631200000000001,4.6475,4.6563,4.6683,4.6779,4.6923,4.6989,4.716,4.7274,4.7344,4.7458,4.7596,4.7681000000000004,4.7851,4.7965,4.8067,4.8235,4.8316,4.842700000000001,4.8509,4.8607000000000005,4.8701,4.8905,4.899,4.917400000000001,4.9292,4.9416,4.9593,4.9669,4.9849000000000006,4.993
36557:0.5710000000000001,2.7942,3.9610000000000003,4.9097
36694:0.376,0.48450000000000004,1.3934,2.533
37020:0.0281,0.0876,0.1273,0.2341,0.2736,0.2972,0.33130000000000004,0.38170000000000004,0.4637,0.4867,0.5359,0.6077,0.6623,0.7376,0.7926000000000001,0.8268000000000001,0.8543000000000001,0.8832000000000001,0.9717,1.0194,1.0592000000000001,1.0976000000000001,1.139,1.2276,1.2594,1.2929000000000002,1.4037000000000002,1.4613,1.49,1.5776000000000001,1.6103,1.6889,1.8307,1.8625,1.9538000000000002,1.9917,2.0591,2.0938,2.1264000000000003,2.1837,2.2514000000000003,2.2926,2.3842000000000003,2.4151000000000002,2.4718,2.5248,2.5737,2.6448,2.6938,2.7186000000000003,2.8049,2.8364000000000003,2.9248000000000003,2.9843,3.0181,3.1307,3.1592000000000002,3.222,3.2817000000000003,3.3237,3.3553,3.4374000000000002,3.4903,3.5234,3.5699,3.5969,3.6462000000000003,3.6844,3.73,3.8151,3.9453,3.9779,4.0199,4.0715,4.1074,4.176200000000001,4.213,4.2758,4.306,4.3381,4.4029,4.4512,4.506200000000001,4.5647,4.5988,4.6651,4.774,4.8094,4.8725000000000005,4.9099,4.9452,4.9809
37128:0.0166,0.0251,0.049,0.056600000000000004,0.0713,0.0884,0.11330000000000001,0.12660000000000002,0.14780000000000001,0.1661,0.1801,0.19540000000000002,0.2093,0.22740000000000002,0.24050000000000002,0.2554,0.265,0.28700000000000003,0.29700000000000004,0.3085,0.32320000000000004,0.33790000000000003,0.3529,0.36610000000000004,0.37820000000000004,0.389,0.4091,0.4227,0.43720000000000003,0.4521,0.4661,0.4854,0.5044000000000001,0.5182,0.5349,0.5543,0.5647,0.5838,0.6022000000000001,0.6138,0.6317,0.6399,0.6639,0.6813,0.6990000000000001,0.7087,0.7278,0.7441,0.7644000000000001,0.7779,0.7948000000000001,0.8119000000000001,0.8234,0.8473,0.8585,0.8771,0.8949,0.9086000000000001,0.9248000000000001,0.9417000000000001,0.9590000000000001,0.9777,0.9883000000000001,1.0030000000000001,1.0229000000000001,1.0399,1.0558,1.0786,1.0876000000000001,1.1,1.1199000000000001,1.1393,1.1465,1.1611,1.1738,1.1867,1.198,1.2145000000000001,1.229,1.2464,1.2596,1.2781,1.2886,1.3132000000000001,1.3256000000000001,1.3391,1.3489,1.3629,1.383,1.3945,1.4124,1.4268,1.4435,1.4537,1.4674,1.48,1.496,1.5108000000000001,1.5266000000000002,1.5397,1.5577,1.5705,1.5898,1.6075000000000002,1.625,1.6364,1.6539000000000001,1.6636000000000002,1.6795,1.6927,1.7082000000000002,1.7179,1.7324000000000002,1.7585000000000002,1.7839,1.7971000000000001,1.8152000000000001,1.8359,1.8539,1.8687,1.8839000000000001,1.9012,1.9098000000000002,1.9211,1.9352,1.9551,1.9659000000000002,1.9786000000000001,1.9889000000000001,2.008,2.0180000000000002,2.041,2.0618000000000003,2.0784000000000002,2.0894,2.1039,2.1182000000000003,2.1388000000000003,2.1554,2.1726,2.1830000000000003,2.197,2.2108000000000003,2.22,2.2394000000000003,2.2489,2.285,2.2988,2.3153,2.3287,2.3381000000000003,2.3504,2.3612,2.3765,2.3921,2.4005,2.4112,2.4289,2.4448000000000003,2.4567,2.4722,2.4852000000000003,2.5024,2.5139,2.5295,2.5492,2.5573,2.5744000000000002,2.5964,2.6074,2.625,2.6359,2.6509,2.666,2.6756,2.6928,2.7067,2.7169000000000003,2.7363,2.7479,2.7623,2.7748,2.7924,2.8015000000000003,2.8239,2.8346,2.8456,2.855,2.8714,2.8913,2.9068,2.9198,2.9341,2.9458,2.9553000000000003,2.9695,2.9809,2.9968000000000004,3.0099,3.0261,3.0403000000000002,3.055,3.0696000000000003,3.0905,3.1126,3.1309,3.1505,3.1717,3.1819,3.1917,3.2032000000000003,3.2184000000000004,3.2344,3.2456,3.2659000000000002,3.2800000000000002,3.302,3.3215000000000003,3.3376,3.3516000000000004,3.3674,3.3842000000000003,3.3961,3.4102,3.4222,3.4339,3.4528000000000003,3.4626,3.4815,3.4959000000000002,3.5108,3.5260000000000002,3.5368000000000004,3.5523000000000002,3.5688,3.5838,3.6027,3.6219,3.6363000000000003,3.6497,3.6674,3.6785,3.6969000000000003,3.7065,3.72,3.7338,3.7578,3.7682,3.7865,3.7953,3.8080000000000003,3.8218,3.8369,3.8485,3.8687,3.8908,3.906,3.9203,3.9298,3.9458,3.9716,3.9794,3.9953000000000003,4.0077,4.0208,4.0406,4.0553,4.077500000000001,4.095000000000001,4.1109,4.1303,4.1426,4.1585,4.173900000000001,4.1867,4.2037,4.2157,4.2325,4.2490000000000006,4.2592,4.2747,4.2926,4.3059,4.323,4.3383,4.3535,4.3657,4.3801000000000005,4.405,4.4190000000000005,4.4428,4.463,4.486400000000001,4.4974,4.5117,4.5293,4.5443,4.5624,4.581,4.5952,4.6128,4.6243,4.6352,4.6512,4.6635,4.6892000000000005,4.698300000000001,4.7198,4.728800000000001,4.7511,4.7725,4.7824,4.7991,4.8182,4.8264000000000005,4.8404,4.8606,4.873600000000001,4.8862000000000005,4.899100000000001,4.9268,4.937,4.9555,4.9664,4.9847
37180:0.1375,0.375,0.4806,1.3925,1.987,2.5314,2.9542,3.7782,4.2699
37263:0.0339,0.06670000000000001,0.0819,0.11620000000000001,0.1466,0.1681,0.1968,0.2124,0.2298,0.24860000000000002,0.27590000000000003,0.3125,0.3371,0.3614,0.3894,0.4313,0.4671,0.511,0.5376000000000001,0.5802,0.6075,0.6305000000000001,0.6585000000000001,0.6864,0.7128,0.7385,0.7837000000000001,0.8175,0.8368,0.8581000000000001,0.9009,0.9191,0.9494,0.9810000000000001,1.0219,1.0392000000000001,1.0744,1.0976000000000001,1.1134,1.1351,1.1615,1.1826,1.2214,1.2336,1.2618,1.2855,1.3266,1.3451,1.3649,1.3918000000000001,1.4089,1.4347,1.4726000000000001,1.4962,1.5161,1.5430000000000001,1.5669000000000002,1.5903,1.6122,1.643,1.6784000000000001,1.6986,1.7317,1.7494,1.7687000000000002,1.8042,1.8428,1.8641,1.8908,1.9068,1.9362000000000001,1.9565000000000001,1.9852,2.0142,2.055,2.0874,2.1246,2.14,2.172,2.1953,2.2315,2.2626,2.3086,2.3385000000000002,2.3552,2.3819,2.4141,2.4482,2.4813,2.5123,2.5508,2.5817,2.6063,2.6300000000000003,2.6601,2.6943,2.7253000000000003,2.7547,2.7771000000000003,2.8268,2.8533,2.873,2.899,2.9264,2.9506,2.982,3.0084,3.0432,3.0754,3.0938000000000003,3.1226000000000003,3.1432,3.161,3.1801000000000004,3.2046,3.236,3.2545,3.2777000000000003,3.2937000000000003,3.3201,3.3483,3.3753,3.4071000000000002,3.4233000000000002,3.4509000000000003,3.4701,3.5013,3.5323,3.5491,3.5636,3.5863,3.605,3.6244,3.6460000000000004,3.6669,3.6874000000000002,3.7072000000000003,3.7310000000000003,3.7579000000000002,3.781,3.7993,3.8280000000000003,3.8462,3.8723,3.8941000000000003,3.9192,3.9440000000000004,3.9743000000000004,4.008900000000001,4.0259,4.0502,4.0812,4.1051,4.1491,4.1786,4.2052000000000005,4.2413,4.2617,4.2759,4.3058000000000005,4.3256000000000006,4.3575,4.3783,4.3994,4.4301,4.463,4.4918000000000005,4.5176,4.536700000000001,4.5648,4.6006,4.6305000000000005,4.6573,4.6767,4.7010000000000005,4.7287,4.7571,4.7819,4.8285,4.8478,4.8708,4.9085,4.9385,4.965,4.9886
37567:0.0228,0.037200000000000004,0.0695,0.08020000000000001,0.1143,0.1492,0.163,0.17980000000000002,0.2132,0.2421,0.2577,0.26980000000000004,0.2853,0.3145,0.33130000000000004,0.34650000000000003,0.3689,0.3899,0.41700000000000004,0.4581,0.46790000000000004,0.5205000000000001,0.5409,0.5719000000000001,0.6134000000000001,0.6398,0.668,0.675,0.7063,0.7225,0.7617,0.7921,0.8356,0.8593000000000001,0.872,0.8945000000000001,0.9136000000000001,0.9564,0.9765,0.9887,1.0125,1.0343,1.0461,1.0743,1.0932,1.1143,1.1247,1.1542000000000001,1.1745,1.1901000000000002,1.2213,1.2297,1.2573,1.2848000000000002,1.2964,1.3309,1.3436000000000001,1.3684,1.3783,1.3989,1.4542000000000002,1.4825000000000002,1.5011,1.5116,1.5321,1.5508000000000002,1.5925,1.6361,1.687,1.7067,1.7268000000000001,1.754,1.7802,1.7973000000000001,1.8116,1.8514000000000002,1.8901000000000001,1.915,1.9352,1.9556,1.9932,2.0085,2.0260000000000002,2.0611,2.092,2.1068000000000002,2.1322,2.1444,2.1817,2.2037,2.2166,2.2489,2.2547,2.2881,2.2997,2.3334,2.3469,2.3733,2.3945000000000003,2.4122,2.4298,2.4503,2.4781,2.4963,2.5162,2.5288,2.556,2.5686,2.5908,2.6218,2.6631,2.6766,2.7101,2.7429,2.7591,2.7958000000000003,2.8243,2.8349,2.8567,2.8702,2.9042000000000003,2.922,2.954,2.9654000000000003,3.0061,3.0477000000000003,3.0665,3.0782000000000003,3.1054,3.1465,3.1556,3.1926,3.2227,3.2396000000000003,3.2791,3.289,3.3196000000000003,3.3384,3.3480000000000003,3.3699000000000003,3.3941000000000003,3.4068,3.4344,3.4658,3.4817,3.523,3.571,3.5968,3.6155000000000004,3.6453,3.6695,3.7374,3.7593,3.7961,3.8129000000000004,3.8412,3.8721,3.8928000000000003,3.9024,3.9295,3.9437,3.9865000000000004,4.0064,4.0366,4.0576,4.0798000000000005,4.0958000000000006,4.1375,4.1507000000000005,4.1643,4.1874,4.1972000000000005,4.2122,4.230700000000001,4.2596,4.2855,4.3119000000000005,4.333600000000001,4.3655,4.3988000000000005,4.4099,4.4411000000000005,4.4592,4.4893,4.545,4.5604000000000005,4.6161,4.627,4.6718,4.6958,4.7123,4.727,4.7399000000000004,4.7731,4.813400000000001,4.836,4.8587,4.8773,4.9104,4.937600000000001,4.9558,4.976100000000001
38194:0.025,0.045200000000000004,0.0738,0.0879,0.12040000000000001,0.1511,0.16590000000000002,0.184,0.2106,0.226,0.2457,0.2624,0.29560000000000003,0.32180000000000003,0.3391,0.35400000000000004,0.3734,0.4058,0.4238,0.44980000000000003,0.46530000000000005,0.5098,0.5297000000000001,0.5585,0.5764,0.6,0.6173000000000001,0.6398,0.6749,0.6998000000000001,0.7122,0.7293000000000001,0.7673,0.7963,0.8397,0.8585,0.877,0.8996000000000001,0.9182,0.9584,0.9744,0.9892000000000001,1.0118,1.0333,1.0419,1.0743,1.0915000000000001,1.1225,1.1416,1.1592,1.1754,1.1953,1.2138,1.2293,1.2583,1.2738,1.2898,1.3058,1.3302,1.3403,1.3641,1.3801,1.4060000000000001,1.4248,1.4553,1.4736,1.4873,1.5118,1.5371000000000001,1.5616,1.5924,1.6126,1.6387,1.6635,1.6900000000000002,1.7069,1.7179,1.7379,1.7598,1.7872000000000001,1.802,1.8186,1.8523,1.8894000000000002,1.899,1.9173,1.9513,1.9649,1.9934,2.0108,2.0418000000000003,2.0653,2.0940000000000003,2.1135,2.1349,2.1518,2.1808,2.1922,2.2065,2.2258,2.249,2.263,2.2948,2.3039,2.3292,2.3429,2.3542,2.3774,2.3917,2.4063000000000003,2.4167,2.4371,2.4527,2.4836,2.5005,2.5194,2.5334000000000003,2.5569,2.5761000000000003,2.5956,2.6245000000000003,2.6641,2.6798,2.7136,2.7448,2.7645,2.8026,2.8240000000000003,2.8339000000000003,2.8556,2.8708,2.9077,2.9223000000000003,2.9341,2.9614000000000003,2.98,3.0094000000000003,3.0504000000000002,3.0709,3.0854000000000004,3.1339,3.1524,3.19,3.2,3.2335000000000003,3.2451000000000003,3.2778,3.2877,3.3222,3.3446000000000002,3.3659000000000003,3.3890000000000002,3.4083,3.4385000000000003,3.4492000000000003,3.4701,3.4894000000000003,3.5087,3.5344,3.5504000000000002,3.571,3.5883000000000003,3.6174000000000004,3.6452,3.6667,3.6804,3.7082,3.7337000000000002,3.7487000000000004,3.7672000000000003,3.7937000000000003,3.8063000000000002,3.834,3.8473,3.8768000000000002,3.9000000000000004,3.9289,3.9423000000000004,3.972,3.986,4.0099,4.043,4.0609,4.0929,4.1061000000000005,4.1403,4.1587000000000005,4.1746,4.197900000000001,4.219,4.2335,4.2586,4.272,4.293200000000001,4.321400000000001,4.3362,4.3594,4.369400000000001,4.4058,4.4186000000000005,4.4495000000000005,4.4873,4.510800000000001,4.546600000000001,4.5615000000000006,4.585100000000001,4.6183000000000005,4.6319,4.6685,4.690300000000001,4.7001,4.7189000000000005,4.736800000000001,4.7559000000000005,4.778700000000001,4.8129,4.832800000000001,4.8456,4.8708,4.884,4.9168,4.9412,4.961,4.987
38928:1.115,1.4971,2.1106000000000003,2.8897,3.0182,3.1654,3.9642000000000004,4.2202
39124:0.4902,2.5383
39606:0.021,0.050800000000000005,0.07590000000000001,0.1134,0.1223,0.14980000000000002,0.1758,0.2093,0.2291,0.2439,0.262,0.29100000000000004,0.31170000000000003,0.3405,0.3582,0.3672,0.4076,0.42710000000000004,0.44980000000000003,0.46040000000000003,0.5139,0.5254,0.5512,0.5693,0.6124,0.6347,0.6628000000000001,0.6723,0.7010000000000001,0.7097,0.7641,0.7921,0.8328,0.8548,0.8832000000000001,0.8961,0.9126000000000001,0.9547,0.9803000000000001,0.9897,1.0036,1.0394,1.0761,1.0867,1.12,1.1479000000000001,1.1656,1.1817,1.2087,1.2244000000000002,1.2453,1.2599,1.2786,1.2928000000000002,1.3223,1.3524,1.3727,1.3833,1.395,1.4293,1.4492,1.4778,1.4974,1.5265,1.5373,1.5562,1.5985,1.6294000000000002,1.6366,1.6840000000000002,1.6936,1.7137,1.7417,1.7594,1.7930000000000001,1.8036,1.8417000000000001,1.8528,1.8898000000000001,1.9078000000000002,1.9191,1.9382000000000001,1.9604000000000001,1.9856,2.0039000000000002,2.0158,2.0454,2.0604,2.0868,2.1084,2.1403000000000003,2.1699,2.1832000000000003,2.1945,2.2104,2.2477,2.2561,2.2920000000000003,2.3026,2.3333,2.3482000000000003,2.3781000000000003,2.3876,2.404,2.4265000000000003,2.4454000000000002,2.4833000000000003,2.4933,2.5117000000000003,2.5324,2.5543,2.575,2.5995,2.6218,2.6519,2.6678,2.6766,2.7084,2.734,2.7584,2.7954000000000003,2.8131,2.8254,2.8543000000000003,2.8692,2.9062,2.9168000000000003,2.9271000000000003,2.9528000000000003,2.9657,3.0020000000000002,3.0381,3.0505,3.0692,3.0927000000000002,3.1302000000000003,3.1489000000000003,3.1888,3.1955,3.2189,3.2349,3.2442,3.2826,3.3181000000000003,3.3391,3.3654,3.3835,3.4006000000000003,3.4087,3.4236,3.4603,3.4807,3.5187000000000004,3.5389000000000004,3.5591000000000004,3.5678,3.6116,3.64,3.6634,3.6763000000000003,3.7049000000000003,3.737,3.7524,3.7619000000000002,3.7897000000000003,3.8015000000000003,3.8371000000000004,3.8685,3.878,3.8984,3.9259000000000004,3.9683,3.9806000000000004,4.0048,4.04,4.0551,4.095400000000001,4.106,4.1368,4.1474,4.1713000000000005,4.191800000000001,4.218100000000001,4.2474,4.2568,4.2832,4.291,4.3311,4.3628,4.4028,4.416300000000001,4.4522,4.4938,4.5072,4.542800000000001,4.5674,4.6029,4.6185,4.6264,4.655600000000001,4.665500000000001,4.690300000000001,4.6988,4.7233,4.7381,4.7594,4.7758,4.803,4.8243,4.8567,4.8724,4.8819,4.9123,4.9371,4.9644,4.9875
39714:0.0285,0.0536,0.08660000000000001,0.11220000000000001,0.1285,0.1696,0.1925,0.2223,0.24760000000000001,0.2718,0.2973,0.3277,0.3397,0.36300000000000004,0.4243,0.46330000000000005,0.5111,0.5383,0.5667,0.5991000000000001,0.6259,0.6589,0.6743,0.7005,0.7334,0.771,0.8,0.8163,0.8473,0.8828,0.9041,0.9297000000000001,0.9706,1.0006000000000002,1.0259,1.0449,1.0634000000000001,1.0994000000000002,1.1297000000000001,1.179,1.2099,1.2357,1.2668000000000001,1.2926,1.3243,1.3615000000000002,1.3858000000000001,1.4632,1.4801,1.5088000000000001,1.5284,1.5530000000000002,1.5875000000000001,1.6117000000000001,1.6451,1.6574,1.6937,1.7202000000000002,1.7579,1.7890000000000001,1.8163,1.846,1.8742,1.8957000000000002,1.9285,1.9604000000000001,1.9962000000000002,2.0163,2.0353,2.0642,2.0820000000000003,2.1152,2.1462,2.176,2.1999,2.2223,2.2566,2.2834000000000003,2.3139000000000003,2.3584,2.3888000000000003,2.4157,2.4498,2.4774000000000003,2.5108,2.5306,2.5854,2.6185,2.6506000000000003,2.6892,2.7103,2.7402,2.7673,2.7893000000000003,2.8158000000000003,2.8381000000000003,2.8834,2.9083,2.9307000000000003,2.9577,2.9878,3.0182,3.0483000000000002,3.0743,3.1256,3.1561000000000003,3.1834000000000002,3.2037,3.2277,3.2599,3.2911,3.3222,3.35,3.3832,3.4116,3.4416,3.4723,3.4965,3.5271000000000003,3.5714,3.5900000000000003,3.6211,3.6550000000000002,3.68,3.7110000000000003,3.7299,3.7606,3.7899000000000003,3.8141000000000003,3.8429,3.8769,3.9073,3.9392,3.9573,3.9808000000000003,4.0054,4.0271,4.0639,4.0919,4.1089,4.1487,4.1729,4.2024,4.2251,4.2541,4.2715000000000005,4.2851,4.3081000000000005,4.339,4.3582,4.3808,4.4071,4.4308000000000005,4.4543,4.4785,4.5087,4.5519,4.5781,4.6019000000000005,4.6395,4.6676,4.7065,4.7336,4.7546,4.7738000000000005,4.7964,4.8266,4.855,4.8785,4.912100000000001,4.9377,4.9627,4.9888
39722:0.0002,0.0083,0.0333,0.0373,0.038,0.0403,0.0414,0.0425,0.044500000000000005,0.053200000000000004,0.0541,0.0577,0.0656,0.081,0.08600000000000001,0.09620000000000001,0.0966,0.10070000000000001,0.1038,0.113,0.1145,0.1394,0.1474,0.1539,0.15760000000000002,0.16620000000000001,0.1718,0.185,0.1855,0.1882,0.1885,0.1887,0.227,0.2313,0.23390000000000002,0.2388,0.25120000000000003,0.2753,0.2803,0.28300000000000003,0.2848,0.2928,0.3121,0.3186,0.3239,0.3309,0.33330000000000004,0.3652,0.3659,0.3769,0.3889,0.4012,0.4017,0.4042,0.4063,0.41700000000000004,0.4173,0.4202,0.4248,0.44570000000000004,0.4687,0.47150000000000003,0.47590000000000005,0.48260000000000003,0.4883,0.49050000000000005,0.4963,0.5022,0.5131,0.5161,0.5387000000000001,0.5405,0.5488000000000001,0.5493,0.5501,0.5571,0.5774,0.5790000000000001,0.5952000000000001,0.6059,0.6067,0.6125,0.6131,0.6215,0.6364000000000001,0.6586000000000001,0.6595000000000001,0.6626000000000001,0.6685,0.6817000000000001,0.6872,0.6948000000000001,0.6955,0.6961,0.7110000000000001,0.7166,0.7228,0.7353000000000001,0.7379,0.746,0.7511,0.752,0.7541,0.7643000000000001,0.7778,0.7954,0.7962,0.7992,0.8089000000000001,0.8214,0.8341000000000001,0.8438,0.8532000000000001,0.877,0.8788,0.8888,0.8895000000000001,0.8982,0.8991,0.9029,0.9226000000000001,0.9235000000000001,0.9327000000000001,0.9429000000000001,0.9559000000000001,0.9575,0.9619000000000001,0.9638000000000001,0.9673,0.9695,0.9742000000000001,0.9762000000000001,0.9898,0.9941000000000001,0.9945,1.0021,1.0062,1.0064,1.0159,1.0167000000000002,1.0212,1.0243,1.032,1.0327,1.0370000000000001,1.0409000000000002,1.0412000000000001,1.0497,1.0758,1.0764,1.0868,1.0896000000000001,1.0904,1.0912,1.0943,1.097,1.1045,1.1115000000000002,1.1213,1.1229,1.1254,1.1333,1.1464,1.1523,1.1633,1.1642000000000001,1.1768,1.1780000000000002,1.1802000000000001,1.1838,1.1921000000000002,1.1925000000000001,1.2067,1.2087,1.2196,1.2212,1.2313,1.2358,1.2497,1.2527000000000001,1.2592,1.2652,1.2741,1.2824,1.2851000000000001,1.2949000000000002,1.3011000000000001,1.312,1.3132000000000001,1.3166,1.3172000000000001,1.3259,1.335,1.3521,1.3703,1.3760000000000001,1.3891,1.3906,1.3958000000000002,1.4072,1.4163000000000001,1.4266,1.4318,1.4349,1.4443000000000001,1.4457,1.4572,1.4576,1.4583000000000002,1.4649,1.4718,1.473,1.4749,1.4819,1.49,1.5003,1.5030000000000001,1.5114,1.5124,1.516,1.5170000000000001,1.5183,1.5186000000000002,1.5207000000000002,1.5288000000000002,1.5325,1.5351000000000001,1.5437,1.5443,1.5586,1.5618,1.566,1.5824,1.5889,1.5972000000000002,1.6112000000000002,1.6313,1.6321,1.635,1.6412,1.6441000000000001,1.6551,1.6617000000000002,1.6724,1.6763000000000001,1.6841000000000002,1.6939000000000002,1.699,1.7033,1.7072,1.7115,1.7172,1.7174,1.7267000000000001,1.7353,1.7369,1.7503000000000002,1.7532,1.7635,1.7678,1.7794,1.7827000000000002,1.7924,1.8041,1.8063,1.8079,1.8110000000000002,1.8136,1.8144,1.8204,1.8206,1.8317,1.8397000000000001,1.8491000000000002,1.8513000000000002,1.8542,1.8563,1.8587,1.8709,1.8744,1.8981000000000001,1.9015000000000002,1.9036000000000002,1.9065,1.9187,1.9233,1.9263000000000001,1.9268,1.9271,1.9309,1.9464000000000001,1.9541000000000002,1.9577,1.9609,1.9634,1.9642000000000002,1.965,1.9800000000000002,1.9815,1.9867000000000001,2.0,2.0022,2.0028,2.0047,2.0228,2.0334000000000003,2.0438,2.0442,2.0491,2.0674,2.0746,2.0889,2.0963000000000003,2.1058,2.1098,2.1151,2.1188000000000002,2.1222000000000003,2.1275,2.13,2.1308000000000002,2.1348000000000003,2.1532,2.1566,2.1591,2.1602,2.1646,2.1693000000000002,2.1701,2.1716,2.1755,2.1776,2.1833,2.185,2.1853000000000002,2.1864,2.1904,2.1965,2.2016,2.2068000000000003,2.2077,2.2105,2.2128,2.2276000000000002,2.2445,2.2461,2.2525,2.2657000000000003,2.2661000000000002,2.2729,2.2834000000000003,2.2979000000000003,2.3094,2.3169,2.3204000000000002,2.3334,2.3352,2.3408,2.3449,2.3533,2.3656,2.3661000000000003,2.3681,2.3696,2.3727,2.391,2.4101,2.416,2.4163,2.4178,2.42,2.4217,2.4347000000000003,2.4349000000000003,2.4382,2.4419,2.4433000000000002,2.4454000000000002,2.4532000000000003,2.4673000000000003,2.4782,2.4953000000000003,2.5013,2.5034,2.5055,2.5166,2.5222,2.5234,2.5269,2.5354,2.5532,2.5605,2.5664000000000002,2.5689,2.5723000000000003,2.5755000000000003,2.5788,2.5882,2.5998,2.6023,2.6072,2.6307,2.6339,2.6385,2.6418,2.6441000000000003,2.6443000000000003,2.6499,2.6545,2.6547,2.6706000000000003,2.6722,2.6738,2.6775,2.704,2.7084,2.7106000000000003,2.7116000000000002,2.7131000000000003,2.7238,2.7396000000000003,2.7429,2.7549,2.7633,2.7673,2.7698,2.7756000000000003,2.7795,2.7798000000000003,2.7815000000000003,2.782,2.7918000000000003,2.8002000000000002,2.8058,2.807,2.8102,2.8172,2.8223000000000003,2.8225000000000002,2.8269,2.8441,2.8558000000000003,2.866,2.8696,2.8702,2.8756,2.8895,2.8903000000000003,2.8978,2.9101000000000004,2.9104,2.9152,2.9169,2.9278,2.9315,2.9346,2.938,2.9416,2.9566000000000003,2.9645,2.9688000000000003,2.976,2.9838,2.9841,2.9888000000000003,2.9931,2.9993000000000003,3.0035000000000003,3.0186,3.0282,3.0342000000000002,3.0366,3.0565,3.0618000000000003,3.0717000000000003,3.0778000000000003,3.0865,3.0907,3.0922,3.1154,3.1187,3.1218000000000004,3.1252,3.1494,3.1568,3.1592000000000002,3.1625,3.1768,3.184,3.1883000000000004,3.1935000000000002,3.1941,3.1954000000000002,3.1966,3.1999,3.2048,3.2118,3.2237,3.2323,3.2368,3.2384,3.2601,3.2663,3.2758000000000003,3.3076000000000003,3.3119,3.3143000000000002,3.3152000000000004,3.3184,3.3217000000000003,3.3454,3.3810000000000002,3.3837,3.3878000000000004,3.4007,3.4076,3.4250000000000003,3.4256,3.4286000000000003,3.4331,3.4333,3.4361,3.4503000000000004,3.4536000000000002,3.4553000000000003,3.4764000000000004,3.4795000000000003,3.49,3.4902,3.4947000000000004,3.4973,3.5045,3.5085,3.5135,3.5161000000000002,3.5243,3.5291,3.5327,3.5564,3.5629,3.5668,3.581,3.5967000000000002,3.6014000000000004,3.6023,3.6026000000000002,3.6058000000000003,3.6156,3.6222000000000003,3.6266000000000003,3.6276,3.6278,3.6308000000000002,3.6420000000000003,3.6425,3.6467,3.6473,3.6511,3.6542000000000003,3.6563000000000003,3.6637,3.6660000000000004,3.7044,3.7067,3.713,3.7289000000000003,3.7350000000000003,3.7455000000000003,3.7550000000000003,3.766,3.7853000000000003,3.7864,3.7931000000000004,3.8016,3.8028000000000004,3.8073,3.8089000000000004,3.8132,3.8188,3.8337000000000003,3.8367,3.8404000000000003,3.8442000000000003,3.8503000000000003,3.8520000000000003,3.8581000000000003,3.8689,3.8706,3.8713,3.8871,3.9024,3.9049,3.9127,3.9222,3.9279,3.9325,3.9370000000000003,3.9386,3.9667000000000003,3.9676,3.9699,3.9724000000000004,4.000500000000001,4.01,4.0122,4.0128,4.0152,4.0182,4.0198,4.0346,4.0491,4.0501000000000005,4.0716,4.0767,4.0899,4.0909,4.1039,4.1075,4.1084000000000005,4.127400000000001,4.1286000000000005,4.1384,4.1399,4.146,4.1521,4.155,4.1552,4.1622,4.1624,4.1692,4.1850000000000005,4.1911000000000005,4.2001,4.2033000000000005,4.2049,4.2051,4.2053,4.2156,4.2183,4.2234,4.226,4.2268,4.2293,4.2351,4.2458,4.2469,4.2501,4.2681000000000004,4.2691,4.2709,4.272600000000001,4.286700000000001,4.291300000000001,4.3019,4.305400000000001,4.3085,4.3239,4.3394,4.3596,4.3703,4.371300000000001,4.373600000000001,4.3791,4.3949,4.3991,4.4047,4.418,4.4187,4.4234,4.433800000000001,4.4371,4.4382,4.4415000000000004,4.4452,4.4522,4.4572,4.4599,4.4604,4.4721,4.4728,4.478800000000001,4.4885,4.49,4.4969,4.4981,4.5049,4.5149,4.5151,4.5164,4.5361,4.538,4.5414,4.5545,4.5563,4.5632,4.5647,4.572900000000001,4.581,4.5876,4.5926,4.5952,4.6022,4.6046000000000005,4.6064,4.609100000000001,4.6098,4.6113,4.615,4.6167,4.6231,4.6245,4.6343000000000005,4.6383,4.6402,4.6405,4.6549000000000005,4.6625000000000005,4.669700000000001,4.6770000000000005,4.6837,4.6848,4.6852,4.6855,4.6859,4.6938,4.7027,4.7135,4.7148,4.715,4.7156,4.7301,4.7414000000000005,4.7617,4.7667,4.7695,4.7706,4.7731,4.7826,4.7864,4.8071,4.814900000000001,4.8260000000000005,4.8456,4.8585,4.8592,4.8615,4.8683000000000005,4.8743,4.8824000000000005,4.8956,4.9108,4.911300000000001,4.9146,4.915,4.9209000000000005,4.9234,4.924300000000001,4.925800000000001,4.934200000000001,4.951700000000001,4.9527,4.96,4.969,4.9886,4.998
39953:0.14780000000000001,0.3529,0.5971000000000001,0.8496,1.5176,2.0149,3.6009,3.9729,4.8156,4.8257
40093:0.0218,0.0519,0.07690000000000001,0.1139,0.1307,0.1715,0.1875,0.21200000000000002,0.2457,0.26890000000000003,0.2978,0.3241,0.3519,0.37270000000000003,0.38580000000000003,0.41400000000000003,0.4269,0.4465,0.46390000000000003,0.4888,0.5116,0.5532,0.5695,0.5976,0.6392,0.6624,0.6766,0.6969000000000001,0.7152000000000001,0.7507,0.77,0.8036000000000001,0.8213,0.8440000000000001,0.8593000000000001,0.8832000000000001,0.9052,0.9288000000000001,0.9614,0.9810000000000001,1.0019,1.0296,1.0512000000000001,1.0694000000000001,1.0974000000000002,1.1267,1.1438000000000001,1.175,1.2072,1.2194,1.2338,1.2603,1.2776,1.2931000000000001,1.3169,1.3304,1.3663,1.3782,1.4052,1.4358,1.4598,1.4755,1.491,1.5108000000000001,1.5282,1.5529000000000002,1.5836000000000001,1.6122,1.6331,1.6486,1.6711,1.6918,1.7172,1.7312,1.7556,1.7750000000000001,1.7945,1.8167,1.8426,1.873,1.9094,1.9324000000000001,1.9609,1.9924000000000002,2.0145,2.0388,2.0602,2.0832,2.1151,2.1419,2.1592000000000002,2.1771000000000003,2.1987,2.2141,2.2284,2.2476000000000003,2.2663,2.2845,2.305,2.3184,2.3382,2.3564000000000003,2.3732,2.4023000000000003,2.4182,2.4391000000000003,2.454,2.4741,2.4895,2.5161000000000002,2.5337,2.5562,2.5845000000000002,2.6105,2.6253,2.6495,2.6776,2.6932,2.709,2.7373000000000003,2.7645,2.7861000000000002,2.8105,2.8369,2.8602000000000003,2.882,2.8987000000000003,2.9188,2.9338,2.9562,2.9805,2.9993000000000003,3.0212000000000003,3.0426,3.0655,3.0816000000000003,3.1071,3.1275,3.1482,3.1598,3.1779,3.1964,3.2149,3.233,3.2521,3.2679,3.2917,3.3101000000000003,3.3277,3.3531,3.3795,3.4079,3.4296,3.4435000000000002,3.4689,3.4955000000000003,3.5148,3.5459,3.5659,3.5897,3.6206,3.6507,3.6830000000000003,3.7075,3.7183,3.73,3.7471,3.7692,3.7813000000000003,3.8009000000000004,3.8148,3.8353,3.8604000000000003,3.8897000000000004,3.9079,3.9313000000000002,3.9539,3.9730000000000003,3.9892000000000003,4.0231,4.0571,4.0841,4.1106,4.1324000000000005,4.157500000000001,4.1794,4.198,4.216200000000001,4.234100000000001,4.2539,4.2674,4.291,4.3087,4.322900000000001,4.339,4.3568,4.3788,4.4055,4.4270000000000005,4.4518,4.4702,4.4959,4.514,4.5435,4.558800000000001,4.5782,4.6005,4.6371,4.6607,4.6834,4.706,4.7296000000000005,4.752800000000001,4.7713,4.7965,4.825,4.8525,4.8771,4.8943,4.9134,4.9328,4.9604,4.988700000000001
40277:0.0035,0.0043,0.021,0.0286,0.030100000000000002,0.042,0.0639,0.0641,0.081,0.08940000000000001,0.1082,0.11620000000000001,0.1169,0.13440000000000002,0.1477,0.1489,0.1516,0.1578,0.16,0.16820000000000002,0.1869,0.19240000000000002,0.2001,0.2025,0.2036,0.20420000000000002,0.21030000000000001,0.2165,0.2172,0.22030000000000002,0.2316,0.24150000000000002,0.2494,0.25270000000000004,0.2558,0.25670000000000004,0.26330000000000003,0.2662,0.27030000000000004,0.2716,0.2728,0.2805,0.28340000000000004,0.2902,0.3018,0.3055,0.3119,0.3138,0.31720000000000004,0.323,0.3236,0.3345,0.3351,0.3387,0.342,0.3432,0.3534,0.381,0.402,0.40850000000000003,0.4097,0.4227,0.42750000000000005,0.42910000000000004,0.4325,0.43960000000000005,0.44880000000000003,0.4525,0.45830000000000004,0.4626,0.46780000000000005,0.47550000000000003,0.48090000000000005,0.4823,0.49050000000000005,0.49870000000000003,0.5087,0.5095000000000001,0.5118,0.5165000000000001,0.5172,0.5224,0.5244,0.5345,0.5428000000000001,0.5484,0.5603,0.5626,0.5680000000000001,0.5710000000000001,0.5715,0.5777,0.5820000000000001,0.5943,0.5975,0.6059,0.6102000000000001,0.6117,0.6163000000000001,0.6172000000000001,0.6177,0.6194000000000001,0.6196,0.6223000000000001,0.6288,0.6309,0.6395000000000001,0.642,0.6469,0.6512,0.6568,0.6686000000000001,0.6805,0.6945,0.7201000000000001,0.7295,0.7339,0.7345,0.7353000000000001,0.7423000000000001,0.7438,0.751,0.7563000000000001,0.7649,0.7805000000000001,0.7808,0.7814,0.7825000000000001,0.7844,0.7939,0.8086,0.8122,0.8210000000000001,0.8236,0.8307,0.8314,0.8358,0.8415,0.8441000000000001,0.8470000000000001,0.8482000000000001,0.8485,0.8569,0.8691000000000001,0.8713000000000001,0.8878,0.9034000000000001,0.9056000000000001,0.9147000000000001,0.9158000000000001,0.9186000000000001,0.9232,0.9458000000000001,0.9486,0.9564,0.9632000000000001,0.9767,0.9796,0.9836,1.0052,1.0149000000000001,1.016,1.0192,1.0272000000000001,1.0350000000000001,1.0379,1.0415,1.0417,1.0471000000000001,1.0504,1.0749,1.0801,1.0918,1.1033,1.104,1.1048,1.1064,1.11,1.1176000000000001,1.1178000000000001,1.1194,1.1317000000000002,1.1424,1.1441000000000001,1.1447,1.1461000000000001,1.1579000000000002,1.1586,1.1640000000000001,1.171,1.1988,1.2098,1.215,1.217,1.221,1.2225000000000001,1.2316,1.2375,1.248,1.2505000000000002,1.2563,1.2565,1.2621,1.2668000000000001,1.2697,1.2803,1.3081,1.3199,1.3219,1.3266,1.3324,1.3331000000000002,1.3341,1.3418,1.3447,1.3543,1.3566,1.3596000000000001,1.3623,1.3673,1.3782,1.3796000000000002,1.3904,1.3942,1.3947,1.3981000000000001,1.3985,1.4058000000000002,1.4125,1.4208,1.4277,1.4291,1.4438,1.4527,1.4624000000000001,1.4726000000000001,1.4744000000000002,1.4925000000000002,1.4983,1.5004000000000002,1.5017,1.51,1.5266000000000002,1.5292000000000001,1.5417,1.5424,1.5475,1.5601,1.5641,1.5677,1.5826,1.5902,1.5904,1.5973000000000002,1.5991,1.5999,1.6001,1.6023,1.6032000000000002,1.6206,1.6282,1.6295000000000002,1.6342,1.6378000000000001,1.6380000000000001,1.6400000000000001,1.6445,1.6464,1.647,1.6573,1.6689,1.6760000000000002,1.6903000000000001,1.6939000000000002,1.6946,1.6961000000000002,1.7004000000000001,1.7025000000000001,1.7044000000000001,1.7064000000000001,1.7076,1.7136,1.7252,1.7273,1.7286000000000001,1.7436,1.7533,1.7572,1.758,1.7648000000000001,1.7684000000000002,1.7743,1.7844,1.7874,1.7879,1.7941,1.7943,1.7969000000000002,1.7984,1.804,1.8107,1.8309000000000002,1.8395000000000001,1.8432000000000002,1.8479,1.8504,1.8605,1.8744,1.8762,1.8802,1.8821,1.8861,1.893,1.8952,1.9008,1.9034,1.9088,1.9215,1.9302000000000001,1.9342000000000001,1.9433,1.9480000000000002,1.9539000000000002,1.9560000000000002,1.9615,1.9664000000000001,1.9828000000000001,1.9867000000000001,1.9878,1.9881000000000002,1.9937,1.9966000000000002,2.0099,2.0136000000000003,2.0194,2.0302000000000002,2.0352,2.0442,2.0444,2.0451,2.0500000000000003,2.0511,2.0517000000000003,2.0599000000000003,2.0729,2.079,2.0839000000000003,2.0863,2.0866000000000002,2.0882,2.0921000000000003,2.0991,2.1018,2.1144000000000003,2.1282,2.129,2.1299,2.1301,2.1519,2.1635,2.1689000000000003,2.1695,2.1755,2.1838,2.1873,2.1923,2.2017,2.2055000000000002,2.2143,2.2243,2.2284,2.2396000000000003,2.2583,2.2606,2.2684,2.2812,2.3103000000000002,2.3209,2.3413,2.3539000000000003,2.365,2.3748,2.3788,2.3959,2.4008000000000003,2.4164000000000003,2.4428,2.4454000000000002,2.4471000000000003,2.4568000000000003,2.4673000000000003,2.4688000000000003,2.4862,2.4928,2.5014000000000003,2.5077000000000003,2.5103,2.5143,2.5238,2.5289,2.5292000000000003,2.5585,2.5632,2.5711,2.5718,2.5722,2.5786000000000002,2.5799000000000003,2.5862000000000003,2.5986000000000002,2.5992,2.603,2.6039000000000003,2.6262000000000003,2.6385,2.6431,2.6523000000000003,2.6537,2.6571000000000002,2.6575,2.658,2.6615,2.6910000000000003,2.6976,2.7148000000000003,2.7151,2.7178,2.7325,2.7363,2.7373000000000003,2.7448,2.7558000000000002,2.7603,2.7611000000000003,2.7732,2.7761,2.7788,2.7831,2.8019000000000003,2.8044000000000002,2.8052,2.8179000000000003,2.8231,2.8253,2.8267,2.8388,2.842,2.8512,2.8515,2.8602000000000003,2.8615,2.8633,2.8678000000000003,2.8688000000000002,2.8767,2.8785000000000003,2.8805,2.8838,2.8866,2.8914,2.8953,2.9087,2.9181000000000004,2.9309000000000003,2.9501,2.9512,2.9699,2.9747000000000003,2.9784,2.9810000000000003,2.9844,2.9888000000000003,3.0051,3.0069000000000004,3.0095,3.0102,3.0118,3.0330000000000004,3.0421,3.0435000000000003,3.0554,3.0655,3.0681000000000003,3.0729,3.1085000000000003,3.1114,3.1346000000000003,3.144,3.1445000000000003,3.1569000000000003,3.1670000000000003,3.1709,3.1717,3.1725000000000003,3.1737,3.1746000000000003,3.1826000000000003,3.1829,3.1853000000000002,3.1903,3.197,3.2028000000000003,3.2264,3.2318000000000002,3.2341,3.2343,3.2456,3.2478000000000002,3.2514000000000003,3.2583,3.2680000000000002,3.2682,3.2738,3.2782,3.2845,3.2880000000000003,3.2904,3.2921,3.3067,3.3244000000000002,3.3347,3.3398000000000003,3.3404000000000003,3.3421000000000003,3.3451,3.35,3.3645,3.3659000000000003,3.3697000000000004,3.3713,3.3735,3.3839,3.3984,3.4145000000000003,3.4175,3.4177,3.43,3.4336,3.4397,3.4493,3.4525,3.4614000000000003,3.4636,3.4654000000000003,3.4833000000000003,3.4916,3.4932000000000003,3.5050000000000003,3.5167,3.5256000000000003,3.5283,3.5288000000000004,3.5357000000000003,3.5512,3.5525,3.5541,3.5589,3.5609,3.5622000000000003,3.5632,3.5671000000000004,3.5722,3.5784000000000002,3.5832,3.5846,3.5849,3.6015,3.6045000000000003,3.6057,3.6072,3.6076,3.6270000000000002,3.6382000000000003,3.6387,3.6525000000000003,3.6535,3.6544000000000003,3.6565000000000003,3.6577,3.6619,3.669,3.6787,3.6961000000000004,3.7008,3.705,3.7110000000000003,3.7119,3.7189,3.7266000000000004,3.7314000000000003,3.7351,3.7391,3.7517,3.7536,3.7582,3.7593,3.7628000000000004,3.7695000000000003,3.7753,3.7781000000000002,3.7843,3.7885,3.7938,3.7968,3.8015000000000003,3.8175000000000003,3.8217000000000003,3.8373000000000004,3.8379000000000003,3.8492,3.8607,3.861,3.8653000000000004,3.8677,3.8719,3.874,3.8809,3.8821000000000003,3.8832,3.8915,3.8922000000000003,3.8972,3.9013,3.9071000000000002,3.9094,3.9105000000000003,3.9109000000000003,3.9182,3.9279,3.9354,3.9388,3.9458,3.9521,3.9618,3.9679,3.9775,3.9822,3.9858000000000002,3.9872,3.988,3.9941,3.9949000000000003,4.0157,4.0171,4.0200000000000005,4.025,4.0419,4.0456,4.0526,4.063000000000001,4.067200000000001,4.0689,4.069500000000001,4.079400000000001,4.0801,4.0896,4.1019000000000005,4.1108,4.1169,4.1212,4.1240000000000006,4.1404000000000005,4.146,4.1471,4.1524,4.182300000000001,4.1826,4.1897,4.2018,4.202,4.2125,4.2172,4.2348,4.2461,4.246300000000001,4.2475000000000005,4.2502,4.2571,4.261,4.262700000000001,4.2629,4.2780000000000005,4.2805,4.2876,4.2901,4.2933,4.2949,4.2985,4.3057,4.3063,4.3116,4.3121,4.3124,4.3209,4.3238,4.3284,4.3481000000000005,4.3483,4.3546000000000005,4.3647,4.37,4.3753,4.384,4.3864,4.3888,4.3955,4.3969000000000005,4.3986,4.4066,4.4081,4.4119,4.4204,4.4224000000000006,4.4268,4.4321,4.4325,4.4395,4.4572,4.4579,4.4597,4.4602,4.4735000000000005,4.476500000000001,4.4922,4.5102,4.5208,4.5253000000000005,4.5288,4.5307,4.5328,4.5353,4.5379000000000005,4.5471,4.5479,4.551,4.555000000000001,4.5604000000000005,4.5619000000000005,4.5758,4.5782,4.5798000000000005,4.6386,4.6422,4.6530000000000005,4.6592,4.6616,4.6686000000000005,4.6727,4.6731,4.6965,4.7012,4.7135,4.721,4.7244,4.7257,4.7283,4.730700000000001,4.7393,4.7504,4.7541,4.7634,4.7667,4.7673000000000005,4.783,4.7835,4.7853,4.8053,4.807,4.8099,4.8184000000000005,4.8201,4.828,4.8299,4.837400000000001,4.841200000000001,4.843100000000001,4.845000000000001,4.8478,4.853400000000001,4.8543,4.8605,4.8658,4.8662,4.8925,4.897,4.899900000000001,4.9064000000000005,4.9144000000000005,4.9184,4.9302,4.9377,4.9413,4.9488,4.9577,4.9663,4.9695,4.9839,4.9885,4.9935
40577:0.1285,0.22640000000000002,0.366,0.4702,0.7345,1.0070000000000001,1.478,1.6560000000000001,1.9626000000000001,2.7072000000000003,2.9364000000000003,3.2375000000000003,3.3642000000000003,3.4303000000000003,3.5899,3.7117,3.8153,3.9850000000000003,4.2267,4.4069
40752:0.3743,0.48160000000000003,0.5808,2.5307,2.9466,4.165900000000001,4.2988
40760:0.3398,0.6751,0.8364,0.9153,1.5055,2.0049,2.2143,3.5857,3.7749,3.9616000000000002,4.1238,4.3486,4.803100000000001,4.8175
41371:0.035300000000000005,0.2958,0.37370000000000003,0.4948,0.7025,0.8550000000000001,0.8987,1.0486,1.1139000000000001,1.2432,1.3215000000000001,1.4218000000000002,1.4961,1.6075000000000002,1.8438,2.0099,2.1959,2.2602,2.5511,2.6242,2.7293000000000003,2.8163,2.8459000000000003,2.9122000000000003,3.0258000000000003,3.1661,3.4475000000000002,3.4866,3.5345,3.6005000000000003,3.7059,3.9755000000000003,4.0385,4.1147,4.2035,4.3091,4.3441,4.3991,4.532900000000001,4.678,4.7782,4.8165000000000004,4.8862000000000005,4.9305
41485:0.054,0.07680000000000001,0.1338,0.1981,0.37370000000000003,0.3865,0.41300000000000003,0.6088,0.6678000000000001,0.7182000000000001,0.8586,0.9958,1.0297,1.0616,1.1429,1.3261,1.3758000000000001,1.4092,1.4971,1.5884,1.7197,1.8449,1.8549,1.8827,1.9958,2.0620000000000003,2.1319,2.2827,2.5271,2.6087000000000002,2.6487000000000003,2.7033,2.7232000000000003,2.8162000000000003,3.0002,3.1251,3.2229,3.4666,3.5273000000000003,3.5935,3.7833,3.8402000000000003,3.9521,3.9859,4.0494,4.1146,4.1902,4.2438,4.3446,4.4035,4.4609000000000005,4.5557,4.680000000000001,4.7468,4.7705,4.800800000000001,4.912100000000001,4.9378
41678:0.4672,0.8561000000000001,0.9833000000000001,1.2041,1.2295,1.2615,1.4579,1.8168000000000002,2.1707,2.3064,2.3768000000000002,2.9012000000000002,3.1562,3.2576,3.2825,3.3479,3.7296,3.8150000000000004,4.2369,4.264600000000001,4.3218000000000005,4.5873,4.8867
41695:0.06380000000000001,0.11420000000000001,0.17320000000000002,0.22410000000000002,0.2581,0.3402,0.38580000000000003,0.5322,0.6326,0.6703,0.7016,0.7439,0.7968000000000001,0.8522000000000001,0.899,0.9838,1.0356,1.1003,1.1715,1.2235,1.2763,1.3292000000000002,1.397,1.463,1.5007000000000001,1.5516,1.6600000000000001,1.7029,1.7849000000000002,1.8481,1.8895000000000002,1.9415,1.9837,2.0218000000000003,2.0866000000000002,2.1846,2.2138,2.2956000000000003,2.3425000000000002,2.4055,2.4444,2.4769,2.5307,2.5774,2.6295,2.6996,2.7888,2.8252,2.8968000000000003,2.9483,3.007,3.0513000000000003,3.0874,3.1495,3.192,3.2119,3.2469,3.3041,3.3425000000000002,3.3821000000000003,3.4232,3.4894000000000003,3.5782000000000003,3.6317000000000004,3.6832000000000003,3.7561,3.8189,3.8529,3.8945000000000003,3.9347000000000003,3.9963,4.1324000000000005,4.1623,4.2174000000000005,4.2683,4.3121,4.362,4.410200000000001,4.4508,4.5113,4.5756000000000006,4.626,4.6928,4.724600000000001,4.7784,4.8321000000000005,4.9524
41881:0.041,0.08030000000000001,0.1163,0.1575,0.25620000000000004,0.3174,0.41350000000000003,0.5747,0.6407,0.675,0.7085,0.7941,0.8371000000000001,0.8973000000000001,0.9619000000000001,1.0095,1.0370000000000001,1.0754000000000001,1.1206,1.1578000000000002,1.1954,1.2279,1.2941,1.3464,1.4009,1.4853,1.5069000000000001,1.5921,1.6420000000000001,1.7108,1.7995,1.8542,1.8947,1.9577,1.9953,2.064,2.1177,2.1817,2.2217000000000002,2.2548,2.3009,2.3451,2.4095,2.4503,2.4915000000000003,2.5585,2.6228000000000002,2.6794000000000002,2.7116000000000002,2.7908,2.8648000000000002,2.9587000000000003,3.0104,3.0738000000000003,3.1522,3.1971000000000003,3.2458,3.2838000000000003,3.323,3.3658,3.4037,3.4408000000000003,3.4995000000000003,3.6153,3.6470000000000002,3.7435,3.8412,3.8974,3.9399,4.008,4.0955,4.1421,4.1746,4.2007,4.2629,4.292,4.3372,4.3928,4.4867,4.5488,4.6292,4.6963,4.7529,4.8792,4.917,4.9594000000000005
42146:0.099,0.2336,1.0005,1.1396,1.3144,1.5499,1.9125,2.0131,2.4507000000000003,2.5089,2.6106000000000003,2.9245,3.1254,3.3939000000000004,3.5589,3.6698000000000004,4.0264,4.109,4.1197,4.3495,4.5925,4.8723,4.961
42202:0.0488,0.0632,0.09960000000000001,0.1496,0.1985,0.2495,0.3004,0.3453,0.3799,0.44,0.5207,0.5726,0.6315000000000001,0.6674,0.6977,0.7328,0.7827000000000001,0.8179000000000001,0.8531000000000001,0.8947,0.9653,1.0072,1.0396,1.0974000000000002,1.1518000000000002,1.1992,1.2309,1.2721,1.2953000000000001,1.3796000000000002,1.4479,1.4967000000000001,1.5350000000000001,1.5663,1.6354000000000002,1.6842000000000001,1.7116,1.7616,1.8196,1.8718000000000001,1.9122000000000001,1.9546000000000001,1.9943000000000002,2.0413,2.0862000000000003,2.1446,2.1865,2.2156000000000002,2.2538,2.302,2.338,2.4061,2.4450000000000003,2.4776000000000002,2.5180000000000002,2.5578000000000003,2.5916,2.6292,2.6788000000000003,2.7058,2.7506,2.7920000000000003,2.8277,2.8952,2.9381,2.9699,3.0098000000000003,3.0576000000000003,3.0887000000000002,3.1476,3.1761000000000004,3.2018,3.24,3.2833,3.3263000000000003,3.3545000000000003,3.3868,3.4236,3.4737,3.5284,3.5721000000000003,3.6127000000000002,3.6420000000000003,3.6848,3.7161,3.7609000000000004,3.8178,3.8483,3.89,3.9280000000000004,3.9775,4.0339,4.1159,4.1491,4.2157,4.2588,4.2981,4.3331,4.365,4.4085,4.444500000000001,4.4884,4.5238000000000005,4.5739,4.6246,4.6936,4.7275,4.773000000000001,4.8155,4.8468,4.905,4.9496
42347:0.0251,0.1092,0.1458,0.2202,0.2999,0.3603,0.4642,0.5696,0.645,0.7162000000000001,0.7904,0.8577,0.9505,1.0661,1.1729,1.2586000000000002,1.3269,1.4184,1.5311000000000001,1.5884,1.6402,1.7452,1.7962,1.8525,1.9043,1.9704000000000002,2.0248,2.0598,2.1589,2.2104,2.3372,2.458,2.5226,2.6172,2.669,2.7586,2.821,2.9046000000000003,2.9549000000000003,3.0911,3.2165000000000004,3.3131000000000004,3.4363,3.5414000000000003,3.5924,3.6716,3.7546000000000004,3.8002000000000002,3.8569,3.9209,3.9742,4.0167,4.0762,4.177700000000001,4.2727,4.3177,4.4015,4.5254,4.6139,4.7032,4.808800000000001,4.8646,4.9707
42648:0.0451,0.07680000000000001,0.1091,0.1296,0.24230000000000002,0.2872,0.3295,0.38530000000000003,0.4833,0.5384,0.6099,0.6643,0.7455,0.8128000000000001,0.8513000000000001,0.8913000000000001,1.0233,1.0566,1.1079,1.2649000000000001,1.308,1.4676,1.494,1.5842,1.6929,1.8414000000000001,1.8535000000000001,1.8864,1.9589,1.9958,2.0635,2.0911,2.1926,2.4143000000000003,2.5071000000000003,2.5347,2.6482,2.6964,2.8091,2.8365,2.934,3.004,3.0245,3.1272,3.1596,3.2261,3.3855,3.4682,3.4997000000000003,3.5767,3.6846,3.7336,3.7814,3.8236000000000003,3.9492000000000003,3.98,4.0176,4.0736,4.1122000000000005,4.1997,4.2165,4.309200000000001,4.3413,4.389,4.4507,4.5101,4.5892,4.7728,4.7994,4.8748000000000005,4.9143,4.964
42923:0.12340000000000001,0.1739,0.2681,0.4716,0.7193,0.9089,0.9927,1.1923000000000001,1.2873,1.3273000000000001,1.4042000000000001,1.4718,1.5693000000000001,1.6511,1.7114,1.9554,2.0842,2.1659,2.2497000000000003,2.3667000000000002,2.5117000000000003,2.5748,2.6604,2.769,2.8514,2.9481,2.9709000000000003,3.1954000000000002,3.3695,3.4293,3.4973,3.5905,3.7949,3.8958000000000004,3.9364000000000003,4.0864,4.2255,4.3136,4.4114,4.692,4.7309,4.9809
42925:0.0848
42964:0.0188,0.0446,0.062200000000000005,0.07930000000000001,0.0954,0.113,0.15180000000000002,0.1705,0.1955,0.21050000000000002,0.22210000000000002,0.24680000000000002,0.2579,0.2848,0.3057,0.328,0.3492,0.3672,0.38370000000000004,0.4087,0.4339,0.4677,0.499,0.5174,0.5371,0.5556,0.5870000000000001,0.6028,0.6226,0.6425000000000001,0.6606000000000001,0.6728000000000001,0.6883,0.7011000000000001,0.7123,0.7293000000000001,0.7569,0.7755000000000001,0.7944,0.8165,0.8428,0.8577,0.8764000000000001,0.8983000000000001,0.9137000000000001,0.937,0.9602,0.9831000000000001,1.0,1.0258,1.0403,1.0531000000000001,1.0772000000000002,1.0997000000000001,1.1209,1.1491,1.1701000000000001,1.1905000000000001,1.2045000000000001,1.2217,1.2383,1.2506000000000002,1.2742,1.2897,1.3163,1.3432000000000002,1.3709,1.3932,1.4101000000000001,1.4362000000000001,1.456,1.4689,1.4986000000000002,1.5201,1.5402,1.5588000000000002,1.5748,1.601,1.6313,1.6559000000000001,1.6793,1.7004000000000001,1.7112,1.731,1.7567000000000002,1.7817,1.7992000000000001,1.8168000000000002,1.8375000000000001,1.8527,1.8688,1.8863,1.9091,1.9325,1.9515,1.9744000000000002,1.9899,2.0106,2.0329,2.0572,2.0832,2.112,2.1384000000000003,2.1599,2.1773000000000002,2.1909,2.2087,2.2337000000000002,2.2497000000000003,2.2864,2.2988,2.3212,2.3393,2.3617,2.3908,2.404,2.4248000000000003,2.4416,2.4594,2.4725,2.4996,2.5187,2.5296000000000003,2.5536000000000003,2.5737,2.5973,2.6143,2.6363000000000003,2.6603000000000003,2.6813000000000002,2.6997,2.72,2.7452,2.766,2.7876000000000003,2.8066,2.8227,2.8479,2.8755,2.8956,2.915,2.938,2.9537,2.9701,3.0008000000000004,3.0134000000000003,3.0289,3.0478,3.0672,3.0865,3.101,3.1239000000000003,3.1436,3.1572,3.1678,3.1892,3.2038,3.2148000000000003,3.2361,3.2572,3.2783,3.3035,3.3158000000000003,3.3323,3.3497000000000003,3.3637,3.3868,3.4006000000000003,3.4129,3.4272,3.4544,3.4705000000000004,3.4895,3.5010000000000003,3.5234,3.5477000000000003,3.5673000000000004,3.5862000000000003,3.611,3.6303,3.6436,3.6596,3.6815,3.7006,3.7228000000000003,3.7458,3.7668000000000004,3.7916000000000003,3.8167,3.8349,3.8471,3.8722000000000003,3.8928000000000003,3.9117,3.9335,3.9476,3.9645,3.9863000000000004,4.0014,4.0176,4.0416,4.0737000000000005,4.0896,4.1116,4.1303,4.1426,4.1614,4.1912,4.2136000000000005,4.2378,4.2551000000000005,4.2739,4.2942,4.314900000000001,4.335,4.3587,4.3762,4.402200000000001,4.4203,4.4387,4.4562,4.4787,4.5015,4.5205,4.5404,4.5599,4.5759,4.6003,4.6223,4.6397,4.664000000000001,4.6906,4.7091,4.7241,4.7578000000000005,4.7747,4.7946,4.8097,4.829400000000001,4.8463,4.8619,4.8905,4.9101,4.9326,4.9507,4.9697000000000005,4.992900000000001
43202:0.14750000000000002,0.34190000000000004,0.5869,0.6793,0.8394,0.921,1.5031,2.0096000000000003,2.2208,2.8912,3.5895,3.9625000000000004,4.1429,4.3568,4.8062000000000005
43862:2.7698,3.0921000000000003,3.8769,3.9490000000000003
43978:0.0181,0.046900000000000004,0.0707,0.092,0.112,0.12840000000000001,0.1477,0.16720000000000002,0.18610000000000002,0.20720000000000002,0.2291,0.2523,0.2686,0.2858,0.3014,0.3209,0.3422,0.3662,0.3849,0.40740000000000004,0.4232,0.43720000000000003,0.453,0.4675,0.48810000000000003,0.5116,0.5298,0.5588000000000001,0.5768,0.596,0.6173000000000001,0.6371,0.6619,0.682,0.6988000000000001,0.7120000000000001,0.7269,0.7454000000000001,0.7644000000000001,0.7883,0.8118000000000001,0.8320000000000001,0.8472000000000001,0.86,0.8779,0.8959,0.9085000000000001,0.9274,0.9505,0.9658,0.9836,0.9941000000000001,1.0187,1.04,1.0553000000000001,1.0732000000000002,1.0871,1.1012,1.119,1.1346,1.1459000000000001,1.1652,1.177,1.2003000000000001,1.2162,1.2305000000000001,1.2472,1.2605,1.2748000000000002,1.2904,1.3192000000000002,1.3382,1.3518000000000001,1.3741,1.3903,1.4127,1.4246,1.4441000000000002,1.4669,1.4851,1.4973,1.5129000000000001,1.5262,1.5416,1.5619,1.5803,1.5926,1.6084,1.6251,1.6415000000000002,1.6546,1.6735,1.6898000000000002,1.7071,1.7179,1.7334,1.7583,1.7836,1.7979,1.8159,1.8327,1.8538000000000001,1.868,1.8880000000000001,1.9095000000000002,1.9335,1.9546000000000001,1.9729,1.9875,2.0102,2.0401000000000002,2.0616,2.077,2.1008,2.1216,2.1383,2.1567000000000003,2.1707,2.1821,2.197,2.2094,2.2196000000000002,2.2379000000000002,2.2513,2.2872,2.3102,2.3274,2.3377000000000003,2.3505000000000003,2.3629000000000002,2.3773,2.3941,2.4153000000000002,2.4409,2.456,2.4723,2.486,2.5017,2.5167,2.531,2.5549,2.576,2.5949,2.6106000000000003,2.6307,2.6489000000000003,2.6679,2.6881,2.7073,2.7219,2.7478000000000002,2.7611000000000003,2.7743,2.7905,2.8119,2.8298,2.8445,2.8549,2.8721,2.8913,2.9061000000000003,2.9210000000000003,2.9377,2.9535,2.9713000000000003,2.9886,3.0046,3.0181,3.0402,3.0684,3.0906000000000002,3.1124,3.1303,3.1497,3.1673,3.18,3.1911,3.2033,3.2179,3.2325000000000004,3.2465,3.2644,3.2792000000000003,3.3007,3.323,3.3489,3.3678000000000003,3.383,3.4018,3.4200000000000004,3.4432,3.4593000000000003,3.4836,3.4993000000000003,3.5185,3.535,3.5526,3.5684,3.5831,3.6031,3.6221,3.6456000000000004,3.6652,3.6877,3.7031,3.7223,3.7351,3.7571000000000003,3.7771000000000003,3.7913,3.8101000000000003,3.8203,3.8363,3.8519,3.8689,3.8898,3.9072,3.9195,3.9314,3.9642000000000004,3.9788,3.9951000000000003,4.0095,4.0244,4.0406,4.0608,4.0767,4.1005,4.1199,4.1322,4.1539,4.1675,4.1866,4.2068,4.2172,4.2328,4.2476,4.2611,4.2739,4.296600000000001,4.3124,4.324,4.339300000000001,4.3583,4.3702000000000005,4.3889000000000005,4.403700000000001,4.4217,4.4411000000000005,4.4648,4.4881,4.5037,4.5225,4.538600000000001,4.5513,4.5735,4.5863000000000005,4.6085,4.6275,4.646,4.6623,4.6872,4.7001,4.7272,4.7506,4.7721,4.7831,4.7983,4.814900000000001,4.8311,4.849,4.8669,4.883500000000001,4.8987,4.9275,4.9485,4.9649,4.9916
44709:0.0733,1.9232,3.4596,4.8133
44744:0.5880000000000001
44892:0.3386,0.672,0.8353,0.9173,1.4998,2.0024,2.2187,2.8817,3.5857,3.9599,4.1395,4.3467,4.8032
45064:0.1399,0.3584,0.4772,0.5812,1.0011,2.5284,2.9476,3.5945,3.7761,3.9570000000000003,4.1588
45143:0.0223,0.0425,0.0579,0.0717,0.08170000000000001,0.099,0.1194,0.1343,0.1476,0.16690000000000002,0.1794,0.19890000000000002,0.20770000000000002,0.2204,0.2368,0.25270000000000004,0.27,0.2927,0.30870000000000003,0.3259,0.33640000000000003,0.3598,0.369,0.389,0.39930000000000004,0.4315,0.45380000000000004,0.46780000000000005,0.48910000000000003,0.5063,0.5183,0.5352,0.5511,0.5792,0.609,0.6309,0.6438,0.6599,0.6693,0.6884,0.7117,0.7445,0.7557,0.7805000000000001,0.7938000000000001,0.8281000000000001,0.8410000000000001,0.8575,0.8823000000000001,0.9182,0.9337000000000001,0.9491,0.9683,0.9807,1.0070000000000001,1.0275,1.0384,1.0612000000000001,1.0737,1.0927,1.1111,1.1208,1.1368,1.1557,1.169,1.198,1.2176,1.2291,1.2597,1.2779,1.3156,1.3267,1.3437000000000001,1.3616000000000001,1.3695000000000002,1.3942,1.4062000000000001,1.4231,1.4463000000000001,1.4684000000000001,1.4803000000000002,1.4967000000000001,1.5128000000000001,1.5237,1.5408000000000002,1.5593000000000001,1.5862,1.5944,1.6121,1.6320000000000001,1.6426,1.6699000000000002,1.6836,1.7067,1.7181000000000002,1.7322000000000002,1.7449000000000001,1.7602,1.7823,1.7938,1.8183,1.8439,1.8653000000000002,1.8900000000000001,1.9060000000000001,1.9262000000000001,1.9495,1.9623000000000002,1.9829,1.9999,2.0178000000000003,2.0303,2.0554,2.0657,2.0931,2.1183,2.132,2.146,2.1696,2.1797,2.1963,2.242,2.2523,2.2787,2.3048,2.3199,2.3345000000000002,2.3493,2.3631,2.3815,2.4058,2.4153000000000002,2.4267000000000003,2.4512,2.4617,2.4827,2.4995000000000003,2.5206,2.5356,2.5575,2.5748,2.5900000000000003,2.6025,2.6164,2.6317,2.6515,2.6705,2.6908000000000003,2.7012,2.7248,2.7511,2.7676000000000003,2.7867,2.8097000000000003,2.8215000000000003,2.8431,2.8543000000000003,2.8703000000000003,2.9032,2.9215,2.9333,2.9485,2.9629000000000003,2.9835000000000003,2.9956,3.0166,3.067,3.0745,3.0937,3.117,3.1390000000000002,3.1469,3.1599,3.1765000000000003,3.2006,3.2115,3.2383,3.2524,3.2602,3.2792000000000003,3.2929,3.3042000000000002,3.3176,3.3338,3.3585000000000003,3.3773,3.3966000000000003,3.4080000000000004,3.4226,3.4327,3.4472,3.459,3.4733,3.4993000000000003,3.5162,3.5340000000000003,3.5516,3.5751000000000004,3.5881000000000003,3.6065,3.6184000000000003,3.6485000000000003,3.6657,3.6780000000000004,3.7025,3.7168,3.7319,3.7550000000000003,3.7695000000000003,3.7790000000000004,3.7950000000000004,3.8026,3.8259000000000003,3.8448,3.8554000000000004,3.8779000000000003,3.8913,3.9052000000000002,3.9189000000000003,3.9366000000000003,3.9619,3.9801,4.005,4.0198,4.0373,4.0618,4.0816,4.1005,4.1241,4.1488000000000005,4.16,4.1793000000000005,4.196400000000001,4.206300000000001,4.2229,4.2384,4.2561,4.2668,4.276800000000001,4.2967,4.3132,4.3378000000000005,4.359,4.3745,4.391,4.4042,4.4202,4.4337,4.4506000000000006,4.488700000000001,4.5032000000000005,4.5333000000000006,4.5511,4.573,4.5971,4.6084000000000005,4.6305000000000005,4.6443,4.6628,4.678100000000001,4.6962,4.710500000000001,4.728800000000001,4.7404,4.7588,4.7751,4.7955000000000005,4.809200000000001,4.8305,4.841,4.8577,4.8701,4.8950000000000005,4.9124,4.932300000000001,4.9533000000000005,4.9672,4.986000000000001
45293:0.1421,0.3422,0.5958,0.8384,0.8510000000000001,0.9205000000000001,1.5051,1.5176,2.0083,2.0182,2.222,2.8914,3.5888,3.6018000000000003,3.7785,3.964,3.9743000000000004,4.1268,4.1464,4.3502,4.3601,4.805400000000001,4.8133,4.8199000000000005
46038:0.0597,0.24860000000000002,0.29450000000000004,0.3619,0.4189,0.5617,0.5964,0.6647000000000001,0.7049000000000001,0.7378,0.8254,1.3219,1.366,1.6309,1.6755,1.7581,1.7838,1.8836000000000002,1.9781000000000002,2.0863,2.1692,2.1953,2.2771,2.5359000000000003,2.6039000000000003,2.6443000000000003,2.7057,2.7383,2.7676000000000003,2.7962000000000002,2.8880000000000003,2.991,3.0459,3.0708,3.0924,3.1269,3.1904000000000003,3.3085,3.4387000000000003,3.4949000000000003,3.6119000000000003,3.724,3.8397,3.8701000000000003,3.9549000000000003,4.2552,4.3261,4.390000000000001,4.472,4.5579,4.6014,4.801,4.8665,4.9043,4.9938
46248:0.0441,0.3279,1.0139,1.3486,1.7548000000000001,1.8241,1.8964,2.1969000000000003,2.3192,2.386,2.5829,2.8734,3.4467000000000003,3.6876,3.8078000000000003,4.1049,4.3376,4.7478,4.9932
46408:0.046900000000000004,0.3623,0.4252,0.5075000000000001,0.6667000000000001,0.7639,1.5217,2.0585,2.0751,2.7052,2.7631,2.7879,2.9296,3.0903,3.1262000000000003,3.1739,3.1912000000000003,3.2254,3.6164,3.7586000000000004,3.8108,3.9414000000000002,4.0243,4.3889000000000005,4.4245,4.5029,4.5765,4.597
47118:1.1291,1.5022,4.915900000000001
47287:0.038700000000000005,0.11850000000000001,0.2179,0.2622,0.3045,0.3331,0.3738,0.4194,0.4736,0.4968,0.5337000000000001,0.6011000000000001,0.6516000000000001,0.6996,0.7432000000000001,0.7684000000000001,0.8283,0.9630000000000001,1.0113,1.0635000000000001,1.1121,1.1374,1.2129,1.2536,1.3015,1.3281,1.3606,1.4118000000000002,1.4835,1.5290000000000001,1.5654000000000001,1.6407,1.6781000000000001,1.7117,1.752,1.8042,1.9057000000000002,1.9658,2.0022,2.0464,2.1057,2.1888,2.3126,2.4716,2.5254000000000003,2.621,2.6543,2.7191,2.7489000000000003,2.7745,2.7959,2.9055,2.9297,2.9854000000000003,3.063,3.0782000000000003,3.1509,3.1975000000000002,3.3121,3.3734,3.4422,3.4933,3.5175,3.5588,3.583,3.6525000000000003,3.7204,3.7851000000000004,3.8263000000000003,3.8604000000000003,3.883,3.9032,3.9437,3.9991000000000003,4.093,4.1532,4.244,4.3516,4.3878,4.4069,4.4382,4.502,4.5299000000000005,4.563000000000001,4.58,4.6332,4.6837,4.7164,4.7942,4.8296,4.8588000000000005,4.9213000000000005,4.960100000000001
47410:0.3799,1.0025,1.3911,2.1756,2.4486000000000003,3.8197,3.8504
47652:0.038400000000000004,0.3183,0.46330000000000005,0.5733,0.6144000000000001,0.6728000000000001,0.9154,1.0317,1.1286,1.173,1.2245000000000001,1.3387,1.3642,1.6066,1.7626000000000002,1.8902,1.9913,2.0651,2.0934,2.1814,2.2997,2.3502,2.3889,2.4539,2.4967,2.6779,2.8311,2.8749000000000002,3.0091,3.0740000000000003,3.1517,3.2462,3.322,3.3922000000000003,3.4398,3.5238,3.7425,3.7656,3.8422,3.9679,4.1028,4.143,4.2647,4.333,4.4052,4.486400000000001,4.549300000000001,4.6926000000000005,4.7548,4.879700000000001,4.914000000000001,4.995900000000001
48547:0.3418,0.6823,0.8382000000000001,0.9204,1.5065000000000002,2.0066,2.2226,3.5888,3.9639,4.3503,4.806
48723:0.0002,0.005200000000000001,0.0064,0.007500000000000001,0.0122,0.015600000000000001,0.044000000000000004,0.07590000000000001,0.08080000000000001,0.0864,0.0966,0.1062,0.1095,0.11230000000000001,0.12860000000000002,0.13470000000000001,0.1414,0.1462,0.14930000000000002,0.1557,0.1578,0.1585,0.1625,0.1728,0.183,0.1883,0.1903,0.2034,0.2099,0.2303,0.2305,0.23670000000000002,0.2388,0.2396,0.2539,0.25620000000000004,0.2667,0.2843,0.2858,0.2931,0.29350000000000004,0.29460000000000003,0.3109,0.312,0.32,0.3249,0.3312,0.33940000000000003,0.3442,0.34690000000000004,0.34800000000000003,0.3507,0.3527,0.3534,0.36560000000000004,0.36960000000000004,0.3799,0.3814,0.4102,0.4214,0.42210000000000003,0.4339,0.4496,0.4539,0.46030000000000004,0.4803,0.48410000000000003,0.49000000000000005,0.5007,0.5064000000000001,0.5124000000000001,0.5152,0.5162,0.5322,0.5483,0.551,0.5549000000000001,0.5575,0.5609000000000001,0.5651,0.5789000000000001,0.5807,0.5829,0.5902000000000001,0.6075,0.6105,0.6184000000000001,0.6243000000000001,0.6248,0.6463,0.6537000000000001,0.6584,0.6643,0.686,0.6876,0.6922,0.6943,0.7060000000000001,0.7080000000000001,0.7223,0.7323000000000001,0.7386,0.7467,0.7535000000000001,0.7591,0.7663000000000001,0.77,0.7822,0.7911,0.793,0.7963,0.8264,0.8315,0.8444,0.8495,0.8504,0.8756,0.8777,0.8876000000000001,0.8887,0.8976000000000001,0.9048,0.9058,0.9197000000000001,0.9255,0.9306000000000001,0.9339000000000001,0.9473,0.9542,0.9711000000000001,0.9744,0.9890000000000001,0.9966,1.0065,1.0081,1.0185,1.0427,1.0432000000000001,1.0436,1.0508,1.0729,1.0749,1.0826,1.0909,1.0915000000000001,1.0921,1.0948,1.0997000000000001,1.1022,1.1472,1.1680000000000001,1.1694,1.1733,1.1851,1.1916,1.1943000000000001,1.2006000000000001,1.2108,1.2115,1.2142000000000002,1.2233,1.2302,1.2312,1.2412,1.2625,1.2752000000000001,1.2868000000000002,1.2974,1.3076,1.3194000000000001,1.3203,1.3235000000000001,1.3299,1.3439,1.3446,1.3573000000000002,1.3589,1.366,1.399,1.4033,1.4234,1.4264000000000001,1.4489,1.4628,1.4774,1.4802,1.481,1.4835,1.5022,1.5038,1.5353,1.5417,1.5449000000000002,1.5510000000000002,1.5526,1.5633000000000001,1.5761,1.5872000000000002,1.5935000000000001,1.596,1.6112000000000002,1.6195000000000002,1.6280000000000001,1.6341,1.6448,1.6477000000000002,1.6483,1.6591,1.679,1.6881000000000002,1.6928,1.7094,1.723,1.7411,1.746,1.7468000000000001,1.7492,1.7517,1.7524000000000002,1.756,1.7588000000000001,1.782,1.7837,1.7862,1.7923,1.8070000000000002,1.8073000000000001,1.8086,1.8107,1.8121,1.8333000000000002,1.8335000000000001,1.8346,1.8350000000000002,1.8547,1.8682,1.8708,1.8741,1.8797000000000001,1.8808,1.883,1.8961000000000001,1.8985,1.9088,1.9211,1.9220000000000002,1.9440000000000002,1.9449,1.9538000000000002,1.9546000000000001,1.9560000000000002,1.959,1.9606000000000001,1.9657,1.9675,1.9695,1.9719,1.9739,1.9861000000000002,1.9873,1.9929000000000001,2.0026,2.0081,2.017,2.0228,2.0246,2.0518,2.0604,2.0711,2.0744000000000002,2.0768,2.0784000000000002,2.0814,2.0845000000000002,2.092,2.0978,2.1045000000000003,2.1133,2.1135,2.1227,2.1306000000000003,2.1343,2.1434,2.1468000000000003,2.1548000000000003,2.166,2.1667,2.1679,2.1687000000000003,2.1708000000000003,2.1867,2.1876,2.2084,2.2118,2.2121,2.2144,2.2208,2.224,2.2341,2.2344,2.2433,2.2494,2.2537000000000003,2.257,2.2626,2.2642,2.2646,2.2713,2.2827,2.2852,2.2867,2.2905,2.3044000000000002,2.3080000000000003,2.3201,2.3206,2.3217000000000003,2.326,2.3437,2.3539000000000003,2.3602000000000003,2.3653,2.3667000000000002,2.3776,2.3841,2.3986,2.406,2.4101,2.4255,2.4362,2.4410000000000003,2.4450000000000003,2.4555000000000002,2.4643,2.4753000000000003,2.4859,2.4869000000000003,2.4935,2.4971,2.5,2.5042,2.5099,2.5123,2.5255,2.5273000000000003,2.5283,2.5292000000000003,2.5394,2.5404,2.544,2.5504000000000002,2.553,2.5617,2.5654,2.5713,2.5801000000000003,2.5821,2.5844,2.5862000000000003,2.5928,2.6043000000000003,2.6176,2.6178,2.6207000000000003,2.6352,2.6444,2.6501,2.6544000000000003,2.658,2.6634,2.6641,2.6984,2.7004,2.7043,2.7243,2.7296,2.7315,2.7464,2.7471,2.7576,2.7592000000000003,2.7606,2.7623,2.7637,2.7763,2.8039,2.8077,2.8123,2.8139000000000003,2.8197,2.8227,2.8247,2.8317,2.8492,2.8527,2.8533,2.8609,2.8727,2.8852,2.8879,2.891,2.8917,2.8938,2.9148,2.9152,2.9224,2.9378,2.9392,2.94,2.9408000000000003,2.9462,2.9535,2.959,2.9764,2.9772000000000003,2.9796,2.988,2.9965,3.0233000000000003,3.0241000000000002,3.0437000000000003,3.0456000000000003,3.0499,3.0517000000000003,3.0601000000000003,3.0625,3.0711,3.0717000000000003,3.1013,3.115,3.1317,3.1321000000000003,3.1414,3.1420000000000003,3.1508000000000003,3.1589,3.1682,3.1685000000000003,3.1824000000000003,3.1933000000000002,3.2362,3.244,3.2479,3.2558000000000002,3.2669,3.2802000000000002,3.2817000000000003,3.2854,3.2876000000000003,3.2895000000000003,3.3013000000000003,3.3044000000000002,3.3126,3.3137000000000003,3.3223000000000003,3.3395,3.3469,3.3548,3.3666,3.3797,3.3821000000000003,3.3953,3.4025000000000003,3.4027000000000003,3.4040000000000004,3.4115,3.415,3.4262,3.4285,3.4438,3.4498,3.4618,3.4658,3.4691,3.4808000000000003,3.4818000000000002,3.4843,3.4889,3.4979,3.4989000000000003,3.5022,3.5462000000000002,3.5511000000000004,3.5549,3.5601000000000003,3.5665,3.5668,3.5729,3.5756,3.5811,3.5813,3.5952,3.6073,3.6095,3.6127000000000002,3.6205000000000003,3.6238,3.632,3.6347,3.6437000000000004,3.6542000000000003,3.6753,3.6767000000000003,3.6919,3.7021,3.7065,3.7135000000000002,3.7179,3.7181,3.7184000000000004,3.7202,3.7217000000000002,3.7313,3.7321,3.7385,3.7457000000000003,3.7532,3.7768,3.8062,3.8095000000000003,3.8139000000000003,3.8186,3.8238000000000003,3.8244000000000002,3.8406000000000002,3.8436000000000003,3.8455000000000004,3.857,3.8635,3.8695000000000004,3.8850000000000002,3.8874,3.8903000000000003,3.8927,3.8989000000000003,3.9031000000000002,3.9144,3.9161,3.9474,3.9511000000000003,3.9530000000000003,3.9827000000000004,4.0031,4.0152,4.0158000000000005,4.0406,4.0589,4.0835,4.1083,4.125,4.1610000000000005,4.1675,4.1864,4.2170000000000005,4.2186,4.2222,4.226,4.2333,4.2439,4.2447,4.245,4.2537,4.2549,4.2555000000000005,4.2586,4.265000000000001,4.2713,4.2938,4.2945,4.303100000000001,4.3167,4.3182,4.3203000000000005,4.3207,4.321000000000001,4.3245000000000005,4.341,4.3436,4.3444,4.3457,4.3459,4.3478,4.3513,4.3546000000000005,4.365600000000001,4.3726,4.3777,4.3814,4.3841,4.387300000000001,4.3914,4.4045000000000005,4.4077,4.4321,4.4401,4.4457,4.4508,4.4593,4.4602,4.4606,4.4628000000000005,4.4716000000000005,4.474,4.4895000000000005,4.4951,4.5012,4.5046,4.5309,4.5337000000000005,4.5357,4.5465,4.548500000000001,4.5525,4.57,4.5716,4.5735,4.5827,4.5943000000000005,4.6243,4.6281,4.6292,4.633500000000001,4.6344,4.635400000000001,4.643,4.6526000000000005,4.6544,4.6615,4.668200000000001,4.6729,4.673500000000001,4.6753,4.6852,4.694500000000001,4.7164,4.7381,4.7462,4.7538,4.7573,4.7624,4.7655,4.776,4.7809,4.7879000000000005,4.7929,4.7978000000000005,4.8053,4.811100000000001,4.8141,4.8186,4.822500000000001,4.8234,4.8349,4.8413,4.847700000000001,4.8485000000000005,4.8502,4.8567,4.8604,4.8665,4.8682,4.8721000000000005,4.8725000000000005,4.8783,4.8895,4.8947,4.9274000000000004,4.9336,4.9494,4.9507,4.9728,4.982,4.9827,4.9854,4.9955
48805:1.2359
48838:0.020300000000000002,0.0529,0.0629,0.0821,0.1022,0.11080000000000001,0.1237,0.1544,0.19260000000000002,0.2089,0.2228,0.24300000000000002,0.2594,0.2866,0.29600000000000004,0.3146,0.3265,0.33840000000000003,0.3519,0.3628,0.3846,0.42350000000000004,0.44680000000000003,0.4621,0.48560000000000003,0.4979,0.5113,0.5262,0.5364,0.5571,0.5645,0.5955,0.6019,0.6241,0.6373,0.6587000000000001,0.6656000000000001,0.6755,0.6991,0.7098,0.7365,0.7444000000000001,0.7694000000000001,0.797,0.8084,0.8172,0.8515,0.8675,0.8803000000000001,0.8986000000000001,0.9083,0.9289000000000001,0.9647,0.9782000000000001,0.9876,1.0071,1.0286,1.0371000000000001,1.0518,1.0635000000000001,1.0759,1.0969,1.1072,1.1204,1.1321,1.1408,1.1514,1.1777,1.2108,1.2203000000000002,1.232,1.2423,1.2668000000000001,1.2785,1.2927,1.3088,1.3247,1.3566,1.3663,1.3773,1.3885,1.4161000000000001,1.4413,1.4544000000000001,1.4672,1.4873,1.4986000000000002,1.5224,1.5475,1.5546,1.5874000000000001,1.6055000000000001,1.6175000000000002,1.6379000000000001,1.6471,1.6786,1.6902000000000001,1.7068,1.7261000000000002,1.7411,1.7537,1.7590000000000001,1.7827000000000002,1.7898,1.7969000000000002,1.8136,1.8207,1.8412000000000002,1.8704,1.8887,1.9008,1.9115000000000002,1.9258000000000002,1.9318000000000002,1.9651,1.9764000000000002,1.9966000000000002,2.0092,2.0167,2.0343,2.0585,2.0762,2.0828,2.1059,2.1157,2.1438,2.1533,2.1797,2.1978,2.213,2.2259,2.2505,2.2574,2.2664,2.2816,2.2969,2.3152,2.3351,2.357,2.3925,2.4130000000000003,2.4281,2.4499,2.4638,2.4738,2.4912,2.5088,2.5306,2.5365,2.5500000000000003,2.5592,2.5863,2.5996,2.6196,2.6416,2.6506000000000003,2.677,2.6901,2.7045000000000003,2.7138,2.7328,2.7457000000000003,2.7639,2.7916000000000003,2.81,2.8214,2.8326000000000002,2.8471,2.8831,2.8994,2.9214,2.9345000000000003,2.9531,2.9652000000000003,2.9893,3.0049,3.0209,3.0443000000000002,3.0541,3.0745,3.0915000000000004,3.1247000000000003,3.1408,3.1583,3.1723000000000003,3.1898,3.2065,3.2247000000000003,3.2352000000000003,3.2463,3.2556000000000003,3.2669,3.2761,3.2924,3.3087,3.323,3.3287,3.3505000000000003,3.3634,3.3837,3.4000000000000004,3.4115,3.4249,3.4423000000000004,3.4699,3.4930000000000003,3.5436,3.571,3.5831,3.6168,3.6242,3.6416000000000004,3.6527000000000003,3.6634,3.6785,3.7062000000000004,3.7145,3.7245000000000004,3.7318000000000002,3.7488,3.7586000000000004,3.7793,3.7907,3.8129000000000004,3.8257000000000003,3.8383000000000003,3.8623000000000003,3.8725,3.8845,3.8965,3.9235,3.9318000000000004,3.9400000000000004,3.955,3.9745000000000004,3.9858000000000002,3.996,4.0246,4.0541,4.0656,4.0806000000000004,4.0951,4.1066,4.1277,4.141500000000001,4.1657,4.1794,4.2001,4.2164,4.2413,4.2555000000000005,4.2615,4.2708,4.2839,4.2992,4.3103,4.3407,4.3521,4.3628,4.3746,4.3875,4.4009,4.4078,4.429,4.4494,4.464,4.4774,4.502400000000001,4.5076,4.542800000000001,4.5533,4.5658,4.5759,4.6013,4.621300000000001,4.6301000000000005,4.640000000000001,4.6641,4.681,4.705900000000001,4.724600000000001,4.750100000000001,4.7698,4.782,4.7944,4.8102,4.8241000000000005,4.838900000000001,4.8593,4.8703,4.877000000000001,4.903300000000001,4.912,4.9385,4.9572,4.9688,4.992
48970:0.1322,0.13620000000000002,0.3709,0.3816,0.4403,0.4757,0.5753,0.6763,0.8073,0.8995000000000001,0.9404,0.9944000000000001,1.0009000000000001,1.0470000000000002,1.1063,1.117,1.2321,1.3409,1.3859000000000001,1.4826000000000001,1.5037,1.6312,1.6519000000000001,1.6659000000000002,1.8034000000000001,1.8219,1.9468,1.9666000000000001,1.9844000000000002,2.0802,2.1351,2.1698,2.1761,2.2808,2.3087,2.3718,2.4392,2.4469000000000003,2.5252000000000003,2.5338000000000003,2.6337,2.7064,2.8443,2.9469000000000003,2.952,3.0101,3.0668,3.1406,3.2252,3.2774,3.4283,3.5892000000000004,3.6775,3.7567000000000004,3.7741000000000002,3.8466,3.8933,4.1524,4.265000000000001,4.273000000000001,4.4751,4.6524,4.7222
49035:0.2546,0.6959000000000001,1.4773,1.868,2.603,2.7451000000000003,2.9391000000000003,3.9123,4.2724,4.9626
49678:0.3377,0.6738000000000001,0.8345,0.9143,0.9223,1.5044000000000002,2.003,2.2208,2.8876,3.5842,3.7777000000000003,3.9612000000000003,4.1201,4.3468,4.8013,4.8137
49798:0.031,0.5733,1.0013,1.1201,1.3338,1.7409000000000001,1.8154000000000001,1.9866000000000001,2.3079,2.5739,3.9522000000000004,4.0913,4.1513,4.4768,4.5612,4.7372000000000005,4.9858
50303:0.09680000000000001,0.2316,0.2827,0.3672,0.4378,0.4756,0.5714,0.6342,0.6757000000000001,0.8053,0.8954000000000001,0.9374,0.9951000000000001,1.042,1.1123,1.2759,1.3386,1.3841,1.6262,1.7281000000000002,1.7992000000000001,1.9421000000000002,1.9846000000000001,2.0740000000000003,2.1270000000000002,2.1711,2.2323,2.3095000000000003,2.3693,2.4382,2.4908,2.5265,2.6287000000000003,2.7048,2.8240000000000003,2.9427000000000003,3.0079000000000002,3.0627,3.1382000000000003,3.1912000000000003,3.2703,3.3623000000000003,3.4247,3.5884,3.7353,3.7743,3.8455000000000004,3.9457,4.0324,4.1529,4.2334000000000005,4.2872,4.470400000000001,4.6097,4.6519,4.7176,4.7801,4.9697000000000005
50424:0.0286,0.11860000000000001,0.2005,0.2973,0.399,0.43210000000000004,0.5127,0.7261000000000001,0.8693000000000001,0.9167000000000001,0.9562,1.0794000000000001,1.1432,1.2089,1.2599,1.3372000000000002,1.445,1.5388000000000002,1.592,1.6393,1.6773,1.8860000000000001,1.9459000000000002,2.0274,2.0649,2.2198,2.2368,2.3565,2.4862,2.5343,2.6350000000000002,2.7278000000000002,2.7891,2.9233000000000002,2.9608000000000003,3.0952,3.2004,3.2192000000000003,3.2390000000000003,3.3254,3.3778,3.4161,3.4504,3.5441000000000003,3.6447000000000003,3.6891000000000003,3.7641,3.8313,3.9356,4.0193,4.0369,4.2245,4.3211,4.4913,4.5314000000000005,4.5528,4.6529,4.7557,4.8317000000000005,4.8836,4.9101
51088:0.034300000000000004,0.0723,0.12190000000000001,0.1635,0.1877,0.2535,0.26880000000000004,0.28500000000000003,0.32170000000000004,0.34190000000000004,0.377,0.4168,0.46690000000000004,0.5328,0.5581,0.6235,0.6554,0.6836,0.7213,0.7707,0.7984,0.8617,0.9267000000000001,0.9845,1.0103,1.0352000000000001,1.0495,1.0957000000000001,1.1268,1.1799,1.2172,1.235,1.2979,1.3545,1.3782,1.4060000000000001,1.4607,1.4937,1.5463,1.5985,1.6426,1.7139,1.7489000000000001,1.8003,1.8213000000000001,1.8604,1.9216000000000002,1.9512,2.0066,2.0964,2.1246,2.1489000000000003,2.1907,2.2557,2.3034,2.3459000000000003,2.3591,2.3894,2.4156,2.4402,2.4973,2.5303,2.5535,2.5745,2.6005000000000003,2.6236,2.6814,2.7565,2.7725,2.8276000000000003,2.8678000000000003,2.9388,2.9652000000000003,3.0098000000000003,3.0686,3.0854000000000004,3.1541,3.1994000000000002,3.2823,3.3332,3.3497000000000003,3.4141000000000004,3.4521,3.4770000000000003,3.5029000000000003,3.5504000000000002,3.5789,3.6108000000000002,3.6766,3.7042,3.7459000000000002,3.8034000000000003,3.8504,3.8842000000000003,3.9393000000000002,3.9862,4.0596000000000005,4.0964,4.1496,4.1893,4.2111,4.2626,4.2917000000000005,4.3185,4.3573,4.4185,4.449800000000001,4.4894,4.5572,4.6167,4.6289,4.7062,4.7428,4.7816,4.8316,4.8684,4.925400000000001,4.963
51263:1.1282,1.5021,2.8933,4.2264
51523:0.064,0.2094,0.3164,0.7040000000000001,0.8310000000000001,1.2361,1.5011,1.7724,1.8369,2.0044,2.1892,2.3442000000000003,2.4572000000000003,2.5715000000000003,2.7979000000000003,2.9058,3.0925000000000002,3.2129000000000003,3.3333000000000004,3.3975,3.6215,3.6918,3.9650000000000003,4.1638,4.335500000000001,4.4924,4.5859000000000005,4.9179
51555:0.050100000000000006,0.33540000000000003,1.0230000000000001,1.3551,1.7614,1.9012,2.2088,2.3257000000000003,2.5904000000000003,2.879,3.4538,3.6939,3.8167,4.1103000000000005,4.3445,4.7540000000000004
51562:0.0264,0.054400000000000004,0.0789,0.08990000000000001,0.11320000000000001,0.1318,0.1562,0.18680000000000002,0.2142,0.22540000000000002,0.2477,0.2743,0.2967,0.3279,0.35660000000000003,0.3665,0.3911,0.42450000000000004,0.4636,0.48800000000000004,0.5103,0.5369,0.5664,0.6009,0.6258,0.6529,0.6623,0.6994,0.7188,0.7396,0.7702,0.7946000000000001,0.8187000000000001,0.8488,0.8803000000000001,0.9115000000000001,0.9613,0.9828,1.0076,1.0298,1.0483,1.0683,1.0984,1.1172,1.1377000000000002,1.1777,1.2095,1.2346000000000001,1.2622,1.2773,1.2913000000000001,1.3252000000000002,1.3582,1.3758000000000001,1.4163000000000001,1.4424000000000001,1.4716,1.494,1.5083,1.5315,1.55,1.586,1.6109,1.651,1.6626,1.6971,1.7214,1.7567000000000002,1.782,1.7954,1.8393000000000002,1.8701,1.8916000000000002,1.9117000000000002,1.9407,1.9620000000000002,1.9952,2.0162,2.0603000000000002,2.0861,2.1148000000000002,2.1441,2.1772,2.1992000000000003,2.222,2.2542,2.2828,2.2978,2.3176,2.3584,2.3894,2.4164000000000003,2.4538,2.4774000000000003,2.5151000000000003,2.5325,2.5584000000000002,2.5851,2.6174,2.6534,2.6908000000000003,2.7110000000000003,2.7416,2.7614,2.7875,2.8163,2.8453,2.866,2.8930000000000002,2.9059,2.9276,2.9570000000000003,2.9793000000000003,3.0201000000000002,3.0499,3.0780000000000003,3.1251,3.1574,3.1887000000000003,3.2054,3.2333000000000003,3.2623,3.2925,3.3223000000000003,3.3515,3.3832,3.4103000000000003,3.4247,3.4695,3.4970000000000003,3.5242,3.5706,3.5937,3.6218000000000004,3.6557000000000004,3.6790000000000003,3.7086,3.7288,3.7606,3.7881,3.8047,3.826,3.8522000000000003,3.8875,3.9095,3.9392,3.9574000000000003,3.984,4.0067,4.0246,4.0814,4.0921,4.1145000000000005,4.1421,4.1779,4.2037,4.2244,4.2555000000000005,4.2742,4.3005,4.3216,4.3423,4.3608,4.3779,4.4077,4.431,4.4539,4.4792000000000005,4.5116000000000005,4.55,4.5736,4.6009,4.6383,4.6704,4.7046,4.7488,4.771,4.7975,4.826700000000001,4.854900000000001,4.8791,4.9110000000000005,4.9398,4.9628000000000005,4.9875
52115:0.921,1.4061000000000001,2.2552000000000003,2.4512,2.5615,3.2880000000000003,3.4054,4.6993
52198:2.7627
52605:1.1327
53346:0.0315,0.0507,0.0714,0.1029,0.1174,0.1812,0.20350000000000001,0.2404,0.27240000000000003,0.321,0.3373,0.37120000000000003,0.3985,0.42360000000000003,0.44580000000000003,0.4675,0.5008,0.5404,0.5663,0.6063000000000001,0.6595000000000001,0.6919000000000001,0.7407,0.8028000000000001,0.8161,0.8402000000000001,0.8543000000000001,0.8851,0.913,0.9429000000000001,0.9704,0.9927,1.012,1.0390000000000001,1.0588,1.0949,1.1258000000000001,1.1607,1.1915,1.2218,1.2398,1.2643,1.2931000000000001,1.3752,1.403,1.4355,1.4533,1.4703000000000002,1.4904000000000002,1.5156,1.5824,1.6185,1.6426,1.6617000000000002,1.6908,1.7172,1.7329,1.7690000000000001,1.8091000000000002,1.8342,1.8508,1.8805,1.9498000000000002,1.99,2.0115000000000003,2.0479000000000003,2.0728,2.0944000000000003,2.1185,2.1515,2.1896,2.2121,2.2381,2.2702,2.2887,2.3168,2.355,2.3773,2.3997,2.4307000000000003,2.4592,2.4993000000000003,2.5246,2.5473000000000003,2.5864000000000003,2.6302000000000003,2.6609000000000003,2.6922,2.716,2.7671,2.8093000000000004,2.8339000000000003,2.85,2.8805,2.9008000000000003,2.9267000000000003,2.9561,2.9850000000000003,3.0254000000000003,3.045,3.0855,3.1196,3.1381,3.1703,3.1977,3.2254,3.2510000000000003,3.2705,3.3077,3.3272000000000004,3.3552,3.4103000000000003,3.4391000000000003,3.4623000000000004,3.4977,3.5174000000000003,3.5591000000000004,3.5787,3.6379,3.6705,3.6940000000000004,3.7198,3.7392000000000003,3.7593,3.7873,3.8128,3.8944,3.9293,3.9556,3.9764000000000004,4.0218,4.069500000000001,4.1014,4.115200000000001,4.1817,4.2146,4.2359,4.2599,4.306,4.3278,4.351100000000001,4.3781,4.42,4.4432,4.4678,4.492500000000001,4.5468,4.5879,4.6147,4.6622,4.7031,4.7394,4.7638,4.7931,4.8261,4.8561000000000005,4.8773,4.9083000000000006,4.940300000000001,4.9655000000000005
53490:2.0164,4.3645000000000005,4.825
53582:0.026500000000000003,0.0644,0.08080000000000001,0.11720000000000001,0.14800000000000002,0.1857,0.2149,0.2485,0.2772,0.2934,0.333,0.37120000000000003,0.39830000000000004,0.4186,0.4602,0.5053,0.5376000000000001,0.5741,0.6135,0.6475000000000001,0.675,0.7171000000000001,0.729,0.7643000000000001,0.7949,0.8386,0.8466,0.8674000000000001,0.8939,0.9146000000000001,0.9562,1.0053,1.0374,1.0679,1.0923,1.1261,1.1456,1.1774,1.1961000000000002,1.2296,1.2523,1.2652,1.2925,1.3344,1.3704,1.3755000000000002,1.3982,1.4177,1.4405000000000001,1.4819,1.5096,1.5312000000000001,1.5592000000000001,1.5929,1.6104,1.6415000000000002,1.6695,1.6901000000000002,1.7071,1.7495,1.7630000000000001,1.7790000000000001,1.8132000000000001,1.8562,1.8919000000000001,1.9400000000000002,1.947,1.961,2.0027,2.0214000000000003,2.0624000000000002,2.0983,2.1390000000000002,2.1475,2.1821,2.1954000000000002,2.2132,2.2539000000000002,2.2874000000000003,2.3046,2.323,2.3497,2.3808000000000002,2.4145000000000003,2.4290000000000003,2.4509000000000003,2.463,2.4896000000000003,2.5266,2.5552,2.5705,2.5942000000000003,2.6132,2.6199000000000003,2.6376,2.6707,2.6908000000000003,2.712,2.7612,2.7670000000000003,2.7909,2.8268,2.8675,2.9196,2.9577,3.0063,3.0548,3.0813,3.1133,3.1523000000000003,3.1901,3.2217000000000002,3.2457000000000003,3.2809000000000004,3.2898,3.3217000000000003,3.349,3.3689,3.4055,3.4113,3.4409,3.4728000000000003,3.4872,3.5254000000000003,3.5443000000000002,3.5711000000000004,3.6093,3.6143,3.6433,3.6743,3.6938,3.742,3.7626000000000004,3.798,3.8346,3.8528000000000002,3.8752,3.9018,3.9327,3.9765,4.0103,4.0557,4.0947000000000005,4.1131,4.1549000000000005,4.198,4.2158,4.2561,4.2643,4.2868,4.3178,4.3459,4.3686,4.4073,4.4383,4.4863,4.5269,4.5487,4.5705,4.5760000000000005,4.6167,4.6269,4.651800000000001,4.6779,4.7034,4.742100000000001,4.7738000000000005,4.8162,4.8384,4.873600000000001,4.8796,4.914000000000001,4.9476,4.9995
53702:0.5969
53928:3.8579000000000003
54186:0.0039000000000000003,0.016300000000000002,0.0176,0.0178,0.021400000000000002,0.029500000000000002,0.0437,0.044000000000000004,0.044700000000000004,0.061500000000000006,0.0713,0.0782,0.0956,0.09920000000000001,0.10880000000000001,0.1097,0.1107,0.116,0.11710000000000001,0.1183,0.131,0.15380000000000002,0.1612,0.1676,0.1767,0.18530000000000002,0.1913,0.19820000000000002,0.215,0.2235,0.224,0.23850000000000002,0.24760000000000001,0.257,0.2636,0.2644,0.2669,0.2837,0.28390000000000004,0.2972,0.2989,0.3163,0.32370000000000004,0.3259,0.3397,0.34,0.3502,0.3527,0.3544,0.35550000000000004,0.35650000000000004,0.35800000000000004,0.37360000000000004,0.3783,0.3788,0.38520000000000004,0.38680000000000003,0.39740000000000003,0.40690000000000004,0.41400000000000003,0.42150000000000004,0.4297,0.4325,0.447,0.4501,0.4571,0.45880000000000004,0.46990000000000004,0.4753,0.47640000000000005,0.4848,0.4889,0.4917,0.4949,0.49660000000000004,0.5009,0.5018,0.5111,0.5149,0.5206000000000001,0.5239,0.5341,0.5406000000000001,0.5488000000000001,0.5499,0.5574,0.5577,0.5583,0.5657,0.5664,0.5686,0.5714,0.5842,0.5916,0.6,0.6104,0.6238,0.6343,0.6454000000000001,0.6486000000000001,0.6516000000000001,0.6553,0.6563,0.657,0.6572,0.6641,0.6729,0.6786,0.6816,0.6836,0.6903,0.6948000000000001,0.6966,0.7091000000000001,0.7108,0.7140000000000001,0.7148,0.7250000000000001,0.7348,0.7376,0.7499,0.7553000000000001,0.7566,0.7582,0.7685000000000001,0.7689,0.776,0.7942,0.7955,0.7971,0.7985,0.8017000000000001,0.8049000000000001,0.8092,0.8115,0.8249000000000001,0.8283,0.8333,0.8370000000000001,0.8545,0.8621000000000001,0.8705,0.8986000000000001,0.8994000000000001,0.9137000000000001,0.9185000000000001,0.931,0.9541000000000001,0.9593,0.9771000000000001,0.9890000000000001,0.9907,0.9947,0.996,0.9987,1.0223,1.0281,1.0327,1.0448,1.0537,1.056,1.0669,1.0846,1.0918,1.092,1.1027,1.1065,1.1097000000000001,1.1174,1.1192,1.1204,1.1226,1.1244,1.1324,1.1358000000000001,1.1418000000000001,1.1448,1.1625,1.1833,1.1853,1.2084000000000001,1.2099,1.2113,1.2124000000000001,1.2391,1.2426000000000001,1.2495,1.2653,1.2668000000000001,1.2675,1.2731000000000001,1.2879,1.2913000000000001,1.3109,1.3195000000000001,1.3239,1.3252000000000002,1.3261,1.3328,1.3531,1.3627,1.364,1.3718000000000001,1.3736000000000002,1.3824,1.3828,1.3985,1.407,1.4248,1.4451,1.4661000000000002,1.4673,1.4688,1.4741,1.4761,1.4809,1.4856,1.4936,1.496,1.5017,1.5058,1.5114,1.5157,1.5190000000000001,1.5208000000000002,1.524,1.5262,1.5325,1.5375,1.5585,1.591,1.6044,1.6102,1.6105,1.6134000000000002,1.6201,1.6232,1.6331,1.6388,1.6428,1.645,1.6469,1.6633,1.6680000000000001,1.6836,1.6875,1.6962000000000002,1.7009,1.7089,1.7176,1.7292,1.7404000000000002,1.7415,1.746,1.7463000000000002,1.7517,1.7653,1.7686000000000002,1.7688000000000001,1.7728000000000002,1.7818,1.7857,1.8066,1.8071000000000002,1.8123,1.8153000000000001,1.8164,1.8181,1.8277,1.8292000000000002,1.8312000000000002,1.8337,1.8604,1.8617000000000001,1.8725,1.8754000000000002,1.8856000000000002,1.8869,1.8989,1.9014000000000002,1.9061000000000001,1.9091,1.9137000000000002,1.9229,1.9260000000000002,1.9459000000000002,1.9631,1.9641000000000002,1.9719,1.998,2.0020000000000002,2.009,2.0107,2.015,2.0153000000000003,2.0252,2.0261,2.0438,2.0474,2.0488,2.0539,2.0561000000000003,2.0595,2.0609,2.0653,2.0688,2.0717000000000003,2.0731,2.0756,2.0866000000000002,2.1019,2.1081000000000003,2.1176,2.1217,2.1366,2.1473,2.1524,2.1602,2.1646,2.1671,2.1861,2.1866000000000003,2.1898,2.1928,2.2043,2.2066,2.2136,2.2144,2.2222,2.2329000000000003,2.2343,2.2502,2.2542,2.2599,2.2961,2.2999,2.3045,2.3277,2.3324000000000003,2.3428,2.3513,2.3569,2.3659,2.4017,2.4087,2.4118,2.4142,2.4171,2.4276,2.442,2.4438,2.4618,2.4654000000000003,2.4828,2.4842,2.4875000000000003,2.4928,2.5252000000000003,2.5331,2.5346,2.5603000000000002,2.5749,2.5755000000000003,2.5849,2.5864000000000003,2.5912,2.5962,2.6382000000000003,2.6422000000000003,2.6543,2.6701,2.6709,2.6734,2.6763000000000003,2.6887000000000003,2.6911,2.698,2.6993,2.6998,2.7012,2.702,2.7158,2.716,2.726,2.7317,2.7325,2.7353,2.7423,2.7425,2.7557,2.7576,2.7578,2.7593,2.7630000000000003,2.7642,2.7655000000000003,2.7670000000000003,2.7702,2.7784,2.7845,2.7945,2.7988,2.8021000000000003,2.8062,2.8236000000000003,2.8261000000000003,2.8416,2.8434,2.8441,2.857,2.8762000000000003,2.8782,2.8878,2.8884000000000003,2.8946,2.9099,2.9166000000000003,2.9181000000000004,2.9210000000000003,2.9239,2.9263000000000003,2.9276,2.9468,2.9490000000000003,2.9511000000000003,2.9542,2.955,2.9563,2.9753000000000003,2.9777,2.9802,2.9881,2.9919000000000002,3.0138000000000003,3.0260000000000002,3.0326,3.0413,3.0419,3.0486,3.0538000000000003,3.0543,3.0644,3.0674,3.0742000000000003,3.0806,3.0814000000000004,3.0849,3.0873,3.0894000000000004,3.0969,3.1024000000000003,3.1151,3.1159000000000003,3.1198,3.1207000000000003,3.1247000000000003,3.1279000000000003,3.1311,3.1420000000000003,3.1518,3.1573,3.1599,3.1628000000000003,3.1653000000000002,3.1685000000000003,3.1776,3.178,3.1834000000000002,3.1854,3.1879,3.1945,3.202,3.2038,3.2076000000000002,3.2117,3.2151,3.2185,3.2204,3.2275,3.2318000000000002,3.2336,3.2406,3.2469,3.2488,3.2509,3.2539000000000002,3.2558000000000002,3.2833,3.2836000000000003,3.2844,3.2867,3.2906,3.2954000000000003,3.3051000000000004,3.3079,3.3111,3.3391,3.3423000000000003,3.3458,3.346,3.3682000000000003,3.3706,3.3773,3.3814,3.3853,3.3902,3.3949000000000003,3.4015,3.4039,3.4293,3.434,3.4404000000000003,3.4571,3.4613,3.4693,3.4788,3.4922,3.4978000000000002,3.5199000000000003,3.5243,3.5432,3.5694000000000004,3.5699,3.5937,3.6031,3.6044,3.6048,3.6105,3.6112,3.6152,3.6382000000000003,3.6436,3.6477000000000004,3.6528,3.6548000000000003,3.6623,3.665,3.6745,3.6768,3.6902000000000004,3.6950000000000003,3.7163000000000004,3.7165000000000004,3.7168,3.7174,3.721,3.7391,3.7405000000000004,3.7429,3.745,3.7468000000000004,3.7498,3.7504000000000004,3.7519,3.7548000000000004,3.7644,3.7676000000000003,3.7709,3.7745,3.7757,3.7878000000000003,3.7957,3.8008,3.8022,3.8028000000000004,3.8063000000000002,3.8091000000000004,3.8118000000000003,3.8149,3.8164000000000002,3.829,3.8296,3.8456,3.849,3.8605,3.8607,3.8639,3.8697000000000004,3.8865000000000003,3.8881,3.9149000000000003,3.9213,3.9223000000000003,3.9246000000000003,3.927,3.9339000000000004,3.9358000000000004,3.9360000000000004,3.9370000000000003,3.9387000000000003,3.9467000000000003,3.9513000000000003,3.9518,3.9571,3.9591000000000003,3.9664,3.9666,3.9734000000000003,3.9759,3.9946,3.998,4.0071,4.0096,4.0139000000000005,4.0181000000000004,4.0223,4.0375000000000005,4.0397,4.0404,4.055400000000001,4.0631,4.0786,4.0896,4.0903,4.0932,4.097700000000001,4.1000000000000005,4.1219,4.1271,4.134,4.1464,4.1536,4.1775,4.1817,4.2034,4.206,4.2098,4.2183,4.224,4.2289,4.2327,4.237,4.2386,4.2391000000000005,4.2436,4.2522,4.2569,4.2593000000000005,4.2624,4.2678,4.2701,4.2786,4.2793,4.2827,4.2895,4.295,4.2955000000000005,4.296,4.3017,4.3071,4.3109,4.3463,4.3512,4.3579,4.3586,4.3606,4.3639,4.3669,4.3721000000000005,4.378,4.3807,4.383,4.3865,4.401,4.4044,4.405600000000001,4.4119,4.4126,4.4173,4.4176,4.4196,4.4329,4.439900000000001,4.4424,4.4554,4.4609000000000005,4.466,4.4699,4.4702,4.4726,4.4748,4.4752,4.4866,4.4912,4.4976,4.4999,4.5225,4.5263,4.5360000000000005,4.548500000000001,4.555000000000001,4.559200000000001,4.5605,4.5639,4.5689,4.5697,4.573300000000001,4.5862,4.5871,4.5895,4.5903,4.5947000000000005,4.6009,4.6048,4.6165,4.6252,4.6290000000000004,4.6313,4.6445,4.6483,4.659,4.6668,4.69,4.6928,4.6982,4.7023,4.7039,4.7153,4.7189000000000005,4.7209,4.740600000000001,4.7438,4.7541,4.7605,4.7632,4.7742,4.785,4.7885,4.7889,4.7896,4.8048,4.8259,4.8263,4.837400000000001,4.857,4.857200000000001,4.8616,4.8691,4.8843000000000005,4.8881000000000006,4.8899,4.9012,4.9103,4.92,4.9274000000000004,4.95,4.953,4.9551,4.956,4.9585,4.9736,4.9909,4.9928,4.9965
54428:0.1029,0.1265,0.2859,0.3396,0.388,0.4158,0.4793,0.54,0.7849,0.8579,1.0577,1.2683,1.489,1.7316,1.8422,1.9534,2.2067,2.4808000000000003,2.6345,2.7011000000000003,2.8115,2.8501000000000003,3.0251,3.1579,3.7825,3.9778000000000002,4.0147,4.1225000000000005,4.1627,4.2146,4.2354,4.3136,4.3738,4.4029,4.4608,4.5903,4.7956,4.8516,4.9653
54514:0.0204,0.046200000000000005,0.0572,0.0707,0.1061,0.1373,0.1753,0.20320000000000002,0.23570000000000002,0.2431,0.2617,0.2911,0.29700000000000004,0.32170000000000004,0.3487,0.3699,0.38680000000000003,0.4287,0.4808,0.5186000000000001,0.549,0.5623,0.5834,0.5951000000000001,0.6217,0.6407,0.6576000000000001,0.6636000000000001,0.6798000000000001,0.7060000000000001,0.734,0.7434000000000001,0.77,0.7981,0.8449000000000001,0.8813000000000001,0.9036000000000001,0.9115000000000001,0.9421,0.9666,0.9925,1.0202,1.0321,1.0605,1.0903,1.1035000000000001,1.1280000000000001,1.1519000000000001,1.1837,1.2013,1.2307000000000001,1.2574,1.2899,1.3062,1.3216,1.3484,1.3541,1.3726,1.3894,1.4088,1.4354,1.4568,1.4839,1.5063,1.5426,1.5723,1.6041,1.6328,1.6601000000000001,1.6660000000000001,1.6896,1.7120000000000002,1.7388000000000001,1.7547000000000001,1.7959,1.8131000000000002,1.8435000000000001,1.8645,1.8843,1.8885,1.9097000000000002,1.9286,1.9562000000000002,1.9732,1.9871,2.0084,2.0461,2.0737,2.0825,2.1014,2.1310000000000002,2.1501,2.1767000000000003,2.1882,2.2225,2.2418,2.2627,2.2947,2.3014,2.3184,2.3352,2.3574,2.3876,2.4012000000000002,2.4149000000000003,2.4312,2.4561,2.4795000000000003,2.4924,2.5094000000000003,2.5297,2.5362,2.5540000000000003,2.5807,2.5873,2.6054,2.636,2.6418,2.6692,2.6781,2.7093000000000003,2.7325,2.7643,2.7989,2.8216,2.8537000000000003,2.8816,2.9168000000000003,2.9318,2.9494000000000002,2.9802,2.9886,3.0133,3.0398,3.0568,3.0702000000000003,3.0948,3.1405000000000003,3.1642,3.1915,3.2204,3.2425,3.2924,3.3198000000000003,3.329,3.3436000000000003,3.3553,3.3806000000000003,3.4001,3.4283,3.4377,3.4617,3.4862,3.4943,3.5199000000000003,3.5437000000000003,3.5728,3.5882,3.6284,3.6569000000000003,3.6751,3.6914000000000002,3.7088,3.7230000000000003,3.7578,3.7743,3.7898,3.8148,3.8320000000000003,3.8643,3.8875,3.9122000000000003,3.9279,3.9452000000000003,3.9607,3.9835000000000003,3.9993000000000003,4.0168,4.0457,4.0645,4.0796,4.101100000000001,4.1294,4.1469000000000005,4.1609,4.181,4.2081,4.244,4.2595,4.2869,4.3042,4.325200000000001,4.3514,4.3801000000000005,4.4011000000000005,4.4165,4.4466,4.4646,4.4977,4.5063,4.5397,4.5525,4.5708,4.597300000000001,4.6051,4.6238,4.6403,4.6578,4.6807,4.6951,4.7271,4.748600000000001,4.7699,4.7941,4.8232,4.8528,4.867500000000001,4.8964,4.9055,4.9332,4.9649,4.9904
54553:0.0031000000000000003,0.0078000000000000005,0.0131,0.0162,0.0204,0.0211,0.032600000000000004,0.041,0.0477,0.057600000000000005,0.0609,0.062400000000000004,0.0668,0.0946,0.0949,0.10160000000000001,0.10640000000000001,0.1187,0.1252,0.13090000000000002,0.1484,0.15710000000000002,0.16490000000000002,0.18030000000000002,0.1835,0.195,0.19970000000000002,0.20270000000000002,0.2228,0.2247,0.22760000000000002,0.23700000000000002,0.2671,0.2715,0.2766,0.2807,0.2826,0.2856,0.2874,0.2887,0.2903,0.2911,0.2921,0.33080000000000004,0.33390000000000003,0.3418,0.3568,0.3574,0.3578,0.36050000000000004,0.3607,0.3771,0.378,0.3783,0.3937,0.3991,0.4112,0.4147,0.4344,0.4418,0.46840000000000004,0.4708,0.47590000000000005,0.4796,0.4844,0.48550000000000004,0.5014000000000001,0.5033,0.508,0.5195000000000001,0.5264,0.527,0.5321,0.5365,0.5406000000000001,0.5604,0.5668000000000001,0.5785,0.5804,0.5862,0.5916,0.5972000000000001,0.6115,0.6246,0.635,0.6481,0.6486000000000001,0.6589,0.6592,0.665,0.6749,0.6796,0.6805,0.6871,0.6885,0.6926,0.7107,0.7110000000000001,0.7235,0.7251000000000001,0.7261000000000001,0.7278,0.751,0.7636000000000001,0.7654000000000001,0.7678,0.7718,0.7857000000000001,0.7888000000000001,0.8118000000000001,0.8196,0.8339000000000001,0.8398,0.8400000000000001,0.8414,0.8448,0.8462000000000001,0.8508,0.8685,0.8702000000000001,0.8805000000000001,0.8833000000000001,0.8874000000000001,0.8951,0.912,0.9138000000000001,0.9156000000000001,0.9165000000000001,0.9355,0.9496,0.9793000000000001,0.9998,1.0029000000000001,1.0034,1.0161,1.0178,1.0252000000000001,1.0337,1.0384,1.0399,1.0410000000000001,1.0450000000000002,1.0502,1.0633000000000001,1.07,1.089,1.0923,1.0942,1.0945,1.1011,1.1027,1.1112,1.1131,1.117,1.1202,1.1232,1.1255,1.1292,1.1358000000000001,1.1434,1.1686,1.1780000000000002,1.1875,1.1988,1.2003000000000001,1.2119,1.2203000000000002,1.2208,1.2274,1.2306000000000001,1.2356,1.2477,1.2493,1.2496,1.2624,1.2627000000000002,1.2789000000000001,1.2807000000000002,1.2864,1.2892000000000001,1.2939,1.2998,1.3046,1.3106,1.3126,1.324,1.3282,1.3615000000000002,1.3645,1.3663,1.3674000000000002,1.3820000000000001,1.3846,1.3905,1.3960000000000001,1.3976000000000002,1.4005,1.4067,1.4096,1.4132,1.4215,1.4245,1.4259000000000002,1.4266,1.4655,1.471,1.4721,1.4754,1.4822,1.4833,1.4862,1.4889000000000001,1.4898,1.492,1.4989000000000001,1.5030000000000001,1.5110000000000001,1.5118,1.5125000000000002,1.5221,1.5289000000000001,1.5366,1.5406,1.5434,1.5436,1.5456,1.5510000000000002,1.5522,1.5627,1.5719,1.58,1.587,1.5873000000000002,1.588,1.5947,1.5997000000000001,1.6006,1.6155000000000002,1.6221,1.6336000000000002,1.6504,1.6528,1.6553,1.6568,1.6713,1.7042000000000002,1.7118,1.7248,1.7346000000000001,1.7453,1.7496,1.7769000000000001,1.7903,1.7975,1.7999,1.8031000000000001,1.8144,1.8226,1.8255000000000001,1.8270000000000002,1.8285,1.8306,1.8376000000000001,1.8389,1.8447,1.8576000000000001,1.8604,1.8612000000000002,1.8765,1.8920000000000001,1.9004,1.9022000000000001,1.9053,1.907,1.9142000000000001,1.9155000000000002,1.9291,1.9383000000000001,1.9477,1.9514,1.9567,1.9640000000000002,1.9757,1.9787000000000001,1.9866000000000001,1.9935,1.995,1.9965000000000002,2.0002,2.0097,2.0192,2.0221,2.0365,2.0436,2.0501,2.0768,2.0777,2.0875,2.0892,2.1186000000000003,2.121,2.1234,2.1458,2.1481,2.1516,2.1724,2.1729000000000003,2.1799,2.1808,2.1826000000000003,2.208,2.2115,2.2126,2.2172,2.2204,2.2317,2.2363,2.2418,2.2463,2.2466,2.2591,2.2603,2.2655000000000003,2.2679,2.2725,2.3033,2.3049,2.3083,2.3125,2.3232,2.3331,2.3414,2.3668,2.3841,2.3864,2.3913,2.4155,2.4261,2.4312,2.4443,2.4492000000000003,2.4576000000000002,2.4633000000000003,2.4641,2.4683,2.4788,2.4848,2.4883,2.5028,2.5074,2.5141,2.5189,2.5239000000000003,2.5251,2.5258000000000003,2.5344,2.5385,2.5406,2.547,2.5519000000000003,2.5623,2.5645000000000002,2.5661,2.5684,2.5696000000000003,2.5717000000000003,2.5975,2.5981,2.5993,2.6033,2.6075,2.6116,2.6129000000000002,2.621,2.6214,2.6268000000000002,2.6365000000000003,2.6385,2.6470000000000002,2.6517,2.6688,2.6829,2.6843,2.6915,2.6974,2.7086,2.7136,2.7165,2.7349,2.7444,2.7661000000000002,2.7760000000000002,2.7814,2.7972,2.7986,2.802,2.8024,2.8064,2.8111,2.8138,2.8166,2.8174,2.8233,2.8244000000000002,2.831,2.8335000000000004,2.8341000000000003,2.8365,2.8421000000000003,2.8517,2.8662,2.8703000000000003,2.8745000000000003,2.8758000000000004,2.8810000000000002,2.8913,2.8954,2.8982,2.9226,2.9458,2.9538,2.9567,2.9842,3.0,3.0007,3.0037000000000003,3.0098000000000003,3.0136000000000003,3.0145,3.0149000000000004,3.0173,3.0315000000000003,3.0372000000000003,3.0394,3.0413,3.0485,3.0543,3.0814000000000004,3.0845000000000002,3.0882,3.1046,3.1083000000000003,3.1421,3.1435,3.1457,3.1531000000000002,3.1544000000000003,3.1548000000000003,3.1575,3.1778,3.1847000000000003,3.1874000000000002,3.1901,3.1979,3.2092,3.2167000000000003,3.2233,3.2321,3.2364,3.254,3.2684,3.2847,3.2961,3.3124000000000002,3.3253000000000004,3.3318000000000003,3.3335000000000004,3.3425000000000002,3.3498,3.3524000000000003,3.3589,3.3624,3.3683,3.3772,3.3842000000000003,3.3919,3.4027000000000003,3.4245,3.43,3.4324000000000003,3.4344,3.4361,3.4376,3.4394,3.4467000000000003,3.4612000000000003,3.462,3.471,3.4735,3.4761,3.4771,3.4876,3.4883,3.5039000000000002,3.5114,3.5164,3.5192,3.5198,3.5238,3.5247,3.5392,3.5396,3.5444,3.5502000000000002,3.5524,3.5596,3.5729,3.5851,3.5868,3.587,3.5893,3.5913000000000004,3.6094000000000004,3.6112,3.6140000000000003,3.6391,3.6429,3.6443000000000003,3.6565000000000003,3.6717,3.6750000000000003,3.6754000000000002,3.6798,3.6907,3.6917,3.6978,3.705,3.7229,3.7248,3.7547,3.7675,3.7726,3.7733000000000003,3.782,3.8136,3.8146,3.8175000000000003,3.8226,3.8428,3.8451,3.8489,3.8522000000000003,3.8573000000000004,3.8818,3.8881,3.9217000000000004,3.9282000000000004,3.9376,3.9398,3.9401,3.9514,3.9579,3.9610000000000003,3.9628,3.9647,3.9675000000000002,3.9689,3.9712,3.9737,3.9812000000000003,3.9837000000000002,3.9868,3.9936000000000003,4.0008,4.0043,4.0118,4.0199,4.0254,4.0269,4.0285,4.0342,4.0358,4.0407,4.0431,4.0441,4.0673,4.0728,4.0778,4.0781,4.0955,4.0979,4.1005,4.1042000000000005,4.1117,4.1199,4.1281,4.131,4.1336,4.137700000000001,4.1388,4.1517,4.1535,4.1702,4.1731,4.1802,4.1812000000000005,4.188400000000001,4.1893,4.1928,4.2017,4.2077,4.2108,4.211,4.2176,4.2229,4.2239,4.226,4.2408,4.248200000000001,4.2491,4.2651,4.276800000000001,4.2817,4.2868,4.2892,4.2949,4.2981,4.2983,4.3007,4.3058000000000005,4.3193,4.3224,4.3236,4.3269,4.3289,4.331300000000001,4.335100000000001,4.3359000000000005,4.3373,4.344,4.3481000000000005,4.3498,4.3537,4.3566,4.363,4.368,4.372,4.3846,4.385400000000001,4.3863,4.395300000000001,4.3975,4.4133000000000004,4.415,4.424,4.4292,4.440300000000001,4.4424,4.4495000000000005,4.4569,4.4872000000000005,4.4909,4.4911,4.4997,4.500900000000001,4.506,4.521,4.5218,4.5221,4.5251,4.5327,4.5442,4.5456,4.5461,4.5509,4.5557,4.5609,4.5622,4.5686,4.5697,4.5751,4.5762,4.5861,4.593,4.6009,4.6019000000000005,4.6064,4.6188,4.6253,4.6398,4.6409,4.65,4.6505,4.6612,4.6632,4.6643,4.6821,4.6932,4.694100000000001,4.7012,4.712400000000001,4.7126,4.7306,4.7397,4.7546,4.759,4.76,4.7656,4.7666,4.7694,4.780600000000001,4.7838,4.7874,4.788,4.7904,4.7946,4.7971,4.805400000000001,4.807,4.812600000000001,4.817200000000001,4.8285,4.8372,4.8555,4.857,4.857600000000001,4.8611,4.8673,4.8738,4.8773,4.8802,4.8867,4.893800000000001,4.8947,4.9021,4.905,4.905200000000001,4.9106000000000005,4.9164,4.9189,4.919300000000001,4.9211,4.9231,4.9292,4.9369000000000005,4.9433,4.9585,4.966200000000001,4.9667,4.9669,4.9776,4.9934,4.995900000000001
54713:0.023200000000000002,0.048,0.11170000000000001,0.12440000000000001,0.1809,0.2187,0.25270000000000004,0.2711,0.3015,0.3309,0.3551,0.38180000000000003,0.4171,0.4555,0.4786,0.4963,0.5241,0.5523,0.5705,0.6022000000000001,0.6508,0.6621,0.6874,0.7129000000000001,0.7412000000000001,0.7607,0.7997000000000001,0.8175,0.8412000000000001,0.9204,0.9662000000000001,0.9981000000000001,1.0370000000000001,1.066,1.0967,1.1204,1.1371,1.1893,1.2159,1.2534,1.2769000000000001,1.3149,1.3307,1.3662,1.3868,1.4717,1.4886000000000001,1.5135,1.5295,1.6153000000000002,1.643,1.6721000000000001,1.7031,1.7314,1.7516,1.7761,1.8117,1.8318,1.8762,1.9066,1.9302000000000001,1.9708,2.0060000000000002,2.0206,2.0509,2.0689,2.1238,2.1601,2.1927000000000003,2.2173000000000003,2.2642,2.3116000000000003,2.3552,2.4162,2.4505,2.488,2.5381,2.5874,2.6462000000000003,2.6775,2.7039,2.7292,2.7455000000000003,2.7643,2.7794000000000003,2.8042000000000002,2.8353,2.8855,2.92,2.9316,2.9572000000000003,2.9861,3.0446,3.0666,3.0835000000000004,3.1205000000000003,3.1550000000000002,3.1689000000000003,3.1918,3.2110000000000003,3.2270000000000003,3.2497000000000003,3.2885,3.3125,3.3509,3.3794,3.4006000000000003,3.4423000000000004,3.4887,3.5227000000000004,3.5740000000000003,3.6078,3.6510000000000002,3.6715,3.7006,3.7222000000000004,3.7498,3.7731000000000003,3.8028000000000004,3.8216,3.8511,3.8707000000000003,3.9009,3.9280000000000004,3.942,3.9599,3.9994,4.0241,4.0920000000000005,4.1361,4.1864,4.2243,4.242500000000001,4.264600000000001,4.2858,4.3038,4.3564,4.369,4.3870000000000005,4.414000000000001,4.4427,4.4726,4.4999,4.5406,4.5629,4.5756000000000006,4.5971,4.6309000000000005,4.6690000000000005,4.7032,4.724,4.7653,4.792400000000001,4.8317000000000005,4.8612,4.8921,4.9302,4.9591,4.9992
54998:0.0071,0.023,0.0296,0.047400000000000005,0.0626,0.0634,0.07,0.0791,0.07970000000000001,0.08,0.085,0.0945,0.11120000000000001,0.1143,0.1223,0.12300000000000001,0.126,0.13090000000000002,0.136,0.14170000000000002,0.1432,0.14830000000000002,0.1598,0.16110000000000002,0.1689,0.1786,0.1802,0.1835,0.1933,0.197,0.2039,0.2074,0.2086,0.22660000000000002,0.2315,0.2386,0.24650000000000002,0.2511,0.2611,0.272,0.2752,0.2812,0.2876,0.2891,0.2929,0.2944,0.30660000000000004,0.3189,0.3216,0.3262,0.32680000000000003,0.33380000000000004,0.33630000000000004,0.3366,0.3432,0.3453,0.3462,0.36460000000000004,0.3649,0.3667,0.37410000000000004,0.3763,0.3784,0.38230000000000003,0.3839,0.3869,0.3886,0.38930000000000003,0.3925,0.3951,0.4006,0.4045,0.4077,0.4334,0.4403,0.44120000000000004,0.44480000000000003,0.45930000000000004,0.4602,0.4716,0.49520000000000003,0.5005000000000001,0.5031,0.5059,0.5064000000000001,0.5188,0.5243,0.5268,0.5324,0.5326000000000001,0.5368,0.5383,0.5424,0.5467000000000001,0.5489,0.5506,0.5511,0.5599000000000001,0.5612,0.5979,0.5982000000000001,0.606,0.6245,0.6271,0.6347,0.6389,0.6406000000000001,0.6486000000000001,0.6535000000000001,0.6558,0.6585000000000001,0.6633,0.6635,0.6641,0.6748000000000001,0.6759000000000001,0.6968000000000001,0.7113,0.7188,0.7242000000000001,0.7373000000000001,0.7485,0.7487,0.75,0.7524000000000001,0.7599,0.7614000000000001,0.7674000000000001,0.7706000000000001,0.7739,0.775,0.7822,0.7824,0.7831,0.7896000000000001,0.8057000000000001,0.8250000000000001,0.8281000000000001,0.8364,0.8490000000000001,0.8540000000000001,0.8605,0.8623000000000001,0.8631000000000001,0.8731,0.8804000000000001,0.8957,0.8966000000000001,0.9036000000000001,0.905,0.917,0.9345,0.9439000000000001,0.9538000000000001,0.9659000000000001,0.9688,0.9695,0.9726,0.9760000000000001,0.9766,0.9822000000000001,0.9862000000000001,0.9925,0.9996,1.0030000000000001,1.0078,1.0089000000000001,1.0122,1.0144,1.0266,1.0332000000000001,1.0356,1.0374,1.0413000000000001,1.0543,1.0568,1.0666,1.0676,1.0687,1.0805,1.102,1.1068,1.1137000000000001,1.1404,1.1431,1.145,1.1472,1.1643000000000001,1.1658,1.1676,1.1689,1.1801000000000001,1.1860000000000002,1.1951,1.1994,1.2105000000000001,1.2127000000000001,1.2202,1.2206000000000001,1.227,1.2315,1.2562,1.2748000000000002,1.2756,1.2795,1.2883,1.296,1.2965,1.3042,1.3096,1.3124,1.3145,1.3191000000000002,1.3198,1.3301,1.3376000000000001,1.3402,1.345,1.3533000000000002,1.3803,1.3908,1.3917000000000002,1.3959000000000001,1.4066,1.4102000000000001,1.4139000000000002,1.4323000000000001,1.4348,1.4382000000000001,1.4446,1.4607,1.4677,1.4708,1.4723000000000002,1.4755,1.4812,1.4835,1.4929000000000001,1.4945000000000002,1.4955,1.5025000000000002,1.5031,1.5075,1.5104,1.5222,1.5269000000000001,1.5282,1.5307000000000002,1.5338,1.5392000000000001,1.5433000000000001,1.5465,1.5478,1.5517,1.5545,1.5681,1.5699,1.5755000000000001,1.5875000000000001,1.5915000000000001,1.6009,1.6036000000000001,1.605,1.6055000000000001,1.6071,1.6083,1.6159000000000001,1.623,1.6245,1.6256000000000002,1.6260000000000001,1.6267,1.6292,1.6365,1.6496000000000002,1.6513,1.6525,1.6575,1.6597000000000002,1.6635,1.6757000000000002,1.6791,1.6860000000000002,1.6863000000000001,1.6903000000000001,1.7007,1.7022000000000002,1.7098,1.7153,1.7275,1.7304000000000002,1.7381,1.74,1.7402000000000002,1.7427000000000001,1.7531,1.7585000000000002,1.7603,1.7710000000000001,1.7744,1.7807000000000002,1.7842,1.7864,1.7874,1.7912000000000001,1.7934,1.7968000000000002,1.7989000000000002,1.8058,1.8162,1.8173000000000001,1.8178,1.861,1.8704,1.8733000000000002,1.8827,1.9005,1.9012,1.9016000000000002,1.9078000000000002,1.9095000000000002,1.9135000000000002,1.915,1.9157000000000002,1.9381000000000002,1.9474,1.9486,1.9511,1.9522000000000002,1.9627000000000001,1.9705000000000001,1.9720000000000002,1.9742000000000002,1.9761000000000002,1.9849,1.9982000000000002,2.0105,2.0137,2.0143,2.0161000000000002,2.0166,2.0168,2.032,2.0345,2.0380000000000003,2.0451,2.0524,2.0620000000000003,2.0629,2.0713,2.0793,2.0893,2.0917,2.0979,2.1031,2.1162,2.1235,2.1249000000000002,2.1289000000000002,2.1375,2.1395,2.1399,2.1509,2.1533,2.1576,2.1592000000000002,2.1626000000000003,2.1639,2.1716,2.1836,2.1988000000000003,2.1994000000000002,2.2103,2.2107,2.2258,2.2301,2.2437,2.2471,2.2522,2.2529,2.2658,2.2667,2.2697000000000003,2.2712000000000003,2.2786,2.3021000000000003,2.3078000000000003,2.3096,2.3133,2.326,2.3542,2.3563,2.3612,2.3685,2.3717,2.3796,2.3882000000000003,2.3972,2.4067000000000003,2.444,2.4475000000000002,2.4583,2.459,2.4712,2.4733,2.476,2.4810000000000003,2.4847,2.4894000000000003,2.4909000000000003,2.5019,2.5222,2.5236,2.5253,2.532,2.5368,2.5396,2.5461,2.557,2.5605,2.5686,2.5771,2.5912,2.5918,2.5986000000000002,2.6104000000000003,2.6189,2.6533,2.6551,2.66,2.6678,2.6695,2.6712000000000002,2.6832000000000003,2.706,2.717,2.7217000000000002,2.7238,2.7678000000000003,2.7999,2.8071,2.8121,2.8211,2.8308,2.8358000000000003,2.841,2.8422,2.8456,2.8473,2.8493,2.8495,2.8559,2.8600000000000003,2.8604000000000003,2.8936,2.8977,2.8999,2.9023000000000003,2.9054,2.9252000000000002,2.9319,2.9358,2.9518,2.9582,2.9659,2.9850000000000003,2.9944,2.9987000000000004,3.0011,3.0092000000000003,3.0137,3.0218000000000003,3.0251,3.0429,3.0477000000000003,3.0524,3.0592,3.0616000000000003,3.0716,3.0885000000000002,3.1008,3.1029,3.1206,3.1460000000000004,3.1540000000000004,3.1558,3.1612,3.1689000000000003,3.1771000000000003,3.1792000000000002,3.1895000000000002,3.1910000000000003,3.2017,3.2194000000000003,3.2196000000000002,3.2305,3.2371000000000003,3.2402,3.2428000000000003,3.2443,3.2453000000000003,3.2481,3.2510000000000003,3.2628000000000004,3.2659000000000002,3.273,3.2785,3.2830000000000004,3.2872000000000003,3.2886,3.2898,3.2937000000000003,3.2982,3.3000000000000003,3.3067,3.3075,3.3087,3.3165,3.3177000000000003,3.318,3.3219000000000003,3.3226,3.327,3.3273,3.3285,3.3299000000000003,3.3391,3.3538,3.3602000000000003,3.3640000000000003,3.3686000000000003,3.375,3.3961,3.4089,3.419,3.4204000000000003,3.4316,3.4344,3.4415,3.4419,3.4663000000000004,3.4676,3.4758,3.492,3.4928000000000003,3.4944,3.5045,3.5118,3.5191000000000003,3.5199000000000003,3.5287,3.5406,3.5485,3.5515000000000003,3.5561000000000003,3.564,3.5649,3.5739,3.5804,3.5829,3.5889,3.6020000000000003,3.6034,3.6053,3.6055,3.6059,3.6097,3.6118,3.6142000000000003,3.6372,3.6527000000000003,3.6585,3.6617,3.6654,3.6821,3.6891000000000003,3.6898,3.6980000000000004,3.7003000000000004,3.7029,3.7067,3.7096,3.7213000000000003,3.7234000000000003,3.7266000000000004,3.7281,3.7317,3.7336,3.7509,3.7514000000000003,3.7555,3.7647000000000004,3.7685,3.7712000000000003,3.7786000000000004,3.7817000000000003,3.7859000000000003,3.7880000000000003,3.7977000000000003,3.7983000000000002,3.7988000000000004,3.8139000000000003,3.8168,3.818,3.8196000000000003,3.8259000000000003,3.8274000000000004,3.8318000000000003,3.8394000000000004,3.8482000000000003,3.8521,3.8523,3.8759,3.8766000000000003,3.8882000000000003,3.8974,3.9011,3.9044000000000003,3.9103000000000003,3.9239,3.9276,3.9419000000000004,3.9559,3.9644000000000004,3.9649,3.9663000000000004,3.9819,3.9822,4.0162,4.0177000000000005,4.0179,4.0388,4.0457,4.0471,4.0572,4.0621,4.0636,4.0662,4.0724,4.08,4.0838,4.0872,4.095000000000001,4.0966000000000005,4.0989,4.102,4.1125,4.1192,4.1195,4.1283,4.1372,4.140000000000001,4.143800000000001,4.148000000000001,4.1631,4.1726,4.1816,4.1875,4.192,4.1924,4.1958,4.200200000000001,4.2007,4.2054,4.2201,4.2228,4.2235000000000005,4.2263,4.2312,4.252800000000001,4.2606,4.266,4.2723,4.2725,4.2729,4.2771,4.2793,4.2846,4.2896,4.3196,4.3281,4.3288,4.3311,4.3528,4.3542000000000005,4.3561000000000005,4.3697,4.3722,4.383900000000001,4.3884,4.3947,4.4019,4.415,4.4254,4.4321,4.4423,4.4695,4.486800000000001,4.494,4.5177000000000005,4.5402000000000005,4.543200000000001,4.5456,4.547000000000001,4.5513,4.5568,4.5619000000000005,4.5746,4.5756000000000006,4.5887,4.5966000000000005,4.619000000000001,4.6229000000000005,4.6291,4.6342,4.641900000000001,4.6435,4.6491,4.651800000000001,4.6523,4.658,4.688000000000001,4.690300000000001,4.699,4.7035,4.7081,4.7128000000000005,4.7222,4.7296000000000005,4.7367,4.7413,4.7474,4.748,4.7512,4.756600000000001,4.7586,4.763,4.778300000000001,4.7801,4.7817,4.7855,4.8142000000000005,4.8147,4.8218000000000005,4.822900000000001,4.8438,4.847700000000001,4.8682,4.8696,4.8775,4.8817,4.8827,4.8909,4.8989,4.915,4.9225,4.9292,4.9401,4.940300000000001,4.9534,4.9538,4.9567000000000005,4.9617,4.9755,4.9793,4.9839,4.984100000000001,4.9869,4.9888,4.9927
55178:0.012,0.0167,0.0179,0.019100000000000002,0.0234,0.0309,0.0356,0.0369,0.0524,0.0587,0.0704,0.07350000000000001,0.0791,0.0844,0.0857,0.09730000000000001,0.098,0.108,0.1193,0.13570000000000002,0.1411,0.1577,0.1693,0.17600000000000002,0.2061,0.21130000000000002,0.21350000000000002,0.22870000000000001,0.23070000000000002,0.23190000000000002,0.2373,0.2459,0.2513,0.25470000000000004,0.2553,0.2605,0.2609,0.2707,0.27690000000000003,0.2822,0.2826,0.2923,0.29700000000000004,0.30510000000000004,0.3099,0.3104,0.316,0.318,0.3265,0.3295,0.3385,0.3446,0.3448,0.3453,0.3523,0.36300000000000004,0.3652,0.37770000000000004,0.3789,0.3894,0.39480000000000004,0.40900000000000003,0.4176,0.42000000000000004,0.42750000000000005,0.4379,0.44,0.4429,0.4585,0.45940000000000003,0.46340000000000003,0.4675,0.4707,0.47090000000000004,0.4736,0.4777,0.4903,0.496,0.5009,0.5032,0.5062,0.5156000000000001,0.5213,0.5438000000000001,0.5458000000000001,0.5573,0.5738,0.5796,0.6017,0.6035,0.6054,0.6061000000000001,0.6158,0.6177,0.6262,0.6366,0.6447,0.6462,0.6854,0.6857000000000001,0.6877,0.7042,0.7192000000000001,0.7196,0.7296,0.7326,0.7346,0.7385,0.739,0.7578,0.7695000000000001,0.7745000000000001,0.777,0.7779,0.787,0.79,0.7913,0.7971,0.7975,0.7989,0.8039000000000001,0.8107000000000001,0.8172,0.8196,0.8202,0.8308000000000001,0.8479,0.8509,0.8627,0.8644000000000001,0.873,0.8746,0.8781,0.8788,0.8795000000000001,0.8805000000000001,0.8834000000000001,0.8853000000000001,0.8904000000000001,0.894,0.8943000000000001,0.9117000000000001,0.9159,0.9266000000000001,0.9322,0.9396,0.9570000000000001,0.9619000000000001,0.9671000000000001,0.9674,0.9679000000000001,0.9852000000000001,0.9954000000000001,0.9969,1.0096,1.0141,1.0174,1.0252000000000001,1.0286,1.0328,1.0375,1.0414,1.0503,1.0554000000000001,1.0556,1.0598,1.0607,1.0697,1.0716,1.0726,1.0766,1.0833000000000002,1.0924,1.1026,1.1045,1.1121,1.1246,1.1547,1.1605,1.1635,1.1786,1.1824000000000001,1.1912,1.2022000000000002,1.211,1.2241,1.225,1.2264000000000002,1.2271,1.2302,1.2309,1.2372,1.2414,1.2442,1.2531,1.2558,1.2663,1.2783,1.2822,1.2850000000000001,1.2871000000000001,1.2998,1.3042,1.3141,1.3207,1.3253000000000001,1.3307,1.3479,1.3514000000000002,1.3516000000000001,1.3553000000000002,1.3662,1.3728,1.3779000000000001,1.3798000000000001,1.3888,1.3948,1.4106,1.4108,1.4121000000000001,1.4382000000000001,1.4472,1.4523000000000001,1.4538,1.4564000000000001,1.4585000000000001,1.4609,1.467,1.4752,1.4765000000000001,1.4846000000000001,1.4881,1.4885000000000002,1.4932,1.4956,1.5018,1.5106000000000002,1.5166000000000002,1.5213,1.5271000000000001,1.5352000000000001,1.5405,1.556,1.5596,1.5646,1.5702,1.5750000000000002,1.5757,1.5847,1.5857,1.5982,1.6037000000000001,1.6069,1.608,1.6089,1.622,1.6272,1.6436000000000002,1.6697000000000002,1.683,1.6837,1.6853,1.691,1.7118,1.7155,1.7186000000000001,1.7246000000000001,1.7383000000000002,1.7513,1.7516,1.7607000000000002,1.7635,1.7685000000000002,1.7718,1.7726000000000002,1.7757,1.7984,1.8048000000000002,1.816,1.8233000000000001,1.8364,1.8407,1.8502,1.8529,1.8579,1.8595000000000002,1.8614000000000002,1.8749,1.8780000000000001,1.8837000000000002,1.9268,1.9372,1.9376,1.9418000000000002,1.9466,1.9523000000000001,1.9615,1.9653,1.9671,1.9733,1.982,1.9946000000000002,2.0053,2.0139,2.0180000000000002,2.0229,2.028,2.0399000000000003,2.0402,2.0453,2.0532,2.0546,2.0568,2.0631,2.0661,2.072,2.0725000000000002,2.0828,2.0879000000000003,2.0981,2.1061,2.1084,2.1096,2.1125000000000003,2.1143,2.1155,2.1181,2.1417,2.1615,2.1639,2.1677,2.1777,2.1802,2.1845,2.188,2.1915,2.1953,2.2047000000000003,2.2064,2.2087,2.2184,2.2348,2.2365,2.2405,2.248,2.2489,2.2498,2.2518000000000002,2.2622,2.27,2.2708,2.2798000000000003,2.2822,2.2866,2.2878000000000003,2.2973,2.298,2.3101000000000003,2.3105,2.3161,2.3313,2.3412,2.351,2.3518000000000003,2.3640000000000003,2.3663000000000003,2.3682000000000003,2.3717,2.3811,2.3841,2.394,2.3969,2.3983000000000003,2.4045,2.4119,2.4125,2.4162,2.4523,2.4547000000000003,2.4665,2.4824,2.4853,2.4887,2.498,2.5093,2.5096000000000003,2.537,2.5401000000000002,2.5432,2.5474,2.5484,2.559,2.5803000000000003,2.5820000000000003,2.5887000000000002,2.5935,2.607,2.609,2.6100000000000003,2.6181,2.6345,2.6455,2.6485000000000003,2.6534,2.6605000000000003,2.6665,2.6762,2.686,2.6894,2.6932,2.6954000000000002,2.6990000000000003,2.7012,2.7038,2.7099,2.7114000000000003,2.7154000000000003,2.7162,2.7238,2.7251000000000003,2.7292,2.7563,2.7843,2.797,2.7993,2.8037,2.8099000000000003,2.8176,2.8333,2.8445,2.8668,2.8724000000000003,2.8741000000000003,2.8916,2.8925,2.8944,2.9046000000000003,2.9094,2.9146,2.9151000000000002,2.9184,2.9201,2.9313000000000002,2.9336,2.956,2.9566000000000003,2.9605,2.9615,2.9705000000000004,2.9778000000000002,2.9810000000000003,2.9865,2.9898000000000002,2.9982,2.9991000000000003,3.0112,3.016,3.0197000000000003,3.0232,3.0288,3.0291,3.0595000000000003,3.0632,3.0665,3.0955000000000004,3.1237000000000004,3.1286,3.1317,3.1458,3.1485000000000003,3.1507,3.1546000000000003,3.1613,3.1747,3.1827,3.1867,3.1915,3.192,3.2055000000000002,3.2073,3.2131000000000003,3.2197,3.2492,3.2581,3.2714000000000003,3.2750000000000004,3.2763,3.2848,3.3014,3.3079,3.3119,3.3148,3.317,3.3223000000000003,3.3282000000000003,3.3321,3.3365,3.338,3.3403,3.3409,3.3432,3.3515,3.3543000000000003,3.3561,3.3654,3.3961,3.4052000000000002,3.4124000000000003,3.4162000000000003,3.4229000000000003,3.4233000000000002,3.4385000000000003,3.4421000000000004,3.4443,3.4455,3.4562000000000004,3.4618,3.4651,3.4689,3.4701,3.4715000000000003,3.483,3.4909000000000003,3.5004,3.5021,3.5130000000000003,3.5196,3.527,3.5358,3.5373,3.5432,3.5578000000000003,3.5622000000000003,3.5652000000000004,3.5657,3.5676,3.5714,3.576,3.5866000000000002,3.5924,3.5929,3.6023,3.6031,3.6051,3.624,3.6269,3.629,3.6293,3.6379,3.6387,3.6465,3.6485000000000003,3.6568,3.6675,3.6698000000000004,3.6726,3.6823,3.6922,3.6954000000000002,3.6965000000000003,3.6969000000000003,3.6975000000000002,3.6985,3.6990000000000003,3.7134,3.7208,3.7237,3.7239,3.7251000000000003,3.7335000000000003,3.741,3.7485000000000004,3.7648,3.7859000000000003,3.7885,3.7898,3.7901000000000002,3.8068,3.8110000000000004,3.8115,3.8119,3.8125,3.8171000000000004,3.8274000000000004,3.8321,3.8349,3.837,3.8426,3.8428,3.8495000000000004,3.8578,3.8784,3.8851,3.887,3.8904,3.8991000000000002,3.9037,3.9117,3.9272,3.9372000000000003,3.9546,3.9579,3.9825000000000004,3.9867000000000004,3.9918,3.999,4.0067,4.0122,4.0147,4.0242,4.032900000000001,4.036700000000001,4.0544,4.0553,4.0661000000000005,4.0685,4.0702,4.0786,4.0859000000000005,4.0946,4.1031,4.1035,4.1043,4.1284,4.1373,4.1506,4.1532,4.1657,4.1723,4.1734,4.1929,4.1948,4.1981,4.2015,4.2018,4.212400000000001,4.2249,4.230700000000001,4.2312,4.2499,4.2542,4.2625,4.2712,4.2737,4.2776000000000005,4.2793,4.2798,4.2828,4.2833000000000006,4.2891,4.2953,4.3026,4.3095,4.3212,4.327,4.3340000000000005,4.3411,4.3546000000000005,4.3635,4.369800000000001,4.3761,4.3905,4.3988000000000005,4.4,4.406000000000001,4.4118,4.421,4.4278,4.446400000000001,4.4487000000000005,4.455900000000001,4.4604,4.4633,4.4652,4.4671,4.492900000000001,4.5004,4.5025,4.5153,4.5208,4.5356000000000005,4.5401,4.5561,4.5627,4.5642000000000005,4.5683,4.5783000000000005,4.5805,4.5844000000000005,4.5895,4.5953,4.596900000000001,4.6509,4.6512,4.6536,4.6601,4.6616,4.6844,4.6926000000000005,4.6995000000000005,4.7061,4.7087,4.7359,4.7395000000000005,4.7456000000000005,4.7583,4.7625,4.7666,4.769,4.7709,4.7739,4.7902000000000005,4.7948,4.7961,4.8018,4.8047,4.8132,4.8176000000000005,4.8221,4.8251,4.839,4.8434,4.8451,4.867,4.8749,4.8769,4.8776,4.8789,4.9012,4.9157,4.9236,4.9352,4.9412,4.9432,4.9457,4.9674000000000005,4.9741,4.9751,4.9793,4.9817,4.9831
55189:3.8647
55407:0.037200000000000004,0.4758,0.808,0.9329000000000001,1.3095,2.2697000000000003,2.5773,3.4214,3.9474,4.712400000000001
55498:0.3735,0.9962000000000001,1.3845,2.1696,2.4421,3.8136,3.8446000000000002
55663:3.5873000000000004,3.7482,4.2682,4.4748
55678:1.5035,3.9714
55972:0.0823,0.1331,0.2952,0.6742,0.8577,1.0623,1.3155000000000001,1.4985000000000002,1.8558000000000001,2.0023,2.0958,2.5395000000000003,2.7054,2.8413,3.0279000000000003,3.1651000000000002,3.5051,3.7428000000000003,3.8317,3.9852000000000003,4.1186,4.2194,4.3467,4.804,4.9213000000000005
56320:2.3447,2.3528000000000002,4.313000000000001
56868:0.1396,0.3769,1.9896,2.5342000000000002,2.9568000000000003,4.2721
57246:0.0269,0.0342,0.0436,0.0685,0.0819,0.11330000000000001,0.1218,0.155,0.1617,0.18180000000000002,0.1952,0.2195,0.2361,0.2521,0.2656,0.2828,0.2948,0.3183,0.335,0.3443,0.37160000000000004,0.39890000000000003,0.4162,0.4611,0.46730000000000005,0.5079,0.5286000000000001,0.5425,0.5571,0.5746,0.6135,0.6232,0.636,0.6472,0.6547000000000001,0.6783,0.6944,0.7116,0.7199,0.7315,0.7471,0.7524000000000001,0.7682,0.7892,0.7976000000000001,0.8365,0.8553000000000001,0.8618,0.8714000000000001,0.9003,0.9181,0.9586,0.9702000000000001,0.9842000000000001,0.9955,1.0085,1.0176,1.0335,1.0416,1.0744,1.0871,1.0953000000000002,1.1169,1.1249,1.1584,1.1740000000000002,1.1874,1.1936,1.2163000000000002,1.2286000000000001,1.2369,1.2567000000000002,1.284,1.2965,1.3308,1.3396000000000001,1.3543,1.3648,1.3744,1.3792,1.3963,1.4042000000000001,1.4235,1.4533,1.4609,1.484,1.5058,1.5355,1.5450000000000002,1.5626,1.5923,1.5993000000000002,1.612,1.6395000000000002,1.6881000000000002,1.7049,1.7149,1.7379,1.7476,1.7638,1.7853,1.8004,1.8121,1.8217,1.856,1.8920000000000001,1.9067,1.917,1.9223000000000001,1.9452,1.9514,1.9649,1.9951,2.0099,2.0258000000000003,2.0667,2.0802,2.0948,2.1144000000000003,2.1276,2.141,2.1604,2.1843,2.1896,2.201,2.2194000000000003,2.2467,2.259,2.2928,2.3013,2.3295,2.3427000000000002,2.3552,2.3758,2.3907000000000003,2.4044000000000003,2.4134,2.4290000000000003,2.4408000000000003,2.4528000000000003,2.4728000000000003,2.4929,2.5202,2.5305,2.5392,2.5526,2.5633,2.5739,2.5884,2.6027,2.6181,2.6235,2.66,2.6742,2.6825,2.7207000000000003,2.7494,2.7604,2.7657000000000003,2.7880000000000003,2.811,2.8203,2.8285,2.8386,2.8612,2.8682000000000003,2.8766000000000003,2.9037,2.9214,2.9337,2.9445,2.9585000000000004,2.9649,3.004,3.0105,3.0499,3.0626,3.0767,3.0839000000000003,3.1017,3.1171,3.1460000000000004,3.1545,3.1964,3.2278000000000002,3.2430000000000003,3.2727,3.2817000000000003,3.2922000000000002,3.3235,3.3335000000000004,3.3431,3.3932,3.4082000000000003,3.4158,3.4368000000000003,3.4494000000000002,3.4681,3.4769,3.4976000000000003,3.5285,3.5441000000000003,3.5714,3.5777,3.5968,3.6082,3.6195000000000004,3.6468000000000003,3.6691000000000003,3.6769000000000003,3.6852,3.7030000000000003,3.7318000000000002,3.7459000000000002,3.7749,3.7982,3.8037,3.8401,3.8476000000000004,3.8599,3.8792,3.8997,3.9157,3.9290000000000003,3.9385000000000003,3.9678,3.9852000000000003,4.01,4.0456,4.0575,4.0684000000000005,4.0853,4.0961,4.113,4.1466,4.1584,4.1708,4.1859,4.1944,4.1995000000000005,4.2109000000000005,4.2291,4.2471000000000005,4.2645,4.2857,4.2917000000000005,4.302700000000001,4.313000000000001,4.3347,4.3547,4.3676,4.4006,4.42,4.4398,4.4473,4.4633,4.4853000000000005,4.5157,4.5461,4.5583,4.5819,4.6164000000000005,4.6238,4.6311,4.6719,4.6974,4.708200000000001,4.730700000000001,4.7433000000000005,4.7593000000000005,4.7773,4.811100000000001,4.8285,4.84,4.853800000000001,4.865600000000001,4.8808,4.9229,4.9434000000000005,4.9574,4.9645,4.9857000000000005
57682:0.0176,0.056900000000000006,0.1076,0.14780000000000001,0.18000000000000002,0.1975,0.21960000000000002,0.24730000000000002,0.2889,0.3119,0.33590000000000003,0.35960000000000003,0.39330000000000004,0.4132,0.4948,0.5571,0.5647,0.5944,0.6615,0.6971,0.7335,0.7446,0.769,0.8095,0.8258000000000001,0.8864000000000001,0.9467000000000001,1.0075,1.0564,1.1124,1.245,1.3105,1.3245,1.36,1.3738000000000001,1.3946,1.4826000000000001,1.5278,1.5857,1.6209,1.6658000000000002,1.754,1.7814,1.7948000000000002,1.82,1.8507,1.8712000000000002,1.8858000000000001,1.9348,1.9656,1.9876,2.0242,2.0555,2.0844,2.1597,2.1710000000000003,2.1831,2.1904,2.237,2.2711,2.2888,2.318,2.3652,2.3817,2.4832,2.532,2.5822000000000003,2.6032,2.6185,2.6448,2.6948000000000003,2.7068000000000003,2.7305,2.7664,2.782,2.7981000000000003,2.8134,2.8635,2.8821000000000003,2.9094,2.9554,2.9898000000000002,3.0323,3.0564,3.0696000000000003,3.0935,3.1167000000000002,3.1307,3.1419,3.1757,3.21,3.2746,3.3044000000000002,3.3173000000000004,3.3823000000000003,3.4355,3.4873000000000003,3.5101,3.5955000000000004,3.6111,3.6417,3.7041000000000004,3.7195,3.7293000000000003,3.7554000000000003,3.8187,3.8319,3.8661000000000003,3.9221000000000004,3.9504,3.9596,4.0326,4.0929,4.136,4.2211,4.250900000000001,4.2828,4.307300000000001,4.3267,4.3621,4.3885000000000005,4.4078,4.4358,4.470400000000001,4.510400000000001,4.5289,4.5549,4.593100000000001,4.6054,4.6606000000000005,4.6938,4.7916,4.8056,4.855700000000001,4.8676,4.8923000000000005,4.9057,4.939500000000001,4.954400000000001,4.9843,4.9958
57746:0.033800000000000004,0.0614,0.0806,0.1119,0.13440000000000002,0.1557,0.1839,0.20650000000000002,0.2277,0.2516,0.2798,0.2989,0.3262,0.34990000000000004,0.3667,0.38670000000000004,0.4146,0.44380000000000003,0.4677,0.49670000000000003,0.5206000000000001,0.5511,0.5783,0.6163000000000001,0.6373,0.6579,0.6863,0.7107,0.7383000000000001,0.7557,0.7827000000000001,0.8154,0.8374,0.8588,0.8926000000000001,0.9163,0.9488000000000001,0.9742000000000001,1.0033,1.0255,1.0419,1.0624,1.0855000000000001,1.1105,1.1348,1.161,1.1765,1.2102000000000002,1.2302,1.2585,1.3101,1.3276000000000001,1.3479,1.3666,1.3894,1.4097000000000002,1.4396,1.4702000000000002,1.4941,1.5123,1.5306000000000002,1.5492000000000001,1.5767,1.595,1.6152,1.6429,1.6695,1.6936,1.7181000000000002,1.7424000000000002,1.7654,1.7928000000000002,1.8185,1.8464,1.8699000000000001,1.893,1.9108,1.9381000000000002,1.959,1.9839,2.0128,2.0473,2.0712,2.1042,2.133,2.1510000000000002,2.1679,2.1878,2.2226,2.2488,2.2702,2.3056,2.3381000000000003,2.3593,2.3868,2.4143000000000003,2.4484,2.4682,2.4889,2.5135,2.5353000000000003,2.5542000000000002,2.5819,2.6025,2.6218,2.6431,2.6712000000000002,2.6919,2.7202,2.749,2.7743,2.8105,2.839,2.8588,2.8829000000000002,2.9044000000000003,2.9276,2.9568000000000003,2.9822,3.0096000000000003,3.0469,3.073,3.0954,3.1223,3.1487000000000003,3.1674,3.186,3.2058,3.2272000000000003,3.2513,3.2683,3.2918000000000003,3.3085,3.3286000000000002,3.3528000000000002,3.3783000000000003,3.4171,3.4391000000000003,3.4613,3.4808000000000003,3.503,3.5241000000000002,3.5494000000000003,3.5734000000000004,3.588,3.6066000000000003,3.6393,3.6654,3.6961000000000004,3.7205000000000004,3.7375000000000003,3.7666000000000004,3.7894,3.8084000000000002,3.8301000000000003,3.8458,3.8686000000000003,3.8873,3.9028,3.9227000000000003,3.9451,3.9741000000000004,4.0051000000000005,4.0232,4.0497000000000005,4.0761,4.1001,4.1311,4.152200000000001,4.176,4.2006000000000006,4.220400000000001,4.2493,4.2679,4.2940000000000005,4.3158,4.3475,4.3703,4.3911,4.4129000000000005,4.435700000000001,4.4669,4.4958,4.531000000000001,4.5503,4.5738,4.607,4.6303,4.6564000000000005,4.677700000000001,4.697900000000001,4.7239,4.7474,4.7673000000000005,4.7937,4.8179,4.8404,4.8593,4.8811,4.9026000000000005,4.923500000000001,4.9537,4.9744,4.996700000000001
57783:0.0007,0.0014,0.004200000000000001,0.0045000000000000005,0.0183,0.026600000000000002,0.030100000000000002,0.0315,0.0403,0.0408,0.054700000000000006,0.064,0.0656,0.07300000000000001,0.0758,0.1037,0.1058,0.1572,0.1641,0.1734,0.1754,0.17930000000000001,0.1829,0.1869,0.1967,0.2013,0.20980000000000001,0.222,0.24250000000000002,0.2642,0.2665,0.2681,0.27490000000000003,0.2934,0.30060000000000003,0.31620000000000004,0.32320000000000004,0.34040000000000004,0.3431,0.3647,0.37020000000000003,0.377,0.3779,0.3796,0.39790000000000003,0.4001,0.4083,0.4141,0.41500000000000004,0.4171,0.42110000000000003,0.4263,0.43410000000000004,0.43460000000000004,0.4349,0.4373,0.4545,0.4581,0.45940000000000003,0.4625,0.4631,0.464,0.47050000000000003,0.4746,0.4797,0.49620000000000003,0.5093,0.5214,0.5377000000000001,0.5458000000000001,0.5587,0.5630000000000001,0.5812,0.5999,0.6161,0.6287,0.6528,0.6598,0.6735,0.677,0.6777000000000001,0.6802,0.6864,0.6893,0.6918000000000001,0.6945,0.6979000000000001,0.7138,0.732,0.7446,0.7457,0.75,0.7515000000000001,0.7545000000000001,0.7729,0.8022,0.8067000000000001,0.8074,0.8097000000000001,0.8185,0.8223,0.8243,0.8323,0.8354,0.8373,0.8425,0.8432000000000001,0.8490000000000001,0.8501000000000001,0.8525,0.8531000000000001,0.8594,0.8705,0.8731,0.8797,0.9009,0.9039,0.9061,0.9152,0.9164,0.9199,0.9232,0.9291,0.9355,0.9410000000000001,0.9421,0.9545,0.9623,0.9625,0.9714,0.9763000000000001,0.9799,0.9802000000000001,0.9895,0.9911000000000001,0.997,0.9992000000000001,1.0005,1.0059,1.0081,1.0190000000000001,1.0257,1.0381,1.0438,1.0501,1.0564,1.0822,1.0831,1.0902,1.0954000000000002,1.1029,1.1143,1.1162,1.1208,1.1273,1.1337000000000002,1.1420000000000001,1.1488,1.157,1.1588,1.1726,1.1754,1.1779,1.1861000000000002,1.1899,1.1922000000000001,1.2012,1.2028,1.204,1.2104000000000001,1.2135,1.2137,1.2196,1.2198,1.2253,1.2255,1.2269,1.2273,1.2293,1.2298,1.2329,1.2336,1.2389000000000001,1.2543,1.2584,1.2588000000000001,1.2590000000000001,1.2631000000000001,1.2697,1.2750000000000001,1.2857,1.2913000000000001,1.2965,1.2981,1.3044,1.3058,1.3333000000000002,1.3503,1.3633,1.3717000000000001,1.372,1.3832,1.3848,1.3861,1.3962,1.3980000000000001,1.4031,1.4066,1.4146,1.4246,1.4280000000000002,1.4365,1.4418,1.4425000000000001,1.4436,1.4455,1.4528,1.46,1.4616,1.4693,1.4779,1.4844000000000002,1.4865000000000002,1.5002,1.5068000000000001,1.5078,1.5118,1.5153,1.5252000000000001,1.5296,1.5319,1.5459,1.5485,1.5533000000000001,1.5670000000000002,1.5775000000000001,1.5802,1.5872000000000002,1.6074000000000002,1.6146,1.6292,1.6296000000000002,1.633,1.6336000000000002,1.6415000000000002,1.6467,1.6487,1.6591,1.6664,1.6703000000000001,1.6726,1.6886,1.6896,1.6961000000000002,1.7060000000000002,1.7097,1.7183000000000002,1.7205000000000001,1.7211,1.7233,1.7236,1.7434,1.7512,1.7573,1.7649000000000001,1.7651000000000001,1.7666000000000002,1.7687000000000002,1.7838,1.7874,1.7896,1.7919,1.7977,1.8074000000000001,1.8089000000000002,1.8129000000000002,1.8136,1.8364,1.8513000000000002,1.8628,1.8760000000000001,1.9074,1.9226,1.9380000000000002,1.9463000000000001,1.9698,1.9939,2.0064,2.0067,2.0163,2.0328,2.0408,2.0413,2.043,2.0442,2.0627,2.0661,2.0817,2.1036,2.1066000000000003,2.1082,2.1138,2.1322,2.1325000000000003,2.1447000000000003,2.1481,2.1522,2.1538,2.1544000000000003,2.1612,2.1643,2.1674,2.181,2.2016,2.2032000000000003,2.2041,2.2131000000000003,2.2219,2.2222,2.2245,2.2342,2.2348,2.2385,2.2399,2.2419000000000002,2.2579000000000002,2.2606,2.2742,2.2760000000000002,2.2813000000000003,2.2836000000000003,2.2932,2.2984,2.3015000000000003,2.311,2.3160000000000003,2.3289,2.3318000000000003,2.3321,2.3458,2.3501000000000003,2.3519,2.3527,2.3626,2.3667000000000002,2.3675,2.3691,2.3741000000000003,2.3769,2.3850000000000002,2.3871,2.3882000000000003,2.3997,2.4009,2.4148,2.4258,2.4324,2.4330000000000003,2.4335,2.442,2.4451,2.4545,2.4616000000000002,2.4637000000000002,2.483,2.4834,2.4938000000000002,2.5205,2.5211,2.5243,2.5296000000000003,2.5375,2.5415,2.5481000000000003,2.5587,2.5804,2.5812,2.583,2.5956,2.6082,2.6183,2.6273,2.6298,2.6396,2.6525000000000003,2.6542000000000003,2.6601,2.6682,2.6748000000000003,2.6865,2.7031,2.7038,2.7066000000000003,2.7261,2.7318000000000002,2.7385,2.7517,2.7549,2.7624,2.7628,2.7638000000000003,2.7649,2.7872000000000003,2.7992000000000004,2.8043,2.8145000000000002,2.8200000000000003,2.8207,2.8313,2.8333,2.8355,2.8377000000000003,2.8408,2.8466,2.8564000000000003,2.8662,2.8684000000000003,2.8752,2.8778,2.8782,2.8840000000000003,2.8894,2.8926000000000003,2.8929,2.8939,2.8957,2.8982,2.9036,2.9111000000000002,2.9116,2.9126000000000003,2.9283,2.9419,2.9432,2.9472,2.9538,2.9582,2.9658,2.9764,2.9933,3.0122,3.0130000000000003,3.0255,3.0325,3.0351000000000004,3.0385,3.0482,3.0587,3.0656000000000003,3.0674,3.0809,3.0874,3.0995000000000004,3.1038,3.104,3.1116,3.1155,3.1254,3.1339,3.1346000000000003,3.1439000000000004,3.1462000000000003,3.1541,3.1667,3.1705,3.1734,3.1870000000000003,3.1904000000000003,3.1914000000000002,3.1991,3.2206,3.221,3.2236000000000002,3.2299,3.2399,3.2418,3.2425,3.2471,3.2483,3.2498,3.2511,3.2599,3.265,3.266,3.2703,3.2715,3.2739000000000003,3.2790000000000004,3.2852,3.2938,3.3041,3.3055000000000003,3.3179000000000003,3.3193,3.3262,3.3274000000000004,3.3344,3.3447,3.3461000000000003,3.3506,3.3512,3.3528000000000002,3.3607,3.362,3.3652,3.3849,3.4054,3.4067000000000003,3.4138,3.4168000000000003,3.4185000000000003,3.4315,3.435,3.4364000000000003,3.4421000000000004,3.4530000000000003,3.4558,3.4653,3.4656000000000002,3.4678,3.4759,3.4841,3.4908,3.5074,3.5077000000000003,3.5082,3.5128000000000004,3.5132000000000003,3.5138000000000003,3.5247,3.5289,3.5417,3.5496000000000003,3.5566,3.5645000000000002,3.5662000000000003,3.5767,3.6164,3.629,3.6327000000000003,3.6396,3.6525000000000003,3.6543,3.6773000000000002,3.6798,3.6817,3.6837,3.6912000000000003,3.6962,3.7067,3.7091000000000003,3.7122,3.716,3.7197,3.7239,3.7304000000000004,3.7318000000000002,3.7408,3.744,3.7508000000000004,3.7567000000000004,3.7667,3.7711,3.7836000000000003,3.7857000000000003,3.7891000000000004,3.7956000000000003,3.8029,3.8061000000000003,3.8072000000000004,3.8188,3.8240000000000003,3.8323,3.8545000000000003,3.8674000000000004,3.8719,3.8855000000000004,3.8876000000000004,3.9045,3.9077,3.9087,3.9106,3.9112,3.939,3.9395000000000002,3.9542,3.9578,3.9626,3.9721,3.9749000000000003,3.9916,4.0185,4.020700000000001,4.053,4.0717,4.0739,4.082,4.1082,4.109,4.1092,4.1149000000000004,4.1267000000000005,4.1553,4.161700000000001,4.1756,4.1778,4.180400000000001,4.1822,4.2010000000000005,4.2043,4.21,4.2129,4.214300000000001,4.2161,4.2249,4.2254000000000005,4.232,4.232600000000001,4.2332,4.2418000000000005,4.2513000000000005,4.2531,4.2541,4.2551000000000005,4.2553,4.2601,4.2634,4.285200000000001,4.2882,4.297000000000001,4.2998,4.3049,4.3121,4.3139,4.3166,4.3178,4.3221,4.3267,4.330900000000001,4.3375,4.3468,4.3513,4.3545,4.3547,4.361400000000001,4.3705,4.371700000000001,4.3765,4.3870000000000005,4.4026000000000005,4.4105,4.4154,4.4234,4.4284,4.441,4.4484,4.449800000000001,4.453,4.4613000000000005,4.4622,4.469,4.4752,4.484100000000001,4.4898,4.4909,4.5097000000000005,4.5111,4.5120000000000005,4.522600000000001,4.5247,4.5404,4.5422,4.543200000000001,4.5457,4.558800000000001,4.5612,4.573300000000001,4.577500000000001,4.5807,4.5827,4.5835,4.6027000000000005,4.6058,4.6195,4.633100000000001,4.6336,4.6359,4.6489,4.6549000000000005,4.6554,4.659800000000001,4.6628,4.681,4.6887,4.6935,4.6962,4.702100000000001,4.7049,4.712400000000001,4.7179,4.7305,4.7354,4.7356,4.7634,4.7643,4.7648,4.7689,4.8058000000000005,4.8176000000000005,4.822,4.8303,4.845400000000001,4.8516,4.8599000000000006,4.8647,4.871300000000001,4.8745,4.8747,4.8773,4.8817,4.883500000000001,4.888,4.8928,4.8985,4.9145,4.917800000000001,4.923,4.9341,4.9434000000000005,4.9499,4.9635,4.981,4.9888,4.9969,4.9999
57822:0.0506,1.3552,1.7615,1.9008,2.391,2.8807,3.4627000000000003,3.6946000000000003,4.11,4.3447000000000005,4.754300000000001
58111:0.085,0.21860000000000002,0.2967,0.3524,0.47100000000000003,0.5854,0.6751,0.7233,0.8711000000000001,0.9945,1.089,1.1821000000000002,1.2368000000000001,1.3779000000000001,1.4071,1.4645000000000001,1.5411000000000001,1.5504,1.6068,1.7061000000000002,1.7196,1.7312,1.7569000000000001,1.7857,1.8085,1.9541000000000002,2.0088,2.0247,2.1477,2.2581,2.3089,2.3518000000000003,2.3765,2.3878,2.4257,2.5483000000000002,2.5753,2.5918,2.6312,2.6864000000000003,2.8352,2.871,2.9194,3.0867,3.1543,3.1611000000000002,3.245,3.3419000000000003,3.3502,3.41,3.8070000000000004,3.8880000000000003,4.1067,4.1505,4.175,4.1999,4.3426,4.416300000000001,4.687600000000001,4.715,4.841,4.921600000000001
58129:0.0429,0.08660000000000001,0.1298,0.18760000000000002,0.265,0.2909,0.3386,0.3724,0.4697,0.5458000000000001,0.6492,0.6866,0.7273000000000001,0.8024,0.8679,0.9309000000000001,0.9858,1.0390000000000001,1.1022,1.1815,1.2342,1.3012000000000001,1.338,1.3809,1.4882,1.5565,1.625,1.7181000000000002,1.7517,1.8048000000000002,1.9220000000000002,1.941,2.017,2.1036,2.1486,2.2212,2.2619000000000002,2.3054,2.3552,2.4206000000000003,2.4583,2.5213,2.5375,2.5674,2.6251,2.6837,2.7655000000000003,2.8334,2.8758000000000004,2.9278,2.9639,3.0121,3.0815,3.1532,3.2848,3.3438000000000003,3.4121,3.4821,3.5833000000000004,3.6253,3.6809000000000003,3.8035,3.9013,3.9387000000000003,4.0308,4.0696,4.1498,4.1738,4.2016,4.2374,4.292800000000001,4.3747,4.4561,4.6223,4.7076,4.782900000000001,4.8467,4.8779,4.965800000000001
58273:2.0060000000000002,2.2153,3.774,4.1277,4.351100000000001,4.8047,4.8148
58597:0.36560000000000004,1.4936,1.6480000000000001,1.8537000000000001,2.1053,2.2475,2.5564,2.7749,2.9046000000000003,3.0581,3.5848,3.7446,4.2662,4.3335,4.472700000000001,4.8818
58832:0.7433000000000001,1.8662,2.1714,3.9814000000000003,4.3306000000000004,4.5319
58910:0.5798,0.996,1.3868,1.9846000000000001,2.1711,2.3121,2.4417,2.5305,3.2273,3.5946000000000002,3.8475
59562:0.4787,0.5822,2.5291,2.9496
59797:0.6738000000000001
60661:0.12990000000000002,0.3299,0.6644,0.8228000000000001,0.9053,1.0628,1.4997,1.8501,1.9952,2.2021,3.5751000000000004,3.7635,3.9511000000000003,4.1119,4.3402,4.7921000000000005
60791:0.3825,1.9938,2.4490000000000003,3.8481
60863:0.6742,0.8004,2.5862000000000003,3.9819
61120:0.0994,0.23420000000000002,0.2853,0.3698,0.4404,0.4782,0.5740000000000001,0.5797,0.6368,0.6783,0.8079000000000001,0.898,0.9400000000000001,0.996,1.0446,1.1149,1.2785,1.3412000000000002,1.3863,1.6288,1.7308000000000001,1.8018,1.9447,1.9845000000000002,2.0766,2.1296,2.1711,2.2349,2.3116000000000003,2.3719,2.4408000000000003,2.4934000000000003,2.5291,2.6313,2.7074000000000003,2.8266,2.9453,3.0105,3.0653,3.1408,3.1938,3.2273,3.2729000000000004,3.3649,3.4273000000000002,3.591,3.5947,3.7379000000000002,3.7769000000000004,3.8473,3.9483,4.035,4.1555,4.236,4.2898000000000005,4.473,4.6123,4.6545000000000005,4.7202,4.7827,4.972300000000001
61465:1.0365,1.1701000000000001,1.2314,1.3466,1.4171,1.6834,1.8308,1.9244,2.0964,2.2594000000000003,2.3052,2.3563,2.4183,2.6369000000000002,3.3288,3.4147000000000003,3.9024,4.7054
61761:1.0010000000000001,1.3895,2.1764,2.3159,2.4451,2.5326,3.8511
62170:0.027600000000000003,0.067,0.198,0.3699,0.45070000000000005,0.6062000000000001,0.6666000000000001,0.7796000000000001,1.0232,1.2644,1.3491,1.5849,1.6588,1.6899000000000002,1.7337,1.8936000000000002,1.9203000000000001,1.9877,2.0517000000000003,2.1144000000000003,2.2256,2.3208,2.3426,2.4532000000000003,2.5132000000000003,2.5544000000000002,2.6231,2.6937,2.7534,2.8071,2.8425000000000002,2.9029000000000003,2.9703,3.071,3.3574,3.4146,3.4564000000000004,3.4977,3.7712000000000003,3.8511,3.8685,3.9972000000000003,4.0999,4.3094,4.3805000000000005,4.408,4.4984,4.5779000000000005,4.6271,4.6685,4.730700000000001,4.8063
62546:0.0166,0.0298,0.039400000000000004,0.0594,0.07680000000000001,0.0941,0.1086,0.12610000000000002,0.1454,0.1772,0.1847,0.21350000000000002,0.2237,0.24430000000000002,0.2625,0.2817,0.2928,0.32,0.329,0.3367,0.3488,0.3609,0.382,0.3967,0.4601,0.4665,0.49810000000000004,0.5075000000000001,0.5325,0.5385,0.5596,0.5697,0.6114,0.6324000000000001,0.6458,0.6585000000000001,0.674,0.687,0.7100000000000001,0.7233,0.7558,0.7861,0.8015,0.8146,0.8386,0.8581000000000001,0.8909,0.9390000000000001,0.9499000000000001,0.9717,0.9832000000000001,1.0058,1.0172,1.0267,1.0362,1.0682,1.0985,1.1097000000000001,1.1279000000000001,1.1656,1.1725,1.1966,1.2265000000000001,1.2438,1.2557,1.2811000000000001,1.304,1.3170000000000002,1.329,1.3365,1.3609,1.3759000000000001,1.3819000000000001,1.4162000000000001,1.4353,1.4689,1.483,1.5088000000000001,1.5317,1.5498,1.5748,1.5858,1.5923,1.6155000000000002,1.6396000000000002,1.6985000000000001,1.7068,1.7351,1.7431,1.7609000000000001,1.7917,1.8022,1.8154000000000001,1.8534000000000002,1.8986,1.9066,1.9300000000000002,1.9432,1.9627000000000001,2.0009,2.012,2.0207,2.0515,2.0591,2.0867,2.0985,2.1198,2.13,2.1585,2.1894,2.2031,2.2287,2.2516000000000003,2.2633,2.287,2.3315,2.3399,2.3538,2.3921,2.4124000000000003,2.4469000000000003,2.4529,2.462,2.5077000000000003,2.5225,2.5483000000000002,2.5603000000000002,2.5713,2.6033,2.6171,2.6308000000000002,2.6702,2.6807000000000003,2.6912000000000003,2.7279,2.7541,2.7623,2.7757,2.8109,2.8275,2.8374,2.8485,2.867,2.8984,2.9172000000000002,2.9325,2.9533,2.9769,2.9973,3.007,3.0283,3.0591,3.0711,3.0809,3.1055,3.1367000000000003,3.1455,3.1524,3.1864000000000003,3.2312000000000003,3.2655000000000003,3.2807,3.3052,3.314,3.3358000000000003,3.3466,3.4066,3.4336,3.4422,3.4522000000000004,3.4657,3.4802,3.5018000000000002,3.5352,3.5619,3.5731,3.5827,3.5987,3.6076,3.6326,3.6648,3.6790000000000003,3.7133000000000003,3.7284,3.7432000000000003,3.7800000000000002,3.7893000000000003,3.8002000000000002,3.8289,3.8526000000000002,3.8953,3.9137000000000004,3.9231000000000003,3.9308,3.9515000000000002,3.9711000000000003,4.0102,4.0201,4.0549,4.0633,4.0824,4.103,4.1429,4.159800000000001,4.1713000000000005,4.181,4.1878,4.1974,4.2151000000000005,4.2258000000000004,4.2327,4.2618,4.274500000000001,4.2954,4.3086,4.3167,4.355700000000001,4.3668000000000005,4.4006,4.4204,4.442200000000001,4.4655000000000005,4.4858,4.5205,4.5475,4.605700000000001,4.6177,4.6475,4.674300000000001,4.6966,4.7171,4.7313,4.7733,4.8039000000000005,4.8237000000000005,4.8401000000000005,4.853000000000001,4.8616,4.8684,4.9061,4.957800000000001,4.9669,4.980300000000001,4.9897
62949:0.0269,0.0424,0.061500000000000006,0.0779,0.1005,0.1164,0.1345,0.14880000000000002,0.1678,0.18780000000000002,0.20420000000000002,0.22210000000000002,0.2371,0.2543,0.277,0.2942,0.315,0.3325,0.3483,0.36110000000000003,0.3794,0.39440000000000003,0.4173,0.43370000000000003,0.4556,0.4717,0.48910000000000003,0.5104000000000001,0.528,0.5512,0.5718,0.5951000000000001,0.6215,0.6378,0.6563,0.6753,0.6939000000000001,0.7129000000000001,0.734,0.7492000000000001,0.768,0.7856000000000001,0.808,0.8297,0.8472000000000001,0.8597,0.8826,0.9073,0.9254,0.9487000000000001,0.9669000000000001,0.9817,1.0063,1.0227,1.0364,1.0527,1.0726,1.091,1.1103,1.1277000000000001,1.1395,1.1582000000000001,1.1696,1.1918,1.2136,1.2273,1.2539,1.2686,1.2869000000000002,1.3144,1.3284,1.3448,1.3614000000000002,1.375,1.3943,1.4097000000000002,1.4225,1.4445000000000001,1.4674,1.483,1.4987000000000001,1.5134,1.5274,1.5446,1.5658,1.5847,1.5975000000000001,1.6132,1.6372,1.6507,1.6758000000000002,1.6943000000000001,1.7127000000000001,1.7344000000000002,1.7457,1.7628000000000001,1.7852000000000001,1.8032000000000001,1.8212000000000002,1.8417000000000001,1.8591000000000002,1.8802,1.8988,1.9103,1.9315,1.9478000000000002,1.9661000000000002,1.9853,2.0056000000000003,2.0245,2.0478,2.0651,2.0875,2.1054,2.1255,2.1393,2.1601,2.1742,2.1919,2.2150000000000003,2.2354000000000003,2.2511,2.2674000000000003,2.2941000000000003,2.3143000000000002,2.337,2.3532,2.3721,2.3922000000000003,2.4151000000000002,2.4459,2.4607,2.4777,2.4983,2.5140000000000002,2.5286,2.5464,2.5637000000000003,2.5857,2.6022000000000003,2.6165000000000003,2.633,2.6486,2.6679,2.6885000000000003,2.7057,2.729,2.7485,2.7658,2.7824,2.8088,2.8286000000000002,2.8485,2.8669000000000002,2.8941000000000003,2.9126000000000003,2.9296,2.9519,2.9705000000000004,2.9871000000000003,3.0075000000000003,3.0241000000000002,3.0473000000000003,3.068,3.084,3.1021,3.1192,3.1405000000000003,3.1585,3.1772,3.192,3.2066000000000003,3.225,3.2474000000000003,3.2622,3.2794000000000003,3.2959,3.3115,3.3282000000000003,3.3479,3.3696,3.3873,3.4096,3.4248000000000003,3.4419,3.4589000000000003,3.4722,3.495,3.5082,3.5246,3.5436,3.5595000000000003,3.5782000000000003,3.592,3.6063,3.6193,3.6413,3.6623,3.6798,3.6999,3.7207000000000003,3.7328,3.7547,3.7771000000000003,3.7926,3.8053000000000003,3.8241,3.8416,3.8555,3.8733,3.8890000000000002,3.9028,3.9168000000000003,3.9346,3.9592,3.9767,3.9974000000000003,4.0142,4.0285,4.0501000000000005,4.0725,4.0886000000000005,4.1073,4.127,4.148000000000001,4.17,4.1856,4.203,4.220000000000001,4.2375,4.2538,4.2687,4.2832,4.3045,4.3162,4.3341,4.3527000000000005,4.3715,4.3895,4.409,4.4297,4.4457,4.4682,4.490200000000001,4.5074000000000005,4.5309,4.5481,4.5654,4.5915,4.6069,4.6265,4.6478,4.6676,4.6829,4.6967,4.7168,4.7327,4.7503,4.764200000000001,4.7842,4.807,4.8269,4.8462000000000005,4.8628,4.881600000000001,4.902,4.92,4.945600000000001,4.9642,4.9813,4.9946
63126:0.09960000000000001,0.23440000000000003,0.28550000000000003,0.37,0.44060000000000005,0.47840000000000005,0.5742,0.5795,0.637,0.6785,0.8081,0.8982,0.9402,0.9957,1.0448,1.1151,1.2787000000000002,1.3414000000000001,1.3863,1.629,1.7309,1.802,1.9449,1.9842000000000002,1.9874,2.0768,2.1298,2.1709,2.2351,2.3116000000000003,2.3720000000000003,2.4408000000000003,2.4935,2.5293,2.6315,2.7076000000000002,2.8268,2.9455,3.0107,3.0655,3.141,3.194,3.2270000000000003,3.2731000000000003,3.3651,3.4275,3.5912,3.5945,3.7381,3.7771000000000003,3.8471,3.9485,4.035200000000001,4.1557,4.2362,4.29,4.4732,4.6125,4.6547,4.720400000000001,4.782900000000001,4.9725
63351:0.0046,0.0103,0.0151,0.0313,0.037000000000000005,0.0402,0.0548,0.0669,0.0791,0.0805,0.082,0.09000000000000001,0.0911,0.09230000000000001,0.1237,0.126,0.13190000000000002,0.1337,0.1345,0.14400000000000002,0.1491,0.15030000000000002,0.1532,0.15380000000000002,0.1724,0.1782,0.1819,0.185,0.18530000000000002,0.2008,0.20420000000000002,0.21910000000000002,0.2233,0.2243,0.2336,0.24350000000000002,0.24630000000000002,0.2495,0.25620000000000004,0.2826,0.2849,0.2883,0.2967,0.298,0.29860000000000003,0.3048,0.3064,0.31,0.3109,0.3128,0.32030000000000003,0.32320000000000004,0.3316,0.33430000000000004,0.3372,0.35810000000000003,0.3917,0.3955,0.3991,0.402,0.40240000000000004,0.40640000000000004,0.4133,0.4157,0.4177,0.4234,0.4244,0.4444,0.44670000000000004,0.46530000000000005,0.4662,0.47340000000000004,0.47950000000000004,0.48500000000000004,0.48650000000000004,0.4868,0.4893,0.5098,0.5167,0.5385,0.5462,0.5601,0.5628000000000001,0.5708,0.5736,0.5824,0.5832,0.5860000000000001,0.5905,0.5931000000000001,0.595,0.5975,0.5988,0.6295000000000001,0.6416000000000001,0.6422,0.6465000000000001,0.6515000000000001,0.6519,0.6557000000000001,0.6618,0.6632,0.6644,0.6789000000000001,0.6925,0.6993,0.7021000000000001,0.7085,0.7091000000000001,0.7116,0.7253000000000001,0.7271000000000001,0.7276,0.7298,0.735,0.7409,0.7448,0.7483000000000001,0.7573000000000001,0.7581,0.7746000000000001,0.7864,0.7994,0.8007000000000001,0.8053,0.8055,0.8091,0.8104,0.8145,0.8151,0.8303,0.8472000000000001,0.8500000000000001,0.8506,0.8538,0.8592000000000001,0.8768,0.8783000000000001,0.9125000000000001,0.9127000000000001,0.9157000000000001,0.9166000000000001,0.9191,0.9239,0.9265,0.9366000000000001,0.9381,0.9557,0.9592,0.9638000000000001,0.9748,0.9790000000000001,0.9819,1.0004,1.0009000000000001,1.0154,1.0193,1.0221,1.0242,1.0283,1.0292000000000001,1.0321,1.0337,1.0387,1.0419,1.0508,1.058,1.0652000000000001,1.0712000000000002,1.0782,1.079,1.0798,1.08,1.0962,1.1033,1.1227,1.1329,1.1345,1.1413,1.1560000000000001,1.1597,1.1663000000000001,1.1689,1.1717,1.1871,1.191,1.1986,1.2002000000000002,1.2066000000000001,1.2088,1.2095,1.2167000000000001,1.2352,1.243,1.2434,1.2496,1.2534,1.2573,1.2586000000000002,1.2659,1.2716,1.2828000000000002,1.2892000000000001,1.304,1.3044,1.3122,1.3204,1.3208,1.3356000000000001,1.3461,1.3467,1.3524,1.3648,1.3708,1.3757000000000001,1.3764,1.3795000000000002,1.3916000000000002,1.3995,1.4107,1.4202000000000001,1.4285,1.4340000000000002,1.445,1.459,1.4598,1.4602000000000002,1.4645000000000001,1.4689,1.4793,1.4804000000000002,1.4815,1.4821,1.4841,1.4884000000000002,1.4978,1.5117,1.5247000000000002,1.5275,1.528,1.532,1.5334,1.5492000000000001,1.5585,1.5703,1.5722,1.5775000000000001,1.5825,1.584,1.5869,1.5922,1.5927,1.5951000000000002,1.6075000000000002,1.6114000000000002,1.6138000000000001,1.6405,1.6408,1.6483,1.6493,1.6553,1.6575,1.6605,1.6684,1.6828,1.6982000000000002,1.7005000000000001,1.711,1.7177,1.7218,1.7249,1.7255,1.7271,1.7287000000000001,1.7373,1.7431,1.7434,1.752,1.7528000000000001,1.7532,1.7557,1.7579,1.7597,1.7650000000000001,1.7657,1.7684000000000002,1.7787000000000002,1.7851000000000001,1.8142,1.8189000000000002,1.8273000000000001,1.8281,1.8332000000000002,1.8344,1.8475000000000001,1.8581,1.865,1.8682,1.8695000000000002,1.8724,1.887,1.8956000000000002,1.9047,1.9102000000000001,1.9284000000000001,1.9315,1.9324000000000001,1.933,1.9358000000000002,1.9447,1.9449,1.9465000000000001,1.9497,1.9557,1.9612,1.9616,1.9666000000000001,1.969,1.9794,1.986,1.9867000000000001,1.9885000000000002,1.9898,1.9944000000000002,1.9946000000000002,1.9975,2.0313,2.0339,2.0347,2.0428,2.0535,2.0540000000000003,2.0684,2.0727,2.0769,2.101,2.1013,2.1015,2.1078,2.1209000000000002,2.1272,2.1284,2.1406,2.1466000000000003,2.1549,2.1588000000000003,2.1746000000000003,2.1985,2.1995,2.2021,2.2042,2.2181,2.2253000000000003,2.2261,2.2287,2.2326,2.2364,2.2412,2.2421,2.2441,2.2477,2.2494,2.2535000000000003,2.2559,2.2567,2.2655000000000003,2.2743,2.2795,2.2797,2.2854,2.2919,2.3125,2.3245,2.3272,2.3328,2.3342,2.3351,2.3394,2.3481,2.3551,2.3801,2.3819,2.3854,2.4018,2.4026,2.4044000000000003,2.4265000000000003,2.4348,2.4444,2.4451,2.4481,2.4491,2.4521,2.4579,2.4679,2.4785,2.4832,2.4904,2.4951000000000003,2.5089,2.5118,2.5135,2.5202,2.5204,2.5242,2.5303,2.5337,2.5460000000000003,2.5503,2.5518,2.5613,2.5615,2.5718,2.5957000000000003,2.5980000000000003,2.6056,2.6076,2.6096,2.6172,2.6676,2.6764,2.6778,2.7029,2.7261,2.7272000000000003,2.7301,2.7454,2.7738,2.7806,2.7953,2.8059000000000003,2.8087,2.8094,2.8108,2.8152,2.8245,2.8359,2.8366000000000002,2.8451,2.8596,2.8618,2.8633,2.8763,2.8850000000000002,2.8946,2.8962000000000003,2.8978,2.9013,2.9037,2.9106,2.9202000000000004,2.9414000000000002,2.947,2.9484000000000004,2.9628,2.9659,2.9673000000000003,2.9686000000000003,2.987,2.9930000000000003,2.9942,3.0075000000000003,3.0079000000000002,3.0112,3.0114,3.0225,3.0232,3.031,3.0496000000000003,3.051,3.0563000000000002,3.0691,3.0723000000000003,3.0736000000000003,3.0892,3.0994,3.1223,3.1275,3.1317,3.1343,3.1425,3.1512000000000002,3.1566,3.1685000000000003,3.1697,3.1710000000000003,3.1776,3.1783,3.1801000000000004,3.1822000000000004,3.1838,3.1893000000000002,3.1898,3.1998,3.2011000000000003,3.2154000000000003,3.248,3.2484,3.2559,3.2615000000000003,3.2624,3.2632000000000003,3.2671,3.2724,3.3146,3.3191,3.321,3.3222,3.3279,3.3296,3.3399,3.3424,3.3542,3.3544,3.3548,3.3617000000000004,3.3623000000000003,3.3677,3.3743000000000003,3.3838000000000004,3.3903000000000003,3.3907000000000003,3.3957,3.3971,3.4372000000000003,3.4511000000000003,3.4522000000000004,3.4654000000000003,3.4743000000000004,3.4811,3.4817,3.5008000000000004,3.5325,3.5356,3.5433000000000003,3.5769,3.5925000000000002,3.6022000000000003,3.6085000000000003,3.6103,3.6195000000000004,3.6300000000000003,3.6377,3.6614,3.6642,3.6696,3.6761000000000004,3.6773000000000002,3.6895000000000002,3.6950000000000003,3.7016,3.7096,3.7168,3.7273,3.748,3.7522,3.7638000000000003,3.7687000000000004,3.8028000000000004,3.8052,3.8059000000000003,3.8081,3.8154000000000003,3.8176,3.8256,3.8352000000000004,3.8362000000000003,3.8381000000000003,3.8437,3.8484000000000003,3.8563,3.8575000000000004,3.8578,3.867,3.8677,3.8698,3.8751,3.8829000000000002,3.8936,3.8961,3.8993,3.9029000000000003,3.9037,3.9072,3.9165,3.9169,3.9197,3.9280000000000004,3.9290000000000003,3.9308,3.9317,3.9458,3.9476,3.9626,3.9652000000000003,3.9734000000000003,3.9768000000000003,3.9884000000000004,4.0022,4.0073,4.0154000000000005,4.0196000000000005,4.0271,4.0309,4.0406,4.0558000000000005,4.0587,4.064,4.0687,4.069100000000001,4.071400000000001,4.0907,4.0937,4.1104,4.1239,4.1317,4.1409,4.1494,4.1548,4.157500000000001,4.1668,4.1676,4.2074,4.2161,4.2164,4.216600000000001,4.2234,4.235,4.2489,4.2638,4.265000000000001,4.2736,4.2759,4.2895,4.298,4.3043000000000005,4.3091,4.3183,4.328,4.3283000000000005,4.3289,4.3339,4.3348,4.3365,4.339,4.3415,4.3422,4.3441,4.3564,4.3859,4.3872,4.3911,4.3931000000000004,4.4017,4.4065,4.409400000000001,4.4110000000000005,4.4221,4.425,4.4267,4.439,4.4397,4.4407000000000005,4.4409,4.4415000000000004,4.4455,4.4581,4.4583,4.4599,4.4736,4.4773000000000005,4.4882,4.4917,4.5359,4.5495,4.553,4.5544,4.5612,4.5705,4.5928,4.6051,4.6068,4.6082,4.609500000000001,4.6129,4.6149000000000004,4.6207,4.6281,4.63,4.641900000000001,4.647,4.6493,4.6672,4.6690000000000005,4.6724000000000006,4.6839,4.6881,4.6902,4.694,4.6953000000000005,4.6966,4.7123,4.722700000000001,4.726100000000001,4.732,4.7363,4.7432,4.7565,4.7635000000000005,4.7765,4.7875000000000005,4.7981,4.8095,4.817,4.8212,4.829000000000001,4.8361,4.8422,4.8479,4.8516,4.8535,4.8574,4.8584000000000005,4.8609,4.8628,4.868,4.8757,4.885400000000001,4.8866000000000005,4.8876,4.891900000000001,4.895700000000001,4.8963,4.921,4.9221,4.9452,4.9541,4.963,4.9731000000000005,4.9871
63536:0.018600000000000002,0.044700000000000004,0.0748,0.0907,0.1121,0.12660000000000002,0.1461,0.1661,0.1859,0.21180000000000002,0.22710000000000002,0.2526,0.2671,0.2837,0.2993,0.32120000000000004,0.3422,0.3708,0.38520000000000004,0.40040000000000003,0.4158,0.4365,0.4526,0.4661,0.47790000000000005,0.49110000000000004,0.5123,0.531,0.5585,0.5768,0.5968,0.6186,0.6378,0.6583,0.6751,0.6969000000000001,0.7112,0.7248,0.7468,0.7626000000000001,0.7892,0.8137000000000001,0.8326,0.8450000000000001,0.8601000000000001,0.8713000000000001,0.8915000000000001,0.9082,0.9288000000000001,0.9490000000000001,0.9666,0.9837,0.9944000000000001,1.0162,1.0354,1.0502,1.0632000000000001,1.0813000000000001,1.0979,1.117,1.1314,1.1452,1.1672,1.1765,1.203,1.2174,1.2292,1.2392,1.2575,1.2696,1.2839,1.3052000000000001,1.3249,1.3322,1.3537000000000001,1.3737000000000001,1.3895,1.4103,1.425,1.4413,1.4695,1.4856,1.4975,1.5116,1.5244,1.5385,1.5622,1.5810000000000002,1.5926,1.6076000000000001,1.6248,1.6416000000000002,1.6551,1.6726,1.6914,1.7049,1.717,1.734,1.7482,1.7624000000000002,1.7749000000000001,1.7976,1.8113000000000001,1.8294000000000001,1.8465,1.8646,1.8902,1.9123,1.9343000000000001,1.9532,1.971,1.9957,2.0143,2.0437000000000003,2.0572,2.076,2.1004,2.1222000000000003,2.1379,2.1618,2.1761,2.1936,2.2068000000000003,2.2186,2.238,2.2514000000000003,2.2694,2.2925,2.3111,2.335,2.3441,2.358,2.3753,2.3937,2.4175,2.4439,2.4548,2.4677000000000002,2.4835000000000003,2.499,2.5171,2.5294000000000003,2.5557000000000003,2.5728,2.5925000000000002,2.6134,2.6291,2.6522,2.6676,2.6915,2.7051000000000003,2.7232000000000003,2.7565,2.7719,2.7882000000000002,2.8106,2.8293,2.8536,2.8699000000000003,2.8883,2.9019,2.9199,2.9387000000000003,2.9567,2.9721,2.9903,3.0055,3.0191000000000003,3.0467,3.0716,3.0861,3.1046,3.1255,3.1442,3.1568,3.1771000000000003,3.1889000000000003,3.1985,3.2135000000000002,3.2296,3.2435,3.2573000000000003,3.2710000000000004,3.2844,3.2987,3.3125,3.3281,3.3486000000000002,3.3617000000000004,3.3799,3.4021000000000003,3.4213,3.4405,3.459,3.4773,3.5055,3.5194,3.5369,3.5508,3.5633000000000004,3.5780000000000003,3.5934000000000004,3.6126,3.6257,3.6454,3.6656,3.6860000000000004,3.7038,3.7208,3.7368,3.7497000000000003,3.7798000000000003,3.7918000000000003,3.8073,3.8219000000000003,3.8359,3.8514000000000004,3.8659000000000003,3.8850000000000002,3.8981000000000003,3.9169,3.9296,3.9604000000000004,3.9754,3.9878,4.0067,4.024500000000001,4.0464,4.0609,4.0744,4.101100000000001,4.1174,4.1357,4.1526000000000005,4.1694,4.1882,4.206300000000001,4.2167,4.2358,4.2476,4.2628,4.2747,4.2962,4.3123000000000005,4.3222000000000005,4.3382000000000005,4.3586,4.37,4.3885000000000005,4.4015,4.4205000000000005,4.4374,4.4516,4.4665,4.4888,4.5064,4.5228,4.538600000000001,4.5515,4.573300000000001,4.5868,4.6149000000000004,4.629300000000001,4.6450000000000005,4.6635,4.6773,4.6988,4.7121,4.7315000000000005,4.7457,4.7602,4.7813,4.7961,4.8135,4.8327,4.8476,4.8655,4.889200000000001,4.8997,4.9122,4.9308000000000005,4.948300000000001,4.9663,4.995900000000001
63681:0.053200000000000004,0.0859,0.097,0.1897,0.22890000000000002,0.2701,0.3337,0.3542,0.6495000000000001,0.8045,0.8689,0.9711000000000001,0.9951000000000001,1.0453000000000001,1.1002,1.135,1.1820000000000002,1.2342,1.2972000000000001,1.3111000000000002,1.3852,1.5197,1.5465,1.7147000000000001,1.7938,1.9049,1.9285,2.0051,2.0217,2.1293,2.156,2.213,2.2626,2.3572,2.4170000000000003,2.4433000000000002,2.5005,2.5314,2.5662000000000003,2.6047000000000002,2.6893000000000002,2.7689,2.8366000000000002,2.9168000000000003,2.9372000000000003,3.1139,3.3483,3.3878000000000004,3.4155,3.4770000000000003,3.5523000000000002,3.5839000000000003,3.6614,3.7508000000000004,3.8520000000000003,3.9422,4.019,4.0984,4.1131,4.2031,4.2394,4.341600000000001,4.4183,4.5859000000000005,4.705,4.7849,4.861400000000001,4.8861,4.9552000000000005,4.976100000000001
63737:0.1363,0.3417,0.5836,0.6772,0.8377,0.9213,1.5069000000000001,2.008,2.2149,3.5897,3.7738,3.9612000000000003,4.1252,4.3503,4.8038
63894:0.018500000000000003,0.0369,0.0625,0.06960000000000001,0.0698,0.0814,0.0849,0.0902,0.094,0.09720000000000001,0.11420000000000001,0.1262,0.1283,0.1293,0.1463,0.1741,0.22890000000000002,0.23240000000000002,0.2533,0.2575,0.2577,0.26180000000000003,0.2624,0.2652,0.2674,0.29050000000000004,0.2964,0.29700000000000004,0.3138,0.3158,0.33140000000000003,0.3325,0.3503,0.3776,0.3781,0.3783,0.38770000000000004,0.3934,0.3937,0.3991,0.4012,0.4062,0.4108,0.4181,0.4252,0.4445,0.4526,0.4572,0.4591,0.46280000000000004,0.4703,0.47800000000000004,0.4798,0.48090000000000005,0.4949,0.4968,0.5234,0.5269,0.5315,0.5422,0.5549000000000001,0.5653,0.5655,0.5701,0.5760000000000001,0.5842,0.5895,0.5943,0.6044,0.6061000000000001,0.6377,0.6465000000000001,0.6468,0.6569,0.6638000000000001,0.6778000000000001,0.6831,0.7019000000000001,0.7035,0.7125,0.7193,0.7228,0.7377,0.7465,0.7571,0.7639,0.7839,0.7941,0.7943,0.8018000000000001,0.8144,0.8155,0.8232,0.8238000000000001,0.8385,0.8397,0.8476,0.8558,0.8572000000000001,0.8634000000000001,0.869,0.8756,0.8763000000000001,0.8818,0.8837,0.8899,0.8957,0.9009,0.9014000000000001,0.9102,0.9247000000000001,0.9311,0.9348000000000001,0.9451,0.9562,0.9608000000000001,0.9683,0.9715,0.9744,0.9765,0.9829,0.9879,1.0206,1.0408,1.0523,1.0596,1.0711,1.0762,1.079,1.0839,1.0866,1.0879,1.0952,1.1133,1.1317000000000002,1.1337000000000002,1.1372,1.139,1.1442,1.1600000000000001,1.1609,1.1621000000000001,1.1648,1.1665,1.1737,1.1752,1.1902000000000001,1.2004000000000001,1.2007,1.205,1.2091,1.2143000000000002,1.2161,1.2166000000000001,1.2171,1.2242,1.2322,1.2328000000000001,1.2333,1.2371,1.244,1.2531,1.2553,1.2569000000000001,1.2574,1.2576,1.2622,1.2689000000000001,1.2733,1.2838,1.2868000000000002,1.2903,1.2918,1.3047,1.3091000000000002,1.3165,1.322,1.3361,1.3369,1.3513000000000002,1.3677000000000001,1.3717000000000001,1.3837000000000002,1.4013,1.4119000000000002,1.4134,1.4139000000000002,1.4172,1.4208,1.4295,1.4320000000000002,1.4376,1.4536,1.4623000000000002,1.4661000000000002,1.4769,1.4806000000000001,1.4824000000000002,1.4831,1.4957,1.5070000000000001,1.5099,1.5101,1.512,1.5467,1.5574000000000001,1.5741,1.5775000000000001,1.5836000000000001,1.5866,1.6125,1.6127,1.6201,1.6214000000000002,1.6253,1.6382,1.6387,1.6458000000000002,1.6476000000000002,1.6604,1.6614,1.6628,1.6693,1.6697000000000002,1.6764000000000001,1.6793,1.6822000000000001,1.6880000000000002,1.6894,1.7083000000000002,1.7161000000000002,1.7193,1.7233,1.7332,1.7362000000000002,1.7396,1.7438,1.7464000000000002,1.7496,1.7572,1.7616,1.7627000000000002,1.77,1.7895,1.7968000000000002,1.8002,1.802,1.8095,1.8233000000000001,1.8255000000000001,1.8295000000000001,1.8479,1.8557000000000001,1.8621,1.8628,1.8809,1.8815000000000002,1.8868,1.8974000000000002,1.9084,1.9154,1.9219000000000002,1.9324000000000001,1.9408,1.9429,1.9456,1.9578,1.9726000000000001,1.982,1.984,1.9849,1.9881000000000002,2.0139,2.0152,2.0318,2.0427,2.0447,2.0567,2.0667,2.0687,2.0792,2.0837,2.0980000000000003,2.1125000000000003,2.1171,2.1231,2.1382000000000003,2.1389,2.1482,2.1485000000000003,2.1496,2.1603,2.1630000000000003,2.1642,2.1761,2.1793,2.1864,2.1993,2.1998,2.2051000000000003,2.2099,2.2254,2.2276000000000002,2.2299,2.2311,2.2321,2.2466,2.2513,2.2618,2.2653000000000003,2.2656,2.2712000000000003,2.2797,2.2907,2.2941000000000003,2.3023000000000002,2.3027,2.3365,2.3414,2.3465000000000003,2.3480000000000003,2.3492,2.3559,2.3627000000000002,2.3686000000000003,2.3796,2.3801,2.3939,2.3954,2.4026,2.407,2.4076,2.4111000000000002,2.4235,2.4249,2.4417,2.4613,2.4616000000000002,2.4678,2.483,2.4848,2.4850000000000003,2.4889,2.4946,2.4991000000000003,2.5221,2.5238,2.5324,2.5457,2.5495,2.5649,2.5716,2.5777,2.5780000000000003,2.5816000000000003,2.5892,2.6121000000000003,2.6156,2.6396,2.6459,2.6462000000000003,2.6618,2.6915,2.6917,2.6999,2.7008,2.7013000000000003,2.7107,2.7159,2.7286,2.7506,2.7592000000000003,2.7698,2.7717,2.7720000000000002,2.7823,2.79,2.7926,2.7951,2.7958000000000003,2.7963,2.8195,2.8231,2.8632,2.865,2.8693,2.8861000000000003,2.8899000000000004,2.8988,2.9085,2.9111000000000002,2.916,2.9273000000000002,2.93,2.9495,2.9562,2.958,2.9608000000000003,2.968,2.9772000000000003,2.9799,2.9879000000000002,2.9892000000000003,2.9931,3.0087,3.0117000000000003,3.0124,3.0145,3.0152,3.0509,3.0615,3.0799000000000003,3.0808,3.0908,3.1158,3.116,3.1193,3.1252,3.1271,3.1289000000000002,3.1294,3.1414,3.1448,3.1503,3.1527000000000003,3.1559000000000004,3.1575,3.1629,3.1712000000000002,3.1731000000000003,3.1736,3.1812,3.1814,3.1864000000000003,3.1884,3.1911,3.2085000000000004,3.2164,3.2283,3.2385,3.2392000000000003,3.2406,3.2483,3.2545,3.2576,3.2612,3.2639,3.2709,3.2719,3.2796000000000003,3.2804,3.2848,3.2858,3.2897000000000003,3.2933000000000003,3.2949,3.2990000000000004,3.3014,3.3030000000000004,3.3052,3.3065,3.3136,3.3162000000000003,3.3199,3.3417000000000003,3.3469,3.3537000000000003,3.3657000000000004,3.3684000000000003,3.3721,3.3897000000000004,3.3985000000000003,3.4059000000000004,3.4127,3.4253,3.427,3.4275,3.4341000000000004,3.4374000000000002,3.4415,3.4438,3.4477,3.4613,3.4701,3.4709000000000003,3.4749000000000003,3.4798,3.4851,3.4925,3.4948,3.4999000000000002,3.5023,3.5066,3.5261,3.5336000000000003,3.547,3.5604,3.5610000000000004,3.5614000000000003,3.5782000000000003,3.5872,3.5987,3.6031,3.6056000000000004,3.6121000000000003,3.6174000000000004,3.619,3.6220000000000003,3.6366,3.6371,3.6430000000000002,3.648,3.6503,3.6575,3.6581,3.6794000000000002,3.6818,3.6928,3.6932,3.7159,3.7162,3.7211000000000003,3.7379000000000002,3.7401,3.7412,3.7414,3.7447000000000004,3.7509,3.7576,3.7754000000000003,3.7813000000000003,3.7974,3.8059000000000003,3.8069,3.8092,3.8099000000000003,3.8111,3.8191,3.8411000000000004,3.8424,3.8437,3.8557,3.8562000000000003,3.8585000000000003,3.8675,3.8913,3.8915,3.8943000000000003,3.8954,3.9053,3.9334000000000002,3.9501000000000004,3.9624,3.9743000000000004,3.9745000000000004,3.9871000000000003,3.9885,4.0067,4.0151,4.0173000000000005,4.0466,4.0509,4.0519,4.0597,4.061,4.0619000000000005,4.0664,4.0735,4.0788,4.0914,4.1031,4.1073,4.1094,4.112,4.1165,4.1224,4.1303,4.144,4.1475,4.1512,4.1546,4.155,4.1594,4.1702,4.1713000000000005,4.180000000000001,4.1955,4.2027,4.204400000000001,4.2278,4.228800000000001,4.238300000000001,4.2413,4.2417,4.2540000000000004,4.2549,4.259,4.2636,4.264,4.2647,4.2664,4.266900000000001,4.2735,4.2845,4.2860000000000005,4.299300000000001,4.3045,4.323300000000001,4.3371,4.341600000000001,4.3566,4.3588000000000005,4.3696,4.3744000000000005,4.3746,4.4019,4.4047,4.407900000000001,4.4123,4.4137,4.417,4.4172,4.421,4.4217,4.4264,4.4369000000000005,4.442200000000001,4.4426000000000005,4.4495000000000005,4.4574,4.463,4.4673,4.4957,4.5035,4.5041,4.5175,4.5296,4.5314000000000005,4.543,4.5544,4.5632,4.5662,4.5692,4.5707,4.5722000000000005,4.5731,4.5753,4.585,4.595000000000001,4.5964,4.6106,4.6144,4.6374,4.6391,4.6412,4.6564000000000005,4.6668,4.6689,4.684200000000001,4.6845,4.6864,4.719,4.721,4.7221,4.7277000000000005,4.7439,4.746300000000001,4.7568,4.758900000000001,4.771100000000001,4.7721,4.7815,4.7874,4.796,4.7996,4.8095,4.8103,4.8174,4.8239,4.839300000000001,4.843100000000001,4.8468,4.868,4.8715,4.883,4.8865,4.8951,4.8965000000000005,4.9046,4.9072000000000005,4.909400000000001,4.9125000000000005,4.9142,4.9179,4.9268,4.9312000000000005,4.9386,4.9389,4.939900000000001,4.9416,4.9511,4.952,4.96,4.9617,4.9627,4.9629,4.9775,4.9931,4.997,4.9998000000000005
64005:0.0307,0.1917,0.30670000000000003,0.49250000000000005,0.5665,0.5947,0.7347,0.8243,0.9576,1.0038,1.0555,1.1222,1.2101,1.335,1.4114,1.4843000000000002,1.5815000000000001,1.7472,1.8146,1.8791,1.9809,2.1694,2.1795,2.2916000000000003,2.311,2.3781000000000003,2.4482,2.5341,2.5769,2.7699000000000003,2.8797,3.0649,3.3129,3.3858,3.4355,3.5107000000000004,3.6126,3.68,3.9501000000000004,3.9579,4.0903,4.1592,4.3245000000000005,4.4735000000000005,4.4812,4.556900000000001,4.740600000000001,4.9076,4.9857000000000005
64659:0.263,0.6559,0.9089,1.1638,1.2479,1.7656,1.8934000000000002,1.9915,2.1921,2.2998000000000003,2.4266,2.5577,2.9348,3.2196000000000002,3.3994,3.7717,3.9106,3.9944,4.1484000000000005,4.2619,4.510400000000001,4.8644
64769:1.514,2.0139,2.8992,3.7868000000000004,4.1531,4.3581,4.8164
65588:0.0284,0.048100000000000004,0.0671,0.0941,0.11800000000000001,0.1427,0.1703,0.1917,0.2179,0.24530000000000002,0.26080000000000003,0.2972,0.3204,0.3488,0.3657,0.40890000000000004,0.4519,0.47990000000000005,0.5144000000000001,0.5492,0.5921000000000001,0.6192000000000001,0.6426000000000001,0.6661,0.6904,0.7064,0.7278,0.757,0.7913,0.8227,0.8453,0.87,0.8935000000000001,0.9132,0.9557,0.9785,0.9988,1.0264,1.0475,1.0817,1.105,1.1368,1.1552,1.1709,1.1953,1.2192,1.2383,1.2648000000000001,1.2883,1.3182,1.3415000000000001,1.3729,1.3961000000000001,1.4214,1.4442000000000002,1.4696,1.4904000000000002,1.5162,1.5458,1.5693000000000001,1.6023,1.6312,1.6526,1.6766,1.6962000000000002,1.7189,1.7544000000000002,1.7812000000000001,1.8099,1.8368,1.8577000000000001,1.8805,1.9046,1.9287,1.9573,1.9761000000000002,1.9957,2.0195000000000003,2.0485,2.0742000000000003,2.0989,2.1319,2.1583,2.1811000000000003,2.2045,2.2437,2.2834000000000003,2.3127,2.3368,2.3597,2.3889,2.4154,2.4344,2.4627000000000003,2.4854000000000003,2.5102,2.5315000000000003,2.5546,2.5775,2.6022000000000003,2.636,2.6582000000000003,2.68,2.7053000000000003,2.7299,2.7611000000000003,2.7848,2.8144,2.8528000000000002,2.8759,2.9008000000000003,2.9269000000000003,2.9448000000000003,2.9644,2.9996,3.0268,3.0634,3.0855,3.1268000000000002,3.153,3.1797,3.1991,3.2234000000000003,3.2412,3.2741000000000002,3.3102,3.3367,3.3567,3.3792,3.4067000000000003,3.4283,3.448,3.4697,3.4931,3.5203,3.5472,3.5735,3.6003000000000003,3.6254,3.6414,3.6612,3.6818,3.7017,3.7318000000000002,3.7592000000000003,3.7846,3.8065,3.8307,3.8566000000000003,3.8804000000000003,3.9031000000000002,3.9266,3.9523,3.9745000000000004,3.9989000000000003,4.0331,4.0686,4.0949,4.1279,4.15,4.1799,4.208200000000001,4.2262,4.252,4.2752,4.295100000000001,4.3263,4.3505,4.3733,4.4026000000000005,4.4231,4.4484,4.4811000000000005,4.5016,4.5266,4.5484,4.5707,4.6021,4.6206000000000005,4.6507000000000005,4.6791,4.6958,4.7184,4.7424,4.771100000000001,4.8015,4.8258,4.8566,4.8925,4.9288,4.9503,4.9773000000000005
65737:0.0523,0.3729,1.0229000000000001,1.3556000000000001,1.7616,1.8337,1.9034,2.5900000000000003,3.4542,3.6959,3.8145000000000002,4.1122000000000005,4.3446,4.7540000000000004
65854:2.0154,4.1525,4.3626000000000005,4.8212
65912:0.0229,0.0303,0.0414,0.0646,0.07780000000000001,0.109,0.1178,0.1469,0.15760000000000002,0.1741,0.1844,0.21200000000000002,0.2331,0.2499,0.26230000000000003,0.27740000000000004,0.2891,0.3159,0.3286,0.3407,0.3658,0.3715,0.39730000000000004,0.4131,0.45640000000000003,0.4635,0.5005000000000001,0.5247,0.5368,0.5547000000000001,0.5713,0.6096,0.6193000000000001,0.6379,0.6502,0.6706000000000001,0.6764,0.7048,0.7156,0.7266,0.7478,0.7636000000000001,0.7894,0.7947000000000001,0.8331000000000001,0.8454,0.8598,0.8683000000000001,0.8935000000000001,0.9131,0.9540000000000001,0.9656,0.9821000000000001,0.9911000000000001,1.0050000000000001,1.0135,1.0316,1.0372000000000001,1.066,1.0819,1.0927,1.1124,1.1211,1.1497,1.1708,1.1771,1.1886,1.212,1.2242,1.2321,1.2550000000000001,1.2796,1.2929000000000002,1.3263,1.3343,1.352,1.3668,1.3754,1.3872,1.4009,1.4193,1.4419,1.4566000000000001,1.4798,1.4881,1.5028000000000001,1.5295,1.5397,1.5583,1.5872000000000002,1.5947,1.6089,1.6354000000000002,1.6768,1.6985000000000001,1.7100000000000002,1.7313,1.7451,1.7564000000000002,1.7786000000000002,1.7972000000000001,1.8075,1.8167,1.8499,1.855,1.8885,1.9092,1.9180000000000001,1.9394,1.9479000000000002,1.9593,1.992,2.0020000000000002,2.0201000000000002,2.0601000000000003,2.0759000000000003,2.0922,2.1106000000000003,2.1212,2.1376,2.1447000000000003,2.1771000000000003,2.1854,2.1971000000000003,2.2151,2.2416,2.2526,2.2849,2.2972,2.3261000000000003,2.3418,2.3502,2.3711,2.3843,2.3976,2.4099,2.4212000000000002,2.4351000000000003,2.4485,2.4664,2.4876,2.5159000000000002,2.5259,2.5355000000000003,2.5505,2.5588,2.5708,2.5851,2.5961000000000003,2.6145,2.6201000000000003,2.6568,2.6709,2.6792000000000002,2.7082,2.7436000000000003,2.7541,2.762,2.7841,2.8145000000000002,2.825,2.8312,2.8532,2.865,2.8721,2.9012000000000002,2.9194,2.9357,2.9561,2.9618,2.9978000000000002,3.0048000000000004,3.0449,3.0619,3.0729,3.0806,3.0955000000000004,3.1111,3.1441000000000003,3.1513,3.1887000000000003,3.1945,3.2208,3.2391,3.2678000000000003,3.2786,3.2852,3.3184,3.3283,3.3408,3.3636000000000004,3.3880000000000003,3.4043,3.4121,3.4309000000000003,3.4444000000000004,3.4648000000000003,3.4736000000000002,3.4937,3.5211,3.5406,3.568,3.5738000000000003,3.5931,3.6062000000000003,3.6137,3.6424000000000003,3.6662000000000003,3.6739,3.6824000000000003,3.7004,3.7312000000000003,3.7401,3.7613000000000003,3.7924,3.7988000000000004,3.8351,3.8443,3.8556000000000004,3.8738,3.8962000000000003,3.9263000000000003,3.9345000000000003,3.9638,3.9799,4.006,4.0360000000000005,4.052700000000001,4.0614,4.0827,4.0934,4.1097,4.1357,4.1458,4.1555,4.167800000000001,4.1865000000000006,4.1953000000000005,4.2078,4.2221,4.2356,4.2575,4.28,4.287,4.2975,4.3118,4.330900000000001,4.346900000000001,4.3639,4.3942000000000005,4.4059,4.4352,4.4442,4.4583,4.4808,4.5119,4.5433,4.553100000000001,4.5717,4.5868,4.6132,4.6202000000000005,4.6268,4.668,4.694100000000001,4.7029000000000005,4.7248,4.7373,4.7506,4.7728,4.807300000000001,4.8259,4.8364,4.8502,4.8655,4.877000000000001,4.9088,4.920100000000001,4.9392000000000005,4.9493,4.9607,4.9737,4.994400000000001
65955:0.025500000000000002,0.0426,0.0627,0.0784,0.1134,0.1449,0.17650000000000002,0.2101,0.24650000000000002,0.27190000000000003,0.27940000000000004,0.3219,0.331,0.3654,0.37110000000000004,0.3946,0.45430000000000004,0.46190000000000003,0.48090000000000005,0.533,0.5386000000000001,0.5705,0.6104,0.6438,0.6728000000000001,0.7096,0.7181000000000001,0.7594000000000001,0.7922,0.8351000000000001,0.8569,0.8662000000000001,0.9512,0.9737,0.9988,1.0331000000000001,1.0381,1.0638,1.0906,1.1172,1.1712,1.1776,1.2229,1.2304000000000002,1.2527000000000001,1.2931000000000001,1.3229,1.3337,1.364,1.3774,1.4169,1.4754,1.4818,1.5016,1.5287000000000002,1.5552000000000001,1.5888,1.6012000000000002,1.6396000000000002,1.7323000000000002,1.7505000000000002,1.7775,1.8101,1.8498,1.8547,1.8894000000000002,1.9128,1.9372,1.9526000000000001,1.9954,2.0019,2.0581,2.0642,2.0944000000000003,2.13,2.1394,2.1766,2.1873,2.2125,2.2495000000000003,2.2842000000000002,2.3406000000000002,2.373,2.4124000000000003,2.4599,2.5191000000000003,2.5263,2.5555000000000003,2.5649,2.6086,2.6185,2.6676,2.6748000000000003,2.7537000000000003,2.7606,2.8183000000000002,2.8255000000000003,2.8501000000000003,2.8677,2.9006000000000003,2.9193000000000002,2.9502,2.959,2.9896000000000003,3.0048000000000004,3.0552,3.0763000000000003,3.1026000000000002,3.1396,3.1515,3.1862000000000004,3.2185,3.2630000000000003,3.2771000000000003,3.3152000000000004,3.3265000000000002,3.3446000000000002,3.4045,3.4287,3.44,3.4698,3.5184,3.5699,3.5939,3.6137,3.6697,3.6747,3.7166,3.7381,3.7863,3.7981000000000003,3.8278000000000003,3.8526000000000002,3.8960000000000004,3.9236,3.9337,3.9681,4.0087,4.0476,4.0568,4.0744,4.0944,4.1409,4.1547,4.1811,4.1917,4.1994,4.2264,4.2571,4.2778,4.2885,4.3083,4.319500000000001,4.3420000000000005,4.3638,4.401,4.436,4.4692,4.5219000000000005,4.5535000000000005,4.5736,4.6105,4.6173,4.6715,4.7009,4.7330000000000005,4.7713,4.8086,4.8369,4.8631,4.8783,4.9467,4.972,4.9965
66296:0.011300000000000001,0.0165,0.019200000000000002,0.0257,0.0388,0.0391,0.0443,0.047,0.0472,0.049800000000000004,0.054200000000000005,0.0665,0.0741,0.0745,0.08510000000000001,0.09140000000000001,0.0921,0.094,0.09670000000000001,0.1051,0.1174,0.1218,0.13520000000000001,0.14,0.1452,0.1454,0.1502,0.1525,0.1647,0.168,0.1729,0.1804,0.2,0.20670000000000002,0.21330000000000002,0.21810000000000002,0.2411,0.25,0.2514,0.2533,0.27340000000000003,0.27790000000000004,0.27940000000000004,0.2854,0.29460000000000003,0.2973,0.3111,0.3156,0.3181,0.3327,0.34450000000000003,0.3488,0.3524,0.37720000000000004,0.3791,0.3834,0.38630000000000003,0.3869,0.3906,0.3922,0.39490000000000003,0.43270000000000003,0.44270000000000004,0.45530000000000004,0.4559,0.4592,0.4607,0.47850000000000004,0.4844,0.4917,0.5191,0.5298,0.5356000000000001,0.5521,0.5587,0.559,0.5637,0.5674,0.5711,0.6171,0.6207,0.6469,0.6578,0.668,0.6729,0.6833,0.6864,0.6893,0.6964,0.7316,0.7357,0.7401,0.7416,0.7429,0.7476,0.7508,0.7672,0.777,0.7776000000000001,0.7862,0.7912,0.7992,0.8028000000000001,0.8210000000000001,0.8246,0.8324,0.8392000000000001,0.8499,0.8504,0.8507,0.8519,0.8566,0.8568,0.8665,0.8741,0.882,0.89,0.9051,0.9144,0.9228000000000001,0.9373,0.9450000000000001,0.9468000000000001,0.9506,0.9509000000000001,0.9564,0.9569000000000001,0.9600000000000001,0.9625,0.9627,0.9704,0.9756,0.9837,0.9863000000000001,0.9912000000000001,0.995,0.9988,1.0030000000000001,1.0033,1.0069000000000001,1.0122,1.0133,1.0205,1.0217,1.0250000000000001,1.028,1.0296,1.0371000000000001,1.046,1.0634000000000001,1.1067,1.1081,1.1125,1.1128,1.117,1.1257000000000001,1.1292,1.1387,1.1507,1.1531,1.1605,1.1635,1.1836,1.202,1.2073,1.2076,1.2121,1.2215,1.236,1.2498,1.2610000000000001,1.2796,1.2808000000000002,1.2818,1.294,1.3047,1.3101,1.3123,1.3211000000000002,1.3241,1.3347,1.3374000000000001,1.3443,1.3452000000000002,1.353,1.3542,1.3574000000000002,1.3608,1.3753,1.385,1.397,1.4052,1.4060000000000001,1.4079000000000002,1.4135,1.4146,1.4156,1.4167,1.4181000000000001,1.4559,1.4641000000000002,1.465,1.4706000000000001,1.4728,1.4786000000000001,1.4797,1.4813,1.4876,1.4912,1.5007000000000001,1.5053,1.5057,1.5107000000000002,1.5156,1.5235,1.5258,1.5317,1.5354,1.5381,1.5391000000000001,1.5427000000000002,1.5851000000000002,1.6007,1.603,1.6137000000000001,1.6161,1.6184,1.643,1.6471,1.6758000000000002,1.7054,1.7102000000000002,1.7235,1.7246000000000001,1.7286000000000001,1.7295,1.7345000000000002,1.7382000000000002,1.7412,1.7456,1.7537,1.7595,1.7688000000000001,1.7733,1.7770000000000001,1.7778,1.7828000000000002,1.7832000000000001,1.7852000000000001,1.7882,1.7929000000000002,1.8126,1.8142,1.8203,1.8216,1.8228000000000002,1.8263,1.834,1.8493000000000002,1.8522,1.8556000000000001,1.8594000000000002,1.8596000000000001,1.8627,1.8847,1.8880000000000001,1.8979000000000001,1.9121000000000001,1.9256000000000002,1.9266,1.9365,1.9532,1.9534,1.9587,1.9597,1.961,1.9641000000000002,1.9644000000000001,1.9663000000000002,1.9792,1.9958,2.0154,2.0228,2.0232,2.0239000000000003,2.0306,2.0329,2.0461,2.0559000000000003,2.0567,2.0611,2.0732,2.0745,2.0931,2.0938,2.1034,2.105,2.1109,2.1129000000000002,2.1137,2.1197,2.1342000000000003,2.1361,2.1672000000000002,2.1692,2.1744,2.1765000000000003,2.2024,2.2365,2.2474000000000003,2.2598000000000003,2.2607,2.2656,2.2769,2.2817000000000003,2.2906,2.2923,2.3032,2.3139000000000003,2.3157,2.3200000000000003,2.3221000000000003,2.3262,2.3268,2.3295,2.3329,2.3335,2.3406000000000002,2.3452,2.3456,2.3463000000000003,2.3518000000000003,2.3574,2.3584,2.3637,2.3679,2.3821000000000003,2.4096,2.4122,2.4187000000000003,2.4263,2.4394,2.4481,2.4491,2.4537,2.4606,2.4661,2.4699,2.4747,2.4796,2.4809,2.4842,2.4926,2.4945,2.4968,2.513,2.5181,2.5218000000000003,2.5233000000000003,2.5282,2.5341,2.5476,2.5553,2.5683000000000002,2.5719000000000003,2.5777,2.5781,2.5803000000000003,2.5867,2.5908,2.5948,2.5955,2.6048,2.6128,2.6138000000000003,2.6143,2.617,2.6353,2.6368,2.6401000000000003,2.6462000000000003,2.6606,2.6691000000000003,2.6738,2.6841,2.6933000000000002,2.6936,2.6971000000000003,2.7212,2.7267,2.7298,2.7383,2.7416,2.7634000000000003,2.7669,2.7715,2.7723,2.7801,2.7924,2.7975000000000003,2.7998000000000003,2.8000000000000003,2.8037,2.8069,2.8141000000000003,2.8189,2.8281,2.8339000000000003,2.837,2.8443,2.8461000000000003,2.8579000000000003,2.8586,2.8602000000000003,2.8637,2.8826,2.8896,2.8899000000000004,2.8963,2.9084000000000003,2.9106,2.9183000000000003,2.9236,2.9261,2.9427000000000003,2.9429000000000003,2.9516,2.9545000000000003,2.9583,2.9619,2.9665000000000004,2.9694000000000003,2.9738,2.9784,2.9925,2.9953000000000003,3.0109000000000004,3.0113000000000003,3.0220000000000002,3.0282,3.0411,3.044,3.0485,3.0511000000000004,3.0617,3.0621,3.0806,3.0818000000000003,3.0887000000000002,3.0896000000000003,3.0933,3.0938000000000003,3.1025,3.1137,3.1143,3.1276,3.1362,3.14,3.1404,3.1409000000000002,3.1532,3.1536,3.1553,3.1644,3.176,3.1777,3.1819,3.1844,3.1875,3.1933000000000002,3.1999,3.2151,3.2239,3.2379000000000002,3.2423,3.2527000000000004,3.2553,3.2574,3.2635,3.2649000000000004,3.2682,3.2723,3.2759,3.2804,3.3044000000000002,3.3068,3.3074000000000003,3.3136,3.3222,3.3418,3.3544,3.3729,3.3752,3.3792,3.3887,3.3890000000000002,3.3911000000000002,3.3986,3.3996,3.406,3.4082000000000003,3.4086000000000003,3.4146,3.4204000000000003,3.4278,3.435,3.4369,3.442,3.452,3.464,3.4687,3.4765,3.4805,3.4969,3.4977,3.4999000000000002,3.5101,3.5224,3.5227000000000004,3.5367,3.5453,3.5489,3.5577,3.5646,3.5716,3.5727,3.5941,3.6099,3.6223,3.6352,3.6365000000000003,3.6436,3.6446,3.6660000000000004,3.6744000000000003,3.6978,3.6991,3.7108000000000003,3.7115,3.7247000000000003,3.7253000000000003,3.7270000000000003,3.7278000000000002,3.7354000000000003,3.7396000000000003,3.7498,3.7538,3.762,3.7802000000000002,3.781,3.7864,3.7888,3.7892,3.7932,3.7967,3.8049000000000004,3.8051000000000004,3.8058,3.8215000000000003,3.8244000000000002,3.8411000000000004,3.8426,3.8482000000000003,3.8504,3.8653000000000004,3.8699000000000003,3.8772,3.8795,3.8842000000000003,3.8873,3.8896,3.8944,3.8975000000000004,3.8992,3.9069000000000003,3.9072,3.9081,3.9086000000000003,3.9114,3.9124000000000003,3.9195,3.9297,3.9301000000000004,3.9525,3.9568000000000003,3.9581000000000004,3.9695,3.9768000000000003,3.9826,3.9849,3.9858000000000002,3.9864,3.9904,4.004700000000001,4.0123,4.0189,4.0256,4.034,4.0505,4.0742,4.0764000000000005,4.0791,4.080900000000001,4.0911,4.0936,4.1031,4.1041,4.1121,4.1257,4.1375,4.1471,4.1501,4.171,4.1732000000000005,4.1792,4.1817,4.1933,4.1986,4.200200000000001,4.2123,4.2126,4.216200000000001,4.2184,4.2221,4.2253,4.2293,4.2297,4.242900000000001,4.250500000000001,4.2696000000000005,4.2703,4.2758,4.2811,4.2901,4.292,4.2956,4.305400000000001,4.3061,4.3077000000000005,4.3201,4.322,4.3227,4.3249,4.3288,4.3488,4.3659,4.3742,4.3753,4.3769,4.3783,4.3798,4.3845,4.3859,4.3964,4.4144000000000005,4.418200000000001,4.4329,4.4388000000000005,4.439900000000001,4.4632000000000005,4.4718,4.4834000000000005,4.484500000000001,4.4858,4.4886,4.4898,4.4901,4.4909,4.4946,4.4993,4.5004,4.5033,4.5041,4.5167,4.524500000000001,4.5267,4.5299000000000005,4.532900000000001,4.5429,4.5525,4.5545,4.5578,4.5615000000000006,4.5716,4.5721,4.582800000000001,4.6000000000000005,4.6061000000000005,4.6067,4.6393,4.6455,4.6572000000000005,4.6679,4.6776,4.687,4.6874,4.695600000000001,4.703,4.704000000000001,4.7126,4.7152,4.7156,4.7248,4.7312,4.737,4.7442,4.7477,4.75,4.7537,4.7582,4.7653,4.7713,4.7775,4.7789,4.7902000000000005,4.7922,4.7936000000000005,4.7979,4.8019,4.8035000000000005,4.804600000000001,4.807,4.8114,4.8148,4.815300000000001,4.8182,4.838900000000001,4.8422,4.8599000000000006,4.8662,4.8684,4.8786000000000005,4.8917,4.8959,4.897200000000001,4.9109,4.9151,4.9183,4.9199,4.941400000000001,4.9455,4.9457,4.9474,4.952500000000001,4.9695,4.9751,4.9772,4.980700000000001,4.9847,4.9853000000000005
66381:0.2841,0.3426,0.7269,0.8739,1.0996000000000001,1.488,2.1046,2.1513,2.8756,3.0122,3.1579,3.2858,3.8093000000000004,3.9542,4.0675,4.1645,4.2037,4.6249
66812:0.0729,0.1136,0.165,0.22260000000000002,0.2601,0.30920000000000003,0.4106,0.557,0.6619,0.7013,0.7837000000000001,0.8197,0.8791,0.9089,0.9834,1.0372000000000001,1.1034000000000002,1.1712,1.2525000000000002,1.2845,1.3948,1.469,1.5298,1.5665,1.6578000000000002,1.7067,1.796,1.8699000000000001,1.9361000000000002,1.9727000000000001,2.036,2.142,2.2110000000000003,2.2503,2.3543000000000003,2.418,2.4444,2.5111000000000003,2.5579,2.6271,2.7014,2.7667,2.8240000000000003,2.9184,2.9501,3.0423,3.128,3.1684,3.1990000000000003,3.2472000000000003,3.3512,3.4105000000000003,3.4723,3.5013,3.5703,3.6606,3.7225,3.7923,3.8416,3.8884000000000003,3.927,3.9979,4.1387,4.2149,4.2569,4.295100000000001,4.3719,4.4101,4.4589,4.532500000000001,4.6913,4.7241,4.843500000000001,4.902,4.9516
67714:0.1446,0.34700000000000003,1.5041
67834:0.028300000000000002,0.0458,0.0678,0.09430000000000001,0.11660000000000001,0.1419,0.163,0.1875,0.2079,0.2336,0.25370000000000004,0.2827,0.31010000000000004,0.3381,0.35960000000000003,0.3885,0.4168,0.43960000000000005,0.47300000000000003,0.5002,0.5264,0.5495,0.5866,0.6148,0.6366,0.6532,0.6698000000000001,0.6906,0.7087,0.7329,0.7584000000000001,0.781,0.8068000000000001,0.8397,0.8669,0.8924000000000001,0.9106000000000001,0.9374,0.9705,0.9946,1.0251000000000001,1.0467,1.0687,1.0942,1.1137000000000001,1.1408,1.1571,1.1716,1.1925000000000001,1.2131,1.2331,1.2573,1.278,1.3035,1.3284,1.3444,1.3861,1.4072,1.4358,1.4592,1.4771,1.4968000000000001,1.5205,1.5467,1.5679,1.6006,1.6298000000000001,1.6533,1.6797,1.6986,1.7207000000000001,1.7529000000000001,1.7779,1.806,1.8296000000000001,1.8492000000000002,1.8666,1.8872,1.9049,1.9262000000000001,1.9512,1.9709,2.0026,2.0247,2.0463,2.0758,2.0980000000000003,2.1223,2.1473,2.1696,2.1837,2.2009000000000003,2.2215000000000003,2.2465,2.2706,2.2917,2.3193,2.3391,2.3603,2.3864,2.4044000000000003,2.42,2.4418,2.471,2.4977,2.5201000000000002,2.5399000000000003,2.5589,2.5752,2.5998,2.6241000000000003,2.6464000000000003,2.6684,2.6834000000000002,2.7058,2.7292,2.7487,2.7706,2.7928,2.8176,2.8363,2.8601,2.8932,2.918,2.9341,2.9487,2.9692000000000003,2.9917000000000002,3.0074,3.0389,3.064,3.0873,3.1214,3.1503,3.1670000000000003,3.1947,3.2096,3.2325000000000004,3.2494,3.2753,3.3068,3.3263000000000003,3.3516000000000004,3.3763,3.399,3.4186,3.4389000000000003,3.4598,3.4855,3.5050000000000003,3.5311000000000003,3.5519000000000003,3.5762,3.6049,3.6301,3.6464000000000003,3.664,3.6776,3.6991,3.7275,3.7522,3.7683,3.7887000000000004,3.8105,3.8369,3.8581000000000003,3.8791,3.9035,3.9268,3.9467000000000003,3.9686000000000003,3.9913000000000003,4.0151,4.0427,4.0738,4.095400000000001,4.1187000000000005,4.134,4.1544,4.1749,4.1974,4.2141,4.2329,4.2540000000000004,4.270700000000001,4.2935,4.3159,4.3352,4.3666,4.388,4.4087000000000005,4.4316,4.452,4.4819,4.4995,4.5177000000000005,4.5408,4.5682,4.5981000000000005,4.6178,4.6422,4.667,4.688400000000001,4.7068,4.724600000000001,4.7464,4.7731,4.8006,4.8223,4.8449,4.8623,4.8931000000000004,4.923500000000001,4.9469,4.9648,4.986400000000001
68046:2.3131,3.849
68119:0.001,0.0033,0.0048000000000000004,0.0125,0.0135,0.0245,0.0264,0.0398,0.0408,0.042,0.0425,0.06420000000000001,0.08410000000000001,0.10640000000000001,0.10940000000000001,0.1116,0.1135,0.11420000000000001,0.12140000000000001,0.132,0.1431,0.1531,0.1564,0.161,0.16290000000000002,0.17,0.1754,0.17830000000000001,0.18330000000000002,0.184,0.18760000000000002,0.1962,0.1993,0.2205,0.22130000000000002,0.2272,0.2333,0.2336,0.2371,0.2601,0.265,0.2773,0.2826,0.2869,0.29350000000000004,0.2938,0.2982,0.3004,0.3085,0.3108,0.32580000000000003,0.3378,0.35250000000000004,0.3541,0.3608,0.3613,0.364,0.3652,0.3675,0.3789,0.40040000000000003,0.41040000000000004,0.42710000000000004,0.4404,0.4465,0.4562,0.4597,0.47840000000000005,0.4852,0.4924,0.4979,0.5033,0.5079,0.509,0.5256000000000001,0.5326000000000001,0.536,0.5396000000000001,0.5513,0.5525,0.5541,0.5596,0.5711,0.5812,0.5885,0.6151,0.6153000000000001,0.6196,0.6276,0.629,0.635,0.6406000000000001,0.6546000000000001,0.6694,0.6732,0.6858000000000001,0.6913,0.6981,0.7187,0.7267,0.7634000000000001,0.7645000000000001,0.7683,0.7743,0.7822,0.7836000000000001,0.7838,0.7853,0.7938000000000001,0.7975,0.7985,0.8011,0.8044,0.8117000000000001,0.8119000000000001,0.8283,0.8286,0.8299000000000001,0.8335,0.8388,0.8582000000000001,0.8661000000000001,0.8705,0.8754000000000001,0.8774000000000001,0.8828,0.8885000000000001,0.8972,0.9034000000000001,0.9142,0.9215000000000001,0.9252,0.9257000000000001,0.9373,0.9446,0.9664,0.9785,0.9802000000000001,1.0092,1.0098,1.0285,1.0335,1.0416,1.0463,1.0555,1.0578,1.0756000000000001,1.0768,1.0839,1.0846,1.0933000000000002,1.0978,1.1003,1.1247,1.1441000000000001,1.1576,1.1622000000000001,1.1825,1.1874,1.193,1.208,1.2129,1.2251,1.2321,1.243,1.2447000000000001,1.2453,1.2536,1.2584,1.2611,1.2615,1.2736,1.2822,1.2891000000000001,1.2982,1.3008,1.3058,1.3062,1.3101,1.3105,1.316,1.3205,1.3248,1.3268,1.3402,1.3465,1.3467,1.3474000000000002,1.3532,1.4024,1.4035,1.4124,1.4280000000000002,1.4341000000000002,1.4387,1.4411,1.4437,1.4561000000000002,1.4596,1.4628,1.467,1.4714,1.4776,1.4853,1.4879,1.4885000000000002,1.4909000000000001,1.4995,1.5053,1.51,1.5158,1.5175,1.5216,1.5218,1.5304,1.5412000000000001,1.5450000000000002,1.5561,1.5590000000000002,1.5593000000000001,1.5598,1.5663,1.5682,1.5713000000000001,1.5719,1.5739,1.5862,1.6009,1.6082,1.6085,1.6098000000000001,1.6101,1.6119,1.617,1.6179000000000001,1.6195000000000002,1.6209,1.6338000000000001,1.6362,1.6375000000000002,1.6399000000000001,1.6478000000000002,1.6498000000000002,1.6732,1.6741000000000001,1.6788,1.681,1.6863000000000001,1.689,1.6906,1.6998,1.7062000000000002,1.7105000000000001,1.711,1.7149,1.7214,1.7261000000000002,1.7293,1.7369,1.7457,1.7611,1.7624000000000002,1.7724,1.7777,1.7799,1.7805000000000002,1.7952000000000001,1.7966000000000002,1.7977,1.8009000000000002,1.8051000000000001,1.8114000000000001,1.8195000000000001,1.8248,1.8398,1.8415000000000001,1.8462,1.8518000000000001,1.8679000000000001,1.8759000000000001,1.8815000000000002,1.8829,1.8922,1.8940000000000001,1.8975000000000002,1.9001000000000001,1.9021000000000001,1.9094,1.9271,1.9311,1.9331,1.9459000000000002,1.9533,1.9701000000000002,1.9778,1.9847000000000001,2.0131,2.0285,2.0336000000000003,2.0343,2.0398,2.0608,2.0612,2.0716,2.083,2.0951,2.1021,2.1042,2.1098,2.1128,2.1272,2.1306000000000003,2.1326,2.1392,2.1544000000000003,2.1601,2.1728,2.1745,2.1792000000000002,2.2059,2.2082,2.2084,2.2103,2.2343,2.2349,2.2393,2.2578,2.2632000000000003,2.2763,2.2773000000000003,2.2937000000000003,2.2939000000000003,2.2983000000000002,2.3005,2.3068,2.313,2.3184,2.3287,2.3308,2.3379000000000003,2.3392,2.3398000000000003,2.3449,2.3473,2.3507000000000002,2.3573,2.3618,2.3653,2.3688000000000002,2.3737,2.3930000000000002,2.3947000000000003,2.4078,2.4106,2.4161,2.4210000000000003,2.4274,2.4335,2.4339,2.4346,2.4479,2.4541,2.4587000000000003,2.4699,2.4730000000000003,2.4756,2.4842,2.4889,2.5003,2.5274,2.528,2.5314,2.5365,2.5468,2.547,2.5486,2.5543,2.5582000000000003,2.571,2.5788,2.5852,2.5957000000000003,2.5989,2.6,2.6100000000000003,2.6219,2.6374,2.6401000000000003,2.6413,2.649,2.6527000000000003,2.6532,2.6563000000000003,2.6616,2.6629,2.6682,2.6799,2.6818,2.6947,2.6991,2.7015000000000002,2.7069,2.7131000000000003,2.7243,2.7298,2.7452,2.7469,2.7505,2.7523,2.7704,2.7709,2.7784,2.7867,2.7887,2.7894,2.7919,2.7987,2.7991,2.7998000000000003,2.8215000000000003,2.8238000000000003,2.8249,2.8315,2.837,2.8376,2.8398000000000003,2.846,2.8722000000000003,2.879,2.8921,2.8971,2.903,2.9108,2.9198,2.9205,2.9274,2.9278,2.934,2.9389000000000003,2.9398,2.9583,2.9837000000000002,2.9844,2.99,3.0066,3.0079000000000002,3.0082,3.0246,3.027,3.0306,3.0313000000000003,3.0393000000000003,3.0469,3.0478,3.0494000000000003,3.0496000000000003,3.052,3.0614000000000003,3.0642,3.0801000000000003,3.0985,3.1305,3.1319000000000004,3.1333,3.1363000000000003,3.1456,3.1501,3.1542000000000003,3.1548000000000003,3.1854,3.188,3.1974,3.2030000000000003,3.2133000000000003,3.2241,3.2259,3.2395,3.2532,3.2794000000000003,3.2908,3.2917,3.294,3.2987,3.3045,3.3117,3.314,3.3143000000000002,3.3178,3.3206,3.3252,3.326,3.3302,3.333,3.3383000000000003,3.3424,3.3443,3.3505000000000003,3.3546,3.3581000000000003,3.3612,3.3773,3.3901000000000003,3.3969,3.4003,3.4145000000000003,3.4157,3.4176,3.4239,3.4271000000000003,3.4311000000000003,3.446,3.4567,3.4615,3.4726000000000004,3.4776000000000002,3.5027000000000004,3.5054000000000003,3.5116,3.5282,3.5322,3.5576000000000003,3.5624000000000002,3.5701,3.5703,3.5905,3.5936000000000003,3.6056000000000004,3.6067,3.6115000000000004,3.6153,3.625,3.6286,3.6436,3.6462000000000003,3.6485000000000003,3.6574,3.6585,3.6657,3.6733000000000002,3.6749,3.6759000000000004,3.6819,3.6902000000000004,3.6971000000000003,3.7042,3.716,3.7218,3.7244,3.7262,3.7266000000000004,3.7292,3.7407000000000004,3.7426000000000004,3.744,3.746,3.7470000000000003,3.7502,3.7519,3.7539000000000002,3.7566,3.7599,3.7628000000000004,3.7771000000000003,3.7827,3.7935000000000003,3.8058,3.8205,3.822,3.8242000000000003,3.8307,3.8374,3.8385000000000002,3.8399,3.8412,3.8506,3.8626,3.8644000000000003,3.8675,3.8934,3.9009,3.9048000000000003,3.9161,3.9206000000000003,3.9261000000000004,3.9432,3.9616000000000002,3.9706,3.9902,3.9998,4.002,4.0033,4.0113,4.0136,4.0209,4.0353,4.0374,4.0491,4.0496,4.051200000000001,4.0579,4.0600000000000005,4.063000000000001,4.0663,4.0701,4.0736,4.0758,4.0835,4.0927,4.1027000000000005,4.1058,4.107600000000001,4.1273,4.1319,4.1359,4.1370000000000005,4.1536,4.1544,4.1747000000000005,4.1787,4.1850000000000005,4.1933,4.1991000000000005,4.2167,4.2225,4.228800000000001,4.2328,4.236,4.2392,4.2503,4.250900000000001,4.2643,4.270700000000001,4.2722,4.2819,4.2846,4.2883000000000004,4.29,4.2922,4.3093,4.3225,4.3278,4.3467,4.3487,4.3517,4.3531,4.3584000000000005,4.37,4.3779,4.3804,4.3908000000000005,4.3972,4.3989,4.3991,4.399900000000001,4.4046,4.448,4.4565,4.458600000000001,4.4603,4.4670000000000005,4.4677,4.4758000000000004,4.4856,4.4909,4.4956000000000005,4.5048,4.5099,4.5112000000000005,4.522,4.5239,4.5312,4.5347,4.5391,4.5459000000000005,4.5509,4.5525,4.5606,4.5636,4.569,4.571000000000001,4.5749,4.5757,4.5854,4.602,4.6024,4.6027000000000005,4.6093,4.6205,4.6221000000000005,4.6269,4.6321,4.6418,4.6447,4.6675,4.6889,4.7028,4.7117,4.7144,4.7343,4.734500000000001,4.755,4.7591,4.764600000000001,4.770300000000001,4.7851,4.7869,4.7887,4.7901,4.7903,4.8086,4.817200000000001,4.8478,4.852,4.8587,4.8598,4.8695,4.876,4.8789,4.8805000000000005,4.8871,4.8895,4.8903,4.8912,4.8959,4.9205000000000005,4.9325,4.939500000000001,4.9524,4.9627,4.984100000000001,4.9908,4.994000000000001
68740:0.1427,0.4485,0.4928,0.5852,0.6871,0.8171,0.9091,1.0545,1.2432,1.3509,1.4919,1.6415000000000002,1.9569,2.1804,2.3157,2.3815,2.4496,2.7151,3.0180000000000002,3.149,3.2359,3.2878000000000003,3.4388,3.6868000000000003,3.8519,3.9016,4.4863,4.6631,4.7331
68873:0.031400000000000004,0.0584,0.1951,0.24810000000000001,0.2982,0.3123,0.38720000000000004,0.49300000000000005,0.5616,0.5702,0.5991000000000001,0.656,0.6655,0.7386,0.8272,0.9143,0.9622,1.0065,1.0583,1.1063,1.1263,1.2134,1.2605,1.3361,1.3593000000000002,1.4164,1.4869,1.5542,1.5833000000000002,1.6207,1.6804000000000001,1.7507000000000001,1.7593,1.8168000000000002,1.8825,1.9197000000000002,1.9752,1.9844000000000002,2.0176000000000003,2.0512,2.0858000000000003,2.1571000000000002,2.1742,2.192,2.2938,2.3128,2.3609,2.3831,2.4447,2.4513000000000003,2.494,2.5352,2.58,2.6778,2.7264,2.7673,2.7745,2.8259000000000003,2.8713,2.8850000000000002,2.9627000000000003,3.0037000000000003,3.0574000000000003,3.0705,3.1417,3.1937,3.2969,3.3182,3.3885,3.4378,3.4942,3.516,3.5791000000000004,3.6167000000000002,3.6818,3.729,3.7622,3.8121,3.8372,3.9522000000000004,3.9608000000000003,4.091600000000001,4.1363,4.1639,4.213900000000001,4.2619,4.3055,4.3278,4.3792,4.401400000000001,4.4703,4.4773000000000005,4.4991,4.5526,4.5609,4.6035,4.6409,4.6852,4.7432,4.7811,4.8725000000000005,4.9066,4.9118,4.9756,4.989
68994:1.8879000000000001
69413:0.0639,0.2235,0.3687,0.6619,0.7015,0.8580000000000001,1.0370000000000001,1.1224,1.2524,1.4995,1.5704,1.7081000000000002,1.8391000000000002,1.8881000000000001,1.9747000000000001,2.1862,2.2511,2.3627000000000002,2.4418,2.6091,2.7007000000000003,2.7886,2.8356000000000003,3.049,3.145,3.1986000000000003,3.3049,3.366,3.4246000000000003,3.4904,3.5874,3.6830000000000003,3.8366000000000002,3.9339000000000004,4.1404000000000005,4.2737,4.377800000000001,4.4572,4.5414,4.720400000000001,4.9513
69626:0.0261,0.0558,0.11040000000000001,0.1269,0.1923,0.227,0.24630000000000002,0.2748,0.2968,0.32580000000000003,0.3385,0.3633,0.38870000000000005,0.4269,0.46380000000000005,0.4924,0.5085000000000001,0.5665,0.5805,0.6014,0.6248,0.6608,0.6722,0.7009000000000001,0.7332000000000001,0.7728,0.8025,0.8206,0.8827,0.9053,0.9295,0.9720000000000001,1.0043,1.0462,1.0622,1.1026,1.1372,1.2041,1.2188,1.2425000000000002,1.2704,1.2927,1.3238,1.3726,1.4211,1.4674,1.4934,1.526,1.5594000000000001,1.5861,1.6142,1.625,1.6542000000000001,1.6929,1.7581,1.7946000000000002,1.8185,1.8438,1.8749,1.8964,1.9319000000000002,1.9736,1.9966000000000002,2.0184,2.0351,2.0617,2.0806,2.1156,2.161,2.1787,2.1993,2.2229,2.2691,2.2976,2.3165,2.3607,2.4135,2.4516,2.4815,2.5142,2.5460000000000003,2.5895,2.6196,2.6535,2.6902,2.7108000000000003,2.7378,2.7865,2.8123,2.8404000000000003,2.8896,2.9042000000000003,2.9306,2.9386,2.9884,3.0379,3.0500000000000003,3.0747,3.1300000000000003,3.1577,3.1802,3.204,3.2277,3.2626,3.2919,3.3266,3.3534,3.3858,3.4177,3.4485,3.474,3.4941,3.5275000000000003,3.5792,3.6226000000000003,3.6544000000000003,3.6837,3.7145,3.73,3.7607000000000004,3.7888,3.8157,3.8529,3.8822,3.9378,3.9484000000000004,3.9577,3.9782,4.0046,4.061100000000001,4.0923,4.1093,4.1443,4.1769,4.2043,4.2231000000000005,4.255,4.2815,4.3071,4.3415,4.3585,4.3853,4.4093,4.4299,4.455900000000001,4.4772,4.5094,4.5506,4.5782,4.6006,4.6401,4.6666,4.709700000000001,4.7559000000000005,4.772600000000001,4.7964,4.8264000000000005,4.877800000000001,4.912100000000001,4.937600000000001,4.9633,4.987900000000001
69919:0.022600000000000002,0.041100000000000005,0.1024,0.15990000000000001,0.1769,0.2106,0.22840000000000002,0.2631,0.3009,0.31320000000000003,0.3463,0.3604,0.40090000000000003,0.4052,0.4788,0.5015000000000001,0.5399,0.5621,0.6033000000000001,0.6402,0.6485000000000001,0.685,0.7155,0.7464000000000001,0.7735000000000001,0.8186,0.8669,0.9195000000000001,0.9421,0.9924000000000001,1.0088000000000001,1.0394,1.0582,1.1068,1.1529,1.1871,1.2018,1.2327000000000001,1.2462,1.2936,1.3276000000000001,1.3496000000000001,1.3747,1.3981000000000001,1.4681,1.5019,1.5075,1.5293,1.5722,1.6360000000000001,1.6620000000000001,1.7080000000000002,1.743,1.7607000000000002,1.7964,1.8237,1.8511000000000002,1.8721,1.9115000000000002,1.9398000000000002,1.9717,1.9878,2.0199000000000003,2.0369,2.0901,2.1192,2.1449000000000003,2.1507,2.1646,2.189,2.2136,2.2489,2.2981000000000003,2.3376,2.3675,2.3794,2.3907000000000003,2.4328000000000003,2.476,2.516,2.5627,2.5908,2.6086,2.6573,2.6764,2.7063,2.7503,2.7557,2.7703,2.7916000000000003,2.8242000000000003,2.8554,2.8638000000000003,2.9012000000000002,2.9231000000000003,2.9767,3.0094000000000003,3.0254000000000003,3.0540000000000003,3.0903,3.1017,3.1309,3.1481000000000003,3.1728,3.2141,3.2765,3.3062,3.3157,3.365,3.3862,3.4118,3.43,3.4529,3.471,3.4961,3.5061,3.5467,3.5538000000000003,3.5925000000000002,3.6373,3.6662000000000003,3.6854,3.7153,3.7607000000000004,3.7942,3.8285,3.8431,3.8680000000000003,3.9050000000000002,3.9386,3.9427000000000003,3.9622,3.9992,4.0129,4.0364,4.08,4.117,4.1333,4.1489,4.1875,4.2194,4.2423,4.2773,4.316800000000001,4.3291,4.3818,4.4241,4.4626,4.5017000000000005,4.5192000000000005,4.5478000000000005,4.579000000000001,4.5907,4.6459,4.6917,4.7372000000000005,4.7954,4.8089,4.8449,4.8500000000000005,4.8794,4.905,4.9137,4.9196,4.9388000000000005,4.9739,4.9882
70066:0.0322,0.0743,0.0886,0.12140000000000001,0.1583,0.1859,0.21860000000000002,0.25320000000000004,0.2684,0.2964,0.33340000000000003,0.37010000000000004,0.4164,0.4615,0.5269,0.5755,0.6176,0.6453,0.6763,0.7114,0.7699,0.7995,0.8451000000000001,0.8654000000000001,0.8992,0.9257000000000001,0.9655,0.9884000000000001,1.0147000000000002,1.0396,1.0805,1.0965,1.1273,1.1717,1.1839,1.2154,1.233,1.2670000000000001,1.2944,1.3371,1.3775000000000002,1.4060000000000001,1.4573,1.4875,1.5119,1.5374,1.5951000000000002,1.6405,1.6925000000000001,1.7122000000000002,1.7577,1.7997,1.855,1.8977000000000002,1.9214,1.9526000000000001,1.9667000000000001,1.9994,2.016,2.0653,2.0999000000000003,2.125,2.148,2.1877,2.2069,2.2496,2.2635,2.3007,2.3439,2.3573,2.3877,2.4115,2.4384,2.4568000000000003,2.4936000000000003,2.5227,2.5442,2.5638,2.5937,2.6251,2.6729000000000003,2.6877,2.7455000000000003,2.7658,2.8196000000000003,2.8347,2.8678000000000003,2.9113,2.9302,2.9627000000000003,3.011,3.0553000000000003,3.0758,3.1102000000000003,3.1505,3.1972,3.2415000000000003,3.2848,3.3261000000000003,3.3454,3.3892,3.4118,3.4468,3.4712,3.5039000000000002,3.5454000000000003,3.5756,3.6175,3.6693000000000002,3.7099,3.7454,3.8008,3.8448,3.8774,3.9044000000000003,3.9355,3.9833000000000003,4.0154000000000005,4.0601,4.0959,4.1424,4.1615,4.177700000000001,4.1985,4.2291,4.2607,4.2918,4.335,4.3696,4.4108,4.45,4.5013000000000005,4.5494,4.581,4.6227,4.6725,4.7004,4.7294,4.7526,4.78,4.831,4.8617,4.8802,4.9207,4.9501,4.9709
71057:0.022500000000000003,0.0307,0.0516,0.0897,0.10830000000000001,0.126,0.1337,0.161,0.191,0.2209,0.2391,0.2462,0.273,0.2892,0.29650000000000004,0.3048,0.32020000000000004,0.3266,0.33640000000000003,0.3607,0.3866,0.4239,0.46190000000000003,0.4687,0.48260000000000003,0.49400000000000005,0.5081,0.5373,0.5671,0.5761000000000001,0.6002000000000001,0.6116,0.6389,0.6586000000000001,0.6651,0.7013,0.7192000000000001,0.7337,0.7427,0.7728,0.7913,0.803,0.8167000000000001,0.8351000000000001,0.8497,0.8589,0.8852000000000001,0.9073,0.9311,0.9640000000000001,0.9742000000000001,1.0039,1.024,1.0451000000000001,1.0585,1.0633000000000001,1.0995000000000001,1.131,1.1441000000000001,1.1780000000000002,1.2073,1.2324000000000002,1.2424,1.2617,1.2910000000000001,1.2985,1.3122,1.3245,1.3332000000000002,1.3674000000000002,1.3754,1.4073,1.4358,1.4646000000000001,1.4767000000000001,1.4928000000000001,1.5226000000000002,1.548,1.5564,1.5807,1.593,1.6106,1.6402,1.6552,1.6919000000000002,1.7273,1.7478,1.7596,1.7884,1.8153000000000001,1.8357,1.8479,1.8676000000000001,1.8900000000000001,1.9091,1.9328,1.959,1.9746000000000001,1.9921000000000002,2.0122,2.0268,2.035,2.0580000000000003,2.0792,2.0957,2.1184000000000003,2.1304000000000003,2.1457,2.1752000000000002,2.1886,2.1983,2.2188000000000003,2.2543,2.2815000000000003,2.2996000000000003,2.3157,2.3414,2.3600000000000003,2.3881,2.4130000000000003,2.4289,2.4509000000000003,2.4648000000000003,2.4774000000000003,2.4946,2.5157000000000003,2.5275000000000003,2.5352,2.5493,2.5809,2.5928,2.6191,2.6493,2.6858,2.6958,2.7204,2.7495000000000003,2.7825,2.8076000000000003,2.8172,2.8368,2.8855,2.9056,2.9274,2.9409,2.9625000000000004,2.9878,3.0194,3.0506,3.0723000000000003,3.1016000000000004,3.1283000000000003,3.1363000000000003,3.1574,3.1763000000000003,3.1864000000000003,3.2057,3.2243,3.2368,3.2735000000000003,3.2874000000000003,3.2935000000000003,3.3156000000000003,3.3267,3.3545000000000003,3.3609,3.3828,3.4124000000000003,3.4398,3.4671000000000003,3.4930000000000003,3.5241000000000002,3.5719000000000003,3.5891,3.6042,3.6232,3.6513,3.6712000000000002,3.6836,3.6907,3.7132,3.7299,3.7579000000000002,3.7804,3.8037,3.8147,3.821,3.8474000000000004,3.8770000000000002,3.9101000000000004,3.931,3.9484000000000004,3.9584,3.9738,3.9815,4.0034,4.0218,4.0483,4.0716,4.0913,4.1059,4.1125,4.1445,4.172000000000001,4.1806,4.2023,4.2171,4.2323,4.2603,4.2763,4.3036,4.3091,4.3342,4.3415,4.3602,4.3767000000000005,4.3908000000000005,4.4035,4.4257,4.447900000000001,4.4545,4.4767,4.5078000000000005,4.5519,4.5675,4.5796,4.599,4.621300000000001,4.6426,4.6665,4.7049,4.728800000000001,4.7696000000000005,4.7916,4.7991,4.8123000000000005,4.8259,4.8545,4.8737,4.910200000000001,4.9358,4.9589,4.9795,4.9866
71121:0.0748,0.223,0.38070000000000004,0.6676000000000001,0.7094,0.8583000000000001,1.0369000000000002,1.2238,1.2902,1.5014,1.57,1.7079,1.8864,1.9825000000000002,2.1698,2.2109,2.4047,2.454,2.5781,2.7012,2.809,2.9504,3.0497,3.1500000000000004,3.2045000000000003,3.3392,3.3877,3.4299,3.4928000000000003,3.5886,3.7017,3.8414,3.9346,4.1395,4.2739,4.419700000000001,4.5419,4.7194,4.9518
71459:0.7476,1.8746,1.8917000000000002,2.1773000000000002,3.0568,3.9853,4.3429
71790:0.1322,0.1441,0.3425,0.8791,1.4984000000000002,2.2148000000000003,2.8855,3.1673,3.7894,3.9873000000000003,4.1363,4.2459,4.353800000000001,4.4122,4.8033
71934:3.2483,3.9961,4.287
72087:0.1448,0.3507,0.5916,0.8464,1.5155,3.5983,3.9703000000000004,4.8135
72530:0.022600000000000002,0.07010000000000001,0.2886,0.3643,0.5316000000000001,0.6847000000000001,0.7312000000000001,0.8483,0.9214,1.0424,1.099,1.1254,1.2294,1.2886,1.4036,1.429,1.4892,1.5152,1.5474,1.5937000000000001,1.8305,1.9101000000000001,2.0062,2.2408,2.2699000000000003,2.4946,2.5687,2.6114,2.6421,2.7219,2.8056,2.8277,2.8776,3.0157000000000003,3.0483000000000002,3.1584000000000003,3.4384,3.4798,3.5225,3.5528,3.6839000000000004,3.8609,3.9684000000000004,4.0034,4.0321,4.0472,4.1077,4.140000000000001,4.1934000000000005,4.2274,4.3002,4.3316,4.3561000000000005,4.3925,4.5046,4.5318000000000005,4.5533,4.5772,4.700200000000001,4.7645,4.7907,4.8654,4.897,4.9218,4.9755
72578:0.0737,0.1134,0.24000000000000002,0.3341,0.6648000000000001,0.8399000000000001,1.0788,1.167,1.2936,1.4128,1.4627000000000001,1.5073,1.6055000000000001,1.6612,1.7717,1.822,1.9033,2.0183,2.0779,2.2523,2.4143000000000003,2.6009,3.0458000000000003,3.1519000000000004,3.3116000000000003,3.3383000000000003,3.5224,3.5906000000000002,3.7209000000000003,3.7812,3.9784,4.1143,4.3364,4.6041
72719:0.5690000000000001,0.7051000000000001,2.7811000000000003,2.8019000000000003,3.9566000000000003,4.9088
73365:0.37610000000000005
73682:1.04,1.2368000000000001,1.8369,1.9308,2.2639,2.3098,3.419,3.9082000000000003
73773:0.0275,0.0444,0.0637,0.0794,0.108,0.12710000000000002,0.1418,0.1625,0.1839,0.2033,0.2212,0.2404,0.2656,0.2841,0.3083,0.328,0.34800000000000003,0.3622,0.3834,0.40080000000000005,0.42560000000000003,0.44970000000000004,0.4676,0.4938,0.5155000000000001,0.5378000000000001,0.5651,0.5885,0.6155,0.6321,0.653,0.6761,0.6955,0.7214,0.7437,0.7644000000000001,0.7851,0.8134,0.8351000000000001,0.8542000000000001,0.8758,0.906,0.9257000000000001,0.9490000000000001,0.9733,0.9949,1.0177,1.0316,1.0449,1.0636,1.0835000000000001,1.105,1.1184,1.1356000000000002,1.1599000000000002,1.1733,1.1983000000000001,1.2185000000000001,1.2323,1.2578,1.2807000000000002,1.3199,1.3319,1.3469,1.3627,1.3793,1.4015,1.4176,1.4409,1.4668,1.4844000000000002,1.5033,1.5172,1.5353,1.5556,1.5795000000000001,1.595,1.6152,1.6405,1.6669,1.6891,1.7075,1.7329,1.7468000000000001,1.7644000000000002,1.7876,1.8071000000000002,1.8321,1.8505,1.8811,1.9006,1.9152,1.9374,1.9566000000000001,1.9809,2.0034,2.0257,2.0535,2.0738000000000003,2.0968,2.1194,2.1359,2.1596,2.1764,2.2055000000000002,2.233,2.2513,2.2699000000000003,2.2993,2.3166,2.3387000000000002,2.3552,2.3789000000000002,2.3962000000000003,2.4164000000000003,2.4471000000000003,2.4637000000000002,2.4849,2.5074,2.5251,2.5515000000000003,2.5716,2.5908,2.6103,2.6288,2.6467,2.6683000000000003,2.6906000000000003,2.7047000000000003,2.7272000000000003,2.7520000000000002,2.7709,2.7879,2.8121,2.8317,2.8512,2.8689,2.8982,2.9229000000000003,2.9474,2.9685,2.9854000000000003,3.0111000000000003,3.035,3.0605,3.0798,3.0953,3.1162,3.1381,3.1583,3.1795,3.1991,3.2230000000000003,3.2429,3.2586,3.2794000000000003,3.2961,3.3155,3.3428,3.3718000000000004,3.399,3.4188,3.4387000000000003,3.4574000000000003,3.4724000000000004,3.499,3.5179,3.5401000000000002,3.5586,3.5769,3.5926,3.6072,3.6289000000000002,3.6503,3.6715,3.6973000000000003,3.7212,3.7354000000000003,3.7560000000000002,3.7802000000000002,3.7986,3.8204000000000002,3.8402000000000003,3.8526000000000002,3.8746,3.8921,3.9062,3.9208000000000003,3.938,3.9678,3.9854000000000003,4.0071,4.0222,4.0360000000000005,4.0604000000000005,4.0801,4.1048,4.1341,4.1545000000000005,4.1776,4.1973,4.2148,4.2292000000000005,4.2515,4.2672,4.282900000000001,4.3043000000000005,4.316,4.3441,4.3601,4.3779,4.394,4.4118,4.4333,4.4612,4.4871,4.5032000000000005,4.5279,4.5453,4.5641,4.5975,4.6184,4.6381000000000006,4.6601,4.6779,4.6966,4.7207,4.7338000000000005,4.754700000000001,4.7709,4.7893,4.8105,4.8303,4.8495,4.8692,4.897600000000001,4.9190000000000005,4.945600000000001,4.966600000000001,4.9875
73832:0.0201,0.0419,0.06280000000000001,0.0855,0.1078,0.1254,0.1451,0.159,0.18130000000000002,0.20170000000000002,0.22590000000000002,0.2457,0.25730000000000003,0.27340000000000003,0.2984,0.3166,0.34240000000000004,0.35700000000000004,0.3749,0.3955,0.4172,0.4385,0.46690000000000004,0.48750000000000004,0.5121,0.5351,0.5546,0.5853,0.6037,0.6288,0.646,0.6637000000000001,0.6839000000000001,0.6972,0.7149,0.7357,0.7599,0.7819,0.8103,0.8310000000000001,0.8469,0.8674000000000001,0.8892,0.9053,0.9322,0.9579000000000001,0.9799,0.9963000000000001,1.0270000000000001,1.0431000000000001,1.0608,1.0865,1.1067,1.1281,1.1485,1.165,1.1891,1.2061,1.2262,1.2439,1.2673,1.288,1.3115,1.3281,1.3434000000000001,1.3669,1.3911,1.411,1.4341000000000002,1.4557,1.4722000000000002,1.492,1.5143,1.5410000000000001,1.5601,1.5812000000000002,1.6031,1.6275000000000002,1.6477000000000002,1.6676,1.6863000000000001,1.7028,1.7213,1.7525000000000002,1.774,1.7925,1.8124,1.8310000000000002,1.8475000000000001,1.8663,1.8829,1.8999000000000001,1.9208,1.9380000000000002,1.9555,1.9716,1.9883000000000002,2.0086,2.031,2.0559000000000003,2.0781,2.0985,2.1223,2.1467,2.1689000000000003,2.1837,2.2024,2.2296,2.2503,2.2696,2.2894,2.3154,2.3348,2.3556,2.3760000000000003,2.3936,2.4128000000000003,2.4347000000000003,2.4624,2.482,2.5061,2.5231000000000003,2.5423,2.5628,2.5780000000000003,2.5980000000000003,2.6145,2.6353,2.6577,2.6783,2.6984,2.7106000000000003,2.7324,2.7508,2.7686,2.7885,2.8116000000000003,2.8313,2.8573,2.8808000000000002,2.9093,2.9271000000000003,2.9407,2.9553000000000003,2.9715000000000003,2.9981,3.0137,3.0406,3.0615,3.0844,3.1067,3.1291,3.1484,3.1644,3.1853000000000002,3.2014,3.2151,3.2321,3.2470000000000003,3.2722,3.3035,3.3182,3.3399,3.3562000000000003,3.3753,3.3905000000000003,3.41,3.4273000000000002,3.4439,3.4615,3.4845,3.5112,3.5333,3.5491,3.5694000000000004,3.5862000000000003,3.6057,3.6286,3.6493,3.6648,3.6785,3.6942000000000004,3.7135000000000002,3.7351,3.7583,3.7797,3.797,3.8161,3.8335000000000004,3.8552000000000004,3.8805,3.8966000000000003,3.9108,3.9304,3.9508,3.9694000000000003,3.9863000000000004,4.0057,4.0280000000000005,4.053,4.0768,4.0991,4.1246,4.1421,4.1595,4.183800000000001,4.206300000000001,4.2221,4.2445,4.260400000000001,4.2799000000000005,4.2943,4.3144,4.333600000000001,4.355,4.3709,4.3917,4.4097,4.4325,4.4566,4.4861,4.5022,4.526,4.5465,4.5673,4.5965,4.6183000000000005,4.6473,4.6673,4.688400000000001,4.705,4.721,4.7410000000000005,4.7620000000000005,4.785200000000001,4.8093,4.8253,4.841200000000001,4.862,4.8841,4.902,4.9325,4.9485,4.9696,4.9876000000000005
73964:0.0047,0.0103,0.0146,0.0206,0.0307,0.045200000000000004,0.046700000000000005,0.0497,0.050300000000000004,0.0563,0.0604,0.0664,0.0674,0.0723,0.0741,0.0791,0.091,0.1105,0.1321,0.1363,0.138,0.14150000000000001,0.14170000000000002,0.154,0.1565,0.1646,0.166,0.168,0.1714,0.1748,0.1842,0.1904,0.1991,0.20220000000000002,0.2039,0.2119,0.2285,0.2437,0.2439,0.2526,0.2577,0.2606,0.263,0.27490000000000003,0.2783,0.27890000000000004,0.28290000000000004,0.2858,0.28850000000000003,0.2979,0.3226,0.3285,0.3341,0.3426,0.3462,0.3488,0.35400000000000004,0.3546,0.3597,0.36000000000000004,0.37120000000000003,0.3739,0.37610000000000005,0.379,0.3795,0.3844,0.38730000000000003,0.38880000000000003,0.39330000000000004,0.4031,0.4116,0.4169,0.42400000000000004,0.4257,0.43360000000000004,0.43670000000000003,0.43860000000000005,0.4414,0.44320000000000004,0.4529,0.4582,0.46240000000000003,0.46790000000000004,0.4731,0.4817,0.48860000000000003,0.49450000000000005,0.49610000000000004,0.4978,0.5128,0.5178,0.539,0.5551,0.5634,0.5636,0.5705,0.5738,0.5755,0.5810000000000001,0.5814,0.5833,0.5942000000000001,0.5963,0.6002000000000001,0.6108,0.6225,0.6253000000000001,0.6262,0.629,0.6292,0.6371,0.6452,0.6611,0.6677000000000001,0.6701,0.6712,0.6727000000000001,0.6771,0.6778000000000001,0.6858000000000001,0.6867000000000001,0.6895,0.6956,0.6988000000000001,0.7001000000000001,0.7082,0.7089000000000001,0.7405,0.7447,0.7488,0.75,0.7521,0.7618,0.7664000000000001,0.7685000000000001,0.7771,0.7854,0.7906000000000001,0.7945,0.7999,0.8024,0.8091,0.8204,0.8215,0.8262,0.8360000000000001,0.8402000000000001,0.8450000000000001,0.8465,0.8503000000000001,0.868,0.8682000000000001,0.8804000000000001,0.8808,0.8818,0.8833000000000001,0.8899,0.9085000000000001,0.9142,0.9281,0.9329000000000001,0.9390000000000001,0.9419000000000001,0.9456,0.9461,0.9464,0.9525,0.9610000000000001,0.9689000000000001,0.9882000000000001,0.9893000000000001,1.0059,1.0342,1.0458,1.0462,1.0512000000000001,1.056,1.0662,1.0791,1.0829,1.0844,1.0934000000000001,1.0961,1.0983,1.1051,1.1072,1.1175000000000002,1.1192,1.1201,1.1263,1.1354,1.1360000000000001,1.1396,1.1418000000000001,1.1441000000000001,1.1552,1.1831,1.1846,1.187,1.1981000000000002,1.1996,1.2017,1.2099,1.2164000000000001,1.223,1.2262,1.2307000000000001,1.2321,1.2363,1.2378,1.2507000000000001,1.252,1.2778,1.2807000000000002,1.2853,1.2939,1.2961,1.3071000000000002,1.3147,1.3173000000000001,1.3202,1.3223,1.3259,1.3284,1.3293000000000001,1.3301,1.3374000000000001,1.3407,1.3427,1.3435000000000001,1.3441,1.3478,1.3601,1.3652,1.3741,1.3784,1.3807,1.3836000000000002,1.3869,1.3899000000000001,1.3909,1.3989,1.4044,1.4187,1.4251,1.4266,1.4393,1.4474,1.4542000000000002,1.4582000000000002,1.46,1.4642000000000002,1.481,1.4872,1.4953,1.4966000000000002,1.4983,1.5023,1.5026000000000002,1.5041,1.516,1.5299,1.5328000000000002,1.5469000000000002,1.5490000000000002,1.5628,1.5632000000000001,1.5686,1.5705,1.5726,1.5802,1.5955000000000001,1.6176000000000001,1.6193000000000002,1.6234000000000002,1.6320000000000001,1.6329,1.6344,1.6352,1.6388,1.6391,1.6444,1.6480000000000001,1.6540000000000001,1.6548,1.6552,1.6567,1.6571,1.6605,1.6615,1.6686,1.6705,1.6716,1.6723000000000001,1.6778000000000002,1.6875,1.6918,1.6976,1.7064000000000001,1.7067,1.707,1.7167000000000001,1.7231,1.7368000000000001,1.7527000000000001,1.7578,1.7750000000000001,1.7890000000000001,1.8025,1.8041,1.8197,1.8244,1.8288,1.8309000000000002,1.8334000000000001,1.8552000000000002,1.8634000000000002,1.8651,1.8667,1.883,1.8869,1.9063,1.9069,1.9071,1.911,1.9159000000000002,1.9177000000000002,1.9187,1.9247,1.9298000000000002,1.9327,1.9409,1.9464000000000001,1.9489,1.9584000000000001,1.9617,1.9622000000000002,1.9694,1.9807000000000001,1.9901000000000002,1.996,1.9988000000000001,1.9998,2.0137,2.0315000000000003,2.0358,2.0382000000000002,2.0418000000000003,2.0434,2.0556,2.0721000000000003,2.0734,2.0764,2.0879000000000003,2.0905,2.0923000000000003,2.0936,2.0956,2.0981,2.1058,2.1079,2.1169000000000002,2.1685000000000003,2.1693000000000002,2.1699,2.1716,2.1772,2.1788000000000003,2.1863,2.1872000000000003,2.1884,2.1955,2.2031,2.2067,2.2133000000000003,2.2174,2.2197,2.2254,2.2364,2.2379000000000002,2.2451000000000003,2.2729,2.2732,2.2839,2.2878000000000003,2.3037,2.3049,2.3081,2.3165,2.3185000000000002,2.3244000000000002,2.3440000000000003,2.3463000000000003,2.3519,2.3527,2.3594,2.3662,2.3732,2.3766000000000003,2.3769,2.3890000000000002,2.3928000000000003,2.3951000000000002,2.3972,2.3994,2.4007,2.402,2.4022,2.4228,2.4291,2.4339,2.4358,2.4453,2.4543,2.4575,2.4596,2.4657,2.4731,2.4733,2.4765,2.4941,2.4945,2.499,2.5047,2.5049,2.5135,2.5148,2.5176000000000003,2.5212000000000003,2.5252000000000003,2.5336000000000003,2.5338000000000003,2.5342000000000002,2.5418000000000003,2.5447,2.545,2.5454000000000003,2.5485,2.5518,2.5526,2.5532,2.5537,2.5578000000000003,2.5642,2.5651,2.572,2.5737,2.5775,2.5907,2.5925000000000002,2.5935,2.6023,2.615,2.6220000000000003,2.6224000000000003,2.6263,2.6319,2.6446,2.6527000000000003,2.6645000000000003,2.6676,2.6723000000000003,2.673,2.6750000000000003,2.6918,2.6931000000000003,2.7054,2.7156000000000002,2.7163,2.7171000000000003,2.7270000000000003,2.7304,2.7323,2.7356000000000003,2.7364,2.74,2.7412,2.7459000000000002,2.7624,2.7655000000000003,2.7697000000000003,2.7931,2.7938,2.7963,2.8044000000000002,2.8097000000000003,2.8182,2.8202000000000003,2.821,2.8223000000000003,2.8313,2.8449,2.8506,2.8581000000000003,2.8659000000000003,2.8673,2.8757,2.8772,2.8804000000000003,2.8838,2.8858,2.8941000000000003,2.9046000000000003,2.9082000000000003,2.919,2.938,2.9405,2.9569,2.9609,2.9646000000000003,2.9704,2.9706,2.9713000000000003,2.9765,2.9911000000000003,3.0075000000000003,3.0147,3.0149000000000004,3.0204,3.0256000000000003,3.0259,3.0336000000000003,3.0495,3.0552,3.0604,3.0624000000000002,3.0759000000000003,3.0839000000000003,3.1038,3.1055,3.1079000000000003,3.1085000000000003,3.1093,3.1176000000000004,3.1271,3.1385,3.1495,3.1507,3.1725000000000003,3.1899,3.1912000000000003,3.1986000000000003,3.1994000000000002,3.213,3.2141,3.2154000000000003,3.2181,3.2441,3.2535000000000003,3.2558000000000002,3.2571000000000003,3.2611000000000003,3.2637,3.269,3.2749,3.2893000000000003,3.2933000000000003,3.2950000000000004,3.3142,3.3169,3.318,3.3189,3.3295000000000003,3.3309,3.3312,3.3382,3.342,3.3436000000000003,3.3476000000000004,3.371,3.3783000000000003,3.3895,3.3918000000000004,3.4034,3.4050000000000002,3.4058,3.407,3.4088000000000003,3.4134,3.4181000000000004,3.4233000000000002,3.4252000000000002,3.4277,3.4301000000000004,3.4339,3.4346,3.4437,3.4473000000000003,3.4541,3.4607,3.4694000000000003,3.472,3.4736000000000002,3.4748,3.4771,3.4773,3.4884,3.4894000000000003,3.5095,3.5124,3.5228,3.5245,3.5265,3.5268,3.5271000000000003,3.5289,3.5319000000000003,3.5366,3.5541,3.5662000000000003,3.5772000000000004,3.5779,3.5871,3.5873000000000004,3.5968,3.5971,3.5998,3.6161000000000003,3.6193,3.6215,3.6253,3.6265,3.6328,3.6415,3.6608,3.6657,3.6743,3.6793,3.6875,3.6927000000000003,3.6949,3.7006,3.7089000000000003,3.7099,3.7122,3.7205000000000004,3.728,3.7318000000000002,3.732,3.741,3.7479,3.7555,3.7587,3.7598000000000003,3.7652,3.7697000000000003,3.7838000000000003,3.7862,3.7918000000000003,3.7991,3.8265000000000002,3.8342,3.8372,3.839,3.8586,3.8848000000000003,3.8856,3.8911000000000002,3.8923,3.8960000000000004,3.9067000000000003,3.9111000000000002,3.9138,3.9185000000000003,3.9253,3.9293,3.931,3.9314,3.9353000000000002,3.939,3.9409,3.9482000000000004,3.9633000000000003,3.9674,3.9714,3.9738,3.9768000000000003,3.9814000000000003,3.9857,3.9924000000000004,3.9957000000000003,3.998,4.0001,4.0033,4.005,4.0114,4.0117,4.0227,4.0266,4.0336,4.0397,4.051200000000001,4.055000000000001,4.058800000000001,4.0617,4.0741000000000005,4.0821000000000005,4.0872,4.0894,4.0896,4.094,4.1013,4.1044,4.1178,4.1211,4.1344,4.1424,4.146,4.147,4.1498,4.1667000000000005,4.1679,4.1684,4.1689,4.1746,4.1837,4.1933,4.2043,4.2056000000000004,4.216600000000001,4.2179,4.2196,4.2271,4.2319,4.2351,4.2399000000000004,4.2487,4.2626,4.2671,4.2700000000000005,4.2709,4.2725,4.2765,4.2780000000000005,4.2865,4.2958,4.3026,4.3102,4.3144,4.3241000000000005,4.333600000000001,4.3345,4.3438,4.3487,4.3500000000000005,4.3558,4.3636,4.3874,4.3889000000000005,4.4157,4.4212,4.4312000000000005,4.4324,4.4451,4.4495000000000005,4.4558,4.4577,4.4589,4.464700000000001,4.4678,4.4747,4.4757,4.4861,4.4874,4.4891000000000005,4.4966,4.504700000000001,4.5057,4.5068,4.5109,4.5192000000000005,4.5233,4.5297,4.5322000000000005,4.5343,4.5375000000000005,4.5539000000000005,4.5663,4.5736,4.5825000000000005,4.5878000000000005,4.5888,4.5906,4.6026,4.6064,4.6071,4.6221000000000005,4.6252,4.6315,4.6357,4.6361,4.6468,4.6477,4.6607,4.6694,4.687600000000001,4.6933,4.6957,4.6982,4.702100000000001,4.703,4.7071000000000005,4.7184,4.7377,4.7401,4.7446,4.7499,4.750100000000001,4.7559000000000005,4.762700000000001,4.7654000000000005,4.7759,4.78,4.7833000000000006,4.7873,4.8161000000000005,4.8342,4.8426,4.8574,4.8580000000000005,4.875100000000001,4.8772,4.8782000000000005,4.8824000000000005,4.8905,4.8936,4.9245,4.9291,4.9295,4.952,4.9572,4.9714,4.9737,4.976500000000001,4.9776,4.9785,4.9927
74159:0.3161,0.5736,0.6685,1.1317000000000002,1.7627000000000002,1.9876,2.1792000000000002,2.3188,2.3911000000000002,2.4549000000000003,2.7772,2.8887,3.0742000000000003,3.3255000000000003,3.5227000000000004,3.9638,4.3340000000000005,4.4091000000000005,4.4808,4.5641,4.9144000000000005,4.9932
74186:0.1328,0.37160000000000004,0.4399,0.4776,0.5752,0.6761,0.8071,0.8993,0.994,1.0467,1.1167,1.2319,1.3409,1.3858000000000001,1.4824000000000002,1.6312,1.8033000000000001,1.9466,1.9843000000000002,2.0799000000000003,2.1694,2.3086,2.3728000000000002,2.439,2.5259,2.6334,2.7062,2.947,3.0098000000000003,3.0667,3.1403000000000003,3.225,3.2771000000000003,3.4281,3.5902000000000003,3.6773000000000002,3.7744,3.8468,3.8930000000000002,4.152200000000001,4.2648,4.4748,4.6521,4.721900000000001
74399:0.018600000000000002,0.049,0.1102,0.1206,0.17170000000000002,0.2028,0.2434,0.2931,0.3179,0.3633,0.404,0.4601,0.5053,0.5238,0.5635,0.5722,0.6177,0.6371,0.6746,0.7076,0.7691,0.7879,0.8440000000000001,0.8974000000000001,0.912,0.9504,1.0008000000000001,1.0192,1.0623,1.0981,1.1806,1.2063000000000001,1.2309,1.2538,1.3049000000000002,1.3372000000000002,1.4091,1.4569,1.4824000000000002,1.5008000000000001,1.5528000000000002,1.5750000000000002,1.5879,1.6207,1.6438000000000001,1.667,1.7111,1.7368000000000001,1.7582,1.8053000000000001,1.8190000000000002,1.84,1.8582,1.8856000000000002,1.9580000000000002,1.9783000000000002,1.9956,2.0663,2.0862000000000003,2.1026000000000002,2.1257,2.1603,2.1761,2.2443,2.2705,2.2965,2.3345000000000002,2.3697,2.3861000000000003,2.4129,2.4476,2.5019,2.5351,2.552,2.5593,2.5901,2.6257,2.6609000000000003,2.6719,2.71,2.7382,2.7563,2.7706,2.8240000000000003,2.8373,2.8643,2.8815,2.9291,2.959,3.0074,3.0471000000000004,3.0605,3.1433,3.1576,3.2563,3.2935000000000003,3.3196000000000003,3.3503000000000003,3.3666,3.4036,3.4363,3.4948,3.5207,3.5658000000000003,3.6193,3.6489000000000003,3.6992000000000003,3.7255000000000003,3.7455000000000003,3.7679,3.8393,3.8974,3.9362000000000004,4.029,4.0746,4.1119,4.2232,4.240200000000001,4.2598,4.309,4.3293,4.355700000000001,4.4054,4.4579,4.4731000000000005,4.5049,4.5415,4.5537,4.5937,4.6303,4.6611,4.698,4.747,4.7713,4.8016000000000005,4.8556,4.8646,4.8814,4.9119
74562:0.132,0.1361,0.3708,0.38180000000000003,0.4399,0.4753,0.5749000000000001,0.6759000000000001,0.8069000000000001,0.8991,0.9401,0.994,1.0007000000000001,1.0466,1.1057000000000001,1.1167,1.2319,1.3405,1.3855000000000002,1.4822,1.5031,1.6309,1.6505,1.6657000000000002,1.8030000000000002,1.8217,1.9464000000000001,1.9653,1.9841000000000002,2.0798,2.1343,2.1694,2.176,2.2799,2.3084000000000002,2.3717,2.4388,2.4463,2.5251,2.5340000000000003,2.6333,2.706,2.8437,2.9466,2.9518,3.0097,3.0665,3.1402,3.2248,3.277,3.4280000000000004,3.589,3.6771000000000003,3.7558000000000002,3.774,3.8464,3.8929,4.152,4.264600000000001,4.271,4.4747,4.652,4.7218
74602:0.29810000000000003,1.2786,2.4018,2.5977,2.794,3.6377
74633:1.245
74775:0.0393,0.4727,0.8081,0.9318000000000001,1.3073000000000001,2.2688,2.5792,3.4202000000000004,3.946,4.7109000000000005
74942:0.1375,4.8066
75049:0.0852,0.37510000000000004,1.0173,1.0944,1.2308000000000001,1.3002,1.7066000000000001,1.7634,1.9044,2.2281,2.3449,2.3922000000000003,2.5955,2.7739000000000003,2.8763,3.4107000000000003,3.47,3.7117,3.8181000000000003,3.907,4.1097,4.6309000000000005,4.7553
75519:0.023,0.056900000000000006,0.14930000000000002,0.1948,0.2539,0.2953,0.3366,0.3774,0.45120000000000005,0.5034000000000001,0.5315,0.5642,0.6004,0.6305000000000001,0.7449,0.7743,0.8242,0.8574,0.9081,0.9421,0.9877,1.056,1.0871,1.1379000000000001,1.1702000000000001,1.229,1.2750000000000001,1.3218,1.361,1.3941000000000001,1.4511,1.496,1.5552000000000001,1.6083,1.6351,1.6801000000000001,1.7065000000000001,1.7318,1.7956,1.8673000000000002,1.9089,1.9364000000000001,1.9666000000000001,1.9852,2.0166,2.0793,2.1157,2.2069,2.246,2.3159,2.3292,2.3511,2.3977,2.4439,2.5016000000000003,2.555,2.5918,2.6082,2.6354,2.6741,2.7453000000000003,2.8241,2.837,2.8458,2.8926000000000003,2.9193000000000002,2.9466,2.9944,3.0679000000000003,3.1682,3.1921,3.2325000000000004,3.2777000000000003,3.3527,3.4112,3.4633000000000003,3.4954,3.5357000000000003,3.5835000000000004,3.6361000000000003,3.6776,3.7213000000000003,3.7821000000000002,3.8083,3.8918000000000004,3.9283,3.9943000000000004,4.053100000000001,4.1069,4.1753,4.2037,4.2578000000000005,4.3049,4.3519000000000005,4.4974,4.5625,4.6199,4.6625000000000005,4.7276,4.7815,4.8245000000000005,4.8729000000000005,4.8996,4.9387,4.9561,4.9676
75832:0.12290000000000001,0.2182,0.32270000000000004,0.4655,0.5723,0.6605000000000001,0.7168,1.002,1.1425,1.2341,1.3681,1.4923000000000002,1.6899000000000002,1.8165,1.9273,2.0540000000000003,2.3499000000000003,2.448,2.5423,2.8071,2.9322000000000004,3.1481000000000003,3.2273,3.4466,3.5215,3.7257000000000002,3.7764,3.8110000000000004,3.9704,4.214,4.2719000000000005,4.3086,4.396,4.5041,4.6145000000000005,4.6464,4.7263,4.7954,4.9093,4.9767
78101:0.012,0.0179,0.0257,0.0302,0.0386,0.039900000000000005,0.0483,0.0545,0.060200000000000004,0.0658,0.0719,0.08220000000000001,0.08360000000000001,0.0901,0.10110000000000001,0.1044,0.11620000000000001,0.1263,0.1332,0.1391,0.1401,0.14700000000000002,0.15,0.1526,0.1607,0.18030000000000002,0.1913,0.19410000000000002,0.1981,0.21400000000000002,0.21630000000000002,0.21980000000000002,0.2275,0.22870000000000001,0.2348,0.2421,0.2477,0.2489,0.2504,0.251,0.2529,0.25630000000000003,0.2579,0.2594,0.2614,0.2918,0.3042,0.3048,0.3169,0.33130000000000004,0.3378,0.3477,0.35350000000000004,0.3554,0.35650000000000004,0.37120000000000003,0.373,0.37360000000000004,0.38770000000000004,0.3885,0.401,0.40240000000000004,0.4117,0.4161,0.42300000000000004,0.4279,0.4334,0.4379,0.4625,0.4718,0.4746,0.47740000000000005,0.4939,0.5019,0.5074000000000001,0.5245000000000001,0.5271,0.5396000000000001,0.5494,0.5593,0.5892000000000001,0.5983,0.6206,0.6231,0.6267,0.6283000000000001,0.6286,0.6316,0.6331,0.635,0.6449,0.6496000000000001,0.6638000000000001,0.6749,0.6751,0.6768000000000001,0.681,0.6866,0.6873,0.6875,0.6897,0.6906,0.6943,0.7060000000000001,0.7136,0.7165,0.7190000000000001,0.7321000000000001,0.7364,0.7441,0.7563000000000001,0.7575000000000001,0.7677,0.7708,0.7768,0.7872,0.7904,0.8126,0.8241,0.8415,0.8475,0.8638,0.8703000000000001,0.8868,0.8931,0.9015000000000001,0.9065000000000001,0.9209,0.9224,0.9309000000000001,0.9434,0.9481,0.9588000000000001,0.9642000000000001,0.9710000000000001,0.9974000000000001,0.9991000000000001,1.0301,1.034,1.044,1.0556,1.0612000000000001,1.0648,1.0873000000000002,1.0943,1.1022,1.1141,1.1153,1.123,1.1331,1.1379000000000001,1.1473,1.1491,1.1501000000000001,1.1559000000000001,1.1592,1.1640000000000001,1.1671,1.1694,1.1717,1.1838,1.1862000000000001,1.1939,1.1969,1.2015,1.2057,1.221,1.2375,1.2391,1.2406000000000001,1.2627000000000002,1.2699,1.2897,1.2946,1.2952000000000001,1.2972000000000001,1.3045,1.3123,1.3132000000000001,1.3221,1.3223,1.3363,1.3385,1.3393000000000002,1.3526,1.3612,1.3829,1.3881000000000001,1.3935,1.4025,1.4067,1.4152,1.4301000000000001,1.4309,1.449,1.4528,1.4536,1.4554,1.4661000000000002,1.4687000000000001,1.4864000000000002,1.488,1.4917,1.4972,1.4978,1.5107000000000002,1.5134,1.5193,1.5328000000000002,1.5330000000000001,1.5465,1.5497,1.5499,1.5505,1.5576,1.5628,1.5675000000000001,1.5707,1.5975000000000001,1.6079,1.6229,1.6256000000000002,1.6274000000000002,1.6324,1.6509,1.6513,1.6597000000000002,1.6904000000000001,1.6929,1.6987,1.7128,1.747,1.7492,1.7501,1.7606000000000002,1.7692,1.7744,1.7770000000000001,1.7785000000000002,1.7885,1.7931000000000001,1.7966000000000002,1.8035,1.8084,1.8143,1.8193000000000001,1.8212000000000002,1.8263,1.8297,1.8321,1.8404,1.8429,1.8451000000000002,1.8556000000000001,1.8595000000000002,1.8637000000000001,1.8669,1.8749,1.881,1.8856000000000002,1.8926,1.8932,1.8962,1.8975000000000002,1.8997000000000002,1.9006,1.9105,1.9113,1.9159000000000002,1.9175,1.9217000000000002,1.9242000000000001,1.9254,1.9263000000000001,1.9329,1.9354,1.9434,1.9460000000000002,1.9462000000000002,1.9493,1.9635,1.9641000000000002,1.9695,1.9961,1.9993,2.0041,2.0152,2.0304,2.0339,2.0373,2.0398,2.0631,2.0697,2.0766,2.0769,2.079,2.0803000000000003,2.0871,2.0876,2.0929,2.1103,2.1215,2.1453,2.1749,2.1759,2.1792000000000002,2.1857,2.1884,2.1895000000000002,2.19,2.1929000000000003,2.1959,2.1968,2.2012,2.2036000000000002,2.2067,2.2116000000000002,2.2129000000000003,2.2238,2.2283,2.2329000000000003,2.2339,2.2444,2.2515,2.2578,2.2591,2.2613000000000003,2.2623,2.2659000000000002,2.2681,2.2789,2.2916000000000003,2.297,2.2995,2.3129,2.325,2.3254,2.3389,2.3583000000000003,2.3697,2.3725,2.3898,2.3968000000000003,2.3977,2.4058,2.4061,2.4175,2.4293,2.4296,2.434,2.4409,2.4461,2.4489,2.4588,2.4676,2.4707000000000003,2.498,2.5152,2.5166,2.5169,2.5180000000000002,2.5218000000000003,2.5245,2.5264,2.5372,2.5462000000000002,2.5464,2.5477000000000003,2.5488,2.5568,2.5667,2.5715000000000003,2.5728,2.5775,2.5845000000000002,2.585,2.5891,2.5944000000000003,2.5996,2.6006,2.6221,2.6234,2.6261,2.6327000000000003,2.6329000000000002,2.6341,2.6539,2.6569000000000003,2.6585,2.6662000000000003,2.6701,2.6882,2.6949,2.6952000000000003,2.7021,2.7026000000000003,2.7042,2.706,2.7110000000000003,2.7143,2.7269,2.7374,2.7412,2.749,2.7526,2.7583,2.7594000000000003,2.7603,2.7606,2.7688,2.7693000000000003,2.7865,2.7915,2.8043,2.8045,2.8117,2.8188,2.8243,2.8274000000000004,2.8496,2.8545000000000003,2.8554,2.8626,2.8646000000000003,2.8863000000000003,2.89,2.8911000000000002,2.9076,2.9257,2.9271000000000003,2.9284000000000003,2.9353000000000002,2.9391000000000003,2.9419,2.9439,2.9496,2.9537,2.9601,2.9742,2.9757000000000002,2.978,2.9822,2.9893,2.9995000000000003,3.0126,3.0218000000000003,3.023,3.0251,3.0255,3.0415,3.0461,3.0464,3.0503,3.0815,3.0912,3.0961000000000003,3.0967000000000002,3.1032,3.1076,3.115,3.1187,3.1305,3.1424000000000003,3.1494,3.1539,3.1546000000000003,3.1592000000000002,3.1615,3.1649000000000003,3.1729000000000003,3.1858,3.1914000000000002,3.1971000000000003,3.2084,3.2086,3.2239,3.2273,3.2386000000000004,3.2467,3.2535000000000003,3.2577000000000003,3.2616,3.2657000000000003,3.2697000000000003,3.2709,3.2721,3.2762000000000002,3.2778,3.2996000000000003,3.3047,3.3087,3.3128,3.3193,3.3606000000000003,3.3648000000000002,3.3673,3.3785000000000003,3.3929,3.3939000000000004,3.3951000000000002,3.415,3.4316,3.4338,3.4415,3.4463000000000004,3.4476,3.4492000000000003,3.4699,3.4803,3.4835000000000003,3.4905000000000004,3.4961,3.5057,3.5234,3.5264,3.5301,3.5323,3.539,3.5415,3.5421,3.5438,3.5496000000000003,3.5569,3.5613,3.5689,3.5748,3.5799000000000003,3.596,3.6015,3.6140000000000003,3.6269,3.6283000000000003,3.6305,3.6338000000000004,3.6341,3.6522,3.6575,3.6595,3.6605000000000003,3.6631,3.6655,3.6678,3.6686,3.6732,3.6796,3.6869,3.6905,3.7067,3.7122,3.7138,3.7389,3.7398000000000002,3.7563,3.762,3.7703,3.7870000000000004,3.79,3.7917,3.8105,3.8124000000000002,3.8195,3.8428,3.8484000000000003,3.8809,3.8853,3.8906,3.898,3.9012000000000002,3.9051,3.9071000000000002,3.9088000000000003,3.9186,3.9198000000000004,3.9217000000000004,3.9360000000000004,3.9383000000000004,3.9427000000000003,3.9593000000000003,3.9638,3.968,3.9718,3.9728000000000003,3.9797000000000002,3.9873000000000003,3.9952,3.999,3.9996,4.0038,4.0077,4.0082,4.0208,4.0395,4.0477,4.0594,4.0674,4.0776,4.0785,4.0798000000000005,4.0932,4.0949,4.1041,4.1103000000000005,4.1121,4.1206000000000005,4.1273,4.132000000000001,4.1394,4.1450000000000005,4.147,4.149500000000001,4.1573,4.1586,4.1604,4.1671000000000005,4.1744,4.1768,4.1850000000000005,4.1887,4.2102,4.214700000000001,4.2294,4.2306,4.248600000000001,4.2583,4.2593000000000005,4.2599,4.261,4.2647,4.284800000000001,4.2858,4.2884,4.29,4.295100000000001,4.2956,4.2985,4.3007,4.3118,4.314,4.3142000000000005,4.3173,4.3228,4.3519000000000005,4.3616,4.3688,4.3712,4.3738,4.3761,4.3859,4.389,4.401800000000001,4.4046,4.4113,4.4215,4.4301,4.4817,4.4847,4.4873,4.4892,4.4924,4.4935,4.4992,4.5002,4.500500000000001,4.504300000000001,4.5065,4.512300000000001,4.5131000000000006,4.5222,4.527,4.5437,4.5444,4.5557,4.5636,4.5676000000000005,4.5680000000000005,4.5781,4.6149000000000004,4.6151,4.6226,4.631200000000001,4.654100000000001,4.657900000000001,4.6646,4.666300000000001,4.6828,4.6883,4.6931,4.6943,4.6992,4.7062,4.7074,4.7196,4.720400000000001,4.7212000000000005,4.7344,4.7409,4.7493,4.7591,4.7615,4.7739,4.7834,4.7922,4.8013,4.802700000000001,4.8062000000000005,4.8211,4.8283000000000005,4.8344000000000005,4.8494,4.8514,4.8544,4.854900000000001,4.8574,4.873600000000001,4.8782000000000005,4.8871,4.892,4.8928,4.9021,4.9116,4.9347,4.9392000000000005,4.945,4.9455,4.9477,4.9484,4.954000000000001,4.9569,4.9593,4.9602,4.9737,4.9745,4.9766,4.9817,4.9938,4.996
78240:0.48960000000000004,2.3162000000000003,3.8525
78311:0.027700000000000002,0.07880000000000001,0.0898,0.1165,0.1511,0.21580000000000002,0.22690000000000002,0.2738,0.2781,0.3008,0.3269,0.33230000000000004,0.37220000000000003,0.4602,0.46830000000000005,0.4768,0.5146000000000001,0.5373,0.5722,0.6138,0.6273000000000001,0.6467,0.6739,0.7172000000000001,0.7267,0.7721,0.7939,0.8032,0.8427,0.8627,0.869,0.8909,0.9128000000000001,0.9562,1.0044,1.0371000000000001,1.0652000000000001,1.0922,1.1192,1.1472,1.1756,1.1992,1.2293,1.2452,1.2617,1.2943,1.3338,1.3754,1.4169,1.4420000000000002,1.4809,1.5283,1.5376,1.5549000000000002,1.5925,1.6109,1.6402,1.6776,1.7332,1.738,1.7794,1.7876,1.8149000000000002,1.8547,1.8901000000000001,1.9116000000000002,1.9438000000000002,1.9667000000000001,2.0029,2.0221,2.0626,2.0961000000000003,2.1401,2.1543,2.181,2.1898,2.2108000000000003,2.2869,2.318,2.3255,2.349,2.3752,2.415,2.4228,2.4498,2.4662,2.4876,2.5257,2.5377,2.561,2.6194,2.6693000000000002,2.6767000000000003,2.7214,2.7613000000000003,2.7656,2.7907,2.825,2.8400000000000003,2.8682000000000003,2.8804000000000003,2.9187000000000003,2.9592,3.0048000000000004,3.0557000000000003,3.0832,3.1265,3.1329000000000002,3.1529000000000003,3.1884,3.2246,3.2750000000000004,3.2884,3.321,3.3259000000000003,3.3403,3.3646000000000003,3.4081,3.436,3.4723,3.4817,3.4907000000000004,3.5257,3.5427,3.572,3.6081000000000003,3.6175,3.6462000000000003,3.6737,3.6820000000000004,3.7022000000000004,3.7178,3.73,3.7547,3.7967,3.8125,3.8492,3.8623000000000003,3.87,3.8981000000000003,3.9325,3.9738,3.9917000000000002,4.0093000000000005,4.0535000000000005,4.0652,4.0955,4.1177,4.155,4.198300000000001,4.2175,4.2584,4.2643,4.2862,4.2946,4.3078,4.3184000000000005,4.3658,4.3724,4.406000000000001,4.438000000000001,4.473,4.4875,4.5271,4.5711,4.5876,4.6160000000000005,4.646,4.6798,4.704400000000001,4.773000000000001,4.8101,4.837000000000001,4.862,4.8764,4.947,4.957,4.9745,4.9989
78527:0.0233,0.0637,0.1938,0.365,0.4464,0.6014,0.6629,0.7756000000000001,1.0195,1.2605,1.3455000000000001,1.5808,1.6547,1.6862000000000001,1.7299,1.8897000000000002,1.917,1.9836,2.0475000000000003,2.1106000000000003,2.2212,2.3167,2.3386,2.4490000000000003,2.5091,2.5509,2.6189,2.6894,2.7493000000000003,2.8025,2.8393,2.8970000000000002,2.9662,3.0666,3.3528000000000002,3.4104,3.4534000000000002,3.4931,3.7671,3.8469,3.8651,3.9939,4.0958000000000006,4.3055,4.3767000000000005,4.4044,4.4959,4.5732,4.6231,4.6647,4.7267,4.802700000000001
78706:0.033100000000000004,0.5697,0.8326,2.1803,3.5219,3.9576000000000002,4.0946,4.4837
78877:0.5768,0.993,1.3839000000000001,1.9815,2.1682,2.3091,2.4389000000000003,2.5276,3.2243,3.5918,3.8445
78975:0.0439,3.9690000000000003,4.4917
79051:0.0292,0.0363,0.06330000000000001,0.0777,0.1115,0.125,0.162,0.1864,0.2122,0.2374,0.25270000000000004,0.2652,0.28350000000000003,0.3189,0.34340000000000004,0.3689,0.41500000000000004,0.46490000000000004,0.5292,0.5566,0.6229,0.6378,0.6578,0.6837000000000001,0.7125,0.7223,0.7425,0.7885000000000001,0.7983,0.8144,0.8401000000000001,0.8584,0.8761,0.908,0.9208000000000001,0.9675,0.9854,0.9956,1.0163,1.0348,1.0448,1.0844,1.0951,1.1168,1.1260000000000001,1.1646,1.1766,1.1851,1.1954,1.2265000000000001,1.2575,1.2829000000000002,1.3018,1.3369,1.3569,1.3694000000000002,1.3826,1.4035,1.4369,1.4612,1.4853,1.4944000000000002,1.5369000000000002,1.5466,1.5634000000000001,1.5979,1.6227,1.7038,1.739,1.749,1.7607000000000002,1.7991000000000001,1.8119,1.8575000000000002,1.9036000000000002,1.9200000000000002,1.9452,1.9532,1.9632,1.9971,2.0087,2.0752,2.0935,2.1169000000000002,2.1421,2.1519,2.1879,2.2041,2.2474000000000003,2.3007,2.3303000000000003,2.3440000000000003,2.3527,2.3754,2.3937,2.4054,2.4144,2.4291,2.4428,2.4635000000000002,2.4775,2.5209,2.54,2.553,2.5686,2.5892,2.6152,2.6272,2.6681,2.6786000000000003,2.6867,2.7503,2.7655000000000003,2.7862,2.8273,2.8548,2.8676,2.8891,2.9035,2.9236,2.9371,2.9654000000000003,3.0069000000000004,3.0481000000000003,3.0667,3.0802,3.0858000000000003,3.0983,3.1222000000000003,3.1467,3.1556,3.2009000000000003,3.2378,3.2471,3.2791,3.2996000000000003,3.3326000000000002,3.3451,3.3958000000000004,3.4112,3.4184,3.438,3.4509000000000003,3.4673000000000003,3.4759,3.4997000000000003,3.5459,3.5713000000000004,3.5788,3.5980000000000003,3.6087000000000002,3.6192,3.6485000000000003,3.6745,3.6845000000000003,3.7167000000000003,3.7345,3.7515,3.7651000000000003,3.7953,3.8038000000000003,3.847,3.8640000000000003,3.8809,3.9137000000000004,3.9302,3.9391000000000003,3.9732000000000003,4.0096,4.042800000000001,4.0586,4.0905000000000005,4.0997,4.1468,4.1614,4.186,4.1989,4.2107,4.2325,4.2454,4.2668,4.2851,4.293,4.3086,4.335,4.3683000000000005,4.416300000000001,4.4462,4.4844,4.5168,4.5479,4.571400000000001,4.6086,4.6226,4.6304,4.6785000000000005,4.6978,4.7296000000000005,4.7461,4.7546,4.7776000000000005,4.828600000000001,4.840800000000001,4.8603000000000005,4.8731,4.9255,4.9468000000000005,4.9641,4.990200000000001
79732:0.037700000000000004,0.8091,1.3111000000000002,2.2863,2.5768,2.5962,3.4207,3.4449,4.7272,4.752000000000001
79993:0.13520000000000001,0.37120000000000003,0.4752,0.5764,0.9399000000000001,1.3883,1.6649,1.9848000000000001,2.1759,2.5255,2.9519,3.2265,3.7742,4.2662,4.654
80081:1.0401,1.1749,1.235,1.3522,1.4209,1.6876,1.8348,1.9297000000000002,2.1007000000000002,2.2627,2.3083,2.3602000000000003,2.4222,3.3331,3.4175,3.906,4.7095
80216:0.038400000000000004,0.47740000000000005,0.809,0.9362,1.3106,2.2707,2.5786000000000002,3.4218,3.9484000000000004,4.7135
80272:0.098,0.2029,0.27890000000000004,0.36050000000000004,0.6613,0.8798,1.1106,1.1942000000000002,1.3109,1.5550000000000002,1.7269,1.9361000000000002,2.0305,2.1453,2.2291000000000003,2.2786,2.43,2.5845000000000002,2.7022,2.7812,2.8475,2.9447,3.3608000000000002,3.4256,3.4907000000000004,3.5919000000000003,3.7636000000000003,4.0325,4.1264,4.2172,4.25,4.599600000000001,4.7186,4.8752,4.9001,4.9670000000000005,4.9891000000000005
80283:0.3506,0.8608,0.9184,0.9957,1.2284000000000002,1.2933000000000001,1.717,2.2022,2.4121,2.5216000000000003,2.8329,2.9272,3.0771,3.1527000000000003,3.3436000000000003,3.4114,3.5719000000000003,3.7683,3.9041,4.1481,4.6303,4.729
80537:0.0577,1.0272000000000001,1.3608,1.8433000000000002,1.9045,3.4588,3.6988000000000003,4.1167,4.3486,4.7603
81026:0.020300000000000002,0.0714,0.1552,0.2634,0.3921,0.46440000000000003,0.531,0.6016,0.6328,0.7745000000000001,0.8530000000000001,0.9061,0.9890000000000001,1.0968,1.1458000000000002,1.1737,1.2787000000000002,1.3212000000000002,1.3943,1.4472,1.4684000000000001,1.568,1.6266,1.6948,1.7292,1.7972000000000001,1.8166,1.9076000000000002,1.9377000000000002,1.9864000000000002,2.017,2.0780000000000003,2.1156,2.2110000000000003,2.2465,2.2977000000000003,2.3358000000000003,2.3623000000000003,2.503,2.5551,2.6373,2.6577,2.6733000000000002,2.7404,2.8432,2.9436,2.9684,3.0099,3.2144000000000004,3.2331000000000003,3.2656,3.366,3.3844000000000003,3.5398,3.6350000000000002,3.7596000000000003,3.7916000000000003,3.9266,3.9941,4.0769,4.1850000000000005,4.2175,4.2753000000000005,4.3072,4.378,4.6209,4.6882,4.728800000000001,4.8354,4.899500000000001,4.9657
81297:0.0115,0.14880000000000002,0.1656,0.1932,0.24480000000000002,0.3502,0.5211,0.5647,0.5944,0.765,0.7982,0.9390000000000001,1.0954000000000002,1.1967,1.2348000000000001,1.4864000000000002,1.5996000000000001,1.7545000000000002,1.8162,1.8428,1.8829,1.9603000000000002,1.9772,2.0999000000000003,2.1702,2.2234000000000003,2.2665,2.2943000000000002,2.3316,2.4121,2.5077000000000003,2.5485,2.5841000000000003,2.6667,2.7631,2.8229,2.8763,2.8974,2.9457,2.984,3.0556,3.3074000000000003,3.4090000000000003,3.4713000000000003,3.4902,3.5625,3.5834,3.6186000000000003,3.7218,3.8271,3.8969,3.9208000000000003,4.237,4.2575,4.324800000000001,4.3503,4.3935,4.4633,4.541,4.6397,4.6774000000000004,4.768400000000001,4.8244,4.8536,4.875500000000001
82270:0.08020000000000001,0.1482,0.2156,0.2827,0.369,0.46690000000000004,0.5838,0.7174,0.8609,1.0419,1.1442,1.1813,1.2596,1.3315000000000001,1.3915,1.5003,1.6567,1.7503000000000002,1.8014000000000001,1.8684,2.0249,2.1714,2.3428,2.4233000000000002,2.5254000000000003,2.6169000000000002,2.7034000000000002,2.8243,2.8751,2.9237,2.9603,3.1946000000000003,3.2665,3.3176,3.4398,3.5495,3.6128,3.7987,3.8558000000000003,3.9357,3.9849,4.0864,4.155600000000001,4.1973,4.2762,4.321400000000001,4.4214,4.5368,4.6226,4.7041,4.8152,4.8704,4.9964
82446:0.6862,3.9647
82479:2.3559,3.7968
82513:0.07200000000000001,0.1451,0.2106,0.2748,0.3655,0.48560000000000003,0.5548000000000001,0.6471,0.7169,0.7907000000000001,0.8647,1.0442,1.0902,1.1745,1.2329,1.3515000000000001,1.4211,1.5002,1.5425,1.6577000000000002,1.7189,1.7688000000000001,1.8889,1.9436,1.9994,2.0903,2.1439,2.2097,2.2880000000000003,2.3646000000000003,2.466,2.5301,2.5749,2.7594000000000003,2.8535,2.9243,2.9743,3.0807,3.1852,3.2621,3.3455000000000004,3.4173,3.5069000000000004,3.5915000000000004,3.6900000000000004,3.7887000000000004,3.8497000000000003,3.9071000000000002,4.0071,4.111800000000001,4.2096,4.2717,4.3402,4.4328,4.5689,4.6367,4.7029000000000005,4.7725,4.8537,4.9716000000000005
83138:0.0007,0.0019,0.005200000000000001,0.0155,0.0409,0.0438,0.054,0.0626,0.06420000000000001,0.0772,0.08080000000000001,0.0892,0.11270000000000001,0.11460000000000001,0.1148,0.1355,0.136,0.14750000000000002,0.1774,0.183,0.1935,0.19390000000000002,0.1998,0.20570000000000002,0.221,0.2459,0.24650000000000002,0.25370000000000004,0.28200000000000003,0.2938,0.3017,0.3049,0.3242,0.3262,0.3443,0.3518,0.35650000000000004,0.36100000000000004,0.36860000000000004,0.37010000000000004,0.3808,0.42900000000000005,0.4335,0.4431,0.44630000000000003,0.4494,0.4706,0.47090000000000004,0.4752,0.4778,0.4827,0.49410000000000004,0.499,0.5002,0.5031,0.51,0.5177,0.5223,0.5241,0.5287000000000001,0.5423,0.5468000000000001,0.5546,0.5799000000000001,0.5885,0.5984,0.6174000000000001,0.6301,0.6374000000000001,0.6378,0.6389,0.6408,0.6461,0.6552,0.6559,0.6564,0.6768000000000001,0.6873,0.6981,0.6996,0.7075,0.7095,0.7170000000000001,0.7245,0.7247,0.7355,0.7497,0.7565000000000001,0.7567,0.7604000000000001,0.7724000000000001,0.773,0.7779,0.7785000000000001,0.7841,0.7904,0.7936000000000001,0.8021,0.8052,0.8072,0.8170000000000001,0.8367,0.8394,0.8396,0.8435,0.8483,0.8498,0.8522000000000001,0.8531000000000001,0.8625,0.8648,0.865,0.867,0.8711000000000001,0.8814000000000001,0.8866,0.8904000000000001,0.8921,0.894,0.903,0.904,0.9113,0.9345,0.9687,0.9740000000000001,0.9921000000000001,0.9945,1.0176,1.0201,1.0222,1.0382,1.0403,1.0478,1.0555,1.0604,1.0619,1.0691000000000002,1.0806,1.0892,1.0956000000000001,1.0976000000000001,1.1021,1.1034000000000002,1.1046,1.1087,1.1331,1.1389,1.1396,1.1442,1.1459000000000001,1.1495,1.1535,1.1582000000000001,1.1639000000000002,1.1641000000000001,1.173,1.1879,1.193,1.2037,1.2096,1.217,1.2265000000000001,1.2276,1.2287000000000001,1.2333,1.2469000000000001,1.2569000000000001,1.2579,1.2582,1.2589000000000001,1.2648000000000001,1.2708000000000002,1.2718,1.2768000000000002,1.2832000000000001,1.2927,1.3267,1.3297,1.3332000000000002,1.3371,1.3412000000000002,1.3503,1.3541,1.3602,1.362,1.3860000000000001,1.3911,1.3979000000000001,1.3988,1.4001000000000001,1.4271,1.4305,1.4323000000000001,1.4343000000000001,1.4491,1.4716,1.475,1.4857,1.4871,1.4878,1.4912,1.506,1.5273,1.5305,1.5341,1.5576,1.5643,1.5673000000000001,1.5776000000000001,1.5947,1.5968,1.5978,1.6013000000000002,1.6068,1.6098000000000001,1.6158000000000001,1.635,1.6507,1.6555,1.6648,1.6696,1.6761000000000001,1.6809,1.6827,1.6851,1.6893,1.6903000000000001,1.6974,1.7102000000000002,1.7209,1.7229,1.7247000000000001,1.729,1.7401,1.748,1.7508000000000001,1.7521,1.7544000000000002,1.7549000000000001,1.762,1.7659,1.7711000000000001,1.7722,1.7784,1.7807000000000002,1.8006,1.8084,1.8354000000000001,1.8417000000000001,1.8449,1.8524,1.8608,1.8613000000000002,1.8755000000000002,1.8817000000000002,1.8921000000000001,1.9031,1.9128,1.9147,1.9164,1.917,1.9269,1.929,1.9326,1.9603000000000002,1.9663000000000002,1.9766000000000001,1.9868000000000001,2.0101,2.0161000000000002,2.0184,2.0254000000000003,2.0259,2.0296000000000003,2.0354,2.0429,2.0436,2.0443000000000002,2.0451,2.0458000000000003,2.0516,2.0585,2.0772,2.0776,2.0928,2.0972,2.0986000000000002,2.1174,2.1309,2.1332,2.1382000000000003,2.1384000000000003,2.1395,2.148,2.1617,2.1668000000000003,2.1772,2.178,2.1795,2.1798,2.1823,2.1993,2.2017,2.2055000000000002,2.2433,2.2441,2.2558000000000002,2.2811,2.2827,2.2840000000000003,2.2878000000000003,2.2917,2.3041,2.3065,2.3301000000000003,2.3326000000000002,2.3335,2.3337000000000003,2.3431,2.3451,2.3512,2.3529,2.3573,2.386,2.388,2.3886000000000003,2.3976,2.4054,2.4273000000000002,2.4279,2.4281,2.4308,2.439,2.4392,2.4578,2.4595000000000002,2.4655,2.475,2.4861,2.4897,2.4938000000000002,2.4962,2.5026,2.5073000000000003,2.5091,2.5115000000000003,2.5262000000000002,2.527,2.5333,2.5374000000000003,2.5407,2.5409,2.5435000000000003,2.5543,2.5657,2.5668,2.5676,2.572,2.5726,2.5735,2.5740000000000003,2.5886,2.5940000000000003,2.595,2.5977,2.6012,2.6020000000000003,2.6192,2.641,2.6553,2.6556,2.656,2.6648,2.6682,2.6729000000000003,2.6738,2.6745,2.6752000000000002,2.6792000000000002,2.6824000000000003,2.7075,2.7207000000000003,2.722,2.7241,2.726,2.7279,2.7286,2.7319,2.7327000000000004,2.7377000000000002,2.7405,2.744,2.7758000000000003,2.7853000000000003,2.7932,2.7962000000000002,2.8036000000000003,2.8120000000000003,2.8209,2.8239,2.8371,2.8481,2.8507000000000002,2.859,2.8718000000000004,2.8846000000000003,2.8852,2.895,2.8983000000000003,2.9071000000000002,2.9194,2.9345000000000003,2.9509000000000003,2.9517,2.9556,2.9584,2.9587000000000003,2.9901,2.9957000000000003,2.9976000000000003,3.0,3.0069000000000004,3.0136000000000003,3.0154,3.0195000000000003,3.0376000000000003,3.0536000000000003,3.0540000000000003,3.0638,3.0642,3.0668,3.0712,3.0739,3.085,3.0966,3.1021,3.1041000000000003,3.1091,3.128,3.1491000000000002,3.1533,3.1555,3.1581,3.1654,3.1665,3.1748000000000003,3.18,3.1967000000000003,3.1973000000000003,3.2032000000000003,3.2053000000000003,3.2081,3.2185,3.22,3.2292,3.2294,3.2377000000000002,3.2388000000000003,3.2393,3.2459000000000002,3.2822,3.2948,3.297,3.3013000000000003,3.3058,3.3065,3.3146,3.3294,3.3320000000000003,3.3400000000000003,3.3462,3.3505000000000003,3.3535000000000004,3.3556000000000004,3.366,3.3667000000000002,3.3702,3.3746,3.3749000000000002,3.3755,3.3809,3.3862,3.4057,3.4066,3.4078000000000004,3.4343000000000004,3.4372000000000003,3.4443,3.4459,3.4482000000000004,3.4583000000000004,3.4633000000000003,3.4661,3.4806000000000004,3.4824,3.4854000000000003,3.4864,3.4890000000000003,3.4914,3.511,3.5296000000000003,3.5370000000000004,3.5458000000000003,3.5502000000000002,3.5508,3.5619,3.5635000000000003,3.5727,3.5882,3.5921000000000003,3.5938000000000003,3.5997000000000003,3.6201000000000003,3.6257,3.6265,3.6319000000000004,3.6322,3.6324,3.6380000000000003,3.6409000000000002,3.6418000000000004,3.6504000000000003,3.6549,3.6571000000000002,3.6652,3.6666000000000003,3.6684,3.6686,3.6744000000000003,3.6864000000000003,3.6875,3.6885000000000003,3.6917,3.701,3.7165000000000004,3.7247000000000003,3.7265,3.7298,3.7375000000000003,3.7445000000000004,3.7529000000000003,3.7541,3.7551,3.7579000000000002,3.7663,3.7756000000000003,3.7779000000000003,3.7800000000000002,3.7913,3.7927,3.7988000000000004,3.8013000000000003,3.8071,3.8107,3.8109,3.8288,3.8352000000000004,3.8429,3.8443,3.8471,3.8514000000000004,3.8599,3.8636000000000004,3.8697000000000004,3.8719,3.8752,3.8754000000000004,3.8768000000000002,3.8777000000000004,3.8791,3.9202000000000004,3.9236,3.9376,3.9458,3.9489,3.955,3.9573,3.9607,3.9663000000000004,3.9733,3.9834,3.9933,4.006,4.022600000000001,4.0357,4.0445,4.0494,4.059200000000001,4.0764000000000005,4.0817000000000005,4.0896,4.0927,4.0968,4.0991,4.1143,4.1231,4.125,4.1254,4.129700000000001,4.1336,4.1362000000000005,4.149,4.1581,4.1587000000000005,4.1712,4.1772,4.178,4.194,4.2041,4.2091,4.2113000000000005,4.2138,4.2169,4.2239,4.244800000000001,4.2462,4.2476,4.2497,4.2504,4.2511,4.2565,4.258900000000001,4.2618,4.2649,4.2757000000000005,4.2827,4.2907,4.3104000000000005,4.3319,4.361800000000001,4.3622000000000005,4.3636,4.367900000000001,4.3905,4.3987,4.4038,4.4057,4.4065,4.414000000000001,4.415500000000001,4.4186000000000005,4.4272,4.431900000000001,4.437600000000001,4.4438,4.4469,4.4471,4.4590000000000005,4.476,4.4778,4.4853000000000005,4.486000000000001,4.4903,4.4969,4.4987,4.4995,4.5039,4.5046,4.5049,4.5214,4.5235,4.533,4.5358,4.5417000000000005,4.5604000000000005,4.5654,4.5713,4.5757,4.5909,4.5938,4.5968,4.6136,4.6145000000000005,4.6189,4.6227,4.6249,4.6276,4.635800000000001,4.644,4.655,4.6584,4.6610000000000005,4.6647,4.6708,4.6797,4.6829,4.6888000000000005,4.6919,4.6924,4.7029000000000005,4.707,4.7102,4.712400000000001,4.7156,4.7363,4.7374,4.7384,4.7417,4.744400000000001,4.7487,4.7617,4.7694,4.7739,4.7858,4.7865,4.7907,4.7923,4.8175,4.820600000000001,4.8272,4.8325000000000005,4.839,4.8421,4.851100000000001,4.8552,4.8594,4.890000000000001,4.9097,4.9335,4.9369000000000005,4.9392000000000005,4.9436,4.9463,4.9555,4.9642,4.9706,4.9764,4.9802,4.982,4.986400000000001,4.9871,4.994000000000001,4.9957
83554:2.0111
83620:0.0235,1.4663000000000002,2.9241,3.8036000000000003
83980:0.1369,0.34440000000000004,0.882,1.5004000000000002,2.2176,3.1682,3.9953000000000003,4.1719,4.8124
84431:0.0687,0.6127,0.6696000000000001,1.0281,1.2685,1.5897000000000001,1.6911,1.8953,1.9995,2.0676,2.3237,2.3457,2.5177,2.5611,2.7007000000000003,2.813,3.4176,3.5010000000000003,3.7855000000000003,3.857,4.1112,4.3146,4.51,4.6752
84472:0.028300000000000002,0.062400000000000004,0.0805,0.11280000000000001,0.1466,0.1555,0.1767,0.198,0.22240000000000001,0.2348,0.2695,0.29960000000000003,0.32370000000000004,0.36260000000000003,0.37070000000000003,0.3996,0.42660000000000003,0.46780000000000005,0.4843,0.5137,0.5399,0.5728,0.5885,0.6106,0.6459,0.6642,0.6879000000000001,0.7177,0.7318,0.7562,0.7928000000000001,0.8246,0.8606,0.8694000000000001,0.919,0.9532,0.9866,1.0174,1.0403,1.0688,1.0887,1.12,1.1409,1.1718,1.1774,1.2111,1.227,1.2611,1.2834,1.3282,1.3374000000000001,1.3679000000000001,1.3922,1.4216,1.4464000000000001,1.4843000000000002,1.5017,1.5346,1.5562,1.5896000000000001,1.6034000000000002,1.6408,1.6575,1.6781000000000001,1.7104000000000001,1.7498,1.7689000000000001,1.7992000000000001,1.8162,1.8547,1.8708,1.9076000000000002,1.9154,1.9448,1.969,1.975,1.9901000000000002,2.0260000000000002,2.0587,2.0646,2.1051,2.1324,2.1621,2.1723,2.2117,2.233,2.2698,2.2943000000000002,2.3418,2.3642000000000003,2.3985000000000003,2.4252000000000002,2.4607,2.4891,2.5246,2.5361000000000002,2.565,2.5769,2.6193,2.6333,2.6695,2.6984,2.7289000000000003,2.761,2.7922000000000002,2.8225000000000002,2.8524000000000003,2.873,2.9059,2.9241,2.9541,2.9602,2.9822,3.0112,3.0323,3.071,3.0939,3.107,3.1452,3.1694,3.1948000000000003,3.2191,3.2379000000000002,3.2615000000000003,3.2813000000000003,3.3159,3.3291,3.3629000000000002,3.3815,3.411,3.4392,3.4522000000000004,3.4905000000000004,3.5129,3.5445,3.5617,3.5944000000000003,3.6109,3.6432,3.6727000000000003,3.6914000000000002,3.7178,3.7560000000000002,3.7661000000000002,3.8006,3.8115,3.8317,3.8561,3.8619000000000003,3.8692,3.8952,3.9224,3.9364000000000003,3.9746,3.9847,4.0199,4.0319,4.0766,4.0857,4.1155,4.1483,4.180400000000001,4.1963,4.2257,4.2414000000000005,4.2757000000000005,4.2845,4.3198,4.3262,4.3422,4.371700000000001,4.4044,4.4246,4.4506000000000006,4.4923,4.5278,4.5543000000000005,4.5732,4.6128,4.6197,4.6245,4.655,4.678,4.7052000000000005,4.7336,4.7533,4.779,4.8121,4.84,4.8672,4.8808,4.9103,4.9381,4.9736,4.996
84883:0.08030000000000001,0.2194,0.2836,0.46480000000000005,0.5412,0.7205,0.7975,0.8681000000000001,0.9614,1.0427,1.0954000000000002,1.1771,1.2336,1.3782,1.7806000000000002,1.9484000000000001,2.0655,2.1904,2.5311,2.6739,2.7652,2.8703000000000003,2.9605,3.1532,3.2898,3.3394000000000004,3.4123,3.573,3.6193,3.6775,3.8035,3.9365,4.0618,4.1992,4.288600000000001,4.5776,4.623200000000001,4.7043,4.878
84993:0.0998,0.3597,1.3155000000000001,2.0268,2.9437,4.1172,4.9842
85369:4.2428,4.4126
85900:0.37010000000000004
85903:0.0123,0.012700000000000001,0.0143,0.0235,0.0256,0.0263,0.026600000000000002,0.0378,0.0403,0.0424,0.0436,0.046200000000000005,0.058300000000000005,0.0603,0.0719,0.0752,0.0755,0.0761,0.077,0.08070000000000001,0.08710000000000001,0.0931,0.0954,0.1078,0.108,0.10890000000000001,0.1149,0.11570000000000001,0.1227,0.1265,0.1338,0.14070000000000002,0.14550000000000002,0.1491,0.1531,0.168,0.1694,0.17500000000000002,0.21430000000000002,0.2149,0.2184,0.22190000000000001,0.2262,0.2482,0.2558,0.2634,0.2652,0.2665,0.26830000000000004,0.2733,0.2778,0.28200000000000003,0.29510000000000003,0.30560000000000004,0.30610000000000004,0.309,0.3175,0.3326,0.335,0.339,0.3438,0.34440000000000004,0.3458,0.3526,0.3528,0.3554,0.35750000000000004,0.3637,0.3679,0.3684,0.3796,0.3855,0.38770000000000004,0.3919,0.403,0.4032,0.4088,0.4163,0.4183,0.41950000000000004,0.4198,0.42800000000000005,0.4294,0.4441,0.4585,0.46040000000000003,0.4645,0.4682,0.4823,0.4924,0.49920000000000003,0.5021,0.5047,0.5079,0.5099,0.5165000000000001,0.5193,0.5336000000000001,0.5354,0.5393,0.5395,0.5442,0.5509000000000001,0.5567,0.5694,0.5840000000000001,0.5842,0.5906,0.5919,0.6024,0.6027,0.6228,0.6238,0.6253000000000001,0.63,0.6387,0.6426000000000001,0.6463,0.6471,0.6544,0.6582,0.6621,0.6735,0.6757000000000001,0.6811,0.6848000000000001,0.6951,0.7036,0.7231000000000001,0.7446,0.7514000000000001,0.759,0.7678,0.7704000000000001,0.7763,0.7811,0.8037000000000001,0.8156,0.8231,0.8396,0.8527,0.8688,0.8703000000000001,0.8844000000000001,0.8902,0.8918,0.8936000000000001,0.897,0.8974000000000001,0.8998,0.9012,0.9042,0.9146000000000001,0.9193,0.9305,0.9354,0.9384,0.9482,0.9660000000000001,0.9682000000000001,0.9702000000000001,0.9779,0.9849,0.9905,0.991,0.9914000000000001,0.9972000000000001,1.0082,1.0098,1.0188000000000001,1.0245,1.0291000000000001,1.0309000000000001,1.0399,1.0553000000000001,1.0604,1.0614000000000001,1.0653000000000001,1.0668,1.071,1.0713000000000001,1.086,1.0888,1.1085,1.1122,1.1136000000000001,1.1167,1.12,1.1252,1.1316000000000002,1.1352,1.1357000000000002,1.1389,1.1427,1.1465,1.1467,1.1502000000000001,1.1519000000000001,1.1543,1.1574,1.1598000000000002,1.1609,1.1654,1.171,1.1840000000000002,1.1882000000000001,1.195,1.199,1.212,1.2151,1.2161,1.2231,1.2346000000000001,1.237,1.2404000000000002,1.2464,1.2564,1.2621,1.2627000000000002,1.2648000000000001,1.2734,1.2739,1.2863,1.2905,1.2999,1.3094000000000001,1.3117,1.3185,1.3252000000000002,1.339,1.3511,1.3514000000000002,1.3537000000000001,1.3622,1.3641,1.3824,1.385,1.3913,1.3933,1.3992,1.4092,1.4122000000000001,1.4154,1.4164,1.4238000000000002,1.4286,1.4366,1.4401000000000002,1.4544000000000001,1.4634,1.464,1.4702000000000002,1.4858,1.4896,1.4945000000000002,1.5051,1.5148000000000001,1.5195,1.5239,1.5375,1.5383,1.5429000000000002,1.5446,1.5487,1.5507,1.5557,1.5622,1.5645,1.5731000000000002,1.5739,1.5803,1.5813000000000001,1.5866,1.5995000000000001,1.6076000000000001,1.6117000000000001,1.6136000000000001,1.6185,1.6203,1.6234000000000002,1.6252,1.6284,1.6338000000000001,1.6475000000000002,1.6521000000000001,1.6535,1.7083000000000002,1.7165000000000001,1.7223000000000002,1.7253,1.7279,1.737,1.7476,1.7516,1.7556,1.7605000000000002,1.7675,1.7722,1.7765000000000002,1.7807000000000002,1.7837,1.7868000000000002,1.7883,1.7986,1.8010000000000002,1.8018,1.8087000000000002,1.8326,1.8335000000000001,1.8410000000000002,1.8701,1.8771,1.8775000000000002,1.8796000000000002,1.8847,1.8849,1.8852,1.8917000000000002,1.8945,1.8966,1.9004,1.9016000000000002,1.9151,1.9238000000000002,1.9278000000000002,1.9302000000000001,1.9344000000000001,1.9401000000000002,1.9549,1.9671,1.9724000000000002,1.9825000000000002,1.9855,1.9873,1.9883000000000002,1.9938,2.0165,2.0263,2.027,2.028,2.0303,2.037,2.0489,2.0554,2.0586,2.0626,2.0672,2.0699,2.08,2.0892,2.0928,2.0957,2.0973,2.0988,2.1001000000000003,2.1012,2.1043000000000003,2.133,2.1383,2.1582,2.1594,2.1665,2.1704,2.1866000000000003,2.1882,2.1942,2.1978,2.1996,2.2070000000000003,2.2281,2.2419000000000002,2.265,2.2681,2.2793,2.2833,2.2848,2.286,2.2893,2.2901000000000002,2.3079,2.3125,2.3301000000000003,2.3311,2.3444000000000003,2.3499000000000003,2.3715,2.3924000000000003,2.412,2.4126000000000003,2.416,2.4213,2.4351000000000003,2.4367,2.4497,2.4563,2.4743,2.4747,2.4782,2.4857,2.4901,2.4963,2.4987,2.5001,2.5010000000000003,2.5159000000000002,2.5163,2.5183,2.5196,2.5253,2.5287,2.5338000000000003,2.5425,2.556,2.5703,2.5921000000000003,2.5938000000000003,2.5977,2.6017,2.6085000000000003,2.6113,2.6157,2.6273,2.6285000000000003,2.6363000000000003,2.6373,2.6454,2.6726,2.6746000000000003,2.6875,2.6988000000000003,2.7184,2.7247000000000003,2.7286,2.7303,2.732,2.7402,2.7439,2.7453000000000003,2.7475,2.7597,2.7742,2.7876000000000003,2.7882000000000002,2.7918000000000003,2.8023000000000002,2.8037,2.8187,2.8236000000000003,2.8239,2.8245,2.829,2.8409,2.8413,2.8520000000000003,2.8639,2.8707000000000003,2.8738,2.8824,2.8834,2.898,2.8984,2.9011,2.9028,2.9069000000000003,2.9188,2.92,2.9242000000000004,2.9246000000000003,2.9248000000000003,2.9251,2.9314,2.9336,2.9466,2.966,2.9709000000000003,2.9805,2.9809,2.9842,2.9927,3.0007,3.0011,3.0444,3.0623,3.068,3.077,3.0780000000000003,3.0815,3.0827,3.1012,3.1074,3.1083000000000003,3.1222000000000003,3.1259,3.1293,3.1376,3.1431,3.1539,3.1566,3.1699,3.1833,3.1916,3.1938,3.1954000000000002,3.2031,3.2036000000000002,3.2082,3.2205000000000004,3.2221,3.2357,3.237,3.2465,3.2532,3.2552000000000003,3.2606,3.2722,3.2773000000000003,3.2855000000000003,3.2908,3.2969,3.3083,3.3085,3.3154000000000003,3.318,3.3231,3.3327,3.3331,3.3369,3.3395,3.3442000000000003,3.3631,3.367,3.3701000000000003,3.3852,3.3931,3.3949000000000003,3.3992,3.4036,3.4038000000000004,3.4061000000000003,3.4068,3.4085,3.4090000000000003,3.4213,3.4236,3.4239,3.4264,3.4341000000000004,3.4366000000000003,3.442,3.4632,3.4725,3.5054000000000003,3.515,3.5281000000000002,3.5331,3.5374000000000003,3.5429000000000004,3.5494000000000003,3.5500000000000003,3.5516,3.5545,3.556,3.5592,3.5731,3.5775,3.5981,3.6081000000000003,3.6146000000000003,3.6167000000000002,3.6217,3.6224000000000003,3.6264000000000003,3.6345,3.6670000000000003,3.6772,3.6799000000000004,3.685,3.6916,3.6955,3.7026000000000003,3.7033,3.7102000000000004,3.7137000000000002,3.7275,3.7281,3.7385,3.7484,3.7584,3.7625,3.8046,3.8064,3.8216,3.8233,3.8246,3.8303000000000003,3.8365,3.8455000000000004,3.8637,3.8657000000000004,3.8792,3.8821000000000003,3.8931,3.8935000000000004,3.8945000000000003,3.9026,3.9108,3.9193000000000002,3.9372000000000003,3.9374000000000002,3.9610000000000003,3.9617,3.963,3.9702,3.9814000000000003,3.9826,3.9831000000000003,3.9842000000000004,3.9846000000000004,3.9896000000000003,3.9926000000000004,4.0107,4.0174,4.0271,4.0392,4.043,4.047000000000001,4.0479,4.049300000000001,4.0495,4.0617,4.0647,4.0922,4.1234,4.1238,4.1315,4.1393,4.1402,4.147,4.1485,4.1506,4.1515,4.1557,4.1586,4.1687,4.1818,4.189,4.189900000000001,4.196400000000001,4.2125,4.2184,4.2222,4.224,4.2319,4.2392,4.2442,4.2503,4.2525,4.2548,4.2552,4.2578000000000005,4.258900000000001,4.2620000000000005,4.2697,4.2746,4.2762,4.276400000000001,4.2773,4.2873,4.2899,4.3051,4.3082,4.3278,4.3358,4.339700000000001,4.3453,4.3644,4.3657,4.3661,4.3711,4.3763000000000005,4.3808,4.385400000000001,4.3881000000000006,4.3959,4.3962,4.398000000000001,4.403700000000001,4.4087000000000005,4.410200000000001,4.4351,4.4432,4.444,4.4444,4.4524,4.455900000000001,4.4629,4.4633,4.4659,4.4689000000000005,4.4794,4.4856,4.4937000000000005,4.494400000000001,4.4978,4.506600000000001,4.5116000000000005,4.5292,4.530600000000001,4.5314000000000005,4.5339,4.5342,4.5355,4.5362,4.5403,4.5433,4.5519,4.562600000000001,4.575200000000001,4.577100000000001,4.5781,4.6042000000000005,4.6052,4.6296,4.6411,4.6496,4.6610000000000005,4.6748,4.6775,4.6806,4.6888000000000005,4.689,4.703,4.7045,4.707,4.7083,4.713,4.7295,4.7314,4.7342,4.7434,4.7503,4.7521,4.7554,4.7762,4.7846,4.798,4.822,4.8272,4.8297,4.8378000000000005,4.8462000000000005,4.851,4.8564,4.861400000000001,4.8616,4.8733,4.8752,4.8826,4.8847000000000005,4.889600000000001,4.9125000000000005,4.917,4.9366,4.9402,4.9404,4.9413,4.9501,4.9558,4.960100000000001,4.9673,4.9682,4.9762,4.9829,4.994400000000001
86266:0.6719,1.2712,1.7393,1.8971,2.0,2.515,2.7039,2.817,2.8539000000000003,3.7855000000000003,4.0219000000000005,4.3165000000000004,4.3824000000000005,4.41,4.8053
86580:0.1287,0.3443,1.5029000000000001,2.217,3.169,3.7926,3.9882000000000004,4.1414,4.2431,4.3833,4.8056
86657:0.027200000000000002,0.0562,0.077,0.1043,0.1332,0.1718,0.2003,0.2155,0.2513,0.27840000000000004,0.307,0.33440000000000003,0.36610000000000004,0.3905,0.4123,0.4591,0.4773,0.5146000000000001,0.551,0.5832,0.6403,0.6662,0.7124,0.7541,0.7931,0.8399000000000001,0.86,0.929,0.9806,1.0255,1.0406,1.0827,1.1158000000000001,1.1495,1.1619000000000002,1.216,1.2307000000000001,1.2616,1.3268,1.362,1.4038000000000002,1.4205,1.4791,1.5108000000000001,1.5291000000000001,1.5476,1.5896000000000001,1.6411,1.6848,1.7135,1.7339,1.7556,1.7668000000000001,1.7993000000000001,1.8451000000000002,1.8922,1.9067,1.9293,1.9602000000000002,1.9973,2.0332,2.061,2.1116,2.1351,2.1758,2.2506,2.3164000000000002,2.3337000000000003,2.3518000000000003,2.3681,2.3896,2.4165,2.4533,2.4976000000000003,2.5272,2.5577,2.5809,2.603,2.6196,2.6382000000000003,2.6754000000000002,2.7003,2.7488,2.7692,2.817,2.8483,2.8725,2.9044000000000003,2.9287,2.9534000000000002,2.9923,3.0272,3.0729,3.0878,3.117,3.1460000000000004,3.1781,3.2082,3.2511,3.2615000000000003,3.3012,3.3342,3.3777000000000004,3.4037,3.4215,3.4355,3.4592,3.5013,3.5387,3.5642,3.5889,3.6121000000000003,3.6676,3.7007000000000003,3.7294,3.7623,3.7805,3.7991,3.8285,3.8501000000000003,3.8715,3.8923,3.9164000000000003,3.9636,4.0064,4.0321,4.0737000000000005,4.1024,4.1501,4.204400000000001,4.240200000000001,4.266500000000001,4.2786,4.3109,4.3601,4.3921,4.4335,4.4971000000000005,4.5338,4.5574,4.6080000000000005,4.6379,4.6769,4.7093,4.7339,4.7653,4.8047,4.839,4.8696,4.9179,4.968500000000001
87026:0.08020000000000001,0.097,0.16290000000000002,0.2232,0.2624,0.277,0.3052,0.37560000000000004,0.467,0.535,0.5845,0.6275000000000001,0.6805,0.7197,0.7808,0.8509,0.8738,0.9083,0.9339000000000001,0.9743,0.9978,1.0238,1.0486,1.0897000000000001,1.1042,1.1777,1.192,1.2249,1.2419,1.2748000000000002,1.3027,1.3823,1.4140000000000001,1.4658,1.4964000000000002,1.5408000000000002,1.6049,1.6481000000000001,1.7022000000000002,1.7205000000000001,1.7674,1.8091000000000002,1.9036000000000002,1.9307,1.9608,1.9752,2.0084,2.0244,2.0755,2.1104000000000003,2.134,2.1567000000000003,2.1949,2.2152000000000003,2.2589,2.2722,2.3098,2.3913,2.42,2.447,2.4644,2.5035000000000003,2.5318,2.5663,2.6012,2.6350000000000002,2.6822,2.6962,2.7537000000000003,2.7753,2.8285,2.8431,2.9172000000000002,2.9387000000000003,3.0172000000000003,3.0637000000000003,3.0852,3.1553,3.2055000000000002,3.2486,3.2926,3.3348,3.3541000000000003,3.4148,3.4533,3.4796,3.5511000000000004,3.5842,3.6266000000000003,3.6789,3.7189,3.7568,3.8504,3.9144,3.9452000000000003,3.9926000000000004,4.0663,4.1097,4.1523,4.1736,4.2018,4.238700000000001,4.2697,4.3013,4.3439000000000005,4.3795,4.4199,4.4594000000000005,4.5091,4.5596000000000005,4.5903,4.6321,4.6808000000000005,4.7090000000000005,4.7371,4.7614,4.8377,4.8716,4.8887,4.9308000000000005,4.9589,4.9796000000000005
87693:0.12940000000000002,0.37820000000000004,0.9967,1.1009,1.23,1.4981,1.6462,1.8173000000000001,1.9609,2.1295,2.275,2.3681,2.4427000000000003,2.5291,2.8388,2.9495,3.5849,3.7509,4.2662
87747:0.06280000000000001,0.0911,0.1029,0.19540000000000002,0.23440000000000003,0.2757,0.35700000000000004,0.6552,0.8098000000000001,0.8739,0.9777,1.0009000000000001,1.0521,1.1058000000000001,1.1408,1.1875,1.3022,1.3168,1.3908,1.5250000000000001,1.5523,1.7198,1.8006,1.9136000000000002,1.9339000000000002,2.0102,2.027,2.1363000000000003,2.162,2.2214,2.2681,2.3641,2.4226,2.4534000000000002,2.5061,2.5705,2.6133,2.6949,2.7746,2.8412,2.9224,2.9426,3.1194,3.354,3.3932,3.4208000000000003,3.4845,3.5579,3.5894000000000004,3.6672000000000002,3.7566,3.8577000000000004,3.9479,4.0238000000000005,4.1039,4.1229000000000005,4.208600000000001,4.2452000000000005,4.347700000000001,4.4234,4.590800000000001,4.7108,4.7908,4.867,4.8909,4.9604,4.9816
89032:0.0613,1.9062000000000001,3.4614000000000003,3.6991,4.349200000000001,4.7611
89058:1.2293,2.8836,3.5615
89225:0.0874,0.12440000000000001,0.22210000000000002,0.27240000000000003,0.33940000000000003,0.364,0.4278,0.46640000000000004,0.5385,0.5675,0.6245,0.6668000000000001,0.7158,0.7976000000000001,0.884,0.9281,0.9859,1.0316,1.1017000000000001,1.219,1.2692,1.3279,1.3759000000000001,1.4718,1.5257,1.6115000000000002,1.6532,1.7204000000000002,1.7878,1.8452000000000002,1.9347,1.9746000000000001,2.0169,2.0622000000000003,2.1168,2.1613,2.2226,2.2969,2.3608000000000002,2.4290000000000003,2.4802,2.5168,2.5571,2.6199000000000003,2.6925000000000003,2.7390000000000003,2.8153,2.9054,2.9362,2.9978000000000002,3.0514,3.1283000000000003,3.1796,3.2162,3.2647,3.3526000000000002,3.4157,3.4729,3.58,3.624,3.6681000000000004,3.7272000000000003,3.7639,3.8037,3.8394000000000004,3.8802000000000003,3.9392,3.9788,4.026800000000001,4.1422,4.2228,4.2558,4.2837000000000005,4.362,4.385800000000001,4.4286,4.466200000000001,4.6002,4.6425,4.7079,4.7708,4.8072,4.8552,4.913600000000001,4.9625
89378:0.08800000000000001,0.7226,1.1773
89389:0.36710000000000004,0.4726,0.5759000000000001,2.5224,2.9432,3.7702,4.1534,4.2915
89414:0.028300000000000002,0.0601,0.07690000000000001,0.11080000000000001,0.1453,0.171,0.20900000000000002,0.222,0.2394,0.2747,0.318,0.3632,0.3941,0.4373,0.47440000000000004,0.5028,0.5329,0.5690000000000001,0.6094,0.6405000000000001,0.6608,0.6995,0.7171000000000001,0.7507,0.7893,0.8217,0.8605,0.89,0.9511000000000001,1.0018,1.0329000000000002,1.0598,1.0865,1.1125,1.141,1.1682000000000001,1.1881000000000002,1.2243000000000002,1.2502,1.2702,1.2907,1.3313000000000001,1.3554000000000002,1.3742,1.4142000000000001,1.4369,1.4774,1.5018,1.5251000000000001,1.5457,1.5871000000000002,1.6095000000000002,1.6516000000000002,1.6646,1.7021000000000002,1.7339,1.7582,1.7753,1.8088000000000002,1.8502,1.8861,1.9086,1.9413,1.9637,1.9904000000000002,2.0187,2.0592,2.0916,2.1288,2.1464000000000003,2.1747,2.2078,2.2424,2.2801,2.319,2.3447,2.3656,2.4179,2.4578,2.4853,2.5223,2.5532,2.5922,2.6335,2.6653000000000002,2.7118,2.7568,2.7881,2.8325,2.8555,2.9009,2.9285,2.9539,2.982,3.0161000000000002,3.0525,3.0812,3.1005000000000003,3.1289000000000002,3.1492,3.1839,3.2077,3.2437,3.2651000000000003,3.2854,3.317,3.3324000000000003,3.3614,3.4007,3.4253,3.4606000000000003,3.4842,3.5117000000000003,3.5406,3.5667,3.5937,3.6152,3.6403000000000003,3.6696,3.6925000000000003,3.7147,3.7339,3.7601,3.7907,3.8045,3.8292,3.8524000000000003,3.8894,3.9156,3.9414000000000002,3.9764000000000004,4.0053,4.0200000000000005,4.0339,4.0789,4.1104,4.1521,4.1822,4.212000000000001,4.2539,4.2747,4.2842,4.3132,4.339,4.3665,4.4013,4.433800000000001,4.4832,4.5221,4.5677,4.6075,4.6382,4.6628,4.695,4.731,4.7664,4.799300000000001,4.8341,4.8567,4.8735,4.9347,4.9693000000000005,4.9935
90229:0.5801000000000001,0.9964000000000001,1.3872,1.985,2.1715,2.3125,2.4421,2.5308,3.2277,3.595,3.8479
90242:0.0261,0.0577,0.0776,0.11030000000000001,0.1434,0.1758,0.2,0.21930000000000002,0.2479,0.2736,0.2993,0.33190000000000003,0.3633,0.38530000000000003,0.4093,0.437,0.46380000000000005,0.4862,0.5138,0.5417000000000001,0.5774,0.6215,0.6493,0.6844,0.7135,0.747,0.7924,0.8257,0.8437,0.8624,0.8904000000000001,0.9226000000000001,0.9524,0.9832000000000001,1.0137,1.0341,1.0646,1.0893000000000002,1.1124,1.1348,1.1667,1.1880000000000002,1.2232,1.2522,1.2772000000000001,1.3122,1.3327,1.353,1.3742,1.4033,1.4187,1.4429,1.4785000000000001,1.5004000000000002,1.5274,1.5477,1.5858,1.6104,1.6400000000000001,1.6606,1.6969,1.718,1.7451,1.7694,1.7917,1.8256000000000001,1.8593000000000002,1.9254,1.9420000000000002,1.9641000000000002,1.9991,2.0252,2.0595,2.0991,2.1305,2.1579,2.2117,2.2492,2.2875,2.3175,2.3433,2.3600000000000003,2.3792,2.4149000000000003,2.4494000000000002,2.466,2.4963,2.5246,2.552,2.5736000000000003,2.6046,2.6266000000000003,2.6659,2.6995,2.726,2.7581,2.7845,2.8212,2.8493,2.8673,2.8982,2.924,2.9531,2.9745,3.0043,3.0314,3.0815,3.1022000000000003,3.1378000000000004,3.16,3.1896,3.2138,3.2442,3.2635,3.2875,3.3166,3.3437,3.3746,3.4016,3.4160000000000004,3.4389000000000003,3.4689,3.4999000000000002,3.5253,3.5435000000000003,3.5684,3.5904000000000003,3.612,3.6386000000000003,3.6735,3.692,3.7174,3.7338,3.7584,3.7876000000000003,3.8031,3.829,3.8508,3.8746,3.8983000000000003,3.9197,3.9384,3.9743000000000004,4.0172,4.0523,4.0766,4.105,4.128,4.1557,4.1813,4.2078,4.2361,4.2645,4.2801,4.3129,4.3403,4.3802,4.4023,4.4337,4.4815000000000005,4.5084,4.5345,4.5678,4.6052,4.6319,4.661300000000001,4.682300000000001,4.703600000000001,4.7327,4.750900000000001,4.7739,4.8091,4.8348,4.854900000000001,4.875900000000001,4.905600000000001,4.9452,4.9732,4.998600000000001
90602:0.131,0.3523,0.47050000000000003,0.5722,0.6738000000000001,0.9331,0.9948,1.2299,1.3860000000000001,1.7262000000000002,2.1231,2.4375,2.5216000000000003,2.7501,2.9412000000000003,3.1893000000000002,3.2723,3.4219000000000004,3.5886,3.7694,3.847,3.9488000000000003,4.0353,4.152,4.2625,4.6478,4.7164
90678:0.5843,3.7756000000000003
90729:0.0862,0.1897,0.2666,0.3765,0.4726,0.7263000000000001,1.0392000000000001,1.1804000000000001,1.2352,1.3407,1.9211,2.0156,2.1059,2.259,2.3518000000000003,2.4183,2.533,2.6281000000000003,2.6857,2.7689,2.8768000000000002,2.9309000000000003,3.1573,3.2910000000000004,3.3516000000000004,3.4117,3.6808,3.9403,4.1594,4.2033000000000005,4.371300000000001,4.6314,4.8807,4.9668
92104:0.037000000000000005,0.08220000000000001,0.1216,0.16140000000000002,0.193,0.22210000000000002,0.26530000000000004,0.2943,0.3383,0.37610000000000005,0.4666,0.5414,0.5839,0.6214000000000001,0.6751,0.7234,0.8662000000000001,0.9195000000000001,0.9746,0.9981000000000001,1.0392000000000001,1.0967,1.1273,1.1794,1.2279,1.2964,1.339,1.3737000000000001,1.3983,1.4286,1.463,1.4949000000000001,1.5239,1.5489000000000002,1.5996000000000001,1.6516000000000002,1.7132,1.7611,1.8026,1.832,1.8987,1.9340000000000002,1.9538000000000002,2.0017,2.0265,2.1064000000000003,2.1469,2.1948000000000003,2.2203,2.2597,2.3013,2.3509,2.3899,2.4250000000000003,2.4538,2.5291,2.5731,2.5998,2.6286,2.6766,2.7558000000000002,2.8314,2.8711,2.922,2.9657,3.0644,3.0877000000000003,3.1522,3.2384,3.2865,3.3389,3.3939000000000004,3.415,3.4707000000000003,3.5496000000000003,3.5805000000000002,3.6793,3.7683,3.8086,3.8774,3.9416,4.0162,4.0838,4.101500000000001,4.1509,4.1719,4.1997,4.2401,4.2685,4.3387,4.4093,4.457800000000001,4.5597,4.6267000000000005,4.6846000000000005,4.7144,4.7515,4.838,4.8731,4.9211,4.959700000000001
92227:0.048100000000000004,0.0966,0.1636,0.2059,0.24650000000000002,0.3083,0.3604,0.4098,0.5186000000000001,0.5695,0.6344000000000001,0.6681,0.6983,0.7324,0.7845000000000001,0.8307,0.8682000000000001,0.908,0.9837,1.0351000000000001,1.1014000000000002,1.1716,1.2217,1.2764,1.3304,1.3960000000000001,1.4699,1.5210000000000001,1.5688,1.6591,1.7028,1.7590000000000001,1.8177,1.8696000000000002,1.9112,1.9531,1.9911,2.0584000000000002,2.1409000000000002,2.1787,2.2094,2.2512000000000003,2.3352,2.3982,2.4398,2.5131,2.5567,2.6063,2.6637,2.7007000000000003,2.7675,2.8085,2.8637,2.9084000000000003,2.9489,3.0064,3.049,3.0869,3.1425,3.1901,3.237,3.2818,3.3212,3.3582,3.4069000000000003,3.4424,3.4890000000000003,3.5611,3.6089,3.6603000000000003,3.7025,3.7563,3.8175000000000003,3.8491,3.8953,3.935,3.9770000000000003,4.0281,4.1314,4.162,4.216200000000001,4.2563,4.296600000000001,4.3367,4.3784,4.4196,4.458600000000001,4.510400000000001,4.568700000000001,4.6229000000000005,4.6951,4.7247,4.8028,4.8617,4.9331000000000005
92589:0.34940000000000004,1.5014,3.1710000000000003
92625:0.017,0.038900000000000004,0.0536,0.0666,0.0867,0.1068,0.12100000000000001,0.1405,0.1593,0.1784,0.1958,0.2175,0.23750000000000002,0.2541,0.26980000000000004,0.2909,0.3069,0.3256,0.34640000000000004,0.36050000000000004,0.37570000000000003,0.39540000000000003,0.4153,0.4334,0.4546,0.4727,0.4943,0.5129,0.5299,0.5499,0.5659000000000001,0.5914,0.6109,0.6322,0.6461,0.6621,0.6824,0.6971,0.7123,0.7312000000000001,0.7522000000000001,0.7663000000000001,0.7839,0.8058000000000001,0.8239000000000001,0.8427,0.8587,0.8772000000000001,0.8934000000000001,0.9071,0.9322,0.9557,0.9748,0.9939,1.0170000000000001,1.0333,1.0487,1.0652000000000001,1.0874000000000001,1.1014000000000002,1.1156000000000001,1.135,1.1499000000000001,1.1655,1.1869,1.2026000000000001,1.221,1.2374,1.2575,1.2736,1.2906,1.3149,1.3327,1.3464,1.3648,1.3861,1.4013,1.4215,1.4373,1.4548,1.4698,1.4879,1.5051,1.522,1.5437,1.5613000000000001,1.5794000000000001,1.6005,1.6219000000000001,1.6345,1.6509,1.6701000000000001,1.6864000000000001,1.7020000000000002,1.7192,1.7354,1.7549000000000001,1.7747000000000002,1.7929000000000002,1.8117,1.8332000000000002,1.8490000000000002,1.8663,1.8828,1.899,1.9187,1.9345,1.9537,1.9668,1.9818,1.9959,2.0140000000000002,2.0315000000000003,2.0488,2.0685000000000002,2.0825,2.1006,2.1214,2.1406,2.1625,2.1790000000000003,2.1922,2.2079,2.2358000000000002,2.2576,2.2804,2.2927,2.3161,2.3335,2.3522000000000003,2.3729,2.3922000000000003,2.4123,2.4290000000000003,2.4453,2.4672,2.4848,2.5005,2.5186,2.5334000000000003,2.5493,2.572,2.5900000000000003,2.6029,2.6221,2.6380000000000003,2.6551,2.6750000000000003,2.6918,2.7065,2.7267,2.7383,2.7542,2.7717,2.7878000000000003,2.8036000000000003,2.8205,2.8379000000000003,2.8582,2.8795,2.8987000000000003,2.9172000000000002,2.9299,2.9432,2.9579,2.9726000000000004,2.9928000000000003,3.0072,3.0314,3.0497,3.0677000000000003,3.0846,3.1035000000000004,3.1264000000000003,3.1456,3.1611000000000002,3.1822000000000004,3.1976,3.2111,3.2282,3.2417000000000002,3.2629,3.281,3.3052,3.3176,3.3373000000000004,3.3529,3.3698,3.3826,3.399,3.4121,3.4283,3.4434,3.4592,3.4828,3.4992,3.5176000000000003,3.5386,3.5531,3.5706,3.5852000000000004,3.6033000000000004,3.6233,3.6367000000000003,3.6540000000000004,3.6698000000000004,3.6896,3.7062000000000004,3.7292,3.7512000000000003,3.7657000000000003,3.7831,3.7989,3.8138,3.8314000000000004,3.8480000000000003,3.8689,3.8821000000000003,3.9005,3.9154,3.9311000000000003,3.9478,3.963,3.979,3.9919000000000002,4.0142,4.0351,4.053,4.0757,4.0959,4.1131,4.131,4.1472,4.162,4.1822,4.2016,4.214700000000001,4.2301,4.25,4.2639000000000005,4.2784,4.2944,4.3141,4.3308,4.3491,4.367500000000001,4.3819,4.4026000000000005,4.4148000000000005,4.4351,4.450200000000001,4.4671,4.4881,4.5018,4.5175,4.5379000000000005,4.5577000000000005,4.5777,4.6002,4.617100000000001,4.6337,4.6529,4.6708,4.6882,4.7004,4.7149,4.7330000000000005,4.7466,4.7638,4.7841000000000005,4.8051,4.8208,4.8367,4.8556,4.8726,4.8922,4.9135,4.9354000000000005,4.9506000000000006,4.9674000000000005,4.9844
92649:0.0373,0.06770000000000001,0.0881,0.1258,0.1468,0.1655,0.2013,0.2255,0.249,0.2999,0.3191,0.34240000000000004,0.36060000000000003,0.3975,0.4369,0.46790000000000004,0.5242,0.5532,0.5957,0.6345000000000001,0.6589,0.676,0.6966,0.74,0.7813,0.8122,0.8564,0.9238000000000001,0.9663,0.9826,1.0268000000000002,1.0431000000000001,1.0822,1.1123,1.1463,1.1661000000000001,1.2162,1.2658,1.3226,1.3488,1.3702,1.4175,1.4662000000000002,1.4864000000000002,1.5101,1.5381,1.5610000000000002,1.5919,1.6408,1.6894,1.7331,1.7488000000000001,1.7624000000000002,1.7928000000000002,1.8306,1.8479,1.887,1.9108,1.9473,1.9711,1.9882000000000002,2.0346,2.076,2.1002,2.1235,2.1393,2.1614,2.1945,2.2388,2.2524,2.2709,2.3320000000000003,2.3579000000000003,2.3926000000000003,2.4508,2.5126,2.5540000000000003,2.5939,2.612,2.6489000000000003,2.6908000000000003,2.7479,2.8109,2.8305000000000002,2.8494,2.9014,2.9339,2.9724,2.9902,3.0145,3.067,3.0956,3.1258000000000004,3.1445000000000003,3.1705,3.2003000000000004,3.2520000000000002,3.2712000000000003,3.2962000000000002,3.3265000000000002,3.3761,3.4186,3.4559,3.499,3.5488,3.5894000000000004,3.609,3.664,3.7023,3.7322,3.7754000000000003,3.8026,3.8333000000000004,3.851,3.8839,3.9119,3.9468,3.9771,4.0191,4.0382,4.0749,4.0948,4.1368,4.1709000000000005,4.1878,4.2274,4.2706,4.293200000000001,4.3224,4.353400000000001,4.3894,4.4183,4.448,4.4968,4.5519,4.570600000000001,4.6082,4.6574,4.691,4.728000000000001,4.7592,4.7949,4.8331,4.8579,4.9248,4.964700000000001,4.9878
92673:0.2617,0.3633,0.5709000000000001,0.6557000000000001,0.7325,0.9072,1.0070000000000001,1.1629,1.2477,1.3937000000000002,1.764,1.8915000000000002,1.9888000000000001,2.061,2.1916,2.2976,2.4258,2.5308,2.5855,2.6914000000000002,2.7622,2.9349000000000003,3.0048000000000004,3.2068000000000003,3.3581000000000003,3.4213,3.5624000000000002,3.7698,3.8402000000000003,3.9301000000000004,3.9945000000000004,4.1401,4.2235000000000005,4.2818000000000005,4.5091,4.7373,4.8636
92992:0.0477,0.0712,0.33440000000000003,1.0191000000000001,1.0267,1.3514000000000002,1.5929,1.6941000000000002,1.7586000000000002,1.8296000000000001,1.8986,1.9077000000000002,2.1223,2.3233,2.3907000000000003,2.5569,2.592,2.8534,2.8794,3.4513000000000003,3.4591000000000003,3.692,3.7004,3.8138,3.8723,4.107,4.3420000000000005,4.3499,4.7506
92995:0.0284,0.038,0.19260000000000002,0.3093,0.49050000000000005,0.5667,0.7359,0.8247,1.0033,1.0569,1.1223,1.2099,1.3338,1.4123,1.4842,1.5776000000000001,1.7478,1.8157,1.8792,1.9807000000000001,2.1702,2.2934,2.3101000000000003,2.3782,2.4462,2.5322,2.5765000000000002,2.7701000000000002,2.8632,2.8840000000000003,3.0685000000000002,3.3153,3.3859000000000004,3.4347000000000003,3.5121,3.6142000000000003,3.6783,3.9485,3.9567,4.0878000000000005,4.0975,4.1572000000000005,4.3234,4.4743,4.558,4.7397,4.9087000000000005,4.9831
93131:2.775
93132:0.0217,0.07300000000000001,0.11040000000000001,0.1383,0.1718,0.19890000000000002,0.2131,0.2591,0.2788,0.3234,0.3598,0.39490000000000003,0.4204,0.4561,0.47350000000000003,0.5116,0.5738,0.6006,0.6237,0.6622,0.7092,0.7607,0.7877000000000001,0.8188000000000001,0.8457,0.8591000000000001,0.9124,0.9475,0.9811000000000001,1.0211000000000001,1.0376,1.0795000000000001,1.1134,1.1362,1.1694,1.2205000000000001,1.2529000000000001,1.316,1.3291000000000002,1.3643,1.3851,1.4202000000000001,1.4752,1.4945000000000002,1.5243,1.5812000000000002,1.6227,1.6521000000000001,1.7039000000000002,1.732,1.7484000000000002,1.7684000000000002,1.7925,1.8392000000000002,1.8636000000000001,1.9098000000000002,1.9409,1.9707000000000001,1.9962000000000002,2.0176000000000003,2.0568,2.1039,2.1332,2.1658,2.1955,2.2176,2.267,2.3312,2.3478000000000003,2.3927,2.4181,2.4524,2.4848,2.5143,2.5592,2.5932,2.6123000000000003,2.6643000000000003,2.6959,2.7538,2.7868,2.8141000000000003,2.8514,2.8708,2.9029000000000003,2.9538,2.9897,3.0139,3.0688,3.1404,3.1603000000000003,3.1872000000000003,3.2607000000000004,3.2811000000000003,3.3056,3.3259000000000003,3.3507000000000002,3.3754,3.4224,3.4432,3.4852000000000003,3.5131,3.5415,3.5822000000000003,3.6077000000000004,3.6633,3.7142000000000004,3.7484,3.79,3.8267,3.8497000000000003,3.8835,3.9133,3.9335,3.9758,4.0106,4.0636,4.083600000000001,4.1239,4.149900000000001,4.1863,4.2178,4.2593000000000005,4.2742,4.3104000000000005,4.3552,4.389600000000001,4.4144000000000005,4.4448,4.4655000000000005,4.5262,4.5842,4.611400000000001,4.659400000000001,4.679600000000001,4.6974,4.7274,4.7664,4.8077000000000005,4.8293,4.8648,4.9055,4.9652,4.990600000000001
93427:0.0325,0.0659,0.0833,0.1149,0.1371,0.1633,0.18860000000000002,0.2071,0.22940000000000002,0.25570000000000004,0.27940000000000004,0.2988,0.3274,0.3483,0.36710000000000004,0.3881,0.41050000000000003,0.4471,0.46940000000000004,0.5059,0.5356000000000001,0.5568000000000001,0.6004,0.6339,0.6561,0.6829000000000001,0.7128,0.7411,0.7627,0.7859,0.8299000000000001,0.8554,0.8989,0.9239,0.9556,0.9782000000000001,1.0097,1.0294,1.0461,1.0727,1.1065,1.1341,1.1625,1.1760000000000002,1.2072,1.2272,1.2604,1.3069000000000002,1.3263,1.3476000000000001,1.3703,1.3963,1.4163000000000001,1.4638,1.4836,1.5062,1.5265,1.5452000000000001,1.5724,1.5937000000000001,1.6147,1.6392,1.6626,1.6898000000000002,1.7147000000000001,1.7386000000000001,1.7608000000000001,1.7906000000000002,1.8147,1.8448,1.8765,1.9047,1.9302000000000001,1.9525000000000001,1.9780000000000002,2.0122,2.0427,2.0698000000000003,2.1035,2.1331,2.1564,2.1734,2.2083,2.2426,2.2626,2.3048,2.3343000000000003,2.355,2.3825000000000003,2.4145000000000003,2.4514,2.4752,2.4992,2.5244,2.5508,2.5731,2.6005000000000003,2.6219,2.658,2.688,2.7261,2.7579000000000002,2.8096,2.8378,2.8547000000000002,2.8723,2.9018,2.9266,2.9557,2.9871000000000003,3.0128,3.0524,3.0763000000000003,3.1043000000000003,3.1391,3.1614,3.1849000000000003,3.2088,3.2368,3.2548000000000004,3.2708000000000004,3.2932,3.3128,3.3304,3.3664,3.4032,3.4233000000000002,3.4449,3.4711000000000003,3.5003,3.5264,3.5529,3.5785,3.5964,3.6103,3.6536,3.6804,3.705,3.7304000000000004,3.7579000000000002,3.7815000000000003,3.8008,3.8243,3.8444000000000003,3.8645,3.8866,3.9036000000000004,3.9275,3.9686000000000003,4.0046,4.0251,4.053,4.075,4.0998,4.1303,4.152,4.1787,4.2012,4.2222,4.2538,4.2731,4.299300000000001,4.3223,4.3514,4.3752,4.4015,4.4305,4.4673,4.496300000000001,4.5393,4.5591,4.6039,4.6290000000000004,4.656000000000001,4.6817,4.7006000000000006,4.7275,4.7494000000000005,4.7677000000000005,4.7946,4.8251,4.8503,4.8756,4.9013,4.9325,4.9612,4.9881
93447:0.0044,0.0181,0.028,0.035500000000000004,0.046900000000000004,0.0582,0.058800000000000005,0.0597,0.07,0.0702,0.07930000000000001,0.07970000000000001,0.08370000000000001,0.09240000000000001,0.0979,0.09870000000000001,0.1018,0.1061,0.108,0.11460000000000001,0.1241,0.1301,0.13670000000000002,0.15940000000000001,0.16190000000000002,0.1647,0.1713,0.19460000000000002,0.20350000000000001,0.2081,0.22560000000000002,0.2273,0.23470000000000002,0.2366,0.24830000000000002,0.2555,0.25720000000000004,0.26,0.2679,0.2806,0.28700000000000003,0.2897,0.2978,0.30610000000000004,0.3125,0.32220000000000004,0.3305,0.33130000000000004,0.34540000000000004,0.3608,0.3669,0.3715,0.379,0.385,0.3902,0.4142,0.4208,0.4234,0.4283,0.43620000000000003,0.44260000000000005,0.44530000000000003,0.46590000000000004,0.47190000000000004,0.47400000000000003,0.4923,0.5006,0.5025000000000001,0.5117,0.5225000000000001,0.5229,0.5361,0.5448000000000001,0.551,0.5575,0.5596,0.5639000000000001,0.5727,0.5791000000000001,0.5866,0.6081,0.6127,0.615,0.6404000000000001,0.6462,0.65,0.6577000000000001,0.6597000000000001,0.6601,0.6801,0.6808000000000001,0.6834,0.6865,0.6936,0.7015,0.7113,0.7149,0.7175,0.7273000000000001,0.7331000000000001,0.7383000000000001,0.7432000000000001,0.7485,0.7787000000000001,0.7795000000000001,0.7888000000000001,0.7934,0.7994,0.8026000000000001,0.8051,0.8067000000000001,0.811,0.8267,0.8319000000000001,0.8348,0.8371000000000001,0.8519,0.8540000000000001,0.8669,0.887,0.9041,0.914,0.9185000000000001,0.9457000000000001,0.9475,0.9629000000000001,0.9687,0.9761000000000001,0.9767,0.9810000000000001,0.9907,0.991,0.9954000000000001,0.9992000000000001,1.0027000000000001,1.0035,1.0149000000000001,1.0204,1.0310000000000001,1.0343,1.0401,1.0495,1.0529,1.0607,1.0675000000000001,1.0691000000000002,1.0712000000000002,1.0891,1.0906,1.0914000000000001,1.0917000000000001,1.105,1.1094000000000002,1.1099,1.1127,1.1191,1.121,1.1306,1.1441000000000001,1.1547,1.1606,1.1613,1.1627,1.1645,1.165,1.1802000000000001,1.1827,1.1895,1.1926,1.2097,1.2218,1.2473,1.2515,1.2565,1.2596,1.2654,1.2742,1.2793,1.2866,1.2885,1.2901,1.2907,1.2914,1.2990000000000002,1.3149,1.3184,1.3348,1.342,1.3506,1.3566,1.3664,1.3748,1.3751,1.3784,1.385,1.3862,1.3937000000000002,1.3971,1.3986,1.4076,1.4099000000000002,1.4169,1.4255,1.4307,1.4313,1.4409,1.4460000000000002,1.4469,1.4555,1.4584000000000001,1.4612,1.465,1.4677,1.4728,1.4741,1.4759,1.4799,1.4825000000000002,1.4848000000000001,1.4948000000000001,1.5021,1.5027000000000001,1.5048000000000001,1.5078,1.5147000000000002,1.5161,1.5425,1.5731000000000002,1.576,1.5810000000000002,1.592,1.5972000000000002,1.5975000000000001,1.6012000000000002,1.6072000000000002,1.608,1.6097000000000001,1.616,1.6289,1.6337000000000002,1.6347,1.6379000000000001,1.6395000000000002,1.6529,1.6539000000000001,1.6547,1.6568,1.6580000000000001,1.6582000000000001,1.6735,1.6800000000000002,1.6843000000000001,1.7056,1.7072,1.7077,1.7125000000000001,1.7163000000000002,1.726,1.7299,1.7356,1.7381,1.7501,1.7519,1.754,1.7607000000000002,1.7636,1.7713,1.7762,1.786,1.7995,1.8041,1.8113000000000001,1.8126,1.8135000000000001,1.814,1.8157,1.816,1.8166,1.8177,1.8201,1.8233000000000001,1.8277,1.8346,1.8541,1.8577000000000001,1.8607,1.8667,1.8707,1.8711,1.8804,1.8851,1.8978000000000002,1.8989,1.9096000000000002,1.9172,1.9397000000000002,1.9402000000000001,1.9471,1.9486,1.9574,1.9618,1.9629,1.9756,1.9821000000000002,1.9916,2.0002,2.0057,2.0066,2.0122,2.0132,2.0156,2.0198,2.0229,2.0257,2.0307,2.0359000000000003,2.0474,2.0478,2.0541,2.0609,2.0700000000000003,2.0731,2.0756,2.076,2.0773,2.0801000000000003,2.0821,2.0863,2.109,2.1137,2.1497,2.1512000000000002,2.1527000000000003,2.1624000000000003,2.1854,2.1891000000000003,2.1979,2.1999,2.2043,2.2092,2.2123,2.216,2.2205,2.2227,2.2324,2.2354000000000003,2.2418,2.2461,2.2536,2.2600000000000002,2.2638000000000003,2.2675,2.2694,2.2717,2.2739000000000003,2.2745,2.2861000000000002,2.3001,2.3033,2.3043,2.3147,2.3165,2.3232,2.3288,2.3401,2.3436,2.3523,2.3587000000000002,2.3825000000000003,2.3832,2.3962000000000003,2.403,2.4044000000000003,2.4099,2.4311000000000003,2.4344,2.4392,2.4541,2.4659,2.4698,2.4883,2.4937,2.4988,2.5122,2.5159000000000002,2.5185,2.5191000000000003,2.5216000000000003,2.5257,2.5333,2.5341,2.5385,2.5420000000000003,2.5433000000000003,2.5456000000000003,2.5549,2.5598,2.5614000000000003,2.563,2.5642,2.5645000000000002,2.5660000000000003,2.5741,2.5796,2.5816000000000003,2.5819,2.5867,2.5957000000000003,2.5963000000000003,2.5987,2.6003000000000003,2.6024000000000003,2.612,2.6131,2.6379,2.6461,2.6516,2.6547,2.6612,2.6752000000000002,2.6873,2.693,2.7045000000000003,2.7189,2.7302,2.734,2.7431,2.7433,2.7486,2.7670000000000003,2.7673,2.7711,2.7801,2.7854,2.7872000000000003,2.8189,2.8308,2.8347,2.843,2.8441,2.8534,2.8858,2.8911000000000002,2.9077,2.915,2.9174,2.9214,2.9408000000000003,2.9487,2.959,2.9604,2.9650000000000003,2.9812000000000003,2.9948,3.0035000000000003,3.0112,3.0189000000000004,3.0232,3.027,3.0299,3.0333,3.0402,3.041,3.0427,3.0434,3.0500000000000003,3.0534000000000003,3.0976000000000004,3.1088,3.1215,3.1284,3.1309,3.1326,3.1434,3.1493,3.1569000000000003,3.1643000000000003,3.1668000000000003,3.1685000000000003,3.1754000000000002,3.1787,3.1848,3.1857,3.1886,3.2019,3.2123,3.2148000000000003,3.2446,3.2502,3.2548000000000004,3.2550000000000003,3.2663,3.2857000000000003,3.2948,3.3001,3.3004000000000002,3.3048,3.3063000000000002,3.3066,3.3083,3.3211,3.3216,3.3238000000000003,3.325,3.3265000000000002,3.3297000000000003,3.3354000000000004,3.337,3.3379000000000003,3.3388,3.3632,3.3686000000000003,3.3924000000000003,3.3929,3.3934,3.4081,3.415,3.4156,3.4223000000000003,3.4276,3.4381000000000004,3.4498,3.4524000000000004,3.462,3.4999000000000002,3.5010000000000003,3.5049,3.5122,3.5134000000000003,3.5183,3.5197000000000003,3.5219,3.5239000000000003,3.5323,3.5427,3.5445,3.5573,3.5692000000000004,3.5749,3.5767,3.5771,3.5844,3.5860000000000003,3.5902000000000003,3.5922,3.5924,3.6084,3.6146000000000003,3.6151,3.6222000000000003,3.6246,3.6409000000000002,3.6421,3.6538000000000004,3.6629,3.6799000000000004,3.6906000000000003,3.7029,3.7032000000000003,3.7079,3.714,3.7177000000000002,3.7281,3.7310000000000003,3.7373000000000003,3.7454,3.7464000000000004,3.7542,3.7638000000000003,3.7676000000000003,3.7746000000000004,3.7768,3.7782,3.7841,3.7903000000000002,3.7927,3.7949,3.7960000000000003,3.8146,3.8160000000000003,3.8229,3.8344,3.8362000000000003,3.8599,3.8886000000000003,3.8909000000000002,3.8916000000000004,3.8960000000000004,3.9067000000000003,3.9200000000000004,3.9249,3.9553000000000003,3.9578,3.9584,3.9642000000000004,3.971,3.9722000000000004,3.9762000000000004,3.979,3.9846000000000004,3.9896000000000003,3.9915000000000003,4.0048,4.0137,4.0187,4.0392,4.0406,4.051,4.0591,4.0667,4.0722000000000005,4.0754,4.089700000000001,4.1043,4.1065000000000005,4.1081,4.1083,4.111800000000001,4.1135,4.114,4.1143,4.154,4.172000000000001,4.1807,4.192200000000001,4.1944,4.1975,4.2122,4.2183,4.2203,4.226100000000001,4.2417,4.2433000000000005,4.2501,4.2609,4.2689,4.2705,4.2723,4.2758,4.2882,4.2994,4.303,4.3161000000000005,4.3175,4.325200000000001,4.3281,4.3329,4.3413,4.3424000000000005,4.3434,4.3734,4.3809000000000005,4.3916,4.3929,4.409400000000001,4.419700000000001,4.4276,4.4289000000000005,4.4329,4.4465,4.448,4.4735000000000005,4.4748,4.4817,4.486000000000001,4.519,4.5328,4.5417000000000005,4.545,4.5658,4.5696,4.5743,4.5848,4.5861,4.5877,4.5947000000000005,4.5994,4.6043,4.607600000000001,4.61,4.6108,4.6235,4.6237,4.6246,4.6402,4.7037,4.7115,4.7131,4.7133,4.7170000000000005,4.7205,4.7212000000000005,4.734500000000001,4.7351,4.7382,4.7572,4.7734000000000005,4.7876,4.7892,4.792800000000001,4.7954,4.799,4.8006,4.807,4.8151,4.816800000000001,4.8348,4.8352,4.839300000000001,4.8478,4.8541,4.8697,4.8769,4.8822,4.8842,4.8869,4.8948,4.8973,4.9126,4.915,4.9301,4.9316,4.9434000000000005,4.9617,4.9626,4.9823,4.9874,4.9939,4.994800000000001,4.9996
93492:0.47750000000000004,0.5817,0.9416,1.234,1.3926,1.7334,2.1294,2.4424,3.2804,3.4250000000000003,3.5976000000000004,3.9559,4.7203
93663:0.09770000000000001,0.19870000000000002,0.26730000000000004,0.2836,0.35100000000000003,0.6569,0.7283000000000001,0.8104,0.8745,0.999,1.0522,1.1047,1.1915,1.2431,1.3052000000000001,1.4984000000000002,1.5503,1.7224000000000002,1.9324000000000001,1.9737,2.1133,2.1429,2.2152000000000003,2.2727,2.3702,2.4221,2.5603000000000002,2.5820000000000003,2.6395,2.697,2.7758000000000003,2.8426,2.9396,3.0859,3.3548,3.4227000000000003,3.4822,3.5868,3.7589,3.9179000000000004,4.0298,4.1896,4.2408,4.3827,4.5946,4.7127,4.7636,4.8722,4.8954,4.9626,4.9843
93674:0.0925,0.2717,0.8699,0.9948,1.0487,1.1013,1.1875,1.2387000000000001,1.4156,1.5453000000000001,1.7186000000000001,1.9303000000000001,1.9719,2.0206,2.1307,2.2124,2.2688,2.3640000000000003,2.4442,2.531,2.5697,2.6923,2.7725,2.8391,2.9345000000000003,3.0827,3.3505000000000003,3.4197,3.479,3.5839000000000003,4.1687,4.238700000000001,4.7584,4.883500000000001,4.9749
93733:0.0358,0.1092,0.14980000000000002,0.2097,0.2589,0.29150000000000004,0.3337,0.3689,0.4526,0.505,0.5272,0.5693,0.6013000000000001,0.6372,0.7272000000000001,0.7562,0.7716000000000001,0.8105,0.9001,0.9193,0.9650000000000001,0.9820000000000001,1.0332000000000001,1.0564,1.1133,1.1471,1.2304000000000002,1.2441,1.2656,1.3215000000000001,1.4011,1.4244,1.4593,1.5179,1.5507,1.6156000000000001,1.7182000000000002,1.7506000000000002,1.7809000000000001,1.8124,1.8721,1.9207,1.9702000000000002,2.0489,2.0743,2.1042,2.1698,2.1814,2.2562,2.2973,2.3522000000000003,2.3829000000000002,2.5163,2.5753,2.5944000000000003,2.6062000000000003,2.6319,2.6998,2.7416,2.7907,2.9041,2.9246000000000003,2.9483,2.9772000000000003,3.0331,3.0571,3.1248,3.1502000000000003,3.2048,3.2231,3.2694,3.3028,3.3487,3.4851,3.5072,3.5278,3.5714,3.6112,3.6792000000000002,3.7192000000000003,3.7504000000000004,3.7960000000000003,3.8269,3.9029000000000003,3.9623000000000004,3.9996,4.167,4.2152,4.2683,4.3002,4.3242,4.4186000000000005,4.4708000000000006,4.554,4.6195,4.7603,4.7904,4.8224,4.8421,4.8843000000000005,4.9183,4.9717
93983:0.0219,0.1777,0.3003,0.47350000000000003,0.5642,0.7172000000000001,0.8192,0.9147000000000001,0.9919,1.0412000000000001,1.1081,1.1874,1.2915,1.328,1.3986,1.4713,1.5638,1.7115,1.7364000000000002,1.8043,1.8733000000000002,1.9747000000000001,2.1636,2.249,2.2999,2.3649,2.4351000000000003,2.5145,2.5664000000000002,2.6581,2.7647,2.8551,2.9576000000000002,3.0551,3.2153,3.2774,3.3699000000000003,3.4252000000000002,3.4977,3.5874,3.6672000000000002,3.7913,3.9015,3.9440000000000004,4.081300000000001,4.140000000000001,4.149,4.3177,4.4202,4.4693000000000005,4.5496,4.6917,4.7296000000000005,4.9066,4.974200000000001
94420:0.0218,0.0349,0.058,0.0742,0.08750000000000001,0.10790000000000001,0.1211,0.1426,0.1598,0.1844,0.2096,0.2228,0.24750000000000003,0.2574,0.2702,0.2811,0.2962,0.3181,0.34190000000000004,0.3638,0.38470000000000004,0.39980000000000004,0.4158,0.4359,0.45580000000000004,0.46530000000000005,0.49560000000000004,0.5113,0.5284,0.5477000000000001,0.5618000000000001,0.5771000000000001,0.5974,0.6168,0.6322,0.6423,0.6591,0.6742,0.6949000000000001,0.7114,0.7241000000000001,0.7427,0.7564000000000001,0.7671,0.7887000000000001,0.7988000000000001,0.8309000000000001,0.8400000000000001,0.8558,0.8671000000000001,0.8744000000000001,0.8962,0.9082,0.9272,0.9486,0.9649000000000001,0.9812000000000001,0.9943000000000001,1.0161,1.0302,1.0407,1.0596,1.0793000000000001,1.0912,1.1054000000000002,1.1159000000000001,1.1281,1.1422,1.1613,1.1751,1.1936,1.2153,1.2271,1.2395,1.2584,1.2744,1.2841,1.3194000000000001,1.3294000000000001,1.3492,1.3614000000000002,1.372,1.3895,1.4061000000000001,1.4229,1.4386,1.4606000000000001,1.4817,1.4983,1.5097,1.5250000000000001,1.5387000000000002,1.5476,1.5631000000000002,1.5818,1.5924,1.6055000000000001,1.6202,1.6405,1.6736,1.6861000000000002,1.7016,1.7238,1.7345000000000002,1.7471,1.7617,1.7812000000000001,1.7995,1.8107,1.8341,1.8505,1.8647,1.8915000000000002,1.9105,1.9342000000000001,1.9475,1.9589,1.9908000000000001,2.0095,2.0473,2.0591,2.0740000000000003,2.0925000000000002,2.1172,2.1293,2.1403000000000003,2.1626000000000003,2.1755,2.1891000000000003,2.2058,2.222,2.2394000000000003,2.2504,2.2676000000000003,2.2887,2.3054,2.317,2.3359,2.3457,2.3573,2.3743000000000003,2.3913,2.4130000000000003,2.4254000000000002,2.4434,2.4535,2.4707000000000003,2.4884,2.512,2.5278,2.5472,2.5565,2.5737,2.5888,2.6074,2.6191,2.6307,2.6552000000000002,2.6652,2.6868000000000003,2.701,2.7209000000000003,2.7479,2.7585,2.7668,2.7826,2.8098,2.8275,2.8496,2.8641,2.8724000000000003,2.8981000000000003,2.9177,2.9338,2.9559,2.9843,3.0017,3.0156,3.0451,3.0694000000000004,3.0815,3.0929,3.1069,3.1211,3.1425,3.1537,3.1756,3.1907,3.2005000000000003,3.2173000000000003,3.2282,3.2432000000000003,3.2607000000000004,3.2722,3.2832000000000003,3.2967,3.3144,3.329,3.3463000000000003,3.3669000000000002,3.3803,3.4010000000000002,3.4191000000000003,3.4386,3.4565,3.4696000000000002,3.4794,3.5013,3.523,3.5384,3.5500000000000003,3.5619,3.5763000000000003,3.5912,3.6035000000000004,3.6107,3.6226000000000003,3.6437000000000004,3.6651000000000002,3.676,3.6898,3.704,3.7291000000000003,3.7372,3.7482,3.7775000000000003,3.7935000000000003,3.8072000000000004,3.8321,3.8449,3.8600000000000003,3.8763,3.8934,3.902,3.9207,3.9317,3.9589000000000003,3.9719,3.9856000000000003,4.0057,4.0285,4.0411,4.056,4.0718000000000005,4.0884,4.1047,4.1184,4.1378,4.1521,4.1705000000000005,4.1881,4.205,4.2191,4.2329,4.2451,4.2593000000000005,4.2727,4.2899,4.3056,4.3154,4.3346,4.3565000000000005,4.369,4.392,4.4007000000000005,4.4298,4.441800000000001,4.4527,4.4670000000000005,4.486400000000001,4.5055000000000005,4.5221,4.539000000000001,4.5501000000000005,4.5669,4.5843,4.6063,4.6235,4.6439,4.6635,4.6752,4.6965,4.7183,4.7295,4.7466,4.7609,4.778300000000001,4.8020000000000005,4.8135,4.8304,4.8471,4.8565000000000005,4.8703,4.8965000000000005,4.9107,4.928100000000001,4.944500000000001,4.9633,4.9876000000000005
94443:0.0273,0.049100000000000005,0.068,0.08750000000000001,0.11670000000000001,0.1721,0.19390000000000002,0.2247,0.2617,0.2949,0.3216,0.3408,0.3673,0.3801,0.4238,0.4832,0.5075000000000001,0.5568000000000001,0.5708,0.6015,0.6273000000000001,0.6589,0.6726000000000001,0.7008,0.7113,0.7403000000000001,0.7695000000000001,0.8069000000000001,0.8275,0.8609,0.884,0.9109,0.9609000000000001,0.9909,1.0057,1.0386,1.0624,1.1124,1.1274,1.1798,1.2132,1.2437,1.2651000000000001,1.2922,1.3285,1.3651,1.3993,1.417,1.4714,1.4844000000000002,1.5074,1.5269000000000001,1.5730000000000002,1.5866,1.6248,1.6583,1.705,1.7511,1.7857,1.8172000000000001,1.8433000000000002,1.8727,1.8884,1.9345,1.9640000000000002,1.9817,1.9926000000000001,2.0183,2.0351,2.0809,2.1169000000000002,2.1458,2.1683,2.1778,2.1929000000000003,2.2138,2.2524,2.2883,2.3154,2.357,2.3764000000000003,2.404,2.4290000000000003,2.4481,2.4724,2.5140000000000002,2.5365,2.5574000000000003,2.5806,2.6144000000000003,2.6510000000000002,2.69,2.7061,2.7391,2.7715,2.7884,2.8172,2.8388,2.882,2.9054,2.9377,2.9599,3.0022,3.0336000000000003,3.0512,3.0708,3.0866000000000002,3.1261,3.1475,3.1678,3.1942000000000004,3.2113,3.2394000000000003,3.2719,3.3072000000000004,3.3203,3.3515,3.379,3.3912,3.4126000000000003,3.4287,3.443,3.4718,3.4930000000000003,3.5227000000000004,3.5703,3.5913000000000004,3.6208,3.6595,3.6822000000000004,3.7105,3.7556000000000003,3.7873,3.8162000000000003,3.8400000000000003,3.8777000000000004,3.9081,3.9373,3.9547000000000003,3.9762000000000004,4.0051000000000005,4.0308,4.0863000000000005,4.1083,4.140000000000001,4.1639,4.2088,4.2319,4.2558,4.277200000000001,4.3205,4.3366,4.3596,4.381200000000001,4.4076,4.4317,4.4598,4.478400000000001,4.5093000000000005,4.545,4.5618,4.5864,4.640000000000001,4.6852,4.7093,4.726,4.7573,4.7908,4.8299,4.873600000000001,4.9125000000000005,4.9375,4.9617,4.9872000000000005
94849:0.10590000000000001,0.2805,0.3629,1.32,1.558,1.9381000000000002,2.1489000000000003,2.5881000000000003,2.9468,4.898000000000001,4.986800000000001
95093:1.8224
95123:0.0117,0.0207,0.0415,0.0509,0.0658,0.0854,0.1073,0.1223,0.14300000000000002,0.1623,0.1758,0.1903,0.20470000000000002,0.22360000000000002,0.23550000000000001,0.2503,0.2614,0.2813,0.2922,0.3064,0.3191,0.33240000000000003,0.3498,0.36150000000000004,0.3729,0.38430000000000003,0.4041,0.4188,0.4324,0.447,0.4617,0.48090000000000005,0.49870000000000003,0.5127,0.5278,0.5489,0.5601,0.5796,0.5962000000000001,0.6076,0.6264000000000001,0.6363,0.6571,0.6792,0.6938000000000001,0.7055,0.7212000000000001,0.7384000000000001,0.7593000000000001,0.7714000000000001,0.791,0.8063,0.8192,0.8422000000000001,0.8539,0.8731,0.8916000000000001,0.9029,0.9208000000000001,0.9365,0.9557,0.9716,0.9845,0.998,1.0164,1.0357,1.0511000000000001,1.0697,1.0829,1.0949,1.1157000000000001,1.1302,1.1403,1.1559000000000001,1.1673,1.1820000000000002,1.1928,1.2102000000000002,1.225,1.2425000000000002,1.2561,1.2719,1.286,1.3091000000000002,1.3188,1.3339,1.3436000000000001,1.3578000000000001,1.3803,1.3898000000000001,1.407,1.4189,1.4375,1.4483000000000001,1.4627000000000001,1.4742000000000002,1.4904000000000002,1.5077,1.5214,1.5367000000000002,1.5523,1.566,1.5841,1.6026,1.62,1.6318000000000001,1.6484,1.6604,1.6749,1.6877,1.7024000000000001,1.7125000000000001,1.7262000000000002,1.7546000000000002,1.7789000000000001,1.7922,1.8108000000000002,1.8303,1.8495000000000001,1.8632000000000002,1.8786,1.8928,1.9039000000000001,1.9171,1.9301000000000001,1.9489,1.961,1.9736,1.983,2.0044,2.0131,2.0365,2.0574,2.0719000000000003,2.0831,2.0996,2.113,2.1323000000000003,2.1509,2.1667,2.1778,2.1929000000000003,2.2042,2.2134,2.2322,2.2433,2.2803,2.2949,2.3109,2.3222,2.3331,2.3459000000000003,2.3574,2.3725,2.3876,2.3956,2.4089,2.4254000000000002,2.4388,2.4503,2.4671000000000003,2.4813,2.4982,2.5093,2.5249,2.5439000000000003,2.5524,2.5711,2.5843000000000003,2.5953,2.6045000000000003,2.6208,2.6318,2.6449000000000003,2.6607000000000003,2.6709,2.6839,2.7027,2.7117,2.7313,2.7428000000000003,2.7568,2.7698,2.7858,2.7988,2.8199,2.8304,2.8388,2.8501000000000003,2.8671,2.8868,2.9034,2.9154,2.9281,2.9396,2.9492000000000003,2.9653,2.9762,2.9905,3.0058000000000002,3.0207,3.0341,3.0522,3.0649,3.0855,3.1081000000000003,3.1260000000000003,3.1464000000000003,3.1625,3.1755,3.1862000000000004,3.1986000000000003,3.2138,3.2277,3.2416,3.2612,3.2747,3.2973000000000003,3.3183000000000002,3.333,3.3484000000000003,3.3628,3.379,3.3919,3.4064,3.4171,3.4295,3.4455,3.4574000000000003,3.4788,3.49,3.5064,3.5195000000000003,3.5326,3.5466,3.5643000000000002,3.5791000000000004,3.5978000000000003,3.6178000000000003,3.6312,3.6477000000000004,3.6637,3.6728,3.6894,3.701,3.716,3.7296,3.7531000000000003,3.7642,3.7789,3.7891000000000004,3.8009000000000004,3.8144,3.8308,3.8439,3.8641,3.8856,3.903,3.9152,3.9252000000000002,3.9427000000000003,3.9617,3.9736000000000002,3.9907000000000004,4.0052,4.0163,4.0349,4.0488,4.0719,4.0908,4.1031,4.125900000000001,4.1399,4.1543,4.1688,4.1813,4.1975,4.2106,4.2274,4.2438,4.254300000000001,4.2700000000000005,4.2887,4.300800000000001,4.319,4.3337,4.3471,4.361800000000001,4.3758,4.3992,4.415500000000001,4.437,4.460500000000001,4.480700000000001,4.4923,4.5073,4.5238000000000005,4.5414,4.5572,4.5758,4.5905000000000005,4.6083,4.6177,4.6295,4.6446000000000005,4.6572000000000005,4.6825,4.694500000000001,4.713900000000001,4.7245,4.746300000000001,4.7668,4.7784,4.7938,4.809,4.8205,4.8354,4.8569,4.867900000000001,4.8809000000000005,4.8936,4.9228000000000005,4.9321,4.949,4.9607,4.9813,4.9989
95230:0.0884,0.1241,0.22260000000000002,0.2726,0.3448,0.3642,0.4277,0.4657,0.5412,0.5676,0.6243000000000001,0.6669,0.7335,0.797,0.8213,0.8877,0.9282,0.9835,1.0337,1.1035000000000001,1.2224000000000002,1.2697,1.3292000000000002,1.3758000000000001,1.4713,1.5278,1.5858,1.6214000000000002,1.6548,1.7201000000000002,1.7907000000000002,1.875,1.935,1.9738,2.0324,2.0684,2.1175,2.1607000000000003,2.2235,2.2997,2.3603,2.4293,2.4807,2.5166,2.6207000000000003,2.6954000000000002,2.7435,2.8156000000000003,2.9093,2.9376,2.9991000000000003,3.0532000000000004,3.1281000000000003,3.1813000000000002,3.2158,3.2630000000000003,3.3533,3.4161,3.4957000000000003,3.5803000000000003,3.6553,3.7286,3.7656,3.8028000000000004,3.8399,3.8796000000000004,3.9378,3.9843,4.0261000000000005,4.1443,4.2241,4.2558,4.283,4.3722,4.4086,4.4552000000000005,4.601,4.643,4.708200000000001,4.7712,4.8542000000000005,4.9618
95262:2.0126,4.3562,4.816800000000001
95396:1.2477
96208:0.5875
96843:0.1337,0.14100000000000001,0.33440000000000003,0.6694,0.8278000000000001,0.9096000000000001,1.5019,1.9997,2.2069,3.58,3.7682,3.9569,4.1162,4.3441,4.797000000000001,4.8102
96911:2.3184,3.8542
97008:0.0507,0.3929,0.6108,0.673,0.8319000000000001,0.8924000000000001,0.9971000000000001,1.0616,1.2956,1.4101000000000001,1.4694,1.4984000000000002,1.5862,1.8426,1.8858000000000001,1.9951,2.0638,2.0958,2.1291,2.2545,2.3187,2.4021,2.6136,2.6552000000000002,2.7058,2.8175000000000003,2.9896000000000003,3.0309,3.2255000000000003,3.4741,3.5265,3.5947,3.9562000000000004,3.9924000000000004,4.1129,4.1864,4.3432,4.4608,4.5684000000000005,4.7685,4.913600000000001,4.9487000000000005
97095:0.0393,0.0834,0.1574,0.18480000000000002,0.26030000000000003,0.27490000000000003,0.33480000000000004,0.37620000000000003,0.4698,0.5443,0.6452,0.6835,0.7231000000000001,0.7992,0.8634000000000001,0.923,0.9808,1.0381,1.0982,1.1788,1.2324000000000002,1.2985,1.338,1.3788,1.4869,1.5556,1.6078000000000001,1.7104000000000001,1.7445000000000002,1.802,1.8175000000000001,1.8634000000000002,1.9244,1.9607,2.0178000000000003,2.1006,2.1458,2.2085,2.2571000000000003,2.3018,2.3497,2.4170000000000003,2.4562,2.5244,2.5609,2.5758,2.6263,2.6807000000000003,2.7630000000000003,2.8313,2.8725,2.9291,2.9644,3.0147,3.0815,3.1551,3.2436000000000003,3.2862,3.3403,3.4091,3.4841,3.5827,3.6203000000000003,3.6797,3.801,3.8974,3.9351000000000003,4.0633,4.1017,4.1562,4.196400000000001,4.2177,4.2923,4.3724,4.452,4.6262,4.7018,4.7197000000000005,4.7809,4.8420000000000005,4.883,4.9615,4.9869
97109:0.09240000000000001,0.12860000000000002,0.2268,0.27690000000000003,0.34790000000000004,0.36860000000000004,0.43210000000000004,0.47040000000000004,0.5448000000000001,0.5720000000000001,0.6288,0.6713,0.7374,0.8017000000000001,0.8310000000000001,0.8911,0.9324,0.9890000000000001,1.0374,1.1074000000000002,1.2259,1.274,1.3333000000000002,1.3803,1.4755,1.5346,1.5946,1.6245,1.6587,1.7246000000000001,1.7943,1.8806,1.9394,1.9785000000000001,2.0394,2.0715,2.1217,2.1654,2.2275,2.3034,2.3649,2.4336,2.4849,2.5211,2.6247000000000003,2.6990000000000003,2.7468000000000004,2.8199,2.9165,2.9411,3.0031000000000003,3.057,3.1326,3.1851000000000003,3.2204,3.2682,3.3574,3.4204000000000003,3.5002,3.5846,3.6608,3.7323000000000004,3.7695000000000003,3.8094,3.8441,3.8842000000000003,3.9428,3.9873000000000003,4.0308,4.1479,4.2282,4.2602,4.2877,4.3787,4.4131,4.460100000000001,4.6051,4.647200000000001,4.7125,4.7756,4.8592,4.9661
97113:3.9658
97451:0.0737,1.903,3.46,4.8152
97915:0.0196,0.054400000000000004,0.0763,0.1,0.11850000000000001,0.1522,0.17370000000000002,0.1988,0.2088,0.225,0.2509,0.261,0.2968,0.3108,0.3385,0.35600000000000004,0.3786,0.40180000000000005,0.4253,0.4706,0.49910000000000004,0.5317000000000001,0.5585,0.598,0.632,0.645,0.6706000000000001,0.6831,0.7010000000000001,0.7125,0.7428,0.7678,0.7894,0.8164,0.8503000000000001,0.8645,0.8903000000000001,0.9117000000000001,0.9387000000000001,0.9629000000000001,0.9878,1.006,1.0351000000000001,1.0527,1.0936000000000001,1.1044,1.149,1.1841000000000002,1.1984000000000001,1.2224000000000002,1.2425000000000002,1.2755,1.2909000000000002,1.3254000000000001,1.3713,1.3939000000000001,1.4217,1.4501000000000002,1.4639,1.4929000000000001,1.5041,1.5259,1.5505,1.5662,1.601,1.6337000000000002,1.6564,1.6825,1.7049,1.7335,1.7575,1.7932000000000001,1.8191000000000002,1.8475000000000001,1.8687,1.891,1.917,1.9359000000000002,1.9638,1.9845000000000002,2.0119000000000002,2.0335,2.0624000000000002,2.0857,2.1136,2.1416,2.1609000000000003,2.1838,2.2099,2.2427,2.2536,2.2941000000000003,2.3337000000000003,2.3615,2.3762000000000003,2.404,2.4296,2.4443,2.4727,2.5109,2.5298000000000003,2.5571,2.5886,2.6062000000000003,2.6297,2.6546000000000003,2.6767000000000003,2.7007000000000003,2.7112000000000003,2.7465,2.7670000000000003,2.7883,2.8174,2.8480000000000003,2.8605,2.8956,2.9158,2.9511000000000003,2.9701,3.0056000000000003,3.0225,3.0484,3.064,3.0859,3.0991,3.1274,3.1447000000000003,3.1685000000000003,3.19,3.2098,3.2424,3.2754000000000003,3.2981000000000003,3.3121,3.3389,3.3604000000000003,3.3838000000000004,3.407,3.4259,3.4465000000000003,3.466,3.4901,3.5028,3.5376000000000003,3.5503,3.58,3.5904000000000003,3.6134000000000004,3.6345,3.6613,3.6819,3.7113,3.7351,3.7568,3.7875,3.813,3.8249,3.8385000000000002,3.8642000000000003,3.8893,3.9000000000000004,3.9285,3.9392,3.9598,3.9881,4.0057,4.0327,4.075200000000001,4.1123,4.1309000000000005,4.1451,4.1833,4.213,4.2349000000000006,4.2599,4.2739,4.3101,4.3258,4.3593,4.377,4.4063,4.4174,4.4484,4.4599,4.4979000000000005,4.5120000000000005,4.5423,4.5693,4.587000000000001,4.6212,4.6386,4.6868,4.698300000000001,4.7233,4.7571,4.780600000000001,4.8056,4.83,4.8457,4.8741,4.9025,4.9162,4.9354000000000005,4.9661,4.9849000000000006
98064:0.0067,0.0164,0.033600000000000005,0.041800000000000004,0.051800000000000006,0.0599,0.06910000000000001,0.0844,0.09290000000000001,0.1028,0.1111,0.12300000000000001,0.1395,0.1499,0.1602,0.1694,0.1829,0.1927,0.20170000000000002,0.2116,0.2197,0.23190000000000002,0.2417,0.249,0.2559,0.2654,0.28150000000000003,0.2923,0.3037,0.31170000000000003,0.3254,0.33540000000000003,0.3471,0.3567,0.3649,0.375,0.38320000000000004,0.3991,0.4066,0.42000000000000004,0.4313,0.446,0.46440000000000003,0.4786,0.49350000000000005,0.5041,0.5148,0.5277000000000001,0.5453,0.5531,0.5643,0.5826,0.5952000000000001,0.6086,0.6201,0.6297,0.6402,0.6488,0.6582,0.6652,0.6784,0.6858000000000001,0.6925,0.6988000000000001,0.7065,0.7162000000000001,0.727,0.7379,0.7523000000000001,0.761,0.7731,0.7815000000000001,0.7921,0.8048000000000001,0.8141,0.8252,0.8392000000000001,0.8473,0.8554,0.8649,0.8745,0.8866,0.8958,0.9042,0.9213,0.9335,0.9481,0.9579000000000001,0.9728,0.9806,0.9919,1.0015,1.0161,1.0239,1.0327,1.0416,1.0507,1.0602,1.074,1.09,1.0978,1.1072,1.118,1.1354,1.1466,1.1600000000000001,1.1679000000000002,1.1803000000000001,1.1913,1.2018,1.2133,1.2197,1.2321,1.2397,1.2484,1.2619,1.272,1.2803,1.2873,1.302,1.314,1.3257,1.3402,1.3571,1.3683,1.3818000000000001,1.3913,1.4029,1.4180000000000001,1.4336,1.4446,1.4572,1.4666000000000001,1.4762000000000002,1.49,1.4964000000000002,1.5108000000000001,1.5179,1.5263,1.5378,1.5475,1.5589000000000002,1.5666,1.5822,1.5976000000000001,1.6178000000000001,1.6287,1.6453,1.6539000000000001,1.6668,1.6760000000000002,1.6894,1.6980000000000002,1.7048,1.7199,1.7288000000000001,1.7485000000000002,1.7545000000000002,1.7683,1.7787000000000002,1.79,1.806,1.8139,1.8247,1.8342,1.8451000000000002,1.8566,1.8665,1.8774000000000002,1.8836000000000002,1.8972,1.9062000000000001,1.9203000000000001,1.9304000000000001,1.9387,1.9493,1.9599000000000002,1.9694,1.9785000000000001,1.988,2.0017,2.008,2.0187,2.0308,2.0435000000000003,2.0545,2.0731,2.0807,2.0991,2.1100000000000003,2.125,2.1357,2.1436,2.1577,2.1636,2.1751,2.1818,2.1885,2.1999,2.2061,2.214,2.2310000000000003,2.2402,2.2477,2.2664,2.2828,2.2913,2.3102,2.3188,2.3308,2.3383000000000003,2.3508,2.3593,2.3736,2.3878,2.3951000000000002,2.4016,2.4128000000000003,2.4228,2.4334000000000002,2.4395000000000002,2.4485,2.463,2.4701,2.4810000000000003,2.4967,2.5079000000000002,2.5208,2.5272,2.5448,2.5516,2.5663,2.5724,2.5851,2.5952,2.6035,2.6122,2.6231,2.6342000000000003,2.6468000000000003,2.6583,2.6709,2.6784000000000003,2.6895000000000002,2.6974,2.7048,2.7163,2.7291000000000003,2.7424,2.7575000000000003,2.7640000000000002,2.7784,2.7842000000000002,2.7942,2.8044000000000002,2.815,2.822,2.8303000000000003,2.8452,2.8574,2.8728000000000002,2.8847,2.8930000000000002,2.9035,2.9131,2.9275,2.9356,2.9447,2.9555000000000002,2.9677000000000002,2.9871000000000003,2.9978000000000002,3.0035000000000003,3.0174000000000003,3.0266,3.0372000000000003,3.0453,3.0575,3.0653,3.0766,3.0835000000000004,3.0932,3.1113,3.1214,3.1312,3.14,3.1473,3.1583,3.1654,3.1790000000000003,3.1872000000000003,3.1935000000000002,3.2018,3.2082,3.2228000000000003,3.2329000000000003,3.2418,3.2533000000000003,3.2685,3.2761,3.2914000000000003,3.3003,3.3096,3.3182,3.3289,3.3362000000000003,3.3477,3.3549,3.3634,3.3758000000000004,3.3819000000000004,3.3944,3.4038000000000004,3.4105000000000003,3.4188,3.4265000000000003,3.4382,3.4495,3.4602000000000004,3.4681,3.4797000000000002,3.487,3.4948,3.5112,3.5204,3.5328000000000004,3.5457,3.5563000000000002,3.5650000000000004,3.5752,3.5843000000000003,3.5994,3.6061,3.6166,3.6279000000000003,3.6345,3.649,3.6572,3.6695,3.6787,3.6893000000000002,3.6979,3.7087000000000003,3.7186000000000003,3.7311,3.7424000000000004,3.7529000000000003,3.7647000000000004,3.7815000000000003,3.7894,3.8067,3.8135000000000003,3.826,3.8329,3.8393,3.8469,3.8584,3.8703000000000003,3.8813,3.8903000000000003,3.9034,3.9120000000000004,3.9229000000000003,3.9313000000000002,3.942,3.9517,3.9626,3.9723,3.9838,3.9937,4.002800000000001,4.0147,4.025,4.0377,4.051,4.0701,4.08,4.095000000000001,4.1086,4.1229000000000005,4.1284,4.1359,4.1429,4.1513,4.1593,4.1774000000000004,4.1887,4.2038,4.2111,4.2211,4.2325,4.2465,4.2525,4.2643,4.271,4.2805,4.2916,4.3043000000000005,4.3147,4.3232,4.3326,4.3426,4.3558,4.3658,4.3742,4.3842,4.399500000000001,4.407,4.415500000000001,4.4251000000000005,4.4353,4.4454,4.4543,4.4644,4.4764,4.4899000000000004,4.4996,4.5077,4.5181000000000004,4.528300000000001,4.538,4.5526,4.5636,4.5726,4.583600000000001,4.5972,4.6124,4.6192,4.631,4.6482,4.6614,4.6809,4.6881,4.6961,4.7068,4.715,4.7222,4.7388,4.7529,4.761,4.772200000000001,4.7862,4.7977,4.807300000000001,4.8177,4.827,4.8386000000000005,4.8517,4.8593,4.8703,4.8870000000000005,4.8969000000000005,4.9093,4.9228000000000005,4.9301,4.9396,4.948300000000001,4.9622,4.976500000000001,4.9892,4.9997
98592:0.34590000000000004,0.461,0.8567,0.9141,0.9904000000000001,1.2253,1.2816,1.7137,1.8016,2.0943,2.1993,2.4085,2.5162,2.8294,2.9248000000000003,3.0721000000000003,3.1493,3.3239,3.4065000000000003,3.5660000000000003,3.7632000000000003,3.9000000000000004,4.1455,4.6266,4.7009
99208:2.7699000000000003
99759:1.113,1.4927000000000001,3.1647000000000003,3.3017000000000003,3.9599,4.1685,4.2225
99782:3.4648000000000003
100313:2.1932
100315:2.3216,3.8577000000000004
100390:0.1957,0.2528,0.3466,0.5972000000000001,0.7306,0.8747,0.9931000000000001,1.1022,1.4894,1.5455,2.1558,2.2977000000000003,2.97,3.0195000000000003,3.1568,3.2873,3.5847,3.9561,4.0702,4.2058
100474:0.5800000000000001,0.7267,3.2350000000000003,3.9819
100807:0.0017000000000000001,0.0258,0.0284,0.0298,0.0318,0.0497,0.0516,0.0524,0.0584,0.059000000000000004,0.0755,0.0775,0.1005,0.1022,0.1092,0.11380000000000001,0.12480000000000001,0.1293,0.13770000000000002,0.1534,0.1782,0.1806,0.1841,0.1857,0.19210000000000002,0.194,0.20320000000000002,0.20450000000000002,0.21830000000000002,0.2187,0.2233,0.2301,0.2376,0.2394,0.2461,0.24630000000000002,0.2662,0.2733,0.2736,0.277,0.2928,0.3027,0.30860000000000004,0.31,0.3297,0.33480000000000004,0.3456,0.35100000000000003,0.3538,0.35650000000000004,0.35710000000000003,0.3592,0.3639,0.36410000000000003,0.3723,0.38730000000000003,0.4022,0.4071,0.4222,0.4282,0.4295,0.4309,0.43660000000000004,0.4611,0.4646,0.4656,0.4792,0.5009,0.5086,0.5135000000000001,0.5338,0.5355,0.5375,0.5387000000000001,0.5485,0.5625,0.5782,0.6006,0.6292,0.6528,0.6823,0.6839000000000001,0.6886,0.7084,0.7124,0.7193,0.7217,0.7311000000000001,0.7331000000000001,0.7341000000000001,0.7451,0.759,0.76,0.7663000000000001,0.7817000000000001,0.7955,0.8004,0.8042,0.8101,0.8112,0.8272,0.8502000000000001,0.8512000000000001,0.8566,0.8585,0.8633000000000001,0.8677,0.8683000000000001,0.8725,0.8815000000000001,0.8823000000000001,0.894,0.8958,0.897,0.9015000000000001,0.9044000000000001,0.9071,0.9118,0.9213,0.9286000000000001,0.931,0.9314,0.9400000000000001,0.9438000000000001,0.9549000000000001,0.9642000000000001,0.9719000000000001,0.9734,0.9764,0.9798,0.9881000000000001,0.9938,1.0035,1.0077,1.0129000000000001,1.0151000000000001,1.0177,1.0191000000000001,1.0216,1.0233,1.0269000000000001,1.028,1.0361,1.0370000000000001,1.0471000000000001,1.0721,1.0729,1.0805,1.081,1.0887,1.0897000000000001,1.0975000000000001,1.0988,1.1026,1.1096000000000001,1.1186,1.122,1.1302,1.1306,1.1308,1.1401000000000001,1.1448,1.1462,1.1588,1.1592,1.1603,1.1611,1.1652,1.167,1.1738,1.1762000000000001,1.1785,1.1816,1.1824000000000001,1.1911,1.1951,1.2075,1.2179,1.2181,1.2223000000000002,1.2242,1.2263000000000002,1.228,1.2287000000000001,1.2483,1.2558,1.2650000000000001,1.2721,1.2755,1.2789000000000001,1.2966,1.2985,1.3228,1.3232000000000002,1.3265,1.3275000000000001,1.3366,1.3385,1.3443,1.3509,1.356,1.3663,1.3671,1.3822,1.3947,1.3953,1.4028,1.4037000000000002,1.4091,1.4094,1.4174,1.4186,1.4213,1.4265,1.4345,1.4382000000000001,1.4504000000000001,1.4584000000000001,1.46,1.4608,1.4707000000000001,1.4734,1.476,1.4778,1.4846000000000001,1.4898,1.4925000000000002,1.5,1.5063,1.5077,1.5089000000000001,1.5141,1.5197,1.5248000000000002,1.5292000000000001,1.5399,1.5531000000000001,1.5630000000000002,1.5681,1.5738,1.5742,1.5806,1.5857,1.5873000000000002,1.5891000000000002,1.6084,1.6094000000000002,1.6315000000000002,1.6402,1.6429,1.6460000000000001,1.6509,1.6698000000000002,1.6823000000000001,1.6867,1.6881000000000002,1.6936,1.6968,1.7367000000000001,1.7402000000000002,1.7415,1.7475,1.7537,1.7588000000000001,1.7652,1.7669000000000001,1.7892000000000001,1.8016,1.8043,1.8052000000000001,1.8225,1.8399,1.8726,1.8873000000000002,1.8885,1.8955000000000002,1.9011,1.9013,1.9041000000000001,1.9131,1.9336,1.9368,1.9432,1.9543000000000001,1.9611,1.9638,1.9716,1.9807000000000001,1.983,2.0412,2.0513,2.0546,2.0653,2.0667,2.0758,2.0809,2.0887000000000002,2.0954,2.0966,2.1084,2.1111,2.1127000000000002,2.1146000000000003,2.1194,2.122,2.1268000000000002,2.1308000000000002,2.1316,2.1357,2.1456,2.1551,2.156,2.1632000000000002,2.169,2.1709,2.1806,2.2121,2.2169000000000003,2.2254,2.2308,2.2391,2.2514000000000003,2.2578,2.2607,2.2755,2.2775000000000003,2.2958000000000003,2.2998000000000003,2.307,2.3097000000000003,2.3128,2.3316,2.3329,2.3357,2.339,2.3423000000000003,2.3494,2.3496,2.3507000000000002,2.3525,2.3532,2.3541000000000003,2.3581000000000003,2.3587000000000002,2.3688000000000002,2.3759,2.3794,2.3872,2.3888000000000003,2.3911000000000002,2.4003,2.4113,2.4126000000000003,2.4195,2.4268,2.4396,2.4439,2.4507000000000003,2.4534000000000002,2.4763,2.4842,2.4864,2.4878,2.5038,2.507,2.5206,2.5209,2.523,2.5408,2.5431,2.5495,2.555,2.5604,2.5673,2.5786000000000002,2.5861,2.5927000000000002,2.6052,2.6074,2.6100000000000003,2.6165000000000003,2.6193,2.6266000000000003,2.6284,2.6327000000000003,2.6340000000000003,2.6507,2.6591,2.6783,2.6879,2.6911,2.6924,2.7008,2.7078,2.712,2.7307,2.7343,2.7348000000000003,2.7497000000000003,2.7571000000000003,2.7600000000000002,2.7618,2.766,2.7684,2.7704,2.777,2.7804,2.8251,2.8266,2.8333,2.8361,2.8456,2.8480000000000003,2.853,2.8602000000000003,2.863,2.8639,2.869,2.879,2.8793,2.8920000000000003,2.8943000000000003,2.8948,2.8952,2.9059,2.9086000000000003,2.9228,2.9232,2.93,2.9314,2.9468,2.9556,2.9656000000000002,2.9774000000000003,2.9818000000000002,2.9852000000000003,2.9899,2.9962,3.0077000000000003,3.0163,3.0174000000000003,3.0205,3.0236,3.031,3.0328,3.0341,3.0368,3.0389,3.041,3.0432,3.0456000000000003,3.0497,3.0729,3.0731,3.075,3.0776000000000003,3.0784000000000002,3.0786000000000002,3.0791,3.0842,3.0908,3.0923000000000003,3.1003000000000003,3.1058000000000003,3.1126,3.1238,3.1321000000000003,3.1327000000000003,3.1547,3.1551,3.1564,3.1715,3.1849000000000003,3.2004,3.2062,3.2114000000000003,3.2208,3.2245000000000004,3.2247000000000003,3.2333000000000003,3.2359,3.2468000000000004,3.2488,3.2579000000000002,3.2609000000000004,3.2771000000000003,3.2805,3.2815000000000003,3.2862,3.2958000000000003,3.3108,3.3133000000000004,3.3273,3.3275,3.3321,3.3399,3.3491,3.3597,3.3646000000000003,3.3698,3.3736,3.3839,3.3850000000000002,3.3961,3.3978,3.4099000000000004,3.4107000000000003,3.4139000000000004,3.4146,3.4203,3.4264,3.4421000000000004,3.4424,3.4546,3.4570000000000003,3.4635000000000002,3.464,3.4647,3.4649,3.4692000000000003,3.4701,3.4747000000000003,3.4752,3.4769,3.4959000000000002,3.4972000000000003,3.5136000000000003,3.5221,3.5344,3.5353000000000003,3.5366,3.5436,3.5443000000000002,3.5447,3.5507,3.5538000000000003,3.555,3.5583,3.5594,3.5605,3.5615,3.5668,3.5699,3.5744000000000002,3.5819,3.5861,3.5879000000000003,3.5908,3.5911,3.5918,3.5973,3.6006,3.6008,3.6069,3.6092,3.6126,3.6155000000000004,3.6259,3.6268000000000002,3.6303,3.6365000000000003,3.6428000000000003,3.6464000000000003,3.6636,3.6715,3.6765000000000003,3.6836,3.6899,3.692,3.6941,3.6973000000000003,3.7028000000000003,3.7183,3.7255000000000003,3.7279,3.7283000000000004,3.7399,3.7444,3.7484,3.7518000000000002,3.7528,3.7563,3.7593,3.7666000000000004,3.7843,3.7893000000000003,3.7907,3.7964,3.8074000000000003,3.814,3.8160000000000003,3.8397,3.8402000000000003,3.841,3.8413000000000004,3.8439,3.8519,3.8529,3.8672,3.8688000000000002,3.8846000000000003,3.8882000000000003,3.8999,3.9003,3.9071000000000002,3.9338,3.9379000000000004,3.9387000000000003,3.9434,3.9617,3.9659,3.9715000000000003,3.9731,3.9748,3.9772000000000003,3.9793000000000003,3.9932000000000003,3.9961,4.0027,4.0215000000000005,4.0258,4.0280000000000005,4.0283,4.0302,4.0308,4.031000000000001,4.0358,4.0417000000000005,4.0474000000000006,4.049300000000001,4.0571,4.0622,4.0694,4.0718000000000005,4.077500000000001,4.0831,4.0849,4.097,4.1024,4.1047,4.1051,4.111,4.1221000000000005,4.1444,4.149900000000001,4.1596,4.1669,4.1683,4.1752,4.1869000000000005,4.2027,4.218100000000001,4.2208000000000006,4.2268,4.2386,4.2397,4.2434,4.25,4.2523,4.2594,4.2636,4.2652,4.268,4.2689,4.2706,4.2729,4.2737,4.2755,4.2936000000000005,4.3029,4.303100000000001,4.306900000000001,4.3118,4.3232,4.3264000000000005,4.3426,4.347300000000001,4.3512,4.3545,4.3607000000000005,4.3658,4.385400000000001,4.3861,4.3982,4.3985,4.4047,4.4251000000000005,4.4261,4.436100000000001,4.4506000000000006,4.4581,4.4711,4.4714,4.4741,4.4849000000000006,4.4941,4.4953,4.5015,4.5033,4.5049,4.5129,4.5166,4.521,4.5271,4.5299000000000005,4.5360000000000005,4.5459000000000005,4.5520000000000005,4.5558000000000005,4.5614,4.5656,4.5712,4.5943000000000005,4.5959,4.5964,4.603800000000001,4.6129,4.6139,4.6227,4.6277,4.631200000000001,4.6352,4.647,4.6567,4.6719,4.6747000000000005,4.6764,4.6775,4.6839,4.6848,4.696400000000001,4.712000000000001,4.7215,4.728000000000001,4.7396,4.7443,4.745,4.7546,4.7551000000000005,4.757000000000001,4.7594,4.7607,4.7677000000000005,4.7742,4.7796,4.781000000000001,4.824,4.825,4.8260000000000005,4.828,4.8479,4.851500000000001,4.8664000000000005,4.894,4.9054,4.909400000000001,4.9158,4.9356,4.936,4.9599,4.971900000000001,4.9751,4.9849000000000006,4.9899000000000004,4.994800000000001,4.9953,4.9969
101037:0.31920000000000004,0.6578,1.3635000000000002,1.9221000000000001,2.3440000000000003,2.444,3.8056,3.9730000000000003,4.2121,4.6384,4.9077
102182:0.039400000000000004,0.084,0.1575,0.19060000000000002,0.2503,0.33430000000000004,0.37470000000000003,0.46880000000000005,0.5814,0.6485000000000001,0.7164,0.8003,0.8649,0.9655,1.0191000000000001,1.0438,1.0971,1.1774,1.2326000000000001,1.3349,1.3793,1.4868000000000001,1.5567,1.7144000000000001,1.8037,1.8588,1.9201000000000001,2.0102,2.0696,2.1043000000000003,2.1509,2.2565,2.3037,2.3509,2.4173,2.529,2.576,2.6287000000000003,2.6828000000000003,2.7657000000000003,2.8333,2.8743000000000003,2.9285,2.9686000000000003,3.0139,3.084,3.1532,3.2848,3.3404000000000003,3.4105000000000003,3.4789000000000003,3.5777,3.6769000000000003,3.7492,3.8041,3.9046000000000003,3.9396,4.0659,4.149500000000001,4.1976,4.293,4.3684,4.5624,4.6253,4.7072,4.78,4.8439000000000005,4.8806,4.9638
102644:0.3562,1.3897000000000002,2.5344
102668:0.3734,0.9979,1.9854,2.1734,2.4421,3.8141000000000003,3.8436000000000003
102727:0.37010000000000004
102771:0.29700000000000004,1.0894000000000001,1.3628,1.3919000000000001,1.7294,2.0158,2.3360000000000003,2.3992,2.5128,2.8345000000000002,3.3503000000000003,3.7922000000000002,4.187,4.6353
103137:0.056600000000000004,0.0964,0.1524,0.199,0.2454,0.2948,0.3411,0.3788,0.43570000000000003,0.5192,0.5586,0.6237,0.6633,0.6956,0.7316,0.7679,0.8108000000000001,0.8519,0.8903000000000001,0.9618000000000001,1.0053,1.0366,1.0947,1.1502000000000001,1.1863000000000001,1.2234,1.2665,1.2905,1.3718000000000001,1.4478,1.4983,1.5309000000000001,1.5633000000000001,1.6342,1.6806,1.7077,1.7589000000000001,1.7946000000000002,1.8407,1.8724,1.9089,1.9533,2.0099,2.0599000000000003,2.1152,2.1797,2.2083,2.2457000000000003,2.295,2.3366000000000002,2.363,2.4052000000000002,2.4421,2.4744,2.5142,2.5551,2.6069,2.652,2.6993,2.7473,2.7889,2.8203,2.8951000000000002,2.94,2.9728000000000003,3.0078,3.0485,3.0863,3.1432,3.1707,3.1990000000000003,3.2364,3.2756000000000003,3.3335000000000004,3.3596000000000004,3.3874,3.4136,3.4657,3.4923,3.5392,3.5789,3.6191,3.6598,3.7029,3.7557,3.8164000000000002,3.8502,3.8892,3.9262,3.9865000000000004,4.0295000000000005,4.1134,4.1428,4.2132000000000005,4.2568,4.2953,4.3456,4.377800000000001,4.4123,4.4478,4.5018,4.5406,4.6215,4.6905,4.7243,4.7752,4.829400000000001,4.8734,4.9362,4.9712000000000005
103226:1.1280000000000001,1.5052,4.2324
103229:0.1479,0.3423,2.011,2.932,3.8095000000000003,4.3585
103357:0.38180000000000003,3.8474000000000004
103504:1.2456
104107:0.057600000000000005,0.1136,0.17350000000000002,0.2227,0.2587,0.3161,0.3684,0.6351,0.6701,0.7018,0.7666000000000001,0.8188000000000001,0.8592000000000001,0.9075000000000001,0.9852000000000001,1.0365,1.1111,1.1855,1.243,1.2893000000000001,1.3957000000000002,1.4804000000000002,1.5292000000000001,1.5708,1.7017,1.7833,1.8383,1.8861,1.9433,1.9839,2.0859,2.1487000000000003,2.1875,2.2179,2.3372,2.4036,2.444,2.5301,2.5775,2.6282,2.6828000000000003,2.7681,2.8203,2.8971,2.9491,3.0091,3.0676,3.1437,3.1902000000000004,3.2374,3.3046,3.3518000000000003,3.386,3.4235,3.4856000000000003,3.5679000000000003,3.623,3.6815,3.7696,3.8357,3.8933,3.9361,3.9984,4.1321,4.1615,4.2263,4.2737,4.3272,4.3771,4.4289000000000005,4.5032000000000005,4.5761,4.6989,4.7758,4.831,4.9335
104365:0.304,0.5735,0.6691,0.7458,1.1098000000000001,1.4938,1.7626000000000002,1.9877,2.1616,2.2006,2.3187,2.3907000000000003,2.455,2.7769,2.8794,3.0154,3.0747,3.3017000000000003,3.8164000000000002,3.9592,4.1683,4.2211,4.407900000000001,4.4808,4.564,4.6459,4.9146,4.9941
104833:1.0526,1.2432,3.4212000000000002
104955:0.0575,0.0981,0.1489,0.1981,0.24710000000000001,0.29760000000000003,0.3417,0.38070000000000004,0.4378,0.5207,0.5715,0.6285000000000001,0.6663,0.6976,0.7329,0.7809,0.8134,0.8528,0.8937,0.9640000000000001,1.0072,1.0394,1.0976000000000001,1.1522000000000001,1.1999,1.2277,1.2704,1.2933000000000001,1.3776000000000002,1.4500000000000002,1.4965000000000002,1.532,1.5658,1.6357000000000002,1.6831,1.7107,1.7612,1.8193000000000001,1.8721,1.9116000000000002,1.9562000000000002,1.9937,2.0385,2.0860000000000003,2.1443000000000003,2.1842,2.2142,2.2523,2.3009,2.3379000000000003,2.4062,2.4451,2.4769,2.5178000000000003,2.557,2.5912,2.6288,2.6788000000000003,2.7043,2.7507,2.7907,2.8268,2.8939,2.9410000000000003,2.9747000000000003,3.0100000000000002,3.051,3.0861,3.1456,3.1737,3.2004,3.2398000000000002,3.2815000000000003,3.3254,3.3547000000000002,3.3871,3.4241,3.4729,3.5264,3.5726,3.6123000000000003,3.6408,3.6846,3.7163000000000004,3.7583,3.8185000000000002,3.8471,3.8896,3.9288000000000003,3.9787000000000003,4.0313,4.115600000000001,4.1482,4.2159,4.2579,4.2981,4.3316,4.3621,4.4084,4.4413,4.4824,4.5234000000000005,4.5721,4.6241,4.6935,4.7268,4.7716,4.8121,4.8458000000000006,4.903700000000001,4.9463
105214:0.0269,0.035,0.188,0.2277,0.30960000000000004,0.3281,0.3663,0.48310000000000003,0.49870000000000003,0.5663,0.5790000000000001,0.628,0.6725,0.7336,0.8203,0.8321000000000001,0.9279000000000001,1.0011,1.0503,1.0603,1.1134,1.1258000000000001,1.2002000000000002,1.2217,1.3285,1.3377000000000001,1.4093,1.4765000000000001,1.4877,1.5842,1.6611,1.7441,1.7584000000000002,1.8078,1.8173000000000001,1.8783,1.8883,1.9787000000000001,1.9886000000000001,2.0834,2.1678,2.1778,2.2553,2.2981000000000003,2.3107,2.3720000000000003,2.3824,2.4462,2.5187,2.576,2.5866000000000002,2.6719,2.7689,2.7787,2.8616,2.8836,2.9723,3.0008000000000004,3.0579,3.0767,3.1316,3.2199,3.2763,3.2912000000000003,3.3195,3.3817000000000004,3.4371,3.5015,3.5130000000000003,3.5931,3.623,3.6709,3.6832000000000003,3.7323000000000004,3.8043,3.9464,3.9546,4.0286,4.0883,4.0958000000000006,4.147600000000001,4.1603,4.2557,4.3228,4.3319,4.4272,4.4741,4.4799,4.5552,4.5651,4.6068,4.7384,4.7743,4.8082,4.9099,4.9813,4.9881
105290:0.34450000000000003,0.9233,1.512,2.0098000000000003,2.0185,2.2255000000000003,2.894,3.7815000000000003,4.1302,4.1512,4.3522,4.3644,4.812,4.8224
105315:0.3542,1.518,2.0149,3.6020000000000003,3.9734000000000003,4.816
105475:0.053000000000000005,0.3386,1.0196,1.3537000000000001,1.7599,1.8296000000000001,1.9014000000000002,2.3912,2.5879000000000003,2.8783000000000003,3.4532000000000003,3.6925000000000003,3.8138,4.1099000000000006,4.3425,4.351,4.7536000000000005
105779:0.014100000000000001,0.035500000000000004,0.0487,0.0582,0.0947,0.1096,0.1393,0.1505,0.1643,0.17880000000000001,0.1928,0.22390000000000002,0.2457,0.2553,0.28200000000000003,0.30910000000000004,0.3361,0.3564,0.3669,0.3849,0.4045,0.42310000000000003,0.44520000000000004,0.45380000000000004,0.4858,0.5016,0.5207,0.5317000000000001,0.5503,0.5631,0.5965,0.6109,0.6316,0.6578,0.6833,0.6952,0.7282000000000001,0.7419,0.7623000000000001,0.7804,0.7966000000000001,0.8107000000000001,0.8247,0.8555,0.876,0.8953000000000001,0.9058,0.9375,0.9588000000000001,0.9769000000000001,0.9968,1.0044,1.0294,1.0541,1.0929,1.1108,1.12,1.1439000000000001,1.1659000000000002,1.1845,1.2015,1.2231,1.2469000000000001,1.2688000000000001,1.2922,1.3111000000000002,1.3217,1.3404,1.3616000000000001,1.3909,1.4176,1.4384000000000001,1.4711,1.481,1.4964000000000002,1.5215,1.5541,1.5719,1.5875000000000001,1.6221,1.6320000000000001,1.6602000000000001,1.6779000000000002,1.7054,1.7551,1.7839,1.7969000000000002,1.8150000000000002,1.8381,1.8486,1.8656000000000001,1.8812,1.9048,1.9287,1.9383000000000001,1.9564000000000001,1.9654,1.9849,2.0262000000000002,2.0462000000000002,2.0615,2.0793,2.0902000000000003,2.1016,2.1353,2.1603,2.1727000000000003,2.182,2.197,2.2104,2.2346,2.2708,2.2851,2.3144,2.3373,2.3754,2.4003,2.4264,2.4437,2.4773,2.4861,2.5112,2.5283,2.5551,2.5756,2.5979,2.6068000000000002,2.6294,2.6398,2.6508000000000003,2.6737,2.694,2.7052,2.73,2.7459000000000002,2.7641,2.7761,2.7888,2.8101000000000003,2.8521,2.8770000000000002,2.8905000000000003,2.9319,2.9425000000000003,2.9536000000000002,2.9792,2.9926,3.0057,3.0244,3.0391000000000004,3.068,3.0901,3.1124,3.1275,3.1657,3.181,3.1931000000000003,3.2018,3.2127000000000003,3.238,3.246,3.2672000000000003,3.301,3.3174,3.3512,3.3731,3.3831,3.4118,3.4231000000000003,3.4351000000000003,3.452,3.4656000000000002,3.4849,3.4947000000000004,3.5152,3.5355000000000003,3.5594,3.5739,3.5836,3.6029,3.6314,3.6437000000000004,3.6633,3.6705,3.692,3.7046,3.7211000000000003,3.7321,3.7565000000000004,3.7914000000000003,3.8174,3.8334,3.8567,3.8684000000000003,3.8916000000000004,3.9089,3.9231000000000003,3.9433000000000002,3.9609,3.9793000000000003,3.9977,4.0161,4.0374,4.0517,4.0815,4.0946,4.128,4.1596,4.1855,4.2132000000000005,4.2333,4.2492,4.2616000000000005,4.273000000000001,4.2940000000000005,4.3038,4.3234,4.3643,4.3763000000000005,4.4034,4.435700000000001,4.4446,4.4679,4.4834000000000005,4.4955,4.5069,4.5273,4.5426,4.5716,4.5807,4.6021,4.617900000000001,4.654100000000001,4.663,4.689500000000001,4.7188,4.7401,4.760400000000001,4.787,4.8001000000000005,4.8176000000000005,4.853000000000001,4.8608,4.873200000000001,4.8951,4.9362,4.9538,4.964300000000001,4.9854,4.9999
106560:0.011000000000000001,0.0269,0.0317,0.0362,0.042100000000000005,0.056100000000000004,0.068,0.0693,0.07250000000000001,0.0728,0.0738,0.07490000000000001,0.07680000000000001,0.078,0.0942,0.1039,0.10490000000000001,0.1106,0.111,0.1416,0.1437,0.1439,0.1444,0.15230000000000002,0.1562,0.1617,0.1665,0.17200000000000001,0.1756,0.1938,0.1961,0.2,0.2066,0.21610000000000001,0.21630000000000002,0.21780000000000002,0.21980000000000002,0.2277,0.2283,0.23120000000000002,0.23240000000000002,0.2403,0.2431,0.24450000000000002,0.25270000000000004,0.2596,0.2798,0.2854,0.2943,0.2993,0.30670000000000003,0.3153,0.3171,0.318,0.3264,0.3299,0.3317,0.3357,0.33630000000000004,0.3365,0.3427,0.35200000000000004,0.35500000000000004,0.35550000000000004,0.35700000000000004,0.35760000000000003,0.3633,0.36860000000000004,0.37410000000000004,0.37870000000000004,0.3865,0.3875,0.3895,0.39130000000000004,0.3925,0.3941,0.40290000000000004,0.40490000000000004,0.4274,0.4308,0.4431,0.44420000000000004,0.46580000000000005,0.4732,0.4748,0.4767,0.48100000000000004,0.4873,0.5015000000000001,0.5047,0.5054000000000001,0.5088,0.5191,0.5223,0.5249,0.5251,0.5258,0.538,0.5534,0.5552,0.5664,0.5811000000000001,0.5874,0.5893,0.5910000000000001,0.5974,0.617,0.6205,0.6264000000000001,0.6268,0.6302,0.6379,0.6382,0.6453,0.6469,0.6558,0.6563,0.657,0.6654,0.6778000000000001,0.6787000000000001,0.6908000000000001,0.6969000000000001,0.7012,0.7064,0.7141000000000001,0.7153,0.7200000000000001,0.7236,0.7261000000000001,0.745,0.749,0.7622,0.764,0.765,0.7774000000000001,0.7824,0.7915000000000001,0.7981,0.8064,0.8220000000000001,0.8259000000000001,0.8332,0.8336,0.8453,0.8564,0.8713000000000001,0.8777,0.8871,0.8985000000000001,0.8999,0.9022,0.9075000000000001,0.9158000000000001,0.9167000000000001,0.9203,0.9403,0.9473,0.9542,0.9613,0.9638000000000001,0.9704,0.9913000000000001,1.0056,1.0173,1.0221,1.0271000000000001,1.0337,1.0345,1.0371000000000001,1.0373,1.0401,1.0467,1.0587,1.0619,1.0676,1.0699,1.0747,1.0811,1.0879,1.0909,1.1007,1.1033,1.1073,1.1102,1.1277000000000001,1.1303,1.1328,1.1404,1.1452,1.1561000000000001,1.1673,1.169,1.1692,1.1818,1.1933,1.1941000000000002,1.2158,1.2224000000000002,1.2239,1.2246000000000001,1.2535,1.2586000000000002,1.2604,1.2628000000000001,1.2669000000000001,1.2709000000000001,1.2791000000000001,1.2821,1.2969000000000002,1.3005,1.308,1.3256000000000001,1.3324,1.341,1.3416000000000001,1.3562,1.3598000000000001,1.3654000000000002,1.3681,1.3689,1.3721,1.3734000000000002,1.3875,1.3894,1.3900000000000001,1.3952,1.4105,1.4113,1.4123,1.4194,1.4308,1.4336,1.4339000000000002,1.4373,1.4417,1.4479,1.4548,1.4691,1.4723000000000002,1.4782000000000002,1.4823000000000002,1.4849,1.4883000000000002,1.4948000000000001,1.5143,1.518,1.5222,1.5235,1.5241,1.5291000000000001,1.5504,1.5541,1.5556,1.5561,1.5570000000000002,1.5593000000000001,1.572,1.5793000000000001,1.5827,1.5856000000000001,1.5882,1.5938,1.5998,1.6018000000000001,1.6247,1.6416000000000002,1.6446,1.6589,1.6673,1.6719000000000002,1.6748,1.6758000000000002,1.6827,1.6902000000000001,1.6945000000000001,1.703,1.7032,1.7241000000000002,1.7339,1.7378,1.7392,1.7512,1.7588000000000001,1.7601,1.7604000000000002,1.7664000000000002,1.7671000000000001,1.7721,1.7733,1.7894,1.7904,1.7917,1.8027000000000002,1.8078,1.8096,1.8101,1.8137,1.8162,1.8168000000000002,1.8278,1.8284,1.8366,1.8403,1.8451000000000002,1.8477000000000001,1.8646,1.8812,1.8860000000000001,1.8865,1.8978000000000002,1.9056000000000002,1.9266,1.927,1.9354,1.9409,1.9417000000000002,1.9526000000000001,1.9569,1.9611,1.9768000000000001,1.9781000000000002,1.9789,1.9956,2.0033000000000003,2.0099,2.0156,2.0161000000000002,2.0236,2.0288,2.0381,2.0395000000000003,2.0586,2.0751,2.0759000000000003,2.081,2.0963000000000003,2.1001000000000003,2.1085000000000003,2.125,2.1275,2.1358,2.1421,2.1430000000000002,2.1541,2.166,2.1705,2.1762,2.1788000000000003,2.1846,2.2036000000000002,2.2044,2.2177000000000002,2.23,2.2394000000000003,2.2418,2.2445,2.2461,2.2539000000000002,2.2736,2.2808,2.2838000000000003,2.2954000000000003,2.3063000000000002,2.3316,2.3320000000000003,2.3454,2.3474,2.3484000000000003,2.3533,2.3569,2.3641,2.3661000000000003,2.3682000000000003,2.3704,2.3737,2.3828,2.3897,2.4058,2.4149000000000003,2.4173,2.4431000000000003,2.4513000000000003,2.4517,2.4565,2.4711000000000003,2.474,2.4987,2.5014000000000003,2.5034,2.5107,2.5121,2.5143,2.5164,2.5214000000000003,2.5345,2.5447,2.5612,2.5854,2.6106000000000003,2.617,2.6205000000000003,2.628,2.6355,2.6366,2.6449000000000003,2.6521000000000003,2.6569000000000003,2.6728,2.6841,2.6882,2.7025,2.7038,2.7083,2.7234000000000003,2.7428000000000003,2.7482,2.7505,2.7721,2.7881,2.7966,2.8089,2.8108,2.8189,2.8281,2.8400000000000003,2.8461000000000003,2.8464,2.8667000000000002,2.8766000000000003,2.878,2.8877,2.9102,2.9153000000000002,2.9203,2.9210000000000003,2.9231000000000003,2.9271000000000003,2.932,2.9343000000000004,2.9354,2.9410000000000003,2.9481,2.9502,2.9531,2.9588,2.975,2.9857,2.9930000000000003,2.9934000000000003,2.9967,2.9997000000000003,3.0053,3.0130000000000003,3.0214000000000003,3.0235000000000003,3.0556,3.0638,3.0745,3.0856000000000003,3.0913,3.0926,3.0994,3.1021,3.1076,3.1123000000000003,3.1141,3.119,3.1213,3.1314,3.1328,3.1411000000000002,3.1473,3.1558,3.1567000000000003,3.1586000000000003,3.1630000000000003,3.1671,3.1685000000000003,3.1711,3.1767000000000003,3.1789,3.196,3.1962,3.1971000000000003,3.204,3.2118,3.2169000000000003,3.2198,3.2239,3.2243,3.234,3.2429,3.2470000000000003,3.258,3.2623,3.2672000000000003,3.2679,3.2704,3.2797,3.2821000000000002,3.2853000000000003,3.2897000000000003,3.2902,3.3053000000000003,3.3079,3.3166,3.3263000000000003,3.3497000000000003,3.3534,3.3646000000000003,3.3698,3.3722000000000003,3.3778,3.3795,3.3928000000000003,3.3963,3.4066,3.4162000000000003,3.4269000000000003,3.4451,3.4464,3.4474,3.4479,3.463,3.468,3.4770000000000003,3.491,3.4963,3.5,3.5010000000000003,3.5055,3.5103,3.5177,3.5231000000000003,3.5233000000000003,3.5286,3.5366,3.5621,3.5759000000000003,3.5776000000000003,3.5938000000000003,3.5944000000000003,3.5994,3.6007000000000002,3.6067,3.6108000000000002,3.6168,3.6203000000000003,3.6235000000000004,3.6297,3.6304000000000003,3.6321000000000003,3.6388000000000003,3.6487000000000003,3.6514,3.6598,3.6629,3.6693000000000002,3.6708000000000003,3.6728,3.6773000000000002,3.6786000000000003,3.6809000000000003,3.6900000000000004,3.6943,3.7006,3.7028000000000003,3.7124,3.7139,3.7234000000000003,3.7261,3.7264000000000004,3.7385,3.7404,3.7572,3.7590000000000003,3.7643,3.7783,3.7804,3.7859000000000003,3.7862,3.7965,3.797,3.7989,3.8008,3.8146,3.817,3.8249,3.8297000000000003,3.8441,3.8459000000000003,3.8546,3.8575000000000004,3.858,3.8687,3.8731,3.8857000000000004,3.8991000000000002,3.9068,3.9090000000000003,3.9099000000000004,3.9161,3.9174,3.9257,3.9305000000000003,3.9366000000000003,3.9462,3.9568000000000003,3.9571,3.9783000000000004,3.9979,4.0006,4.0052,4.01,4.0103,4.0173000000000005,4.022,4.0251,4.0294,4.0354,4.0465,4.0482000000000005,4.0541,4.0609,4.0626,4.065300000000001,4.0706,4.0946,4.0995,4.1005,4.1117,4.1131,4.1165,4.119,4.1222,4.1267000000000005,4.1273,4.1353,4.152200000000001,4.1535,4.167,4.1673,4.1759,4.1814,4.1852,4.185700000000001,4.196000000000001,4.1982,4.2018,4.208,4.2232,4.2296000000000005,4.232,4.2386,4.2731,4.274,4.2746,4.276,4.2855,4.3042,4.3131,4.316800000000001,4.3395,4.3456,4.3499,4.3504000000000005,4.3718,4.3867,4.3932,4.407900000000001,4.4081,4.4209000000000005,4.4224000000000006,4.423500000000001,4.434200000000001,4.4356,4.4411000000000005,4.4425,4.4449000000000005,4.4518,4.4592,4.4598,4.4767,4.4796000000000005,4.4881,4.4957,4.4964,4.5065,4.5143,4.519,4.524900000000001,4.539000000000001,4.5403,4.5417000000000005,4.5737000000000005,4.5742,4.588900000000001,4.5946,4.5962000000000005,4.5981000000000005,4.6025,4.607,4.609100000000001,4.6144,4.6196,4.6223,4.6245,4.6347000000000005,4.6367,4.637300000000001,4.6450000000000005,4.6509,4.6654,4.666300000000001,4.6668,4.6681,4.6705000000000005,4.6755,4.6788,4.692,4.693700000000001,4.695,4.6969,4.6975,4.7134,4.7157,4.7198,4.7266,4.7343,4.7405,4.7408,4.744800000000001,4.7559000000000005,4.7637,4.7654000000000005,4.7713,4.7729,4.7794,4.7813,4.7933,4.7961,4.8098,4.8163,4.8302000000000005,4.833200000000001,4.843500000000001,4.8445,4.8541,4.896100000000001,4.8998,4.9004,4.9007000000000005,4.902,4.904100000000001,4.9051,4.9168,4.923900000000001,4.9353,4.9371,4.9421,4.9546,4.955900000000001,4.9603,4.9613000000000005,4.9619,4.9711,4.9783,4.9789,4.9824,4.9827,4.9858,4.9862,4.9894,4.9938
106710:0.036500000000000005,0.0921,0.4743,0.8073,1.3083,2.2699000000000003,2.5755000000000003,3.3484000000000003,3.4198,3.444,3.9487,4.7123
107826:4.966
108148:0.0219,0.049800000000000004,0.1126,0.14500000000000002,0.1698,0.1915,0.21430000000000002,0.24000000000000002,0.2832,0.2964,0.32030000000000003,0.3426,0.3623,0.4173,0.4449,0.47040000000000004,0.4955,0.5148,0.5527000000000001,0.5694,0.6008,0.6303000000000001,0.6715,0.7003,0.7454000000000001,0.7699,0.7995,0.8111,0.8305,0.8563000000000001,0.8811,0.9052,0.9433,0.9738,1.0048000000000001,1.04,1.0542,1.0821,1.0993,1.1287,1.1439000000000001,1.2031,1.2418,1.2670000000000001,1.3158,1.3318,1.358,1.3743,1.3908,1.4398,1.4717,1.4931,1.5192,1.5511000000000001,1.587,1.62,1.6469,1.6757000000000002,1.695,1.7152,1.7565000000000002,1.7846000000000002,1.8148000000000002,1.8443,1.8725,1.9140000000000001,1.9382000000000001,1.963,1.9843000000000002,2.0159000000000002,2.0592,2.0797,2.1317,2.1594,2.178,2.1993,2.2284,2.2736,2.3078000000000003,2.3235,2.3503000000000003,2.3609,2.4009,2.4282,2.4508,2.4853,2.5088,2.552,2.5809,2.5961000000000003,2.633,2.6557,2.6727000000000003,2.7068000000000003,2.7375000000000003,2.7693000000000003,2.7876000000000003,2.8123,2.8283,2.853,2.8842000000000003,2.9066,2.9354,2.9749000000000003,2.9897,3.0292000000000003,3.0538000000000003,3.1056000000000004,3.1304000000000003,3.1592000000000002,3.1773000000000002,3.2238,3.2601,3.2941000000000003,3.3195,3.3511,3.3844000000000003,3.4093,3.4317,3.4674,3.4843,3.5077000000000003,3.5662000000000003,3.5895,3.6225,3.6507,3.6828000000000003,3.7052,3.7284,3.7528,3.7691000000000003,3.7895000000000003,3.8269,3.8991000000000002,3.9424,3.9706,4.0057,4.0369,4.0739,4.0966000000000005,4.1267000000000005,4.1717,4.1973,4.2222,4.2416,4.266500000000001,4.284,4.327100000000001,4.3487,4.3605,4.3829,4.4374,4.4611,4.4771,4.5076,4.5439,4.5763,4.5982,4.641500000000001,4.6647,4.7081,4.7652,4.7892,4.8009,4.8263,4.8556,4.8754,4.893400000000001,4.9145,4.9326,4.9648,4.9866
108567:0.040400000000000005,0.2962,0.5824,0.7314,0.7711,0.9782000000000001,1.2409000000000001,1.2644,1.4133,1.4618,1.7272,1.7834,2.0739,2.1811000000000003,2.3081,2.3727,2.5992,2.6167000000000002,2.9089,3.0382000000000002,3.1177,3.2243,3.5095,3.5699,3.6158,3.7064000000000004,3.8018,4.0097000000000005,4.1796,4.3273,4.4736,4.7652,4.8514,4.9107
108631:0.0198,0.033600000000000005,0.0386,0.066,0.0787,0.1095,0.1178,0.1492,0.1693,0.1802,0.20090000000000002,0.2187,0.22740000000000002,0.24880000000000002,0.2621,0.2894,0.3131,0.3405,0.3644,0.3927,0.4077,0.4273,0.456,0.4698,0.4995,0.52,0.5359,0.5694,0.6068,0.618,0.6366,0.6449,0.671,0.6794,0.7046,0.7134,0.7442000000000001,0.767,0.7885000000000001,0.7941,0.8311000000000001,0.8554,0.8717,0.8928,0.9126000000000001,0.9565,0.9835,0.9892000000000001,1.0064,1.0299,1.0399,1.068,1.0831,1.1134,1.1268,1.1492,1.1714,1.1865,1.2069,1.2215,1.2491,1.2561,1.2785,1.2923,1.3259,1.3332000000000002,1.3473000000000002,1.3743,1.3977000000000002,1.4036,1.4347,1.4506000000000001,1.4558,1.4815,1.5013,1.5104,1.5309000000000001,1.5363,1.5547,1.5691000000000002,1.5877000000000001,1.607,1.6337000000000002,1.6754,1.695,1.7097,1.7311,1.7556,1.7604000000000002,1.7959,1.8074000000000001,1.8257,1.8497000000000001,1.8582,1.8859000000000001,1.8952,1.9119000000000002,1.9375,1.9449,1.9629,1.9678,1.9881000000000002,1.995,2.0184,2.0311,2.0595,2.0651,2.0898,2.1118,2.117,2.142,2.1468000000000003,2.1747,2.1822,2.1968,2.2151,2.2224,2.2511,2.294,2.2986,2.3244000000000002,2.3426,2.3477,2.3688000000000002,2.3837,2.3989000000000003,2.4073,2.4305000000000003,2.4467000000000003,2.4861,2.4907,2.5141,2.5386,2.5574000000000003,2.5792,2.5865,2.6027,2.619,2.6362,2.6556,2.6742,2.6793,2.7072000000000003,2.7115,2.7373000000000003,2.7501,2.7657000000000003,2.7845,2.7968,2.8127,2.8278000000000003,2.8573,2.8646000000000003,2.8911000000000002,2.912,2.9247,2.9553000000000003,2.963,3.0037000000000003,3.0424,3.0576000000000003,3.0712,3.0919000000000003,3.1062000000000003,3.1303,3.1473,3.1544000000000003,3.1917,3.2003000000000004,3.2184000000000004,3.2377000000000002,3.2486,3.2796000000000003,3.2837,3.3179000000000003,3.3412,3.3640000000000003,3.3840000000000003,3.4026,3.4257,3.4369,3.4425000000000003,3.4645,3.4863,3.4956,3.5193000000000003,3.5402,3.5632,3.5847,3.6107,3.6175,3.6422000000000003,3.6636,3.6750000000000003,3.6969000000000003,3.71,3.7372,3.7593,3.7734,3.7968,3.8373000000000004,3.8469,3.8724000000000003,3.8955,3.9278000000000004,3.9451,3.962,3.98,4.0039,4.0344,4.0568,4.0894,4.105,4.1342,4.1432,4.1646,4.1914,4.1959,4.220400000000001,4.2255,4.2521,4.2598,4.2849,4.3162,4.3301,4.3409,4.3645000000000005,4.3901,4.409,4.44,4.4547,4.482600000000001,4.5063,4.515000000000001,4.543,4.553100000000001,4.573,4.6033,4.6244000000000005,4.663600000000001,4.6693,4.6939,4.7218,4.7381,4.7485,4.7723,4.8062000000000005,4.826700000000001,4.8333,4.8592,4.875500000000001,4.9088,4.9173,4.9375,4.9549,4.976500000000001,4.9926
108734:0.0204,0.17020000000000002,0.3653,0.46180000000000004,0.5755,0.6067,0.6391,0.7082,0.7931,0.9173,0.9600000000000001,1.0152,1.0334,1.1563,1.2069,1.225,1.3377000000000001,1.3745,1.4063,1.6386,1.677,1.7566000000000002,1.7987000000000002,1.8273000000000001,1.8546,1.9191,1.994,2.0628,2.0921000000000003,2.1765000000000003,2.2228,2.2453000000000003,2.2552000000000003,2.2914000000000003,2.3002000000000002,2.3298,2.3466,2.3851,2.4119,2.4873000000000003,2.5586,2.6257,2.6806,2.7664,2.8909000000000002,2.9610000000000003,3.0691,3.2822,3.3227,3.3992,3.4096,3.4373,3.4970000000000003,3.6444,3.8469,3.8802000000000003,3.8973,3.9385000000000003,4.0094,4.1411,4.1951,4.2614,4.353400000000001,4.3932,4.4985,4.546600000000001,4.6647,4.6996,4.771,4.875500000000001,4.9104,4.9599
108748:0.015700000000000002,0.025,0.0344,0.047900000000000005,0.0719,0.08080000000000001,0.11380000000000001,0.1198,0.1515,0.15910000000000002,0.17600000000000002,0.19060000000000002,0.2104,0.21830000000000002,0.23550000000000001,0.2535,0.266,0.28190000000000004,0.2937,0.3195,0.33530000000000004,0.3473,0.37120000000000003,0.3771,0.40140000000000003,0.4169,0.43760000000000004,0.4606,0.4677,0.5052,0.5265000000000001,0.5425,0.5736,0.5827,0.6133000000000001,0.6225,0.641,0.6545000000000001,0.6685,0.6749,0.6827000000000001,0.7085,0.7192000000000001,0.7531,0.7683,0.7944,0.8392000000000001,0.8569,0.8671000000000001,0.8751,0.8957,0.9061,0.916,0.9572,0.9730000000000001,0.9871000000000001,0.9948,1.0136,1.0333,1.0395,1.0717,1.0864,1.0982,1.1183,1.1280000000000001,1.1521000000000001,1.1629,1.1715,1.1807,1.1911,1.2121,1.2264000000000002,1.236,1.2572,1.2822,1.2951000000000001,1.3095,1.3309,1.3384,1.3558000000000001,1.3731,1.3793,1.3954,1.403,1.4273,1.4377,1.4544000000000001,1.461,1.4877,1.4925000000000002,1.5057,1.5182,1.5349000000000002,1.5456,1.5648,1.5911000000000002,1.5988,1.6363,1.6482,1.6821000000000002,1.6909,1.7000000000000002,1.7127000000000001,1.727,1.7318,1.7508000000000001,1.7559,1.7634,1.7821,1.7964,1.8029000000000002,1.8091000000000002,1.8299,1.8546,1.8658000000000001,1.891,1.8983,1.9189,1.9325,1.9445000000000001,1.9528,1.9639000000000002,1.9941000000000002,2.0009,2.0093,2.023,2.0389,2.0632,2.0792,2.0942000000000003,2.1048,2.1127000000000002,2.1206,2.1359,2.142,2.1476,2.182,2.1899,2.2009000000000003,2.2116000000000002,2.2173000000000003,2.2452,2.2551,2.2681,2.2912,2.2993,2.309,2.3279,2.3463000000000003,2.3517,2.3711,2.3865000000000003,2.3981,2.4119,2.4239,2.4370000000000003,2.4507000000000003,2.4758,2.4925,2.4998,2.5196,2.5289,2.5421,2.5586,2.5700000000000003,2.5874,2.6022000000000003,2.6228000000000002,2.6298,2.6607000000000003,2.6734,2.6807000000000003,2.7126,2.7378,2.7433,2.7572,2.7639,2.7922000000000002,2.8007,2.8187,2.83,2.8546,2.8661000000000003,2.8743000000000003,2.8987000000000003,2.9097,2.92,2.9291,2.9409,2.963,3.0076,3.0483000000000002,3.0614000000000003,3.0740000000000003,3.0852,3.1026000000000002,3.1357,3.1487000000000003,3.1588000000000003,3.1953,3.2197,3.2309,3.2371000000000003,3.2433,3.2802000000000002,3.2856,3.2984,3.3212,3.3362000000000003,3.3448,3.3669000000000002,3.3908,3.4051,3.4122000000000003,3.4353000000000002,3.4501,3.4726000000000004,3.4804000000000004,3.5060000000000002,3.5255,3.5457,3.5682,3.5792,3.5989,3.6164,3.6454,3.6676,3.6794000000000002,3.7051000000000003,3.7426000000000004,3.7552000000000003,3.7642,3.7978,3.8066,3.842,3.8666,3.8782,3.8926000000000003,3.8983000000000003,3.9288000000000003,3.9399,3.9694000000000003,3.9845,3.9946,4.008900000000001,4.016,4.0392,4.0581000000000005,4.0707,4.0817000000000005,4.0920000000000005,4.1021,4.1122000000000005,4.1376,4.1482,4.1584,4.1713000000000005,4.19,4.1977,4.2102,4.2236,4.238700000000001,4.2577,4.2673000000000005,4.2879000000000005,4.3142000000000005,4.3335,4.3421,4.3667,4.3962,4.405,4.4091000000000005,4.4162,4.4426000000000005,4.456,4.4851,4.5131000000000006,4.5463000000000005,4.557,4.577,4.6138,4.625,4.6348,4.669700000000001,4.6809,4.698,4.7090000000000005,4.7184,4.7293,4.7389,4.7523,4.7742,4.7842,4.810700000000001,4.8305,4.8383,4.8566,4.8718,4.8808,4.9134,4.921600000000001,4.9415000000000004,4.9556000000000004,4.9758000000000004
108993:0.2521,0.6719,0.7025,1.292,1.7089,1.8866,2.212,2.4076,2.4850000000000003,2.6155,2.7072000000000003,2.7912000000000003,3.0964,3.1517,3.1984000000000004,3.3594,3.4309000000000003,3.6125000000000003,3.8387000000000002,4.1649,4.3875,4.5438,4.9546
109232:0.0188,0.036000000000000004,0.0587,0.1086,0.1516,0.167,0.2192,0.24700000000000003,0.29000000000000004,0.3136,0.32930000000000004,0.3588,0.3957,0.4176,0.4995,0.5596,0.5699000000000001,0.5877,0.5971000000000001,0.6157,0.6314000000000001,0.663,0.6982,0.7351000000000001,0.7454000000000001,0.7621,0.8149000000000001,0.8293,0.8888,0.9504,1.0098,1.0281,1.0609,1.1126,1.2454,1.3122,1.3262,1.3603,1.3749,1.3937000000000002,1.4846000000000001,1.5289000000000001,1.6189,1.6661000000000001,1.7550000000000001,1.784,1.8186,1.8760000000000001,1.9363000000000001,1.9668,1.9748,2.028,2.0587,2.0859,2.1613,2.1714,2.1909,2.2688,2.2887,2.3832,2.4879000000000002,2.5341,2.5834,2.5899,2.6049,2.6207000000000003,2.6455,2.6933000000000002,2.7331000000000003,2.7667,2.7849,2.7997,2.8846000000000003,2.9133,2.9555000000000002,2.9903,3.0062,3.0288,3.0459,3.0559000000000003,3.0704000000000002,3.0820000000000003,3.0963000000000003,3.1196,3.1441000000000003,3.1812,3.2112000000000003,3.3000000000000003,3.313,3.3373000000000004,3.3854,3.3995,3.4381000000000004,3.4894000000000003,3.5111000000000003,3.6,3.6127000000000002,3.6442,3.7223,3.7554000000000003,3.8341000000000003,3.8693000000000004,3.9254000000000002,3.9535,3.9635000000000002,4.0377,4.0969,4.2234,4.2438,4.2575,4.2839,4.3251,4.3627,4.3909,4.4072000000000005,4.4374,4.4707,4.5103,4.53,4.5538,4.5966000000000005,4.6073,4.6216,4.6564000000000005,4.693700000000001,4.794300000000001,4.8062000000000005,4.8589,4.8676,4.8967,4.9062,4.9909
109486:0.1338,0.3724,0.4408,0.4786,0.5760000000000001,0.6772,0.808,0.9001,0.9951000000000001,1.0477,1.1177000000000001,1.2329,1.3419,1.3867,1.4833,1.6320000000000001,1.8042,1.9475,1.9851,2.0808,2.1704,2.3095000000000003,2.3736,2.4399,2.5268,2.6344000000000003,2.7071,2.9477,3.0107,3.0675000000000003,3.1413,3.2259,3.2782,3.4290000000000003,3.5912,3.6782000000000004,3.7754000000000003,3.8478000000000003,3.8939000000000004,4.1531,4.2657,4.4759,4.6531,4.7229
109569:0.4582,0.496,2.3205,3.2945,3.8565
109663:0.0039000000000000003,0.005200000000000001,0.012,0.0166,0.0264,0.030600000000000002,0.037200000000000004,0.0403,0.0514,0.0614,0.066,0.08,0.0874,0.0959,0.098,0.10260000000000001,0.1039,0.1189,0.12040000000000001,0.12190000000000001,0.1325,0.1486,0.1492,0.1502,0.15380000000000002,0.1627,0.1696,0.17450000000000002,0.1761,0.1778,0.1799,0.1817,0.1826,0.1864,0.2038,0.22060000000000002,0.2262,0.2281,0.23090000000000002,0.2412,0.2431,0.2441,0.2467,0.24700000000000003,0.2494,0.2619,0.2622,0.268,0.2735,0.2788,0.2812,0.2872,0.2889,0.2926,0.2943,0.3034,0.3301,0.33940000000000003,0.3406,0.34540000000000004,0.34840000000000004,0.37210000000000004,0.38220000000000004,0.386,0.3955,0.4027,0.4243,0.4283,0.42910000000000004,0.4314,0.4324,0.43460000000000004,0.4385,0.4425,0.4481,0.455,0.4727,0.5075000000000001,0.5329,0.5335,0.5352,0.5374,0.5408000000000001,0.5439,0.5521,0.5559000000000001,0.5699000000000001,0.5717,0.5760000000000001,0.5779000000000001,0.5806,0.5944,0.5973,0.6085,0.6148,0.6293000000000001,0.6304000000000001,0.6406000000000001,0.6425000000000001,0.6455000000000001,0.6495000000000001,0.6537000000000001,0.6563,0.6592,0.6606000000000001,0.6668000000000001,0.6795,0.6805,0.6824,0.6893,0.6932,0.7025,0.7087,0.7123,0.7273000000000001,0.7289,0.732,0.7323000000000001,0.7332000000000001,0.739,0.7476,0.7581,0.7692,0.7753,0.7824,0.7922,0.809,0.8114,0.8175,0.8256,0.8274,0.8296,0.8350000000000001,0.8352,0.8400000000000001,0.8409000000000001,0.8559,0.8632000000000001,0.8648,0.8713000000000001,0.8726,0.8793000000000001,0.8894000000000001,0.8968,0.9275,0.9510000000000001,0.9525,0.9544,0.9548000000000001,0.9705,0.9744,0.9775,0.9835,0.9878,0.9885,0.9919,0.9952000000000001,1.0084,1.0156,1.0354,1.0363,1.0435,1.0467,1.0507,1.0535,1.0563,1.0676,1.0785,1.0826,1.1043,1.1108,1.1324,1.135,1.1542000000000001,1.1603,1.1768,1.1933,1.1974,1.1986,1.2143000000000002,1.2156,1.2206000000000001,1.233,1.2427000000000001,1.2483,1.2524,1.2554,1.2642,1.2862,1.2875,1.2970000000000002,1.2994,1.3247,1.3275000000000001,1.3331000000000002,1.3344,1.3369,1.3391,1.3398,1.3434000000000001,1.3487,1.3503,1.3571,1.3968,1.4079000000000002,1.4094,1.4125,1.4187,1.4322000000000001,1.4338,1.4446,1.4527,1.4621000000000002,1.4667000000000001,1.4702000000000002,1.4721,1.4793,1.4871,1.4922,1.5082,1.5355,1.5416,1.5577,1.5598,1.5638,1.5713000000000001,1.5768,1.5794000000000001,1.5802,1.5859,1.5945,1.5953000000000002,1.6152,1.6261,1.6265,1.6321,1.6417000000000002,1.6423,1.6439000000000001,1.6464,1.6649,1.6696,1.6700000000000002,1.6877,1.6944000000000001,1.7014,1.7088,1.7115,1.7118,1.7186000000000001,1.7337,1.7507000000000001,1.7714,1.7768000000000002,1.7824,1.784,1.8055,1.8186,1.8250000000000002,1.8253000000000001,1.8287,1.8338,1.8434000000000001,1.8532000000000002,1.8539,1.8548,1.8598000000000001,1.8641,1.8674000000000002,1.8734000000000002,1.8796000000000002,1.8823,1.8901000000000001,1.8906,1.891,1.9172,1.9204,1.9253,1.9521000000000002,1.9681000000000002,1.9683000000000002,1.9754,1.9812,2.005,2.0055,2.0075000000000003,2.0105,2.0138000000000003,2.0227,2.0334000000000003,2.0526,2.0715,2.0763000000000003,2.0766,2.1138,2.1151,2.1407000000000003,2.17,2.1739,2.1985,2.2003,2.2111,2.2185,2.221,2.2402,2.2432000000000003,2.247,2.2489,2.2592000000000003,2.2597,2.2798000000000003,2.2828,2.2864,2.2868,2.289,2.2949,2.3119,2.3133,2.323,2.3314,2.3419000000000003,2.3423000000000003,2.3459000000000003,2.3498,2.3552,2.3561,2.3567,2.3691,2.3693,2.3764000000000003,2.3801,2.3805,2.3834,2.3879,2.3887,2.3891,2.3915,2.3922000000000003,2.398,2.4055,2.4083,2.4109000000000003,2.4125,2.4346,2.4621,2.4682,2.4684,2.4799,2.5011,2.5074,2.5155000000000003,2.5165,2.5368,2.5377,2.5413,2.5579,2.5682,2.5689,2.5753,2.5892,2.5913,2.5924,2.5944000000000003,2.599,2.6022000000000003,2.6167000000000002,2.6327000000000003,2.6334,2.645,2.6494,2.6559,2.6592000000000002,2.6758,2.6885000000000003,2.6954000000000002,2.6983,2.6993,2.6999,2.7002,2.7102,2.726,2.7298,2.7381,2.7405,2.7426,2.7586,2.7655000000000003,2.7667,2.7676000000000003,2.7798000000000003,2.7863,2.8121,2.8151,2.8171,2.8252,2.843,2.8546,2.8568000000000002,2.878,2.9123,2.9169,2.9196,2.9213,2.9246000000000003,2.9284000000000003,2.9289,2.9315,2.9341,2.9349000000000003,2.9357,2.9369,2.9397,2.962,2.9629000000000003,2.9851,2.9935,2.995,2.9988,3.0002,3.0006,3.0021,3.0051,3.0322,3.0393000000000003,3.0461,3.0514,3.0518,3.0536000000000003,3.0614000000000003,3.0694000000000004,3.072,3.0919000000000003,3.0991,3.1186000000000003,3.1189,3.1216,3.1242,3.1322,3.1344000000000003,3.1357,3.1433,3.1468000000000003,3.1492,3.1707,3.1881,3.1909,3.1988000000000003,3.2035,3.206,3.2199,3.2219,3.2235,3.237,3.2387,3.2417000000000002,3.2435,3.2458,3.2648,3.2674000000000003,3.2936,3.2944,3.3071,3.3133000000000004,3.3211,3.3225000000000002,3.3328,3.3472,3.3479,3.3507000000000002,3.3562000000000003,3.3600000000000003,3.3812,3.3867000000000003,3.3873,3.391,3.3966000000000003,3.3976,3.4013,3.4120000000000004,3.4161,3.4214,3.4228,3.4283,3.4326000000000003,3.4439,3.4574000000000003,3.4621,3.4695,3.4761,3.4801,3.4934000000000003,3.5067000000000004,3.5099,3.5140000000000002,3.5176000000000003,3.519,3.5290000000000004,3.5371,3.5401000000000002,3.5426,3.5483000000000002,3.5753000000000004,3.5794,3.5967000000000002,3.6008,3.6034,3.6057,3.615,3.6283000000000003,3.6301,3.6387,3.6512000000000002,3.6604,3.661,3.6664000000000003,3.6679000000000004,3.6681000000000004,3.6808,3.6835,3.6967000000000003,3.7098,3.7188000000000003,3.7227,3.7234000000000003,3.7244,3.7273,3.7282,3.7449000000000003,3.7522,3.7532,3.7571000000000003,3.7579000000000002,3.7743,3.7754000000000003,3.7777000000000003,3.7799,3.785,3.7878000000000003,3.8015000000000003,3.8047,3.8091000000000004,3.8268,3.8297000000000003,3.8333000000000004,3.8358000000000003,3.8374,3.8395,3.8422,3.8527,3.8601,3.862,3.8718000000000004,3.8839,3.8851,3.8859000000000004,3.8894,3.8961,3.899,3.9009,3.9022,3.9088000000000003,3.9132000000000002,3.927,3.9314,3.9352,3.9429000000000003,3.9458,3.9503000000000004,3.9527,3.9561,3.9595000000000002,3.9633000000000003,3.9673000000000003,3.9675000000000002,3.9775,3.9905000000000004,3.9967,4.0019,4.0113,4.0144,4.026,4.0292,4.033,4.0372,4.0599,4.07,4.0766,4.099200000000001,4.101100000000001,4.1168000000000005,4.1242,4.1256,4.1304,4.1402,4.1445,4.1506,4.1656,4.168200000000001,4.1865000000000006,4.1952,4.1992,4.2,4.2083,4.2089,4.2226,4.2355,4.2472,4.2532000000000005,4.2657,4.2664,4.2687,4.2860000000000005,4.2884,4.2901,4.290900000000001,4.3026,4.3078,4.3084,4.3179,4.3221,4.3262,4.3391,4.341,4.3491,4.3605,4.3612,4.375500000000001,4.3809000000000005,4.4074,4.4078,4.4113,4.4305,4.4411000000000005,4.4534,4.4541,4.457800000000001,4.4636000000000005,4.4830000000000005,4.484500000000001,4.500500000000001,4.5242,4.526,4.5364,4.5513,4.5676000000000005,4.5866,4.595400000000001,4.5989,4.605700000000001,4.6092,4.611000000000001,4.6153,4.6212,4.6243,4.6337,4.6591000000000005,4.668,4.6692,4.6726,4.6788,4.686100000000001,4.6892000000000005,4.6901,4.7032,4.7156,4.7323,4.7337,4.7361,4.7539,4.7641,4.7675,4.7687,4.771,4.7946,4.8042,4.8097,4.811100000000001,4.8169,4.8177,4.827500000000001,4.8304,4.833200000000001,4.8604,4.868,4.8684,4.8697,4.8785,4.8790000000000004,4.8849,4.896100000000001,4.9058,4.9116,4.9187,4.9367,4.9397,4.9473,4.9519,4.9562,4.9577,4.9789,4.9869,4.988700000000001,4.990600000000001
110109:1.0409000000000002,1.2389000000000001,2.258,2.3051,3.4142,3.9054
110423:0.8848,1.4655,2.1193,2.2551,2.7190000000000003,3.3466,3.5702000000000003
110751:0.0587,0.3375,1.3543,1.8304,1.9020000000000001,2.3921,2.588,3.4558,3.6931000000000003,3.8154000000000003,4.11,4.343100000000001,4.754300000000001
110931:0.1394,0.3467,4.808800000000001
111464:0.28400000000000003
111496:0.34750000000000003,0.926,1.5172,2.0132,2.2287,2.8977,3.7847000000000004,3.9802000000000004,4.1337,4.3559,4.8157000000000005
112031:1.0292000000000001,1.3592,1.8373000000000002,1.9069,3.4602000000000004,3.6978,4.1168000000000005,4.3494,4.762300000000001
112096:0.0391
112240:0.0548,0.0767,0.14070000000000002,0.1761,0.2146,0.24780000000000002,0.30010000000000003,0.3644,0.4088,0.4762,0.5316000000000001,0.5799000000000001,0.6452,0.7113,0.752,0.8202,0.8639,0.9521000000000001,1.0343,1.0687,1.1123,1.1732,1.2248,1.2667000000000002,1.3338,1.3724,1.4185,1.4978,1.5391000000000001,1.5885,1.6503,1.6969,1.7473,1.7757,1.852,1.9074,1.9535,1.9986000000000002,2.0595,2.1262000000000003,2.1792000000000002,2.2501,2.3209,2.3633,2.451,2.5225,2.5643000000000002,2.6287000000000003,2.7118,2.7591,2.8467000000000002,2.9022,2.9503,2.9774000000000003,3.0759000000000003,3.1019,3.1492,3.2043000000000004,3.261,3.3215000000000003,3.3835,3.4243,3.4712,3.5213,3.5707,3.6126,3.6702000000000004,3.7133000000000003,3.7621,3.8028000000000004,3.8495000000000004,3.8875,3.9364000000000003,4.0067,4.077100000000001,4.1238,4.178100000000001,4.2250000000000005,4.271100000000001,4.3166,4.3661,4.4288,4.5065,4.5682,4.6338,4.6814,4.7323,4.772200000000001,4.834700000000001,4.8664000000000005,4.9462,4.997
112729:0.0363,0.4726,0.8068000000000001,0.9305,1.3078,2.2679,2.5763000000000003,3.4200000000000004,3.9453,4.7099
112815:0.1338,1.061,1.857
113518:0.7031000000000001,1.2929000000000002,3.2076000000000002,4.1477
113636:1.002,1.391,1.9907000000000001,2.1769000000000003,2.318,2.4469000000000003,2.5336000000000003,3.853
113894:0.015700000000000002,0.0342,0.0637,0.1066,0.149,0.16720000000000002,0.1966,0.24760000000000001,0.28650000000000003,0.3115,0.3632,0.4042,0.45570000000000005,0.49560000000000004,0.5680000000000001,0.6042000000000001,0.6356,0.6693,0.7020000000000001,0.7408,0.784,0.8278000000000001,0.8902,0.9107000000000001,0.9541000000000001,0.9843000000000001,1.0063,1.0275,1.0652000000000001,1.1115000000000002,1.1491,1.1835,1.2189,1.2892000000000001,1.3285,1.343,1.3723,1.3989,1.4517,1.4792,1.4987000000000001,1.5315,1.5852000000000002,1.6317000000000002,1.6727,1.7074,1.7532,1.7944,1.8224,1.8497000000000001,1.8821,1.9119000000000002,1.9415,1.9847000000000001,2.0272,2.0584000000000002,2.0899,2.1126,2.1391,2.1721,2.2179,2.25,2.2939000000000003,2.322,2.3406000000000002,2.3810000000000002,2.4055,2.4446000000000003,2.4849,2.5373,2.5563000000000002,2.5813,2.6155,2.6524,2.6753,2.7070000000000003,2.7461,2.7806,2.8611,2.8884000000000003,2.9532000000000003,3.0006,3.0405,3.0693,3.1444,3.1896,3.2368,3.277,3.3154000000000003,3.3616,3.3825000000000003,3.4010000000000002,3.438,3.4912,3.5169,3.6084,3.6385,3.6944000000000004,3.7357,3.8351,3.87,3.9264,3.9572000000000003,4.0015,4.0321,4.087000000000001,4.1313,4.162100000000001,4.1928,4.2211,4.2565,4.2827,4.3263,4.3871,4.4377,4.4785,4.5402000000000005,4.570600000000001,4.6228,4.6653,4.6912,4.7439,4.8285,4.8735,4.9066,4.9148000000000005,4.9512,4.989800000000001
114374:0.044000000000000004,0.5072,3.9663000000000004
114492:0.47850000000000004,0.5826,2.529,2.9492000000000003,3.7771000000000003,4.1605
114568:1.1568
115035:0.0545,0.2399,0.2938,0.38430000000000003,0.5598000000000001,0.5922000000000001,0.6602,0.7406,0.9084000000000001,1.0295,1.0587,1.1004,1.2287000000000001,1.3038,1.3506,1.6026,1.6629,1.7515,1.8107,1.885,1.9267,1.9705000000000001,2.0064,2.0797,2.1475,2.1842,2.2604,2.2972,2.357,2.4122,2.4894000000000003,2.5321000000000002,2.584,2.6381,2.6752000000000002,2.7091000000000003,2.7619000000000002,2.8188,2.8812,2.9490000000000003,2.9857,3.0537,3.1383,3.2902,3.3252,3.3973,3.4351000000000003,3.4913000000000003,3.5706,3.72,3.7558000000000002,3.8293000000000004,3.9584,4.2568,4.322900000000001,4.3494,4.398000000000001,4.4619,4.5035,4.548900000000001,4.6009,4.638,4.678100000000001,4.7677000000000005,4.8644,4.9013,4.9885
115210:1.8797000000000001
115273:1.1296000000000002,1.4996,4.173
115366:0.0385,0.499,1.1506,1.7585000000000002,2.2975000000000003,2.3846000000000003,2.5861,3.6832000000000003,3.9610000000000003,4.1125
115411:0.0337,0.4687,0.8037000000000001,0.9271,1.3043,2.2641,2.5735,3.4167,3.9415,4.706300000000001
115540:0.37520000000000003,0.48140000000000005,0.5798,1.3907,2.5302000000000002,3.2299,4.2696000000000005,4.6577
115771:0.0468,0.0989,0.1645,0.20620000000000002,0.25470000000000004,0.309,0.3541,0.4514,0.5179,0.5645,0.6331,0.6525000000000001,0.6916,0.7256,0.7665000000000001,0.8256,0.8792000000000001,0.9036000000000001,0.9472,0.9964000000000001,1.0657,1.1105,1.1472,1.1767,1.2192,1.2423,1.2784,1.3423,1.3840000000000001,1.4425000000000001,1.4953,1.5464,1.6264,1.6871,1.7156,1.7561,1.8435000000000001,1.887,1.937,1.9824000000000002,2.0211,2.0548,2.0843000000000003,2.1106000000000003,2.1631,2.1891000000000003,2.2483,2.2921,2.3334,2.3797,2.4188,2.4887,2.5134000000000003,2.5508,2.5787,2.6112,2.6477,2.6843,2.7270000000000003,2.7550000000000003,2.8221000000000003,2.857,2.9243,2.9524000000000004,2.9949000000000003,3.065,3.1457,3.1967000000000003,3.2150000000000003,3.2423,3.311,3.3529,3.3903000000000003,3.4179000000000004,3.4855,3.5146,3.5548,3.6104000000000003,3.6405000000000003,3.6710000000000003,3.7336,3.7612,3.7858,3.8318000000000003,3.8677,3.8963,3.9218,3.951,3.9878,4.0499,4.1082,4.1342,4.1868,4.2176,4.2534,4.276400000000001,4.322,4.341200000000001,4.402200000000001,4.446400000000001,4.5015,4.5393,4.5829,4.6196,4.6516,4.6935,4.7311000000000005,4.8002,4.8338,4.8599000000000006,4.9048,4.9667,4.9965
115960:0.4934,2.5399000000000003
115968:0.1351,0.37120000000000003,0.4752,0.5764,0.9399000000000001,1.1076000000000001,1.2374,1.3883,1.6649,1.9847000000000001,2.1365000000000003,2.176,2.2817000000000003,2.3747000000000003,2.5255,2.5354,2.8453,2.9519,3.2265,3.5912,3.7577000000000003,3.7746000000000004,4.2662,4.654
115976:0.5651,0.6634,1.8201,3.8157,3.9622,4.4733,4.91
116067:0.1395,0.1506,0.3415,0.6779000000000001,0.8348,0.917,1.5069000000000001,2.007,2.2137000000000002,3.587,3.7749,3.9647,4.1254,4.349600000000001,4.8036,4.8186
116635:0.0853,0.2099,0.31620000000000004,0.5650000000000001,0.6558,0.7088,1.3583,1.5744,1.6844000000000001,1.9201000000000001,2.0477000000000003,2.3400000000000003,2.4399,2.4722,2.5361000000000002,2.8233,3.1395,3.4381000000000004,3.7704,3.8064,3.9683,4.1196,4.2019,4.3015,4.3926,4.4964,4.6102,4.6424,4.720400000000001,4.7893,4.9059,4.9735000000000005
116721:0.020800000000000003,0.1802
116777:0.0521,0.10260000000000001,0.17270000000000002,0.2127,0.2595,0.3138,0.3609,0.4551,0.5221,0.5683,0.6371,0.6672,0.6985,0.7325,0.7925000000000001,0.8315,0.8827,0.9112,0.9568000000000001,1.0043,1.0693000000000001,1.1201,1.1622000000000001,1.2222,1.2488000000000001,1.2905,1.3516000000000001,1.3923,1.4485000000000001,1.4994,1.5532000000000001,1.6332,1.6926,1.7603,1.8468,1.8905,1.9411,1.9872,2.0282,2.0609,2.1132,2.1701,2.1944,2.2523,2.2971,2.3408,2.386,2.4244000000000003,2.4929,2.5293,2.5811,2.6165000000000003,2.6628000000000003,2.6927000000000003,2.7344,2.8249,2.8759,2.9290000000000003,2.9575,3.0026,3.0692,3.1503,3.2014,3.2273,3.2563,3.3148,3.3562000000000003,3.3973,3.4262,3.4895,3.5586,3.6137,3.6462000000000003,3.6863,3.744,3.7901000000000002,3.8371000000000004,3.8749000000000002,3.9097000000000004,3.9376,3.9792,4.0545,4.1319,4.1655,4.2201,4.2596,4.2854,4.3319,4.4064000000000005,4.4508,4.5052,4.545100000000001,4.6227,4.6667000000000005,4.7102,4.8051,4.8446,4.8735,4.913,4.9718
116843:0.0468,0.082,0.11130000000000001,0.1458,0.18610000000000002,0.22390000000000002,0.2666,0.302,0.341,0.38480000000000003,0.4136,0.4526,0.47400000000000003,0.5133,0.5613,0.5951000000000001,0.638,0.6709,0.7119000000000001,0.7456,0.7879,0.8318000000000001,0.8580000000000001,0.9081,0.9480000000000001,0.9823000000000001,1.0194,1.0455,1.0818,1.1151,1.1444,1.1749,1.2156,1.2394,1.2652,1.3084,1.3301,1.3727,1.4098000000000002,1.4429,1.4835,1.51,1.5375,1.5804,1.6059,1.6413,1.6746,1.7042000000000002,1.7307000000000001,1.7579,1.7932000000000001,1.8290000000000002,1.8664,1.9134,1.9507,1.993,2.0397000000000003,2.0751,2.1211,2.1511,2.1769000000000003,2.2088,2.238,2.2676000000000003,2.3177000000000003,2.3422,2.3738,2.4212000000000002,2.4529,2.4823,2.5157000000000003,2.5582000000000003,2.5914,2.619,2.6665,2.7036000000000002,2.7702,2.8118000000000003,2.8504,2.8890000000000002,2.9182,2.9561,2.9895,3.0168,3.085,3.1251,3.1565000000000003,3.1861,3.2119,3.2451000000000003,3.2675,3.2964,3.3253000000000004,3.3604000000000003,3.4028,3.4397,3.4770000000000003,3.5182,3.5512,3.5799000000000003,3.6118,3.6475,3.6867,3.7201,3.7498,3.7899000000000003,3.8167,3.8501000000000003,3.8825000000000003,3.9126000000000003,3.9743000000000004,4.0077,4.0388,4.072900000000001,4.1174,4.1547,4.1882,4.2151000000000005,4.2462,4.2708,4.3106,4.3367,4.3714,4.3993,4.4344,4.4664,4.5032000000000005,4.5399,4.572,4.6128,4.6454,4.6773,4.7095,4.7354,4.7614,4.7938,4.8295,4.8657,4.8974,4.930000000000001,4.966
116937:0.0176,0.045000000000000005,0.0641,0.0766,0.1097,0.1313,0.1437,0.1668,0.1842,0.20170000000000002,0.2129,0.2494,0.2672,0.29400000000000004,0.3199,0.3477,0.3633,0.3824,0.3975,0.41490000000000005,0.4323,0.4504,0.4681,0.4975,0.5103,0.5368,0.5585,0.5738,0.5959,0.6127,0.6408,0.6606000000000001,0.6735,0.6985,0.7119000000000001,0.7468,0.7565000000000001,0.7664000000000001,0.7874,0.8277,0.8399000000000001,0.86,0.892,0.9067000000000001,0.9379000000000001,0.9512,0.9755,0.9847,1.0051,1.0173,1.0317,1.0496,1.0609,1.0831,1.1107,1.1349,1.1483,1.1646,1.1751,1.215,1.2275,1.2583,1.2825,1.3177,1.3275000000000001,1.3498,1.3661,1.3861,1.4040000000000001,1.4152,1.4406,1.4696,1.4847000000000001,1.4976,1.5096,1.5238,1.5508000000000002,1.5751000000000002,1.586,1.6029,1.6275000000000002,1.6412,1.6548,1.6766,1.6979000000000002,1.7083000000000002,1.7259,1.7483000000000002,1.7623,1.7754,1.8030000000000002,1.8161,1.8276000000000001,1.8435000000000001,1.866,1.8854000000000002,1.9094,1.9356,1.953,1.9836,1.9965000000000002,2.0205,2.0497,2.0599000000000003,2.0921000000000003,2.1189,2.1311,2.1419,2.1630000000000003,2.1745,2.205,2.2306,2.2503,2.2654,2.2859000000000003,2.313,2.3438000000000003,2.362,2.3765,2.3923,2.4147000000000003,2.4465,2.4631000000000003,2.4825,2.5098000000000003,2.5228,2.5538000000000003,2.5735,2.5904000000000003,2.6045000000000003,2.6165000000000003,2.6390000000000002,2.6579,2.6925000000000003,2.7072000000000003,2.7339,2.7541,2.7845,2.8139000000000003,2.8368,2.8533,2.8682000000000003,2.8994,2.9168000000000003,2.9454000000000002,2.9582,2.9801,2.9963,3.0117000000000003,3.0285,3.0483000000000002,3.0711,3.0844,3.1044,3.1222000000000003,3.1564,3.1763000000000003,3.1879,3.2041,3.2151,3.2371000000000003,3.2542,3.2662,3.2856,3.3048,3.3147,3.3522000000000003,3.3658,3.3783000000000003,3.4009,3.4237,3.4505000000000003,3.4673000000000003,3.5072,3.5195000000000003,3.5405,3.5603000000000002,3.5835000000000004,3.5969,3.6086,3.6387,3.6662000000000003,3.7011000000000003,3.7355,3.7502,3.7784,3.7937000000000003,3.8106,3.8306,3.8459000000000003,3.8641,3.8849,3.8965,3.9139000000000004,3.9291,3.9594,3.9737,3.987,4.0225,4.0355,4.0641,4.0842,4.1096,4.1301000000000005,4.1453,4.1707,4.1865000000000006,4.197900000000001,4.2152,4.2324,4.250900000000001,4.274900000000001,4.315300000000001,4.3366,4.355,4.3735,4.390000000000001,4.4017,4.4313,4.4505,4.466600000000001,4.5029,4.5215000000000005,4.5465,4.559200000000001,4.5717,4.5886000000000005,4.6084000000000005,4.629300000000001,4.6469000000000005,4.6586,4.674300000000001,4.6977,4.7193000000000005,4.7298,4.7453,4.7601,4.7861,4.805000000000001,4.8273,4.8514,4.873600000000001,4.8949,4.9115,4.9261,4.9452,4.972300000000001,4.992
117221:0.1438,0.3406,0.676,1.5086000000000002,3.9629000000000003,4.3547,4.8132
117257:0.0463,0.0854,0.16110000000000002,0.1923,0.24070000000000003,0.26580000000000004,0.3381,0.37770000000000004,0.46690000000000004,0.5774,0.6475000000000001,0.6817000000000001,0.7268,0.8017000000000001,0.8667,0.921,0.9888,1.0403,1.0947,1.181,1.2305000000000001,1.2971000000000001,1.3408,1.3828,1.4909000000000001,1.5631000000000002,1.6425,1.7126000000000001,1.7642,1.8071000000000002,1.8671,1.9269,1.9656,2.0202,2.1021,2.1499,2.2039,2.2594000000000003,2.3056,2.3520000000000003,2.4123,2.4562,2.5274,2.565,2.6291,2.6821,2.7666,2.8336,2.8761,2.9303000000000003,2.968,3.0192,3.0780000000000003,3.1537,3.2465,3.2908,3.3442000000000003,3.4088000000000003,3.5045,3.5861,3.6241000000000003,3.6768,3.7683,3.8058,3.9012000000000002,3.9410000000000003,4.0685,4.1074,4.170100000000001,4.2024,4.2941,4.3773,4.4557,4.5178,4.6264,4.7039,4.7382,4.7832,4.8482,4.8851,4.9663
118139:0.0632,0.24880000000000002,0.3007,0.3895,0.5648000000000001,0.6035,0.6647000000000001,0.7451,0.914,1.0629,1.1084,1.3103,1.3656000000000001,1.6206,1.7575,1.8205,1.9337000000000002,2.084,2.1914000000000002,2.363,2.4287,2.4943,2.5944000000000003,2.6795,2.7663,2.8294,2.8923,2.9637000000000002,3.0017,3.0581,3.1426000000000003,3.2985,3.3307,3.4052000000000002,3.4958,3.5781,3.7286,3.7599,3.8334,3.9638,4.2614,4.4033,4.4701,4.5077,4.6032,4.646,4.7797,4.8754,4.9096
118523:0.0385,0.5036,1.3446,2.3172,3.9623000000000004,4.4879
118536:0.1287,0.1952,0.2467,0.3005,0.33990000000000004,0.3667,0.4651,0.49420000000000003,0.5708,0.6028,0.673,0.7751,0.8175,0.9344,1.0715000000000001,1.3327,1.372,1.493,1.6191,1.6560000000000001,1.758,1.7973000000000001,1.9336,1.9760000000000002,2.0323,2.0804,2.228,2.2827,2.3626,2.3759,2.5172000000000003,2.5933,2.7439,2.9351000000000003,2.9988,3.0809,3.2363,3.2755,3.6832000000000003,3.7613000000000003,3.8144,3.9605,4.1089,4.2331,4.2883000000000004,4.3578,4.4093,4.4785,4.6018,4.6833,4.8097,4.8312,4.989
118810:2.0247,4.3693,4.8260000000000005
118933:1.6133000000000002,2.2616,3.6026000000000002,4.3425
119690:0.0325,0.0673,0.0839,0.1179,0.1444,0.16790000000000002,0.1973,0.2134,0.23470000000000002,0.26,0.2848,0.3124,0.3357,0.35950000000000004,0.3879,0.4116,0.44220000000000004,0.46790000000000004,0.5027,0.5246000000000001,0.5521,0.5809000000000001,0.614,0.6342,0.6557000000000001,0.6848000000000001,0.7147,0.7402000000000001,0.7607,0.7857000000000001,0.8194,0.8389000000000001,0.8589,0.9041,0.9254,0.9537,0.9785,1.0111,1.0292000000000001,1.0459,1.0756000000000001,1.1052,1.1298000000000001,1.1492,1.1700000000000002,1.2037,1.2256,1.2592,1.2854,1.3229,1.3432000000000002,1.3635000000000002,1.3871,1.4077000000000002,1.4363000000000001,1.4676,1.4875,1.5085000000000002,1.5311000000000001,1.5552000000000001,1.5830000000000002,1.6035000000000001,1.6328,1.6513,1.6853,1.7065000000000001,1.7331,1.7525000000000002,1.7710000000000001,1.7935,1.8188000000000002,1.8523,1.8860000000000001,1.9079000000000002,1.937,1.9583000000000002,1.9834,2.013,2.0428,2.0656,2.0940000000000003,2.1265,2.1447000000000003,2.1709,2.2064,2.2421,2.2655000000000003,2.3116000000000003,2.3405,2.3591,2.3878,2.4163,2.4512,2.478,2.5061,2.5262000000000002,2.5580000000000003,2.5831,2.6059,2.6318,2.6604,2.6956,2.7271,2.7590000000000003,2.7839,2.815,2.8429,2.8657000000000004,2.8972,2.9258,2.9548,2.9842,3.0117000000000003,3.0491,3.0759000000000003,3.1057,3.1380000000000003,3.1609000000000003,3.1807000000000003,3.2028000000000003,3.2362,3.2553,3.2744,3.2942,3.3196000000000003,3.3449,3.3742,3.4085,3.4343000000000004,3.4587000000000003,3.479,3.5053,3.5321000000000002,3.5569,3.5791000000000004,3.6012,3.6147,3.649,3.6717,3.7006,3.7272000000000003,3.7559,3.7806,3.8005,3.825,3.8464,3.8689,3.8907000000000003,3.9079,3.9318000000000004,3.9693,3.9969,4.0218,4.051,4.0743,4.1024,4.1302,4.1549000000000005,4.1851,4.2061,4.2267,4.2540000000000004,4.2738000000000005,4.2983,4.321000000000001,4.351100000000001,4.3784,4.4005,4.426200000000001,4.4478,4.4816,4.508500000000001,4.538600000000001,4.5596000000000005,4.599200000000001,4.6296,4.6574,4.6785000000000005,4.7007,4.728400000000001,4.754300000000001,4.7801,4.8122,4.8348,4.8554,4.891900000000001,4.917800000000001,4.9493,4.974600000000001,4.9931
119724:0.25980000000000003,0.668,1.2921,1.5312000000000001,2.1851000000000003,2.4047,2.8259000000000003,3.0873,3.1703,3.3855,3.4738,3.8428,4.1454,4.7251
120524:0.0034000000000000002,0.008400000000000001,0.0256,0.0352,0.038900000000000004,0.0417,0.043500000000000004,0.0558,0.0563,0.056900000000000006,0.0666,0.06770000000000001,0.0684,0.0734,0.0751,0.0796,0.08320000000000001,0.0896,0.0981,0.10980000000000001,0.114,0.1158,0.12240000000000001,0.12290000000000001,0.13620000000000002,0.139,0.1416,0.1559,0.1661,0.16670000000000001,0.1748,0.1826,0.1904,0.1928,0.1947,0.199,0.2006,0.2086,0.2091,0.21080000000000002,0.2159,0.2343,0.23920000000000002,0.24230000000000002,0.2466,0.2506,0.2528,0.2692,0.2841,0.2888,0.2927,0.2988,0.3028,0.3042,0.30970000000000003,0.3146,0.3175,0.32070000000000004,0.32270000000000004,0.34090000000000004,0.3433,0.3549,0.35700000000000004,0.35800000000000004,0.3588,0.3604,0.3698,0.3776,0.38170000000000004,0.4222,0.4242,0.42760000000000004,0.452,0.4847,0.5035000000000001,0.5157,0.5421,0.5426,0.5479,0.5544,0.5655,0.5684,0.5816,0.5952000000000001,0.6021000000000001,0.6165,0.6167,0.6556000000000001,0.6574,0.6668000000000001,0.6728000000000001,0.6738000000000001,0.6771,0.678,0.6905,0.6966,0.6990000000000001,0.7013,0.7088,0.7110000000000001,0.7137,0.7184,0.7245,0.7296,0.7353000000000001,0.7429,0.7531,0.7627,0.7902,0.7917000000000001,0.7977000000000001,0.81,0.8309000000000001,0.8339000000000001,0.8364,0.8373,0.8429000000000001,0.8477,0.8513000000000001,0.8537,0.8619,0.8636,0.8653000000000001,0.8676,0.8865000000000001,0.8981,0.8984000000000001,0.9012,0.9051,0.9059,0.9062,0.9103,0.9119,0.9352,0.9420000000000001,0.9615,0.9630000000000001,0.9661000000000001,0.9712000000000001,0.9727,0.9774,0.9861000000000001,0.9863000000000001,0.9945,1.0023,1.0029000000000001,1.0082,1.0090000000000001,1.0147000000000002,1.0167000000000002,1.0239,1.0246,1.0293,1.0347,1.0365,1.0379,1.0459,1.0497,1.0622,1.0783,1.0828,1.0869,1.0887,1.1047,1.1175000000000002,1.1234,1.1263,1.1271,1.1425,1.1427,1.1512,1.1560000000000001,1.1580000000000001,1.1794,1.1867,1.1874,1.2038,1.2047,1.2054,1.2105000000000001,1.2108,1.2156,1.2314,1.233,1.2348000000000001,1.2453,1.2543,1.2647000000000002,1.2811000000000001,1.2837,1.2845,1.3083,1.3122,1.3279,1.3454000000000002,1.3558000000000001,1.3596000000000001,1.3601,1.3629,1.3675000000000002,1.3697000000000001,1.3714000000000002,1.3797000000000001,1.3818000000000001,1.3859000000000001,1.3912,1.3997000000000002,1.4026,1.4196,1.4321000000000002,1.4421000000000002,1.4445000000000001,1.4524000000000001,1.4646000000000001,1.4794,1.48,1.4858,1.493,1.498,1.5085000000000002,1.5098,1.5383,1.54,1.5681,1.5801,1.5951000000000002,1.5969,1.599,1.6062,1.6241,1.6282,1.6307,1.6405,1.6412,1.6422,1.6447,1.6481000000000001,1.6517000000000002,1.673,1.6743000000000001,1.6797,1.6911,1.6915,1.7026000000000001,1.7047,1.7124000000000001,1.7327000000000001,1.7461,1.7489000000000001,1.7630000000000001,1.7671000000000001,1.788,1.792,1.7938,1.8016,1.8139,1.8167,1.8342,1.8478,1.8527,1.8553000000000002,1.8658000000000001,1.879,1.8856000000000002,1.8963,1.9044,1.9127,1.9218000000000002,1.9285,1.9469,1.9539000000000002,1.9556,1.9686000000000001,1.9720000000000002,1.9764000000000002,1.9801000000000002,1.9832,1.9902000000000002,1.9996,2.0021,2.0049,2.0051,2.0055,2.0134000000000003,2.0145,2.0393,2.0427,2.0507,2.0546,2.057,2.064,2.0685000000000002,2.0718,2.0784000000000002,2.0794,2.0961000000000003,2.1103,2.1152,2.1281,2.1367000000000003,2.1454,2.1474,2.1557,2.1757,2.1834000000000002,2.2002,2.2015000000000002,2.204,2.2117,2.2255000000000003,2.229,2.2367,2.2393,2.2412,2.2414,2.2552000000000003,2.2802000000000002,2.2823,2.302,2.3042000000000002,2.3101000000000003,2.3107,2.321,2.3294,2.3360000000000003,2.3378,2.3394,2.3416,2.349,2.3543000000000003,2.3669000000000002,2.3675,2.3806000000000003,2.3856,2.3989000000000003,2.3997,2.4,2.4009,2.408,2.4162,2.4217,2.4231000000000003,2.4323,2.4415,2.4432,2.447,2.4515000000000002,2.4591000000000003,2.4593000000000003,2.4616000000000002,2.4682,2.4697,2.4894000000000003,2.5027,2.5068,2.5084,2.5093,2.5105,2.5140000000000002,2.5159000000000002,2.5227,2.5398,2.5417,2.5473000000000003,2.5616000000000003,2.5676,2.5696000000000003,2.5757000000000003,2.5994,2.6023,2.628,2.6300000000000003,2.6316,2.645,2.6482,2.6542000000000003,2.6643000000000003,2.6647000000000003,2.6689000000000003,2.6824000000000003,2.6881,2.7002,2.7030000000000003,2.7086,2.7179,2.7550000000000003,2.7731000000000003,2.7795,2.7843,2.8181000000000003,2.8381000000000003,2.8412,2.8528000000000002,2.8566000000000003,2.8569,2.8697,2.8757,2.8794,2.8801,2.8853,2.8855,2.8865000000000003,2.8949000000000003,2.9089,2.9217,2.9309000000000003,2.942,2.9423000000000004,2.9448000000000003,2.9458,2.9516,2.9622,2.9627000000000003,2.9729,2.9807,2.9824,2.9848000000000003,2.9876,2.9969,2.9987000000000004,3.0025,3.0057,3.0060000000000002,3.0067,3.0213,3.0271000000000003,3.0295,3.0364,3.0419,3.0437000000000003,3.0631,3.0656000000000003,3.0673000000000004,3.073,3.0815,3.0827,3.083,3.0835000000000004,3.0847,3.1140000000000003,3.1223,3.1269,3.1397,3.1405000000000003,3.1446,3.1448,3.1457,3.1816,3.1838,3.1868000000000003,3.1881,3.1906000000000003,3.1929000000000003,3.1939,3.2211000000000003,3.2276000000000002,3.2379000000000002,3.2474000000000003,3.2487000000000004,3.2491000000000003,3.262,3.2720000000000002,3.2787,3.2923,3.3056,3.3075,3.3091000000000004,3.3095000000000003,3.3268,3.3309,3.3348,3.3391,3.3437,3.3442000000000003,3.3504,3.3653,3.3694,3.3696,3.3969,3.3991000000000002,3.4023000000000003,3.4028,3.4047,3.4108,3.4192,3.4297,3.4446000000000003,3.4490000000000003,3.4509000000000003,3.4589000000000003,3.4623000000000004,3.4652000000000003,3.475,3.4850000000000003,3.4922,3.4996,3.5078,3.5144,3.577,3.5825,3.5827,3.5885000000000002,3.5896000000000003,3.5938000000000003,3.6026000000000002,3.6077000000000004,3.6294,3.6304000000000003,3.6309,3.6468000000000003,3.6470000000000002,3.6512000000000002,3.6568,3.6578000000000004,3.6666000000000003,3.6763000000000003,3.6790000000000003,3.6836,3.6921000000000004,3.6944000000000004,3.6953,3.6973000000000003,3.7087000000000003,3.712,3.7183,3.7335000000000003,3.7387,3.746,3.7535000000000003,3.7546000000000004,3.7565000000000004,3.7783,3.7951,3.8043,3.8069,3.81,3.8309,3.8432000000000004,3.8477,3.8488,3.8626,3.8689,3.8794000000000004,3.8867000000000003,3.8936,3.9031000000000002,3.9084000000000003,3.9145000000000003,3.9206000000000003,3.9251,3.9332000000000003,3.9342,3.9377,3.9422,3.947,3.9759,3.982,3.9928000000000003,3.9946,4.0077,4.016,4.0312,4.042800000000001,4.043,4.0626,4.066,4.0708,4.0773,4.0779000000000005,4.0868,4.0884,4.0987,4.1099000000000006,4.1158,4.131,4.1323,4.1381000000000006,4.145700000000001,4.1523,4.1542,4.1610000000000005,4.1963,4.2036,4.2112,4.214300000000001,4.2292000000000005,4.232,4.2417,4.2468,4.2472,4.2502,4.2511,4.2618,4.2763,4.292800000000001,4.295100000000001,4.2983,4.3002,4.3193,4.3203000000000005,4.3311,4.335500000000001,4.3373,4.3388,4.3463,4.3482,4.3551,4.3756,4.394,4.4003000000000005,4.4030000000000005,4.4039,4.4115,4.4127,4.4151,4.4208,4.4223,4.423500000000001,4.4313,4.4425,4.4429,4.4459,4.4473,4.4485,4.4505,4.451700000000001,4.464,4.4713,4.4789,4.4814,4.488300000000001,4.4954,4.4958,4.5023,4.5036000000000005,4.5053,4.5149,4.5274,4.5315,4.5345,4.5392,4.55,4.5562000000000005,4.5578,4.5655,4.5867,4.5902,4.5925,4.599200000000001,4.6094,4.6142,4.6313,4.6455,4.661300000000001,4.6742,4.6759,4.6791,4.6843,4.6934000000000005,4.6982,4.708200000000001,4.7192,4.720400000000001,4.7408,4.7410000000000005,4.7461,4.7535,4.7598,4.7826,4.7899,4.7916,4.7986,4.8020000000000005,4.8105,4.8256000000000006,4.8407,4.8463,4.8529,4.8632,4.8686,4.8699,4.8726,4.8942000000000005,4.9225,4.9237,4.927700000000001,4.9282,4.9308000000000005,4.9364,4.9473,4.9546,4.9581,4.9698,4.9861,4.9911,4.9994000000000005
120807:0.0375,0.4738,0.8079000000000001,0.9321,1.3089,2.2688,2.5771,3.4207,3.9465000000000003,4.7112
120904:0.0176,0.06520000000000001,0.09730000000000001,0.1101,0.1468,0.1532,0.1703,0.1998,0.2509,0.2884,0.31420000000000003,0.3377,0.3674,0.386,0.41090000000000004,0.45280000000000004,0.4605,0.4985,0.5700000000000001,0.5981000000000001,0.6112000000000001,0.637,0.6677000000000001,0.6727000000000001,0.7034,0.7436,0.7867000000000001,0.8304,0.8555,0.8924000000000001,0.9128000000000001,0.9386,0.9575,0.9790000000000001,0.9873000000000001,1.0099,1.0265,1.0311000000000001,1.0676,1.1044,1.1157000000000001,1.1478000000000002,1.1539000000000001,1.1700000000000002,1.1867,1.2213,1.2768000000000002,1.2921,1.3218,1.3327,1.3467,1.3746,1.3939000000000001,1.4040000000000001,1.4523000000000001,1.4817,1.4976,1.5027000000000001,1.5358,1.5696,1.5883,1.6322,1.6754,1.7065000000000001,1.7239,1.7561,1.7938,1.7978,1.8244,1.8513000000000002,1.8841,1.9155000000000002,1.9349,1.9529,1.9883000000000002,2.0169,2.0323,2.0605,2.0892,2.1009,2.1162,2.1423,2.1765000000000003,2.2107,2.2377000000000002,2.25,2.287,2.2964,2.3242000000000003,2.3382,2.3446000000000002,2.3648000000000002,2.392,2.4076,2.4256,2.4473000000000003,2.4691,2.4872,2.5123,2.5402,2.5541,2.5596,2.5771,2.5871,2.6197,2.6511,2.6559,2.6774,2.7034000000000002,2.7358000000000002,2.7493000000000003,2.7858,2.8473,2.8649,2.8886000000000003,2.9516,2.9569,3.0027,3.0418000000000003,3.0718,3.0863,3.1474,3.1915,3.2123,3.2388000000000003,3.2744,3.2804,3.3173000000000004,3.3389,3.3636000000000004,3.3859000000000004,3.4035,3.4238,3.4534000000000002,3.4937,3.5215,3.5841000000000003,3.6122,3.6380000000000003,3.6422000000000003,3.6604,3.6975000000000002,3.7377000000000002,3.7565000000000004,3.7937000000000003,3.8373000000000004,3.8726000000000003,3.8903000000000003,3.9272,3.9613,4.0039,4.0343,4.0799,4.0906,4.1321,4.1643,4.1888000000000005,4.1995000000000005,4.214,4.2259,4.2592,4.2847,4.3081000000000005,4.3307,4.3626000000000005,4.3899,4.408,4.440300000000001,4.4808,4.542400000000001,4.5736,4.6234,4.6679,4.6916,4.7182,4.7468,4.8042,4.832,4.8756,4.904,4.9124,4.935700000000001,4.9548000000000005,4.9702,4.9943
121849:0.041600000000000005,0.0668,0.1063,0.1389,0.2058,0.255,0.2993,0.36460000000000004,0.3929,0.4344,0.503,0.5628000000000001,0.6105,0.6657000000000001,0.7159,0.7505000000000001,0.8287,0.8580000000000001,0.9789,1.0004,1.0269000000000001,1.0611000000000002,1.1048,1.1418000000000001,1.2843,1.2954,1.3767,1.3998000000000002,1.4155,1.4641000000000002,1.479,1.4976,1.5181,1.584,1.621,1.6602000000000001,1.7113,1.7743,1.8234000000000001,1.8376000000000001,1.8689,1.9595,1.9946000000000002,2.053,2.08,2.1281,2.2355,2.2549,2.2745,2.3122000000000003,2.3953,2.5201000000000002,2.5565,2.5777,2.6004,2.6489000000000003,2.7005000000000003,2.7224,2.8134,2.9311000000000003,2.9879000000000002,3.0231000000000003,3.0449,3.1652,3.19,3.2239,3.2712000000000003,3.3136,3.3594,3.4436,3.5198,3.5731,3.5906000000000002,3.6740000000000004,3.7529000000000003,3.7847000000000004,3.8268,3.9534000000000002,3.9712,3.9887,4.0316,4.0831,4.1123,4.1828,4.218500000000001,4.253,4.338,4.4053,4.4556000000000004,4.5277,4.553,4.5717,4.6032,4.7273000000000005,4.7626,4.7941,4.8215,4.897200000000001,4.9158,4.9472000000000005,4.9983
122092:0.0304,0.18680000000000002,0.31270000000000003,0.4833,0.5719000000000001,0.8286,0.9247000000000001,0.9996,1.0514000000000001,1.1179000000000001,1.1952,1.3335000000000001,1.4071,1.4822,1.7401,1.8122,1.8832,1.9836,2.1756,2.3062,2.3728000000000002,2.4434,2.5726,2.7736,2.8653,2.9679,3.2849000000000004,3.4346,3.5078,3.6753,3.8002000000000002,3.9507000000000003,4.09,4.1497,4.3273,4.4759,4.5591,4.7353000000000005,4.9156,4.9833
122294:0.028,0.0722,0.08700000000000001,0.1208,0.1553,0.1872,0.2154,0.2624,0.2837,0.3261,0.3698,0.403,0.45890000000000003,0.5362,0.5758,0.6214000000000001,0.6728000000000001,0.7132000000000001,0.7635000000000001,0.7968000000000001,0.8433,0.8658,0.9152,0.9612,0.9945,1.0355,1.0841,1.1201,1.1709,1.2249,1.2596,1.2978,1.3341,1.3753,1.4215,1.482,1.5313,1.5925,1.6426,1.7124000000000001,1.7471,1.7816,1.8539,1.9099000000000002,1.9452,2.0001,2.0634,2.0987,2.1391,2.1835,2.2184,2.2538,2.2998000000000003,2.3426,2.3766000000000003,2.4135,2.4546,2.5258000000000003,2.5587,2.6112,2.6701,2.7571000000000003,2.7702,2.8279,2.8664,2.907,2.9275,2.9591000000000003,3.0067,3.0729,3.1052,3.1485000000000003,3.1935000000000002,3.2415000000000003,3.2768,3.3209,3.3485,3.4064,3.4401,3.4736000000000002,3.5263,3.5675000000000003,3.6097,3.6727000000000003,3.7230000000000003,3.7447000000000004,3.7926,3.8388,3.866,3.9003,3.9337,3.9818000000000002,4.051,4.0921,4.1446000000000005,4.1665,4.1953000000000005,4.2302,4.2625,4.2911,4.3224,4.3658,4.4099,4.4475,4.5297,4.556,4.6160000000000005,4.674,4.7051,4.7447,4.7798,4.8342,4.8702000000000005,4.9466,4.9989
122375:0.0009000000000000001,0.0103,0.035300000000000005,0.035500000000000004,0.040400000000000005,0.0412,0.0488,0.0504,0.052000000000000005,0.0541,0.059500000000000004,0.0956,0.0988,0.1039,0.11520000000000001,0.11810000000000001,0.1242,0.1245,0.1297,0.15330000000000002,0.15430000000000002,0.1568,0.1777,0.18530000000000002,0.2034,0.21300000000000002,0.2137,0.2144,0.2326,0.23390000000000002,0.23570000000000002,0.24330000000000002,0.2513,0.2518,0.2586,0.2636,0.2811,0.2822,0.2838,0.2897,0.2917,0.2942,0.2999,0.3014,0.32270000000000004,0.32680000000000003,0.3453,0.3522,0.3728,0.3759,0.37970000000000004,0.3805,0.39940000000000003,0.41250000000000003,0.4151,0.4335,0.45520000000000005,0.4596,0.4859,0.4883,0.4933,0.496,0.5346000000000001,0.5401,0.5477000000000001,0.5542,0.5551,0.5579000000000001,0.5623,0.5626,0.5682,0.5696,0.5717,0.5791000000000001,0.5874,0.5916,0.6002000000000001,0.6037,0.6046,0.6069,0.6229,0.63,0.6352,0.6415000000000001,0.6462,0.6513,0.6571,0.6621,0.6802,0.6947,0.6963,0.7017,0.7161000000000001,0.7209,0.7227,0.7295,0.7319,0.7331000000000001,0.7364,0.7401,0.7698,0.7841,0.8081,0.8101,0.811,0.8209000000000001,0.8275,0.8380000000000001,0.8388,0.8391000000000001,0.8737,0.8835000000000001,0.8859,0.8913000000000001,0.9001,0.9025000000000001,0.9145000000000001,0.9154,0.9378000000000001,0.9441,0.9619000000000001,0.9681000000000001,0.9703,0.9720000000000001,1.0001,1.0034,1.0169000000000001,1.0236,1.0239,1.0252000000000001,1.0256,1.0275,1.044,1.0445,1.0466,1.0498,1.0530000000000002,1.0538,1.0584,1.0703,1.0716,1.0726,1.0946,1.1023,1.1032,1.1323,1.1364,1.1378000000000001,1.1433,1.1488,1.1580000000000001,1.1911,1.212,1.2226000000000001,1.224,1.2319,1.2373,1.247,1.2537,1.2618,1.2642,1.2676,1.2710000000000001,1.2761,1.2785,1.2901,1.2935,1.2944,1.3004,1.3010000000000002,1.3023,1.3044,1.3098,1.312,1.3241,1.3342,1.3457000000000001,1.3485,1.351,1.3533000000000002,1.3636000000000001,1.3649,1.3653,1.3707,1.3728,1.4028,1.4066,1.4197,1.427,1.4353,1.4376,1.4397,1.4437,1.4496,1.4627000000000001,1.4689,1.5092,1.5196,1.5242,1.5341,1.5506,1.5669000000000002,1.5671000000000002,1.5835000000000001,1.5928,1.5934000000000001,1.5994000000000002,1.6006,1.6054000000000002,1.6276000000000002,1.6329,1.6341,1.6476000000000002,1.6572,1.6580000000000001,1.6723000000000001,1.6829,1.6892,1.6895,1.6905000000000001,1.6967,1.7082000000000002,1.7204000000000002,1.7281000000000002,1.7297,1.736,1.7428000000000001,1.7463000000000002,1.7513,1.7543000000000002,1.7707000000000002,1.7813,1.7888000000000002,1.79,1.8004,1.8019,1.8046,1.8071000000000002,1.8092000000000001,1.8157,1.8264,1.8297,1.8332000000000002,1.8368,1.8472000000000002,1.8507,1.8665,1.8821,1.8852,1.893,1.9032,1.9084,1.9119000000000002,1.9179000000000002,1.9203000000000001,1.9224,1.929,1.9320000000000002,1.9374,1.9680000000000002,1.9751,1.9871,1.9895,1.9902000000000002,1.9922000000000002,2.0013,2.0024,2.0029,2.0107,2.028,2.0333,2.0340000000000003,2.0547,2.0553,2.0697,2.0706,2.0714,2.0758,2.0771,2.097,2.1023,2.1064000000000003,2.132,2.1366,2.1369000000000002,2.1445000000000003,2.1455,2.1461,2.1544000000000003,2.1757,2.1772,2.18,2.181,2.1842,2.1907,2.1963,2.1992000000000003,2.2038,2.2047000000000003,2.2051000000000003,2.2126,2.2206,2.2215000000000003,2.2218,2.2306,2.2329000000000003,2.2468,2.2564,2.2582,2.2692,2.2824,2.289,2.2892,2.2935000000000003,2.2952,2.3034,2.3054,2.3240000000000003,2.3333,2.3439,2.3457,2.3535,2.3601,2.3689,2.3697,2.3705000000000003,2.3888000000000003,2.3944,2.3991000000000002,2.4010000000000002,2.4173,2.4370000000000003,2.4596,2.4602,2.4641,2.4696000000000002,2.4733,2.4819,2.4833000000000003,2.5228,2.524,2.5276,2.5621,2.576,2.5778000000000003,2.5864000000000003,2.5993,2.6018000000000003,2.6095,2.6147,2.6260000000000003,2.6276,2.6344000000000003,2.6346000000000003,2.6397,2.6435,2.6659,2.67,2.6706000000000003,2.6766,2.6772,2.6801,2.6819,2.6873,2.6894,2.6954000000000002,2.7018,2.7023,2.7026000000000003,2.7066000000000003,2.724,2.7288,2.7296,2.7331000000000003,2.7455000000000003,2.7472000000000003,2.7507,2.7588,2.7621,2.7919,2.7987,2.8009,2.8021000000000003,2.8053000000000003,2.8103000000000002,2.818,2.8345000000000002,2.8449,2.8532,2.8573,2.8651,2.8755,2.8774,2.8779000000000003,2.8788,2.8958,2.898,2.9051,2.9079,2.9113,2.9144,2.9246000000000003,2.9532000000000003,2.9603,2.962,2.9722,2.9752,2.9815,2.9829000000000003,2.9873000000000003,2.9979,3.0067,3.0122,3.0159000000000002,3.0165,3.0285,3.0409,3.0482,3.049,3.0499,3.0508,3.0569,3.0598,3.0608,3.0659,3.076,3.0831,3.0857,3.0863,3.0888,3.1023,3.1048,3.1085000000000003,3.1138000000000003,3.1165000000000003,3.1202,3.1249000000000002,3.1257,3.1362,3.1422000000000003,3.1457,3.149,3.1521000000000003,3.1716,3.1739,3.189,3.1943,3.2112000000000003,3.2182,3.2257000000000002,3.2261,3.2282,3.2339,3.2349,3.2387,3.2414,3.2452,3.2549,3.2717,3.2743,3.2804,3.2869,3.3053000000000003,3.3092,3.3098,3.3165,3.3171,3.3218,3.3283,3.3347,3.3398000000000003,3.3472,3.3524000000000003,3.3618,3.3645,3.3758000000000004,3.3798000000000004,3.3857000000000004,3.3888000000000003,3.3925,3.394,3.4111000000000002,3.4272,3.4275,3.4301000000000004,3.4325,3.4422,3.4454000000000002,3.4771,3.4802,3.5231000000000003,3.5353000000000003,3.5603000000000002,3.5612000000000004,3.5638,3.5739,3.5836,3.5849,3.5897,3.5917000000000003,3.6111,3.6299,3.6378000000000004,3.6457,3.6517000000000004,3.6591,3.6751,3.6771000000000003,3.6785,3.6818,3.6848,3.6869,3.7086,3.71,3.7165000000000004,3.7272000000000003,3.7317,3.7397,3.7424000000000004,3.7471,3.7508000000000004,3.7538,3.7579000000000002,3.7654,3.7710000000000004,3.7760000000000002,3.7777000000000003,3.7830000000000004,3.7876000000000003,3.7888,3.7905,3.7909,3.7937000000000003,3.797,3.7995,3.8037,3.8078000000000003,3.8152000000000004,3.8449,3.8594000000000004,3.862,3.8734,3.8745000000000003,3.8783000000000003,3.9184,3.9241,3.9379000000000004,3.942,3.9436,3.9486000000000003,3.9529,3.9557,3.9781,3.9812000000000003,3.9909000000000003,3.9926000000000004,3.9941,4.0077,4.008900000000001,4.012700000000001,4.0168,4.0319,4.0334,4.041,4.0429,4.0575,4.0601,4.0642000000000005,4.0759,4.086,4.087000000000001,4.091200000000001,4.101,4.1027000000000005,4.1064,4.1115,4.1158,4.1162,4.1182,4.1265,4.1385000000000005,4.1387,4.141900000000001,4.1538,4.1591000000000005,4.1624,4.1737,4.174,4.1814,4.182,4.1855,4.2043,4.2111,4.2268,4.2397,4.252,4.261,4.2637,4.264,4.2683,4.2732,4.287100000000001,4.2876,4.2896,4.3112,4.3137,4.3165000000000004,4.3175,4.3259,4.3318,4.3327,4.3339,4.3383,4.3386000000000005,4.349200000000001,4.3500000000000005,4.3708,4.371300000000001,4.3729000000000005,4.3928,4.3941,4.3948,4.3966,4.4030000000000005,4.4116,4.4249,4.4275,4.4341,4.4419,4.4516,4.4548000000000005,4.455,4.457800000000001,4.460100000000001,4.466200000000001,4.4667,4.4684,4.4731000000000005,4.482600000000001,4.4888,4.4941,4.4969,4.5073,4.5081,4.5111,4.5136,4.5271,4.5369,4.5388,4.5401,4.5441,4.5472,4.5521,4.5559,4.5743,4.582800000000001,4.5838,4.5857,4.5948,4.5976,4.6037,4.6073,4.6212,4.6290000000000004,4.6299,4.6306,4.6437,4.6681,4.6695,4.6733,4.6741,4.6792,4.6879,4.6916,4.6972000000000005,4.706,4.7207,4.732200000000001,4.7393,4.7433000000000005,4.7456000000000005,4.7518,4.7583,4.7635000000000005,4.766100000000001,4.772200000000001,4.7824,4.7835,4.7845,4.7982000000000005,4.8138000000000005,4.819100000000001,4.833,4.8420000000000005,4.8483,4.851100000000001,4.8525,4.8612,4.8677,4.8765,4.8922,4.893800000000001,4.896100000000001,4.9006,4.9048,4.924,4.9349,4.941,4.949800000000001,4.9531,4.9583,4.9682,4.9736,4.9745
122790:0.047900000000000005,1.8982,1.9975,2.8774,3.4567,3.6929000000000003,4.1077,4.3446
122840:0.0391,0.06770000000000001,0.203,0.2554,0.30610000000000004,0.3204,0.39540000000000003,0.5015000000000001,0.5697,0.5795,0.6076,0.6642,0.6749,0.746,0.8359000000000001,0.9216000000000001,0.9708,1.0148000000000001,1.067,1.1131,1.1356000000000002,1.2212,1.268,1.3435000000000001,1.3698000000000001,1.4253,1.4943,1.5621,1.5924,1.6297000000000001,1.6883000000000001,1.7593,1.8247,1.8902,1.9282000000000001,1.9829,1.9934,2.0265,2.0598,2.093,2.1645000000000003,2.182,2.2001,2.3008,2.3225000000000002,2.3701000000000003,2.3905000000000003,2.4532000000000003,2.5029,2.5445,2.5888,2.6851000000000003,2.7354000000000003,2.7746,2.8335000000000004,2.879,2.8946,2.9698,3.0112,3.0651,3.0805000000000002,3.1500000000000004,3.2016,3.3036000000000003,3.3257000000000003,3.3973,3.4450000000000003,3.5019,3.5250000000000004,3.5867,3.6242,3.6902000000000004,3.7365000000000004,3.7707,3.8198000000000003,3.8445,3.9596,4.099200000000001,4.1453,4.1712,4.2214,4.2698,4.3144,4.3352,4.3876,4.409400000000001,4.4778,4.508500000000001,4.5603,4.571000000000001,4.6124,4.6488000000000005,4.6938,4.7533,4.789000000000001,4.8799,4.9139,4.984,4.9988
122882:0.1348,0.3415,0.9183,1.5017,2.0098000000000003,2.214,3.1700000000000004,3.7877,3.9711000000000003,4.1271,4.3506,4.8026,4.8197
122969:0.1439,0.34600000000000003,1.4998,2.2213000000000003,3.1703,4.1698,4.811
123055:0.0567,0.1119,0.1482,0.22190000000000001,0.2489,0.2928,0.31470000000000004,0.3297,0.3624,0.4056,0.5013000000000001,0.5612,0.5714,0.5928,0.6629,0.6995,0.739,0.8174,0.8293,0.8905000000000001,0.9508000000000001,1.0326,1.0606,1.1191,1.2519,1.3150000000000002,1.3278,1.3457000000000001,1.3554000000000002,1.3684,1.5294,1.5884,1.6192,1.6347,1.6660000000000001,1.7574,1.7749000000000001,1.7896,1.851,1.8732000000000002,1.9667000000000001,1.9748,2.0339,2.0609,2.085,2.1658,2.1799,2.1999,2.2383,2.2775000000000003,2.2941000000000003,2.3154,2.4869000000000003,2.536,2.6014,2.6145,2.6447000000000003,2.7007000000000003,2.7345,2.769,2.7807,2.7957,2.8133000000000004,2.8861000000000003,2.9902,3.004,3.0453,3.056,3.0694000000000004,3.0936000000000003,3.1182000000000003,3.1311,3.1420000000000003,3.1861,3.217,3.3075,3.3179000000000003,3.4023000000000003,3.4387000000000003,3.4927,3.5202,3.6060000000000003,3.6416000000000004,3.7237,3.7582,3.8365,3.8695000000000004,3.9291,3.9433000000000002,3.9547000000000003,3.9634,4.0378,4.0939000000000005,4.1370000000000005,4.2503,4.3074,4.3293,4.3875,4.4071,4.4381,4.4732,4.5395,4.5955,4.606,4.6216,4.6618,4.8,4.863,4.8723,4.9044,4.9144000000000005,4.9369000000000005,4.9913
123165:0.0057,0.0145,0.0171,0.0233,0.028,0.0449,0.0562,0.0568,0.0594,0.062,0.0627,0.0664,0.0771,0.0792,0.0867,0.0884,0.1063,0.1087,0.1198,0.1306,0.1462,0.14980000000000002,0.1776,0.1836,0.18810000000000002,0.1885,0.1902,0.2063,0.21860000000000002,0.2376,0.2499,0.252,0.25830000000000003,0.2597,0.2609,0.2705,0.2738,0.2958,0.2989,0.30110000000000003,0.3045,0.308,0.31320000000000003,0.32180000000000003,0.323,0.3249,0.3442,0.34650000000000003,0.3516,0.3528,0.35700000000000004,0.3578,0.3628,0.36300000000000004,0.3644,0.3652,0.3655,0.3657,0.37360000000000004,0.3773,0.3869,0.39980000000000004,0.404,0.4067,0.40690000000000004,0.4131,0.4526,0.45520000000000005,0.46230000000000004,0.4641,0.46690000000000004,0.4682,0.4692,0.47390000000000004,0.47750000000000004,0.48360000000000003,0.48750000000000004,0.48900000000000005,0.49310000000000004,0.5015000000000001,0.5123,0.516,0.5184,0.5215000000000001,0.5501,0.5506,0.5518000000000001,0.5556,0.5565,0.5604,0.5648000000000001,0.5693,0.5832,0.5958,0.602,0.6161,0.6288,0.6341,0.6357,0.6644,0.6757000000000001,0.6801,0.6890000000000001,0.6892,0.6897,0.6910000000000001,0.6946,0.6997,0.7108,0.7114,0.7168,0.7196,0.7260000000000001,0.7358,0.7407,0.7474000000000001,0.7573000000000001,0.7579,0.7975,0.7992,0.8079000000000001,0.8168000000000001,0.8175,0.8183,0.8279000000000001,0.8315,0.8378,0.8393,0.8429000000000001,0.8450000000000001,0.8508,0.8683000000000001,0.8768,0.8838,0.8884000000000001,0.891,0.8913000000000001,0.8927,0.8999,0.9073,0.9087000000000001,0.9208000000000001,0.9421,0.9492,0.9522,0.9525,0.9576,0.9636,0.9770000000000001,0.9805,0.9817,0.9845,0.9869,0.9945,1.0039,1.0206,1.022,1.0245,1.028,1.0302,1.0328,1.0454,1.0484,1.0571000000000002,1.0597,1.0718,1.0723,1.0793000000000001,1.0819,1.0839,1.0896000000000001,1.1022,1.1127,1.1155000000000002,1.1207,1.1224,1.1308,1.1348,1.1414,1.1459000000000001,1.1522000000000001,1.1623,1.1628,1.1637,1.1652,1.1772,1.1838,1.1913,1.2024000000000001,1.2095,1.2165000000000001,1.2272,1.2425000000000002,1.2587000000000002,1.2610000000000001,1.2676,1.2712,1.2730000000000001,1.2828000000000002,1.2842,1.2868000000000002,1.2882,1.3184,1.3197,1.3246,1.3301,1.3318,1.3355000000000001,1.3386,1.3467,1.3661,1.3703,1.3779000000000001,1.3832,1.3901000000000001,1.3980000000000001,1.4097000000000002,1.4125,1.4148,1.4237,1.4249,1.4265,1.439,1.4419,1.4424000000000001,1.4449,1.4568,1.4582000000000002,1.46,1.4631,1.4706000000000001,1.474,1.4765000000000001,1.4847000000000001,1.4879,1.4957,1.4991,1.5078,1.5092,1.5142,1.5317,1.5398,1.5476,1.5528000000000002,1.5557,1.5602,1.5639,1.5654000000000001,1.5656,1.5659,1.5832000000000002,1.5879,1.5985,1.6035000000000001,1.6092000000000002,1.6102,1.617,1.624,1.6272,1.637,1.6437000000000002,1.6502000000000001,1.6534,1.6615,1.665,1.6729,1.6798000000000002,1.6805,1.6843000000000001,1.6879000000000002,1.689,1.6928,1.6956,1.7000000000000002,1.7053,1.7056,1.715,1.7162000000000002,1.7197,1.7398,1.75,1.7514,1.7676,1.7745000000000002,1.8009000000000002,1.8025,1.8033000000000001,1.8169000000000002,1.8185,1.8229000000000002,1.8244,1.8321,1.844,1.8505,1.8607,1.8627,1.8727,1.8796000000000002,1.8867,1.8998000000000002,1.9141000000000001,1.9156000000000002,1.9297000000000002,1.9331,1.9397000000000002,1.9428,1.9452,1.9454,1.9456,1.9563000000000001,1.957,1.9583000000000002,1.9721000000000002,1.9768000000000001,1.9832,1.9838,1.9915,1.9933,2.0002,2.0157000000000003,2.0327,2.0457,2.0532,2.0604,2.0636,2.0716,2.0777,2.0841000000000003,2.0897,2.0968,2.1002,2.1045000000000003,2.1082,2.1207000000000003,2.1376,2.1407000000000003,2.1712000000000002,2.2085,2.2215000000000003,2.2316000000000003,2.2395,2.2552000000000003,2.2805,2.3135,2.3165,2.3209,2.3254,2.33,2.3418,2.3458,2.3648000000000002,2.3755,2.3816,2.3841,2.3881,2.3977,2.4094,2.4119,2.4195,2.4271000000000003,2.4302,2.4345000000000003,2.4424,2.4527,2.4567,2.4603,2.4635000000000002,2.4688000000000003,2.4731,2.4808000000000003,2.4865,2.4945,2.5005,2.5122,2.5172000000000003,2.5252000000000003,2.5335,2.5337,2.5385,2.5494000000000003,2.5751,2.5881000000000003,2.5928,2.5966,2.5980000000000003,2.6003000000000003,2.6071,2.6081000000000003,2.6091,2.6140000000000003,2.6152,2.6285000000000003,2.6323000000000003,2.6386000000000003,2.6525000000000003,2.6573,2.6638,2.674,2.6777,2.6830000000000003,2.6917,2.7001,2.7007000000000003,2.7030000000000003,2.7141,2.7143,2.7288,2.7334,2.7445,2.7457000000000003,2.7543,2.7593,2.7617000000000003,2.7691000000000003,2.7772,2.7795,2.7839,2.7927,2.7965,2.798,2.8074000000000003,2.8106,2.8116000000000003,2.8365,2.8435,2.8542,2.8584,2.8608000000000002,2.8628,2.8673,2.8783000000000003,2.8807,2.8931,2.8935,2.9024,2.9103000000000003,2.9248000000000003,2.9254000000000002,2.9258,2.9262,2.9331,2.9366000000000003,2.9416,2.9436,2.9445,2.946,2.9532000000000003,2.9573,2.958,2.9619,2.9645,2.9672,2.9676,2.9768000000000003,2.9864,2.9996,3.0054000000000003,3.0072,3.0307,3.0548,3.0588,3.0667,3.0789,3.0884,3.1152,3.1231,3.1351,3.137,3.1418000000000004,3.1433,3.1611000000000002,3.1672000000000002,3.1729000000000003,3.1741,3.1886,3.1929000000000003,3.2024000000000004,3.2246,3.2249000000000003,3.2263,3.2315,3.2355,3.2442,3.2527000000000004,3.2534,3.258,3.2638000000000003,3.2745,3.2885,3.2949,3.3040000000000003,3.3081,3.3099000000000003,3.3153,3.3208,3.3326000000000002,3.3328,3.3341000000000003,3.3362000000000003,3.3429,3.3431,3.3465000000000003,3.3557,3.3616,3.3657000000000004,3.3706,3.3763,3.3765,3.3769,3.3775,3.3872,3.3906,3.3939000000000004,3.4076,3.4091,3.4093,3.4113,3.415,3.4198,3.4227000000000003,3.4252000000000002,3.4255,3.4309000000000003,3.4321,3.4333,3.4342,3.4424,3.4497,3.4523,3.4531,3.4972000000000003,3.5055,3.5128000000000004,3.5135,3.5143,3.5303,3.5380000000000003,3.5386,3.5418000000000003,3.5459,3.5653,3.5660000000000003,3.5700000000000003,3.5733,3.5822000000000003,3.5877000000000003,3.588,3.5924,3.5933,3.6007000000000002,3.6039000000000003,3.6101,3.6151,3.6183,3.6229,3.6234,3.6437000000000004,3.6441000000000003,3.6559000000000004,3.6726,3.6867,3.6881000000000004,3.6907,3.6939,3.6962,3.6984000000000004,3.6998,3.7034000000000002,3.7057,3.7275,3.7594000000000003,3.7616,3.7659000000000002,3.7678000000000003,3.7798000000000003,3.7905,3.7931000000000004,3.7955,3.7958000000000003,3.8023000000000002,3.8080000000000003,3.8105,3.8195,3.8197,3.8203,3.8279,3.8341000000000003,3.835,3.8409,3.8624,3.8737000000000004,3.8775000000000004,3.887,3.8928000000000003,3.8936,3.8981000000000003,3.906,3.9063000000000003,3.9090000000000003,3.9093,3.9126000000000003,3.923,3.9233000000000002,3.9258,3.926,3.9448000000000003,3.9492000000000003,3.951,3.9553000000000003,3.97,3.9703000000000004,3.9709000000000003,3.9782,3.9810000000000003,3.9828,3.9862,4.0138,4.0307,4.0617,4.0688,4.0907,4.0936,4.0981000000000005,4.1063,4.1488000000000005,4.1713000000000005,4.1759,4.184200000000001,4.2024,4.2066,4.2111,4.214700000000001,4.224,4.2418000000000005,4.2503,4.2639000000000005,4.2748,4.2774,4.2827,4.2897,4.2952,4.2996,4.3099,4.3113,4.3394,4.341200000000001,4.3461,4.3594,4.3602,4.3617,4.3731,4.3745,4.3806,4.3833,4.3950000000000005,4.3986,4.4049000000000005,4.4168,4.421,4.425800000000001,4.4321,4.4387,4.4511,4.4549,4.4565,4.4631,4.480300000000001,4.4875,4.4936,4.4945,4.4991,4.5004,4.5175,4.524500000000001,4.543200000000001,4.5503,4.5519,4.5557,4.5575,4.5768,4.6080000000000005,4.6123,4.6128,4.6177,4.6197,4.6235,4.6282000000000005,4.6478,4.6532,4.6619,4.667,4.675800000000001,4.6787,4.691800000000001,4.6928,4.702500000000001,4.7093,4.71,4.7249,4.7337,4.7356,4.752000000000001,4.7647,4.769,4.7762,4.7858,4.8097,4.8099,4.8116,4.819500000000001,4.8277,4.8318,4.8331,4.8394,4.8635,4.88,4.8826,4.8849,4.8931000000000004,4.9187,4.9232000000000005,4.946000000000001,4.9472000000000005,4.9546,4.9572,4.970400000000001,4.9767,4.9853000000000005
123896:0.018600000000000002,0.09870000000000001,0.1525,0.20450000000000002,0.2523,0.2978,0.3437,0.38630000000000003,0.46790000000000004,0.5309,0.5982000000000001,0.6334000000000001,0.6725,0.7044,0.7408,0.8145,0.8575,0.9092,0.9853000000000001,1.0359,1.0951,1.1492,1.1852,1.2285000000000001,1.2741,1.3228,1.3747,1.3938000000000001,1.4512,1.4988000000000001,1.5533000000000001,1.6354000000000002,1.7029,1.7343000000000002,1.7925,1.8486,1.9118000000000002,1.9636,2.0123,2.0876,2.1459,2.209,2.2447,2.2948,2.3338,2.3642000000000003,2.4262,2.4722,2.5117000000000003,2.5567,2.5917000000000003,2.6525000000000003,2.7015000000000002,2.7508,2.8176,2.8516000000000004,2.8967,2.9488000000000003,3.0062,3.0515000000000003,3.0883000000000003,3.1696,3.2066000000000003,3.2399,3.2732,3.3041,3.3578,3.3880000000000003,3.4224,3.4931,3.5393000000000003,3.5818000000000003,3.6371,3.6591,3.7118,3.7587,3.8184,3.8645,3.8945000000000003,3.9339000000000004,3.9895,4.0754,4.1166,4.1347000000000005,4.1450000000000005,4.2157,4.268400000000001,4.3084,4.36,4.409400000000001,4.4491000000000005,4.4949,4.5422,4.5761,4.6241,4.6887,4.7264,4.7782,4.8338,4.9055,4.966600000000001
124296:0.039900000000000005,0.08370000000000001,0.1568,0.18430000000000002,0.2602,0.33480000000000004,0.37520000000000003,0.4701,0.545,0.6454000000000001,0.6839000000000001,0.7249,0.7997000000000001,0.8637,0.9223,0.9812000000000001,1.0376,1.0974000000000002,1.1786,1.2321,1.2919,1.3373000000000002,1.3766,1.4040000000000001,1.4877,1.5558,1.6111,1.7098,1.7447000000000001,1.8019,1.8190000000000002,1.8637000000000001,1.9267,1.9622000000000002,2.0192,2.1014,2.1464000000000003,2.2191,2.2578,2.3018,2.3495,2.4172000000000002,2.4555000000000002,2.5054000000000003,2.5318,2.5664000000000002,2.6271,2.681,2.7627,2.8319,2.8728000000000002,2.9296,2.9673000000000003,3.0172000000000003,3.0759000000000003,3.0903,3.156,3.2432000000000003,3.2878000000000003,3.342,3.4088000000000003,3.4866,3.584,3.6214,3.6803000000000003,3.8014,3.8972,3.9354,4.0164,4.0658,4.1027000000000005,4.155,4.198,4.292,4.373600000000001,4.4171000000000005,4.4623,4.5657000000000005,4.6290000000000004,4.7013,4.7215,4.7798,4.8421,4.8834,4.9617
124648:0.0324,0.0937,0.1301,0.24530000000000002,0.2775,0.3012,0.38570000000000004,0.46730000000000005,0.4918,0.5411,0.6643,0.746,0.7954,0.8305,0.8563000000000001,0.8898,0.9756,1.0616,1.1073,1.2621,1.2966,1.4098000000000002,1.4652,1.4929000000000001,1.5815000000000001,1.6919000000000002,1.8683,1.9574,2.0620000000000003,2.1288,2.2541,2.4199,2.5271,2.5819,2.6504000000000003,2.6972,2.7230000000000003,2.8146,2.8436000000000003,2.931,2.9883,3.0248,3.1365000000000003,3.1624000000000003,3.225,3.2878000000000003,3.3594,3.4977,3.5737,3.6004,3.6509,3.6869,3.7325000000000004,3.8189,3.9484000000000004,4.0229,4.0761,4.218100000000001,4.2803,4.3103,4.4053,4.4545,4.5723,4.6028,4.669700000000001,4.8152,4.8752,4.914000000000001,4.9645,4.9857000000000005
124938:0.0268,0.2893,0.3643,0.48800000000000004,0.6950000000000001,0.7947000000000001,0.8500000000000001,0.8921,1.0448,1.1074000000000002,1.2376,1.3155000000000001,1.4120000000000001,1.489,1.5471000000000001,1.6025,1.8356000000000001,2.0044,2.1884,2.2516000000000003,2.5454000000000003,2.6135,2.7194000000000003,2.8109,2.8404000000000003,2.9034,3.0193000000000003,3.1597,3.3569,3.4416,3.4810000000000003,3.5274,3.5937,3.7001000000000004,3.9688000000000003,4.0312,4.1075,4.1955,4.3003,4.335,4.3928,4.527,4.5718000000000005,4.6696,4.7724,4.808800000000001,4.8801000000000005,4.9244
125165:0.0219,0.06380000000000001,0.1902,0.3685,0.4414,1.3493000000000002,1.6452,1.6584,1.6866,1.8951,1.9171,2.2218,2.3373,2.3867000000000003,2.4101,2.4518,2.5509,2.6176,2.6916,2.7499000000000002,2.9007,2.9766000000000004,3.0673000000000004,3.4079,3.4637000000000002,3.4937,3.8468,4.0062,4.3777,4.4969,4.5984,4.6304,4.6523,4.8392
125695:0.0044,0.013800000000000002,0.0161,0.0284,0.0327,0.0333,0.0524,0.0536,0.0541,0.0665,0.0717,0.07490000000000001,0.0912,0.1029,0.1033,0.10640000000000001,0.1126,0.1155,0.1179,0.1182,0.1213,0.12860000000000002,0.1298,0.13190000000000002,0.1325,0.1368,0.1391,0.1427,0.14780000000000001,0.1497,0.1626,0.16490000000000002,0.1693,0.186,0.19110000000000002,0.19770000000000001,0.1996,0.19990000000000002,0.2001,0.2038,0.2093,0.22990000000000002,0.2308,0.23290000000000002,0.2718,0.2777,0.2913,0.2926,0.3094,0.3156,0.3159,0.3249,0.3443,0.3514,0.3528,0.35550000000000004,0.38830000000000003,0.3932,0.4006,0.4116,0.4189,0.4197,0.42560000000000003,0.4348,0.4425,0.44620000000000004,0.44770000000000004,0.4494,0.4509,0.45520000000000005,0.46740000000000004,0.4727,0.4797,0.4828,0.4892,0.4995,0.5019,0.503,0.5056,0.512,0.5128,0.5144000000000001,0.5208,0.5216000000000001,0.5267000000000001,0.5325,0.5547000000000001,0.5690000000000001,0.5769000000000001,0.5844,0.5863,0.5958,0.5993,0.6102000000000001,0.6117,0.6162000000000001,0.6446000000000001,0.6528,0.6598,0.6649,0.6697000000000001,0.68,0.6817000000000001,0.6866,0.6911,0.6948000000000001,0.7025,0.7052,0.7277,0.7325,0.7388,0.7544000000000001,0.76,0.7688,0.7696000000000001,0.777,0.7784000000000001,0.7889,0.7963,0.7987000000000001,0.8125,0.8171,0.8193,0.8240000000000001,0.8322,0.8500000000000001,0.8537,0.8557,0.8623000000000001,0.8709,0.8803000000000001,0.8859,0.9058,0.9287000000000001,0.9314,0.9316000000000001,0.9392,0.9423,0.9453,0.9521000000000001,0.9556,0.9722000000000001,0.9791000000000001,0.9825,0.9903000000000001,1.0167000000000002,1.0248000000000002,1.0307,1.0353,1.0576,1.0696,1.0759,1.0884,1.0898,1.091,1.1036000000000001,1.1203,1.1228,1.1257000000000001,1.1286,1.1291,1.1293,1.1305,1.1428,1.1467,1.1584,1.1621000000000001,1.1666,1.1858,1.1962000000000002,1.2119,1.2164000000000001,1.224,1.2262,1.2326000000000001,1.2367000000000001,1.2388000000000001,1.2521,1.2606000000000002,1.2641,1.2646000000000002,1.2665,1.2691000000000001,1.2730000000000001,1.2738,1.2781,1.2786,1.2806,1.2857,1.294,1.2959,1.3046,1.308,1.3135000000000001,1.3196,1.3254000000000001,1.3352000000000002,1.3361,1.337,1.3572,1.3634000000000002,1.369,1.3702,1.3791,1.3921000000000001,1.4065,1.4115,1.4134,1.4239000000000002,1.4289,1.4572,1.4623000000000002,1.4668,1.4727000000000001,1.4778,1.4815,1.4831,1.4845000000000002,1.4864000000000002,1.4899,1.4981,1.4988000000000001,1.5032,1.5063,1.512,1.5231000000000001,1.5387000000000002,1.5529000000000002,1.5545,1.5617,1.5711000000000002,1.5757,1.5879,1.5939,1.6275000000000002,1.6297000000000001,1.6338000000000001,1.6355000000000002,1.6359000000000001,1.6525,1.6572,1.6682000000000001,1.6741000000000001,1.6777000000000002,1.6893,1.6938,1.6953,1.6967,1.7046000000000001,1.7122000000000002,1.7216,1.7264000000000002,1.7305000000000001,1.7366000000000001,1.7377,1.7397,1.7408000000000001,1.743,1.7459,1.7523000000000002,1.7612,1.7652,1.7769000000000001,1.7866000000000002,1.7869000000000002,1.7879,1.7882,1.8009000000000002,1.8016,1.8165,1.8334000000000001,1.8342,1.8348,1.8365,1.8549,1.8597000000000001,1.869,1.8699000000000001,1.8963,1.9035000000000002,1.9055000000000002,1.9173,1.919,1.9202000000000001,1.9398000000000002,1.9409,1.9605000000000001,1.9719,1.9809,1.99,1.9982000000000002,2.0013,2.0039000000000002,2.0103,2.0117000000000003,2.0158,2.0212,2.0258000000000003,2.0265,2.0438,2.0460000000000003,2.0494,2.0556,2.0592,2.0724,2.0736,2.0753,2.0756,2.0817,2.0855,2.0872,2.0912,2.0980000000000003,2.0986000000000002,2.1002,2.1085000000000003,2.1172,2.1226000000000003,2.1229,2.1268000000000002,2.1411000000000002,2.1470000000000002,2.1506000000000003,2.1743,2.1753,2.1915,2.1964,2.2111,2.2218,2.2296,2.2305,2.2331000000000003,2.236,2.2363,2.2396000000000003,2.2606,2.2669,2.2774,2.2806,2.2925,2.3077,2.3115,2.3187,2.3203,2.3375,2.3378,2.3440000000000003,2.387,2.3934,2.3999,2.4005,2.4162,2.4198,2.423,2.4425000000000003,2.4459,2.4468,2.4517,2.4614000000000003,2.4748,2.4850000000000003,2.4873000000000003,2.4890000000000003,2.4972000000000003,2.4998,2.5094000000000003,2.5187,2.5202,2.5263,2.531,2.5383,2.5491,2.5502000000000002,2.5575,2.559,2.5614000000000003,2.5628,2.5867,2.5876,2.5969,2.6072,2.6091,2.617,2.6189,2.6216,2.6289000000000002,2.6294,2.6301,2.6333,2.6481000000000003,2.6546000000000003,2.6583,2.6701,2.6981,2.7059,2.7068000000000003,2.7074000000000003,2.7094,2.7367,2.7372,2.7415000000000003,2.7491000000000003,2.7535000000000003,2.7625,2.7648,2.7651000000000003,2.7654,2.7684,2.7711,2.7800000000000002,2.7897000000000003,2.798,2.8005,2.8022,2.8051,2.8077,2.8275,2.8321,2.8509,2.8559,2.8602000000000003,2.8631,2.867,2.8874,2.924,2.9269000000000003,2.9322000000000004,2.944,2.9464,2.9549000000000003,2.9598,2.9662,2.9687,2.9697,2.9735,2.9741,2.9767,2.9867000000000004,2.9937,2.9998,3.0091,3.0118,3.0129,3.0193000000000003,3.0252000000000003,3.0263,3.0304,3.0339,3.0418000000000003,3.0657,3.0673000000000004,3.0713000000000004,3.0951,3.0967000000000002,3.0972,3.1053,3.112,3.1412,3.1493,3.1509,3.1606,3.165,3.1694,3.1706000000000003,3.1723000000000003,3.1843000000000004,3.1873,3.1887000000000003,3.1927000000000003,3.2037,3.2068000000000003,3.2083000000000004,3.2149,3.2158,3.23,3.2431,3.2473,3.2523,3.257,3.2596000000000003,3.2646,3.2721,3.3004000000000002,3.3007,3.3037,3.3149,3.3173000000000004,3.3179000000000003,3.3451,3.3494,3.353,3.3558000000000003,3.3639,3.3644000000000003,3.3794,3.382,3.3833,3.3938,3.4026,3.4059000000000004,3.4329,3.4398,3.4491,3.4524000000000004,3.4616000000000002,3.4639,3.4928000000000003,3.4978000000000002,3.5051,3.5093,3.516,3.5221,3.5236,3.5245,3.5386,3.5389000000000004,3.5494000000000003,3.5535,3.5967000000000002,3.6023,3.6055,3.6167000000000002,3.6314,3.6461,3.6518,3.6553,3.6587,3.6601000000000004,3.6706000000000003,3.6750000000000003,3.6763000000000003,3.6782000000000004,3.6819,3.6902000000000004,3.6917,3.6957,3.7111,3.7125000000000004,3.7213000000000003,3.7288,3.7468000000000004,3.7499000000000002,3.7504000000000004,3.7621,3.7646,3.7736,3.7762000000000002,3.7778,3.7866,3.7986,3.8013000000000003,3.8031,3.8055000000000003,3.8271,3.8384,3.842,3.8437,3.8453000000000004,3.8589,3.8676000000000004,3.8696,3.8737000000000004,3.8815000000000004,3.8934,3.9107000000000003,3.9136,3.9178,3.9200000000000004,3.9234,3.9356,3.9485,3.9783000000000004,3.9811,3.9829000000000003,4.002400000000001,4.0045,4.0062,4.0075,4.0086,4.0182,4.0202,4.0219000000000005,4.0228,4.0280000000000005,4.0349,4.0406,4.0441,4.0513,4.0543000000000005,4.0583,4.0597,4.0726,4.079400000000001,4.0834,4.0953,4.1027000000000005,4.103,4.1167,4.1185,4.119800000000001,4.1403,4.1409,4.1422,4.1524,4.1558,4.1561,4.1641,4.1694,4.1741,4.1798,4.1808000000000005,4.182,4.1825,4.1839,4.1955,4.1974,4.204000000000001,4.2053,4.2308,4.2332,4.2334000000000005,4.239,4.242900000000001,4.2536000000000005,4.2545,4.2629,4.265000000000001,4.2746,4.2765,4.2778,4.281000000000001,4.2813,4.2861,4.2901,4.3006,4.3021,4.3104000000000005,4.3138000000000005,4.3219,4.3345,4.3359000000000005,4.3384,4.362,4.3636,4.3649000000000004,4.3655,4.3729000000000005,4.3834,4.3855,4.3903,4.3959,4.4017,4.4058,4.4149,4.4153,4.4215,4.422000000000001,4.4387,4.441800000000001,4.4459,4.4461,4.4477,4.4503,4.4545,4.4577,4.4865,4.4886,4.5034,4.5106,4.5295000000000005,4.541,4.5436000000000005,4.556500000000001,4.5601,4.5638000000000005,4.5682,4.5707,4.5769,4.5782,4.5788,4.5848,4.5882000000000005,4.5989,4.5994,4.6007,4.6041,4.6078,4.6249,4.6286000000000005,4.6428,4.6543,4.6552,4.6601,4.6791,4.681,4.6828,4.687600000000001,4.6882,4.6904,4.691800000000001,4.6933,4.7022,4.7256,4.7275,4.7295,4.7323,4.7330000000000005,4.737,4.7382,4.7404,4.7417,4.7488,4.7521,4.7532000000000005,4.7545,4.7635000000000005,4.7872,4.8038,4.8077000000000005,4.8115000000000006,4.8211,4.8265,4.8274,4.841,4.8447000000000005,4.8475,4.8545,4.8563,4.8669,4.8703,4.871300000000001,4.8716,4.904100000000001,4.909400000000001,4.9169,4.9215,4.931,4.941400000000001,4.9579,4.9664,4.9693000000000005,4.9739,4.976500000000001,4.9767,4.9769000000000005,4.9793,4.9834000000000005,4.9846,4.9891000000000005,4.989800000000001,4.994000000000001,4.9988
125744:0.0022,0.0081,0.0126,0.0167,0.023200000000000002,0.0419,0.0446,0.0488,0.0514,0.064,0.06430000000000001,0.0825,0.083,0.0921,0.0955,0.10300000000000001,0.1061,0.10940000000000001,0.1355,0.1617,0.16490000000000002,0.17980000000000002,0.1834,0.18910000000000002,0.1898,0.2006,0.2008,0.2139,0.22710000000000002,0.2378,0.2394,0.24700000000000003,0.2472,0.24780000000000002,0.2554,0.2599,0.2631,0.2752,0.2859,0.2932,0.30110000000000003,0.303,0.308,0.3178,0.3261,0.3291,0.3317,0.3385,0.3452,0.3504,0.3522,0.35600000000000004,0.3584,0.4061,0.40790000000000004,0.41490000000000005,0.4274,0.4359,0.43720000000000003,0.4601,0.4672,0.46950000000000003,0.4948,0.504,0.511,0.5142,0.5147,0.5317000000000001,0.5381,0.5427000000000001,0.5452,0.5637,0.5652,0.5824,0.5967,0.6088,0.6103000000000001,0.6121,0.6205,0.6232,0.6291,0.6331,0.6355000000000001,0.6382,0.6403,0.6469,0.6515000000000001,0.6617000000000001,0.6631,0.6641,0.6654,0.6717000000000001,0.6832,0.6835,0.6845,0.6872,0.6975,0.6996,0.7036,0.7038,0.7058,0.7154,0.7161000000000001,0.7199,0.7272000000000001,0.733,0.7333000000000001,0.7359,0.7446,0.7628,0.7747,0.7794000000000001,0.8056000000000001,0.8156,0.8158000000000001,0.8232,0.8404,0.8424,0.8569,0.8735,0.874,0.8747,0.884,0.8865000000000001,0.8921,0.8965000000000001,0.9013,0.9019,0.9033,0.9099,0.9183,0.9281,0.9319000000000001,0.9367000000000001,0.9434,0.9438000000000001,0.9444,0.9688,0.9728,0.9819,0.9824,0.9937,1.0174,1.0319,1.0390000000000001,1.0558,1.0571000000000002,1.0688,1.1111,1.1142,1.1257000000000001,1.1284,1.1440000000000001,1.1471,1.1477000000000002,1.1482,1.1565,1.1723000000000001,1.1748,1.1815,1.1872,1.1881000000000002,1.1972,1.2115,1.2197,1.2227000000000001,1.225,1.2279,1.2323,1.2342,1.2426000000000001,1.2435,1.2554,1.2564,1.2569000000000001,1.2701,1.2731000000000001,1.2743,1.2749000000000001,1.28,1.3022,1.3052000000000001,1.3068,1.3078,1.3112000000000001,1.3325,1.3329,1.336,1.3437000000000001,1.3524,1.3552,1.3589,1.36,1.3711,1.3716000000000002,1.3745,1.3766,1.3769,1.3777000000000001,1.3791,1.3840000000000001,1.3891,1.3984,1.4018000000000002,1.4075,1.4332,1.4396,1.4432,1.4442000000000002,1.4463000000000001,1.4587,1.4628,1.4819,1.4843000000000002,1.508,1.5171000000000001,1.5198,1.5342,1.5414,1.5431000000000001,1.5724,1.5772000000000002,1.5896000000000001,1.593,1.6019,1.6148,1.618,1.6212,1.6245,1.6280000000000001,1.6289,1.6588,1.6611,1.6623,1.6699000000000002,1.6725,1.6836,1.6863000000000001,1.6904000000000001,1.6921000000000002,1.6987,1.7039000000000002,1.7072,1.7092,1.7096,1.7112,1.7168,1.7202000000000002,1.7273,1.7352,1.7368000000000001,1.7479,1.7565000000000002,1.7765000000000002,1.7784,1.8013000000000001,1.8064,1.8125,1.8127,1.8228000000000002,1.8304,1.8314000000000001,1.8343,1.8363,1.8388,1.8437000000000001,1.8447,1.8456000000000001,1.8506,1.8534000000000002,1.8633000000000002,1.8801,1.8808,1.8839000000000001,1.8873000000000002,1.8886,1.8939000000000001,1.8960000000000001,1.9029,1.9120000000000001,1.9178000000000002,1.9207,1.9233,1.9307,1.9364000000000001,1.9431,1.9577,1.9579000000000002,1.9587,1.9646000000000001,1.9744000000000002,1.9753,1.9773,1.9841000000000002,1.9867000000000001,1.9896,1.9987000000000001,2.0116,2.0129,2.0143,2.0196,2.0263,2.0336000000000003,2.0348,2.0435000000000003,2.0501,2.0522,2.0528,2.0612,2.0656,2.067,2.0672,2.0775,2.0823,2.0851,2.0983,2.1024000000000003,2.1065,2.12,2.1359,2.1388000000000003,2.1453,2.1519,2.1581,2.1630000000000003,2.1694,2.1785,2.1801,2.1905,2.2093000000000003,2.2109,2.2144,2.2229,2.2243,2.2501,2.2626,2.2655000000000003,2.2723,2.2858,2.2867,2.2903000000000002,2.2946,2.3045,2.311,2.3119,2.319,2.3282000000000003,2.3295,2.3314,2.3504,2.351,2.3514,2.3581000000000003,2.3584,2.3706,2.3742,2.3759,2.3833,2.3886000000000003,2.3977,2.4095,2.4191000000000003,2.4212000000000002,2.4215,2.4283,2.4285,2.4405,2.4413,2.4482,2.4801,2.4872,2.4936000000000003,2.4946,2.5002,2.5052000000000003,2.5088,2.5092000000000003,2.512,2.517,2.5222,2.5325,2.5489,2.551,2.553,2.5544000000000002,2.5669,2.5768,2.5824000000000003,2.5851,2.5939,2.5972,2.6044,2.6067,2.6141,2.6283000000000003,2.6285000000000003,2.6392,2.6435,2.6457,2.6468000000000003,2.664,2.6753,2.6757,2.6778,2.6782,2.6862,2.6959,2.7056,2.7108000000000003,2.7134,2.7212,2.7221,2.7224,2.7267,2.7284,2.7292,2.7307,2.7336,2.7627,2.8061000000000003,2.8148,2.8163,2.817,2.8184,2.8486000000000002,2.8489,2.8495,2.8507000000000002,2.8529,2.8558000000000003,2.8565,2.8646000000000003,2.8770000000000002,2.8863000000000003,2.8903000000000003,2.908,2.9122000000000003,2.9145000000000003,2.9158,2.9212000000000002,2.9329,2.9333,2.9358,2.9418,2.9445,2.9502,2.9572000000000003,2.9610000000000003,2.9856000000000003,2.9869000000000003,2.9987000000000004,3.0008000000000004,3.0023,3.0090000000000003,3.0097,3.0243,3.0246,3.0384,3.0448,3.0528,3.0597000000000003,3.0620000000000003,3.0656000000000003,3.0665,3.0693,3.0801000000000003,3.0875000000000004,3.1074,3.1088,3.119,3.1285000000000003,3.1353,3.1356,3.1358,3.1454,3.1482,3.1551,3.1582000000000003,3.1691000000000003,3.1756,3.1783,3.1845000000000003,3.1922,3.2013000000000003,3.2034000000000002,3.2036000000000002,3.2179,3.2184000000000004,3.2199,3.2248,3.2255000000000003,3.2296,3.2323,3.2351,3.2398000000000002,3.2461,3.2553,3.2596000000000003,3.2633,3.2774,3.2861000000000002,3.2864,3.2988,3.3029,3.3162000000000003,3.3208,3.3378,3.3440000000000003,3.3462,3.349,3.3556000000000004,3.3558000000000003,3.3601,3.3723,3.387,3.39,3.3960000000000004,3.3987000000000003,3.4196,3.4342,3.4351000000000003,3.4401,3.4484000000000004,3.4493,3.4568000000000003,3.4585000000000004,3.4622,3.4715000000000003,3.4758,3.4821,3.4911000000000003,3.4934000000000003,3.5009,3.5082,3.5103,3.5106,3.5174000000000003,3.5278,3.5639000000000003,3.5683000000000002,3.5733,3.5901,3.5957000000000003,3.6057,3.6078,3.611,3.6235000000000004,3.6270000000000002,3.6287000000000003,3.6309,3.6358,3.6372,3.6516,3.6574,3.6608,3.6643000000000003,3.6681000000000004,3.6732,3.6739,3.6806,3.7116000000000002,3.7254,3.7372,3.7405000000000004,3.748,3.7492,3.7555,3.7640000000000002,3.769,3.7694,3.7697000000000003,3.7706000000000004,3.7763,3.7785,3.7812,3.7840000000000003,3.7876000000000003,3.7882000000000002,3.7885,3.79,3.7902,3.7994000000000003,3.8027,3.8097000000000003,3.8198000000000003,3.8347,3.8467000000000002,3.8528000000000002,3.8537000000000003,3.8548,3.8565,3.862,3.863,3.8663000000000003,3.8702,3.8736,3.8781000000000003,3.8853,3.8874,3.8904,3.8979000000000004,3.8998000000000004,3.9090000000000003,3.9097000000000004,3.9113,3.9145000000000003,3.9159,3.9177000000000004,3.9277,3.9320000000000004,3.9342,3.9397,3.9528000000000003,3.9599,3.9672,3.9694000000000003,3.9748,3.9814000000000003,3.9822,3.9849,3.99,4.0008,4.024900000000001,4.0334,4.0378,4.045100000000001,4.0661000000000005,4.0769,4.0922,4.1007,4.1037,4.1107000000000005,4.1151,4.1178,4.123600000000001,4.1261,4.1289,4.1303,4.1324000000000005,4.1334,4.134,4.1416,4.1503000000000005,4.1549000000000005,4.1799,4.1815,4.1845,4.1848,4.1851,4.19,4.1999,4.2026,4.2175,4.228800000000001,4.229,4.2353000000000005,4.2397,4.256600000000001,4.2647,4.2693,4.2735,4.276,4.276800000000001,4.2797,4.2868,4.2875000000000005,4.2881,4.2987,4.311100000000001,4.3158,4.316800000000001,4.324,4.3273,4.3295,4.3305,4.3345,4.3366,4.3372,4.3583,4.361,4.368,4.3813,4.3923000000000005,4.3929,4.3988000000000005,4.399,4.4004,4.4125000000000005,4.414000000000001,4.4167000000000005,4.4269,4.433800000000001,4.4366,4.4433,4.4454,4.4511,4.4679,4.4712000000000005,4.4862,4.4885,4.5038,4.509,4.5186,4.5341000000000005,4.5436000000000005,4.5454,4.5456,4.5558000000000005,4.5564,4.5572,4.559200000000001,4.5685,4.580900000000001,4.5921,4.5948,4.603400000000001,4.6073,4.6131,4.6147,4.623200000000001,4.6240000000000006,4.6242,4.6365,4.639,4.6406,4.6446000000000005,4.647600000000001,4.6489,4.6679,4.6736,4.6753,4.682300000000001,4.6889,4.6906,4.695600000000001,4.71,4.7245,4.7312,4.7378,4.7403,4.7409,4.7419,4.742500000000001,4.746,4.7559000000000005,4.7612000000000005,4.793,4.7941,4.7944,4.7981,4.8017,4.816800000000001,4.8185,4.8235,4.8247,4.8391,4.8461,4.8498,4.8522,4.863300000000001,4.8789,4.890000000000001,4.891500000000001,4.8942000000000005,4.8968,4.9054,4.9068000000000005,4.911300000000001,4.9185,4.9189,4.926200000000001,4.929600000000001,4.946400000000001,4.9545,4.9619,4.967700000000001,4.972,4.9731000000000005,4.9785,4.9789,4.9901,4.9915,4.9942
125852:0.0057,0.0134,0.019100000000000002,0.0262,0.0334,0.041100000000000005,0.0468,0.053500000000000006,0.058800000000000005,0.064,0.0712,0.0785,0.08370000000000001,0.0911,0.0979,0.1061,0.112,0.11710000000000001,0.124,0.1332,0.13920000000000002,0.1482,0.155,0.163,0.1689,0.1759,0.1837,0.191,0.1986,0.2056,0.2154,0.2199,0.227,0.2349,0.2416,0.24760000000000001,0.2534,0.259,0.2647,0.27,0.277,0.28390000000000004,0.2906,0.29500000000000004,0.3023,0.3075,0.3138,0.3194,0.3256,0.3321,0.3396,0.34840000000000004,0.35400000000000004,0.3597,0.365,0.3734,0.38430000000000003,0.3912,0.39830000000000004,0.4055,0.4112,0.4177,0.42650000000000005,0.43370000000000003,0.4408,0.4465,0.4534,0.4637,0.47240000000000004,0.4792,0.48610000000000003,0.4919,0.49820000000000003,0.504,0.5097,0.5173,0.5253,0.5317000000000001,0.5376000000000001,0.5436,0.5495,0.5542,0.5597,0.5651,0.5790000000000001,0.5850000000000001,0.5918,0.5981000000000001,0.6056,0.6125,0.6203000000000001,0.6259,0.6312,0.6384000000000001,0.648,0.6535000000000001,0.6582,0.6639,0.6691,0.6777000000000001,0.6843,0.6900000000000001,0.6957,0.7010000000000001,0.7105,0.7195,0.7265,0.7318,0.7377,0.7445,0.7542,0.7598,0.766,0.7722,0.7787000000000001,0.7868,0.7919,0.7987000000000001,0.8053,0.8124,0.8179000000000001,0.8258000000000001,0.8378,0.8426,0.8478,0.8544,0.8652000000000001,0.8732000000000001,0.8792000000000001,0.8859,0.8907,0.8966000000000001,0.9029,0.9088,0.9197000000000001,0.9256000000000001,0.9329000000000001,0.9395,0.9475,0.9539000000000001,0.9595,0.9664,0.9727,0.9788,0.9862000000000001,0.9917,0.9972000000000001,1.0039,1.0158,1.0217,1.0278,1.0339,1.0398,1.0450000000000002,1.05,1.0575,1.0643,1.0697,1.0759,1.0834000000000001,1.0897000000000001,1.0964,1.1036000000000001,1.1091,1.1141,1.1207,1.1267,1.1361,1.1428,1.1485,1.1541000000000001,1.1607,1.1664,1.1753,1.1813,1.1871,1.1923000000000001,1.1983000000000001,1.205,1.2121,1.2179,1.2234,1.2303,1.2357,1.2422,1.2477,1.2552,1.2607000000000002,1.2671000000000001,1.2737,1.2793,1.2858,1.2902,1.3008,1.3082,1.3147,1.3206,1.3274000000000001,1.334,1.339,1.3453000000000002,1.3529,1.3583,1.3639000000000001,1.3727,1.3826,1.3885,1.3939000000000001,1.4004,1.4072,1.4142000000000001,1.4206,1.429,1.4344000000000001,1.4416,1.4488,1.4591,1.4656,1.4707000000000001,1.4766000000000001,1.4829,1.4901,1.4946000000000002,1.5006000000000002,1.5102,1.5164,1.5212,1.5291000000000001,1.5375,1.5459,1.5510000000000002,1.5591000000000002,1.5657,1.5746,1.5808,1.5864,1.5985,1.6046,1.6114000000000002,1.6189,1.6257000000000001,1.6301,1.6362,1.6449,1.6502000000000001,1.6549,1.6623,1.6691,1.6742000000000001,1.6803000000000001,1.6860000000000002,1.6907,1.6972,1.7026000000000001,1.7091,1.7143000000000002,1.7195,1.726,1.7327000000000001,1.7392,1.7468000000000001,1.752,1.7571,1.7643,1.7717,1.7790000000000001,1.7858,1.792,1.8041,1.8113000000000001,1.8166,1.8238,1.8330000000000002,1.8373000000000002,1.8434000000000001,1.8490000000000002,1.8571000000000002,1.8639000000000001,1.8708,1.8769,1.8822,1.8892,1.8940000000000001,1.8996000000000002,1.9055000000000002,1.9113,1.9172,1.9244,1.9299000000000002,1.9358000000000002,1.9461000000000002,1.9534,1.9585000000000001,1.9634,1.9711,1.9763000000000002,1.9821000000000002,1.9878,1.9934,2.0020000000000002,2.0083,2.0166,2.0233,2.0302000000000002,2.037,2.0453,2.0518,2.057,2.0619,2.068,2.0743,2.0794,2.0863,2.0914,2.097,2.1027,2.1091,2.1151,2.1245000000000003,2.132,2.1386000000000003,2.1445000000000003,2.1505,2.1572,2.1618,2.1682,2.1738,2.1787,2.1858,2.1923,2.1983,2.2037,2.2106,2.2163,2.2230000000000003,2.2292,2.2362,2.2449,2.2521,2.258,2.2645,2.2692,2.2796000000000003,2.2847,2.2899000000000003,2.2947,2.3065,2.3131,2.321,2.3294,2.334,2.3438000000000003,2.3533,2.359,2.3695,2.3747000000000003,2.3822,2.3886000000000003,2.3935,2.3998,2.4102,2.4148,2.4210000000000003,2.4271000000000003,2.4321,2.4378,2.4439,2.4518,2.4631000000000003,2.4689,2.4767,2.4825,2.4894000000000003,2.4965,2.5045,2.5095,2.5156,2.5204,2.5260000000000002,2.5309,2.5363,2.5417,2.5497,2.5557000000000003,2.5684,2.5736000000000003,2.5796,2.588,2.5936,2.5985,2.6028000000000002,2.6105,2.6169000000000002,2.6253,2.6313,2.6366,2.6432,2.6481000000000003,2.6579,2.6647000000000003,2.672,2.6769000000000003,2.6824000000000003,2.6879,2.6943,2.6996,2.7046,2.7109,2.7176,2.7256,2.7302,2.7348000000000003,2.7436000000000003,2.7488,2.7562,2.7622,2.7693000000000003,2.7769,2.7824,2.7877,2.7945,2.8006,2.8081,2.814,2.8197,2.8273,2.8397,2.8461000000000003,2.8528000000000002,2.8586,2.8667000000000002,2.8738,2.8804000000000003,2.8878,2.8969,2.9017,2.9092000000000002,2.9145000000000003,2.9214,2.9285,2.9346,2.9397,2.9462,2.9523,2.9575,2.9627000000000003,2.9686000000000003,2.9768000000000003,2.9831000000000003,2.9886,2.9962,3.0018000000000002,3.0102,3.0175,3.0253,3.0315000000000003,3.0399000000000003,3.0449,3.0511000000000004,3.057,3.0629,3.0687,3.0763000000000003,3.0817,3.0874,3.0941,3.1015,3.1095,3.1205000000000003,3.1254,3.132,3.1384000000000003,3.1454,3.1534,3.1579,3.164,3.1710000000000003,3.1787,3.1856,3.1916,3.197,3.2030000000000003,3.2076000000000002,3.2127000000000003,3.2233,3.2301,3.2350000000000003,3.2405,3.2466000000000004,3.2558000000000002,3.2617000000000003,3.2685,3.2750000000000004,3.2807,3.2914000000000003,3.2985,3.3054,3.3109,3.317,3.3255000000000003,3.3345000000000002,3.3426,3.3475,3.3526000000000002,3.3593,3.3646000000000003,3.3699000000000003,3.3760000000000003,3.3810000000000002,3.3906,3.3972,3.4027000000000003,3.4098,3.4177,3.4238,3.4292000000000002,3.4358,3.4405,3.4465000000000003,3.4519,3.4584,3.4657,3.4746,3.4803,3.4863,3.4936000000000003,3.5025,3.5086000000000004,3.5142,3.5205,3.5321000000000002,3.5387,3.5477000000000003,3.5533,3.56,3.5649,3.5705,3.5789,3.5846,3.5912,3.5972,3.6038,3.6101,3.6154,3.6212,3.6262000000000003,3.6310000000000002,3.6365000000000003,3.6430000000000002,3.6513,3.6587,3.6643000000000003,3.6696,3.6768,3.6838,3.6895000000000002,3.6968,3.7031,3.712,3.7191,3.7262,3.7311,3.7415000000000003,3.7476000000000003,3.7533000000000003,3.7588000000000004,3.7662,3.7752000000000003,3.7800000000000002,3.7861000000000002,3.7918000000000003,3.7989,3.8053000000000003,3.8114000000000003,3.8169000000000004,3.8243,3.8313,3.8376,3.8474000000000004,3.8534,3.8589,3.8652,3.8718000000000004,3.8797,3.8875,3.8956000000000004,3.9015,3.9073,3.9126000000000003,3.9197,3.9257,3.9353000000000002,3.9412000000000003,3.947,3.9525,3.9588,3.9638,3.9712,3.9772000000000003,3.987,3.9928000000000003,3.9976000000000003,4.0039,4.0139000000000005,4.0202,4.0256,4.032,4.0385,4.0457,4.0518,4.0645,4.0721,4.0789,4.0845,4.0902,4.0955,4.1022,4.1099000000000006,4.1160000000000005,4.1229000000000005,4.1272,4.1334,4.1416,4.1489,4.1544,4.1604,4.1668,4.1732000000000005,4.1793000000000005,4.1869000000000005,4.1931,4.2008,4.207,4.2129,4.2177,4.2231000000000005,4.2316,4.2389,4.2466,4.2515,4.2574000000000005,4.2641,4.2692000000000005,4.2759,4.2814000000000005,4.288600000000001,4.2937,4.299,4.306,4.3133,4.3189,4.3249,4.3314,4.337000000000001,4.3425,4.351100000000001,4.3568,4.3632,4.3689,4.3735,4.3791,4.385800000000001,4.3929,4.399500000000001,4.4049000000000005,4.414000000000001,4.4209000000000005,4.4254,4.4305,4.4373000000000005,4.4448,4.4499,4.4571000000000005,4.4633,4.470000000000001,4.4775,4.4837,4.4893,4.4962,4.5017000000000005,4.507000000000001,4.5173000000000005,4.5253000000000005,4.532500000000001,4.5378,4.543,4.548900000000001,4.5543000000000005,4.5589,4.5662,4.5723,4.5772,4.5848,4.5928,4.5987,4.6081,4.6136,4.6186,4.6266,4.632000000000001,4.6387,4.6448,4.651400000000001,4.6581,4.6634,4.6718,4.6779,4.6825,4.6881,4.6930000000000005,4.7022,4.7091,4.715,4.7209,4.7294,4.7348,4.7405,4.7453,4.753,4.7593000000000005,4.7653,4.7704,4.7808,4.7862,4.792800000000001,4.8001000000000005,4.8049,4.8128,4.8202,4.8264000000000005,4.833600000000001,4.8395,4.8482,4.853400000000001,4.8583,4.863300000000001,4.8716,4.8777,4.883100000000001,4.890000000000001,4.895700000000001,4.901400000000001,4.9081,4.9138,4.9222,4.928,4.9337,4.9393,4.9453000000000005,4.9505,4.9584,4.964300000000001,4.974,4.9794,4.9851,4.9917,4.998200000000001
125875:0.0201,0.06910000000000001,0.19940000000000002,0.26280000000000003,0.3639,0.7081000000000001,0.8557,1.1666,1.2245000000000001,1.4051,1.7289,1.9001000000000001,1.9262000000000001,2.2475,2.33,2.3493,2.4104,2.5543,2.5997000000000003,2.6927000000000003,2.7456,2.8405,2.8680000000000003,2.927,2.9479,3.0741,3.2475,3.4006000000000003,3.4189000000000003,3.7739000000000003,3.7897000000000003,4.1467,4.2625,4.3639,4.7282,4.834700000000001
126050:1.3882,2.3141000000000003,2.443,2.5332000000000003,3.8512000000000004
126398:0.0235,0.15610000000000002,0.45930000000000004,0.7954,0.9178000000000001,1.2934,1.7141000000000002,2.2547,2.5005,2.5663,3.4088000000000003,3.8772,3.9342,4.147,4.5473,4.6968000000000005
126782:0.1468,0.35150000000000003
127062:2.0155000000000003,4.3627,4.8207
128604:0.0763,0.1178,0.2609,0.5693,0.6377,0.6702,0.7053,0.8283,0.8666,0.9108,1.0066,1.068,1.1260000000000001,1.2014,1.2472,1.2896,1.3965,1.5029000000000001,1.5561,1.6340000000000001,1.7067,1.7947000000000002,1.8489,1.8938000000000001,1.9879,2.0608,2.1934,2.2502,2.2975000000000003,2.3683,2.4292000000000002,2.5136000000000003,2.5574000000000003,2.7030000000000003,2.8246,2.8605,2.954,3.0042,3.055,3.1494,3.1922,3.2117,3.2790000000000004,3.3142,3.3614,3.3982,3.4307000000000003,3.4964,3.5865,3.6435,3.6646,3.7688,3.7947,3.8382,3.8932,3.9366000000000003,4.0008,4.1379,4.1930000000000005,4.2777,4.3884,4.4528,4.5076,4.546600000000001,4.6237,4.6933,4.7347,4.843
129110:0.3397,0.9192,1.5081,2.0052000000000003,2.0118,2.2213000000000003,2.8898,3.7768,3.9711000000000003,4.1256,4.146100000000001,4.3475,4.3588000000000005,4.8077000000000005,4.8178
129130:0.0801,2.414,3.1291,4.7662
130068:0.0074,0.0159,0.021500000000000002,0.0279,0.0334,0.0398,0.046200000000000005,0.0517,0.057300000000000004,0.0663,0.0712,0.0766,0.0833,0.094,0.10260000000000001,0.1073,0.11320000000000001,0.1208,0.1265,0.13340000000000002,0.1395,0.1464,0.1539,0.1615,0.16770000000000002,0.1744,0.1822,0.1874,0.1943,0.20040000000000002,0.2066,0.2112,0.2195,0.22640000000000002,0.23420000000000002,0.2422,0.24780000000000002,0.254,0.2622,0.2662,0.2711,0.27840000000000004,0.2847,0.2911,0.29600000000000004,0.3017,0.30870000000000003,0.3143,0.31980000000000003,0.325,0.33530000000000004,0.3396,0.3468,0.3543,0.35900000000000004,0.3639,0.3695,0.3789,0.38530000000000003,0.389,0.39480000000000004,0.4032,0.4106,0.4173,0.4222,0.4283,0.4344,0.4441,0.45070000000000005,0.4555,0.4615,0.4666,0.4771,0.4824,0.4892,0.49770000000000003,0.5041,0.5084000000000001,0.5144000000000001,0.5213,0.5268,0.5367000000000001,0.546,0.5527000000000001,0.5592,0.5649000000000001,0.5714,0.5815,0.5876,0.5941000000000001,0.5994,0.6084,0.6195,0.6253000000000001,0.6315000000000001,0.6386000000000001,0.6454000000000001,0.6525000000000001,0.6579,0.6655,0.6729,0.6821,0.6903,0.6965,0.7019000000000001,0.7081000000000001,0.7122,0.7223,0.7305,0.7354,0.7427,0.7492000000000001,0.7553000000000001,0.7623000000000001,0.7686000000000001,0.7804,0.7858,0.7919,0.8018000000000001,0.8121,0.8172,0.8236,0.8294,0.8351000000000001,0.8418,0.8503000000000001,0.8560000000000001,0.8613000000000001,0.8734000000000001,0.8797,0.8874000000000001,0.8942,0.9009,0.9062,0.9128000000000001,0.9193,0.9254,0.9336000000000001,0.9403,0.9478000000000001,0.9551000000000001,0.9621000000000001,0.9671000000000001,0.9745,0.9798,0.9870000000000001,0.9943000000000001,1.0014,1.0075,1.0155,1.0215,1.0271000000000001,1.0328,1.0381,1.0433000000000001,1.0504,1.0571000000000002,1.0626,1.0708,1.0767,1.0829,1.0919,1.0984,1.1049,1.1107,1.1175000000000002,1.1267,1.1325,1.1376,1.1440000000000001,1.1489,1.1587,1.1637,1.1689,1.1754,1.1845,1.1918,1.1985000000000001,1.208,1.2137,1.2189,1.2251,1.2305000000000001,1.2366000000000001,1.2431,1.2537,1.2598,1.2662,1.2732,1.2810000000000001,1.2869000000000002,1.2961,1.3026,1.3081,1.3153000000000001,1.3219,1.3274000000000001,1.3343,1.3395000000000001,1.3449,1.3506,1.357,1.3633,1.369,1.3747,1.3828,1.3904,1.3966,1.4022000000000001,1.4075,1.4133,1.421,1.433,1.4375,1.4492,1.457,1.4631,1.4682000000000002,1.4736,1.4789,1.4844000000000002,1.491,1.4969000000000001,1.5031,1.5090000000000001,1.516,1.5233,1.5290000000000001,1.5365,1.5452000000000001,1.5515,1.5585,1.5651000000000002,1.5734000000000001,1.5793000000000001,1.5847,1.5902,1.5994000000000002,1.6044,1.6104,1.6193000000000002,1.6288,1.6354000000000002,1.6416000000000002,1.6488,1.6546,1.6612,1.6683000000000001,1.677,1.6858000000000002,1.6913,1.6985000000000001,1.705,1.7128,1.7192,1.727,1.7315,1.7414,1.7467000000000001,1.7544000000000002,1.7605000000000002,1.7677,1.7748000000000002,1.7819,1.7871000000000001,1.7946000000000002,1.8030000000000002,1.8088000000000002,1.8159,1.8218,1.8304,1.8362,1.8424,1.8496000000000001,1.8587,1.8639000000000001,1.8697000000000001,1.8778000000000001,1.8846,1.8894000000000002,1.9006,1.9054,1.9121000000000001,1.9187,1.9261000000000001,1.9295,1.9359000000000002,1.9428,1.9487,1.9559000000000002,1.9618,1.9695,1.9751,1.9819,1.9892,1.9954,2.0019,2.0108,2.0173,2.0279000000000003,2.0346,2.0428,2.0499,2.0559000000000003,2.0608,2.0740000000000003,2.0796,2.0878,2.0946000000000002,2.1032,2.112,2.1186000000000003,2.1243000000000003,2.13,2.137,2.1419,2.1501,2.156,2.1626000000000003,2.1682,2.1729000000000003,2.1778,2.1879,2.1976,2.2038,2.2108000000000003,2.2197,2.2267,2.2329000000000003,2.2405,2.2465,2.2506,2.2556000000000003,2.2622,2.2682,2.2781000000000002,2.2827,2.2945,2.3012,2.3082000000000003,2.3142,2.3319,2.3373,2.3416,2.3486000000000002,2.3534,2.3586,2.3668,2.3726000000000003,2.3845,2.3893,2.3968000000000003,2.404,2.4108,2.4145000000000003,2.4238,2.4297,2.4389000000000003,2.4455,2.4506,2.4544,2.4603,2.4663,2.4722,2.4779,2.4833000000000003,2.4892000000000003,2.4966,2.5041,2.5096000000000003,2.5149,2.5216000000000003,2.5267,2.5327,2.5395000000000003,2.5474,2.5534000000000003,2.5575,2.5648,2.572,2.5815,2.5879000000000003,2.5946000000000002,2.6006,2.6091,2.6138000000000003,2.6197,2.6267,2.6326,2.6385,2.6461,2.6521000000000003,2.6596,2.6668000000000003,2.6753,2.6858,2.6909,2.6956,2.7012,2.7063,2.7125,2.7193,2.7283,2.7339,2.7387,2.7476000000000003,2.7520000000000002,2.7582,2.7669,2.7737000000000003,2.7799,2.786,2.7961,2.803,2.8089,2.8135000000000003,2.8202000000000003,2.8271,2.8337000000000003,2.8387000000000002,2.8445,2.8489,2.8556,2.8628,2.8675,2.8716,2.8812,2.8899000000000004,2.8972,2.9017,2.9107000000000003,2.9179,2.9249,2.9294000000000002,2.9343000000000004,2.9442,2.9504,2.9556,2.9642,2.9697,2.9770000000000003,2.9818000000000002,2.9884,2.9961,3.0024,3.0108,3.0158,3.0221,3.0274,3.0333,3.0421,3.049,3.0557000000000003,3.0613,3.0678,3.072,3.0767,3.0829,3.0885000000000002,3.0944000000000003,3.1019,3.1097,3.1161000000000003,3.1234,3.1341,3.1390000000000002,3.1453,3.1535,3.1580000000000004,3.1656,3.1717,3.1778,3.1832000000000003,3.1887000000000003,3.1938,3.2004,3.2068000000000003,3.214,3.2204,3.2256,3.2335000000000003,3.2393,3.2466000000000004,3.2502,3.2568,3.2611000000000003,3.2664,3.2712000000000003,3.2794000000000003,3.2855000000000003,3.2917,3.2976,3.3037,3.3099000000000003,3.3151,3.3203,3.3280000000000003,3.3344,3.3438000000000003,3.3494,3.3569,3.3663000000000003,3.3736,3.3795,3.3885,3.3957,3.4009,3.4075,3.4165,3.4214,3.4305000000000003,3.4368000000000003,3.4428,3.4498,3.4563,3.4649,3.4694000000000003,3.4785000000000004,3.4886000000000004,3.4962,3.5018000000000002,3.5079000000000002,3.5145,3.5206,3.5264,3.5325,3.5388,3.5488,3.5554,3.5616000000000003,3.5681000000000003,3.5766,3.5845000000000002,3.5898000000000003,3.5953000000000004,3.601,3.6058000000000003,3.611,3.6175,3.6238,3.6318,3.6391,3.6474,3.6535,3.6612,3.6666000000000003,3.6740000000000004,3.6786000000000003,3.6865,3.6927000000000003,3.6989,3.7059,3.712,3.7184000000000004,3.7253000000000003,3.7295000000000003,3.7422,3.7489000000000003,3.7545,3.7607000000000004,3.7678000000000003,3.774,3.7799,3.7864,3.7921,3.7979000000000003,3.8037,3.8088,3.8168,3.8228,3.8282000000000003,3.8346,3.8395,3.8447,3.8494,3.8559,3.8609,3.8714000000000004,3.8768000000000002,3.8848000000000003,3.8907000000000003,3.8967,3.9031000000000002,3.9092000000000002,3.9148,3.9201,3.9268,3.9329,3.9377,3.9451,3.9513000000000003,3.9583000000000004,3.9676,3.9733,3.9804000000000004,3.9864,3.9967,4.0038,4.0097000000000005,4.0162,4.0215000000000005,4.0262,4.0321,4.0394000000000005,4.045100000000001,4.0506,4.0608,4.0681,4.0726,4.0814,4.0861,4.0946,4.1024,4.1075,4.1147,4.1227,4.129300000000001,4.1372,4.1432,4.1489,4.1549000000000005,4.161700000000001,4.168,4.173900000000001,4.1799,4.185700000000001,4.191800000000001,4.198,4.2046,4.211,4.2168,4.222700000000001,4.2291,4.2337,4.2426,4.2494000000000005,4.2545,4.2643,4.2703,4.2763,4.282500000000001,4.2931,4.3001000000000005,4.3068,4.3144,4.3225,4.3299,4.3365,4.3433,4.3500000000000005,4.3555,4.363,4.367,4.373,4.3794,4.3862000000000005,4.3921,4.3981,4.4043,4.4112,4.4177,4.4245,4.429,4.435700000000001,4.4436,4.449,4.454400000000001,4.4616,4.4673,4.4774,4.4847,4.4924,4.4984,4.5046,4.5122,4.5194,4.526800000000001,4.5328,4.5408,4.5465,4.5509,4.5566,4.5638000000000005,4.5715,4.5769,4.5844000000000005,4.597,4.6027000000000005,4.6085,4.6161,4.6239,4.6303,4.6375,4.6458,4.651400000000001,4.6565,4.6633000000000004,4.668,4.6746,4.6807,4.6872,4.6923,4.6973,4.7045,4.7118,4.7172,4.7250000000000005,4.7297,4.7357000000000005,4.7417,4.7479000000000005,4.7546,4.7599,4.766,4.7705,4.7804,4.7859,4.7912,4.7959000000000005,4.8039000000000005,4.8103,4.8176000000000005,4.8231,4.8281,4.8358,4.8414,4.8464,4.8512,4.8566,4.865200000000001,4.8704,4.8758,4.8868,4.893,4.899500000000001,4.9055,4.9111,4.918200000000001,4.9246,4.931900000000001,4.9387,4.9453000000000005,4.9558,4.962400000000001,4.9691,4.9763,4.981,4.9867,4.9932,4.9998000000000005
130526:0.2132,0.6891,1.5099,2.7159,3.1039000000000003,3.5083,3.5961000000000003,3.8312000000000004,3.9055,4.4237
130593:0.0302,0.05,0.07730000000000001,0.0896,0.12140000000000001,0.15760000000000002,0.1845,0.21810000000000002,0.2525,0.2675,0.29510000000000003,0.3284,0.3463,0.37320000000000003,0.41650000000000004,0.4615,0.5263,0.5747,0.6166,0.6448,0.6759000000000001,0.7109000000000001,0.7692,0.7993,0.8446,0.8648,0.8987,0.9225000000000001,0.9640000000000001,0.9868,1.0133,1.0391000000000001,1.0801,1.0962,1.1263,1.1605,1.1789,1.215,1.2316,1.2625,1.2912000000000001,1.3041,1.3377000000000001,1.3736000000000002,1.3827,1.4061000000000001,1.457,1.4867000000000001,1.5115,1.5365,1.5949,1.6408,1.6935,1.7117,1.756,1.7883,1.8053000000000001,1.8553000000000002,1.8977000000000002,1.9203000000000001,1.9519000000000002,1.9661000000000002,1.9997,2.0146,2.0647,2.0998,2.1243000000000003,2.1472,2.1878,2.2074000000000003,2.2512000000000003,2.2605,2.3002000000000002,2.3423000000000003,2.3526000000000002,2.3865000000000003,2.4105000000000003,2.4349000000000003,2.4558,2.4932000000000003,2.5219,2.5425,2.5627,2.5936,2.6243000000000003,2.6731000000000003,2.6866000000000003,2.7451000000000003,2.765,2.8193,2.834,2.8668,2.91,2.9296,2.9625000000000004,3.0108,3.0559000000000003,3.0751,3.1074,3.1503,3.197,3.2404,3.2844,3.3251,3.345,3.378,3.4062,3.4423000000000004,3.4697,3.5036,3.5451,3.5748,3.617,3.6539,3.6756,3.7132,3.7454,3.8002000000000002,3.8441,3.8769,3.9034,3.9347000000000003,3.9831000000000003,4.0137,4.0596000000000005,4.093,4.1061000000000005,4.1466,4.17,4.1977,4.2286,4.260800000000001,4.2908,4.3337,4.3692,4.4104,4.4495000000000005,4.500100000000001,4.5492,4.5806000000000004,4.6223,4.6734,4.6995000000000005,4.7274,4.7504,4.7801,4.8308,4.8569,4.8789,4.921,4.950200000000001,4.9693000000000005
130669:0.09090000000000001,0.2099,0.2846,0.7247,0.8608,0.9962000000000001,1.1781000000000001,1.23,1.2684,1.4259000000000002,1.6562000000000001,1.7321,1.9537,2.1623,2.2377000000000002,2.3441,2.4557,2.6148000000000002,2.7052,2.7894,3.0875000000000004,3.1895000000000002,3.7934,4.1692,4.3708,4.7461,4.849,4.9013
130768:0.1337,0.5428000000000001,1.8519,2.8517,4.236,4.4052
130780:0.2526,0.3023,0.3195,0.3934,0.5721,0.6152000000000001,0.6674,0.7488,1.0623,1.1122,1.12,1.1298000000000001,1.2687000000000002,1.4936,1.5003,1.588,1.6991,1.7629000000000001,1.8594000000000002,1.8892,1.9817,1.994,2.0667,2.0934,2.1155,2.1779,2.1968,2.39,2.454,2.5399000000000003,2.7776,2.8345000000000002,2.8874,2.8953,3.0086,3.0227,3.0729,3.1474,3.1681000000000004,3.3227,3.3942,3.5029000000000003,3.5843000000000003,3.6900000000000004,3.7372,3.8192000000000004,3.8402000000000003,3.9666,4.0965,4.1724000000000006,4.2178,4.2254000000000005,4.3132,4.3456,4.4038,4.478000000000001,4.5131000000000006,4.5639,4.6088000000000005,4.7860000000000005,4.88,4.9145,4.9824,4.9973
131032:0.00030000000000000003,0.0118,0.014,0.0258,0.0264,0.0284,0.054200000000000005,0.055400000000000005,0.0618,0.06280000000000001,0.0639,0.068,0.0727,0.0748,0.07540000000000001,0.0763,0.0765,0.0993,0.10310000000000001,0.1159,0.12840000000000001,0.1316,0.13620000000000002,0.14450000000000002,0.1547,0.1569,0.15960000000000002,0.16870000000000002,0.1709,0.1826,0.19540000000000002,0.1966,0.2046,0.20600000000000002,0.21810000000000002,0.2233,0.2295,0.23040000000000002,0.2363,0.2368,0.2371,0.23770000000000002,0.2444,0.258,0.2793,0.2887,0.3003,0.3075,0.3224,0.3239,0.3321,0.3683,0.3836,0.3886,0.3937,0.3957,0.4138,0.4193,0.4237,0.42850000000000005,0.4389,0.44160000000000005,0.44380000000000003,0.45790000000000003,0.4635,0.46690000000000004,0.47150000000000003,0.4727,0.48000000000000004,0.49200000000000005,0.4939,0.4978,0.5,0.5007,0.505,0.5079,0.5085000000000001,0.5152,0.5206000000000001,0.5441,0.5452,0.5461,0.5468000000000001,0.5637,0.5745,0.5942000000000001,0.6001000000000001,0.6023000000000001,0.6048,0.6055,0.634,0.6358,0.6402,0.6451,0.6481,0.6511,0.6674,0.6696000000000001,0.6754,0.6785,0.6808000000000001,0.681,0.6853,0.6905,0.6928000000000001,0.6949000000000001,0.7100000000000001,0.7102,0.7217,0.7353000000000001,0.7414000000000001,0.7423000000000001,0.7461,0.7496,0.7519,0.7773,0.7791,0.8077000000000001,0.8170000000000001,0.8201,0.8243,0.8261000000000001,0.8276,0.8292,0.8377,0.8474,0.8512000000000001,0.8665,0.8672000000000001,0.8717,0.8781,0.8788,0.8905000000000001,0.9039,0.9104000000000001,0.915,0.9205000000000001,0.9258000000000001,0.9345,0.9390000000000001,0.9439000000000001,0.9445,0.9448000000000001,0.9464,0.9483,0.9536,0.9560000000000001,0.9715,0.9767,0.9774,0.9850000000000001,0.9926,1.0010000000000001,1.0059,1.0077,1.0272000000000001,1.0286,1.0325,1.0471000000000001,1.0496,1.054,1.0556,1.061,1.0679,1.0684,1.0705,1.0721,1.0803,1.0822,1.0829,1.0895000000000001,1.0923,1.0933000000000002,1.0952,1.101,1.1039,1.1254,1.1353,1.1385,1.1574,1.1597,1.1722000000000001,1.1726,1.1821000000000002,1.1840000000000002,1.189,1.1914,1.2211,1.2302,1.2305000000000001,1.2378,1.2559,1.2617,1.2683,1.2702,1.2714,1.2913000000000001,1.2951000000000001,1.3147,1.3207,1.3244,1.3276000000000001,1.328,1.3299,1.3342,1.3419,1.3479,1.3565,1.3574000000000002,1.3602,1.3623,1.3639000000000001,1.3831,1.3941000000000001,1.3974,1.3988,1.4031,1.4198000000000002,1.4338,1.4385000000000001,1.4421000000000002,1.4506000000000001,1.4512,1.4563000000000001,1.4593,1.4616,1.4653,1.4802,1.4879,1.4887000000000001,1.4984000000000002,1.5064,1.5331000000000001,1.5350000000000001,1.5427000000000002,1.5439,1.5446,1.5457,1.5557,1.5559,1.5786,1.5894000000000001,1.6002,1.6093000000000002,1.6122,1.6128,1.6131,1.6154000000000002,1.6361,1.6395000000000002,1.6491,1.6520000000000001,1.6641000000000001,1.6804000000000001,1.6832,1.6962000000000002,1.7015,1.7113,1.7163000000000002,1.7242000000000002,1.7373,1.7432,1.7492,1.7503000000000002,1.7647000000000002,1.7772000000000001,1.7782,1.7801,1.7829000000000002,1.8047000000000002,1.8156,1.8309000000000002,1.8528,1.8793000000000002,1.8844,1.8923,1.9159000000000002,1.9264000000000001,1.9438000000000002,1.9467,1.9719,1.9797,1.9867000000000001,1.9989000000000001,2.0004,2.0037000000000003,2.0067,2.0069,2.0208,2.0375,2.0492,2.0559000000000003,2.0656,2.0658000000000003,2.0663,2.0687,2.0877,2.0906000000000002,2.1073,2.1241000000000003,2.1262000000000003,2.1285000000000003,2.1384000000000003,2.1390000000000002,2.1518,2.1563,2.1804,2.1852,2.1859,2.1868000000000003,2.1879,2.192,2.2373000000000003,2.2399,2.2415000000000003,2.2442,2.2459000000000002,2.2563,2.279,2.2892,2.2969,2.2975000000000003,2.3008,2.3092,2.3294,2.3415,2.3485,2.3487,2.3535,2.3821000000000003,2.3826,2.3853,2.387,2.4012000000000002,2.4059,2.4076,2.4087,2.4093,2.4165,2.4247,2.4259,2.4401,2.4428,2.4436,2.4478,2.4572000000000003,2.4575,2.4669000000000003,2.4752,2.4767,2.4791000000000003,2.4816000000000003,2.4988,2.5015,2.5047,2.5442,2.5453,2.5545,2.5620000000000003,2.5678,2.5743,2.5796,2.5811,2.5817,2.5833,2.5865,2.5899,2.5914,2.6106000000000003,2.616,2.6182000000000003,2.6283000000000003,2.6296,2.6391,2.6433,2.6487000000000003,2.653,2.6586000000000003,2.6662000000000003,2.6729000000000003,2.6753,2.6813000000000002,2.6878,2.698,2.7032000000000003,2.7136,2.7173000000000003,2.7183,2.7196000000000002,2.7213000000000003,2.7339,2.7456,2.7505,2.7729,2.7743,2.775,2.783,2.7844,2.8006,2.8354,2.8431,2.8563,2.8659000000000003,2.8878,2.911,2.9157,2.9208000000000003,2.9255,2.9268,2.93,2.9319,2.9387000000000003,2.951,2.9704,2.9798,2.9886,3.0220000000000002,3.0301,3.0466,3.0573,3.0701,3.0704000000000002,3.0828,3.0914,3.0928,3.0974,3.1005000000000003,3.1076,3.116,3.1223,3.1242,3.1271,3.1343,3.1351,3.1430000000000002,3.145,3.1477,3.1500000000000004,3.1582000000000003,3.1618,3.1681000000000004,3.1765000000000003,3.1982,3.1990000000000003,3.2043000000000004,3.2201,3.2219,3.2482,3.2508000000000004,3.2523,3.2657000000000003,3.2692,3.2711,3.2824,3.2857000000000003,3.2873,3.2982,3.2986,3.3007,3.3017000000000003,3.3048,3.3113,3.3127,3.3134,3.3206,3.3224,3.3418,3.342,3.3526000000000002,3.3604000000000003,3.3656,3.3751,3.3982,3.4076,3.4187000000000003,3.4311000000000003,3.4332000000000003,3.4345000000000003,3.4381000000000004,3.4397,3.4518,3.4562000000000004,3.4574000000000003,3.4596,3.4667000000000003,3.4701,3.4758,3.4798,3.4878,3.4988,3.5014000000000003,3.5032,3.5074,3.5105,3.5131,3.5138000000000003,3.5339,3.5355000000000003,3.5450000000000004,3.5563000000000002,3.5646,3.5689,3.5716,3.5747,3.5762,3.5828,3.5858000000000003,3.5957000000000003,3.5992,3.6005000000000003,3.6045000000000003,3.6416000000000004,3.6466000000000003,3.6528,3.6544000000000003,3.6580000000000004,3.6689000000000003,3.6709,3.6745,3.688,3.6899,3.6975000000000002,3.6989,3.7011000000000003,3.7015000000000002,3.7070000000000003,3.7073,3.7119,3.7188000000000003,3.7269,3.745,3.7458,3.7509,3.7693000000000003,3.7701000000000002,3.7752000000000003,3.7779000000000003,3.7947,3.7950000000000004,3.8137000000000003,3.8149,3.8227,3.8293000000000004,3.8362000000000003,3.8373000000000004,3.8398000000000003,3.8426,3.843,3.8451,3.847,3.8483,3.8528000000000002,3.8566000000000003,3.8731,3.8756000000000004,3.8873,3.8882000000000003,3.8933,3.8994,3.9026,3.9216,3.9219000000000004,3.9313000000000002,3.9326000000000003,3.9329,3.9345000000000003,3.9562000000000004,3.9571,3.9651,3.9656000000000002,3.9679,3.9741000000000004,3.9930000000000003,3.9968000000000004,4.0037,4.0062,4.0094,4.014,4.0144,4.0445,4.0499,4.051,4.0686,4.0849,4.0914,4.0949,4.1003,4.1028,4.133,4.1356,4.1402,4.1511000000000005,4.152200000000001,4.1571,4.1607,4.1633000000000004,4.1644000000000005,4.1721,4.1769,4.1829,4.1863,4.1951,4.1971,4.198,4.2173,4.2179,4.2183,4.2188,4.2208000000000006,4.2271,4.2287,4.2393,4.246300000000001,4.2469,4.2492,4.2501,4.2609,4.2647,4.2677000000000005,4.2777,4.2783,4.3314,4.3401000000000005,4.3465,4.3546000000000005,4.359,4.3684,4.3745,4.3764,4.3784,4.3846,4.3891,4.4030000000000005,4.408,4.410200000000001,4.411700000000001,4.4137,4.4181,4.4244,4.4270000000000005,4.4313,4.4318,4.4347,4.4407000000000005,4.4474,4.4576,4.4585,4.4755,4.4823,4.5068,4.5078000000000005,4.5335,4.5383000000000004,4.5453,4.5465,4.5495,4.5606,4.5805,4.5807,4.5817000000000005,4.5849,4.5948,4.5976,4.6021,4.6041,4.6237,4.6322,4.645300000000001,4.6523,4.653700000000001,4.66,4.6604,4.662,4.6627,4.6738,4.6745,4.6817,4.6913,4.6968000000000005,4.6982,4.7061,4.7171,4.722,4.7258000000000004,4.7399000000000004,4.7522,4.7531,4.7611,4.7689,4.7855,4.794300000000001,4.801200000000001,4.8018,4.808400000000001,4.8218000000000005,4.822900000000001,4.8258,4.827500000000001,4.8395,4.839700000000001,4.8415,4.851,4.8517,4.8533,4.8613,4.8634,4.8684,4.8726,4.8747,4.8843000000000005,4.8868,4.8878,4.889200000000001,4.8926,4.8958,4.9057,4.9125000000000005,4.9164,4.9186000000000005,4.9267,4.9301,4.9353,4.940300000000001,4.9458,4.9461,4.9585,4.96,4.961,4.974,4.976,4.9764,4.9861
131033:0.0405,0.3195,0.5756,1.0062,1.125,1.3447,1.7509000000000001,1.8187,1.8922,1.988,2.1883,2.3115,2.3809,2.5791,2.8701000000000003,3.4421000000000004,3.6831,3.8037,3.9571,4.1002,4.3337,4.4833,4.565300000000001,4.7443,4.988700000000001
132221:0.1966,0.2539,0.4994,0.5845,0.7303000000000001,0.8758,0.9913000000000001,1.1012,1.2435,1.3446,1.4899,1.546,2.1087000000000002,2.1567000000000003,2.2983000000000002,2.6842,2.9692000000000003,3.0161000000000002,3.1527000000000003,3.2880000000000003,3.3333000000000004,3.5837000000000003,3.7355,3.8488,3.9566000000000003,4.0705,4.1679,4.2065,4.5718000000000005,4.6284,4.8849
132392:2.7759
132598:4.351
133149:0.12990000000000002,0.29300000000000004,0.3427,0.5666,0.8637,0.9242,1.0726,1.1289,1.4931,1.9873,2.2106,2.4981,2.8803,2.8921,3.0281000000000002,3.1632000000000002,3.8145000000000002,3.9675000000000002,3.9875000000000003,4.1393,4.1679,4.2203,4.3513,4.4086,4.473,4.6122000000000005,4.8035000000000005,4.8768,4.9806
133158:0.044000000000000004,0.12290000000000001,0.1867,0.2662,0.33490000000000003,0.3758,0.46940000000000004,0.5769000000000001,0.6537000000000001,0.7199,0.7981,0.8655,0.9886,1.0165,1.0958,1.1803000000000001,1.2315,1.3009000000000002,1.3713,1.4053,1.4914,1.5474,1.6002,1.7159,1.7608000000000001,1.8121,1.8605,1.9219000000000002,1.9626000000000001,2.1239,2.1898,2.2579000000000002,2.3525,2.4029000000000003,2.4398,2.5312,2.5619,2.6005000000000003,2.6817,2.7614,2.8306,2.8715,2.9639,3.0766,3.1559000000000004,3.2837,3.3439,3.4145000000000003,3.4769,3.5778000000000003,3.6172,3.6787,3.7458,3.8040000000000003,3.8588,3.9403,4.0645,4.1496,4.198,4.2901,4.3546000000000005,4.4484,4.560700000000001,4.6241,4.7085,4.7559000000000005,4.8402,4.8823,4.952500000000001
133525:1.1331
133551:0.0188,0.0346,0.0567,0.1046,0.1447,0.17250000000000001,0.2136,0.24500000000000002,0.28700000000000003,0.30670000000000003,0.3287,0.35750000000000004,0.38880000000000003,0.40800000000000003,0.454,0.4969,0.5555,0.5633,0.5884,0.5973,0.6118,0.6594,0.6675,0.6979000000000001,0.7308,0.743,0.7687,0.7919,0.8044,0.8171,0.8307,0.8823000000000001,0.9410000000000001,0.9570000000000001,1.0055,1.0319,1.0538,1.1103,1.211,1.2413,1.2507000000000001,1.3082,1.3237,1.357,1.3717000000000001,1.4200000000000002,1.4789,1.5241,1.5830000000000002,1.615,1.6317000000000002,1.6660000000000001,1.6951,1.7530000000000001,1.7782,1.7911000000000001,1.8175000000000001,1.8477000000000001,1.8768,1.9208,1.9314,1.9645000000000001,1.9819,2.0226,2.0502000000000002,2.0824000000000003,2.1114,2.1438,2.1655,2.1783,2.1938,2.2351,2.2684,2.2859000000000003,2.3106,2.3627000000000002,2.4295,2.4794,2.49,2.5307,2.5794,2.5972,2.6069,2.6209000000000002,2.6435,2.6866000000000003,2.7013000000000003,2.733,2.7658,2.7843,2.8001,2.8133000000000004,2.8267,2.8631,2.8810000000000002,2.9071000000000002,2.9533,2.9878,3.0295,3.0434,3.0655,3.0899,3.1105,3.1239000000000003,3.1430000000000002,3.1732,3.1907,3.213,3.2689000000000004,3.2981000000000003,3.3114000000000003,3.3318000000000003,3.3615000000000004,3.3855,3.3993,3.4351000000000003,3.4852000000000003,3.4962,3.5049,3.5194,3.5932000000000004,3.6095,3.6376000000000004,3.6796,3.6947,3.7221,3.7501,3.8117,3.8337000000000003,3.8675,3.9235,3.9477,3.9574000000000003,3.9770000000000003,4.0255,4.0879,4.1291,4.2151000000000005,4.2484,4.274500000000001,4.3002,4.3241000000000005,4.3584000000000005,4.385,4.4039,4.4367,4.4688,4.4776,4.5096,4.529,4.553100000000001,4.5907,4.6045,4.6527,4.6901,4.7673000000000005,4.788,4.8021,4.8287,4.853800000000001,4.8663,4.8894,4.9044,4.9135,4.9322,4.9815000000000005,4.9931
133765:1.1259000000000001
133845:0.256,0.3065,0.33540000000000003,0.3972,0.5747,0.6204000000000001,0.6694,0.7524000000000001,1.0647,1.1157000000000001,1.1302,1.272,1.4974,1.5905,1.7048,1.7670000000000001,1.8643,1.8925,1.9865000000000002,2.0702000000000003,2.0971,2.1819,2.2,2.4565,2.5421,2.7808,2.8399,2.8918,3.0113000000000003,3.0282,3.0777,3.153,3.1713,3.3973,3.5060000000000002,3.5876,3.6934,3.7411000000000003,3.8264,3.9706,4.1773,4.2203,4.3162,4.4054,4.4808,4.5177000000000005,4.5680000000000005,4.6134,4.7906,4.8834,4.9169,4.9881
134244:0.41590000000000005,0.46940000000000004,0.6724,0.7236,0.8618,0.9933000000000001,1.147,1.2185000000000001,1.2569000000000001,1.3308,1.496,1.5931000000000002,1.6564,1.7044000000000001,1.7594,2.0583,2.1637,2.2187,2.3569,2.4546,2.5304,2.9015,3.0189000000000004,3.1879,3.2415000000000003,3.3614,3.5532000000000004,3.7502,3.8179000000000003,3.9794,4.2169,4.2757000000000005,4.3219,4.401,4.5516000000000005,4.645700000000001,4.7312,4.911700000000001
135560:0.3156,0.5731,0.6684,1.1308,1.3662,1.7624000000000002,1.9872,2.1782,2.3177000000000003,2.3894,2.4546,2.7769,2.8879,3.0737,3.3236000000000003,3.5217,3.8435,3.9638,4.1712,4.333200000000001,4.4083000000000006,4.4804,4.5637,4.9142,4.9928
135605:2.9443,4.2766
136005:4.9377
136144:0.0234,0.049600000000000005,0.0801,0.1044,0.1242,0.18330000000000002,0.21610000000000001,0.2399,0.2671,0.2917,0.3214,0.33630000000000004,0.35960000000000003,0.3834,0.4209,0.4586,0.47950000000000004,0.5048,0.5341,0.5640000000000001,0.5975,0.6219,0.6546000000000001,0.6649,0.6971,0.7311000000000001,0.768,0.7947000000000001,0.8129000000000001,0.8445,0.8765000000000001,0.8908,0.9252,0.9665,0.9974000000000001,1.0194,1.0409000000000002,1.06,1.0962,1.1238000000000001,1.1756,1.2048,1.2326000000000001,1.2581,1.2872000000000001,1.3198,1.3618000000000001,1.3826,1.4133,1.4571,1.4746000000000001,1.4907000000000001,1.5163,1.5487,1.5817,1.6079,1.6465,1.6857,1.7164000000000001,1.7545000000000002,1.7834,1.8144,1.8404,1.8669,1.8902,1.9295,1.9598,1.9869,2.0076,2.0274,2.0583,2.0778000000000003,2.1113,2.1418,2.1748000000000003,2.1958,2.2189,2.2532,2.2788,2.3129,2.3565,2.3852,2.4109000000000003,2.4505,2.4754,2.5057,2.5279000000000003,2.5455,2.5835,2.6132,2.6476,2.6871,2.7065,2.7345,2.7840000000000003,2.8095000000000003,2.8349,2.8786,2.9019,2.927,2.9595000000000002,2.9858000000000002,3.0151000000000003,3.0407,3.0717000000000003,3.1228000000000002,3.153,3.1775,3.1997,3.2226000000000004,3.2578,3.2883,3.3165,3.3451,3.3734,3.4075,3.4397,3.4669000000000003,3.4918,3.5208000000000004,3.5671000000000004,3.5872,3.6172,3.649,3.676,3.7033,3.726,3.7585,3.7846,3.8129000000000004,3.8361,3.8747000000000003,3.9050000000000002,3.9344,3.9513000000000003,3.971,3.9938000000000002,4.0225,4.0584,4.0856,4.105700000000001,4.1387,4.1695,4.198300000000001,4.220400000000001,4.2515,4.2794,4.3044,4.3333,4.3555,4.3775,4.4019,4.4267,4.45,4.4748,4.504300000000001,4.5469,4.5727,4.5962000000000005,4.6356,4.6638,4.7038,4.7457,4.7677000000000005,4.7925,4.8197,4.8482,4.8740000000000006,4.9066,4.9288,4.9561,4.9772
136180:0.0228,0.0558,0.0791,0.1148,0.1525,0.183,0.2099,0.24750000000000003,0.27090000000000003,0.2993,0.32480000000000003,0.3546,0.37670000000000003,0.38930000000000003,0.41000000000000003,0.4312,0.4519,0.46540000000000004,0.49810000000000004,0.5251,0.5624,0.5936,0.6621,0.6946,0.7152000000000001,0.7565000000000001,0.8053,0.8260000000000001,0.8454,0.8616,0.8892,0.9129,0.9419000000000001,0.9763000000000001,0.995,1.0188000000000001,1.0466,1.0619,1.097,1.1313,1.1651,1.2063000000000001,1.2231,1.2358,1.2622,1.2777,1.3044,1.327,1.372,1.4077000000000002,1.4413,1.4673,1.4887000000000001,1.5095,1.5533000000000001,1.5848,1.6208,1.6447,1.6684,1.6939000000000002,1.7199,1.7474,1.7697,1.7981,1.8172000000000001,1.8434000000000001,1.8827,1.9338000000000002,1.9595,1.9957,2.0205,2.0535,2.0804,2.1164,2.1358,2.1567000000000003,2.1792000000000002,2.2032000000000003,2.2211000000000003,2.2403,2.2691,2.2951,2.3181000000000003,2.3421000000000003,2.3601,2.3743000000000003,2.4106,2.4414000000000002,2.4592,2.4875000000000003,2.5105,2.5327,2.5624000000000002,2.5875,2.6163000000000003,2.6392,2.6593,2.6954000000000002,2.7114000000000003,2.7555,2.7735000000000003,2.8120000000000003,2.8389,2.8642000000000003,2.8874,2.9025000000000003,2.9324000000000003,2.9522,2.9699,2.9941,3.0227,3.0420000000000003,3.072,3.1020000000000003,3.1282,3.1476,3.1728,3.1985,3.2239,3.2438000000000002,3.2602,3.2766,3.3029,3.3206,3.357,3.39,3.4160000000000004,3.4393000000000002,3.4665000000000004,3.5052000000000003,3.5211,3.5539,3.5684,3.6027,3.636,3.6562,3.6913,3.7124,3.7283000000000004,3.7459000000000002,3.7744,3.7931000000000004,3.8162000000000003,3.8462,3.8945000000000003,3.9276,3.9607,3.9835000000000003,4.0248,4.063000000000001,4.1103000000000005,4.1288,4.1836,4.2091,4.228400000000001,4.2462,4.2586,4.2716,4.3079,4.3266,4.343,4.3592,4.3870000000000005,4.4181,4.4473,4.4614,4.4785,4.513,4.5442,4.5765,4.5997,4.6378,4.6644000000000005,4.7043,4.7342,4.7631000000000006,4.7942,4.8284,4.8558,4.8801000000000005,4.897200000000001,4.9158,4.939,4.9695
136405:0.1303,0.3947,0.48510000000000003,2.4903,3.1674,3.7877,4.0394000000000005,4.1669,4.2385,4.4076
136411:0.1332,0.36860000000000004,0.47250000000000003,0.5738,0.9372,1.3856000000000002,1.6628,1.9826000000000001,2.1733000000000002,2.5229,2.9493,3.2239,3.7720000000000002,4.2636,4.651400000000001
136448:0.042800000000000005,0.3531,0.4234,0.7574000000000001,1.3196,1.5322,1.7268000000000001,2.0100000000000002,2.0596,2.7282,2.7755,2.7975000000000003,2.9295,3.0780000000000003,3.1684,3.511,3.5772000000000004,3.8834000000000004,4.3952,4.4443,4.5316,4.5696,4.7213,4.859500000000001
137933:0.0039000000000000003,0.0204,0.023,0.0315,0.0341,0.0366,0.038900000000000004,0.046200000000000005,0.052700000000000004,0.057100000000000005,0.0648,0.0721,0.07930000000000001,0.08700000000000001,0.1037,0.1056,0.11040000000000001,0.112,0.1124,0.1182,0.1307,0.1311,0.1381,0.1645,0.1666,0.17830000000000001,0.1796,0.1802,0.1895,0.2051,0.22130000000000002,0.2243,0.22740000000000002,0.22840000000000002,0.2615,0.2681,0.2846,0.2884,0.2964,0.321,0.3229,0.328,0.333,0.3422,0.3512,0.35500000000000004,0.35650000000000004,0.3578,0.36050000000000004,0.37060000000000004,0.3783,0.3806,0.38430000000000003,0.3871,0.4025,0.4091,0.4123,0.42150000000000004,0.4237,0.42550000000000004,0.42960000000000004,0.4501,0.4622,0.46240000000000003,0.4627,0.46590000000000004,0.47400000000000003,0.4786,0.5096,0.5169,0.5188,0.5246000000000001,0.5254,0.5369,0.5427000000000001,0.5461,0.5633,0.5658000000000001,0.5678000000000001,0.5765,0.5916,0.6065,0.6071000000000001,0.6133000000000001,0.6226,0.6262,0.628,0.6289,0.6366,0.6406000000000001,0.6458,0.6486000000000001,0.6542,0.6625,0.6717000000000001,0.6725,0.6882,0.7406,0.7445,0.7483000000000001,0.7599,0.7685000000000001,0.7763,0.7786000000000001,0.7802,0.7834,0.7839,0.7859,0.7931,0.7999,0.8205,0.8214,0.8338,0.8440000000000001,0.8444,0.8544,0.89,0.9189,0.921,0.9342,0.9505,0.9719000000000001,0.9727,0.9758,0.9896,0.9968,1.0030000000000001,1.0115,1.0197,1.0258,1.0322,1.0350000000000001,1.0378,1.0385,1.0450000000000002,1.0536,1.0538,1.0565,1.0671000000000002,1.0712000000000002,1.0756000000000001,1.0767,1.0816000000000001,1.0921,1.0972,1.1067,1.108,1.1098000000000001,1.1123,1.1148,1.1215000000000002,1.1259000000000001,1.1333,1.1343,1.1557,1.1624,1.1634,1.1874,1.1876,1.1946,1.1959,1.1995,1.2018,1.2079,1.2098,1.214,1.2142000000000002,1.2176,1.2182,1.225,1.2256,1.2274,1.2405000000000002,1.2478,1.2523,1.254,1.2546000000000002,1.2608000000000001,1.2622,1.2807000000000002,1.2909000000000002,1.3117,1.3174000000000001,1.3178,1.3279,1.3352000000000002,1.3453000000000002,1.3476000000000001,1.3511,1.356,1.3567,1.3633,1.3647,1.3663,1.3719000000000001,1.3724,1.3743,1.3818000000000001,1.3862,1.3911,1.4003,1.419,1.4377,1.4534,1.4607,1.4643000000000002,1.4655,1.4683000000000002,1.4695,1.5038,1.5083,1.5085000000000002,1.5093,1.5147000000000002,1.5158,1.5172,1.5258,1.5338,1.5395,1.5398,1.548,1.5605,1.5622,1.5639,1.5767,1.5826,1.59,1.6041,1.6158000000000001,1.6179000000000001,1.6271,1.6333,1.6341,1.6392,1.6399000000000001,1.6416000000000002,1.6486,1.6756,1.6771,1.6793,1.6855,1.7028,1.7144000000000001,1.7405000000000002,1.7548000000000001,1.7571,1.7617,1.7795,1.7871000000000001,1.7948000000000002,1.7961,1.7998,1.8008000000000002,1.8026,1.8155000000000001,1.8158,1.8175000000000001,1.8293000000000001,1.8367,1.8401,1.8442,1.8457000000000001,1.8469,1.8507,1.8664,1.8739000000000001,1.8781,1.879,1.8835000000000002,1.8896000000000002,1.9015000000000002,1.9039000000000001,1.9184,1.9216000000000002,1.935,1.9378000000000002,1.9421000000000002,1.9459000000000002,1.9554,1.967,1.9746000000000001,1.9808000000000001,1.9822000000000002,1.9897,1.9906000000000001,1.9938,1.997,2.0021,2.0082,2.0104,2.0107,2.0185,2.0337,2.0343,2.041,2.0541,2.0569,2.0603000000000002,2.0787,2.0942000000000003,2.1015,2.1198,2.1336,2.1339,2.1374,2.1394,2.1508000000000003,2.1541,2.1599,2.1639,2.1669,2.1693000000000002,2.1736,2.1753,2.186,2.1924,2.2082,2.2094,2.2186,2.2228,2.2344,2.246,2.2462,2.2522,2.2584,2.2639,2.2802000000000002,2.2822,2.2881,2.2958000000000003,2.3002000000000002,2.3011,2.3075,2.3082000000000003,2.3221000000000003,2.3355,2.3441,2.3640000000000003,2.3814,2.3865000000000003,2.3905000000000003,2.4019,2.4215,2.4358,2.4439,2.4479,2.4563,2.4613,2.462,2.4625,2.4733,2.4787,2.4865,2.492,2.4962,2.499,2.5101,2.5155000000000003,2.5177,2.5187,2.5225,2.5269,2.535,2.5615,2.585,2.5856000000000003,2.5903,2.6047000000000002,2.6141,2.6185,2.6231,2.6254,2.6357,2.6385,2.6429,2.6432,2.6443000000000003,2.6451000000000002,2.658,2.6615,2.6649000000000003,2.6735,2.6833,2.6837,2.6862,2.6889000000000003,2.6993,2.7133000000000003,2.7139,2.7233,2.7237,2.7437,2.7535000000000003,2.7545,2.7675,2.7744,2.777,2.7840000000000003,2.7873,2.7897000000000003,2.7917,2.8047,2.8102,2.8106,2.8147,2.8173,2.8238000000000003,2.8240000000000003,2.8423000000000003,2.8485,2.8527,2.8641,2.8679,2.8898,2.8972,2.8976,2.9135,2.918,2.919,2.9284000000000003,2.942,2.9604,2.9769,2.9785,2.9803,2.9823,3.008,3.0165,3.0193000000000003,3.0571,3.0588,3.0836,3.0860000000000003,3.1082,3.1088,3.1101,3.1172,3.1193,3.1232,3.1496,3.152,3.1540000000000004,3.1547,3.1575,3.1583,3.1627,3.1796,3.1932,3.1969000000000003,3.2129000000000003,3.2173000000000003,3.2258,3.2276000000000002,3.2337000000000002,3.2429,3.2464,3.2550000000000003,3.2556000000000003,3.2566,3.2772,3.2795,3.2884,3.2914000000000003,3.2927,3.2941000000000003,3.3039,3.3198000000000003,3.3361,3.341,3.3433,3.3723,3.3759,3.3951000000000002,3.4137,3.4174,3.4212000000000002,3.4246000000000003,3.4264,3.4336,3.4349000000000003,3.4356,3.4392,3.4444000000000004,3.4469000000000003,3.4491,3.4606000000000003,3.4682,3.47,3.4956,3.4964,3.4966000000000004,3.4994,3.5029000000000003,3.5089,3.5126000000000004,3.5156,3.5171,3.528,3.5379,3.5495,3.5711000000000004,3.5745,3.5853,3.5905,3.5909,3.595,3.6014000000000004,3.6023,3.6027,3.6046,3.6106000000000003,3.6167000000000002,3.6193,3.6206,3.6272,3.6416000000000004,3.6449000000000003,3.6505,3.6606,3.6745,3.7223,3.7231,3.7394000000000003,3.741,3.7511,3.7532,3.7769000000000004,3.7805,3.7961,3.8002000000000002,3.805,3.806,3.8076000000000003,3.8216,3.8221000000000003,3.8242000000000003,3.8310000000000004,3.834,3.8403,3.85,3.8528000000000002,3.858,3.8637,3.8643,3.8681,3.8801,3.8863000000000003,3.8903000000000003,3.8907000000000003,3.8959,3.8969,3.8995,3.9002000000000003,3.9173,3.923,3.9264,3.9267000000000003,3.9412000000000003,3.9473000000000003,3.9637000000000002,3.9936000000000003,3.9991000000000003,4.0045,4.0079,4.0107,4.0128,4.0142,4.0175,4.0209,4.0238000000000005,4.0242,4.025,4.0323,4.04,4.0478000000000005,4.0697,4.0759,4.0793,4.0840000000000005,4.1052,4.1215,4.1290000000000004,4.1431000000000004,4.1563,4.174,4.1744,4.176200000000001,4.1799,4.1877,4.1887,4.1904,4.1926000000000005,4.194500000000001,4.2017,4.2056000000000004,4.2097,4.2103,4.2109000000000005,4.216,4.2201,4.2281,4.2446,4.2539,4.2544,4.2588,4.2632,4.2814000000000005,4.2841000000000005,4.2937,4.2946,4.2964,4.3064,4.307,4.3074,4.3122,4.3127,4.3129,4.3194,4.3339,4.345000000000001,4.3487,4.349200000000001,4.3506,4.3577,4.3686,4.3711,4.375,4.3862000000000005,4.3944,4.407900000000001,4.4093,4.4257,4.426200000000001,4.4317,4.4335,4.4459,4.4514000000000005,4.4522,4.4632000000000005,4.4651000000000005,4.4779,4.4821,4.4908,4.4913,4.5004,4.5071,4.5111,4.524,4.5327,4.5383000000000004,4.5526,4.5532,4.5673,4.5868,4.5938,4.5993,4.6029,4.619000000000001,4.6240000000000006,4.6378,4.6526000000000005,4.653700000000001,4.6608,4.6614,4.6657,4.675800000000001,4.6825,4.6882,4.6933,4.7029000000000005,4.7069,4.7094000000000005,4.7234,4.7255,4.7263,4.7293,4.7311000000000005,4.738300000000001,4.7532000000000005,4.7534,4.7542,4.7555000000000005,4.758,4.7686,4.7713,4.7819,4.782500000000001,4.7868,4.794300000000001,4.7976,4.8072,4.8180000000000005,4.8226,4.8346,4.8445,4.8489,4.8525,4.8639,4.8742,4.8764,4.8791,4.8801000000000005,4.8925,4.907,4.9122,4.9157,4.9241,4.928100000000001,4.9569,4.9621,4.966600000000001,4.9676,4.9830000000000005,4.9924,4.9931,4.9991
138217:4.8208
138286:0.0805,0.2642,0.3249,0.3754,0.5711,0.6415000000000001,0.7082,0.8566,0.9128000000000001,1.0978,1.145,1.214,1.2929000000000002,1.3953,1.5706,1.6541000000000001,1.6951,1.8848,1.9867000000000001,2.087,2.2105,2.3768000000000002,2.4553000000000003,2.5289,2.6122,2.6753,2.8332,2.9422,2.9948,3.0704000000000002,3.189,3.3212,3.3826,3.4326000000000003,3.5257,3.6523000000000003,3.7059,3.7928,3.8365,3.9177000000000004,3.9816000000000003,4.022600000000001,4.2865,4.4068000000000005,4.5103,4.6205,4.6647,4.825