328:0.031200000000000002,0.0927,0.1429,0.18960000000000002,0.2146,0.24100000000000002,0.26,0.2887,0.3462,0.3735,0.406,1.1756,1.2304000000000002,1.2725,1.8812,1.9382000000000001,1.9734,2.6718,2.7379000000000002,2.7748,2.7879,2.8072,3.5335,3.5905
377:0.6498,0.6995,0.783,0.8763000000000001,1.435,1.6228,1.7052,2.2443,2.3021000000000003,2.4408000000000003,2.9877000000000002,3.111,3.1736,3.2386000000000004,3.3006,3.7855000000000003,3.8769,3.9731,4.042800000000001
406:0.4475,0.48150000000000004,0.498,0.5185000000000001,0.5378000000000001,0.5515,0.558,0.5668000000000001,0.5813,0.5845,0.5847,0.6059,0.6278,0.6315000000000001,0.6449,0.6658000000000001,0.6717000000000001,0.6797000000000001,0.68,0.6882,0.7197,0.7224,0.7240000000000001,0.7282000000000001,0.7436,0.7521,0.7611,0.7654000000000001,0.787,0.79,0.8029000000000001,0.8169000000000001,0.8208000000000001,0.8220000000000001,0.8236,0.8242,0.8264,0.8304,0.8327,0.8370000000000001,0.8403,0.8641000000000001,0.8716,0.876,0.8821,0.8845000000000001,0.8861,0.8886000000000001,0.8983000000000001,0.9093,0.913,0.9157000000000001,0.9168000000000001,0.9275,0.9288000000000001,0.9307000000000001,0.9314,0.9377000000000001,0.9430000000000001,0.9468000000000001,0.9485,0.9502,0.9553,0.9571000000000001,0.9652000000000001,0.9702000000000001,0.9993000000000001,1.0076,1.0105,1.0222,1.0477,1.05,1.0606,1.0701,1.0736,1.0852,1.0885,1.1957,1.282,1.2892000000000001,1.3077,1.3225,1.3358,1.3399,1.3525,1.3768,1.3794,1.3876000000000002,1.3899000000000001,1.399,1.4008,1.4059000000000001,1.4075,1.4102000000000001,1.4225,1.4321000000000002,1.4339000000000002,1.4344000000000001,1.4428,1.4584000000000001,1.4639,1.4688,1.4846000000000001,1.5042,1.5070000000000001,1.5163,1.5372000000000001,1.5558,1.5596,1.584,1.5863,1.592,1.6095000000000002,1.612,1.615,1.6198000000000001,1.6237000000000001,1.6364,1.6541000000000001,1.6599000000000002,1.6625,1.665,1.6866,1.6878000000000002,1.6957,1.7086000000000001,1.7096,1.7106000000000001,1.7214,1.7237,1.7243000000000002,1.728,1.7364000000000002,1.7433,1.7635,1.7753,1.798,1.8083,1.8136,1.8313000000000001,1.8399,1.8462,2.0241000000000002,2.0558,2.0744000000000002,2.077,2.1634,2.1777,2.1967000000000003,2.2003,2.2027,2.205,2.209,2.2107,2.2163,2.2177000000000002,2.2259,2.2355,2.2363,2.2413000000000003,2.2461,2.2482,2.2652,2.2719,2.2748,2.2835,2.289,2.2956000000000003,2.3126,2.3136,2.3208,2.3211,2.3265000000000002,2.3371,2.346,2.373,2.3994,2.3998,2.4001,2.4175,2.4201,2.4275,2.428,2.4365,2.4431000000000003,2.4642,2.4831000000000003,2.4964,2.5008,2.5043,2.5081,2.5264,2.5525,2.5534000000000003,2.5608,2.5745,2.5883000000000003,2.5919000000000003,2.5982000000000003,2.6039000000000003,2.6351,2.8093000000000004,2.8196000000000003,2.8319,2.8640000000000003,2.8652,2.8656,2.8725,2.9083,2.9088000000000003,2.9244000000000003,2.9259,2.9261,2.9291,2.9297,2.9314,2.9409,2.9561,2.9577,2.9604,2.968,2.9795000000000003,2.9822,3.0008000000000004,3.0212000000000003,3.0215,3.0302000000000002,3.0321000000000002,3.0332000000000003,3.0336000000000003,3.036,3.0373,3.0387,3.0471000000000004,3.0513000000000003,3.0543,3.0587,3.0644,3.0652000000000004,3.0771,3.091,3.1042,3.1048,3.1052,3.1054,3.1072,3.1117000000000004,3.1127000000000002,3.1299,3.1361000000000003,3.1378000000000004,3.1413,3.1419,3.1454,3.1507,3.1608,3.1647000000000003,3.1705,3.1737,3.1774,3.1795,3.1905,3.1975000000000002,3.2032000000000003,3.2116000000000002,3.2211000000000003,3.2318000000000002,3.2322,3.2326,3.2408,3.2453000000000003,3.2462,3.2470000000000003,3.2473,3.2524,3.2674000000000003,3.2686,3.2771000000000003,3.2916000000000003,3.2984,3.2989,3.2998000000000003,3.3062,3.3128,3.3194000000000004,3.3215000000000003,3.3223000000000003,3.3245,3.3518000000000003,3.3665000000000003,3.378,3.4092000000000002,3.411,3.426,3.4367,3.4435000000000002,3.6239000000000003,3.6322,3.6369000000000002,3.6462000000000003,3.6573,3.6652,3.6743,3.6950000000000003,3.6953,3.7017,3.7057,3.7082,3.7197,3.7219,3.7274000000000003,3.7288,3.7520000000000002,3.7703,3.7709,3.7752000000000003,3.7760000000000002,3.7821000000000002,3.7879,3.7913,3.7966,3.8045,3.8107,3.8124000000000002,3.8167,3.8249,3.8251000000000004,3.8329,3.8423000000000003,3.8429,3.8436000000000003,3.8448,3.8461000000000003,3.8496,3.8532,3.857,3.8586,3.8615000000000004,3.8734,3.8745000000000003,3.8773,3.8784,3.8954,3.8998000000000004,3.9031000000000002,3.9280000000000004,3.9311000000000003,3.9356,3.9475000000000002,3.9483,3.9593000000000003,3.9739,3.9757000000000002,3.9812000000000003,3.9894000000000003,3.9898000000000002,3.9901,3.9948,3.9971,3.9991000000000003,4.0086,4.0278,4.0285,4.041,4.0835,4.1107000000000005,4.1167,4.1235,4.1302,4.1324000000000005,4.1467
472:0.0164,0.0233,0.0504,0.075,0.082,0.13290000000000002,0.1477,0.1758,0.202,0.2185,0.2257,0.2424,0.2539,0.27140000000000003,0.2762,0.2999,0.30860000000000004,0.3173,0.3397,0.34550000000000003,0.36360000000000003,0.3876,0.4001,0.4254,0.44010000000000005,0.46940000000000004,0.4828,0.5023,0.5193,0.5452,1.0552000000000001,1.0991,1.1253,1.155,1.1865,1.2095,1.2181,1.2291,1.2427000000000001,1.2615,1.2725,1.2985,1.3388,1.7519,1.7976,1.8229000000000002,1.8376000000000001,1.8628,1.8715000000000002,1.895,1.9006,1.9200000000000002,1.9251,1.9524000000000001,1.9666000000000001,1.9769,2.0043,2.035,2.0409,2.0476,2.068,2.1026000000000002,2.5906000000000002,2.6319,2.6439,2.6608,2.6745,2.6928,2.7267,2.7446,2.7616,2.7760000000000002,2.7912000000000003,2.7989,2.814,2.8659000000000003,2.9012000000000002,3.3902,3.4191000000000003,3.4518,3.5005,3.5284,3.5577,3.5827,3.6144000000000003,3.6441000000000003,3.6753,3.6981,4.1243
667:0.8139000000000001
670:0.0378,0.0604,0.1467,0.1875,0.3124,0.3548,0.4294,0.4484,0.4827,0.5579000000000001,1.0712000000000002,1.1265,1.1619000000000002,1.2202,1.2486000000000002,1.8786,1.9281000000000001,2.0105,2.089,2.122,2.6892,2.7145,2.7572,2.7891,2.851,2.882,3.0944000000000003,3.4661,3.5349000000000004,3.5646,3.6205000000000003,3.6598,3.7083000000000004
676:0.025500000000000002,0.0539,0.08460000000000001,0.12510000000000002,0.1522,0.1826,0.20620000000000002,0.23040000000000002,0.2518,0.27990000000000004,0.31870000000000004,0.3514,0.3982,0.432,0.45320000000000005,0.4811,0.5121,1.0627,1.1285,1.1557,1.1951,1.2427000000000001,1.2735,1.6795,1.8179,1.8706,1.8993,1.929,1.9566000000000001,2.0075000000000003,2.0184,2.0483000000000002,2.1079,2.5999000000000003,2.6474,2.6786000000000003,2.6978,2.7329000000000003,2.7600000000000002,2.7763,2.7998000000000003,2.8722000000000003,3.4250000000000003,3.4622,3.5129,3.5395000000000003,3.5665,3.5944000000000003,3.6547,3.7063,4.0297,4.139
850:0.0635,0.157,0.2682,0.321,0.3783,0.44160000000000005,0.48100000000000004,1.2733,1.8545,1.9304000000000001,2.0002,2.7007000000000003,2.7399,2.8326000000000002,3.5525,3.6455
904:0.0235,0.0557,0.0689,0.079,0.1464,0.1761,0.19990000000000002,0.2092,0.2386,0.2477,0.2624,0.2727,0.31870000000000004,0.33540000000000003,0.3763,0.3976,0.44830000000000003,0.5027,1.1785,1.2132,1.2214,1.2395,1.2734,1.5318,1.9004,1.9305,1.9602000000000002,1.9908000000000001,2.0153000000000003,2.0383,2.4965,2.6877,2.7077,2.7203,2.7663,2.7908,2.8188,2.8294,2.8421000000000003,2.8655,3.2378,3.4869000000000003,3.4948,3.5041,3.5389000000000004,3.5577,3.6096000000000004
1207:0.0902,0.2856,1.1067,1.9596,2.1032,2.7476000000000003,2.7793,3.4954
1792:1.9203000000000001,2.8444000000000003
1811:0.0212,0.0345,0.0492,0.0659,0.0806,0.09330000000000001,0.1097,0.1264,0.14730000000000001,0.1688,0.188,0.20040000000000002,0.21580000000000002,0.2316,0.248,0.2645,0.2793,0.2883,0.3088,0.3289,0.3466,0.35960000000000003,0.38,0.39280000000000004,0.4076,0.4273,0.44630000000000003,0.4647,0.4827,0.5024000000000001,0.5251,0.5677,0.6058,0.6414000000000001,0.6863,0.7545000000000001,0.8276,0.8609,0.9501000000000001,1.0364,1.0551000000000001,1.0723,1.0965,1.105,1.1228,1.1529,1.1761000000000001,1.1986,1.2219,1.2414,1.2618,1.2844,1.3028,1.3193000000000001,1.381,1.4749,1.5788,1.7192,1.7361,1.7521,1.784,1.812,1.8305,1.8492000000000002,1.8645,1.8778000000000001,1.8997000000000002,1.9168,1.9348,1.9482000000000002,1.9641000000000002,1.9793,1.9994,2.019,2.029,2.0486,2.0831,2.0981,2.153,2.1797,2.2546,2.29,2.3672,2.4075,2.4474,2.4919000000000002,2.535,2.5618000000000003,2.6007000000000002,2.6323000000000003,2.6521000000000003,2.6717,2.6913,2.7056,2.7168,2.7288,2.744,2.7640000000000002,2.7756000000000003,2.798,2.8126,2.8349,2.8679,2.8912,2.9254000000000002,3.0062,3.0693,3.2034000000000002,3.2532,3.3328,3.3923,3.4103000000000003,3.4251,3.4518,3.4765,3.4936000000000003,3.5166,3.5260000000000002,3.5458000000000003,3.5586,3.5802,3.604,3.6297,3.6511,3.6735,3.7069,3.7308000000000003,3.7899000000000003,3.8435,3.9094,3.9725,4.0031,4.1092,4.127400000000001,4.1464
1914:0.5787,0.631,0.6691,0.7105,0.7397,0.7781,0.8287,0.8613000000000001,0.8945000000000001,0.9524,1.0288000000000002,1.4102000000000001,1.4380000000000002,1.4889000000000001,1.5217,1.5792000000000002,1.605,1.635,1.665,1.7373,2.1751,2.2146,2.2538,2.2803,2.3349,2.3729,2.4163,2.4404,2.4984,2.5468,2.9727,3.0063,3.0417,3.1039000000000003,3.1321000000000003,3.1883000000000004,3.2181,3.2631,3.2876000000000003,3.309,3.3553,3.4129,3.6912000000000003,3.7679,3.8093000000000004,3.8520000000000003,3.895,3.9312,3.9571,3.996,4.0155
2094:0.0296,0.0555,0.085,0.1369,0.17600000000000002,0.2034,0.229,0.2771,0.3151,0.34740000000000004,0.4027,0.43960000000000005,0.47200000000000003,0.513,1.0637,1.1515,1.192,1.2408000000000001,1.8422,1.8758000000000001,1.9016000000000002,1.9252,1.9561000000000002,1.9828000000000001,2.009,2.0424,2.6420000000000003,2.6785,2.7197,2.7342,2.7746,2.7952000000000004,2.8144,2.8709000000000002,3.4574000000000003,3.4838,3.5102,3.5348,3.5895,3.6441000000000003
2311:0.5486,0.5920000000000001,0.6693,0.7210000000000001,0.778,0.8350000000000001,0.9028,0.9775,1.3289,1.3891,1.4161000000000001,1.4654,1.5863,1.6740000000000002,1.7498,2.1256,2.1815,2.2225,2.3238000000000003,2.4242,2.4667000000000003,2.5060000000000002,2.5486,3.0097,3.0839000000000003,3.1899,3.2791,3.3012,3.7481,3.7761,3.8154000000000003,3.8569,3.9366000000000003
2793:0.08650000000000001,0.5664,0.6061000000000001,0.6329,0.6444000000000001,0.6734,0.6909000000000001,0.7140000000000001,0.7471,0.764,0.7814,0.8127000000000001,0.8422000000000001,0.8624,0.8885000000000001,0.9228000000000001,0.9425,0.9594,0.9664,1.0399,1.3733,1.3894,1.4209,1.4503000000000001,1.4683000000000002,1.4811,1.5155,1.5217,1.5349000000000002,1.5581,1.5730000000000002,1.6003,1.6225,1.6471,1.6534,1.6761000000000001,1.7148,1.7509000000000001,2.1675,2.1750000000000003,2.1909,2.2305,2.2507,2.2575000000000003,2.2787,2.286,2.3228,2.3503000000000003,2.3615,2.3882000000000003,2.4001,2.4073,2.432,2.4425000000000003,2.48,2.4879000000000002,2.4965,2.5050000000000003,2.5216000000000003,2.5542000000000002,2.5624000000000002,2.9528000000000003,2.9691,2.9985,3.0091,3.0274,3.0538000000000003,3.0642,3.0809,3.112,3.1342000000000003,3.1496,3.192,3.2182,3.2291000000000003,3.2478000000000002,3.2731000000000003,3.2866,3.3064,3.3212,3.3319,3.4152,3.4944,3.7353,3.7728,3.7841,3.8083,3.8183000000000002,3.8309,3.8585000000000003,3.8837,3.9037,3.9542,3.9628,3.9752,3.9956,4.0084,4.0412,4.0661000000000005,4.074,4.0969,4.1286000000000005,4.1478
2797:2.1894,2.2314000000000003
2860:0.0149,0.021,0.025900000000000003,0.033100000000000004,0.0458,0.0514,0.07,0.0785,0.0857,0.095,0.101,0.10940000000000001,0.1216,0.1269,0.1351,0.1421,0.1494,0.166,0.1757,0.183,0.19210000000000002,0.1998,0.20470000000000002,0.2223,0.2306,0.23870000000000002,0.2464,0.2657,0.2727,0.2896,0.29610000000000003,0.308,0.3141,0.33990000000000004,0.34850000000000003,0.36250000000000004,0.36810000000000004,0.383,0.39580000000000004,0.40080000000000005,0.4186,0.4257,0.433,0.4539,0.46390000000000003,0.46990000000000004,0.4838,0.49970000000000003,0.5171,0.5246000000000001,0.54,0.5488000000000001,0.6086,0.6671,0.7307,0.8477,0.9569000000000001,1.0232,1.0364,1.0509,1.0579,1.0662,1.0758,1.0858,1.1056000000000001,1.1121,1.1212,1.1278000000000001,1.1420000000000001,1.1492,1.1552,1.1745,1.1829,1.1901000000000002,1.203,1.2085000000000001,1.2265000000000001,1.234,1.2395,1.2516,1.2645,1.2729000000000001,1.2893000000000001,1.3025,1.3269,1.3349,1.3488,1.4168,1.6211,1.6600000000000001,1.7152,1.7349,1.7431,1.7764,1.7813,1.7891000000000001,1.7997,1.8083,1.8187,1.8278,1.8382,1.8444,1.8576000000000001,1.866,1.8761,1.8847,1.893,1.8985,1.9104,1.9180000000000001,1.9254,1.9419000000000002,1.9499000000000002,1.9665000000000001,1.9724000000000002,1.9839,1.9915,1.9996,2.0058000000000002,2.0172,2.0302000000000002,2.0355000000000003,2.0444,2.0507,2.0662000000000003,2.0744000000000002,2.0854,2.1001000000000003,2.1059,2.1365000000000003,2.1587,2.1804,2.2684,2.3679,2.4294000000000002,2.5054000000000003,2.555,2.5642,2.5707,2.5882,2.5934,2.6157,2.6233,2.6374,2.6433,2.6589,2.6733000000000002,2.6796,2.6903,2.6953,2.7109,2.7189,2.7255000000000003,2.7326,2.7421,2.7503,2.7615000000000003,2.7688,2.7788,2.7901000000000002,2.799,2.8135000000000003,2.822,2.8306,2.8377000000000003,2.8446000000000002,2.8621000000000003,2.8699000000000003,2.8930000000000002,2.8999,2.947,2.9819,3.0493,3.091,3.1504000000000003,3.2537000000000003,3.2862,3.3596000000000004,3.3809,3.3904,3.4154,3.4224,3.4406000000000003,3.4522000000000004,3.4568000000000003,3.4684000000000004,3.4757000000000002,3.488,3.4949000000000003,3.5064,3.5173,3.5245,3.532,3.5475000000000003,3.5538000000000003,3.5655,3.5745,3.5844,3.601,3.6081000000000003,3.6140000000000003,3.6367000000000003,3.6447000000000003,3.6565000000000003,3.6743,3.6845000000000003,3.7007000000000003,3.7499000000000002,3.8075,3.9394,3.9854000000000003,4.059,4.1138,4.121700000000001,4.1307
2905:0.5857,0.6955,0.752,0.9184,1.0608,1.4416,1.5285,1.5888,1.6414,1.6772,2.2195,2.2876000000000003,2.3936,2.4444,2.5507,2.9826,3.1111,3.1484,3.2303,3.2746,3.3004000000000002,3.3296,3.4172000000000002,3.6997,3.9627000000000003,4.0193
2955:0.523,0.5798,0.8063,1.0448,1.2388000000000001,1.3286,1.3665,1.7084000000000001,1.7794,2.1387,2.4381,2.5443000000000002,2.5771,2.8529,2.9821,3.1874000000000002,3.2830000000000004,3.9876,4.1322
2962:0.0711,0.0833,0.22460000000000002,0.2645,0.27490000000000003,0.3381,0.4041,0.509,1.2255,1.242,2.043,2.7622,2.7903000000000002,2.8234000000000004,2.8506,3.5090000000000003,3.5427,3.5664000000000002,3.5941
3122:0.017400000000000002,0.2727,0.3451,0.466,0.5035000000000001,0.5148,0.5395,0.5503,0.5793,0.5966,0.6078,0.6324000000000001,0.6699,0.6940000000000001,0.7436,0.7743,0.7981,0.8310000000000001,0.8404,0.8485,0.8646,0.889,0.9017000000000001,0.9117000000000001,0.9400000000000001,0.9528000000000001,0.9828,1.0328,1.0451000000000001,1.0673000000000001,1.0799,1.0924,1.1154,1.2427000000000001,1.2907,1.3134000000000001,1.3297,1.3422,1.3596000000000001,1.371,1.3840000000000001,1.3976000000000002,1.4083,1.4349,1.4773,1.5648,1.5759,1.6057000000000001,1.6319000000000001,1.6708,1.6866,1.6961000000000002,1.7049,1.7192,1.735,1.7938,1.82,1.9659000000000002,2.0078,2.0817,2.1056,2.1224000000000003,2.1385,2.1512000000000002,2.1614,2.2027,2.2137000000000002,2.2399,2.2504,2.2578,2.2734,2.2824,2.3114,2.3239,2.3346,2.3618,2.4308,2.4386,2.4706,2.5012000000000003,2.5308,2.543,2.5858000000000003,2.714,2.8136,2.8657000000000004,2.8960000000000004,2.911,2.9271000000000003,2.9804,3.0082,3.0329,3.0414000000000003,3.0553000000000003,3.0666,3.0768,3.0893,3.1013,3.1306000000000003,3.1405000000000003,3.1673,3.1774,3.186,3.2174,3.2611000000000003,3.2861000000000002,3.3078000000000003,3.3499000000000003,3.3982,3.4131,3.6421,3.6666000000000003,3.6819,3.6921000000000004,3.7092,3.7223,3.7345,3.7663,3.7998000000000003,3.8113,3.8223000000000003,3.8381000000000003,3.8506,3.8905000000000003,3.9013,3.9171,3.9269000000000003,3.9544,3.9825000000000004,4.011,4.021100000000001,4.0416,4.0502,4.0595,4.0817000000000005,4.1327,4.1455
3159:0.0675,0.1416,0.1966,0.29400000000000004,0.3025,0.3326,0.3667,0.4404,0.4676,0.5114000000000001,0.5189,0.5616,0.6025,0.6115,0.6428,0.6542,0.6699,0.6842,0.6971,0.7044,0.7263000000000001,0.7454000000000001,0.7714000000000001,0.7841,0.8064,0.8320000000000001,0.8481000000000001,0.8703000000000001,0.8752000000000001,0.8849,0.89,0.9017000000000001,0.915,0.9569000000000001,0.9722000000000001,1.0,1.0642,1.2,1.3167,1.3247,1.3877000000000002,1.4265,1.4336,1.4488,1.4753,1.4965000000000002,1.5034,1.5197,1.5493000000000001,1.5553000000000001,1.5652000000000001,1.6057000000000001,1.6196000000000002,1.6589,1.6672,1.6976,1.7143000000000002,1.7432,1.9374,1.9856,2.0274,2.1168,2.1261,2.1510000000000002,2.1884,2.2031,2.21,2.2364,2.2616,2.275,2.2889,2.295,2.3040000000000003,2.3105,2.329,2.357,2.3619000000000003,2.3857,2.4063000000000003,2.4374000000000002,2.4529,2.4717000000000002,2.4846,2.5379,2.5454000000000003,2.5566,2.563,2.6043000000000003,2.7172,2.7806,2.8093000000000004,2.8641,2.9234,2.9494000000000002,2.9689,2.99,3.0074,3.0191000000000003,3.0419,3.0865,3.1126,3.1212,3.1380000000000003,3.1457,3.1545,3.1687000000000003,3.1745,3.1946000000000003,3.2236000000000002,3.2381,3.25,3.2714000000000003,3.2953,3.3037,3.3203,3.3317,3.3397,3.3659000000000003,3.5643000000000002,3.6863,3.714,3.7221,3.7339,3.7767000000000004,3.7913,3.7986,3.8187,3.8275,3.8489,3.861,3.8764000000000003,3.883,3.9037,3.9225000000000003,3.9600000000000004,3.9688000000000003,3.9841,3.9907000000000004,4.0002,4.0247,4.042800000000001,4.097300000000001,4.103,4.1193
3208:0.4529,0.46080000000000004,0.5004000000000001,0.5043,0.5148,0.5173,0.5354,0.537,0.5412,0.5423,0.5502,0.5524,0.5531,0.5683,0.5741,0.5784,0.5864,0.5911000000000001,0.596,0.5965,0.6071000000000001,0.6118,0.6121,0.6152000000000001,0.618,0.6188,0.6457,0.6486000000000001,0.6521,0.6659,0.6737000000000001,0.6797000000000001,0.6822,0.6923,0.6928000000000001,0.6933,0.7054,0.7056,0.7106,0.7154,0.7169,0.7324,0.7431,0.7515000000000001,0.7549,0.7568,0.7728,0.7746000000000001,0.7787000000000001,0.8221,0.8281000000000001,0.8318000000000001,0.8428,0.8445,0.8572000000000001,0.8576,0.8618,0.8633000000000001,0.868,0.874,0.8744000000000001,0.8857,0.8861,0.8883000000000001,0.8895000000000001,0.9001,0.9007000000000001,0.9128000000000001,0.9169,0.9428000000000001,0.9441,0.9536,0.9606,0.9645,0.9786,0.9890000000000001,1.0021,1.0076,1.0269000000000001,1.0285,1.0552000000000001,1.0824,1.0853000000000002,1.3012000000000001,1.3077,1.3128,1.3181,1.3339,1.3393000000000002,1.3715000000000002,1.3756000000000002,1.3808,1.3847,1.3951,1.3968,1.4088,1.4140000000000001,1.4171,1.4175,1.4193,1.4278,1.4288,1.4291,1.4342000000000001,1.4366,1.4380000000000002,1.445,1.4527,1.4529,1.4653,1.4702000000000002,1.4763000000000002,1.4826000000000001,1.4971,1.4977,1.5030000000000001,1.5349000000000002,1.5368000000000002,1.5421,1.5473000000000001,1.5558,1.5643,1.5737,1.5761,1.6048,1.6054000000000002,1.6086,1.6106,1.6280000000000001,1.6283,1.6309,1.6438000000000001,1.6442,1.6488,1.6527,1.6573,1.6689,1.6740000000000002,1.6842000000000001,1.689,1.695,1.7029,1.7117,1.7164000000000001,1.7171,1.7187000000000001,1.727,1.7402000000000002,1.7407000000000001,1.746,1.7536,1.7824,1.7944,1.8005,2.0239000000000003,2.093,2.0958,2.1004,2.1029,2.1058,2.1062000000000003,2.1169000000000002,2.1310000000000002,2.1378,2.1390000000000002,2.14,2.1647000000000003,2.1674,2.1725000000000003,2.1819,2.1858,2.1876,2.1889000000000003,2.1898,2.1953,2.2005,2.2088,2.2091000000000003,2.2114000000000003,2.2227,2.2302,2.234,2.2462,2.2478000000000002,2.2569,2.2604,2.2639,2.2679,2.2681,2.2923,2.2945,2.2949,2.3042000000000002,2.3129,2.3156000000000003,2.3311,2.3554,2.3624,2.3667000000000002,2.3688000000000002,2.3812,2.3888000000000003,2.3971,2.4064,2.4184,2.4254000000000002,2.4282,2.4291,2.4325,2.447,2.4505,2.4563,2.4579,2.4645,2.4651,2.4689,2.4696000000000002,2.4754,2.4778000000000002,2.4781,2.4851,2.4919000000000002,2.5060000000000002,2.5115000000000003,2.5123,2.5267,2.5342000000000002,2.5599000000000003,2.5693,2.5703,2.6135,2.6166,2.8247,2.8598000000000003,2.8686000000000003,2.8693,2.8769,2.8805,2.8933,2.9102,2.9168000000000003,2.9262,2.9382,2.9592,2.9635000000000002,2.966,2.9675000000000002,2.9779,2.9808000000000003,2.9848000000000003,2.9999000000000002,3.0084,3.0086,3.0143,3.0205,3.0226,3.0235000000000003,3.0239000000000003,3.0282,3.0339,3.0344,3.0473000000000003,3.0482,3.0507,3.0531,3.0581,3.0684,3.0764,3.0882,3.0932,3.0982000000000003,3.1196,3.1253,3.1281000000000003,3.1294,3.1346000000000003,3.1500000000000004,3.1503,3.1580000000000004,3.1638,3.1646,3.1668000000000003,3.1841000000000004,3.1884,3.2129000000000003,3.2296,3.2384,3.2426000000000004,3.257,3.2668000000000004,3.2735000000000003,3.2737000000000003,3.2767,3.2828,3.2862,3.2923,3.2945,3.2967,3.313,3.3209,3.3227,3.3323,3.3391,3.342,3.3511,3.3556000000000004,3.3666,3.3705000000000003,3.3792,3.3836,3.3909000000000002,3.3968000000000003,3.4115,3.6343,3.6503,3.657,3.6643000000000003,3.6892,3.6996,3.7156000000000002,3.7174,3.7302,3.7355,3.7422,3.7537000000000003,3.762,3.7854,3.8019000000000003,3.8042000000000002,3.8148,3.8274000000000004,3.8435,3.8454,3.8473,3.8481,3.8684000000000003,3.8694,3.8794000000000004,3.8897000000000004,3.8944,3.9116,3.9137000000000004,3.9334000000000002,3.9336,3.9474,3.9504,3.9558,3.9709000000000003,3.9777,3.9928000000000003,3.9952,3.9997000000000003,4.0003,4.002,4.0053,4.0065,4.007000000000001,4.0235,4.025,4.0438,4.0498,4.0548,4.0566,4.059200000000001,4.077100000000001,4.0895,4.0934,4.1262,4.1468,4.1483
3210:0.1862,2.0151
3215:0.0362,0.1463,0.18580000000000002,0.22510000000000002,0.31870000000000004,0.432,0.4791,0.5609000000000001,1.0656,1.125,1.1577,1.2454,1.3073000000000001,1.8471000000000002,1.8833000000000002,1.9266,1.9918,2.0167,2.1006,2.6025,2.6533,2.7154000000000003,2.7851000000000004,2.811,3.4261000000000004,3.5377,3.5935,3.6542000000000003,4.1453
3430:2.6796
3448:0.0071,0.014700000000000001,0.022000000000000002,0.0302,0.036500000000000005,0.043000000000000003,0.0487,0.0574,0.06570000000000001,0.0738,0.0814,0.0903,0.09630000000000001,0.10360000000000001,0.10980000000000001,0.11620000000000001,0.124,0.1313,0.1395,0.14650000000000002,0.15410000000000001,0.1605,0.1675,0.17400000000000002,0.1824,0.1887,0.1952,0.2031,0.2101,0.2172,0.22490000000000002,0.2333,0.23950000000000002,0.24730000000000002,0.25420000000000004,0.2607,0.2662,0.2727,0.2808,0.2889,0.29700000000000004,0.3044,0.3114,0.319,0.32630000000000003,0.3336,0.3403,0.3476,0.3543,0.3619,0.37020000000000003,0.377,0.3831,0.38930000000000003,0.3961,0.4033,0.4118,0.41960000000000003,0.42660000000000003,0.4339,0.4413,0.449,0.4577,0.4656,0.47400000000000003,0.4812,0.4904,0.498,0.5073,0.5164,0.5253,0.5378000000000001,0.5512,0.5637,0.5858,0.598,0.9956,1.0064,1.0177,1.0277,1.0408,1.0491000000000001,1.0596,1.0675000000000001,1.0775000000000001,1.0892,1.0978,1.1091,1.1162,1.1233,1.1325,1.1392,1.1467,1.1541000000000001,1.163,1.1706,1.1779,1.1849,1.1932,1.2006000000000001,1.2087,1.2168,1.2241,1.2312,1.2372,1.2442,1.2509000000000001,1.2596,1.2687000000000002,1.2777,1.286,1.2944,1.3084,1.3204,1.3326,1.3447,1.3621,1.3806,1.3976000000000002,1.7044000000000001,1.7133,1.724,1.7374,1.7473,1.7592,1.7711000000000001,1.7794,1.7886000000000002,1.7985,1.8071000000000002,1.8150000000000002,1.8228000000000002,1.8310000000000002,1.8384,1.8458,1.8544,1.8603,1.8686,1.8764,1.8833000000000002,1.8904,1.8987,1.9063,1.9133,1.9208,1.9299000000000002,1.9361000000000002,1.9424000000000001,1.9493,1.9576,1.9653,1.9729,1.9797,1.9866000000000001,1.9945000000000002,2.0023,2.0104,2.0175,2.0258000000000003,2.0332,2.0416000000000003,2.0483000000000002,2.0551,2.064,2.0746,2.0846,2.0932,2.1012,2.116,2.1283000000000003,2.1416,2.1527000000000003,2.1746000000000003,2.2032000000000003,2.5108,2.5228,2.5353000000000003,2.5511,2.56,2.5717000000000003,2.5811,2.5904000000000003,2.5982000000000003,2.6098000000000003,2.6183,2.6272,2.6346000000000003,2.6423,2.6537,2.6601,2.6685000000000003,2.6769000000000003,2.6852,2.6916,2.7001,2.7084,2.7156000000000002,2.7216,2.7295000000000003,2.7365,2.7434000000000003,2.7497000000000003,2.7567,2.7632000000000003,2.7704,2.7773000000000003,2.7844,2.7920000000000003,2.7984,2.8067,2.8128,2.8196000000000003,2.8268,2.8339000000000003,2.8405,2.8482000000000003,2.8558000000000003,2.8631,2.8749000000000002,2.8842000000000003,2.894,2.9025000000000003,2.9153000000000002,2.9251,2.9401,2.9523,3.3241,3.347,3.3611,3.3728000000000002,3.3825000000000003,3.4007,3.4077,3.4162000000000003,3.4262,3.4333,3.4412000000000003,3.4481,3.4572000000000003,3.4638,3.4706,3.4784,3.4864,3.4935,3.5008000000000004,3.5087,3.516,3.5228,3.5298000000000003,3.5377,3.5455,3.5533,3.5598,3.5674,3.5737,3.5808,3.5897,3.597,3.6058000000000003,3.6141,3.6224000000000003,3.6303,3.6395,3.6506000000000003,3.6604,3.6700000000000004,3.6789,3.6897,3.6979,3.7157,3.7267,3.7407000000000004,4.0637,4.083600000000001,4.103400000000001,4.1119,4.121,4.1336,4.1429
3498:0.6063000000000001,0.6337,0.6676000000000001,0.6837000000000001,0.6970000000000001,0.7429,0.7644000000000001,0.7817000000000001,0.8331000000000001,0.8466,0.8883000000000001,0.9273,0.9449000000000001,0.9633,1.0418,1.3747,1.4219000000000002,1.4663000000000002,1.4863000000000002,1.5199,1.5628,1.5989,1.6368,1.6744,1.7259,1.7582,2.1736,2.1871,2.2335000000000003,2.2581,2.283,2.3233,2.3587000000000002,2.3975,2.4359,2.4546,2.49,2.5178000000000003,2.5522,2.9767,3.0061,3.057,3.0697,3.0867,3.1349,3.1966,3.2289000000000003,3.2835,3.3071,3.3257000000000003,3.3443,3.7419000000000002,3.7749,3.7910000000000004,3.8175000000000003,3.8421000000000003,3.8604000000000003,3.9017000000000004,3.931,3.9596,3.9808000000000003,4.0098,4.0474000000000006,4.0708,4.1064
3560:0.0821,0.4616,0.5557,0.6618,1.6186,1.6925000000000001,2.2839,2.7252,2.9909000000000003,3.2586,3.3321,3.5650000000000004,3.7919,3.8818
3652:0.7996000000000001,2.4872
3773:0.0053,0.0118,0.0187,0.025,0.0309,0.0368,0.0426,0.0483,0.054200000000000005,0.0603,0.0675,0.0731,0.0787,0.08600000000000001,0.0921,0.098,0.1043,0.1097,0.1149,0.12090000000000001,0.1275,0.1363,0.14200000000000002,0.1486,0.1549,0.1605,0.1663,0.17200000000000001,0.1782,0.1842,0.19,0.1957,0.20270000000000002,0.2089,0.21480000000000002,0.2202,0.2257,0.23190000000000002,0.23700000000000002,0.2426,0.248,0.2543,0.26030000000000003,0.2654,0.2706,0.2757,0.28240000000000004,0.2882,0.2953,0.30160000000000003,0.3075,0.3144,0.3216,0.3277,0.3356,0.34090000000000004,0.3472,0.3528,0.3592,0.36560000000000004,0.3723,0.3779,0.38380000000000003,0.38970000000000005,0.3956,0.4012,0.4081,0.41340000000000005,0.4187,0.42450000000000004,0.4305,0.4364,0.44270000000000004,0.44870000000000004,0.4561,0.4631,0.4696,0.4781,0.48460000000000003,0.4913,0.4975,0.5045000000000001,0.5134000000000001,0.5201,0.5273,0.5371,0.5463,0.5553,0.5638000000000001,0.5777,0.5872,0.5961000000000001,0.6091,0.6283000000000001,0.661,0.68,0.7044,0.7333000000000001,0.7592,0.787,0.8032,0.8289000000000001,0.8450000000000001,0.8707,0.9001,0.9215000000000001,0.9504,0.9632000000000001,0.9842000000000001,0.9952000000000001,1.0044,1.0151000000000001,1.0254,1.0327,1.0409000000000002,1.0475,1.0565,1.0637,1.0701,1.0783,1.0876000000000001,1.0943,1.1043,1.1104,1.116,1.1223,1.1301,1.1359000000000001,1.1420000000000001,1.1485,1.1544,1.1617,1.1678,1.1732,1.1808,1.1873,1.1928,1.1996,1.2058,1.2124000000000001,1.2198,1.2266000000000001,1.233,1.2388000000000001,1.2456,1.2512,1.2579,1.2662,1.2724,1.2793,1.2874,1.2956,1.3061,1.3154000000000001,1.3237,1.3322,1.34,1.3465,1.3547,1.3663,1.3780000000000001,1.3915,1.407,1.4369,1.4764000000000002,1.4989000000000001,1.5234,1.5464,1.5706,1.6042,1.6298000000000001,1.649,1.6678000000000002,1.6889,1.7005000000000001,1.7091,1.7167000000000001,1.7252,1.7361,1.7447000000000001,1.7537,1.7604000000000002,1.7699,1.7767000000000002,1.7849000000000002,1.7934,1.8026,1.81,1.8166,1.824,1.8304,1.836,1.8433000000000002,1.8498,1.8574000000000002,1.8624,1.8686,1.8745,1.8806,1.8871,1.8927,1.8987,1.9042000000000001,1.9104,1.9168,1.9225,1.9297000000000002,1.9360000000000002,1.9414,1.9483000000000001,1.9559000000000002,1.9608,1.9671,1.9731,1.9794,1.9854,1.992,1.9976,2.0042,2.0092,2.0163,2.0231,2.0301,2.0358,2.0420000000000003,2.0491,2.057,2.0651,2.0726,2.0804,2.0869,2.0949,2.1025,2.1128,2.1217,2.1302000000000003,2.14,2.1494,2.1611000000000002,2.1737,2.1844,2.1973000000000003,2.2108000000000003,2.2295000000000003,2.2509,2.2789,2.3036000000000003,2.3286000000000002,2.3508,2.3714,2.3964000000000003,2.4174,2.4488000000000003,2.4701,2.4936000000000003,2.5064,2.5147,2.5268,2.541,2.5498000000000003,2.5583,2.5672,2.5763000000000003,2.5827,2.5896000000000003,2.5969,2.6067,2.6145,2.6213,2.6306000000000003,2.6364,2.6439,2.6519,2.6578,2.664,2.6695,2.6761,2.6830000000000003,2.6888,2.6941,2.6997,2.706,2.7114000000000003,2.7167000000000003,2.7239,2.7305,2.7359,2.741,2.7464,2.7521,2.758,2.7636000000000003,2.7702,2.7760000000000002,2.7826,2.7893000000000003,2.7965,2.8025,2.809,2.8160000000000003,2.8225000000000002,2.8288,2.8349,2.841,2.8479,2.8545000000000003,2.8621000000000003,2.87,2.8791,2.8866,2.8935,2.9017,2.911,2.9194,2.9298,2.9406000000000003,2.9497,2.9726000000000004,2.9896000000000003,3.012,3.0364,3.06,3.0997000000000003,3.1222000000000003,3.1402,3.1637,3.1841000000000004,3.2146000000000003,3.2386000000000004,3.2608,3.2914000000000003,3.3084000000000002,3.3272000000000004,3.3402000000000003,3.3503000000000003,3.3595,3.3691,3.3781000000000003,3.3883,3.3974,3.4046000000000003,3.4123,3.4196,3.4282000000000004,3.4344,3.4416,3.4472,3.4552,3.4610000000000003,3.4674,3.4733,3.4804000000000004,3.4886000000000004,3.4946,3.5007,3.5078,3.5141,3.5212000000000003,3.5279000000000003,3.5344,3.5413,3.548,3.5542000000000002,3.5598,3.5661,3.5723000000000003,3.5777,3.5838,3.5905,3.5973,3.6053,3.6124,3.6208,3.6278,3.6348000000000003,3.6412,3.6484,3.6568,3.6645000000000003,3.6717,3.6807000000000003,3.6886,3.6952000000000003,3.7045000000000003,3.7142000000000004,3.7235,3.7325000000000004,3.7415000000000003,3.7514000000000003,3.7748000000000004,3.8042000000000002,3.8452,3.8651,3.8871,3.9179000000000004,3.9413,3.9689,3.9894000000000003,4.018800000000001,4.0436000000000005,4.058,4.0680000000000005,4.0804,4.0936,4.1041,4.1119,4.1187000000000005,4.1272,4.1366000000000005,4.1463
3807:0.060500000000000005,0.099,0.1452,0.15,0.18680000000000002,0.33130000000000004,0.3624,0.4202,0.42660000000000003,0.465,0.5233,0.5268,0.5677,0.5772,0.6094,0.7985,0.9751000000000001,1.0189000000000001,1.0753000000000001,1.0875000000000001,1.1021,1.1800000000000002,1.1880000000000002,1.2353,1.385,1.4583000000000002,1.5153,1.518,1.6616000000000002,1.7181000000000002,1.7667000000000002,1.8822,1.9124,1.9912,2.0201000000000002,2.0698000000000003,2.1430000000000002,2.1998,2.2626,2.2933,2.4393000000000002,2.4753000000000003,2.5277000000000003,2.6641,2.6791,2.7114000000000003,2.7632000000000003,2.7956000000000003,2.8336,2.928,2.9711000000000003,3.0956,3.1955,3.3654,3.4458,3.495,3.5664000000000002,3.6180000000000003,3.6574,3.6943,3.7108000000000003,3.7563,3.7922000000000002,4.07,4.1165,4.1423000000000005
3938:0.028800000000000003,0.06770000000000001,0.0912,0.1262,0.1784,0.23750000000000002,0.2768,0.30660000000000004,0.3512,0.39080000000000004,0.4278,0.47390000000000004,0.5144000000000001,1.1601000000000001,1.1917,1.2197,1.2515,1.8664,1.9183000000000001,1.9727000000000001,2.0076,2.0502000000000002,2.1092,2.6795,2.7007000000000003,2.7263,2.7655000000000003,2.7834000000000003,2.8318000000000003,2.9004000000000003,3.4948,3.5197000000000003,3.5610000000000004,3.6295
4531:0.0017000000000000001,0.0238,0.032,0.0369,0.039900000000000005,0.0487,0.0522,0.0551,0.0658,0.069,0.0776,0.078,0.0828,0.1005,0.10640000000000001,0.1105,0.1114,0.1121,0.1178,0.1305,0.13770000000000002,0.1458,0.1741,0.17900000000000002,0.1797,0.1837,0.1905,0.215,0.2255,0.2303,0.2336,0.2403,0.2722,0.28700000000000003,0.2912,0.29860000000000003,0.2995,0.3062,0.313,0.32170000000000004,0.3224,0.3342,0.33540000000000003,0.3472,0.3529,0.35700000000000004,0.3618,0.37920000000000004,0.38180000000000003,0.38870000000000005,0.395,0.3981,0.4128,0.4158,0.4174,0.4207,0.4219,0.42360000000000003,0.4242,0.432,0.4375,0.4475,0.4534,0.4544,0.45570000000000005,0.4592,0.4627,0.4642,0.4801,0.5007,0.5618000000000001,0.5952000000000001,1.0038,1.0281,1.034,1.0425,1.0524,1.0832000000000002,1.1014000000000002,1.1059,1.1112,1.1222,1.1267,1.1462,1.1534,1.1561000000000001,1.1683000000000001,1.1700000000000002,1.1797,1.1879,1.1896,1.1913,1.219,1.2235,1.232,1.2322,1.2481,1.2603,1.2751000000000001,1.3414000000000001,1.3432000000000002,1.3674000000000002,1.3917000000000002,1.7066000000000001,1.7105000000000001,1.7121000000000002,1.7237,1.7692,1.7734,1.7746000000000002,1.7776,1.7951000000000001,1.8125,1.8256000000000001,1.8408,1.8543,1.8555000000000001,1.8803,1.8918000000000001,1.8937000000000002,1.8948,1.9031,1.9184,1.9369,1.9383000000000001,1.9437,1.9492,1.9549,1.9564000000000001,1.9566000000000001,1.9568,1.9578,1.9657,1.9744000000000002,1.9769,1.9946000000000002,2.005,2.0055,2.0239000000000003,2.0319000000000003,2.0423,2.0452,2.048,2.0558,2.0594,2.0753,2.0972,2.0977,2.1064000000000003,2.1719,2.5434,2.5489,2.5598,2.5776000000000003,2.5854,2.5934,2.5955,2.6116,2.612,2.6125000000000003,2.6184000000000003,2.6342000000000003,2.6396,2.6428000000000003,2.6433,2.6462000000000003,2.6491000000000002,2.6516,2.6556,2.6567000000000003,2.6573,2.6604,2.6612,2.664,2.6649000000000003,2.6753,2.6835,2.6886,2.689,2.7074000000000003,2.7167000000000003,2.7251000000000003,2.7324,2.7332,2.7355,2.7457000000000003,2.746,2.7472000000000003,2.762,2.7826,2.7877,2.7949,2.7975000000000003,2.8028,2.8063000000000002,2.8143000000000002,2.8153,2.8165,2.8364000000000003,2.8395,2.8575,2.8594,2.8946,2.9069000000000003,2.9122000000000003,2.9498,3.3031,3.3641,3.3931,3.4013,3.4018,3.4231000000000003,3.4235,3.4307000000000003,3.447,3.4683,3.4729,3.4742,3.4911000000000003,3.5012000000000003,3.5036,3.5076,3.5133,3.5312,3.5362,3.5378000000000003,3.5446,3.5534000000000003,3.5708,3.5784000000000002,3.5825,3.5879000000000003,3.5896000000000003,3.5965000000000003,3.6281000000000003,3.6468000000000003,3.6584000000000003,3.6634,3.6773000000000002,3.6910000000000003,3.6921000000000004,3.7221,3.7432000000000003,4.1009,4.107200000000001,4.1119,4.1124,4.1227,4.1318
4905:0.0732,0.1245,0.2281,0.2686,0.3418,1.226,2.0503,2.7706,2.7993,2.85,3.5427,3.5731
4963:0.6231,0.6768000000000001,0.7194,0.7567,0.7932,0.8407,0.8889,0.9319000000000001,1.4340000000000002,1.5153,1.5630000000000002,1.6117000000000001,1.6595,2.238,2.2779000000000003,2.3575,2.3985000000000003,2.4373,2.9875000000000003,3.0318,3.1037000000000003,3.1479000000000004,3.2039,3.2464,3.2938,3.3211,3.7834000000000003,3.8586,3.8927,3.9721,4.0129
5054:0.027600000000000003,0.0463,0.06810000000000001,0.093,0.1177,0.13870000000000002,0.1554,0.1738,0.192,0.2147,0.23240000000000002,0.2597,0.2792,0.30610000000000004,0.3285,0.3467,0.3659,0.38370000000000004,0.3985,0.4234,0.4433,0.4736,0.5002,0.5391,0.5857,0.6419,0.6641,0.6987,0.7381000000000001,0.7661,0.7825000000000001,0.8126,0.8352,0.8524,0.9006000000000001,0.9144,0.9266000000000001,0.9645,0.9987,1.0196,1.0321,1.0597,1.1105,1.1216000000000002,1.1448,1.1631,1.1925000000000001,1.217,1.2371,1.266,1.3032000000000001,1.3293000000000001,1.3506,1.4043,1.4217,1.4383000000000001,1.4721,1.5027000000000001,1.5206000000000002,1.5335,1.6146,1.6413,1.6771,1.7123000000000002,1.7456,1.7709000000000001,1.7955,1.8159,1.8379,1.8619,1.8787,1.8957000000000002,1.9091,1.9277000000000002,1.9526000000000001,1.9732,1.9907000000000001,2.0108,2.0441000000000003,2.0809,2.1006,2.1225,2.1706000000000003,2.2147,2.2543,2.2891,2.3107,2.3214,2.3586,2.3793,2.3869000000000002,2.4034,2.4359,2.4448000000000003,2.4759,2.5171,2.5620000000000003,2.5875,2.5981,2.6338,2.6556,2.6801,2.7012,2.7198,2.7356000000000003,2.7616,2.7824,2.8101000000000003,2.8342,2.8655,2.9155,2.9562,3.0044,3.0344,3.0898000000000003,3.1118,3.1380000000000003,3.1458,3.1646,3.1887000000000003,3.2212,3.2525,3.2761,3.2959,3.3349,3.3469,3.362,3.3840000000000003,3.4149000000000003,3.4521,3.4757000000000002,3.4936000000000003,3.5147000000000004,3.5409,3.5602,3.5847,3.5997000000000003,3.6214,3.6473,3.6742000000000004,3.6985,3.7379000000000002,3.8182,3.8276000000000003,3.8605,3.89,3.9161,3.9358000000000004,3.9608000000000003,4.0008,4.034,4.1078,4.1343000000000005
5138:0.0006000000000000001,0.0212,0.0292,0.0304,0.031,0.0345,0.0688,0.0695,0.0726,0.0765,0.0946,0.09530000000000001,0.1018,0.1203,0.1207,0.1338,0.1474,0.1501,0.15430000000000002,0.168,0.17070000000000002,0.1822,0.1883,0.1917,0.1985,0.21230000000000002,0.22190000000000001,0.23320000000000002,0.23370000000000002,0.2376,0.2419,0.2466,0.25680000000000003,0.2659,0.26730000000000004,0.27790000000000004,0.2846,0.2869,0.3015,0.3057,0.3105,0.3153,0.3189,0.3372,0.34090000000000004,0.3456,0.3551,0.3759,0.3824,0.3839,0.386,0.3907,0.3966,0.398,0.39930000000000004,0.4015,0.4041,0.40540000000000004,0.4283,0.4307,0.44530000000000003,0.44630000000000003,0.46830000000000005,0.47000000000000003,0.47690000000000005,0.4783,0.48650000000000004,0.4968,0.5211,0.5356000000000001,0.5633,0.5843,0.5999,0.9857,0.9894000000000001,1.0039,1.0288000000000002,1.0342,1.0633000000000001,1.0637,1.0752000000000002,1.0885,1.1065,1.1081,1.1126,1.1241,1.1304,1.1319000000000001,1.1358000000000001,1.1452,1.1457000000000002,1.1663000000000001,1.1682000000000001,1.1728,1.173,1.1775,1.185,1.1877,1.1946,1.1975,1.2015,1.2077,1.2171,1.233,1.2617,1.2742,1.2745,1.2807000000000002,1.3162,1.342,1.6759000000000002,1.6869,1.6919000000000002,1.6980000000000002,1.7044000000000001,1.7411,1.7526000000000002,1.8068000000000002,1.8337,1.8361,1.8403,1.8414000000000001,1.8474000000000002,1.8519,1.8534000000000002,1.856,1.8652000000000002,1.8679000000000001,1.8734000000000002,1.8760000000000001,1.8771,1.8822,1.9003,1.9015000000000002,1.9019000000000001,1.9092,1.9105,1.9268,1.9379000000000002,1.9398000000000002,1.9523000000000001,1.9606000000000001,1.9776,1.9800000000000002,1.9861000000000002,1.9875,2.0051,2.0172,2.0228,2.0278,2.0383,2.0406,2.0423,2.0514,2.0802,2.0828,2.083,2.0843000000000003,2.0897,2.1375,2.182,2.5049,2.5521000000000003,2.5638,2.572,2.5775,2.5851,2.5873,2.6115,2.6154,2.6294,2.6362,2.6414,2.6536,2.6557,2.6603000000000003,2.6627,2.6671,2.6731000000000003,2.6837,2.693,2.7079,2.7195,2.7355,2.7412,2.7436000000000003,2.7571000000000003,2.7611000000000003,2.7632000000000003,2.766,2.7665,2.7671,2.7793,2.7804,2.7835,2.7846,2.8095000000000003,2.8108,2.8288,2.8306,2.8426,2.8582,2.8607,2.8831,2.8845,2.8918,2.9395000000000002,2.9648000000000003,3.3443,3.3461000000000003,3.3501000000000003,3.3513,3.3693,3.3749000000000002,3.4048000000000003,3.4290000000000003,3.4497,3.4716,3.4799,3.4947000000000004,3.4957000000000003,3.5096000000000003,3.5104,3.5139,3.527,3.5306,3.5365,3.5377,3.5427,3.5497,3.5503,3.5514,3.5594,3.5651,3.5685000000000002,3.5718,3.5796,3.5868,3.6082,3.6096000000000004,3.6355,3.6435,3.6486,3.6579,3.6596,3.6648,3.668,3.6710000000000003,3.6805000000000003,3.6908000000000003,3.7096,3.7294,3.7378,3.7487000000000004,4.0763,4.1002,4.1017,4.125,4.1439
5215:0.0711,0.1216,0.22510000000000002,0.2686,0.3388,0.4036,0.5097,1.226,2.0136000000000003,2.0519000000000003,2.7398000000000002,2.7755,2.799,2.8378,3.5096000000000003,3.5459,3.573
5269:0.5165000000000001,0.5272,0.5418000000000001,0.5519000000000001,0.5680000000000001,0.5799000000000001,0.5926,0.6043000000000001,0.6176,0.6274000000000001,0.6423,0.6574,0.6673,0.6755,0.684,0.6974,0.7119000000000001,0.7187,0.732,0.7424000000000001,0.753,0.7646000000000001,0.7782,0.7948000000000001,0.808,0.8206,0.8318000000000001,0.8410000000000001,0.8486,0.8580000000000001,0.8686,0.8805000000000001,0.8925000000000001,0.9028,0.914,0.9248000000000001,0.9366000000000001,0.9462,0.9618000000000001,0.9733,0.9826,1.0192,1.0357,1.0446,1.071,1.0953000000000002,1.308,1.3190000000000002,1.3352000000000002,1.3515000000000001,1.3609,1.3769,1.3884,1.4033,1.4128,1.4261000000000001,1.4336,1.4449,1.4644000000000001,1.4735,1.487,1.4956,1.5116,1.5235,1.5327000000000002,1.5577,1.5663,1.5771000000000002,1.5879,1.6,1.6185,1.6305,1.6419000000000001,1.6595,1.6689,1.6791,1.6953,1.7052,1.7188,1.7377,1.7448000000000001,1.7562,1.7682,1.8025,2.0655,2.0875,2.1105,2.1329000000000002,2.1526,2.1655,2.1755,2.1869,2.1983,2.2163,2.2241,2.2399,2.2512000000000003,2.2613000000000003,2.2711,2.2803,2.2905,2.307,2.3214,2.33,2.3464,2.3585000000000003,2.3695,2.3773,2.3853,2.3936,2.4023000000000003,2.414,2.4211,2.4333,2.4446000000000003,2.4621,2.4726,2.4808000000000003,2.4943,2.5054000000000003,2.5172000000000003,2.5371,2.5455,2.5643000000000002,2.5808,2.6008,2.6449000000000003,2.8606000000000003,2.9071000000000002,2.924,2.942,2.9547000000000003,2.9684,2.9825,2.9897,3.0064,3.0182,3.0319000000000003,3.0461,3.0556,3.0728,3.0827,3.0992,3.1105,3.1288,3.1356,3.1485000000000003,3.1612,3.1700000000000004,3.1873,3.2014,3.2101,3.2207000000000003,3.2397,3.2553,3.2672000000000003,3.2775000000000003,3.2915,3.2994000000000003,3.3082000000000003,3.3274000000000004,3.3363,3.3511,3.387,3.3992,3.4985000000000004,3.6710000000000003,3.6997,3.7173000000000003,3.7332,3.7426000000000004,3.7549,3.7684,3.7785,3.7927,3.8023000000000002,3.8111,3.8185000000000002,3.8306,3.8431,3.8578,3.8726000000000003,3.8805,3.8913,3.9040000000000004,3.9280000000000004,3.9365,3.9467000000000003,3.9589000000000003,3.9787000000000003,3.9903000000000004,3.9998,4.0109,4.021,4.0312,4.042800000000001,4.0637,4.079000000000001,4.0934,4.1168000000000005,4.1343000000000005,4.1469000000000005
5353:0.01,0.019700000000000002,0.029500000000000002,0.0402,0.049600000000000005,0.058800000000000005,0.0717,0.0829,0.0911,0.1003,0.1097,0.12100000000000001,0.1303,0.14100000000000001,0.1505,0.1608,0.17120000000000002,0.1804,0.19090000000000001,0.2001,0.20900000000000002,0.218,0.2275,0.23670000000000002,0.24700000000000003,0.25720000000000004,0.26680000000000004,0.2752,0.2859,0.2979,0.3079,0.3191,0.3295,0.3393,0.3496,0.36050000000000004,0.37170000000000003,0.38230000000000003,0.3917,0.40040000000000003,0.4127,0.4237,0.43360000000000004,0.4451,0.45380000000000004,0.4647,0.4746,0.48310000000000003,0.4943,0.5041,0.5178,0.53,0.547,0.5929,1.0181,1.0312000000000001,1.0486,1.0621,1.0727,1.0867,1.0987,1.112,1.1219000000000001,1.133,1.1421000000000001,1.1517,1.1649,1.1762000000000001,1.1853,1.1958,1.2047,1.2159,1.2265000000000001,1.2406000000000001,1.2517,1.2647000000000002,1.2758,1.2897,1.3014000000000001,1.3154000000000001,1.3332000000000002,1.3537000000000001,1.3958000000000002,1.7145000000000001,1.7283000000000002,1.7462,1.76,1.7787000000000002,1.7947000000000002,1.808,1.8192000000000002,1.8305,1.8414000000000001,1.8518000000000001,1.86,1.8698000000000001,1.8801,1.8921000000000001,1.9020000000000001,1.9134,1.9225,1.9325,1.9437,1.9521000000000002,1.9617,1.9721000000000002,1.9813,1.9916,2.001,2.0116,2.024,2.0348,2.0454,2.0596,2.0753,2.0924,2.1047000000000002,2.1271,2.1507,2.5276,2.5538000000000003,2.5672,2.5816000000000003,2.5989,2.6140000000000003,2.6239000000000003,2.6353,2.6465,2.6586000000000003,2.6684,2.6814,2.6923,2.7011000000000003,2.7123,2.722,2.7309,2.7397,2.7474000000000003,2.7598000000000003,2.7686,2.7777000000000003,2.7880000000000003,2.7969,2.8082000000000003,2.8171,2.8283,2.8399,2.8497000000000003,2.8622,2.8774,2.8905000000000003,2.9007,2.9244000000000003,2.9532000000000003,3.3543000000000003,3.386,3.4043,3.4160000000000004,3.4289,3.4421000000000004,3.4521,3.4634,3.4728000000000003,3.4846000000000004,3.4964,3.5068,3.5179,3.5262000000000002,3.5389000000000004,3.5500000000000003,3.5596,3.569,3.5792,3.589,3.5997000000000003,3.6146000000000003,3.6255,3.6395,3.6512000000000002,3.6656,3.6784000000000003,3.6922,3.7223,3.7499000000000002,4.0736,4.1084000000000005,4.1226,4.1356
5565:0.5544,0.5619000000000001,0.5842,0.6024,0.6181,0.6324000000000001,0.6409,0.6621,0.6708000000000001,0.6749,0.6946,0.7053,0.7138,0.7191000000000001,0.7311000000000001,0.738,0.7438,0.7648,0.7744000000000001,0.7874,0.7956000000000001,0.8046000000000001,0.8114,0.8309000000000001,0.8362,0.8421000000000001,0.8501000000000001,0.8621000000000001,0.8758,0.8899,0.8999,0.9044000000000001,0.9144,0.9226000000000001,0.9422,0.9563,0.9608000000000001,0.9833000000000001,0.9959,1.0170000000000001,1.0258,1.0355,1.061,1.0969,1.1215000000000002,1.3165,1.342,1.3636000000000001,1.3795000000000002,1.4032,1.4142000000000001,1.4221000000000001,1.4306,1.4373,1.4457,1.4521000000000002,1.4712,1.4846000000000001,1.4957,1.5036,1.5103,1.5193,1.5291000000000001,1.5365,1.5542,1.5614000000000001,1.582,1.6002,1.6102,1.6299000000000001,1.6381000000000001,1.6434,1.6599000000000002,1.6734,1.7071,1.726,1.7479,1.7789000000000001,2.1094,2.1212,2.1441,2.1661,2.1803,2.1950000000000003,2.2106,2.2153,2.2212,2.2412,2.2525,2.2606,2.2792,2.2893,2.3071,2.3178,2.3234,2.3492,2.3641,2.3767,2.3836,2.3897,2.3946,2.4011,2.4147000000000003,2.4284000000000003,2.4337,2.4395000000000002,2.4534000000000002,2.4728000000000003,2.4794,2.4838,2.4925,2.5286,2.5531,2.5814,2.5972,2.9179,2.9468,2.9611,2.9763,2.9927,3.0017,3.008,3.0124,3.0219,3.0337,3.0449,3.0623,3.073,3.0867,3.0992,3.1127000000000002,3.1223,3.1374,3.1449000000000003,3.1531000000000002,3.1617,3.1769000000000003,3.1875,3.2016,3.2086,3.2175000000000002,3.222,3.232,3.2413000000000003,3.2510000000000003,3.2581,3.2642,3.2692,3.2755,3.2822,3.2959,3.3049,3.3283,3.3348,3.3466,3.3614,3.3845,3.3929,3.4164000000000003,3.6807000000000003,3.6993,3.7259,3.7367000000000004,3.7524,3.7687000000000004,3.7857000000000003,3.8002000000000002,3.8114000000000003,3.8162000000000003,3.8243,3.8308,3.8447,3.8583000000000003,3.8842000000000003,3.8916000000000004,3.9046000000000003,3.9163,3.9255,3.9314,3.9459000000000004,3.9613,3.98,3.9905000000000004,3.9958,4.002400000000001,4.0141,4.0242,4.0333000000000006,4.0856,4.1036,4.1318,4.147
5605:0.40940000000000004,0.5271,0.5697,0.5783,0.5842,0.5920000000000001,0.5958,0.5966,0.6007,0.6034,0.613,0.6227,0.6354000000000001,0.6422,0.6484,0.6522,0.6584,0.6596000000000001,0.6623,0.6672,0.6733,0.6769000000000001,0.6775,0.6821,0.6845,0.6974,0.6998000000000001,0.7208,0.7243,0.7271000000000001,0.7283000000000001,0.7317,0.7383000000000001,0.7471,0.7616,0.7654000000000001,0.7715000000000001,0.7821,0.7901,0.7918000000000001,0.8008000000000001,0.8078000000000001,0.809,0.8144,0.8147000000000001,0.8188000000000001,0.8229000000000001,0.8238000000000001,0.8278000000000001,0.8350000000000001,0.8419000000000001,0.8459,0.8569,0.8574,0.8587,0.8601000000000001,0.8606,0.8676,0.8714000000000001,0.892,0.8978,0.8994000000000001,0.9117000000000001,0.9152,0.9289000000000001,0.9606,0.9621000000000001,0.9668,0.9739000000000001,0.9808,0.9813000000000001,0.9836,0.9988,1.0046,1.0103,1.0446,1.0556,1.0631000000000002,1.0823,1.1565,1.2421,1.2518,1.2970000000000002,1.2981,1.302,1.3044,1.3088,1.3278,1.341,1.3483,1.3494000000000002,1.3531,1.3577000000000001,1.3587,1.3703,1.3785,1.4000000000000001,1.4044,1.4206,1.4297,1.4354,1.4358,1.4435,1.4461000000000002,1.4520000000000002,1.4584000000000001,1.461,1.4677,1.4776,1.4944000000000002,1.5144,1.5316,1.5436,1.5659,1.5704,1.5843,1.598,1.6027,1.6076000000000001,1.6119,1.6237000000000001,1.6259000000000001,1.6355000000000002,1.6433,1.6436000000000002,1.6455000000000002,1.6624,1.6628,1.6863000000000001,1.6872,1.6912,1.6960000000000002,1.6979000000000002,1.699,1.7018,1.7082000000000002,1.7248,1.7264000000000002,1.7443000000000002,1.7518,1.7656,1.8193000000000001,2.0565,2.0589,2.0804,2.081,2.0909,2.0961000000000003,2.1021,2.1088,2.1158,2.1166,2.1298,2.1346000000000003,2.152,2.1548000000000003,2.1578,2.16,2.1648,2.1842,2.1906000000000003,2.2030000000000003,2.2038,2.2069,2.2097,2.2116000000000002,2.2124,2.2171000000000003,2.2176,2.2288,2.2338,2.2343,2.2362,2.2488,2.2619000000000002,2.2625,2.2792,2.2960000000000003,2.2976,2.3051,2.3128,2.3144,2.3197,2.3218,2.3228,2.3281,2.3287,2.3394,2.3441,2.3544,2.3564000000000003,2.3579000000000003,2.3598,2.3774,2.4063000000000003,2.4210000000000003,2.4285,2.4369,2.4411,2.451,2.4566000000000003,2.4598,2.4661,2.4665,2.4736000000000002,2.4752,2.4802,2.4821,2.4963,2.5053,2.5116,2.5177,2.5186,2.5249,2.5477000000000003,2.5724,2.5747,2.5827,2.8027,2.8263000000000003,2.8426,2.8517,2.8682000000000003,2.9008000000000003,2.9016,2.9089,2.9144,2.9169,2.9196,2.9227000000000003,2.9294000000000002,2.9436,2.9473000000000003,2.9541,2.9675000000000002,2.9691,2.9699,2.9912,3.0134000000000003,3.0172000000000003,3.0181,3.0233000000000003,3.0259,3.0279000000000003,3.0286,3.0295,3.0346,3.0396,3.0422000000000002,3.0460000000000003,3.0628,3.0764,3.0849,3.093,3.0953,3.0968,3.0995000000000004,3.101,3.1025,3.1054,3.1091,3.1145,3.1161000000000003,3.1211,3.1296,3.1303,3.1353,3.1436,3.1569000000000003,3.1586000000000003,3.1679,3.172,3.1845000000000003,3.1865,3.188,3.1897,3.2002,3.201,3.2032000000000003,3.2099,3.2199,3.2317,3.2339,3.2393,3.2474000000000003,3.2527000000000004,3.2604,3.2615000000000003,3.2625,3.2950000000000004,3.2968,3.3135000000000003,3.3341000000000003,3.3404000000000003,3.3471,3.3618,3.4097,3.4112,3.4488000000000003,3.4707000000000003,3.6018000000000003,3.657,3.6711,3.6715,3.7006,3.7076000000000002,3.7197,3.7279,3.7307,3.7313,3.7361,3.7422,3.7488,3.7637,3.7782,3.782,3.7834000000000003,3.7941000000000003,3.7993,3.8099000000000003,3.8122000000000003,3.8195,3.8243,3.8255000000000003,3.8296,3.8371000000000004,3.8385000000000002,3.8798000000000004,3.8836000000000004,3.9024,3.9078000000000004,3.9096,3.9147000000000003,3.9342,3.9364000000000003,3.9426,3.9436,3.9539,3.9565,3.9573,3.9612000000000003,3.9641,3.9669000000000003,3.9699,3.9723,3.976,3.9864,3.9877000000000002,3.9891,3.9924000000000004,3.9974000000000003,4.0038,4.0121,4.018800000000001,4.0304,4.0315,4.0326,4.0346,4.0378,4.0392,4.0475,4.0528,4.0642000000000005,4.0825000000000005,4.1012,4.1084000000000005,4.113300000000001,4.1351,4.1406
5618:0.9664,1.6087,2.2873,3.0815,3.2549,3.3352,4.009
5648:0.030100000000000002,0.07050000000000001,1.2239,1.8458,1.9017000000000002,1.9439000000000002,2.0128,3.6538000000000004
5787:0.1688,0.2843,0.3846,2.8199
5975:0.6308,0.6721,0.6993,0.7467,0.7862,0.8431000000000001,0.889,0.9249,0.9565,1.4224,1.4697,1.5172,1.5538,1.5996000000000001,1.6506,1.6784000000000001,2.2024,2.2522,2.2868,2.3373,2.3932,2.4367,2.4921,2.5354,2.5588,3.0044,3.0564,3.1349,3.1968,3.241,3.2798000000000003,3.3136,3.3344,3.778,3.8175000000000003,3.8583000000000003,3.9001,3.9613,4.0034,4.0667
6007:0.6159,0.7071000000000001,0.7811,0.8717,1.7213,2.2147,2.2720000000000002,2.4914,3.7874000000000003
6027:0.0357,0.0625,0.183,0.2073,0.2308,0.4036,0.436,1.1317000000000002,1.1615,1.2326000000000001,1.8754000000000002,1.9281000000000001,2.0,2.0180000000000002,2.6502000000000003,2.6887000000000003,2.7109,2.7701000000000002,2.8069,3.5157000000000003,3.5417,3.5972,3.6584000000000003
6128:0.0194,0.031200000000000002,0.0509,0.0858,0.1091,0.124,0.1448,0.1705,0.193,0.20320000000000002,0.2406,0.2922,0.3002,0.3149,0.34900000000000003,0.36910000000000004,0.4002,0.4212,0.4307,0.4703,0.5038,0.5426,0.6355000000000001,0.6594,0.6694,0.6994,0.7228,0.7317,0.7676000000000001,0.7964,0.8262,0.8441000000000001,0.8823000000000001,0.8933000000000001,0.9116000000000001,0.926,0.9532,1.0283,1.0542,1.0715000000000001,1.1098000000000001,1.1311,1.1484,1.1564,1.1841000000000002,1.2082000000000002,1.24,1.2691000000000001,1.296,1.331,1.4145,1.4326,1.461,1.4939,1.5290000000000001,1.5561,1.5834000000000001,1.5958,1.6213000000000002,1.6555,1.7101000000000002,1.7830000000000001,1.8061,1.8408,1.8932,1.9021000000000001,1.9231,1.9457,1.9852,2.0013,2.0415,2.0782000000000003,2.1044,2.1773000000000002,2.2254,2.2394000000000003,2.2659000000000002,2.3162000000000003,2.359,2.3678,2.3885,2.4211,2.4388,2.4999000000000002,2.5049,2.5551,2.5701,2.5932,2.6252,2.6423,2.6621,2.6799,2.6939,2.7283,2.7489000000000003,2.7674000000000003,2.7916000000000003,2.8168,2.8388,2.847,2.9022,2.9916,3.0330000000000004,3.0401000000000002,3.0553000000000003,3.0839000000000003,3.1056000000000004,3.1211,3.1467,3.1857,3.1975000000000002,3.2445,3.2797,3.2989,3.3105,3.3555,3.3638000000000003,3.3839,3.4203,3.4527,3.4773,3.4979,3.5257,3.5380000000000003,3.5549,3.5780000000000003,3.6091,3.6439000000000004,3.6529000000000003,3.7494,3.8046,3.8422,3.8707000000000003,3.8941000000000003,3.9338,3.9527,3.9795000000000003,3.984,4.0103,4.0462,4.0556,4.1228
6155:0.45790000000000003,0.46830000000000005,0.4833,0.49050000000000005,0.5026,0.5107,0.5176000000000001,0.5244,0.5326000000000001,0.5415,0.55,0.5601,0.5677,0.5746,0.5837,0.5908,0.5981000000000001,0.6046,0.6119,0.6203000000000001,0.6258,0.6316,0.639,0.6463,0.6515000000000001,0.6572,0.6632,0.6697000000000001,0.6781,0.685,0.6914,0.6972,0.7034,0.7104,0.7179,0.7235,0.7297,0.7363000000000001,0.7424000000000001,0.7512000000000001,0.7577,0.7643000000000001,0.7712,0.7778,0.7861,0.792,0.7979,0.8041,0.8117000000000001,0.8180000000000001,0.8242,0.8306,0.8389000000000001,0.8451000000000001,0.8502000000000001,0.8557,0.8612000000000001,0.8672000000000001,0.8763000000000001,0.882,0.888,0.894,0.9007000000000001,0.9073,0.9138000000000001,0.92,0.9276000000000001,0.9338000000000001,0.9395,0.9456,0.9516,0.9583,0.9654,0.9733,0.9787,0.9846,0.9906,0.9977,1.0074,1.0146,1.0213,1.0290000000000001,1.0349000000000002,1.0426,1.0503,1.0599,1.0667,1.077,1.0864,1.0926,1.1013,1.1268,1.1379000000000001,1.1521000000000001,1.1782000000000001,1.1897,1.2269,1.2521,1.2613,1.2721,1.2848000000000002,1.2946,1.3029000000000002,1.3094000000000001,1.3196,1.3275000000000001,1.3358,1.3438,1.35,1.3567,1.3641,1.3718000000000001,1.3781,1.385,1.3924,1.3994,1.4060000000000001,1.4123,1.4214,1.427,1.433,1.4411,1.4504000000000001,1.457,1.4643000000000002,1.4707000000000001,1.4777,1.4842,1.4931,1.5007000000000001,1.5068000000000001,1.5138,1.5233,1.5291000000000001,1.5348000000000002,1.5418,1.5497,1.5562,1.5623,1.5687,1.576,1.5854000000000001,1.5922,1.5988,1.605,1.6111,1.6175000000000002,1.6247,1.6315000000000002,1.6406,1.6457000000000002,1.6520000000000001,1.6584,1.665,1.673,1.6804000000000001,1.6875,1.6945000000000001,1.7008,1.7081000000000002,1.7148,1.7213,1.7282000000000002,1.7366000000000001,1.7433,1.7499,1.7556,1.7646000000000002,1.7745000000000002,1.7871000000000001,1.7973000000000001,1.8125,1.8203,1.8378,1.8499,2.0271,2.0474,2.0596,2.0691,2.0792,2.0881000000000003,2.0983,2.1041000000000003,2.1109,2.1177,2.128,2.1335,2.1397,2.1471,2.1561,2.1629,2.1709,2.178,2.1866000000000003,2.1916,2.1978,2.205,2.2119,2.2192000000000003,2.2255000000000003,2.2317,2.2363,2.2429,2.2497000000000003,2.2557,2.2638000000000003,2.2699000000000003,2.2756000000000003,2.2818,2.2877,2.2945,2.3006,2.3062,2.3123,2.3185000000000002,2.3246,2.331,2.3411,2.3477,2.3546,2.3616,2.3692,2.3755,2.3816,2.3886000000000003,2.3956,2.4039,2.4102,2.4174,2.4232,2.4293,2.4358,2.443,2.4499,2.455,2.4608000000000003,2.4673000000000003,2.474,2.4822,2.4883,2.4949000000000003,2.5015,2.5111000000000003,2.5173,2.5242,2.5305,2.5377,2.5435000000000003,2.5500000000000003,2.561,2.5674,2.5743,2.5825,2.592,2.6091,2.6220000000000003,2.6333,2.6443000000000003,2.8186,2.8298,2.8446000000000002,2.8566000000000003,2.8653,2.8787000000000003,2.8883,2.8963,2.9045,2.9119,2.9198,2.9272,2.9382,2.9457,2.9526000000000003,2.959,2.9662,2.9719,2.9798,2.988,2.9938000000000002,3.0017,3.0088000000000004,3.0191000000000003,3.0252000000000003,3.0311000000000003,3.0370000000000004,3.0435000000000003,3.0498000000000003,3.0561000000000003,3.0618000000000003,3.0672,3.0732,3.0789,3.0849,3.0923000000000003,3.0994,3.1060000000000003,3.1149,3.1214,3.1301,3.1358,3.1430000000000002,3.1487000000000003,3.1545,3.1607000000000003,3.1665,3.1728,3.1806,3.1874000000000002,3.1939,3.2006,3.2070000000000003,3.2138,3.2221,3.2274000000000003,3.2331000000000003,3.2396000000000003,3.2464,3.2527000000000004,3.2590000000000003,3.2655000000000003,3.2718000000000003,3.2777000000000003,3.2829,3.289,3.2953,3.3006,3.3064,3.3135000000000003,3.3198000000000003,3.3265000000000002,3.3334,3.3407,3.347,3.3564000000000003,3.3709000000000002,3.3779000000000003,3.3864,3.3939000000000004,3.4011,3.411,3.4251,3.4376,3.4503000000000004,3.4615,3.4876,3.5408000000000004,3.6079000000000003,3.6227,3.6353,3.6467,3.6576,3.6645000000000003,3.6724,3.6823,3.6906000000000003,3.7019,3.7097,3.7181,3.7254,3.7324,3.7381,3.7466000000000004,3.7525000000000004,3.7590000000000003,3.765,3.7716000000000003,3.7797,3.7863,3.7927,3.7989,3.8063000000000002,3.8155,3.8219000000000003,3.8282000000000003,3.8351,3.8421000000000003,3.8499000000000003,3.8556000000000004,3.8648000000000002,3.8716000000000004,3.878,3.8838000000000004,3.8902,3.8972,3.9057000000000004,3.9125,3.9187000000000003,3.9257,3.9322000000000004,3.9386,3.9457,3.9521,3.9588,3.9689,3.9749000000000003,3.9804000000000004,3.9863000000000004,3.9942,4.000500000000001,4.0065,4.0125,4.0192000000000005,4.0302,4.0358,4.0418,4.0484,4.0563,4.063400000000001,4.0708,4.0766,4.0831,4.0962000000000005,4.1052,4.113,4.1231,4.1289,4.1347000000000005,4.1416
6279:0.7861
6882:0.054900000000000004,0.2437,0.2654,0.3214,0.39530000000000004,0.42510000000000003,1.8547,2.7397,2.8419000000000003,3.5562,3.6189
6936:0.1273,0.2396,0.4504,0.5797,0.6423,0.6669,0.7779,0.8416,0.8857,0.9543,1.0111,1.1786,1.3412000000000002,1.4457,1.4934,1.5536,1.6012000000000002,1.6420000000000001,1.7770000000000001,1.8801,1.9676,2.0275000000000003,2.1931000000000003,2.2875,2.355,2.3995,2.4308,2.4713000000000003,2.5978000000000003,2.6711,2.7147,2.7755,2.9631000000000003,2.9906,3.1143,3.1541,3.224,3.2687,3.3200000000000003,3.4532000000000003,3.5009,3.7559,3.7848,3.8999,3.9625000000000004,3.9931,4.111400000000001
6995:0.5824,0.6307,0.6532,0.7003,0.7191000000000001,0.7532,0.7923,0.8164,0.8884000000000001,0.9185000000000001,0.9427000000000001,0.9815,1.0198,1.3274000000000001,1.3746,1.4032,1.4284000000000001,1.4471,1.4946000000000002,1.5183,1.5402,1.5684,1.6019,1.6391,1.6928,1.7406000000000001,2.145,2.2018,2.3439,2.3858,2.4215,2.458,2.5175,2.5676,2.9448000000000003,2.9731,3.0055,3.0683000000000002,3.0943,3.1308000000000002,3.1732,3.2079,3.2611000000000003,3.2975000000000003,3.3378,3.7753,3.8166,3.8583000000000003,3.8906,3.9154,3.9438,3.9745000000000004,3.9999000000000002,4.0415
7015:2.7221
7201:0.0194,0.0316,0.047400000000000005,0.0651,0.08270000000000001,0.1003,0.1154,0.13520000000000001,0.14930000000000002,0.1636,0.1757,0.19140000000000001,0.20800000000000002,0.2232,0.23720000000000002,0.259,0.2755,0.2928,0.30760000000000004,0.3284,0.3453,0.3627,0.38020000000000004,0.40030000000000004,0.4151,0.4293,0.44210000000000005,0.4581,0.47440000000000004,0.497,0.5392,1.0578,1.1135000000000002,1.1298000000000001,1.143,1.1564,1.1736,1.1919,1.2152,1.2296,1.2411,1.2566000000000002,1.2753,1.3505,1.7778,1.8071000000000002,1.8291000000000002,1.8511000000000002,1.8666,1.8819000000000001,1.8957000000000002,1.9095000000000002,1.9261000000000001,1.9411,1.959,1.9739,1.9888000000000001,2.0073000000000003,2.0328,2.0488,2.0694,2.1074,2.5958,2.6264000000000003,2.6428000000000003,2.6624000000000003,2.6798,2.6944000000000004,2.7101,2.7252,2.7402,2.7517,2.7693000000000003,2.7838000000000003,2.8000000000000003,2.8216,2.8392,2.8616,2.8996,3.4146,3.4448000000000003,3.464,3.4791000000000003,3.4983,3.5179,3.5331,3.5495,3.5714,3.5881000000000003,3.6114,3.6322,3.6634,4.1337
7345:0.0173,0.0284,0.046200000000000005,0.0717,0.085,0.10590000000000001,0.12200000000000001,0.1378,0.16440000000000002,0.1774,0.19820000000000002,0.2172,0.2376,0.2716,0.2926,0.3075,0.33990000000000004,0.36360000000000003,0.3904,0.41490000000000005,0.42750000000000005,0.45520000000000005,0.4697,0.49860000000000004,0.5374,1.0521,1.1056000000000001,1.1253,1.1465,1.1746,1.2003000000000001,1.2221,1.2364000000000002,1.2609000000000001,1.2894,1.7790000000000001,1.8031000000000001,1.8286,1.8617000000000001,1.8837000000000002,1.8982,1.9195,1.941,1.9631,1.9826000000000001,2.0004,2.032,2.047,2.0940000000000003,2.3655,2.5701,2.5898000000000003,2.6208,2.64,2.6698,2.6911,2.7153,2.7392000000000003,2.758,2.7803,2.7937000000000003,2.8143000000000002,2.8332,2.8598000000000003,2.8955,3.379,3.4183000000000003,3.4487,3.47,3.4927,3.5216000000000003,3.5483000000000002,3.5621,3.5780000000000003,3.6018000000000003,3.6367000000000003,3.6745,4.1218
7546:3.5597000000000003
7702:0.0775,0.7576,0.9191,1.4555,1.5410000000000001,1.6780000000000002,2.2356000000000003,2.2993,2.4531,2.8289,3.0633000000000004,3.1510000000000002,3.2343,3.3275,3.7083000000000004,3.8753,3.9723,4.0304
7712:0.0468,0.1032,0.1563,0.2227,0.3015,0.37270000000000003,0.4415,0.47000000000000003,1.1453,1.2337,1.2904,1.8619,1.9043,1.9533,2.008,2.6622000000000003,2.7027,2.7524,2.815,3.496,3.5828
8054:0.0182,0.049100000000000005,0.066,0.1273,0.1739,0.20450000000000002,0.2787,0.3114,0.3397,0.3924,0.4052,0.4259,0.4398,0.46730000000000005,0.4944,0.5127,0.5337000000000001,1.0465,1.0671000000000002,1.0936000000000001,1.1223,1.1432,1.1543,1.1916,1.2116,1.2626000000000002,1.2934,1.3322,1.7293,1.7644000000000002,1.7884,1.8061,1.8321,1.8463,1.8666,1.8801,1.8972,1.9266,1.9576,2.0039000000000002,2.0227,2.0426,2.0900000000000003,2.1054,2.1593,2.58,2.6012,2.6206,2.6353,2.6559,2.6712000000000002,2.6919,2.7515,2.7753,2.7858,2.8318000000000003,2.8496,2.8678000000000003,2.8978,3.3741000000000003,3.4107000000000003,3.4426,3.4566000000000003,3.4764000000000004,3.4946,3.5112,3.5483000000000002,3.5773,3.6143,3.6433,3.6698000000000004,3.7005000000000003,4.1162,4.140000000000001
8158:0.0053,0.0178,0.019100000000000002,0.0262,0.034,0.06760000000000001,0.0711,0.0786,0.0818,0.1087,0.13520000000000001,0.13820000000000002,0.1418,0.1489,0.1491,0.1494,0.1547,0.1569,0.15810000000000002,0.15960000000000002,0.1756,0.1887,0.19110000000000002,0.2041,0.2149,0.2199,0.2225,0.2298,0.23140000000000002,0.232,0.2434,0.24530000000000002,0.2515,0.25520000000000004,0.25980000000000003,0.272,0.2723,0.2936,0.2982,0.302,0.30410000000000004,0.3249,0.3325,0.3417,0.34800000000000003,0.3683,0.3735,0.3814,0.4051,0.40950000000000003,0.4101,0.4117,0.4208,0.4213,0.43270000000000003,0.4469,0.5307000000000001,0.5337000000000001,0.5387000000000001,0.5840000000000001,0.5863,0.9951000000000001,1.0056,1.0123,1.014,1.0245,1.0372000000000001,1.0478,1.0592000000000001,1.0903,1.0956000000000001,1.1078000000000001,1.1147,1.1182,1.1194,1.1221,1.1311,1.1463,1.1531,1.1585,1.1611,1.1621000000000001,1.1643000000000001,1.1776,1.1796,1.1895,1.2092,1.2252,1.2326000000000001,1.2371,1.244,1.248,1.2636,1.2697,1.2737,1.2877,1.2893000000000001,1.3372000000000002,1.3413000000000002,1.7013,1.7317,1.7468000000000001,1.7573,1.7621,1.7862,1.8089000000000002,1.8091000000000002,1.816,1.8295000000000001,1.8474000000000002,1.8598000000000001,1.863,1.8762,1.893,1.9074,1.9327,1.9404000000000001,1.9453,1.9515,1.957,1.9797,1.9869,1.9971,2.0116,2.0311,2.0347,2.0408,2.0412,2.0481000000000003,2.0793,2.0966,2.1060000000000003,2.145,2.5502000000000002,2.5573,2.5765000000000002,2.5889,2.6241000000000003,2.6293,2.6578,2.6679,2.6761,2.6809000000000003,2.684,2.6854,2.6856,2.6894,2.6993,2.7142,2.7144,2.7152000000000003,2.7243,2.7277,2.7419000000000002,2.7429,2.746,2.7508,2.7516000000000003,2.7622,2.7655000000000003,2.7861000000000002,2.7932,2.7941000000000003,2.7946,2.7995,2.8163,2.8207,2.8224,2.8605,2.8764000000000003,2.8871,2.9124000000000003,2.9370000000000003,3.3647,3.3784,3.3792,3.4053,3.4084000000000003,3.4208000000000003,3.4282000000000004,3.4425000000000003,3.4526000000000003,3.4709000000000003,3.4748,3.4781,3.492,3.4951000000000003,3.4966000000000004,3.5164,3.5204,3.5308,3.5311000000000003,3.5424,3.5433000000000003,3.5502000000000002,3.5677000000000003,3.5714,3.5751000000000004,3.5844,3.588,3.5895,3.5915000000000004,3.5941,3.5952,3.6194,3.6249000000000002,3.6428000000000003,3.6732,3.6756,3.7124,3.7387,4.0803,4.1208,4.1268,4.1395
8333:0.12290000000000001,0.46280000000000004,1.1571,1.9687000000000001,2.7304,3.5111000000000003
8404:0.0029000000000000002,0.0217,0.0229,0.0275,0.029,0.038,0.046,0.046200000000000005,0.0471,0.0514,0.0524,0.0582,0.066,0.0663,0.08460000000000001,0.0913,0.09620000000000001,0.1063,0.1076,0.1105,0.1388,0.1469,0.1564,0.1733,0.17800000000000002,0.193,0.2049,0.20520000000000002,0.2139,0.22310000000000002,0.22610000000000002,0.22740000000000002,0.2326,0.2346,0.25630000000000003,0.2641,0.26630000000000004,0.268,0.2768,0.2924,0.29560000000000003,0.29710000000000003,0.29760000000000003,0.3034,0.3098,0.3196,0.322,0.32230000000000003,0.3267,0.3365,0.3504,0.36460000000000004,0.3703,0.3718,0.37360000000000004,0.3876,0.3922,0.4096,0.42200000000000004,0.4364,0.47050000000000003,0.4938,0.4943,0.49770000000000003,0.542,0.5582,0.5591,1.0101,1.0145,1.0586,1.098,1.1033,1.1097000000000001,1.11,1.1149,1.1201,1.1205,1.1252,1.1274,1.1381000000000001,1.1459000000000001,1.155,1.1623,1.1729,1.1756,1.181,1.187,1.1882000000000001,1.1939,1.1993,1.2029,1.2072,1.214,1.2172,1.2427000000000001,1.2636,1.2674,1.2737,1.2861,1.2878,1.3407,1.3439,1.3591,1.3979000000000001,1.6680000000000001,1.7128,1.7223000000000002,1.7505000000000002,1.7595,1.7698,1.8163,1.8191000000000002,1.8602,1.8783,1.8826,1.8883,1.8895000000000002,1.8961000000000001,1.8981000000000001,1.9057000000000002,1.9133,1.9159000000000002,1.9185,1.9266,1.9425000000000001,1.9620000000000002,1.9655,1.9736,1.9882000000000002,1.9904000000000002,1.9926000000000001,2.0189,2.0207,2.033,2.0428,2.0477000000000003,2.0566,2.0629,2.0718,2.0754,2.0814,2.1283000000000003,2.129,2.5073000000000003,2.5102,2.5166,2.5380000000000003,2.5503,2.5647,2.5881000000000003,2.5891,2.5945,2.6106000000000003,2.6126,2.6157,2.6164,2.623,2.6383,2.656,2.6615,2.6631,2.6877,2.6904000000000003,2.6964,2.6966,2.6974,2.6990000000000003,2.7128,2.7208,2.7219,2.7288,2.7298,2.7366,2.7376,2.7388000000000003,2.741,2.744,2.7676000000000003,2.7703,2.7786,2.7788,2.7804,2.7868,2.7912000000000003,2.7968,2.8072,2.8216,2.8225000000000002,2.83,2.8318000000000003,2.8551,2.8810000000000002,2.8874,2.8936,2.8944,2.8975,2.8977,2.9425000000000003,3.3479,3.3719,3.3741000000000003,3.4004000000000003,3.4074,3.41,3.4113,3.4155,3.4359,3.4629000000000003,3.464,3.4675000000000002,3.4933,3.4966000000000004,3.4981,3.5009,3.5129,3.5191000000000003,3.5220000000000002,3.5239000000000003,3.5337,3.5496000000000003,3.5540000000000003,3.5615,3.5655,3.5658000000000003,3.5791000000000004,3.5863,3.5915000000000004,3.5934000000000004,3.6302000000000003,3.6636,3.7306000000000004,4.0558000000000005,4.0613,4.1284,4.1314
8469:0.045700000000000005,0.2058,1.2559,1.9988000000000001,2.7048,2.7654,2.841
8498:0.0512,0.10070000000000001,0.14880000000000002,0.18480000000000002,0.22490000000000002,0.27540000000000003,0.31,0.3599,0.39280000000000004,0.44210000000000005,0.4777,0.5118,0.5842,1.0334,1.0796000000000001,1.1584,1.1946,1.23,1.2757,1.3322,1.4149,1.6711,1.7441,1.8313000000000001,1.87,1.9214,1.9718,2.0131,2.055,2.1092,2.1833,2.2928,2.5487,2.6004,2.6464000000000003,2.7002,2.7457000000000003,2.7839,2.8162000000000003,2.8520000000000003,2.9086000000000003,3.1467,3.2947,3.3844000000000003,3.4203,3.4995000000000003,3.5424,3.5863,3.6456000000000004,3.6943,4.0213,4.1463
8518:0.031400000000000004,0.058,0.11030000000000001,0.1293,0.18730000000000002,0.2117,0.2399,0.2676,0.31470000000000004,0.36100000000000004,0.401,0.42550000000000004,1.1457000000000002,1.1852,1.2226000000000001,1.2458,1.8424,1.8792,1.9026,1.9254,1.9620000000000002,1.9874,2.0443000000000002,2.1049,2.6599,2.6902,2.7267,2.7405,2.7668,2.7898,2.8199,2.8601,2.9037,3.4788,3.5114,3.5420000000000003,3.5679000000000003,3.595,3.6228000000000002
8720:0.1474,0.5943,0.6317,0.676,0.7307,0.7543000000000001,0.8097000000000001,0.8548,0.9281,1.0041,1.0386,1.0972,1.3466,1.393,1.4763000000000002,1.5270000000000001,1.6041,1.6786,1.7467000000000001,2.1658,2.1929000000000003,2.2533000000000003,2.2902,2.3347,2.367,2.404,2.4844,2.5038,2.5507,2.6001000000000003,2.9532000000000003,3.0321000000000002,3.0683000000000002,3.1497,3.1989,3.2678000000000003,3.3026,3.3334,3.4102,3.4655,3.745,3.7754000000000003,3.8193,3.863,3.9017000000000004,3.9613,4.0054,4.0982,4.1323
8750:0.8393,1.4105,1.5686,3.8988
8793:0.0159,0.016300000000000002,0.0178,0.0223,0.0227,0.0318,0.048400000000000006,0.0553,0.0763,0.09090000000000001,0.094,0.09770000000000001,0.1032,0.10500000000000001,0.1106,0.11510000000000001,0.117,0.1188,0.12660000000000002,0.1401,0.1431,0.16090000000000002,0.1681,0.1688,0.17070000000000002,0.17250000000000001,0.1762,0.1814,0.1835,0.1857,0.18780000000000002,0.1996,0.201,0.2025,0.21130000000000002,0.2134,0.2142,0.2218,0.23270000000000002,0.2393,0.2449,0.2484,0.2565,0.2645,0.28450000000000003,0.2873,0.30260000000000004,0.3216,0.3361,0.3365,0.33740000000000003,0.34540000000000004,0.34690000000000004,0.3538,0.35960000000000003,0.3599,0.38480000000000003,0.3909,0.39390000000000003,0.39590000000000003,0.40080000000000005,0.4031,0.4157,0.4312,0.44880000000000003,0.4869,0.48760000000000003,0.5024000000000001,0.5183,0.5333,0.5357000000000001,0.5444,0.5749000000000001,0.9561000000000001,0.9612,0.9922000000000001,1.0061,1.0233,1.0336,1.0552000000000001,1.0666,1.0688,1.083,1.1069,1.1161,1.1186,1.1255,1.1321,1.1348,1.1392,1.1545,1.1611,1.1648,1.1787,1.1926,1.197,1.2096,1.2104000000000001,1.2119,1.2328000000000001,1.2385000000000002,1.2408000000000001,1.2495,1.2658,1.2670000000000001,1.2710000000000001,1.2713,1.3126,1.3416000000000001,1.7244000000000002,1.7704000000000002,1.774,1.7811000000000001,1.8198,1.8212000000000002,1.8256000000000001,1.8438,1.8538000000000001,1.8573000000000002,1.8731,1.8833000000000002,1.8852,1.8963,1.9180000000000001,1.9186,1.9188,1.9382000000000001,1.9406,1.9451,1.9479000000000002,1.9484000000000001,1.9708,1.979,1.9864000000000002,1.9944000000000002,2.0062,2.009,2.0140000000000002,2.0363,2.0420000000000003,2.0491,2.0582000000000003,2.0616,2.0682,2.0697,2.0743,2.1823,2.4952,2.5219,2.5678,2.5782000000000003,2.5814,2.595,2.601,2.6034,2.6101,2.6126,2.623,2.6343,2.6352,2.6532,2.6634,2.6641,2.665,2.6731000000000003,2.6806,2.6813000000000002,2.6979,2.6999,2.7176,2.7449000000000003,2.7476000000000003,2.7614,2.7811000000000003,2.7854,2.786,2.7964,2.7996000000000003,2.8015000000000003,2.8078000000000003,2.8145000000000002,2.8222,2.8317,2.8334,2.8421000000000003,2.8523,2.8585000000000003,2.8624,2.8644000000000003,2.8656,2.8893,2.8963,3.3463000000000003,3.3678000000000003,3.3972,3.414,3.4163,3.4472,3.452,3.4555000000000002,3.4617,3.4742,3.4766000000000004,3.4811,3.5184,3.5204,3.5235000000000003,3.5331,3.5450000000000004,3.5558,3.5668,3.5697,3.579,3.584,3.5877000000000003,3.5938000000000003,3.5985,3.6083000000000003,3.6124,3.62,3.6279000000000003,3.6468000000000003,3.6527000000000003,3.6576,3.6686,3.6750000000000003,3.6895000000000002,3.6898,3.6931000000000003,3.7072000000000003,4.0589,4.0593,4.081300000000001,4.1071,4.1080000000000005,4.112,4.1252,4.135800000000001,4.1409
8797:0.0813,0.19740000000000002,0.2968,0.36760000000000004,0.45840000000000003,0.4726,0.5095000000000001,0.5263,0.5499,0.5668000000000001,0.5891000000000001,0.6028,0.6163000000000001,0.6404000000000001,0.6562,0.6731,0.6897,0.7021000000000001,0.7190000000000001,0.7366,0.7505000000000001,0.7718,0.7838,0.8001,0.8129000000000001,0.8328,0.8470000000000001,0.8679,0.8798,0.8972,0.9129,0.931,0.9574,0.9735,0.9974000000000001,1.0256,1.0626,1.1036000000000001,1.151,1.2013,1.2798,1.3099,1.3445,1.3767,1.395,1.4180000000000001,1.4331,1.4549,1.4749,1.4906000000000001,1.5119,1.5250000000000001,1.5471000000000001,1.558,1.5731000000000002,1.6025,1.6141,1.6239000000000001,1.6380000000000001,1.6609,1.6695,1.6862000000000001,1.7056,1.7346000000000001,1.7467000000000001,1.7913000000000001,1.9864000000000002,2.0301,2.0822000000000003,2.1089,2.1252,2.1498,2.1771000000000003,2.1962,2.2122,2.2306,2.2427,2.2642,2.2762000000000002,2.2949,2.3087,2.3286000000000002,2.3518000000000003,2.3623000000000003,2.38,2.4001,2.412,2.4359,2.448,2.4649,2.476,2.5113000000000003,2.5356,2.549,2.5626,2.5915,2.6085000000000003,2.6543,2.7182,2.8098,2.8648000000000002,2.9033,2.9238,2.9347000000000003,2.9607,2.9730000000000003,2.987,3.007,3.0220000000000002,3.0425,3.0607,3.0873,3.1031,3.1233,3.1405000000000003,3.1617,3.1739,3.1957,3.2148000000000003,3.2319,3.2461,3.2564,3.2742,3.2922000000000002,3.3079,3.3231,3.3361,3.3648000000000002,3.3930000000000002,3.4370000000000003,3.5638,3.6456000000000004,3.6705,3.7025,3.7202,3.7451000000000003,3.7711,3.7832000000000003,3.8002000000000002,3.8218,3.8436000000000003,3.8586,3.8741000000000003,3.8858,3.9106,3.922,3.9447,3.962,3.9805,3.9931,4.0097000000000005,4.0277,4.0424,4.0666,4.0999,4.141
8808:0.1101,0.155,0.1877,0.3123,0.37370000000000003,0.4027,0.4802,0.7481,0.7948000000000001,0.8463,0.9257000000000001,1.2274,1.2763,1.4543000000000001,1.5322,1.8503,1.9243000000000001,1.9917,2.0414,2.3287,2.3878,2.4530000000000003,2.4962,2.7083,2.7406,2.8337000000000003,3.1154,3.1969000000000003,3.3053000000000003,3.5169,3.5588,3.6029,3.6471
8931:0.5085000000000001,0.5329,0.5449,0.5568000000000001,0.5725,0.5840000000000001,0.5955,0.6047,0.6178,0.6269,0.6354000000000001,0.6454000000000001,0.6532,0.6623,0.6744,0.6843,0.6938000000000001,0.7040000000000001,0.7117,0.7248,0.7352000000000001,0.7436,0.759,0.7685000000000001,0.777,0.7892,0.7962,0.805,0.8173,0.8255,0.8356,0.8449000000000001,0.8539,0.8619,0.8708,0.8814000000000001,0.8881,0.8975000000000001,0.9086000000000001,0.9173,0.9277000000000001,0.9376000000000001,0.9489000000000001,0.9596,0.9677,0.9761000000000001,0.9846,0.9916,1.0055,1.0162,1.0270000000000001,1.0403,1.0522,1.0738,1.0878,1.1013,1.2899,1.3097,1.3259,1.3352000000000002,1.351,1.3648,1.3732,1.3820000000000001,1.3947,1.4034,1.4116,1.4228,1.4304000000000001,1.4428,1.4525000000000001,1.4633,1.4732,1.4823000000000002,1.4923000000000002,1.5059,1.5146000000000002,1.5284,1.536,1.5441,1.5569000000000002,1.5647,1.5751000000000002,1.5864,1.595,1.6023,1.6108,1.6193000000000002,1.6288,1.6386,1.6529,1.6626,1.6735,1.6832,1.6919000000000002,1.7022000000000002,1.7163000000000002,1.7261000000000002,1.7465000000000002,1.7576,1.7764,1.8161,2.0763000000000003,2.1031,2.1188000000000002,2.1348000000000003,2.1445000000000003,2.1576,2.1710000000000003,2.1789,2.1885,2.1976,2.2085,2.2176,2.2278000000000002,2.2361,2.2441,2.2528,2.2647,2.2736,2.2818,2.2932,2.3012,2.3095000000000003,2.3204000000000002,2.3295,2.3415,2.3519,2.3598,2.371,2.3808000000000002,2.3913,2.4023000000000003,2.4114,2.4245,2.4302,2.4374000000000002,2.4517,2.4638,2.4711000000000003,2.4815,2.4923,2.5004,2.5118,2.5243,2.5349,2.547,2.5651,2.5773,2.5936,2.861,2.8847,2.9061000000000003,2.9155,2.9267000000000003,2.9424,2.9551000000000003,2.9665000000000004,2.975,2.986,2.9937,3.0031000000000003,3.0124,3.024,3.0328,3.0389,3.0507,3.0620000000000003,3.069,3.077,3.0869,3.0973,3.1064000000000003,3.1179,3.1291,3.137,3.1486,3.1555,3.1641000000000004,3.172,3.1838,3.1926,3.2008,3.2118,3.2228000000000003,3.2308000000000003,3.2435,3.2506,3.2618,3.2721,3.2800000000000002,3.2894,3.298,3.3061000000000003,3.3198000000000003,3.3276000000000003,3.3375000000000004,3.3466,3.3762000000000003,3.3923,3.4018,3.4469000000000003,3.6351,3.6569000000000003,3.6700000000000004,3.6852,3.7012,3.7107,3.7227,3.7362,3.7499000000000002,3.7603,3.7671,3.7776,3.7874000000000003,3.7958000000000003,3.8071,3.8190000000000004,3.8343000000000003,3.8444000000000003,3.8531,3.8705000000000003,3.8774,3.8853,3.8945000000000003,3.9050000000000002,3.9152,3.9247,3.9327,3.9431000000000003,3.9519,3.9605,3.9731,3.9812000000000003,3.9903000000000004,4.0014,4.0103,4.0183,4.034800000000001,4.0434,4.0528,4.0606,4.0741000000000005,4.0828,4.101100000000001,4.1143,4.1281,4.1411
9007:0.5621,0.6126,0.6654,0.7358,0.7816000000000001,0.8330000000000001,0.8941,0.9355,0.9979,1.042,1.3613,1.4105,1.481,1.5299,1.5776000000000001,1.6515000000000002,1.72,1.7797,2.1406,2.1855,2.2353,2.2837,2.3296,2.3767,2.4244000000000003,2.4881,2.5389,2.9338,2.9924,3.0392,3.1041000000000003,3.1568,3.2038,3.2520000000000002,3.2957,3.3454,3.4024,3.6955,3.7489000000000003,3.8032000000000004,3.8584,3.9063000000000003,3.9533,3.9991000000000003,4.0511,4.107
9033:0.0339,0.06520000000000001,0.154,0.21180000000000002,0.2896,0.35810000000000003,0.43660000000000004,0.48350000000000004,0.6765,0.7465,0.9044000000000001,1.1607,1.4440000000000002,1.5285,1.6092000000000002,1.6687,1.9049,2.0131,2.2232000000000003,2.2885,2.3815,2.4451,2.6982,2.7429,2.782,2.8161,3.0500000000000003,3.1381,3.2238,3.2925,3.319,3.4203,3.539,3.6971000000000003,3.8613000000000004,3.9615,4.0189
9048:0.0916,0.1758,0.2559,0.3397,0.4526,1.9467,2.7155,2.7696,3.5807
9178:0.6028,0.6406000000000001,0.6714,0.7072,0.746,0.7839,0.8341000000000001,0.8546,0.896,0.9427000000000001,0.9800000000000001,1.0388,1.3653,1.4172,1.4736,1.5138,1.5658,1.62,1.6454,1.7142000000000002,2.1688,2.2175000000000002,2.2534,2.2867,2.3237,2.3611,2.402,2.4297,2.4754,2.5218000000000003,2.5568,2.9666,3.0178000000000003,3.0392,3.0967000000000002,3.1428000000000003,3.1886,3.2212,3.2653000000000003,3.2983000000000002,3.3528000000000002,3.4168000000000003,3.7402,3.8041,3.8557,3.8918000000000004,3.9203,3.9635000000000002,4.0062,4.0274,4.1367
9237:2.4261
9402:0.016900000000000002,0.0302,0.0409,0.0538,0.06470000000000001,0.07740000000000001,0.0886,0.1029,0.11230000000000001,0.1268,0.14120000000000002,0.15360000000000001,0.1628,0.1772,0.1882,0.20170000000000002,0.21300000000000002,0.22210000000000002,0.23550000000000001,0.2447,0.2592,0.27080000000000004,0.2883,0.30160000000000003,0.3189,0.3306,0.3477,0.36000000000000004,0.3771,0.386,0.4005,0.41240000000000004,0.4238,0.4325,0.4449,0.4582,0.47040000000000004,0.4837,0.49450000000000005,0.5074000000000001,0.5185000000000001,0.5297000000000001,0.5426,0.5532,0.5613,0.5720000000000001,0.5821000000000001,0.5934,0.6034,0.6131,0.6259,0.634,0.6498,0.6629,0.6816,0.6942,0.7093,0.7240000000000001,0.7356,0.7472000000000001,0.7596,0.772,0.7825000000000001,0.7922,0.8049000000000001,0.8175,0.8306,0.8457,0.8594,0.8718,0.8842000000000001,0.8951,0.9056000000000001,0.92,0.9274,0.9423,0.9539000000000001,0.9673,0.9849,0.9976,1.0086,1.0204,1.0318,1.0435,1.0527,1.0647,1.0751,1.0842,1.0933000000000002,1.105,1.1181,1.131,1.1441000000000001,1.1563,1.1685,1.1819,1.1947,1.2065000000000001,1.2247000000000001,1.2372,1.2503,1.2618,1.2745,1.2862,1.2983,1.3114000000000001,1.3244,1.3361,1.3478,1.3593000000000002,1.3713,1.3831,1.3962,1.4104,1.4227,1.4338,1.4455,1.4593,1.4722000000000002,1.4809,1.495,1.5044000000000002,1.5176,1.5281,1.5434,1.5532000000000001,1.568,1.5768,1.5949,1.6085,1.6243,1.6339000000000001,1.6499000000000001,1.661,1.6713,1.6881000000000002,1.6959000000000002,1.7078,1.7178,1.7321,1.7444000000000002,1.7586000000000002,1.7708000000000002,1.7836,1.7969000000000002,1.8087000000000002,1.818,1.83,1.8381,1.8505,1.863,1.877,1.8915000000000002,1.9037000000000002,1.9146,1.9273,1.9349,1.9474,1.9565000000000001,1.9717,1.9819,1.9957,2.008,2.0193000000000003,2.029,2.0380000000000003,2.051,2.0628,2.0762,2.0881000000000003,2.0998,2.1123000000000003,2.1205000000000003,2.1292,2.1368,2.1477,2.1577,2.1672000000000002,2.1787,2.1897,2.2019,2.2157,2.2301,2.2407,2.2528,2.2687,2.281,2.2914000000000003,2.3039,2.3202000000000003,2.3343000000000003,2.3508,2.3622,2.3731,2.3850000000000002,2.3974,2.4089,2.4202,2.432,2.4450000000000003,2.4571,2.4702,2.4842,2.4981,2.5113000000000003,2.5214000000000003,2.531,2.5448,2.5558,2.5683000000000002,2.5801000000000003,2.5915,2.6024000000000003,2.6165000000000003,2.6270000000000002,2.6387,2.6503,2.6601,2.6742,2.6835,2.6983,2.7079,2.7213000000000003,2.7361,2.7508,2.7593,2.7746,2.7851000000000004,2.7995,2.8113,2.8236000000000003,2.8377000000000003,2.8487,2.8604000000000003,2.869,2.8775,2.8873,2.9008000000000003,2.9118,2.9257,2.9373,2.9474,2.9581,2.9690000000000003,2.9779,2.9924,3.0063,3.0158,3.0303,3.0433000000000003,3.0575,3.0682,3.0805000000000002,3.0925000000000002,3.104,3.1182000000000003,3.1276,3.1411000000000002,3.1534,3.1660000000000004,3.1830000000000003,3.1902000000000004,3.2053000000000003,3.2166,3.23,3.2442,3.2616,3.2757,3.2874000000000003,3.2988,3.3104,3.3219000000000003,3.3318000000000003,3.3443,3.3556000000000004,3.3665000000000003,3.3763,3.3890000000000002,3.4021000000000003,3.4149000000000003,3.4255,3.4366000000000003,3.4464,3.4545000000000003,3.4655,3.4785000000000004,3.4858000000000002,3.4982,3.5123,3.5229000000000004,3.5376000000000003,3.5527,3.5619,3.5748,3.5892000000000004,3.6016000000000004,3.6128,3.6258000000000004,3.6340000000000003,3.6433,3.6540000000000004,3.6625,3.6733000000000002,3.6864000000000003,3.6971000000000003,3.7078,3.7197,3.7322,3.7434000000000003,3.7545,3.7680000000000002,3.7786000000000004,3.7925,3.8038000000000003,3.8131000000000004,3.83,3.8408,3.8518000000000003,3.8658,3.8777000000000004,3.8892,3.9009,3.915,3.9280000000000004,3.9432,3.9577,3.9728000000000003,3.9873000000000003,3.9958,4.010400000000001,4.0242,4.0421000000000005,4.0526,4.0628,4.0745000000000005,4.0842,4.0978,4.1096,4.121,4.1321,4.1424
9455:0.4531,0.5127,0.5496,0.5793,0.6051000000000001,0.6346,0.6875,0.7151000000000001,0.7448,0.7787000000000001,0.8023,0.8324,0.8642000000000001,0.8937,0.9125000000000001,0.9281,0.9536,0.9832000000000001,1.0289000000000001,1.1062,1.1756,1.2429000000000001,1.3003,1.3325,1.3755000000000002,1.4107,1.4379000000000002,1.4728,1.4932,1.5208000000000002,1.5493000000000001,1.5770000000000002,1.6094000000000002,1.6387,1.6828,1.7067,1.7373,1.7694,1.8445,1.9097000000000002,2.1575,2.1893000000000002,2.217,2.2501,2.2840000000000003,2.3121,2.3392,2.3632,2.3903000000000003,2.4166000000000003,2.4353000000000002,2.471,2.4982,2.5477000000000003,2.5846,2.7097,2.8994,2.9348,2.9718,2.9982,3.0338000000000003,3.0586,3.1039000000000003,3.141,3.1782000000000004,3.2070000000000003,3.2355,3.2640000000000002,3.3029,3.3394000000000004,3.3562000000000003,3.4148,3.5300000000000002,3.6895000000000002,3.7395,3.7681,3.7962000000000002,3.8238000000000003,3.855,3.8928000000000003,3.9243,3.9557,3.995,4.0219000000000005,4.0566,4.0863000000000005,4.135
9491:0.1859,2.0151
9792:0.45740000000000003,0.48250000000000004,0.5049,0.5233,0.5413,0.5556,0.5686,0.5791000000000001,0.5871000000000001,0.5988,0.6077,0.6178,0.6266,0.6358,0.6465000000000001,0.6584,0.6683,0.6783,0.6854,0.6957,0.7077,0.7182000000000001,0.73,0.74,0.7498,0.7585000000000001,0.7672,0.776,0.7854,0.7933,0.8036000000000001,0.8124,0.8225,0.8301000000000001,0.8408,0.8479,0.8578,0.866,0.8764000000000001,0.886,0.896,0.9033,0.9139,0.9227000000000001,0.9317000000000001,0.9435,0.9546,0.9644,0.9778,0.9867,0.9966,1.0077,1.0197,1.0312000000000001,1.0504,1.0655000000000001,1.0878,1.1006,1.1392,1.163,1.1938,1.2368000000000001,1.2618,1.2879,1.3065,1.3177,1.3378,1.3536000000000001,1.369,1.3783,1.3880000000000001,1.3962,1.4043,1.4134,1.4223000000000001,1.4311,1.4431,1.4548,1.4666000000000001,1.4782000000000002,1.4884000000000002,1.5005000000000002,1.5106000000000002,1.5226000000000002,1.5335,1.5429000000000002,1.5553000000000001,1.5641,1.5765,1.5874000000000001,1.5986,1.6063,1.6165,1.6269,1.6366,1.6459000000000001,1.6553,1.6642000000000001,1.6758000000000002,1.6873,1.6979000000000002,1.7072,1.717,1.7274,1.7432,1.7545000000000002,1.7752000000000001,1.7997,1.8213000000000001,1.8461,2.043,2.0648,2.0829,2.0991,2.1111,2.1195,2.1398,2.1571000000000002,2.1681,2.1773000000000002,2.1872000000000003,2.1965,2.2049000000000003,2.2135000000000002,2.2204,2.2287,2.2376,2.2483,2.2589,2.2688,2.2760000000000002,2.2875,2.2979000000000003,2.3059000000000003,2.3179000000000003,2.3276,2.3401,2.3491,2.3584,2.3688000000000002,2.378,2.3866,2.3987000000000003,2.4083,2.4191000000000003,2.4272,2.4347000000000003,2.4471000000000003,2.4571,2.4676,2.4758,2.484,2.4947,2.503,2.5135,2.5268,2.5378000000000003,2.5472,2.5632,2.5763000000000003,2.5908,2.6118,2.6436,2.8148,2.846,2.8668,2.8835,2.9035,2.9152,2.9250000000000003,2.9372000000000003,2.9472,2.9597,2.9688000000000003,2.9791000000000003,2.9877000000000002,2.9957000000000003,3.0064,3.0165,3.0269,3.0356,3.0452000000000004,3.0536000000000003,3.063,3.0723000000000003,3.0811,3.0922,3.1014,3.1106000000000003,3.1188000000000002,3.1288,3.1371,3.1475,3.1558,3.1655,3.1741,3.1851000000000003,3.1939,3.2034000000000002,3.2149,3.2258,3.2344,3.244,3.2512000000000003,3.2619000000000002,3.2707,3.2786,3.2888,3.2985,3.3082000000000003,3.3188,3.3274000000000004,3.3369,3.3463000000000003,3.357,3.3717,3.391,3.4052000000000002,3.4183000000000003,3.4555000000000002,3.5033000000000003,3.5605,3.6064000000000003,3.6355,3.6558,3.6671,3.685,3.7027,3.7162,3.728,3.7371000000000003,3.7482,3.7559,3.766,3.7751,3.7852,3.7946,3.8055000000000003,3.8175000000000003,3.8292,3.8388,3.8499000000000003,3.8573000000000004,3.8703000000000003,3.8788,3.8869000000000002,3.8945000000000003,3.9056,3.9156,3.9256,3.9375,3.9473000000000003,3.9570000000000003,3.9695,3.9786,3.9897,3.9991000000000003,4.006600000000001,4.0151,4.0284,4.0388,4.0482000000000005,4.0603,4.0736,4.0848,4.096,4.113,4.1317,4.1431000000000004
10183:0.058800000000000005,0.08990000000000001,0.1769,0.2702,0.329,0.40030000000000004,0.43770000000000003,0.4505,0.4803,0.5644,0.6445000000000001,0.7061000000000001,0.7799,0.8568,0.8957,0.9554,0.9709000000000001,1.0849,1.3119,1.3874,1.4523000000000001,1.4807000000000001,1.5630000000000002,1.6094000000000002,1.6435000000000002,1.6828,1.7164000000000001,1.7557,1.8855000000000002,1.9469,2.0198,2.1255,2.1710000000000003,2.1988000000000003,2.2576,2.2880000000000003,2.3642000000000003,2.4183,2.4353000000000002,2.4912,2.5256000000000003,2.7142,2.7532,2.7881,2.8632,2.9664,3.0246,3.0829,3.1498,3.2218,3.2726,3.3486000000000002,3.4899,3.5408000000000004,3.5548,3.6027,3.6638,3.7865,3.857,3.9126000000000003,3.9974000000000003,4.0278,4.0721,4.101,4.1379
10228:0.020200000000000003,0.0444,0.0762,0.1197,0.1632,0.1884,0.23220000000000002,0.2424,0.2741,0.3002,0.3357,0.35900000000000004,0.39940000000000003,0.4227,0.4647,0.49520000000000003,0.5238,0.6576000000000001,0.751,0.912,1.0454,1.0995000000000001,1.1432,1.1749,1.2029,1.2315,1.2817,1.3228,1.4129,1.5815000000000001,1.6525,1.7264000000000002,1.7774,1.8163,1.8597000000000001,1.8862,1.9095000000000002,1.9400000000000002,1.9698,1.9988000000000001,2.0349,2.0627,2.1012,2.1590000000000003,2.4184,2.5505,2.5868,2.6346000000000003,2.658,2.6909,2.7237,2.745,2.7592000000000003,2.7885,2.8234000000000004,2.841,2.9601,3.1215,3.3745000000000003,3.4127,3.4490000000000003,3.4949000000000003,3.5198,3.5515000000000003,3.5758,3.6364,3.6757,3.7402,3.975,4.0511,4.1141000000000005,4.1306
10270:0.0108,0.0222,0.032600000000000004,0.0431,0.052500000000000005,0.0632,0.07590000000000001,0.0867,0.09680000000000001,0.10840000000000001,0.11660000000000001,0.1298,0.1411,0.1512,0.16090000000000002,0.1705,0.18050000000000002,0.19140000000000001,0.20350000000000001,0.21430000000000002,0.2245,0.2348,0.2439,0.2541,0.26480000000000004,0.27440000000000003,0.2876,0.2987,0.30860000000000004,0.32070000000000004,0.331,0.3412,0.3501,0.36260000000000003,0.3734,0.38370000000000004,0.395,0.40740000000000004,0.41910000000000003,0.4289,0.43910000000000005,0.4499,0.4642,0.4767,0.4883,0.5007,0.5144000000000001,0.5271,0.5459,0.6046,1.0206,1.042,1.0564,1.0707,1.0967,1.1126,1.124,1.1365,1.1474,1.1578000000000002,1.1696,1.1820000000000002,1.1932,1.2057,1.2173,1.2279,1.2366000000000001,1.2485000000000002,1.2613,1.2743,1.2892000000000001,1.3076,1.3321,1.3465,1.7227000000000001,1.7484000000000002,1.7668000000000001,1.7869000000000002,1.8016,1.8142,1.8290000000000002,1.8403,1.8523,1.8622,1.8738000000000001,1.8834000000000002,1.8938000000000001,1.9045,1.9153,1.9260000000000002,1.9358000000000002,1.9456,1.9576,1.9683000000000002,1.9796,1.9892,2.0006,2.0125,2.0233,2.0352,2.0473,2.0612,2.0768,2.0917,2.1105,2.1396,2.5358,2.5603000000000002,2.5838,2.5987,2.6168,2.6299,2.6418,2.6577,2.6689000000000003,2.6819,2.6922,2.7028000000000003,2.7127000000000003,2.7212,2.7318000000000002,2.7419000000000002,2.7509,2.7632000000000003,2.7749,2.7864,2.7996000000000003,2.8114000000000003,2.8218,2.8331,2.8441,2.8583000000000003,2.8761,2.8952,2.9178,2.9521,3.373,3.4000000000000004,3.4113,3.4299,3.4428,3.4570000000000003,3.4684000000000004,3.4792,3.4916,3.5026,3.5141,3.5257,3.5377,3.5503,3.5617,3.5741,3.5863,3.5978000000000003,3.6125000000000003,3.625,3.6388000000000003,3.6553,3.6737,3.6972,4.1077,4.1245,4.1452
10493:0.5306000000000001,0.5844,0.6872,0.7234,0.7994,0.9219,1.0429000000000002,1.0999,1.3166,1.357,1.407,1.5270000000000001,1.5907,1.6481000000000001,1.7242000000000002,1.7606000000000002,2.1204,2.1908000000000003,2.2653000000000003,2.3492,2.4054,2.5427,2.9288000000000003,2.975,3.0597000000000003,3.1332,3.3109,3.4130000000000003,3.7317,3.7822,3.8868,3.988,4.139600000000001
10636:0.0333,0.09860000000000001,0.1477,0.17370000000000002,0.24150000000000002,0.2962,0.3995,0.5049,1.1294,1.1522000000000001,1.2071,1.242,1.8388,1.8711,1.9004,1.9248,1.9774,2.005,2.0366,2.1029,2.6252,2.7196000000000002,2.7839,2.8357,2.9011,3.4522000000000004,3.4772000000000003,3.5319000000000003,3.5567,3.5816000000000003,3.612
10781:0.0546,0.08020000000000001,0.11670000000000001,0.1787,0.2409,0.2785,0.3206,0.3578,0.39490000000000003,0.42910000000000004,0.46040000000000003,0.5134000000000001,1.1814,1.219,1.2626000000000002,1.8692000000000002,1.9284000000000001,1.9826000000000001,2.0402,2.1095,2.6912000000000003,2.7224,2.7706,2.8012,2.8454,3.5026,3.5594,3.6508000000000003
10972:0.0368,0.0751,0.21680000000000002,0.30720000000000003,0.4016,0.48090000000000005,0.5525,0.641,0.6775,0.7210000000000001,0.7522000000000001,0.7911,0.8401000000000001,0.8753000000000001,0.9622,1.0421,1.1693,1.2505000000000002,1.3394000000000001,1.4257,1.4508,1.5125000000000002,1.5941,1.6202,1.6663000000000001,1.915,2.0171,2.2222,2.2664,2.3508,2.3818,2.4306,2.5621,2.676,2.7067,2.7765,3.0151000000000003,3.0517000000000003,3.1156,3.1452,3.2019,3.2303,3.2745,3.3161,3.4219000000000004,3.5478,3.5941,3.6969000000000003,3.7801,3.8634000000000004,3.9394,3.9711000000000003,4.0248
11082:0.48960000000000004,0.5062,0.5156000000000001,0.5259,0.5329,0.5494,0.5631,0.5696,0.5782,0.5864,0.5975,0.6131,0.6213000000000001,0.6267,0.6319,0.6394000000000001,0.649,0.6586000000000001,0.6648000000000001,0.6726000000000001,0.6853,0.6934,0.6996,0.7047,0.7116,0.7223,0.7323000000000001,0.7387,0.7456,0.7573000000000001,0.7706000000000001,0.7809,0.8006000000000001,0.8057000000000001,0.8181,0.8263,0.8326,0.8389000000000001,0.8452000000000001,0.8502000000000001,0.8557,0.8676,0.883,0.8893000000000001,0.8973000000000001,0.904,0.9089,0.9182,0.9246000000000001,0.9373,0.9510000000000001,0.9672000000000001,0.9809,0.9939,1.006,1.0165,1.0232,1.0441,1.0592000000000001,1.079,1.0974000000000002,1.1025,1.1358000000000001,1.1554,1.2734,1.2899,1.3036,1.3116,1.3297,1.3479,1.3576000000000001,1.3728,1.3864,1.3963,1.4036,1.4094,1.4160000000000001,1.4223000000000001,1.4289,1.4358,1.4493,1.4593,1.4666000000000001,1.4732,1.4835,1.5014,1.5138,1.5236,1.5355,1.5482,1.5612000000000001,1.5858,1.5988,1.6073000000000002,1.6163,1.6319000000000001,1.6443,1.6608,1.6708,1.6779000000000002,1.6839000000000002,1.6952,1.7064000000000001,1.711,1.7243000000000002,1.7387000000000001,1.7535,1.7763,1.8207,1.8462,2.0688,2.0833,2.0939,2.1047000000000002,2.1112,2.1325000000000003,2.1472,2.165,2.1738,2.1799,2.1911,2.2049000000000003,2.2167,2.2228,2.2299,2.2365,2.2491000000000003,2.2581,2.2632000000000003,2.2707,2.2766,2.2842000000000002,2.2915,2.3038000000000003,2.3134,2.3199,2.3271,2.3423000000000003,2.3494,2.3573,2.3652,2.3706,2.3835,2.3921,2.399,2.4056,2.4130000000000003,2.4226,2.4277,2.4368000000000003,2.4489,2.4597,2.4716,2.4899,2.5015,2.5166,2.5351,2.5481000000000003,2.565,2.5813,2.6017,2.6473,2.8844000000000003,2.8937,2.906,2.9168000000000003,2.9273000000000002,2.9454000000000002,2.96,2.9746,2.9883,2.9958,3.0061,3.0115000000000003,3.019,3.0259,3.0330000000000004,3.0483000000000002,3.0539,3.0656000000000003,3.0781,3.0879000000000003,3.0949,3.1023,3.1096000000000004,3.1214,3.1352,3.1488,3.1577,3.1631,3.1702000000000004,3.1826000000000003,3.1958,3.2045000000000003,3.2118,3.2198,3.2269,3.234,3.2406,3.2505,3.2567000000000004,3.2635,3.2709,3.2772,3.2829,3.2922000000000002,3.3017000000000003,3.3124000000000002,3.3271,3.3417000000000003,3.3516000000000004,3.3564000000000003,3.3718000000000004,3.3779000000000003,3.387,3.4035,3.4157,3.4261000000000004,3.4426,3.6384000000000003,3.6529000000000003,3.6711,3.6913,3.7106000000000003,3.7274000000000003,3.7431,3.7543,3.7599,3.7717,3.7884,3.7988000000000004,3.8162000000000003,3.8302,3.8432000000000004,3.8555,3.874,3.8805,3.8920000000000003,3.9012000000000002,3.9087,3.9147000000000003,3.9209,3.9303000000000003,3.9378,3.947,3.9572000000000003,3.9629000000000003,3.9713000000000003,3.9793000000000003,3.9925,4.0075,4.0157,4.0289,4.0431,4.059200000000001,4.0745000000000005,4.0849,4.091,4.1008000000000004,4.1075,4.1162,4.13,4.1432
11177:0.4262,0.4697,0.6933,1.0963,1.5693000000000001,1.6429,1.7068,2.7378,2.9573,3.5662000000000003,3.6756,3.8026,3.857,3.9010000000000002,4.0683
11493:0.039
11645:0.9934000000000001
11722:0.027700000000000002,0.0665,0.0952,0.1288,0.1623,0.19240000000000002,0.22240000000000001,0.2509,0.28,0.3088,0.3472,0.3839,0.4143,0.4413,0.48860000000000003,0.5237,0.5607,0.6076,0.6692,0.7464000000000001,0.7988000000000001,0.8612000000000001,0.9268000000000001,0.9793000000000001,1.0330000000000001,1.0735000000000001,1.119,1.1517,1.1926,1.2331,1.2899,1.3437000000000001,1.4156,1.4946000000000002,1.5721,1.617,1.6787,1.7254,1.79,1.8343,1.8791,1.9057000000000002,1.9357000000000002,1.9713,2.0038,2.0451,2.1066000000000003,2.1832000000000003,2.2325,2.2815000000000003,2.3564000000000003,2.4125,2.4409,2.4961,2.5659,2.6326,2.682,2.7097,2.7388000000000003,2.7648,2.7946,2.8311,2.8696,2.9538,3.0075000000000003,3.0801000000000003,3.1368,3.1742000000000004,3.2349,3.2723,3.3246,3.4080000000000004,3.4551000000000003,3.4984,3.5335,3.5638,3.6008,3.6424000000000003,3.6841000000000004,3.73,3.7676000000000003,3.8857000000000004,3.9377,3.9925,4.1166,4.1449
11774:0.0626,0.3257,0.4466,0.6985,1.2303,1.4943,1.6394,1.8881000000000001,2.0215,2.2987,2.4864,2.7193,2.7933000000000003,2.9884,3.5643000000000002,3.8221000000000003,3.8667000000000002
11805:0.8937,0.9264,1.5954000000000002,2.3665000000000003,3.0808,3.1206,3.3022,3.9829000000000003,4.0518
11816:0.0502,0.1487,0.39080000000000004,1.195,1.2585,1.8999000000000001,1.9368,2.7479,3.5328000000000004
11832:0.6427,0.6716000000000001,0.7008,0.7202000000000001,0.7465,0.775,0.7888000000000001,0.8121,0.8361000000000001,0.8526,0.8988,0.9165000000000001,0.9299000000000001,0.9844,1.0266,1.1229,1.4191,1.4386,1.4841,1.5042,1.5184,1.5375,1.5704,1.6377000000000002,1.6740000000000002,2.2199,2.2548,2.2843,2.2968,2.3188,2.3515,2.3746,2.3931,2.4148,2.4408000000000003,2.4754,3.0008000000000004,3.0347,3.0925000000000002,3.1053,3.1256,3.1457,3.18,3.2084,3.2311,3.2508000000000004,3.2709,3.2894,3.3043,3.3371,3.3551,3.3864,3.6825,3.7434000000000003,3.8169000000000004,3.8595,3.9076000000000004,3.9240000000000004,3.9635000000000002,3.9967,4.033
11840:0.0327,0.053700000000000005,0.0989,0.1119,0.12760000000000002,0.1514,0.18430000000000002,0.2064,0.2338,0.24230000000000002,0.2636,0.30560000000000004,0.3146,0.3659,0.3771,0.39630000000000004,0.42410000000000003,0.445,0.4685,0.4782,1.0743,1.1619000000000002,1.1973,1.2192,1.2463,1.272,1.8055,1.8441,1.8583,1.9034,1.9249,1.9557,1.9782000000000002,2.0082,2.0502000000000002,2.0781,2.1104000000000003,2.6607000000000003,2.6887000000000003,2.7041,2.7272000000000003,2.7354000000000003,2.7693000000000003,2.8003,2.8182,2.8339000000000003,2.8445,2.8947000000000003,3.5174000000000003,3.5333,3.5523000000000002,3.5625,3.5873000000000004,3.6098000000000003,3.6215,3.6408,3.6557000000000004,3.6894
11861:0.7234,0.7965,0.9219,1.5771000000000002,1.6539000000000001,2.3482000000000003,2.4951000000000003,3.2389,3.8714000000000004,3.9231000000000003,4.0464
12057:0.4898,0.5216000000000001,0.5523,0.5799000000000001,0.6091,0.6454000000000001,0.6801,0.7159,0.7522000000000001,0.787,0.8251000000000001,0.8570000000000001,0.892,0.9293,0.9605,0.9916,1.0313,1.0594000000000001,1.097,1.1788,1.2327000000000001,1.2786,1.3126,1.3357,1.366,1.3946,1.4209,1.4697,1.5082,1.5367000000000002,1.5701,1.6098000000000001,1.6436000000000002,1.6824000000000001,1.7185000000000001,1.7448000000000001,1.7697,1.8064,2.0669,2.1031,2.1342000000000003,2.1692,2.1995,2.2446,2.2804,2.3094,2.3598,2.3868,2.4204000000000003,2.4655,2.4948,2.5215,2.5460000000000003,2.5714,2.6014,2.6470000000000002,2.8218,2.8568000000000002,2.9042000000000003,2.9312,2.9642,3.0026,3.0393000000000003,3.0773,3.1153,3.1582000000000003,3.1949,3.2305,3.2625,3.2906,3.3235,3.3482000000000003,3.3840000000000003,3.4172000000000002,3.4593000000000003,3.5428,3.6369000000000002,3.6813000000000002,3.729,3.7647000000000004,3.8004000000000002,3.8388,3.8862,3.9197,3.9618,3.994,4.0213,4.0698,4.1039,4.1431000000000004
12097:1.6386,4.043200000000001
12194:0.0726,0.333,0.45280000000000004,0.6987,2.0226,2.7196000000000002,2.7979000000000003,2.9927,3.5612000000000004,3.9970000000000003
12308:0.041,0.054700000000000006,0.06330000000000001,0.23270000000000002,0.23870000000000002,0.2545,0.3189,0.3279,0.3622,0.4318,0.43970000000000004,0.4791,1.2233,1.8813000000000002,1.9338000000000002,2.0121,2.0195000000000003,2.7023,2.7106000000000003,2.7159,2.7537000000000003,2.7645,2.7887,2.7934,2.8494,2.8543000000000003,2.8896,3.5354,3.5425,3.5625,3.5944000000000003,3.6260000000000003,3.6647000000000003
12617:0.5541,0.6106,0.6361,0.6693,0.7058,0.7279,0.756,0.7824,0.8174,0.8555,0.8908,0.9327000000000001,0.9593,0.9848,1.0212,1.0484,1.0958,1.3173000000000001,1.3515000000000001,1.3815000000000002,1.4064,1.4252,1.4672,1.492,1.5197,1.5517,1.5812000000000002,1.645,1.6887,1.7204000000000002,1.7453,2.1473,2.1861,2.2056,2.257,2.3327,2.3615,2.3796,2.4164000000000003,2.4552,2.4827,2.5061,2.943,2.9757000000000002,3.0060000000000002,3.0483000000000002,3.0743,3.1169000000000002,3.1353,3.1734,3.2012,3.2278000000000002,3.2535000000000003,3.2773000000000003,3.2999,3.7265,3.7657000000000003,3.814,3.8405,3.8866,3.9082000000000003,3.9312,3.9673000000000003,4.0012,4.0609,4.0994,4.1366000000000005
12639:0.5605,0.5775,0.5913,0.6049,0.6123000000000001,0.6233000000000001,0.6324000000000001,0.6434000000000001,0.6588,0.6691,0.6816,0.6925,0.7053,0.7215,0.7348,0.744,0.7663000000000001,0.7779,0.7919,0.8011,0.8212,0.8303,0.8403,0.8491000000000001,0.8596,0.8806,0.8897,0.907,0.9174,0.9244,0.937,0.9477000000000001,0.9597,0.9767,0.9916,1.0012,1.0218,1.0343,1.0516,1.0847,1.1009,1.3190000000000002,1.3363,1.354,1.362,1.3755000000000002,1.3849,1.4004,1.4123,1.4275,1.4375,1.4607,1.4722000000000002,1.48,1.4909000000000001,1.5098,1.5212,1.5295,1.5427000000000002,1.5618,1.5746,1.5841,1.5969,1.6165,1.6319000000000001,1.6457000000000002,1.663,1.6709,1.6892,1.7031,1.7223000000000002,1.7349,1.7443000000000002,1.7627000000000002,1.7958,2.1349,2.1503,2.1609000000000003,2.1706000000000003,2.1836,2.1969000000000003,2.2145,2.2242,2.2435,2.2511,2.2613000000000003,2.2764,2.2846,2.2944,2.3111,2.3189,2.3324000000000003,2.3397,2.3544,2.3644000000000003,2.3802000000000003,2.391,2.3977,2.414,2.4254000000000002,2.4391000000000003,2.4541,2.4687,2.4781,2.4897,2.4993000000000003,2.5135,2.5302000000000002,2.5429,2.5501,2.575,2.5902000000000003,2.9250000000000003,2.9448000000000003,2.9598,2.968,2.9787000000000003,3.0003,3.0112,3.0265,3.0353000000000003,3.0513000000000003,3.0628,3.0716,3.0853,3.1028000000000002,3.112,3.1311,3.1432,3.1531000000000002,3.1666000000000003,3.1853000000000002,3.1936,3.2065,3.2178,3.234,3.2507,3.2629,3.2723,3.2859000000000003,3.2949,3.3048,3.3129,3.326,3.3417000000000003,3.3505000000000003,3.3755,3.3902,3.4037,3.4144,3.6913,3.7066000000000003,3.7237,3.7363000000000004,3.7511,3.7626000000000004,3.7721,3.7928,3.8022,3.8150000000000004,3.8292,3.8443,3.8527,3.8618,3.8728000000000002,3.8863000000000003,3.8956000000000004,3.9054,3.9165,3.9288000000000003,3.9481,3.959,3.9752,3.9869000000000003,3.9981,4.0083,4.0167,4.0454,4.061100000000001,4.0837,4.1025,4.121,4.1299,4.1393
12768:0.0234,0.043500000000000004,0.0555,0.0695,0.0806,0.08940000000000001,0.10300000000000001,0.12250000000000001,0.1421,0.1631,0.1841,0.1996,0.226,0.2417,0.26680000000000004,0.2918,0.3063,0.3301,0.35100000000000003,0.3673,0.3915,0.42160000000000003,0.4444,0.46950000000000003,0.4933,0.5087,0.5397000000000001,0.5736,0.6091,0.6394000000000001,0.6742,0.6985,0.7509,0.7774000000000001,0.8442000000000001,0.8914000000000001,0.9488000000000001,0.9681000000000001,1.0376,1.0473000000000001,1.0892,1.1217000000000001,1.1494,1.175,1.2057,1.2201,1.2385000000000002,1.2489000000000001,1.2734,1.2917,1.3184,1.3402,1.3736000000000002,1.4211,1.4682000000000002,1.4803000000000002,1.5204,1.562,1.6028,1.6312,1.679,1.7224000000000002,1.7496,1.7575,1.7784,1.8009000000000002,1.8185,1.8382,1.8521,1.8684,1.8865,1.9067,1.9200000000000002,1.9401000000000002,1.9532,1.9797,2.0013,2.0263,2.0607,2.0846,2.0980000000000003,2.1431,2.1742,2.197,2.2403,2.2568,2.2874000000000003,2.363,2.4099,2.4404,2.4982,2.5287,2.5612,2.5902000000000003,2.6043000000000003,2.6259,2.6428000000000003,2.6708000000000003,2.6921,2.7145,2.7275,2.7436000000000003,2.7612,2.7801,2.7921,2.8071,2.8221000000000003,2.8349,2.8586,2.8762000000000003,2.8975,2.9437,2.9573,2.9714,3.0103,3.0631,3.0844,3.1430000000000002,3.1951,3.2327000000000004,3.3037,3.329,3.3776,3.4114,3.4445,3.4626,3.4806000000000004,3.4912,3.5161000000000002,3.5357000000000003,3.5503,3.5572000000000004,3.5802,3.6022000000000003,3.6345,3.664,3.68,3.7008,3.7341,3.7747,3.7914000000000003,3.8603,3.9077,3.9612000000000003,3.9872,4.0131000000000006,4.0497000000000005,4.0742,4.1078,4.1247,4.1355
12792:0.2404,0.3493,1.2399,1.9708,2.7586,2.8431
12903:0.033,0.0579,0.1048,0.1317,0.1578,0.1797,0.20720000000000002,0.2389,0.2627,0.29560000000000003,0.3168,0.3547,0.3764,0.4012,0.42650000000000005,0.4732,0.5044000000000001,0.6955,0.8625,1.0709,1.1891,1.2182,1.2509000000000001,1.2785,1.5395,1.8443,1.8655000000000002,1.9076000000000002,1.9280000000000002,1.9677,1.9882000000000002,2.0109,2.0497,2.1077,2.4607,2.6658,2.6961,2.7155,2.7432000000000003,2.7726,2.7961,2.8309,2.8921,3.1134,3.2455000000000003,3.3115,3.5038,3.5229000000000004,3.5426,3.5612000000000004,3.5962,3.6232,3.6499
12910:0.049100000000000005,0.065,0.443,0.5657,1.0794000000000001,1.1631,1.1936,1.6011,1.8880000000000001,1.9361000000000002,2.0165,2.1402,2.6934,2.7175000000000002,3.1007000000000002,3.4837000000000002,3.5498000000000003,3.6648,3.7162,3.7948000000000004
13372:0.5148,0.5282,0.5595,0.5789000000000001,0.5871000000000001,0.6122000000000001,0.6326,0.6578,0.6736000000000001,0.7006,0.7220000000000001,0.7431,0.7717,0.7879,0.8075,0.8279000000000001,0.8484,0.8895000000000001,0.9111,0.9242,0.9497000000000001,0.9760000000000001,0.9919,1.0130000000000001,1.0376,1.0546,1.0945,1.1178000000000001,1.1569,1.1853,1.2901,1.3011000000000001,1.3283,1.3469,1.3649,1.4066,1.4152,1.4298,1.4685000000000001,1.4923000000000002,1.5136,1.5246000000000002,1.5611000000000002,1.5809,1.5914000000000001,1.6048,1.6357000000000002,1.6722000000000001,1.7062000000000002,1.7409000000000001,1.7639,1.7762,1.8083,2.0836,2.0975,2.1388000000000003,2.1623,2.1852,2.1986,2.2186,2.2513,2.2763,2.287,2.3135,2.3331,2.3600000000000003,2.3837,2.3930000000000002,2.4059,2.4189000000000003,2.4472,2.4747,2.536,2.5522,2.5686,2.5904000000000003,2.6218,2.6479,2.9086000000000003,2.9293,2.9615,2.9991000000000003,3.0114,3.0344,3.0818000000000003,3.1046,3.1344000000000003,3.1632000000000002,3.1868000000000003,3.1950000000000003,3.2102,3.2201,3.2308000000000003,3.2412,3.2606,3.2862,3.2960000000000003,3.3055000000000003,3.3125,3.3492,3.3626,3.3836,3.4136,3.4403,3.4982,3.669,3.6934,3.7334,3.7505,3.7741000000000002,3.813,3.8552000000000004,3.8881,3.9041,3.9195,3.9584,3.9886000000000004,4.0129,4.0844000000000005,4.118,4.141900000000001
13376:0.5754,0.61,0.6588,0.6765,0.6998000000000001,0.7260000000000001,0.7569,0.776,0.8176,0.8395,0.8666,0.8989,0.9211,0.9431,0.9976,1.024,1.3962,1.4319000000000002,1.488,1.498,1.5338,1.6369,1.6636000000000002,1.6866,1.729,2.1642,2.1729000000000003,2.2118,2.2314000000000003,2.2742,2.3132,2.3339000000000003,2.3599,2.3785000000000003,2.4146,2.4302,2.4645,2.4874,2.5034,2.9343000000000004,2.9933,3.0116,3.0305,3.063,3.0967000000000002,3.1232,3.1443000000000003,3.1806,3.2186000000000003,3.2283,3.2473,3.2607000000000004,3.2802000000000002,3.3306,3.3506,3.3918000000000004,3.7167000000000003,3.7518000000000002,3.7709,3.7901000000000002,3.8118000000000003,3.8585000000000003,3.8848000000000003,3.9046000000000003,3.9427000000000003,3.9624,3.9853,4.0138,4.0332,4.0484
13536:0.0403,0.0597,0.1241,0.19990000000000002,0.23520000000000002,0.2742,0.3387,0.38620000000000004,0.42500000000000004,0.446,0.4751,0.5053,0.5117,0.5483,0.5779000000000001,0.6051000000000001,0.6302,0.6353,0.6587000000000001,0.6729,0.6898000000000001,0.7181000000000001,0.7306,0.7446,0.7766000000000001,0.8013,0.8314,0.8364,0.8539,0.8635,0.8716,0.8906000000000001,0.9258000000000001,0.9346000000000001,0.9520000000000001,0.9597,0.9775,0.9892000000000001,1.0170000000000001,1.0279,1.0327,1.0586,1.0676,1.0748,1.1064,1.111,1.1474,1.1738,1.2075,1.243,1.2908000000000002,1.2989000000000002,1.3304,1.363,1.3711,1.3759000000000001,1.3837000000000002,1.4037000000000002,1.4121000000000001,1.4368,1.4698,1.5219,1.5417,1.5501,1.5751000000000002,1.5951000000000002,1.6077000000000001,1.629,1.6398000000000001,1.6556000000000002,1.6657000000000002,1.6838000000000002,1.7041000000000002,1.7364000000000002,1.7709000000000001,1.8058,1.8421,1.8705,1.9069,1.9601000000000002,1.9707000000000001,2.0098000000000003,2.015,2.0597000000000003,2.0766,2.0851,2.1068000000000002,2.1135,2.1324,2.1542,2.1796,2.1898,2.2159,2.249,2.2564,2.2754000000000003,2.2826,2.2867,2.3132,2.3367,2.3626,2.3903000000000003,2.4169,2.4370000000000003,2.4458,2.4626,2.4978000000000002,2.5033000000000003,2.5283,2.5469,2.5842,2.6298,2.6582000000000003,2.6644,2.6851000000000003,2.7056,2.7103,2.7648,2.8178,2.8454,2.8638000000000003,2.8977,2.9074,2.9347000000000003,2.9717000000000002,2.9989000000000003,3.0063,3.0331,3.0514,3.059,3.0695,3.0745,3.0815,3.1045000000000003,3.1272,3.1412,3.1457,3.1632000000000002,3.1682,3.1772,3.1975000000000002,3.2089000000000003,3.2335000000000003,3.2629,3.2920000000000003,3.3102,3.3515,3.3614,3.3883,3.4132000000000002,3.4419,3.4628,3.4885,3.5203,3.5285,3.5816000000000003,3.6277000000000004,3.6486,3.6532,3.6888,3.6935000000000002,3.7276000000000002,3.7454,3.7671,3.7974,3.8233,3.854,3.8933,3.9025000000000003,3.9224,3.9366000000000003,3.9546,3.9882000000000004,3.996,4.0141,4.0242,4.0425,4.053,4.0847,4.1131,4.1348
13783:3.5496000000000003
13833:0.0002,0.0029000000000000002,0.0043,0.0089,0.0092,0.0102,0.011600000000000001,0.0173,0.031,0.0386,0.041800000000000004,0.0436,0.045200000000000004,0.049800000000000004,0.056400000000000006,0.06760000000000001,0.07970000000000001,0.08170000000000001,0.08320000000000001,0.0911,0.0916,0.0961,0.10400000000000001,0.116,0.1197,0.125,0.14800000000000002,0.155,0.1552,0.1563,0.1665,0.1686,0.1917,0.19190000000000002,0.1942,0.19440000000000002,0.1956,0.1995,0.2021,0.2064,0.2149,0.21530000000000002,0.2238,0.22840000000000002,0.231,0.2326,0.24130000000000001,0.25,0.2526,0.2594,0.2711,0.2772,0.2818,0.3022,0.30510000000000004,0.3205,0.3219,0.3231,0.3305,0.33530000000000004,0.3365,0.3373,0.3426,0.3678,0.3698,0.373,0.3738,0.376,0.37620000000000003,0.38280000000000003,0.3916,0.3947,0.4087,0.4151,0.4192,0.4244,0.42500000000000004,0.42750000000000005,0.4284,0.438,0.4454,0.44570000000000004,0.46330000000000005,0.4665,0.46780000000000005,0.4863,0.5012,0.5068,0.519,0.5195000000000001,0.5245000000000001,0.5316000000000001,0.5358,0.5446,0.545,0.5591,0.9624,1.0176,1.032,1.0527,1.0596,1.0606,1.0684,1.0741,1.075,1.1089,1.1138000000000001,1.1198000000000001,1.1321,1.1414,1.1715,1.1725,1.1727,1.1742000000000001,1.1813,1.1838,1.1868,1.1891,1.198,1.2068,1.2156,1.2264000000000002,1.2276,1.2288000000000001,1.237,1.2391,1.2586000000000002,1.2739,1.2907,1.3051000000000001,1.3176,1.3284,1.3403,1.3617000000000001,1.7043000000000001,1.7080000000000002,1.7255,1.7487000000000001,1.7714,1.7819,1.7879,1.7973000000000001,1.8104,1.8307,1.8353000000000002,1.8372000000000002,1.8384,1.8422,1.8522,1.8525,1.8648,1.8669,1.8894000000000002,1.8999000000000001,1.9094,1.9131,1.9222000000000001,1.9255,1.9284000000000001,1.9291,1.9328,1.9388,1.9442000000000002,1.9469,1.9582000000000002,1.9775,1.9811,1.9895,1.9918,1.995,2.0005,2.0064,2.0115000000000003,2.0223,2.0284,2.0317000000000003,2.0368,2.0457,2.0461,2.0492,2.0563000000000002,2.0715,2.075,2.0843000000000003,2.0905,2.0908,2.1219,2.1326,2.1454,2.564,2.5648,2.5745,2.6148000000000002,2.6259,2.6310000000000002,2.6399,2.6431,2.6479,2.6531000000000002,2.6575,2.6595,2.6677,2.6717,2.6918,2.7006,2.7076000000000002,2.7113,2.7125,2.7141,2.7470000000000003,2.7521,2.7607,2.7647,2.7688,2.7773000000000003,2.7847,2.7868,2.7893000000000003,2.79,2.8038000000000003,2.8045,2.8057000000000003,2.8413,2.842,2.8767,2.9263000000000003,2.9265000000000003,3.3427000000000002,3.3688000000000002,3.3912,3.3930000000000002,3.4019000000000004,3.4372000000000003,3.4437,3.4511000000000003,3.4589000000000003,3.4688000000000003,3.4717000000000002,3.4730000000000003,3.4786,3.4929,3.5177,3.5287,3.5331,3.5467,3.5495,3.5528,3.5544000000000002,3.5568,3.5626,3.5654000000000003,3.5716,3.5768,3.5919000000000003,3.64,3.6449000000000003,3.6544000000000003,3.6593,3.6649000000000003,3.6892,3.6951,3.7077,3.7092,4.1117,4.1249
14249:0.0218,1.129,2.6002
14323:0.0148,0.0275,0.0431,0.0536,0.0711,0.0874,0.1004,0.11410000000000001,0.1285,0.14200000000000002,0.1559,0.168,0.1802,0.1923,0.20450000000000002,0.2185,0.22970000000000002,0.24050000000000002,0.2575,0.2712,0.2836,0.29760000000000003,0.3093,0.3277,0.34290000000000004,0.3547,0.368,0.3806,0.3977,0.4147,0.4293,0.4413,0.45830000000000004,0.4752,0.4918,0.5039,0.5225000000000001,0.5408000000000001,1.1158000000000001,1.1344,1.1477000000000002,1.1665,1.1802000000000001,1.1992,1.2154,1.229,1.2419,1.2590000000000001,1.2879,1.7986,1.8170000000000002,1.8370000000000002,1.8611000000000002,1.877,1.8877000000000002,1.9002000000000001,1.9135000000000002,1.9258000000000002,1.9405000000000001,1.9544000000000001,1.9672,1.9798,1.9911,2.0041,2.0188,2.0329,2.0451,2.0638,2.085,2.6207000000000003,2.6338,2.6567000000000003,2.6708000000000003,2.6881,2.7001,2.7143,2.7255000000000003,2.737,2.7508,2.7653000000000003,2.7822,2.7953,2.8102,2.8262,2.8377000000000003,2.8567,2.8779000000000003,2.8974,3.4444000000000004,3.4643,3.4773,3.4957000000000003,3.5121,3.5248000000000004,3.5387,3.5537,3.5699,3.587,3.6026000000000002,3.6208,3.6357000000000004,3.6576
14415:0.5972000000000001,0.6159,0.6375000000000001,0.6626000000000001,0.6848000000000001,0.7249,0.7471,0.7811,0.8106,0.8347,0.8531000000000001,0.8916000000000001,0.9266000000000001,0.9511000000000001,0.9962000000000001,1.3805,1.4159000000000002,1.4411,1.4743000000000002,1.5156,1.5470000000000002,1.5785,1.6047,1.6479000000000001,1.6763000000000001,1.7082000000000002,1.7486000000000002,2.1666000000000003,2.1993,2.2511,2.2818,2.3218,2.3425000000000002,2.3673,2.3969,2.4283,2.4601,2.4851,2.5046,2.5351,2.5553,2.9703,3.0076,3.0371,3.0685000000000002,3.1099,3.1464000000000003,3.1927000000000003,3.2136,3.2412,3.2744,3.2992000000000004,3.3164000000000002,3.3538,3.4193000000000002,3.7441,3.7661000000000002,3.8052,3.8332,3.8579000000000003,3.8788,3.9023000000000003,3.9204000000000003,3.9555000000000002,3.9811,4.0033,4.0221,4.0659,4.142
14484:1.304
14630:0.0233,0.0521,0.0636,0.0755,0.1492,0.18130000000000002,0.2092,0.23700000000000002,0.2441,0.25930000000000003,0.2691,0.2768,0.3129,0.3315,0.3987,0.43710000000000004,0.4466,0.4867,0.5026,1.1308,1.183,1.2108,1.2201,1.23,1.2696,1.8888,1.9539000000000002,1.9866000000000001,2.0102,2.0334000000000003,2.0423,2.1806,2.7017,2.7122,2.7184,2.7536,2.7653000000000003,2.7827,2.791,2.8326000000000002,2.846,2.8658,2.8884000000000003,3.4915000000000003,3.5033000000000003,3.5251,3.5341,3.5412000000000003,3.5608,3.5667,3.6111
14649:0.6364000000000001,0.6821,0.7105,0.7524000000000001,0.7888000000000001,0.8398,0.8599,0.9163,0.9529000000000001,0.9829,1.4268,1.4878,1.5277,1.5676,1.5885,1.6417000000000002,1.6951,2.2145,2.2308,2.2729,2.3012,2.3426,2.3806000000000003,2.4257,2.4751000000000003,2.49,2.5166,2.9885,3.0398,3.0759000000000003,3.1140000000000003,3.1783,3.2307,3.2714000000000003,3.3032000000000004,3.7880000000000003,3.8192000000000004,3.8593,3.8920000000000003,3.9174,3.9577,3.9824,4.0375000000000005
14664:0.0007,0.004200000000000001,0.0044,0.005200000000000001,0.011600000000000001,0.0175,0.0188,0.0359,0.0388,0.055200000000000006,0.057100000000000005,0.0659,0.07050000000000001,0.0709,0.0719,0.08660000000000001,0.0883,0.0918,0.0921,0.0942,0.0951,0.1028,0.1101,0.1145,0.11960000000000001,0.12010000000000001,0.1369,0.1399,0.1439,0.14780000000000001,0.1568,0.157,0.1615,0.16540000000000002,0.167,0.1715,0.18710000000000002,0.1932,0.1991,0.2061,0.20770000000000002,0.2154,0.22,0.2205,0.23570000000000002,0.2366,0.2429,0.2432,0.2439,0.24710000000000001,0.24750000000000003,0.24980000000000002,0.2511,0.2536,0.2555,0.2612,0.26230000000000003,0.2692,0.2727,0.2772,0.2806,0.29460000000000003,0.2992,0.3007,0.3115,0.3269,0.3361,0.33680000000000004,0.3373,0.3477,0.34800000000000003,0.3534,0.3627,0.3648,0.3687,0.3689,0.3754,0.37820000000000004,0.3804,0.3855,0.3859,0.3915,0.4164,0.41800000000000004,0.4214,0.4325,0.43820000000000003,0.44480000000000003,0.446,0.44630000000000003,0.45890000000000003,0.4782,0.4863,0.4932,0.5082,0.5212,0.54,0.5519000000000001,0.5714,1.0018,1.0235,1.0277,1.0491000000000001,1.0576,1.0684,1.0887,1.0967,1.1027,1.1036000000000001,1.1121,1.1219000000000001,1.1273,1.1348,1.1518000000000002,1.1536,1.1556,1.1627,1.1757,1.1825,1.2003000000000001,1.208,1.2095,1.2148,1.2206000000000001,1.2246000000000001,1.23,1.2303,1.2354,1.2373,1.246,1.2472,1.2648000000000001,1.2695,1.2768000000000002,1.2770000000000001,1.2801,1.2843,1.2896,1.3143,1.3262,1.3408,1.3607,1.3758000000000001,1.3998000000000002,1.7546000000000002,1.7647000000000002,1.8015,1.8039,1.8069000000000002,1.8330000000000002,1.8431000000000002,1.8643,1.8705,1.8779000000000001,1.8978000000000002,1.9002000000000001,1.9011,1.9034,1.9077000000000002,1.9092,1.9095000000000002,1.9203000000000001,1.9249,1.9272,1.9311,1.9316,1.9378000000000002,1.9536,1.9597,1.9633,1.9697,1.9744000000000002,1.9854,1.9886000000000001,1.993,2.0142,2.0193000000000003,2.0301,2.0479000000000003,2.0518,2.0782000000000003,2.088,2.0886,2.0955,2.125,2.1354,2.1371,2.1741,2.5075000000000003,2.5144,2.5234,2.5371,2.5625,2.5861,2.5947,2.5964,2.5998,2.6267,2.6329000000000002,2.6348000000000003,2.6367000000000003,2.6391,2.6413,2.6508000000000003,2.6616,2.6623,2.6734,2.6761,2.6768,2.6958,2.7095000000000002,2.7102,2.7207000000000003,2.7310000000000003,2.7417000000000002,2.7419000000000002,2.7430000000000003,2.7590000000000003,2.7631,2.8074000000000003,2.8133000000000004,2.8138,2.8155,2.8184,2.8314,2.8476000000000004,2.8525,2.8743000000000003,2.8747000000000003,2.8906,2.9118,2.9133,3.3738,3.382,3.3962000000000003,3.4116,3.4172000000000002,3.4219000000000004,3.4304,3.4372000000000003,3.4425000000000003,3.4553000000000003,3.458,3.474,3.4879000000000002,3.4933,3.5020000000000002,3.5063,3.5085,3.5097,3.5281000000000002,3.5342000000000002,3.5518,3.5664000000000002,3.5682,3.5731,3.5842,3.5864000000000003,3.5993000000000004,3.6191,3.6215,3.6364,3.6536,3.6634,3.7446,4.0858,4.0956,4.1206000000000005,4.1208,4.1417
14695:0.0004,0.0039000000000000003,0.036000000000000004,0.0396,0.039900000000000005,0.0403,0.0511,0.06420000000000001,0.0645,0.0692,0.08700000000000001,0.08950000000000001,0.0908,0.1014,0.10490000000000001,0.109,0.1119,0.11950000000000001,0.1241,0.1327,0.13770000000000002,0.1427,0.1442,0.1467,0.14800000000000002,0.1578,0.159,0.1763,0.1827,0.1834,0.199,0.20770000000000002,0.20800000000000002,0.2157,0.2195,0.2247,0.229,0.2441,0.2457,0.2546,0.25930000000000003,0.2649,0.2659,0.2672,0.26830000000000004,0.2712,0.2717,0.2904,0.2916,0.3012,0.30560000000000004,0.3325,0.3336,0.34090000000000004,0.3417,0.3643,0.3653,0.3688,0.3694,0.3724,0.3729,0.37470000000000003,0.3779,0.3811,0.3866,0.3986,0.39930000000000004,0.4072,0.41190000000000004,0.41390000000000005,0.4142,0.4153,0.4209,0.42450000000000004,0.42500000000000004,0.4282,0.4338,0.44020000000000004,0.45480000000000004,0.4555,0.46040000000000003,0.4696,0.47350000000000003,0.48000000000000004,0.4808,0.4812,0.4888,0.49960000000000004,0.5204,0.5217,0.5283,0.5868,1.0324,1.0548,1.0555,1.0569,1.0737,1.0757,1.1039,1.1063,1.1072,1.1121,1.1226,1.1287,1.1398000000000001,1.1426,1.1468,1.1563,1.1638,1.1706,1.1746,1.1765,1.1782000000000001,1.1855,1.2321,1.236,1.2533,1.2614,1.2649000000000001,1.2736,1.2777,1.296,1.3208,1.3475000000000001,1.7153,1.7332,1.7699,1.7797,1.7963,1.7995,1.8048000000000002,1.8072000000000001,1.8286,1.8335000000000001,1.8424,1.8498,1.8563,1.8675000000000002,1.8684,1.8867,1.9055000000000002,1.9127,1.913,1.9254,1.9356,1.9449,1.9493,1.9643000000000002,1.9661000000000002,1.9673,1.9802000000000002,1.9855,1.9925000000000002,1.9982000000000002,1.9996,2.0042,2.0057,2.0145,2.0171,2.0174000000000003,2.0266,2.0361000000000002,2.0707,2.0738000000000003,2.077,2.0837,2.0867,2.1165000000000003,2.5022,2.5466,2.5561000000000003,2.5660000000000003,2.5729,2.5919000000000003,2.5966,2.5971,2.6156,2.6187,2.6336,2.6341,2.6399,2.6521000000000003,2.653,2.6724,2.6853000000000002,2.6897,2.7056,2.7089000000000003,2.7098,2.7205,2.7311,2.7329000000000003,2.7339,2.7368,2.7378,2.742,2.7464,2.7533000000000003,2.7591,2.7627,2.7727,2.7738,2.7861000000000002,2.7989,2.8111,2.8160000000000003,2.8203,2.8216,2.8321,2.8481,2.8509,2.8645,2.8684000000000003,2.8912,2.9250000000000003,2.9296,2.9426,3.3135000000000003,3.3197,3.3308,3.346,3.3673,3.3847,3.3983000000000003,3.4034,3.4129,3.4165,3.43,3.4593000000000003,3.4598,3.4770000000000003,3.4922,3.5063,3.5082,3.5108,3.5299,3.5453,3.5482,3.5499,3.555,3.5644,3.5681000000000003,3.5715000000000003,3.577,3.5792,3.5817,3.5900000000000003,3.6197000000000004,3.6220000000000003,3.6387,3.6483000000000003,3.6564,3.6591,3.6681000000000004,3.6832000000000003,4.0501000000000005,4.0677,4.1014,4.1044,4.1115,4.1325,4.1407
14829:0.5835,0.6216,0.6815,0.7895000000000001,0.8499,0.9404,1.3471,1.437,1.5148000000000001,1.5318,1.5897000000000001,1.6377000000000002,1.709,2.2178,2.2635,2.2857000000000003,2.3377000000000003,2.3899,2.4384,2.5486,3.0275000000000003,3.1483000000000003,3.2720000000000002,3.3001,3.327,3.3560000000000003,3.7722,3.9077,3.9723,4.0120000000000005
14979:0.0313,0.068,0.11,0.1484,0.1757,0.2144,0.2612,0.33030000000000004,0.38,0.4413,0.49560000000000004,0.53,0.5706,0.6064,0.9551000000000001,1.0309000000000001,1.0599,1.0971,1.1593,1.1945000000000001,1.233,1.2649000000000001,1.2946,1.3289,1.3575000000000002,1.4119000000000002,1.5804,1.7066000000000001,1.7642,1.7972000000000001,1.8584,1.9164,1.9531,2.0128,2.0660000000000003,2.1028000000000002,2.1356,2.2264,2.4382,2.5236,2.5477000000000003,2.5722,2.6100000000000003,2.6475,2.7075,2.7514000000000003,2.8143000000000002,2.8419000000000003,2.887,2.9214,2.9677000000000002,3.1876,3.2938,3.3473,3.3865000000000003,3.4272,3.4715000000000003,3.5020000000000002,3.5404,3.5799000000000003,3.6302000000000003,3.6711,3.7082,3.7658,4.020700000000001,4.0862,4.1336
14999:0.1012,0.1842,0.3564,2.2928,2.7064,3.3317
15120:0.009000000000000001,0.0199,0.028300000000000002,0.038200000000000005,0.0461,0.0538,0.0632,0.07250000000000001,0.0801,0.09050000000000001,0.0993,0.1087,0.1158,0.1246,0.1331,0.1408,0.15,0.15910000000000002,0.16740000000000002,0.17470000000000002,0.1841,0.1915,0.203,0.2104,0.21930000000000002,0.22710000000000002,0.2363,0.24730000000000002,0.2574,0.26580000000000004,0.2747,0.2852,0.2954,0.3039,0.31370000000000003,0.3244,0.33390000000000003,0.3417,0.3493,0.3602,0.3687,0.3775,0.3855,0.3937,0.402,0.4121,0.4213,0.43110000000000004,0.4394,0.4485,0.4616,0.4708,0.48460000000000003,0.49450000000000005,0.5036,0.5179,0.5342,0.5605,0.5812,0.5989,0.7603000000000001,0.8438,0.9392,0.9994000000000001,1.0168000000000001,1.0298,1.0448,1.0575,1.0681,1.091,1.1063,1.1152,1.1265,1.1346,1.1426,1.1513,1.1601000000000001,1.1699000000000002,1.1794,1.1899,1.2018,1.2125000000000001,1.2242,1.2321,1.2409000000000001,1.2525000000000002,1.2633,1.2731000000000001,1.2864,1.3011000000000001,1.3268,1.3383,1.3473000000000002,1.3946,1.4501000000000002,1.6674,1.7046000000000001,1.7213,1.7335,1.7506000000000002,1.7622,1.7776,1.7894,1.8029000000000002,1.8122,1.8247,1.8331000000000002,1.8447,1.8575000000000002,1.8647,1.8752000000000002,1.8828,1.8902,1.8997000000000002,1.9063,1.9144,1.9235,1.9327,1.9413,1.9507,1.9602000000000002,1.9691,1.979,1.9878,1.9982000000000002,2.007,2.0166,2.0303,2.0419,2.0544000000000002,2.0651,2.0783,2.0905,2.1049,2.1223,2.1426000000000003,2.1667,2.1904,2.4341,2.5122,2.5259,2.5561000000000003,2.5721000000000003,2.5835,2.5932,2.6071,2.6206,2.6313,2.6402,2.6506000000000003,2.6594,2.6676,2.6775,2.6877,2.6966,2.7057,2.7134,2.7214,2.7322,2.7412,2.7489000000000003,2.7592000000000003,2.7676000000000003,2.7778,2.7851000000000004,2.7985,2.8079,2.8197,2.8304,2.8404000000000003,2.8520000000000003,2.8633,2.8762000000000003,2.8942,2.9158,2.9349000000000003,2.9531,3.1397,3.1864000000000003,3.3120000000000003,3.3407,3.367,3.3818,3.403,3.4126000000000003,3.4275,3.4385000000000003,3.4486000000000003,3.4603,3.4708,3.4789000000000003,3.4890000000000003,3.4973,3.5103,3.5217,3.5292000000000003,3.5388,3.5487,3.5563000000000002,3.5687,3.577,3.5868,3.5952,3.6083000000000003,3.6184000000000003,3.6284,3.6381,3.6517000000000004,3.6671,3.6815,3.6958,3.7178,3.7355,3.7579000000000002,3.822,3.9489,4.091600000000001,4.1055,4.1171,4.1299,4.1426
15166:0.0297,0.065,0.0734,0.09530000000000001,0.1078,0.1469,0.1951,0.23700000000000002,0.2822,0.3098,0.3562,0.4244,0.43910000000000005,0.48140000000000005,0.524,0.5740000000000001,0.6406000000000001,0.6838000000000001,0.7547,0.7953,0.8270000000000001,0.8618,0.8992,0.9511000000000001,1.0423,1.1008,1.1229,1.198,1.2093,1.2612,1.3167,1.3804,1.4271,1.476,1.5250000000000001,1.5778,1.6117000000000001,1.647,1.6867,1.7217,1.7546000000000002,1.8675000000000002,1.9419000000000002,1.9519000000000002,1.9762000000000002,2.0214000000000003,2.0481000000000003,2.0968,2.1671,2.1974,2.2544,2.2914000000000003,2.3348,2.3665000000000003,2.4082,2.4448000000000003,2.4912,2.5336000000000003,2.5664000000000002,2.6068000000000002,2.7121,2.7224,2.7446,2.7724,2.7852,2.8344,2.8777,2.9244000000000003,2.9392,2.9666,3.0021,3.0704000000000002,3.1112,3.1561000000000003,3.2032000000000003,3.2261,3.2523,3.2872000000000003,3.3343000000000003,3.3983000000000003,3.4292000000000002,3.4932000000000003,3.5221,3.5441000000000003,3.5634,3.6036,3.7916000000000003,3.8442000000000003,3.9109000000000003,3.9716,4.0026,4.0600000000000005,4.1148,4.1346
15463:2.4358,3.1848
15787:0.009000000000000001,0.0204,0.024900000000000002,0.0344,0.0471,0.049800000000000004,0.051500000000000004,0.053700000000000005,0.0772,0.0804,0.0889,0.0902,0.09960000000000001,0.12760000000000002,0.1563,0.16690000000000002,0.16720000000000002,0.1688,0.1718,0.18000000000000002,0.1857,0.18810000000000002,0.1887,0.1948,0.1998,0.201,0.2087,0.21760000000000002,0.22510000000000002,0.23470000000000002,0.2366,0.2472,0.25730000000000003,0.2721,0.2735,0.278,0.28650000000000003,0.30210000000000004,0.30820000000000003,0.325,0.3335,0.3367,0.34390000000000004,0.34540000000000004,0.3531,0.36050000000000004,0.3634,0.36460000000000004,0.3781,0.4056,0.4071,0.40740000000000004,0.4299,0.43910000000000005,0.444,0.44720000000000004,0.4567,0.46780000000000005,0.4757,0.49510000000000004,0.5119,0.5271,0.5422,0.5686,1.0084,1.0404,1.0411000000000001,1.0818,1.0945,1.1002,1.1102,1.1236000000000002,1.1254,1.1313,1.1353,1.1376,1.1379000000000001,1.1469,1.1534,1.1551,1.1615,1.1698,1.1704,1.1743000000000001,1.1994,1.2002000000000002,1.2012,1.2066000000000001,1.2082000000000002,1.2114,1.2181,1.2184000000000001,1.2203000000000002,1.2289,1.2317,1.235,1.2473,1.2685,1.3175000000000001,1.3182,1.3261,1.3387,1.3553000000000002,1.37,1.3837000000000002,1.3905,1.7136,1.7607000000000002,1.7794,1.7884,1.7897,1.7970000000000002,1.7977,1.7999,1.8043,1.8542,1.8624,1.8644,1.8658000000000001,1.8697000000000001,1.874,1.8798000000000001,1.8808,1.8892,1.8965,1.9048,1.9124,1.9294,1.9353,1.9420000000000002,1.9494,1.9528,1.9615,1.9657,1.9661000000000002,1.9673,1.9752,1.9800000000000002,1.9916,1.9956,2.001,2.0022,2.0045,2.0055,2.0112,2.0497,2.0503,2.0511,2.0541,2.0603000000000002,2.0627,2.0676,2.1035,2.1441,2.1537,2.5222,2.5439000000000003,2.5454000000000003,2.5635000000000003,2.5924,2.6248,2.6345,2.6554,2.66,2.6612,2.6639,2.6661,2.6722,2.6969000000000003,2.6999,2.7187,2.7366,2.7731000000000003,2.7802000000000002,2.785,2.7977000000000003,2.8244000000000002,2.8293,2.8322000000000003,2.8417000000000003,2.8566000000000003,2.8760000000000003,2.8913,2.8955,2.9169,2.9197,2.9201,2.9466,3.4012000000000002,3.4018,3.4042000000000003,3.4049,3.4212000000000002,3.4397,3.4653,3.4657,3.4684000000000004,3.486,3.4889,3.4922,3.5012000000000003,3.5049,3.511,3.5203,3.5255,3.5287,3.5323,3.5398,3.5410000000000004,3.5444,3.5523000000000002,3.5573,3.5588,3.5736000000000003,3.5802,3.583,3.5843000000000003,3.5953000000000004,3.6146000000000003,3.6323000000000003,3.6576,3.6589,3.6739,4.066800000000001,4.0718000000000005,4.1225000000000005
15794:1.2316,2.8076000000000003
15988:0.06860000000000001,0.20770000000000002,0.3597,0.44160000000000005,0.6983,2.0202,2.291,2.4826,2.7146000000000003,2.7838000000000003,3.1574,3.5597000000000003
15996:0.5769000000000001,0.6061000000000001,0.634,0.6629,0.6908000000000001,0.7187,0.7535000000000001,0.7829,0.8182,0.8475,0.8759,0.9014000000000001,0.9314,0.9600000000000001,0.9965,1.3766,1.4111,1.4371,1.4706000000000001,1.5054,1.5353,1.5663,1.596,1.6269,1.6669,1.6926,1.7276,2.1692,2.1975000000000002,2.2292,2.2557,2.286,2.3215,2.3549,2.3847,2.4107000000000003,2.4376,2.4719,2.4965,2.5154,2.5554,2.9734000000000003,2.9933,3.0248,3.0506,3.0825,3.1166,3.1489000000000003,3.1734,3.1983,3.229,3.2661000000000002,3.2926,3.3211,3.354,3.74,3.7710000000000004,3.8052,3.8203,3.8534,3.8837,3.9129,3.9414000000000002,3.9711000000000003,4.0021,4.0373,4.0784
16213:0.0102,0.0164,0.023100000000000002,0.0303,0.035500000000000004,0.0417,0.0472,0.0533,0.059300000000000005,0.06570000000000001,0.07250000000000001,0.0784,0.0879,0.0978,0.1091,0.11470000000000001,0.1241,0.1332,0.1411,0.1467,0.15510000000000002,0.1628,0.1698,0.17700000000000002,0.1845,0.19140000000000001,0.2005,0.2079,0.2147,0.22460000000000002,0.2308,0.2359,0.24150000000000002,0.24650000000000002,0.25320000000000004,0.259,0.26580000000000004,0.2733,0.2793,0.2876,0.2937,0.2987,0.30560000000000004,0.3125,0.3209,0.32680000000000003,0.3309,0.3398,0.34600000000000003,0.3533,0.36110000000000003,0.3698,0.3771,0.38230000000000003,0.3885,0.395,0.4007,0.40650000000000003,0.4121,0.4186,0.42800000000000005,0.4365,0.44570000000000004,0.453,0.4586,0.4661,0.4742,0.4834,0.49010000000000004,0.49460000000000004,0.5011,0.5075000000000001,0.5155000000000001,0.5223,0.5293,0.5388000000000001,0.5469,0.5582,0.5658000000000001,0.5734,0.5819,0.5895,0.5983,0.6092000000000001,0.6169,0.6287,0.637,0.6481,0.6563,0.6627000000000001,0.6688000000000001,0.6775,0.6849000000000001,0.6955,0.7065,0.7145,0.7256,0.7362000000000001,0.7425,0.7539,0.7616,0.7733,0.785,0.7913,0.7997000000000001,0.8055,0.8147000000000001,0.8247,0.8312,0.8412000000000001,0.8491000000000001,0.8612000000000001,0.8716,0.8789,0.8912,0.9022,0.9091,0.9206000000000001,0.9259000000000001,0.9384,0.9492,0.9539000000000001,0.9654,0.9777,0.9865,0.9942000000000001,0.9997,1.0087000000000002,1.0147000000000002,1.0204,1.0286,1.0358,1.0431000000000001,1.0496,1.0584,1.0678,1.0752000000000002,1.0809,1.0901,1.0965,1.1048,1.1156000000000001,1.1223,1.1328,1.1411,1.1465,1.153,1.1636,1.1725,1.1787,1.1854,1.1913,1.1991,1.2037,1.2121,1.2247000000000001,1.2318,1.2371,1.2433,1.2503,1.2565,1.2618,1.2714,1.2778,1.2823,1.2901,1.2983,1.3083,1.3169,1.3244,1.3299,1.3363,1.3446,1.3516000000000001,1.3591,1.3679000000000001,1.3767,1.3834,1.3939000000000001,1.4061000000000001,1.4105,1.4186,1.4294,1.439,1.4485000000000001,1.4596,1.469,1.4788000000000001,1.4886000000000001,1.4963,1.5045000000000002,1.5137,1.5258,1.5348000000000002,1.5452000000000001,1.5527,1.5657,1.5734000000000001,1.5792000000000002,1.5863,1.5942,1.5998,1.6086,1.6208,1.6312,1.6433,1.6513,1.6580000000000001,1.6686,1.6857,1.6926,1.6991,1.7048,1.7136,1.7201000000000002,1.7279,1.7343000000000002,1.7404000000000002,1.7474,1.7558,1.7618,1.7714,1.7790000000000001,1.7878,1.7969000000000002,1.8054000000000001,1.8142,1.8214000000000001,1.8295000000000001,1.8351000000000002,1.8414000000000001,1.8475000000000001,1.8564,1.8606,1.8682,1.8739000000000001,1.8825,1.8914000000000002,1.8976000000000002,1.9039000000000001,1.913,1.9224,1.9320000000000002,1.9412,1.9527,1.9617,1.9715,1.9778,1.9846000000000001,1.9902000000000002,1.9975,2.0071,2.0173,2.0257,2.0351,2.0415,2.0469,2.0538000000000003,2.0598,2.0671,2.0766,2.0848,2.093,2.0993,2.1067,2.1169000000000002,2.1254,2.1338,2.1422,2.1544000000000003,2.1629,2.1734,2.1831,2.1895000000000002,2.1997,2.2057,2.213,2.2231,2.2308,2.24,2.2481,2.2548,2.2625,2.27,2.2779000000000003,2.2837,2.294,2.3029,2.3084000000000002,2.3198000000000003,2.3281,2.3343000000000003,2.3443,2.3508,2.3560000000000003,2.365,2.3738,2.3812,2.3943000000000003,2.4007,2.4097,2.4199,2.4276,2.4383,2.4511000000000003,2.4567,2.4663,2.4732000000000003,2.4865,2.4955000000000003,2.5063,2.5143,2.5181,2.5272,2.5364,2.545,2.5507,2.5606,2.5693,2.5786000000000002,2.5867,2.5953,2.6022000000000003,2.6124,2.6201000000000003,2.6267,2.6354,2.6419,2.6472,2.6559,2.6616,2.6695,2.6794000000000002,2.6873,2.6934,2.6998,2.7075,2.7157,2.7219,2.728,2.7357,2.7452,2.7514000000000003,2.7559,2.7627,2.7685,2.7747,2.7819000000000003,2.7871,2.793,2.8019000000000003,2.8076000000000003,2.814,2.8206,2.827,2.8339000000000003,2.8403,2.8453,2.8552,2.8658,2.8742,2.8832,2.8918,2.9005,2.9077,2.9144,2.9226,2.93,2.9372000000000003,2.9443,2.9522,2.9610000000000003,2.9716,2.9771,2.9883,2.9927,3.0006,3.0142,3.0251,3.0353000000000003,3.0397000000000003,3.0489,3.0565,3.0621,3.0713000000000004,3.0791,3.0900000000000003,3.1006,3.1072,3.1180000000000003,3.1246,3.1317,3.1421,3.1487000000000003,3.1566,3.1659,3.1790000000000003,3.1876,3.193,3.201,3.2131000000000003,3.2202,3.2303,3.2407000000000004,3.2501,3.2607000000000004,3.2707,3.2826,3.2923,3.2993,3.3105,3.3199,3.3293000000000004,3.3388,3.3445,3.3526000000000002,3.3592,3.3677,3.3729,3.3802000000000003,3.3907000000000003,3.3988,3.4068,3.4152,3.4212000000000002,3.4328000000000003,3.4402000000000004,3.4467000000000003,3.451,3.4610000000000003,3.4695,3.4787000000000003,3.4859,3.494,3.4982,3.5052000000000003,3.5135,3.5193000000000003,3.5251,3.5332000000000003,3.5377,3.5458000000000003,3.5534000000000003,3.5582000000000003,3.5656000000000003,3.5713000000000004,3.5768,3.5834,3.5896000000000003,3.5967000000000002,3.6026000000000002,3.6089,3.6169000000000002,3.6261,3.6307,3.6390000000000002,3.6465,3.6544000000000003,3.6594,3.6669,3.6740000000000004,3.6802,3.6859,3.6934,3.7001000000000004,3.7084,3.7164,3.7256,3.7358000000000002,3.7436000000000003,3.7507,3.7549,3.7641,3.7769000000000004,3.7881,3.7958000000000003,3.8063000000000002,3.8174,3.8235,3.8324000000000003,3.8423000000000003,3.8513,3.8629000000000002,3.87,3.8804000000000003,3.8891,3.8937000000000004,3.9036000000000004,3.9142,3.9202000000000004,3.9275,3.9398,3.9463000000000004,3.9547000000000003,3.9662,3.9725,3.9806000000000004,3.99,4.0016,4.0102,4.021,4.0299000000000005,4.042,4.049,4.0583,4.0673,4.072,4.0825000000000005,4.0933,4.1014,4.1066,4.1146,4.1215,4.1290000000000004,4.1355,4.140000000000001,4.1481
16453:0.2908
16754:0.0287,0.20750000000000002,0.3471,0.47350000000000003,1.2556,2.7944
16937:0.060000000000000005
16965:0.6267,0.8566,0.9415,1.4108,2.1713,2.1892,2.2188000000000003,2.2319,2.295,2.3763,2.4261,3.1470000000000002,3.2756000000000003
17072:0.5719000000000001,0.63,0.6757000000000001,0.6993,0.7274,0.7557,0.7942,0.8257,0.8413,0.8868,0.9183,0.9348000000000001,0.9535,1.0126,1.0914000000000001,1.3827,1.4038000000000002,1.4283000000000001,1.4463000000000001,1.4907000000000001,1.5195,1.5623,1.5935000000000001,1.623,1.6629,1.6948,1.7262000000000002,2.1836,2.2061,2.2231,2.2447,2.279,2.3242000000000003,2.4044000000000003,2.4268,2.4865,2.5127,2.5784000000000002,2.9290000000000003,2.9612000000000003,2.9927,3.0351000000000004,3.0507,3.0681000000000003,3.1077000000000004,3.1382000000000003,3.1555,3.1771000000000003,3.2087000000000003,3.2354000000000003,3.2532,3.2809000000000004,3.3047,3.3254,3.7044,3.7305,3.7772,3.7973000000000003,3.8205,3.8455000000000004,3.8601,3.8819000000000004,3.9088000000000003,3.938,3.9775,3.9948,4.0142,4.1371
17136:0.46540000000000004,0.4707,0.48190000000000005,0.5013000000000001,0.5359,0.5362,0.5444,0.5469,0.5584,0.5599000000000001,0.5631,0.5649000000000001,0.5659000000000001,0.5712,0.5790000000000001,0.5817,0.5955,0.6002000000000001,0.6021000000000001,0.6181,0.6198,0.6529,0.6541,0.6647000000000001,0.6665,0.6677000000000001,0.6689,0.6734,0.675,0.677,0.686,0.6904,0.6915,0.6979000000000001,0.7121000000000001,0.7125,0.7287,0.7343000000000001,0.7384000000000001,0.7439,0.7452000000000001,0.7463000000000001,0.7679,0.7708,0.7783,0.7895000000000001,0.7897000000000001,0.8015,0.8036000000000001,0.8088000000000001,0.8333,0.8440000000000001,0.8459,0.8535,0.8549,0.8699,0.8778,0.8789,0.8812000000000001,0.8906000000000001,0.9048,0.9218000000000001,0.9233,0.9327000000000001,0.9359000000000001,0.9428000000000001,0.9626,0.9628000000000001,0.9758,0.9769000000000001,0.9925,0.9964000000000001,1.0042,1.0106,1.0310000000000001,1.0393000000000001,1.0421,1.0687,1.0915000000000001,1.2243000000000002,1.2787000000000002,1.2826,1.3221,1.3486,1.3496000000000001,1.3507,1.3668,1.3715000000000002,1.3739000000000001,1.3799000000000001,1.3877000000000002,1.3984,1.4025,1.4033,1.4173,1.4183000000000001,1.4198000000000002,1.4314,1.4355,1.4375,1.439,1.4541000000000002,1.4635,1.4709,1.4711,1.4747000000000001,1.4856,1.5037,1.5321,1.5339,1.5404,1.5432000000000001,1.5458,1.5468000000000002,1.5547,1.5594000000000001,1.5685,1.5690000000000002,1.5776000000000001,1.578,1.5839,1.5852000000000002,1.5922,1.5927,1.6191,1.6196000000000002,1.6295000000000002,1.6393,1.6517000000000002,1.6618000000000002,1.6624,1.6631,1.6716,1.6747,1.6917,1.7027,1.7047,1.723,1.7251,1.7376,1.7381,1.7418,1.7482,1.7510000000000001,1.7817,1.7948000000000002,1.8244,1.8349000000000002,2.001,2.0182,2.0317000000000003,2.0901,2.0935,2.1089,2.1138,2.1226000000000003,2.1319,2.1529000000000003,2.1564,2.1635,2.1641,2.1646,2.1656,2.166,2.1666000000000003,2.1697,2.1765000000000003,2.1769000000000003,2.1785,2.1846,2.2047000000000003,2.2079,2.2124,2.2126,2.2136,2.2226,2.234,2.2427,2.2465,2.2489,2.2564,2.2585,2.2612,2.2692,2.2774,2.3042000000000002,2.3072,2.3155,2.3165,2.3215,2.3291,2.3402000000000003,2.3405,2.3427000000000002,2.3829000000000002,2.3844000000000003,2.3879,2.3902,2.3904,2.3932,2.3951000000000002,2.3976,2.4221,2.4376,2.4449,2.4555000000000002,2.4570000000000003,2.4654000000000003,2.4708,2.4758,2.4769,2.4793000000000003,2.4839,2.4869000000000003,2.4908,2.4939,2.498,2.4998,2.5024,2.5029,2.5199000000000003,2.5518,2.559,2.6065,2.6114,2.6155,2.8559,2.8829000000000002,2.9096,2.915,2.9225000000000003,2.9344,2.9557,2.9565,2.9648000000000003,2.9673000000000003,2.9773,2.9805,2.9852000000000003,2.9928000000000003,3.0185,3.0311000000000003,3.0317000000000003,3.0388,3.0406,3.0423,3.0466,3.0523000000000002,3.0561000000000003,3.0636,3.0716,3.076,3.0777,3.0816000000000003,3.0978000000000003,3.1077000000000004,3.1254,3.1371,3.1391,3.1444,3.1502000000000003,3.1527000000000003,3.1539,3.1601000000000004,3.1625,3.1634,3.1749,3.1756,3.1774,3.1777,3.1883000000000004,3.1889000000000003,3.1910000000000003,3.202,3.2049000000000003,3.2068000000000003,3.2176,3.2202,3.2236000000000002,3.2249000000000003,3.2270000000000003,3.2272000000000003,3.2325000000000004,3.2407000000000004,3.2475,3.2481,3.2506,3.2583,3.2640000000000002,3.2646,3.2673,3.2731000000000003,3.2924,3.3108,3.3154000000000003,3.3171,3.3242000000000003,3.3292,3.3337000000000003,3.3363,3.3414,3.3507000000000002,3.3698,3.3702,3.3872,3.3963,3.398,3.3995,3.4046000000000003,3.4168000000000003,3.4199,3.4216,3.4253,3.5983,3.6186000000000003,3.6696,3.6869,3.6923000000000004,3.6991,3.7096,3.7262,3.7278000000000002,3.7322,3.7459000000000002,3.7551,3.7557,3.7608,3.7630000000000003,3.7703,3.7728,3.7887000000000004,3.7910000000000004,3.8048,3.8052,3.8061000000000003,3.8232000000000004,3.8261000000000003,3.8467000000000002,3.8847,3.8878000000000004,3.8954,3.906,3.9074,3.9097000000000004,3.9163,3.9236,3.9255,3.9261000000000004,3.9264,3.9309000000000003,3.9348,3.939,3.9469000000000003,3.9521,3.9527,3.9532000000000003,3.9602000000000004,3.9622,3.9702,3.9769,3.9784,3.9883,3.9930000000000003,4.0026,4.0123,4.0224,4.0261000000000005,4.027,4.0321,4.0347,4.0408,4.0418,4.042800000000001,4.0452,4.0726,4.0818,4.0865,4.0919,4.1284,4.1366000000000005,4.148000000000001
17246:0.0257,0.0492,0.0606,0.0944,0.1095,0.1268,0.1426,0.15,0.1748,0.18180000000000002,0.20700000000000002,0.225,0.2336,0.2511,0.26730000000000004,0.2811,0.29250000000000004,0.30510000000000004,0.31270000000000003,0.33330000000000004,0.34550000000000003,0.3609,0.37410000000000004,0.3946,0.4199,0.4289,0.4378,0.45520000000000005,0.4675,0.4827,0.5016,1.076,1.1454,1.1564,1.1860000000000002,1.1987,1.2167000000000001,1.2443,1.2645,1.8061,1.8324,1.8445,1.8554000000000002,1.8752000000000002,1.9005,1.9243000000000001,1.9334,1.9566000000000001,1.9686000000000001,1.9781000000000002,1.9908000000000001,1.9968000000000001,2.0114,2.0333,2.0459,2.0745,2.6582000000000003,2.6897,2.6967000000000003,2.7066000000000003,2.7292,2.7378,2.7679,2.7911,2.801,2.8263000000000003,2.8386,2.8902,3.474,3.5015,3.5114,3.5182,3.5338000000000003,3.5559000000000003,3.5652000000000004,3.5866000000000002,3.5963000000000003,3.6133,3.624,3.6424000000000003,3.6506000000000003
17435:0.3062,0.6702,0.7022,0.8884000000000001,1.4522000000000002,1.5673000000000001,2.2920000000000003,2.4751000000000003,2.5597000000000003,2.9936000000000003,3.1443000000000003,3.3341000000000003,3.8302,3.8808000000000002,3.9888000000000003
17582:0.0645,0.44270000000000004,1.9360000000000002,2.019,2.7199,3.5471000000000004
17787:0.0568,0.1554,0.2006,0.23120000000000002,0.2659,0.3035,0.3519,0.3919,0.4258,1.2475,1.9258000000000002,2.0066,2.0499,2.6887000000000003,2.7205,2.7694,2.8197,3.5621,3.6037000000000003,3.6539
17849:0.0975,0.9675,2.2889,3.0743,3.334,4.0065
17856:0.7052
17997:0.0171,0.0489,0.0752,0.1038,0.117,0.14200000000000002,0.1773,0.19340000000000002,0.2087,0.23420000000000002,0.2559,0.2722,0.3156,0.3413,0.3821,0.4015,0.42960000000000004,0.4728,0.4988,1.1003,1.1437000000000002,1.1756,1.1964000000000001,1.2186000000000001,1.2622,1.2938,1.8464,1.8733000000000002,1.9197000000000002,1.9666000000000001,1.9833,2.0068,2.0423,2.0914,2.6433,2.6691000000000003,2.6935000000000002,2.7196000000000002,2.7396000000000003,2.7644,2.8172,2.8382,2.8617000000000004,3.4610000000000003,3.4902,3.5293,3.5678,3.6089,3.6507
18131:0.0374,0.3816
18171:0.042,0.0737,0.1651,0.2212,0.2984,0.3677,0.4471,0.4934,1.1683000000000001,1.9144,2.0226,2.7078,2.7516000000000003,2.791,2.8252,3.5479000000000003
18320:3.8946
18478:0.1005,0.15360000000000001,0.21880000000000002,0.2907,0.3672,1.2427000000000001,1.9075000000000002,2.0098000000000003,2.7596000000000003,3.5807
18530:0.058300000000000005,0.0791,0.1544,0.18910000000000002,0.2722,0.3261,0.436,0.4808,0.5627,0.6433,0.7026,0.7788,0.8611000000000001,0.8986000000000001,0.9639000000000001,1.1739000000000002,1.3875,1.4498,1.4841,1.5626,1.6376000000000002,1.6843000000000001,1.7558,1.8785,1.949,2.0167,2.124,2.1744,2.2545,2.2897000000000003,2.4123,2.4673000000000003,2.5287,2.7081,2.7469,2.7731000000000003,2.8575,2.9581,3.0250000000000004,3.0844,3.1522,3.2224000000000004,3.2712000000000003,3.3288,3.4919000000000002,3.5398,3.5653,3.6637,3.7874000000000003,3.8626,3.9754,4.0255,4.0754,4.1145000000000005
18582:0.6979000000000001,0.9013,2.3025,2.4826,3.1573,3.3362000000000003,3.9958
18711:0.092,0.1446,0.5013000000000001,1.1468,1.8465,1.9034,2.6711,2.8527
18771:0.0247,0.046400000000000004,0.0654,0.09230000000000001,0.1082,0.1308,0.1522,0.17350000000000002,0.1986,0.22030000000000002,0.24330000000000002,0.27190000000000003,0.2909,0.3156,0.3406,0.3574,0.3806,0.4026,0.4213,0.44120000000000004,0.4555,0.47350000000000003,0.4988,0.5214,0.5456,0.5825,0.6133000000000001,0.6435000000000001,0.6947,0.7437,0.7839,0.8192,0.8485,0.8849,0.9317000000000001,0.9575,0.9931000000000001,1.0282,1.0666,1.0785,1.1175000000000002,1.1402,1.1568,1.1807,1.2016,1.224,1.2415,1.2702,1.3003,1.33,1.3594000000000002,1.3813,1.4084,1.4519,1.4956,1.5413000000000001,1.57,1.603,1.6427,1.6736,1.7122000000000002,1.743,1.7726000000000002,1.7984,1.8301,1.8513000000000002,1.8703,1.8924,1.9165,1.9363000000000001,1.9572,1.9800000000000002,2.0055,2.0220000000000002,2.0446,2.0743,2.1004,2.1352,2.1671,2.1955,2.2236000000000002,2.2574,2.283,2.3240000000000003,2.3565,2.3859,2.4161,2.4405,2.4719,2.5074,2.5517000000000003,2.5858000000000003,2.619,2.6432,2.6663,2.6883,2.7089000000000003,2.7253000000000003,2.7485,2.7671,2.7856,2.7999,2.8206,2.8408,2.8611,2.8916,2.9208000000000003,2.9538,2.9872,3.0288,3.0705,3.1073,3.1429,3.1751,3.2098,3.2342,3.2654,3.2953,3.3337000000000003,3.4099000000000004,3.4366000000000003,3.4553000000000003,3.4765,3.498,3.5187000000000004,3.5396,3.5576000000000003,3.5845000000000002,3.6166,3.6414,3.6719000000000004,3.7222000000000004,3.7576,3.7917,3.8397,3.8789000000000002,3.9135,3.9566000000000003,3.9884000000000004,4.021100000000001,4.061100000000001,4.1049,4.1422
18779:0.658,1.5534000000000001,1.6649,3.2872000000000003,3.891
18826:0.1797,0.4475,2.7014,2.7937000000000003
19092:0.0734,0.4433,0.49570000000000003,0.6804,0.7487,0.9113,1.1698,1.5223,1.5371000000000001,1.5955000000000001,1.6202,1.6723000000000001,1.9102000000000001,2.2339,2.2758000000000003,2.2914000000000003,2.3859,2.7029,2.8189,3.1435,3.2353,3.2767,3.2975000000000003,3.3166,3.3241,3.704,3.8763,3.966,3.979,4.0213
19257:0.022600000000000002,0.039900000000000005,0.0492,0.059000000000000004,0.07100000000000001,0.09050000000000001,0.12810000000000002,0.15,0.1791,0.2018,0.2238,0.2369,0.2514,0.2604,0.2748,0.3048,0.3158,0.3257,0.3347,0.3528,0.38720000000000004,0.39940000000000003,0.4287,0.4373,0.4439,0.45980000000000004,0.48140000000000005,0.5107,0.5529000000000001,0.5890000000000001,0.621,0.6417,0.6751,0.7005,0.7564000000000001,0.7792,0.8470000000000001,0.8613000000000001,0.8922,0.933,0.9547,0.9693,1.0536,1.0806,1.1242,1.1698,1.1954,1.2274,1.2506000000000002,1.2732,1.3036,1.377,1.4131,1.4338,1.4613,1.4793,1.5076,1.5378,1.5635000000000001,1.6022,1.6340000000000001,1.6740000000000002,1.7015,1.7363000000000002,1.7563000000000002,1.8157,1.8611000000000002,1.8709,1.8839000000000001,1.905,1.9266,1.9467,1.9551,1.9684000000000001,2.0091,2.0167,2.0256000000000003,2.0482,2.1004,2.1219,2.161,2.1771000000000003,2.1952000000000003,2.2486,2.2675,2.2869,2.3301000000000003,2.3645,2.4011,2.4263,2.4570000000000003,2.4812000000000003,2.5049,2.5259,2.5704000000000002,2.6402,2.6717,2.6957,2.7095000000000002,2.7187,2.7352000000000003,2.7526,2.761,2.7685,2.7757,2.789,2.7965,2.8211,2.8534,2.8729,2.8939,2.9378,2.9574000000000003,2.9743,3.0151000000000003,3.0683000000000002,3.0888,3.1375,3.1532,3.1847000000000003,3.2184000000000004,3.246,3.2715,3.3178,3.3400000000000003,3.4222,3.4619,3.4856000000000003,3.4974000000000003,3.5169,3.5368000000000004,3.5547,3.5651,3.5958,3.629,3.6591,3.6754000000000002,3.7172,3.7611000000000003,3.7863,3.8182,3.8524000000000003,3.8974,3.9123,3.9646000000000003,3.9865000000000004,4.0196000000000005,4.0555,4.0732,4.0991,4.1224,4.1391
19503:0.028200000000000003,0.0521,0.0838,0.10930000000000001,0.12990000000000002,0.1701,0.2005,0.2273,0.2456,0.2952,0.3161,0.3521,0.3986,0.42910000000000004,0.4718,0.5058,0.5473,0.6396000000000001,0.6769000000000001,0.727,0.8432000000000001,0.9562,1.0257,1.0556,1.0813000000000001,1.1139000000000001,1.1489,1.1768,1.2081,1.2408000000000001,1.2947,1.3354000000000001,1.4155,1.532,1.6193000000000002,1.6593,1.7121000000000002,1.7461,1.8019,1.8409,1.8737000000000001,1.8988,1.9265,1.9709,2.0011,2.0363,2.0744000000000002,2.1062000000000003,2.1387,2.1934,2.2658,2.3681,2.4282,2.5049,2.5598,2.5921000000000003,2.6397,2.6769000000000003,2.6996,2.7263,2.7639,2.7928,2.823,2.8453,2.9010000000000002,2.9949000000000003,3.0515000000000003,3.0892,3.1484,3.2507,3.2840000000000003,3.3593,3.3905000000000003,3.422,3.456,3.4917000000000002,3.5253,3.5523000000000002,3.5772000000000004,3.6105,3.6477000000000004,3.7,3.8061000000000003,3.9343000000000004,3.9851,4.0565,4.1173,4.1367
19541:0.054900000000000004,0.0704,0.1421,0.1864,0.2576,0.32330000000000003,0.4015,0.43820000000000003,0.4531,0.48250000000000004,0.5612,0.6367,0.6753,0.7025,0.7585000000000001,0.8498,0.8936000000000001,0.9539000000000001,1.1978,1.3070000000000002,1.3796000000000002,1.4211,1.4706000000000001,1.5384,1.5663,1.6039,1.6757000000000002,1.7513,1.8776000000000002,1.9459000000000002,2.0145,2.1167000000000002,2.1687000000000003,2.1921,2.2514000000000003,2.2873,2.3629000000000002,2.4114,2.4644,2.5282,2.7072000000000003,2.7219,2.754,2.7854,2.8549,2.9476,2.9692000000000003,3.0135,3.0703,3.1464000000000003,3.2183,3.2640000000000002,3.3227,3.4259,3.4911000000000003,3.5347,3.5607,3.6683000000000003,3.7802000000000002,3.7986,3.8544,3.9068,3.9664,4.019,4.063400000000001,4.0983,4.1324000000000005
19641:2.4373
19699:0.0487,0.0761,0.1159,0.19790000000000002,0.2421,0.3396,0.3895,0.4267,1.1235,1.8622,1.8934000000000002,1.9339000000000002,1.9757,2.7475,2.8094,2.8426,3.5743
19718:0.1474,0.1804,0.5634,0.5855,0.6075,0.6272,0.6467,0.6722,0.6965,0.7249,0.7474000000000001,0.7812,0.8045,0.8335,0.8514,0.8877,0.9105000000000001,0.9271,0.9509000000000001,0.9937,1.0247,1.0435,1.0613000000000001,1.0947,1.1235,1.2164000000000001,1.2994,1.3273000000000001,1.3436000000000001,1.3652,1.3881000000000001,1.4152,1.4400000000000002,1.4743000000000002,1.4955,1.5246000000000002,1.5482,1.5785,1.597,1.6487,1.6743000000000001,1.7063000000000001,1.7383000000000002,1.7507000000000001,1.7993000000000001,1.9121000000000001,2.154,2.1734,2.1908000000000003,2.2184,2.2478000000000002,2.2652,2.2869,2.3164000000000002,2.3355,2.359,2.3849,2.4011,2.4286000000000003,2.4732000000000003,2.4945,2.5089,2.5344,2.5514,2.5814,2.5984000000000003,2.6443000000000003,2.7064,2.7782,2.93,2.9502,2.9706,3.0060000000000002,3.0294000000000003,3.0564,3.0749,3.1143,3.1454,3.1721000000000004,3.1959,3.2205000000000004,3.2552000000000003,3.2758000000000003,3.2934,3.3067,3.3297000000000003,3.379,3.4072,3.4597,3.5468,3.7107,3.7393,3.7600000000000002,3.7755,3.8046,3.8318000000000003,3.8559,3.8759,3.8979000000000004,3.9201,3.9506,3.9796,4.0016,4.050800000000001,4.089700000000001,4.1108,4.1319,4.1488000000000005
19768:0.5772,0.6147,0.6352,0.6619,0.6928000000000001,0.7227,0.7465,0.7779,0.8016000000000001,0.8323,0.8611000000000001,0.8826,0.914,0.9417000000000001,0.9915,1.0331000000000001,1.3763,1.4098000000000002,1.4374,1.4727000000000001,1.5098,1.5353,1.5662,1.5988,1.6289,1.6560000000000001,1.6949,1.7384000000000002,2.1223,2.1706000000000003,2.2067,2.2354000000000003,2.2621,2.2879,2.3072,2.3413,2.3729,2.4045,2.4338,2.471,2.4989,2.5446,2.922,2.9714,3.0033000000000003,3.0368,3.0584000000000002,3.088,3.1167000000000002,3.1538,3.176,3.2013000000000003,3.2312000000000003,3.2628000000000004,3.2901000000000002,3.3297000000000003,3.7411000000000003,3.7701000000000002,3.8127,3.839,3.861,3.8833,3.9191000000000003,3.9546,3.9804000000000004,4.0035,4.0342,4.0585,4.1403
19964:0.006900000000000001,0.013900000000000001,0.0212,0.0275,0.0339,0.041800000000000004,0.0492,0.055900000000000005,0.062400000000000004,0.0709,0.077,0.085,0.09140000000000001,0.0975,0.10550000000000001,0.1119,0.11910000000000001,0.1253,0.13240000000000002,0.13970000000000002,0.1464,0.1521,0.1589,0.16620000000000001,0.17220000000000002,0.1799,0.1892,0.2003,0.2068,0.2142,0.2199,0.22640000000000002,0.23390000000000002,0.2401,0.24730000000000002,0.2536,0.2589,0.2664,0.2738,0.2848,0.2939,0.2992,0.3062,0.31270000000000003,0.31980000000000003,0.3266,0.3347,0.3405,0.3496,0.3564,0.3644,0.37170000000000003,0.3779,0.3849,0.39080000000000004,0.3995,0.40940000000000004,0.4167,0.4238,0.4315,0.4385,0.44720000000000004,0.45740000000000003,0.4656,0.47350000000000003,0.48200000000000004,0.4923,0.4995,0.5089,0.5182,0.5259,0.54,0.5545,0.5655,0.5813,0.6011000000000001,0.9698,1.0029000000000001,1.0156,1.0281,1.0404,1.0488,1.0575,1.0663,1.0752000000000002,1.0907,1.1002,1.1071,1.1148,1.1239000000000001,1.1315,1.1376,1.1480000000000001,1.157,1.1662000000000001,1.1726,1.1807,1.1901000000000002,1.1985000000000001,1.2059,1.212,1.22,1.2277,1.2338,1.2398,1.249,1.2573,1.2685,1.2756,1.2829000000000002,1.2902,1.2975,1.3134000000000001,1.3256000000000001,1.3338,1.3448,1.3622,1.3848,1.4073,1.7035,1.7241000000000002,1.7381,1.7522,1.7613,1.7704000000000002,1.7839,1.7923,1.8009000000000002,1.8083,1.8166,1.8265,1.8355000000000001,1.8454000000000002,1.8545,1.8618000000000001,1.8675000000000002,1.8749,1.8819000000000001,1.8906,1.8976000000000002,1.9059000000000001,1.9131,1.9217000000000002,1.9300000000000002,1.9359000000000002,1.9432,1.9491,1.9563000000000001,1.963,1.9694,1.9767000000000001,1.9871,1.9954,2.005,2.0137,2.0221,2.033,2.0437000000000003,2.0517000000000003,2.0635,2.0749,2.0844,2.0941,2.1008,2.1096,2.1243000000000003,2.1311,2.1532,2.1777,2.5132000000000003,2.5302000000000002,2.5415,2.5521000000000003,2.5613,2.5693,2.5798,2.5881000000000003,2.5974,2.6060000000000003,2.6179,2.6261,2.6345,2.6423,2.6519,2.6581,2.6648,2.6738,2.6818,2.6904000000000003,2.6974,2.7046,2.7124,2.7191,2.7292,2.7349,2.7416,2.7470000000000003,2.7563,2.7633,2.7703,2.7784,2.7884,2.7968,2.8036000000000003,2.8115,2.8176,2.8248,2.8314,2.8387000000000002,2.8469,2.8543000000000003,2.8643,2.8745000000000003,2.8827000000000003,2.8932,2.9017,2.9137,2.9268,2.9423000000000004,2.9588,3.3396000000000003,3.3594,3.3724000000000003,3.3804000000000003,3.3995,3.4071000000000002,3.415,3.4247,3.4347000000000003,3.444,3.4534000000000002,3.4596,3.4679,3.4745000000000004,3.4850000000000003,3.4919000000000002,3.4995000000000003,3.5076,3.5157000000000003,3.5236,3.5305,3.5380000000000003,3.5461,3.5553000000000003,3.5619,3.5705,3.5761000000000003,3.5856000000000003,3.5915000000000004,3.5993000000000004,3.6132,3.624,3.6332,3.6420000000000003,3.6525000000000003,3.6662000000000003,3.6778,3.6905,3.7008,3.7241,3.745,4.0665000000000004,4.0834,4.1018,4.113,4.1262,4.141
19976:0.5974,0.6247,0.6639,0.6776,0.6990000000000001,0.7599,0.7848,0.8449000000000001,0.8608,0.9026000000000001,0.9295,0.9404,0.9541000000000001,0.9912000000000001,1.3199,1.4045,1.4145,1.4319000000000002,1.5371000000000001,1.5642,1.5806,1.5926,1.6008,1.6383,1.6879000000000002,1.7049,1.7203000000000002,1.7462,2.1657,2.178,2.1896,2.1988000000000003,2.2148000000000003,2.2395,2.2578,2.2745,2.3021000000000003,2.3543000000000003,2.3685,2.3876,2.3998,2.4138,2.4319,2.4833000000000003,2.4946,2.5050000000000003,2.5159000000000002,2.5485,2.9654000000000003,2.9923,3.0533,3.0708,3.0823,3.1173,3.1294,3.1682,3.1958,3.2230000000000003,3.2487000000000004,3.2783,3.2999,3.3103000000000002,3.3524000000000003,3.742,3.7702,3.7821000000000002,3.8093000000000004,3.8197,3.8376,3.9010000000000002,3.9208000000000003,3.9581000000000004,3.9819,4.015000000000001
20124:0.061000000000000006,0.1446,0.20450000000000002,0.248,0.3533,0.4722,1.2177,1.897,1.9562000000000002,2.7061,2.7512000000000003,3.4862,3.5778000000000003
20136:1.9166,2.8407
20162:0.0318,0.057600000000000005,0.0789,0.114,0.1431,0.1605,0.19240000000000002,0.2111,0.24960000000000002,0.2733,0.3038,0.3383,0.3723,0.3899,0.439,0.4676,0.5259,1.1375,1.1748,1.1957,1.2204000000000002,1.2393,1.2873,1.3489,1.8170000000000002,1.8501,1.8795000000000002,1.9134,1.9362000000000001,1.9868000000000001,2.0387,2.597,2.6641,2.6936,2.7341,2.7636000000000003,2.8174,3.4482000000000004,3.4942,3.5284,3.5773,3.6258000000000004
20195:0.0224,0.0454,0.0776,0.0965,0.1188,0.1302,0.16540000000000002,0.19,0.20320000000000002,0.23620000000000002,0.26890000000000003,0.2888,0.30510000000000004,0.34,0.36260000000000003,0.3966,0.4203,0.4319,0.4666,0.4995,0.5368,1.0501,1.1029,1.1396,1.1517,1.1784000000000001,1.2048,1.2342,1.2865,1.329,1.7328000000000001,1.782,1.8152000000000001,1.8386,1.8644,1.8899000000000001,1.9132,1.9413,1.9703000000000002,1.9928000000000001,2.0044,2.033,2.0652,2.1034,2.5656000000000003,2.5915,2.6232,2.6414,2.6703,2.6932,2.72,2.7396000000000003,2.7594000000000003,2.7880000000000003,2.7992000000000004,2.8256,2.8394,2.8952,3.3800000000000003,3.4193000000000002,3.451,3.4747000000000003,3.4972000000000003,3.5231000000000003,3.5516,3.5747,3.6056000000000004,3.6392,3.6778,4.119
20277:0.6733,0.7093,0.7477,0.7782,0.8124,0.8408,0.8639,0.9071,0.9246000000000001,0.9629000000000001,1.4458,1.4776,1.5125000000000002,1.5292000000000001,1.6378000000000001,1.6768,2.2217000000000002,2.2605,2.2902,2.3224,2.3638,2.3884000000000003,2.4085,2.4371,2.4746,2.4924,3.0182,3.0501,3.0995000000000004,3.1227,3.1466000000000003,3.1896,3.2204,3.2350000000000003,3.2694,3.3044000000000002,3.3545000000000003,3.8252,3.8597,3.91,3.9366000000000003,3.9729,4.031000000000001
20447:0.7135,0.7871,0.8407,0.9278000000000001,1.445,1.5197,1.651,2.2256,2.2625,2.3251,2.3876,2.4469000000000003,3.1155,3.1932,3.2261,3.3009,3.8437,3.9673000000000003
20540:0.0158,0.0244,0.0419,0.056100000000000004,0.07590000000000001,0.08650000000000001,0.11710000000000001,0.138,0.1521,0.16790000000000002,0.18030000000000002,0.1957,0.2087,0.2283,0.2426,0.2524,0.2707,0.2836,0.3083,0.32780000000000004,0.3415,0.3559,0.373,0.3952,0.41350000000000003,0.4379,0.4581,1.1555,1.1748,1.1951,1.2215,1.2366000000000001,1.2627000000000002,1.8753000000000002,1.8964,1.9111,1.9305,1.9475,1.9619000000000002,1.9809,2.0009,2.0185,2.0405,2.0609,2.6441000000000003,2.6707,2.6941,2.7070000000000003,2.7322,2.7507,2.7668,2.782,2.8055000000000003,2.8262,2.8485,3.4833000000000003,3.5010000000000003,3.5157000000000003,3.5335,3.5551000000000004,3.5731,3.5892000000000004,3.6252
20652:0.5508000000000001,0.6114,0.6392,0.6758000000000001,0.7192000000000001,0.7466,0.8372,0.8671000000000001,0.9343,0.9801000000000001,1.0306,1.0624,1.1112,1.3024,1.4133,1.5502,1.61,1.6433,1.6672,1.7098,2.1132,2.1573,2.1925,2.2497000000000003,2.2761,2.3426,2.4256,2.467,2.5037000000000003,2.5538000000000003,2.5946000000000002,2.9037,2.9946,3.0519000000000003,3.0875000000000004,3.1421,3.1782000000000004,3.2634000000000003,3.2916000000000003,3.3566000000000003,3.4164000000000003,3.5328000000000004,3.653,3.7017,3.7497000000000003,3.8069,3.8951000000000002,3.9375,3.9961,4.0542,4.1356
20759:0.08370000000000001,0.7178,1.7174,2.3169,2.8005,2.8598000000000003,3.5707,3.914,3.9210000000000003,4.0827
20849:0.0649,0.4423,1.9358000000000002,2.7211000000000003,3.5444
20921:0.23440000000000003,0.53,0.5545,0.5758,0.5885,0.6129,0.6253000000000001,0.6461,0.6635,0.6775,0.6995,0.7146,0.7244,0.7373000000000001,0.7473000000000001,0.7597,0.781,0.7973,0.8198000000000001,0.8342,0.8626,0.8746,0.8916000000000001,0.9066000000000001,0.9191,0.9405,0.9497000000000001,0.9739000000000001,0.9958,1.0218,1.0389000000000002,1.0628,1.0955000000000001,1.3149,1.3342,1.3539,1.3757000000000001,1.3931,1.4061000000000001,1.4326,1.4481000000000002,1.4796,1.4933,1.5137,1.5287000000000002,1.5429000000000002,1.5653000000000001,1.5744,1.5929,1.6068,1.6255000000000002,1.639,1.6498000000000002,1.6661000000000001,1.6961000000000002,1.7215,1.7428000000000001,1.7583,1.8104,2.0946000000000002,2.1227,2.1548000000000003,2.1724,2.1870000000000003,2.2046,2.2261,2.244,2.2638000000000003,2.2812,2.3043,2.3262,2.3447,2.3629000000000002,2.3807,2.3961,2.4111000000000002,2.4234,2.4518,2.4675000000000002,2.4921,2.5082,2.5220000000000002,2.5462000000000002,2.5826000000000002,2.6483000000000003,2.9261,2.9514,2.972,2.9859,2.9968000000000004,3.0137,3.0377,3.0580000000000003,3.0748,3.1006,3.1133,3.1282,3.1384000000000003,3.1638,3.1762,3.1968,3.2124,3.2347,3.2553,3.2680000000000002,3.2835,3.2972,3.309,3.3364000000000003,3.365,3.3942,3.4138,3.6764,3.7097,3.7292,3.7447000000000004,3.7602,3.7758000000000003,3.8031,3.8199,3.8495000000000004,3.8617000000000004,3.8840000000000003,3.9092000000000002,3.9188,3.9362000000000004,3.9548,3.9674,3.9858000000000002,3.9993000000000003,4.0167,4.0357,4.0467,4.0879,4.1237,4.143
21278:0.6131,0.684,0.794,0.9171,1.3514000000000002,1.5259,1.5974000000000002,1.6269,1.6803000000000001,2.2277,2.2759,2.2939000000000003,2.3923,2.4354,2.5529,2.6041000000000003,2.7067,3.032,3.1505,3.2794000000000003,3.3086,3.3289,3.781,3.9742,4.0266
21291:0.0256,0.0534,0.1308,0.1497,0.1779,0.2019,0.2472,0.2962,0.31720000000000004,0.3482,0.3719,0.4046,0.4393,0.5118,1.1534,1.2128,1.2730000000000001,1.8444,1.8746,1.9013,1.9255,1.9548,1.9800000000000002,2.0089,2.0444,2.6468000000000003,2.6956,2.7307,2.7787,2.7919,2.8706,3.4825000000000004,3.5075000000000003,3.5354,3.5641000000000003,3.615
21384:0.6673,0.7045,0.8899,1.4099000000000002,1.4648,1.5955000000000001,1.6193000000000002,1.6961000000000002,1.7078,2.2839,2.3022,2.3119,2.3736,2.4726,2.5521000000000003,2.9957000000000003,3.103,3.1758,3.2571000000000003,3.3392,3.8011000000000004,3.8145000000000002,3.8538,3.8873,3.9044000000000003,3.918,3.9934000000000003,4.0487,4.0682,4.1081
21478:0.639,0.7207,0.7813,0.8399000000000001,0.8706,0.9572,1.3813,1.4422000000000001,1.5788,1.6869,2.2219,2.257,2.3402000000000003,2.4207,2.5012000000000003,3.0097,3.0814000000000004,3.1465,3.1803000000000003,3.2696,3.3586,3.8271,3.8615000000000004,3.9265000000000003,3.963,4.0232
21524:0.451,0.4531,0.4571,0.4782,0.5034000000000001,0.5109,0.5227,0.5547000000000001,0.5601,0.5661,0.5902000000000001,0.5952000000000001,0.5955,0.6209,0.6347,0.6409,0.6432,0.6506000000000001,0.6607000000000001,0.6688000000000001,0.6805,0.6951,0.7072,0.7218,0.7247,0.731,0.74,0.7584000000000001,0.7634000000000001,0.7646000000000001,0.7791,0.7911,0.7995,0.8045,0.8108000000000001,0.8168000000000001,0.8185,0.8281000000000001,0.8304,0.8454,0.8486,0.8490000000000001,0.8593000000000001,0.8601000000000001,0.8699,0.8769,0.8826,0.8917,0.8922,0.8971,0.8974000000000001,0.9173,0.9213,0.9236000000000001,0.9251,0.9356000000000001,0.9538000000000001,0.9560000000000001,0.9783000000000001,0.9804,0.9915,0.9948,0.998,1.0536,1.0574000000000001,1.081,1.096,1.1503,1.2621,1.2638,1.2875,1.2995,1.3003,1.3066,1.3074000000000001,1.3263,1.3291000000000002,1.33,1.3387,1.3475000000000001,1.3488,1.3492,1.3505,1.3729,1.3755000000000002,1.3776000000000002,1.3835000000000002,1.3921000000000001,1.4047,1.4160000000000001,1.4231,1.4278,1.4375,1.4387,1.4399000000000002,1.4456,1.4614,1.4666000000000001,1.4887000000000001,1.4932,1.499,1.5028000000000001,1.5081,1.5463,1.5536,1.5543,1.558,1.5584,1.5619,1.5666,1.5690000000000002,1.5695000000000001,1.5884,1.5952000000000002,1.5963,1.5966,1.6037000000000001,1.6051,1.6116000000000001,1.6172,1.6216000000000002,1.6317000000000002,1.6483,1.6513,1.6516000000000002,1.6535,1.6671,1.6686,1.6932,1.7107,1.7186000000000001,1.7251,1.7285000000000001,1.7494,1.7546000000000002,1.7641,1.7867000000000002,1.8389,2.0737,2.0783,2.1294,2.1319,2.1333,2.1495,2.1632000000000002,2.1693000000000002,2.1821,2.1947,2.2073,2.2234000000000003,2.2382,2.2455000000000003,2.2483,2.254,2.2571000000000003,2.291,2.2939000000000003,2.2986,2.3021000000000003,2.31,2.3308,2.3364000000000003,2.3373,2.3394,2.3397,2.3696,2.3817,2.3823000000000003,2.3861000000000003,2.3897,2.4054,2.4294000000000002,2.4315,2.4321,2.4559,2.4569,2.4584,2.466,2.4941,2.4974000000000003,2.5005,2.5131,2.5224,2.5752,2.5812,2.5854,2.5940000000000003,2.6278,2.817,2.8366000000000002,2.8514,2.8595,2.8657000000000004,2.8689,2.8920000000000003,2.8949000000000003,2.9304,2.9315,2.9366000000000003,2.9863,2.9893,3.0073000000000003,3.0082,3.0178000000000003,3.0247,3.0276,3.0317000000000003,3.0334000000000003,3.0405,3.0419,3.0422000000000002,3.0506,3.051,3.0628,3.0645000000000002,3.0745,3.0806,3.0902000000000003,3.1039000000000003,3.1375,3.1404,3.141,3.1430000000000002,3.1494,3.1503,3.1514,3.1572,3.1592000000000002,3.1717,3.1874000000000002,3.1998,3.2045000000000003,3.206,3.2136,3.2161,3.2205000000000004,3.2256,3.2297000000000002,3.2327000000000004,3.2337000000000002,3.2341,3.2352000000000003,3.2667,3.2694,3.2784,3.2821000000000002,3.2958000000000003,3.2971000000000004,3.2991,3.3105,3.3217000000000003,3.3229,3.3282000000000003,3.3295000000000003,3.3432,3.3438000000000003,3.346,3.3743000000000003,3.3748,3.3827000000000003,3.391,3.4162000000000003,3.4194,3.431,3.4451,3.4662,3.4694000000000003,3.5185,3.6185,3.6456000000000004,3.6574,3.7174,3.7212,3.7284,3.7334,3.7375000000000003,3.7377000000000002,3.741,3.7520000000000002,3.7550000000000003,3.7590000000000003,3.7665,3.7668000000000004,3.7724,3.794,3.8041,3.8068,3.8154000000000003,3.8174,3.8292,3.8464,3.8529,3.8548,3.8598000000000003,3.8768000000000002,3.8816,3.8824,3.8834000000000004,3.8857000000000004,3.8915,3.8927,3.8973,3.9011,3.9036000000000004,3.9096,3.9138,3.9149000000000003,3.9223000000000003,3.9244000000000003,3.9492000000000003,3.9539,3.9577,3.9623000000000004,3.9779,3.9791000000000003,3.9884000000000004,3.9949000000000003,3.9989000000000003,4.0083,4.0113,4.0136,4.0149,4.0302,4.0307,4.031000000000001,4.0327,4.0429,4.0469,4.0711,4.0753,4.0759,4.0783000000000005,4.083,4.083200000000001,4.089300000000001,4.0922,4.118
21555:0.49460000000000004,0.5212,0.5479,0.5494,0.5558000000000001,0.5727,0.5736,0.5792,0.5810000000000001,0.5956,0.5964,0.612,0.6135,0.6142000000000001,0.616,0.6242,0.6252,0.6284000000000001,0.6294000000000001,0.6332,0.6411,0.6502,0.6589,0.6785,0.6845,0.6886,0.6916,0.6962,0.7015,0.7037,0.7050000000000001,0.7059000000000001,0.734,0.742,0.7428,0.7528,0.7544000000000001,0.769,0.7697,0.7745000000000001,0.7907000000000001,0.7957000000000001,0.7995,0.8168000000000001,0.8258000000000001,0.8284,0.8369000000000001,0.8432000000000001,0.8532000000000001,0.8541000000000001,0.8705,0.8717,0.8785000000000001,0.8793000000000001,0.8829,0.8852000000000001,0.8875000000000001,0.8929,0.9104000000000001,0.9171,0.9193,0.9217000000000001,0.9254,0.9289000000000001,0.9422,0.9442,0.9534,0.9621000000000001,0.9740000000000001,0.9798,0.9832000000000001,0.9850000000000001,0.9887,0.9895,0.9987,1.0070000000000001,1.0146,1.0154,1.0184,1.0219,1.0617,1.0856000000000001,1.1836,1.2589000000000001,1.2766,1.3049000000000002,1.3152000000000001,1.3704,1.3731,1.3828,1.3893,1.391,1.3939000000000001,1.4048,1.409,1.4098000000000002,1.4132,1.4135,1.4139000000000002,1.4195,1.4279000000000002,1.4468,1.4618,1.4636,1.4707000000000001,1.4762000000000002,1.4774,1.4905000000000002,1.496,1.4986000000000002,1.5037,1.5129000000000001,1.5203,1.5219,1.5270000000000001,1.5296,1.5307000000000002,1.5323,1.5392000000000001,1.5422,1.5427000000000002,1.5533000000000001,1.5646,1.5794000000000001,1.5891000000000002,1.5928,1.6017000000000001,1.6367,1.657,1.6778000000000002,1.6869,1.6956,1.6981000000000002,1.7017,1.7172,1.7256,1.7347000000000001,1.7569000000000001,1.76,1.7745000000000002,1.8139,1.8397000000000001,2.0664000000000002,2.1333,2.1492,2.1501,2.1708000000000003,2.1722,2.1759,2.1864,2.205,2.2236000000000002,2.2247,2.2496,2.2512000000000003,2.2795,2.2948,2.2951,2.2958000000000003,2.3023000000000002,2.3036000000000003,2.3044000000000002,2.3146,2.3165,2.3197,2.3367,2.3394,2.3659,2.3763,2.3772,2.378,2.3798,2.3816,2.4016,2.4081,2.4331,2.4336,2.4481,2.4648000000000003,2.4702,2.4718,2.4807,2.4892000000000003,2.4913000000000003,2.495,2.4964,2.498,2.5011,2.5106,2.5187,2.5420000000000003,2.5653,2.5740000000000003,2.6442,2.8102,2.8415,2.8589,2.8770000000000002,2.9382,2.9554,2.9649,2.9687,2.9699,2.9827000000000004,2.9869000000000003,2.9886,2.9979,3.0039000000000002,3.0049,3.0156,3.0265,3.0369,3.0381,3.0476,3.0494000000000003,3.0524,3.0601000000000003,3.0753000000000004,3.0886,3.0902000000000003,3.0925000000000002,3.0962,3.1142000000000003,3.1158,3.1173,3.1500000000000004,3.1534,3.1596,3.1691000000000003,3.1710000000000003,3.1712000000000002,3.176,3.18,3.1832000000000003,3.1846,3.2058,3.21,3.2276000000000002,3.2318000000000002,3.2326,3.2488,3.2544,3.2605,3.2669,3.2692,3.2867,3.3042000000000002,3.305,3.3085,3.3144,3.3181000000000003,3.3247,3.3412,3.3425000000000002,3.3449,3.3949000000000003,3.4018,3.4177,3.4811,3.4926000000000004,3.5143,3.5173,3.6051,3.6514,3.6741,3.6789,3.6825,3.6864000000000003,3.6977,3.7314000000000003,3.7342,3.7386000000000004,3.7486,3.7493000000000003,3.7499000000000002,3.7558000000000002,3.7611000000000003,3.7763,3.7895000000000003,3.7916000000000003,3.8089000000000004,3.8117,3.8316000000000003,3.8326000000000002,3.8341000000000003,3.8515,3.8534,3.8707000000000003,3.8717,3.8813,3.8842000000000003,3.8857000000000004,3.8913,3.8930000000000002,3.9234,3.9251,3.9255,3.9296,3.9403,3.9409,3.9762000000000004,3.9771,3.9853,3.9878,3.9919000000000002,3.9936000000000003,3.9995000000000003,4.0014,4.0183,4.0251,4.0297,4.0378,4.0384,4.0422,4.043,4.0721,4.0785,4.091,4.0934,4.1093,4.1104,4.1302,4.1357,4.137700000000001,4.1494
21671:0.3556
21673:0.5456,0.5749000000000001,0.6022000000000001,0.6263000000000001,0.6351,0.6558,0.6717000000000001,0.6878000000000001,0.7012,0.7157,0.727,0.7415,0.772,0.7978000000000001,0.8255,0.8339000000000001,0.8504,0.8628,0.8881,0.9203,0.9299000000000001,0.9498000000000001,0.9744,0.9976,1.0146,1.0287,1.0553000000000001,1.0722,1.1071,1.2957,1.3305,1.3687,1.3972,1.4095,1.4346,1.467,1.4899,1.5196,1.5449000000000002,1.5725,1.5911000000000002,1.6053000000000002,1.6258000000000001,1.6397000000000002,1.6532,1.6638000000000002,1.6818000000000002,1.7028,1.7343000000000002,2.0846,2.1101,2.1305,2.1529000000000003,2.1761,2.1879,2.2137000000000002,2.2325,2.2465,2.2599,2.2725,2.2831,2.31,2.3362000000000003,2.3602000000000003,2.3875,2.4147000000000003,2.4338,2.4612000000000003,2.4913000000000003,2.499,2.524,2.5444,2.584,2.8975,2.9328000000000003,2.9693,2.9904,3.0035000000000003,3.0293,3.0493,3.0719000000000003,3.0814000000000004,3.1018000000000003,3.1222000000000003,3.137,3.1603000000000003,3.174,3.1919,3.2065,3.2316000000000003,3.2596000000000003,3.2760000000000002,3.2885,3.3075,3.325,3.3496,3.3862,3.4105000000000003,3.5261,3.6493,3.6865,3.7248,3.7435,3.7659000000000002,3.7958000000000003,3.8209,3.8521,3.8742,3.8908,3.9195,3.934,3.9535,3.9762000000000004,3.9934000000000003,4.0131000000000006,4.0385,4.0509,4.0827,4.1098,4.1327
21708:0.0504,0.1336,0.2015,1.1556,1.8993,2.0054000000000003,2.7976,3.4785000000000004,3.5307
21750:0.06470000000000001,0.0859,0.19410000000000002,0.28,0.4843,0.5661,0.6474000000000001,0.7217,0.7855000000000001,0.8671000000000001,0.9044000000000001,0.9688,1.1856,1.4533,1.5681,1.6231,1.6716,1.7628000000000001,1.9555,2.0222,2.1809000000000003,2.2595,2.2928,2.42,2.5682,2.712,2.7756000000000003,3.0300000000000002,3.0926,3.1549,3.2291000000000003,3.2768,3.3301000000000003,3.5020000000000002,3.5683000000000002,3.7932,3.8683,3.978,4.0281,4.1235
22214:0.0102,0.0194,0.027600000000000003,0.037200000000000004,0.0458,0.055,0.0658,0.0771,0.0873,0.0946,0.1058,0.1139,0.1222,0.1305,0.1406,0.149,0.1615,0.1708,0.1792,0.1902,0.1998,0.2071,0.2159,0.2238,0.23290000000000002,0.2424,0.2521,0.2616,0.2687,0.2761,0.2876,0.2979,0.3064,0.3146,0.3245,0.33180000000000004,0.3408,0.3488,0.35960000000000003,0.37060000000000004,0.3801,0.3905,0.39880000000000004,0.4086,0.4182,0.42550000000000004,0.43620000000000003,0.44920000000000004,0.4606,0.4726,0.4847,0.49760000000000004,0.5132,0.5219,0.5403,1.0566,1.0727,1.1128,1.123,1.1363,1.1461000000000001,1.1540000000000001,1.1702000000000001,1.1811,1.1917,1.2043000000000001,1.217,1.2261,1.2352,1.246,1.2545000000000002,1.2649000000000001,1.2755,1.2884,1.3239,1.7771000000000001,1.7994,1.8144,1.828,1.8381,1.8577000000000001,1.8672000000000002,1.8762,1.8831,1.8913,1.9003,1.9076000000000002,1.9196000000000002,1.9315,1.9407,1.9500000000000002,1.9589,1.9676,1.9777,1.9842000000000002,1.9915,1.9995,2.0073000000000003,2.0176000000000003,2.0324,2.0441000000000003,2.0548,2.0657,2.0869,2.1015,2.595,2.6194,2.6309,2.6399,2.6585,2.6684,2.68,2.6873,2.6962,2.7055000000000002,2.7134,2.7219,2.7324,2.7425,2.7515,2.7606,2.7685,2.7778,2.7867,2.7943000000000002,2.8022,2.8115,2.8251,2.8328,2.8418,2.8563,2.8728000000000002,2.8890000000000002,2.9007,3.4327,3.4428,3.4553000000000003,3.467,3.4765,3.4877000000000002,3.4969,3.5104,3.5209,3.5298000000000003,3.5409,3.5491,3.5594,3.572,3.5795000000000003,3.5894000000000004,3.5981,3.6091,3.6217,3.6342000000000003,3.6500000000000004,3.6614,3.6748000000000003
22219:0.8502000000000001,0.9479000000000001,1.6445,3.0773,3.7764
22366:0.8353,0.9277000000000001,1.4409,2.3515,3.0773,3.1849000000000003,3.2830000000000004,3.8645,4.0056
22392:0.0983,0.6572,0.6807000000000001,0.7185,0.8462000000000001,2.3277,2.4893,3.0451,3.1995,3.9204000000000003
22415:0.6152000000000001,0.6444000000000001,0.6759000000000001,0.7162000000000001,0.746,0.7867000000000001,0.8067000000000001,0.8433,0.8931,0.9242,0.9580000000000001,1.0049000000000001,1.381,1.4162000000000001,1.4682000000000002,1.5162,1.5329000000000002,1.6054000000000002,1.6341,1.6709,2.1897,2.2275,2.2546,2.2833,2.3226,2.3417,2.3868,2.4078,2.4434,2.4584,2.476,2.4873000000000003,2.5075000000000003,2.5534000000000003,3.0338000000000003,3.0648,3.1153,3.1909,3.2230000000000003,3.2699000000000003,3.3049,3.33,3.7425,3.8358000000000003,3.8589,3.8994,3.9637000000000002,3.9782,3.9955000000000003,4.0266,4.1058
22485:0.4767,0.4993,0.5175000000000001,0.5178,0.5271,0.5388000000000001,0.557,0.5664,0.5719000000000001,0.5745,0.5948,0.5988,0.6105,0.6212,0.6401,0.6429,0.6498,0.6612,0.664,0.6704,0.679,0.6908000000000001,0.7302000000000001,0.7465,0.7514000000000001,0.752,0.7524000000000001,0.7547,0.756,0.7647,0.7651,0.7668,0.7681,0.7919,0.7945,0.8172,0.8244,0.8364,0.8576,0.864,0.877,0.88,0.9029,0.9042,0.9089,0.9122,0.915,0.9282,0.9443,0.9811000000000001,0.9823000000000001,1.0145,1.0157,1.0198,1.05,1.067,1.074,1.1404,1.1453,1.2562,1.2649000000000001,1.2887,1.2893000000000001,1.2936,1.2947,1.3028,1.3054000000000001,1.3070000000000002,1.3204,1.3333000000000002,1.3521,1.3612,1.363,1.3701,1.3773,1.3872,1.3887,1.4023,1.4061000000000001,1.4097000000000002,1.4111,1.4220000000000002,1.4328,1.4400000000000002,1.4616,1.4627000000000001,1.4809,1.4855,1.4893,1.491,1.4922,1.5074,1.5106000000000002,1.5245,1.5634000000000001,1.5643,1.5744,1.587,1.5936000000000001,1.5963,1.6079,1.624,1.6498000000000002,1.661,1.6649,1.667,1.6689,1.6880000000000002,1.6958,1.7019000000000002,1.7085000000000001,1.7107,1.7381,1.7493,1.7864,1.7945,2.0153000000000003,2.0764,2.0918,2.1061,2.1247000000000003,2.13,2.1535,2.1603,2.1762,2.1928,2.2278000000000002,2.2305,2.2352000000000003,2.241,2.2478000000000002,2.2536,2.2544,2.2549,2.266,2.2722,2.2744,2.2857000000000003,2.2983000000000002,2.3046,2.3135,2.3203,2.3331,2.3339000000000003,2.3434,2.3529,2.3539000000000003,2.3618,2.3676,2.3821000000000003,2.3829000000000002,2.3855,2.3889,2.3905000000000003,2.3966000000000003,2.3970000000000002,2.3986,2.4216,2.4281,2.4294000000000002,2.4403,2.4517,2.4615,2.4657,2.4696000000000002,2.4769,2.5061,2.5107,2.5112,2.5204,2.5615,2.6052,2.6171,2.6388000000000003,2.6424000000000003,2.8915,2.9067000000000003,2.9074,2.9125,2.9135,2.914,2.9449,2.9623,2.9642,2.9672,2.971,2.9729,2.9787000000000003,3.0113000000000003,3.0166,3.0246,3.0288,3.0292000000000003,3.0295,3.0441000000000003,3.0582000000000003,3.0672,3.0763000000000003,3.0799000000000003,3.0816000000000003,3.0845000000000002,3.1023,3.1035000000000004,3.1062000000000003,3.1096000000000004,3.1102000000000003,3.1279000000000003,3.1310000000000002,3.1368,3.1445000000000003,3.1565000000000003,3.1618,3.1660000000000004,3.1838,3.1899,3.1991,3.2001,3.2030000000000003,3.2094,3.2150000000000003,3.2206,3.2239,3.2263,3.2474000000000003,3.2551,3.2554000000000003,3.2648,3.2679,3.2750000000000004,3.2913,3.2990000000000004,3.2999,3.3017000000000003,3.3160000000000003,3.3188,3.3201,3.3286000000000002,3.3304,3.3306,3.3325,3.3478000000000003,3.3511,3.3523,3.3558000000000003,3.3793,3.4315,3.4341000000000004,3.5596,3.6778,3.6921000000000004,3.6992000000000003,3.7005000000000003,3.7021,3.7122,3.7157,3.7341,3.7364,3.7509,3.7672000000000003,3.7681,3.7686,3.7759,3.7786000000000004,3.7819000000000003,3.7928,3.7957,3.8005,3.8037,3.8119,3.8124000000000002,3.8242000000000003,3.8378,3.8506,3.8545000000000003,3.8569,3.8634000000000004,3.8657000000000004,3.8821000000000003,3.8844000000000003,3.8850000000000002,3.8923,3.9005,3.9019000000000004,3.9062,3.9086000000000003,3.9334000000000002,3.9418,3.9532000000000003,3.9579,3.9591000000000003,3.9603,3.9634,3.9655,3.9677000000000002,3.9754,3.9815,3.9865000000000004,3.9911000000000003,3.9961,3.9974000000000003,3.999,4.0,4.0035,4.0063,4.0079,4.0094,4.0101,4.0198,4.0283,4.0383000000000004,4.0411,4.0442,4.0609,4.0711,4.0727,4.0766,4.0892,4.1143,4.1307,4.137700000000001,4.1398,4.1414
22751:0.8842000000000001,1.6039,3.2089000000000003,3.8747000000000003
22897:0.0383,0.21350000000000002,0.4403,1.1641000000000001,1.9229,2.0145,2.7074000000000003,2.8003,3.5474
23023:1.9708
23149:0.46680000000000005,0.4766,0.4771,0.5027,0.5222,0.5398000000000001,0.5493,0.5595,0.5698,0.5763,0.5958,0.6012000000000001,0.604,0.6118,0.6237,0.6242,0.6295000000000001,0.6368,0.6383,0.6387,0.643,0.6441,0.6517000000000001,0.6556000000000001,0.6588,0.6784,0.6808000000000001,0.6848000000000001,0.7047,0.7071000000000001,0.7143,0.7277,0.7291000000000001,0.7337,0.7398,0.7409,0.7505000000000001,0.7627,0.7826000000000001,0.7865000000000001,0.7913,0.794,0.7951,0.7967000000000001,0.7989,0.8044,0.8078000000000001,0.8132,0.8217,0.8303,0.8350000000000001,0.8356,0.8368,0.8433,0.8471000000000001,0.8543000000000001,0.8564,0.8801,0.8976000000000001,0.8983000000000001,0.8996000000000001,0.9138000000000001,0.9224,0.9278000000000001,0.929,0.9312,0.9348000000000001,0.9574,0.9626,0.9773000000000001,0.9817,0.9981000000000001,1.0086,1.0154,1.0171000000000001,1.0217,1.0241,1.0363,1.0482,1.0645,1.0652000000000001,1.0675000000000001,1.0747,1.0762,1.0837,1.0902,1.0934000000000001,1.1352,1.1923000000000001,1.2669000000000001,1.3059,1.3076,1.308,1.3171000000000002,1.3177,1.3481,1.3495000000000001,1.356,1.3569,1.3671,1.3746,1.3854,1.3908,1.3923,1.4136,1.4198000000000002,1.447,1.4627000000000001,1.4641000000000002,1.4656,1.479,1.4812,1.4865000000000002,1.4959,1.5038,1.5097,1.5132,1.5326000000000002,1.5349000000000002,1.5413000000000001,1.5441,1.5556,1.5569000000000002,1.5572000000000001,1.5654000000000001,1.5811000000000002,1.5886,1.6006,1.6068,1.6226,1.6234000000000002,1.6276000000000002,1.6417000000000002,1.6461000000000001,1.6528,1.6544,1.6576000000000002,1.6586,1.6597000000000002,1.663,1.6736,1.683,1.691,1.6960000000000002,1.6968,1.7023000000000001,1.7124000000000001,1.7234,1.7316,1.7445000000000002,1.7816,1.8193000000000001,1.8429,2.005,2.0337,2.0425,2.0651,2.0702000000000003,2.0946000000000002,2.1047000000000002,2.1144000000000003,2.1253,2.1361,2.1444,2.1503,2.1563,2.157,2.1758,2.1786000000000003,2.1958,2.2042,2.2247,2.2261,2.2366,2.2479,2.2599,2.2715,2.2735000000000003,2.2801,2.2808,2.2845,2.2869,2.2945,2.3122000000000003,2.3126,2.3129,2.3199,2.3213,2.3286000000000002,2.3324000000000003,2.335,2.3353,2.3431,2.3529,2.3576,2.3583000000000003,2.3703000000000003,2.3847,2.4014,2.4032,2.4114,2.4121,2.415,2.4174,2.4177,2.4226,2.4292000000000002,2.4333,2.4495,2.4607,2.4667000000000003,2.4927,2.5079000000000002,2.5118,2.5474,2.5687,2.572,2.5743,2.5784000000000002,2.5802,2.5965000000000003,2.6372,2.8382,2.8418,2.8503000000000003,2.8797,2.8842000000000003,2.9004000000000003,2.9043,2.9175,2.9226,2.9318,2.9438,2.9536000000000002,2.968,2.9719,2.9848000000000003,2.9881,2.9892000000000003,2.9896000000000003,2.9944,3.0025,3.0216000000000003,3.0385,3.0549,3.0603000000000002,3.0626,3.0699,3.0729,3.0818000000000003,3.084,3.085,3.0868,3.0871,3.0900000000000003,3.1002,3.1035000000000004,3.1111,3.1256,3.1304000000000003,3.1326,3.1349,3.1455,3.1522,3.1538,3.1581,3.1585,3.1676,3.1746000000000003,3.1754000000000002,3.1937,3.1955,3.2117,3.2173000000000003,3.2251000000000003,3.2255000000000003,3.2338,3.2550000000000003,3.2559,3.2621,3.2683,3.2728,3.2758000000000003,3.2789,3.2796000000000003,3.2886,3.2899000000000003,3.2956000000000003,3.2997,3.3099000000000003,3.3147,3.3245,3.3431,3.3568000000000002,3.3666,3.3787000000000003,3.3888000000000003,3.3955,3.4094,3.4119,3.4199,3.4288000000000003,3.6097,3.6229,3.6303,3.6424000000000003,3.6506000000000003,3.6576,3.6593,3.6834000000000002,3.6912000000000003,3.7028000000000003,3.7072000000000003,3.7116000000000002,3.7195,3.7403,3.7489000000000003,3.7506000000000004,3.7541,3.7577000000000003,3.7603,3.7625,3.7642,3.798,3.8013000000000003,3.8024,3.8056,3.8168,3.8209,3.8318000000000003,3.8338,3.8367,3.839,3.849,3.8499000000000003,3.8581000000000003,3.8668,3.8804000000000003,3.8863000000000003,3.8979000000000004,3.9008000000000003,3.9066,3.9081,3.9096,3.91,3.9141000000000004,3.9163,3.922,3.9225000000000003,3.9237,3.9283,3.9306,3.9369,3.943,3.9449,3.9777,3.9885,3.9985000000000004,4.0015,4.0255,4.0267,4.0347,4.0374,4.0646,4.0659,4.0698,4.0834,4.0896,4.0914,4.0959,4.1055,4.1367,4.1395,4.1471
23215:0.0189,0.0264,0.0324,0.048100000000000004,0.0741,0.0809,0.0902,0.1013,0.11120000000000001,0.1241,0.1371,0.1495,0.16740000000000002,0.1789,0.19740000000000002,0.20420000000000002,0.2223,0.2399,0.2456,0.27340000000000003,0.2939,0.3084,0.3153,0.3427,0.3544,0.36710000000000004,0.3934,0.4038,0.4212,0.43170000000000003,0.45780000000000004,0.4702,0.501,0.5257000000000001,0.5429,1.0291000000000001,1.0539,1.0635000000000001,1.0831,1.105,1.1203,1.1312,1.1466,1.1564,1.1780000000000002,1.187,1.2031,1.2226000000000001,1.2363,1.2446000000000002,1.2655,1.2927,1.3297,1.7348000000000001,1.7571,1.7819,1.8012000000000001,1.81,1.8311000000000002,1.8423,1.8656000000000001,1.8746,1.8861,1.8969,1.9059000000000001,1.9196000000000002,1.9279000000000002,1.9443000000000001,1.9647000000000001,1.9732,1.9862000000000002,1.998,2.0046,2.0222,2.0365,2.0481000000000003,2.0691,2.0837,2.0997,2.1093,2.1611000000000002,2.5683000000000002,2.5902000000000003,2.6192,2.6263,2.6429,2.6643000000000003,2.6777,2.693,2.7033,2.7174,2.7253000000000003,2.7429,2.7622,2.7811000000000003,2.7931,2.8000000000000003,2.8179000000000003,2.8353,2.8433,2.8652,2.8944,2.9017,2.9602,3.3826,3.4175,3.4416,3.4533,3.4698,3.4797000000000002,3.4971,3.523,3.5312,3.5514,3.5682,3.5781,3.6014000000000004,3.6104000000000003,3.6394,3.6478,3.6774,3.7026000000000003,4.1174,4.127400000000001
23234:0.0074,0.0244,0.058,0.0889,0.1066,0.14020000000000002,0.217,0.24630000000000002,0.2647,0.27690000000000003,0.3866,0.4037,1.1404,1.1533,1.1740000000000002,1.2155,1.2593,1.8735000000000002,1.9137000000000002,1.9280000000000002,1.9784000000000002,2.0002,2.6466000000000003,2.7099,2.732,2.7630000000000003,2.8183000000000002,2.8419000000000003,3.4816000000000003,3.5786000000000002
23350:0.11760000000000001,0.2242,0.2793,0.4214,0.4652,0.5097,0.5431,0.5803,0.6135,0.6665,0.7107,0.7638,0.8054,0.8479,0.9052,0.9658,1.0068000000000001,1.0375,1.0663,1.1024,1.1447,1.1949,1.2536,1.2919,1.3299,1.3596000000000001,1.3941000000000001,1.4422000000000001,1.5028000000000001,1.5539,1.6217000000000001,1.6594,1.7033,1.7397,1.7733,1.8192000000000002,1.8765,2.0264,2.0771,2.1172,2.1468000000000003,2.1803,2.2150000000000003,2.2546,2.3056,2.3552,2.4021,2.4541,2.4992,2.5316,2.5632,2.5951,2.6468000000000003,2.7557,2.8378,2.8844000000000003,2.9213,2.9613,2.9985,3.041,3.1061,3.1460000000000004,3.1875,3.2411000000000003,3.2947,3.338,3.3651,3.4031000000000002,3.4370000000000003,3.4850000000000003,3.5633000000000004,3.6323000000000003,3.6635,3.6974,3.7355,3.7778,3.853,3.8928000000000003,3.9453,3.9961,4.0469,4.0852,4.12
23353:0.0256,0.0332,0.0531,0.06330000000000001,0.0724,0.0908,0.1005,0.11220000000000001,0.1384,0.14750000000000002,0.1597,0.18960000000000002,0.1998,0.2205,0.23650000000000002,0.248,0.264,0.2811,0.29250000000000004,0.3065,0.33840000000000003,0.3548,0.3759,0.3961,0.4131,0.42500000000000004,0.44420000000000004,0.47450000000000003,0.4824,0.5157,0.5251,0.5702,0.6391,0.6832,0.7289,0.7558,0.7944,0.8265,0.8609,0.8986000000000001,0.9503,1.0404,1.0731,1.0971,1.1039,1.1204,1.1457000000000002,1.1769,1.1974,1.2076,1.2422,1.2592,1.2718,1.2835,1.3118,1.32,1.3794,1.4264000000000001,1.4752,1.524,1.5771000000000002,1.611,1.6464,1.6859000000000002,1.7203000000000002,1.7514,1.7643,1.7964,1.8255000000000001,1.8439,1.8647,1.8755000000000002,1.9014000000000002,1.9268,1.9422000000000001,1.9517,1.9634,1.9772,2.0006,2.0216000000000003,2.0342000000000002,2.0505,2.0908,2.1011,2.1641,2.1968,2.2539000000000002,2.2909,2.3339000000000003,2.3659,2.4075,2.4442,2.4905,2.5329,2.5648,2.6028000000000002,2.6178,2.6428000000000003,2.6665,2.6849000000000003,2.7005000000000003,2.7126,2.7216,2.741,2.7469,2.7634000000000003,2.7724,2.7785,2.7924,2.8120000000000003,2.8339000000000003,2.8554,2.8774,2.9072,2.9269000000000003,2.9386,2.9661,3.0013,3.0697,3.1097,3.1553,3.2023,3.2258,3.2516000000000003,3.2864,3.3336,3.395,3.4089,3.4272,3.4587000000000003,3.49,3.4994,3.5213,3.5295,3.5469000000000004,3.5618000000000003,3.5952,3.6311,3.6621,3.7087000000000003,3.7906,3.8436000000000003,3.9101000000000004,3.9709000000000003,4.002400000000001,4.0595,4.1135,4.1338
23668:0.1577,0.3749,0.44580000000000003,0.46480000000000005,0.4897,0.508,0.5235000000000001,0.5377000000000001,0.5482,0.5589000000000001,0.5703,0.5800000000000001,0.5910000000000001,0.6009,0.6092000000000001,0.6173000000000001,0.6239,0.6323000000000001,0.6406000000000001,0.6486000000000001,0.6607000000000001,0.6694,0.679,0.6862,0.6956,0.7060000000000001,0.7138,0.7220000000000001,0.732,0.7401,0.7506,0.76,0.7698,0.779,0.7881,0.7957000000000001,0.8046000000000001,0.8126,0.8214,0.8286,0.8373,0.8455,0.8546,0.8629,0.8702000000000001,0.8801,0.8885000000000001,0.8978,0.9043,0.9148000000000001,0.9235000000000001,0.9319000000000001,0.9416,0.9495,0.9596,0.9664,0.9778,0.9857,0.9957,1.0071,1.0163,1.0258,1.0352000000000001,1.0476,1.0604,1.0831,1.0926,1.1048,1.1414,1.1603,1.1872,1.2314,1.256,1.2796,1.2930000000000001,1.3077,1.3211000000000002,1.3378,1.3511,1.3622,1.3735000000000002,1.3840000000000001,1.3924,1.4006,1.4083,1.4163000000000001,1.4242000000000001,1.4313,1.4409,1.4493,1.4609,1.4709,1.4812,1.4906000000000001,1.5028000000000001,1.5123,1.5202,1.5306000000000002,1.5392000000000001,1.5474,1.5593000000000001,1.5683,1.5787,1.588,1.5984,1.6061,1.6156000000000001,1.6265,1.6342,1.6419000000000001,1.6504,1.6589,1.6682000000000001,1.6769,1.6878000000000002,1.6971,1.7048,1.7157,1.7245000000000001,1.7367000000000001,1.746,1.7574,1.7733,1.7894,1.8139,1.8415000000000001,1.8651,1.9128,2.0471,2.0641000000000003,2.08,2.0915,2.1033,2.1148000000000002,2.1318,2.1417,2.1569000000000003,2.1653000000000002,2.1735,2.1811000000000003,2.1884,2.1966,2.2054,2.2142,2.2211000000000003,2.2285,2.2367,2.2472000000000003,2.2554000000000003,2.265,2.273,2.2833,2.2909,2.2997,2.3096,2.3185000000000002,2.3268,2.3372,2.3461000000000003,2.3548,2.3632,2.3698,2.3774,2.3855,2.3962000000000003,2.4047,2.4117,2.4210000000000003,2.428,2.4356,2.4459,2.4538,2.4642,2.4726,2.4808000000000003,2.4882,2.4971,2.5056000000000003,2.5152,2.5260000000000002,2.5362,2.5460000000000003,2.5573,2.5717000000000003,2.5823,2.5972,2.64,2.6917,2.8133000000000004,2.8456,2.8635,2.8811,2.8998,2.9101000000000004,2.9226,2.9349000000000003,2.944,2.956,2.9638,2.972,2.9821,2.9907000000000004,3.0032,3.0129,3.0233000000000003,3.0326,3.0391000000000004,3.0486,3.0580000000000003,3.0668,3.075,3.0833,3.0932,3.1017,3.1107,3.1191,3.1301,3.1376,3.1476,3.1555,3.1637,3.1707,3.1776,3.1875,3.1939,3.2018,3.2119,3.2229,3.2301,3.2395,3.2479,3.2576,3.2667,3.2751,3.2826,3.2912000000000003,3.2988,3.3087,3.3188,3.3272000000000004,3.3363,3.345,3.3535000000000004,3.3646000000000003,3.3738,3.3923,3.4025000000000003,3.415,3.4513000000000003,3.4962,3.5413,3.5814000000000004,3.6060000000000003,3.6300000000000003,3.6550000000000002,3.6660000000000004,3.6832000000000003,3.6967000000000003,3.7094,3.7194000000000003,3.7298,3.7386000000000004,3.7512000000000003,3.7626000000000004,3.7715,3.7795,3.7898,3.7987,3.8081,3.8178,3.8288,3.8378,3.8476000000000004,3.8552000000000004,3.8691,3.8767,3.8852,3.8931,3.9025000000000003,3.9104,3.9182,3.9271000000000003,3.9368000000000003,3.9455,3.954,3.9631000000000003,3.9716,3.979,3.9893,3.9975,4.0049,4.0128,4.0255,4.0341000000000005,4.0423,4.0518,4.0601,4.0721,4.0827,4.0937,4.1054,4.1159,4.1321,4.1427000000000005
23798:2.2233,3.1461
23985:0.0079,0.0132,0.015000000000000001,0.026600000000000002,0.0285,0.0358,0.06860000000000001,0.0709,0.0782,0.07880000000000001,0.1013,0.10360000000000001,0.11370000000000001,0.12040000000000001,0.1221,0.1264,0.1268,0.1303,0.1406,0.1414,0.1466,0.14930000000000002,0.15960000000000002,0.16060000000000002,0.1739,0.1996,0.2082,0.2107,0.2167,0.2209,0.23520000000000002,0.2364,0.2368,0.24550000000000002,0.24680000000000002,0.24710000000000001,0.2548,0.26680000000000004,0.2695,0.2773,0.28190000000000004,0.2821,0.2901,0.2903,0.2954,0.2975,0.3039,0.3059,0.30820000000000003,0.31270000000000003,0.32180000000000003,0.3415,0.3432,0.3502,0.3504,0.3729,0.3775,0.384,0.38470000000000004,0.39230000000000004,0.4143,0.4187,0.4212,0.4242,0.4469,0.44870000000000004,0.45020000000000004,0.4531,0.4631,0.46490000000000004,0.4707,0.4767,0.48050000000000004,0.48190000000000005,0.5058,0.5532,0.9877,0.9890000000000001,1.0225,1.0277,1.06,1.0913000000000002,1.0987,1.1062,1.1203,1.1291,1.135,1.1366,1.1485,1.1814,1.1844000000000001,1.2055,1.229,1.233,1.2333,1.2354,1.2365000000000002,1.2671000000000001,1.2722,1.2778,1.2828000000000002,1.2903,1.3076,1.3151000000000002,1.3648,1.3715000000000002,1.7342000000000002,1.7368000000000001,1.7517,1.7866000000000002,1.7870000000000001,1.8201,1.8265,1.8297,1.8428,1.8439,1.8522,1.8549,1.8596000000000001,1.8626,1.8728,1.873,1.8782,1.8854000000000002,1.8888,1.8948,1.9193,1.9453,1.9460000000000002,1.9577,1.9648,2.0135,2.0177,2.0245,2.0311,2.044,2.0445,2.0534,2.06,2.0716,2.092,2.0969,2.1224000000000003,2.1231,2.1238,2.492,2.5022,2.5127,2.559,2.563,2.5766,2.5784000000000002,2.5935,2.6234,2.6317,2.6404,2.6457,2.6556,2.6599,2.6601,2.6644,2.6916,2.6941,2.6945,2.705,2.7062,2.7081,2.7083,2.713,2.7279,2.7318000000000002,2.7342,2.7365,2.7431,2.7446,2.7564,2.7607,2.7731000000000003,2.7863,2.7869,2.7877,2.7884,2.8102,2.8143000000000002,2.8161,2.8258,2.8275,2.8411,2.85,2.8777,2.8889,2.8895,2.8909000000000002,2.8916,2.9233000000000002,2.9331,2.9410000000000003,2.9471000000000003,2.9645,3.4410000000000003,3.4468,3.4528000000000003,3.4582,3.4609,3.4729,3.4752,3.482,3.4855,3.5116,3.5161000000000002,3.5369,3.5371,3.5521000000000003,3.5631000000000004,3.5719000000000003,3.5777,3.5984000000000003,3.6198,3.6663,3.6921000000000004,3.6996,3.724,3.7251000000000003,3.7281,4.0716,4.1128,4.113300000000001,4.121300000000001,4.126,4.1323,4.1437
24127:1.7149
24150:0.0291,0.047400000000000005,0.0629,0.0881,0.10830000000000001,0.12390000000000001,0.1454,0.16390000000000002,0.1862,0.21080000000000002,0.22820000000000001,0.2441,0.26730000000000004,0.28750000000000003,0.3047,0.33030000000000004,0.3551,0.37920000000000004,0.399,0.4168,0.4343,0.4514,0.4671,0.4877,0.5039,0.5198,0.5399,0.5595,0.5800000000000001,0.5983,0.6178,0.6355000000000001,0.663,0.6851,0.7085,0.7342000000000001,0.7587,0.7755000000000001,0.7927000000000001,0.8099000000000001,0.8327,0.8495,0.8734000000000001,0.9022,0.9237000000000001,0.9525,0.9754,0.9955,1.016,1.0338,1.0501,1.0672000000000001,1.0861,1.1001,1.1187,1.1389,1.1541000000000001,1.1755,1.1935,1.2148,1.2363,1.2547000000000001,1.2729000000000001,1.2908000000000002,1.3111000000000002,1.3279,1.3451,1.3593000000000002,1.379,1.3975,1.4148,1.4378,1.4709,1.4869,1.5049000000000001,1.5277,1.5508000000000002,1.5739,1.5985,1.6152,1.6358000000000001,1.6538000000000002,1.6732,1.6952,1.7134,1.7284000000000002,1.7462,1.7642,1.7797,1.7975,1.8145,1.8334000000000001,1.8528,1.8716000000000002,1.889,1.9091,1.9319000000000002,1.9515,1.9752,1.9941000000000002,2.0121,2.0306,2.0539,2.068,2.0853,2.1004,2.1191,2.1338,2.1523000000000003,2.1718,2.1871,2.2053000000000003,2.2213000000000003,2.2376,2.2562,2.2809,2.3055000000000003,2.3316,2.354,2.3755,2.3992,2.4219,2.451,2.4735,2.4961,2.5168,2.5376000000000003,2.5526,2.5700000000000003,2.5855,2.6013,2.6202,2.6399,2.6575,2.681,2.6996,2.7176,2.7390000000000003,2.7560000000000002,2.7776,2.8004000000000002,2.8147,2.8307,2.845,2.8614,2.8774,2.8922000000000003,2.9093,2.9227000000000003,2.9429000000000003,2.9615,2.9803,2.9964,3.0172000000000003,3.0399000000000003,3.0624000000000002,3.0852,3.1069,3.1254,3.1461,3.168,3.1879,3.2150000000000003,3.2405,3.2638000000000003,3.2853000000000003,3.3018,3.3168,3.334,3.3503000000000003,3.3718000000000004,3.3907000000000003,3.4073,3.4233000000000002,3.4402000000000004,3.4578,3.4725,3.4878,3.5020000000000002,3.5223,3.5428,3.5625,3.5799000000000003,3.5995000000000004,3.6203000000000003,3.6362,3.6540000000000004,3.6678,3.6877,3.7008,3.7174,3.7350000000000003,3.7536,3.7779000000000003,3.8061000000000003,3.8339000000000003,3.8537000000000003,3.8707000000000003,3.8918000000000004,3.9202000000000004,3.9439,3.9717000000000002,3.9932000000000003,4.0187,4.0455000000000005,4.0647,4.0831,4.1041,4.1219,4.1394
24428:0.6667000000000001,0.7125,0.7489,0.7888000000000001,0.8394,0.9066000000000001,0.9912000000000001,1.4296,1.5155,1.6243,1.6513,2.2225,2.2596000000000003,2.3201,2.3852,2.42,2.4793000000000003,3.0403000000000002,3.1119000000000003,3.1910000000000003,3.2238,3.2542,3.2982,3.9320000000000004,3.9693,4.0217
24538:0.1189,0.45830000000000004,1.1529,1.9646000000000001,2.7256,3.5073000000000003
24545:0.0634,0.4388,1.9014000000000002,1.9348,2.0162,2.7102,3.5433000000000003
24642:0.1283
24757:0.6407,0.6771,0.7746000000000001,0.8469,0.892,0.9453,0.9699000000000001,1.4735,1.5224,1.5668,1.6045,1.6773,2.148,2.1915,2.2872,2.4433000000000002,2.4972000000000003,3.064,3.0955000000000004,3.2350000000000003,3.3107,3.3338,3.7772,3.907,3.9616000000000002,4.055000000000001,4.0737000000000005,4.1062
24792:0.0175,0.029,0.053200000000000004,0.0833,0.11470000000000001,0.14350000000000002,0.1718,0.1927,0.21480000000000002,0.2434,0.273,0.28150000000000003,0.3105,0.333,0.34500000000000003,0.3684,0.40030000000000004,0.4359,0.4539,0.508,1.1259000000000001,1.1491,1.1896,1.2366000000000001,1.2655,1.8391000000000002,1.871,1.8935000000000002,1.9183000000000001,1.9409,1.9532,1.9771,2.0056000000000003,2.0386,2.6347,2.6618,2.6923,2.7262,2.7532,2.7699000000000003,2.7791,2.8031,2.8446000000000002,2.866,3.4785000000000004,3.5034,3.531,3.5581,3.5874,3.6205000000000003
24917:3.5524
24926:0.029500000000000002,0.048100000000000004,0.061000000000000006,0.0956,0.1106,0.1484,0.17900000000000002,0.23450000000000001,0.25680000000000003,0.2878,0.3145,0.3624,0.37370000000000003,0.42910000000000004,0.4509,0.4697,0.49410000000000004,0.5129,0.5288,0.5519000000000001,0.5777,0.5985,0.6133000000000001,0.6258,0.6378,0.6525000000000001,0.6664,0.6763,0.6868000000000001,0.7088,0.7255,0.7377,0.7469,0.7606,0.7746000000000001,0.7953,0.8068000000000001,0.8219000000000001,0.8328,0.8508,0.863,0.8759,0.8929,0.9054000000000001,0.9201,0.934,0.9500000000000001,0.9666,0.9835,0.9928,1.0153,1.0257,1.0556,1.0659,1.0924,1.1541000000000001,1.1925000000000001,1.2136,1.2422,1.2632,1.3034000000000001,1.3274000000000001,1.3504,1.3644,1.3804,1.3932,1.4068,1.4176,1.4316,1.4502000000000002,1.4653,1.4903000000000002,1.5071,1.5189000000000001,1.5297,1.5392000000000001,1.5525,1.5647,1.5927,1.6041,1.6176000000000001,1.6374000000000002,1.6611,1.6742000000000001,1.6843000000000001,1.6998,1.7226000000000001,1.7342000000000002,1.7595,1.7774,1.8007000000000002,1.8186,1.8421,1.8521,1.9005,1.9223000000000001,1.9824000000000002,1.9974,2.0305,2.0483000000000002,2.0731,2.0959000000000003,2.1061,2.1216,2.1598,2.1817,2.1938,2.2069,2.2199,2.2306,2.2449,2.2708,2.281,2.3000000000000003,2.3141000000000003,2.3251,2.3393,2.3514,2.3658,2.3773,2.4004000000000003,2.4134,2.427,2.4493,2.4648000000000003,2.4770000000000003,2.4895,2.5028,2.5176000000000003,2.5388,2.5539,2.5779,2.5978000000000003,2.6375,2.6561,2.6941,2.7213000000000003,2.7673,2.7964,2.8136,2.8265000000000002,2.8692,2.8876,2.9084000000000003,2.9296,2.9518,2.9653,2.9813,2.9933,3.0188,3.0311000000000003,3.0414000000000003,3.0540000000000003,3.0687,3.0855,3.099,3.1087000000000002,3.1252,3.1363000000000003,3.1533,3.1638,3.1806,3.194,3.2101,3.2205000000000004,3.2397,3.2609000000000004,3.2729000000000004,3.2919,3.3045,3.3165,3.3301000000000003,3.3474000000000004,3.3622,3.3765,3.4088000000000003,3.4283,3.4693,3.5009,3.5127,3.5367,3.5495,3.5834,3.5941,3.6125000000000003,3.6356,3.6613,3.6727000000000003,3.7009000000000003,3.7249000000000003,3.738,3.7608,3.7737000000000003,3.7861000000000002,3.7996000000000003,3.829,3.8534,3.8720000000000003,3.8842000000000003,3.8949000000000003,3.9184,3.9333,3.9467000000000003,3.9593000000000003,3.9763,3.9938000000000002,4.0071,4.0198,4.0418,4.0626,4.0853,4.1009,4.1177,4.139
25038:0.030600000000000002,0.0475,0.07050000000000001,0.0961,0.111,0.1393,0.1628,0.1809,0.2059,0.22210000000000002,0.24330000000000002,0.2674,0.2873,0.3044,0.3194,0.3503,0.366,0.38630000000000003,0.4027,0.42450000000000004,0.447,0.4728,0.4943,1.1555,1.1788,1.2158,1.2434,1.2716,1.8410000000000002,1.8653000000000002,1.9006,1.9175,1.9454,1.9668,1.9888000000000001,2.0091,2.0269,2.0482,2.1087000000000002,2.6412,2.6934,2.7084,2.736,2.7514000000000003,2.7717,2.7844,2.7964,2.8193,2.8376,2.9040000000000004,3.1443000000000003,3.3146,3.4973,3.5251,3.547,3.5638,3.5941,3.6256000000000004,3.6515
25252:0.0751,0.454,0.544,0.6991,1.4637,1.6443,1.7071,2.0402,2.2543,2.3758,2.9022,2.9582,3.0068,3.1805000000000003,3.2747,3.3559,3.5664000000000002,3.7979000000000003,3.8409,3.8968000000000003,3.9144,4.0748
25324:0.34790000000000004,1.2507000000000001,1.9414
25430:0.0239,0.049300000000000004,0.0818,0.1221,0.14880000000000002,0.1754,0.1966,0.24070000000000003,0.2766,0.3053,0.3442,0.3932,0.4258,0.467,0.503,1.0621,1.1318000000000001,1.1534,1.1847,1.2061,1.2352,1.2929000000000002,1.7989000000000002,1.8402,1.8706,1.8960000000000001,1.9237000000000002,1.9652,1.9865000000000002,2.0039000000000002,2.0353,2.0709,2.108,2.5926,2.6411000000000002,2.6785,2.6971000000000003,2.7264,2.7614,2.7908,2.8360000000000003,2.8976,3.4526000000000003,3.4774000000000003,3.5256000000000003,3.568,3.6025,3.6437000000000004
25432:0.5838,0.6217,0.6627000000000001,0.6976,0.7366,0.772,0.8067000000000001,0.8355,0.8656,0.9006000000000001,0.9295,0.9671000000000001,1.0113,1.3906,1.4204,1.4582000000000002,1.5048000000000001,1.5454,1.6016000000000001,1.639,1.6782000000000001,1.7213,2.1710000000000003,2.2007000000000003,2.2242,2.2589,2.2932,2.3249,2.3579000000000003,2.3850000000000002,2.4149000000000003,2.4397,2.4747,2.5083,2.9413,2.9844,3.0257,3.0602,3.0975,3.1247000000000003,3.1580000000000004,3.1911,3.2278000000000002,3.2539000000000002,3.2832000000000003,3.3242000000000003,3.3512,3.7327000000000004,3.7774,3.8202000000000003,3.8598000000000003,3.8925,3.9207,3.9589000000000003,3.995,4.0315,4.0648
25447:0.042,0.30610000000000004,0.3854
25725:0.12990000000000002,0.1895,0.2982,0.381,0.4247,0.4562,0.47050000000000003,1.2242,1.9612,2.0163,2.0496000000000003,2.7319,2.8036000000000003,3.5157000000000003,3.5618000000000003,3.6527000000000003
25792:0.452,0.46440000000000003,0.4811,0.49250000000000005,0.5053,0.5149,0.5241,0.5358,0.5438000000000001,0.5516,0.5601,0.5685,0.5761000000000001,0.5842,0.5924,0.5995,0.6063000000000001,0.6142000000000001,0.6211,0.627,0.6337,0.6424000000000001,0.6499,0.6575000000000001,0.6638000000000001,0.6706000000000001,0.6786,0.686,0.6936,0.7010000000000001,0.7084,0.7163,0.7240000000000001,0.7305,0.738,0.7445,0.7539,0.761,0.7678,0.7747,0.7817000000000001,0.7897000000000001,0.7967000000000001,0.8031,0.8106,0.8184,0.8250000000000001,0.8313,0.8377,0.8456,0.8527,0.8608,0.8681000000000001,0.8764000000000001,0.8829,0.8892,0.8952,0.9015000000000001,0.9086000000000001,0.9159,0.923,0.9296000000000001,0.9365,0.9440000000000001,0.9518000000000001,0.9592,0.9670000000000001,0.9754,0.9828,0.9900000000000001,0.9989,1.0076,1.0161,1.024,1.0319,1.042,1.0502,1.0619,1.0747,1.0872,1.0948,1.105,1.1347,1.1518000000000002,1.177,1.1913,1.2272,1.2549000000000001,1.2669000000000001,1.2798,1.2905,1.3010000000000002,1.3087,1.3203,1.3298,1.338,1.3474000000000002,1.355,1.3638000000000001,1.3729,1.3799000000000001,1.3874,1.3946,1.4018000000000002,1.4093,1.4160000000000001,1.4229,1.4293,1.4361000000000002,1.4434,1.4502000000000002,1.4581000000000002,1.4654,1.4727000000000001,1.4801,1.4865000000000002,1.4943,1.5021,1.5084,1.5148000000000001,1.5248000000000002,1.5312000000000001,1.5382,1.5462,1.5542,1.5619,1.5690000000000002,1.5763,1.5852000000000002,1.5934000000000001,1.5996000000000001,1.6068,1.6145,1.621,1.6272,1.6337000000000002,1.6421000000000001,1.6501000000000001,1.6563,1.665,1.6733,1.6806,1.6883000000000001,1.6951,1.7023000000000001,1.711,1.7185000000000001,1.7263000000000002,1.7342000000000002,1.7424000000000002,1.7493,1.7575,1.768,1.7773,1.7941,1.8071000000000002,1.8177,1.8390000000000002,2.0220000000000002,2.0483000000000002,2.0606,2.0748,2.0852,2.097,2.1058,2.1146000000000003,2.1235,2.1329000000000002,2.1405000000000003,2.148,2.1569000000000003,2.1641,2.1708000000000003,2.1781,2.186,2.1925,2.1992000000000003,2.2059,2.213,2.2202,2.2267,2.2341,2.2422,2.2492,2.2560000000000002,2.2628,2.2702,2.277,2.2835,2.2913,2.298,2.3046,2.313,2.3200000000000003,2.3267,2.3345000000000002,2.3421000000000003,2.3489,2.3551,2.3637,2.3698,2.3761,2.3831,2.3906,2.3983000000000003,2.4053,2.4114,2.4196,2.4259,2.4332000000000003,2.4398,2.447,2.4549000000000003,2.4625,2.4689,2.4759,2.482,2.4888,2.4955000000000003,2.5029,2.5111000000000003,2.5183,2.5272,2.5359000000000003,2.544,2.5507,2.5607,2.5689,2.5758,2.5845000000000002,2.5937,2.6065,2.6273,2.6455,2.8149,2.8384,2.8549,2.865,2.8804000000000003,2.8927,2.9046000000000003,2.9127,2.9203,2.928,2.9384,2.9468,2.9548,2.9625000000000004,2.9698,2.9774000000000003,2.9838,2.99,2.9978000000000002,3.0060000000000002,3.0134000000000003,3.0212000000000003,3.0276,3.0340000000000003,3.0398,3.0483000000000002,3.0551,3.0624000000000002,3.0686,3.0754,3.0816000000000003,3.0914,3.0998,3.1072,3.1143,3.1218000000000004,3.1309,3.1371,3.145,3.1513,3.1578,3.1638,3.1697,3.1753,3.1834000000000002,3.1903,3.1986000000000003,3.2052,3.2122,3.2195,3.2273,3.2346000000000004,3.2417000000000002,3.248,3.2554000000000003,3.2625,3.2692,3.2769000000000004,3.2838000000000003,3.2901000000000002,3.2978,3.3054,3.3136,3.3205,3.3281,3.3345000000000002,3.3421000000000003,3.349,3.3583000000000003,3.3711,3.3794,3.3893,3.3975,3.407,3.4165,3.4269000000000003,3.4386,3.4515000000000002,3.4965,3.5417,3.6092,3.6234,3.6377,3.6501,3.6586000000000003,3.6676,3.6781,3.6869,3.6975000000000002,3.7065,3.7145,3.7223,3.7303,3.7383,3.7457000000000003,3.7528,3.7600000000000002,3.7661000000000002,3.7726,3.7797,3.7871,3.7945,3.8007,3.8083,3.8163,3.8226,3.8292,3.8368,3.8435,3.8521,3.8597,3.8688000000000002,3.8752,3.8814,3.8877,3.8936,3.9004000000000003,3.9082000000000003,3.9147000000000003,3.9222,3.9295,3.9377,3.9449,3.9522000000000004,3.9594,3.9692000000000003,3.976,3.9828,3.9898000000000002,3.9962,4.0026,4.0091,4.0152,4.0243,4.031000000000001,4.0379000000000005,4.0439,4.0517,4.059,4.0674,4.0757,4.0829,4.0929,4.0997,4.1096,4.1204,4.1298,4.1368,4.1448
25844:0.10650000000000001,0.1857,0.3133,0.376,0.48150000000000004,0.8550000000000001,1.8575000000000002,1.9284000000000001,1.9951,2.7113,2.8397,3.1215,3.519,3.5595000000000003,3.6219
25895:0.5669000000000001,0.627,0.646,0.6884,0.7100000000000001,0.7242000000000001,0.7534000000000001,0.8160000000000001,0.8485,0.9052,0.9306000000000001,0.9529000000000001,1.0190000000000001,1.0514000000000001,1.0985,1.3189,1.4076,1.4226,1.4865000000000002,1.5783,1.5878,1.6316000000000002,1.6462,1.6937,1.7201000000000002,1.7481,2.1858,2.2001,2.2416,2.2588,2.2873,2.3309,2.3598,2.3702,2.3794,2.3963,2.4153000000000002,2.4272,2.4761,2.4937,2.5102,2.956,2.9819,3.0362,3.0478,3.0669,3.0782000000000003,3.1201000000000003,3.1355,3.1579,3.1754000000000002,3.1941,3.2255000000000003,3.2470000000000003,3.258,3.2731000000000003,3.2904,3.306,3.3521,3.7292,3.7525000000000004,3.7784,3.8108,3.8357,3.8917,3.9092000000000002,3.9426,3.9579,3.978,3.9935
25905:0.026500000000000003,0.20570000000000002,0.34740000000000004,0.4383,0.48400000000000004,1.2566000000000002,2.0031,2.7039,2.7666
25910:0.4612,0.48650000000000004,0.5077,0.5265000000000001,0.5435,0.5636,0.5738,0.5922000000000001,0.6033000000000001,0.6129,0.6219,0.6299,0.6514,0.6627000000000001,0.6731,0.6882,0.6987,0.7236,0.7342000000000001,0.7438,0.7619,0.7727,0.7817000000000001,0.7908000000000001,0.7986000000000001,0.8081,0.8173,0.8262,0.8406,0.8504,0.8601000000000001,0.8691000000000001,0.8856,0.8927,0.9018,0.9092,0.9185000000000001,0.9341,0.9464,0.9572,0.9738,0.9828,0.9915,1.0012,1.0112,1.0227,1.0336,1.0489,1.0626,1.0752000000000002,1.0902,1.1039,1.1444,1.1691,1.1971,1.2442,1.2657,1.2901,1.3090000000000002,1.3236,1.3406,1.3559,1.3699000000000001,1.3803,1.397,1.4068,1.4220000000000002,1.4314,1.4596,1.4688,1.4805000000000001,1.4969000000000001,1.5139,1.5355,1.5514000000000001,1.5611000000000002,1.5707,1.5821,1.5917000000000001,1.6026,1.6108,1.6201,1.6300000000000001,1.6526,1.6616000000000002,1.6705,1.6805,1.6909,1.7013,1.711,1.7205000000000001,1.7299,1.7590000000000001,1.7785000000000002,1.8017,1.8237,1.8496000000000001,2.0500000000000003,2.0694,2.0852,2.1015,2.1131,2.1227,2.1389,2.1467,2.1605000000000003,2.1775,2.1931000000000003,2.2011000000000003,2.2091000000000003,2.2181,2.2259,2.2339,2.2418,2.2515,2.2691,2.2784,2.2893,2.2989,2.3081,2.3189,2.33,2.3487,2.3573,2.3718,2.3888000000000003,2.4075,2.415,2.4289,2.439,2.4574000000000003,2.4694000000000003,2.4850000000000003,2.4968,2.5171,2.5305,2.5414000000000003,2.5515000000000003,2.5654,2.5781,2.5934,2.6455,2.8212,2.8506,2.8699000000000003,2.8865000000000003,2.906,2.9173,2.9279,2.9473000000000003,2.9676,2.9753000000000003,2.9911000000000003,3.0036,3.0218000000000003,3.0300000000000002,3.0388,3.0562,3.0657,3.0748,3.0854000000000004,3.0962,3.1055,3.1218000000000004,3.1331,3.1415,3.1508000000000003,3.1595,3.1688,3.1773000000000002,3.1896,3.2054,3.2171000000000003,3.2333000000000003,3.2419000000000002,3.2503,3.2594000000000003,3.2688,3.2778,3.2856,3.2938,3.3023000000000002,3.3124000000000002,3.3293000000000004,3.3406000000000002,3.3497000000000003,3.3773,3.3949000000000003,3.4083,3.4557,3.5095,3.6097,3.6374,3.6591,3.6709,3.6882,3.7104000000000004,3.7216,3.7331000000000003,3.7519,3.7634000000000003,3.774,3.782,3.7919,3.8014,3.8105,3.821,3.8398000000000003,3.8520000000000003,3.8768000000000002,3.8857000000000004,3.8952,3.9127,3.9212000000000002,3.9299000000000004,3.9475000000000002,3.9593000000000003,3.978,3.9844000000000004,4.0003,4.0096,4.018800000000001,4.0368,4.0452,4.055000000000001,4.0644,4.0768,4.1075,4.1189,4.1349,4.1468
25918:0.6437,0.7001000000000001,0.7835000000000001,0.8402000000000001,0.891,0.9619000000000001,1.4272,1.5170000000000001,1.6106,1.6824000000000001,2.2212,2.2942,2.3577,2.4301,2.4913000000000003,2.9930000000000003,3.0718,3.1235,3.1895000000000002,3.2481,3.3421000000000003,3.8212,3.8917,3.9572000000000003,4.0231
26246:0.676,0.7445,0.8364,0.9148000000000001,0.9827,1.4984000000000002,2.1522,2.1761,2.2732,2.3806000000000003,2.427,2.4713000000000003,2.4958,2.6020000000000003,2.9431000000000003,3.1382000000000003,3.2159,3.2782,3.7431,3.8803,3.9423000000000004,4.024900000000001,4.0876
26408:3.7373000000000003
26469:0.1615,0.5468000000000001,0.5787,0.6068,0.6326,0.6688000000000001,0.6939000000000001,0.7161000000000001,0.7391000000000001,0.7721,0.7994,0.8309000000000001,0.8583000000000001,0.8887,0.9235000000000001,0.9504,0.9784,1.0249000000000001,1.0687,1.2983,1.3566,1.3784,1.4066,1.4355,1.4699,1.494,1.5216,1.5444,1.5705,1.5993000000000002,1.6239000000000001,1.6593,1.6829,1.7039000000000002,1.735,2.0143,2.0847,2.1214,2.1543,2.1827,2.2111,2.2350000000000003,2.2513,2.2769,2.3095000000000003,2.3373,2.3629000000000002,2.3885,2.4155,2.4424,2.4685,2.4968,2.535,2.5816000000000003,2.8998,2.9304,2.9704,2.9959000000000002,3.0295,3.0565,3.0771,3.1037000000000003,3.1271,3.1577,3.1744000000000003,3.2033,3.2334,3.2624,3.2904,3.3249,3.3515,3.4046000000000003,3.6484,3.6894,3.7246,3.765,3.7954000000000003,3.8222,3.8529,3.8871,3.9172000000000002,3.95,3.9763,4.0067,4.0209,4.0511,4.0797,4.1222
26743:0.1139,0.1426,0.1757,0.2172,0.2431,0.2696,0.3554,0.39480000000000004,0.4262,0.4843,0.5626,0.6082000000000001,0.8793000000000001,0.9668,1.0521,1.0846,1.1368,1.2261,1.2738,1.3088,1.3494000000000002,1.3876000000000002,1.5156,1.5716,1.6440000000000001,1.7235,1.7545000000000002,1.7750000000000001,1.8124,1.8706,1.8953,1.9563000000000001,2.0139,2.0876,2.1267,2.1722,2.4342,2.4926,2.5323,2.56,2.5999000000000003,2.6451000000000002,2.7030000000000003,2.7499000000000002,2.8609,2.8873,2.9225000000000003,2.9668,3.0883000000000003,3.2772,3.347,3.4267000000000003,3.4722,3.4957000000000003,3.5358,3.5985,3.6318,3.6673,3.7071,3.7881,4.006600000000001,4.0712,4.1142,4.1464
26746:0.0273,0.053200000000000004,0.0634,0.10880000000000001,0.1293,0.1482,0.1784,0.21180000000000002,0.2242,0.2316,0.253,0.2827,0.29250000000000004,0.3098,0.3176,0.3544,0.3734,0.3971,0.4238,0.43910000000000005,0.46840000000000004,0.4827,0.5046,1.0769,1.1563,1.1879,1.1963000000000001,1.2173,1.2462,1.2681,1.8064,1.8352000000000002,1.8472000000000002,1.8573000000000002,1.8995000000000002,1.9237000000000002,1.9357000000000002,1.9580000000000002,1.9799,1.9945000000000002,2.0134000000000003,2.0380000000000003,2.0481000000000003,2.0841000000000003,2.1055,2.6575,2.6894,2.6961,2.706,2.732,2.7384,2.7719,2.7988,2.8303000000000003,2.8391,3.4736000000000002,3.5038,3.511,3.5328000000000004,3.5572000000000004,3.5864000000000003,3.5946000000000002,3.6178000000000003,3.6419,3.6505
27003:0.10840000000000001,3.5246
27099:0.48550000000000004,0.5137,0.5228,0.5257000000000001,0.5405,0.5459,0.5536,0.5549000000000001,0.5678000000000001,0.5695,0.5772,0.5776,0.5934,0.6032000000000001,0.6114,0.6133000000000001,0.6145,0.6256,0.6439,0.646,0.6553,0.6612,0.6652,0.678,0.6823,0.6875,0.7031000000000001,0.7064,0.7100000000000001,0.7129000000000001,0.7132000000000001,0.7185,0.7359,0.7379,0.745,0.7488,0.7543000000000001,0.7572,0.7674000000000001,0.7681,0.7755000000000001,0.7812,0.7863,0.7866000000000001,0.7876000000000001,0.7946000000000001,0.7993,0.8007000000000001,0.8009000000000001,0.8180000000000001,0.8198000000000001,0.8290000000000001,0.8309000000000001,0.8371000000000001,0.8584,0.8659,0.871,0.8732000000000001,0.8776,0.878,0.8933000000000001,0.8958,0.896,0.8979,0.9001,0.9005000000000001,0.9082,0.9146000000000001,0.9226000000000001,0.9242,0.9255,0.9289000000000001,0.9392,0.9522,0.9602,0.9894000000000001,0.9955,1.02,1.0366,1.052,1.0525,1.0697,1.0816000000000001,1.0883,1.0901,1.1775,1.2248,1.2544,1.2653,1.2712,1.2910000000000001,1.3038,1.3171000000000002,1.3309,1.3392000000000002,1.3456000000000001,1.3472000000000002,1.349,1.35,1.3545,1.3567,1.3699000000000001,1.3891,1.3971,1.4020000000000001,1.4066,1.4117000000000002,1.4201000000000001,1.4240000000000002,1.4352,1.4400000000000002,1.4402000000000001,1.4438,1.4522000000000002,1.4677,1.4682000000000002,1.4685000000000001,1.4882,1.4949000000000001,1.5079,1.5130000000000001,1.5136,1.5188000000000001,1.5398,1.5483,1.5535,1.5664,1.5726,1.5808,1.5832000000000002,1.5975000000000001,1.6,1.6018000000000001,1.6123,1.6173000000000002,1.6273,1.6409,1.6465,1.6485,1.657,1.6646,1.6683000000000001,1.6933,1.6957,1.7484000000000002,1.7531,1.7696,1.7775,1.7809000000000001,1.7983,1.8010000000000002,2.0498000000000003,2.0609,2.0751,2.0883000000000003,2.0897,2.0909,2.1069,2.1078,2.1094,2.1116,2.1186000000000003,2.1215,2.1562,2.1896,2.2027,2.2143,2.2194000000000003,2.2211000000000003,2.2325,2.2342,2.2444,2.2675,2.2692,2.2748,2.2779000000000003,2.2852,2.2995,2.3037,2.3098,2.3175,2.3181000000000003,2.3234,2.3278000000000003,2.3395,2.3459000000000003,2.3599,2.3664,2.3772,2.3806000000000003,2.3887,2.3918,2.3961,2.3997,2.4002000000000003,2.4083,2.4164000000000003,2.4167,2.4188,2.4373,2.4408000000000003,2.4431000000000003,2.4548,2.4594,2.4807,2.4904,2.4927,2.5179,2.5314,2.5319000000000003,2.5334000000000003,2.5376000000000003,2.5433000000000003,2.563,2.5861,2.5900000000000003,2.5979,2.6116,2.6315,2.6369000000000002,2.8055000000000003,2.8810000000000002,2.9043,2.9257,2.938,2.9593000000000003,2.9624,2.9672,2.9829000000000003,2.9937,3.0010000000000003,3.0053,3.0073000000000003,3.0078,3.0104,3.0354,3.052,3.0578000000000003,3.0645000000000002,3.0745,3.0773,3.0824000000000003,3.0957000000000003,3.0976000000000004,3.0999000000000003,3.1017,3.1254,3.133,3.1447000000000003,3.1494,3.1546000000000003,3.1586000000000003,3.1632000000000002,3.1674,3.1687000000000003,3.1781,3.1796,3.1844,3.1875,3.1877,3.1894,3.1951,3.1993,3.2018,3.2099,3.2149,3.2344,3.2357,3.2593,3.2636000000000003,3.2697000000000003,3.2699000000000003,3.2765,3.2833,3.2836000000000003,3.2847,3.2895000000000003,3.2983000000000002,3.3007,3.3014,3.3045,3.3111,3.3122000000000003,3.3148,3.3253000000000004,3.3256,3.3328,3.3360000000000003,3.3435,3.3563,3.3603,3.3661000000000003,3.3717,3.3753,3.3764000000000003,3.3896,3.3908,3.4135,3.4147000000000003,3.4322000000000004,3.5346,3.6129000000000002,3.6310000000000002,3.6574,3.6584000000000003,3.6912000000000003,3.6916,3.6974,3.7048,3.714,3.7225,3.7455000000000003,3.7506000000000004,3.7510000000000003,3.7674000000000003,3.7727000000000004,3.7734,3.7774,3.7794000000000003,3.7921,3.7952000000000004,3.7967,3.805,3.8121,3.8166,3.8208,3.8233,3.8286000000000002,3.8417000000000003,3.8505000000000003,3.8523,3.8538,3.8556000000000004,3.8563,3.878,3.8800000000000003,3.8853,3.8915,3.9005,3.9015,3.9141000000000004,3.9267000000000003,3.9291,3.959,3.9762000000000004,3.9776000000000002,3.9832,3.9904,3.9916,3.9946,3.9953000000000003,4.0048,4.0124,4.0189,4.0208,4.0372,4.0391,4.0537,4.1012,4.1061000000000005,4.1113,4.1442000000000005
27398:0.0298,0.0563,0.07250000000000001,0.08170000000000001,0.1121,0.134,0.1796,0.18630000000000002,0.2396,0.25570000000000004,0.2828,0.311,0.3214,0.3452,0.3567,0.39780000000000004,0.4239,0.44,0.45130000000000003,0.4801,0.5043,0.5137,0.5476,0.5987,0.6449,0.6949000000000001,0.8619,0.8996000000000001,0.9579000000000001,0.9793000000000001,1.0665,1.1549,1.1805,1.1949,1.2226000000000001,1.2526000000000002,1.2789000000000001,1.3101,1.3583,1.4165,1.4318,1.4854,1.5447000000000002,1.5865,1.5983,1.6176000000000001,1.6421000000000001,1.6816,1.7153,1.7395,1.8579,1.8721,1.8982,1.9102000000000001,1.9286,1.9495,1.9600000000000002,1.9887000000000001,2.0093,2.0172,2.0428,2.0509,2.1063,2.1259,2.1405000000000003,2.1971000000000003,2.2507,2.2725,2.3032,2.3544,2.4477,2.5219,2.5828,2.6723000000000003,2.6957,2.7123,2.7277,2.7628,2.7787,2.7879,2.7984,2.8437,2.8636,2.8949000000000003,2.9244000000000003,2.9582,2.9826,3.0015,3.0952,3.1629,3.2451000000000003,3.2902,3.2997,3.3209,3.4133,3.4828,3.5102,3.5376000000000003,3.5533,3.5595000000000003,3.6232,3.6514,3.6986000000000003,3.7116000000000002,3.7825,3.8134,3.8733,3.9035,3.9102,3.9608000000000003,3.9922,4.034,4.044700000000001,4.071400000000001,4.131
27609:0.16970000000000002,1.9118000000000002,2.0275000000000003,2.0745,2.8368
27736:0.5758,0.5929,0.605,0.6228,0.6353,0.6503,0.6645,0.6804,0.6935,0.7079000000000001,0.7255,0.7426,0.7627,0.7787000000000001,0.7949,0.8085,0.8241,0.8382000000000001,0.8507,0.8631000000000001,0.8757,0.8879,0.9015000000000001,0.9171,0.9305,0.9445,0.9570000000000001,0.9754,0.9895,1.0073,1.0276,1.0553000000000001,1.0901,1.3281,1.3472000000000002,1.3666,1.3809,1.397,1.4107,1.4248,1.4427,1.4622000000000002,1.4743000000000002,1.4903000000000002,1.5104,1.5306000000000002,1.5473000000000001,1.5623,1.5772000000000002,1.5911000000000002,1.604,1.6174000000000002,1.6320000000000001,1.6478000000000002,1.6611,1.6771,1.6936,1.7115,1.7243000000000002,1.7462,1.7779,2.1325000000000003,2.1514,2.1659,2.1793,2.1916,2.2046,2.221,2.2352000000000003,2.2493000000000003,2.2639,2.2772,2.2928,2.3048,2.321,2.3398000000000003,2.3545000000000003,2.3742,2.3885,2.4027000000000003,2.4219,2.4331,2.4496,2.4665,2.4810000000000003,2.4958,2.5094000000000003,2.5272,2.544,2.5681000000000003,2.5984000000000003,2.9314,2.9524000000000004,2.9673000000000003,2.9806000000000004,2.9944,3.0106,3.0288,3.0422000000000002,3.0551,3.0683000000000002,3.0802,3.0991,3.1155,3.1309,3.1453,3.1571000000000002,3.1707,3.1846,3.1986000000000003,3.2132,3.2298,3.2482,3.2628000000000004,3.2757,3.2893000000000003,3.3017000000000003,3.3179000000000003,3.3334,3.3491,3.3805,3.4046000000000003,3.6918,3.7101,3.7289000000000003,3.7486,3.7618,3.7763,3.7922000000000002,3.8052,3.8187,3.8372,3.8542,3.8745000000000003,3.8875,3.9009,3.9164000000000003,3.9304,3.9478,3.9633000000000003,3.9779,3.9919000000000002,4.009,4.0192000000000005,4.0391,4.0557,4.0745000000000005,4.0979,4.1193,4.1413
27744:0.0724,0.1102,0.25780000000000003,0.4414,1.2128,1.7743,1.9547,2.1095,2.2125,2.7242,3.5048000000000004,3.5624000000000002,3.9821,4.136
27878:0.034,0.058100000000000006,0.0998,0.11720000000000001,0.1489,0.183,0.2335,0.2649,0.30720000000000003,0.31880000000000003,0.36760000000000004,0.39180000000000004,0.39940000000000003,0.42660000000000003,0.4551,0.4768,1.1964000000000001,1.2232,1.2665,1.846,1.8551000000000002,1.9042000000000001,1.9255,1.9859,2.0341,2.0776,2.6647000000000003,2.6971000000000003,2.7253000000000003,2.7366,2.7721,2.8036000000000003,2.8277,2.8406000000000002,3.5049,3.5361000000000002,3.556,3.5649,3.5962,3.6163000000000003,3.6441000000000003,3.6555
28110:0.5113,0.5357000000000001,0.5461,0.5464,0.5521,0.5534,0.5887,0.5895,0.5900000000000001,0.5933,0.6029,0.6121,0.6242,0.6377,0.6399,0.6421,0.6433,0.6485000000000001,0.6498,0.665,0.6678000000000001,0.6682,0.6842,0.7004,0.7075,0.7106,0.7118,0.7166,0.7257,0.737,0.7414000000000001,0.7457,0.7564000000000001,0.7726000000000001,0.7753,0.777,0.7777000000000001,0.7783,0.7833,0.7849,0.7894,0.7916000000000001,0.7979,0.8004,0.8036000000000001,0.8089000000000001,0.8238000000000001,0.8586,0.8617,0.862,0.8636,0.8766,0.8898,0.8909,0.9109,0.9111,0.9114000000000001,0.9196000000000001,0.924,0.9254,0.9492,0.9528000000000001,0.9624,0.9733,0.9780000000000001,0.9784,0.9865,1.0009000000000001,1.0042,1.0053,1.0079,1.0270000000000001,1.0435,1.0456,1.0482,1.0711,1.1267,1.1814,1.2239,1.3067,1.3111000000000002,1.3258,1.3268,1.334,1.3728,1.3779000000000001,1.385,1.4043,1.4062000000000001,1.4071,1.4193,1.4201000000000001,1.4245,1.4355,1.4558,1.4633,1.4689,1.4877,1.4912,1.498,1.5027000000000001,1.5108000000000001,1.5157,1.5256,1.526,1.5373,1.5408000000000002,1.5468000000000002,1.5535,1.5789,1.5801,1.5896000000000001,1.5937000000000001,1.5942,1.5958,1.5998,1.6044,1.6048,1.6178000000000001,1.6525,1.6540000000000001,1.6647,1.6760000000000002,1.683,1.6866,1.6953,1.6985000000000001,1.7062000000000002,1.7123000000000002,1.7216,1.7218,1.73,1.7336,1.7475,1.7818,1.8452000000000002,2.0311,2.0746,2.0848,2.1117,2.1141,2.13,2.1377,2.1423,2.1439,2.1598,2.1642,2.1682,2.174,2.1756,2.1868000000000003,2.1892,2.1922,2.2236000000000002,2.2299,2.2323,2.2377000000000002,2.2437,2.249,2.2605,2.2659000000000002,2.2746,2.2769,2.2844,2.3031,2.3157,2.3211,2.3315,2.3377000000000003,2.3525,2.3537,2.3581000000000003,2.3597,2.3625000000000003,2.3637,2.3639,2.3689,2.3706,2.3799,2.3906,2.3919,2.3959,2.3970000000000002,2.4077,2.4090000000000003,2.4092000000000002,2.423,2.4306,2.4378,2.4438,2.4445,2.4475000000000002,2.4519,2.4628,2.4639,2.4663,2.467,2.5003,2.5105,2.5266,2.5293,2.5428,2.5461,2.5525,2.5719000000000003,2.633,2.6335,2.8183000000000002,2.8491,2.8541000000000003,2.8554,2.8763,2.9015,2.907,2.9121,2.9211,2.9231000000000003,2.9305000000000003,2.9411,2.9436,2.9469000000000003,2.9526000000000003,2.9539,2.9730000000000003,2.9742,2.9746,2.9816000000000003,2.9862,2.9921,2.9932000000000003,2.9972000000000003,2.9974000000000003,2.9998,3.0062,3.011,3.0178000000000003,3.02,3.024,3.0260000000000002,3.0278,3.0281000000000002,3.0315000000000003,3.0336000000000003,3.0338000000000003,3.0379,3.0443000000000002,3.0488,3.0663,3.0689,3.0857,3.093,3.1271,3.1363000000000003,3.149,3.1517,3.1557,3.1572,3.1579,3.1665,3.1723000000000003,3.1838,3.1842,3.1899,3.1999,3.2036000000000002,3.2075,3.2134,3.2179,3.2223,3.2264,3.2284,3.2361,3.2403,3.2425,3.246,3.2560000000000002,3.2633,3.2779000000000003,3.2818,3.2831,3.2838000000000003,3.2841,3.2901000000000002,3.2923,3.2986,3.3027,3.3191,3.3269,3.3395,3.341,3.346,3.3745000000000003,3.3776,3.5674,3.6005000000000003,3.6056000000000004,3.6159000000000003,3.6229,3.6245000000000003,3.6574,3.6649000000000003,3.6686,3.6804,3.6812,3.6925000000000003,3.6993,3.7002,3.7073,3.7097,3.7216,3.7223,3.725,3.7341,3.7408,3.7418,3.7471,3.7492,3.7621,3.7809000000000004,3.7856,3.786,3.8011000000000004,3.8246,3.8621000000000003,3.8673,3.8681,3.8688000000000002,3.8695000000000004,3.8708,3.8810000000000002,3.882,3.8833,3.8947000000000003,3.8958000000000004,3.8966000000000003,3.9005,3.9154,3.9168000000000003,3.9183000000000003,3.9188,3.9216,3.9223000000000003,3.9290000000000003,3.9346,3.9516,3.9573,3.9673000000000003,3.9677000000000002,3.9751000000000003,3.9765,3.98,3.9952,4.000500000000001,4.0261000000000005,4.0369,4.0439,4.0474000000000006,4.0479,4.0542,4.0581000000000005,4.0583,4.0979,4.1087,4.1197,4.1208,4.1257,4.1279,4.1427000000000005
28268:0.9263,1.5981,3.12,3.3131000000000004,3.9835000000000003
28270:0.45370000000000005,0.4637,0.4711,0.4832,0.4889,0.5017,0.5089,0.5153,0.523,0.5312,0.5389,0.544,0.55,0.559,0.5660000000000001,0.5729000000000001,0.5777,0.5847,0.5912000000000001,0.5977,0.6042000000000001,0.6106,0.6173000000000001,0.6229,0.6281,0.6347,0.6412,0.6466000000000001,0.6529,0.6579,0.6633,0.6693,0.6753,0.6805,0.6863,0.6920000000000001,0.6971,0.7031000000000001,0.7093,0.7156,0.7218,0.728,0.7348,0.741,0.7475,0.7541,0.7594000000000001,0.765,0.771,0.7769,0.7835000000000001,0.7896000000000001,0.7951,0.801,0.8061,0.8128000000000001,0.8183,0.8239000000000001,0.8298000000000001,0.8368,0.8431000000000001,0.8485,0.8546,0.8606,0.8667,0.8744000000000001,0.8801,0.886,0.8928,0.8993,0.907,0.9127000000000001,0.9173,0.9231,0.9284,0.9336000000000001,0.9385,0.9442,0.9506,0.9577,0.9667,0.9736,0.9802000000000001,0.9852000000000001,0.9911000000000001,0.9972000000000001,1.0065,1.0133,1.0198,1.0269000000000001,1.0324,1.0410000000000001,1.0482,1.0539,1.0641,1.0725,1.0788,1.0867,1.0923,1.1009,1.1238000000000001,1.1341,1.1494,1.1656,1.1820000000000002,1.1899,1.2142000000000002,1.229,1.2473,1.2598,1.2708000000000002,1.28,1.2873,1.2966,1.3057,1.3105,1.3192000000000002,1.3266,1.332,1.3384,1.3463,1.3522,1.3578000000000001,1.3639000000000001,1.3714000000000002,1.3773,1.3834,1.3909,1.3958000000000002,1.4011,1.4073,1.4127,1.4202000000000001,1.4262000000000001,1.4323000000000001,1.439,1.4464000000000001,1.4541000000000002,1.4594,1.4651,1.471,1.4774,1.4834,1.4908000000000001,1.497,1.5032,1.5083,1.5139,1.5218,1.5275,1.5342,1.5403,1.5482,1.5548000000000002,1.5607,1.5666,1.5731000000000002,1.5790000000000002,1.5862,1.5921,1.5984,1.604,1.6097000000000001,1.6159000000000001,1.6221,1.6265,1.6320000000000001,1.6399000000000001,1.645,1.6514,1.6569,1.6633,1.6689,1.6754,1.6812,1.6875,1.6937,1.7000000000000002,1.7054,1.7113,1.717,1.7239,1.7293,1.7368000000000001,1.7427000000000001,1.7477,1.7534,1.7628000000000001,1.7717,1.7783,1.7898,1.7969000000000002,1.8086,1.818,1.8319,1.8418,1.8558000000000001,2.0133,2.0296000000000003,2.0443000000000002,2.0533,2.0618000000000003,2.069,2.0778000000000003,2.0867,2.0928,2.1017,2.1076,2.1156,2.1209000000000002,2.1296,2.1366,2.1432,2.1489000000000003,2.156,2.1619,2.1685000000000003,2.1733000000000002,2.1787,2.1861,2.1916,2.1973000000000003,2.2043,2.2103,2.2169000000000003,2.222,2.2273,2.2337000000000002,2.2401,2.2452,2.2503,2.2556000000000003,2.2625,2.2691,2.2751,2.281,2.2868,2.2945,2.3003,2.306,2.3118000000000003,2.3176,2.3242000000000003,2.3305000000000002,2.3395,2.3454,2.3515,2.3563,2.3626,2.3682000000000003,2.3747000000000003,2.3804000000000003,2.3849,2.3904,2.3968000000000003,2.4024,2.4091,2.4162,2.4209,2.426,2.4315,2.4367,2.4431000000000003,2.4496,2.4545,2.4604,2.4666,2.4726,2.4802,2.4855,2.4919000000000002,2.4976000000000003,2.5027,2.5106,2.5164,2.523,2.528,2.5340000000000003,2.5406,2.5469,2.5544000000000002,2.563,2.5713,2.5776000000000003,2.5834,2.5915,2.6024000000000003,2.6123000000000003,2.6259,2.6334,2.6441000000000003,2.8139000000000003,2.8262,2.8427000000000002,2.8549,2.8627000000000002,2.8719,2.8811,2.8913,2.9025000000000003,2.91,2.9156,2.9215,2.9277,2.9366000000000003,2.9434,2.9509000000000003,2.9573,2.9662,2.9715000000000003,2.9783,2.9851,2.9908,2.9977,3.0038,3.0099,3.0174000000000003,3.0234,3.0297,3.0358,3.0413,3.0463,3.0515000000000003,3.0571,3.0631,3.069,3.0737,3.0789,3.0843000000000003,3.0911,3.0987,3.1051,3.1125000000000003,3.1194,3.1263,3.1313,3.1362,3.1428000000000003,3.1485000000000003,3.1539,3.1603000000000003,3.1656,3.1716,3.1766,3.1827,3.1879,3.1941,3.2001,3.2064000000000004,3.2114000000000003,3.2169000000000003,3.2227,3.2283,3.2334,3.2391,3.2462,3.2521,3.258,3.2632000000000003,3.2686,3.2748000000000004,3.2806,3.2872000000000003,3.2932,3.2990000000000004,3.3054,3.3121,3.3184,3.3263000000000003,3.3327,3.3406000000000002,3.3463000000000003,3.3526000000000002,3.3608000000000002,3.3693,3.3762000000000003,3.3849,3.3921,3.3995,3.4065000000000003,3.4132000000000002,3.4246000000000003,3.4348,3.4425000000000003,3.4503000000000004,3.4586,3.4813,3.5207,3.5419,3.6061,3.6178000000000003,3.6247000000000003,3.6362,3.6464000000000003,3.6566,3.6627,3.6705,3.6795,3.6864000000000003,3.6927000000000003,3.6996,3.7069,3.7122,3.7191,3.7255000000000003,3.7323000000000004,3.7377000000000002,3.7439,3.7510000000000003,3.7578,3.7638000000000003,3.77,3.7772,3.7823,3.7878000000000003,3.7931000000000004,3.7988000000000004,3.806,3.8136,3.8200000000000003,3.8286000000000002,3.8351,3.8418,3.849,3.8535000000000004,3.8604000000000003,3.8666,3.8727,3.8786,3.8841,3.8899000000000004,3.8959,3.9012000000000002,3.9083,3.9134,3.9185000000000003,3.9253,3.9314,3.9382,3.943,3.9484000000000004,3.9542,3.9598,3.9688000000000003,3.9747000000000003,3.9794,3.9853,3.9901,3.9952,4.0011,4.0069,4.0126,4.0186,4.0288,4.0345,4.0406,4.047000000000001,4.0522,4.0583,4.0646,4.0717,4.0785,4.0839,4.093,4.0986,4.1062,4.1128,4.1222,4.1283,4.1344,4.1408000000000005,4.1487
28510:0.4232,0.6893,0.8363,1.4096,1.5685,3.0738000000000003,3.145,3.6578000000000004,3.7442,3.8976
28588:0.026000000000000002,0.0472,0.0623,0.0845,0.10060000000000001,0.1136,0.12760000000000002,0.14800000000000002,0.16790000000000002,0.1763,0.19640000000000002,0.2121,0.228,0.2505,0.2712,0.2889,0.30960000000000004,0.33530000000000004,0.34340000000000004,0.3608,0.3745,0.39680000000000004,0.4137,0.4259,0.4459,0.4682,0.49300000000000005,0.512,0.5323,0.5576,0.746,0.8108000000000001,0.9886,1.0626,1.0772000000000002,1.0975000000000001,1.1453,1.1678,1.1921000000000002,1.2143000000000002,1.2436,1.2635,1.3027,1.3523,1.5247000000000002,1.7762,1.8010000000000002,1.8182,1.8398,1.8548,1.8732000000000002,1.8996000000000002,1.9217000000000002,1.9459000000000002,1.9620000000000002,1.9797,1.9949000000000001,2.0183,2.0346,2.0494,2.073,2.1042,2.2189,2.3131,2.5839000000000003,2.6046,2.6375,2.6599,2.6710000000000003,2.6944000000000004,2.7211000000000003,2.7408,2.7591,2.7767,2.7927,2.8086,2.8199,2.8342,2.8442000000000003,2.8691,2.89,2.9065000000000003,3.1435,3.3560000000000003,3.3818,3.4279,3.4598,3.4967,3.5183,3.5355000000000003,3.5562,3.5711000000000004,3.5836,3.5947,3.6166,3.6376000000000004,3.6736,3.7052,4.1279
29066:0.011300000000000001,0.0221,0.0345,0.0454,0.0551,0.0669,0.078,0.0886,0.098,0.1091,0.1221,0.13570000000000002,0.14550000000000002,0.1589,0.17020000000000002,0.17830000000000001,0.1897,0.19940000000000002,0.2084,0.2192,0.22890000000000002,0.23770000000000002,0.2494,0.2607,0.2681,0.2776,0.2902,0.3015,0.3104,0.3271,0.33940000000000003,0.3496,0.3612,0.3728,0.3825,0.39430000000000004,0.40850000000000003,0.42000000000000004,0.4324,0.44320000000000004,0.452,0.4655,0.4791,0.4939,0.5067,0.52,0.5364,1.0194,1.0434,1.0672000000000001,1.0916000000000001,1.1103,1.123,1.1367,1.1485,1.1632,1.1748,1.1848,1.1967,1.2081,1.2191,1.2296,1.2383,1.2513,1.2647000000000002,1.2813,1.3063,1.3324,1.7192,1.7519,1.7703,1.7942,1.8089000000000002,1.8248,1.8384,1.853,1.8618000000000001,1.8723,1.8842,1.8972,1.9080000000000001,1.9189,1.9324000000000001,1.9432,1.953,1.9627000000000001,1.9735,1.9831,1.9925000000000002,2.0028,2.0161000000000002,2.0300000000000002,2.0442,2.0572,2.071,2.0859,2.1019,2.141,2.5566,2.5825,2.6098000000000003,2.6269,2.6372,2.6571000000000002,2.6678,2.682,2.6915,2.7032000000000003,2.7135000000000002,2.7227,2.7337000000000002,2.7438000000000002,2.754,2.7649,2.7762000000000002,2.7866,2.7979000000000003,2.8117,2.8235,2.8346,2.8488,2.8607,2.8832,2.8978,2.9236,3.3769,3.4067000000000003,3.4275,3.4405,3.4579,3.4706,3.4844000000000004,3.4948,3.5084,3.5223,3.5330000000000004,3.5467,3.5574000000000003,3.5688,3.5796,3.5919000000000003,3.6020000000000003,3.6187,3.6317000000000004,3.6468000000000003,3.6625,3.6771000000000003,4.1131,4.1458
29354:0.5331,0.5497000000000001,0.5552,0.5846,0.5975,0.6213000000000001,0.6456000000000001,0.6653,0.672,0.6806,0.6877,0.7149,0.7228,0.7447,0.7675000000000001,0.7809,0.8109000000000001,0.8347,0.8451000000000001,0.8611000000000001,0.8782000000000001,0.8858,0.9005000000000001,0.9079,0.9178000000000001,0.9315,0.9413,0.9500000000000001,0.9700000000000001,0.9849,1.0427,1.0492000000000001,1.0748,1.3228,1.3409,1.3596000000000001,1.3659000000000001,1.3924,1.4085,1.4171,1.4357,1.4497,1.4764000000000002,1.4942,1.4997,1.5285,1.5367000000000002,1.5689000000000002,1.5907,1.6231,1.6338000000000001,1.6476000000000002,1.6684,1.6765,1.6837,1.7005000000000001,1.7239,1.7473,1.8074000000000001,2.125,2.1724,2.189,2.2269,2.2548,2.2648,2.2759,2.2838000000000003,2.2951,2.3133,2.3280000000000003,2.349,2.3718,2.3823000000000003,2.3942,2.41,2.4214,2.4486000000000003,2.4696000000000002,2.4831000000000003,2.5086,2.5444,2.5500000000000003,2.5832,2.6064000000000003,2.6557,2.9272,2.9583,2.9756,2.9899,3.0126,3.0354,3.0518,3.0594,3.0847,3.1132,3.1338000000000004,3.1402,3.1638,3.1755,3.1967000000000003,3.2084,3.2145,3.2449000000000003,3.2607000000000004,3.2703,3.2821000000000002,3.2971000000000004,3.3034000000000003,3.3122000000000003,3.3383000000000003,3.3953,3.4068,3.737,3.7495000000000003,3.7716000000000003,3.7854,3.8051000000000004,3.8169000000000004,3.8234000000000004,3.835,3.8608000000000002,3.8840000000000003,3.9002000000000003,3.9090000000000003,3.9342,3.9415,3.9612000000000003,3.9929,4.0044,4.0164,4.0333000000000006,4.0495,4.087000000000001,4.1016
29356:0.9642000000000001,2.2982,3.3347
29415:1.0544,1.3011000000000001,2.1037,2.6006,3.4178
29487:1.6188,3.3265000000000002
29567:0.0077,0.0195,0.0285,0.0407,0.050800000000000005,0.0584,0.0698,0.0761,0.0888,0.09680000000000001,0.1061,0.1148,0.1237,0.1328,0.1418,0.1522,0.16010000000000002,0.1694,0.1767,0.18910000000000002,0.202,0.2131,0.22240000000000001,0.2356,0.24300000000000002,0.25,0.25930000000000003,0.2695,0.2831,0.2953,0.3042,0.312,0.3235,0.33380000000000004,0.3428,0.3512,0.36260000000000003,0.374,0.3831,0.3901,0.4107,0.4202,0.4305,0.4384,0.4494,0.46530000000000005,0.4817,0.4965,0.5151,0.5285000000000001,0.5451,0.5771000000000001,1.0148000000000001,1.0331000000000001,1.0519,1.0669,1.0915000000000001,1.1078000000000001,1.1192,1.1297000000000001,1.1386,1.1543,1.1687,1.1794,1.1949,1.204,1.213,1.2229,1.2345000000000002,1.2416,1.2530000000000001,1.2673,1.2799,1.292,1.3195000000000001,1.339,1.7431,1.7677,1.7915,1.8048000000000002,1.8163,1.828,1.84,1.8481,1.8605,1.8703,1.8795000000000002,1.8898000000000001,1.8996000000000002,1.9099000000000002,1.9216000000000002,1.9336,1.9432,1.9517,1.9639000000000002,1.9759,1.9893,1.9992,2.0111,2.0226,2.0344,2.0503,2.0612,2.0725000000000002,2.0911,2.1033,2.128,2.5367,2.5524,2.5660000000000003,2.5834,2.5966,2.6077,2.6226000000000003,2.6334,2.6412,2.6584000000000003,2.6667,2.68,2.6907,2.7013000000000003,2.7113,2.7232000000000003,2.7342,2.7426,2.7498,2.7622,2.7724,2.7833,2.7923,2.8015000000000003,2.8132,2.8226,2.8326000000000002,2.842,2.8602000000000003,2.8786,2.8939,2.9169,2.9433000000000002,3.3641,3.3779000000000003,3.4061000000000003,3.4203,3.4392,3.4495,3.4602000000000004,3.4708,3.4842,3.4946,3.5073000000000003,3.5227000000000004,3.5317000000000003,3.5429000000000004,3.5552,3.5663,3.5742000000000003,3.5837000000000003,3.5919000000000003,3.6069,3.6175,3.6315000000000004,3.6458000000000004,3.6677,3.6919,4.101500000000001,4.1163,4.143800000000001
29603:0.0228,0.0351,0.0494,0.055900000000000005,0.10110000000000001,0.1274,0.14650000000000002,0.1739,0.184,0.2041,0.2273,0.24930000000000002,0.2781,0.30210000000000004,0.31820000000000004,0.3466,0.3522,0.3936,0.4073,0.4278,0.43560000000000004,0.46830000000000005,0.47700000000000004,0.5091,0.5406000000000001,0.5517000000000001,0.8729,0.922,0.9610000000000001,1.1228,1.1463,1.1562000000000001,1.1797,1.1926,1.2128,1.2221,1.2454,1.2713,1.2988,1.5605,1.5932000000000002,1.7434,1.8389,1.8642,1.8760000000000001,1.8974000000000002,1.9206,1.9264000000000001,1.9537,1.9808000000000001,2.0033000000000003,2.0101,2.0177,2.0465,2.0714,2.1018,2.1152,2.1673,2.4279,2.4767,2.6444,2.669,2.6867,2.6996,2.7116000000000002,2.7358000000000002,2.7497000000000003,2.7703,2.7819000000000003,2.799,2.8178,2.8416,2.8504,2.8702,2.9113,3.0811,3.1462000000000003,3.4563,3.4782,3.5097,3.5295,3.5383,3.5501,3.5589,3.5895,3.6174000000000004,3.6434,3.6533,3.7048,3.7807000000000004,4.1284
29640:0.0426,0.234,0.3266,0.4309,0.48200000000000004,1.2278,1.8821,1.9312,2.0133,2.7029,2.7550000000000003,2.8062,2.8562000000000003,3.5374000000000003,3.6580000000000004
29644:0.0351,0.0673,0.21730000000000002,0.2997,0.4852,1.1660000000000001,2.0188,2.7039,2.7755,2.8184,3.5462000000000002
29783:0.5856,0.6291,0.6651,0.6911,0.7273000000000001,0.7739,0.8261000000000001,0.8506,0.8874000000000001,0.9122,0.9544,0.9914000000000001,1.0472000000000001,1.4040000000000001,1.4351,1.4819,1.5207000000000002,1.5617,1.6023,1.6313,1.6712,1.7041000000000002,2.1616,2.1998,2.2441,2.278,2.3177000000000003,2.3565,2.3846000000000003,2.4218,2.4718,2.5476,2.9496,2.9984,3.0294000000000003,3.0657,3.0897,3.1316,3.1721000000000004,3.2166,3.2568,3.2936,3.3348,3.3976,3.7237,3.7710000000000004,3.8048,3.8525,3.8986,3.9305000000000003,3.9579,3.991,4.0515,4.088
29837:0.8325,2.3834,3.1995
29939:0.0261,0.0344,0.061000000000000006,0.14300000000000002,0.18430000000000002,0.2187,0.22840000000000002,0.3073,0.32230000000000003,0.34900000000000003,0.39890000000000003,0.41440000000000005,0.4295,0.43860000000000005,0.44520000000000004,0.47690000000000005,0.5553,0.6362,0.6928000000000001,0.746,0.762,0.8064,0.8367,0.8503000000000001,0.8918,0.9239,0.9358000000000001,0.9594,1.0618,1.1072,1.1242,1.1587,1.2206000000000001,1.2453,1.3813,1.4184,1.4395,1.4724000000000002,1.5008000000000001,1.5316,1.5566,1.5904,1.6672,1.6756,1.7428000000000001,1.8508,1.8725,1.8798000000000001,1.9212,1.9282000000000001,2.0009,2.0086,2.0159000000000002,2.0818000000000003,2.1186000000000003,2.164,2.247,2.2808,2.3236000000000003,2.3474,2.3945000000000003,2.4026,2.4275,2.4547000000000003,2.4777,2.4967,2.5513,2.6338,2.6535,2.6861,2.6991,2.7134,2.7513,2.7609000000000004,2.7869,2.8392,2.8484000000000003,2.8744,2.9131,2.9497,2.9836,3.0153000000000003,3.0615,3.0774000000000004,3.0894000000000004,3.1288,3.1453,3.2107,3.2387,3.2677,3.3202000000000003,3.4188,3.4610000000000003,3.4831000000000003,3.5329,3.5617,3.5924,3.6184000000000003,3.6509,3.6973000000000003,3.7723,3.8475,3.8589,3.8982,3.9351000000000003,3.9605,4.0064,4.0189,4.0656,4.0926,4.1258
30069:0.402
30179:3.7406
30247:0.024200000000000003,0.0511,0.0811,0.1169,0.1405,0.1759,0.2038,0.24100000000000002,0.2762,0.3049,0.3447,0.3955,0.42660000000000003,0.4701,0.5056,0.5524,1.0577,1.1024,1.1275,1.1537,1.1855,1.2156,1.2403,1.2714,1.7999,1.8433000000000002,1.8766,1.8962,1.9252,1.9517,1.9877,2.0086,2.0412,2.0780000000000003,2.1093,2.5948,2.6418,2.6826000000000003,2.7109,2.7284,2.7543,2.7736,2.7995,2.8368,2.8696,2.9046000000000003,3.4231000000000003,3.4564000000000004,3.4809,3.5272,3.5567,3.5852000000000004,3.6153,3.6504000000000003,3.6849000000000003,4.1296
30632:0.0712,0.1593,0.2891,0.33540000000000003,0.4531,0.48310000000000003,0.5248,0.5709000000000001,0.6135,0.6488,0.7187,0.7869,0.8648,0.9016000000000001,0.9593,1.0374,1.0934000000000001,1.2473,1.3178,1.4207,1.4819,1.5162,1.5711000000000002,1.6158000000000001,1.6487,1.6839000000000002,1.7482,1.9849,2.0302000000000002,2.1124,2.1764,2.2598000000000003,2.2953,2.3804000000000003,2.4348,2.4956,2.5259,2.5652,2.8722000000000003,2.9298,3.0008000000000004,3.0517000000000003,3.1118,3.1581,3.1994000000000002,3.2288,3.2733000000000003,3.3336,3.3677,3.4255,3.5011,3.6082,3.6545,3.6916,3.7784,3.8059000000000003,3.9043,3.9672,4.0053,4.0956,4.1286000000000005
30848:0.45880000000000004,0.48860000000000003,0.5071,0.5176000000000001,0.518,0.5316000000000001,0.5552,0.5743,0.5945,0.5988,0.6016,0.6107,0.6156,0.6243000000000001,0.6261,0.6307,0.6354000000000001,0.6384000000000001,0.6399,0.6569,0.6574,0.6596000000000001,0.6731,0.686,0.6878000000000001,0.6884,0.6961,0.6976,0.6980000000000001,0.6985,0.7083,0.7168,0.7248,0.7267,0.7364,0.7378,0.763,0.7735000000000001,0.7918000000000001,0.7944,0.7953,0.7967000000000001,0.8043,0.807,0.8229000000000001,0.8276,0.8310000000000001,0.8359000000000001,0.8433,0.8468,0.8500000000000001,0.8502000000000001,0.8513000000000001,0.8576,0.8586,0.8735,0.8947,0.9326000000000001,0.9336000000000001,0.9344,0.9348000000000001,0.9456,0.9460000000000001,0.9541000000000001,0.9636,0.9643,0.9670000000000001,0.9742000000000001,0.9858,0.9861000000000001,0.9869,0.9964000000000001,0.9971000000000001,1.0005,1.002,1.0050000000000001,1.0168000000000001,1.0349000000000002,1.0357,1.0384,1.0637,1.0787,1.1087,1.2627000000000002,1.3050000000000002,1.3062,1.3168,1.3212000000000002,1.329,1.3299,1.3471,1.367,1.3674000000000002,1.3908,1.4103,1.4159000000000002,1.4206,1.4211,1.4225,1.4245,1.4454,1.4521000000000002,1.4544000000000001,1.4585000000000001,1.459,1.4633,1.4684000000000001,1.4764000000000002,1.4793,1.4813,1.4843000000000002,1.4861,1.4864000000000002,1.5011,1.5219,1.5253,1.5258,1.5365,1.542,1.5593000000000001,1.5605,1.5625,1.5645,1.5661,1.5744,1.5758,1.5809,1.5871000000000002,1.5963,1.5977000000000001,1.6004,1.6082,1.6101,1.6111,1.6131,1.6184,1.6297000000000001,1.6364,1.6374000000000002,1.6387,1.6419000000000001,1.6528,1.6604,1.6706,1.6760000000000002,1.6764000000000001,1.6865,1.6908,1.7247000000000001,1.725,1.7331,1.7474,1.7743,1.7888000000000002,1.7950000000000002,1.8468,2.0423,2.0505,2.0507,2.055,2.0571,2.0597000000000003,2.0956,2.104,2.1053,2.1128,2.1202,2.1236,2.1261,2.1291,2.1427,2.152,2.1553,2.1578,2.1587,2.1689000000000003,2.1693000000000002,2.1757,2.1779,2.21,2.2109,2.2164,2.2179,2.2228,2.2263,2.2322,2.2431,2.2441,2.2511,2.2606,2.274,2.2946,2.2995,2.3147,2.3192,2.335,2.3355,2.3358000000000003,2.3499000000000003,2.3525,2.3528000000000002,2.3539000000000003,2.3563,2.3618,2.3627000000000002,2.3864,2.3902,2.3982,2.3994,2.4055,2.419,2.4223,2.4249,2.4413,2.4417,2.4688000000000003,2.4699,2.4754,2.4812000000000003,2.4859,2.4878,2.5032,2.5086,2.5117000000000003,2.5255,2.5347,2.536,2.5419,2.5498000000000003,2.5643000000000002,2.5727,2.5838,2.5953,2.5959000000000003,2.6058000000000003,2.6134,2.8034000000000003,2.8299000000000003,2.8337000000000003,2.8529,2.8814,2.8901000000000003,2.9086000000000003,2.9172000000000002,2.9411,2.9414000000000002,2.9505000000000003,2.9614000000000003,2.9622,2.9629000000000003,2.9698,2.9776000000000002,2.9803,2.9869000000000003,2.9883,3.0079000000000002,3.0191000000000003,3.0238,3.0263,3.0354,3.044,3.0445,3.0558,3.0603000000000002,3.0627,3.0694000000000004,3.0719000000000003,3.088,3.0965000000000003,3.115,3.1325000000000003,3.1329000000000002,3.1467,3.1493,3.152,3.1657,3.1731000000000003,3.1759,3.1952000000000003,3.2052,3.2078,3.2202,3.221,3.2461,3.2617000000000003,3.2643,3.2687,3.2785,3.2855000000000003,3.2868,3.2894,3.2898,3.2923,3.2932,3.3137000000000003,3.3163,3.3371,3.3419000000000003,3.3709000000000002,3.4175,3.4235,3.4345000000000003,3.4431000000000003,3.5157000000000003,3.5289,3.6083000000000003,3.6383,3.6396,3.6451000000000002,3.6506000000000003,3.6586000000000003,3.6716,3.693,3.6943,3.6965000000000003,3.6972,3.7077,3.7224000000000004,3.7276000000000002,3.7374,3.7474000000000003,3.7588000000000004,3.7607000000000004,3.7648,3.7665,3.7694,3.7845,3.7853000000000003,3.7944,3.7948000000000004,3.8126,3.8183000000000002,3.8192000000000004,3.8225000000000002,3.8331000000000004,3.8487,3.8497000000000003,3.8613000000000004,3.8677,3.8706,3.8716000000000004,3.8843,3.8882000000000003,3.8916000000000004,3.9105000000000003,3.9130000000000003,3.9207,3.9351000000000003,3.9367,3.9554,3.9579,3.966,3.9677000000000002,3.9836,3.9877000000000002,3.9974000000000003,4.0003,4.0069,4.0125,4.0134,4.0266,4.0281,4.0360000000000005,4.0375000000000005,4.0513,4.0600000000000005,4.065300000000001,4.0699000000000005,4.075,4.0994,4.1088000000000005,4.109,4.1206000000000005,4.140000000000001
30887:0.012100000000000001,0.025900000000000003,0.0553,0.11760000000000001,0.1283,0.14120000000000002,0.1736,0.1864,0.2006,0.2207,0.2356,0.2427,0.2733,0.28190000000000004,0.3005,0.32980000000000004,0.3491,0.3612,0.37170000000000003,0.38430000000000003,0.3995,0.42300000000000004,0.4707,0.4869,0.5033,0.5277000000000001,0.5693,0.6051000000000001,1.0091,1.0214,1.0311000000000001,1.0518,1.066,1.0743,1.0972,1.1126,1.131,1.153,1.1676,1.1829,1.1912,1.2437,1.2514,1.2689000000000001,1.2761,1.2958,1.3083,1.335,1.3538000000000001,1.7459,1.7755,1.7839,1.7959,1.8175000000000001,1.8297,1.8373000000000002,1.8515000000000001,1.8615000000000002,1.8772,1.8895000000000002,1.9015000000000002,1.9160000000000001,1.9224,1.9347,1.9531,1.9732,1.9876,2.0088,2.0494,2.0644,2.0745,2.0940000000000003,2.1046,2.1457,2.5861,2.6008,2.6260000000000003,2.6404,2.6506000000000003,2.6597,2.672,2.6844,2.6946000000000003,2.7427,2.8184,2.8336,2.9042000000000003,2.9253,3.3749000000000002,3.3881,3.415,3.4236,3.4464,3.4654000000000003,3.4773,3.4942,3.5902000000000003,3.6104000000000003,3.6411000000000002,3.6533,3.6686,3.6825,3.6978,3.7183,3.7293000000000003,3.7413000000000003,4.1484000000000005
31108:0.07880000000000001,0.2554,1.2011,1.9285,2.7229,2.7665,2.865,3.5245
31232:0.545,0.5738,0.5915,0.6149,0.631,0.6437,0.6637000000000001,0.6848000000000001,0.6973,0.7097,0.7284,0.7523000000000001,0.7674000000000001,0.7918000000000001,0.8085,0.8315,0.8468,0.8612000000000001,0.8779,0.8982,0.9125000000000001,0.9306000000000001,0.9505,0.9701000000000001,0.9917,1.0165,1.0425,1.0727,1.0967,1.3357,1.3716000000000002,1.3983,1.4166,1.4356,1.4604000000000001,1.4862,1.4976,1.5192,1.5429000000000002,1.5690000000000002,1.5935000000000001,1.6137000000000001,1.6334000000000002,1.6573,1.6760000000000002,1.6985000000000001,1.7202000000000002,1.7434,1.7698,2.1135,2.144,2.1622,2.1805,2.2001,2.2172,2.2343,2.254,2.2682,2.2841,2.3057000000000003,2.3262,2.3504,2.3711,2.3923,2.4133,2.4263,2.4405,2.4742,2.4994,2.5300000000000002,2.553,2.5816000000000003,2.9092000000000002,2.9309000000000003,2.9548,2.978,2.9987000000000004,3.0209,3.0389,3.0567,3.0757000000000003,3.0952,3.1183,3.1338000000000004,3.1506000000000003,3.1688,3.1941,3.2281,3.2482,3.2640000000000002,3.2803,3.2964,3.3167,3.3338,3.3728000000000002,3.3977,3.4164000000000003,3.6925000000000003,3.7099,3.7247000000000003,3.7548000000000004,3.7778,3.7962000000000002,3.8177000000000003,3.8401,3.8606000000000003,3.8882000000000003,3.9069000000000003,3.931,3.9565,3.9773,3.9952,4.0186,4.050800000000001,4.0624,4.075,4.0894,4.1253
31806:0.0687,0.1434,0.2985,0.3326,0.44160000000000005,0.6176,0.6724,0.7003,0.8901,0.9854,1.4516,1.5639,1.939,1.9892,2.029,2.1313,2.2909,2.4764,2.7196000000000002,2.7822,2.9966,3.1501,3.181,3.3063000000000002,3.3383000000000003,3.8415000000000004,3.8754000000000004,3.8873,3.9892000000000003,4.1148
31867:0.55,0.6083000000000001,0.6368,0.6900000000000001,0.7445,0.7801,0.8332,0.8651000000000001,0.8976000000000001,0.9545,0.9871000000000001,1.0301,1.0712000000000002,1.1119,1.3003,1.366,1.3768,1.4099000000000002,1.4405000000000001,1.4958,1.5328000000000002,1.5753000000000001,1.6263,1.6663000000000001,1.707,1.7397,2.0874,2.1342000000000003,2.1583,2.2157,2.2539000000000002,2.2842000000000002,2.337,2.3714,2.3961,2.4433000000000002,2.4731,2.5013,2.5476,2.5919000000000003,2.9018,2.9497,2.9788,3.0059,3.0375,3.063,3.0763000000000003,3.1053,3.1423,3.1772,3.2167000000000003,3.265,3.3571,3.4136,3.6513,3.6927000000000003,3.7315,3.7689000000000004,3.8026,3.8558000000000003,3.8984,3.9276,3.9562000000000004,4.018,4.0555,4.0869,4.1386
31988:0.0235,0.0482,0.0799,0.10210000000000001,0.1119,0.1379,0.1753,0.1998,0.2285,0.2429,0.2773,0.31220000000000003,0.3473,0.3981,0.42460000000000003,0.4671,0.48040000000000005,0.5237,0.5498000000000001,0.6105,0.6646000000000001,0.7266,0.8442000000000001,0.8745,0.9553,1.0281,1.0555,1.0685,1.0849,1.1135000000000002,1.1488,1.1854,1.2117,1.2359,1.2657,1.3002,1.336,1.4188,1.5527,1.6196000000000002,1.6599000000000002,1.7117,1.7518,1.8001,1.8408,1.8736000000000002,1.8937000000000002,1.9255,1.9484000000000001,1.9844000000000002,2.0102,2.0401000000000002,2.0755,2.1047000000000002,2.1364,2.1753,2.2632000000000003,2.287,2.3668,2.4292000000000002,2.5038,2.5582000000000003,2.5922,2.6390000000000002,2.6793,2.7030000000000003,2.7212,2.7461,2.7713,2.7948,2.835,2.8652,2.9007,2.9813,3.0457,3.0871,3.1491000000000002,3.2507,3.2832000000000003,3.357,3.4169,3.4553000000000003,3.4784,3.5079000000000002,3.5305,3.5586,3.5859,3.6116,3.6464000000000003,3.6776,3.7014,3.8044000000000002,3.9355,3.9854000000000003,4.0572,4.1142,4.1370000000000005
32003:0.10260000000000001,0.17450000000000002,0.24130000000000001,0.30970000000000003,0.371,0.4455,0.5096,1.2479,1.8445,1.9146,1.9867000000000001,2.0182,2.7007000000000003,2.789,3.5130000000000003,3.5526,3.5948,3.6382000000000003
32112:0.5147,0.55,0.603,0.6576000000000001,0.7833,0.8316,0.8762000000000001,1.2973000000000001,1.3977000000000002,1.612,1.6872,1.7776,2.1082,2.2430000000000003,2.2796000000000003,2.3429,2.4674,2.5461,2.9141000000000004,2.9865,3.111,3.1811000000000003,3.2538,3.3262,3.6700000000000004,3.725,3.7835,3.8769,3.974,4.0651,4.1052
32167:0.0182,0.0437,0.056400000000000006,0.0863,0.09720000000000001,0.12290000000000001,0.1378,0.1587,0.17470000000000002,0.19240000000000002,0.20770000000000002,0.22290000000000001,0.23850000000000002,0.256,0.2702,0.2872,0.3114,0.32830000000000004,0.3426,0.3524,0.3768,0.3912,0.4092,0.4302,0.4464,0.4554,0.4712,0.4869,0.5018,0.5414,1.0494,1.0723,1.1038000000000001,1.1225,1.1515,1.1759000000000002,1.1991,1.2253,1.2392,1.2628000000000001,1.2826,1.3021,1.7331,1.7666000000000002,1.7959,1.8203,1.8392000000000002,1.8651,1.8915000000000002,1.9066,1.9266,1.9408,1.9601000000000002,1.9725000000000001,1.9925000000000002,2.0102,2.0340000000000003,2.0663,2.0888,2.1534,2.5859,2.6307,2.6446,2.661,2.6814,2.6982,2.7159,2.7365,2.7552000000000003,2.7689,2.7852,2.8038000000000003,2.8258,2.8471,2.8772,2.9023000000000003,3.3938,3.4225000000000003,3.4509000000000003,3.4761,3.4926000000000004,3.5154,3.531,3.5545,3.5805000000000002,3.6027,3.6300000000000003,3.6502000000000003,3.6766,3.7067,3.7334,4.1142,4.1334
32375:0.6085,0.6474000000000001,0.7173,0.7866000000000001,0.864,0.9003,0.9587,1.0399,1.4211,1.4813,1.5164,1.5701,1.6501000000000001,1.6857,2.2365,2.2876000000000003,2.3802000000000003,2.4337,2.5202,2.5309,3.0056000000000003,3.1977,3.2302,3.2809000000000004,3.3194000000000004,3.3334,3.3737000000000004,3.7787,3.8061000000000003,3.8618,3.9037,3.9655,4.0053,4.0966000000000005
32634:2.1982,3.0780000000000003
32659:3.5631000000000004
32776:3.559
32803:0.002,0.004,0.0076,0.0085,0.0369,0.0402,0.050800000000000005,0.0514,0.0587,0.0659,0.0814,0.0855,0.09050000000000001,0.1032,0.1042,0.112,0.11230000000000001,0.1178,0.12860000000000002,0.1423,0.1471,0.1497,0.1527,0.1529,0.162,0.1706,0.184,0.1857,0.1894,0.1945,0.1988,0.2015,0.2159,0.22010000000000002,0.23240000000000002,0.2333,0.2451,0.27290000000000003,0.2751,0.2952,0.3103,0.3105,0.3118,0.3164,0.32320000000000004,0.3272,0.33790000000000003,0.3468,0.3477,0.34800000000000003,0.37260000000000004,0.3783,0.4035,0.40890000000000004,0.41490000000000005,0.4292,0.43260000000000004,0.43310000000000004,0.4353,0.43810000000000004,0.4456,0.45270000000000005,0.45680000000000004,0.4615,0.4636,0.4647,0.4651,0.4813,0.4844,0.4978,0.5017,0.5076,0.5587,0.5812,0.9732000000000001,1.0241,1.0617,1.0888,1.1015000000000001,1.1118000000000001,1.1128,1.1171,1.1217000000000001,1.1239000000000001,1.1351,1.1401000000000001,1.1506,1.1522000000000001,1.1552,1.1576,1.1671,1.1855,1.1880000000000002,1.2093,1.2346000000000001,1.2354,1.2361,1.2491,1.2605,1.266,1.2728000000000002,1.2731000000000001,1.3161,1.3245,1.338,1.345,1.7037,1.7048,1.7643,1.7914,1.8054000000000001,1.8097,1.8117,1.8174000000000001,1.8231000000000002,1.8308,1.8311000000000002,1.8458,1.8521,1.8567,1.8585,1.8642,1.8708,1.8752000000000002,1.8756000000000002,1.8877000000000002,1.9036000000000002,1.9055000000000002,1.9072,1.9103,1.9260000000000002,1.9335,1.957,1.9726000000000001,1.9748,1.977,1.9829,1.9871,1.9898,2.0137,2.0156,2.024,2.0303,2.0307,2.0344,2.0421,2.0528,2.0669,2.0742000000000003,2.0893,2.0934,2.0978,2.1677,2.5458000000000003,2.5584000000000002,2.5642,2.5963000000000003,2.6002,2.6042,2.6163000000000003,2.62,2.6259,2.6589,2.6628000000000003,2.6781,2.6965000000000003,2.7046,2.7054,2.7132,2.7167000000000003,2.7175000000000002,2.7272000000000003,2.7329000000000003,2.7411000000000003,2.7434000000000003,2.758,2.7595,2.7622,2.7771000000000003,2.7841,2.786,2.7907,2.7932,2.7948,2.8032,2.8147,2.8169,2.8193,2.8261000000000003,2.8385000000000002,2.8541000000000003,2.873,2.8766000000000003,2.8846000000000003,2.9047,2.9289,2.9463000000000004,3.3632,3.3728000000000002,3.3965,3.4114,3.451,3.4597,3.4677000000000002,3.4702,3.4705000000000004,3.4775,3.4831000000000003,3.4835000000000003,3.5043,3.5135,3.5491,3.5507,3.5628,3.5965000000000003,3.6039000000000003,3.6095,3.6151,3.6154,3.6284,3.6987,4.1008000000000004,4.1168000000000005,4.1336,4.1361
32915:0.0333,0.0585,0.0847,0.1169,0.1492,0.1779,0.2101,0.232,0.2576,0.2904,0.3164,0.3467,0.3699,0.395,0.42800000000000005,0.4692,0.49770000000000003,0.5219,0.5483,0.5808,0.6128,0.6402,0.6748000000000001,0.7159,0.7512000000000001,0.787,0.8327,0.8652000000000001,0.9004000000000001,0.9540000000000001,1.0057,1.0338,1.0565,1.0956000000000001,1.1566,1.1834,1.2195,1.2419,1.2751000000000001,1.2994,1.3322,1.3657000000000001,1.4109,1.4445000000000001,1.4927000000000001,1.5291000000000001,1.5824,1.6176000000000001,1.6440000000000001,1.6740000000000002,1.724,1.7541,1.7950000000000002,1.8316000000000001,1.8681,1.9056000000000002,1.9477,1.9754,2.0114,2.0466,2.0867,2.1106000000000003,2.1575,2.184,2.2209000000000003,2.2594000000000003,2.2918000000000003,2.3427000000000002,2.3808000000000002,2.4206000000000003,2.4798,2.5151000000000003,2.5469,2.5691,2.6008,2.6389,2.6652,2.7003,2.7402,2.7657000000000003,2.7931,2.8166,2.8414,2.8868,2.915,2.9515000000000002,2.9809,3.0246,3.0541,3.1098000000000003,3.1448,3.1934,3.2270000000000003,3.2698,3.2990000000000004,3.3223000000000003,3.3586,3.3946,3.4177,3.4577,3.4977,3.5326,3.56,3.5875000000000004,3.629,3.6590000000000003,3.6935000000000002,3.7466000000000004,3.7768,3.8161,3.8600000000000003,3.8998000000000004,3.939,3.9663000000000004,4.0016,4.0266,4.0789,4.1158,4.1456
32933:0.060700000000000004,0.2469,0.44480000000000003,2.0173,2.7978,3.5496000000000003
33042:0.45370000000000005,0.4602,0.4833,0.5035000000000001,0.5054000000000001,0.5253,0.5478000000000001,0.5678000000000001,0.5692,0.5705,0.6044,0.6096,0.6186,0.6402,0.6416000000000001,0.6481,0.6501,0.6586000000000001,0.6663,0.6774,0.6846,0.6851,0.7082,0.7173,0.7198,0.7200000000000001,0.7253000000000001,0.7318,0.7344,0.7391000000000001,0.7738,0.7812,0.7842,0.7847000000000001,0.7928000000000001,0.7987000000000001,0.8009000000000001,0.8140000000000001,0.8189000000000001,0.8326,0.8373,0.8638,0.8652000000000001,0.8799,0.8871,0.8885000000000001,0.8964000000000001,0.8969,0.9004000000000001,0.905,0.9177000000000001,0.9222,0.9246000000000001,0.9322,0.9356000000000001,0.9454,0.9499000000000001,0.9505,0.9532,0.9608000000000001,0.9719000000000001,0.9752000000000001,0.9841000000000001,0.9844,0.9942000000000001,1.0714000000000001,1.0725,1.0772000000000002,1.1108,1.1263,1.1869,1.2767000000000002,1.2870000000000001,1.292,1.3108,1.3387,1.3472000000000002,1.3539,1.3761,1.3887,1.3912,1.4123,1.4181000000000001,1.4240000000000002,1.4284000000000001,1.4286,1.4365,1.4429,1.456,1.4635,1.4691,1.484,1.486,1.5001,1.5103,1.5144,1.55,1.5514000000000001,1.5526,1.5598,1.5699,1.5718,1.5818,1.5854000000000001,1.5949,1.5967,1.5982,1.6041,1.605,1.6055000000000001,1.6084,1.6131,1.6136000000000001,1.6239000000000001,1.6246,1.6275000000000002,1.6357000000000002,1.6418000000000001,1.6506,1.6520000000000001,1.673,1.7057,1.7138,1.7182000000000002,1.7186000000000001,1.7399,1.7842,1.7956,1.8157,2.0063,2.0692,2.0811,2.0913,2.0964,2.1022000000000003,2.1026000000000002,2.1127000000000002,2.1138,2.1152,2.1252,2.1353,2.1487000000000003,2.1559,2.1571000000000002,2.1707,2.1774,2.1841,2.1871,2.1875,2.194,2.2016,2.2062,2.2081,2.2190000000000003,2.2226,2.2245,2.2327,2.2347,2.2471,2.2499000000000002,2.2548,2.2565,2.259,2.2727,2.303,2.3039,2.307,2.3109,2.3164000000000002,2.3254,2.3318000000000003,2.3400000000000003,2.3422,2.3524000000000003,2.3619000000000003,2.3727,2.3738,2.3764000000000003,2.3769,2.3901000000000003,2.3932,2.3946,2.3957,2.4018,2.4152,2.4295,2.4345000000000003,2.4465,2.4514,2.4517,2.4589000000000003,2.4654000000000003,2.4665,2.4728000000000003,2.4911000000000003,2.4934000000000003,2.4994,2.5042,2.5044,2.5071000000000003,2.5104,2.5156,2.5247,2.5365,2.5382000000000002,2.5474,2.5561000000000003,2.5615,2.5792,2.5834,2.6122,2.6238,2.8412,2.8485,2.8602000000000003,2.9029000000000003,2.9085,2.9096,2.9116,2.9133,2.9175,2.9198,2.9233000000000002,2.934,2.9382,2.9654000000000003,2.9679,2.9699,3.0219,3.0309,3.039,3.0403000000000002,3.0417,3.0606,3.0917000000000003,3.1008,3.1017,3.1075,3.1105,3.116,3.1325000000000003,3.1401000000000003,3.1511,3.1576,3.1676,3.1700000000000004,3.1756,3.1823,3.1899,3.2141,3.2177000000000002,3.2185,3.2248,3.233,3.2439,3.2441,3.2532,3.2583,3.2630000000000003,3.2674000000000003,3.2676000000000003,3.2709,3.2746,3.2817000000000003,3.2829,3.2892,3.2992000000000004,3.3009,3.3052,3.3145000000000002,3.3168,3.3181000000000003,3.3221000000000003,3.3361,3.3488,3.3622,3.3681,3.3758000000000004,3.3774,3.3796000000000004,3.4120000000000004,3.4305000000000003,3.4422,3.6241000000000003,3.6795,3.6856,3.6892,3.7191,3.7299,3.7374,3.7429,3.75,3.7512000000000003,3.7603,3.7648,3.77,3.7723,3.7749,3.7954000000000003,3.8008,3.8088,3.8132,3.8147,3.8159,3.837,3.8418,3.8497000000000003,3.8509,3.8571,3.8646000000000003,3.8794000000000004,3.8890000000000002,3.8943000000000003,3.8981000000000003,3.9056,3.9075,3.923,3.9367,3.9459000000000004,3.9681,3.9904,3.9968000000000004,4.0112000000000005,4.0126,4.0145,4.0155,4.0319,4.0338,4.036700000000001,4.0372,4.0404,4.0446,4.0482000000000005,4.0507,4.053,4.056900000000001,4.0582,4.0612,4.097700000000001,4.1086,4.1187000000000005,4.1305000000000005,4.1362000000000005
33104:0.544,0.5821000000000001,0.6074,0.6302,0.6517000000000001,0.6733,0.6924,0.7207,0.7434000000000001,0.7699,0.7933,0.8163,0.8394,0.8587,0.8808,0.9064000000000001,0.927,0.9535,0.9718,0.9902000000000001,1.0191000000000001,1.0688,1.3256000000000001,1.3762,1.3992,1.4178000000000002,1.4366,1.4583000000000002,1.4859,1.5068000000000001,1.536,1.5642,1.5911000000000002,1.6102,1.6391,1.6585,1.6795,1.7091,1.7295,2.1071,2.1644,2.181,2.2016,2.2171000000000003,2.2391,2.2626,2.2797,2.3038000000000003,2.3219000000000003,2.3443,2.3619000000000003,2.3807,2.4107000000000003,2.4302,2.4604,2.4751000000000003,2.4995000000000003,2.5192,2.5498000000000003,2.9127,2.9495,2.9754,2.9945,3.0166,3.0396,3.0665,3.0891,3.1061,3.1245000000000003,3.141,3.1675,3.1847000000000003,3.2057,3.2298,3.2542,3.2729000000000004,3.2944,3.3298,3.3563,3.4079,3.7195,3.7532,3.7830000000000004,3.8028000000000004,3.8346,3.8543000000000003,3.8758000000000004,3.8967,3.9189000000000003,3.9493,3.9746,3.9936000000000003,4.0164,4.0453,4.063400000000001,4.0999,4.1464
33219:0.4621,3.5112
33339:0.4349,0.5159,0.5415,0.5562,0.5571,0.5582,0.5889,0.5966,0.6024,0.6137,0.6309,0.6315000000000001,0.6342,0.64,0.6415000000000001,0.6474000000000001,0.6559,0.6605000000000001,0.6621,0.6844,0.6902,0.6991,0.7004,0.7151000000000001,0.7220000000000001,0.7250000000000001,0.7273000000000001,0.7336,0.7503000000000001,0.7586,0.7601,0.7738,0.7815000000000001,0.789,0.7988000000000001,0.7998000000000001,0.8059000000000001,0.8109000000000001,0.8114,0.8174,0.8254,0.8334,0.8464,0.8466,0.8480000000000001,0.8570000000000001,0.8742000000000001,0.8837,0.9015000000000001,0.9028,0.903,0.9051,0.9129,0.933,0.9423,0.9465,0.9758,0.9768,1.0045,1.0085,1.0119,1.0224,1.0262,1.0293,1.0313,1.0433000000000001,1.0459,1.0529,1.0641,1.0843,1.0888,1.0956000000000001,1.2007,1.2642,1.2926,1.3009000000000002,1.3052000000000001,1.3152000000000001,1.3498,1.3595000000000002,1.3617000000000001,1.3681,1.3916000000000002,1.3948,1.4045,1.4082000000000001,1.4148,1.4211,1.4228,1.423,1.4649,1.4689,1.4722000000000002,1.4813,1.5064,1.5409000000000002,1.5496,1.5611000000000002,1.5671000000000002,1.5703,1.5809,1.5832000000000002,1.5836000000000001,1.5847,1.5947,1.6168,1.6238000000000001,1.6266,1.637,1.6421000000000001,1.6425,1.6512,1.6682000000000001,1.6822000000000001,1.6842000000000001,1.6960000000000002,1.7077,1.7151,1.7207000000000001,1.7241000000000002,1.7373,1.7385000000000002,1.745,1.7785000000000002,1.8195000000000001,1.8263,2.0512,2.0625,2.1021,2.1025,2.1437,2.162,2.1803,2.1934,2.1939,2.1971000000000003,2.2073,2.2146,2.2172,2.2213000000000003,2.2373000000000003,2.2405,2.2428,2.2502,2.2517,2.2535000000000003,2.2548,2.2646,2.2752,2.2783,2.2815000000000003,2.2819000000000003,2.2852,2.2877,2.2944,2.2948,2.2951,2.3002000000000002,2.3082000000000003,2.3154,2.3221000000000003,2.3371,2.3476,2.3625000000000003,2.3631,2.3645,2.3715,2.3719,2.3721,2.3745000000000003,2.3853,2.3859,2.3929,2.4081,2.4123,2.4188,2.4209,2.4243,2.4249,2.4408000000000003,2.4466,2.4495,2.4535,2.4642,2.4762,2.4782,2.4847,2.4852000000000003,2.4857,2.486,2.4993000000000003,2.5237000000000003,2.5838,2.8385000000000002,2.902,2.9072,2.9181000000000004,2.923,2.9245,2.9471000000000003,2.9521,2.9658,2.9789000000000003,2.9862,2.9874,2.9972000000000003,3.0122,3.0155000000000003,3.0199000000000003,3.0264,3.0336000000000003,3.0351000000000004,3.0368,3.0382000000000002,3.0467,3.0567,3.0631,3.0653,3.0747,3.0749,3.0756,3.0773,3.0780000000000003,3.1045000000000003,3.1117000000000004,3.1186000000000003,3.1279000000000003,3.1292,3.1312,3.1421,3.1423,3.1514,3.1532,3.1582000000000003,3.1669,3.1787,3.1876,3.1892,3.19,3.1915,3.198,3.205,3.2106000000000003,3.2128,3.2226000000000004,3.2284,3.2377000000000002,3.2451000000000003,3.2465,3.2488,3.2504,3.2528,3.2563,3.265,3.2663,3.2725,3.2857000000000003,3.2868,3.2882000000000002,3.2903000000000002,3.301,3.3015000000000003,3.3071,3.319,3.3197,3.3240000000000003,3.3320000000000003,3.3358000000000003,3.3469,3.3478000000000003,3.3513,3.3689,3.3945000000000003,3.3997,3.4042000000000003,3.4152,3.4482000000000004,3.4619,3.6185,3.6845000000000003,3.6895000000000002,3.7044,3.7049000000000003,3.7124,3.7143,3.7230000000000003,3.7267,3.7317,3.7365000000000004,3.7451000000000003,3.7596000000000003,3.7630000000000003,3.7894,3.7952000000000004,3.805,3.8055000000000003,3.8074000000000003,3.8264,3.8329,3.8334,3.8377000000000003,3.8631,3.8682000000000003,3.8722000000000003,3.8879,3.8887,3.8994,3.8998000000000004,3.9031000000000002,3.9061000000000003,3.9170000000000003,3.9255,3.9376,3.9379000000000004,3.9411,3.9416,3.9450000000000003,3.9478,3.9512,3.9553000000000003,3.9569,3.9587000000000003,3.9695,3.971,3.9717000000000002,3.9726000000000004,3.9791000000000003,3.9808000000000003,3.9906,3.9961,4.0091,4.0144,4.029100000000001,4.0395,4.057300000000001,4.0963,4.1256,4.1315,4.1402,4.1424
33403:0.603,0.6451,0.6686000000000001,0.7011000000000001,0.7311000000000001,0.7464000000000001,0.7752,0.8041,0.8365,0.8545,0.9008,0.9252,0.9670000000000001,1.0053,1.0261,1.1249,1.3416000000000001,1.4034,1.4268,1.4432,1.474,1.5050000000000001,1.5342,1.5701,1.6431,1.6928,1.7772000000000001,2.1742,2.2175000000000002,2.2555,2.2909,2.3171,2.3520000000000003,2.3676,2.3837,2.4061,2.4348,2.4512,2.4784,2.5075000000000003,2.5961000000000003,2.9591000000000003,3.0086,3.0444,3.1138000000000003,3.1434,3.1666000000000003,3.1919,3.2168,3.2397,3.2578,3.2859000000000003,3.3058,3.3363,3.3622,3.4170000000000003,3.7021,3.7411000000000003,3.8228,3.8586,3.8930000000000002,3.9336,3.9606000000000003,4.0025,4.1112,4.1491
33683:0.0653,0.084,0.13970000000000002,0.19360000000000002,0.2983,0.3304,0.3609,0.4375,0.45990000000000003,0.512,0.6111,0.6531,0.668,0.6872,0.6995,0.8713000000000001,0.8865000000000001,0.9013,0.9714,1.1992,1.3183,1.4316,1.4477,1.4974,1.5499,1.5647,1.6187,1.6627,1.7421,1.935,1.982,2.0225,2.1185,2.2051000000000003,2.2764,2.2893,2.3028,2.3583000000000003,2.4524,2.4703,2.4825,2.5403000000000002,2.5582000000000003,2.7148000000000003,2.7782,2.8021000000000003,2.8629000000000002,2.9690000000000003,2.9912,3.0069000000000004,3.1154,3.14,3.1542000000000003,3.1741,3.2488,3.3028,3.3207,3.3353,3.5619,3.7159,3.7974,3.8268,3.8493000000000004,3.8760000000000003,3.9677000000000002,3.9847,3.9959000000000002,4.099,4.1142
33747:0.0419,0.0751,0.0884,0.12350000000000001,0.17550000000000002,0.22060000000000002,0.2561,0.29810000000000003,0.3478,0.4061,0.4466,0.49100000000000005,0.5609000000000001,0.6472,0.6841,0.7537,0.8823000000000001,0.915,0.9687,1.1665,1.1878,1.4520000000000002,1.5257,1.546,1.5986,1.6149,1.6265,1.6735,1.9122000000000001,2.0205,2.2362,2.2723,2.2889,2.3881,2.4347000000000003,2.5675000000000003,2.7052,2.7265,2.7511,2.7896,2.8228,2.9975,3.057,3.1229,3.148,3.2331000000000003,3.2791,3.3117,3.3224,3.4311000000000003,3.5454000000000003,3.8081,3.8693000000000004,3.9695,4.0114,4.0269
33764:0.6335000000000001,0.6871,0.7458,0.803,0.9485,1.4909000000000001,1.5536,1.6125,1.6648,2.2691,2.3625000000000003,3.0713000000000004,3.2222,3.2870000000000004,3.8724000000000003,3.9923
33841:0.061700000000000005,0.0826,0.12890000000000001,0.1388,0.1918,0.2441,0.2967,0.329,0.3594,0.4289,0.4365,0.45930000000000004,0.507,0.5112,0.5452,0.5722,0.6093000000000001,0.6511,0.6673,0.6862,0.6982,0.7882,0.8496,0.8702000000000001,0.8852000000000001,0.9003,0.9611000000000001,0.9702000000000001,1.0392000000000001,1.0773000000000001,1.1109,1.1767,1.1977,1.2326000000000001,1.2753,1.3163,1.3549,1.3911,1.4293,1.4466,1.4959,1.5478,1.5638,1.6167,1.6609,1.7086000000000001,1.7404000000000002,1.7689000000000001,1.8114000000000001,1.8662,1.9331,1.9800000000000002,2.0211,2.0907,2.1166,2.1661,2.1986,2.2042,2.2719,2.2758000000000003,2.2882000000000002,2.3022,2.3567,2.4072,2.4501,2.4693,2.4818000000000002,2.5353000000000003,2.5396,2.5562,2.5924,2.6129000000000002,2.6615,2.713,2.7732,2.7777000000000003,2.8007,2.8355,2.8609,2.9066,2.934,2.9671000000000003,2.9893,3.0061,3.0893,3.1138000000000003,3.1384000000000003,3.1532,3.1721000000000004,3.245,3.2960000000000003,3.3022,3.3201,3.3338,3.4005,3.4391000000000003,3.4766000000000004,3.5216000000000003,3.56,3.6017,3.6699,3.713,3.781,3.7959,3.8254,3.8483,3.874,3.9659,3.9834,3.9954,4.0725,4.0976,4.1129
33869:0.036500000000000005,0.08030000000000001,0.21660000000000001,0.3085,0.3961,0.48160000000000003,0.5122,0.5517000000000001,0.6469,0.6811,0.7239,0.7546,0.8395,0.9636,1.0416,1.1703000000000001,1.22,1.2671000000000001,1.3362,1.4278,1.5136,1.5977000000000001,1.6225,1.6712,1.9151,2.2225,2.3509,2.3864,2.4305000000000003,2.5740000000000003,2.6715,2.7071,2.7763,2.8202000000000003,3.0157000000000003,3.1433,3.2018,3.2313,3.2760000000000002,3.3272000000000004,3.4195,3.559,3.5961000000000003,3.6983,3.7776,3.8646000000000003,3.9066,3.9446000000000003,3.9745000000000004,4.027
33912:0.031400000000000004,0.0599,0.08070000000000001,0.1134,0.14800000000000002,0.184,0.2255,0.25320000000000004,0.27940000000000004,0.3269,0.366,0.3986,0.4439,0.455,0.5203,0.5528000000000001,0.5839,0.6077,0.6414000000000001,0.6958000000000001,0.7553000000000001,0.7983,0.8540000000000001,0.9173,0.9409000000000001,0.9595,1.0138,1.0505,1.0943,1.1349,1.1507,1.1823000000000001,1.2282,1.2994,1.3464,1.3771,1.4143000000000001,1.4494,1.4968000000000001,1.5312000000000001,1.5884,1.6382,1.6754,1.7199,1.7517,1.7750000000000001,1.8457000000000001,1.8999000000000001,1.9283000000000001,1.9795,2.0144,2.0654,2.1384000000000003,2.1799,2.2230000000000003,2.2626,2.2907,2.3359,2.383,2.4008000000000003,2.4476,2.478,2.5054000000000003,2.5512,2.571,2.611,2.6612,2.6942,2.714,2.7456,2.7611000000000003,2.7932,2.8154000000000003,2.8440000000000003,2.8717,2.9157,2.9537,2.9853,3.0445,3.1131,3.1518,3.1901,3.2327000000000004,3.2751,3.3085,3.337,3.3629000000000002,3.4192,3.4565,3.5095,3.5412000000000003,3.5656000000000003,3.6149,3.6496,3.7014,3.7531000000000003,3.7788000000000004,3.8207,3.8693000000000004,3.9044000000000003,3.9616000000000002,3.9958,4.0221,4.0651,4.1067,4.1253
34291:0.0359,0.0834,0.1506,0.20570000000000002,0.2499,0.30920000000000003,0.3826,0.43410000000000004,0.4818,0.5132,0.5473,0.5785,0.6113000000000001,0.6379,0.6731,0.7075,0.7306,0.7569,0.7845000000000001,0.8299000000000001,0.8638,0.8983000000000001,0.9333,0.9648,1.01,1.0395,1.0609,1.1568,1.1963000000000001,1.2362,1.2749000000000001,1.3041,1.334,1.3709,1.4122000000000001,1.4427,1.4925000000000002,1.5227000000000002,1.5667,1.6014000000000002,1.6372,1.6682000000000001,1.7163000000000002,1.7455,1.7749000000000001,1.8304,1.8998000000000002,1.9566000000000001,2.0124,2.0666,2.1057,2.1669,2.206,2.2278000000000002,2.259,2.2874000000000003,2.3278000000000003,2.3696,2.3899,2.4233000000000002,2.4463,2.4859,2.5141,2.5505,2.5722,2.6409000000000002,2.6963,2.7477,2.7824,2.817,2.9088000000000003,2.9631000000000003,3.0092000000000003,3.0451,3.0876,3.1151,3.1411000000000002,3.1903,3.2202,3.2653000000000003,3.2916000000000003,3.3215000000000003,3.3574,3.4014,3.4231000000000003,3.4608000000000003,3.5020000000000002,3.5407,3.5875000000000004,3.6463,3.6881000000000004,3.7318000000000002,3.7701000000000002,3.8151,3.8592,3.8988,3.9336,3.9639,4.0004,4.027,4.087400000000001,4.1232
34436:0.025500000000000002,0.0702,0.1027,0.1486,0.18050000000000002,0.2081,0.2325,0.4827,0.5459,0.5642,0.6034,0.6428,0.6747000000000001,0.7145,0.7477,0.7774000000000001,0.8365,0.892,0.9873000000000001,1.0045,1.0258,1.0383,1.0908,1.1199000000000001,1.1501000000000001,1.1682000000000001,1.1979,1.2242,1.2709000000000001,1.3153000000000001,1.3417000000000001,1.3825,1.4186,1.5073,1.5732000000000002,1.6363,1.6759000000000002,1.7124000000000001,1.8001,1.8201,1.8416000000000001,1.8955000000000002,1.9247,1.9882000000000002,2.0444,2.0823,2.1051,2.1255,2.1697,2.2206,2.2885,2.325,2.3633,2.3848000000000003,2.4355,2.5953,2.6325000000000003,2.6427,2.6716,2.797,2.8892,2.92,2.9493,2.9957000000000003,3.0348,3.0919000000000003,3.1129000000000002,3.1861,3.2732,3.2985,3.3523,3.3891,3.4256,3.4602000000000004,3.4864,3.5015,3.5356,3.5964,3.6818,3.7013000000000003,3.7355,3.8171000000000004,3.8628,3.9034,3.9151000000000002
34615:0.019700000000000002,0.033,0.053500000000000006,0.0813,0.1221,0.1479,0.20020000000000002,0.2456,0.28,0.34750000000000003,0.3996,0.42910000000000004,0.4707,0.5125000000000001,1.1111,1.1266,1.1402,1.1558000000000002,1.2182,1.2739,1.8019,1.8586,1.8979000000000001,1.9547,1.9935,2.0441000000000003,2.0829,2.5966,2.6469,2.6874000000000002,2.7219,2.7341,2.7616,2.7768,2.8052,2.8421000000000003,2.9064,2.9647,3.4564000000000004,3.4873000000000003,3.531,3.5804,3.6223,3.6828000000000003,4.1369
34640:0.0194,0.0357,0.23340000000000002,0.2742,0.34450000000000003,0.3902,1.9680000000000002,2.7387,2.7727
34673:0.5486,0.5765,0.6053000000000001,0.629,0.6666000000000001,0.7027,0.7379,0.7749,0.7969,0.8280000000000001,0.8545,0.8872,0.9194,0.9421,0.9737,0.996,1.0279,1.1076000000000001,1.3343,1.3577000000000001,1.3798000000000001,1.4100000000000001,1.4325,1.4754,1.5161,1.5395,1.5726,1.597,1.6307,1.6645,1.7016,1.7289,1.7925,2.1438,2.1618,2.1949,2.2126,2.2444,2.2809,2.3119,2.333,2.3601,2.3914,2.4135,2.4358,2.472,2.4967,2.5282,2.5458000000000003,2.5846,2.9227000000000003,2.9530000000000003,2.9767,3.0055,3.0318,3.0694000000000004,3.1022000000000003,3.1283000000000003,3.1645000000000003,3.1893000000000002,3.2181,3.2585,3.2839,3.3080000000000003,3.3421000000000003,3.3883,3.4077,3.6884,3.7338,3.7591,3.7718000000000003,3.7945,3.8463000000000003,3.89,3.9209,3.9551000000000003,3.984,4.0121,4.0579,4.0807,4.1235
34713:0.0823,0.1236,0.33390000000000003,0.4515,0.5780000000000001,0.6116,0.6403,0.6879000000000001,0.7227,0.7501,0.7854,0.8069000000000001,0.8402000000000001,0.8801,0.9132,0.9518000000000001,1.0035,1.1844000000000001,1.2451,1.3849,1.4126,1.443,1.4904000000000002,1.5194,1.5864,1.6133000000000002,1.6442,1.6715,1.7151,1.9105,2.0747,2.1785,2.2218,2.259,2.2868,2.3426,2.3821000000000003,2.4696000000000002,2.511,2.662,2.8192,2.9788,3.0149000000000004,3.0722,3.1117000000000004,3.1497,3.1854,3.2288,3.2722,3.2953,3.3184,3.3561,3.5235000000000003,3.5826000000000002,3.7538,3.8214,3.8699000000000003,3.8979000000000004,3.9534000000000002,3.9776000000000002,4.0201,4.0532,4.1125
34771:1.9025,2.7038
34876:0.1033,0.1564,0.22160000000000002,0.29350000000000004,0.37,1.2455,1.9103,2.0126,2.7624,3.5834
34941:0.0579,0.20350000000000001,3.5334000000000003
35121:0.029500000000000002,0.043500000000000004,0.0574,0.0848,0.1038,0.1208,0.14780000000000001,0.1772,0.19870000000000002,0.223,0.2351,0.2565,0.2717,0.2884,0.3135,0.33990000000000004,0.3632,0.37460000000000004,0.41150000000000003,0.4374,0.4541,0.47640000000000005,0.5025000000000001,1.0719,1.2137,1.2439,1.2654,1.8203,1.8545,1.9025,1.9221000000000001,1.9471,1.961,1.9874,2.0336000000000003,2.0489,2.6593,2.6945,2.7153,2.7268000000000003,2.7515,2.7716000000000003,2.7831,2.8064,2.8265000000000002,2.8511,2.9141000000000004,3.4999000000000002,3.5145,3.5364,3.5544000000000002,3.5827,3.5941,3.6188000000000002,3.6420000000000003
35141:0.013800000000000002,0.0273,0.0349,0.042300000000000004,0.054,0.0623,0.0726,0.0809,0.0886,0.1038,0.11120000000000001,0.1212,0.1385,0.1452,0.1558,0.1631,0.1748,0.1867,0.1937,0.20500000000000002,0.2139,0.2187,0.22640000000000002,0.2336,0.2411,0.24750000000000003,0.25620000000000004,0.2676,0.2731,0.28350000000000003,0.2984,0.3084,0.324,0.33190000000000003,0.3422,0.35800000000000004,0.3679,0.3821,0.3924,0.40030000000000004,0.41050000000000003,0.41850000000000004,0.42650000000000005,0.4383,0.44630000000000003,0.4559,0.4655,0.47440000000000004,0.48500000000000004,0.4944,0.5057,0.5113,0.521,0.5308,0.54,0.5489,0.559,0.5669000000000001,0.5789000000000001,0.5886,0.5992000000000001,0.6053000000000001,0.6138,0.6235,0.6313000000000001,0.6417,0.6525000000000001,0.6622,0.6713,0.6824,0.6917,0.7004,0.7098,0.7192000000000001,0.731,0.7392000000000001,0.7464000000000001,0.7573000000000001,0.7639,0.7726000000000001,0.7851,0.792,0.8017000000000001,0.809,0.8212,0.8310000000000001,0.8425,0.8494,0.8594,0.8687,0.8764000000000001,0.8874000000000001,0.8975000000000001,0.9055000000000001,0.9144,0.9228000000000001,0.9338000000000001,0.9465,0.9537,0.9657,0.9786,0.9868,0.9973000000000001,1.0071,1.018,1.0244,1.0296,1.0364,1.0439,1.0507,1.0616,1.0696,1.0782,1.0908,1.0973,1.1042,1.1165,1.1291,1.1382,1.1453,1.1534,1.1642000000000001,1.1723000000000001,1.1792,1.1892,1.2017,1.2083000000000002,1.2221,1.2297,1.2373,1.2416,1.2546000000000002,1.2624,1.2723,1.2831000000000001,1.2898,1.2990000000000002,1.3092000000000001,1.3208,1.3294000000000001,1.3371,1.3452000000000002,1.3524,1.3602,1.3694000000000002,1.3766,1.3849,1.3948,1.4072,1.4204,1.4296,1.4392,1.4486,1.46,1.469,1.4791,1.4881,1.4986000000000002,1.5105000000000002,1.5182,1.5261,1.5392000000000001,1.5489000000000002,1.56,1.5711000000000002,1.5824,1.5931000000000002,1.6024,1.6093000000000002,1.6209,1.6318000000000001,1.6446,1.6516000000000002,1.6641000000000001,1.6718000000000002,1.6835,1.6932,1.7026000000000001,1.7149,1.721,1.7285000000000001,1.7385000000000002,1.748,1.756,1.7628000000000001,1.7725000000000002,1.7795,1.7882,1.7972000000000001,1.8062,1.8149000000000002,1.8239,1.8349000000000002,1.8422,1.8482,1.8591000000000002,1.8678000000000001,1.8749,1.8891,1.8980000000000001,1.9045,1.9116000000000002,1.9261000000000001,1.9331,1.9436,1.9531,1.9593,1.9661000000000002,1.9751,1.9828000000000001,1.9896,1.9999,2.0079000000000002,2.019,2.0267,2.036,2.0482,2.0549,2.0653,2.077,2.0849,2.0942000000000003,2.0998,2.1081000000000003,2.1179,2.1253,2.1342000000000003,2.1427,2.1546000000000003,2.1637,2.1737,2.1847000000000003,2.1924,2.2001,2.2088,2.2158,2.2233,2.2314000000000003,2.2437,2.2522,2.2654,2.2757,2.2817000000000003,2.2964,2.3056,2.315,2.3282000000000003,2.3338,2.3467000000000002,2.3553,2.3633,2.3738,2.3824,2.3936,2.4012000000000002,2.4107000000000003,2.4205,2.4292000000000002,2.4477,2.4543,2.4657,2.4742,2.4867,2.4957000000000003,2.5091,2.5188,2.5279000000000003,2.5380000000000003,2.5455,2.553,2.5612,2.5695,2.5785,2.5844,2.5925000000000002,2.5997000000000003,2.6071,2.6176,2.6248,2.6367000000000003,2.6474,2.6568,2.6626000000000003,2.6719,2.6792000000000002,2.6911,2.7022,2.7076000000000002,2.7161,2.7267,2.7368,2.7489000000000003,2.7567,2.7657000000000003,2.7806,2.786,2.7933000000000003,2.8046,2.8122000000000003,2.8177000000000003,2.8275,2.8360000000000003,2.8464,2.8542,2.8641,2.8747000000000003,2.8839,2.8926000000000003,2.8985000000000003,2.9083,2.9151000000000002,2.9229000000000003,2.9319,2.9447,2.9528000000000003,2.967,2.9757000000000002,2.9855,2.9926,3.0016000000000003,3.0144,3.0261,3.0365,3.0474,3.0561000000000003,3.0626,3.0711,3.0792,3.089,3.1017,3.1115,3.1194,3.1283000000000003,3.1386000000000003,3.1455,3.1564,3.1664000000000003,3.1797,3.1875,3.1958,3.2058,3.2146000000000003,3.2272000000000003,3.2351,3.2414,3.2503,3.2612,3.2709,3.2817000000000003,3.2896,3.2965,3.3046,3.3112000000000004,3.3243,3.3319,3.3395,3.3451,3.3528000000000002,3.362,3.373,3.3806000000000003,3.3909000000000002,3.3995,3.4131,3.4225000000000003,3.4331,3.4403,3.4493,3.4601,3.4664,3.4754,3.4836,3.4904,3.4991000000000003,3.5059,3.5162,3.5207,3.5299,3.5388,3.5489,3.5592,3.5686,3.5753000000000004,3.5857,3.5928,3.6072,3.6194,3.6241000000000003,3.6316,3.6398,3.6486,3.6605000000000003,3.6705,3.6784000000000003,3.6870000000000003,3.6946000000000003,3.7012,3.7085000000000004,3.7174,3.7262,3.7366,3.7437,3.7534,3.7652,3.7771000000000003,3.789,3.7991,3.8089000000000004,3.8190000000000004,3.8292,3.8386,3.8482000000000003,3.8568000000000002,3.8673,3.8732,3.8866,3.8932,3.9048000000000003,3.9151000000000002,3.923,3.9342,3.9440000000000004,3.9549000000000003,3.9650000000000003,3.9728000000000003,3.9839,3.9924000000000004,4.0001,4.0113,4.0212,4.0321,4.043200000000001,4.0488,4.0604000000000005,4.0703000000000005,4.0828,4.0945,4.1068,4.115,4.122,4.1294,4.1353,4.1407,4.1489
35189:0.6237,0.6436000000000001,0.6548,0.6834,0.6924,0.7139,0.7528,0.7905000000000001,0.8166,0.8346,0.8689,0.882,0.8941,0.9027000000000001,0.9293,0.9386,0.9652000000000001,1.3987,1.4097000000000002,1.4231,1.4513,1.4985000000000002,1.5102,1.5275,1.5376,1.5904,1.6198000000000001,1.6479000000000001,2.1995,2.224,2.2435,2.2622,2.2743,2.2943000000000002,2.3421000000000003,2.3720000000000003,2.3847,2.3957,2.4028,2.4304,2.4544,2.4901,2.5176000000000003,2.5536000000000003,2.9871000000000003,3.0184,3.0791,3.0894000000000004,3.1149,3.1446,3.1911,3.2006,3.2097,3.2196000000000002,3.2325000000000004,3.2726,3.2848,3.3039,3.3319,3.3435,3.3521,3.8014,3.8377000000000003,3.8648000000000002,3.8915,3.8998000000000004,3.9121,3.9404000000000003,3.9693,4.0088,4.0200000000000005,4.037,4.0993
35242:0.0557,0.17470000000000002,0.19060000000000002,0.2111,0.3482,0.46630000000000005,1.1401000000000001,1.1644,1.2221,1.8082,1.8742,1.9515,1.9715,2.0049,2.0661,2.6703,3.492,3.5527
35460:0.1468,0.24380000000000002,0.3962,0.4171,0.5248,0.5742,0.6054,0.7968000000000001,1.0154,1.0550000000000002,1.0941,1.1866,1.3764,1.3949,1.5145000000000002,1.7667000000000002,1.8735000000000002,1.9121000000000001,1.9899,2.0637000000000003,2.0758,2.1411000000000002,2.1797,2.4745,2.5072,2.6631,2.8253,2.8363,2.9162000000000003,2.9334000000000002,3.1936,3.3624,3.4242000000000004,3.446,3.6137,3.6516,3.696,3.7547,4.1261,4.141900000000001
35550:0.005,0.016800000000000002,0.0189,0.0212,0.032,0.0388,0.0395,0.039900000000000005,0.048100000000000004,0.049300000000000004,0.053000000000000005,0.061700000000000005,0.08360000000000001,0.0859,0.0882,0.0892,0.0932,0.0971,0.0999,0.1058,0.1063,0.1066,0.10930000000000001,0.1173,0.12150000000000001,0.1223,0.1226,0.1269,0.1275,0.1353,0.1416,0.15330000000000002,0.1563,0.159,0.1612,0.1663,0.1718,0.19340000000000002,0.19460000000000002,0.21080000000000002,0.2238,0.2296,0.23370000000000002,0.2343,0.2437,0.25370000000000004,0.2612,0.262,0.2629,0.2647,0.2725,0.2737,0.28290000000000004,0.2908,0.3054,0.3265,0.3272,0.3325,0.3412,0.3452,0.3557,0.3699,0.37370000000000003,0.37560000000000004,0.3809,0.3911,0.3965,0.39890000000000003,0.40790000000000004,0.4087,0.4106,0.4203,0.44570000000000004,0.4494,0.4771,0.47750000000000004,0.48760000000000003,0.49250000000000005,0.49760000000000004,0.5027,0.5038,0.5148,0.5157,0.5162,0.5226000000000001,0.5264,0.541,0.9539000000000001,1.0134,1.0211000000000001,1.0279,1.0419,1.0486,1.0752000000000002,1.0847,1.09,1.0903,1.0932,1.1053,1.1234,1.1272,1.1378000000000001,1.1389,1.1392,1.1436,1.1622000000000001,1.1688,1.1716,1.1752,1.1819,1.1935,1.1974,1.206,1.2106000000000001,1.2229,1.246,1.2465000000000002,1.2524,1.2692,1.2924,1.3021,1.3052000000000001,1.3344,1.3446,1.7062000000000002,1.7203000000000002,1.7219,1.7257,1.7343000000000002,1.7425000000000002,1.7599,1.7695,1.7887000000000002,1.8049000000000002,1.8085,1.8094000000000001,1.8184,1.8194000000000001,1.8343,1.8394000000000001,1.8529,1.8547,1.8609,1.8657000000000001,1.8743,1.8751,1.8987,1.9006,1.9023,1.9054,1.9143000000000001,1.9173,1.9523000000000001,1.955,1.9634,1.9647000000000001,1.9793,1.9796,1.9851,1.9865000000000002,1.9966000000000002,1.9968000000000001,1.9982000000000002,1.9985000000000002,2.0008,2.0086,2.0235000000000003,2.0262000000000002,2.0328,2.0405,2.045,2.0612,2.0748,2.081,2.0944000000000003,2.0948,2.1504000000000003,2.1637,2.4641,2.5262000000000002,2.5415,2.5533,2.5572,2.6058000000000003,2.6100000000000003,2.619,2.621,2.629,2.6344000000000003,2.6348000000000003,2.6481000000000003,2.6568,2.6589,2.6722,2.6814,2.6845000000000003,2.689,2.6898,2.69,2.7047000000000003,2.712,2.7122,2.7142,2.7195,2.7209000000000003,2.7232000000000003,2.7327000000000004,2.7343,2.7368,2.7408,2.7456,2.7581,2.7611000000000003,2.7782,2.7895000000000003,2.8085,2.8138,2.8148,2.8158000000000003,2.8233,2.8240000000000003,2.8449,2.8596,2.8802000000000003,2.8930000000000002,2.8934,2.8959,2.9011,2.9112,3.3372,3.3669000000000002,3.3839,3.3999,3.403,3.4138,3.4320000000000004,3.4469000000000003,3.4691,3.4829000000000003,3.4867000000000004,3.4884,3.4953000000000003,3.5016000000000003,3.508,3.5183,3.5201000000000002,3.5208000000000004,3.5294000000000003,3.5395000000000003,3.5425,3.5494000000000003,3.5515000000000003,3.5571,3.5658000000000003,3.5708,3.5748,3.5753000000000004,3.5767,3.6071,3.609,3.6156,3.6214,3.6465,3.6543,3.6678,3.6862000000000004,3.7084,4.0542,4.1127
35579:0.5730000000000001,0.6035,0.6296,0.654,0.6811,0.7110000000000001,0.7395,0.7735000000000001,0.7994,0.8300000000000001,0.8515,0.8855000000000001,0.9183,0.9451,1.0010000000000001,1.0593000000000001,1.3718000000000001,1.4041000000000001,1.4334,1.4691,1.4886000000000001,1.5206000000000002,1.5509000000000002,1.5785,1.6073000000000002,1.633,1.6608,1.6987,2.1518,2.1870000000000003,2.213,2.2461,2.2666,2.2876000000000003,2.2974,2.33,2.3586,2.3879,2.426,2.4598,2.4924,2.5466,2.9372000000000003,2.9726000000000004,3.0013,3.0405,3.0671,3.1028000000000002,3.1397,3.1718,3.1998,3.2204,3.261,3.2851000000000004,3.3120000000000003,3.3479,3.7442,3.7772,3.8114000000000003,3.8426,3.8683,3.8906,3.923,3.9545000000000003,3.9862,4.012700000000001,4.0486,4.1031
35662:0.0594
35874:0.6079,0.669,0.7140000000000001,0.8009000000000001,0.8598,0.9295,0.9733,1.3797000000000001,1.4803000000000002,1.57,1.6253,1.6892,2.1839,2.2434000000000003,2.2852,2.3605,2.4308,2.4964,2.9765,3.0407,3.0864000000000003,3.1394,3.1902000000000004,3.2646,3.3081,3.7567000000000004,3.805,3.8972,3.9625000000000004,4.0196000000000005
36127:1.9115000000000002
36276:1.9213
36506:0.0275,0.060500000000000005,0.0942,0.1413,0.1633,0.21150000000000002,0.2543,0.27940000000000004,0.3305,0.3552,0.3764,0.4445,1.2357,1.8996000000000002,1.9373,1.9660000000000002,2.0052000000000003,2.7096,2.7359,2.7710000000000004,2.8112,3.5163,3.576
36557:0.0161,0.035500000000000004,0.0432,0.0522,0.0659,0.0965,0.1063,0.1159,0.13,0.16040000000000001,0.17120000000000002,0.19210000000000002,0.2147,0.2426,0.268,0.29710000000000003,0.33580000000000004,0.3629,0.38280000000000003,0.41440000000000005,0.4247,0.4521,0.46640000000000004,0.501,0.5464,1.0377,1.0549,1.0711,1.1179000000000001,1.1394,1.1497,1.1737,1.2038,1.2442,1.2608000000000001,1.2991000000000001,1.7273,1.7751000000000001,1.7896,1.8227,1.8299,1.8535000000000001,1.8635000000000002,1.8866,1.917,1.9443000000000001,1.9641000000000002,1.9925000000000002,2.0042,2.0157000000000003,2.0327,2.0923000000000003,2.5660000000000003,2.5842,2.6165000000000003,2.6314,2.6626000000000003,2.6721,2.6916,2.7134,2.738,2.7581,2.7769,2.7875,2.8328,2.8437,2.8585000000000003,2.8986,3.378,3.4168000000000003,3.4449,3.4696000000000002,3.4827000000000004,3.4979,3.5236,3.5423,3.5532000000000004,3.5754,3.5986000000000002,3.6348000000000003,3.6428000000000003,3.6725000000000003,4.1141000000000005
36647:0.0213,0.0408,0.054400000000000004,0.0723,0.09720000000000001,0.1119,0.1307,0.14800000000000002,0.16290000000000002,0.1752,0.1963,0.2127,0.23970000000000002,0.26890000000000003,0.28550000000000003,0.3131,0.33330000000000004,0.3457,0.36960000000000004,0.3957,0.4127,0.4338,0.4431,0.46680000000000005,0.4955,0.5398000000000001,1.0708,1.1211,1.1374,1.151,1.1755,1.1944000000000001,1.216,1.2369,1.2652,1.2981,1.354,1.7705000000000002,1.7934,1.8165,1.8379,1.8517000000000001,1.87,1.8849,1.9009,1.9209,1.933,1.9543000000000001,1.9664000000000001,1.9826000000000001,2.0031,2.0180000000000002,2.0357000000000003,2.0660000000000003,2.0962,2.5875,2.6158,2.6336,2.6449000000000003,2.6617,2.6748000000000003,2.6851000000000003,2.697,2.7172,2.7385,2.7536,2.7767,2.7880000000000003,2.815,2.8341000000000003,2.8556,2.8825000000000003,3.4157,3.4467000000000003,3.4634,3.4810000000000003,3.5006000000000004,3.516,3.5348,3.5515000000000003,3.5793000000000004,3.6009,3.6219,3.6717,4.1449
36694:1.9192
36949:0.6378,0.6900000000000001,0.7481,0.7828,0.8360000000000001,0.8725,0.9082,0.9567,0.9986,1.4231,1.4834,1.4985000000000002,1.5829,1.639,1.6797,1.7128,2.218,2.2567,2.2887,2.3397,2.3772,2.4682,2.5089,2.978,3.0106,3.069,3.1083000000000003,3.1808,3.2253000000000003,3.2689000000000004,3.3523,3.8109,3.8556000000000004,3.9007,3.9511000000000003,3.9737,4.0202,4.0604000000000005
37020:0.4655,0.4843,0.4989,0.5111,0.5209,0.5285000000000001,0.54,0.5482,0.557,0.5647,0.5739000000000001,0.5813,0.5888,0.5956,0.602,0.6098,0.6161,0.6222,0.6277,0.634,0.6407,0.6469,0.6535000000000001,0.6606000000000001,0.6682,0.6757000000000001,0.6831,0.6889000000000001,0.6952,0.7003,0.7072,0.7137,0.7199,0.7274,0.7339,0.7411,0.7476,0.7553000000000001,0.7622,0.7686000000000001,0.775,0.7812,0.7896000000000001,0.7951,0.8014,0.8083,0.8151,0.8220000000000001,0.8280000000000001,0.8345,0.8409000000000001,0.8458,0.8514,0.8589,0.8656,0.8721,0.8794000000000001,0.8853000000000001,0.8924000000000001,0.8995000000000001,0.9047000000000001,0.9131,0.9203,0.9271,0.9349000000000001,0.9422,0.9489000000000001,0.9563,0.9642000000000001,0.9737,0.9807,0.9880000000000001,0.9952000000000001,1.0035,1.0113,1.0190000000000001,1.0294,1.0403,1.0493000000000001,1.0618,1.0749,1.0888,1.0983,1.1289,1.1489,1.1858,1.2582,1.2697,1.2844,1.2969000000000002,1.3073000000000001,1.3171000000000002,1.3275000000000001,1.3349,1.3453000000000002,1.3526,1.3628,1.3699000000000001,1.3762,1.3839000000000001,1.3916000000000002,1.3987,1.405,1.4116,1.4182000000000001,1.4245,1.4314,1.4389,1.4457,1.4545000000000001,1.462,1.4688,1.4754,1.4816,1.4884000000000002,1.4982,1.5048000000000001,1.5118,1.5190000000000001,1.526,1.5328000000000002,1.5397,1.5459,1.5530000000000002,1.5601,1.5664,1.5757,1.5832000000000002,1.5895000000000001,1.5964,1.6018000000000001,1.6084,1.6154000000000002,1.6226,1.6293,1.6363,1.6418000000000001,1.6508,1.6564,1.6649,1.6729,1.679,1.687,1.693,1.7008,1.7068,1.7143000000000002,1.7212,1.7269,1.7361,1.7434,1.7507000000000001,1.7606000000000002,1.7741,1.7918,1.8149000000000002,1.8362,2.0456000000000003,2.0639000000000003,2.0779,2.0878,2.0995,2.1066000000000003,2.1169000000000002,2.1291,2.1369000000000002,2.1442,2.1557,2.1616,2.1691000000000003,2.1758,2.1824,2.1885,2.1953,2.2022,2.2101,2.218,2.2254,2.2322,2.241,2.2473,2.2531000000000003,2.259,2.2665,2.2723,2.2794000000000003,2.2869,2.2946,2.3016,2.3072,2.3154,2.3227,2.3298,2.3384,2.3452,2.3525,2.3600000000000003,2.3664,2.3742,2.3810000000000002,2.3876,2.3946,2.4013,2.4085,2.4176,2.4234,2.4291,2.4348,2.4433000000000002,2.4504,2.4571,2.4653,2.4719,2.4792,2.4852000000000003,2.4915000000000003,2.4992,2.5073000000000003,2.5143,2.5235000000000003,2.5307,2.5384,2.545,2.5532,2.5616000000000003,2.5711,2.5792,2.5900000000000003,2.5997000000000003,2.6268000000000002,2.6437,2.8231,2.8626,2.8787000000000003,2.8892,2.9005,2.9111000000000002,2.9187000000000003,2.9251,2.9337,2.9427000000000003,2.9498,2.9573,2.9643,2.9706,2.9786,2.9852000000000003,2.9908,3.0003,3.0074,3.0141,3.0216000000000003,3.0287,3.0357000000000003,3.0433000000000003,3.0496000000000003,3.0572000000000004,3.0634,3.0697,3.0753000000000004,3.0818000000000003,3.0903,3.0980000000000003,3.105,3.1121000000000003,3.1193,3.1281000000000003,3.1332,3.1406,3.1462000000000003,3.1529000000000003,3.1586000000000003,3.1655,3.1725000000000003,3.1804,3.1874000000000002,3.1929000000000003,3.1996,3.2073,3.214,3.2227,3.2287000000000003,3.236,3.2452,3.2520000000000002,3.2591,3.2665,3.2719,3.2785,3.2861000000000002,3.2916000000000003,3.2967,3.3033,3.3101000000000003,3.3183000000000002,3.3247,3.331,3.3386,3.3454,3.3521,3.3661000000000003,3.3735,3.3822,3.3920000000000003,3.4002000000000003,3.4096,3.4210000000000003,3.4370000000000003,3.4507000000000003,3.5397000000000003,3.6205000000000003,3.6349,3.6467,3.6607000000000003,3.6691000000000003,3.6824000000000003,3.6892,3.6986000000000003,3.7077,3.7166,3.7248,3.7337000000000002,3.7401,3.7491000000000003,3.7556000000000003,3.7626000000000004,3.7693000000000003,3.7761,3.7830000000000004,3.7894,3.7968,3.8056,3.8132,3.8194000000000004,3.8280000000000003,3.8351,3.841,3.8497000000000003,3.8556000000000004,3.8640000000000003,3.8712,3.8763,3.8833,3.8897000000000004,3.8966000000000003,3.9042000000000003,3.9104,3.9167,3.9241,3.9309000000000003,3.9388,3.9449,3.9520000000000004,3.9583000000000004,3.9673000000000003,3.9732000000000003,3.9791000000000003,3.9863000000000004,3.992,3.9992,4.0049,4.0106,4.0171,4.026,4.0324,4.0399,4.0478000000000005,4.0559,4.062,4.0718000000000005,4.0795,4.0866,4.0959,4.1031,4.1111,4.1237,4.1315,4.1407
37117:0.4295,0.43860000000000005,0.444,0.5016,0.5138,0.519,0.5192,0.5368,0.5541,0.5545,0.5601,0.5629000000000001,0.5636,0.5705,0.5710000000000001,0.5843,0.5860000000000001,0.5971000000000001,0.6111,0.6203000000000001,0.6337,0.637,0.6471,0.6523,0.6558,0.6645,0.6663,0.6743,0.6927,0.6962,0.6969000000000001,0.7162000000000001,0.7201000000000001,0.7228,0.7356,0.7378,0.7411,0.7434000000000001,0.7527,0.7586,0.7619,0.7723,0.7731,0.7743,0.7776000000000001,0.7819,0.7851,0.7926000000000001,0.7975,0.7981,0.8037000000000001,0.804,0.8081,0.8094,0.8105,0.8331000000000001,0.8371000000000001,0.8574,0.8583000000000001,0.8788,0.882,0.8882,0.9048,0.9085000000000001,0.9175000000000001,0.9207000000000001,0.923,0.9335,0.937,0.9393,0.9395,0.9568000000000001,0.9916,1.0061,1.0274,1.0285,1.0304,1.0405,1.0436,1.0458,1.0532000000000001,1.0885,1.0913000000000002,1.1363,1.1969,1.2732,1.2739,1.3029000000000002,1.3048,1.3171000000000002,1.3255000000000001,1.3273000000000001,1.3368,1.3453000000000002,1.348,1.3602,1.3643,1.3691,1.3737000000000001,1.3800000000000001,1.3840000000000001,1.3898000000000001,1.4242000000000001,1.4252,1.4557,1.4559,1.4588,1.4732,1.4754,1.4763000000000002,1.4765000000000001,1.4806000000000001,1.4808000000000001,1.4818,1.4915,1.5013,1.5054,1.5074,1.5103,1.5217,1.5237,1.5385,1.5465,1.5572000000000001,1.5582,1.5622,1.5671000000000002,1.5675000000000001,1.5969,1.6041,1.6043,1.6077000000000001,1.6113000000000002,1.6149,1.6183,1.6212,1.6227,1.6231,1.6312,1.6316000000000002,1.6424,1.6452,1.6472,1.6542000000000001,1.6645,1.6776,1.6825,1.6832,1.6855,1.6869,1.6885000000000001,1.7561,1.7806000000000002,1.7894,1.7956,1.808,1.8090000000000002,1.8157,1.824,2.1143,2.1272,2.1362,2.1387,2.141,2.1462,2.1606,2.178,2.1803,2.1826000000000003,2.1879,2.2002,2.2004,2.2044,2.2063,2.2139,2.2171000000000003,2.2198,2.2219,2.2379000000000002,2.2430000000000003,2.2468,2.2487,2.2562,2.2623,2.2687,2.2727,2.2768,2.2932,2.2945,2.2956000000000003,2.2974,2.2982,2.2996000000000003,2.3028,2.3218,2.3240000000000003,2.3359,2.3388,2.3416,2.3424,2.3485,2.3499000000000003,2.3501000000000003,2.3542,2.3645,2.3663000000000003,2.3795,2.3884000000000003,2.3967,2.3973,2.4063000000000003,2.4126000000000003,2.4187000000000003,2.4224,2.424,2.4338,2.4381,2.4508,2.4656000000000002,2.4757000000000002,2.4801,2.4924,2.4926,2.4935,2.4938000000000002,2.5008,2.5171,2.5247,2.5340000000000003,2.5383,2.545,2.5819,2.5875,2.6029,2.6135,2.6483000000000003,2.8668,2.8748,2.927,2.9279,2.9476,2.9541,2.9587000000000003,2.9836,2.9953000000000003,3.0057,3.0135,3.0363,3.0476,3.0479000000000003,3.0492000000000004,3.0536000000000003,3.0552,3.0769,3.0786000000000002,3.079,3.101,3.1076,3.1274,3.1299,3.1326,3.1505,3.1536,3.1628000000000003,3.1654,3.1721000000000004,3.1762,3.1785,3.1817,3.1848,3.185,3.1881,3.1972,3.2005000000000003,3.2030000000000003,3.2075,3.2211000000000003,3.2247000000000003,3.2267,3.2283,3.2362,3.2447000000000004,3.2546,3.2553,3.2613000000000003,3.2627,3.2670000000000003,3.2677,3.2747,3.2859000000000003,3.2871,3.2968,3.3017000000000003,3.3148,3.3178,3.33,3.3384,3.3426,3.3724000000000003,3.3858,3.4091,3.4222,3.5348,3.607,3.6201000000000003,3.6526,3.653,3.6630000000000003,3.6647000000000003,3.6933000000000002,3.7046,3.7343,3.7383,3.7494,3.7584,3.7606,3.7625,3.769,3.7719,3.7721,3.7852,3.7880000000000003,3.7963,3.7982,3.818,3.8203,3.8441,3.8589,3.8657000000000004,3.8822,3.8829000000000002,3.8885,3.9112,3.9197,3.9289,3.9316,3.9334000000000002,3.9441,3.9497,3.9561,3.9646000000000003,3.9668,3.984,3.994,3.9987000000000004,4.0013000000000005,4.0048,4.0098,4.0194,4.0277,4.0392,4.0548,4.0639,4.0725,4.077500000000001,4.0933,4.0945,4.1041,4.1082,4.1086,4.113300000000001,4.1223,4.129300000000001,4.1369,4.1448
37123:0.6089,0.7908000000000001,0.8573000000000001,0.8975000000000001,0.9683,1.3893,1.484,1.5661,1.6104,1.7176,2.1748000000000003,2.2604,2.3703000000000003,2.4315,2.5018000000000002,2.7960000000000003,2.972,3.0284,3.0896000000000003,3.1526,3.2243,3.2796000000000003,3.3573,3.8037,3.8631,3.9726000000000004
37128:0.0245,0.0381,0.058800000000000005,0.0901,0.12480000000000001,0.15,0.17650000000000002,0.19840000000000002,0.22,0.249,0.2888,0.3158,0.34790000000000004,0.3724,0.4046,0.4611,0.47550000000000003,0.5119,1.1260000000000001,1.153,1.1941000000000002,1.2193,1.2707000000000002,1.3417000000000001,1.8038,1.844,1.8751,1.8993,1.9254,1.9536,1.9829,2.0081,2.0464,2.5984000000000003,2.6380000000000003,2.6672000000000002,2.6962,2.7298,2.7782,2.7872000000000003,2.8104,2.8688000000000002,3.3949000000000003,3.458,3.4825000000000004,3.5097,3.535,3.5642,3.5909,3.6247000000000003
37180:0.1746,1.9169,2.0325,2.8425000000000002
37365:0.6309,0.6517000000000001,0.6938000000000001,0.7122,0.7609,0.7865000000000001,0.8225,0.8471000000000001,0.8764000000000001,0.8867,0.9074000000000001,0.9223,0.9490000000000001,0.9753000000000001,1.4254,1.4558,1.4856,1.5106000000000002,1.5431000000000001,1.5752000000000002,1.5911000000000002,1.6317000000000002,1.6932,2.2143,2.2316000000000003,2.2595,2.2955,2.3126,2.3356,2.3562000000000003,2.3803,2.4039,2.4333,2.4708,2.4952,2.9885,3.0159000000000002,3.0291,3.0528,3.0726,3.0926,3.1036,3.1174,3.1399000000000004,3.1637,3.1881,3.2276000000000002,3.2582,3.2756000000000003,3.2963,3.3081,3.3305000000000002,3.3508,3.7849000000000004,3.8111,3.8383000000000003,3.8604000000000003,3.8866,3.9102,3.9474,3.9719,3.9801,4.0061,4.040900000000001
37567:0.0267,0.1449,0.2821,0.3665,0.4419,0.4768,1.1209,1.1327,1.1537,1.8517000000000001,1.8985,2.0086,2.6891000000000003,2.7313,2.7665,2.8049,2.9102,3.4610000000000003,3.5329,3.6212
37830:0.029500000000000002,0.0626,0.1515,0.2079,0.2511,0.3175,0.39790000000000003,0.4349,1.2729000000000001,1.8483,1.9048,1.9965000000000002,2.6994000000000002,2.7797,3.5128000000000004
37985:0.5298,0.5596,0.5851000000000001,0.6114,0.6307,0.6566000000000001,0.6763,0.6977,0.7178,0.7437,0.7673,0.7862,0.8178000000000001,0.8394,0.8642000000000001,0.8877,0.9101,0.9307000000000001,0.9509000000000001,0.9782000000000001,1.0010000000000001,1.0278,1.0553000000000001,1.0959,1.3151000000000002,1.3457000000000001,1.3706,1.3985,1.4145,1.4375,1.4687000000000001,1.4915,1.5129000000000001,1.5303,1.5607,1.5778,1.6027,1.6264,1.6408,1.6700000000000002,1.6965000000000001,1.723,1.7507000000000001,1.7748000000000002,2.1164,2.1590000000000003,2.1802,2.2004,2.2234000000000003,2.2488,2.2622,2.2824,2.3107,2.333,2.3583000000000003,2.3834,2.3998,2.419,2.4356,2.4666,2.4843,2.5101,2.5398,2.5701,2.5985,2.9147000000000003,2.9403,2.9636,2.9882,3.0119000000000002,3.0345,3.0561000000000003,3.0789,3.1021,3.1296,3.1475,3.1696,3.1933000000000002,3.2166,3.2364,3.2615000000000003,3.2800000000000002,3.3007,3.329,3.3520000000000003,3.3844000000000003,3.6919,3.7217000000000002,3.7457000000000003,3.7704,3.7923,3.8129000000000004,3.8337000000000003,3.8576,3.8835,3.9014,3.9197,3.9464,3.9683,3.9925,4.0134,4.0375000000000005,4.0636,4.0884,4.1208
38032:0.5672,0.598,0.624,0.6488,0.6775,0.7072,0.7361000000000001,0.7704000000000001,0.7961,0.8261000000000001,0.8483,0.8813000000000001,0.916,0.9416,0.9981000000000001,1.0519,1.3667,1.3973,1.4293,1.464,1.4857,1.5176,1.5463,1.5757,1.6031,1.6297000000000001,1.657,1.6937,2.146,2.1818,2.2097,2.242,2.2635,2.29,2.3272,2.3548,2.3842000000000003,2.4219,2.4533,2.4878,2.5423,2.9318,2.968,2.9978000000000002,3.0377,3.0638,3.1001000000000003,3.1367000000000003,3.1662000000000003,3.196,3.2172,3.2572,3.2815000000000003,3.3093000000000004,3.3441,3.7403,3.7728,3.8087,3.8376,3.8651,3.8859000000000004,3.9186,3.9517,3.9822,4.009,4.0445,4.0982
38098:0.4582,0.467,0.4748,0.537,0.5436,0.5471,0.5657,0.5683,0.5782,0.5810000000000001,0.5884,0.5944,0.5987,0.6026,0.608,0.6216,0.6246,0.6269,0.6301,0.6319,0.64,0.6422,0.6437,0.6446000000000001,0.6662,0.6913,0.6933,0.7090000000000001,0.7153,0.7388,0.7453000000000001,0.7559,0.759,0.7691,0.7818,0.7828,0.7942,0.7956000000000001,0.8329000000000001,0.8373,0.8549,0.8561000000000001,0.8603000000000001,0.863,0.8662000000000001,0.873,0.8869,0.8901,0.8917,0.8961,0.8979,0.9013,0.9101,0.9114000000000001,0.9161,0.922,0.9289000000000001,0.931,0.9392,0.9424,0.9477000000000001,0.9623,0.9682000000000001,0.9843000000000001,0.9972000000000001,1.0133,1.0150000000000001,1.0225,1.0287,1.0309000000000001,1.0325,1.0347,1.0542,1.0569,1.0682,1.07,1.0809,1.1706,1.2232,1.2372,1.244,1.2565,1.2664,1.2689000000000001,1.2791000000000001,1.2853,1.2978,1.3082,1.32,1.3211000000000002,1.3445,1.3493000000000002,1.3502,1.3632,1.3695000000000002,1.3753,1.3787,1.3856000000000002,1.3861,1.3896000000000002,1.3967,1.4054,1.4224,1.4289,1.4314,1.4363000000000001,1.4391,1.4522000000000002,1.457,1.4584000000000001,1.4807000000000001,1.4874,1.4918,1.4931,1.4936,1.4977,1.5026000000000002,1.5153,1.5238,1.5256,1.5328000000000002,1.5404,1.5449000000000002,1.5606,1.5701,1.5762,1.5944,1.6056000000000001,1.6065,1.6098000000000001,1.6108,1.6187,1.6217000000000001,1.6260000000000001,1.6305,1.6422,1.6448,1.6522000000000001,1.6596000000000002,1.6761000000000001,1.6845,1.6947,1.7066000000000001,1.7124000000000001,1.7251,1.7329,1.7371,1.7436,1.7487000000000001,2.0008,2.0503,2.0515,2.0694,2.0755,2.0818000000000003,2.0881000000000003,2.0884,2.1032,2.1037,2.1125000000000003,2.1316,2.1566,2.2034000000000002,2.2063,2.2228,2.2258,2.23,2.2487,2.251,2.2526,2.2546,2.2621,2.2672000000000003,2.2689,2.2803,2.2826,2.2889,2.2929,2.2951,2.3122000000000003,2.3280000000000003,2.3292,2.3306,2.3525,2.3572,2.366,2.3748,2.3823000000000003,2.3981,2.4011,2.4019,2.4062,2.4073,2.4186,2.4287,2.4327,2.4447,2.4524,2.4636,2.4679,2.4781,2.5100000000000002,2.5464,2.5552,2.5602,2.5613,2.5787,2.5889,2.835,2.8418,2.8542,2.8579000000000003,2.8629000000000002,2.9007,2.9144,2.9177,2.9570000000000003,2.9617,2.9621,2.9778000000000002,2.9788,2.9856000000000003,2.9904,2.9937,2.9965,2.9975,3.0007,3.0095,3.0108,3.0197000000000003,3.0215,3.0239000000000003,3.0348,3.0385,3.0419,3.0473000000000003,3.0488,3.0624000000000002,3.0766,3.0793,3.089,3.0945,3.104,3.1088,3.1199000000000003,3.1237000000000004,3.128,3.1302000000000003,3.1401000000000003,3.1405000000000003,3.1492,3.1529000000000003,3.1533,3.1583,3.1586000000000003,3.1594,3.1620000000000004,3.1651000000000002,3.1656,3.1676,3.1797,3.1972,3.2237,3.2256,3.2269,3.2473,3.2558000000000002,3.2560000000000002,3.2567000000000004,3.274,3.2745,3.2806,3.2825,3.2853000000000003,3.3036000000000003,3.3048,3.3135000000000003,3.3153,3.3165,3.3185000000000002,3.3266,3.3312,3.3402000000000003,3.3465000000000003,3.3485,3.3499000000000003,3.3600000000000003,3.39,3.3948,3.3961,3.4281,3.4322000000000004,3.4329,3.4467000000000003,3.447,3.6364,3.7359,3.7461,3.754,3.7575000000000003,3.7675,3.7748000000000004,3.7956000000000003,3.8096,3.8192000000000004,3.8257000000000003,3.8339000000000003,3.8341000000000003,3.8494,3.8521,3.861,3.8619000000000003,3.8756000000000004,3.8787000000000003,3.8829000000000002,3.8836000000000004,3.8930000000000002,3.8978,3.9105000000000003,3.9158000000000004,3.931,3.9352,3.9363,3.939,3.9498,3.9594,3.9618,3.9704,3.9822,3.9862,3.9914,3.9925,3.9985000000000004,4.0019,4.0120000000000005,4.0317,4.032,4.0358,4.0365,4.0387,4.0393,4.051,4.0635,4.07,4.0937,4.1308
38194:1.1337000000000002
38413:0.0128,0.0307,0.0436,0.0636,0.08990000000000001,0.1008,0.1193,0.1443,0.1646,0.1908,0.20420000000000002,0.2245,0.24810000000000001,0.2718,0.30460000000000004,0.32830000000000004,0.3447,0.36860000000000004,0.38380000000000003,0.41100000000000003,0.4283,0.45080000000000003,0.4747,0.5014000000000001,1.1222,1.1692,1.1851,1.227,1.2519,1.2724,1.3092000000000001,1.8138,1.8355000000000001,1.8607,1.8994000000000002,1.9247,1.9428,1.9939,2.0134000000000003,2.0364,2.6346000000000003,2.6542000000000003,2.6718,2.6918,2.7182,2.7351,2.7520000000000002,2.7715,2.7919,2.8063000000000002,2.8339000000000003,3.4337,3.4753000000000003,3.5125,3.5532000000000004,3.5694000000000004,3.5882,3.6671
38666:0.029,0.3483,1.2581
38928:0.07050000000000001,0.0858,0.5692,0.6063000000000001,0.6355000000000001,0.6684,0.6916,0.7448,0.7737,0.8405,0.8879,0.9446,0.9642000000000001,1.0397,1.3708,1.415,1.4475,1.4728,1.5161,1.5567,1.5976000000000001,1.6288,1.6753,1.7140000000000002,1.7511,1.9498000000000002,2.1434,2.172,2.1883,2.2332,2.2535000000000003,2.2833,2.3595,2.4044000000000003,2.4365,2.4929,2.5197000000000003,2.5569,2.5988,2.7276000000000002,2.9489,2.9666,3.0060000000000002,3.0589,3.0787,3.1399000000000004,3.1915,3.2292,3.285,3.3048,3.3316000000000003,3.4115,3.4877000000000002,3.5541,3.7319,3.7722,3.7889000000000004,3.8201,3.8582,3.9027000000000003,3.9584,3.9806000000000004,4.0064,4.0472,4.0689,4.105,4.133
38952:0.0073,0.012400000000000001,0.0309,0.0356,0.0419,0.043500000000000004,0.044700000000000004,0.0594,0.0779,0.091,0.09240000000000001,0.09340000000000001,0.0974,0.1066,0.11800000000000001,0.1197,0.12560000000000002,0.1264,0.1331,0.1413,0.1456,0.15480000000000002,0.1559,0.1568,0.1645,0.16840000000000002,0.1696,0.171,0.1718,0.1734,0.1748,0.18910000000000002,0.20090000000000002,0.2018,0.20900000000000002,0.216,0.2245,0.227,0.24650000000000002,0.25270000000000004,0.2596,0.26130000000000003,0.2622,0.2722,0.2725,0.2745,0.28150000000000003,0.2975,0.3003,0.3145,0.3168,0.3226,0.3236,0.3271,0.3304,0.3552,0.3554,0.35900000000000004,0.3613,0.3704,0.3794,0.3805,0.39230000000000004,0.3987,0.4071,0.4086,0.4093,0.4148,0.4177,0.43220000000000003,0.434,0.43810000000000004,0.4408,0.4415,0.44880000000000003,0.449,0.45790000000000003,0.45840000000000003,0.46830000000000005,0.4806,0.4817,0.5041,0.5057,0.5184,0.5249,0.5342,0.5368,0.5667,0.5766,0.9521000000000001,0.9925,0.9952000000000001,1.0007000000000001,1.0117,1.0362,1.0525,1.066,1.0755000000000001,1.0772000000000002,1.0801,1.0954000000000002,1.1089,1.1288,1.1509,1.1584,1.1588,1.1652,1.1679000000000002,1.1822000000000001,1.1887,1.1938,1.2015,1.2028,1.2108,1.2287000000000001,1.2302,1.2334,1.2399,1.2414,1.2519,1.2579,1.2591,1.2863,1.2865,1.2952000000000001,1.2974,1.3111000000000002,1.3267,1.7603,1.7625000000000002,1.7630000000000001,1.7738,1.7849000000000002,1.7896,1.8045,1.8166,1.8229000000000002,1.8257,1.8276000000000001,1.8308,1.8436000000000001,1.8515000000000001,1.8528,1.8543,1.8581,1.8586,1.859,1.8696000000000002,1.8731,1.8779000000000001,1.8807,1.8851,1.8876000000000002,1.8987,1.9024,1.9026,1.9101000000000001,1.9131,1.9391,1.9467,1.949,1.9513,1.9578,1.9611,1.9627000000000001,1.9763000000000002,1.9829,1.9924000000000002,1.9932,2.0008,2.0018000000000002,2.008,2.0116,2.0364,2.0421,2.0428,2.0471,2.0518,2.0556,2.0558,2.0851,2.0912,2.0939,2.0942000000000003,2.0946000000000002,2.0962,2.1282,2.1392,2.5872,2.5918,2.5966,2.6224000000000003,2.6232,2.6263,2.6291,2.6314,2.6344000000000003,2.6567000000000003,2.6736,2.6771000000000003,2.6797,2.6805000000000003,2.6817,2.6826000000000003,2.708,2.7085000000000004,2.7125,2.7318000000000002,2.7350000000000003,2.7444,2.7512000000000003,2.7551,2.7628,2.7694,2.7733000000000003,2.7754000000000003,2.7766,2.7896,2.8344,2.8392,2.8636,2.8678000000000003,2.8773,2.8924000000000003,3.3059000000000003,3.3221000000000003,3.3299000000000003,3.3651,3.3719,3.3729,3.3784,3.4055,3.4125,3.4244000000000003,3.4352,3.4376,3.4492000000000003,3.4606000000000003,3.4635000000000002,3.4701,3.4833000000000003,3.4970000000000003,3.5100000000000002,3.5111000000000003,3.5268,3.5363,3.5377,3.5479000000000003,3.5522,3.5538000000000003,3.5553000000000003,3.5582000000000003,3.5616000000000003,3.5778000000000003,3.5858000000000003,3.5891,3.5941,3.5951,3.6013,3.6126,3.6246,3.668,3.6692,3.6799000000000004,3.6895000000000002,3.7166,3.7345,3.7435,4.1014,4.109100000000001
39078:0.0281,0.0505,0.0888,0.11910000000000001,0.15560000000000002,0.19390000000000002,0.22260000000000002,0.2506,0.2726,0.3129,0.3448,0.3789,0.40440000000000004,0.43620000000000003,0.47140000000000004,0.5076,1.1228,1.1668,1.1929,1.2363,1.2705,1.8436000000000001,1.8695000000000002,1.9043,1.9362000000000001,1.9647000000000001,1.9947000000000001,2.0393,2.6309,2.6802,2.7115,2.7333000000000003,2.7621,2.7879,2.8160000000000003,2.8495,3.4334000000000002,3.4713000000000003,3.5171,3.5596,3.5971
39116:0.0682,1.9336
39124:0.5542,0.5859,0.6151,0.6373,0.6635,0.6897,0.7114,0.7443000000000001,0.7737,0.8017000000000001,0.8282,0.8499,0.8737,0.8967,0.9248000000000001,0.9533,0.9831000000000001,1.0163,1.0481,1.0919,1.3434000000000001,1.3800000000000001,1.4092,1.4329,1.4628,1.4894,1.5185000000000002,1.5492000000000001,1.5728,1.5987,1.6277000000000001,1.6525,1.6722000000000001,1.6968,1.7205000000000001,1.7581,2.1496,2.1769000000000003,2.1973000000000003,2.2207,2.2442,2.2672000000000003,2.2856,2.3143000000000002,2.3432,2.3682000000000003,2.4013,2.4241,2.4463,2.4743,2.5123,2.5478,2.5822000000000003,2.9163,2.9442,2.9623,2.9915000000000003,3.0168,3.0344,3.0568,3.0822000000000003,3.1057,3.1339,3.1587,3.1788000000000003,3.2013000000000003,3.2333000000000003,3.2548000000000004,3.2843,3.305,3.3321,3.3833,3.415,3.7015000000000002,3.7259,3.7562,3.7808,3.7998000000000003,3.8264,3.8514000000000004,3.8847,3.9029000000000003,3.9233000000000002,3.9490000000000003,3.9764000000000004,3.9968000000000004,4.0353,4.0574,4.0753,4.111
39223:0.4601,2.8039
39405:0.0813,0.7180000000000001,1.7167000000000001,2.3165,2.7962000000000002,2.8574,2.972,3.5695,3.9148,4.0821000000000005
39444:0.0673,0.33340000000000003,0.4455,0.48750000000000004,2.0233,2.7149,2.7962000000000002,3.5701
39661:0.4803,0.49870000000000003,0.5183,0.5636,0.5783,0.5797,0.5819,0.5961000000000001,0.601,0.6033000000000001,0.6058,0.6063000000000001,0.6129,0.6295000000000001,0.6325000000000001,0.641,0.6703,0.6726000000000001,0.6824,0.6884,0.6904,0.7041000000000001,0.7054,0.7058,0.7105,0.7260000000000001,0.7352000000000001,0.7392000000000001,0.742,0.7497,0.7546,0.7614000000000001,0.7678,0.7809,0.783,0.7885000000000001,0.7893,0.7931,0.802,0.8062,0.8075,0.8156,0.8229000000000001,0.8264,0.8315,0.8367,0.8527,0.8537,0.8570000000000001,0.8598,0.865,0.873,0.8751,0.8787,0.8905000000000001,0.8926000000000001,0.8973000000000001,0.898,0.905,0.9065000000000001,0.9087000000000001,0.9094000000000001,0.9162,0.9209,0.9498000000000001,0.991,0.9914000000000001,0.9972000000000001,1.0107000000000002,1.0146,1.0221,1.0264,1.0282,1.0324,1.0461,1.0502,1.0562,1.0677,1.0911,1.1197000000000001,1.1360000000000001,1.2665,1.2787000000000002,1.2857,1.2929000000000002,1.2951000000000001,1.3189,1.3338,1.335,1.3395000000000001,1.3491,1.3739000000000001,1.3743,1.3833,1.3844,1.4006,1.4196,1.4309,1.4311,1.4344000000000001,1.4352,1.4449,1.4535,1.4661000000000002,1.4737,1.4893,1.4925000000000002,1.5076,1.526,1.5377,1.5392000000000001,1.5437,1.5650000000000002,1.5674000000000001,1.5692000000000002,1.5755000000000001,1.5778,1.5914000000000001,1.5932000000000002,1.5992000000000002,1.6,1.6021,1.6112000000000002,1.6174000000000002,1.6300000000000001,1.6321,1.6361,1.6423,1.6572,1.6607,1.6632,1.669,1.7083000000000002,1.7219,1.739,1.7404000000000002,1.7409000000000001,1.7424000000000002,1.7426000000000001,1.7528000000000001,1.7543000000000002,1.7715,1.8168000000000002,1.8461,2.0168,2.0354,2.0726,2.1025,2.1115,2.1209000000000002,2.1383,2.1417,2.1511,2.165,2.1706000000000003,2.1714,2.1757,2.1779,2.1877,2.1919,2.1979,2.2025,2.2047000000000003,2.2094,2.2096,2.2191,2.2295000000000003,2.232,2.2385,2.2433,2.2453000000000003,2.2532,2.2647,2.2692,2.2739000000000003,2.2803,2.2871,2.2951,2.2989,2.2995,2.3019000000000003,2.3103000000000002,2.3166,2.3199,2.3334,2.3478000000000003,2.3506,2.3517,2.3543000000000003,2.3634,2.3746,2.3749000000000002,2.378,2.3784,2.3786,2.3884000000000003,2.3955,2.3965,2.3977,2.4210000000000003,2.4253,2.4493,2.4542,2.4701,2.4735,2.48,2.4848,2.4886,2.5060000000000002,2.5114,2.5156,2.5295,2.5312,2.5324,2.5385,2.5398,2.5413,2.5474,2.5526,2.5700000000000003,2.5780000000000003,2.5985,2.6364,2.6408,2.8159,2.8745000000000003,2.8895,2.8933,2.8975,2.9002000000000003,2.907,2.9222,2.9337,2.935,2.9412000000000003,2.9419,2.9524000000000004,2.954,2.9633000000000003,2.9636,2.9762,2.9838,2.9862,2.9872,3.0052000000000003,3.0133,3.0279000000000003,3.0355000000000003,3.0367,3.0381,3.0421,3.044,3.0541,3.0575,3.063,3.0667,3.0729,3.0773,3.0859,3.0952,3.1028000000000002,3.1118,3.1149,3.121,3.1236,3.1239000000000003,3.1357,3.1502000000000003,3.1661,3.1741,3.1892,3.1954000000000002,3.198,3.2012,3.2123,3.2149,3.2166,3.2233,3.2317,3.2352000000000003,3.2389,3.2445,3.2447000000000004,3.245,3.2481,3.2636000000000003,3.269,3.274,3.2992000000000004,3.3018,3.3027,3.3031,3.307,3.3107,3.3168,3.3332,3.3335000000000004,3.3454,3.3552,3.3763,3.4073,3.4356,3.5598,3.6483000000000003,3.6511,3.6559000000000004,3.657,3.676,3.6789,3.7007000000000003,3.7388000000000003,3.7404,3.7467,3.7477,3.7512000000000003,3.7581,3.7645000000000004,3.7725,3.7817000000000003,3.7842000000000002,3.7911,3.7962000000000002,3.7984,3.8082000000000003,3.8128,3.8174,3.8211000000000004,3.8243,3.8359,3.8385000000000002,3.8425000000000002,3.8516000000000004,3.8519,3.8543000000000003,3.8644000000000003,3.8693000000000004,3.8702,3.8793,3.8976,3.9025000000000003,3.9036000000000004,3.9079,3.9167,3.9347000000000003,3.9396,3.9503000000000004,3.9587000000000003,3.996,4.0095,4.0265,4.0285,4.0303,4.0383000000000004,4.0395,4.0408,4.0435,4.0463000000000005,4.0511,4.054,4.058,4.0596000000000005,4.0662,4.072900000000001,4.0738,4.0785,4.0789,4.083600000000001,4.089300000000001,4.0922,4.1104,4.122,4.1342,4.1386
39669:0.049300000000000004,0.20520000000000002,0.24600000000000002,0.3124,0.3667,0.4345,1.241,1.9488,2.0068,2.6962,2.7624,2.7992000000000004,2.8456,3.5826000000000002
39714:0.0173,0.0304,0.044700000000000004,0.0563,0.07200000000000001,0.0857,0.1041,0.11610000000000001,0.134,0.1442,0.1598,0.17200000000000001,0.1889,0.2008,0.21430000000000002,0.2267,0.24150000000000002,0.25630000000000003,0.2718,0.28950000000000004,0.3019,0.3219,0.334,0.3477,0.3598,0.378,0.38930000000000003,0.40090000000000003,0.4152,0.42910000000000004,0.44060000000000005,0.44870000000000004,0.46280000000000004,0.47850000000000004,0.48900000000000005,0.4988,0.5109,0.5224,0.5331,0.5422,0.5534,0.5612,0.5719000000000001,0.5820000000000001,0.5933,0.6037,0.6132000000000001,0.6259,0.634,0.6496000000000001,0.6623,0.6741,0.6846,0.6979000000000001,0.7092,0.7233,0.7356,0.747,0.7606,0.7707,0.783,0.7919,0.8047000000000001,0.8169000000000001,0.8308000000000001,0.8453,0.8598,0.8706,0.8842000000000001,0.8959,0.9051,0.9197000000000001,0.9275,0.9418000000000001,0.9541000000000001,0.9673,0.9846,0.9974000000000001,1.0085,1.0204,1.0322,1.0430000000000001,1.0529,1.0643,1.0757,1.0898,1.1003,1.1158000000000001,1.1322,1.1441000000000001,1.1563,1.1680000000000001,1.1827,1.1941000000000002,1.2077,1.2248,1.2374,1.2504,1.2619,1.2745,1.2876,1.3016,1.3113000000000001,1.324,1.3363,1.3475000000000001,1.3593000000000002,1.3713,1.3835000000000002,1.3960000000000001,1.4103,1.4223000000000001,1.4337,1.4418,1.4595,1.4716,1.481,1.4951,1.5043,1.5172,1.5283,1.5441,1.5526,1.5683,1.5833000000000002,1.599,1.6083,1.6238000000000001,1.6341,1.6495000000000002,1.6609,1.6714,1.6884000000000001,1.6957,1.7083000000000002,1.7165000000000001,1.728,1.7401,1.7506000000000002,1.7621,1.7752000000000001,1.7871000000000001,1.8004,1.8084,1.8177,1.8295000000000001,1.8382,1.8507,1.8637000000000001,1.877,1.8922,1.9038000000000002,1.9146,1.9361000000000002,1.9534,1.9687000000000001,1.9819,1.9977,2.0111,2.0256000000000003,2.0385,2.0508,2.0627,2.0764,2.0879000000000003,2.1002,2.1117,2.1206,2.1289000000000002,2.1368,2.148,2.1577,2.1667,2.1790000000000003,2.1899,2.2024,2.2153,2.2297000000000002,2.2412,2.2522,2.269,2.2807,2.2913,2.3039,2.3216,2.3338,2.3506,2.3616,2.3733,2.384,2.3977,2.4092000000000002,2.4234,2.4371,2.4507000000000003,2.4635000000000002,2.4737,2.4899,2.5012000000000003,2.5108,2.5214000000000003,2.5311,2.5447,2.5559000000000003,2.5681000000000003,2.5802,2.5915,2.6021,2.6166,2.6270000000000002,2.6387,2.6507,2.6598,2.6751,2.6827,2.6991,2.7074000000000003,2.7261,2.7384,2.7525,2.7638000000000003,2.7826,2.8049,2.8144,2.8242000000000003,2.8375000000000004,2.8473,2.858,2.8693,2.8789000000000002,2.8920000000000003,2.9038,2.9145000000000003,2.9254000000000002,2.9376,2.9477,2.958,2.9690000000000003,2.9783,2.9921,3.0072,3.0187,3.0297,3.0395000000000003,3.0514,3.0652000000000004,3.0802,3.0925000000000002,3.1038,3.1172,3.1277000000000004,3.141,3.1546000000000003,3.1683000000000003,3.182,3.1903,3.2051000000000003,3.2167000000000003,3.2291000000000003,3.2407000000000004,3.2531000000000003,3.2637,3.2745,3.2874000000000003,3.2990000000000004,3.3101000000000003,3.3225000000000002,3.3314000000000004,3.3448,3.3554000000000004,3.366,3.3763,3.3897000000000004,3.4017,3.415,3.4261000000000004,3.436,3.4466,3.4543000000000004,3.4658,3.4770000000000003,3.4869000000000003,3.4983,3.5161000000000002,3.5269000000000004,3.5378000000000003,3.5539,3.5649,3.5746,3.5895,3.603,3.6119000000000003,3.6227,3.6346000000000003,3.6467,3.6594,3.6698000000000004,3.6816,3.6938,3.7045000000000003,3.7166,3.7279,3.74,3.7517,3.7687000000000004,3.7783,3.7926,3.8046,3.8173000000000004,3.8297000000000003,3.8412,3.8503000000000003,3.8658,3.8774,3.8892,3.9021000000000003,3.9137000000000004,3.9232,3.9376,3.9461000000000004,3.9618,3.9729,3.9864,3.9959000000000002,4.0095,4.0212,4.0361,4.0491,4.0628,4.0753,4.0882000000000005,4.0974,4.1097,4.121,4.1323,4.1425
39750:0.2771
39921:0.12390000000000001,0.463,1.1582000000000001,1.9699,2.7309,3.5122
39927:0.0663,0.4444,2.0238
39953:0.09970000000000001,0.2771,3.5687
40093:0.021500000000000002,0.034800000000000005,0.0507,0.0639,0.0813,0.0952,0.1119,0.1296,0.1461,0.162,0.18030000000000002,0.19490000000000002,0.2116,0.22640000000000002,0.24250000000000002,0.26230000000000003,0.27490000000000003,0.29100000000000004,0.3069,0.3245,0.3383,0.3551,0.37470000000000003,0.3901,0.41050000000000003,0.42710000000000004,0.44480000000000003,0.4601,0.47450000000000003,0.4907,0.5075000000000001,0.5224,0.5395,0.5551,0.5731,0.5905,0.6052000000000001,0.6242,0.6387,0.6612,0.6834,0.7083,0.7341000000000001,0.7592,0.7802,0.7963,0.8131,0.8335,0.8490000000000001,0.8728,0.8917,0.9114000000000001,0.9284,0.9488000000000001,0.9765,0.9955,1.0159,1.0313,1.0462,1.0609,1.0752000000000002,1.0905,1.1043,1.1226,1.1403,1.1563,1.1731,1.1906,1.2047,1.2237,1.2384000000000002,1.2526000000000002,1.2693,1.2864,1.3022,1.3174000000000001,1.3326,1.3486,1.3653,1.3806,1.3976000000000002,1.4131,1.4364000000000001,1.4627000000000001,1.4817,1.5019,1.5230000000000001,1.5413000000000001,1.5608,1.5773000000000001,1.6033000000000002,1.6172,1.6333,1.6548,1.6718000000000002,1.6937,1.7083000000000002,1.7209,1.7361,1.7533,1.7661,1.7828000000000002,1.7999,1.8142,1.8305,1.8477000000000001,1.8642,1.8791,1.897,1.9103,1.9317000000000002,1.9519000000000002,1.9692,1.9847000000000001,2.0020000000000002,2.0142,2.0281000000000002,2.0405,2.055,2.0694,2.0848,2.0999000000000003,2.1172,2.1334,2.1510000000000002,2.1670000000000003,2.1848,2.2024,2.2211000000000003,2.238,2.2548,2.2806,2.3032,2.3225000000000002,2.3379000000000003,2.3553,2.375,2.3968000000000003,2.4195,2.4411,2.4610000000000003,2.4777,2.4964,2.517,2.5353000000000003,2.5522,2.5694,2.5848,2.5997000000000003,2.6169000000000002,2.6366,2.654,2.6707,2.6886,2.7046,2.7193,2.7372,2.7548,2.7727,2.787,2.8068,2.8233,2.8386,2.8520000000000003,2.8657000000000004,2.8839,2.9005,2.9147000000000003,2.9312,2.9492000000000003,2.9677000000000002,2.9851,3.0004,3.0215,3.0402,3.0602,3.0839000000000003,3.1049,3.1261,3.1455,3.1664000000000003,3.1866000000000003,3.2087000000000003,3.2267,3.2462,3.2644,3.2853000000000003,3.3018,3.3201,3.3355,3.3524000000000003,3.3723,3.3902,3.4068,3.423,3.4401,3.4555000000000002,3.4739,3.4911000000000003,3.5039000000000002,3.5207,3.5370000000000004,3.5576000000000003,3.5744000000000002,3.5914,3.6144000000000003,3.6299,3.6473,3.6630000000000003,3.6773000000000002,3.6942000000000004,3.7081000000000004,3.7258,3.744,3.7591,3.7791,3.8018,3.821,3.8472000000000004,3.8702,3.8894,3.9133,3.9271000000000003,3.9474,3.9723,3.9939,4.0161,4.0388,4.052700000000001,4.0701,4.0908,4.1073,4.121300000000001,4.1376
40141:0.0122,0.0151,0.0178,0.0261,0.027200000000000002,0.0443,0.061500000000000006,0.0654,0.0748,0.075,0.0755,0.0767,0.0945,0.10840000000000001,0.1102,0.11910000000000001,0.1342,0.1451,0.1484,0.1511,0.16140000000000002,0.1847,0.1887,0.1899,0.2005,0.20750000000000002,0.21580000000000002,0.2195,0.2212,0.2581,0.2607,0.2611,0.2627,0.2656,0.2722,0.27640000000000003,0.2828,0.29760000000000003,0.3015,0.3042,0.3055,0.3073,0.317,0.33140000000000003,0.3376,0.34550000000000003,0.3457,0.34590000000000004,0.3589,0.3639,0.3708,0.37520000000000003,0.3786,0.3839,0.3924,0.3972,0.41850000000000004,0.42200000000000004,0.4292,0.4375,0.4601,0.46190000000000003,0.48910000000000003,0.4938,0.5013000000000001,0.5177,0.5314,0.5912000000000001,0.5959,1.0001,1.0386,1.0429000000000002,1.0433000000000001,1.0655000000000001,1.0886,1.0952,1.1096000000000001,1.1109,1.112,1.1125,1.1293,1.1304,1.1335,1.1496,1.1517,1.1734,1.1791,1.1876,1.1991,1.2,1.2047,1.2097,1.2325000000000002,1.2347000000000001,1.2486000000000002,1.2511,1.2561,1.2617,1.2638,1.2794,1.2930000000000001,1.2943,1.2970000000000002,1.3017,1.3888,1.3916000000000002,1.6515000000000002,1.7116,1.7132,1.7154,1.7577,1.7591,1.7731000000000001,1.7827000000000002,1.7839,1.7972000000000001,1.8014000000000001,1.8112000000000001,1.8201,1.8290000000000002,1.8365,1.8524,1.8531000000000002,1.8586,1.8589,1.8595000000000002,1.865,1.8688,1.8865,1.9005,1.9043,1.9092,1.9286,1.9469,1.9552,1.9575,1.9645000000000001,1.9647000000000001,1.9667000000000001,1.9676,1.9700000000000002,1.9702000000000002,1.9763000000000002,2.0047,2.0088,2.0093,2.0229,2.0276,2.0420000000000003,2.0727,2.0856,2.1002,2.1403000000000003,2.1459,2.5091,2.5125,2.5518,2.5574000000000003,2.5668,2.5715000000000003,2.5738000000000003,2.5815,2.5907,2.596,2.6168,2.6189,2.6251,2.6310000000000002,2.6339,2.6676,2.6698,2.674,2.6756,2.6768,2.6833,2.6904000000000003,2.6937,2.6958,2.6994000000000002,2.7003,2.701,2.7055000000000002,2.7111,2.7282,2.7365,2.7543,2.7548,2.7566,2.7683,2.7800000000000002,2.7807,2.7813000000000003,2.7843,2.786,2.7883,2.7967,2.7974,2.8051,2.8055000000000003,2.8081,2.8341000000000003,2.8452,2.8471,2.8501000000000003,2.8553,2.8568000000000002,2.8713,2.8878,2.8962000000000003,2.9161,2.9248000000000003,3.3892,3.3979000000000004,3.423,3.4286000000000003,3.4329,3.4747000000000003,3.4757000000000002,3.4777,3.4946,3.4975,3.5050000000000003,3.5137,3.5139,3.5174000000000003,3.5196,3.5231000000000003,3.5377,3.5393000000000003,3.5408000000000004,3.5496000000000003,3.5508,3.5539,3.5647,3.5654000000000003,3.5688,3.573,3.5781,3.5825,3.5873000000000004,3.5882,3.5968,3.6224000000000003,3.6292,3.6314,3.6346000000000003,3.6732,3.7074000000000003,3.7241,3.7273,3.7498,4.088,4.0899,4.1078,4.1306,4.1357
40177:1.6201,3.1533,3.3257000000000003,4.0323
40226:0.1,0.2253,0.272,0.3561,0.4536,1.9735,2.6991,2.7549
40537:0.068,0.3304,0.4495,2.0249,2.7639,3.5495
40577:0.030500000000000003,0.0572,0.08660000000000001,0.1202,0.14880000000000002,0.1759,0.19840000000000002,0.24130000000000001,0.2765,0.2977,0.335,0.3521,0.37520000000000003,0.4118,0.44520000000000004,0.4586,0.5143,0.5778,0.6117,0.6562,0.6905,0.7313000000000001,0.772,0.7994,0.8433,0.9251,1.0144,1.0717,1.1312,1.1569,1.1931,1.24,1.329,1.3834,1.4132,1.4526000000000001,1.5057,1.5311000000000001,1.5967,1.6473,1.6723000000000001,1.7147000000000001,1.8449,1.879,1.9073,1.9449,1.9669,1.985,2.0278,2.0514,2.1353,2.1777,2.2321,2.2823,2.3652,2.4192,2.4712,2.5058000000000002,2.5321000000000002,2.6583,2.6947,2.7346,2.7574,2.7813000000000003,2.81,2.8477,2.8760000000000003,2.9369,2.9814000000000003,3.0454000000000003,3.1194,3.1841000000000004,3.2318000000000002,3.2739000000000003,3.3625000000000003,3.4232,3.4932000000000003,3.5101,3.5402,3.5753000000000004,3.625,3.7482,3.8058,3.8726000000000003,3.8988,3.9603,4.0275,4.0600000000000005,4.1124
40649:0.057300000000000004,0.1092,0.16010000000000002,0.2286,0.272,0.3315,0.42160000000000003,0.4465,0.4732,0.507,0.5455,0.601,1.1023,1.1448,1.1715,1.2038,1.2384000000000002,1.2818,1.3282,1.7630000000000001,1.8049000000000002,1.8399,1.8669,1.9064,1.9558,2.0074,2.0525,2.5797000000000003,2.6251,2.6598,2.7029,2.7561,2.8129,2.8589,2.8958,3.4383000000000004,3.4853,3.5169,3.5751000000000004,3.6207000000000003,3.6863,4.1325
40752:1.4031,2.555,2.9431000000000003,4.1471
41371:0.081,0.1908,0.4544,0.4693,0.5007,0.512,0.529,0.5436,0.5516,0.5645,0.5775,0.5896,0.6003000000000001,0.6165,0.6271,0.6365000000000001,0.6435000000000001,0.6511,0.6631,0.6782,0.6896,0.7061000000000001,0.7136,0.7222000000000001,0.7414000000000001,0.7542,0.764,0.7759,0.7847000000000001,0.7955,0.8029000000000001,0.8170000000000001,0.8266,0.8378,0.8480000000000001,0.8626,0.8715,0.8847,0.8957,0.9143,0.9267000000000001,0.9342,0.9487000000000001,0.9581000000000001,0.9690000000000001,0.9839,0.9926,1.0108000000000001,1.0253,1.0402,1.0541,1.0684,1.0909,1.1043,1.1448,1.1975,1.2611,1.2807000000000002,1.2968,1.3116,1.3394000000000001,1.3478,1.3589,1.3774,1.3914,1.3992,1.4118000000000002,1.4231,1.4292,1.4437,1.4637,1.4753,1.4846000000000001,1.4939,1.5144,1.5234,1.5338,1.5471000000000001,1.5632000000000001,1.5756000000000001,1.5967,1.6058000000000001,1.6131,1.6281,1.6396000000000002,1.6548,1.6664,1.6801000000000001,1.6892,1.7032,1.7217,1.7343000000000002,1.7459,1.7597,1.7765000000000002,1.7945,1.8177,1.8491000000000002,2.0458000000000003,2.0802,2.096,2.1087000000000002,2.1349,2.1482,2.1669,2.177,2.1877,2.1978,2.2191,2.2337000000000002,2.2454,2.2553,2.2655000000000003,2.2729,2.283,2.2949,2.3041,2.3202000000000003,2.3297000000000003,2.3411,2.3522000000000003,2.3604000000000003,2.3752,2.3970000000000002,2.407,2.4162,2.4257,2.4357,2.4444,2.4595000000000002,2.4706,2.5,2.5146,2.5259,2.5396,2.5489,2.5583,2.5692,2.5794,2.5939,2.6038,2.6444,2.6579,2.7245,2.801,2.8606000000000003,2.8861000000000003,2.9035,2.9163,2.9252000000000002,2.9336,2.9481,2.9617,2.9718,2.9822,2.9897,3.0012000000000003,3.0092000000000003,3.0223,3.0331,3.0431000000000004,3.056,3.0761000000000003,3.0876,3.0973,3.1065,3.1138000000000003,3.1273,3.1361000000000003,3.1506000000000003,3.1659,3.1793,3.1912000000000003,3.2038,3.2182,3.2297000000000002,3.2403,3.2517,3.2632000000000003,3.2829,3.2928,3.3047,3.3125,3.3198000000000003,3.3279,3.3462,3.3601,3.3744,3.3913,3.4167,3.4394,3.4552,3.5598,3.6216000000000004,3.6455,3.66,3.6728,3.6923000000000004,3.7023,3.7132,3.7268000000000003,3.734,3.7497000000000003,3.7581,3.7699000000000003,3.7804,3.7916000000000003,3.8068,3.8184,3.8259000000000003,3.842,3.8571,3.8744,3.8908,3.9048000000000003,3.9165,3.9228,3.9361,3.9449,3.9569,3.9666,3.9791000000000003,3.9925,4.0111,4.0309,4.0381,4.0516000000000005,4.064900000000001,4.0784,4.0984,4.1208,4.1321,4.143
41383:0.6078,0.646,0.6907,0.7437,0.8045,0.8436,0.8921,0.9289000000000001,0.9621000000000001,1.3885,1.4458,1.4832,1.5325,1.5789,1.6514,1.7145000000000001,2.1808,2.2299,2.265,2.2904,2.3365,2.3701000000000003,2.4017,2.4424,2.4859,2.5185,2.5532,2.9864,3.0307,3.0684,3.1472,3.1968,3.2389,3.2802000000000002,3.3101000000000003,3.3351,3.7748000000000004,3.8182,3.8578,3.8989000000000003,3.9616000000000002,4.0012,4.0680000000000005
41485:0.45880000000000004,0.4703,0.4879,0.5024000000000001,0.5107,0.522,0.5298,0.5411,0.5511,0.5632,0.5716,0.5801000000000001,0.5877,0.5944,0.6013000000000001,0.6087,0.6169,0.6225,0.6286,0.6363,0.6466000000000001,0.6543,0.662,0.6711,0.6822,0.6884,0.6955,0.7085,0.7203,0.727,0.7336,0.742,0.7546,0.7621,0.7708,0.7785000000000001,0.789,0.7956000000000001,0.8042,0.8146,0.8227,0.8301000000000001,0.8412000000000001,0.8479,0.8567,0.8621000000000001,0.8681000000000001,0.88,0.8881,0.8945000000000001,0.9007000000000001,0.9082,0.9162,0.9259000000000001,0.9331,0.9404,0.9464,0.9531000000000001,0.9596,0.9670000000000001,0.9763000000000001,0.9821000000000001,0.9896,1.0076,1.0164,1.0242,1.032,1.0411000000000001,1.0509,1.0641,1.0723,1.0846,1.0924,1.1042,1.1414,1.1648,1.1911,1.2374,1.2602,1.2735,1.2870000000000001,1.296,1.3070000000000002,1.3130000000000002,1.3219,1.3329,1.3404,1.3511,1.3586,1.3668,1.374,1.381,1.3918000000000001,1.3984,1.4049,1.4119000000000002,1.4231,1.4285,1.4344000000000001,1.449,1.458,1.4649,1.4719,1.4803000000000002,1.486,1.4932,1.5044000000000002,1.5129000000000001,1.5259,1.5347000000000002,1.542,1.5536,1.5606,1.5684,1.5784,1.5912000000000002,1.6002,1.608,1.6188,1.6274000000000002,1.6346,1.6407,1.6466,1.6540000000000001,1.6611,1.6681000000000001,1.6776,1.6874,1.6941000000000002,1.7007,1.7096,1.718,1.7269,1.7365000000000002,1.7479,1.7567000000000002,1.7659,1.7768000000000002,1.7932000000000001,1.8049000000000002,1.8178,1.8418,1.8544,2.0464,2.0595,2.069,2.0811,2.0921000000000003,2.1029,2.1101,2.1177,2.1307,2.1390000000000002,2.146,2.1587,2.1702,2.1781,2.1892,2.1983,2.2062,2.2141,2.2237,2.2309,2.2382,2.2469,2.2524,2.2617000000000003,2.2692,2.2761,2.2841,2.2939000000000003,2.2998000000000003,2.3085,2.3156000000000003,2.3225000000000002,2.3303000000000003,2.3423000000000003,2.3493,2.3566000000000003,2.3634,2.3704,2.3806000000000003,2.3879,2.3972,2.4036,2.4104,2.4172000000000002,2.4228,2.4291,2.4370000000000003,2.4493,2.4568000000000003,2.4664,2.4743,2.4838,2.492,2.4992,2.5097,2.5175,2.5277000000000003,2.5365,2.5435000000000003,2.5500000000000003,2.5651,2.5749,2.5842,2.5943,2.6155,2.6421,2.8181000000000003,2.8477,2.8639,2.8751,2.8845,2.9006000000000003,2.9095,2.9166000000000003,2.9250000000000003,2.9395000000000002,2.9468,2.9539,2.9632,2.9696000000000002,2.9767,2.9831000000000003,2.9903,2.9968000000000004,3.0055,3.0125,3.0188,3.0260000000000002,3.0317000000000003,3.0373,3.048,3.0540000000000003,3.0615,3.0678,3.075,3.0825,3.0895,3.0957000000000003,3.103,3.1117000000000004,3.1193,3.1303,3.1373,3.1496,3.1564,3.1636,3.1696,3.1751,3.1829,3.1897,3.2004,3.2065,3.2141,3.2224000000000004,3.2286,3.2390000000000003,3.2462,3.2528,3.2606,3.2669,3.2742,3.2802000000000002,3.2881,3.2941000000000003,3.3006,3.3080000000000003,3.3203,3.3276000000000003,3.3361,3.3426,3.3491,3.3624,3.3701000000000003,3.3773,3.3907000000000003,3.3979000000000004,3.4072,3.4158,3.4263000000000003,3.4471000000000003,3.4578,3.5056000000000003,3.5483000000000002,3.6087000000000002,3.6304000000000003,3.6405000000000003,3.6550000000000002,3.6625,3.6704000000000003,3.6839000000000004,3.6933000000000002,3.701,3.7094,3.7196000000000002,3.7289000000000003,3.7364,3.7458,3.7528,3.7604,3.7664,3.7738,3.7794000000000003,3.7877,3.7943000000000002,3.801,3.8083,3.8204000000000002,3.8325,3.8398000000000003,3.8478000000000003,3.8539000000000003,3.8701000000000003,3.8771,3.8840000000000003,3.8905000000000003,3.8978,3.9075,3.914,3.9206000000000003,3.9283,3.9400000000000004,3.9486000000000003,3.9569,3.9691,3.9753000000000003,3.9818000000000002,3.9906,3.9983000000000004,4.0042,4.0094,4.0157,4.0304,4.0378,4.0437,4.0516000000000005,4.0596000000000005,4.065300000000001,4.0756000000000006,4.083600000000001,4.1000000000000005,4.1094,4.117,4.1275,4.1347000000000005,4.1435
41678:0.5793,0.6051000000000001,0.652,0.6772,0.73,0.7737,0.8079000000000001,0.8301000000000001,0.8498,0.863,0.9277000000000001,0.9579000000000001,0.9890000000000001,1.4201000000000001,1.4483000000000001,1.4705000000000001,1.5137,1.5606,1.602,1.6380000000000001,1.7019000000000002,2.1619,2.1961,2.2491000000000003,2.2599,2.3301000000000003,2.3524000000000003,2.3939,2.4498,2.5115000000000003,2.9817,3.0332000000000003,3.1046,3.1434,3.2109,3.2368,3.2819000000000003,3.3027,3.3818,3.6956,3.7546000000000004,3.7719,3.8151,3.8751,3.9124000000000003,3.9266,3.9603,4.0168,4.0613
41837:0.1189,0.4582,1.1529,1.9647000000000001,2.7254,3.5074
41839:4.0282
41881:0.024200000000000003,0.0524,0.0819,0.1308,0.15080000000000002,0.17880000000000001,0.202,0.24430000000000002,0.2993,0.3433,0.37,0.402,0.4298,0.47190000000000004,0.5083,1.0581,1.1281,1.1553,1.1902000000000001,1.2163000000000002,1.2701,1.8071000000000002,1.8491000000000002,1.8728,1.8977000000000002,1.9260000000000002,1.9546000000000001,1.9811,2.0059,2.0446,2.1069,2.5946000000000002,2.6452,2.6921,2.7303,2.7659000000000002,2.7804,2.8167,2.9040000000000004,3.4219000000000004,3.4574000000000003,3.5016000000000003,3.5303,3.5643000000000002,3.5848,3.6479000000000004,3.6860000000000004
41898:0.061900000000000004,0.2589,0.3316,0.44260000000000005,1.8881000000000001,1.9442000000000002,2.0211,2.7132,2.7937000000000003,2.8615,3.5448,3.673
41999:0.7542,0.8415,0.9262,1.4525000000000001,1.5333,2.2638000000000003,2.3280000000000003,2.3898,2.4864,3.1258000000000004,3.2335000000000003,3.3078000000000003,3.3654
42005:0.0403,0.0563,0.06430000000000001,0.08170000000000001,0.1032,0.13570000000000002,0.1724,0.19160000000000002,0.234,0.2627,0.30720000000000003,0.3241,0.3531,0.3926,0.4189,0.434,0.4425,0.4595,0.47740000000000005,0.5155000000000001,0.5602,0.5999,0.641,0.7001000000000001,0.77,0.8513000000000001,0.8705,0.8937,0.9418000000000001,0.9625,1.0787,1.1339000000000001,1.1968,1.226,1.3044,1.3798000000000001,1.4452,1.4743000000000002,1.5067000000000002,1.5406,1.5627,1.6035000000000001,1.6357000000000002,1.6744,1.7098,1.7478,1.7683,1.87,1.8831,1.9295,1.9456,1.963,2.0116,2.0184,2.0821,2.1216,2.1661,2.1934,2.2512000000000003,2.2833,2.3572,2.4104,2.428,2.4637000000000002,2.4869000000000003,2.517,2.5556,2.7003,2.7109,2.7192000000000003,2.7431,2.7582,2.7841,2.7922000000000002,2.8499000000000003,2.8601,2.8782,2.9189000000000003,2.964,2.9924,3.0221,3.0703,3.0855,3.1449000000000003,3.1847000000000003,3.2187,3.2470000000000003,3.2705,3.3246,3.3448,3.4245,3.4841,3.532,3.5467,3.56,3.5956,3.6275000000000004,3.6579,3.6798,3.7786000000000004,3.797,3.8515,3.9038000000000004,3.9635000000000002,3.9944,4.0214,4.0607,4.0835,4.1094,4.1346
42038:0.4501,0.4631,0.4862,0.518,0.5241,0.5326000000000001,0.5449,0.5476,0.5635,0.5657,0.5775,0.5801000000000001,0.5898,0.5961000000000001,0.6016,0.6155,0.6253000000000001,0.6258,0.6392,0.6411,0.6611,0.6707000000000001,0.6714,0.6777000000000001,0.6786,0.6799000000000001,0.6828000000000001,0.7141000000000001,0.7301000000000001,0.7356,0.7394000000000001,0.7502000000000001,0.7556,0.7577,0.7604000000000001,0.7697,0.7735000000000001,0.7757000000000001,0.7829,0.7989,0.8057000000000001,0.8114,0.8144,0.8382000000000001,0.8432000000000001,0.8450000000000001,0.8521000000000001,0.8523000000000001,0.8598,0.866,0.8835000000000001,0.8849,0.8906000000000001,0.8977,0.9103,0.9193,0.9239,0.9245000000000001,0.934,0.9415,0.9498000000000001,0.9553,0.9622,0.9693,0.9721000000000001,0.9768,0.9785,1.0152,1.0166,1.0222,1.0325,1.0363,1.0403,1.0439,1.0678,1.1454,1.1782000000000001,1.2225000000000001,1.306,1.3068,1.3132000000000001,1.3283,1.3419,1.3487,1.3491,1.3519,1.3944,1.3952,1.4083,1.4088,1.4105,1.4199000000000002,1.4274,1.4299000000000002,1.4317,1.4589,1.4602000000000002,1.4697,1.4699,1.4915,1.4954,1.4959,1.4996,1.5124,1.5196,1.5296,1.5355,1.5376,1.5379,1.5556,1.5563,1.5630000000000002,1.5701,1.5745,1.5782,1.5807,1.5945,1.5968,1.6273,1.6344,1.6628,1.6664,1.6703000000000001,1.6729,1.6794,1.6833,1.6949,1.6972,1.7064000000000001,1.7153,1.7195,1.7314,1.7348000000000001,1.7357,1.7383000000000002,1.74,1.7408000000000001,1.7683,1.7911000000000001,1.7992000000000001,2.0018000000000002,2.0036,2.0567,2.075,2.08,2.0816,2.0842,2.0934,2.1072,2.1272,2.1444,2.1569000000000003,2.1646,2.1688,2.1692,2.1765000000000003,2.1818,2.1853000000000002,2.186,2.1945,2.1965,2.2109,2.2155,2.2232000000000003,2.2356000000000003,2.2456,2.2484,2.2577000000000003,2.2624,2.2815000000000003,2.2845,2.2857000000000003,2.3042000000000002,2.3219000000000003,2.325,2.3277,2.3401,2.3433,2.3584,2.3636,2.3662,2.3754,2.3811,2.383,2.3833,2.3837,2.3881,2.3893,2.3958,2.3974,2.4004000000000003,2.4097,2.4111000000000002,2.4157,2.4201,2.4277,2.4323,2.4407,2.4486000000000003,2.4575,2.4578,2.4727,2.4730000000000003,2.4764,2.4778000000000002,2.4803,2.4865,2.4895,2.4907,2.4921,2.4926,2.4954,2.5009,2.5025,2.5027,2.5091,2.5156,2.5442,2.5455,2.5824000000000003,2.6423,2.8052,2.8073,2.8181000000000003,2.8516000000000004,2.8579000000000003,2.8931,2.9065000000000003,2.9087,2.9131,2.9243,2.9376,2.9379,2.9399,2.9521,2.9607,2.9737,2.9997000000000003,3.0243,3.0419,3.0508,3.0545,3.0773,3.0785,3.0806,3.0946000000000002,3.0991,3.1093,3.1140000000000003,3.1151,3.1178000000000003,3.129,3.1300000000000003,3.1302000000000003,3.1324,3.1348000000000003,3.1459,3.1618,3.1709,3.1832000000000003,3.1852,3.1947,3.2025,3.2136,3.2156000000000002,3.2183,3.2233,3.2293000000000003,3.2369000000000003,3.2375000000000003,3.2387,3.2491000000000003,3.2497000000000003,3.2649000000000004,3.2746,3.2748000000000004,3.2763,3.2766,3.2779000000000003,3.2838000000000003,3.2869,3.2882000000000002,3.289,3.2945,3.2950000000000004,3.2962000000000002,3.3031,3.3040000000000003,3.3063000000000002,3.3095000000000003,3.3227,3.3491,3.3843,3.3915,3.3989000000000003,3.4791000000000003,3.4876,3.6026000000000002,3.6077000000000004,3.7144000000000004,3.7198,3.7205000000000004,3.7295000000000003,3.7388000000000003,3.7398000000000002,3.7436000000000003,3.7569000000000004,3.7631,3.766,3.7662,3.7675,3.7749,3.7753,3.7769000000000004,3.7878000000000003,3.7953,3.7984,3.8053000000000003,3.8122000000000003,3.8232000000000004,3.8258,3.8351,3.838,3.8389,3.8489,3.873,3.8741000000000003,3.8792,3.8848000000000003,3.8890000000000002,3.8904,3.8977000000000004,3.9276,3.9309000000000003,3.9401,3.9478,3.9513000000000003,3.9541000000000004,3.9646000000000003,3.9756,3.9793000000000003,3.9926000000000004,3.9972000000000003,4.0035,4.0055000000000005,4.0117,4.0265,4.0284,4.0564,4.0721,4.0787,4.0915,4.1075,4.127800000000001,4.1322,4.1394,4.1431000000000004
42217:0.0641,0.432,1.9313,2.0184,2.7072000000000003,2.8578,3.5421,3.6614
42233:0.7816000000000001,0.8498,2.2909,2.4149000000000003,3.2277,3.3012
42347:0.0332,0.37920000000000004
42524:0.3028,0.37120000000000003,0.4721,0.6714,0.7028,0.8882,1.4522000000000002,1.5675000000000001,1.671,2.2926,2.3679,2.4751000000000003,2.5604,2.813,2.9938000000000002,3.1438,3.3351,3.8311,3.8818,3.9890000000000003
42648:0.5089,0.5183,0.5345,0.5419,0.5497000000000001,0.5573,0.5701,0.5759000000000001,0.5832,0.5887,0.5989,0.6059,0.6128,0.6193000000000001,0.6267,0.6329,0.6389,0.648,0.6545000000000001,0.6612,0.6689,0.6768000000000001,0.6821,0.6876,0.6928000000000001,0.6982,0.7048,0.7103,0.7187,0.7253000000000001,0.7347,0.7417,0.7495,0.7565000000000001,0.7627,0.7705000000000001,0.7793,0.7858,0.7923,0.7984,0.8057000000000001,0.8151,0.8232,0.8287,0.8364,0.8424,0.8478,0.8564,0.862,0.8683000000000001,0.875,0.8839,0.8902,0.8957,0.9021,0.908,0.9159,0.9227000000000001,0.9278000000000001,0.9369000000000001,0.9456,0.9511000000000001,0.9599000000000001,0.9673,0.9718,0.9797,0.9887,0.9955,1.0074,1.0136,1.0217,1.0293,1.0395,1.0442,1.0522,1.0677,1.0803,1.0877000000000001,1.0936000000000001,1.106,1.2902,1.3098,1.3211000000000002,1.3325,1.3399,1.3526,1.363,1.3695000000000002,1.3777000000000001,1.385,1.3947,1.4015,1.4080000000000001,1.4141000000000001,1.4223000000000001,1.4269,1.4331,1.4439,1.4520000000000002,1.4575,1.4669,1.475,1.4813,1.4867000000000001,1.4929000000000001,1.5035,1.5109000000000001,1.5163,1.5263,1.5332000000000001,1.5406,1.5471000000000001,1.5576,1.5636,1.5690000000000002,1.5776000000000001,1.5857,1.5906,1.5984,1.6052000000000002,1.6106,1.6184,1.6243,1.6308,1.639,1.6482,1.6546,1.6619000000000002,1.667,1.6734,1.6815,1.6886,1.6949,1.7008,1.7104000000000001,1.7172,1.7266000000000001,1.7385000000000002,1.7484000000000002,1.7544000000000002,1.7670000000000001,1.7784,1.7937,1.8158,2.0744000000000002,2.0808,2.103,2.1107,2.1208,2.1333,2.1402,2.1476,2.1571000000000002,2.1631,2.1705,2.1777,2.1843,2.1905,2.1977,2.2057,2.2124,2.2187,2.2265,2.2313,2.2391,2.2461,2.2511,2.2561,2.2633,2.2686,2.2758000000000003,2.2814,2.2872,2.2945,2.3021000000000003,2.3108,2.319,2.3236000000000003,2.3328,2.3402000000000003,2.3475,2.3544,2.3621000000000003,2.3682000000000003,2.3736,2.3811,2.3893,2.3970000000000002,2.4035,2.4105000000000003,2.4161,2.422,2.4274,2.4329,2.438,2.4501,2.4570000000000003,2.4671000000000003,2.4723,2.4812000000000003,2.4886,2.4964,2.5057,2.515,2.5267,2.5367,2.5448,2.5503,2.5644,2.5706,2.5772,2.5864000000000003,2.5955,2.6145,2.867,2.8844000000000003,2.898,2.9069000000000003,2.9142,2.9211,2.9284000000000003,2.9385000000000003,2.9466,2.9519,2.959,2.9663,2.9748,2.9841,2.9894000000000003,2.9962,3.0045,3.0112,3.0182,3.0251,3.0303,3.0365,3.0419,3.0492000000000004,3.0540000000000003,3.0623,3.0672,3.0732,3.0801000000000003,3.0861,3.0927000000000002,3.0999000000000003,3.107,3.1152,3.1218000000000004,3.129,3.1355,3.1408,3.1484,3.1555,3.1641000000000004,3.1689000000000003,3.1743,3.1838,3.1908000000000003,3.1967000000000003,3.2033,3.2141,3.2253000000000003,3.2307,3.2397,3.2455000000000003,3.2511,3.2596000000000003,3.2685,3.2759,3.2815000000000003,3.2889000000000004,3.2938,3.3005,3.3074000000000003,3.3141000000000003,3.3225000000000002,3.3295000000000003,3.3391,3.3477,3.3575000000000004,3.3699000000000003,3.3791,3.3867000000000003,3.3951000000000002,3.4036,3.4115,3.4406000000000003,3.4553000000000003,3.6376000000000004,3.6576,3.6678,3.6842,3.6887000000000003,3.6982000000000004,3.7056,3.7127000000000003,3.7198,3.7282,3.7365000000000004,3.7475,3.7526,3.7623,3.7683,3.7751,3.7815000000000003,3.7883,3.7937000000000003,3.7994000000000003,3.8068,3.8149,3.8211000000000004,3.8314000000000004,3.837,3.8464,3.8516000000000004,3.8581000000000003,3.8723,3.8800000000000003,3.8855000000000004,3.8926000000000003,3.8976,3.9045,3.9102,3.9174,3.9244000000000003,3.9312,3.9394,3.9469000000000003,3.9536000000000002,3.9589000000000003,3.9662,3.9743000000000004,3.9805,3.987,3.9927,4.0021,4.008900000000001,4.0151,4.0286,4.0376,4.044700000000001,4.0522,4.0579,4.0642000000000005,4.0706,4.0768,4.0848,4.0979,4.1059,4.1160000000000005,4.1234,4.1338,4.1442000000000005
42806:0.0391,0.0601,0.15560000000000002,0.2306,0.2569,0.3175,0.35660000000000003,0.4315,0.442,0.562,0.9657,1.1655,1.223,1.8791,1.9300000000000002,1.9382000000000001,2.0108,2.4997000000000003,2.6987,2.7058,2.7171000000000003,2.7605,2.7891,2.8507000000000002,3.5338000000000003,3.5443000000000002,3.6236,3.6619
42812:0.027600000000000003,0.056100000000000004,0.1071,0.14980000000000002,0.1822,0.19060000000000002,0.2341,0.252,0.3074,0.3201,0.3501,0.3991,0.4282,0.438,0.4762,0.5105000000000001,0.5485,1.1559000000000001,1.1928,1.2226000000000001,1.2499,1.302,1.5988,1.8695000000000002,1.8819000000000001,1.9013,1.9262000000000001,1.9574,1.9847000000000001,2.0053,2.0124,2.0465,2.1095,2.1228000000000002,2.1395,2.6698,2.6952000000000003,2.7069,2.714,2.7577000000000003,2.7766,2.7849,2.7999,2.8443,2.8565,2.9189000000000003,3.482,3.5096000000000003,3.5347,3.5524,3.5584000000000002,3.6206,3.6507,3.906,4.069100000000001
42925:0.030500000000000003,0.18280000000000002,0.21710000000000002,0.2751,0.3467,0.44120000000000004,0.552,0.6088,0.6362,0.6884,0.7154,0.7482000000000001,0.7783,0.8026000000000001,0.8342,0.866,0.8946000000000001,0.9124,0.9329000000000001,0.9559000000000001,0.9873000000000001,1.0317,1.0723,1.1149,1.2473,1.3022,1.3684,1.3794,1.4094,1.4352,1.476,1.4951,1.5209000000000001,1.5514000000000001,1.578,1.6107,1.6371,1.671,1.7052,1.7384000000000002,1.8789,1.9174,2.0068,2.0196,2.0876,2.1392,2.1601,2.2162,2.2515,2.2832,2.3142,2.3392,2.3643,2.3842000000000003,2.3971,2.4197,2.4472,2.472,2.4993000000000003,2.549,2.5979,2.7072000000000003,2.7899000000000003,2.9087,2.9393000000000002,2.9729,3.0003,3.0324,3.0575,3.0743,3.0829,3.1075,3.1423,3.1784000000000003,3.2068000000000003,3.2288,3.265,3.3113,3.3551,3.4155,3.5401000000000002,3.6514,3.6946000000000003,3.7355,3.7692,3.8022,3.8157,3.8539000000000003,3.8947000000000003,3.9242000000000004,3.9548,3.9953000000000003,4.0228,4.0566,4.0892,4.1428
43048:0.12380000000000001,0.46330000000000005,1.1579000000000002,1.9697,2.7305,3.5121
43049:0.0253,0.042300000000000004,0.058300000000000005,0.0772,0.10350000000000001,0.11950000000000001,0.13820000000000002,0.1569,0.1751,0.1925,0.2092,0.23040000000000002,0.2505,0.26480000000000004,0.2786,0.3053,0.3199,0.33280000000000004,0.3486,0.3698,0.3875,0.401,0.42010000000000003,0.43710000000000004,0.45170000000000005,0.4782,0.49410000000000004,0.5178,0.5451,0.5685,0.603,0.6466000000000001,0.7012,0.7615000000000001,0.8501000000000001,0.8955000000000001,0.9642000000000001,1.0374,1.0634000000000001,1.0913000000000002,1.1158000000000001,1.1411,1.1701000000000001,1.1909,1.2075,1.2314,1.254,1.2756,1.2938,1.3128,1.3877000000000002,1.4358,1.4769,1.538,1.604,1.6780000000000002,1.7171,1.7472,1.7670000000000001,1.8010000000000002,1.83,1.8637000000000001,1.883,1.9013,1.9189,1.9364000000000001,1.9544000000000001,1.9837,2.0019,2.0215,2.0491,2.0893,2.1212,2.1677,2.2531000000000003,2.2871,2.3646000000000003,2.4072,2.4439,2.4994,2.5609,2.6003000000000003,2.6332,2.6529000000000003,2.6739,2.6944000000000004,2.7067,2.7213000000000003,2.7391,2.7531000000000003,2.7692,2.7895000000000003,2.8047,2.8277,2.8475,2.878,2.9036,2.9639,3.0712,3.1108000000000002,3.1528,3.2178,3.2525,3.2968,3.3383000000000003,3.3930000000000002,3.4225000000000003,3.4646000000000003,3.4891,3.5224,3.5403000000000002,3.5609,3.5951,3.6291,3.6524,3.6689000000000003,3.6956,3.7249000000000003,3.7538,3.7903000000000002,3.8622,3.9134,3.9743000000000004,4.073300000000001,4.109500000000001,4.1325
43128:2.0158
43424:0.5826,0.6165,0.6444000000000001,0.6626000000000001,0.6772,0.6974,0.7152000000000001,0.7456,0.7592,0.7858,0.8245,0.8416,0.8554,0.8759,0.898,0.9241,0.9614,0.9854,1.0013,1.0461,1.3799000000000001,1.4157,1.4297,1.441,1.478,1.5010000000000001,1.5162,1.5646,1.5806,1.6087,1.6363,1.6505,1.6863000000000001,1.7151,2.1728,2.1986,2.2225,2.2574,2.2911,2.3221000000000003,2.3598,2.3767,2.3883,2.4130000000000003,2.4335,2.4746,2.486,2.5084,2.5553,2.9639,2.9930000000000003,3.0225,3.0412000000000003,3.0676,3.0859,3.1081000000000003,3.1168,3.1452,3.1695,3.19,3.2406,3.2612,3.2711,3.2947,3.3318000000000003,3.3553,3.7433,3.7817000000000003,3.8078000000000003,3.8293000000000004,3.8838000000000004,3.9043,3.9196,3.9491,3.9658,4.0039,4.027,4.0646,4.1074
43649:0.1915,0.6972,0.9655,1.6233000000000002,2.2557,2.291,2.5602,3.0808,3.3287,3.5659,4.0064,4.1427000000000005
43848:0.16190000000000002,0.38330000000000003
43862:0.6864,0.8284,0.8635,2.2142,2.3312,2.3635,2.9227000000000003,3.036,3.1089,3.2512000000000003,3.8319,3.9703000000000004,4.0417000000000005
44018:0.6774,0.7688,0.9153,1.4963,1.5323,2.2637,2.3773,2.4029000000000003,2.9758,3.0345,3.1140000000000003,3.2110000000000003,3.2784,3.334,3.8676000000000004,3.9123,3.984,4.0063
44421:0.0852
44574:0.0307,0.0562,0.0834,0.1136,0.1432,0.17120000000000002,0.19490000000000002,0.2215,0.257,0.2822,0.31010000000000004,0.33740000000000003,0.3627,0.3956,0.42660000000000003,0.451,1.1906,1.2345000000000002,1.8772,1.9044,1.9285,1.9551,1.9819,2.0104,2.0482,2.6434,2.6821,2.7097,2.7347,2.7635,2.7882000000000002,2.833,2.8794,3.4827000000000004,3.5152,3.5427,3.5725000000000002,3.6032
44709:0.033100000000000004,0.0627,0.11,0.151,0.1791,0.2194,0.24350000000000002,0.2556,0.2713,0.2908,0.3169,0.3254,0.36160000000000003,0.37770000000000004,0.3982,0.4082,0.4272,0.44420000000000004,0.45630000000000004,0.48460000000000003,1.1973,1.2729000000000001,1.8499,1.8601,1.9047,1.9303000000000001,1.9669,1.9908000000000001,2.0007,2.0162,2.0447,2.0603000000000002,2.6961,2.7106000000000003,2.7313,2.7423,2.7774,2.8003,2.8411,3.512,3.5356,3.5597000000000003,3.5674,3.5955000000000004,3.6208,3.6500000000000004
44744:0.025400000000000002,0.0695,0.09530000000000001,0.1529,0.1721,0.2074,0.2335,0.2826,0.3423,0.5062,0.5404,1.0395,1.1017000000000001,1.1287,1.1507,1.1941000000000002,1.2433,1.2953000000000001,1.3259,1.7778,1.8411000000000002,1.8912,1.9532,2.0068,2.1047000000000002,2.5954,2.6298,2.662,2.7697000000000003,2.7951,2.8717,2.9433000000000002,3.4139000000000004,3.4447,3.4690000000000003,3.4904,3.5146,4.1266
44833:0.7901,0.9259000000000001,1.4419,1.5172,2.3229,2.3852,2.4893,3.1185,3.1942000000000004,3.3023000000000002,3.3604000000000003,3.8398000000000003
44892:0.07390000000000001,2.7907,3.5541
44957:0.47100000000000003,0.4753,0.4796,0.5004000000000001,0.5074000000000001,0.5133,0.5175000000000001,0.5254,0.5295,0.5357000000000001,0.5384,0.5466,0.5587,0.5717,0.5736,0.5859,0.5995,0.6016,0.6019,0.6061000000000001,0.6125,0.6131,0.6228,0.6235,0.6437,0.6468,0.6519,0.6531,0.6549,0.6588,0.6607000000000001,0.668,0.6688000000000001,0.6718000000000001,0.6726000000000001,0.6764,0.6914,0.6916,0.6928000000000001,0.6951,0.7146,0.7158,0.731,0.7461,0.7527,0.7594000000000001,0.7665000000000001,0.7714000000000001,0.7806000000000001,0.7947000000000001,0.8119000000000001,0.8154,0.8190000000000001,0.8199000000000001,0.8215,0.8359000000000001,0.8369000000000001,0.8452000000000001,0.8567,0.8571000000000001,0.8614,0.8957,0.8965000000000001,0.9136000000000001,0.9205000000000001,0.9313,0.9372,0.9375,0.9446,0.9589000000000001,0.9685,0.9696,0.9818,0.9850000000000001,0.9891000000000001,1.0151000000000001,1.0324,1.0418,1.0481,1.0637,1.0876000000000001,1.1647,1.1804000000000001,1.2168,1.2237,1.2581,1.2666000000000002,1.2752000000000001,1.2827,1.3265,1.3276000000000001,1.3584,1.3606,1.3772,1.3932,1.4013,1.4027,1.4057000000000002,1.4120000000000001,1.4224,1.4231,1.4241000000000001,1.4245,1.4277,1.4319000000000002,1.4334,1.4354,1.4397,1.4448,1.4534,1.4724000000000002,1.4985000000000002,1.5026000000000002,1.5033,1.508,1.5092,1.5116,1.5185000000000002,1.5197,1.5209000000000001,1.5223,1.5259,1.5295,1.5337,1.5435,1.5469000000000002,1.5512000000000001,1.5547,1.5562,1.5590000000000002,1.5597,1.566,1.5754000000000001,1.5832000000000002,1.5941,1.5952000000000002,1.6188,1.6231,1.6257000000000001,1.6318000000000001,1.6326,1.6349,1.6464,1.6628,1.675,1.6826,1.6854,1.6925000000000001,1.6932,1.6956,1.6998,1.7139,1.723,1.7249,1.7308000000000001,1.7321,1.7345000000000002,1.7555,1.7609000000000001,1.762,1.7996,1.8201,1.8499,2.0216000000000003,2.0267,2.0601000000000003,2.1084,2.1529000000000003,2.1556,2.1696,2.1936,2.1939,2.2064,2.2161,2.2164,2.2189,2.2387,2.2452,2.2469,2.25,2.2503,2.2509,2.253,2.2534,2.2571000000000003,2.2668,2.2679,2.2682,2.2741000000000002,2.2786,2.2837,2.2872,2.2878000000000003,2.3062,2.3280000000000003,2.3436,2.3472,2.3612,2.3668,2.3725,2.3802000000000003,2.3842000000000003,2.3956,2.399,2.4295,2.4338,2.4507000000000003,2.4663,2.4795000000000003,2.4813,2.4865,2.4873000000000003,2.488,2.4935,2.4971,2.5082,2.5136000000000003,2.5152,2.5211,2.5284,2.5296000000000003,2.5314,2.5389,2.5523000000000002,2.5654,2.5703,2.5706,2.5951,2.5961000000000003,2.6107,2.6328,2.8461000000000003,2.8877,2.8929,2.9131,2.9194,2.9245,2.9422,2.9647,2.9667000000000003,2.9696000000000002,2.9706,2.9819,2.9884,2.9887,3.0115000000000003,3.0148,3.0176000000000003,3.0266,3.0311000000000003,3.0385,3.0398,3.0502000000000002,3.0584000000000002,3.0675000000000003,3.0786000000000002,3.0796,3.0837000000000003,3.0956,3.0988,3.1021,3.1239000000000003,3.1272,3.1293,3.1374,3.1504000000000003,3.1524,3.1533,3.1659,3.182,3.1881,3.2076000000000002,3.2315,3.2643,3.2790000000000004,3.2991,3.3078000000000003,3.3159,3.3186,3.3240000000000003,3.3247,3.3307,3.3448,3.35,3.3507000000000002,3.3664,3.3694,3.3862,3.3958000000000004,3.4436,3.4558,3.4572000000000003,3.5252000000000003,3.6051,3.6432,3.6585,3.6645000000000003,3.6869,3.6931000000000003,3.7353,3.7662,3.7665,3.7689000000000004,3.7709,3.7720000000000002,3.778,3.7784,3.7800000000000002,3.7837,3.7899000000000003,3.8068,3.8083,3.8099000000000003,3.8117,3.8222,3.8315,3.8325,3.849,3.8525,3.8605,3.8664,3.8707000000000003,3.8803,3.8837,3.8951000000000002,3.9026,3.906,3.9138,3.9143000000000003,3.9168000000000003,3.9269000000000003,3.931,3.9459000000000004,3.9508,3.9566000000000003,3.9568000000000003,3.9944,3.9966000000000004,4.001,4.0095,4.0103,4.0273,4.0411,4.0518,4.0764000000000005,4.0885,4.0948,4.1042000000000005,4.1062,4.1067,4.1181,4.128,4.1286000000000005,4.1343000000000005,4.1455
45064:0.6104,0.8089000000000001,1.5231000000000001,2.1864,2.939,3.7663
45081:0.0855,0.11280000000000001,0.19360000000000002,0.27590000000000003,0.336,0.4001,0.4486,0.5103,1.5263,1.7573,1.9573,2.412,2.5623,2.7995,2.8659000000000003,3.0108,3.5663,3.8219000000000003,3.8640000000000003,4.1116
45090:0.5849,0.633,0.6895,0.7474000000000001,0.8035,0.8618,0.9498000000000001,1.3717000000000001,1.4344000000000001,1.4932,1.578,1.6358000000000001,1.6724,2.1648,2.2148000000000003,2.2802000000000002,2.3369,2.3949000000000003,2.4411,2.5485,2.9779,3.0389,3.1072,3.1426000000000003,3.192,3.2675,3.302,3.7680000000000002,3.8226,3.8607,3.9015,3.9594,4.014
45143:0.0302,0.0946,0.13770000000000002,0.16290000000000002,0.21330000000000002,0.2336,0.2916,0.3447,0.3729,1.2463,1.9117000000000002,2.016,2.7359,2.7696,3.5371,3.5847
45293:0.0765,0.0854,0.1046,0.1587,0.2684,0.2763,0.31980000000000003,0.3386,0.40280000000000005,1.2233,1.2344000000000002,2.7206,2.7735000000000003,2.7928,2.8472,2.8693,3.5343,3.5686,3.6180000000000003
45653:0.5244,0.56,0.5795,0.5998,0.6183000000000001,0.6297,0.6443,0.6636000000000001,0.6796,0.6956,0.7128,0.7283000000000001,0.7431,0.7638,0.7783,0.7901,0.8058000000000001,0.8267,0.8418,0.8513000000000001,0.8645,0.8813000000000001,0.9005000000000001,0.9118,0.9272,0.9394,0.9620000000000001,0.9785,0.9946,1.0174,1.0474,1.0964,1.3147,1.3659000000000001,1.385,1.4011,1.4185,1.4280000000000002,1.4578,1.4784000000000002,1.4885000000000002,1.5087000000000002,1.5273,1.5418,1.5644,1.5850000000000002,1.5994000000000002,1.6178000000000001,1.6386,1.6508,1.6735,1.6876,1.7021000000000002,1.7216,1.7434,2.0853,2.1143,2.1574,2.1727000000000003,2.1853000000000002,2.1998,2.2139,2.2249000000000003,2.2434000000000003,2.255,2.2696,2.2864,2.2987,2.3252,2.343,2.3575,2.3744,2.3852,2.4063000000000003,2.4173,2.4307000000000003,2.4514,2.4682,2.4835000000000003,2.498,2.5114,2.5395000000000003,2.5785,2.9206000000000003,2.9445,2.9627000000000003,2.9756,2.9899,3.0126,3.032,3.0434,3.0605,3.0717000000000003,3.0944000000000003,3.1113,3.1286,3.1402,3.1533,3.1725000000000003,3.1892,3.206,3.2243,3.234,3.2509,3.2675,3.2786,3.2923,3.3065,3.3253000000000004,3.3437,3.3691,3.4033,3.6852,3.7148000000000003,3.7310000000000003,3.7526,3.7683,3.789,3.8033,3.8154000000000003,3.8357,3.8535000000000004,3.8728000000000002,3.8880000000000003,3.9048000000000003,3.9214,3.9405,3.9537,3.9744,3.9874,4.0025,4.0209,4.0375000000000005,4.0587,4.0821000000000005,4.1080000000000005,4.1402
45696:0.4212,0.4771,0.4884,0.4969,0.541,0.5778,0.5820000000000001,0.5836,0.5891000000000001,0.6141,0.6144000000000001,0.6153000000000001,0.618,0.6201,0.6215,0.6282,0.6365000000000001,0.6374000000000001,0.6418,0.6481,0.6559,0.6574,0.6578,0.6668000000000001,0.6722,0.6787000000000001,0.6910000000000001,0.6922,0.7042,0.7066,0.7102,0.7162000000000001,0.7172000000000001,0.7244,0.7273000000000001,0.7335,0.7349,0.7371000000000001,0.7452000000000001,0.7473000000000001,0.7525000000000001,0.7591,0.7712,0.7714000000000001,0.7888000000000001,0.797,0.7979,0.8027000000000001,0.8069000000000001,0.8147000000000001,0.8255,0.8295,0.8316,0.8318000000000001,0.8368,0.8384,0.8420000000000001,0.8434,0.8454,0.8506,0.8619,0.8631000000000001,0.8661000000000001,0.8668,0.8756,0.8772000000000001,0.8784000000000001,0.8788,0.8824000000000001,0.8854000000000001,0.8899,0.8916000000000001,0.9004000000000001,0.9237000000000001,0.9397000000000001,0.9873000000000001,0.9913000000000001,0.9917,0.9937,1.0025,1.0128000000000001,1.0174,1.0228000000000002,1.0287,1.0390000000000001,1.0433000000000001,1.0534000000000001,1.0935000000000001,1.1429,1.1445,1.2171,1.2537,1.2698,1.2728000000000002,1.3066,1.3333000000000002,1.3517000000000001,1.3760000000000001,1.3769,1.3827,1.3841,1.3902,1.4038000000000002,1.4293,1.4324000000000001,1.4354,1.4360000000000002,1.4487,1.4506000000000001,1.4649,1.4687000000000001,1.4705000000000001,1.4711,1.4745000000000001,1.5007000000000001,1.5061,1.5070000000000001,1.5083,1.5104,1.5163,1.5214,1.5226000000000002,1.5256,1.5265,1.5321,1.5432000000000001,1.5445,1.5541,1.5602,1.5715000000000001,1.5731000000000002,1.5883,1.5905,1.591,1.5912000000000002,1.5922,1.5958,1.5989,1.5994000000000002,1.602,1.6046,1.627,1.6332,1.6387,1.6514,1.6540000000000001,1.6603,1.6688,1.6721000000000001,1.6918,1.6963000000000001,1.6975,1.7021000000000002,1.7098,1.7279,1.7325000000000002,1.7670000000000001,1.83,1.8383,2.0303,2.0774,2.0897,2.0987,2.1022000000000003,2.109,2.1126,2.1129000000000002,2.1376,2.1385,2.1611000000000002,2.1663,2.1776,2.1848,2.1986,2.2045,2.2185,2.2310000000000003,2.2451000000000003,2.2465,2.2531000000000003,2.2577000000000003,2.2601,2.2696,2.2702,2.2784,2.2786,2.2812,2.2866,2.2932,2.2975000000000003,2.3014,2.3037,2.3114,2.3174,2.3277,2.3285,2.3308,2.3408,2.3461000000000003,2.3498,2.3563,2.3728000000000002,2.3772,2.3798,2.4165,2.4276,2.4281,2.4326000000000003,2.4341,2.4379,2.4419,2.464,2.4784,2.4908,2.491,2.4981,2.4988,2.5180000000000002,2.519,2.5254000000000003,2.5374000000000003,2.5423,2.5541,2.5545,2.5611,2.5674,2.5822000000000003,2.5909,2.6195,2.6223,2.64,2.8784,2.9051,2.9079,2.9104,2.9135,2.9167,2.9182,2.9195,2.9229000000000003,2.9267000000000003,2.9275,2.9456,2.96,2.9654000000000003,2.9671000000000003,2.9698,2.9757000000000002,2.9808000000000003,2.9873000000000003,3.0003,3.0125,3.015,3.0177,3.0338000000000003,3.0351000000000004,3.0473000000000003,3.0482,3.0489,3.0543,3.0568,3.0648,3.0686,3.0735,3.0773,3.0783,3.0795000000000003,3.0836,3.0961000000000003,3.0996,3.1019,3.1145,3.1321000000000003,3.1454,3.1555,3.1701,3.1805000000000003,3.1869,3.1893000000000002,3.1910000000000003,3.1917,3.196,3.1976,3.1985,3.1993,3.2021,3.2056,3.2071,3.2118,3.2249000000000003,3.2251000000000003,3.2365000000000004,3.2432000000000003,3.2453000000000003,3.2457000000000003,3.2584,3.2648,3.2668000000000004,3.2677,3.2869,3.2891000000000004,3.2899000000000003,3.2974,3.3074000000000003,3.3174,3.3251,3.3274000000000004,3.3339000000000003,3.3641,3.4061000000000003,3.4352,3.4465000000000003,3.5367,3.6182000000000003,3.6506000000000003,3.6602,3.6614,3.6714,3.6754000000000002,3.6846,3.6872000000000003,3.7045000000000003,3.7048,3.7161,3.7221,3.7381,3.7462,3.7508000000000004,3.7657000000000003,3.7749,3.7868000000000004,3.8024,3.8106,3.8164000000000002,3.8168,3.8247,3.8267,3.8289,3.8296,3.8368,3.8396000000000003,3.8419000000000003,3.8427000000000002,3.8472000000000004,3.8474000000000004,3.8497000000000003,3.8507000000000002,3.8563,3.8582,3.8613000000000004,3.8675,3.869,3.8706,3.8708,3.8723,3.8763,3.8787000000000003,3.8865000000000003,3.8891,3.8957,3.9019000000000004,3.9162000000000003,3.9216,3.9519,3.9575,3.9669000000000003,3.9728000000000003,3.9886000000000004,3.9915000000000003,3.9970000000000003,4.000900000000001,4.0042,4.008,4.0171,4.0293,4.0347,4.0395,4.0520000000000005,4.0760000000000005,4.093,4.1045,4.1094,4.1247,4.1318,4.1351
45730:0.45570000000000005,0.48600000000000004,0.4904,0.5005000000000001,0.5023,0.5154,0.5316000000000001,0.5411,0.5632,0.5678000000000001,0.598,0.6048,0.6106,0.6159,0.6212,0.6238,0.6244000000000001,0.6277,0.6329,0.6357,0.6472,0.6716000000000001,0.6718000000000001,0.6924,0.6948000000000001,0.7025,0.7182000000000001,0.7332000000000001,0.7417,0.7566,0.7618,0.7701,0.781,0.7837000000000001,0.792,0.7933,0.7991,0.8064,0.8115,0.8374,0.8424,0.8429000000000001,0.8445,0.8535,0.8546,0.8587,0.86,0.8625,0.8628,0.866,0.8999,0.9018,0.9036000000000001,0.9082,0.9139,0.9172,0.9251,0.9332,0.934,0.9372,0.9604,0.9629000000000001,0.9678,0.9741000000000001,1.0496,1.0631000000000002,1.0986,1.1343,1.1862000000000001,1.2116,1.2537,1.2551,1.3551,1.3695000000000002,1.371,1.3895,1.3923,1.3993,1.4014,1.4142000000000001,1.4248,1.4286,1.4292,1.4424000000000001,1.4480000000000002,1.4827000000000001,1.4942,1.4967000000000001,1.5138,1.526,1.5285,1.5298,1.5368000000000002,1.5375,1.5405,1.5467,1.5530000000000002,1.5578,1.5582,1.5912000000000002,1.5968,1.6013000000000002,1.6049,1.6095000000000002,1.615,1.6359000000000001,1.6366,1.6468,1.6525,1.6533,1.6682000000000001,1.6719000000000002,1.6767,1.6794,1.693,1.6957,1.7156,1.7302000000000002,1.7773,1.7859,1.8224,1.8437000000000001,2.0704000000000002,2.0759000000000003,2.0794,2.0811,2.0965000000000003,2.0996,2.1042,2.1117,2.1127000000000002,2.117,2.1346000000000003,2.1547,2.1647000000000003,2.1673,2.168,2.172,2.1766,2.1833,2.1871,2.1874000000000002,2.1898,2.1969000000000003,2.1981,2.2014,2.2049000000000003,2.2062,2.2086,2.2093000000000003,2.2161,2.2167,2.2261,2.2266,2.2277,2.2324,2.2387,2.2393,2.2515,2.2543,2.2683,2.2722,2.2724,2.2732,2.2851,2.2882000000000002,2.2893,2.2901000000000002,2.2934,2.3022,2.3239,2.325,2.3317,2.3455,2.3511,2.3587000000000002,2.3644000000000003,2.371,2.3776,2.3817,2.407,2.408,2.4090000000000003,2.4218,2.4252000000000002,2.4301,2.4314,2.4373,2.438,2.4472,2.4490000000000003,2.4522,2.454,2.4771,2.4824,2.5043,2.5172000000000003,2.5319000000000003,2.5401000000000002,2.5473000000000003,2.5502000000000002,2.5545,2.5884,2.6392,2.8681,2.9117,2.9323,2.9362,2.9436,2.9537,2.9549000000000003,2.9647,2.9745,2.9792,2.9822,2.9849,3.0027,3.0077000000000003,3.0191000000000003,3.035,3.0504000000000002,3.0604,3.0657,3.0705,3.0708,3.0851,3.0912,3.108,3.1159000000000003,3.1216,3.1312,3.1316,3.1342000000000003,3.1347,3.1354,3.1421,3.1447000000000003,3.1449000000000003,3.1517,3.1594,3.1649000000000003,3.1663,3.1677,3.1745,3.1837,3.2117,3.2204,3.2284,3.23,3.2403,3.2412,3.2414,3.2545,3.2550000000000003,3.2571000000000003,3.261,3.2632000000000003,3.2720000000000002,3.2725,3.2744,3.2831,3.2854,3.3055000000000003,3.3207,3.323,3.3301000000000003,3.3306,3.3319,3.3365,3.3375000000000004,3.3432,3.3539000000000003,3.3601,3.3668,3.3691,3.3886000000000003,3.3964000000000003,3.3984,3.426,3.4451,3.4989000000000003,3.5364,3.5677000000000003,3.6122,3.6441000000000003,3.6565000000000003,3.6609000000000003,3.6623,3.6792000000000002,3.6801000000000004,3.6909,3.7139,3.7158,3.7205000000000004,3.7222000000000004,3.7283000000000004,3.7297000000000002,3.7499000000000002,3.7507,3.7587,3.7749,3.7776,3.7864,3.7895000000000003,3.7914000000000003,3.7942,3.813,3.83,3.8339000000000003,3.8488,3.8521,3.8526000000000002,3.8701000000000003,3.8733,3.8757,3.8902,3.9130000000000003,3.9158000000000004,3.922,3.9287,3.9293,3.9496,3.9515000000000002,3.9655,3.9744,3.9752,3.982,3.9928000000000003,3.9973,4.0048,4.0075,4.0297,4.0453,4.0545,4.0648,4.0808,4.0864,4.0868,4.0958000000000006,4.0971,4.1049,4.1184,4.1199,4.1203
45970:0.023700000000000002,0.0585,0.0687,0.0916,0.1041,0.1391,0.15330000000000002,0.1897,0.23170000000000002,0.24960000000000002,0.279,0.3018,0.3502,0.36910000000000004,0.42010000000000003,0.435,0.47490000000000004,0.5165000000000001,0.5670000000000001,0.6334000000000001,0.675,0.6970000000000001,0.7484000000000001,0.7865000000000001,0.8181,0.8474,0.8902,0.9429000000000001,0.9622,1.0361,1.0928,1.1162,1.1391,1.1926,1.2068,1.2546000000000002,1.2729000000000001,1.3124,1.3726,1.3893,1.4214,1.4672,1.5158,1.5341,1.5710000000000002,1.602,1.6364,1.6740000000000002,1.7133,1.7483000000000002,1.7661,1.8616000000000001,1.9374,1.9492,1.9733,2.0168,2.0452,2.0902000000000003,2.1043000000000003,2.1605000000000003,2.1889000000000003,2.206,2.2474000000000003,2.2805,2.3253,2.3537,2.4008000000000003,2.4356,2.482,2.5249,2.5568,2.5996,2.7079,2.7187,2.7385,2.7668,2.7875,2.8293,2.8479,2.8719,2.9046000000000003,2.9304,2.9586,2.9929,3.0134000000000003,3.064,3.0906000000000002,3.1469,3.1943,3.2178,3.24,3.2795,3.3227,3.3386,3.3925,3.4222,3.4554,3.4902,3.5012000000000003,3.5188,3.5412000000000003,3.5577,3.5932000000000004,3.7846,3.8376,3.8618,3.9045,3.9632,3.9759,3.9969,4.0196000000000005,4.0537,4.0722000000000005,4.1093,4.1286000000000005
46038:0.007,0.014700000000000001,0.022600000000000002,0.032100000000000004,0.0407,0.0472,0.0557,0.0621,0.0698,0.0755,0.082,0.0891,0.0956,0.1027,0.109,0.11510000000000001,0.1233,0.13140000000000002,0.1408,0.1471,0.1567,0.164,0.17020000000000002,0.1757,0.1825,0.1887,0.19490000000000002,0.20140000000000002,0.2099,0.21680000000000002,0.22560000000000002,0.2333,0.2394,0.24830000000000002,0.2548,0.2609,0.2664,0.2727,0.2817,0.2894,0.29700000000000004,0.306,0.3154,0.3254,0.33130000000000004,0.3393,0.3513,0.3602,0.3695,0.37560000000000004,0.3824,0.3884,0.395,0.4015,0.4102,0.41750000000000004,0.4238,0.4329,0.441,0.4489,0.45780000000000004,0.4656,0.47700000000000004,0.4844,0.49200000000000005,0.49860000000000004,0.5099,0.5189,0.532,0.5411,0.5612,0.5873,0.6035,0.9951000000000001,1.0056,1.0165,1.0266,1.0347,1.0454,1.054,1.0676,1.0772000000000002,1.0877000000000001,1.0952,1.1077000000000001,1.1153,1.122,1.1321,1.1394,1.1466,1.1538000000000002,1.1640000000000001,1.1720000000000002,1.1795,1.1869,1.1932,1.2005000000000001,1.208,1.2177,1.2278,1.2368000000000001,1.243,1.2502,1.2572,1.268,1.2792000000000001,1.2874,1.2954,1.3113000000000001,1.3226,1.3343,1.3492,1.3646,1.3803,1.3964,1.7074,1.7187000000000001,1.7296,1.7422000000000002,1.7578,1.7655,1.7744,1.7838,1.7927000000000002,1.8038,1.8127,1.8219,1.8337,1.8451000000000002,1.8543,1.8601,1.8696000000000002,1.8792,1.8873000000000002,1.8943,1.9042000000000001,1.9116000000000002,1.9197000000000002,1.9298000000000002,1.9359000000000002,1.9423000000000001,1.9494,1.9586000000000001,1.9658,1.9755,1.9846000000000001,1.9912,1.9974,2.0046,2.0116,2.0192,2.0269,2.0334000000000003,2.045,2.0554,2.0639000000000003,2.0762,2.0856,2.0942000000000003,2.1026000000000002,2.1155,2.1276,2.1407000000000003,2.153,2.1756,2.511,2.5209,2.5331,2.5513,2.5601000000000003,2.5717000000000003,2.5811,2.591,2.5987,2.6096,2.6181,2.6264000000000003,2.6337,2.6397,2.6514,2.6584000000000003,2.6672000000000002,2.6759,2.6837,2.6911,2.7002,2.7084,2.7152000000000003,2.7215000000000003,2.7281,2.7336,2.7397,2.7458,2.7526,2.7603,2.7683,2.7755,2.7845,2.7918000000000003,2.7986,2.8059000000000003,2.8121,2.8207,2.8271,2.8334,2.8400000000000003,2.8464,2.8545000000000003,2.8628,2.8764000000000003,2.8873,2.8955,2.9131,2.9253,2.9393000000000002,2.9522,3.3327,3.3503000000000003,3.3627000000000002,3.373,3.3824,3.4026,3.4095,3.4165,3.4304,3.4396,3.4473000000000003,3.4583000000000004,3.4663000000000004,3.4736000000000002,3.4811,3.4882,3.4954,3.5042,3.5106,3.5179,3.5238,3.5333,3.5403000000000002,3.5473000000000003,3.5537,3.563,3.5706,3.5774000000000004,3.5845000000000002,3.5915000000000004,3.5978000000000003,3.6053,3.6135,3.6245000000000003,3.6318,3.6405000000000003,3.6537,3.6623,3.6701,3.6823,3.6935000000000002,3.7209000000000003,3.7367000000000004,3.7498,4.0635,4.077,4.0928,4.1064,4.1161,4.1281,4.1382,4.146
46071:0.0811,0.5585,0.6056,0.6402,0.6783,0.7182000000000001,0.7518,0.7856000000000001,0.8383,0.8742000000000001,0.9004000000000001,0.9494,0.9654,1.044,1.3392000000000002,1.4254,1.4484000000000001,1.5092,1.5431000000000001,1.5898,1.6089,1.6198000000000001,1.6482,1.6689,2.2206,2.2562,2.2676000000000003,2.2877,2.3463000000000003,2.3826,2.4178,2.431,2.5009,2.5594,2.7152000000000003,2.9804,3.0136000000000003,3.0507,3.0879000000000003,3.1161000000000003,3.1447000000000003,3.1967000000000003,3.2275,3.273,3.3093000000000004,3.3181000000000003,3.347,3.4235,3.7774,3.8030000000000004,3.8613000000000004,3.9047,3.9407,3.9674,4.0054,4.0238000000000005
46215:0.5109,0.5481,0.5812,0.5905,0.6021000000000001,0.6107,0.6195,0.6383,0.657,0.6683,0.678,0.6867000000000001,0.6976,0.7084,0.7283000000000001,0.7406,0.7548,0.7668,0.7771,0.7912,0.8006000000000001,0.8121,0.8194,0.8295,0.8404,0.8581000000000001,0.8656,0.8728,0.8853000000000001,0.8993,0.9127000000000001,0.9235000000000001,0.9586,0.9688,0.9807,0.9896,0.9975,1.0126,1.0265,1.0501,1.0666,1.1392,1.2892000000000001,1.3004,1.3113000000000001,1.3396000000000001,1.3558000000000001,1.3765,1.3884,1.4073,1.4211,1.4347,1.4462000000000002,1.46,1.4727000000000001,1.4957,1.5066000000000002,1.5143,1.5402,1.5565,1.5691000000000002,1.5955000000000001,1.6023,1.6167,1.6267,1.6402,1.6488,1.6656,1.6803000000000001,1.6952,1.7043000000000001,1.7166000000000001,1.7327000000000001,1.7465000000000002,1.7565000000000002,1.7741,2.0657,2.0851,2.1141,2.1237,2.1441,2.1605000000000003,2.1728,2.1899,2.2028000000000003,2.2104,2.2216,2.2365,2.2478000000000002,2.2600000000000002,2.2677,2.2763,2.2916000000000003,2.3016,2.3131,2.3233,2.3436,2.3537,2.3611,2.3808000000000002,2.3925,2.4,2.4144,2.4273000000000002,2.4392,2.4489,2.462,2.4758,2.4874,2.503,2.5138000000000003,2.5227,2.5348,2.5474,2.5729,2.5867,2.8960000000000004,2.9075,2.9213,2.9364000000000003,2.9496,2.9597,2.9718,2.9821,2.9929,3.0144,3.0271000000000003,3.0352,3.0475000000000003,3.0624000000000002,3.0746,3.0921000000000003,3.1016000000000004,3.1098000000000003,3.1197000000000004,3.1276,3.1413,3.1564,3.1706000000000003,3.1809000000000003,3.1921,3.2049000000000003,3.2197,3.2318000000000002,3.2429,3.2498,3.2709,3.2832000000000003,3.2989,3.3098,3.3191,3.3391,3.3573,3.4145000000000003,3.6534,3.6646,3.6815,3.7098,3.7349,3.7457000000000003,3.7535000000000003,3.7692,3.782,3.7937000000000003,3.8022,3.8189,3.8270000000000004,3.8433,3.8561,3.8723,3.8850000000000002,3.8939000000000004,3.906,3.9161,3.9398,3.9528000000000003,3.9637000000000002,3.9796,3.9916,4.0013000000000005,4.0138,4.028700000000001,4.0362,4.0445,4.0528,4.0657000000000005,4.0824,4.0925,4.131600000000001,4.141900000000001
46248:0.1169,0.3148,0.3942,0.3996,0.42060000000000003,1.8548,1.9280000000000002,2.734,2.8375000000000004,2.8461000000000003,3.5606,3.6071,3.6511
46408:0.0396,0.6714,0.7106,0.7799,0.8202,0.8701000000000001,0.9024000000000001,0.9736,1.0021,1.0704,1.4498,1.5137,1.6109,1.6323,1.6507,1.7801,2.2253000000000003,2.2796000000000003,2.3294,2.3631,2.4305000000000003,2.4937,2.9752,3.035,3.1053,3.1159000000000003,3.164,3.2293000000000003,3.2558000000000002,3.3129,3.8088,3.8617000000000004,3.9080000000000004,3.9656000000000002,4.002800000000001,4.0402000000000005,4.0587
46662:0.0713,0.13720000000000002,0.2273,0.29860000000000003,0.3623,0.4267,0.46330000000000005,1.0821,1.1614,1.2455,1.8756000000000002,1.9623000000000002,2.0268,2.6737,2.7296,2.7902,2.8475,3.4612000000000003,3.5256000000000003
46744:0.0025,0.003,0.031100000000000003,0.031400000000000004,0.0393,0.0568,0.0585,0.0592,0.0606,0.0724,0.076,0.0785,0.0801,0.09380000000000001,0.1063,0.1297,0.1323,0.1422,0.1502,0.1506,0.1748,0.1758,0.1794,0.1839,0.1953,0.203,0.20570000000000002,0.2159,0.22790000000000002,0.23390000000000002,0.23470000000000002,0.2369,0.23870000000000002,0.2479,0.2657,0.2873,0.29600000000000004,0.2993,0.3015,0.30710000000000004,0.3106,0.3116,0.3171,0.3292,0.3316,0.33190000000000003,0.3476,0.36200000000000004,0.3683,0.3859,0.3931,0.40900000000000003,0.4128,0.43910000000000005,0.4465,0.45640000000000003,0.46380000000000005,0.4791,0.4807,0.48300000000000004,0.4928,0.49450000000000005,0.5122,0.5147,0.5237,0.5468000000000001,0.5603,0.5613,1.0224,1.0448,1.0453000000000001,1.0507,1.0612000000000001,1.0801,1.0918,1.1019,1.1053,1.1129,1.1243,1.1418000000000001,1.1624,1.1736,1.1747,1.1762000000000001,1.1922000000000001,1.2035,1.2141,1.2162,1.2347000000000001,1.2353,1.2573,1.2633,1.2724,1.2782,1.2866,1.2906,1.2913000000000001,1.3316000000000001,1.3324,1.3584,1.6701000000000001,1.6755,1.7086000000000001,1.7668000000000001,1.8167,1.8396000000000001,1.8410000000000002,1.8451000000000002,1.8484,1.8529,1.8651,1.8695000000000002,1.8701,1.8708,1.8728,1.8904,1.8978000000000002,1.9149,1.923,1.9283000000000001,1.9299000000000002,1.9333,1.9355,1.9367,1.9457,1.9471,1.9506000000000001,1.9952,2.0116,2.029,2.0941,2.0963000000000003,2.0975,2.1016,2.1511,2.1543,2.1839,2.5443000000000002,2.5555000000000003,2.5664000000000002,2.5739,2.5792,2.5926,2.6078,2.6125000000000003,2.6142000000000003,2.6195,2.6334,2.6507,2.6574,2.662,2.6719,2.7007000000000003,2.7024,2.7152000000000003,2.7166,2.7287000000000003,2.7304,2.7311,2.7438000000000002,2.7443,2.7521,2.7569000000000004,2.7575000000000003,2.7645,2.7692,2.7708,2.7749,2.7982,2.799,2.8109,2.8138,2.8167,2.8278000000000003,2.8355,2.8364000000000003,2.8393,2.8496,2.8569,2.859,2.8703000000000003,2.8802000000000003,2.8925,2.924,2.9869000000000003,3.3311,3.3539000000000003,3.3581000000000003,3.3694,3.4028,3.406,3.4176,3.4267000000000003,3.4371,3.4435000000000002,3.4468,3.4595000000000002,3.4637000000000002,3.4639,3.468,3.4730000000000003,3.4911000000000003,3.5263,3.5522,3.5570000000000004,3.5633000000000004,3.5715000000000003,3.575,3.5759000000000003,3.5908,3.5912,3.6104000000000003,3.6126,3.6293,3.6754000000000002,3.6877,3.6896,3.7329000000000003,4.1406
46771:0.5664,0.5823,0.6083000000000001,0.6268,0.6414000000000001,0.6674,0.6881,0.7153,0.7344,0.7501,0.7846000000000001,0.7975,0.8165,0.8319000000000001,0.8470000000000001,0.8678,0.9057000000000001,0.9251,0.9369000000000001,0.9698,1.0067000000000002,1.0266,1.068,1.3236,1.3739000000000001,1.3996000000000002,1.4221000000000001,1.4373,1.482,1.5109000000000001,1.5369000000000002,1.5607,1.5889,1.6204,1.6441000000000001,1.6602000000000001,1.6852,1.7025000000000001,1.7486000000000002,2.1169000000000002,2.1596,2.1801,2.1990000000000003,2.2164,2.2319,2.2525,2.2769,2.2917,2.3267,2.3471,2.3682000000000003,2.4082,2.4224,2.4543,2.4844,2.5192,2.5805000000000002,2.9249,2.9594,2.9817,2.9968000000000004,3.0358,3.0562,3.0727,3.0939,3.1143,3.1374,3.1553,3.1748000000000003,3.2089000000000003,3.2301,3.257,3.2736,3.2944,3.3135000000000003,3.3301000000000003,3.3704,3.4059000000000004,3.664,3.7182000000000004,3.7567000000000004,3.7733000000000003,3.7961,3.8177000000000003,3.8398000000000003,3.8566000000000003,3.8789000000000002,3.9082000000000003,3.9248000000000003,3.9453,3.9805,3.9964000000000004,4.0115,4.0416,4.0856
47052:3.5167
47096:0.1837,0.32180000000000003,0.44520000000000004,1.9415,1.9997,2.0478,2.7114000000000003,3.5367,3.5661,3.6253
47118:0.6104,0.6475000000000001,0.6901,0.7516,0.772,0.8434,0.8863000000000001,0.9279000000000001,0.9451,0.9656,1.4249,1.4655,1.4829,1.5188000000000001,1.5598,1.6013000000000002,1.6246,1.6738000000000002,1.7234,1.7507000000000001,2.1466000000000003,2.1776,2.2524,2.2832,2.3914,2.4332000000000003,2.4415,2.4879000000000002,2.5015,2.5575,2.9699,3.0026,3.0273000000000003,3.0628,3.0863,3.1325000000000003,3.1947,3.228,3.2815000000000003,3.3266,3.3772,3.7754000000000003,3.8274000000000004,3.8612,3.9028,3.9572000000000003,3.9737,4.0157,4.0684000000000005,4.1004000000000005
47213:0.5493,0.5823,0.6091,0.6373,0.6753,0.6927,0.7172000000000001,0.7466,0.7814,0.805,0.8343,0.8651000000000001,0.8978,0.9304,0.9565,0.9818,1.0208000000000002,1.0327,1.0633000000000001,1.0762,1.1112,1.247,1.3002,1.3687,1.3826,1.4077000000000002,1.4152,1.4394,1.4721,1.5024000000000002,1.5253,1.5515,1.578,1.6097000000000001,1.6308,1.6454,1.6658000000000002,1.7051,1.7386000000000001,1.9078000000000002,2.0872,2.136,2.1602,2.1870000000000003,2.2179,2.2514000000000003,2.2792,2.2871,2.3154,2.3401,2.3671,2.3929,2.4191000000000003,2.4436,2.4682,2.4985,2.5085,2.5481000000000003,2.5881000000000003,2.9003,2.9376,2.9726000000000004,2.9951000000000003,3.0069000000000004,3.0356,3.0535,3.0736000000000003,3.0865,3.1077000000000004,3.1422000000000003,3.1765000000000003,3.1994000000000002,3.2336,3.2651000000000003,3.3116000000000003,3.3541000000000003,3.4138,3.5303,3.6506000000000003,3.6929000000000003,3.7301,3.748,3.7710000000000004,3.8004000000000002,3.8247,3.8571,3.8957,3.9263000000000003,3.9378,3.9585000000000004,3.9887,3.9999000000000002,4.0229,4.0548,4.0879,4.135
47287:0.1719,0.26880000000000004,0.33280000000000004,0.4063,1.8587,1.9079000000000002,1.9707000000000001,2.6853000000000002,2.7774,3.5548
47410:0.41960000000000003
47583:0.11130000000000001,0.2169,0.2649,0.2866,0.3473,0.395,0.4489,0.49520000000000003,1.1579000000000002,1.1964000000000001,1.8672000000000002,1.9621000000000002,1.9836,2.6941,2.713,2.7435,2.7728,2.8295000000000003,3.464,3.5146,3.5348,3.6201000000000003
47604:0.027200000000000002,0.0621,0.0721,0.0941,0.1075,0.1419,0.15660000000000002,0.19260000000000002,0.23470000000000002,0.2529,0.28250000000000003,0.30460000000000004,0.3527,0.37170000000000003,0.42350000000000004,0.4379,0.47750000000000004,0.519,0.5704,0.6367,0.6773,0.6995,0.7518,0.7903,0.8215,0.8511000000000001,0.8923000000000001,0.9463,0.9657,1.0397,1.0963,1.1196000000000002,1.1422,1.1961000000000002,1.2101,1.2578,1.2763,1.3159,1.3762,1.3927,1.4253,1.47,1.5188000000000001,1.5376,1.5732000000000002,1.6056000000000001,1.6393,1.6768,1.7168,1.7508000000000001,1.7694,1.8652000000000002,1.9401000000000002,1.9522000000000002,1.9769,2.0196,2.0486,2.0937,2.1076,2.1638,2.1923,2.2086,2.2513,2.2833,2.3283,2.357,2.4045,2.4395000000000002,2.4839,2.5284,2.5592,2.603,2.7112000000000003,2.722,2.742,2.77,2.7901000000000002,2.8324000000000003,2.8515,2.8745000000000003,2.908,2.9336,2.9621,2.9953000000000003,3.016,3.0678,3.0943,3.1494,3.1973000000000003,3.2212,3.2435,3.2828,3.325,3.3414,3.3960000000000004,3.4257,3.4588,3.4937,3.5048000000000004,3.5223,3.5447,3.5606,3.5967000000000002,3.7884,3.8402000000000003,3.8649,3.9077,3.9666,3.9794,3.999,4.0233,4.057300000000001,4.0759,4.112,4.132000000000001
47652:0.0145,0.0233,0.0419,0.053000000000000005,0.0757,0.0947,0.10740000000000001,0.1246,0.13870000000000002,0.1492,0.1635,0.17370000000000002,0.1922,0.2024,0.2175,0.2323,0.2421,0.261,0.2716,0.2892,0.3044,0.31620000000000004,0.3341,0.34800000000000003,0.3657,0.3801,0.39390000000000003,0.4116,0.4244,0.4431,0.46890000000000004,0.48350000000000004,0.498,0.5197,0.5434,1.0502,1.0748,1.113,1.1269,1.1458000000000002,1.1586,1.1740000000000002,1.1919,1.2092,1.2203000000000002,1.2385000000000002,1.2537,1.2690000000000001,1.2891000000000001,1.3219,1.7949000000000002,1.8127,1.8316000000000001,1.8452000000000002,1.8635000000000002,1.8763,1.8927,1.9082000000000001,1.9205,1.9419000000000002,1.9534,1.9701000000000002,1.9876,2.0027,2.0272,2.0442,2.064,2.0836,2.1007000000000002,2.5934,2.6247000000000003,2.6387,2.6589,2.676,2.6877,2.7039,2.7201,2.7311,2.7447,2.7608,2.7722,2.7854,2.8002000000000002,2.8127,2.8274000000000004,2.8391,2.8595,2.8885,2.9008000000000003,3.4098,3.4447,3.4581,3.4754,3.4883,3.5007,3.5238,3.5337,3.5541,3.5766,3.5860000000000003,3.6009,3.6322,3.6491000000000002,3.6749,3.6947
47739:0.053200000000000004,0.0801,0.109,0.15610000000000002,0.1844,0.2378,0.2726,0.31270000000000003,0.34390000000000004,0.37720000000000004,0.3981,0.4272,0.45530000000000004,0.503,1.2189,1.2775,1.854,1.8737000000000001,1.9113,1.9346,1.9667000000000001,2.0059,2.0375,2.6956,2.7247000000000003,2.7433,2.7772,2.8018,2.8412,3.5090000000000003,3.5404,3.56,3.6017,3.6260000000000003,3.6542000000000003
48094:0.9424,1.4505000000000001,3.3107,3.865
48172:0.44930000000000003,0.5063,0.5226000000000001,0.5435,0.5574,0.5665,0.5760000000000001,0.5877,0.6045,0.6135,0.6258,0.6379,0.6529,0.6635,0.6714,0.6862,0.6955,0.7044,0.7206,0.7328,0.7412000000000001,0.7559,0.7649,0.7762,0.7851,0.7954,0.8034,0.8121,0.8222,0.8325,0.8469,0.862,0.8704000000000001,0.8829,0.8938,0.9056000000000001,0.9155000000000001,0.925,0.9372,0.9444,0.9628000000000001,0.9877,0.996,1.0081,1.0230000000000001,1.0339,1.0478,1.0657,1.0919,1.2768000000000002,1.3063,1.33,1.3461,1.3572,1.3673,1.3761,1.387,1.4084,1.4252,1.4364000000000001,1.4508,1.461,1.4769,1.4869,1.5001,1.5087000000000002,1.5168000000000001,1.5269000000000001,1.5443,1.5535,1.5638,1.5731000000000002,1.5976000000000001,1.6081,1.6172,1.6247,1.6348,1.6449,1.6552,1.6682000000000001,1.6829,1.6913,1.7104000000000001,1.7284000000000002,1.7448000000000001,1.762,1.7714,1.7996,1.8125,2.0917,2.1181,2.132,2.1422,2.164,2.1795,2.1857,2.2029,2.212,2.2197,2.2288,2.2390000000000003,2.2507,2.2604,2.2682,2.2752,2.2906,2.2986,2.3071,2.3238000000000003,2.3409,2.3475,2.3547000000000002,2.3688000000000002,2.3827000000000003,2.3964000000000003,2.4092000000000002,2.4189000000000003,2.4307000000000003,2.4407,2.4604,2.4754,2.4859,2.4956,2.5139,2.5258000000000003,2.5393000000000003,2.5491,2.5785,2.592,2.6172,2.8672,2.9187000000000003,2.9304,2.9548,2.9647,2.9799,2.9933,3.0041,3.0144,3.0324,3.0417,3.0517000000000003,3.0585,3.0804,3.0977,3.1078,3.1274,3.1364,3.1479000000000004,3.1590000000000003,3.168,3.1759,3.1869,3.2026000000000003,3.2122,3.2236000000000002,3.2305,3.2467,3.2590000000000003,3.2668000000000004,3.2796000000000003,3.2909,3.3057000000000003,3.3181000000000003,3.3413000000000004,3.3529,3.3618,3.3735,3.4035,3.4136,3.4307000000000003,3.6556,3.6706000000000003,3.7066000000000003,3.7365000000000004,3.7505,3.7611000000000003,3.7701000000000002,3.7803,3.7919,3.8012,3.8206,3.8379000000000003,3.85,3.8579000000000003,3.8681,3.8810000000000002,3.8869000000000002,3.9012000000000002,3.9151000000000002,3.9308,3.9384,3.9490000000000003,3.9598,3.9699,3.9872,3.9971,4.0073,4.021100000000001,4.0344,4.0424,4.0534,4.0667,4.0823,4.0963,4.1129,4.1333,4.1435
48407:0.7944,0.8559,0.9440000000000001,1.433,1.7073,2.2186,2.3041,2.3919,3.0752,3.1591,3.2826,3.8207,3.9601
48517:0.039900000000000005,0.0674,0.0988,0.1479,0.18760000000000002,0.23140000000000002,0.2766,0.35750000000000004,0.4283,0.4464,0.4863,0.5703,0.8951,1.1294,1.1774,1.2770000000000001,1.6769,1.7701,1.8843,1.9340000000000002,1.9635,2.0167,2.2922000000000002,2.5606,2.698,2.7241,2.7627,2.7924,3.1536,3.2805,3.3298,3.4255,3.4981,3.5403000000000002,3.5648,3.7914000000000003,4.0217,4.1294
48605:0.0286,0.0565,0.1149,0.1516,0.1777,0.215,0.28190000000000004,0.3173,0.34840000000000004,0.3991,0.4284,0.4451,0.4733,0.5021,0.5433,0.6349,0.6957,0.7755000000000001,0.8465,0.8888,0.9757,1.0721,1.1258000000000001,1.1478000000000002,1.1625,1.1975,1.2234,1.2686,1.3032000000000001,1.3387,1.3823,1.4398,1.5143,1.5714000000000001,1.6448,1.7117,1.7374,1.7765000000000002,1.8,1.8233000000000001,1.8451000000000002,1.8571000000000002,1.8767,1.8937000000000002,1.9081000000000001,1.9326,1.9602000000000002,1.99,2.0134000000000003,2.0283,2.0485,2.0992,2.1156,2.1694,2.2086,2.2452,2.2855000000000003,2.326,2.3677,2.4334000000000002,2.4788,2.5906000000000002,2.623,2.6425,2.6637,2.6871,2.7026000000000003,2.7432000000000003,2.7612,2.7849,2.7951,2.8373,2.8607,2.8886000000000003,2.9201,2.9622,2.9999000000000002,3.0475000000000003,3.0954,3.1347,3.1758,3.258,3.4138,3.4512,3.4690000000000003,3.4891,3.5063,3.5224,3.5543,3.5835000000000004,3.6241000000000003,3.6754000000000002,3.8052,3.8589,3.9023000000000003,3.9553000000000003,4.0206,4.0687,4.1483
48744:0.0369,0.18480000000000002,0.22640000000000002,0.4394,1.1269,1.159,1.2503,1.8479,1.8988,2.0094000000000003,2.1144000000000003,2.6529000000000003,2.7342,2.7948,3.4633000000000003,3.5424,3.6197000000000004,3.6595,4.1492
48800:0.8904000000000001,0.9550000000000001,3.107,3.3108,3.9825000000000004
48838:0.0073,0.014400000000000001,0.0217,0.028900000000000002,0.0341,0.0422,0.0471,0.056600000000000004,0.0658,0.0727,0.07930000000000001,0.0881,0.09480000000000001,0.1061,0.1143,0.1194,0.1252,0.132,0.139,0.1459,0.1537,0.1602,0.1685,0.17470000000000002,0.1822,0.18760000000000002,0.1927,0.1986,0.2099,0.2167,0.2233,0.2291,0.23500000000000001,0.2398,0.2484,0.2535,0.2585,0.2646,0.27,0.2758,0.2849,0.29050000000000004,0.298,0.3048,0.3104,0.31720000000000004,0.32380000000000003,0.3296,0.33630000000000004,0.3416,0.35150000000000003,0.3587,0.3647,0.373,0.3803,0.38730000000000003,0.39430000000000004,0.40030000000000004,0.40640000000000004,0.41240000000000004,0.4194,0.4298,0.43520000000000003,0.44110000000000005,0.4464,0.4516,0.458,0.4651,0.48090000000000005,0.48750000000000004,0.4954,0.5047,0.5127,0.5198,0.5276000000000001,0.5371,0.5492,0.5582,0.5636,0.5770000000000001,0.5841000000000001,0.5901000000000001,0.5992000000000001,0.6078,0.6157,0.6296,0.6535000000000001,0.6786,0.6873,0.6963,0.7113,0.7245,0.7389,0.751,0.764,0.7862,0.8055,0.8214,0.8312,0.8433,0.8502000000000001,0.87,0.8774000000000001,0.9069,0.9238000000000001,0.9409000000000001,0.9528000000000001,0.9754,0.9961000000000001,1.0028000000000001,1.0106,1.0163,1.0225,1.0302,1.0423,1.0493000000000001,1.061,1.0673000000000001,1.0736,1.0821,1.0906,1.0974000000000002,1.1049,1.1111,1.1164,1.1248,1.1306,1.1373,1.1453,1.1527,1.161,1.1665,1.173,1.1815,1.1905000000000001,1.1993,1.2057,1.2159,1.2228,1.229,1.2351,1.2419,1.2488000000000001,1.2587000000000002,1.2674,1.2764,1.2824,1.2898,1.2972000000000001,1.306,1.3136,1.3212000000000002,1.3294000000000001,1.3375000000000001,1.3447,1.3537000000000001,1.3632,1.3702,1.3759000000000001,1.3829,1.3953,1.4083,1.4297,1.4489,1.4604000000000001,1.4845000000000002,1.5033,1.5153,1.5425,1.5485,1.5708,1.5942,1.6162,1.6323,1.6536000000000002,1.6695,1.6918,1.699,1.7058,1.7117,1.724,1.7287000000000001,1.7402000000000002,1.7482,1.7544000000000002,1.7614,1.7696,1.7789000000000001,1.7890000000000001,1.7961,1.8093000000000001,1.8139,1.8222,1.8299,1.8364,1.8468,1.8542,1.8595000000000002,1.8658000000000001,1.8725,1.8768,1.8826,1.8903,1.8989,1.9055000000000002,1.9128,1.9202000000000001,1.9266,1.9324000000000001,1.9403000000000001,1.9507,1.9603000000000002,1.9652,1.9712,1.9773,1.9836,1.9903000000000002,2.0004,2.0087,2.0167,2.0258000000000003,2.0325,2.0383,2.0459,2.0535,2.06,2.0677000000000003,2.0766,2.0848,2.0938,2.099,2.1056,2.1166,2.1255,2.1344000000000003,2.1418,2.1502,2.1632000000000002,2.1757,2.1874000000000002,2.1987,2.2098,2.2185,2.2288,2.2346,2.246,2.2544,2.2644,2.2825,2.3048,2.3169,2.3291,2.3398000000000003,2.3528000000000002,2.3752,2.3848000000000003,2.3982,2.4128000000000003,2.4354,2.4572000000000003,2.4683,2.4747,2.4929,2.4989,2.5123,2.5181,2.5286,2.5379,2.5515000000000003,2.5602,2.5751,2.581,2.5882,2.5989,2.6081000000000003,2.617,2.6242,2.6364,2.6475,2.6546000000000003,2.6624000000000003,2.6691000000000003,2.676,2.6849000000000003,2.6916,2.6989,2.7034000000000002,2.7091000000000003,2.7146000000000003,2.7215000000000003,2.733,2.7381,2.7444,2.7499000000000002,2.7558000000000002,2.7640000000000002,2.7703,2.7762000000000002,2.7821000000000002,2.7869,2.7987,2.8055000000000003,2.8109,2.8184,2.8254,2.8318000000000003,2.8381000000000003,2.8446000000000002,2.8568000000000002,2.8662,2.8729,2.8826,2.8898,2.8959,2.9131,2.9231000000000003,2.9324000000000003,2.9447,2.9528000000000003,2.9793000000000003,2.9918,3.0142,3.0385,3.0576000000000003,3.0774000000000004,3.1049,3.1225,3.1358,3.1424000000000003,3.1642,3.1757,3.1827,3.1893000000000002,3.2149,3.2305,3.2415000000000003,3.2599,3.2758000000000003,3.2967,3.3115,3.3261000000000003,3.3331,3.3418,3.3511,3.3629000000000002,3.3719,3.3803,3.3988,3.4065000000000003,3.415,3.4236,3.4326000000000003,3.4396,3.4474,3.4611,3.4676,3.4754,3.4824,3.4922,3.4995000000000003,3.5061,3.5133,3.5203,3.5308,3.5376000000000003,3.5447,3.5515000000000003,3.5584000000000002,3.5645000000000002,3.5707,3.577,3.5836,3.5903,3.5976000000000004,3.6042,3.6102000000000003,3.6238,3.6296000000000004,3.6371,3.6511,3.6590000000000003,3.6670000000000003,3.6740000000000004,3.6829,3.6918,3.7013000000000003,3.7105,3.7182000000000004,3.7230000000000003,3.7298,3.7364,3.7451000000000003,3.7503,3.7600000000000002,3.7726,3.7795,3.7889000000000004,3.8146,3.8343000000000003,3.845,3.8640000000000003,3.8756000000000004,3.8872,3.9158000000000004,3.9304,3.9439,3.9681,3.9741000000000004,4.0027,4.0109,4.0215000000000005,4.0385,4.0462,4.0665000000000004,4.0739,4.0842,4.093,4.0998,4.1066,4.1147,4.1222,4.128,4.1376,4.1446000000000005
48966:0.0829,3.5574000000000003
48970:0.0675,0.1512,0.161,0.1733,0.29410000000000003,0.3383,0.42450000000000004,0.447,0.4919,0.5355,0.5792,0.6121,0.7818,0.8041,0.8642000000000001,0.9757,0.9845,1.0198,1.0777,1.1485,1.1889,1.1997,1.2311,1.3429,1.3839000000000001,1.4169,1.4579,1.5184,1.6628,1.7688000000000001,1.8516000000000001,1.9122000000000001,1.9202000000000001,1.9931,2.0253,2.0304,2.0735,2.0781,2.1819,2.2446,2.2914000000000003,2.4364,2.4770000000000003,2.5275000000000003,2.575,2.6652,2.6687000000000003,2.7542,2.8002000000000002,2.8392,2.9338,3.1954000000000002,3.369,3.427,3.4527,3.5465,3.6977,3.7108000000000003,3.7583,4.0698,4.1488000000000005
49047:0.513,0.5922000000000001,0.6783,0.6954,0.743,0.7655000000000001,0.7792,0.8002,0.8170000000000001,0.8366,0.8829,0.9248000000000001,1.1271,1.2801,1.3208,1.3889,1.4802,1.5101,1.5677,1.6166,1.6288,1.6454,1.6575,1.6916,1.8159,2.1429,2.1851000000000003,2.2092,2.2247,2.2643,2.2788,2.3009,2.3468,2.3706,2.3989000000000003,2.4211,2.4465,2.5029,2.5391,2.9819,3.0397000000000003,3.0586,3.1124,3.1756,3.1892,3.2279,3.2531000000000003,3.2687,3.3216,3.7663,3.7751,3.8577000000000004,3.8904,3.9533,3.9767,4.0125,4.0408
49048:0.047900000000000005,0.11470000000000001,0.16390000000000002,0.1993,0.47100000000000003,1.0483,1.0993,1.1244,1.1752,1.2595,1.3305,1.7986,1.8514000000000002,1.8925,1.9502000000000002,2.0906000000000002,2.5896000000000003,2.625,2.7174,2.8457000000000003,2.8964000000000003,2.9585000000000004,3.4197,3.4502,3.4833000000000003,3.5236,3.5525,3.6145,3.6402
49083:0.0614,0.07980000000000001,0.1358,0.1897,0.2947,0.3266,0.3569,0.4335,0.4561,0.508,0.6074,0.6489,0.6644,0.6834,0.6952,0.8674000000000001,0.8826,0.8968,0.9672000000000001,1.1953,1.3144,1.4276,1.4439,1.4937,1.5459,1.5611000000000002,1.615,1.6586,1.7383000000000002,1.931,1.9781000000000002,2.0188,2.1147,2.201,2.2725,2.2855000000000003,2.2989,2.3545000000000003,2.4482,2.4666,2.4786,2.5364,2.5542000000000002,2.7110000000000003,2.7744,2.7978,2.859,2.9652000000000003,2.9869000000000003,3.0028,3.1113,3.1361000000000003,3.1503,3.1696,3.2451000000000003,3.2991,3.3166,3.3313,3.5581,3.7109,3.7931000000000004,3.8232000000000004,3.8453000000000004,3.8719,3.964,3.9808000000000003,3.9922,4.0952,4.1104
49111:0.0015,0.0049,0.0378,0.0412,0.0485,0.0692,0.0809,0.1072,0.1484,0.1515,0.1613,0.1668,0.1709,0.1817,0.18380000000000002,0.1973,0.20120000000000002,0.2039,0.20500000000000002,0.21730000000000002,0.2228,0.2272,0.2291,0.23570000000000002,0.2614,0.2659,0.2748,0.2811,0.2923,0.2948,0.30760000000000004,0.3176,0.3215,0.3226,0.3231,0.32370000000000004,0.3309,0.3536,0.35600000000000004,0.36310000000000003,0.36960000000000004,0.37320000000000003,0.3806,0.3884,0.395,0.3997,0.4006,0.41590000000000005,0.4193,0.4283,0.43260000000000004,0.43570000000000003,0.4428,0.45230000000000004,0.46140000000000003,0.4707,0.47440000000000004,0.4827,0.4834,0.48400000000000004,0.4857,0.538,0.5441,0.5489,1.0149000000000001,1.0256,1.0306,1.0470000000000002,1.0644,1.0663,1.0855000000000001,1.1165,1.1236000000000002,1.1291,1.1335,1.1715,1.1771,1.1842000000000001,1.1873,1.1941000000000002,1.2004000000000001,1.2123000000000002,1.2239,1.2301,1.2614,1.3307,1.3314000000000001,1.3432000000000002,1.3496000000000001,1.7001000000000002,1.7231,1.7342000000000002,1.7368000000000001,1.7523000000000002,1.7545000000000002,1.7703,1.7845,1.7909000000000002,1.7965,1.8161,1.8274000000000001,1.8285,1.8432000000000002,1.8575000000000002,1.8686,1.8725,1.8762,1.8839000000000001,1.8843,1.8860000000000001,1.8909,1.9023,1.9105,1.917,1.9198000000000002,1.9334,1.9337000000000002,1.9367,1.9487,1.9555,1.969,1.9751,1.9766000000000001,1.9824000000000002,1.9831,1.984,1.9941000000000002,2.0034,2.0045,2.011,2.0166,2.0256000000000003,2.0292,2.04,2.055,2.0617,2.1462,2.1787,2.1989,2.5553,2.5587,2.5841000000000003,2.6071,2.6241000000000003,2.6285000000000003,2.6422000000000003,2.6503,2.6568,2.6653000000000002,2.6688,2.6738,2.6914000000000002,2.6932,2.6964,2.7151,2.7162,2.7186000000000003,2.7198,2.7237,2.7279,2.7425,2.7472000000000003,2.748,2.7535000000000003,2.7548,2.7791,2.7801,2.7804,2.7806,2.791,2.7947,2.7976,2.7988,2.8106,2.8191,2.8236000000000003,2.8251,2.8280000000000003,2.8304,2.8309,2.8320000000000003,2.8413,2.8531,2.8684000000000003,2.8829000000000002,2.8969,2.9532000000000003,3.3237,3.3400000000000003,3.3456,3.3665000000000003,3.3833,3.4033,3.4367,3.4398,3.4435000000000002,3.4568000000000003,3.4618,3.4678,3.4699,3.4794,3.5047,3.5085,3.5248000000000004,3.5752,3.581,3.6055,3.6125000000000003,3.6163000000000003,3.6207000000000003,3.6249000000000002,3.6373,3.6416000000000004,3.6547,3.6914000000000002,3.692,3.6969000000000003,3.7150000000000003,3.7318000000000002,4.0654,4.0715,4.0936,4.1109,4.113700000000001,4.1163,4.1344,4.1348
49251:0.456,0.4975,0.5252,0.5444,0.5556,0.5628000000000001,0.5725,0.5789000000000001,0.5821000000000001,0.5925,0.6051000000000001,0.6492,0.6552,0.6557000000000001,0.6604,0.6611,0.6684,0.6727000000000001,0.682,0.6886,0.6933,0.6967,0.7093,0.7165,0.7189,0.7352000000000001,0.7499,0.7513000000000001,0.7629,0.7636000000000001,0.7706000000000001,0.7738,0.7816000000000001,0.8074,0.8136,0.8186,0.8256,0.8329000000000001,0.8370000000000001,0.8399000000000001,0.8594,0.8605,0.8862,0.8897,0.8929,0.8934000000000001,0.8957,0.8975000000000001,0.9,0.9093,0.918,0.9184,0.9216000000000001,0.9252,0.9389000000000001,0.9426,0.9478000000000001,0.9579000000000001,0.9654,0.9781000000000001,0.9937,0.994,1.0041,1.0055,1.0183,1.02,1.0217,1.0246,1.0283,1.0345,1.0872,1.1324,1.1932,1.2377,1.2399,1.2884,1.3015,1.3317,1.3372000000000002,1.3409,1.3654000000000002,1.3779000000000001,1.3837000000000002,1.3941000000000001,1.3953,1.3999000000000001,1.4015,1.4097000000000002,1.4265,1.4300000000000002,1.4561000000000002,1.474,1.479,1.4853,1.4861,1.4896,1.4915,1.4929000000000001,1.4932,1.5223,1.5229000000000001,1.5304,1.5308000000000002,1.5377,1.5434,1.5649000000000002,1.5769,1.5965,1.6215000000000002,1.6302,1.6331,1.6414,1.6515000000000002,1.6602000000000001,1.6623,1.6635,1.6731,1.6778000000000002,1.6803000000000001,1.6840000000000002,1.6867,1.7007,1.7120000000000002,1.7171,1.7254,1.7269,1.7343000000000002,1.7357,1.7446000000000002,1.7722,1.7748000000000002,1.7792000000000001,1.7939,1.8378,1.8499,2.0553,2.0781,2.0923000000000003,2.1172,2.1391,2.1518,2.1603,2.162,2.1641,2.1647000000000003,2.166,2.1672000000000002,2.1676,2.1814,2.1838,2.2047000000000003,2.209,2.2102,2.2141,2.2231,2.2233,2.2365,2.2632000000000003,2.2649,2.2703,2.2753,2.2948,2.3039,2.3096,2.3157,2.3172,2.3261000000000003,2.3318000000000003,2.3407,2.3411,2.3497,2.3578,2.3621000000000003,2.3632,2.3683,2.3720000000000003,2.3763,2.3886000000000003,2.4028,2.4065000000000003,2.4132000000000002,2.4214,2.4217,2.4252000000000002,2.4282,2.4341,2.4381,2.4554,2.4589000000000003,2.4681,2.4694000000000003,2.48,2.4837000000000002,2.4914,2.4937,2.4984,2.5,2.5036,2.5234,2.5288,2.5423,2.5612,2.5620000000000003,2.6372,2.8526000000000002,2.8792,2.8810000000000002,2.8978,2.9086000000000003,2.9186,2.9301,2.9319,2.9377,2.9564000000000004,2.9851,2.9884,2.9971,3.0006,3.0031000000000003,3.0084,3.0225,3.0233000000000003,3.0241000000000002,3.0273000000000003,3.0278,3.0287,3.035,3.0416000000000003,3.0537,3.0595000000000003,3.0711,3.0833,3.0861,3.1022000000000003,3.1081000000000003,3.1185,3.1193,3.1338000000000004,3.1349,3.1420000000000003,3.1491000000000002,3.1625,3.1759,3.181,3.1893000000000002,3.1933000000000002,3.214,3.2143,3.216,3.22,3.2203,3.2205000000000004,3.225,3.2277,3.2368,3.2375000000000003,3.2401,3.2441,3.2494,3.2497000000000003,3.2541,3.2586,3.2646,3.2665,3.2769000000000004,3.2781000000000002,3.3083,3.3202000000000003,3.3243,3.329,3.3292,3.3297000000000003,3.3438000000000003,3.3444000000000003,3.3452,3.3471,3.3555,3.365,3.3719,3.3872,3.3874,3.4042000000000003,3.4449,3.4496,3.48,3.4810000000000003,3.6008,3.6031,3.6062000000000003,3.6751,3.6846,3.7048,3.709,3.7125000000000004,3.7164,3.7166,3.7233,3.7328,3.7338,3.7466000000000004,3.7538,3.7621,3.7669,3.7712000000000003,3.7725,3.7771000000000003,3.7802000000000002,3.7855000000000003,3.7895000000000003,3.798,3.8017000000000003,3.8073,3.8181000000000003,3.8226,3.8427000000000002,3.8553,3.8557,3.8657000000000004,3.8779000000000003,3.8804000000000003,3.8811,3.8828,3.8880000000000003,3.8890000000000002,3.8993,3.9002000000000003,3.9034,3.9038000000000004,3.9101000000000004,3.9222,3.9362000000000004,3.9421000000000004,3.9458,3.9563,3.9573,3.959,3.9599,3.9639,3.9667000000000003,3.9756,3.9822,4.0022,4.0032000000000005,4.0102,4.0204,4.0237,4.0263,4.0301,4.037100000000001,4.0397,4.0441,4.0453,4.0501000000000005,4.0583,4.0724,4.0945,4.118,4.149500000000001
49367:0.6434000000000001,0.7164,0.7562,0.8795000000000001,0.9700000000000001,1.4554,1.6549,2.2265,2.3022,2.3507000000000002,3.1243000000000003,3.2428000000000003,3.2814,3.9743000000000004
49406:0.031100000000000003,0.0717,0.1028,0.14880000000000002,0.19920000000000002,0.24070000000000003,0.28650000000000003,0.3587,0.42910000000000004,0.4834,0.5262,0.6436000000000001,0.7558,0.8263,0.8999,0.9660000000000001,1.046,1.1048,1.1261,1.2027,1.2642,1.3205,1.3936000000000002,1.4773,1.538,1.6116000000000001,1.6872,1.7555,1.8729,1.9493,1.9812,2.0306,2.0994,2.1706000000000003,2.2097,2.2907,2.3652,2.4459,2.5343,2.6086,2.7165,2.7446,2.7768,2.8375000000000004,2.8794,2.9327,2.9671000000000003,3.0729,3.2042,3.2511,3.3359,3.402,3.4321,3.4973,3.5261,3.5634,3.7956000000000003,3.9127,3.9785000000000004,4.007000000000001,4.0615000000000006,4.1187000000000005
49442:0.5434,0.5579000000000001,0.5793,0.5987,0.6152000000000001,0.6284000000000001,0.6404000000000001,0.6534,0.6663,0.6797000000000001,0.6921,0.7043,0.7150000000000001,0.7263000000000001,0.7398,0.7561,0.7715000000000001,0.7835000000000001,0.7993,0.8168000000000001,0.8289000000000001,0.8440000000000001,0.8581000000000001,0.8709,0.886,0.8982,0.9123,0.9229,0.9357000000000001,0.9525,0.9693,0.9812000000000001,0.9954000000000001,1.014,1.0314,1.0552000000000001,1.0911,1.3117,1.3385,1.3594000000000002,1.3765,1.3979000000000001,1.4105,1.4229,1.4347,1.4481000000000002,1.4677,1.4807000000000001,1.4936,1.5082,1.5190000000000001,1.5321,1.5461,1.5617,1.5779,1.5955000000000001,1.6083,1.6274000000000002,1.6400000000000001,1.6556000000000002,1.6713,1.6893,1.7048,1.7227000000000001,1.7428000000000001,1.7742,2.1067,2.1404,2.161,2.1778,2.1917,2.2047000000000003,2.2193,2.2344,2.2482,2.2588,2.2759,2.2869,2.3033,2.3185000000000002,2.3344,2.3472,2.3614,2.3713,2.3815,2.3967,2.4117,2.4246000000000003,2.4368000000000003,2.4487,2.4674,2.4798,2.4899,2.5022,2.5267,2.549,2.5762,2.9135,2.9415,2.9570000000000003,2.9724,2.9884,3.0042,3.0186,3.031,3.0408,3.0558,3.069,3.0813,3.0976000000000004,3.1102000000000003,3.1225,3.1344000000000003,3.1481000000000003,3.1605000000000003,3.173,3.1867,3.1986000000000003,3.2137000000000002,3.2287000000000003,3.2446,3.2547,3.2659000000000002,3.2788,3.2910000000000004,3.3022,3.3169,3.3282000000000003,3.3443,3.3582,3.387,3.4116,3.6774,3.6965000000000003,3.7204,3.7336,3.749,3.7649000000000004,3.7796000000000003,3.7941000000000003,3.8082000000000003,3.8266,3.8406000000000002,3.8552000000000004,3.8739000000000003,3.8875,3.9002000000000003,3.9132000000000002,3.9273000000000002,3.9428,3.9568000000000003,3.9751000000000003,3.9852000000000003,3.9974000000000003,4.0099,4.033,4.0477,4.0807,4.1000000000000005,4.1265,4.1443
49614:0.1296,0.4691,1.1631,1.9752,2.736,3.5175
49678:0.0716,0.2697,2.0398,2.049,2.7721,2.7942,3.5332000000000003,3.5491,3.5618000000000003
49798:0.019200000000000002,0.0268,0.084,0.17320000000000002,0.202,0.23970000000000002,0.2964,0.3436,0.4167,0.46690000000000004,1.24,1.2533,1.9371,1.9891,2.0420000000000003,2.6876,2.7531000000000003,2.7897000000000003,2.8353
49802:0.6192000000000001,0.6557000000000001,0.7071000000000001,0.8065,0.8388,0.8885000000000001,0.9634,1.0190000000000001,1.3935,1.4217,1.4791,1.6083,2.3072,2.3836,2.4999000000000002,3.0029000000000003,3.156,3.1973000000000003,3.2800000000000002,3.3229,3.3501000000000003,3.8863000000000003,3.9422,3.9998
49916:0.0349,0.15330000000000002,0.2351,0.4504,1.9608,2.6925000000000003,2.7485,3.4985000000000004
50099:0.0178,0.048600000000000004,0.0964,0.1107,0.2144,0.2293,0.24980000000000002,0.2657,0.27740000000000004,0.2867,0.32930000000000004,0.3512,0.3901,0.39980000000000004,0.4499,0.48150000000000004,0.4999,0.5155000000000001,1.1521000000000001,1.1651,1.1985000000000001,1.2224000000000002,1.8552000000000002,1.8668,1.9058000000000002,1.9395,1.9606000000000001,1.9748,1.989,2.6908000000000003,2.7095000000000002,2.7258,2.7381,2.7636000000000003,2.7831,2.8192,2.8333,2.8448,3.4343000000000004,3.4610000000000003,3.4818000000000002,3.5107000000000004,3.5245,3.5388,3.5976000000000004,3.6179
50303:0.14780000000000001,0.41800000000000004,0.5245000000000001,0.5749000000000001,0.6071000000000001,0.7962,0.9732000000000001,1.0166,1.073,1.0998,1.1857,1.3827,1.456,1.5157,1.6593,1.7644000000000002,1.9101000000000001,1.9889000000000001,2.0675,2.1407000000000003,2.2603,2.4730000000000003,2.5254000000000003,2.6618,2.8313,2.9257,3.1932,3.3631,3.4435000000000002,3.6158,3.692,3.754,4.0677,4.140000000000001
50424:0.0402,0.1652,0.38420000000000004,0.5145000000000001,0.5485,0.5773,0.6014,0.6074,0.6216,0.6316,0.6363,0.658,0.6715,0.6866,0.6935,0.7039000000000001,0.7169,0.7355,0.7443000000000001,0.7752,0.7812,0.8005,0.8252,0.8342,0.8540000000000001,0.8628,0.8723000000000001,0.8894000000000001,0.8999,0.9235000000000001,0.9329000000000001,0.9510000000000001,0.9577,0.9771000000000001,0.9836,0.9944000000000001,1.0102,1.0223,1.0293,1.0462,1.0597,1.0708,1.0764,1.1094000000000002,1.298,1.3304,1.36,1.3708,1.3766,1.4003,1.4085,1.4140000000000001,1.4327,1.439,1.4681,1.4769,1.4931,1.4998,1.5173,1.5236,1.5364,1.5469000000000002,1.5613000000000001,1.5753000000000001,1.5958,1.6039,1.6117000000000001,1.6266,1.6412,1.6556000000000002,1.6648,1.6792,1.6864000000000001,1.705,1.7166000000000001,1.7368000000000001,1.7555,1.8198,1.9082000000000001,2.017,2.0833,2.0889,2.1131,2.1266000000000003,2.1374,2.1562,2.1643,2.1786000000000003,2.1898,2.2016,2.2155,2.2401,2.2497000000000003,2.2546,2.2804,2.2862,2.3039,2.3124000000000002,2.3362000000000003,2.3402000000000003,2.3543000000000003,2.3631,2.3761,2.3889,2.3997,2.4141,2.4186,2.4378,2.4461,2.4628,2.4716,2.4864,2.4965,2.5084,2.5264,2.5415,2.5493,2.5843000000000003,2.6028000000000002,2.7084,2.8976,2.9058,2.9332000000000003,2.9543,2.9713000000000003,2.983,2.9939,3.0006,3.0083,3.0314,3.0453,3.0537,3.0620000000000003,3.0719000000000003,3.08,3.0907,3.1058000000000003,3.124,3.1325000000000003,3.141,3.1637,3.1772,3.1952000000000003,3.2055000000000002,3.2164,3.2341,3.2524,3.2637,3.274,3.2837,3.293,3.307,3.3281,3.3515,3.359,3.3889,3.4077,3.4157,3.4592,3.5309000000000004,3.6491000000000002,3.6757,3.6907,3.7097,3.7271,3.7407000000000004,3.753,3.7674000000000003,3.7852,3.7978,3.8105,3.8232000000000004,3.8528000000000002,3.8599,3.8891,3.8963,3.9173,3.9247,3.9382,3.9524000000000004,3.9756,3.9810000000000003,3.9966000000000004,4.0094,4.0189,4.0415,4.0534,4.0647,4.0823,4.0886000000000005,4.1124,4.1301000000000005,4.1376
50472:0.5153,0.5425,0.5625,0.5798,0.5951000000000001,0.6079,0.6229,0.6364000000000001,0.6507000000000001,0.668,0.6841,0.6984,0.7131000000000001,0.7266,0.7421,0.7585000000000001,0.7736000000000001,0.7882,0.8027000000000001,0.8175,0.8305,0.8456,0.8614,0.8757,0.8896000000000001,0.9053,0.9213,0.935,0.9518000000000001,0.9683,0.9835,1.0044,1.0217,1.0429000000000002,1.0681,1.0954000000000002,1.2974,1.3144,1.3384,1.3603,1.3780000000000001,1.3949,1.4093,1.423,1.4362000000000001,1.4516,1.4674,1.4837,1.5031,1.5175,1.5357,1.5502,1.5651000000000002,1.5815000000000001,1.5997000000000001,1.6172,1.6327,1.6467,1.6623,1.6786,1.6941000000000002,1.7094,1.7274,1.7486000000000002,1.7779,2.0832,2.1097,2.1393,2.1613,2.1765000000000003,2.1901,2.2057,2.2205,2.2362,2.2507,2.2652,2.2797,2.2943000000000002,2.3076000000000003,2.3242000000000003,2.3424,2.3565,2.3714,2.386,2.4015,2.4158,2.4276,2.4396,2.4563,2.4711000000000003,2.4831000000000003,2.4983,2.5126,2.5311,2.5499,2.5756,2.6012,2.8695,2.9067000000000003,2.9245,2.9462,2.963,2.9773,2.99,3.0068,3.024,3.0396,3.0553000000000003,3.0718,3.0844,3.1018000000000003,3.1159000000000003,3.1318,3.1467,3.1606,3.1725000000000003,3.1895000000000002,3.2048,3.2239,3.2364,3.2516000000000003,3.2681,3.2822,3.2958000000000003,3.309,3.3255000000000003,3.3421000000000003,3.3581000000000003,3.3908,3.4160000000000004,3.6583,3.6891000000000003,3.7122,3.7308000000000003,3.7502,3.7662,3.7803,3.797,3.8143000000000002,3.8312000000000004,3.8453000000000004,3.8596000000000004,3.8777000000000004,3.8917,3.9062,3.9201,3.9374000000000002,3.9535,3.9668,3.9809,3.9968000000000004,4.0095,4.028700000000001,4.0445,4.0628,4.0857,4.105,4.1322
50586:0.08320000000000001,0.18530000000000002,1.6753,1.9303000000000001,2.0156,2.2987,2.7179,3.5607,3.656
50678:0.0234,0.0483,0.0718,0.1048,0.1316,0.1627,0.1905,0.20520000000000002,0.22760000000000002,0.24600000000000002,0.26940000000000003,0.3002,0.318,0.33330000000000004,0.3538,0.3874,0.4257,0.464,0.4985,0.5221,1.1173,1.1709,1.209,1.2381,1.3174000000000001,1.7605000000000002,1.7916,1.8389,1.8656000000000001,1.8879000000000001,1.8997000000000002,1.9334,1.9509,1.9772,2.0046,2.0331,2.0664000000000002,2.1059,2.623,2.6445000000000003,2.6728,2.6971000000000003,2.7378,2.7481,2.7715,2.79,2.8066,2.8301000000000003,2.8422,2.894,3.4513000000000003,3.472,3.5043,3.5445,3.5635000000000003,3.5775,3.6368
50752:0.28240000000000004,0.38770000000000004,1.8663,1.9701000000000002,2.6984,2.7639,2.7880000000000003,3.5267000000000004
51088:0.9546,1.1337000000000002,2.3421000000000003,3.3207,3.7799
51234:0.28750000000000003,0.3451,1.1501000000000001,1.246,1.8776000000000002,1.9188
51263:0.022000000000000002,0.0422,0.056,0.07050000000000001,0.08800000000000001,0.1027,0.1184,0.1381,0.1531,0.17420000000000002,0.19160000000000002,0.2084,0.2272,0.2394,0.2579,0.2692,0.29000000000000004,0.312,0.331,0.3502,0.3689,0.38470000000000004,0.4,0.4238,0.43610000000000004,0.4485,0.4661,0.4853,0.5016,0.5405,0.5721,0.6097,0.6502,0.6935,0.7521,0.7759,0.8468,0.8924000000000001,0.9460000000000001,0.9684,1.0407,1.0718,1.1031,1.1243,1.1513,1.1772,1.2004000000000001,1.2182,1.2334,1.2550000000000001,1.2727000000000002,1.2928000000000002,1.3087,1.3426,1.3901000000000001,1.4287,1.4717,1.5211000000000001,1.564,1.6055000000000001,1.6319000000000001,1.6779000000000002,1.7262000000000002,1.7528000000000001,1.7671000000000001,1.7991000000000001,1.8228000000000002,1.8418,1.863,1.8838000000000001,1.8997000000000002,1.9175,1.9352,1.9525000000000001,1.9643000000000002,1.9868000000000001,2.0044,2.0233,2.0445,2.0826000000000002,2.0977,2.1458,2.1742,2.1942,2.2557,2.287,2.3615,2.4068,2.4433000000000002,2.4951000000000003,2.5243,2.5608,2.6,2.6308000000000002,2.6535,2.6716,2.6906000000000003,2.7064,2.7193,2.7356000000000003,2.7535000000000003,2.7694,2.7884,2.8051,2.8256,2.8466,2.8686000000000003,2.8949000000000003,2.9512,2.9732000000000003,3.0090000000000003,3.0648,3.0968,3.1424000000000003,3.1999,3.2337000000000002,3.3200000000000003,3.3343000000000003,3.3941000000000003,3.4136,3.4445,3.466,3.486,3.5009,3.5224,3.5401000000000002,3.5558,3.5726,3.5987,3.6292,3.6506000000000003,3.6732,3.7065,3.7343,3.7772,3.7927,3.8328,3.8642000000000003,3.9086000000000003,3.9632,3.9823000000000004,4.018800000000001,4.0723,4.1063,4.1343000000000005
51523:0.0608,0.1032,0.20570000000000002,0.32130000000000003,0.4015,0.437,0.5042,1.1571,1.2131,1.87,1.9743000000000002,2.0422000000000002,2.6964,2.7422,2.8331,3.4994,3.6112
51555:0.0526,0.1199,0.1829,0.2928,0.318,0.3965,0.40800000000000003,0.4257,0.45630000000000004,0.4993,0.5368,1.0762,1.1566,1.2163000000000002,1.2698,1.794,1.8390000000000002,1.8555000000000001,1.9026,1.9316,2.0096000000000003,2.0467,2.108,2.1677,2.6052,2.6423,2.6777,2.7372,2.7803,2.8351,2.8457000000000003,2.853,2.9027000000000003,3.46,3.5009,3.5523000000000002,3.5662000000000003,3.6098000000000003,3.6471,3.6726
51562:0.0162,0.0317,0.0517,0.0653,0.08120000000000001,0.0949,0.1121,0.1297,0.1447,0.1625,0.17700000000000002,0.1897,0.2059,0.21760000000000002,0.23570000000000002,0.24600000000000002,0.25930000000000003,0.2715,0.2871,0.2987,0.317,0.3315,0.3446,0.3578,0.3791,0.3884,0.405,0.4164,0.4294,0.4446,0.4587,0.4723,0.4873,0.5001,0.5114000000000001,0.5236000000000001,0.5339,0.5426,0.5523,0.5618000000000001,0.5742,0.5864,0.5982000000000001,0.6115,0.6242,0.6329,0.6494,0.6612,0.6706000000000001,0.6833,0.6960000000000001,0.7079000000000001,0.7218,0.7325,0.7409,0.7509,0.7635000000000001,0.7764000000000001,0.7871,0.7969,0.8076,0.8231,0.8323,0.8445,0.8507,0.8616,0.8738,0.8872,0.9,0.9118,0.9231,0.9349000000000001,0.9469000000000001,0.9555,0.9657,0.9789,0.9894000000000001,0.999,1.0093,1.0202,1.0303,1.0405,1.0496,1.0607,1.0722,1.0839,1.0921,1.104,1.1197000000000001,1.1331,1.1451,1.1573,1.1707,1.1832,1.1957,1.2083000000000002,1.2255,1.2378,1.2488000000000001,1.2630000000000001,1.2755,1.2881,1.3011000000000001,1.3119,1.3247,1.3349,1.3488,1.359,1.3699000000000001,1.3799000000000001,1.3920000000000001,1.4025,1.4118000000000002,1.4237,1.4353,1.4485000000000001,1.4607,1.4746000000000001,1.4832,1.4932,1.5055,1.5151000000000001,1.5281,1.5414,1.5513000000000001,1.566,1.5753000000000001,1.5908,1.6025,1.6119,1.6228,1.6337000000000002,1.6492,1.6587,1.6703000000000001,1.6823000000000001,1.6916,1.7041000000000002,1.7175,1.7292,1.7411,1.7507000000000001,1.7618,1.774,1.7866000000000002,1.8001,1.8121,1.8257,1.8391000000000002,1.8519,1.8653000000000002,1.8777000000000001,1.8958000000000002,1.9066,1.9267,1.9385000000000001,1.9544000000000001,1.9657,1.9815,1.9946000000000002,2.0082,2.0260000000000002,2.0389,2.052,2.0637000000000003,2.0774,2.0869,2.1023,2.1149,2.1269,2.1387,2.1470000000000002,2.1575,2.1682,2.1769000000000003,2.1878,2.1972,2.2083,2.218,2.2297000000000002,2.2409,2.2506,2.2599,2.2729,2.2824,2.2971,2.3059000000000003,2.3172,2.3280000000000003,2.3366000000000002,2.3489,2.3577,2.3727,2.384,2.3952,2.4041,2.4164000000000003,2.4272,2.4393000000000002,2.4543,2.4690000000000003,2.4771,2.4867,2.4971,2.5094000000000003,2.5199000000000003,2.531,2.5431,2.5539,2.5654,2.5786000000000002,2.5907,2.6024000000000003,2.6176,2.6327000000000003,2.6458,2.661,2.6782,2.6969000000000003,2.7082,2.7177000000000002,2.7369000000000003,2.7551,2.77,2.7853000000000003,2.8001,2.8119,2.8251,2.8384,2.8505000000000003,2.8639,2.8770000000000002,2.8885,2.8991000000000002,2.9124000000000003,2.9232,2.9333,2.9468,2.9572000000000003,2.9685,2.9776000000000002,2.9916,3.0034,3.0151000000000003,3.0288,3.039,3.0519000000000003,3.0651,3.0773,3.0908,3.1024000000000003,3.1165000000000003,3.1272,3.1389,3.149,3.1579,3.1676,3.1787,3.189,3.2033,3.2158,3.2289000000000003,3.2401,3.2508000000000004,3.2633,3.2739000000000003,3.2847,3.2948,3.3082000000000003,3.3238000000000003,3.3336,3.3434000000000004,3.3533,3.3717,3.3831,3.3947000000000003,3.4046000000000003,3.4215,3.4372000000000003,3.4488000000000003,3.4654000000000003,3.4816000000000003,3.4987000000000004,3.5168000000000004,3.5306,3.5439000000000003,3.5591000000000004,3.573,3.5904000000000003,3.6103,3.6234,3.6372,3.6514,3.6629,3.6727000000000003,3.6867,3.6981,3.7095000000000002,3.7188000000000003,3.7292,3.7384000000000004,3.7526,3.7667,3.7778,3.7918000000000003,3.8032000000000004,3.8121,3.8246,3.8391,3.8505000000000003,3.8645,3.8739000000000003,3.8875,3.8989000000000003,3.9122000000000003,3.9221000000000004,3.9346,3.9461000000000004,3.9578,3.9718,3.983,3.9935,4.0051000000000005,4.0185,4.0373,4.0486,4.0619000000000005,4.0761,4.0864,4.0989,4.1075,4.1172,4.1285,4.1395,4.1494
52072:0.10990000000000001,0.225,0.42860000000000004,1.0370000000000001,1.0974000000000002,1.1759000000000002,2.5857,2.7142,3.451,3.7279
52365:0.225,3.1475,3.2294
52508:0.0006000000000000001,0.0024000000000000002,0.0057,0.0064,0.0088,0.016800000000000002,0.0183,0.0257,0.0495,0.0536,0.0558,0.0565,0.0664,0.0699,0.0712,0.0876,0.0922,0.09570000000000001,0.09860000000000001,0.1139,0.11710000000000001,0.1211,0.12380000000000001,0.1295,0.1333,0.1539,0.1558,0.1637,0.1688,0.18380000000000002,0.19010000000000002,0.1917,0.2019,0.2058,0.21280000000000002,0.21860000000000002,0.2257,0.227,0.2346,0.2364,0.23820000000000002,0.23850000000000002,0.24100000000000002,0.24430000000000002,0.24550000000000002,0.2484,0.2584,0.26030000000000003,0.2667,0.2701,0.27640000000000003,0.28600000000000003,0.3143,0.3265,0.3361,0.3413,0.34240000000000004,0.34800000000000003,0.3679,0.38280000000000003,0.39440000000000003,0.3946,0.39840000000000003,0.4081,0.4172,0.4217,0.4247,0.43360000000000004,0.44010000000000005,0.44720000000000004,0.4567,0.48550000000000004,0.48800000000000004,0.4932,0.5059,0.5156000000000001,0.5272,0.5473,0.5994,0.9894000000000001,1.0168000000000001,1.0350000000000001,1.0444,1.0472000000000001,1.0542,1.0755000000000001,1.0798,1.0808,1.0932,1.1113,1.1136000000000001,1.1159000000000001,1.1242,1.1356000000000002,1.1376,1.1478000000000002,1.1601000000000001,1.167,1.1689,1.1721000000000001,1.1773,1.1783000000000001,1.185,1.1921000000000002,1.2031,1.2059,1.2096,1.2143000000000002,1.2174,1.2204000000000002,1.221,1.2472,1.2508000000000001,1.2557,1.2649000000000001,1.2692,1.2799,1.2851000000000001,1.3146,1.3227,1.3316000000000001,1.3749,1.3857000000000002,1.389,1.715,1.7446000000000002,1.7464000000000002,1.7486000000000002,1.7593,1.774,1.7974,1.7992000000000001,1.8286,1.8315000000000001,1.8377000000000001,1.8404,1.8419,1.8436000000000001,1.8578000000000001,1.8773000000000002,1.9016000000000002,1.907,1.9145,1.9205,1.9261000000000001,1.9309,1.9314,1.9357000000000002,1.9372,1.9422000000000001,1.9529,1.9632,1.9676,1.9739,1.9834,1.9891,1.9903000000000002,1.9955,2.0303,2.0483000000000002,2.0665,2.0995,2.1003000000000003,2.1096,2.1192,2.5294000000000003,2.5684,2.5723000000000003,2.6135,2.6299,2.6339,2.6420000000000003,2.6503,2.6729000000000003,2.6772,2.6801,2.6808,2.6967000000000003,2.6998,2.7053000000000003,2.7071,2.7081,2.7455000000000003,2.75,2.7529000000000003,2.7625,2.7643,2.7735000000000003,2.7791,2.7800000000000002,2.7937000000000003,2.7984,2.8037,2.8069,2.8179000000000003,2.8225000000000002,2.8227,2.8276000000000003,2.8406000000000002,2.851,2.8544,2.8729,2.8816,2.8821000000000003,2.9689,2.9774000000000003,3.3763,3.4009,3.4022,3.4102,3.4269000000000003,3.4333,3.4347000000000003,3.4506,3.4583000000000004,3.4699,3.4728000000000003,3.4788,3.4807,3.4913000000000003,3.5076,3.5175,3.5225,3.5241000000000002,3.5308,3.5322,3.5456000000000003,3.548,3.5531,3.5569,3.5578000000000003,3.5603000000000002,3.5621,3.5637000000000003,3.5653,3.5811,3.5994,3.6148000000000002,3.6188000000000002,3.6216000000000004,3.6287000000000003,3.6323000000000003,3.6375,3.6508000000000003,3.6523000000000003,3.6830000000000003,3.6843000000000004,3.742,4.0646,4.0713,4.1248000000000005,4.1355
52518:0.028900000000000002,0.0531,0.0634,0.12090000000000001,0.14750000000000002,0.18130000000000002,0.2068,0.2286,0.2487,0.27990000000000004,0.317,0.3496,0.4002,0.43010000000000004,0.4747,0.51,0.5547000000000001,0.6426000000000001,0.7574000000000001,0.8491000000000001,0.929,0.9634,1.0657,1.1177000000000001,1.1321,1.1582000000000001,1.1889,1.2009,1.2228,1.2441,1.2747000000000002,1.4532,1.681,1.8455000000000001,1.8737000000000001,1.8989,1.9284000000000001,1.9609,1.9904000000000002,2.0127,2.0471,2.0902000000000003,2.1139,2.1738,2.2667,2.4322,2.4813,2.6456,2.6824000000000003,2.7081,2.7201,2.7487,2.7772,2.799,2.8401,2.911,3.0523000000000002,3.0964,3.193,3.2754000000000003,3.4246000000000003,3.4633000000000003,3.4907000000000004,3.5134000000000003,3.535,3.5606,3.5894000000000004,3.6528,3.705,3.7772,3.9056,3.946,4.0267,4.1379
52559:0.07880000000000001,0.4539,2.0432
52605:0.029300000000000003,0.07980000000000001,0.1092,0.15940000000000001,0.18780000000000002,0.2675,0.27690000000000003,0.33330000000000004,0.3931,0.44370000000000004,0.5045000000000001,0.6108,0.6414000000000001,0.7471,0.7809,0.8957,1.0439,1.2325000000000002,1.33,1.3780000000000001,1.4161000000000001,1.4344000000000001,1.4801,1.5229000000000001,1.6049,1.6759000000000002,1.7324000000000002,1.7582,1.8210000000000002,1.9001000000000001,1.9273,1.9568,2.0136000000000003,2.0485,2.0911,2.1463,2.1907,2.25,2.3282000000000003,2.388,2.4092000000000002,2.4996,2.5562,2.5679000000000003,2.6308000000000002,2.7078,2.7211000000000003,2.7587,2.7981000000000003,2.8508,2.8689,2.9013,2.9637000000000002,3.0103,3.1308000000000002,3.1821,3.2472000000000003,3.3567,3.4015,3.5301,3.5645000000000002,3.6197000000000004,3.6962,3.8166,3.8617000000000004,3.9898000000000002,4.0734,4.1116,4.133
52663:0.046700000000000005,0.0975,0.13,0.1588,0.17500000000000002,0.2122,0.2642,0.2854,0.32480000000000003,0.36310000000000003,0.4102,0.4423,0.4707,1.1646,1.2051,1.2423,1.83,1.8585,1.8835000000000002,1.9062000000000001,1.9542000000000002,1.9975,2.049,2.0983,2.6335,2.6835,2.7561,2.7801,3.5406,3.5601000000000003,3.5973
52759:0.6445000000000001,0.675,0.7098,0.7508,0.7859,0.8385,0.8986000000000001,0.9861000000000001,1.0434,1.4234,1.484,1.5182,1.5713000000000001,1.6484,1.7177,2.1817,2.2563,2.2898,2.3291,2.3659,2.4048000000000003,2.4773,2.5611,3.0026,3.0448,3.1005000000000003,3.1465,3.1917,3.2303,3.2716000000000003,3.3056,3.3562000000000003,3.7448,3.8602000000000003,3.9087,3.9279,4.0101
53008:0.5549000000000001,0.6105,0.6387,0.6722,0.6939000000000001,0.7197,0.7451,0.7791,0.7977000000000001,0.8267,0.8394,0.8679,0.8993,0.9246000000000001,0.9570000000000001,0.9888,1.0326,1.0919,1.3081,1.3714000000000002,1.3853,1.4118000000000002,1.4426,1.4752,1.5004000000000002,1.5350000000000001,1.5778,1.6062,1.6307,1.6692,1.7072,1.7428000000000001,2.1391,2.1648,2.2079,2.2207,2.2493000000000003,2.2638000000000003,2.2855000000000003,2.3178,2.342,2.3728000000000002,2.3982,2.4276,2.4473000000000003,2.476,2.5033000000000003,2.5506,2.5956,2.9091,2.9539,2.9823,3.0088000000000004,3.0401000000000002,3.0672,3.0817,3.1082,3.1402,3.1533,3.1793,3.2028000000000003,3.2205000000000004,3.2473,3.2684,3.294,3.3271,3.3543000000000003,3.4197,3.6609000000000003,3.6972,3.7347,3.7724,3.8008,3.8144,3.8562000000000003,3.8892,3.9061000000000003,3.9302,3.9595000000000002,3.9916,4.0200000000000005,4.0585,4.0923,4.1421
53180:0.6899000000000001,0.8041,0.8748,1.5196,1.6511,2.2236000000000002,2.2786,2.3636,3.1136000000000004,3.2364,3.8053000000000003,3.9208000000000003,4.0452
53346:0.46530000000000005,0.4858,0.5042,0.5127,0.5192,0.5278,0.5373,0.5443,0.5499,0.5602,0.5685,0.5761000000000001,0.5823,0.5919,0.6,0.6069,0.615,0.6215,0.6268,0.6345000000000001,0.6426000000000001,0.649,0.6557000000000001,0.664,0.6709,0.6774,0.6828000000000001,0.6919000000000001,0.6982,0.7049000000000001,0.7132000000000001,0.7185,0.7264,0.7333000000000001,0.7402000000000001,0.7487,0.7545000000000001,0.7613000000000001,0.7697,0.778,0.7844,0.7915000000000001,0.7982,0.8041,0.8132,0.8205,0.8271000000000001,0.8340000000000001,0.8401000000000001,0.8464,0.8545,0.8615,0.8687,0.8761,0.883,0.8891,0.8973000000000001,0.9023,0.9089,0.9163,0.9244,0.9312,0.9371,0.9438000000000001,0.9513,0.9583,0.9671000000000001,0.9739000000000001,0.9810000000000001,0.9888,0.9995,1.01,1.0179,1.0279,1.0347,1.0425,1.0507,1.0573000000000001,1.0717,1.0835000000000001,1.0923,1.1,1.1540000000000001,1.1751,1.1909,1.2216,1.2306000000000001,1.2630000000000001,1.2718,1.2867,1.2964,1.3069000000000002,1.3142,1.3206,1.3296000000000001,1.3375000000000001,1.3466,1.3525,1.3611,1.368,1.3759000000000001,1.3834,1.3919000000000001,1.3996000000000002,1.4067,1.4117000000000002,1.4185,1.4247,1.4326,1.4402000000000001,1.4494,1.4592,1.4657,1.4723000000000002,1.4815,1.4894,1.4963,1.5047000000000001,1.5117,1.5182,1.5246000000000002,1.532,1.5401,1.5497,1.5573000000000001,1.5634000000000001,1.5697,1.5755000000000001,1.5836000000000001,1.5929,1.5989,1.6071,1.6139000000000001,1.6193000000000002,1.6275000000000002,1.6337000000000002,1.6411,1.6500000000000001,1.6584,1.6657000000000002,1.6717000000000002,1.6793,1.6880000000000002,1.6961000000000002,1.7038,1.7142000000000002,1.7204000000000002,1.729,1.7371,1.7429000000000001,1.7507000000000001,1.7588000000000001,1.7659,1.7768000000000002,1.7912000000000001,1.8023,1.8278,1.8521,2.0093,2.0301,2.055,2.0632,2.0787,2.0884,2.0987,2.1073,2.1171,2.1282,2.1357,2.1436,2.1544000000000003,2.1614,2.1670000000000003,2.1748000000000003,2.1808,2.1870000000000003,2.1955,2.2017,2.2091000000000003,2.2168,2.2228,2.2332,2.2406,2.2487,2.2551,2.2616,2.2692,2.2777000000000003,2.2840000000000003,2.2897000000000003,2.2986,2.3045,2.3134,2.3219000000000003,2.3291,2.3404000000000003,2.3484000000000003,2.3557,2.3640000000000003,2.3701000000000003,2.3752,2.3822,2.3875,2.3931,2.4001,2.4091,2.4163,2.4212000000000002,2.4274,2.4341,2.443,2.4527,2.4617,2.4681,2.4763,2.4813,2.4885,2.4952,2.5033000000000003,2.511,2.5192,2.5284,2.5359000000000003,2.5422000000000002,2.5486,2.5551,2.5653,2.5752,2.5872,2.596,2.6051,2.6149,2.6343,2.645,2.8114000000000003,2.8368,2.8493,2.8587000000000002,2.8818,2.8960000000000004,2.9056,2.9117,2.9181000000000004,2.9287,2.9405,2.948,2.956,2.9632,2.9703,2.9781,2.9853,2.9914,2.9999000000000002,3.0076,3.0144,3.0209,3.0300000000000002,3.0367,3.0438,3.0514,3.0582000000000003,3.0671,3.0737,3.0794,3.0852,3.0982000000000003,3.1048,3.1116,3.1194,3.1288,3.1341,3.1425,3.1493,3.1558,3.1633,3.1701,3.1808,3.1873,3.1923000000000004,3.2001,3.2062,3.2126,3.2190000000000003,3.2272000000000003,3.2363,3.2428000000000003,3.2499000000000002,3.2575000000000003,3.2648,3.2716000000000003,3.2775000000000003,3.2859000000000003,3.2913,3.2974,3.3030000000000004,3.3092,3.3192000000000004,3.3268,3.3328,3.3427000000000002,3.3499000000000003,3.3581000000000003,3.3726000000000003,3.3808000000000002,3.3897000000000004,3.3975,3.4089,3.4203,3.4345000000000003,3.4517,3.4692000000000003,3.4929,3.5366,3.5814000000000004,3.6115000000000004,3.6254,3.6416000000000004,3.6567000000000003,3.6644,3.6775,3.6901,3.6965000000000003,3.7046,3.7158,3.7258,3.734,3.741,3.7502,3.7559,3.7625,3.7682,3.7746000000000004,3.7806,3.7895000000000003,3.7973000000000003,3.8067,3.8127,3.8209,3.8277,3.8352000000000004,3.8426,3.8528000000000002,3.8588,3.8680000000000003,3.8766000000000003,3.8834000000000004,3.8895000000000004,3.8958000000000004,3.9028,3.9109000000000003,3.9173,3.9272,3.9337,3.9414000000000002,3.9498,3.9571,3.9634,3.9702,3.978,3.9845,3.9915000000000003,3.9985000000000004,4.0044,4.0111,4.0168,4.0241,4.0315,4.0407,4.0487,4.0579,4.067200000000001,4.075200000000001,4.0815,4.0918,4.0993,4.11,4.1178,4.13,4.1371,4.144
53385:0.06910000000000001,0.1439,0.19920000000000002,0.2948,0.33330000000000004,0.3694,0.44260000000000005,0.4682,0.5123,0.5502,0.5793,0.6115,0.6556000000000001,0.6739,0.6956,0.7127,0.7429,0.7733,0.7989,0.8308000000000001,0.8716,0.8882,0.9162,0.9698,0.9792000000000001,1.0355,1.1024,1.2016,1.2974,1.3210000000000002,1.3588,1.4095,1.4336,1.455,1.4761,1.4955,1.5043,1.5472000000000001,1.5557,1.5679,1.6196000000000002,1.6623,1.6971,1.7442,1.9397000000000002,1.9876,2.0305,2.0955,2.1197,2.1894,2.2095000000000002,2.2323,2.2728,2.2801,2.2959,2.3085,2.358,2.3975,2.4149000000000003,2.4463,2.4551000000000003,2.4748,2.5429,2.5622000000000003,2.6,2.6550000000000002,2.7194000000000003,2.7824,2.8112,2.8653,2.915,2.9330000000000003,2.968,2.9864,2.996,3.019,3.0529,3.0943,3.1179,3.1362,3.1439000000000004,3.1721000000000004,3.2127000000000003,3.2403,3.2527000000000004,3.2733000000000003,3.3007,3.3095000000000003,3.3317,3.3415000000000004,3.3757,3.5671000000000004,3.6693000000000002,3.7114000000000003,3.7227,3.7832000000000003,3.7988000000000004,3.8258,3.8583000000000003,3.8687,3.8840000000000003,3.9416,3.9696000000000002,3.9905000000000004,4.0233,4.0453,4.0982,4.1135
53445:0.6424000000000001,0.7150000000000001,0.808,0.9307000000000001,1.4165,1.6152,1.7132,2.2338,2.3776,2.9621,3.0564,3.8058,3.9021000000000003,3.9961,4.0747
53457:0.077,0.7562,0.918,1.4546000000000001,1.5399,1.6769,2.2344,2.2983000000000002,2.4522,2.8280000000000003,3.0621,3.1500000000000004,3.2334,3.3264,3.7075,3.8742,3.9712,4.0296
53490:0.0267,0.0825,0.22410000000000002,0.24380000000000002,0.27090000000000003,0.3438,1.1922000000000001,1.2266000000000001,1.2424,2.0144,2.7442,2.7745,2.8386,3.5083,3.5745
53582:0.6355000000000001,0.7089000000000001,0.7507,0.8064,0.8646,0.8925000000000001,0.9538000000000001,0.9991000000000001,1.1293,1.3837000000000002,1.4425000000000001,1.5422,1.5998,1.6405,1.7105000000000001,2.1651000000000002,2.2194000000000003,2.3396,2.4167,2.4784,2.552,2.5989,2.9596,2.9829000000000003,3.0392,3.0771,3.1104000000000003,3.1931000000000003,3.2236000000000002,3.4157,3.7712000000000003,3.7765,3.8059000000000003,3.8609,3.9317,4.0214,4.0638000000000005
53700:0.8511000000000001,2.2183,2.4314,3.1409000000000002,3.2821000000000002
54071:0.0635,0.44270000000000004,1.8947,2.0218000000000003,2.7171000000000003
54428:0.6369,0.6593,0.6713,0.6922,0.7011000000000001,0.7102,0.7342000000000001,0.7435,0.7624000000000001,0.7723,0.7822,0.8017000000000001,0.8081,0.8272,0.8326,0.8383,0.8504,0.8599,0.8959,0.901,0.9097000000000001,0.9195000000000001,0.9572,0.9809,0.9897,1.0223,1.0334,1.1169,1.3115,1.4128,1.4192,1.4271,1.4345,1.4668,1.4916,1.4998,1.5064,1.5153,1.5266000000000002,1.5576,1.6076000000000001,1.6344,1.6406,1.6702000000000001,2.0969,2.1172,2.2115,2.218,2.2403,2.2520000000000002,2.2579000000000002,2.2787,2.2866,2.2933,2.3044000000000002,2.3143000000000002,2.3228,2.3493,2.3609,2.3720000000000003,2.3805,2.3909000000000002,2.3992,2.4114,2.4303,2.4388,2.448,2.4719,2.4765,2.5940000000000003,2.9124000000000003,2.9979,3.0084,3.0306,3.0427,3.0863,3.0962,3.1066000000000003,3.1236,3.1349,3.1413,3.1578,3.1832000000000003,3.205,3.2182,3.2278000000000002,3.2376,3.2476000000000003,3.2604,3.2716000000000003,3.2824,3.294,3.3022,3.3326000000000002,3.3415000000000004,3.3501000000000003,3.3598000000000003,3.3808000000000002,3.6713,3.6958,3.8123,3.8215000000000003,3.8558000000000003,3.8816,3.9047,3.9128000000000003,3.9218,3.9302,3.9584,3.992,4.0196000000000005,4.030600000000001
54514:0.009000000000000001,0.0159,0.022500000000000003,0.0291,0.0363,0.0419,0.0475,0.0539,0.0597,0.0669,0.0742,0.08270000000000001,0.08900000000000001,0.0954,0.1018,0.1086,0.11330000000000001,0.11860000000000001,0.1265,0.1332,0.13970000000000002,0.14700000000000002,0.1558,0.162,0.169,0.1746,0.18100000000000002,0.18730000000000002,0.1933,0.19920000000000002,0.2061,0.21150000000000002,0.2177,0.2237,0.229,0.23520000000000002,0.2403,0.2466,0.2524,0.2595,0.2654,0.2711,0.2772,0.28350000000000003,0.2899,0.2995,0.3042,0.3103,0.3161,0.3247,0.3294,0.3352,0.34190000000000004,0.3501,0.35450000000000004,0.3623,0.368,0.37520000000000003,0.3826,0.3874,0.39390000000000003,0.3996,0.405,0.41490000000000005,0.4224,0.4283,0.436,0.4418,0.45170000000000005,0.4582,0.46580000000000005,0.47350000000000003,0.4788,0.4848,0.4913,0.49870000000000003,0.5064000000000001,0.5126000000000001,0.5226000000000001,0.5281,0.5392,0.5503,0.5633,0.5936,0.6061000000000001,1.0041,1.0155,1.0231000000000001,1.0319,1.0435,1.0506,1.0578,1.0689,1.0736,1.0839,1.0945,1.1046,1.1092,1.1175000000000002,1.1234,1.1309,1.1355,1.141,1.1466,1.1532,1.1624,1.1672,1.1747,1.1811,1.1885000000000001,1.1934,1.2003000000000001,1.2069,1.217,1.223,1.2295,1.2387000000000001,1.2485000000000002,1.2546000000000002,1.2628000000000001,1.2708000000000002,1.2771000000000001,1.2865,1.2966,1.3032000000000001,1.3132000000000001,1.3236,1.3382,1.3462,1.3555000000000001,1.3785,1.3983,1.7146000000000001,1.7202000000000002,1.7299,1.7438,1.7549000000000001,1.7624000000000002,1.7728000000000002,1.7802,1.7903,1.7976,1.8053000000000001,1.8147,1.8235000000000001,1.8314000000000001,1.8383,1.8469,1.8535000000000001,1.8598000000000001,1.8677000000000001,1.8771,1.8829,1.8906,1.8961000000000001,1.9021000000000001,1.9078000000000002,1.9142000000000001,1.9221000000000001,1.9269,1.9346,1.9419000000000002,1.9482000000000002,1.9537,1.9602000000000002,1.9654,1.9718,1.9784000000000002,1.9844000000000002,1.9905000000000002,1.9983000000000002,2.0035000000000003,2.0106,2.0185,2.0257,2.0325,2.0417,2.0460000000000003,2.0541,2.0621,2.0704000000000002,2.0767,2.0858000000000003,2.0953,2.104,2.1159,2.1291,2.1421,2.1539,2.1753,2.5216000000000003,2.5345,2.5545,2.5621,2.5729,2.5823,2.5915,2.5999000000000003,2.6122,2.62,2.6268000000000002,2.6339,2.6425,2.6475,2.6577,2.6649000000000003,2.6706000000000003,2.6778,2.685,2.6926,2.6981,2.7033,2.7095000000000002,2.7147,2.7204,2.7259,2.7324,2.7384,2.7445,2.7502,2.7563,2.7627,2.7683,2.7749,2.781,2.7864,2.7938,2.7991,2.8054,2.8132,2.8192,2.8254,2.8314,2.838,2.8452,2.8603,2.8716,2.8808000000000002,2.8875,2.8957,2.9034,2.914,2.927,2.9398,2.9534000000000002,3.3556000000000004,3.3625000000000003,3.3736,3.3831,3.4015,3.4094,3.4158,3.4233000000000002,3.4338,3.4397,3.448,3.4584,3.4682,3.4746,3.4814000000000003,3.4876,3.4949000000000003,3.507,3.5165,3.5238,3.5305,3.5380000000000003,3.5450000000000004,3.5527,3.5577,3.5644,3.5715000000000003,3.5785,3.5844,3.5913000000000004,3.5966,3.6032,3.6129000000000002,3.6221,3.629,3.6358,3.6430000000000002,3.6503,3.6595,3.6701,3.6758,3.685,3.6952000000000003,3.7031,3.7228000000000003,3.7391,3.7517,4.0696,4.0872,4.109,4.1193,4.1287,4.1368,4.1427000000000005
54660:1.7129,2.3147,2.3298,3.1500000000000004,3.2612,3.865,4.0726
54702:0.5264,0.5505,0.5713,0.5899,0.6101,0.6197,0.6413,0.6615,0.683,0.7064,0.7192000000000001,0.7408,0.7545000000000001,0.7727,0.7885000000000001,0.803,0.8239000000000001,0.8419000000000001,0.8606,0.8755000000000001,0.8977,0.9132,0.9272,0.9427000000000001,0.9671000000000001,0.9921000000000001,1.0393000000000001,1.0588,1.0861,1.0992,1.3094000000000001,1.3378,1.3523,1.3711,1.3992,1.4129,1.4300000000000002,1.4458,1.4709,1.4886000000000001,1.5152,1.5402,1.5683,1.5868,1.6048,1.6262,1.6434,1.6617000000000002,1.6927,1.7182000000000002,1.7530000000000001,1.8050000000000002,2.0916,2.1167000000000002,2.1695,2.1874000000000002,2.2052,2.2243,2.2427,2.259,2.2778,2.3009,2.3234,2.3398000000000003,2.3625000000000003,2.3782,2.3927,2.4063000000000003,2.4202,2.4454000000000002,2.4654000000000003,2.4930000000000003,2.5348,2.5481000000000003,2.6015,2.9139,2.9488000000000003,2.9696000000000002,2.9926,3.0078,3.0367,3.0548,3.0713000000000004,3.0820000000000003,3.1017,3.1207000000000003,3.1359000000000004,3.1550000000000002,3.1663,3.182,3.1927000000000003,3.2044,3.2374,3.2617000000000003,3.2737000000000003,3.2866,3.3002000000000002,3.3083,3.3280000000000003,3.3625000000000003,3.3801,3.4087,3.7002,3.7252,3.7508000000000004,3.7729000000000004,3.7826,3.8002000000000002,3.8156000000000003,3.8316000000000003,3.8561,3.8831,3.8965,3.9117,3.9314,3.9626,3.9834,3.9981,4.0192000000000005,4.0422,4.0846,4.1157,4.1359
55198:0.0849,0.1628,0.1825,0.2136,0.24780000000000002,0.3416,0.3733,0.45030000000000003,1.1374,1.2353,1.8872,1.9476,2.0075000000000003,2.6790000000000003,2.7504,3.5474,3.5978000000000003
55262:0.0307,0.0585,0.15080000000000002,0.1831,0.2079,0.2323,0.2536,0.2833,0.3179,0.3507,0.3971,0.4333,0.4777,0.511,0.5532,0.6983,0.9637,1.1573,1.1954,1.2238,1.2505000000000002,1.3011000000000001,1.347,1.5681,1.639,1.8449,1.8729,1.901,1.9271,1.9627000000000001,1.984,2.0123,2.0487,2.1098,2.1984,2.2848,2.6493,2.673,2.7008,2.7229,2.7495000000000003,2.7843,2.8193,2.9921,3.3258,3.426,3.4666,3.5092000000000003,3.5346,3.5635000000000003,3.5948,3.6521000000000003,3.706,3.7923,3.9118000000000004,3.9967
55342:1.9042000000000001,2.0163,2.7792000000000003
55498:0.15430000000000002,0.41290000000000004,0.9831000000000001
55556:2.3072
55615:0.057600000000000005,0.1583,0.2741,0.3996,1.9704000000000002,2.6965000000000003,2.7531000000000003,3.5349000000000004
55626:0.24700000000000003,0.2783,1.226
55663:0.029400000000000003,0.054,0.0945,0.1287,0.1615,0.18560000000000001,0.2192,0.24250000000000002,0.27080000000000004,0.3094,0.34040000000000004,0.3749,0.40340000000000004,0.4408,0.4738,0.5078,0.5283,0.5579000000000001,0.5855,0.6379,0.9761000000000001,1.0190000000000001,1.0510000000000002,1.0754000000000001,1.1035000000000001,1.1397000000000002,1.1749,1.2023000000000001,1.2304000000000002,1.2615,1.2799,1.3003,1.3317,1.3534000000000002,1.389,1.7081000000000002,1.7421,1.7678,1.796,1.8191000000000002,1.8496000000000001,1.8771,1.9093,1.9393,1.9703000000000002,2.0112,2.0380000000000003,2.0666,2.0966,2.1306000000000003,2.1595,2.4034,2.5217,2.5483000000000002,2.5734,2.5936,2.6208,2.646,2.6693000000000002,2.7077,2.741,2.7685,2.8078000000000003,2.8279,2.8563,2.8888000000000003,2.9105000000000003,2.9329,2.9890000000000003,3.3071,3.362,3.3855,3.4125,3.4406000000000003,3.4621,3.4942,3.5407,3.5816000000000003,3.6177,3.6471,3.6803000000000003,3.7066000000000003,3.7481,4.074,4.1054,4.1341
55678:0.027200000000000002,0.0651,0.0823,0.09730000000000001,0.1182,0.19440000000000002,0.269,0.3156,0.34140000000000004,0.37820000000000004,0.3996,0.4556,0.6103000000000001,0.6377,0.6738000000000001,0.6945,0.7469,0.7766000000000001,0.8153,0.8460000000000001,0.8904000000000001,0.9281,0.9514,0.9651000000000001,1.2704,1.3132000000000001,1.3759000000000001,1.4181000000000001,1.435,1.4526000000000001,1.4759,1.488,1.5195,1.5397,1.5611000000000002,1.6009,1.6101,1.6297000000000001,1.6760000000000002,1.727,1.7533,1.874,1.9421000000000002,1.9596,2.0145,2.04,2.1512000000000002,2.1798,2.1973000000000003,2.2362,2.2562,2.2864,2.3268,2.3563,2.396,2.4097,2.4457,2.4927,2.5109,2.5246,2.5595000000000003,2.701,2.734,2.7674000000000003,2.8291,2.8543000000000003,2.9685,3.0072,3.0334000000000003,3.0668,3.0846,3.1375,3.1505,3.2005000000000003,3.2292,3.2474000000000003,3.2961,3.3118000000000003,3.3309,3.415,3.5577,3.6264000000000003,3.6513,3.7747,3.7897000000000003,3.8315,3.8602000000000003,3.9032,3.9622,3.9777,3.9927,4.0112000000000005,4.0475,4.0715,4.0999,4.1094,4.1359
55972:0.5211,0.5449,0.5604,0.5788,0.5910000000000001,0.609,0.6226,0.6358,0.65,0.6634,0.6799000000000001,0.6909000000000001,0.7013,0.7127,0.7284,0.7449,0.7597,0.7734000000000001,0.7887000000000001,0.8008000000000001,0.8180000000000001,0.8310000000000001,0.8448,0.8597,0.8713000000000001,0.8867,0.8981,0.9103,0.9259000000000001,0.9402,0.9535,0.9693,0.9824,0.9977,1.0159,1.0325,1.0468,1.0712000000000002,1.0901,1.1084,1.3139,1.3356000000000001,1.3559,1.3727,1.3871,1.4038000000000002,1.4172,1.4296,1.4462000000000002,1.4598,1.4781,1.49,1.5058,1.5187000000000002,1.5363,1.5499,1.5664,1.5798,1.5931000000000002,1.6084,1.6206,1.6339000000000001,1.6511,1.665,1.6756,1.6917,1.7042000000000002,1.7203000000000002,1.7407000000000001,1.7577,1.7816,1.8211000000000002,2.0834,2.1133,2.1356,2.15,2.1657,2.1799,2.1939,2.2088,2.221,2.2338,2.2493000000000003,2.2595,2.2711,2.2846,2.2976,2.314,2.3269,2.3432,2.3566000000000003,2.3705000000000003,2.3843,2.3991000000000002,2.4127,2.4244000000000003,2.436,2.4532000000000003,2.47,2.4834,2.4996,2.5181,2.5394,2.5526,2.5737,2.5886,2.6187,2.8879,2.9088000000000003,2.9234,2.9407,2.9552,2.9684,2.9862,2.9984,3.0143,3.0281000000000002,3.0387,3.0524,3.0654000000000003,3.0755000000000003,3.0893,3.1031,3.1183,3.1312,3.1442,3.1587,3.1717,3.1868000000000003,3.1995,3.2165000000000004,3.2334,3.2477,3.2618,3.2791,3.2922000000000002,3.3034000000000003,3.3163,3.3326000000000002,3.3508,3.3732,3.3898,3.4059000000000004,3.4468,3.6621,3.6896,3.7077,3.7232000000000003,3.7398000000000002,3.7559,3.7711,3.7838000000000003,3.7961,3.8099000000000003,3.8233,3.8394000000000004,3.8551,3.8759,3.8887,3.9010000000000002,3.9130000000000003,3.9272,3.9416,3.9567,3.9689,3.983,3.9949000000000003,4.0120000000000005,4.033,4.0472,4.0604000000000005,4.0739,4.0871,4.109,4.1265,4.1472
56088:0.11470000000000001,0.4549,2.7265,3.5524
56320:0.026600000000000002,0.079,0.11950000000000001,0.1457,0.1638,0.193,0.2147,0.2341,0.25620000000000004,0.2869,0.3108,0.33030000000000004,0.3498,0.3609,0.37610000000000005,0.4181,0.44530000000000003,1.1680000000000001,1.2026000000000001,1.2364000000000002,1.8793000000000002,1.9000000000000001,1.9501000000000002,1.9877,2.0073000000000003,2.052,2.6594,2.6795,2.7027,2.7515,2.7775000000000003,2.7873,2.8113,2.8538,3.5057,3.5205,3.5631000000000004,3.5781
56772:0.6065,0.6571,0.6994,0.7695000000000001,0.8081,0.8744000000000001,0.9236000000000001,1.4343000000000001,1.5197,1.6309,1.6985000000000001,2.2432000000000003,2.2873,2.3582,2.4239,2.4749000000000003,2.9881,3.0585,3.1420000000000003,3.1821,3.2381,3.3001,3.7837,3.8585000000000003,3.9216,3.9909000000000003,4.0523
56868:1.9177000000000002,2.0337,2.8437
57024:1.2368000000000001
57246:0.024800000000000003,1.1332,2.7854
57344:1.915
57351:0.2283,2.0220000000000002,2.7997
57675:2.7888
57682:0.0058000000000000005,0.0122,0.0194,0.0251,0.0302,0.0352,0.041100000000000005,0.0463,0.0521,0.058100000000000006,0.0641,0.0709,0.0782,0.08360000000000001,0.0889,0.0944,0.1004,0.1067,0.11230000000000001,0.1182,0.124,0.1301,0.1389,0.1449,0.1527,0.1587,0.16570000000000001,0.17120000000000002,0.17700000000000002,0.1837,0.1897,0.1956,0.202,0.20750000000000002,0.2137,0.21860000000000002,0.22390000000000002,0.2315,0.23700000000000002,0.2431,0.2484,0.2539,0.2591,0.26480000000000004,0.2701,0.2771,0.2833,0.2894,0.2953,0.3025,0.3084,0.31470000000000004,0.3236,0.3294,0.3351,0.3403,0.3456,0.3513,0.3584,0.3645,0.3715,0.3768,0.3819,0.38720000000000004,0.3965,0.4036,0.4106,0.4161,0.4214,0.42700000000000005,0.4323,0.43920000000000003,0.4489,0.45630000000000004,0.46290000000000003,0.4691,0.4757,0.48190000000000005,0.4918,0.4978,0.5053,0.5125000000000001,0.5195000000000001,0.5262,0.5361,0.5514,0.5622,0.5812,0.5914,0.6026,0.9651000000000001,0.9962000000000001,1.0047000000000001,1.0144,1.0243,1.0319,1.0413000000000001,1.0481,1.056,1.0643,1.0713000000000001,1.0791,1.0859,1.0931,1.1005,1.1072,1.1144,1.1207,1.1292,1.1351,1.1409,1.1463,1.1523,1.1595,1.1658,1.1715,1.1780000000000002,1.1842000000000001,1.1935,1.1997,1.2062000000000002,1.2142000000000002,1.2221,1.228,1.2355,1.2406000000000001,1.2499,1.2558,1.2629000000000001,1.2688000000000001,1.2770000000000001,1.2843,1.2918,1.2989000000000002,1.3064,1.3148,1.3239,1.3329,1.3458,1.3559,1.3719000000000001,1.3831,1.3961000000000001,1.7039000000000002,1.7108,1.7191,1.7272,1.7395,1.7496,1.7603,1.7703,1.7779,1.7856,1.7919,1.7992000000000001,1.8062,1.8128000000000002,1.8202,1.8308,1.8367,1.8463,1.8539,1.8587,1.8646,1.8706,1.8794000000000002,1.8858000000000001,1.8920000000000001,1.8988,1.9067,1.9129,1.9191,1.931,1.9373,1.9424000000000001,1.9482000000000002,1.9536,1.9592,1.9651,1.9716,1.9774,1.9834,1.9893,1.9956,2.0021,2.0099,2.0167,2.0236,2.0311,2.0391,2.0478,2.0534,2.0613,2.068,2.0761000000000003,2.0842,2.0924,2.0996,2.1109,2.1192,2.1278,2.1392,2.1504000000000003,2.1723,2.1926,2.5079000000000002,2.5180000000000002,2.5317000000000003,2.5456000000000003,2.5541,2.5606,2.5688,2.5765000000000002,2.5829,2.5900000000000003,2.5997000000000003,2.6072,2.6138000000000003,2.6197,2.6267,2.6329000000000002,2.6380000000000003,2.6448,2.6522,2.6574,2.664,2.6694,2.6756,2.6823,2.6881,2.6927000000000003,2.6985,2.7038,2.709,2.7148000000000003,2.72,2.7257000000000002,2.7332,2.7385,2.7441,2.7504,2.7562,2.7619000000000002,2.7673,2.7739000000000003,2.7821000000000002,2.7880000000000003,2.7959,2.8036000000000003,2.8098,2.8179000000000003,2.8246,2.8303000000000003,2.8361,2.8424,2.8505000000000003,2.8563,2.8622,2.8734,2.8812,2.8882000000000003,2.895,2.9018,2.9131,2.9235,2.9338,2.9433000000000002,2.9528000000000003,3.3205,3.3404000000000003,3.3505000000000003,3.361,3.3704,3.3798000000000004,3.3916,3.4001,3.406,3.4144,3.4246000000000003,3.4319,3.4397,3.4461000000000004,3.4524000000000004,3.4596,3.4664,3.4726000000000004,3.4796,3.4859,3.4922,3.4983,3.5084,3.5152,3.5217,3.5274,3.5372000000000003,3.5437000000000003,3.5501,3.5562,3.5635000000000003,3.5697,3.5753000000000004,3.5813,3.5899,3.5961000000000003,3.6026000000000002,3.6099,3.6203000000000003,3.6275000000000004,3.6338000000000004,3.6412,3.6516,3.6590000000000003,3.6675,3.6746000000000003,3.688,3.6949,3.7148000000000003,3.7232000000000003,3.7356000000000003,3.7478000000000002,4.0608,4.0711,4.0857,4.1024,4.1097,4.1157,4.1237,4.1356,4.144
57798:0.0821,3.5656000000000003
57822:0.0364,0.059500000000000004,0.11120000000000001,0.12390000000000001,0.1545,0.1757,0.19990000000000002,0.22690000000000002,0.2364,0.24810000000000001,0.26830000000000004,0.2916,0.31370000000000003,0.3247,0.3523,0.37720000000000004,0.393,0.40080000000000005,0.4242,0.44070000000000004,0.4792,1.2012,1.2393,1.2687000000000002,1.8455000000000001,1.8538000000000001,1.8796000000000002,1.9199000000000002,1.9274,1.9541000000000002,1.992,2.0163,2.0464,2.0797,2.6722,2.6945,2.7061,2.7339,2.7549,2.7685,2.7843,2.8102,2.8298,2.8371,2.847,2.8972,3.5353000000000003,3.5507,3.5605,3.5805000000000002,3.5985,3.6259,3.6464000000000003,3.6596
58129:0.024200000000000003,0.0499,0.061200000000000004,0.0779,0.109,0.1277,0.1479,0.18150000000000002,0.2059,0.22940000000000002,0.24760000000000001,0.2746,0.2928,0.316,0.33490000000000003,0.36050000000000004,0.3921,0.4005,0.4307,0.4461,0.4817,0.5101,0.5594,0.6406000000000001,0.729,0.7976000000000001,0.9609000000000001,1.0598,1.1237000000000001,1.1441000000000001,1.173,1.1952,1.2287000000000001,1.2448000000000001,1.2737,1.3377000000000001,1.4494,1.5321,1.6711,1.776,1.8149000000000002,1.8468,1.8787,1.8991,1.9265,1.955,1.9896,2.0128,2.0298000000000003,2.0475000000000003,2.1031,2.2266,2.291,2.4032,2.5651,2.6036,2.6456,2.6744000000000003,2.6931000000000003,2.7147,2.7348000000000003,2.7565,2.7764,2.7979000000000003,2.8166,2.8409,2.8696,3.1551,3.2333000000000003,3.3257000000000003,3.4237,3.4594,3.4867000000000004,3.5141,3.5378000000000003,3.5610000000000004,3.5757000000000003,3.5957000000000003,3.6265,3.6545,3.6982000000000004,3.7832000000000003,3.8784,3.9718,4.0244,4.1244000000000005,4.1397
58249:0.0199,0.046400000000000004,0.0789,0.0978,0.11510000000000001,0.1436,0.1595,0.17320000000000002,0.19160000000000002,0.2109,0.2228,0.2469,0.2585,0.27490000000000003,0.3045,0.3406,0.35860000000000003,0.3718,0.3889,0.40690000000000004,0.4234,0.45070000000000005,0.5481,1.1212,1.1366,1.1616,1.1823000000000001,1.2141,1.235,1.2471,1.2719,1.8254000000000001,1.8612000000000002,1.8973,1.9134,1.9277000000000002,1.9462000000000002,1.973,1.9965000000000002,2.0182,2.0467,2.0847,2.6026000000000002,2.6378,2.6648,2.6826000000000003,2.7029,2.7321,2.7517,2.7984,2.8113,2.8244000000000002,2.8693,3.4194,3.4616000000000002,3.4823,3.5256000000000003,3.5586,3.5774000000000004,3.5913000000000004,3.625
58273:0.0187,0.0499,0.060700000000000004,0.099,0.1155,0.1418,0.1764,0.2053,0.23670000000000002,0.2556,0.26890000000000003,0.3105,0.3274,0.3704,0.3957,0.4243,0.44470000000000004,0.4859,1.1512,1.1766,1.2024000000000001,1.2174,1.2276,1.2623,1.3016,1.8667,1.8968,1.9255,1.9563000000000001,1.9842000000000002,2.0085,2.0354,2.091,2.6830000000000003,2.6944000000000004,2.7154000000000003,2.7484,2.7649,2.7886,2.8207,2.8436000000000003,2.8633,3.4821,3.4975,3.5367,3.5587,3.6038,3.6466000000000003
58435:0.4174,0.4555,0.4606,0.47540000000000004,0.5029,0.5214,0.5283,0.5334,0.5403,0.5445,0.5448000000000001,0.5618000000000001,0.5675,0.5857,0.6013000000000001,0.6047,0.608,0.6177,0.6188,0.6202000000000001,0.6241,0.6254000000000001,0.6508,0.6551,0.6558,0.6695,0.6716000000000001,0.6975,0.7093,0.7109000000000001,0.7113,0.7228,0.7318,0.7408,0.743,0.7455,0.7493000000000001,0.7513000000000001,0.7586,0.7664000000000001,0.7688,0.7768,0.7778,0.7846000000000001,0.7867000000000001,0.7893,0.7912,0.7929,0.8159000000000001,0.8181,0.8305,0.8380000000000001,0.8401000000000001,0.8431000000000001,0.8500000000000001,0.8529,0.8536,0.8550000000000001,0.8684000000000001,0.8723000000000001,0.8813000000000001,0.8847,0.8861,0.9054000000000001,0.9056000000000001,0.9079,0.9254,0.9266000000000001,0.9357000000000001,0.9388000000000001,0.9530000000000001,0.9565,0.9670000000000001,0.9725,0.9880000000000001,0.996,0.9999,1.0029000000000001,1.099,1.1236000000000002,1.1249,1.1472,1.2663,1.2795,1.2933000000000001,1.3226,1.3239,1.3355000000000001,1.3476000000000001,1.3488,1.364,1.3764,1.3935,1.3963,1.4006,1.4080000000000001,1.4109,1.4143000000000001,1.4180000000000001,1.4188,1.4212,1.4224,1.4357,1.4393,1.4583000000000002,1.4665000000000001,1.4676,1.471,1.4745000000000001,1.4819,1.5057,1.512,1.5149000000000001,1.5308000000000002,1.5415,1.5423,1.5599,1.562,1.5642,1.5653000000000001,1.5708,1.5713000000000001,1.5751000000000002,1.5953000000000002,1.5969,1.6044,1.6071,1.6195000000000002,1.6295000000000002,1.6323,1.6333,1.6482,1.651,1.6521000000000001,1.6580000000000001,1.6814,1.6902000000000001,1.7096,1.7119,1.7313,1.7356,1.738,1.7441,1.7569000000000001,1.7983,1.8141,2.0312,2.083,2.101,2.1134,2.1162,2.1312,2.1326,2.1562,2.1621,2.1649000000000003,2.172,2.1803,2.1873,2.1921,2.1977,2.2044,2.2179,2.2329000000000003,2.2345,2.2409,2.2419000000000002,2.2479,2.2503,2.2574,2.2611,2.2784,2.2817000000000003,2.2828,2.2897000000000003,2.2965,2.309,2.3171,2.3191,2.3437,2.3441,2.3471,2.3484000000000003,2.3577,2.3588,2.3648000000000002,2.371,2.384,2.3856,2.4004000000000003,2.402,2.4036,2.4064,2.4147000000000003,2.4158,2.4207,2.4250000000000003,2.4355,2.4454000000000002,2.4542,2.4728000000000003,2.4810000000000003,2.4834,2.4856000000000003,2.4979,2.5038,2.5118,2.5180000000000002,2.5209,2.5246,2.527,2.5333,2.5342000000000002,2.5388,2.5408,2.5481000000000003,2.5502000000000002,2.5540000000000003,2.5624000000000002,2.5719000000000003,2.5728,2.6343,2.6493,2.827,2.8378,2.8388,2.8589,2.8619000000000003,2.8638000000000003,2.8654,2.869,2.8763,2.8862,2.9024,2.9117,2.9139,2.9478,2.9517,2.9663,2.9692000000000003,2.9788,2.9961,3.0034,3.004,3.0381,3.0461,3.0526,3.0656000000000003,3.0779,3.0826000000000002,3.0832,3.0864000000000003,3.0979,3.0992,3.1,3.1100000000000003,3.1206,3.1308000000000002,3.1329000000000002,3.1336,3.1367000000000003,3.1402,3.1426000000000003,3.156,3.1614,3.1635,3.1643000000000003,3.1655,3.1804,3.1814,3.1868000000000003,3.1934,3.1976,3.1995,3.2044,3.2263,3.2322,3.234,3.2346000000000004,3.2441,3.2679,3.2712000000000003,3.2729000000000004,3.2749,3.2784,3.2800000000000002,3.2907,3.3173000000000004,3.3246,3.3342,3.3397,3.3741000000000003,3.3874,3.3945000000000003,3.4015,3.4335,3.4365,3.4385000000000003,3.4719,3.4975,3.5304,3.6232,3.6389,3.6420000000000003,3.6444,3.6506000000000003,3.6872000000000003,3.6940000000000004,3.7066000000000003,3.7114000000000003,3.712,3.7193,3.7199,3.7293000000000003,3.7401,3.7567000000000004,3.7587,3.7590000000000003,3.7751,3.7837,3.789,3.7918000000000003,3.7933000000000003,3.8018,3.8061000000000003,3.8145000000000002,3.8236000000000003,3.8275,3.8323,3.862,3.8703000000000003,3.873,3.8783000000000003,3.8788,3.886,3.89,3.8943000000000003,3.9081,3.9137000000000004,3.9235,3.9241,3.9256,3.9265000000000003,3.9317,3.934,3.9475000000000002,3.9485,3.9573,3.9606000000000003,3.9635000000000002,3.9641,3.9671000000000003,3.9678,3.9682000000000004,3.9706,3.9714,3.9855,3.9891,4.0012,4.0053,4.0062,4.0083,4.008900000000001,4.0099,4.014,4.015000000000001,4.0195,4.0219000000000005,4.0223,4.0294,4.0298,4.0323,4.0354,4.0387,4.0482000000000005,4.0507,4.0523,4.055000000000001,4.0665000000000004,4.0852,4.1062
58569:0.11960000000000001,0.4596,1.1535,1.9651,2.7261,3.5084
58597:0.024300000000000002,0.057800000000000004,0.0618,0.0714,0.0937,0.1071,0.12810000000000002,0.1416,0.15610000000000002,0.1756,0.192,0.21710000000000002,0.2338,0.25220000000000004,0.2707,0.2816,0.3038,0.32370000000000004,0.3432,0.3531,0.37160000000000004,0.3937,0.4197,0.4234,0.43760000000000004,0.4656,0.4776,0.5019,0.5184,0.5442,0.5675,0.5962000000000001,0.6117,0.6354000000000001,0.6769000000000001,0.6996,0.7366,0.7511,0.7885000000000001,0.8200000000000001,0.8496,0.8889,0.8935000000000001,0.9353,0.9457000000000001,0.9652000000000001,0.9785,1.0081,1.0252000000000001,1.0381,1.058,1.0797,1.095,1.1113,1.1191,1.1413,1.1614,1.1827,1.1951,1.2096,1.2257,1.2388000000000001,1.2567000000000002,1.2750000000000001,1.2908000000000002,1.3143,1.339,1.3594000000000002,1.3742,1.3917000000000002,1.4141000000000001,1.4243000000000001,1.4691,1.5145000000000002,1.5191000000000001,1.5370000000000001,1.5667,1.574,1.6043,1.6383,1.6760000000000002,1.7099,1.7165000000000001,1.7348000000000001,1.7471,1.7516,1.7683,1.7886000000000002,1.8044,1.83,1.8565,1.8647,1.8848,1.9159000000000002,1.939,1.9517,1.9692,1.9766000000000001,2.0126,2.0195000000000003,2.0472,2.0666,2.0884,2.0935,2.1055,2.1307,2.1561,2.1637,2.1833,2.1919,2.2089000000000003,2.2494,2.2827,2.3271,2.3564000000000003,2.3859,2.4031000000000002,2.4376,2.4811,2.4853,2.5154,2.5278,2.5457,2.5588,2.5821,2.5997000000000003,2.6286,2.6461,2.6678,2.6947,2.7101,2.7215000000000003,2.7405,2.7666,2.7901000000000002,2.8138,2.8316000000000003,2.8504,2.8677,2.8752,2.9011,2.9073,2.9244000000000003,2.9329,2.9606000000000003,2.9948,3.0163,3.0479000000000003,3.0664000000000002,3.0928,3.1394,3.1498,3.1945,3.2199,3.2431,3.2758000000000003,3.2824,3.3127,3.3254,3.3413000000000004,3.3634,3.3837,3.3954,3.4111000000000002,3.4245,3.4557,3.4745000000000004,3.4927,3.5042,3.5209,3.5431000000000004,3.56,3.5854000000000004,3.596,3.619,3.6374,3.6568,3.6809000000000003,3.7017,3.7297000000000002,3.7523,3.7792000000000003,3.7875,3.8174,3.8397,3.8643,3.8938,3.907,3.9603,3.9663000000000004,3.9792,3.9991000000000003,4.0222,4.0557,4.0746,4.0937,4.111400000000001,4.1298
58604:0.4766,0.5038,0.5098,0.5394,0.54,0.5736,0.5826,0.5873,0.5881000000000001,0.5966,0.6113000000000001,0.6378,0.6536000000000001,0.6554,0.6594,0.6665,0.6694,0.6756,0.6804,0.6823,0.6925,0.7024,0.7060000000000001,0.7075,0.7216,0.7345,0.7388,0.7514000000000001,0.7615000000000001,0.7621,0.7631,0.7662,0.7703,0.7731,0.7754000000000001,0.7872,0.7902,0.7922,0.7983,0.7987000000000001,0.8094,0.8097000000000001,0.8132,0.8182,0.8241,0.8263,0.8282,0.8301000000000001,0.8394,0.8557,0.8589,0.8647,0.866,0.8671000000000001,0.8692000000000001,0.8793000000000001,0.882,0.892,0.9087000000000001,0.9094000000000001,0.9133,0.9222,0.9293,0.9467000000000001,0.9551000000000001,0.9595,0.9649000000000001,0.9709000000000001,0.9720000000000001,0.9763000000000001,0.9804,0.9843000000000001,0.9857,0.9925,0.9929,1.0033,1.0077,1.0161,1.0467,1.0547,1.1024,1.1096000000000001,1.1317000000000002,1.1369,1.1521000000000001,1.2378,1.2508000000000001,1.2859,1.2913000000000001,1.3041,1.3070000000000002,1.31,1.328,1.3719000000000001,1.3825,1.3886,1.3974,1.4052,1.4087,1.4119000000000002,1.4131,1.4292,1.4427,1.4431,1.4460000000000002,1.451,1.4655,1.4783000000000002,1.5002,1.5012,1.502,1.5030000000000001,1.51,1.5104,1.5116,1.5134,1.5338,1.5512000000000001,1.5545,1.556,1.5577,1.5646,1.5961,1.5969,1.599,1.6186,1.623,1.6265,1.6267,1.6435000000000002,1.6484,1.649,1.6598000000000002,1.6669,1.6760000000000002,1.6781000000000001,1.6874,1.6918,1.6931,1.6988,1.7079,1.7128,1.729,1.7474,1.7477,1.7695,1.7723,1.7852000000000001,1.8019,1.8409,2.0263,2.0574,2.0723000000000003,2.0808,2.1172,2.121,2.1397,2.1571000000000002,2.1573,2.1651000000000002,2.1697,2.1894,2.1968,2.2006,2.2021,2.2035,2.2055000000000002,2.2149,2.2207,2.2321,2.2332,2.241,2.2438000000000002,2.2481,2.2543,2.255,2.2631,2.2638000000000003,2.2724,2.2727,2.2729,2.2739000000000003,2.2836000000000003,2.2897000000000003,2.2973,2.3039,2.3052,2.3106,2.3175,2.3321,2.3408,2.3472,2.3553,2.3597,2.3724000000000003,2.3824,2.3835,2.3895,2.3934,2.3972,2.3998,2.4046000000000003,2.4105000000000003,2.4113,2.4115,2.4154,2.4216,2.4248000000000003,2.4256,2.4316,2.4338,2.4369,2.4373,2.4428,2.4433000000000002,2.4442,2.4602,2.4605,2.472,2.4823,2.4918,2.4988,2.5010000000000003,2.5087,2.5104,2.5172000000000003,2.5179,2.5221,2.5223,2.5298000000000003,2.532,2.5337,2.5456000000000003,2.5497,2.5673,2.5693,2.5706,2.5824000000000003,2.5841000000000003,2.5898000000000003,2.6039000000000003,2.6271,2.8852,2.9172000000000002,2.9228,2.9385000000000003,2.9511000000000003,2.9572000000000003,2.9689,2.9719,2.9723,2.9752,2.9805,2.9896000000000003,2.9909000000000003,2.9921,2.9968000000000004,3.0082,3.0108,3.0133,3.0203,3.0233000000000003,3.0543,3.071,3.0895,3.0902000000000003,3.0914,3.0984000000000003,3.1031,3.1064000000000003,3.1073,3.1092,3.1105,3.1185,3.1207000000000003,3.1260000000000003,3.1418000000000004,3.1465,3.1613,3.1672000000000002,3.1694,3.1754000000000002,3.1849000000000003,3.2163,3.2174,3.2253000000000003,3.2272000000000003,3.2291000000000003,3.232,3.2385,3.2465,3.2493000000000003,3.25,3.2715,3.2800000000000002,3.281,3.2852,3.2862,3.2952000000000004,3.3074000000000003,3.3077,3.3097000000000003,3.3108,3.3129,3.3314000000000004,3.3369,3.3394000000000004,3.3541000000000003,3.3564000000000003,3.3591,3.4146,3.6294,3.6394,3.6441000000000003,3.6535,3.6586000000000003,3.6624000000000003,3.6696,3.6949,3.7036000000000002,3.7162,3.7346000000000004,3.7406,3.7436000000000003,3.7472000000000003,3.7516000000000003,3.7621,3.777,3.7777000000000003,3.7795,3.781,3.7837,3.7964,3.8152000000000004,3.8195,3.8243,3.8514000000000004,3.8542,3.8579000000000003,3.8605,3.8699000000000003,3.8749000000000002,3.8831,3.8869000000000002,3.8884000000000003,3.8897000000000004,3.8904,3.8941000000000003,3.9002000000000003,3.9034,3.9094,3.922,3.9471000000000003,3.9495,3.9635000000000002,3.9768000000000003,3.9808000000000003,3.9853,3.9889,3.9944,4.0081,4.0088,4.0094,4.0223,4.024,4.0279,4.0304,4.0343,4.0473,4.0476,4.0607,4.0644,4.0655,4.0803,4.0833,4.0895,4.0923,4.1284,4.1359
58656:0.6802,0.7210000000000001
58800:0.0504,0.1302,0.1816,0.24700000000000003,0.315,0.4037,0.47340000000000004,1.2085000000000001,1.9027,1.9726000000000001,2.0104,2.7235,2.7913,3.4784,3.5858000000000003
58809:3.5606
58832:2.4275
58910:1.9173,3.5792
59407:2.8053000000000003
59797:0.4897,0.5238,0.5764,0.6626000000000001,0.7081000000000001,0.7438,0.7791,0.8079000000000001,0.8324,0.8507,0.9172,0.9904000000000001,1.0224,1.0541,1.0951,1.1525,1.2654,1.2995,1.3399,1.4154,1.5135,1.5636,1.6408,1.7308000000000001,1.7785000000000002,1.8203,2.0713,2.0943,2.1461,2.2127,2.2503,2.2829,2.3333,2.3695,2.4105000000000003,2.4678,2.5764,2.5974,2.6484,2.9036,2.9613,3.0313000000000003,3.1045000000000003,3.1368,3.1907,3.2415000000000003,3.2905,3.3316000000000003,3.3618,3.3844000000000003,3.4409,3.6434,3.6727000000000003,3.6957,3.7371000000000003,3.9335,3.9619,3.9915000000000003,4.1142
60176:0.0368,0.189,0.2283,0.4339,1.1312,1.2009,1.2744,1.931,2.0165,2.6832000000000003,2.7792000000000003,3.5402
60268:0.0274,0.1539,0.24080000000000001,0.2733,0.3168,0.44120000000000004,0.5026,0.7448,0.812,0.8534,0.9289000000000001,1.2237,1.4742000000000002,1.5216,1.8965,2.0081,2.0445,2.3773,2.3952,2.4751000000000003,2.495,2.7157,2.8372,3.1201000000000003,3.2272000000000003,3.5220000000000002,3.6156
60437:0.9605,2.2862,2.5012000000000003,3.0712,3.9995000000000003
60578:0.6152000000000001,0.7549,0.8482000000000001,0.9184,1.4416,1.5243,1.6065,1.6519000000000001,2.2276000000000002,2.274,2.3884000000000003,2.4354,3.0368,3.1036,3.1502000000000003,3.2373000000000003,3.2803,3.3298,3.8204000000000002,3.9705000000000004,4.0237
60661:0.638,0.6639,0.6933,0.7105,0.7375,0.7471,0.7801,0.8281000000000001,0.8369000000000001,0.8483,0.8991,0.9183,0.9718,0.9890000000000001,1.4160000000000001,1.4272,1.4679,1.5082,1.5284,1.5632000000000001,1.6091,1.6373,2.2136,2.2202,2.2476000000000003,2.2566,2.2833,2.3139000000000003,2.3561,2.3804000000000003,2.4006000000000003,2.4172000000000002,2.4433000000000002,2.4732000000000003,3.0088000000000004,3.0359000000000003,3.0945,3.1096000000000004,3.1362,3.1616,3.1864000000000003,3.1991,3.2155,3.2288,3.2512000000000003,3.2633,3.2917,3.3497000000000003,3.3867000000000003,3.8191,3.8819000000000004,3.9111000000000002,3.9290000000000003,3.9604000000000004,4.0039,4.0172
60699:0.0775,0.7565000000000001,0.9183,1.4548,1.5401,1.6771,2.2348,2.2987,2.4523,2.8285,3.0624000000000002,3.1502000000000003,3.2336,3.3265000000000002,3.7077,3.8745000000000003,3.9715000000000003,4.0298
60704:0.6646000000000001,0.7621,0.9181,1.5878,1.6600000000000001,2.3642000000000003,2.4254000000000002,2.5586,2.7632000000000003,3.1255,3.3808000000000002,3.7497000000000003,3.9816000000000003,4.0556
60782:0.7193,0.7569,0.8459,2.3263000000000003,2.3888000000000003,3.1198,3.2688,3.3617000000000004
60858:0.0823,0.5132,0.5487000000000001,0.5787,0.5986,0.6145,0.6419,0.6573,0.6737000000000001,0.6933,0.7247,0.7532,0.7781,0.7993,0.8305,0.8611000000000001,0.8824000000000001,0.9001,0.9251,0.9567,0.9807,1.0201,1.0657,1.3007,1.3446,1.3639000000000001,1.3998000000000002,1.4169,1.4344000000000001,1.4723000000000002,1.49,1.5204,1.5499,1.5867,1.6019,1.6188,1.6415000000000002,1.6683000000000001,1.6864000000000001,1.7067,1.7407000000000001,1.7823,2.1100000000000003,2.1371,2.1517,2.1828000000000003,2.2027,2.2329000000000003,2.2495000000000003,2.2738,2.2898,2.3066,2.3385000000000002,2.3558,2.3847,2.4144,2.4395000000000002,2.4552,2.4762,2.5215,2.549,2.5801000000000003,2.6017,2.7189,2.9052000000000002,2.9248000000000003,2.9585000000000004,2.9861,3.0064,3.0391000000000004,3.0618000000000003,3.0941,3.1100000000000003,3.1402,3.1662000000000003,3.1882,3.2166,3.2404,3.2533000000000003,3.2903000000000002,3.3097000000000003,3.3240000000000003,3.3478000000000003,3.4131,3.5603000000000002,3.6602,3.6980000000000004,3.7172,3.7368,3.7702,3.7874000000000003,3.8136,3.8514000000000004,3.8772,3.9034,3.9160000000000004,3.9545000000000003,3.9761,3.9929,4.0175,4.0437,4.0678,4.1032,4.1294
60863:0.4015,0.42910000000000004,0.5062,0.5437000000000001,0.5542,0.5630000000000001,0.5732,0.5824,0.5931000000000001,0.6033000000000001,0.6348,0.646,0.6721,0.7230000000000001,0.737,0.7468,0.7614000000000001,0.7787000000000001,0.8009000000000001,0.8137000000000001,0.8315,0.8398,0.8542000000000001,0.8696,0.8951,0.9172,0.9410000000000001,0.9553,0.9691000000000001,0.9951000000000001,1.0213,1.0313,1.0517,1.066,1.0955000000000001,1.1315,1.1567,1.1829,1.1935,1.27,1.3031000000000001,1.3123,1.3238,1.3372000000000002,1.3442,1.3582,1.3724,1.3814,1.4101000000000001,1.4195,1.4812,1.5170000000000001,1.5293,1.5416,1.5683,1.6004,1.6176000000000001,1.6428,1.6627,1.6815,1.717,1.7321,1.7457,1.7636,1.7809000000000001,1.7982,1.8272000000000002,1.8522,1.8758000000000001,1.9351,2.0744000000000002,2.0972,2.1115,2.1447000000000003,2.1655,2.1794000000000002,2.1905,2.2143,2.2286,2.2528,2.2654,2.2895000000000003,2.3319,2.3502,2.3978,2.4136,2.4295,2.454,2.471,2.5085,2.541,2.5567,2.5814,2.5916,2.6020000000000003,2.6399,2.6503,2.6999,2.9102,2.9237,2.9642,3.0276,3.0398,3.0525,3.0664000000000002,3.0781,3.1077000000000004,3.1361000000000003,3.1486,3.1799,3.1952000000000003,3.2393,3.2747,3.2945,3.3208,3.3559,3.366,3.3866,3.4099000000000004,3.4259,3.4371,3.4471000000000003,3.6454,3.6604,3.6749,3.6862000000000004,3.6977,3.7164,3.7319,3.7391,3.7515,3.7669,3.8640000000000003,3.9383000000000004,3.9543000000000004,3.9730000000000003,3.9855,4.0372,4.0497000000000005,4.1067,4.1426
61000:0.0823,0.194,0.39740000000000003,0.45640000000000003,0.5538000000000001,0.6006,0.6161,0.6516000000000001,0.6686000000000001,0.6934,0.8477,0.8689,0.9001,0.9579000000000001,0.9805,1.3109,1.4113,1.4313,1.4833,1.5226000000000002,1.5442,1.562,1.5946,1.6087,1.6256000000000002,1.6441000000000001,1.6804000000000001,1.74,1.9603000000000002,2.0459,2.1453,2.1907,2.2057,2.2452,2.2791,2.3052,2.3531,2.4063000000000003,2.4483,2.5006,2.523,2.5833,2.7311,2.7954000000000003,2.9599,2.9813,3.0064,3.0673000000000004,3.1051,3.1430000000000002,3.1677,3.2347,3.2517,3.2956000000000003,3.3187,3.3356000000000003,3.5599000000000003,3.6543,3.7777000000000003,3.7905,3.8337000000000003,3.8718000000000004,3.9051,3.9632,3.9859,3.9971,4.045100000000001,4.0725,4.1092
61120:0.1497,0.3045,0.4041,0.4204,0.5271,0.5775,0.6097,0.7988000000000001,0.9757,1.0192,1.0756000000000001,1.1024,1.1883000000000001,1.1922000000000001,1.3853,1.4586000000000001,1.5182,1.6619000000000002,1.7670000000000001,1.7702,1.8774000000000002,1.9128,1.9168,1.9915,2.0701,2.1433,2.2629,2.4756,2.528,2.6644,2.8339000000000003,2.9283,3.1958,3.1995,3.3657000000000004,3.446,3.6183,3.6946000000000003,3.7566,4.0703000000000005,4.1426
61335:0.057800000000000004,0.1516,0.18180000000000002,0.2896,0.3428,0.3786,0.44680000000000003,0.5394,1.0295,1.0996000000000001,1.1551,1.2031,1.2441,1.7765000000000002,1.8210000000000002,1.8553000000000002,1.9021000000000001,1.9967000000000001,2.0355000000000003,2.1006,2.2511,2.3573,2.5861,2.6436,2.678,2.7,2.7715,2.7901000000000002,2.8375000000000004,2.8877,2.9986,3.4971,3.5524,3.6171,3.8053000000000003
61465:0.024300000000000002,0.054900000000000004,0.1168,0.14780000000000001,0.1794,0.2278,0.2514,0.27840000000000004,0.3083,0.3516,0.39,0.42100000000000004,0.5122,0.5427000000000001,0.5857,0.621,0.6619,0.7232000000000001,0.8394,0.9143,0.9816,1.0594000000000001,1.1448,1.1871,1.2175,1.2499,1.2734,1.2994,1.3482,1.3862,1.4143000000000001,1.4498,1.589,1.6337000000000002,1.6759000000000002,1.7074,1.7523000000000002,1.8982,1.9274,1.986,2.0103,2.0789,2.1085000000000003,2.1598,2.1827,2.2239,2.3142,2.4495,2.4748,2.5221,2.6015,2.6489000000000003,2.6808,2.6993,2.7259,2.7521,2.7723,2.8021000000000003,2.8315,2.8683,2.9018,2.9191000000000003,2.9487,2.9939,3.0259,3.0609,3.0864000000000003,3.1975000000000002,3.2204,3.2805,3.3074000000000003,3.4628,3.4970000000000003,3.5207,3.5612000000000004,3.7345,3.7544,3.7798000000000003,3.8160000000000003,3.8473,3.8836000000000004,3.911,3.9467000000000003,3.9839,4.0178,4.0476,4.0926
61487:0.06330000000000001,0.12250000000000001,0.1563,0.1796,0.25320000000000004,0.3048,0.37570000000000003,0.4726,1.1805,1.2017,1.2405000000000002,1.8888,1.9421000000000002,2.0078,2.426,2.6905,2.7511,3.5359000000000003,3.6014000000000004
61559:0.0253,0.055900000000000005,0.14880000000000002,0.17880000000000001,0.203,0.2247,0.2464,0.27840000000000004,0.315,0.3478,0.39330000000000004,0.4298,0.4757,0.5068,0.5487000000000001,1.1535,1.1931,1.2198,1.2441,1.2963,1.3399,1.8351000000000002,1.8699000000000001,1.8968,1.9236000000000002,1.9598,1.9781000000000002,2.008,2.0444,2.1060000000000003,2.6433,2.6664000000000003,2.6966,2.7462,2.7821000000000002,2.8147,3.4209,3.4604000000000004,3.5058000000000002,3.5308,3.587,3.6487000000000003,3.7021
61826:0.1125,0.3141,0.39590000000000003,1.8481,1.9219000000000002,2.7319,2.8337000000000003,3.5571,3.6037000000000003,3.6463
62170:0.0158,0.0246,0.0347,0.0483,0.053700000000000005,0.059500000000000004,0.0703,0.0782,0.0921,0.0964,0.1024,0.10990000000000001,0.12350000000000001,0.13090000000000002,0.1416,0.14880000000000002,0.16490000000000002,0.1746,0.18050000000000002,0.19410000000000002,0.2043,0.21380000000000002,0.22110000000000002,0.2311,0.2436,0.2516,0.26480000000000004,0.2717,0.28140000000000004,0.2894,0.3008,0.306,0.3114,0.3322,0.3412,0.3532,0.3618,0.37010000000000004,0.3748,0.3901,0.3972,0.4136,0.4222,0.4289,0.43670000000000003,0.44430000000000003,0.4546,0.4701,0.4807,0.49450000000000005,0.5041,0.511,0.5221,0.5385,0.5529000000000001,1.0224,1.0522,1.063,1.0704,1.0777,1.0956000000000001,1.1166,1.1266,1.1417000000000002,1.1509,1.1567,1.1682000000000001,1.1797,1.1886,1.1945000000000001,1.2031,1.2108,1.2169,1.2328000000000001,1.2419,1.2538,1.2638,1.2695,1.3046,1.3105,1.3358,1.3565,1.7237,1.758,1.7721,1.7776,1.7997,1.8131000000000002,1.8191000000000002,1.8312000000000002,1.8402,1.8517000000000001,1.8592000000000002,1.866,1.8737000000000001,1.8863,1.8974000000000002,1.9034,1.9126,1.9218000000000002,1.9293,1.9452,1.957,1.9646000000000001,1.9806000000000001,1.9855,1.9959,2.0064,2.0140000000000002,2.0247,2.0319000000000003,2.0441000000000003,2.0514,2.0701,2.0754,2.0893,2.1039,2.1482,2.5595000000000003,2.5849,2.6053,2.6143,2.6293,2.6378,2.6579,2.6686,2.6847000000000003,2.6908000000000003,2.6947,2.7092,2.7201,2.7264,2.7326,2.7376,2.7421,2.7515,2.7584,2.7685,2.778,2.7874000000000003,2.7934,2.802,2.8069,2.8138,2.826,2.8368,2.8565,2.8680000000000003,2.887,2.9028,2.9076,2.9281,3.3791,3.411,3.4295,3.4456,3.4603,3.4719,3.4878,3.4968000000000004,3.5101,3.5182,3.5283,3.5356,3.5504000000000002,3.5583,3.5747,3.5818000000000003,3.5897,3.5941,3.6092,3.6169000000000002,3.6228000000000002,3.6278,3.636,3.649,3.6743,3.6815,3.7054,4.1184
62463:0.8951,0.9597,1.4784000000000002,1.5141,1.6054000000000002,1.6771,2.2533000000000003,2.3640000000000003,2.4985,3.0241000000000002,3.1540000000000004,3.8631,3.9088000000000003,3.9752,4.0236
62546:0.0279,0.14170000000000002,0.29650000000000004,0.32980000000000004,0.3582,0.3758,0.4431,1.8811,1.9015000000000002,2.0065,2.6794000000000002,2.7008,2.7728,2.7881,3.5210000000000004,3.577
62997:0.1135,0.18000000000000002,0.24050000000000002,0.31270000000000003,0.39980000000000004,0.5103,0.5486,0.5893,0.6197,0.6514,0.6855,0.7125,0.7438,0.7804,0.8123,0.8452000000000001,0.8745,0.9017000000000001,0.9387000000000001,0.9804,1.0204,1.0536,1.1104,1.1563,1.2376,1.2919,1.3414000000000001,1.381,1.4115,1.4524000000000001,1.4875,1.5231000000000001,1.56,1.5956000000000001,1.6238000000000001,1.6579000000000002,1.7016,1.7284000000000002,1.7632,1.8388,1.9041000000000001,1.989,2.0513,2.1042,2.1601,2.1865,2.2171000000000003,2.2497000000000003,2.281,2.3119,2.3505000000000003,2.3848000000000003,2.414,2.4373,2.479,2.5069,2.5428,2.5793,2.6462000000000003,2.7513,2.8177000000000003,2.8674,2.9153000000000002,2.9527,2.9857,3.0308,3.0591,3.0866000000000002,3.1222000000000003,3.1509,3.1758,3.2031,3.2434000000000003,3.2710000000000004,3.2977000000000003,3.3304,3.3789000000000002,3.415,3.4587000000000003,3.5638,3.6425,3.6874000000000002,3.7302,3.7651000000000003,3.798,3.8393,3.8763,3.9059000000000004,3.9357,3.9651,3.9961,4.0377,4.1068,4.1423000000000005
63126:0.14980000000000002,0.3045,0.4041,0.42050000000000004,0.5274,0.5779000000000001,0.6099,0.799,0.9758,1.0194,1.0758,1.1027,1.1887,1.1921000000000002,1.3855000000000002,1.4588,1.5186000000000002,1.6621000000000001,1.7672,1.7701,1.8774000000000002,1.913,1.9166,1.9917,2.0703,2.1435,2.2631,2.4758,2.5282,2.6645000000000003,2.8342,2.9285,3.196,3.1994000000000002,3.3659000000000003,3.4461000000000004,3.6184000000000003,3.6948000000000003,3.7568,4.0705,4.1429
63536:0.6398,0.6931,0.7515000000000001,0.786,0.8396,0.8749,0.9114000000000001,0.9591000000000001,1.0019,1.3794,1.4267,1.4468,1.5006000000000002,1.5359,1.586,1.6411,1.6824000000000001,1.7149,2.1657,2.221,2.2602,2.2891,2.3425000000000002,2.3805,2.4005,2.4489,2.4758,2.5131,2.9815,3.0147,3.0456000000000003,3.0722,3.1105,3.1529000000000003,3.184,3.228,3.2715,3.3579000000000003,3.7756000000000003,3.8142,3.8611,3.9044000000000003,3.9557,3.9764000000000004,4.0223,4.0641
63681:0.0368,0.0684,0.1583,0.2162,0.2934,0.3622,0.441,0.48800000000000004,1.163,1.9091,2.0176000000000003,2.702,2.7461,2.786,2.8201,3.5426
63971:3.5057
64005:0.0058000000000000005,0.0125,0.0183,0.023100000000000002,0.0292,0.0362,0.0425,0.0494,0.058,0.0644,0.0733,0.0813,0.0886,0.09430000000000001,0.1032,0.10930000000000001,0.1153,0.1232,0.1296,0.13920000000000002,0.1467,0.15810000000000002,0.1652,0.1709,0.17650000000000002,0.1854,0.1918,0.19870000000000002,0.20400000000000001,0.21230000000000002,0.2199,0.2265,0.2326,0.2379,0.24760000000000001,0.2543,0.2605,0.2657,0.2722,0.2841,0.2899,0.2958,0.30260000000000004,0.3089,0.3159,0.3255,0.33080000000000004,0.3375,0.3451,0.3553,0.3613,0.3718,0.3781,0.38570000000000004,0.3945,0.4015,0.4101,0.4157,0.4208,0.4269,0.4348,0.44110000000000005,0.44820000000000004,0.4577,0.4647,0.4706,0.48160000000000003,0.4924,0.4983,0.5105000000000001,0.5176000000000001,0.5296000000000001,0.5372,0.6006,1.0156,1.0311000000000001,1.0445,1.0536,1.0691000000000002,1.0829,1.0929,1.1084,1.1152,1.122,1.1341,1.1399000000000001,1.1471,1.1531,1.1671,1.1725,1.1801000000000001,1.1881000000000002,1.1966,1.203,1.2143000000000002,1.2234,1.2294,1.2351,1.2411,1.2510000000000001,1.2574,1.2683,1.2786,1.2856,1.2959,1.3169,1.3295000000000001,1.3458,1.713,1.7231,1.7421,1.7595,1.7736,1.7854,1.7938,1.8032000000000001,1.8124,1.8234000000000001,1.8301,1.8366,1.8484,1.8571000000000002,1.863,1.87,1.8801,1.8882,1.8947,1.9014000000000002,1.9076000000000002,1.9159000000000002,1.9211,1.9317000000000002,1.9369,1.9421000000000002,1.9489,1.9576,1.9653,1.973,1.9802000000000002,1.9869,1.9954,2.0028,2.0139,2.0208,2.0301,2.04,2.0462000000000002,2.0576000000000003,2.0652,2.0817,2.0898,2.0993,2.1301,2.1479,2.5357000000000003,2.5551,2.561,2.5756,2.584,2.5967000000000002,2.6102000000000003,2.6176,2.625,2.6323000000000003,2.6386000000000003,2.6510000000000002,2.658,2.6659,2.6762,2.6846,2.6907,2.7003,2.7078,2.7150000000000003,2.721,2.7301,2.7363,2.7423,2.7483,2.7557,2.7627,2.7708,2.7772,2.7839,2.789,2.7947,2.8047,2.8116000000000003,2.8191,2.8266,2.833,2.8391,2.8453,2.8538,2.8647,2.8824,2.8921,2.8992,2.9362,2.9514,3.3629000000000002,3.3712,3.3874,3.4053,3.4145000000000003,3.4316,3.4394,3.4464,3.4534000000000002,3.4617,3.4685,3.4748,3.4859,3.4927,3.5006000000000004,3.5079000000000002,3.515,3.5223,3.5286,3.5378000000000003,3.5451,3.5515000000000003,3.5584000000000002,3.5673000000000004,3.5735,3.5806,3.5923000000000003,3.5987,3.6107,3.6252,3.632,3.6399000000000004,3.6544000000000003,3.6648,3.6726,3.6940000000000004,3.7231,3.748,4.1037,4.1147,4.126,4.1379
64520:0.059800000000000006,0.14930000000000002,0.1812,0.2278,0.27740000000000004,0.32780000000000004,0.39630000000000004,0.44630000000000003,0.4757,0.5182,0.5654,0.6092000000000001,0.6442,0.7140000000000001,0.782,0.8597,0.8972,0.9544,1.0330000000000001,1.0876000000000001,1.1994,1.2419,1.3102,1.4164,1.4774,1.512,1.5666,1.6097000000000001,1.6445,1.6791,1.7422000000000002,1.8735000000000002,1.9391,1.9779,2.0219,2.1064000000000003,2.1702,2.2551,2.2903000000000002,2.3755,2.4301,2.49,2.5216000000000003,2.5598,2.7048,2.766,2.8206,2.8657000000000004,2.9239,2.996,3.0453,3.1071,3.1513,3.1950000000000003,3.2235,3.2683,3.3282000000000003,3.3634,3.419,3.4948,3.5537,3.6014000000000004,3.6470000000000002,3.6839000000000004,3.7738,3.8012,3.8998000000000004,3.9629000000000003,4.000900000000001,4.091200000000001,4.123
64769:0.0339,0.057100000000000005,0.0713,0.0794,0.10500000000000001,0.1534,0.18610000000000002,0.20850000000000002,0.24350000000000002,0.26280000000000003,0.2736,0.2803,0.31,0.33,0.3415,0.401,0.4404,0.452,0.4903,0.5284,0.6725,0.7064,0.8933000000000001,0.9726,1.1321,1.2075,1.2219,1.2323,1.2773,1.3999000000000001,1.4572,1.4816,1.5705,1.6164,1.6984000000000001,1.7161000000000002,1.9627000000000001,1.9885000000000002,2.0266,2.0378000000000003,2.1781,2.2935000000000003,2.3155,2.3713,2.4775,2.54,2.5667,2.7147,2.7224,2.7469,2.7599,2.7736,2.7854,2.7988,2.8365,2.8487,2.8699000000000003,2.8877,2.9393000000000002,2.9751000000000003,2.9987000000000004,3.1496,3.2111,3.2590000000000003,3.3387000000000002,3.4992,3.5113000000000003,3.5305,3.5449,3.5648,3.5775,3.6197000000000004,3.8019000000000003,3.8331000000000004,3.8653000000000004,3.8903000000000003,3.9121,3.919,3.9914,4.0145,4.066,4.0828,4.1216
65188:0.0439,0.1253,0.2341,0.2806,0.5122,0.5770000000000001,0.6106,0.6406000000000001,0.666,0.6887,0.7458,0.7795000000000001,0.8094,0.8404,0.8495,0.8697,0.8952,0.9274,0.9397000000000001,0.9567,1.0110000000000001,1.0753000000000001,1.1163,1.1777,1.2939,1.3367,1.377,1.3838000000000001,1.4159000000000002,1.4456,1.4943,1.5544,1.5868,1.6084,1.6154000000000002,1.6420000000000001,1.6782000000000001,1.7072,1.7752000000000001,1.8463,1.8807,1.9679000000000002,2.0157000000000003,2.156,2.1953,2.2262,2.2566,2.2864,2.3419000000000003,2.3667000000000002,2.3979,2.4319,2.4683,2.5951,2.6659,2.71,2.7741000000000002,2.9421,2.9793000000000003,3.0487,3.079,3.113,3.1482,3.1885000000000003,3.2249000000000003,3.2691000000000003,3.2928,3.321,3.3556000000000004,3.4258,3.4495,3.496,3.5305,3.6982000000000004,3.7497000000000003,3.7834000000000003,3.8208,3.8985000000000003,3.9339000000000004,3.9621000000000004,3.9916,4.0196000000000005,4.0558000000000005,4.1104
65402:0.040400000000000005,0.1184,0.23140000000000002,0.2752,0.4456,0.5095000000000001,0.5728,0.6044,0.6355000000000001,0.6584,0.6835,0.7398,0.7746000000000001,0.8023,0.8342,0.8642000000000001,0.8894000000000001,0.9208000000000001,0.9498000000000001,1.0044,1.0692000000000002,1.1095000000000002,1.1738,1.2888000000000002,1.3315000000000001,1.3781,1.4102000000000001,1.4400000000000002,1.489,1.5488000000000002,1.5815000000000001,1.6089,1.6364,1.7016,1.7699,1.8425,1.8767,1.9622000000000002,2.0132,2.1509,2.1909,2.2207,2.2516000000000003,2.2815000000000003,2.3360000000000003,2.3642000000000003,2.3916,2.4269000000000003,2.4631000000000003,2.5886,2.6618,2.7075,2.7707,2.8649,2.9361,2.9749000000000003,3.0431000000000004,3.0740000000000003,3.1074,3.1426000000000003,3.1836,3.2199,3.2639,3.2865,3.3147,3.3495000000000004,3.4429000000000003,3.4918,3.5259,3.6906000000000003,3.7438000000000002,3.7782,3.8156000000000003,3.8931,3.9286000000000003,3.9558,3.986,4.0131000000000006,4.0499,4.106
65421:0.0044,0.0213,0.0217,0.0247,0.0262,0.0284,0.0302,0.038400000000000004,0.039,0.042300000000000004,0.043500000000000004,0.0463,0.050100000000000006,0.0504,0.051800000000000006,0.057100000000000005,0.0687,0.08560000000000001,0.0896,0.0907,0.10690000000000001,0.11960000000000001,0.1305,0.1331,0.14070000000000002,0.1411,0.1444,0.1469,0.1627,0.1635,0.1656,0.1693,0.1698,0.18230000000000002,0.1842,0.19310000000000002,0.1986,0.20140000000000002,0.2024,0.2117,0.22260000000000002,0.2291,0.2315,0.23950000000000002,0.256,0.28090000000000004,0.2948,0.3035,0.30920000000000003,0.3103,0.3279,0.3632,0.3791,0.3805,0.3816,0.38620000000000004,0.3975,0.39940000000000003,0.4025,0.4141,0.4198,0.4227,0.4486,0.45030000000000003,0.4514,0.49110000000000004,0.5215000000000001,1.0061,1.0219,1.0232,1.0350000000000001,1.0489,1.0629,1.0644,1.0692000000000002,1.0867,1.0931,1.1036000000000001,1.1063,1.1111,1.1136000000000001,1.1184,1.1192,1.127,1.1277000000000001,1.1308,1.1333,1.1344,1.1385,1.1452,1.1476,1.1493,1.1502000000000001,1.1833,1.2067,1.2387000000000001,1.2417,1.2484,1.2506000000000002,1.2512,1.2587000000000002,1.3042,1.3053000000000001,1.306,1.3679000000000001,1.7085000000000001,1.7361,1.7887000000000002,1.7912000000000001,1.8102,1.8196,1.8222,1.8568,1.858,1.859,1.8718000000000001,1.8760000000000001,1.8766,1.8783,1.8825,1.8851,1.8921000000000001,1.8942,1.9075000000000002,1.9111,1.9178000000000002,1.9273,1.9281000000000001,1.9395,1.9561000000000002,1.963,1.9661000000000002,1.9671,1.9693,1.9805000000000001,1.9881000000000002,1.9949000000000001,2.0042,2.0051,2.0127,2.0379,2.0451,2.0488,2.059,2.0654,2.0817,2.0904000000000003,2.1454,2.5010000000000003,2.5236,2.5563000000000002,2.575,2.591,2.6049,2.6153,2.6222000000000003,2.6284,2.633,2.6424000000000003,2.6442,2.6562,2.6596,2.6659,2.6822,2.6845000000000003,2.688,2.6895000000000002,2.6934,2.6965000000000003,2.6994000000000002,2.7013000000000003,2.704,2.712,2.7123,2.7165,2.7203,2.7277,2.7387,2.7413000000000003,2.7430000000000003,2.7442,2.7516000000000003,2.761,2.7722,2.7747,2.7771000000000003,2.7947,2.8012,2.8231,2.8325,2.8333,2.838,2.8583000000000003,2.8703000000000003,2.8954,2.8988,3.3834,3.4157,3.4217,3.4447,3.4559,3.4579,3.4649,3.4776000000000002,3.4789000000000003,3.4941,3.4946,3.4978000000000002,3.5010000000000003,3.5192,3.5239000000000003,3.5254000000000003,3.5261,3.5293,3.5324,3.5348,3.5457,3.5511000000000004,3.5700000000000003,3.575,3.5796,3.5813,3.5904000000000003,3.6266000000000003,3.6296000000000004,3.6309,3.6326,3.6392,3.6471,3.6529000000000003,3.6666000000000003,3.6786000000000003,3.6852,3.7058,3.7387,3.7411000000000003,3.7418,4.0779000000000005,4.0861,4.1237,4.127,4.1334
65508:0.0304,0.0853,0.0971,0.10600000000000001,0.13720000000000002,0.16,0.192,0.2088,0.2175,0.2298,0.2426,0.2577,0.28350000000000003,0.2936,0.328,0.3476,0.35760000000000003,0.3688,0.4047,0.453,0.5111,1.1739000000000002,1.23,1.2379,1.2475,1.8795000000000002,1.9100000000000001,1.9198000000000002,1.9304000000000001,1.9419000000000002,1.9675,1.9767000000000001,2.06,2.6703,2.7104,2.7194000000000003,2.7292,2.7519,2.7875,2.805,3.5164,3.5519000000000003,3.5892000000000004,3.6305
65715:0.46340000000000003,0.5041,0.5056,0.5085000000000001,0.521,0.5409,0.5459,0.5492,0.55,0.5515,0.5615,0.5890000000000001,0.6034,0.6067,0.608,0.6117,0.6128,0.6187,0.6246,0.632,0.6436000000000001,0.6499,0.6672,0.6733,0.6837000000000001,0.6925,0.6933,0.7033,0.7043,0.7046,0.7167,0.7170000000000001,0.7185,0.7202000000000001,0.7207,0.7278,0.734,0.7403000000000001,0.7459,0.7534000000000001,0.7602,0.7763,0.7949,0.7955,0.8099000000000001,0.8127000000000001,0.8238000000000001,0.8392000000000001,0.8411000000000001,0.8435,0.8508,0.8530000000000001,0.8575,0.8594,0.8634000000000001,0.8663000000000001,0.8754000000000001,0.888,0.8968,0.9,0.9076000000000001,0.9148000000000001,0.9223,0.9275,0.9278000000000001,0.9282,0.935,0.9508000000000001,0.9558000000000001,0.9642000000000001,0.9661000000000001,0.9812000000000001,0.9827,0.9857,0.9905,0.9986,1.0286,1.0318,1.0414,1.0494,1.0538,1.0666,1.0681,1.0769,1.0812000000000002,1.0904,1.0936000000000001,1.1835,1.1888,1.1954,1.1983000000000001,1.2134,1.2459,1.2838,1.3036,1.3077,1.3318,1.333,1.3375000000000001,1.3473000000000002,1.3562,1.3634000000000002,1.3689,1.3781,1.3976000000000002,1.3980000000000001,1.4057000000000002,1.4121000000000001,1.4176,1.4236,1.4308,1.4384000000000001,1.4569,1.4778,1.4815,1.4824000000000002,1.4831,1.4839,1.4844000000000002,1.5101,1.5108000000000001,1.5148000000000001,1.5210000000000001,1.5302,1.5309000000000001,1.5358,1.5487,1.5533000000000001,1.5797,1.5812000000000002,1.5877000000000001,1.6057000000000001,1.6144,1.6245,1.6249,1.6315000000000002,1.6373,1.6406,1.6440000000000001,1.6588,1.6853,1.6907,1.7104000000000001,1.7139,1.7162000000000002,1.718,1.7415,1.7444000000000002,1.752,1.7522,1.8464,2.013,2.0346,2.0648,2.0675,2.1372,2.1404,2.1741,2.1747,2.1816,2.184,2.1939,2.1972,2.202,2.2205,2.2374,2.2377000000000002,2.2395,2.2485,2.2536,2.2757,2.2841,2.2852,2.2947,2.3251,2.3264,2.3268,2.337,2.3392,2.3555,2.357,2.3647,2.3668,2.3731,2.3757,2.3998,2.4053,2.4111000000000002,2.4151000000000002,2.4193000000000002,2.4201,2.4241,2.4402,2.4411,2.4512,2.4632,2.4644,2.4728000000000003,2.4809,2.4978000000000002,2.4995000000000003,2.525,2.539,2.5521000000000003,2.5707,2.5748,2.6085000000000003,2.632,2.8503000000000003,2.8581000000000003,2.862,2.9021000000000003,2.9083,2.942,2.9450000000000003,2.9453,2.9462,2.9534000000000002,2.9696000000000002,2.9748,2.9785,2.9888000000000003,2.994,3.0011,3.0104,3.0275000000000003,3.0285,3.0334000000000003,3.0336000000000003,3.0344,3.0351000000000004,3.04,3.0412000000000003,3.0433000000000003,3.0519000000000003,3.0529,3.0636,3.0661,3.0666,3.0727,3.073,3.075,3.0793,3.0956,3.1046,3.1054,3.1141,3.1154,3.1162,3.1267,3.128,3.1436,3.1463,3.1527000000000003,3.1548000000000003,3.1562,3.1586000000000003,3.1602,3.1613,3.1708000000000003,3.1889000000000003,3.1959,3.1973000000000003,3.1984000000000004,3.2017,3.2267,3.2318000000000002,3.2372,3.2459000000000002,3.2489000000000003,3.2507,3.2554000000000003,3.2597,3.2615000000000003,3.2671,3.2686,3.2719,3.2751,3.2836000000000003,3.2873,3.2938,3.2972,3.3011000000000004,3.3017000000000003,3.3056,3.322,3.3964000000000003,3.4059000000000004,3.4661,3.5479000000000003,3.6008,3.6341,3.6373,3.673,3.701,3.7230000000000003,3.7279,3.7368,3.7426000000000004,3.7488,3.7508000000000004,3.7639,3.77,3.774,3.7903000000000002,3.7966,3.8024,3.8118000000000003,3.8246,3.8292,3.8329,3.8622,3.8676000000000004,3.8734,3.8812,3.8825000000000003,3.8847,3.8913,3.8929,3.9015,3.9045,3.9082000000000003,3.9115,3.9124000000000003,3.9203,3.9263000000000003,3.9388,3.9401,3.9541000000000004,3.9553000000000003,3.9642000000000004,3.9778000000000002,3.9801,3.9816000000000003,3.9832,3.9868,4.01,4.0102,4.0384,4.0406,4.0446,4.0587,4.0762,4.0796,4.0817000000000005,4.0921,4.113700000000001,4.1181,4.1246,4.1267000000000005,4.127,4.1302,4.1315
65737:0.40290000000000004,0.4252,2.7424,2.8526000000000002,3.5699,3.6572
65783:0.4551,0.48900000000000005,0.5153,0.5221,0.5309,0.5367000000000001,0.5397000000000001,0.5425,0.5497000000000001,0.5523,0.554,0.5586,0.5730000000000001,0.5809000000000001,0.5948,0.5994,0.6058,0.6315000000000001,0.639,0.6398,0.6425000000000001,0.6438,0.6446000000000001,0.6501,0.66,0.6734,0.6737000000000001,0.676,0.6809000000000001,0.6836,0.6988000000000001,0.7056,0.7064,0.7072,0.7117,0.7125,0.7220000000000001,0.7281000000000001,0.7563000000000001,0.7685000000000001,0.7697,0.7814,0.7852,0.7863,0.7918000000000001,0.8019000000000001,0.8037000000000001,0.805,0.8056000000000001,0.8096,0.8159000000000001,0.8172,0.8182,0.8213,0.8234,0.8291000000000001,0.8338,0.8358,0.8380000000000001,0.8422000000000001,0.8619,0.8662000000000001,0.8665,0.8681000000000001,0.8813000000000001,0.8922,0.8983000000000001,0.8986000000000001,0.9104000000000001,0.9175000000000001,0.9273,0.9431,0.9448000000000001,0.9527,0.9554,0.9598000000000001,0.9609000000000001,0.9612,0.9653,0.9736,0.9769000000000001,0.9901000000000001,1.0027000000000001,1.0052,1.0142,1.0154,1.0268000000000002,1.0295,1.0383,1.0604,1.0749,1.0806,1.0881,1.0978,1.1324,1.1442,1.1844000000000001,1.2819,1.2915,1.2946,1.3084,1.3212000000000002,1.3309,1.3344,1.3369,1.3389,1.3444,1.3478,1.3535000000000001,1.3614000000000002,1.3647,1.3681,1.3687,1.3764,1.3815000000000002,1.3891,1.3900000000000001,1.3939000000000001,1.3941000000000001,1.4057000000000002,1.4159000000000002,1.4244,1.4287,1.4384000000000001,1.4402000000000001,1.4464000000000001,1.4494,1.4668,1.4689,1.4709,1.4725000000000001,1.4879,1.5152,1.526,1.5549000000000002,1.5578,1.5642,1.5786,1.5924,1.5942,1.5947,1.5982,1.6052000000000002,1.6123,1.6134000000000002,1.614,1.6163,1.621,1.6214000000000002,1.6218000000000001,1.625,1.6296000000000002,1.6379000000000001,1.6485,1.6563,1.6565,1.6604,1.6707,1.6716,1.6816,1.6853,1.7025000000000001,1.7064000000000001,1.7261000000000002,1.75,1.7694,1.7699,1.7765000000000002,1.7798,1.7955,1.8105,1.8379,2.0437000000000003,2.071,2.0798,2.1011,2.109,2.1367000000000003,2.1532,2.1559,2.1768,2.1811000000000003,2.1889000000000003,2.2223,2.228,2.2310000000000003,2.2331000000000003,2.2346,2.2376,2.2562,2.2661000000000002,2.2717,2.2833,2.2836000000000003,2.2993,2.3041,2.3114,2.3155,2.3201,2.3214,2.3304,2.3372,2.3493,2.3507000000000002,2.3676,2.3755,2.3776,2.3794,2.3902,2.3944,2.4182,2.4196,2.4304,2.4375,2.4456,2.4458,2.472,2.4796,2.4908,2.5128,2.5263,2.5272,2.529,2.5294000000000003,2.5380000000000003,2.5685000000000002,2.5903,2.5911,2.5937,2.6345,2.6397,2.64,2.8049,2.8751,2.8909000000000002,2.9032,2.9306,2.9330000000000003,2.9370000000000003,2.9401,2.9544,2.9570000000000003,2.9599,2.9795000000000003,2.9815,2.9883,2.9941,3.0004,3.0045,3.0051,3.0306,3.0381,3.0436,3.0595000000000003,3.0624000000000002,3.0672,3.083,3.0979,3.0994,3.1109,3.1374,3.1418000000000004,3.1439000000000004,3.1467,3.1495,3.1513,3.1518,3.1539,3.1586000000000003,3.16,3.1611000000000002,3.1785,3.1899,3.1915,3.1947,3.1971000000000003,3.1977,3.1986000000000003,3.2132,3.2217000000000002,3.23,3.2378,3.2405,3.2452,3.2549,3.2612,3.2754000000000003,3.2756000000000003,3.2760000000000002,3.2875,3.2895000000000003,3.3012,3.3079,3.3116000000000003,3.3162000000000003,3.3185000000000002,3.3191,3.3199,3.3321,3.3329,3.3379000000000003,3.3399,3.3419000000000003,3.3424,3.3463000000000003,3.3627000000000002,3.3712,3.3912,3.4131,3.4161,3.5514,3.576,3.6252,3.6962,3.7048,3.7223,3.73,3.736,3.7438000000000002,3.7609000000000004,3.7742,3.7796000000000003,3.7800000000000002,3.7864,3.7957,3.7974,3.8027,3.8342,3.839,3.8504,3.8667000000000002,3.8686000000000003,3.874,3.8774,3.8827000000000003,3.8920000000000003,3.9123,3.9166000000000003,3.9222,3.923,3.9333,3.9361,3.9375,3.9478,3.9594,3.9768000000000003,3.9781,3.982,3.9939,3.9957000000000003,3.9973,4.0116000000000005,4.0153,4.0495,4.0658,4.0723,4.0732,4.0773,4.0946,4.1017,4.1183000000000005,4.1305000000000005,4.1349
65854:0.0731,0.12480000000000001,0.2255,0.271,0.339,0.40290000000000004,1.2266000000000001,2.0131,2.7604,2.7989,2.8371,3.5091,3.5668,3.5936000000000003
65912:0.0217,0.36610000000000004,0.4728,0.5799000000000001,0.6101,0.6346,0.6716000000000001,0.7465,0.7818,0.8053,0.8583000000000001,0.8916000000000001,0.9307000000000001,0.9487000000000001,0.9992000000000001,1.1127,1.1288,1.363,1.4131,1.4401000000000002,1.4822,1.5256,1.5442,1.5799,1.6377000000000002,1.7054,1.7971000000000001,2.154,2.2152000000000003,2.2546,2.2862,2.3221000000000003,2.3383000000000003,2.4167,2.4755000000000003,2.5025,2.5456000000000003,2.5913,2.6954000000000002,2.7769,2.9267000000000003,2.9568000000000003,2.98,3.0367,3.0758,3.1086,3.1394,3.1755,3.2228000000000003,3.2655000000000003,3.2965,3.3152000000000004,3.3503000000000003,3.391,3.4136,3.6905,3.7417000000000002,3.7626000000000004,3.7754000000000003,3.8079,3.8507000000000002,3.8957,3.9290000000000003,3.9914,4.0185,4.0840000000000005,4.128
65955:0.36410000000000003,0.6353,0.8018000000000001,0.9523,1.5216,2.2167,2.3374,2.4164000000000003,2.7847,2.9613,3.2923,3.3501000000000003,3.4120000000000004,3.7666000000000004,4.1321
66062:0.2802
66174:0.9739000000000001,2.295,2.4388,3.2677
66211:0.0726,0.752,0.9138000000000001,1.4502000000000002,1.5355,1.6727,2.2301,2.2941000000000003,2.4478,2.8235,3.0578000000000003,3.1457,3.2291000000000003,3.322,3.7030000000000003,3.8699000000000003,3.967,4.0252
66337:0.6392,0.9587,2.4769,3.273,3.7729000000000004
66381:0.08,0.09280000000000001,0.1869,0.262,0.33030000000000004,0.4496,0.5641,0.6023000000000001,0.6281,0.6439,0.6716000000000001,0.6885,0.7117,0.7397,0.7562,0.7799,0.8097000000000001,0.8365,0.8527,0.8844000000000001,0.919,0.9405,0.9566,0.9645,1.0374,1.3658000000000001,1.3860000000000001,1.4188,1.4434,1.4627000000000001,1.4806000000000001,1.5126000000000002,1.5306000000000002,1.55,1.5691000000000002,1.5951000000000002,1.6032000000000002,1.6478000000000002,1.6732,1.7093,1.7471,1.9351,2.0228,2.1635,2.1755,2.1997,2.2278000000000002,2.2488,2.2667,2.281,2.3169,2.3368,2.3571,2.3903000000000003,2.4021,2.4284000000000003,2.4452000000000003,2.4823,2.4974000000000003,2.5156,2.5461,2.5593,2.7138,2.7634000000000003,2.9629000000000003,2.9819,3.0036,3.0246,3.0541,3.0660000000000003,3.0765000000000002,3.1281000000000003,3.1459,3.1881,3.2105,3.2268000000000003,3.2447000000000004,3.2765,3.2994000000000003,3.315,3.3293000000000004,3.4091,3.5534000000000003,3.7269,3.7658,3.7815000000000003,3.8095000000000003,3.8351,3.8554000000000004,3.8747000000000003,3.8991000000000002,3.9188,3.9518,3.9696000000000002,3.9924000000000004,4.0032000000000005,4.0392,4.0642000000000005,4.0943000000000005,4.1263000000000005,4.143800000000001
66415:0.0502,0.1208,0.1983,0.2301,0.2736,0.3453,0.3799,0.4506,1.2409000000000001,1.9108,1.9646000000000001,2.7085000000000004,2.7560000000000002,2.8131
66804:0.0434,0.057,0.0799,0.1097,0.14350000000000002,0.1767,0.202,0.2218,0.2513,0.28150000000000003,0.315,0.3428,0.38330000000000003,0.41910000000000003,0.4476,0.48000000000000004,0.5143,0.5439,0.5830000000000001,0.6101,0.6389,0.6668000000000001,0.6950000000000001,0.7208,0.7576,0.7896000000000001,0.8261000000000001,0.8529,0.8862,0.9106000000000001,0.9403,0.9738,1.0159,1.0487,1.0752000000000002,1.1204,1.1571,1.2176,1.2469000000000001,1.2742,1.3027,1.3416000000000001,1.3838000000000001,1.4188,1.4394,1.4738,1.5134,1.5498,1.5715000000000001,1.6025,1.6300000000000001,1.6654,1.6971,1.73,1.7761,1.8038,1.8430000000000002,1.8838000000000001,1.9213,1.9522000000000002,1.9919,2.0182,2.0472,2.0831,2.108,2.1506000000000003,2.182,2.2028000000000003,2.2347,2.2597,2.2901000000000002,2.3265000000000002,2.3599,2.3898,2.4186,2.4436,2.4769,2.5206,2.5654,2.5909,2.6249000000000002,2.672,2.704,2.7192000000000003,2.7524,2.7723,2.7959,2.8264,2.8455,2.8775,2.9016,2.9351000000000003,2.9628,2.9968000000000004,3.0291,3.0561000000000003,3.0956,3.1262000000000003,3.153,3.1754000000000002,3.2038,3.236,3.2683,3.2958000000000003,3.3259000000000003,3.3772,3.4002000000000003,3.4202000000000004,3.4587000000000003,3.5289,3.5585,3.6019,3.644,3.6794000000000002,3.7086,3.7510000000000003,3.7852,3.8236000000000003,3.8569,3.887,3.9208000000000003,3.9504,3.9770000000000003,4.0095,4.047000000000001,4.081,4.1223
67300:0.4072,0.4148,0.44880000000000003,0.45930000000000004,0.5027,0.5128,0.5227,0.5234,0.5368,0.5455,0.5498000000000001,0.5532,0.5607,0.5615,0.5708,0.5770000000000001,0.5826,0.6063000000000001,0.6107,0.6163000000000001,0.6198,0.6226,0.6251,0.6276,0.6461,0.6529,0.6597000000000001,0.6666000000000001,0.6825,0.6843,0.6845,0.6885,0.6927,0.6984,0.7068,0.7153,0.7219,0.7282000000000001,0.7308,0.7553000000000001,0.7571,0.7586,0.7626000000000001,0.768,0.7688,0.7721,0.78,0.7805000000000001,0.7848,0.7859,0.7884,0.7982,0.8047000000000001,0.8096,0.8195,0.8246,0.8258000000000001,0.8288000000000001,0.8408,0.8588,0.8647,0.8708,0.8748,0.8764000000000001,0.8803000000000001,0.8808,0.881,0.8863000000000001,0.891,0.8983000000000001,0.8996000000000001,0.9157000000000001,0.9232,0.9251,0.9273,0.9303,0.9311,0.9369000000000001,0.9398000000000001,0.9892000000000001,0.9908,0.9967,1.0024,1.0170000000000001,1.0506,1.0613000000000001,1.0828,1.085,1.0926,1.1027,1.1377000000000002,1.1633,1.2411,1.2557,1.2655,1.3271000000000002,1.3315000000000001,1.3322,1.3432000000000002,1.3553000000000002,1.3591,1.3612,1.3651,1.3706,1.3734000000000002,1.4104,1.4151,1.4156,1.4173,1.4226,1.4236,1.4297,1.4343000000000001,1.4394,1.4403000000000001,1.4459,1.4614,1.4697,1.4729,1.4952,1.5069000000000001,1.5092,1.5218,1.5349000000000002,1.5498,1.5618,1.5708,1.5759,1.5883,1.5897000000000001,1.5912000000000002,1.6052000000000002,1.6098000000000001,1.6238000000000001,1.6408,1.649,1.6501000000000001,1.6521000000000001,1.6555,1.6593,1.6609,1.6745,1.6824000000000001,1.6871,1.6896,1.6899000000000002,1.7031,1.7080000000000002,1.7088,1.7191,1.7227000000000001,1.7235,1.729,1.738,1.7404000000000002,1.7417,1.7426000000000001,1.7448000000000001,1.7517,2.0206,2.0625,2.0772,2.0916,2.1077,2.1097,2.1124,2.1235,2.1249000000000002,2.1284,2.1287000000000003,2.1316,2.154,2.158,2.169,2.1756,2.1769000000000003,2.1799,2.1806,2.1904,2.2168,2.2201,2.2266,2.2292,2.2309,2.2378,2.2389,2.2482,2.2534,2.2576,2.2666,2.2701000000000002,2.2768,2.2904,2.2974,2.3021000000000003,2.3068,2.3174,2.3428,2.3625000000000003,2.3698,2.3716,2.3754,2.3970000000000002,2.415,2.4164000000000003,2.4166000000000003,2.4235,2.434,2.4412000000000003,2.4555000000000002,2.4742,2.4762,2.4814000000000003,2.4821,2.4848,2.4864,2.4879000000000002,2.5059,2.517,2.537,2.5492,2.5515000000000003,2.5563000000000002,2.5961000000000003,2.5976,2.6469,2.6481000000000003,2.8116000000000003,2.8549,2.8567,2.9084000000000003,2.9157,2.9183000000000003,2.9213,2.9495,2.9507000000000003,2.9608000000000003,2.975,2.976,2.9843,2.9955000000000003,3.0097,3.011,3.0247,3.0272,3.0293,3.0318,3.0398,3.0525,3.0575,3.0663,3.0716,3.0784000000000002,3.0811,3.0863,3.0965000000000003,3.0972,3.1168,3.12,3.1217,3.1235,3.1415,3.1426000000000003,3.1429,3.1456,3.1481000000000003,3.1618,3.1622000000000003,3.1703,3.1717,3.1724,3.1746000000000003,3.1837,3.2,3.2070000000000003,3.2161,3.2164,3.2175000000000002,3.2178,3.2209000000000003,3.2439,3.2542,3.2571000000000003,3.2586,3.2635,3.2640000000000002,3.29,3.2992000000000004,3.3436000000000003,3.355,3.3559,3.3598000000000003,3.3661000000000003,3.3708,3.3733,3.3985000000000003,3.4072,3.4088000000000003,3.4228,3.4274,3.4286000000000003,3.4478,3.6138000000000003,3.6346000000000003,3.6657,3.6959,3.6974,3.7015000000000002,3.7098,3.7125000000000004,3.7191,3.7268000000000003,3.7439,3.749,3.7513,3.7535000000000003,3.7599,3.7613000000000003,3.7615000000000003,3.7952000000000004,3.8037,3.8086,3.8135000000000003,3.8182,3.8344,3.8476000000000004,3.8555,3.8754000000000004,3.8761,3.8816,3.8959,3.9072,3.9268,3.9294000000000002,3.9313000000000002,3.9359,3.9402000000000004,3.9453,3.9476,3.9489,3.9547000000000003,3.966,3.9687,3.9725,3.9796,3.9897,3.9939,3.9942,4.0057,4.006,4.0103,4.017,4.020700000000001,4.0289,4.0336,4.0374,4.0387,4.0443,4.0666,4.0781,4.0936,4.1329,4.138
67714:0.1923,0.6179,0.6475000000000001,0.6739,0.6967,0.7154,0.7428,0.7578,0.783,0.8045,0.8176,0.8417,0.8561000000000001,0.8915000000000001,0.9118,0.9257000000000001,0.9627,1.0041,1.0416,1.3897000000000002,1.4237,1.4460000000000002,1.474,1.5137,1.5323,1.5810000000000002,1.6086,1.6452,1.6756,1.7537,2.1779,2.2224,2.2364,2.2595,2.287,2.3188,2.3298,2.3594,2.3834,2.3957,2.4118,2.4407,2.4542,2.4818000000000002,2.4899,2.5051,2.5557000000000003,3.0065,3.0363,3.0528,3.0689,3.1046,3.1214,3.1427,3.152,3.1933000000000002,3.2173000000000003,3.2326,3.2579000000000002,3.2732,3.2963,3.3058,3.334,3.3591,3.4204000000000003,3.7447000000000004,3.7865,3.8305000000000002,3.8419000000000003,3.8668,3.9023000000000003,3.9207,3.9554,3.9742,3.9993000000000003,4.0355,4.1093
67867:0.049100000000000005,0.1937,0.2446,0.3124,0.3662,0.42810000000000004,0.5012,1.1851,1.2357,1.8922,1.9733,2.069,2.6626000000000003,2.7298,2.7625,2.8434,3.5238,3.5834
67967:0.1864,0.23370000000000002,0.44420000000000004,1.9295,2.017,2.7963,3.5631000000000004
67983:0.6366,0.7503000000000001,0.8651000000000001,0.9582,1.4420000000000002,1.542,1.6003,1.6400000000000001,2.2198,2.3403,2.4197,2.4493,2.5529,2.9818000000000002,3.0442,3.1107,3.2227,3.4182,3.7746000000000004,3.8587000000000002,3.9346,4.0202
68044:0.7381000000000001,0.8886000000000001,0.9335,1.1285,2.47,3.8865000000000003,3.9752,3.9901,4.0359
68180:2.2929
68263:1.719,2.3181000000000003,3.9170000000000003,4.0848
68295:0.8616,2.2236000000000002,2.428,3.0791,3.1765000000000003,3.2824,3.9192
68491:0.029900000000000003,0.056400000000000006,0.0786,0.10160000000000001,0.1216,0.1427,0.15860000000000002,0.1903,0.2079,0.2281,0.2414,0.2644,0.28350000000000003,0.3023,0.3287,0.35450000000000004,0.3766,0.39880000000000004,0.42700000000000005,0.44830000000000003,0.46780000000000005,0.4853,0.49920000000000003,0.5127,0.5279,0.5478000000000001,0.5681,0.5877,0.603,0.6238,0.6423,0.66,0.6761,0.6916,0.7090000000000001,0.727,0.7456,0.7629,0.7808,0.8006000000000001,0.8152,0.8324,0.8487,0.8692000000000001,0.8833000000000001,0.8983000000000001,0.917,0.9466,0.9684,0.9916,1.0233,1.0392000000000001,1.0618,1.0912,1.1047,1.1251,1.1459000000000001,1.1772,1.1984000000000001,1.2193,1.252,1.2641,1.2817,1.2994,1.3124,1.3419,1.3821,1.3974,1.4260000000000002,1.4455,1.4668,1.4823000000000002,1.5062,1.5215,1.554,1.5741,1.6069,1.6218000000000001,1.6455000000000002,1.6657000000000002,1.6882000000000001,1.7076,1.7212,1.7359,1.7494,1.7654,1.7862,1.7989000000000002,1.8178,1.8448,1.868,1.8982,1.9275,1.9469,1.9663000000000002,1.9843000000000002,2.0098000000000003,2.0342000000000002,2.0644,2.0865,2.0974,2.1174,2.1377,2.1531000000000002,2.1757,2.1968,2.2208,2.2386,2.2556000000000003,2.277,2.2955,2.3118000000000003,2.331,2.3571,2.3731,2.3891,2.4063000000000003,2.4319,2.4473000000000003,2.4721,2.5012000000000003,2.5345,2.555,2.5655,2.5895,2.6049,2.6392,2.6579,2.6806,2.7018,2.7168,2.7373000000000003,2.7550000000000003,2.7746,2.8039,2.8289,2.8482000000000003,2.8677,2.8829000000000002,2.9035,2.9247,2.9479,2.9702,2.9915000000000003,3.0077000000000003,3.0239000000000003,3.0438,3.0639000000000003,3.0942000000000003,3.1117000000000004,3.1341,3.1519000000000004,3.1704000000000003,3.1914000000000002,3.2054,3.2252,3.2412,3.2531000000000003,3.2735000000000003,3.2926,3.3117,3.3273,3.3473,3.3738,3.3963,3.4219000000000004,3.4377,3.4569,3.4894000000000003,3.5174000000000003,3.5305,3.5611,3.5946000000000002,3.6193,3.6419,3.6620000000000004,3.6779,3.6947,3.7101,3.7261,3.7473,3.7767000000000004,3.7925,3.8167,3.838,3.855,3.8733,3.8873,3.9098,3.9258,3.9552,3.9722000000000004,3.9925,4.0077,4.0339,4.0595,4.0998,4.119400000000001,4.1333,4.1471
68574:2.29
68687:0.1198,0.4591,1.1542000000000001,1.9659000000000002,2.7267,3.5085
68709:2.8715
68873:0.0079,0.015700000000000002,0.020800000000000003,0.0258,0.033100000000000004,0.0396,0.0454,0.0517,0.0611,0.066,0.0756,0.0829,0.092,0.0995,0.10740000000000001,0.1119,0.1189,0.12660000000000002,0.13290000000000002,0.14020000000000002,0.14650000000000002,0.15660000000000002,0.1612,0.1686,0.1744,0.18180000000000002,0.1877,0.1948,0.19970000000000002,0.2051,0.21300000000000002,0.2218,0.2291,0.23440000000000003,0.2398,0.2513,0.2592,0.2645,0.2697,0.27640000000000003,0.2862,0.2953,0.3024,0.30970000000000003,0.3178,0.3271,0.33430000000000004,0.34040000000000004,0.3472,0.3573,0.3638,0.3723,0.38020000000000004,0.38830000000000003,0.3962,0.4051,0.4131,0.4208,0.4277,0.4365,0.4423,0.4505,0.45980000000000004,0.46740000000000004,0.4733,0.4834,0.4909,0.49720000000000003,0.5033,0.5178,0.5317000000000001,0.5377000000000001,0.6057,1.0205,1.034,1.0450000000000002,1.0539,1.0694000000000001,1.0858,1.0954000000000002,1.1107,1.1177000000000001,1.1241,1.1365,1.1425,1.1475,1.1543,1.1678,1.1726,1.1825,1.1898,1.2018,1.2072,1.215,1.2233,1.2284000000000002,1.2334,1.2389000000000001,1.2453,1.2530000000000001,1.2602,1.2708000000000002,1.2765,1.2857,1.2904,1.3002,1.3132000000000001,1.3229,1.3361,1.3456000000000001,1.7202000000000002,1.726,1.7445000000000002,1.7625000000000002,1.774,1.7887000000000002,1.7967000000000002,1.8054000000000001,1.8145,1.8259,1.8333000000000002,1.8392000000000002,1.8471000000000002,1.8539,1.8588,1.8657000000000001,1.8744,1.881,1.8888,1.8959000000000001,1.9035000000000002,1.9089,1.9164,1.923,1.9332,1.9401000000000002,1.9462000000000002,1.9532,1.9601000000000002,1.9691,1.9769,1.9836,1.9892,1.998,2.0043,2.0155000000000003,2.0243,2.0322,2.0422000000000002,2.0532,2.0604,2.0692,2.0802,2.0853,2.0942000000000003,2.1016,2.1273,2.1407000000000003,2.1514,2.5580000000000003,2.5626,2.5824000000000003,2.5881000000000003,2.6002,2.611,2.6203000000000003,2.6278,2.6348000000000003,2.6407000000000003,2.6539,2.6596,2.6679,2.6790000000000003,2.6859,2.6914000000000002,2.7,2.7077,2.7151,2.7212,2.732,2.7392000000000003,2.7451000000000003,2.7504,2.7589,2.7667,2.7748,2.7807,2.7873,2.7931,2.7993,2.8042000000000002,2.8104,2.8182,2.8228,2.8303000000000003,2.8373,2.8428,2.8498,2.8557,2.8666,2.8722000000000003,2.8841,2.8938,2.8992,2.9257,2.9408000000000003,2.9554,3.3698,3.3743000000000003,3.3960000000000004,3.4079,3.4167,3.4324000000000003,3.4407,3.4473000000000003,3.4566000000000003,3.4639,3.4716,3.4770000000000003,3.4858000000000002,3.4933,3.5057,3.5116,3.5205,3.5261,3.5334000000000003,3.5397000000000003,3.5473000000000003,3.5519000000000003,3.5610000000000004,3.5705,3.5773,3.5829,3.5939,3.5987,3.6112,3.6255,3.6319000000000004,3.6418000000000004,3.6545,3.6606,3.6705,3.6763000000000003,3.6896,3.6975000000000002,3.7275,3.7511,4.1084000000000005,4.1171,4.1304,4.141
68994:0.5486,0.56,0.5746,0.5887,0.6016,0.6128,0.6215,0.6314000000000001,0.6434000000000001,0.6519,0.6626000000000001,0.677,0.6873,0.6961,0.7064,0.7161000000000001,0.7266,0.7371000000000001,0.7474000000000001,0.7615000000000001,0.7745000000000001,0.7842,0.7932,0.8041,0.8161,0.8255,0.8352,0.8461000000000001,0.8572000000000001,0.8658,0.8758,0.8859,0.8972,0.9074000000000001,0.9177000000000001,0.9291,0.9403,0.9521000000000001,0.9634,0.9736,0.9839,0.9938,1.0084,1.0199,1.0331000000000001,1.0470000000000002,1.0725,1.0902,1.3223,1.3402,1.3589,1.3713,1.3806,1.3923,1.4020000000000001,1.4114,1.4231,1.4333,1.4477,1.4579,1.47,1.4816,1.4903000000000002,1.5043,1.5158,1.5296,1.5412000000000001,1.5558,1.5647,1.5762,1.5891000000000002,1.6003,1.6101,1.621,1.6311,1.6438000000000001,1.6551,1.6674,1.6773,1.6902000000000001,1.7028,1.7184000000000001,1.7302000000000002,1.7448000000000001,1.7586000000000002,2.1104000000000003,2.1212,2.1404,2.1579,2.1719,2.181,2.1904,2.2024,2.2136,2.2217000000000002,2.2312000000000003,2.2428,2.2529,2.2632000000000003,2.2735000000000003,2.2846,2.2961,2.305,2.3147,2.3247,2.3360000000000003,2.3486000000000002,2.3577,2.3677,2.3760000000000003,2.3849,2.3965,2.4056,2.4144,2.4261,2.4353000000000002,2.4472,2.4598,2.4711000000000003,2.4811,2.4893,2.4987,2.5085,2.5232,2.5365,2.5497,2.5668,2.583,2.9172000000000002,2.9281,2.9463000000000004,2.9586,2.9684,2.9779,2.9885,3.0026,3.0123,3.0254000000000003,3.0356,3.0479000000000003,3.0567,3.0660000000000003,3.076,3.0867,3.0993,3.1102000000000003,3.1211,3.1322,3.1406,3.1509,3.1595,3.1686,3.1774,3.1884,3.1973000000000003,3.2077,3.2181,3.2292,3.2437,3.2533000000000003,3.2638000000000003,3.2726,3.2837,3.2925,3.302,3.3111,3.3225000000000002,3.3353,3.3440000000000003,3.3564000000000003,3.3771,3.398,3.4202000000000004,3.6738,3.6998,3.7108000000000003,3.7232000000000003,3.7383,3.7534,3.7656,3.7767000000000004,3.7872000000000003,3.7985,3.8109,3.8217000000000003,3.8360000000000003,3.8502,3.8605,3.8732,3.8854,3.8975000000000004,3.9091,3.9179000000000004,3.9277,3.9387000000000003,3.9499000000000004,3.9592,3.9730000000000003,3.9844000000000004,3.9934000000000003,4.0035,4.0135000000000005,4.0237,4.0368,4.0488,4.0605,4.0769,4.0924000000000005,4.1052,4.1224,4.1353
69116:0.44220000000000004,0.5153,2.0163,2.7174,2.7922000000000002,3.5356
69200:0.07060000000000001,0.19160000000000002,0.43060000000000004,1.9415,2.7115,2.7341,2.7811000000000003,3.5574000000000003
69226:0.7163,1.7101000000000002,2.3106,2.3202000000000003,3.8165,3.8592,3.903,3.9160000000000004,4.0680000000000005
69613:0.5828,0.6173000000000001,0.6458,0.6631,0.6792,0.7022,0.7483000000000001,0.7612,0.7869,0.8221,0.8637,0.8951,0.9237000000000001,0.9655,0.9979,1.3813,1.4204,1.4385000000000001,1.4851,1.5146000000000002,1.5702,1.6104,1.6463,1.6855,1.7301000000000002,2.1745,2.2038,2.2261,2.2594000000000003,2.2959,2.3232,2.3669000000000002,2.387,2.4311000000000003,2.4777,2.4923,2.5288,2.5644,2.9761,3.0001,3.0323,3.0457,3.0801000000000003,3.1096000000000004,3.1526,3.1896,3.2492,3.2694,3.2984,3.3367,3.3618,3.7692,3.7967,3.8417000000000003,3.9021000000000003,3.9206000000000003,3.9633000000000003,4.0062,4.0397,4.1074
69626:0.0137,0.027200000000000002,0.033800000000000004,0.042300000000000004,0.0538,0.0601,0.07300000000000001,0.0839,0.0946,0.1052,0.11220000000000001,0.1206,0.1386,0.1447,0.1559,0.16290000000000002,0.17420000000000002,0.18680000000000002,0.19360000000000002,0.2049,0.21380000000000002,0.2184,0.2262,0.2348,0.2411,0.24760000000000001,0.25620000000000004,0.2677,0.273,0.28340000000000004,0.2972,0.3079,0.3242,0.33130000000000004,0.34240000000000004,0.3559,0.3645,0.3743,0.3829,0.3906,0.40080000000000005,0.4101,0.41850000000000004,0.42750000000000005,0.4374,0.44620000000000004,0.4559,0.46530000000000005,0.4743,0.4848,0.49420000000000003,0.5055000000000001,0.5126000000000001,0.5204,0.5301,0.54,0.5493,0.5583,0.5666,0.5768,0.5833,0.5903,0.5984,0.6067,0.6135,0.6219,0.631,0.6371,0.6481,0.6563,0.6634,0.6771,0.6847000000000001,0.6920000000000001,0.6995,0.7065,0.7130000000000001,0.7227,0.7303000000000001,0.7362000000000001,0.7428,0.756,0.7639,0.7719,0.7798,0.7894,0.7987000000000001,0.8056000000000001,0.8147000000000001,0.8243,0.8311000000000001,0.8410000000000001,0.8494,0.8587,0.8683000000000001,0.8762000000000001,0.887,0.8965000000000001,0.9028,0.9122,0.9213,0.9297000000000001,0.9389000000000001,0.9489000000000001,0.9544,0.9652000000000001,0.9781000000000001,0.9863000000000001,0.9923000000000001,0.9981000000000001,1.0067000000000002,1.0175,1.0242,1.0294,1.0361,1.0435,1.0505,1.0613000000000001,1.0693000000000001,1.078,1.0904,1.097,1.1038000000000001,1.1127,1.1188,1.1283,1.1380000000000001,1.1448,1.1534,1.1641000000000001,1.1726,1.1792,1.1881000000000002,1.1953,1.2035,1.2148,1.2255,1.2341,1.242,1.2518,1.2623,1.272,1.2804,1.2883,1.2987,1.3090000000000002,1.3207,1.3294000000000001,1.337,1.345,1.3524,1.36,1.369,1.3761,1.3812,1.3904,1.3963,1.4063,1.411,1.4193,1.429,1.4388,1.4486,1.4596,1.4679,1.4785000000000001,1.4879,1.4965000000000002,1.5050000000000001,1.5138,1.5255,1.5384,1.5456,1.5533000000000001,1.5647,1.5729,1.5806,1.5879,1.5951000000000002,1.6049,1.611,1.6205,1.6312,1.6435000000000002,1.6516000000000002,1.6627,1.6718000000000002,1.6824000000000001,1.6912,1.6993,1.705,1.7143000000000002,1.7209,1.7283000000000002,1.7386000000000001,1.7477,1.7556,1.7625000000000002,1.7682,1.776,1.7847000000000002,1.7971000000000001,1.8058,1.8148000000000002,1.8238,1.8349000000000002,1.8422,1.848,1.859,1.8673000000000002,1.8749,1.8893000000000002,1.8979000000000001,1.9044,1.9132,1.9247,1.9321000000000002,1.9436,1.9531,1.9599000000000002,1.9660000000000002,1.9748,1.9824000000000002,1.9894,1.9998,2.0079000000000002,2.0186,2.0263,2.0359000000000003,2.048,2.0551,2.0651,2.0769,2.0847,2.0940000000000003,2.0997,2.1083000000000003,2.1175,2.1253,2.1341,2.1422,2.1547,2.1634,2.1734,2.1827,2.1904,2.1996,2.2076000000000002,2.2156000000000002,2.2230000000000003,2.2307,2.2415000000000003,2.2518000000000002,2.2647,2.2755,2.2815000000000003,2.2959,2.305,2.3145000000000002,2.3223000000000003,2.3309,2.3391,2.3514,2.3604000000000003,2.3695,2.3772,2.3845,2.3921,2.4011,2.4102,2.4204000000000003,2.4282,2.4424,2.451,2.4573,2.4663,2.4739,2.4863,2.4956,2.5084,2.5169,2.5283,2.536,2.5453,2.5527,2.5604,2.5691,2.5782000000000003,2.5853,2.592,2.5995,2.6059,2.6138000000000003,2.6224000000000003,2.6333,2.6393,2.6469,2.6569000000000003,2.6631,2.6716,2.6791,2.6909,2.7021,2.7089000000000003,2.7156000000000002,2.7263,2.7368,2.7486,2.7564,2.7657000000000003,2.7781000000000002,2.7859000000000003,2.7932,2.8045,2.8118000000000003,2.8179000000000003,2.826,2.8359,2.8464,2.8539000000000003,2.8582,2.8648000000000002,2.8747000000000003,2.8836,2.8924000000000003,2.8989000000000003,2.908,2.9149000000000003,2.9226,2.9307000000000003,2.9425000000000003,2.9526000000000003,2.9602,2.9697,2.9752,2.9850000000000003,2.9927,3.0005,3.0140000000000002,3.0271000000000003,3.0361000000000002,3.0473000000000003,3.056,3.0623,3.0693,3.0791,3.0875000000000004,3.0951,3.1018000000000003,3.1115,3.119,3.125,3.1322,3.1407000000000003,3.1518,3.1617,3.1683000000000003,3.1787,3.1875,3.1948000000000003,3.2052,3.2141,3.2209000000000003,3.2296,3.2408,3.2499000000000002,3.2603,3.2675,3.2766,3.286,3.2936,3.3036000000000003,3.3111,3.3245,3.3319,3.3391,3.345,3.3523,3.3616,3.3729,3.3804000000000003,3.3905000000000003,3.3994,3.4122000000000003,3.4224,3.4331,3.4403,3.4493,3.46,3.4662,3.4753000000000003,3.4834,3.4918,3.4989000000000003,3.5057,3.516,3.5214000000000003,3.5363,3.5475000000000003,3.5564,3.5652000000000004,3.5724,3.5809,3.5902000000000003,3.6078,3.6185,3.6249000000000002,3.6310000000000002,3.6397000000000004,3.6483000000000003,3.66,3.6669,3.6739,3.6806,3.6889000000000003,3.6976,3.7067,3.7167000000000003,3.7261,3.7364,3.7435,3.7519,3.7648,3.777,3.7881,3.7951,3.8062,3.8184,3.8288,3.8383000000000003,3.8477,3.8558000000000003,3.8673,3.8728000000000002,3.8851,3.8929,3.9024,3.9105000000000003,3.9204000000000003,3.9326000000000003,3.9436,3.9502,3.9623000000000004,3.9709000000000003,3.9815,3.9892000000000003,3.9993000000000003,4.0068,4.0157,4.021100000000001,4.0316,4.0414,4.048900000000001,4.0603,4.0682,4.0765,4.0842,4.0925,4.0981000000000005,4.1067,4.1146,4.1218,4.1290000000000004,4.1357,4.1402,4.1484000000000005
69902:0.065,0.4465
69919:0.016,0.024900000000000002,0.0291,0.048100000000000004,0.0804,0.092,0.09580000000000001,0.09970000000000001,0.1073,0.1126,0.1221,0.1322,0.1385,0.1492,0.16740000000000002,0.17450000000000002,0.192,0.19720000000000001,0.2028,0.22260000000000002,0.23800000000000002,0.24330000000000002,0.2762,0.29200000000000004,0.2997,0.3124,0.3451,0.3653,0.389,0.3957,0.4017,0.4184,0.4272,0.43510000000000004,0.45840000000000003,0.47000000000000003,0.5009,0.5266000000000001,0.5414,0.5899,0.6076,0.6629,0.6989000000000001,0.727,0.7543000000000001,0.8065,0.8431000000000001,0.9272,0.9558000000000001,1.0132,1.0226,1.0283,1.0511000000000001,1.0617,1.0777,1.0818,1.0988,1.1078000000000001,1.1214,1.127,1.1453,1.1524,1.1759000000000002,1.1849,1.2057,1.2343,1.2415,1.2679,1.2925,1.3278,1.369,1.4124,1.5305,1.598,1.6206,1.6567,1.6758000000000002,1.7109,1.7323000000000002,1.7382000000000002,1.7519,1.7803,1.7977,1.8081,1.8237,1.8310000000000002,1.8398,1.8626,1.8668,1.8864,1.8944,1.899,1.9186,1.9259000000000002,1.9444000000000001,1.9712,1.985,1.9941000000000002,2.0013,2.0349,2.0459,2.0695,2.0791,2.0984000000000003,2.1054,2.1364,2.1579,2.1755,2.2118,2.2666,2.357,2.3637,2.3684000000000003,2.422,2.4258,2.5039000000000002,2.5516,2.5684,2.5907,2.6152,2.6233,2.6403000000000003,2.6594,2.6795,2.6910000000000003,2.7175000000000002,2.7284,2.7447,2.7622,2.7899000000000003,2.8174,2.8339000000000003,2.8415,2.846,2.8662,2.8746,2.8939,2.9007,2.9381,2.9475000000000002,2.9585000000000004,2.9813,3.0406,3.0447,3.0876,3.1278,3.1489000000000003,3.2474000000000003,3.2840000000000003,3.31,3.3585000000000003,3.382,3.4156,3.4205,3.442,3.4518,3.4561,3.47,3.4743000000000004,3.4783,3.4949000000000003,3.5118,3.523,3.5286,3.5333,3.5549,3.5744000000000002,3.5853,3.6074,3.6125000000000003,3.6397000000000004,3.6466000000000003,3.6762,3.6998,3.7396000000000003,3.7491000000000003,3.7982,3.8052,3.8930000000000002,3.9335,3.9831000000000003,4.0542,4.1143,4.131600000000001
70048:0.0035,0.0081,0.008700000000000001,0.0159,0.0194,0.0251,0.0261,0.033800000000000004,0.0349,0.0477,0.0528,0.0649,0.0682,0.0697,0.07060000000000001,0.0722,0.0751,0.08610000000000001,0.0877,0.08850000000000001,0.08940000000000001,0.0959,0.1135,0.1153,0.1187,0.1226,0.1384,0.1398,0.14450000000000002,0.1476,0.15080000000000002,0.15610000000000002,0.1855,0.1958,0.2038,0.2157,0.2164,0.21680000000000002,0.22360000000000002,0.2265,0.2311,0.2318,0.2359,0.2444,0.25880000000000003,0.2642,0.26580000000000004,0.2665,0.2797,0.2827,0.2854,0.2856,0.2889,0.29560000000000003,0.3568,0.36560000000000004,0.3919,0.3981,0.41700000000000004,0.4272,0.4278,0.43220000000000003,0.4325,0.43670000000000003,0.4486,0.4556,0.459,0.4677,0.47000000000000003,0.47250000000000003,0.48460000000000003,0.4998,0.512,0.5183,0.5837,0.5846,0.5877,0.5921000000000001,0.9795,1.0302,1.0307,1.0536,1.0576,1.0585,1.0676,1.0875000000000001,1.0882,1.0909,1.0992,1.1035000000000001,1.1192,1.1300000000000001,1.1365,1.1540000000000001,1.1607,1.1664,1.1716,1.1754,1.2182,1.227,1.2278,1.2287000000000001,1.2405000000000002,1.2499,1.2536,1.2634,1.2666000000000002,1.2772000000000001,1.2826,1.2909000000000002,1.3034000000000001,1.3258,1.336,1.3434000000000001,1.7131,1.7147000000000001,1.7245000000000001,1.7493,1.7675,1.7787000000000002,1.7817,1.7904,1.8063,1.8081,1.8108000000000002,1.824,1.8251000000000002,1.8261,1.8317,1.8581,1.8596000000000001,1.8691,1.8883,1.8969,1.8980000000000001,1.9075000000000002,1.9106,1.9112,1.9164,1.9175,1.9206,1.9249,1.9371,1.9414,1.9476,1.9540000000000002,1.9554,1.9601000000000002,1.9612,1.9687000000000001,1.9735,1.9852,1.9898,2.0017,2.0091,2.0141,2.0155000000000003,2.0288,2.0417,2.0516,2.0715,2.0826000000000002,2.0837,2.085,2.0925000000000002,2.1269,2.1279,2.146,2.5529,2.5541,2.6059,2.6121000000000003,2.6291,2.6365000000000003,2.6419,2.646,2.6779,2.6854,2.6974,2.7122,2.7128,2.721,2.7375000000000003,2.738,2.7537000000000003,2.758,2.7616,2.7629,2.7635,2.7679,2.7735000000000003,2.7743,2.7809,2.7817000000000003,2.7961,2.8022,2.8043,2.8382,2.8441,2.8446000000000002,2.8571,2.8642000000000003,2.8652,2.8947000000000003,2.8971,2.8977,2.9192,2.9317,3.3383000000000003,3.3443,3.3548,3.3639,3.3672,3.3963,3.4238,3.4272,3.439,3.4435000000000002,3.4452000000000003,3.4462,3.447,3.4582,3.4591000000000003,3.4610000000000003,3.4628,3.4727,3.4739,3.4789000000000003,3.4844000000000004,3.4856000000000003,3.491,3.4935,3.4943,3.4957000000000003,3.5050000000000003,3.5062,3.5202,3.5210000000000004,3.5212000000000003,3.5503,3.5508,3.5569,3.5578000000000003,3.5619,3.5686,3.5861,3.6098000000000003,3.6272,3.6457,3.6923000000000004,3.7003000000000004,3.7325000000000004,4.069500000000001,4.1204
70066:0.028300000000000002,0.060700000000000004,0.1525,0.20980000000000001,0.28950000000000004,0.4348,0.48150000000000004,1.1314,1.1599000000000002,1.9021000000000001,2.012,2.6967000000000003,2.7673,2.8087,3.5369
70201:0.0952,1.1528
70490:0.0021000000000000003,0.0041,0.0162,0.0193,0.0303,0.032,0.0417,0.042800000000000005,0.0432,0.0473,0.0477,0.0558,0.0737,0.07780000000000001,0.0833,0.0857,0.0925,0.09720000000000001,0.1019,0.1047,0.109,0.1202,0.127,0.1293,0.1563,0.1739,0.2039,0.21050000000000002,0.21100000000000002,0.2151,0.2422,0.2466,0.2469,0.2485,0.2509,0.2515,0.2541,0.2548,0.263,0.2667,0.2738,0.304,0.30960000000000004,0.313,0.325,0.3367,0.3382,0.3506,0.3578,0.35900000000000004,0.365,0.3766,0.3834,0.3936,0.3941,0.3952,0.4096,0.4143,0.4228,0.447,0.44970000000000004,0.4592,0.462,0.46530000000000005,0.47600000000000003,0.48410000000000003,0.49200000000000005,0.49470000000000003,0.49710000000000004,0.5132,0.5165000000000001,0.5213,0.5249,0.5488000000000001,0.5573,0.5836,0.9572,0.9968,1.0203,1.0523,1.0972,1.1001,1.1008,1.1011,1.1163,1.1166,1.1179000000000001,1.1234,1.1261,1.1367,1.1386,1.1413,1.1431,1.1591,1.1781000000000001,1.1811,1.1829,1.1840000000000002,1.1894,1.1964000000000001,1.2004000000000001,1.2029,1.2106000000000001,1.2174,1.2195,1.2202,1.2295,1.2344000000000002,1.2367000000000001,1.2414,1.243,1.2459,1.2471,1.2488000000000001,1.2618,1.2831000000000001,1.2922,1.2966,1.3047,1.3184,1.3751,1.3920000000000001,1.7053,1.7554,1.7953000000000001,1.8093000000000001,1.8163,1.8265,1.84,1.8412000000000002,1.8543,1.8558000000000001,1.8644,1.8651,1.8799000000000001,1.8833000000000002,1.8953,1.8973,1.9046,1.9055000000000002,1.9085,1.9196000000000002,1.9209,1.9239000000000002,1.9312,1.9347,1.9457,1.9488,1.9564000000000001,1.9659000000000002,1.9717,1.977,1.9772,1.9818,1.9827000000000001,1.9905000000000002,1.9917,1.9932,1.998,2.0147,2.0194,2.0276,2.0365,2.0472,2.0654,2.0939,2.1003000000000003,2.1404,2.1437,2.1745,2.507,2.5119000000000002,2.5215,2.5328,2.5727,2.616,2.6169000000000002,2.6175,2.6181,2.6216,2.6252,2.6287000000000003,2.6418,2.6766,2.689,2.6893000000000002,2.7141,2.7144,2.72,2.7219,2.7267,2.7334,2.7441,2.745,2.7572,2.762,2.7623,2.7679,2.7710000000000004,2.793,2.7943000000000002,2.7984,2.8043,2.8087,2.8097000000000003,2.8218,2.8266,2.8369,2.8414,2.8419000000000003,2.8429,2.8451,2.948,3.305,3.3226,3.3617000000000004,3.3872,3.3957,3.4035,3.4145000000000003,3.4173,3.4268,3.4277,3.4306,3.4314,3.4443,3.4576000000000002,3.4612000000000003,3.4678,3.4737,3.4756,3.4899,3.5017,3.5095,3.5131,3.543,3.5576000000000003,3.5612000000000004,3.5619,3.5683000000000002,3.5849,3.6059,3.6153,3.6207000000000003,3.6254,3.6335,3.6632000000000002,3.6719000000000004,3.6745,3.6895000000000002,3.6923000000000004,3.7188000000000003,3.7202,4.0535000000000005,4.1244000000000005,4.127400000000001,4.135400000000001,4.1364,4.143400000000001
70588:0.5445,0.5730000000000001,0.5930000000000001,0.6171,0.635,0.6588,0.6825,0.7018,0.7207,0.744,0.7689,0.7879,0.8097000000000001,0.8326,0.8500000000000001,0.8723000000000001,0.8951,0.9102,0.9315,0.9560000000000001,0.9740000000000001,0.9976,1.0271000000000001,1.0466,1.0912,1.3356000000000001,1.3681,1.3887,1.4100000000000001,1.4318,1.4575,1.4868000000000001,1.5132,1.5356,1.5655000000000001,1.5906,1.6148,1.6338000000000001,1.6567,1.6776,1.6971,1.7193,1.7541,2.1237,2.1479,2.1739,2.1952000000000003,2.2175000000000002,2.2334,2.255,2.2734,2.289,2.3149,2.3376,2.3565,2.3777,2.4023000000000003,2.4182,2.4367,2.4625,2.486,2.508,2.5468,2.5792,2.9165,2.9488000000000003,2.9708,2.9916,3.0159000000000002,3.0335,3.0511000000000004,3.0718,3.0882,3.1115,3.1335,3.149,3.1732,3.1952000000000003,3.2211000000000003,3.2447000000000004,3.2615000000000003,3.2862,3.3043,3.3246,3.3519,3.3894,3.4160000000000004,3.6743,3.7019,3.7245000000000004,3.7503,3.7722,3.793,3.8087,3.839,3.8611,3.8875,3.9064,3.9290000000000003,3.9491,3.9698,3.9914,4.0113,4.0404,4.0626,4.0788,4.1104,4.1398
70752:0.6980000000000001,0.9013,2.3025,2.4826,3.0105,3.1563000000000003,3.3359,3.9955000000000003
71009:0.23900000000000002,1.2439
71057:0.0151,0.0328,0.0417,0.053500000000000006,0.07300000000000001,0.0859,0.1062,0.1143,0.12190000000000001,0.1431,0.158,0.1715,0.1869,0.19390000000000002,0.2126,0.22030000000000002,0.2336,0.24280000000000002,0.2592,0.2711,0.2972,0.3111,0.32580000000000003,0.3378,0.3568,0.36920000000000003,0.3789,0.388,0.3986,0.4123,0.4254,0.4365,0.44770000000000004,0.45740000000000003,0.4662,0.4743,0.4863,0.49400000000000005,0.5024000000000001,0.5127,0.5229,0.5299,0.5396000000000001,0.544,0.5502,0.5592,0.5662,0.5719000000000001,0.5770000000000001,0.5850000000000001,0.5908,0.5978,0.6044,0.6135,0.6192000000000001,0.6252,0.6305000000000001,0.6366,0.6432,0.6493,0.6558,0.6633,0.6717000000000001,0.6795,0.6852,0.6922,0.6988000000000001,0.7039000000000001,0.7093,0.7164,0.7228,0.7296,0.7363000000000001,0.7419,0.7535000000000001,0.7589,0.7645000000000001,0.7707,0.7781,0.7846000000000001,0.7913,0.7971,0.8057000000000001,0.812,0.8173,0.8238000000000001,0.8303,0.8400000000000001,0.8462000000000001,0.8592000000000001,0.8664000000000001,0.8756,0.8817,0.8883000000000001,0.8989,0.9035000000000001,0.9086000000000001,0.9162,0.9231,0.9296000000000001,0.936,0.9456,0.9524,0.9626,0.9674,0.9764,0.9838,0.9897,0.9974000000000001,1.0056,1.0126,1.0210000000000001,1.0289000000000001,1.0345,1.0425,1.0515,1.0608,1.0656,1.0795000000000001,1.091,1.1005,1.1275,1.1338000000000001,1.1431,1.1534,1.1649,1.1800000000000002,1.1887,1.2027,1.2248,1.236,1.2435,1.254,1.2614,1.2717,1.2817,1.288,1.3006,1.3081,1.3199,1.3289,1.3394000000000001,1.3483,1.3542,1.3612,1.3668,1.3738000000000001,1.3803,1.3882,1.3945,1.4031,1.4094,1.417,1.4216,1.427,1.4323000000000001,1.4425000000000001,1.4489,1.4571,1.4644000000000001,1.4709,1.4787000000000001,1.4846000000000001,1.4917,1.5005000000000002,1.5067000000000002,1.5130000000000001,1.522,1.5281,1.5353,1.5423,1.5481,1.5565,1.5624,1.5697,1.5794000000000001,1.5858,1.5916000000000001,1.599,1.6045,1.6112000000000002,1.6176000000000001,1.6249,1.6303,1.6404,1.6456000000000002,1.6528,1.6603,1.6673,1.6759000000000002,1.6815,1.6901000000000002,1.6963000000000001,1.7041000000000002,1.7135,1.719,1.7259,1.7309,1.7406000000000001,1.7466000000000002,1.7535,1.7622,1.7722,1.7774,1.7881,1.7955,1.8043,1.8169000000000002,1.8317,1.8388,1.8475000000000001,1.8614000000000002,1.8749,1.8919000000000001,1.9040000000000001,1.9231,1.9307,1.9505000000000001,1.9604000000000001,1.9677,1.9826000000000001,1.9918,2.0065,2.0303,2.0393,2.048,2.0579,2.0675,2.0776,2.0900000000000003,2.0973,2.1032,2.1129000000000002,2.1201000000000003,2.1302000000000003,2.1404,2.1474,2.1579,2.1641,2.1698,2.1767000000000003,2.1843,2.1906000000000003,2.1979,2.2079,2.2138,2.2209000000000003,2.2281,2.2337000000000002,2.2404,2.245,2.2503,2.2555,2.2635,2.2692,2.2751,2.2817000000000003,2.2944,2.3011,2.3058,2.3112,2.3193,2.325,2.3308,2.3411,2.3479,2.3545000000000003,2.3622,2.3689,2.3762000000000003,2.3827000000000003,2.3897,2.3972,2.4033,2.4095,2.4187000000000003,2.4253,2.4314,2.4370000000000003,2.4469000000000003,2.4535,2.46,2.4684,2.4764,2.482,2.4883,2.4942,2.5013,2.5099,2.517,2.5257,2.5345,2.541,2.5491,2.5567,2.5642,2.5734,2.5811,2.5929,2.6006,2.611,2.6177,2.6259,2.6332,2.6403000000000003,2.6465,2.6568,2.6783,2.6954000000000002,2.7051000000000003,2.7375000000000003,2.7513,2.7591,2.773,2.7865,2.7949,2.8069,2.8148,2.8254,2.8369,2.8463000000000003,2.8549,2.8653,2.8807,2.8917,2.9045,2.9142,2.9215,2.9274,2.9347000000000003,2.9444000000000004,2.9519,2.959,2.967,2.9734000000000003,2.9811,2.9872,2.9928000000000003,3.0028,3.0107,3.0162,3.0238,3.0309,3.0391000000000004,3.0466,3.0528,3.0621,3.0667,3.0735,3.0785,3.0856000000000003,3.0967000000000002,3.1020000000000003,3.1096000000000004,3.1158,3.1228000000000002,3.1315,3.137,3.1454,3.1505,3.1565000000000003,3.1626000000000003,3.1681000000000004,3.1751,3.1830000000000003,3.1875,3.1949,3.2027,3.2087000000000003,3.216,3.2253000000000003,3.2311,3.2390000000000003,3.2472000000000003,3.2539000000000002,3.2591,3.2671,3.2739000000000003,3.2798000000000003,3.2862,3.2924,3.2991,3.3045,3.3121,3.3202000000000003,3.3276000000000003,3.3336,3.3404000000000003,3.3471,3.3587000000000002,3.3669000000000002,3.3742,3.3805,3.3868,3.395,3.4050000000000002,3.4135,3.422,3.4343000000000004,3.4414000000000002,3.4529,3.4604000000000004,3.471,3.4828,3.4998,3.5092000000000003,3.5204,3.5379,3.5446,3.5586,3.5727,3.5901,3.6043000000000003,3.6097,3.6196,3.6246,3.6341,3.6390000000000002,3.6510000000000002,3.6601000000000004,3.6646,3.6736,3.6801000000000004,3.6872000000000003,3.6940000000000004,3.7007000000000003,3.7087000000000003,3.7190000000000003,3.7278000000000002,3.7356000000000003,3.742,3.7512000000000003,3.7600000000000002,3.7654,3.7753,3.7805,3.7863,3.7924,3.7989,3.8086,3.8167,3.8218,3.8324000000000003,3.8385000000000002,3.845,3.8526000000000002,3.8596000000000004,3.8666,3.8720000000000003,3.8787000000000003,3.8850000000000002,3.8923,3.8999,3.9085,3.9130000000000003,3.9191000000000003,3.9269000000000003,3.9341000000000004,3.9411,3.9471000000000003,3.9545000000000003,3.9605,3.9698,3.9753000000000003,3.9811,3.9906,3.9962,4.0019,4.0079,4.0142,4.0201,4.0296,4.035200000000001,4.0411,4.0503,4.0595,4.064900000000001,4.0728,4.0825000000000005,4.0909,4.0974,4.1064,4.1135,4.1226,4.1272,4.1341,4.1424
71368:0.0674,0.10650000000000001,0.1474,0.18130000000000002,0.26980000000000004,0.33130000000000004,0.39640000000000003,0.4444,1.2293,1.7724,1.8920000000000001,1.9542000000000002,2.5624000000000002,2.7147,2.7521,2.7959,2.8629000000000002,3.5623,4.1188
71459:0.015000000000000001,0.035500000000000004,0.0538,0.08270000000000001,0.11170000000000001,0.1419,0.1635,0.19240000000000002,0.22060000000000002,0.23850000000000002,0.2642,0.2722,0.29610000000000003,0.3361,0.34450000000000003,0.364,0.3859,0.4157,0.42850000000000005,0.452,0.4621,0.4761,0.49350000000000005,0.5098,0.5221,0.5398000000000001,0.5486,0.5593,0.5704,0.5801000000000001,0.5928,0.6015,0.612,0.6265000000000001,0.6342,0.6512,0.6598,0.6676000000000001,0.6825,0.6932,0.7105,0.7245,0.7363000000000001,0.7464000000000001,0.7636000000000001,0.7729,0.7901,0.799,0.808,0.8231,0.8314,0.8416,0.8507,0.8602000000000001,0.8711000000000001,0.885,0.8965000000000001,0.9047000000000001,0.9177000000000001,0.9295,0.9396,0.9515,0.9697,0.9831000000000001,0.9936,1.0085,1.0173,1.0285,1.038,1.0451000000000001,1.0543,1.066,1.0744,1.0907,1.1044,1.119,1.1428,1.1564,1.1720000000000002,1.1837,1.2017,1.2255,1.2421,1.2632,1.2763,1.2884,1.3045,1.3139,1.3259,1.3329,1.3449,1.3555000000000001,1.3689,1.3798000000000001,1.397,1.4097000000000002,1.425,1.4336,1.4541000000000002,1.468,1.4801,1.4936,1.5127000000000002,1.5235,1.5353,1.5443,1.552,1.5637,1.5751000000000002,1.5924,1.6022,1.6098000000000001,1.6242,1.6326,1.6548,1.6628,1.6723000000000001,1.6807,1.6926,1.7029,1.7157,1.7269,1.7498,1.7623,1.7693,1.7810000000000001,1.7956,1.81,1.8216,1.8383,1.8485,1.8648,1.8737000000000001,1.9076000000000002,1.9273,1.9461000000000002,1.9597,1.9674,1.9872,2.0105,2.0496000000000003,2.0635,2.0763000000000003,2.0854,2.0992,2.1096,2.1213,2.1287000000000003,2.1385,2.1466000000000003,2.1589,2.1758,2.1885,2.1992000000000003,2.2119,2.2233,2.2325,2.2429,2.253,2.2692,2.2786,2.2937000000000003,2.3063000000000002,2.3133,2.3271,2.3354,2.351,2.3585000000000003,2.3754,2.3863000000000003,2.3994,2.4107000000000003,2.4277,2.4354,2.4545,2.4691,2.4844,2.4973,2.5098000000000003,2.5220000000000002,2.5311,2.5415,2.5500000000000003,2.5675000000000003,2.5815,2.5904000000000003,2.6016,2.6235,2.6388000000000003,2.6569000000000003,2.6671,2.6832000000000003,2.7044,2.7138,2.7403,2.7583,2.7733000000000003,2.79,2.8147,2.8314,2.8473,2.8619000000000003,2.8701000000000003,2.8887,2.8978,2.9081,2.9169,2.9263000000000003,2.9344,2.9505000000000003,2.9681,2.9784,2.9926,3.0002,3.0157000000000003,3.0286,3.0395000000000003,3.0549,3.0658000000000003,3.0772,3.0917000000000003,3.1026000000000002,3.1173,3.1278,3.1383,3.1564,3.1662000000000003,3.1774,3.1881,3.2018,3.2176,3.2309,3.2494,3.2614,3.2711,3.2841,3.2945,3.3078000000000003,3.3248,3.3334,3.3442000000000003,3.3541000000000003,3.379,3.3919,3.4017,3.4165,3.4316,3.4433000000000002,3.4554,3.4778000000000002,3.4906,3.5106,3.5241000000000002,3.5532000000000004,3.5636,3.5832,3.6089,3.6252,3.6395,3.6507,3.6609000000000003,3.6721000000000004,3.6870000000000003,3.6980000000000004,3.7070000000000003,3.7219,3.7308000000000003,3.7387,3.7522,3.7664,3.7788000000000004,3.7904,3.7997,3.8099000000000003,3.822,3.8407,3.8506,3.8757,3.8875,3.8995,3.9165,3.9245,3.9403,3.9492000000000003,3.9573,3.9754,3.9839,3.9986,4.0063,4.0145,4.0234000000000005,4.0397,4.0481,4.0597,4.074,4.0835,4.104,4.1204,4.1336,4.1421
71653:0.0801,0.2723,1.2261,3.5649
71790:0.6783,0.7191000000000001,0.7423000000000001,0.7601,0.7866000000000001,0.8095,0.8408,0.9213,1.4501000000000002,1.5122,1.5306000000000002,1.6436000000000002,1.6749,2.2273,2.2896,2.3253,2.3677,2.3841,2.4013,2.443,2.4522,2.4741,2.4797000000000002,2.4911000000000003,3.0474,3.1023,3.1099,3.1217,3.1503,3.1942000000000004,3.2235,3.274,3.3049,3.3656,3.8329,3.863,3.9451,3.9819,4.0363
72048:3.7804
72060:1.7140000000000002,2.3147,3.9135,4.08
72066:0.1854,0.4526,0.5464,0.6094,0.6862,0.8426,0.9332,1.0088000000000001,1.0733000000000001,1.3004,1.365,1.4137000000000002,1.6122,1.7121000000000002,1.7734,2.1106000000000003,2.1843,2.2863,2.3675,2.4348,2.5532,2.65,2.7077,2.8017000000000003,2.9209,2.982,3.0828,3.1481000000000003,3.2711,3.3615000000000004,3.4233000000000002,3.7078,3.7566,3.8999,3.998,4.1088000000000005
72418:0.045700000000000005,0.07390000000000001,0.1779,0.24700000000000003,0.3254,0.43760000000000004,0.6115,0.9665,1.0757,1.1652,1.1962000000000002,1.733,1.8842,1.9220000000000002,1.9597,2.0162,2.1798,2.6946000000000003,2.7187,2.7576,2.7982,2.8563,2.9627000000000003,3.0932,3.4178,3.4894000000000003,3.5202,3.5553000000000003,3.7914000000000003,4.0754
72578:0.5103,0.5237,0.54,0.5571,0.5715,0.5816,0.598,0.6087,0.6186,0.6283000000000001,0.6399,0.6537000000000001,0.6637000000000001,0.6734,0.6851,0.6957,0.7075,0.7181000000000001,0.7271000000000001,0.7412000000000001,0.753,0.7643000000000001,0.7737,0.783,0.7979,0.8150000000000001,0.8244,0.8363,0.8462000000000001,0.8597,0.8754000000000001,0.8855000000000001,0.8989,0.908,0.9181,0.9276000000000001,0.9369000000000001,0.9478000000000001,0.9578000000000001,0.9751000000000001,0.9848,0.9987,1.018,1.0364,1.0524,1.0809,1.0934000000000001,1.276,1.2946,1.3104,1.3263,1.3427,1.3551,1.3672,1.3812,1.3948,1.4037000000000002,1.4119000000000002,1.4253,1.4351,1.4467,1.4656,1.4747000000000001,1.4873,1.499,1.5095,1.5186000000000002,1.5274,1.5407000000000002,1.5575,1.5654000000000001,1.5750000000000002,1.5863,1.5999,1.6162,1.6289,1.6371,1.6564,1.6680000000000001,1.6852,1.6945000000000001,1.7038,1.7199,1.7376,1.7469000000000001,1.7589000000000001,1.7711000000000001,1.8055,2.0645000000000002,2.0937,2.1125000000000003,2.1342000000000003,2.1556,2.1662,2.1775,2.1903,2.1978,2.2112000000000003,2.2213000000000003,2.2391,2.2501,2.2586,2.2702,2.2802000000000002,2.2899000000000003,2.3071,2.3203,2.3295,2.3443,2.3560000000000003,2.3676,2.38,2.387,2.3947000000000003,2.4021,2.4141,2.422,2.4333,2.4452000000000003,2.4627000000000003,2.4711000000000003,2.4810000000000003,2.4941,2.507,2.5179,2.5353000000000003,2.5460000000000003,2.5657,2.5869,2.6006,2.6442,2.8663000000000003,2.9057,2.9162000000000003,2.9338,2.9451,2.9612000000000003,2.9715000000000003,2.9854000000000003,2.9965,3.0089,3.0224,3.0325,3.0424,3.0542000000000002,3.068,3.0765000000000002,3.0838,3.1,3.1097,3.1254,3.1329000000000002,3.1446,3.1564,3.1667,3.1816,3.1905,3.2032000000000003,3.2132,3.2225,3.2323,3.248,3.2586,3.2679,3.2771000000000003,3.2901000000000002,3.2987,3.3064,3.3247,3.3347,3.3483,3.3584,3.3800000000000003,3.3939000000000004,3.4376,3.6622000000000003,3.6853000000000002,3.6994000000000002,3.7177000000000002,3.7314000000000003,3.7423,3.7565000000000004,3.7683,3.7773000000000003,3.7896,3.8008,3.8107,3.8183000000000002,3.8309,3.8424,3.8547000000000002,3.8661000000000003,3.8802000000000003,3.8896,3.8992,3.9076000000000004,3.9166000000000003,3.9301000000000004,3.9441,3.9551000000000003,3.9664,3.9788,3.9898000000000002,4.0001,4.0094,4.0166,4.0334,4.0439,4.0608,4.0808,4.097700000000001,4.1166,4.1351,4.1475
72597:0.6408,0.6920000000000001,0.7521,0.8338,0.9025000000000001,1.0021,1.4879,1.633,1.718,2.2185,2.2913,2.3369,2.3789000000000002,2.4761,2.5507,2.9817,3.0406,3.1089,3.2272000000000003,3.2711,3.8148,3.8595,3.9551000000000003,4.0612
72623:0.5997,0.6196,0.6484,0.6889000000000001,0.7006,0.7089000000000001,0.7358,0.7454000000000001,0.7784000000000001,0.7961,0.8488,0.872,0.8821,0.8886000000000001,0.9004000000000001,0.9139,0.9236000000000001,0.9471,0.9641000000000001,0.9835,1.0949,1.3190000000000002,1.3869,1.4059000000000001,1.4163000000000001,1.4314,1.4669,1.4841,1.5012,1.5328000000000002,1.5465,1.5670000000000002,1.6059,1.6382,1.6546,1.6771,1.7041000000000002,1.7204000000000002,1.7273,2.1173,2.1578,2.1778,2.1893000000000002,2.217,2.2323,2.2722,2.3055000000000003,2.3217000000000003,2.3545000000000003,2.3791,2.3873,2.404,2.4179,2.4347000000000003,2.4610000000000003,2.4713000000000003,2.4832,2.4975,2.5138000000000003,2.5534000000000003,2.891,2.9232,2.9676,2.9823,3.0042,3.0122,3.0287,3.0472,3.0549,3.0923000000000003,3.1102000000000003,3.1220000000000003,3.1493,3.1611000000000002,3.1767000000000003,3.1872000000000003,3.2092,3.2312000000000003,3.2375000000000003,3.2577000000000003,3.2814,3.2896,3.3006,3.3184,3.3289,3.3455000000000004,3.6985,3.7369000000000003,3.7640000000000002,3.7771000000000003,3.7975000000000003,3.8187,3.8402000000000003,3.8560000000000003,3.8734,3.8898,3.9314,3.9882000000000004,4.0046,4.0149,4.0356000000000005,4.0479,4.061100000000001,4.0887,4.1022,4.1398
72719:0.012100000000000001,0.0322,0.041100000000000005,0.050100000000000006,0.0608,0.06810000000000001,0.07680000000000001,0.0833,0.09280000000000001,0.1034,0.1131,0.12250000000000001,0.131,0.1457,0.1608,0.17,0.18630000000000002,0.1942,0.20800000000000002,0.2162,0.2381,0.2656,0.2894,0.2993,0.3294,0.33690000000000003,0.3578,0.37310000000000004,0.38230000000000003,0.39790000000000003,0.4151,0.4239,0.44070000000000004,0.4509,0.46440000000000003,0.4943,0.5166000000000001,0.5409,0.5903,1.0056,1.0265,1.0404,1.0532000000000001,1.0727,1.0942,1.1167,1.1265,1.137,1.1479000000000001,1.1568,1.1642000000000001,1.1744,1.1844000000000001,1.2014,1.2304000000000002,1.2362,1.2521,1.2619,1.2732,1.2890000000000001,1.3319,1.3541,1.7112,1.7271,1.7491,1.7715,1.7844,1.7930000000000001,1.8145,1.8344,1.8521,1.861,1.8849,1.8932,1.9141000000000001,1.9399000000000002,1.9506000000000001,1.9649,1.988,2.0013,2.0194,2.033,2.0679000000000003,2.0847,2.0934,2.1334,2.1498,2.5293,2.56,2.5811,2.6108000000000002,2.6238,2.6336,2.6431,2.6618,2.6703,2.6870000000000003,2.694,2.7029,2.7117,2.7182,2.7278000000000002,2.7369000000000003,2.7462,2.7526,2.7631,2.773,2.787,2.8129,2.8324000000000003,2.8427000000000002,2.8566000000000003,2.8815,2.8978,2.9388,3.3482000000000003,3.3718000000000004,3.4133,3.4412000000000003,3.4521,3.4610000000000003,3.4728000000000003,3.4835000000000003,3.4937,3.5006000000000004,3.5127,3.5250000000000004,3.5420000000000003,3.5521000000000003,3.5705,3.579,3.5962,3.6092,3.6309,3.6409000000000002,3.6652,3.6958,3.7406,4.1033,4.1165,4.1253,4.141900000000001
72795:0.6218,0.6917,0.7548,0.8293,0.8922,1.4123,1.4917,1.5467,1.6638000000000002,2.1844,2.2312000000000003,2.3071,2.3722000000000003,2.426,2.4834,2.9931,3.0387,3.1140000000000003,3.1732,3.2332,3.2772,3.7944,3.8876000000000004,3.9499000000000004,4.009
72943:1.0549,1.7641,2.5516,2.9651
72982:0.47090000000000004,0.4968,0.5481,0.5532,0.5559000000000001,0.5581,0.5625,0.5759000000000001,0.5766,0.5840000000000001,0.5893,0.5911000000000001,0.5920000000000001,0.6004,0.6016,0.6142000000000001,0.6189,0.6221,0.6296,0.6389,0.6483,0.6515000000000001,0.6556000000000001,0.6584,0.6614,0.6657000000000001,0.6723,0.6749,0.6807000000000001,0.6857000000000001,0.7078,0.7155,0.7275,0.7372000000000001,0.7419,0.7499,0.7509,0.7584000000000001,0.7715000000000001,0.784,0.8056000000000001,0.8156,0.8238000000000001,0.8251000000000001,0.8268000000000001,0.8308000000000001,0.8333,0.8419000000000001,0.8472000000000001,0.8512000000000001,0.8589,0.8647,0.8674000000000001,0.8694000000000001,0.8775000000000001,0.8781,0.8784000000000001,0.8928,0.9165000000000001,0.9178000000000001,0.9183,0.9346000000000001,0.9496,0.9595,0.9665,0.9723,0.9732000000000001,0.9747,0.9837,1.0066,1.0089000000000001,1.0178,1.0277,1.0392000000000001,1.0482,1.0629,1.0729,1.1419000000000001,1.1547,1.1588,1.1774,1.2216,1.2411,1.2819,1.3086,1.3116,1.3233000000000001,1.3308,1.3323,1.343,1.3454000000000002,1.3465,1.3633,1.3751,1.3787,1.3901000000000001,1.3956000000000002,1.3980000000000001,1.4066,1.4104,1.4159000000000002,1.435,1.4369,1.4387,1.4419,1.4427,1.4548,1.4555,1.46,1.4721,1.4915,1.4928000000000001,1.4956,1.5029000000000001,1.5102,1.5383,1.5392000000000001,1.5853000000000002,1.6062,1.6163,1.6229,1.6292,1.6358000000000001,1.6416000000000002,1.6524,1.6546,1.6652,1.667,1.6759000000000002,1.6863000000000001,1.687,1.6893,1.6895,1.6903000000000001,1.6946,1.6972,1.6984000000000001,1.7120000000000002,1.7272,1.7374,1.7391,1.7467000000000001,1.75,1.7555,1.7721,2.0133,2.0928,2.1005000000000003,2.1314,2.142,2.1451000000000002,2.1559,2.1724,2.1908000000000003,2.1911,2.1935000000000002,2.2003,2.2022,2.2157,2.2179,2.2279,2.2303,2.2431,2.2433,2.2453000000000003,2.2535000000000003,2.2576,2.2624,2.2677,2.2743,2.2794000000000003,2.2988,2.302,2.309,2.3197,2.3272,2.3280000000000003,2.3427000000000002,2.3491,2.3493,2.3616,2.3654,2.387,2.3897,2.4057,2.4061,2.4309000000000003,2.4311000000000003,2.4352,2.4381,2.4551000000000003,2.4610000000000003,2.4784,2.4793000000000003,2.4805,2.4841,2.4844,2.4956,2.4988,2.5100000000000002,2.5118,2.5226,2.5329,2.5415,2.5671,2.575,2.5859,2.6217,2.6477,2.8651,2.8757,2.9096,2.9301,2.9487,2.9612000000000003,2.9633000000000003,2.9696000000000002,2.9739,2.9787000000000003,2.9869000000000003,2.9963,3.0099,3.0108,3.0204,3.0305,3.0335,3.0462000000000002,3.0597000000000003,3.0629,3.0633000000000004,3.0722,3.0774000000000004,3.0933,3.0984000000000003,3.1057,3.1098000000000003,3.1125000000000003,3.1206,3.1272,3.1296,3.1312,3.1377,3.141,3.1414,3.1424000000000003,3.1451000000000002,3.1481000000000003,3.153,3.1614,3.1701,3.1756,3.1781,3.1791,3.1949,3.1953,3.2037,3.2049000000000003,3.2184000000000004,3.2427,3.2484,3.2583,3.2607000000000004,3.2644,3.2646,3.2749,3.2764,3.2776,3.2830000000000004,3.2858,3.2877,3.2887,3.2898,3.2990000000000004,3.3087,3.3099000000000003,3.3151,3.3205,3.3425000000000002,3.3429,3.3519,3.3576,3.3762000000000003,3.3792,3.3866,3.3893,3.3953,3.4164000000000003,3.43,3.4355,3.4461000000000004,3.5043,3.6583,3.6752000000000002,3.6901,3.6989,3.7394000000000003,3.7402,3.7438000000000002,3.7536,3.7567000000000004,3.7604,3.77,3.7777000000000003,3.7811000000000003,3.7814,3.7872000000000003,3.7948000000000004,3.7961,3.8048,3.8124000000000002,3.8141000000000003,3.8224,3.8311,3.8337000000000003,3.8542,3.8588,3.8735000000000004,3.8756000000000004,3.8791,3.8912,3.9018,3.9118000000000004,3.919,3.9200000000000004,3.9247,3.9303000000000003,3.9309000000000003,3.9342,3.9348,3.9449,3.9528000000000003,3.9546,3.9560000000000004,3.9591000000000003,3.9766000000000004,3.9883,3.9902,3.9913000000000003,4.0063,4.0086,4.0144,4.0147,4.0334,4.0736,4.0838,4.0963,4.1097,4.1165,4.1243,4.1269,4.145700000000001
73065:0.6215,0.8919,1.4228,2.4813,3.0402,4.0093000000000005
73133:0.5506,0.6355000000000001,0.6804,0.7501,0.8219000000000001,0.8659,0.9321,0.9767,1.076,1.4049,1.4419,1.5111,1.5993000000000002,1.6634,1.7342000000000002,2.1851000000000003,2.2223,2.2829,2.3277,2.3673,2.4347000000000003,2.4799,2.5255,2.982,3.0235000000000003,3.0939,3.1327000000000003,3.1881,3.2602,3.3021000000000003,3.4208000000000003,3.8068,3.8602000000000003,3.9040000000000004,3.9812000000000003,4.0248,4.0686
73177:0.6175,0.7204,0.8664000000000001,1.4232,1.6578000000000002,2.1204,2.1912000000000003,2.2369,2.2989,2.4356,2.4725,2.9885,3.0301,3.1381,3.2795,3.3475,4.0074000000000005
73365:1.9173,2.0355000000000003
73539:0.5612,0.6033000000000001,0.6404000000000001,0.6746,0.7001000000000001,0.742,0.7784000000000001,0.806,0.8444,0.8773000000000001,0.905,0.9555,1.3874,1.4268,1.4727000000000001,1.5142,1.5622,1.6038000000000001,1.6657000000000002,1.7035,2.1471,2.1939,2.2347,2.2665,2.2920000000000003,2.3225000000000002,2.3575,2.4027000000000003,2.4355,2.4726,2.547,2.6024000000000003,2.9246000000000003,2.9690000000000003,3.0056000000000003,3.0399000000000003,3.0853,3.1252,3.1587,3.1891000000000003,3.2297000000000002,3.2558000000000002,3.2920000000000003,3.3243,3.7228000000000003,3.7776,3.8147,3.855,3.8857000000000004,3.9170000000000003,3.9578,3.9899,4.0341000000000005
73607:3.3366000000000002
73682:0.0285,0.0587,0.0738,0.0804,0.1034,0.1311,0.1796,0.2325,0.2554,0.28140000000000004,0.31670000000000004,0.3428,0.3665,0.395,0.42850000000000005,0.4514,0.4767,0.5183,0.5485,1.1528,1.1929,1.223,1.2565,1.2788000000000002,1.7177,1.9016000000000002,1.9323000000000001,1.9578,1.9919,2.015,2.0394,2.0472,2.1114,2.6838,2.7032000000000003,2.7193,2.7393,2.7569000000000004,2.7756000000000003,2.7987,2.8373,2.9043,2.9645,3.4996,3.5299,3.5612000000000004,3.584,3.9167
73766:0.046200000000000005,0.1121,0.2028,0.2252,0.26580000000000004,0.28800000000000003,0.3467,0.39390000000000003,0.447,0.4933,0.5208,1.1501000000000001,1.1777,1.2227000000000001,1.3089,1.8652000000000002,1.9448,1.9685000000000001,2.6918,2.7108000000000003,2.7406,2.7710000000000004,2.83,3.4610000000000003,3.4974000000000003,3.5258000000000003,3.641
73842:0.0592,0.2336,0.43720000000000003,1.8854000000000002,1.9309,2.0145,2.7059,2.8026,3.5405
74126:2.8716
74159:0.0196,0.029400000000000003,0.0432,0.0634,0.0782,0.09630000000000001,0.1106,0.1228,0.13670000000000002,0.1505,0.1652,0.1779,0.1898,0.2034,0.21660000000000001,0.232,0.24380000000000002,0.264,0.2737,0.2884,0.3058,0.32180000000000003,0.3365,0.35150000000000003,0.36760000000000004,0.38370000000000004,0.39940000000000003,0.4166,0.4329,0.44520000000000004,0.4625,0.47700000000000004,0.4949,0.5068,0.5346000000000001,1.0379,1.0725,1.0974000000000002,1.1211,1.1403,1.1515,1.1726,1.1936,1.2094,1.2273,1.2371,1.2475,1.2734,1.29,1.3043,1.3248,1.7296,1.7657,1.7938,1.8092000000000001,1.8296000000000001,1.8427,1.8571000000000002,1.8696000000000002,1.8829,1.9001000000000001,1.9125,1.9266,1.9427,1.9573,1.9726000000000001,1.9856,2.0024,2.0196,2.0344,2.0598,2.0727,2.0966,2.1328,2.1554,2.5665,2.5916,2.6146000000000003,2.6374,2.6579,2.6719,2.6894,2.7039,2.7164,2.7361,2.7486,2.7635,2.7776,2.7908,2.8036000000000003,2.814,2.8258,2.8417000000000003,2.854,2.8695,2.8888000000000003,2.9032,2.9342,2.9602,3.3787000000000003,3.4120000000000004,3.4382,3.4509000000000003,3.468,3.4806000000000004,3.4968000000000004,3.5154,3.5297,3.5432,3.5556,3.5762,3.5865,3.6022000000000003,3.6300000000000003,3.6451000000000002,3.6633,3.6799000000000004,3.6995,4.1211,4.1437
74186:0.1736,1.9156000000000002,2.0313,2.0783,2.841
74192:0.0175,0.018600000000000002,0.0388,0.0434,0.046700000000000005,0.0473,0.0526,0.0553,0.0589,0.060700000000000004,0.062200000000000005,0.0722,0.0789,0.0975,0.10110000000000001,0.1121,0.11710000000000001,0.1245,0.1388,0.1439,0.1532,0.1534,0.15410000000000001,0.1563,0.1695,0.171,0.1721,0.1787,0.1867,0.1988,0.2018,0.2073,0.20900000000000002,0.2388,0.24880000000000002,0.2535,0.2548,0.2607,0.2647,0.2928,0.2933,0.29500000000000004,0.3048,0.3063,0.30710000000000004,0.3178,0.3204,0.3206,0.32530000000000003,0.3355,0.34640000000000004,0.3531,0.3614,0.3654,0.3689,0.36920000000000003,0.3705,0.3821,0.3824,0.3835,0.3856,0.3875,0.38770000000000004,0.3945,0.4167,0.43460000000000004,0.4393,0.44020000000000004,0.44060000000000005,0.48900000000000005,0.5099,0.5233,0.5727,0.5812,0.5976,0.5988,0.9939,1.0502,1.065,1.0809,1.088,1.1021,1.1234,1.1312,1.1326,1.1351,1.1383,1.1466,1.1515,1.1643000000000001,1.1653,1.1718,1.1753,1.1874,1.1964000000000001,1.2026000000000001,1.2044000000000001,1.2166000000000001,1.2211,1.2304000000000002,1.2308000000000001,1.2321,1.2483,1.2536,1.2543,1.2572,1.2604,1.2662,1.2845,1.3224,1.3336000000000001,1.3424,1.3442,1.7273,1.735,1.7363000000000002,1.7570000000000001,1.7997,1.8062,1.8172000000000001,1.8215000000000001,1.8289000000000002,1.8315000000000001,1.8403,1.8542,1.8557000000000001,1.8641,1.8665,1.87,1.8760000000000001,1.8791,1.8893000000000002,1.8938000000000001,1.9085,1.9119000000000002,1.9298000000000002,1.9315,1.9335,1.9435,1.9456,1.9709,1.983,1.9842000000000002,1.9849,1.9986000000000002,1.9997,2.0167,2.0296000000000003,2.0305,2.0311,2.036,2.0531,2.0814,2.091,2.1001000000000003,2.113,2.1263,2.1426000000000003,2.146,2.1873,2.5269,2.5291,2.5872,2.5967000000000002,2.5998,2.6023,2.6133,2.6386000000000003,2.6527000000000003,2.658,2.661,2.6721,2.677,2.6848,2.6899,2.6956,2.6964,2.7039,2.7319,2.7322,2.7375000000000003,2.7430000000000003,2.7467,2.7556000000000003,2.7589,2.7734,2.7929,2.8006,2.8407,2.8508,2.8600000000000003,2.8657000000000004,2.8922000000000003,2.9343000000000004,2.9496,3.3083,3.3193,3.3383000000000003,3.3527,3.3574,3.3622,3.3728000000000002,3.4042000000000003,3.4067000000000003,3.4179000000000004,3.4198,3.4437,3.4708,3.4775,3.4825000000000004,3.4907000000000004,3.4926000000000004,3.4963,3.5036,3.5174000000000003,3.5224,3.5242,3.5276,3.5363,3.5521000000000003,3.5584000000000002,3.5693,3.5815,3.5827,3.5853,3.5869,3.6118,3.6195000000000004,3.6870000000000003,3.6932,3.696,4.0914,4.0920000000000005,4.1104,4.1113,4.1126000000000005,4.1252,4.1442000000000005,4.1492
74383:1.4355,2.2492,2.9618,3.9084000000000003
74399:0.016300000000000002,0.027100000000000003,0.0368,0.046400000000000004,0.0565,0.0734,0.08560000000000001,0.0995,0.1173,0.1277,0.1389,0.1464,0.1585,0.165,0.1739,0.1918,0.20520000000000002,0.21810000000000002,0.2263,0.2444,0.25320000000000004,0.263,0.2753,0.2889,0.30260000000000004,0.31270000000000003,0.33690000000000003,0.3468,0.3584,0.3682,0.3783,0.3929,0.42210000000000003,0.43370000000000003,0.4529,0.4682,0.4863,0.5065000000000001,0.5177,0.5304,0.5474,0.5707,0.5816,0.6042000000000001,0.6312,0.658,0.7033,0.7229,0.7591,0.8078000000000001,0.8310000000000001,0.8894000000000001,0.9484,0.9721000000000001,1.0079,1.0193,1.0354,1.0527,1.07,1.094,1.1181,1.1286,1.1356000000000002,1.143,1.157,1.1743000000000001,1.1848,1.1985000000000001,1.211,1.2189,1.2267000000000001,1.2368000000000001,1.2456,1.2615,1.2711000000000001,1.2845,1.2959,1.3089,1.3237,1.3405,1.3655000000000002,1.3882,1.4119000000000002,1.4527,1.5237,1.5666,1.5954000000000002,1.6303,1.6715,1.7083000000000002,1.74,1.748,1.7614,1.7735,1.7942,1.8089000000000002,1.8304,1.8456000000000001,1.8697000000000001,1.8825,1.8978000000000002,1.9104,1.9245,1.9468,1.9557,1.9683000000000002,1.9801000000000002,1.9937,2.0077000000000003,2.017,2.0277000000000003,2.0467,2.0571,2.0667,2.0795,2.0963000000000003,2.1071,2.1309,2.1646,2.1814,2.2190000000000003,2.258,2.3274,2.3741000000000003,2.4317,2.5154,2.5383,2.5512,2.5594,2.5687,2.5856000000000003,2.5980000000000003,2.613,2.6287000000000003,2.6389,2.6467,2.6630000000000003,2.682,2.6982,2.7143,2.7308000000000003,2.7408,2.7465,2.7538,2.7665,2.7771000000000003,2.7957,2.8072,2.8162000000000003,2.8267,2.8399,2.8622,2.8839,2.8993,2.916,2.9223000000000003,2.9455,2.9607,2.9943,3.0188,3.0393000000000003,3.0767,3.1087000000000002,3.145,3.1943,3.2761,3.3004000000000002,3.3453,3.3678000000000003,3.3815,3.4087,3.4229000000000003,3.4477,3.4565,3.466,3.478,3.4902,3.4978000000000002,3.5117000000000003,3.5324,3.5456000000000003,3.5580000000000003,3.5777,3.5939,3.6140000000000003,3.6357000000000004,3.6492,3.6749,3.6938,3.7289000000000003,3.7527000000000004,3.7722,3.8009000000000004,3.8255000000000003,3.8609,3.8932,3.9375,3.9657,4.0084,4.0343,4.0711,4.0894,4.103800000000001,4.1192,4.145700000000001
74425:0.4092,2.8419000000000003
74562:0.0671,0.151,0.1605,0.17300000000000001,0.2936,0.3378,0.4243,0.4465,0.49150000000000005,0.5349,0.5790000000000001,0.6119,0.7816000000000001,0.8038000000000001,0.8639,0.9754,0.9840000000000001,1.0196,1.0775000000000001,1.1481000000000001,1.1886,1.1992,1.2307000000000001,1.3424,1.3836000000000002,1.4163000000000001,1.4577,1.5181,1.6626,1.7683,1.8514000000000002,1.9120000000000001,1.9198000000000002,1.9929000000000001,2.0248,2.0303,2.0733,2.0777,2.1817,2.2444,2.291,2.4361,2.4768000000000003,2.5273000000000003,2.5746,2.665,2.6688,2.7537000000000003,2.7997,2.8391,2.9336,3.1951,3.3688000000000002,3.4268,3.4525,3.5460000000000003,3.6975000000000002,3.7104000000000004,3.7581,4.0696,4.1484000000000005
74569:0.554,0.5841000000000001,0.6045,0.6266,0.6463,0.6683,0.6929000000000001,0.7196,0.7441,0.7714000000000001,0.7922,0.8134,0.8320000000000001,0.8545,0.8696,0.8892,0.9052,0.9256000000000001,0.9467000000000001,0.9758,1.0073,1.0355,1.3353000000000002,1.3652,1.3855000000000002,1.4099000000000002,1.433,1.4525000000000001,1.4769,1.5042,1.5315,1.5613000000000001,1.5961,1.6143,1.6346,1.6555,1.6872,1.7111,1.7421,2.1113,2.1439,2.1796,2.2084,2.23,2.2520000000000002,2.2716000000000003,2.2923,2.3087,2.3307,2.3574,2.3807,2.4056,2.4273000000000002,2.4473000000000003,2.4742,2.4956,2.5316,2.564,2.9204000000000003,2.9612000000000003,2.9841,3.0077000000000003,3.0277000000000003,3.0428,3.067,3.0941,3.1121000000000003,3.1347,3.153,3.1699,3.1903,3.2108000000000003,3.2310000000000003,3.2538,3.2697000000000003,3.2911,3.3178,3.3448,3.7070000000000003,3.7408,3.7636000000000003,3.7873,3.8141000000000003,3.8369,3.8571,3.8792,3.9033,3.9313000000000002,3.9535,3.9736000000000002,3.9945000000000004,4.0151,4.0403,4.0765,4.1353
74633:0.2436,0.44630000000000003,0.6347,0.6845,0.7453000000000001,0.7867000000000001,0.8411000000000001,0.9111,0.9561000000000001,1.0328,1.1693,1.4220000000000002,1.4493,1.5288000000000002,1.5936000000000001,1.6419000000000001,1.6742000000000001,1.9124,2.0237000000000003,2.1941,2.2272000000000003,2.2816,2.346,2.3865000000000003,2.4548,2.5181,2.7054,2.8213,3.0464,3.1119000000000003,3.145,3.2265,3.2790000000000004,3.3112000000000004,3.4254000000000002,3.7018,3.8237,3.8706,3.9564000000000004,4.021
74761:0.0891,0.336,0.48850000000000005,0.7074,0.9730000000000001,1.1740000000000002,1.5759,2.028,2.1997,2.2934,2.7309,2.7995,3.0019,3.5712,3.8003,3.8743000000000003
74942:0.6522,0.6738000000000001,0.7130000000000001,0.7492000000000001,0.7904,0.8385,0.9207000000000001,0.9975,1.4316,1.5133,1.6483,2.2233,2.3197,2.3831,2.448,2.4818000000000002,3.0416000000000003,3.1099,3.1899,3.2351,3.266,3.3012,3.358,3.9149000000000003,3.9661000000000004
74999:0.1799,0.2984,0.38070000000000004,0.42410000000000003,0.4555,0.4732,1.2226000000000001,1.8086,1.9346,1.9803000000000002,2.0195000000000003,2.0487,2.7144,2.7883,2.8447,3.5170000000000003,3.5608,3.6495
75049:0.404,0.42860000000000004,2.8498
75123:0.1658,0.3821
75336:0.6479,0.6984,0.7458,0.7858,0.8391000000000001,0.9037000000000001,1.0017,1.4306,1.5093,1.6476000000000002,2.2231,2.2912,2.3235,2.3739,2.4407,2.4827,3.0389,3.1035000000000004,3.1439000000000004,3.1912000000000003,3.2594000000000003,3.2989,3.3507000000000002,3.8321,3.9083,3.9655
75337:4.0022
75500:0.20900000000000002,0.24880000000000002,0.4,1.9305,2.6957,2.7602,2.8225000000000002
75726:2.3277
75832:0.0244,0.037200000000000004,0.051000000000000004,0.06670000000000001,0.08320000000000001,0.1027,0.1163,0.13770000000000002,0.1522,0.16870000000000002,0.1882,0.20700000000000002,0.22240000000000001,0.2421,0.2539,0.27040000000000003,0.2922,0.30510000000000004,0.3226,0.3417,0.3579,0.3725,0.39390000000000003,0.41190000000000004,0.43460000000000004,0.4455,0.46730000000000005,0.48700000000000004,0.508,0.5670000000000001,0.6025,0.6315000000000001,0.6534,0.6851,0.7181000000000001,0.74,0.7678,0.7921,0.8299000000000001,0.8533000000000001,0.9035000000000001,0.9225000000000001,0.9447000000000001,0.9884000000000001,1.0206,1.0615,1.0998,1.1248,1.1508,1.1648,1.1786,1.1985000000000001,1.2311,1.241,1.2612,1.2845,1.3186,1.372,1.4034,1.4275,1.4819,1.5129000000000001,1.5364,1.5872000000000002,1.6081,1.6401000000000001,1.6601000000000001,1.6934,1.7271,1.7966000000000002,1.8270000000000002,1.8405,1.8617000000000001,1.8712000000000002,1.8914000000000002,1.9045,1.9255,1.945,1.9585000000000001,1.9725000000000001,2.0026,2.0235000000000003,2.0476,2.0649,2.0948,2.1201000000000003,2.1604,2.186,2.217,2.248,2.2731,2.3293,2.3551,2.3814,2.4087,2.4542,2.4931,2.5166,2.6017,2.6419,2.6542000000000003,2.6726,2.6898,2.7005000000000003,2.7355,2.7485,2.7692,2.7838000000000003,2.8027,2.8122000000000003,2.8336,2.8504,2.9229000000000003,2.9650000000000003,2.9927,3.0345,3.0507,3.0753000000000004,3.1081000000000003,3.1356,3.1768,3.2035,3.2264,3.265,3.2813000000000003,3.3002000000000002,3.3326000000000002,3.3756000000000004,3.4161,3.4539,3.4805,3.5010000000000003,3.5163,3.5382000000000002,3.5583,3.5726,3.5879000000000003,3.6753,3.7381,3.762,3.7918000000000003,3.8195,3.8678000000000003,3.8907000000000003,3.9206000000000003,3.9434,3.9694000000000003,3.9942,4.0214,4.0443,4.0864
76049:0.6012000000000001,0.6444000000000001,0.6816,0.7319,0.7796000000000001,0.8174,0.8502000000000001,0.8903000000000001,0.9302,0.9810000000000001,1.4023,1.4359000000000002,1.4904000000000002,1.5465,1.6009,1.6475000000000002,1.7013,2.1717,2.2008,2.2324,2.2760000000000002,2.3238000000000003,2.3667000000000002,2.4022,2.43,2.4708,2.5050000000000003,2.9729,3.0340000000000003,3.0791,3.1132,3.1429,3.1748000000000003,3.2176,3.2538,3.2824,3.3126,3.7449000000000003,3.7797,3.8323,3.8852,3.9399,3.9805,4.0176
76097:0.6463,0.6712,0.7037,0.7190000000000001,0.7464000000000001,0.7656000000000001,0.785,0.8335,0.8502000000000001,0.9044000000000001,0.9232,0.9855,1.4259000000000002,1.4395,1.4747000000000001,1.5113,1.5318,1.6143,1.6444,2.2214,2.255,2.2662,2.2896,2.3194,2.3634,2.3859,2.4049,2.438,2.4516,2.4802,3.0162,3.0425,3.1003000000000003,3.117,3.1421,3.1670000000000003,3.1931000000000003,3.2197,3.2382,3.2653000000000003,3.2955,3.3521,3.825,3.8892,3.918,3.9359,3.9725,4.0125,4.0325
76241:0.014100000000000001,0.0221,0.0345,0.049100000000000005,0.0723,0.092,0.1068,0.1184,0.1434,0.1545,0.18510000000000001,0.1993,0.21910000000000002,0.23620000000000002,0.2508,0.2695,0.2883,0.3106,0.35000000000000003,0.37010000000000004,0.39780000000000004,0.41250000000000003,0.43360000000000004,0.4646,0.47950000000000004,0.5038,1.0584,1.0939,1.121,1.1546,1.1749,1.1994,1.2309,1.2564,1.2698,1.2896,1.7694,1.8101,1.8237,1.8324,1.863,1.9006,1.9175,1.9415,1.9606000000000001,1.9817,1.9994,2.0177,2.0383,2.0859,2.1513,2.6336,2.6514,2.6685000000000003,2.6868000000000003,2.7150000000000003,2.7368,2.7481,2.7634000000000003,2.7785,2.7938,2.8045,2.817,2.8374,2.9032,3.3718000000000004,3.4312,3.451,3.4761,3.4954,3.5132000000000003,3.5286,3.555,3.5676,3.5858000000000003,3.6181
76523:0.0641,0.44070000000000004,2.0209,2.7168,2.7943000000000002,3.5664000000000002
76545:0.0058000000000000005,0.0097,0.0149,0.0171,0.0189,0.023200000000000002,0.027600000000000003,0.028800000000000003,0.0318,0.036500000000000005,0.0432,0.0443,0.0476,0.0609,0.061900000000000004,0.064,0.0714,0.0756,0.0787,0.0826,0.0859,0.109,0.1174,0.1231,0.1262,0.1277,0.1292,0.1369,0.1394,0.1567,0.1718,0.1753,0.18680000000000002,0.19690000000000002,0.2003,0.2015,0.2111,0.22060000000000002,0.22390000000000002,0.24180000000000001,0.25720000000000004,0.2666,0.2964,0.30010000000000003,0.3045,0.3284,0.33280000000000004,0.33490000000000003,0.3462,0.34800000000000003,0.3537,0.3593,0.3614,0.37270000000000003,0.3775,0.387,0.39730000000000004,0.4053,0.4181,0.4273,0.43570000000000003,0.4359,0.43770000000000003,0.438,0.442,0.44260000000000005,0.4455,0.4479,0.4783,0.4989,0.5112,0.515,0.5198,0.5232,0.5309,0.5697,0.9654,1.0351000000000001,1.0353,1.0410000000000001,1.0562,1.065,1.0659,1.0953000000000002,1.1084,1.1364,1.1406,1.1427,1.143,1.1822000000000001,1.2162,1.2288000000000001,1.2545000000000002,1.2819,1.2914,1.3091000000000002,1.3367,1.339,1.3493000000000002,1.7020000000000002,1.7159,1.724,1.7383000000000002,1.7455,1.7537,1.7663,1.7693,1.7770000000000001,1.7935,1.7949000000000002,1.8328,1.8425,1.8775000000000002,1.8836000000000002,1.8873000000000002,1.8901000000000001,1.9008,1.9037000000000002,1.9060000000000001,1.9096000000000002,1.9158000000000002,1.9205,1.9340000000000002,1.9395,1.9412,1.9475,1.9505000000000001,1.9577,1.9587,1.9693,1.9831,1.9953,2.0,2.0047,2.0051,2.0075000000000003,2.0119000000000002,2.0142,2.0227,2.0268,2.0275000000000003,2.036,2.052,2.069,2.0736,2.0833,2.1087000000000002,2.1178,2.1308000000000002,2.1315,2.1625,2.5073000000000003,2.5148,2.5477000000000003,2.5576000000000003,2.5656000000000003,2.5700000000000003,2.5868,2.5877000000000003,2.6025,2.6244,2.6246,2.6312,2.6356,2.6437,2.6569000000000003,2.6704000000000003,2.6847000000000003,2.6868000000000003,2.705,2.7104,2.7287000000000003,2.7292,2.7297000000000002,2.7305,2.7388000000000003,2.7390000000000003,2.7556000000000003,2.7634000000000003,2.7643,2.7683,2.7728,2.7761,2.7815000000000003,2.8128,2.8217000000000003,2.8256,2.8279,2.8378,2.839,2.8449,2.8575,2.8614,2.8671,2.8925,2.9125,2.9318,2.9322000000000004,2.9482,3.3492,3.3602000000000003,3.3714,3.3756000000000004,3.3793,3.4067000000000003,3.4093,3.4116,3.4316,3.4364000000000003,3.4466,3.4541,3.4546,3.4569,3.4573,3.466,3.4664,3.4793000000000003,3.4859,3.4929,3.4943,3.5097,3.5175,3.5334000000000003,3.5463,3.5472,3.5559000000000003,3.5669,3.5735,3.5769,3.6099,3.6297,3.6326,3.6376000000000004,3.6413,3.6433,3.6506000000000003,3.6511,3.6785,3.7138,3.7167000000000003,4.0631,4.1007,4.101100000000001,4.1121,4.1123,4.1446000000000005,4.1485
76821:0.0522,0.553,0.6116,0.6418,0.6925,0.7292000000000001,0.8360000000000001,0.8703000000000001,0.9349000000000001,0.9853000000000001,1.0309000000000001,1.0685,1.3005,1.4123,1.5325,1.6284,1.6663000000000001,1.7116,1.9073,2.0203,2.0911,2.1365000000000003,2.19,2.2514000000000003,2.2788,2.3411,2.3937,2.5020000000000002,2.5943,2.705,2.9031000000000002,2.9948,3.0525,3.0858000000000003,3.1455,3.1806,3.2665,3.3129,3.3604000000000003,3.418,3.5302000000000002,3.6519000000000004,3.7463,3.8081,3.8967,3.9374000000000002,4.0234000000000005,4.0572,4.1366000000000005
77031:1.9878,2.7218,2.8372
77196:0.1705,0.2101,0.3643,0.46740000000000004,1.2454,1.9689,2.7836000000000003,3.5588
77241:0.5548000000000001,0.5791000000000001,0.6083000000000001,0.6351,0.7478,0.804,0.8627,0.9452,1.0583,1.1144,1.3377000000000001,1.361,1.4381000000000002,1.5314,1.5774000000000001,1.7062000000000002,1.8094000000000001,2.1510000000000002,2.2139,2.2848,2.3318000000000003,2.4172000000000002,2.4388,2.5403000000000002,2.5517000000000003,2.5926,2.9275,2.9802,3.0385,3.1063,3.1725000000000003,3.2234000000000003,3.2675,3.294,3.3125,3.3515,3.3983000000000003,3.7381,3.7703,3.8553,3.9267000000000003,4.0145,4.1372
77253:0.46190000000000003,0.47050000000000003,0.498,0.5017,0.5075000000000001,0.5229,0.5305,0.5416000000000001,0.5539000000000001,0.5554,0.5652,0.5843,0.5883,0.5887,0.6024,0.6058,0.6068,0.611,0.6129,0.6132000000000001,0.6232,0.6311,0.6562,0.6712,0.6782,0.6822,0.6839000000000001,0.6843,0.6845,0.6879000000000001,0.6895,0.7025,0.7183,0.7298,0.7349,0.7368,0.7445,0.7488,0.7637,0.7775000000000001,0.7874,0.7959,0.8129000000000001,0.8136,0.8142,0.8153,0.8196,0.8263,0.8323,0.8465,0.8647,0.8653000000000001,0.8675,0.8837,0.8979,0.91,0.9146000000000001,0.9226000000000001,0.9392,0.9560000000000001,0.9568000000000001,0.9795,0.9828,0.9837,0.9899,0.9987,0.9993000000000001,1.0121,1.0132,1.0211000000000001,1.0336,1.0393000000000001,1.0668,1.0844,1.1206,1.1903000000000001,1.2061,1.2767000000000002,1.2835,1.2874,1.2903,1.3456000000000001,1.3467,1.3541,1.3672,1.369,1.3812,1.3825,1.3869,1.3921000000000001,1.3941000000000001,1.4071,1.4080000000000001,1.4249,1.4286,1.4295,1.4469,1.4483000000000001,1.4501000000000002,1.4577,1.4676,1.4996,1.5028000000000001,1.5086000000000002,1.5101,1.5110000000000001,1.5225,1.5229000000000001,1.5396,1.5450000000000002,1.5467,1.5621,1.5628,1.5671000000000002,1.5953000000000002,1.6028,1.6059,1.612,1.6132,1.6184,1.623,1.6293,1.6299000000000001,1.6311,1.6366,1.6389,1.6406,1.6461000000000001,1.651,1.6577000000000002,1.6592,1.6700000000000002,1.6938,1.6989,1.7129,1.7236,1.7275,1.74,1.7441,1.7506000000000002,1.7626000000000002,1.7631000000000001,1.7633,1.7666000000000002,1.7677,1.7717,1.7965,1.8047000000000002,1.8062,1.8095,1.8421,2.0179,2.0513,2.0605,2.0891,2.1163000000000003,2.1165000000000003,2.1332,2.1357,2.1674,2.177,2.178,2.1805,2.2126,2.2131000000000003,2.2217000000000002,2.2235,2.2307,2.2356000000000003,2.2479,2.2545,2.2615000000000003,2.2622,2.2628,2.2678000000000003,2.2706,2.2825,2.2861000000000002,2.2898,2.293,2.2973,2.2986,2.2992,2.3084000000000002,2.3185000000000002,2.3214,2.3216,2.3291,2.3435,2.3466,2.3475,2.3644000000000003,2.3673,2.3761,2.3899,2.3931,2.3945000000000003,2.3957,2.3959,2.3963,2.4072,2.4130000000000003,2.4264,2.4292000000000002,2.4577,2.4675000000000002,2.4865,2.5053,2.5220000000000002,2.5245,2.5336000000000003,2.5347,2.5398,2.5421,2.5433000000000003,2.5518,2.5739,2.5861,2.8168,2.8385000000000002,2.8491,2.8646000000000003,2.8758000000000004,2.8969,2.9151000000000002,2.9161,2.9169,2.9250000000000003,2.9255,2.9488000000000003,2.9566000000000003,2.9619,2.9706,2.9741,2.9776000000000002,2.9789000000000003,2.9855,2.9905,3.0117000000000003,3.0265,3.0299,3.0306,3.0337,3.0374000000000003,3.0464,3.0542000000000002,3.0556,3.0565,3.0908,3.1009,3.1015,3.1073,3.1323000000000003,3.1393,3.1672000000000002,3.1713,3.1725000000000003,3.1819,3.1923000000000004,3.1994000000000002,3.2252,3.2435,3.2439,3.2481,3.2621,3.2636000000000003,3.2659000000000002,3.2735000000000003,3.2763,3.3068,3.314,3.3313,3.3411,3.3483,3.3553,3.3555,3.3637,3.3652,3.3668,3.3976,3.3983000000000003,3.4088000000000003,3.4091,3.4115,3.4122000000000003,3.4232,3.4441,3.6031,3.6387,3.7252,3.7512000000000003,3.7624,3.7672000000000003,3.7677,3.769,3.7703,3.7755,3.7885,3.7953,3.8175000000000003,3.8256,3.8283,3.8382,3.8411000000000004,3.8444000000000003,3.8454,3.8514000000000004,3.8516000000000004,3.8521,3.8593,3.8716000000000004,3.8775000000000004,3.8793,3.8823000000000003,3.8890000000000002,3.8992,3.9116,3.9122000000000003,3.9145000000000003,3.9178,3.9396,3.9472,3.9551000000000003,3.9599,3.9651,3.9659,3.9705000000000004,3.9735,3.9902,3.9946,4.0166,4.0192000000000005,4.0322000000000005,4.033,4.0379000000000005,4.0397,4.0434,4.045100000000001,4.05,4.0596000000000005,4.085100000000001,4.087400000000001,4.0965,4.1109,4.1315,4.1331,4.1353,4.1402
77337:0.0082,0.0112,0.0154,0.0284,0.0374,0.0463,0.0472,0.079,0.09390000000000001,0.09630000000000001,0.10250000000000001,0.10890000000000001,0.12760000000000002,0.1297,0.1469,0.1676,0.1849,0.1898,0.1928,0.19970000000000002,0.2061,0.2099,0.2147,0.21780000000000002,0.221,0.231,0.24070000000000003,0.2409,0.2489,0.2543,0.2621,0.26330000000000003,0.2636,0.2701,0.27040000000000003,0.27440000000000003,0.279,0.2831,0.2838,0.2843,0.2871,0.29600000000000004,0.3045,0.3173,0.3226,0.3252,0.3351,0.3385,0.34340000000000004,0.3506,0.37510000000000004,0.3825,0.3896,0.39030000000000004,0.3906,0.3916,0.3929,0.4156,0.4223,0.4257,0.43210000000000004,0.43610000000000004,0.4408,0.44480000000000003,0.4466,0.452,0.4671,0.4766,0.47790000000000005,0.4788,0.4883,0.48900000000000005,0.4927,0.49360000000000004,0.5018,0.5061,0.5065000000000001,0.5078,0.515,0.5153,0.5278,0.5439,0.5598000000000001,0.5887,1.0017,1.0617,1.0932,1.1059,1.119,1.1399000000000001,1.145,1.1496,1.1529,1.1536,1.1594,1.1611,1.1632,1.1724,1.1749,1.1858,1.1906,1.1911,1.1938,1.1953,1.2113,1.2177,1.2199,1.2246000000000001,1.2344000000000002,1.2373,1.2397,1.2457,1.2577,1.276,1.2795,1.2821,1.2952000000000001,1.2988,1.3041,1.3266,1.3711,1.3966,1.6938,1.7085000000000001,1.7209,1.7423000000000002,1.7592,1.7707000000000002,1.7815,1.7914,1.8136,1.8209000000000002,1.8271000000000002,1.8370000000000002,1.8475000000000001,1.8558000000000001,1.8617000000000001,1.8644,1.8904,1.8987,1.9115000000000002,1.9266,1.9293,1.9338000000000002,1.9416,1.9515,1.9542000000000002,1.9561000000000002,1.9629,1.9633,1.9666000000000001,1.9713,1.9786000000000001,1.9796,1.9812,1.986,2.0049,2.0143,2.0222,2.0900000000000003,2.1116,2.1129000000000002,2.5561000000000003,2.5925000000000002,2.5927000000000002,2.6346000000000003,2.6402,2.6485000000000003,2.6546000000000003,2.6729000000000003,2.6831,2.6879,2.6895000000000002,2.6962,2.7001,2.7009000000000003,2.7062,2.7069,2.708,2.7106000000000003,2.7169000000000003,2.7243,2.7313,2.7345,2.7378,2.7424,2.7491000000000003,2.7583,2.7616,2.7627,2.7678000000000003,2.7703,2.7707,2.7892,2.8073,2.8093000000000004,2.8163,2.8202000000000003,2.8271,2.8312,2.8353,2.8401,2.9176,2.9404000000000003,3.3231,3.3828,3.4016,3.4145000000000003,3.4176,3.4179000000000004,3.4407,3.4456,3.4562000000000004,3.4566000000000003,3.4577,3.4608000000000003,3.4616000000000002,3.4650000000000003,3.4721,3.4871000000000003,3.4876,3.4896000000000003,3.4959000000000002,3.5003,3.5073000000000003,3.5166,3.5191000000000003,3.5204,3.5233000000000003,3.5249,3.527,3.5326,3.539,3.5521000000000003,3.5559000000000003,3.5606,3.5631000000000004,3.5942000000000003,3.6069,3.6121000000000003,3.6162,3.6342000000000003,3.6361000000000003,3.6516,3.6631,3.6787,3.684,3.6842,3.6980000000000004,3.7103,3.7395,4.0507,4.1017,4.1187000000000005,4.1265,4.135400000000001
77692:0.7188,0.79,0.8475,0.9278000000000001,1.4458,1.5362,2.2992,2.3285,2.3858,2.4878,3.1179,3.1562,3.3035,3.3597
77776:2.0224,2.7083,3.5570000000000004
77806:0.0446,0.0743,0.11570000000000001,0.1386,0.1656,0.1998,0.2461,0.28800000000000003,0.3196,0.3488,0.3799,0.4031,0.41910000000000003,0.44320000000000004,0.47600000000000003,0.5465,0.6143000000000001,0.7496,0.8217,0.8634000000000001,0.9334,0.9768,1.0250000000000001,1.074,1.1300000000000001,1.1536,1.1982000000000002,1.2406000000000001,1.3062,1.3587,1.4040000000000001,1.5114,1.5975000000000001,1.6645,1.7154,1.7975,1.8211000000000002,1.8521,1.8875000000000002,1.9252,1.9412,1.9702000000000002,2.0081,2.0311,2.0707,2.1097,2.1842,2.2834000000000003,2.3279,2.3665000000000003,2.4358,2.4795000000000003,2.5261,2.596,2.6367000000000003,2.6649000000000003,2.6798,2.7009000000000003,2.7415000000000003,2.7824,2.7932,2.8374,2.8874,2.9561,3.0945,3.1296,3.1888,3.2595,3.4161,3.4679,3.5037000000000003,3.5223,3.5546,3.5844,3.6236,3.6762,3.7608,3.8085,3.8592,3.9808000000000003,4.1491
77817:0.1178,0.4571,1.1517,1.9637,2.7244,3.5062
78013:0.6641,0.6769000000000001,0.6975,0.7467,0.7613000000000001,0.7765000000000001,0.8137000000000001,0.8417,0.8584,0.8892,0.9309000000000001,0.9412,0.9617,1.4229,1.466,1.4776,1.5184,1.5621,1.5994000000000002,1.6735,1.7544000000000002,2.1726,2.2526,2.2849,2.351,2.3978,2.4072,2.4490000000000003,2.4858000000000002,2.4952,2.5014000000000003,2.5267,2.5543,3.0076,3.0603000000000002,3.0801000000000003,3.1313,3.2146000000000003,3.2412,3.318,3.7751,3.7878000000000003,3.8527,3.9018,3.9558,3.9650000000000003,4.010800000000001,4.0683,4.0963
78074:0.2258,0.5572,0.6386000000000001,0.6920000000000001,0.7508,0.7819,0.8363,0.8998,0.9237000000000001,0.9595,1.4143000000000001,1.4484000000000001,1.492,1.5829,1.6226,1.6767,1.7408000000000001,2.1657,2.2208,2.258,2.3368,2.3872,2.4267000000000003,2.4764,2.7967,2.9757000000000002,3.0435000000000003,3.0879000000000003,3.129,3.1861,3.2294,3.2718000000000003,3.3157,3.3589,3.4202000000000004,3.7723,3.8184,3.8969,3.9374000000000002,4.0162,4.135800000000001
78311:0.5542,0.5788,0.6124,0.635,0.6397,0.6738000000000001,0.6973,0.7067,0.7144,0.7464000000000001,0.78,0.8081,0.8310000000000001,0.8708,0.9006000000000001,0.9219,0.9586,0.9904000000000001,0.9994000000000001,1.3843,1.4136,1.4367,1.4428,1.4854,1.5,1.518,1.5426,1.5812000000000002,1.609,1.6341,1.639,1.7367000000000001,1.7417,2.1643,2.1809000000000003,2.2164,2.2561,2.2875,2.3362000000000003,2.3624,2.3749000000000002,2.3962000000000003,2.416,2.4425000000000003,2.476,2.5044,2.5511,2.5947,2.9302,2.9577,2.9818000000000002,3.0108,3.0402,3.1072,3.1415,3.1912000000000003,3.2217000000000002,3.2316000000000003,3.2671,3.2923,3.3109,3.3198000000000003,3.3506,3.3609,3.4148,3.692,3.7399,3.7726,3.8095000000000003,3.8214,3.8546,3.8602000000000003,3.9016,3.9306,3.9612000000000003,3.9888000000000003,4.0197,4.085100000000001,4.0918
78329:0.0629,0.1579,0.3246,0.44480000000000003,1.9073,2.0182,2.7574,3.5412000000000003
78527:0.022600000000000002,0.0315,0.0449,0.050800000000000005,0.058100000000000006,0.0741,0.0825,0.0925,0.1048,0.1178,0.1278,0.1399,0.1459,0.1542,0.1628,0.1715,0.1771,0.1928,0.20370000000000002,0.2169,0.2258,0.23140000000000002,0.24080000000000001,0.24830000000000002,0.26130000000000003,0.26930000000000004,0.2772,0.2853,0.2985,0.3073,0.31570000000000004,0.33030000000000004,0.3371,0.3453,0.3587,0.36360000000000003,0.37110000000000004,0.3874,0.3961,0.4035,0.4179,0.4253,0.43470000000000003,0.44170000000000004,0.4525,0.4652,0.4742,0.4893,0.4983,0.5482,1.0595,1.0724,1.1531,1.19,1.2073,1.2144000000000001,1.2396,1.2457,1.26,1.2692,1.3,1.3446,1.7738,1.7979,1.8151000000000002,1.8292000000000002,1.8376000000000001,1.8489,1.863,1.8709,1.8935000000000002,1.9002000000000001,1.9094,1.919,1.9261000000000001,1.9415,1.9529,1.9641000000000002,1.9758,1.9823000000000002,1.9921000000000002,2.0027,2.0093,2.0277000000000003,2.0348,2.0411,2.0459,2.0675,2.1021,2.5927000000000002,2.6337,2.6534,2.6623,2.6866000000000003,2.6925000000000003,2.7058,2.7173000000000003,2.7268000000000003,2.738,2.7475,2.7556000000000003,2.7652,2.7748,2.7807,2.7881,2.7936,2.8026,2.81,2.8226,2.8348,2.8658,2.8851,2.9032,3.422,3.467,3.4927,3.5063,3.5154,3.5262000000000002,3.5324,3.5443000000000002,3.5537,3.559,3.5792,3.5864000000000003,3.5907,3.5991,3.6135,3.6233,3.6348000000000003,3.6465,3.7006
78706:0.0134,0.0356,0.0476,0.09820000000000001,0.1101,0.1252,0.1736,0.19970000000000002,0.2424,0.2979,0.34700000000000003,0.3573,0.4204,0.4656,0.4708,0.6343,0.6604,0.6966,0.7154,0.7692,0.7895000000000001,0.8306,0.8506,0.8792000000000001,0.8919,0.9106000000000001,0.9524,0.9826,1.0312000000000001,1.0498,1.0898,1.1551,1.1722000000000001,1.2514,1.2590000000000001,1.4320000000000002,1.4781,1.4901,1.5164,1.5496,1.5774000000000001,1.606,1.6351,1.6986,1.7159,1.7477,1.7990000000000002,1.9442000000000002,1.9517,1.9926000000000001,2.1044,2.1326,2.1701,2.2173000000000003,2.2546,2.2867,2.3154,2.3586,2.3837,2.4169,2.436,2.4742,2.4997000000000003,2.5439000000000003,2.5636,2.632,2.6428000000000003,2.6914000000000002,2.7222,2.7567,2.7926,2.8369,2.8587000000000002,2.9000000000000004,2.9548,2.9931,3.0196,3.0325,3.0611,3.0759000000000003,3.0949,3.1083000000000003,3.1424000000000003,3.1739,3.1907,3.2297000000000002,3.2626,3.2801,3.2999,3.3325,3.3551,3.3813,3.4505000000000003,3.488,3.4989000000000003,3.5566,3.6143,3.6407000000000003,3.7977000000000003,3.8153,3.8458,3.8634000000000004,3.8957,3.9186,3.9507000000000003,3.9796,3.9859,4.011,4.047000000000001,4.1063,4.1206000000000005
78806:0.051300000000000005,0.202,0.3683,0.4315,0.4748,1.9971,2.6964,2.7640000000000002,3.5326
78877:1.9139000000000002
78975:0.0207,0.0303,0.0487,0.0789,0.0988,0.1242,0.14020000000000002,0.1494,0.1719,0.18080000000000002,0.1996,0.20770000000000002,0.22260000000000002,0.24150000000000002,0.2728,0.298,0.3125,0.3425,0.36360000000000003,0.39490000000000003,0.4031,0.42560000000000003,0.435,0.46530000000000005,0.4741,0.5019,0.5265000000000001,0.5449,0.7571,0.9154,1.0496,1.0607,1.099,1.1206,1.135,1.149,1.1557,1.1772,1.1895,1.206,1.2249,1.2411,1.2684,1.2937,1.3274000000000001,1.5864,1.7348000000000001,1.7518,1.7967000000000002,1.8085,1.832,1.8415000000000001,1.8642,1.8733000000000002,1.8909,1.9131,1.9231,1.9456,1.9531,1.9736,1.9855,2.0018000000000002,2.0106,2.0368,2.0652,2.0981,2.1105,2.1633,2.4362,2.591,2.6272,2.6388000000000003,2.6505,2.6657,2.6807000000000003,2.6933000000000002,2.722,2.729,2.7472000000000003,2.7710000000000004,2.7832000000000003,2.7924,2.8075,2.8316000000000003,2.8434,2.8655,2.9022,3.1257,3.3831,3.4157,3.4451,3.4538,3.4752,3.4963,3.5074,3.5272,3.5355000000000003,3.5563000000000002,3.5766,3.5869,3.6079000000000003,3.6147,3.6402,3.6493,3.6796,3.7075,4.1223,4.1334
78988:0.023,0.3178,0.40040000000000003,1.2731000000000001,1.8425
79051:0.0267
79515:0.0119,0.031,0.0801,0.1903,0.2177,0.2358,0.26880000000000004,0.2907,0.33940000000000003,0.38330000000000003,0.45890000000000003,1.2386000000000001,1.9239000000000002,1.9627000000000001,1.9835,2.7098,2.7355,2.765,2.7877,2.8108
79993:0.1507,0.3386,0.42400000000000004,0.4924,0.5373,0.5786,0.6116,0.7813,0.8036000000000001,0.8603000000000001,0.8636,0.9740000000000001,1.0192,1.0773000000000001,1.1882000000000001,1.2309,1.3832,1.4215,1.4573,1.5179,1.6623,1.7704000000000002,1.8511000000000002,1.9117000000000002,1.9926000000000001,2.0301,2.073,2.1814,2.244,2.2861000000000002,2.2907,2.4331,2.4765,2.5271,2.6647000000000003,2.8006,2.8393,2.9333,3.0937,3.1947,3.3685,3.4265000000000003,3.4523,3.6972,3.7577000000000003,3.8000000000000003,4.0693,4.1494
80081:0.0273,0.0575,0.0762,0.1188,0.1507,0.18150000000000002,0.2321,0.2541,0.2805,0.3111,0.3441,0.35600000000000004,0.39330000000000004,0.42450000000000004,0.45380000000000004,0.503,0.5171,0.5468000000000001,1.1528,1.1809,1.1917,1.2201,1.252,1.276,1.304,1.9006,1.9301000000000001,1.9852,1.9947000000000001,2.0132,2.0431,2.0833,2.111,2.6543,2.6831,2.7015000000000002,2.7159,2.7315,2.7566,2.7744,2.7892,2.8296,2.842,2.8735,2.9041,3.476,3.5001,3.5241000000000002,3.5595000000000003
80380:0.029,0.053500000000000006,0.0857,0.111,0.1275,0.1477,0.1699,0.1829,0.1971,0.217,0.2399,0.2595,0.2778,0.29250000000000004,0.3144,0.3367,0.35000000000000003,0.3709,0.39690000000000003,0.41440000000000005,0.4388,0.45780000000000004,0.4859,1.1947,1.2343,1.2486000000000002,1.2703,1.8788,1.8972,1.9166,1.9303000000000001,1.9462000000000002,1.9606000000000001,1.9796,2.0058000000000002,2.0343,2.0523000000000002,2.674,2.6953,2.7172,2.7342,2.7548,2.7736,2.7859000000000003,2.8076000000000003,2.8381000000000003,2.8589,2.8791,3.4992,3.52,3.5364,3.5568,3.5756,3.5968,3.6233
80537:0.0806,0.1962,0.2664,0.4274,0.4581,0.4741,0.7005,1.4707000000000001,1.6484,1.7108,2.0454,2.7357,2.7435,2.9605,3.5648,3.5705,3.661,3.8025,3.8499000000000003,3.8624,3.9033,4.0755
80570:0.07100000000000001,0.3296,0.453,1.1705,1.9173,2.0219,2.1983,2.72,2.7893000000000003,3.5596,4.1445
81009:0.0777,0.18730000000000002,0.4494,2.0431,2.7223,2.7978,3.5618000000000003
81231:2.0153000000000003
81292:0.1017,0.2096,0.2717,0.3477,0.4234,1.9279000000000002,1.9813,2.4408000000000003,2.7941000000000003,3.1698
81297:0.0131,0.11610000000000001,0.312
81317:0.661,0.9435,2.2958000000000003,2.4706,3.1762,3.8403
81321:0.0358,0.12040000000000001,0.1841,0.21030000000000001,0.3181,0.39780000000000004,0.42350000000000004,0.9036000000000001,1.1568,1.1947,1.3126,1.4462000000000002,1.5903,1.7431,1.8678000000000001,1.9265,1.9631,2.0126,2.1712000000000002,2.4497,2.7142,2.7375000000000003,2.7937000000000003,2.842,3.0452000000000004,3.148,3.2452,3.4226,3.5397000000000003,3.5656000000000003,3.6127000000000002,3.6533,4.0279,4.1423000000000005
81393:2.2025
81668:1.8532000000000002,3.564
82058:0.0738,0.19360000000000002,0.34640000000000004,0.4509,1.9598,2.0217,2.7151,2.7853000000000003,3.5574000000000003
82145:1.0603,1.3483
82479:0.092,0.156,0.2132,0.3311,0.4505,1.2502,1.8816000000000002,1.9653,2.7085000000000004,3.5777
82734:0.033800000000000004,0.0574,0.1794,0.20400000000000001,0.22490000000000002,0.2757,0.3451,0.40080000000000005,0.4305,0.47200000000000003,0.513,1.1259000000000001,1.161,1.195,1.2297,1.2707000000000002,1.8683,1.8962,1.9257000000000002,1.9574,1.9886000000000001,2.0145,2.6431,2.6774,2.7126,2.7457000000000003,2.7763,2.7969,3.5093,3.5447,3.5852000000000004,3.653
83027:0.6298,0.6874,0.7438,0.8077000000000001,0.8405,0.8921,0.9619000000000001,1.4118000000000002,1.4753,1.5719,1.6323,2.1995,2.2427,2.2873,2.3571,2.4104,2.4745,3.0195000000000003,3.1039000000000003,3.1551,3.2043000000000004,3.2499000000000002,3.2935000000000003,3.3505000000000003,3.8595,3.9203,4.0015
83166:0.6457,2.2835,2.4377,3.2952000000000004
83254:1.8557000000000001,1.9307,2.7254,3.5556
83388:0.24680000000000002
83397:0.8523000000000001,0.9298000000000001,1.4616,2.3565,3.0801000000000003,3.1219,3.1917,3.2861000000000002,3.8680000000000003,3.9842000000000004,4.014
83554:0.018600000000000002,0.0339,0.0516,0.0675,0.0826,0.1,0.11420000000000001,0.12990000000000002,0.1495,0.16790000000000002,0.18180000000000002,0.1986,0.2101,0.2237,0.2391,0.251,0.2659,0.2771,0.2978,0.31170000000000003,0.32170000000000004,0.3383,0.3547,0.3708,0.385,0.3997,0.4207,0.4466,0.47300000000000003,0.4884,0.5059,0.5251,1.0797,1.1161,1.1483,1.1628,1.1780000000000002,1.1967,1.2165000000000001,1.2286000000000001,1.2441,1.2625,1.2773,1.3016,1.8153000000000001,1.8406,1.8632000000000002,1.8813000000000002,1.9006,1.9166,1.9297000000000002,1.9498000000000002,1.9669,1.9788000000000001,1.9916,2.008,2.0328,2.0469,2.0681000000000003,2.0947,2.6284,2.6466000000000003,2.6698,2.6896,2.7098,2.724,2.7379000000000002,2.7517,2.765,2.7813000000000003,2.793,2.806,2.8191,2.8345000000000002,2.8495,2.8642000000000003,2.8913,2.9067000000000003,3.454,3.4730000000000003,3.4865000000000004,3.4972000000000003,3.5094000000000003,3.5294000000000003,3.5418000000000003,3.5626,3.5807,3.5947,3.6142000000000003,3.6372,3.6790000000000003
83620:0.0061,0.0142,0.020900000000000002,0.046,0.055600000000000004,0.0727,0.0947,0.1053,0.11420000000000001,0.1265,0.1388,0.1711,0.18130000000000002,0.1908,0.19840000000000002,0.2056,0.2156,0.23120000000000002,0.23920000000000002,0.2533,0.2629,0.27,0.27640000000000003,0.3119,0.3244,0.3391,0.35860000000000003,0.3795,0.38830000000000003,0.3996,0.4174,0.4272,0.44210000000000005,0.4696,0.4827,0.4965,0.5217,1.0915000000000001,1.12,1.1413,1.1652,1.1731,1.1840000000000002,1.1936,1.2048,1.2155,1.224,1.2576,1.2693,1.29,1.2985,1.8385,1.8602,1.8705,1.8945,1.9172,1.949,1.9636,1.9698,1.9804000000000002,1.9879,2.0041,2.0283,2.0403000000000002,2.0628,2.0883000000000003,2.0992,2.6364,2.6593,2.6807000000000003,2.6907,2.7117,2.7270000000000003,2.7395,2.7521,2.762,2.7742,2.8131,2.8304,2.8403,2.8586,2.8923,3.4535,3.4738,3.4879000000000002,3.496,3.5253,3.5603000000000002,3.5826000000000002,3.6060000000000003,3.6428000000000003,3.6728
83920:0.019700000000000002,0.0324,0.0449,0.0548,0.0695,0.08420000000000001,0.09870000000000001,0.1136,0.1333,0.1477,0.161,0.1741,0.185,0.1963,0.20850000000000002,0.2197,0.23440000000000003,0.2444,0.2602,0.2723,0.2844,0.2962,0.314,0.3254,0.3401,0.3508,0.3614,0.37370000000000003,0.3865,0.3995,0.4136,0.42710000000000004,0.444,0.4554,0.4721,0.4868,0.5002,0.5143,0.5439,1.0714000000000001,1.1187,1.1278000000000001,1.1424,1.1551,1.1654,1.1797,1.193,1.2079,1.2269,1.2409000000000001,1.2505000000000002,1.2664,1.2788000000000002,1.3004,1.7886000000000002,1.8162,1.8322,1.8427,1.8574000000000002,1.8674000000000002,1.8809,1.8952,1.9105,1.9207,1.9342000000000001,1.9458000000000002,1.9581000000000002,1.9693,1.9789,1.9914,2.0078,2.0213,2.0366,2.0516,2.0703,2.0932,2.6133,2.6384000000000003,2.6481000000000003,2.6629,2.6744000000000003,2.6844,2.6986000000000003,2.7126,2.7218,2.7325,2.7428000000000003,2.7556000000000003,2.7679,2.7815000000000003,2.7931,2.8092,2.819,2.8361,2.8462,2.8628,2.8835,2.9055,3.443,3.4612000000000003,3.4773,3.4899,3.5031000000000003,3.5202,3.532,3.5466,3.5574000000000003,3.5662000000000003,3.5874,3.6081000000000003,3.6257,3.6443000000000003,3.6677,3.7005000000000003
83980:0.8991,0.929,1.4762000000000002,1.6392,2.2563,2.2895000000000003,2.4549000000000003,2.4762,3.2302,3.8608000000000002,3.9078000000000004,3.9851
84091:0.9226000000000001,2.2944,2.4439,3.2854,4.0299000000000005
84164:0.8180000000000001,2.2778,2.4007
84243:0.019700000000000002,0.0587,0.0795,0.09910000000000001,0.11960000000000001,0.1499,0.1723,0.2046,0.21830000000000002,0.2474,0.265,0.29860000000000003,0.3387,0.3678,0.38230000000000003,0.4368,0.46390000000000003,1.1338000000000001,1.161,1.1945000000000001,1.2196,1.2381,1.2828000000000002,1.8490000000000002,1.8827,1.9125,1.9353,1.9753,2.0008,2.0626,2.5998,2.6430000000000002,2.6817,2.7004,2.7453000000000003,2.813,2.8658,3.4487,3.5066,3.5319000000000003,3.5866000000000002
84431:0.019700000000000002,0.0264,0.048,0.058,0.0704,0.07930000000000001,0.0925,0.1075,0.131,0.1489,0.168,0.1753,0.1814,0.19190000000000002,0.2058,0.2258,0.24020000000000002,0.2524,0.2723,0.2938,0.3055,0.3135,0.331,0.3492,0.3583,0.3759,0.38920000000000005,0.39740000000000003,0.4223,0.43710000000000004,0.4562,0.4723,0.4917,0.5004000000000001,0.5112,0.5244,0.5406000000000001,0.5495,0.598,0.6613,0.9828,1.0254,1.0697,1.0983,1.1159000000000001,1.1402,1.1514,1.1573,1.1797,1.1885000000000001,1.1989,1.2118,1.2193,1.2338,1.2445000000000002,1.252,1.2719,1.2864,1.3048,1.3121,1.3485,1.359,1.5974000000000002,1.6286,1.6911,1.7072,1.7226000000000001,1.7590000000000001,1.7761,1.8026,1.8162,1.8330000000000002,1.8412000000000002,1.8585,1.8665,1.8753000000000002,1.8898000000000001,1.8996000000000002,1.9176000000000002,1.9234,1.9314,1.9402000000000001,1.9472,1.9566000000000001,1.9669,1.9787000000000001,1.9857,2.0023,2.0068,2.0133,2.0216000000000003,2.0326,2.0412,2.048,2.0734,2.0837,2.1039,2.1431,2.2104,2.2869,2.3573,2.5301,2.5517000000000003,2.5879000000000003,2.6203000000000003,2.6384000000000003,2.6612,2.6727000000000003,2.6889000000000003,2.6948000000000003,2.7078,2.7272000000000003,2.7416,2.7577000000000003,2.777,2.7922000000000002,2.8004000000000002,2.8185000000000002,2.8285,2.8405,2.8522000000000003,2.8881,2.9077,2.9259,2.9553000000000003,2.9629000000000003,2.99,3.1021,3.3247,3.4122000000000003,3.4432,3.4632,3.4743000000000004,3.4863,3.498,3.5124,3.5316,3.5368000000000004,3.5500000000000003,3.5596,3.5845000000000002,3.5945,3.6197000000000004,3.6396,3.6493,3.665,3.6791,3.7069,3.725,3.7824,3.9047,3.9788,4.0552,4.0686,4.1286000000000005
84472:0.0351,0.0419,0.0868,0.1975,0.24100000000000002,0.2725,0.3835,0.5529000000000001,0.5785,0.6074,0.6341,0.6576000000000001,0.6742,0.6880000000000001,0.7182000000000001,0.7341000000000001,0.746,0.7737,0.8004,0.8326,0.8502000000000001,0.8638,0.8893000000000001,0.9148000000000001,0.9269000000000001,0.9510000000000001,0.9803000000000001,1.002,1.0292000000000001,1.068,1.1098000000000001,1.2458,1.2993000000000001,1.3332000000000002,1.3748,1.4084,1.4336,1.4711,1.4908000000000001,1.5215,1.5475,1.5575,1.5778,1.595,1.6099,1.6342,1.6399000000000001,1.6533,1.6668,1.6858000000000002,1.7036,1.737,1.9280000000000002,1.9691,2.0876,2.1127000000000002,2.133,2.1591,2.1894,2.2171000000000003,2.2381,2.2508,2.2694,2.2809,2.3125,2.3377000000000003,2.3626,2.3896,2.4175,2.4393000000000002,2.4625,2.4749000000000003,2.4996,2.5291,2.5499,2.5952,2.7085000000000004,2.7942,2.815,2.9067000000000003,2.9361,2.9730000000000003,2.9989000000000003,3.032,3.0527,3.0709,3.0798,3.1045000000000003,3.1169000000000002,3.1293,3.1424000000000003,3.168,3.1787,3.1996,3.2095000000000002,3.2319,3.2634000000000003,3.278,3.2909,3.31,3.3303000000000003,3.3507000000000002,3.3887,3.4164000000000003,3.5288000000000004,3.6566,3.6913,3.7411000000000003,3.7678000000000003,3.7978,3.8231,3.8548,3.8613000000000004,3.8802000000000003,3.8929,3.9222,3.951,3.9592,3.9784,3.9945000000000004,4.0123,4.0234000000000005,4.0494,4.0562000000000005,4.0894,4.1126000000000005
84578:0.0241,0.026000000000000002,0.0349,0.0409,0.0415,0.0439,0.0453,0.0505,0.06420000000000001,0.07100000000000001,0.0728,0.0733,0.10010000000000001,0.1153,0.12200000000000001,0.1257,0.1259,0.134,0.1378,0.1569,0.16110000000000002,0.16440000000000002,0.1666,0.1831,0.19060000000000002,0.19970000000000002,0.2069,0.2102,0.2116,0.21930000000000002,0.2218,0.2328,0.2356,0.2456,0.251,0.2797,0.28040000000000004,0.2878,0.2911,0.2987,0.29960000000000003,0.3037,0.3059,0.3074,0.3205,0.33130000000000004,0.34340000000000004,0.3506,0.3544,0.3627,0.3644,0.3648,0.3766,0.3779,0.4169,0.45730000000000004,0.4696,0.4701,0.48900000000000005,0.4953,0.4968,0.49820000000000003,0.5017,0.5181,0.5313,1.0093,1.0455,1.0613000000000001,1.0624,1.0637,1.0643,1.068,1.0726,1.102,1.1331,1.1415,1.1485,1.1497,1.1527,1.1531,1.1678,1.1704,1.1786,1.1806,1.195,1.2174,1.2208,1.2238,1.2246000000000001,1.2249,1.2255,1.2289,1.2292,1.2309,1.2364000000000002,1.2371,1.2383,1.2398,1.241,1.2434,1.244,1.2464,1.2616,1.2621,1.2793,1.2878,1.344,1.7069,1.7100000000000002,1.7229,1.7274,1.7478,1.7675,1.7769000000000001,1.7774,1.8336000000000001,1.8411000000000002,1.8536000000000001,1.8552000000000002,1.8601,1.8694000000000002,1.8776000000000002,1.8819000000000001,1.8823,1.9000000000000001,1.9003,1.9011,1.9136000000000002,1.9199000000000002,1.9273,1.9305,1.9307,1.931,1.9340000000000002,1.9493,1.9535,1.9707000000000001,1.9753,1.9825000000000002,1.9918,1.9927000000000001,2.0122,2.0408,2.0488,2.0576000000000003,2.0596,2.0662000000000003,2.0684,2.0888,2.0994,2.1155,2.1188000000000002,2.1356,2.1528,2.549,2.5946000000000002,2.6165000000000003,2.6173,2.6318,2.6329000000000002,2.6420000000000003,2.6533,2.6724,2.686,2.7057,2.7257000000000002,2.7281,2.7308000000000003,2.7438000000000002,2.7445,2.7447,2.7458,2.758,2.7622,2.7707,2.7773000000000003,2.7808,2.7986,2.7997,2.8022,2.8265000000000002,2.8332,2.8381000000000003,2.8455,2.8491,2.8508,2.8523,2.8538,2.8884000000000003,2.9164000000000003,2.9343000000000004,3.3581000000000003,3.4053,3.4141000000000004,3.4298,3.4422,3.4428,3.4476,3.4537,3.4585000000000004,3.4623000000000004,3.4657,3.468,3.4806000000000004,3.4851,3.4872,3.4875000000000003,3.4899,3.5038,3.5045,3.5107000000000004,3.5119000000000002,3.5227000000000004,3.5271000000000003,3.5344,3.5445,3.5451,3.5467,3.5483000000000002,3.5621,3.5784000000000002,3.592,3.6042,3.6065,3.6184000000000003,3.6303,3.6362,3.6438,3.6550000000000002,3.6596,3.6711,3.681,3.6967000000000003,3.7152000000000003,3.7172,4.0595,4.0807,4.1122000000000005,4.1172,4.1445,4.1448,4.1459
84617:0.0436,0.0693,0.18000000000000002,0.273,0.3235,0.4449,0.4829,0.5561,0.6185,0.6538,0.6768000000000001,0.7008,0.7568,0.7788,0.8490000000000001,0.8919,0.9431,0.9656,1.1717,1.379,1.4209,1.4478,1.4743000000000002,1.5072,1.5392000000000001,1.5646,1.6044,1.6338000000000001,1.6764000000000001,1.7107,1.7563000000000002,1.8789,1.9564000000000001,2.0175,2.1216,2.169,2.1875,2.2512000000000003,2.2829,2.3316,2.3652,2.4026,2.4355,2.4827,2.5061,2.5616000000000003,2.7168,2.7560000000000002,2.7879,2.8568000000000002,2.9495,2.9724,3.0145,3.0677000000000003,3.0927000000000002,3.1399000000000004,3.1851000000000003,3.2215000000000003,3.2463,3.3002000000000002,3.326,3.4913000000000003,3.5384,3.5603000000000002,3.6732,3.7793,3.8364000000000003,3.8643,3.9057000000000004,3.9629000000000003,3.9902,4.0237,4.0642000000000005,4.0793,4.1054,4.1388
84651:2.4992
84804:0.6851,0.8263,1.7061000000000002,2.216,2.3320000000000003,2.4869000000000003,3.0338000000000003,3.1079000000000003,4.0002
85351:0.1275,0.4672,1.1615,1.9735,2.7342,3.5157000000000003
85369:0.6448,0.674,0.7039000000000001,0.7402000000000001,0.7717,0.786,0.8154,0.8421000000000001,0.8578,0.9043,0.9241,0.9678,1.0242,1.1247,1.4235,1.4400000000000002,1.4748,1.5044000000000002,1.5294,1.6188,1.6455000000000002,1.7156,2.2177000000000002,2.257,2.285,2.31,2.3248,2.3637,2.3876,2.4055,2.4407,2.4769,3.0063,3.0460000000000003,3.0945,3.1147,3.1308000000000002,3.1439000000000004,3.1688,3.2108000000000003,3.2316000000000003,3.2557,3.2865,3.3038000000000003,3.3417000000000003,3.3647,3.6780000000000004,3.8247,3.8890000000000002,3.9186,3.9627000000000003,4.0049,4.0369
85370:0.0666,0.08710000000000001,0.1418,0.19490000000000002,0.3002,0.3322,0.3633,0.43920000000000003,0.4622,0.5146000000000001,0.613,0.6542,0.6712,0.6894,0.7013,0.8726,0.8886000000000001,0.904,0.9720000000000001,1.2008,1.3201,1.4327,1.4501000000000002,1.4995,1.552,1.5674000000000001,1.6202,1.6642000000000001,1.7436,1.9367,1.9838,2.0245,2.1205000000000003,2.2061,2.2774,2.291,2.3045,2.3602000000000003,2.4538,2.4721,2.4855,2.5423,2.5603000000000002,2.716,2.7796000000000003,2.8039,2.865,2.9704,2.9924,3.0095,3.1164,3.1416,3.1567000000000003,3.1761000000000004,3.2506,3.3041,3.3240000000000003,3.3378,3.5634,3.717,3.7985,3.8285,3.8521,3.8774,3.9692000000000003,3.987,3.9999000000000002,4.1014,4.1166
85900:0.14730000000000001,0.3019,0.4015,0.799,0.9739000000000001,1.1896,1.7676,1.8748,2.4747,2.6626000000000003,3.1969000000000003,3.4441
86153:0.050100000000000006,0.0902,0.1495,0.19240000000000002,0.26930000000000004,0.3393,0.4153,0.44870000000000004,0.4818,1.1838,1.2508000000000001,1.3771,1.6788,1.7746000000000002,1.869,1.8837000000000002,1.9283000000000001,1.9719,2.0168,2.692,2.7168,2.7631,2.8063000000000002,3.4278,3.5372000000000003,3.5821,3.7526
86266:0.0256,0.0568,0.1005,0.14780000000000001,0.1761,0.2081,0.23270000000000002,0.27290000000000003,0.311,0.3552,0.39890000000000003,0.4797,0.5402,0.5604,0.6008,0.6345000000000001,0.6689,0.6972,0.7166,0.7458,0.7768,0.8130000000000001,0.8364,0.878,0.9041,0.925,0.9651000000000001,0.9873000000000001,1.0011,1.0253,1.0390000000000001,1.0649,1.096,1.1237000000000001,1.1559000000000001,1.1964000000000001,1.2236,1.2494,1.2706,1.3344,1.3636000000000001,1.3889,1.4156,1.4712,1.508,1.5635000000000001,1.6014000000000002,1.6332,1.6736,1.7081000000000002,1.7506000000000002,1.8003,1.8205,1.8406,1.883,1.9020000000000001,1.9285,1.9684000000000001,1.9867000000000001,2.0462000000000002,2.0834,2.1051,2.1439,2.1732,2.2155,2.2494,2.2837,2.3203,2.3536,2.3824,2.4326000000000003,2.4784,2.5537,2.5957000000000003,2.6387,2.6602,2.6924,2.7710000000000004,2.7998000000000003,2.823,2.8879,2.9185000000000003,2.9528000000000003,2.9916,3.0233000000000003,3.0444,3.0887000000000002,3.1094,3.1503,3.1865,3.2186000000000003,3.2681,3.2961,3.3473,3.3845,3.4120000000000004,3.4610000000000003,3.4835000000000003,3.4986,3.5340000000000003,3.5948,3.6497,3.6806,3.704,3.7321,3.7598000000000003,3.7855000000000003,3.8154000000000003,3.8604000000000003,3.8976,3.9173,3.9449,3.9995000000000003,4.0353,4.0639,4.1294
86381:0.013900000000000001,0.0257,0.0368,0.048100000000000004,0.0629,0.07740000000000001,0.0889,0.101,0.11170000000000001,0.1274,0.1411,0.1534,0.16640000000000002,0.1774,0.1894,0.20220000000000002,0.2126,0.2265,0.2374,0.25320000000000004,0.266,0.27790000000000004,0.28800000000000003,0.30510000000000004,0.31720000000000004,0.3304,0.3426,0.3533,0.3655,0.3796,0.3929,0.40390000000000004,0.42060000000000003,0.43460000000000004,0.447,0.4636,0.47950000000000004,0.4924,0.5056,0.5364,1.0511000000000001,1.0687,1.1103,1.1211,1.1340000000000001,1.1459000000000001,1.1575,1.1729,1.1864000000000001,1.2016,1.2206000000000001,1.2312,1.2422,1.2597,1.2722,1.2937,1.3473000000000002,1.7667000000000002,1.7856,1.8065,1.8231000000000002,1.8356000000000001,1.8483,1.8607,1.874,1.8868,1.9007,1.913,1.9255,1.9377000000000002,1.9515,1.9625000000000001,1.9722000000000002,1.9853,2.0003,2.0131,2.0299,2.045,2.0634,2.0859,2.5802,2.609,2.6285000000000003,2.64,2.6552000000000002,2.6663,2.6769000000000003,2.6918,2.7030000000000003,2.7135000000000002,2.7255000000000003,2.7354000000000003,2.7477,2.761,2.7745,2.7845,2.8001,2.8122000000000003,2.8288,2.8395,2.8555,2.8748,2.8988,3.4109000000000003,3.4388,3.4542,3.4698,3.4808000000000003,3.4963,3.5104,3.5253,3.5368000000000004,3.5492000000000004,3.5591000000000004,3.5727,3.5853,3.5980000000000003,3.616,3.6353,3.6580000000000004,3.6924,4.1219
86439:0.043000000000000003,0.0577,0.133,0.18180000000000002,0.2262,0.28240000000000004,0.31570000000000004,0.3971,0.41700000000000004,0.4506,0.5003000000000001,1.0709,1.1441000000000001,1.1782000000000001,1.5167000000000002,1.6628,1.7712,1.8438,1.8825,1.9752,2.0256000000000003,2.1824,2.4801,2.6375,2.6692,2.6971000000000003,2.7829,2.7992000000000004,2.8299000000000003,2.8713,2.9277,3.1944000000000004,3.4486000000000003,3.5039000000000002,3.5546,3.6182000000000003,4.1416
86446:0.5425,0.5698,0.5975,0.6246,0.6546000000000001,0.6846,0.7164,0.7446,0.7755000000000001,0.8002,0.8331000000000001,0.8657,0.8937,0.9235000000000001,0.9549000000000001,0.9899,1.0182,1.0481,1.0806,1.3115,1.3529,1.3857000000000002,1.4138000000000002,1.4420000000000002,1.4797,1.5113,1.5422,1.5716,1.6072000000000002,1.6435000000000002,1.671,1.7051,1.7334,1.7591,1.8261,2.0857,2.1252,2.157,2.1806,2.2039,2.2332,2.2606,2.2896,2.3172,2.3493,2.3762000000000003,2.4074,2.4348,2.4731,2.5047,2.5318,2.5578000000000003,2.5884,2.8673,2.9210000000000003,2.9526000000000003,2.9864,3.0154,3.0436,3.0714,3.105,3.1337,3.1645000000000003,3.1918,3.2207000000000003,3.2511,3.2753,3.3021000000000003,3.3309,3.3589,3.3890000000000002,3.6641000000000004,3.6944000000000004,3.7225,3.7495000000000003,3.7794000000000003,3.8083,3.8454,3.8756000000000004,3.9062,3.9321,3.9718,4.002,4.0336,4.0629,4.097,4.1258
86580:0.676,0.7439,0.783,0.8443,0.8581000000000001,0.9238000000000001,1.4778,1.5092,1.5326000000000002,1.8502,1.9309,2.261,2.3256,2.3679,2.3856,2.4067000000000003,2.476,3.1196,3.1503,3.2285000000000004,3.3059000000000003,3.3549,3.6085000000000003,3.6277000000000004,3.6519000000000004
86630:0.2758,0.34340000000000004,1.2308000000000001,2.8375000000000004
86657:0.031900000000000005,0.1058,0.1567,0.2131,0.2929,0.3463,0.37460000000000004,1.2466000000000002,1.9125,2.0177,2.7368,2.7703,3.5367,3.5926
87026:0.0368,0.0674,0.2162,0.29860000000000003,0.44170000000000004,0.48700000000000004,1.1406,1.1680000000000001,1.9104,2.0188,2.7042,2.775,2.8168,3.5443000000000002
87043:0.09050000000000001,0.2861,1.1242,1.9642000000000002,2.7481,2.9411,3.4974000000000003,4.1411
87120:0.6333000000000001,0.7228,0.7623000000000001,0.8447,0.9231,1.4107,1.4509,1.6685,2.2094,2.4244000000000003,3.0746,3.1401000000000003,3.1846,3.2771000000000003,3.3114000000000003,3.7844,3.8247,3.8945000000000003,3.9429000000000003,4.0053
87495:0.08170000000000001,0.2215,0.6795,0.7506,0.9111,1.1779,1.4466,1.6735,1.9151,2.2266,2.3872,2.7078,2.8212,3.1425,3.2241,3.2998000000000003,3.7044,3.8646000000000003,3.9739,4.0231
87662:0.0273,0.0738,0.0878,0.10500000000000001,0.22970000000000002,0.248,0.318,1.2428000000000001,1.8,1.8987,2.0521000000000003,2.6479,2.6847000000000003,2.6954000000000002,2.7449000000000003,2.8172,3.5816000000000003
87693:0.062200000000000005,0.1557,0.2888,0.33280000000000004,0.44170000000000004,0.48660000000000003,0.5299,0.9792000000000001,1.1432,1.1944000000000001,1.2258,1.3375000000000001,1.4113,1.7634,1.9152,2.02,2.5697,2.7489000000000003,2.7947,2.8369,3.5412000000000003,3.7055000000000002,4.1435
87710:0.0222,0.047900000000000005,0.1228,0.1454,0.17320000000000002,0.1993,0.24350000000000002,0.2942,0.3131,0.3598,0.3981,0.43110000000000004,0.4713,0.5036,0.5452,1.0524,1.0833000000000002,1.119,1.1494,1.1861000000000002,1.2087,1.2678,1.2976,1.3366,1.7402000000000002,1.7976,1.8352000000000002,1.8458,1.8689,1.8965,1.9218000000000002,1.9492,1.9743000000000002,2.0006,2.0369,2.0984000000000003,2.5888,2.6277,2.6441000000000003,2.6898,2.7239,2.7761,2.7891,2.8625000000000003,2.8998,3.3876,3.4200000000000004,3.4516,3.4758,3.4994,3.5279000000000003,3.5557000000000003,3.5817,3.609,3.6458000000000004,3.7,4.1235
87747:0.0438
88181:0.6603,0.7164,0.7685000000000001,0.7984,0.8426,0.8603000000000001,0.8812000000000001,0.9083,1.4212,1.4722000000000002,1.5177,1.5623,1.5802,1.6558000000000002,2.1749,2.2524,2.3488,2.4112,2.4549000000000003,2.5023,2.5468,2.8798000000000004,2.9734000000000003,2.9914,3.007,3.053,3.1038,3.1428000000000003,3.1748000000000003,3.2083000000000004,3.2734,3.2939000000000003,3.717,3.7591,3.7915,3.8157,3.8817000000000004,3.9015,3.934,3.9697,4.0109,4.0219000000000005,4.042800000000001
88244:0.0666,0.44110000000000005,2.025,2.7175000000000002,2.7952000000000004,2.8659000000000003,3.5643000000000002
88331:0.9668,1.6071,2.4507000000000003,3.08,3.3353,4.0073
88371:0.6046,0.6576000000000001,0.6979000000000001,0.7344,0.7833,0.8313,0.8762000000000001,0.9156000000000001,0.9694,1.4278,1.492,1.5634000000000001,1.6222,1.6885000000000001,2.1946,2.2615000000000003,2.2896,2.357,2.4129,2.4557,2.5554,2.9869000000000003,3.0226,3.1103,3.1602,3.2046,3.2475,3.2997,3.3761,3.7833,3.8222,3.8706,3.9749000000000003,4.0139000000000005,4.1448
88512:0.0839,0.3296,0.4837,0.6995,0.9663,1.1684,1.5677,2.023,2.1911,2.2862,2.7237,2.7938,2.9931,3.5657,3.7933000000000003,3.8664,4.1416
89058:0.029,0.0621,0.10640000000000001,0.13490000000000002,0.24380000000000002,0.26030000000000003,0.2957,0.32080000000000003,0.7535000000000001,0.771,0.8380000000000001,1.1213,1.2436,1.2731000000000001,1.2893000000000001,1.3173000000000001,1.4173,1.4963,1.5352000000000001,1.8717000000000001,2.1824,2.2681,2.3765,2.3879,2.4022,2.4258,2.447,2.4838,2.6775,2.7442,2.774,2.9147000000000003,3.0333,3.1148000000000002,3.2129000000000003,3.2270000000000003,3.2803,3.4991000000000003,3.5854000000000004,3.7590000000000003,3.7819000000000003,3.8962000000000003,3.9134,3.9483,4.0032000000000005,4.0206,4.0452,4.0974
89073:0.6257,0.8518,0.8969,1.4274,1.6133000000000002,2.2015000000000002,2.5074,3.2074000000000003,3.2879
89211:0.017400000000000002,0.0316,0.049100000000000005,0.07350000000000001,0.0918,0.1105,0.1267,0.1466,0.1691,0.18860000000000002,0.20550000000000002,0.21980000000000002,0.24000000000000002,0.2586,0.2716,0.2876,0.3098,0.3316,0.3486,0.36860000000000004,0.38620000000000004,0.40340000000000004,0.4222,0.4385,0.4647,0.4843,0.5066,1.0617,1.0991,1.1194,1.1380000000000001,1.1536,1.1756,1.1949,1.216,1.2391,1.2556,1.282,1.3059,1.7769000000000001,1.8103,1.8342,1.8583,1.877,1.9008,1.9200000000000002,1.941,1.9582000000000002,1.9717,1.988,2.0082,2.0304,2.0495,2.0879000000000003,2.5839000000000003,2.6169000000000002,2.6391,2.6630000000000003,2.6790000000000003,2.6945,2.7106000000000003,2.7242,2.7434000000000003,2.7612,2.7769,2.7951,2.8106,2.8331,2.8519,2.9019,3.4222,3.4476,3.4681,3.4858000000000002,3.5018000000000002,3.5219,3.5437000000000003,3.5610000000000004,3.5784000000000002,3.5992,3.6292,3.6529000000000003,4.133900000000001
89225:0.0546,0.07740000000000001,0.1124,0.1433,0.1893,0.2391,0.27390000000000003,0.28650000000000003,0.32980000000000004,0.3866,0.40940000000000004,0.449,0.5169,0.5406000000000001,0.5699000000000001,0.6005,0.6354000000000001,0.6931,0.7110000000000001,0.7642,0.7912,0.8511000000000001,0.9283,0.9683,1.0082,1.0459,1.09,1.1404,1.1832,1.2249,1.2999,1.3667,1.391,1.4464000000000001,1.4939,1.5099,1.5931000000000002,1.6514,1.7141000000000002,1.7464000000000002,1.7639,1.8381,1.866,1.9056000000000002,1.9851,2.0255,2.0499,2.0651,2.1352,2.1741,2.2332,2.2848,2.3752,2.4248000000000003,2.468,2.498,2.5199000000000003,2.5661,2.619,2.6577,2.7104,2.741,2.787,2.813,2.8327,2.8481,2.8677,2.9097,2.9278,2.951,2.9915000000000003,3.0541,3.1578,3.1881,3.2282,3.3263000000000003,3.354,3.3761,3.4173,3.4417,3.5043,3.5456000000000003,3.5755000000000003,3.6101,3.6401000000000003,3.6722,3.6939,3.7495000000000003,3.7797,3.8669000000000002,3.8999,3.9751000000000003,4.0496,4.0722000000000005,4.1043,4.1218,4.133500000000001
89303:0.5690000000000001,0.9629000000000001,1.3868,1.5154,1.7509000000000001,2.1722,2.9668,3.0071000000000003,3.7838000000000003,4.0945
89378:0.9548000000000001
89389:1.3998000000000002,2.9344,4.1446000000000005
89466:0.0123,0.0146,0.024900000000000002,0.0281,0.038700000000000005,0.0538,0.0557,0.065,0.0656,0.0734,0.0756,0.0766,0.0872,0.09340000000000001,0.10930000000000001,0.1102,0.1153,0.11670000000000001,0.12510000000000002,0.136,0.1375,0.1381,0.1484,0.15560000000000002,0.18080000000000002,0.18910000000000002,0.1986,0.2011,0.2018,0.2056,0.2066,0.21030000000000001,0.2146,0.21680000000000002,0.21760000000000002,0.2263,0.23040000000000002,0.2464,0.2622,0.2886,0.2891,0.2897,0.3221,0.3301,0.33340000000000003,0.33580000000000004,0.3486,0.3674,0.3695,0.37070000000000003,0.3774,0.3783,0.38870000000000005,0.3904,0.4214,0.42500000000000004,0.4312,0.4325,0.44720000000000004,0.45640000000000003,0.45790000000000003,0.4632,0.46480000000000005,0.4656,0.4681,0.4818,0.4918,0.49470000000000003,0.5026,0.5144000000000001,0.5204,0.5362,0.5605,0.5618000000000001,0.5909,1.0003,1.0202,1.0977000000000001,1.1203,1.1244,1.1371,1.1382,1.1478000000000002,1.1681000000000001,1.1689,1.1801000000000001,1.1876,1.1885000000000001,1.19,1.1964000000000001,1.2082000000000002,1.2095,1.217,1.2314,1.2367000000000001,1.2373,1.2779,1.2837,1.2851000000000001,1.2855,1.2924,1.3265,1.3274000000000001,1.3296000000000001,1.338,1.3398,1.3536000000000001,1.3594000000000002,1.3778000000000001,1.7275,1.7631000000000001,1.7970000000000002,1.8009000000000002,1.8033000000000001,1.8087000000000002,1.8133000000000001,1.8376000000000001,1.8418,1.8453000000000002,1.8470000000000002,1.8472000000000002,1.8605,1.8717000000000001,1.8766,1.9082000000000001,1.9144,1.9206,1.9501000000000002,1.9506000000000001,1.9580000000000002,1.9719,1.9752,1.9864000000000002,1.9884000000000002,1.9925000000000002,1.9983000000000002,2.0186,2.0324,2.0469,2.051,2.0581,2.0623,2.067,2.101,2.1082,2.1204,2.5326,2.5431,2.5542000000000002,2.5551,2.5658000000000003,2.573,2.5789,2.5808,2.5902000000000003,2.5917000000000003,2.592,2.5931,2.6179,2.6342000000000003,2.6369000000000002,2.6375,2.6738,2.6871,2.6874000000000002,2.6884,2.6914000000000002,2.6916,2.6941,2.6951,2.6984,2.7091000000000003,2.7142,2.7152000000000003,2.7176,2.7247000000000003,2.7375000000000003,2.7506,2.7515,2.7614,2.7669,2.7677,2.7692,2.7936,2.8022,2.8038000000000003,2.8077,2.8192,2.8209,2.8254,2.8336,2.8381000000000003,2.8543000000000003,2.8605,2.8989000000000003,2.9066,2.916,2.9239,2.9265000000000003,2.9395000000000002,2.9414000000000002,3.326,3.3279,3.3977,3.4009,3.434,3.4342,3.4351000000000003,3.4461000000000004,3.4463000000000004,3.4535,3.4547000000000003,3.466,3.4819,3.4885,3.5087,3.5161000000000002,3.523,3.5254000000000003,3.5506,3.5659,3.5734000000000004,3.5796,3.5918,3.5929,3.5947,3.6128,3.6131,3.6292,3.6361000000000003,3.6486,3.6565000000000003,3.6834000000000002,4.0991,4.1252,4.1413
89492:0.0362,0.055400000000000005,0.0913,0.11170000000000001,0.1321,0.1512,0.1759,0.1925,0.20700000000000002,0.22790000000000002,0.2451,0.2565,0.2711,0.2883,0.3039,0.3173,0.3442,0.3619,0.3794,0.3955,0.4067,0.4244,0.4419,0.4687,0.48410000000000003,1.0781,1.1559000000000001,1.1984000000000001,1.2216,1.2461,1.2722,1.8088000000000002,1.8432000000000002,1.8784,1.9053,1.9249,1.9462000000000002,1.9632,1.9780000000000002,1.9994,2.0154,2.0434,2.0545,2.0907,2.6647000000000003,2.688,2.7037,2.7226,2.737,2.7541,2.7689,2.7861000000000002,2.8011,2.817,2.8373,2.8941000000000003,3.511,3.5323,3.5539,3.5675000000000003,3.5875000000000004,3.6046,3.6310000000000002,3.6493
89587:0.0078000000000000005,0.0086,0.014,0.0146,0.0178,0.025400000000000002,0.0263,0.053000000000000005,0.0689,0.08460000000000001,0.0907,0.10010000000000001,0.11040000000000001,0.1109,0.1121,0.11330000000000001,0.1165,0.1206,0.1327,0.15430000000000002,0.1676,0.1693,0.17270000000000002,0.1749,0.1826,0.18430000000000002,0.1872,0.1877,0.19140000000000001,0.2114,0.2117,0.21200000000000002,0.23870000000000002,0.24300000000000002,0.2523,0.25680000000000003,0.2586,0.26530000000000004,0.269,0.28040000000000004,0.2979,0.299,0.3075,0.3094,0.318,0.3184,0.3209,0.3275,0.3296,0.33240000000000003,0.3392,0.3408,0.3421,0.34650000000000003,0.3493,0.35350000000000004,0.35450000000000004,0.36310000000000003,0.375,0.4091,0.40940000000000004,0.41100000000000003,0.4143,0.4147,0.41850000000000004,0.4277,0.4282,0.43420000000000003,0.4378,0.4474,0.452,0.46130000000000004,0.47090000000000004,0.48160000000000003,0.4939,0.49450000000000005,0.5026,0.5044000000000001,0.5105000000000001,0.5345,0.5681,0.9700000000000001,1.0072,1.0253,1.0436,1.0722,1.0952,1.0963,1.1038000000000001,1.1134,1.118,1.1212,1.1322,1.1324,1.1424,1.1456,1.1574,1.159,1.1666,1.1778,1.181,1.1917,1.1919,1.1926,1.1939,1.1996,1.1999,1.2077,1.2126000000000001,1.2145000000000001,1.2148,1.2261,1.2362,1.2415,1.2429000000000001,1.2478,1.2487000000000001,1.2497,1.2513,1.2712,1.2825,1.2848000000000002,1.2884,1.2910000000000001,1.323,1.3366,1.3429,1.3778000000000001,1.383,1.7042000000000002,1.7167000000000001,1.7395,1.7822,1.8063,1.8134000000000001,1.8331000000000002,1.8446,1.8918000000000001,1.8967,1.9038000000000002,1.9243000000000001,1.9268,1.9323000000000001,1.9433,1.9463000000000001,1.9471,1.9492,1.9525000000000001,1.9547,1.9565000000000001,1.9603000000000002,1.9632,1.9655,1.9664000000000001,1.9673,1.9689,1.9772,1.9834,1.9837,1.9846000000000001,1.9943000000000002,2.001,2.0015,2.0057,2.0133,2.0155000000000003,2.02,2.0357000000000003,2.0392,2.0488,2.0551,2.0639000000000003,2.0941,2.0951,2.0975,2.125,2.1348000000000003,2.1762,2.5118,2.5146,2.5180000000000002,2.5332000000000003,2.5396,2.5642,2.5815,2.5824000000000003,2.5835,2.5896000000000003,2.5929,2.5939,2.5949,2.6005000000000003,2.6021,2.6076,2.6201000000000003,2.6452,2.6578,2.6626000000000003,2.6695,2.6706000000000003,2.6751,2.6759,2.6839,2.7032000000000003,2.7119,2.7225,2.7245,2.737,2.7446,2.7547,2.7624,2.7736,2.7760000000000002,2.7815000000000003,2.7941000000000003,2.7959,2.7981000000000003,2.8048,2.8092,2.8118000000000003,2.8148,2.8221000000000003,2.8249,2.8412,2.8525,2.8708,2.8842000000000003,2.9389000000000003,3.3419000000000003,3.3877,3.4031000000000002,3.418,3.419,3.4240000000000004,3.4403,3.4421000000000004,3.4443,3.4655,3.4726000000000004,3.4799,3.4866,3.4909000000000003,3.4932000000000003,3.5113000000000003,3.5183,3.5213,3.5356,3.5534000000000003,3.576,3.6023,3.6027,3.6029,3.6062000000000003,3.6292,3.6373,3.6421,3.6464000000000003,3.6706000000000003,3.6761000000000004,3.6999,4.0841,4.1148,4.1235,4.1239,4.1493
89666:0.0488,0.0704,0.09240000000000001,0.14500000000000002,0.1767,0.20750000000000002,0.29910000000000003,0.34,0.3593,0.44520000000000004,0.46480000000000005,0.5124000000000001,0.5629000000000001,0.6035,0.6445000000000001,0.7149,0.7778,0.8745,0.9008,0.9469000000000001,1.0024,1.0722,1.137,1.1634,1.2061,1.2448000000000001,1.3097,1.3676000000000001,1.4592,1.5105000000000002,1.5536,1.6063,1.6505,1.6788,1.7149,1.7514,1.7772000000000001,1.8791,1.9033,1.9656,2.0202,2.1052,2.1694,2.1999,2.2543,2.287,2.3608000000000002,2.4155,2.4345000000000003,2.4757000000000002,2.5198,2.5589,2.6003000000000003,2.6591,2.7211000000000003,2.7899000000000003,2.8673,2.9245,2.9668,2.9977,3.0299,3.0745,3.1500000000000004,3.1918,3.2287000000000003,3.2709,3.3288,3.4153000000000002,3.4577,3.4879000000000002,3.5154,3.5508,3.6020000000000003,3.7431,3.7834000000000003,3.8095000000000003,3.8563,3.9231000000000003,3.9663000000000004,3.9988,4.042800000000001,4.0699000000000005,4.1116,4.1426
89784:0.633,0.7148,0.7763,0.8322,0.8649,0.9537,0.9824,1.3724,1.4358,1.5754000000000001,1.6792,2.2151,2.2506,2.281,2.3368,2.4158,2.4967,2.9999000000000002,3.0785,3.1391,3.1758,3.2640000000000002,3.3528000000000002,3.7388000000000003,3.7968,3.8541000000000003,3.8944,3.9572000000000003,4.0191,4.086
90229:1.9177000000000002
90546:0.0639,0.44730000000000003,2.7201,2.7961,3.5542000000000002
90579:0.0108,0.0296,0.09430000000000001,0.11420000000000001,0.18760000000000002,0.2172,0.25780000000000003,0.27140000000000003,0.34190000000000004,0.374,0.4158,0.43420000000000003,0.48810000000000003,1.1362,1.1499000000000001,1.1877,1.2028,1.2512,1.9506000000000001,1.9682000000000002,1.99,2.0041,2.0214000000000003,2.6002,2.7397,2.7653000000000003,2.8122000000000003,3.4338
90602:0.1496,0.42150000000000004,0.5747,0.6056,0.7972,1.0945,1.1901000000000002,1.377,1.4552,1.5151000000000001,1.661,1.7668000000000001,2.0687,2.1777,2.29,2.4736000000000002,2.6635,2.835,2.9297,3.1951,3.3802000000000003,3.4457,3.6963000000000004,3.7577000000000003,4.125900000000001
90678:2.9403
90686:0.4635,0.49200000000000005,0.5145000000000001,0.515,0.5585,0.5618000000000001,0.5810000000000001,0.5922000000000001,0.5969,0.6062000000000001,0.6097,0.6169,0.6229,0.629,0.6419,0.6511,0.6552,0.6609,0.6628000000000001,0.6697000000000001,0.6734,0.6778000000000001,0.6931,0.6949000000000001,0.6998000000000001,0.7014,0.7097,0.7126,0.7150000000000001,0.7247,0.7253000000000001,0.727,0.7367,0.7393000000000001,0.7418,0.7604000000000001,0.7635000000000001,0.7735000000000001,0.7755000000000001,0.7785000000000001,0.7976000000000001,0.8018000000000001,0.8188000000000001,0.8216,0.8269000000000001,0.8293,0.8315,0.8327,0.8348,0.8441000000000001,0.8450000000000001,0.8506,0.8712000000000001,0.8763000000000001,0.8808,0.8902,0.898,0.8985000000000001,0.9039,0.9078,0.9098,0.9208000000000001,0.9299000000000001,0.9316000000000001,0.9421,0.9432,0.9544,0.9699000000000001,0.9714,0.9791000000000001,0.9799,1.0038,1.0264,1.0288000000000002,1.0391000000000001,1.0479,1.0546,1.096,1.1541000000000001,1.165,1.2596,1.2821,1.2931000000000001,1.3148,1.352,1.3544,1.3626,1.3780000000000001,1.3873,1.4076,1.4136,1.4146,1.4314,1.4366,1.4383000000000001,1.4644000000000001,1.4705000000000001,1.4762000000000002,1.4797,1.4875,1.4921,1.4948000000000001,1.5026000000000002,1.5063,1.5149000000000001,1.5225,1.5234,1.5243,1.5251000000000001,1.528,1.5304,1.5463,1.5585,1.5612000000000001,1.5649000000000002,1.5707,1.58,1.5923,1.6079,1.6144,1.6161,1.6186,1.6248,1.6296000000000002,1.6308,1.6317000000000002,1.6535,1.6574,1.6681000000000001,1.6739000000000002,1.6744,1.6773,1.6880000000000002,1.7039000000000002,1.7297,1.7476,1.7609000000000001,1.7636,1.8084,1.8397000000000001,2.0575,2.1039,2.1263,2.1362,2.1368,2.1434,2.1495,2.1522,2.1528,2.1626000000000003,2.1633,2.1729000000000003,2.1735,2.1848,2.1927000000000003,2.1967000000000003,2.1995,2.2129000000000003,2.2216,2.2324,2.2374,2.2577000000000003,2.2593,2.2616,2.2618,2.2655000000000003,2.2774,2.2782,2.2891,2.2899000000000003,2.3112,2.3153,2.3240000000000003,2.3464,2.3493,2.355,2.3553,2.3707000000000003,2.371,2.3716,2.373,2.3778,2.3783000000000003,2.3855,2.3922000000000003,2.3979,2.408,2.4159,2.4167,2.4172000000000002,2.4177,2.4328000000000003,2.4399,2.4411,2.4448000000000003,2.4593000000000003,2.4609,2.4633000000000003,2.4685,2.4772000000000003,2.478,2.4782,2.4823,2.4835000000000003,2.5054000000000003,2.5112,2.5261,2.5324,2.5404,2.5412,2.5445,2.5479000000000003,2.5495,2.5604,2.5626,2.5699,2.5748,2.5784000000000002,2.5898000000000003,2.5931,2.5993,2.6249000000000002,2.6407000000000003,2.8508,2.8565,2.8998,2.9178,2.926,2.9311000000000003,2.9397,2.946,2.9524000000000004,2.9531,2.9625000000000004,2.9667000000000003,2.9679,2.9778000000000002,2.983,2.9935,2.9957000000000003,3.0082,3.0091,3.016,3.0260000000000002,3.0285,3.0298000000000003,3.0317000000000003,3.04,3.0464,3.0492000000000004,3.0557000000000003,3.0695,3.0792,3.0804,3.093,3.1074,3.1157000000000004,3.1288,3.1298000000000004,3.1319000000000004,3.133,3.1395,3.14,3.1603000000000003,3.1615,3.1831,3.1997,3.2002,3.2011000000000003,3.2033,3.2088,3.2094,3.2111,3.2118,3.2146000000000003,3.2185,3.2190000000000003,3.2251000000000003,3.2430000000000003,3.2533000000000003,3.2608,3.2621,3.2626,3.2684,3.2735000000000003,3.2764,3.2863,3.2963,3.3272000000000004,3.3286000000000002,3.33,3.3316000000000003,3.3427000000000002,3.3473,3.3556000000000004,3.3846000000000003,3.3890000000000002,3.3961,3.4211,3.4313000000000002,3.4459,3.4485,3.4965,3.6198,3.6539,3.657,3.6919,3.6951,3.7139,3.7301,3.7389,3.7399,3.7402,3.7484,3.7507,3.7546000000000004,3.7567000000000004,3.7703,3.7799,3.7814,3.7867,3.7975000000000003,3.8154000000000003,3.8195,3.8413000000000004,3.8528000000000002,3.8544,3.8565,3.8571,3.8656,3.866,3.8727,3.8761,3.8874,3.8895000000000004,3.8903000000000003,3.8939000000000004,3.8941000000000003,3.9011,3.9092000000000002,3.9244000000000003,3.9290000000000003,3.9332000000000003,3.9341000000000004,3.9387000000000003,3.939,3.9439,3.9478,3.9761,3.9772000000000003,3.98,3.9865000000000004,3.9881,3.9927,3.9995000000000003,4.000900000000001,4.0032000000000005,4.0088,4.014,4.0173000000000005,4.018800000000001,4.0222,4.0361,4.0377,4.0401,4.0429,4.0519,4.0600000000000005,4.0693,4.0783000000000005,4.0792,4.0854,4.0896,4.0928,4.0984,4.1097,4.1441,4.1494
90713:0.0359,0.0572,0.09530000000000001,0.13720000000000002,0.1787,0.2078,0.2417,0.2647,0.31,0.3321,0.3909,0.42400000000000004,0.4419,0.47950000000000004,0.5118,0.9649000000000001,1.1868,1.2211,1.2669000000000001,1.3050000000000002,1.7562,1.8705,1.9494,1.9862000000000002,2.0140000000000002,2.1947,2.6975000000000002,2.716,2.7516000000000003,2.7726,2.7906,2.8354,2.8521,2.8783000000000003,2.975,3.0894000000000004,3.4948,3.5294000000000003,3.5538000000000003,3.5693,3.6533,3.7904,4.023000000000001,4.1093
90781:0.0346,0.0671,0.0795,0.1804,0.3422,0.3992,0.44570000000000004,0.5056,0.5455,0.5942000000000001,0.6087,0.6426000000000001,0.6593,0.6913,0.8596,0.8976000000000001,0.9553,0.9773000000000001,1.0179,1.0678,1.1529,1.185,1.2766,1.3086,1.3556000000000001,1.405,1.4289,1.4835,1.5467,1.5833000000000002,1.5964,1.6153000000000002,1.6409,1.6794,1.7046000000000001,1.7379,1.9048,1.9387,1.9583000000000002,2.0115000000000003,2.0437000000000003,2.1067,2.1383,2.1805,2.1982,2.2426,2.274,2.3033,2.3512,2.4452000000000003,2.5196,2.5809,2.6705,2.712,2.7248,2.7902,2.8930000000000002,2.9241,2.9562,2.9837000000000002,3.0039000000000002,3.0589,3.0975,3.1633,3.2415000000000003,3.2925,3.317,3.4090000000000003,3.4814000000000003,3.511,3.5474,3.5576000000000003,3.6547,3.6935000000000002,3.7103,3.7705,3.786,3.8107,3.8728000000000002,3.9042000000000003,3.9576000000000002,3.9896000000000003,4.0415,4.0661000000000005,4.125900000000001
91988:0.6313000000000001,0.6722,0.7117,0.7774000000000001,0.8307,0.8689,0.9097000000000001,0.9539000000000001,1.4081000000000001,1.4477,1.4912,1.5587,1.5939,1.633,1.6820000000000002,1.7093,2.1788000000000003,2.2276000000000002,2.2843,2.3125,2.3899,2.4319,2.4771,2.5555000000000003,2.9609,3.0324,3.0772,3.1350000000000002,3.1753,3.2258,3.27,3.2998000000000003,3.3549,3.7760000000000002,3.8438000000000003,3.8799,3.9017000000000004,3.9186,3.9547000000000003,3.9944,4.0365,4.066800000000001,4.0919
92104:1.1442,2.7807
92174:0.511,0.5573,0.6337,0.7226,0.7937000000000001,0.8784000000000001,1.0519,1.3313000000000001,1.4426,1.5273,1.6111,1.6664,1.8030000000000002,1.9266,2.2213000000000003,2.2878000000000003,2.4342,2.5488,2.5723000000000003,2.6716,2.976,3.0307,3.1145,3.1525000000000003,3.2292,3.2769000000000004,3.322,3.4194,3.5111000000000003,3.7774,3.8644000000000003,3.9439,3.9809,4.0222,4.1257
92303:0.5098,0.5272,0.5441,0.5566,0.5720000000000001,0.5822,0.5957,0.608,0.6193000000000001,0.6296,0.6408,0.6529,0.6624,0.6745,0.6869000000000001,0.6978000000000001,0.7094,0.7222000000000001,0.7355,0.7458,0.7601,0.772,0.7827000000000001,0.7951,0.8066,0.8196,0.8306,0.8404,0.8494,0.8598,0.8698,0.8811,0.8922,0.9023,0.9151,0.9259000000000001,0.9376000000000001,0.9511000000000001,0.9627,0.9766,0.9897,1.0015,1.0133,1.0266,1.0383,1.0551000000000001,1.0773000000000001,1.1019,1.155,1.3006,1.3131000000000002,1.3302,1.3474000000000002,1.365,1.3782,1.3927,1.4080000000000001,1.4165,1.4265,1.4387,1.4504000000000001,1.4631,1.4733,1.4848000000000001,1.497,1.5072,1.5196,1.5298,1.5417,1.5549000000000002,1.5664,1.5803,1.5925,1.6022,1.6121,1.6249,1.6369,1.6483,1.6579000000000002,1.6715,1.6822000000000001,1.6934,1.7063000000000001,1.7189,1.7308000000000001,1.7436,1.76,1.7867000000000002,1.8182,2.0848,2.1025,2.1168,2.1345,2.1470000000000002,2.1609000000000003,2.1736,2.1831,2.1943,2.2082,2.2203,2.2327,2.2473,2.2565,2.2693000000000003,2.2815000000000003,2.2956000000000003,2.3064,2.3187,2.3313,2.3426,2.3548,2.3681,2.38,2.3912,2.4025000000000003,2.4149000000000003,2.4252000000000002,2.4367,2.4479,2.4618,2.4728000000000003,2.4847,2.4954,2.5054000000000003,2.5167,2.5318,2.5442,2.5558,2.5737,2.5924,2.6297,2.9069000000000003,2.9176,2.9294000000000002,2.944,2.96,2.9708,2.9826,2.9939,3.0062,3.0179,3.0297,3.0408,3.0509,3.0648,3.0774000000000004,3.0922,3.1037000000000003,3.1146000000000003,3.1273,3.1363000000000003,3.1473,3.1574,3.1679,3.178,3.1879,3.1988000000000003,3.2102,3.2215000000000003,3.2322,3.2474000000000003,3.2602,3.2697000000000003,3.2814,3.2910000000000004,3.3019000000000003,3.3132,3.3229,3.3373000000000004,3.3484000000000003,3.3646000000000003,3.3787000000000003,3.3948,3.4164000000000003,3.4372000000000003,3.6549,3.6715,3.6891000000000003,3.7018,3.7183,3.7331000000000003,3.7434000000000003,3.7544,3.7643,3.7742,3.7844,3.7968,3.8109,3.8203,3.834,3.8474000000000004,3.8563,3.8695000000000004,3.8783000000000003,3.8883,3.8983000000000003,3.9134,3.9252000000000002,3.9373,3.9514,3.9607,3.9746,3.9875000000000003,3.9975,4.008900000000001,4.0182,4.0345,4.0455000000000005,4.0583,4.0735,4.091200000000001,4.1051,4.119,4.133900000000001,4.1491
92352:0.6419,0.7873,0.8492000000000001,0.918,1.4299000000000002,1.5901,2.2018,2.2920000000000003,2.3859,2.4361,2.5139,3.0759000000000003,3.1361000000000003,3.2168,3.2807,3.3096,3.7746000000000004,3.8588,3.9712
92427:0.0451,0.06910000000000001,0.1158,0.1515,0.17800000000000002,0.2151,0.2831,0.3178,0.3478,0.3996,0.42910000000000004,0.4454,0.4753,0.504,0.5443,0.659,0.8232,0.9335,0.996,1.0728,1.1272,1.1529,1.1966,1.2417,1.2742,1.3054000000000001,1.3599,1.4219000000000002,1.6165,1.6862000000000001,1.7342000000000002,1.7765000000000002,1.8027000000000002,1.84,1.8599,1.8784,1.9004,1.9287,1.9607,1.9898,2.0205,2.0457,2.0996,2.1709,2.2213000000000003,2.2854,2.3663000000000003,2.4383,2.4824,2.5915,2.6236,2.6438,2.6643000000000003,2.6871,2.7217000000000002,2.7567,2.7877,2.8374,2.8703000000000003,2.9186,3.0472,3.1116,3.1895000000000002,3.2784,3.4152,3.4509000000000003,3.4801,3.5034,3.5391000000000004,3.5609,3.5889,3.6247000000000003,3.6768,3.8832,3.9994,4.1477
92589:0.7587,0.7897000000000001,0.8514,0.9232,1.4464000000000001,1.5264,1.6222,2.2343,2.2873,2.329,2.3904,2.4458,2.4833000000000003,3.1156,3.1994000000000002,3.2849000000000004,3.3354000000000004,3.8318000000000003,3.9747000000000003,4.0307
92649:0.7523000000000001,1.4916,2.2214,2.2614,3.1447000000000003,3.2726,3.3111,3.8616,3.9572000000000003
92681:0.6928000000000001,0.7545000000000001,0.7908000000000001,0.8384,0.9076000000000001,0.9710000000000001,1.4912,1.6481000000000001,2.2411000000000003,2.2802000000000002,2.3303000000000003,2.3812,2.4717000000000002,3.1105,3.1872000000000003,3.2291000000000003,3.2827,3.3566000000000003,3.9080000000000004,3.959
92811:0.8955000000000001,2.43,3.1753
92865:0.0167,0.017400000000000002,0.0205,0.028200000000000003,0.0375,0.041800000000000004,0.0439,0.046400000000000004,0.0519,0.060000000000000005,0.069,0.0737,0.07390000000000001,0.08510000000000001,0.0959,0.1053,0.12810000000000002,0.1383,0.1405,0.1553,0.1627,0.16840000000000002,0.1701,0.17980000000000002,0.18780000000000002,0.1956,0.1967,0.1986,0.1996,0.2013,0.2172,0.221,0.233,0.23800000000000002,0.23870000000000002,0.2432,0.24380000000000002,0.24810000000000001,0.2521,0.2639,0.2642,0.2712,0.301,0.3158,0.3209,0.3256,0.3261,0.3299,0.33840000000000003,0.341,0.3482,0.3556,0.37470000000000003,0.3846,0.4061,0.4228,0.4418,0.45880000000000004,0.4637,0.4702,0.4798,0.49110000000000004,0.5022,0.5142,0.5167,0.5173,0.5198,0.5336000000000001,0.5406000000000001,0.5799000000000001,0.5895,0.5962000000000001,1.0147000000000002,1.0206,1.0513000000000001,1.0623,1.0706,1.0874000000000001,1.0962,1.1105,1.1138000000000001,1.1199000000000001,1.1293,1.1348,1.1551,1.167,1.1674,1.1681000000000001,1.1775,1.1820000000000002,1.1988,1.2057,1.2197,1.2225000000000001,1.2379,1.2407000000000001,1.2429000000000001,1.248,1.3027,1.3059,1.314,1.3984,1.7098,1.7321,1.7423000000000002,1.7547000000000001,1.7558,1.7648000000000001,1.7784,1.7831000000000001,1.7894,1.7901,1.7913000000000001,1.7951000000000001,1.7981,1.8165,1.8285,1.8315000000000001,1.8365,1.8423,1.8433000000000002,1.8586,1.8645,1.8676000000000001,1.8739000000000001,1.8800000000000001,1.8913,1.8931,1.8938000000000001,1.8968,1.9048,1.9108,1.9236000000000002,1.931,1.9340000000000002,1.9395,1.9452,1.9617,1.9731,1.9733,1.9738,1.9816,1.988,1.9929000000000001,2.0003,2.0195000000000003,2.0201000000000002,2.0299,2.0311,2.0332,2.0434,2.0549,2.0627,2.0629,2.0644,2.0811,2.0871,2.0987,2.1008,2.1039,2.1067,2.1149,2.1926,2.532,2.5543,2.5766,2.5837000000000003,2.5997000000000003,2.6054,2.6158,2.6207000000000003,2.6293,2.6303,2.6367000000000003,2.6429,2.6559,2.6655,2.6697,2.6745,2.6773000000000002,2.6916,2.6952000000000003,2.7089000000000003,2.733,2.7351,2.7378,2.7391,2.7396000000000003,2.74,2.745,2.7547,2.7614,2.7671,2.7729,2.7805,2.7859000000000003,2.7866,2.7928,2.7979000000000003,2.8004000000000002,2.8033,2.8041,2.8066,2.8088,2.8159,2.8258,2.8263000000000003,2.8282000000000003,2.8291,2.8321,2.8333,2.8347,2.8381000000000003,2.8384,2.8623000000000003,2.8677,2.8765,2.8854,2.9195,2.9306,3.3499000000000003,3.3555,3.3561,3.4076,3.4282000000000004,3.4307000000000003,3.4415,3.4449,3.4505000000000003,3.4542,3.4571,3.4696000000000002,3.4851,3.49,3.5009,3.5137,3.5248000000000004,3.5315000000000003,3.5402,3.5424,3.5459,3.5495,3.5544000000000002,3.559,3.5693,3.5706,3.5733,3.5925000000000002,3.6101,3.6119000000000003,3.6174000000000004,3.6288,3.6489000000000003,3.6513,3.66,3.7195,4.099600000000001,4.1071,4.1341,4.1492
92992:0.0575,0.0806,0.2645,0.32380000000000003,0.3996,0.4243,0.4305,0.4444,0.4741,1.6432,1.709,1.9628,2.7371000000000003,2.7427,2.8511,2.9610000000000003,3.5631000000000004,3.6538000000000004,3.8604000000000003,3.9026,4.0654,4.0726
92995:0.0073,0.0162,0.0223,0.031,0.0415,0.049600000000000005,0.062400000000000004,0.0745,0.08310000000000001,0.0901,0.0975,0.10880000000000001,0.1153,0.12490000000000001,0.13140000000000002,0.1432,0.1585,0.1686,0.1738,0.18760000000000002,0.196,0.20170000000000002,0.21030000000000001,0.21710000000000002,0.23,0.2371,0.24980000000000002,0.26230000000000003,0.26930000000000004,0.2853,0.29300000000000004,0.3,0.3073,0.3274,0.3378,0.3458,0.35750000000000004,0.3705,0.3784,0.38820000000000005,0.39680000000000004,0.41200000000000003,0.4199,0.4258,0.43510000000000004,0.44820000000000004,0.46,0.4666,0.4806,0.49510000000000004,0.5147,0.5337000000000001,1.0191000000000001,1.0407,1.0511000000000001,1.0707,1.091,1.1099,1.1208,1.1357000000000002,1.1434,1.1518000000000002,1.1689,1.1778,1.1859,1.1996,1.2097,1.2176,1.2277,1.2368000000000001,1.2494,1.2572,1.2722,1.2862,1.3207,1.7171,1.7439,1.7731000000000001,1.7879,1.7990000000000002,1.812,1.8247,1.8353000000000002,1.8557000000000001,1.8622,1.8775000000000002,1.8872,1.8947,1.9051,1.9165,1.9232,1.9371,1.9456,1.9529,1.9599000000000002,1.9682000000000002,1.9781000000000002,1.9857,1.9943000000000002,2.0007,2.0151,2.0282,2.0356,2.0420000000000003,2.0597000000000003,2.0831,2.0982000000000003,2.1510000000000002,2.5584000000000002,2.5806,2.6091,2.6178,2.6278,2.6374,2.6561,2.6658,2.6812,2.6875,2.6928,2.7019,2.7104,2.7187,2.7322,2.7394000000000003,2.7485,2.7557,2.7646,2.775,2.7852,2.7912000000000003,2.8000000000000003,2.8085,2.8201,2.8294,2.835,2.8440000000000003,2.8538,2.8676,2.8868,2.8957,2.9468,3.3702,3.4066,3.4335,3.4428,3.4526000000000003,3.463,3.4724000000000004,3.4853,3.4929,3.5092000000000003,3.5183,3.5254000000000003,3.5418000000000003,3.5489,3.5577,3.5685000000000002,3.5784000000000002,3.5948,3.6092,3.6279000000000003,3.6366,3.657,3.6693000000000002,3.6952000000000003,4.107,4.117500000000001
93132:0.034800000000000005,0.22590000000000002,0.2775,0.3519,2.7705,2.817
93492:0.15330000000000002,0.42600000000000005,0.5813,0.612,1.1018000000000001,1.1933,1.3032000000000001,1.3844,1.4612,1.7711000000000001,2.1818,2.6674,2.9324000000000003,3.4669000000000003,3.761,4.1348
93547:0.0206,0.0488,0.0787,0.1464,0.1752,0.1991,0.22210000000000002,0.2393,0.27290000000000003,0.30410000000000004,0.3407,0.367,0.38880000000000003,0.4229,0.4692,0.5014000000000001,0.5427000000000001,1.0519,1.1518000000000002,1.1828,1.2139,1.2393,1.2886,1.3291000000000002,1.6588,1.8253000000000001,1.8669,1.8931,1.9192,1.9509,1.973,2.0039000000000002,2.0420000000000003,2.1038,2.5657,2.6404,2.6624000000000003,2.6934,2.7431,2.7623,2.8118000000000003,3.4162000000000003,3.4561,3.4976000000000003,3.5246,3.5557000000000003,3.5828,3.6421,3.6809000000000003,4.1211
93550:0.014700000000000001,0.028800000000000003,0.0526,0.0756,0.09390000000000001,0.1115,0.1315,0.1748,0.2024,0.23390000000000002,0.2533,0.2733,0.30820000000000003,0.3289,0.34540000000000004,0.37770000000000004,0.39740000000000003,0.4212,0.4496,0.4733,0.5131,1.1423,1.1820000000000002,1.2051,1.227,1.258,1.2909000000000002,1.8585,1.8949,1.9262000000000001,1.9518000000000002,1.9718,1.9883000000000002,2.0238,2.0428,2.0977,2.6614,2.692,2.7186000000000003,2.7497000000000003,2.769,2.7877,2.7989,2.8215000000000003,2.8373,2.8564000000000003,2.8962000000000003,3.4657,3.4933,3.5289,3.5611,3.5848,3.6479000000000004,3.6768
93650:0.0327,0.1004,0.2001,0.2856,0.3614,0.48460000000000003,0.5276000000000001,0.6413,0.6856,0.7286,0.7955,0.8286,0.8624,0.9013,0.9524,1.044,1.1038000000000001,1.125,1.2652,1.3223,1.3819000000000001,1.4291,1.477,1.526,1.5795000000000001,1.6133000000000002,1.6480000000000001,1.7232,1.7570000000000001,1.8739000000000001,1.9511,1.9816,2.1,2.1699,2.2555,2.3355,2.3699,2.4091,2.4459,2.4919000000000002,2.5352,2.5685000000000002,2.7457000000000003,2.7787,2.9251,2.9662,3.0034,3.0718,3.1103,3.1576,3.2042,3.2518000000000002,3.3346,3.4009,3.4326000000000003,3.4975,3.5307,3.5659,3.7932,3.8449,3.9116,3.9728000000000003,4.0046,4.0624,4.1176
93663:0.038,0.0702,0.2228,0.3068,1.1692,2.0235000000000003,2.7800000000000002,2.8234000000000004,3.5527
93674:0.0313,0.06470000000000001,0.2124,0.29500000000000004,0.3936,0.47600000000000003,0.5076,0.5498000000000001,0.637,0.6746,0.7155,0.7483000000000001,0.7832,0.8348,0.8709,0.9581000000000001,1.0388,1.1622000000000001,1.2459,1.3356000000000001,1.4216,1.4456,1.5067000000000002,1.5877000000000001,1.6157000000000001,1.663,1.9071,2.0127,2.2178,2.2592000000000003,2.293,2.3439,2.3792,2.4244000000000003,2.5574000000000003,2.6684,2.7009000000000003,2.7707,2.8158000000000003,3.011,3.048,3.1112,3.1405000000000003,3.1945,3.2254,3.2705,3.3115,3.4188,3.5409,3.5906000000000002,3.6937,3.7743,3.8589,3.9021000000000003,3.9370000000000003,3.9647,4.0196000000000005
93733:0.013900000000000001,0.041600000000000005,0.0666,0.08990000000000001,0.1067,0.1194,0.1449,0.1623,0.18460000000000001,0.2039,0.2172,0.24280000000000002,0.2585,0.27190000000000003,0.3047,0.32320000000000004,0.3398,0.3567,0.3739,0.3885,0.4098,0.4204,0.4314,0.4501,0.4707,0.49960000000000004,0.5303,1.0628,1.1068,1.1231,1.1465,1.1739000000000002,1.1885000000000001,1.2029,1.231,1.2495,1.2805,1.3306,1.8091000000000002,1.8408,1.8626,1.8986,1.9207,1.9353,1.9528,1.9692,1.9874,2.005,2.0206,2.0482,2.08,2.5696000000000003,2.5975,2.6243000000000003,2.652,2.6744000000000003,2.7097,2.7361,2.7517,2.766,2.7844,2.8058,2.8251,2.8535,3.406,3.4494000000000002,3.4781,3.5142,3.5521000000000003,3.5700000000000003,3.5843000000000003,3.644,3.6675,4.1174
93830:0.1231,0.4621,1.1576,1.969,2.7297000000000002,3.5118
93911:0.0347,0.0543,0.08120000000000001,0.114,0.1477,0.1811,0.2328,0.2953,0.3175,0.34190000000000004,0.365,0.40140000000000003,0.42210000000000003,0.4409,0.46,1.1217000000000001,1.1574,1.1865,1.2282,1.2551,1.7858,1.8591000000000002,1.8971,1.9405000000000001,1.9589,2.0004,2.0442,2.5987,2.6451000000000002,2.6596,2.6726,2.6912000000000003,2.7284,2.7479,2.7866,2.8061000000000003,2.8251,3.4127,3.4784,3.5071000000000003,3.5345,3.5582000000000003,3.5861,3.6004
93981:0.49450000000000005,0.5396000000000001,0.5701,0.6014,0.6302,0.6672,0.6976,0.7346,0.7653000000000001,0.799,0.8304,0.8713000000000001,0.9051,0.9399000000000001,0.9835,1.0163,1.0493000000000001,1.0944,1.2888000000000002,1.3363,1.3760000000000001,1.4038000000000002,1.4317,1.4697,1.5002,1.5361,1.5684,1.6079,1.6480000000000001,1.687,1.7211,1.7518,1.806,2.0787,2.1187,2.1569000000000003,2.1854,2.2164,2.2446,2.2815000000000003,2.3107,2.3480000000000003,2.3772,2.4143000000000003,2.4417,2.4762,2.5111000000000003,2.5457,2.5816000000000003,2.8665000000000003,2.9138,2.9517,2.9850000000000003,3.0276,3.0542000000000002,3.1037000000000003,3.1399000000000004,3.1696,3.1975000000000002,3.2288,3.2630000000000003,3.2922000000000002,3.3219000000000003,3.3511,3.3948,3.6589,3.6992000000000003,3.7366,3.7666000000000004,3.7995,3.8381000000000003,3.8716000000000004,3.9005,3.935,3.979,4.0082,4.0434,4.0831,4.1212
93983:0.0137,0.020300000000000002,0.07980000000000001,0.169,0.1968,0.23520000000000002,0.2931,0.339,0.3432,0.4122,0.4626,1.2359,1.2484,1.9335,1.9847000000000001,2.0376000000000003,2.6829,2.7492,2.7856,2.8307
94042:0.11850000000000001,1.8986
94159:0.7149,0.7857000000000001,0.8425,0.9234,1.4414,1.5296,2.3175,2.3826,2.4844,3.1155,3.1518,3.2991,3.3547000000000002
94212:0.748,0.7935,0.8455,0.9098,1.435,1.5361,1.6847,2.2274000000000003,2.3221000000000003,2.3850000000000002,2.4455,2.4883,3.0437000000000003,3.1189,3.1517,3.1998,3.2638000000000003,3.3017000000000003,3.3611,3.8422,3.9135,3.9922
94274:0.0713,0.44430000000000003,2.0302000000000002,2.721,2.7984,2.8691,3.5678
94281:0.4531,2.8026
94443:0.0166,0.030100000000000002,0.0453,0.0575,0.0731,0.0884,0.1058,0.1182,0.1356,0.1464,0.1633,0.1759,0.1902,0.20720000000000002,0.2189,0.2341,0.24680000000000002,0.2586,0.2712,0.2906,0.30510000000000004,0.3276,0.3457,0.3614,0.3815,0.39930000000000004,0.41540000000000005,0.4297,0.4446,0.4596,0.4692,0.4843,0.5008,0.517,0.5306000000000001,0.5433,0.5621,0.5825,0.598,0.6141,0.6329,0.6562,0.6828000000000001,0.7000000000000001,0.7148,0.7446,0.7641,0.7892,0.8086,0.8277,0.8498,0.8762000000000001,0.8934000000000001,0.9104000000000001,0.9264,0.9539000000000001,0.9780000000000001,0.9975,1.016,1.0342,1.0494,1.0661,1.0792000000000002,1.0958,1.1167,1.1358000000000001,1.1507,1.1699000000000002,1.1839,1.1969,1.2093,1.2244000000000002,1.2382,1.2535,1.2702,1.2856,1.2983,1.3202,1.3343,1.354,1.3697000000000001,1.3861,1.4092,1.4287,1.4605000000000001,1.4873,1.5112,1.532,1.5482,1.5743,1.5848,1.5992000000000002,1.6215000000000002,1.6359000000000001,1.6552,1.6797,1.6969,1.7191,1.7354,1.7477,1.7645000000000002,1.7782,1.7964,1.8149000000000002,1.8308,1.8475000000000001,1.8612000000000002,1.8764,1.8915000000000002,1.9062000000000001,1.9238000000000002,1.9407,1.9540000000000002,1.9686000000000001,1.9833,1.9993,2.0162,2.0327,2.0454,2.0628,2.0851,2.1013,2.1253,2.144,2.1618,2.1862,2.2055000000000002,2.218,2.2345,2.2553,2.2701000000000002,2.2868,2.3005,2.3155,2.3379000000000003,2.3584,2.3825000000000003,2.4063000000000003,2.4251,2.44,2.4676,2.4792,2.4981,2.5197000000000003,2.5389,2.5533,2.5654,2.5826000000000002,2.6006,2.6188000000000002,2.6354,2.65,2.6607000000000003,2.6785,2.6938,2.7086,2.7233,2.7381,2.7524,2.7658,2.7836000000000003,2.8022,2.8146,2.8263000000000003,2.8382,2.8501000000000003,2.8647,2.8846000000000003,2.8973,2.9148,2.9343000000000004,2.9518,2.9765,2.9925,3.0157000000000003,3.0338000000000003,3.0542000000000002,3.0755000000000003,3.1032,3.1196,3.1427,3.1656,3.1915,3.218,3.2345,3.2593,3.2748000000000004,3.297,3.3122000000000003,3.3333000000000004,3.3515,3.373,3.3932,3.4111000000000002,3.4221000000000004,3.4383000000000004,3.4515000000000002,3.4661,3.4798,3.4963,3.5171,3.5292000000000003,3.5475000000000003,3.559,3.5742000000000003,3.5927000000000002,3.6099,3.6295,3.6427,3.6611000000000002,3.6749,3.6949,3.7182000000000004,3.7348000000000003,3.7534,3.7791,3.7915,3.8139000000000003,3.8408,3.8629000000000002,3.8896,3.9134,3.9304,3.9499000000000004,3.9739,3.992,4.0095,4.0332,4.0461,4.0713,4.0962000000000005,4.1139,4.1290000000000004,4.1455
94551:0.0286,0.056600000000000004,0.0876,0.1149,0.1447,0.1758,0.20650000000000002,0.2356,0.2695,0.299,0.33640000000000003,0.36410000000000003,0.3972,0.42450000000000004,0.4514,1.1259000000000001,1.1543,1.1903000000000001,1.2355,1.2775,1.8389,1.8783,1.9059000000000001,1.9361000000000002,1.9572,1.9886000000000001,2.0433,2.6420000000000003,2.6694,2.6955,2.7297000000000002,2.7525,2.7793,2.8072,2.8436000000000003,3.4769,3.5127,3.5439000000000003,3.5712,3.6023
94553:3.3267
94777:0.1111,0.1779,0.2466,0.31920000000000004,0.406,0.4521,1.9317000000000002,2.0228,2.7088,2.7914000000000003,3.5579,3.6447000000000003
95107:0.6367,0.7077,0.8085,0.8405,0.8891,0.9642000000000001,1.0219,1.3953,1.4309,1.6239000000000001,2.3197,2.3864,3.0079000000000002,3.1590000000000003,3.2007000000000003,3.3205,3.3498,3.8946,3.9453,4.002800000000001
95172:0.08030000000000001,0.1917,0.45330000000000004,2.0471,2.7254,2.8003,3.5639000000000003
95175:0.040400000000000005,0.062400000000000004,0.0805,0.13620000000000002,0.1752,0.1905,0.23520000000000002,0.27030000000000004,0.3118,0.3311,0.398,0.4334,0.4484,0.4757,0.5172,0.5613,0.606,0.6423,0.68,0.7034,0.7601,0.7808,0.8497,0.8699,0.8967,0.9442,0.9657,1.0802,1.1349,1.1740000000000002,1.201,1.2514,1.3062,1.3833,1.4224,1.4486,1.4775,1.5129000000000001,1.5412000000000001,1.5653000000000001,1.6049,1.6407,1.6771,1.7116,1.7522,1.8708,1.8860000000000001,1.9288,1.9546000000000001,2.0112,2.0222,2.0994,2.1248,2.169,2.1955,2.2516000000000003,2.2857000000000003,2.3329,2.3649,2.4043,2.4309000000000003,2.466,2.4996,2.5286,2.5711,2.6753,2.7061,2.7222,2.7474000000000003,2.7625,2.7865,2.8255000000000003,2.8552,2.8871,2.9481,2.9673000000000003,2.9971,3.0246,3.0711,3.0905,3.1466000000000003,3.1877,3.22,3.2491000000000003,3.2742,3.3226,3.4242000000000004,3.487,3.5337,3.5561000000000003,3.5672,3.6314,3.6602,3.718,3.7809000000000004,3.8019000000000003,3.8539000000000003,3.9052000000000002,3.9654000000000003,3.9962,4.0255,4.0643,4.0981000000000005,4.1246,4.1409
95185:0.0253,0.054900000000000004,0.13140000000000002,0.1715,0.22010000000000002,0.27030000000000004,0.3063,0.37060000000000004,0.4199,0.4544,1.0722,1.1345,1.1767,1.2395,1.7978,1.8368,1.8751,1.9000000000000001,1.9582000000000002,2.0135,2.6397,2.6923,2.7696,3.4517,3.4933,3.5562,3.5907
95230:0.051300000000000005,0.0707,0.1115,0.1436,0.1626,0.2338,0.2726,0.29760000000000003,0.3296,0.3619,0.3991,0.4142,0.451,0.48950000000000005,0.5189,0.5661,0.6009,0.7931,0.9692000000000001,1.0105,1.0664,1.0898,1.1399000000000001,1.1801000000000001,1.2161,1.2362,1.3224,1.3803,1.3958000000000002,1.4528,1.5101,1.6532,1.7171,1.7584000000000002,1.9063,1.9691,1.983,2.0212,2.0352,2.0614,2.1333,2.1751,2.2557,2.4693,2.4974000000000003,2.5796,2.6566,2.682,2.7387,2.7835,2.8132,2.8266,2.8658,2.9079,2.923,2.9798,3.1894,3.3553,3.4374000000000002,3.4999000000000002,3.5115000000000003,3.5379,3.573,3.6085000000000003,3.6445000000000003,3.6877,3.7495000000000003,3.8759,4.008,4.0633,4.0962000000000005,4.1212,4.1398
95262:0.27440000000000003,3.5641000000000003
95396:0.0811,0.4585,0.5082,0.5503,0.5969,0.6311,0.65,0.6652,0.6900000000000001,0.7343000000000001,0.7701,0.7932,0.8305,0.8672000000000001,0.8911,0.9067000000000001,0.9576,0.9806,1.0237,1.2831000000000001,1.3583,1.4101000000000001,1.4342000000000001,1.4816,1.5192,1.5536,1.6019,1.6158000000000001,1.637,1.6748,1.6880000000000002,1.7387000000000001,2.1092,2.1459,2.1973000000000003,2.2374,2.2611,2.2795,2.3019000000000003,2.3506,2.3777,2.432,2.4475000000000002,2.4737,2.5261,2.5545,2.5898000000000003,2.9243,2.9597,2.9859,3.0054000000000003,3.0401000000000002,3.0988,3.1429,3.1665,3.2052,3.2386000000000004,3.2552000000000003,3.2934,3.317,3.3332,3.3752,3.706,3.7680000000000002,3.7866,3.8160000000000003,3.8542,3.8753,3.9081,3.9584,3.9892000000000003,4.0280000000000005,4.0528,4.1048
95574:0.0256,0.053700000000000005,0.1071,0.139,0.201,0.2416,0.29760000000000003,0.3483,0.4203,0.4732,1.1520000000000001,1.1919,1.2632,1.8412000000000002,1.8969,1.9280000000000002,1.9727000000000001,2.0059,2.6434,2.6932,2.7469,2.7931,2.8381000000000003,3.4593000000000003,3.4961,3.5317000000000003
95604:0.6148,0.6993,0.7245,0.8488,0.9302,0.9973000000000001,1.4103,1.4882,1.587,1.6473,1.7196,2.186,2.2501,2.3596,2.4042000000000003,2.5041,2.9646000000000003,3.0407,3.0689,3.1191,3.1595,3.2006,3.2529000000000003,3.2772,3.3093000000000004,3.7722,3.8324000000000003,3.8971,3.9824
95611:0.39380000000000004,0.647,0.6675,0.7225,0.7619,0.7971,0.9011,0.9227000000000001,0.9463,1.3427,1.4183000000000001,1.4484000000000001,1.4999,1.5726,1.6083,1.6476000000000002,2.3891,2.4243,2.6042,2.9788,3.0119000000000002,3.0749,3.1346000000000003,3.1751,3.2124,3.2758000000000003,3.3031,3.342,3.7878000000000003,3.8214,3.8640000000000003,3.8996000000000004,3.9411,4.0018
95642:0.0789,0.12100000000000001,0.17930000000000001,0.2454,0.3387,0.3997,0.4677,0.5534,0.6094,0.8782000000000001,0.9151,1.0545,1.1221,1.2109,1.2650000000000001,1.3236,1.5249000000000001,1.608,1.7516,1.7764,1.7994,1.8936000000000002,2.0779,2.1350000000000002,2.2858,2.432,2.5442,2.5653,2.5940000000000003,2.6938,2.7137000000000002,2.7285,2.7671,2.8969,2.9688000000000003,3.0279000000000003,3.0924,3.1500000000000004,3.2761,3.3267,3.3829000000000002,3.4527,3.5628,3.6817,3.9718,4.0244,4.1149000000000004
95749:0.6289,0.6626000000000001,0.7985,0.8763000000000001,0.8899,0.9034000000000001,0.9279000000000001,0.9378000000000001,1.3684,1.3821,1.4409,1.502,1.6473,1.6620000000000001,1.7525000000000002,2.1373,2.2635,2.2952,2.4106,2.4207,3.0161000000000002,3.0384,3.1453,3.1620000000000004,3.176,3.2321,3.2687,3.7672000000000003,3.8372,3.8861000000000003,3.9446000000000003,3.9604000000000004,3.9965,4.0408
95860:0.0656,0.44420000000000004,2.0212,2.7187
95864:0.4051,3.5549
96208:0.024800000000000003,0.054400000000000004,0.0727,0.0944,0.15,0.1773,0.20750000000000002,0.23390000000000002,0.2808,0.3373,0.3653,0.45520000000000005,0.5041,0.5402,1.0391000000000001,1.0989,1.1275,1.1506,1.1932,1.2416,1.2933000000000001,1.3203,1.3524,1.7779,1.8367,1.8837000000000002,1.9194,1.9924000000000002,2.0352,2.1036,2.6025,2.6328,2.6615,2.7244,2.7710000000000004,2.7904,2.8697,2.9429000000000003,3.4132000000000002,3.4447,3.4688000000000003,3.4908,3.5145,3.6058000000000003,3.6889000000000003,4.1266
96228:0.053500000000000006,0.13040000000000002,0.20600000000000002,0.2474,0.3899,0.4229,1.219,1.8549,1.927,2.0882,2.6710000000000003,2.7003,2.7332,2.7702,2.8291,3.5606,3.6537
96310:0.081,0.2707,0.33790000000000003,0.7126,1.2284000000000002,2.3074,2.7917,2.8512,3.5747,3.9115
96339:0.115,0.45430000000000004,1.1489,1.9608,2.7216,3.5034
96364:0.056900000000000006,0.10250000000000001,0.2579,0.3014,1.2419,1.9681000000000002
96403:0.0245,0.046900000000000004,0.0558,0.08,0.11040000000000001,0.1263,0.1464,0.1683,0.1796,0.197,0.2059,0.225,0.2429,0.2525,0.2712,0.2887,0.3035,0.3165,0.3375,0.3501,0.3642,0.38220000000000004,0.401,0.4238,0.4369,0.45880000000000004,0.47450000000000003,0.4995,0.5475,1.0545,1.0864,1.1215000000000002,1.1466,1.1551,1.1827,1.1941000000000002,1.2136,1.2364000000000002,1.2569000000000001,1.2722,1.302,1.3414000000000001,1.7436,1.7934,1.8079,1.8355000000000001,1.8551000000000002,1.8714000000000002,1.8868,1.9006,1.9205,1.9389,1.9528,1.9714,1.9832,2.0026,2.029,2.0451,2.0926,2.5909,2.6310000000000002,2.6481000000000003,2.6677,2.6896,2.7084,2.7275,2.7453000000000003,2.7615000000000003,2.7787,2.7921,2.8103000000000002,2.834,2.8636,2.9012000000000002,3.3916,3.4236,3.4539,3.478,3.4979,3.5101,3.5299,3.552,3.5685000000000002,3.5854000000000004,3.6109,3.6397000000000004,3.653,3.7025,4.1254
96843:0.6778000000000001,0.7218,0.7527,0.8430000000000001,2.4873000000000003,3.2028000000000003,3.233
97008:0.45580000000000004,0.4691,0.48550000000000004,0.5022,0.5119,0.5226000000000001,0.5338,0.5424,0.5512,0.5606,0.5684,0.5762,0.5847,0.5923,0.5994,0.606,0.614,0.6208,0.6265000000000001,0.6329,0.6414000000000001,0.6481,0.6558,0.6632,0.6702,0.679,0.686,0.6931,0.7015,0.7089000000000001,0.7166,0.7238,0.7305,0.7378,0.7444000000000001,0.7541,0.7605000000000001,0.7671,0.7733,0.78,0.7859,0.7925000000000001,0.7992,0.8061,0.8141,0.8205,0.8269000000000001,0.8338,0.8400000000000001,0.8463,0.8548,0.8615,0.8682000000000001,0.8774000000000001,0.8832000000000001,0.8892,0.8953000000000001,0.9015000000000001,0.9084000000000001,0.9155000000000001,0.9229,0.9294,0.9363,0.9438000000000001,0.9518000000000001,0.9591000000000001,0.9666,0.9758,0.9836,0.991,0.9982000000000001,1.0078,1.016,1.0236,1.0319,1.0424,1.0512000000000001,1.0616,1.0731,1.0819,1.0913000000000002,1.1019,1.1309,1.1478000000000002,1.1611,1.1886,1.2282,1.2573,1.2688000000000001,1.2787000000000002,1.2884,1.2988,1.3084,1.3203,1.3301,1.338,1.3476000000000001,1.3546,1.3638000000000001,1.3725,1.379,1.3867,1.3938000000000001,1.4013,1.4085,1.4148,1.4220000000000002,1.4277,1.4340000000000002,1.4419,1.4507,1.4584000000000001,1.466,1.4722000000000002,1.4795,1.4864000000000002,1.4937,1.5019,1.5084,1.5151000000000001,1.526,1.5350000000000001,1.5424,1.5492000000000001,1.5564,1.5628,1.5695000000000001,1.5771000000000002,1.5867,1.5934000000000001,1.5997000000000001,1.6065,1.6148,1.6215000000000002,1.6275000000000002,1.6338000000000001,1.6407,1.6465,1.6536000000000002,1.6604,1.6678000000000002,1.6752,1.6826,1.6896,1.6971,1.7042000000000002,1.7121000000000002,1.7195,1.7264000000000002,1.7331,1.7427000000000001,1.749,1.7563000000000002,1.7662,1.7765000000000002,1.7938,1.8053000000000001,1.8176,1.8374000000000001,1.8513000000000002,2.023,2.0479000000000003,2.0620000000000003,2.0727,2.0813,2.0934,2.104,2.1117,2.1195,2.1314,2.1394,2.1475,2.1571000000000002,2.1648,2.172,2.1790000000000003,2.1874000000000002,2.1942,2.2006,2.2068000000000003,2.2136,2.2219,2.2283,2.2350000000000003,2.2422,2.2494,2.2562,2.263,2.2704,2.2767,2.2835,2.291,2.2978,2.3041,2.3125,2.3195,2.3254,2.3329,2.3424,2.3491,2.3556,2.3633,2.3692,2.3763,2.383,2.3909000000000002,2.3984,2.4047,2.411,2.42,2.4265000000000003,2.4326000000000003,2.4392,2.4481,2.455,2.4619,2.4684,2.4756,2.4837000000000002,2.4898000000000002,2.4958,2.5028,2.5118,2.5195000000000003,2.5278,2.535,2.5427,2.5500000000000003,2.5604,2.5676,2.5752,2.5848,2.5933,2.6081000000000003,2.6289000000000002,2.6432,2.8199,2.841,2.8574,2.8662,2.8806000000000003,2.8935,2.9050000000000002,2.9130000000000003,2.9206000000000003,2.928,2.9381,2.9464,2.9542,2.9622,2.9694000000000003,2.9758,2.9825,2.9890000000000003,2.9965,3.0036,3.0109000000000004,3.0181,3.0254000000000003,3.0317000000000003,3.0379,3.0464,3.0526,3.0597000000000003,3.0666,3.0736000000000003,3.0798,3.0866000000000002,3.0941,3.101,3.1075,3.1149,3.1222000000000003,3.1307,3.1367000000000003,3.1445000000000003,3.1510000000000002,3.157,3.1629,3.169,3.1751,3.1829,3.1895000000000002,3.1976,3.2036000000000002,3.2109,3.2176,3.2265,3.2328,3.24,3.2473,3.2548000000000004,3.2617000000000003,3.2684,3.2758000000000003,3.2823,3.2892,3.2974,3.3042000000000002,3.3121,3.3197,3.3272000000000004,3.3343000000000003,3.3422,3.3489,3.3593,3.3720000000000003,3.379,3.3888000000000003,3.3969,3.4052000000000002,3.4139000000000004,3.4271000000000003,3.4391000000000003,3.4526000000000003,3.5421,3.6093,3.6238,3.6385,3.6508000000000003,3.6596,3.6672000000000002,3.677,3.6861,3.6959,3.7031,3.7106000000000003,3.7194000000000003,3.7272000000000003,3.7356000000000003,3.7435,3.7520000000000002,3.7598000000000003,3.766,3.7725,3.7796000000000003,3.7867,3.7935000000000003,3.7996000000000003,3.8074000000000003,3.8160000000000003,3.8223000000000003,3.8289,3.8369,3.8437,3.8519,3.8599,3.8678000000000003,3.8743000000000003,3.8804000000000003,3.8864,3.8933,3.9002000000000003,3.9086000000000003,3.9147000000000003,3.9214,3.9277,3.9359,3.943,3.9497,3.9563,3.9621000000000004,3.9695,3.9761,3.9827000000000004,3.9898000000000002,3.9958,4.002400000000001,4.0091,4.015000000000001,4.0238000000000005,4.0308,4.037100000000001,4.042800000000001,4.0501000000000005,4.0583,4.066,4.075,4.0827,4.0933,4.1002,4.1089,4.1161,4.1257,4.1341,4.1424
97095:0.4441,1.1368,2.0148,3.5424
97109:0.5740000000000001,0.6054,0.7992,1.0147000000000002,1.0974000000000002,1.3942,1.4569,1.5149000000000001,1.6593,1.7671000000000001,2.1791,2.4739,2.9267000000000003,3.1946000000000003,3.3619000000000003,3.697,3.7546000000000004,4.1267000000000005
97113:0.048600000000000004,0.5418000000000001,0.6087,0.6404000000000001,0.6698000000000001,0.6959000000000001,0.7223,0.7559,0.7877000000000001,0.8278000000000001,0.8509,0.8866,0.9065000000000001,0.9368000000000001,0.9679000000000001,1.0,1.0426,1.2587000000000002,1.3424,1.3823,1.4182000000000001,1.447,1.4772,1.5123,1.5412000000000001,1.5714000000000001,1.6038000000000001,1.6314000000000002,1.6717000000000002,1.728,2.084,2.1538,2.1766,2.22,2.2542,2.2716000000000003,2.2915,2.3258,2.3605,2.3882000000000003,2.4143000000000003,2.4415,2.4776000000000002,2.5041,2.5591,2.6247000000000003,2.8531,2.9014,2.9598,2.9959000000000002,3.0292000000000003,3.0546,3.0948,3.1211,3.1519000000000004,3.1798,3.2019,3.2325000000000004,3.2693000000000003,3.2985,3.3321,3.3604000000000003,3.4161,3.6802,3.7426000000000004,3.7765,3.8104,3.8567,3.8891,3.9161,3.947,3.9753000000000003,4.0084,4.043200000000001,4.0879,4.1467
97235:0.9710000000000001,1.615,2.2929,3.2599
97241:0.4479,0.5068,0.5141,0.532,0.5351,0.5398000000000001,0.5424,0.5789000000000001,0.5840000000000001,0.5899,0.5915,0.5947,0.5992000000000001,0.608,0.6178,0.6223000000000001,0.6235,0.6253000000000001,0.6362,0.6455000000000001,0.6464000000000001,0.6501,0.6555000000000001,0.6651,0.6801,0.681,0.7188,0.7281000000000001,0.7658,0.7791,0.7814,0.7898000000000001,0.7925000000000001,0.8241,0.8243,0.8260000000000001,0.8325,0.8344,0.8413,0.8424,0.8427,0.8466,0.8582000000000001,0.865,0.8774000000000001,0.881,0.8831,0.885,0.886,0.8926000000000001,0.8961,0.9039,0.9078,0.9139,0.9254,0.9319000000000001,0.9335,0.9337000000000001,0.9347000000000001,0.9394,0.9426,0.9455,0.9491,0.9581000000000001,0.9622,0.9710000000000001,0.9718,0.9727,0.9751000000000001,0.9794,0.9850000000000001,0.9935,1.0243,1.0245,1.0463,1.0505,1.0517,1.0736,1.0916000000000001,1.0991,1.2655,1.2926,1.2954,1.3031000000000001,1.308,1.3165,1.3302,1.357,1.362,1.3704,1.3754,1.3927,1.3973,1.4095,1.4153,1.4186,1.4414,1.4685000000000001,1.4696,1.4779,1.5003,1.5019,1.5070000000000001,1.5243,1.5355,1.5374,1.5426,1.5512000000000001,1.552,1.5604,1.5628,1.5974000000000002,1.5977000000000001,1.5983,1.606,1.6151,1.6172,1.6252,1.6335000000000002,1.6385,1.6486,1.6539000000000001,1.6563,1.6703000000000001,1.6773,1.6806,1.6856,1.6924000000000001,1.7153,1.7375,1.7442,1.772,1.7737,1.7859,1.7968000000000002,1.8061,2.0243,2.0543,2.0745,2.0961000000000003,2.1023,2.1058,2.1324,2.1467,2.1583,2.1586000000000003,2.1728,2.1731000000000003,2.177,2.1782,2.1816,2.1838,2.1856,2.1918,2.1958,2.2115,2.2277,2.2319,2.2394000000000003,2.2519,2.2680000000000002,2.2766,2.2837,2.2875,2.289,2.2906,2.293,2.2969,2.3000000000000003,2.3037,2.3068,2.3357,2.3487,2.35,2.3513,2.3769,2.3788,2.3889,2.3954,2.3964000000000003,2.3999,2.4167,2.4193000000000002,2.4224,2.4241,2.4249,2.4339,2.4409,2.4681,2.4744,2.4831000000000003,2.4841,2.4873000000000003,2.5055,2.5073000000000003,2.5134000000000003,2.5271,2.5502000000000002,2.5534000000000003,2.5663,2.5773,2.5898000000000003,2.5963000000000003,2.5991,2.6039000000000003,2.8062,2.8169,2.8556,2.8783000000000003,2.9134,2.9148,2.9607,2.9828,2.9845,3.0128,3.0315000000000003,3.0428,3.0476,3.0577,3.0614000000000003,3.0671,3.0673000000000004,3.0705,3.0724,3.0731,3.0736000000000003,3.0780000000000003,3.0977,3.0985,3.1056000000000004,3.1088,3.1105,3.1217,3.1266000000000003,3.1286,3.1647000000000003,3.1729000000000003,3.1887000000000003,3.1934,3.2004,3.2043000000000004,3.2107,3.2137000000000002,3.2279,3.2341,3.2359,3.2362,3.2447000000000004,3.2538,3.282,3.286,3.2894,3.2959,3.3005,3.3028,3.3160000000000003,3.3255000000000003,3.3288,3.3302,3.3686000000000003,3.3742,3.383,3.3838000000000004,3.3901000000000003,3.4250000000000003,3.4416,3.5317000000000003,3.6519000000000004,3.6537,3.6561000000000003,3.661,3.6727000000000003,3.6857,3.6867,3.6975000000000002,3.7087000000000003,3.716,3.7304000000000004,3.7313,3.7357,3.738,3.7505,3.753,3.7590000000000003,3.7598000000000003,3.7667,3.7721,3.7777000000000003,3.7848,3.7867,3.7937000000000003,3.7986,3.8028000000000004,3.8087,3.8177000000000003,3.8192000000000004,3.8252,3.8322000000000003,3.8336,3.839,3.8464,3.8478000000000003,3.8499000000000003,3.8586,3.8629000000000002,3.8723,3.8727,3.8774,3.8973,3.8987000000000003,3.9077,3.9145000000000003,3.915,3.9251,3.9440000000000004,3.9501000000000004,3.9537,3.9545000000000003,3.9569,3.9665000000000004,3.9693,3.9697,3.9755000000000003,4.04,4.0431,4.0552,4.056,4.0578,4.0681,4.0705,4.0963,4.1064,4.1104,4.117900000000001,4.1238,4.143800000000001,4.1459
97451:0.0572,0.07100000000000001,0.1009,0.1811,0.2374,0.2902,0.3184,0.3682,0.3962,0.4353,0.4567,1.2199,1.8227,1.8548,1.931,1.9616,2.0425,2.1024000000000003,2.7102,2.7822,2.8342,3.5565,3.5656000000000003,3.6179,3.6535
97669:0.4101,0.48090000000000005,0.5031,0.5106,0.5225000000000001,0.5462,0.5722,0.5751000000000001,0.5818,0.5885,0.5895,0.5978,0.6046,0.6153000000000001,0.6184000000000001,0.6219,0.6254000000000001,0.6264000000000001,0.6357,0.6442,0.6587000000000001,0.6663,0.6756,0.6789000000000001,0.6852,0.6905,0.6957,0.7029000000000001,0.7142000000000001,0.7220000000000001,0.7416,0.7505000000000001,0.7565000000000001,0.7597,0.7736000000000001,0.7772,0.7797000000000001,0.7859,0.798,0.8127000000000001,0.8149000000000001,0.8388,0.8429000000000001,0.8437,0.8516,0.8558,0.8646,0.8706,0.8713000000000001,0.8883000000000001,0.8999,0.9004000000000001,0.9006000000000001,0.9086000000000001,0.9133,0.9223,0.9257000000000001,0.9303,0.9394,0.9425,0.9499000000000001,0.9542,0.9879,0.9885,0.9953000000000001,0.9991000000000001,1.0036,1.0139,1.0488,1.0535,1.0822,1.0872,1.0939,1.0959,1.0981,1.1027,1.1520000000000001,1.1579000000000002,1.2254,1.2262,1.2717,1.2803,1.2854,1.3036,1.3076,1.318,1.3418,1.3503,1.3589,1.3736000000000002,1.3885,1.3904,1.3913,1.3997000000000002,1.4017000000000002,1.4082000000000001,1.4093,1.4200000000000002,1.4223000000000001,1.4227,1.4349,1.4547,1.4558,1.4688,1.4738,1.5305,1.5595,1.56,1.5659,1.5734000000000001,1.5737,1.5818,1.5829,1.5845,1.59,1.5957000000000001,1.5983,1.6004,1.6082,1.6089,1.6147,1.6208,1.6287,1.6379000000000001,1.6446,1.6542000000000001,1.6599000000000002,1.6635,1.6645,1.6795,1.6869,1.6871,1.6894,1.6999000000000002,1.7004000000000001,1.7086000000000001,1.7153,1.7169,1.7208,1.7422000000000002,1.7481,1.7518,1.7569000000000001,1.774,2.0140000000000002,2.0523000000000002,2.1296,2.1482,2.1574,2.1584000000000003,2.1591,2.1621,2.1683,2.1728,2.1803,2.1838,2.1855,2.192,2.1927000000000003,2.194,2.1957,2.1993,2.2025,2.2036000000000002,2.2095000000000002,2.2167,2.2301,2.232,2.2324,2.2451000000000003,2.2465,2.2515,2.2558000000000002,2.2649,2.267,2.2673,2.2724,2.2791,2.2947,2.2993,2.3119,2.3215,2.3248,2.3427000000000002,2.3441,2.3520000000000003,2.3542,2.3566000000000003,2.3616,2.3638,2.3662,2.3702,2.3811,2.3826,2.3923,2.3926000000000003,2.3977,2.4010000000000002,2.402,2.4052000000000002,2.4074,2.4259,2.4287,2.4607,2.4656000000000002,2.4678,2.4779,2.4888,2.4988,2.5009,2.5018000000000002,2.5064,2.5109,2.513,2.523,2.5315000000000003,2.5345,2.5366,2.5391,2.5437000000000003,2.5452,2.5497,2.5524,2.5969,2.6083000000000003,2.8385000000000002,2.8637,2.8857,2.9032,2.9266,2.9357,2.9435000000000002,2.9566000000000003,2.9574000000000003,2.9581,2.9601,2.9667000000000003,2.9686000000000003,2.9730000000000003,2.9804,2.9869000000000003,2.9975,3.0020000000000002,3.0157000000000003,3.0422000000000002,3.0485,3.0524,3.0612000000000004,3.0644,3.0649,3.0688,3.0718,3.0733,3.0814000000000004,3.0819,3.0964,3.1096000000000004,3.116,3.1193,3.1195,3.1231,3.133,3.1420000000000003,3.1497,3.1506000000000003,3.1561000000000003,3.1619,3.1658,3.1675,3.1801000000000004,3.1837,3.1869,3.1884,3.1939,3.2107,3.2122,3.2207000000000003,3.2423,3.2435,3.2455000000000003,3.2466000000000004,3.261,3.2657000000000003,3.2725,3.2743,3.2749,3.2794000000000003,3.2925,3.298,3.3036000000000003,3.3040000000000003,3.3215000000000003,3.3406000000000002,3.3417000000000003,3.345,3.3464,3.3471,3.3479,3.3487,3.3521,3.3702,3.3725,3.3736,3.3761,3.3928000000000003,3.399,3.4160000000000004,3.4548,3.4907000000000004,3.5521000000000003,3.5631000000000004,3.5767,3.6068000000000002,3.6122,3.653,3.6753,3.6831,3.7027,3.7063,3.7085000000000004,3.7211000000000003,3.7243000000000004,3.7343,3.7579000000000002,3.7638000000000003,3.7655000000000003,3.7806,3.7889000000000004,3.7948000000000004,3.8051000000000004,3.8080000000000003,3.8124000000000002,3.8172,3.8242000000000003,3.825,3.8363,3.8404000000000003,3.8471,3.8769,3.8945000000000003,3.8986,3.9115,3.9147000000000003,3.9192,3.9456,3.9479,3.9593000000000003,3.9690000000000003,3.9705000000000004,3.9751000000000003,3.9754,3.9912,4.0015,4.0057,4.0117,4.0142,4.0266,4.0299000000000005,4.0571,4.0662,4.0665000000000004,4.0701,4.0808,4.0929,4.107
97810:0.8411000000000001,0.8845000000000001,1.5287000000000002,1.6013000000000002,2.9307000000000003,3.0844,3.2025,3.8455000000000004,3.8743000000000003
97917:0.10940000000000001,0.1899,0.27590000000000003,0.3372,0.401,0.44870000000000004,1.2378,1.9583000000000002,2.5643000000000002,2.8672,3.5688
98019:0.8421000000000001,0.9303,1.3709,1.6022,1.6727,2.3623000000000003,3.4208000000000003,3.7481,3.8976
98130:0.055400000000000005,0.07690000000000001,0.1872,0.2494,0.3247,0.43520000000000003,0.45170000000000005,0.5111,0.5456,0.6024,1.1607,1.1902000000000001,1.2256,1.3012000000000001,1.7044000000000001,1.8747,1.9283000000000001,2.0108,2.0837,2.1106000000000003,2.1433,2.6747,2.7081,2.7301,2.7902,2.8489,2.9107000000000003,2.9412000000000003,3.4649,3.5140000000000002,3.5426,3.5565,3.6510000000000002,3.7227,4.0692
98423:0.052500000000000005
98737:0.8082,0.8313,0.8615,0.9916,1.3808,1.6903000000000001,1.7314,2.2135000000000002,2.3237,2.5528,2.9284000000000003,3.0761000000000003,3.1061,3.1748000000000003,3.8110000000000004,4.0199,4.050800000000001
98950:0.5165000000000001,0.5533,0.6077,0.6388,0.6919000000000001,0.7198,0.78,0.8334,0.8677,0.9304,0.9590000000000001,0.9840000000000001,1.0319,1.0722,1.1156000000000001,1.3012000000000001,1.3713,1.4060000000000001,1.4382000000000001,1.4965000000000002,1.5532000000000001,1.5796000000000001,1.6133000000000002,1.7060000000000002,1.8089000000000002,1.9101000000000001,2.0156,2.0879000000000003,2.1583,2.193,2.2197,2.253,2.2864,2.3388,2.3929,2.4214,2.4638,2.5017,2.5517000000000003,2.5904000000000003,2.7108000000000003,2.9007,2.974,3.007,3.0579,3.0831,3.1452,3.1776,3.2354000000000003,3.2678000000000003,3.3547000000000002,3.4170000000000003,3.6518,3.6961000000000004,3.7323000000000004,3.7687000000000004,3.8018,3.8557,3.8983000000000003,3.9569,3.9989000000000003,4.0266,4.057300000000001,4.089300000000001,4.1383
99178:0.0184,0.0316,0.046900000000000004,0.060700000000000004,0.07930000000000001,0.0942,0.1105,0.1298,0.1495,0.1696,0.18230000000000002,0.195,0.2073,0.22240000000000001,0.23620000000000002,0.251,0.2666,0.28190000000000004,0.2977,0.3143,0.3312,0.34500000000000003,0.3637,0.3793,0.3967,0.41290000000000004,0.4264,0.4431,0.462,0.48460000000000003,0.5019,0.5223,1.133,1.1459000000000001,1.1583,1.1760000000000002,1.1933,1.2067,1.2221,1.2387000000000001,1.2538,1.2743,1.3005,1.8442,1.8607,1.8759000000000001,1.8909,1.9058000000000002,1.9222000000000001,1.939,1.9561000000000002,1.9702000000000002,1.9837,1.9995,2.0188,2.0389,2.0536000000000003,2.0852,2.6455,2.6663,2.6883,2.7008,2.7174,2.7341,2.7475,2.7623,2.7778,2.7936,2.8136,2.8321,2.8449,2.8615,2.8962000000000003,3.4679,3.4859,3.5048000000000004,3.5245,3.5464,3.5617,3.5776000000000003,3.596,3.624,3.6423,3.6745
99208:0.0081,0.0182,0.0302,0.038700000000000005,0.046700000000000005,0.054200000000000005,0.0655,0.0753,0.08750000000000001,0.09530000000000001,0.10650000000000001,0.114,0.12350000000000001,0.1351,0.1448,0.15330000000000002,0.1638,0.17200000000000001,0.18510000000000001,0.19360000000000002,0.20470000000000002,0.2129,0.22030000000000002,0.2285,0.23650000000000002,0.2452,0.2533,0.2616,0.2679,0.27590000000000003,0.2843,0.29700000000000004,0.306,0.3159,0.326,0.33590000000000003,0.3435,0.3522,0.3632,0.37360000000000004,0.38230000000000003,0.3899,0.39680000000000004,0.4051,0.41550000000000004,0.4249,0.43270000000000003,0.44210000000000005,0.44920000000000004,0.462,0.4717,0.4808,0.49150000000000005,0.49970000000000003,0.5129,0.523,0.539,0.5630000000000001,0.598,1.0289000000000001,1.0457,1.0597,1.0694000000000001,1.0875000000000001,1.0994000000000002,1.1113,1.1206,1.1369,1.1488,1.1644,1.1739000000000002,1.1853,1.1958,1.2047,1.216,1.2276,1.2393,1.2493,1.2588000000000001,1.2685,1.2790000000000001,1.2890000000000001,1.3007,1.3097,1.3381,1.7148,1.7276,1.7445000000000002,1.7610000000000001,1.7787000000000002,1.7921,1.8087000000000002,1.818,1.8276000000000001,1.8369,1.8554000000000002,1.8612000000000002,1.8725,1.8868,1.895,1.9035000000000002,1.9146,1.9247,1.9326,1.9425000000000001,1.9529,1.9613,1.9691,1.9799,1.9894,1.9973,2.007,2.0209,2.0313,2.0429,2.0602,2.0788,2.0874,2.0980000000000003,2.1184000000000003,2.148,2.5582000000000003,2.5797000000000003,2.5975,2.6145,2.6286,2.6364,2.6488,2.6587,2.6687000000000003,2.6783,2.6883,2.6948000000000003,2.7033,2.7117,2.7194000000000003,2.7268000000000003,2.734,2.7431,2.7511,2.7598000000000003,2.7666,2.7746,2.7833,2.793,2.8016,2.8096,2.8229,2.8323,2.843,2.8631,2.8752,2.8881,2.9001,2.9229000000000003,3.3717,3.3893,3.4057,3.4200000000000004,3.4318,3.4475000000000002,3.4622,3.4735,3.4862,3.4961,3.5099,3.5194,3.5264,3.5375,3.5503,3.5587,3.5688,3.5774000000000004,3.5902000000000003,3.6,3.6141,3.6266000000000003,3.6366,3.648,3.6595,3.6709,3.6875,3.7039,3.7218,3.7442,4.1062,4.1227,4.1378
99289:3.0086
99517:0.0264,0.0683,0.0867,0.1062,0.1769,0.2041,0.2505,0.2932,0.3178,0.35250000000000004,0.37520000000000003,0.3931,0.4209,0.4481,0.46040000000000003,0.5007,1.1839,1.2169,1.2743,1.855,1.8987,1.9283000000000001,1.9577,1.988,2.0074,2.0264,2.0472,2.0814,2.6905,2.7110000000000003,2.7279,2.7721,2.7912000000000003,2.8385000000000002,3.5011,3.5343,3.556,3.5631000000000004,3.6205000000000003,3.6485000000000003
99692:0.0019,0.0026000000000000003,0.009300000000000001,0.022500000000000003,0.025,0.0264,0.034800000000000005,0.0516,0.0563,0.059500000000000004,0.0663,0.0665,0.07440000000000001,0.0763,0.0843,0.0868,0.08940000000000001,0.09140000000000001,0.0993,0.1032,0.10990000000000001,0.112,0.1211,0.1293,0.1312,0.13470000000000001,0.13870000000000002,0.1421,0.1456,0.1472,0.16140000000000002,0.16540000000000002,0.1698,0.17370000000000002,0.1962,0.19640000000000002,0.19940000000000002,0.2025,0.20470000000000002,0.2164,0.2238,0.22410000000000002,0.2447,0.2564,0.2639,0.2681,0.27140000000000003,0.2726,0.2742,0.2851,0.2969,0.2999,0.31820000000000004,0.32680000000000003,0.3391,0.3396,0.34340000000000004,0.34990000000000004,0.3617,0.36810000000000004,0.371,0.38920000000000005,0.3922,0.40280000000000005,0.4053,0.4141,0.42210000000000003,0.42650000000000005,0.4284,0.447,0.458,0.4621,0.4656,0.4677,0.48350000000000004,0.4839,0.48860000000000003,0.49500000000000005,0.49820000000000003,0.5015000000000001,0.5043,0.5578000000000001,0.5756,0.5793,0.9520000000000001,0.9914000000000001,0.997,0.9991000000000001,1.0429000000000002,1.0502,1.0536,1.0597,1.0863,1.109,1.1112,1.1149,1.1154,1.1163,1.1359000000000001,1.1361,1.141,1.1431,1.1454,1.1569,1.1618000000000002,1.1697,1.1724,1.1782000000000001,1.2033,1.2249,1.226,1.2268000000000001,1.2316,1.2392,1.2669000000000001,1.2673,1.2688000000000001,1.3292000000000002,1.332,1.3395000000000001,1.3485,1.6629,1.7507000000000001,1.7571,1.7675,1.7829000000000002,1.7928000000000002,1.8075,1.8086,1.8222,1.8269000000000002,1.8283,1.8314000000000001,1.8408,1.8429,1.8442,1.8558000000000001,1.8611000000000002,1.8717000000000001,1.8781,1.8849,1.8889,1.8939000000000001,1.897,1.8999000000000001,1.9047,1.907,1.9145,1.9244,1.9293,1.9382000000000001,1.945,1.9461000000000002,1.9577,1.9598,1.9685000000000001,1.9849,1.9932,2.0176000000000003,2.0266,2.0445,2.0489,2.077,2.1102000000000003,2.1154,2.1194,2.1895000000000002,2.5020000000000002,2.5105,2.5555000000000003,2.5759000000000003,2.5775,2.6059,2.6268000000000002,2.6301,2.6399,2.6526,2.658,2.6624000000000003,2.6628000000000003,2.666,2.6702,2.6853000000000002,2.6879,2.7035,2.7044,2.7065,2.7146000000000003,2.7309,2.7356000000000003,2.7478000000000002,2.7487,2.7584,2.7682,2.7719,2.7818,2.8001,2.8198000000000003,2.8264,2.8297000000000003,2.8333,2.8364000000000003,2.8458,2.8478000000000003,2.8499000000000003,2.8640000000000003,2.9154,2.9227000000000003,2.9481,2.9537,3.3569,3.3906,3.4374000000000002,3.4397,3.4484000000000004,3.458,3.4719,3.4783,3.4873000000000003,3.4905000000000004,3.5223,3.5319000000000003,3.5340000000000003,3.5346,3.54,3.548,3.5553000000000003,3.5604,3.5672,3.5736000000000003,3.5889,3.5957000000000003,3.6017,3.6094000000000004,3.6136000000000004,3.615,3.633,3.6353,3.6843000000000004,3.6855,3.7268000000000003,3.7305,3.7387,3.7465,4.0951,4.101100000000001,4.1154,4.1178,4.1197,4.1303
99695:0.23970000000000002,0.5705,0.5918,0.6277,0.6526000000000001,0.6811,0.7182000000000001,0.7429,0.7641,0.7871,0.8037000000000001,0.8358,0.8767,0.9089,0.9269000000000001,0.9486,0.9922000000000001,1.0263,1.0689,1.3225,1.3778000000000001,1.4072,1.4424000000000001,1.4852,1.5171000000000001,1.5449000000000002,1.5771000000000002,1.5977000000000001,1.6146,1.6424,1.6691,1.7014,1.7491,2.1023,2.1286,2.1675,2.1906000000000003,2.2218,2.2504,2.2835,2.3312,2.3616,2.3856,2.4125,2.458,2.4963,2.5208,2.5511,2.6563000000000003,2.9329,2.9746,2.999,3.0381,3.0777,3.1163000000000003,3.1413,3.1792000000000002,3.2148000000000003,3.2412,3.2699000000000003,3.302,3.3405,3.3821000000000003,3.4183000000000003,3.7328,3.7652,3.7954000000000003,3.8239,3.8645,3.8930000000000002,3.9225000000000003,3.9499000000000004,3.9717000000000002,4.003,4.0271,4.0471,4.0936
99759:0.6082000000000001,0.6355000000000001,0.6509,0.6779000000000001,0.6966,0.7247,0.7498,0.7772,0.8127000000000001,0.8446,0.8628,0.8915000000000001,0.9241,0.9485,0.9652000000000001,1.0516,1.3937000000000002,1.4225,1.4508,1.475,1.5150000000000001,1.5342,1.5617,1.5998,1.6349,1.6742000000000001,1.7139,1.7513,2.1757,2.2025,2.2388,2.2555,2.2821000000000002,2.2963,2.3389,2.3631,2.3941,2.4113,2.434,2.4523,2.4849,2.4995000000000003,2.524,2.5554,2.9687,3.0046,3.0287,3.0602,3.0748,3.1333,3.1516,3.1938,3.2208,3.2373000000000003,3.2729000000000004,3.3036000000000003,3.3188,3.3327,3.3777000000000004,3.7597,3.7775000000000003,3.8002000000000002,3.8191,3.8485,3.8622,3.9017000000000004,3.9248000000000003,3.9618,3.9781,3.9996,4.0434,4.0683,4.0979,4.115200000000001,4.1429
99782:0.0692,0.1325,0.28290000000000004,0.3143,0.3758,0.39590000000000003,0.4111,0.4388,0.4717,1.0773000000000001,1.0987,1.199,1.8084,1.8489,1.8860000000000001,1.9293,2.0248,2.0491,2.6653000000000002,2.6765000000000003,2.737,2.7837,2.8363,3.515,3.5580000000000003,3.5804,3.6180000000000003,3.6489000000000003,3.6725000000000003
99783:0.07150000000000001,0.08360000000000001,0.48850000000000005,0.5615,0.5913,0.615,0.6395000000000001,0.6615,0.6824,0.7205,0.752,0.7877000000000001,0.8417,0.8684000000000001,0.8905000000000001,0.9134,0.9445,0.9569000000000001,0.9817,1.0363,1.0585,1.1746,1.3419,1.3761,1.4178000000000002,1.441,1.4735,1.5128000000000001,1.5313,1.5468000000000002,1.5815000000000001,1.5985,1.6118000000000001,1.6269,1.6442,1.6729,1.7268000000000001,1.7581,2.1291,2.1828000000000003,2.2239,2.2558000000000002,2.2665,2.2844,2.2933,2.3396,2.363,2.3879,2.4198,2.4383,2.4751000000000003,2.5123,2.5485,2.5725000000000002,2.7070000000000003,2.7243,2.778,2.8255000000000003,2.9473000000000003,2.9717000000000002,2.9937,3.0185,3.0374000000000003,3.0604,3.0901,3.1186000000000003,3.1468000000000003,3.1543,3.1987,3.2276000000000002,3.2425,3.2741000000000002,3.2840000000000003,3.3045,3.3208,3.3315,3.3579000000000003,3.5684,3.6973000000000003,3.7512000000000003,3.7784,3.8066,3.8396000000000003,3.8647,3.8912,3.9086000000000003,3.9473000000000003,3.9713000000000003,3.9823000000000004,4.0109,4.0232,4.0335,4.0792,4.1235
100092:0.2506,0.5323,0.5688,0.612,0.6857000000000001,0.9137000000000001,0.9813000000000001,1.0331000000000001,1.0599,1.1042,1.1829,1.2419,1.3208,1.3494000000000002,1.4098000000000002,1.4443000000000001,1.5338,1.5872000000000002,1.6243,1.681,1.7269,1.7553,1.8053000000000001,2.1221,2.1651000000000002,2.205,2.2881,2.4056,2.4421,2.5163,2.5473000000000003,2.5725000000000002,2.603,2.7187,2.9208000000000003,2.9666,3.0368,3.0853,3.176,3.2769000000000004,3.3057000000000003,3.3354000000000004,3.3887,3.4279,3.4787000000000003,3.7021,3.7493000000000003,3.7806,3.8384,3.891,3.9733,4.0161,4.0922,4.1249
100238:0.0085,0.020900000000000002,0.0726,0.5014000000000001,1.0992,1.1104,1.1253,1.1413,1.1552,1.1745,1.2172,1.8492000000000002,1.8617000000000001,1.8771,2.0335,2.6197,2.6351,2.6672000000000002,2.846,3.4334000000000002,3.4515000000000002,3.4677000000000002,3.4781,3.498,3.5849
100390:0.5879,0.6113000000000001,0.6322,0.6506000000000001,0.6749,0.7017,0.7271000000000001,0.7715000000000001,0.7855000000000001,0.8091,0.8370000000000001,0.8563000000000001,0.8901,0.9168000000000001,0.9308000000000001,0.9528000000000001,1.0038,1.0483,1.3699000000000001,1.3911,1.4220000000000002,1.4439,1.4766000000000001,1.4979,1.5255,1.5518,1.5859,1.603,1.6509,1.677,1.709,1.746,2.1725000000000003,2.1931000000000003,2.2231,2.2512000000000003,2.269,2.2895000000000003,2.3224,2.3407,2.3641,2.39,2.4039,2.4319,2.48,2.4973,2.5136000000000003,2.5371,2.5546,2.9621,2.9766000000000004,3.008,3.0325,3.0598,3.0786000000000002,3.1171,3.1568,3.1804,3.1988000000000003,3.2243,3.2593,3.2766,3.2983000000000002,3.3129,3.3331,3.4112,3.7444,3.7666000000000004,3.7793,3.8064,3.8355,3.8582,3.8806000000000003,3.9038000000000004,3.9233000000000002,3.955,3.9791000000000003,3.9926000000000004,4.0061,4.0556,4.0927,4.1173,4.1412
100427:0.6984,0.901,2.303,2.4846,3.1574,3.3362000000000003,3.9956
100474:0.0711,0.1206,0.19390000000000002,0.257,0.3259,0.4399,0.4928,0.5706,0.6033000000000001,0.631,0.6522,0.6678000000000001,0.6848000000000001,0.7174,0.7286,0.7437,0.7708,0.7969,0.8306,0.8567,0.8861,0.9094000000000001,0.9249,0.9473,0.9988,1.0267,1.0647,1.1039,1.1682000000000001,1.2386000000000001,1.2909000000000002,1.3236,1.3743,1.4040000000000001,1.4325,1.4853,1.5161,1.5405,1.5505,1.5781,1.5916000000000001,1.6097000000000001,1.6347,1.6455000000000002,1.6624,1.6988,1.7318,1.8307,1.8732000000000002,1.9077000000000002,1.9617,2.0698000000000003,2.1006,2.1266000000000003,2.1645000000000003,2.1879,2.2167,2.2473,2.2686,2.2795,2.3080000000000003,2.3326000000000002,2.3592,2.386,2.4136,2.4575,2.4955000000000003,2.5227,2.6507,2.6788000000000003,2.704,2.8087,2.8398000000000003,2.9311000000000003,2.9679,2.9955000000000003,3.0398,3.0657,3.0798,3.1052,3.1147,3.1397,3.1786000000000003,3.2042,3.2283,3.2614,3.2739000000000003,3.2851000000000004,3.3044000000000002,3.3144,3.339,3.3809,3.4232,3.4869000000000003,3.5207,3.5757000000000003,3.6844,3.74,3.7658,3.7941000000000003,3.8212,3.8561,3.8705000000000003,3.8907000000000003,3.9232,3.9482000000000004,3.9724000000000004,3.99,4.0082,4.0237,4.0472,4.1023000000000005
100570:0.0054,0.0089,0.0109,0.024200000000000003,0.0334,0.0345,0.0352,0.048100000000000004,0.0591,0.0818,0.085,0.08650000000000001,0.0916,0.09290000000000001,0.0931,0.1163,0.133,0.1341,0.1381,0.1416,0.154,0.16490000000000002,0.1797,0.1829,0.189,0.1902,0.2056,0.20720000000000002,0.2096,0.2156,0.2184,0.2373,0.23970000000000002,0.25780000000000003,0.2614,0.26930000000000004,0.2695,0.2778,0.28500000000000003,0.2903,0.29450000000000004,0.29810000000000003,0.30010000000000003,0.3019,0.3037,0.3175,0.3241,0.3411,0.3468,0.34800000000000003,0.3488,0.3624,0.37120000000000003,0.3725,0.3799,0.386,0.4077,0.4101,0.4131,0.41400000000000003,0.42050000000000004,0.42300000000000004,0.4269,0.42810000000000004,0.4308,0.43160000000000004,0.4343,0.4444,0.4459,0.45570000000000005,0.4596,0.4637,0.46690000000000004,0.47390000000000004,0.4802,0.4847,0.48700000000000004,0.4965,0.4968,0.501,0.5219,0.5507000000000001,0.5743,0.5958,1.0455,1.0482,1.0835000000000001,1.0969,1.1075000000000002,1.12,1.1274,1.1354,1.1448,1.1476,1.1585,1.1629,1.1638,1.1662000000000001,1.1761000000000001,1.1777,1.1817,1.1924000000000001,1.1981000000000002,1.2042000000000002,1.2242,1.2376,1.2431,1.2492,1.2502,1.2683,1.2705,1.2747000000000002,1.2759,1.2768000000000002,1.2993000000000001,1.3033000000000001,1.3412000000000002,1.3492,1.7005000000000001,1.7117,1.7196,1.721,1.7397,1.7743,1.7997,1.8092000000000001,1.8105,1.8158,1.8243,1.8312000000000002,1.8321,1.84,1.8567,1.87,1.8742,1.8818000000000001,1.8880000000000001,1.8896000000000002,1.9028,1.9144,1.9287,1.9405000000000001,1.9463000000000001,1.9572,1.961,1.9834,1.991,1.9953,2.0032,2.0047,2.0169,2.0195000000000003,2.029,2.033,2.0368,2.0372,2.0385,2.1051,2.1095,2.1354,2.1585,2.1703,2.5507,2.551,2.553,2.5739,2.5772,2.6015,2.6039000000000003,2.6136,2.6264000000000003,2.6412,2.6469,2.6491000000000002,2.6495,2.6516,2.673,2.6763000000000003,2.6836,2.6841,2.6875,2.6881,2.6910000000000003,2.6918,2.7113,2.7171000000000003,2.7211000000000003,2.7261,2.7276000000000002,2.729,2.7302,2.7415000000000003,2.7421,2.7436000000000003,2.7453000000000003,2.7497000000000003,2.7595,2.7656,2.7672000000000003,2.7727,2.7747,2.7851000000000004,2.7864,2.7932,2.8007,2.8029,2.8069,2.8078000000000003,2.8134,2.8181000000000003,2.8263000000000003,2.8584,2.8789000000000002,2.8811,2.8856,2.8902,2.9036,2.9111000000000002,2.9130000000000003,3.3091000000000004,3.3554000000000004,3.3766000000000003,3.3842000000000003,3.398,3.4024,3.4096,3.4253,3.4305000000000003,3.4438,3.45,3.4696000000000002,3.4864,3.5003,3.5006000000000004,3.5049,3.5086000000000004,3.5237000000000003,3.5332000000000003,3.5376000000000003,3.5577,3.5716,3.5733,3.583,3.5872,3.5939,3.5954,3.5962,3.5975,3.6180000000000003,3.624,3.6274,3.64,3.6494,3.6629,3.6684,3.6941,3.7164,4.0594,4.0999,4.1023000000000005,4.1062,4.1117,4.1171
100611:0.0795,0.4572,0.9685,1.6145,2.7230000000000003,2.7997,3.0048000000000004,3.3334,3.5646,4.0416
100672:0.049600000000000005,0.0896,0.20770000000000002,0.2575,0.28090000000000004,0.32180000000000003,0.40080000000000005,0.4369,0.5121,0.9662000000000001,1.2226000000000001,1.8801,1.9567,2.0133,2.705,2.7308000000000003,2.7568,2.7858,2.8437,2.8724000000000003,3.5298000000000003,3.5610000000000004,4.1129
100682:0.0385,0.1893,0.2283,0.4354,1.1345,1.2746,1.9309,2.0169,2.6844,2.7792000000000003
100959:0.0034000000000000002,0.0118,0.0205,0.031400000000000004,0.0512,0.0539,0.0631,0.0646,0.066,0.0688,0.07060000000000001,0.0713,0.0758,0.076,0.0889,0.0907,0.0978,0.10160000000000001,0.1028,0.1119,0.1144,0.1155,0.1197,0.1265,0.1293,0.1695,0.17270000000000002,0.1804,0.1884,0.2018,0.21860000000000002,0.2214,0.22460000000000002,0.22640000000000002,0.227,0.22760000000000002,0.2306,0.23240000000000002,0.2452,0.25620000000000004,0.2671,0.2733,0.2788,0.2964,0.307,0.3078,0.3165,0.3261,0.35150000000000003,0.36110000000000003,0.364,0.37360000000000004,0.3849,0.3871,0.3891,0.40130000000000005,0.4016,0.4072,0.4087,0.4118,0.4128,0.4192,0.4228,0.42460000000000003,0.42610000000000003,0.42960000000000004,0.43,0.4459,0.4541,0.46330000000000005,0.46640000000000004,0.47640000000000005,0.48500000000000004,0.4943,0.49450000000000005,0.49810000000000004,0.5037,0.5312,0.5382,0.5431,0.5542,0.5576,0.5838,0.9633,1.0091,1.0094,1.0279,1.0306,1.0448,1.0614000000000001,1.1056000000000001,1.1144,1.1169,1.1238000000000001,1.1462,1.1489,1.1542000000000001,1.1929,1.195,1.1968,1.2157,1.2189,1.2288000000000001,1.2367000000000001,1.2372,1.2383,1.2411,1.2499,1.2653,1.2669000000000001,1.2925,1.3066,1.3268,1.7019000000000002,1.7057,1.7503000000000002,1.7534,1.7637,1.7677,1.7747000000000002,1.7766000000000002,1.7768000000000002,1.7965,1.8066,1.8212000000000002,1.8591000000000002,1.8632000000000002,1.8856000000000002,1.8858000000000001,1.8892,1.8901000000000001,1.8904,1.8986,1.9022000000000001,1.9068,1.9133,1.9219000000000002,1.9226,1.9386,1.9685000000000001,1.9818,1.9895,1.9963000000000002,2.0180000000000002,2.0251,2.0298000000000003,2.0349,2.0379,2.0461,2.0467,2.0473,2.0780000000000003,2.0873,2.0892,2.1017,2.1232,2.1257,2.1953,2.5016000000000003,2.5071000000000003,2.5394,2.5407,2.5736000000000003,2.6006,2.6029,2.6091,2.6105,2.6242,2.6352,2.6379,2.6439,2.6453,2.6615,2.6644,2.6793,2.6808,2.6819,2.6884,2.6886,2.6892,2.6932,2.697,2.6973000000000003,2.6999,2.7024,2.7028000000000003,2.7122,2.721,2.722,2.7343,2.7381,2.7429,2.7453000000000003,2.7667,2.7738,2.7755,2.7959,2.8120000000000003,2.8133000000000004,2.8193,2.8221000000000003,2.8280000000000003,2.8437,2.8478000000000003,2.8916,2.9055,2.9146,2.9158,2.9468,3.3363,3.3545000000000003,3.3599,3.3646000000000003,3.3746,3.3752,3.3876,3.4011,3.4039,3.4357,3.4487,3.4537,3.4676,3.4723,3.4803,3.4816000000000003,3.4835000000000003,3.4989000000000003,3.5005,3.5013,3.508,3.5351000000000004,3.5406,3.5504000000000002,3.5526,3.5671000000000004,3.5705,3.5719000000000003,3.5721000000000003,3.576,3.5777,3.5852000000000004,3.5858000000000003,3.5922,3.6215,3.6234,3.6297,3.6326,3.6339,3.6348000000000003,3.6655,3.6785,3.6789,3.6845000000000003,3.6873,3.7171000000000003,3.7251000000000003,3.7351,3.7403,4.0556,4.0574,4.1047,4.1082,4.1378
101029:0.6692,0.7038,0.7421,0.7657,0.7848,0.8353,0.8512000000000001,0.9071,0.9233,0.9922000000000001,1.4294,1.4754,1.5114,1.5335,1.6428,2.2223,2.2581,2.2914000000000003,2.3198000000000003,2.3642000000000003,2.3858,2.4062,2.4453,2.4798,3.0405,3.1014,3.1264000000000003,3.1452,3.1904000000000003,3.2212,3.2430000000000003,3.2661000000000002,3.2981000000000003,3.3528000000000002,3.8295000000000003,3.9160000000000004,3.9684000000000004,4.0232
101037:0.029,0.0618,0.08800000000000001,0.1044,0.1335,0.1496,0.1721,0.2048,0.2641,0.2808,0.32530000000000003,0.3521,0.3743,0.40900000000000003,0.441,0.46630000000000005,0.5016,1.1193,1.1499000000000001,1.1725,1.2318,1.8298,1.851,1.8676000000000001,1.8875000000000002,1.9055000000000002,1.9494,2.0026,2.0549,2.6378,2.6688,2.6915,2.7173000000000003,2.7550000000000003,2.7795,2.8417000000000003,3.4819,3.5384,3.5601000000000003,3.5989
101321:0.027200000000000002,0.061700000000000005,0.07200000000000001,0.09380000000000001,0.10310000000000001,0.1085,0.14250000000000002,0.1497,0.1574,0.1933,0.20070000000000002,0.2346,0.2421,0.2535,0.28240000000000004,0.3053,0.3534,0.3608,0.3729,0.42310000000000003,0.43,0.4389,0.4781,0.4844,0.5199,0.5271,0.5707,0.5769000000000001,0.6376000000000001,0.6796,0.7019000000000001,0.7289,0.7528,0.791,0.797,0.8225,0.8288000000000001,0.8518,0.8627,0.8947,0.9474,0.9671000000000001,1.04,1.0962,1.1037000000000001,1.12,1.1254,1.143,1.1959,1.205,1.2112,1.2578,1.2650000000000001,1.2768000000000002,1.3156,1.3226,1.3768,1.3943,1.4255,1.4717,1.5203,1.5266000000000002,1.5387000000000002,1.5754000000000001,1.6067,1.6135000000000002,1.6408,1.6487,1.6784000000000001,1.6880000000000002,1.7175,1.7246000000000001,1.7519,1.7703,1.8647,1.8739000000000001,1.9404000000000001,1.9496,1.9753,1.9823000000000002,2.0203,2.0312,2.0492,2.0936,2.1001000000000003,2.1087000000000002,2.1644,2.1935000000000002,2.2108000000000003,2.2518000000000002,2.2852,2.2928,2.3297000000000003,2.3365,2.3581000000000003,2.3678,2.4052000000000002,2.4402,2.4465,2.4864,2.4924,2.5293,2.5354,2.561,2.5695,2.6032,2.6099,2.7108000000000003,2.7186000000000003,2.7418,2.7699000000000003,2.7789,2.7914000000000003,2.8325,2.8403,2.8517,2.8759,2.9083,2.9261,2.9349000000000003,2.9410000000000003,2.963,2.9975,3.0038,3.0180000000000002,3.0684,3.0954,3.1108000000000002,3.1513,3.1575,3.1987,3.2048,3.2222,3.2447000000000004,3.254,3.2839,3.3272000000000004,3.3356000000000003,3.343,3.3961,3.4259,3.4324000000000003,3.4593000000000003,3.4929,3.4987000000000004,3.5058000000000002,3.5226,3.5450000000000004,3.5616000000000003,3.5967000000000002,3.7888,3.8419000000000003,3.8666,3.9087,3.9677000000000002,3.9809,4.0014,4.0244,4.0581000000000005,4.077100000000001,4.1132,4.1326
101783:3.5665
101977:0.8322,0.9817,1.4083,2.2511,2.3369,3.1774,3.741
102031:0.8368,1.5184,2.2808,2.4201,2.4459,3.1165000000000003,3.2546,3.8930000000000002
102108:0.07930000000000001,0.4546,1.9641000000000002,2.1807000000000003,2.7729,2.9771,3.4999000000000002,3.5660000000000003,4.139600000000001
102124:0.1062,0.15510000000000002,0.1872,0.26890000000000003,0.3139,0.3723,0.4027,0.4551,0.7181000000000001,0.7595000000000001,0.8402000000000001,0.9237000000000001,1.2276,1.4444000000000001,1.5288000000000002,1.8504,1.9213,1.991,2.0434,2.2295000000000003,2.3269,2.3847,2.4513000000000003,2.4922,2.708,2.7408,2.8186,2.8465000000000003,3.0451,3.1106000000000003,3.1501,3.2299,3.3012,3.5166,3.5587,3.6021,3.6494
102189:0.0848,2.2943000000000002,2.7752000000000003
102290:2.4326000000000003
102727:0.1504,1.911,2.666,3.6972
102806:0.0551,0.094,0.1399,0.18180000000000002,0.326,0.35710000000000003,0.42160000000000003,0.45980000000000004,0.518,0.5625,0.9706,1.0816000000000001,1.1747,1.2299,1.5102,1.713,1.8775000000000002,1.9159000000000002,2.0143,2.1947,2.2878000000000003,2.4342,2.5276,2.6732,2.7061,2.7581,2.7902,2.9659,3.0906000000000002,3.4897,3.5611,3.6521000000000003,3.705,3.7868000000000004,4.1113
103131:0.1758,0.1935,0.24730000000000002,0.3493,0.385,2.7646
103226:0.0313,0.0565,0.07200000000000001,0.1013,0.1399,0.1569,0.18180000000000002,0.1905,0.2424,0.26230000000000003,0.32080000000000003,0.3327,0.39880000000000004,0.4365,0.4509,0.5103,0.5529000000000001,0.5903,0.614,0.6319,0.6478,0.6679,0.6813,0.6959000000000001,0.7457,0.7583000000000001,0.7785000000000001,0.8172,0.8440000000000001,0.864,0.8903000000000001,0.9314,0.9484,0.9579000000000001,0.9684,0.9945,1.0284,1.0543,1.0785,1.1175000000000002,1.1608,1.1973,1.229,1.3032000000000001,1.3342,1.3664,1.3866,1.4123,1.4272,1.4594,1.4753,1.4978,1.5211000000000001,1.5586,1.5667,1.5953000000000002,1.6053000000000002,1.6296000000000002,1.6595,1.6752,1.7016,1.715,1.7335,1.7568000000000001,1.8058,1.8612000000000002,1.8816000000000002,1.9154,1.9480000000000002,1.9629,2.0142,2.049,2.0853,2.1153,2.1452,2.1657,2.1778,2.1922,2.2364,2.2495000000000003,2.2685,2.2828,2.2919,2.3251,2.3563,2.3867000000000003,2.4032,2.4334000000000002,2.4594,2.4805,2.4993000000000003,2.5256000000000003,2.5584000000000002,2.5926,2.6267,2.674,2.7063,2.7459000000000002,2.7604,2.7877,2.8018,2.8559,2.8956,2.9302,2.9478,2.9612000000000003,2.9794,2.9958,3.0117000000000003,3.0591,3.0677000000000003,3.0875000000000004,3.1038,3.1371,3.1505,3.1827,3.2092,3.2352000000000003,3.2533000000000003,3.2819000000000003,3.298,3.3204000000000002,3.3424,3.3838000000000004,3.4162000000000003,3.4621,3.4888000000000003,3.4996,3.5179,3.5392,3.5570000000000004,3.6246,3.6637,3.7073,3.7382,3.7768,3.7947,3.8195,3.8402000000000003,3.8583000000000003,3.8939000000000004,3.9064,3.9435000000000002,3.9631000000000003,3.9868,4.0173000000000005,4.0265,4.0532,4.0699000000000005,4.1031,4.1243,4.1421
103229:0.0244,0.1163,0.1852,0.2116,0.2464,0.2726,0.342,0.4017,1.1878,1.2266000000000001,1.9847000000000001,2.7602,2.8436000000000003,3.5010000000000003
103280:0.0362,0.0601,0.1837,0.20750000000000002,0.2306,0.40290000000000004,0.4355,0.4847,0.5555,1.1309,1.165,1.2326000000000001,1.8751,1.9284000000000001,2.0005,2.0171,2.2975000000000003,2.4333,2.6493,2.6985,2.7666,2.8208,3.0936000000000003,3.4265000000000003,3.5146,3.5405,3.5973,3.6571000000000002
103318:0.0804,0.7601,0.922,1.5453000000000001,1.6804000000000001,2.3014,2.4563,2.8312,3.0661,3.1535,3.2385,3.3314000000000004,3.7096,3.8802000000000003,3.9772000000000003,4.0337000000000005
103495:2.2947
103504:0.037200000000000004,0.083,0.218,0.3103,0.48410000000000003,0.512,0.5473,0.5881000000000001,0.6454000000000001,0.6796,0.7227,0.7579,0.7898000000000001,0.8386,0.9188000000000001,0.9844,1.0383,1.1685,1.2261,1.2975,1.3367,1.4205,1.4535,1.5153,1.5932000000000002,1.6691,1.7533,1.9253,2.1129000000000002,2.1839,2.2247,2.3498,2.3872,2.4294000000000002,2.516,2.5614000000000003,2.6007000000000002,2.6722,2.7766,2.8204000000000002,3.0137,3.0615,3.1214,3.1953,3.2298,3.2760000000000002,3.4163,3.4641,3.5592,3.6972,3.7538,3.7799,3.8612,3.9064,3.9434,4.027,4.1463
103595:0.0129,0.0205,0.0267,0.036000000000000004,0.0366,0.042,0.0448,0.0511,0.055200000000000006,0.0563,0.060700000000000004,0.0613,0.0713,0.08170000000000001,0.0829,0.09240000000000001,0.09570000000000001,0.09720000000000001,0.0998,0.10490000000000001,0.1067,0.1114,0.1139,0.1145,0.1169,0.13490000000000002,0.1364,0.159,0.1592,0.1628,0.17270000000000002,0.18030000000000002,0.1834,0.1917,0.192,0.202,0.20850000000000002,0.2102,0.2117,0.2165,0.2275,0.2346,0.2441,0.24650000000000002,0.2523,0.2526,0.2659,0.26990000000000003,0.28700000000000003,0.3055,0.30960000000000004,0.3148,0.3311,0.332,0.33630000000000004,0.33940000000000003,0.3463,0.3541,0.35910000000000003,0.36260000000000003,0.3715,0.37420000000000003,0.3801,0.38380000000000003,0.3865,0.38680000000000003,0.3945,0.3971,0.40230000000000005,0.40290000000000004,0.4041,0.4067,0.4163,0.41750000000000004,0.4257,0.4263,0.42750000000000005,0.42860000000000004,0.435,0.4378,0.4418,0.44380000000000003,0.461,0.4612,0.5084000000000001,0.5896,1.0076,1.0156,1.044,1.0477,1.0675000000000001,1.0737,1.0773000000000001,1.0853000000000002,1.0886,1.0953000000000002,1.1001,1.1166,1.1174,1.1178000000000001,1.1185,1.1291,1.1494,1.1543,1.1608,1.1749,1.1762000000000001,1.1906,1.192,1.2142000000000002,1.2186000000000001,1.2254,1.2427000000000001,1.2603,1.2618,1.2638,1.2747000000000002,1.2787000000000002,1.2797,1.2953000000000001,1.2978,1.3091000000000002,1.3118,1.3231000000000002,1.6763000000000001,1.7019000000000002,1.7045000000000001,1.728,1.746,1.7502,1.7886000000000002,1.7937,1.816,1.8353000000000002,1.8357,1.8375000000000001,1.8525,1.8551000000000002,1.8554000000000002,1.8556000000000001,1.8578000000000001,1.8629,1.8742,1.8773000000000002,1.8825,1.8851,1.8881000000000001,1.8956000000000002,1.8958000000000002,1.9072,1.9136000000000002,1.9203000000000001,1.9243000000000001,1.9287,1.9304000000000001,1.9307,1.9333,1.939,1.9472,1.9495,1.9503000000000001,1.9511,1.9624000000000001,1.9665000000000001,1.9682000000000002,1.9687000000000001,1.9717,1.9723000000000002,1.9746000000000001,1.9768000000000001,1.9817,1.9856,1.9883000000000002,2.0020000000000002,2.0203,2.0218000000000003,2.0327,2.0528,2.0644,2.0803000000000003,2.0992,2.1077,2.1262000000000003,2.1305,2.1497,2.1935000000000002,2.5164,2.5515000000000003,2.5522,2.5622000000000003,2.6048,2.6174,2.619,2.6224000000000003,2.6308000000000002,2.6339,2.6483000000000003,2.6518,2.6531000000000002,2.6709,2.6765000000000003,2.6874000000000002,2.6905,2.7067,2.7171000000000003,2.7422,2.7438000000000002,2.7538,2.7542,2.7612,2.7662,2.7726,2.7800000000000002,2.7920000000000003,2.8072,2.8169,2.8377000000000003,2.8388,2.8400000000000003,2.841,2.8486000000000002,2.8528000000000002,2.858,2.8709000000000002,2.8816,2.9212000000000002,2.9370000000000003,2.9477,2.9893,3.3643,3.3667000000000002,3.3685,3.4447,3.4464,3.4650000000000003,3.4709000000000003,3.4794,3.4796,3.5121,3.5153000000000003,3.5216000000000003,3.5235000000000003,3.5287,3.5581,3.5602,3.5606,3.5647,3.5745,3.5771,3.5793000000000004,3.5845000000000002,3.5996,3.6042,3.6093,3.6337,3.6402,3.6464000000000003,3.6497,3.6725000000000003,4.0501000000000005,4.085500000000001,4.1001,4.105300000000001,4.1066,4.114,4.1151,4.1161,4.119800000000001,4.1214
103718:0.748,0.8488,0.9908,1.491,1.7458,2.2221,2.293,2.4765,3.0796,3.1867,3.2717,3.6988000000000003,3.7731000000000003,3.9607
104203:0.9520000000000001,2.3976,4.019
104346:1.3019,2.1138
104365:0.019,0.0313,0.0419,0.056100000000000004,0.0692,0.08700000000000001,0.0971,0.1178,0.13520000000000001,0.1497,0.1635,0.1794,0.1903,0.2054,0.2335,0.24200000000000002,0.26940000000000003,0.2987,0.3153,0.33330000000000004,0.3492,0.3748,0.3947,0.4249,0.44520000000000004,0.4549,0.4728,0.49100000000000005,0.507,0.5359,1.0433000000000001,1.0979,1.1216000000000002,1.1447,1.1573,1.1763000000000001,1.205,1.2275,1.2377,1.248,1.2650000000000001,1.2809000000000001,1.2942,1.3262,1.7532,1.8074000000000001,1.8357,1.8498,1.8694000000000002,1.887,1.8992,1.9118000000000002,1.9401000000000002,1.9624000000000001,1.981,2.0003,2.0252,2.0631,2.0844,2.1049,2.1549,2.5623,2.615,2.6314,2.6433,2.6647000000000003,2.6821,2.6950000000000003,2.717,2.7446,2.7536,2.7728,2.7871,2.8068,2.8232,2.845,2.8583000000000003,2.8767,2.9011,2.9705000000000004,3.4118,3.4445,3.4658,3.4827000000000004,3.4962,3.5233000000000003,3.5416000000000003,3.5564,3.5861,3.6025,3.6346000000000003,3.6769000000000003,4.121,4.1446000000000005
104455:0.2807
104509:0.0816,3.559
104632:0.027600000000000003,0.06760000000000001,0.0981,0.1325,0.1739,0.2054,0.2399,0.27540000000000003,0.306,0.3456,0.39740000000000003,0.4292,0.4698,0.5171,1.054,1.1244,1.1565,1.2049,1.2398,1.2906,1.818,1.8671,1.8994000000000002,1.9278000000000002,1.9599000000000002,1.9974,2.0426,2.1082,2.5857,2.6402,2.6910000000000003,2.725,2.7536,2.7882000000000002,2.8228,2.8574,2.9032,3.4506,3.4956,3.5309000000000004,3.5717000000000003,3.6416000000000004,4.1238
104833:0.0303,0.055600000000000004,0.0742,0.10600000000000001,0.1348,0.1643,0.1821,0.218,0.2421,0.2733,0.29760000000000003,0.322,0.3456,0.3622,0.3947,0.4258,0.4485,0.4691,0.49410000000000004,0.5149,0.5465,0.6025,0.9069,0.9693,1.0605,1.0962,1.1487,1.1729,1.1934,1.2231,1.246,1.2745,1.3072000000000001,1.3555000000000001,1.4309,1.6026,1.6465,1.7399,1.7961,1.8601,1.877,1.9023,1.9294,1.9552,1.9778,2.011,2.0225,2.0488,2.0983,2.1118,2.1385,2.5232,2.5717000000000003,2.6001000000000003,2.6425,2.6732,2.6971000000000003,2.7146000000000003,2.7465,2.7720000000000002,2.7905,2.8145000000000002,2.842,2.8665000000000003,2.898,2.9256,2.9643,3.2545,3.3322000000000003,3.4269000000000003,3.4728000000000003,3.492,3.5114,3.5389000000000004,3.5588,3.5843000000000003,3.6298000000000004,3.6536,3.7043000000000004,4.043200000000001,4.1448
104893:0.1836,0.37870000000000004,1.8505,3.5582000000000003
104955:0.8380000000000001,0.9304,1.4436,2.3542,3.08,3.1876,3.2857000000000003,3.8672,4.0082
105214:0.0129,0.0213,0.0317,0.0506,0.08420000000000001,0.1014,0.112,0.1231,0.1439,0.1676,0.1743,0.1951,0.2008,0.2167,0.2366,0.2421,0.25120000000000003,0.273,0.29560000000000003,0.303,0.3458,0.3612,0.3763,0.38380000000000003,0.4143,0.42150000000000004,0.43760000000000004,0.4656,0.47140000000000004,0.48910000000000003,0.4988,0.521,0.534,0.5424,0.5675,0.5828,0.6016,0.615,0.6349,0.6598,0.669,0.6973,0.7185,0.7358,0.7543000000000001,0.7685000000000001,0.7917000000000001,0.8062,0.8246,0.8356,0.8494,0.8788,0.8915000000000001,0.9133,0.925,0.9546,0.9683,0.9894000000000001,1.0027000000000001,1.0128000000000001,1.0235,1.0324,1.0464,1.0656,1.073,1.0917000000000001,1.1081,1.1173,1.1422,1.1525,1.1694,1.1854,1.1928,1.2146000000000001,1.2388000000000001,1.2475,1.2550000000000001,1.2628000000000001,1.2715,1.2913000000000001,1.3024,1.3218,1.3298,1.3396000000000001,1.3491,1.3664,1.3953,1.413,1.4282000000000001,1.4584000000000001,1.4943,1.5148000000000001,1.5303,1.5505,1.5787,1.5945,1.6336000000000002,1.657,1.6713,1.6969,1.7198,1.7301000000000002,1.7459,1.7678,1.7777,1.7908000000000002,1.7994,1.8068000000000002,1.8163,1.8309000000000002,1.8399,1.8499,1.862,1.8727,1.8822,1.8991,1.919,1.9368,1.9447,1.9680000000000002,1.9861000000000002,1.9957,2.0063,2.0393,2.0457,2.0658000000000003,2.083,2.0968,2.1164,2.1376,2.1523000000000003,2.1782,2.1961,2.2065,2.2173000000000003,2.2337000000000002,2.2618,2.2876000000000003,2.3038000000000003,2.3165,2.3401,2.3553,2.3612,2.3831,2.4007,2.42,2.4382,2.4734000000000003,2.4999000000000002,2.5211,2.5463,2.5580000000000003,2.5838,2.5962,2.605,2.6148000000000002,2.6247000000000003,2.6374,2.6577,2.6842,2.6914000000000002,2.7097,2.7339,2.7510000000000003,2.7599,2.7897000000000003,2.8115,2.8318000000000003,2.838,2.8474,2.8663000000000003,2.8930000000000002,2.9081,2.9219,2.9341,2.9536000000000002,2.992,3.016,3.032,3.0442,3.0551,3.0667,3.0844,3.1024000000000003,3.1102000000000003,3.1217,3.1347,3.1477,3.1691000000000003,3.1913,3.2125000000000004,3.2329000000000003,3.2474000000000003,3.2601,3.2732,3.2819000000000003,3.2951,3.3024,3.3116000000000003,3.3381000000000003,3.3560000000000003,3.3648000000000002,3.3752,3.3869000000000002,3.3976,3.4098,3.4187000000000003,3.4382,3.4476,3.4585000000000004,3.4746,3.4844000000000004,3.511,3.5268,3.5377,3.5524,3.5769,3.5886,3.6094000000000004,3.6281000000000003,3.6457,3.6550000000000002,3.6722,3.6936,3.7024000000000004,3.7152000000000003,3.7371000000000003,3.7487000000000004,3.7613000000000003,3.7784,3.7933000000000003,3.8089000000000004,3.8163,3.8451,3.8671,3.8866,3.8986,3.9138,3.9289,3.9439,3.9534000000000002,3.9770000000000003,4.008900000000001,4.0440000000000005,4.0969,4.1166,4.1394
105223:3.5586
105242:0.0388,0.07100000000000001,0.085,0.1893,0.3462,0.44930000000000003,0.5105000000000001,0.548,0.5866,0.5995,0.6144000000000001,0.6366,0.6472,0.6624,0.6907,0.6966,0.7133,0.7474000000000001,0.7759,0.8103,0.8406,0.8595,0.896,0.9072,0.9494,0.9593,0.9706,0.9817,1.0157,1.0261,1.0574000000000001,1.0717,1.157,1.195,1.2864,1.3119,1.3577000000000001,1.4053,1.4267,1.4366,1.4725000000000001,1.4864000000000002,1.52,1.5435,1.5533000000000001,1.5805,1.5898,1.5991,1.6174000000000002,1.6392,1.6515000000000002,1.6766,1.6841000000000002,1.7074,1.7401,1.9092,1.9427,1.9619000000000002,2.0166,2.0514,2.1089,2.1409000000000002,2.1805,2.2001,2.2334,2.2466,2.2723,2.2802000000000002,2.3000000000000003,2.3088,2.3262,2.353,2.3769,2.4094,2.4345000000000003,2.448,2.4775,2.5203,2.5739,2.5838,2.6753,2.7161,2.7279,2.7946,2.8960000000000004,2.9237,2.9313000000000002,2.9579,2.9843,3.0063,3.0344,3.0608,3.0858000000000003,3.1011,3.1334,3.153,3.1661,3.2005000000000003,3.2335000000000003,3.2464,3.2631,3.2906,3.2982,3.317,3.3354000000000004,3.3836,3.4117,3.4847,3.5478,3.5604,3.66,3.6964,3.7106000000000003,3.7408,3.7729000000000004,3.7883,3.8126,3.8544,3.8759,3.9022,3.9093,3.9523,3.9607,3.9898000000000002,4.0187,4.0433,4.0680000000000005,4.1258
105256:0.08900000000000001,4.0362
105290:0.027700000000000002,0.0599,0.0726,0.08460000000000001,0.109,0.12340000000000001,0.1568,0.18610000000000002,0.2114,0.22840000000000002,0.2467,0.26430000000000003,0.27190000000000003,0.2795,0.3199,0.3376,0.3463,0.3906,0.4041,0.4559,0.49710000000000004,0.5099,1.1851,1.22,1.2283000000000002,1.2381,1.2779,1.9674,1.9927000000000001,2.0146,2.0413,2.0531,2.702,2.7241,2.7408,2.7617000000000003,2.7731000000000003,2.7931,2.8006,2.8232,2.8378,2.8529,2.8720000000000003,2.9034,3.4983,3.5093,3.5378000000000003,3.5456000000000003,3.5658000000000003,3.5756,3.596,3.6174000000000004
105315:0.0878,0.27690000000000003,3.568
105475:0.4304,1.7144000000000001,3.8613000000000004,3.9080000000000004
105517:0.9995,2.1636,3.7368
105640:0.17880000000000001,2.7895000000000003
105795:0.8511000000000001,0.9392,1.4500000000000002,3.0752,3.1632000000000002,3.8629000000000002,4.0016
105957:0.011300000000000001,0.0476,0.08940000000000001,0.1114,0.2099,0.22460000000000002,0.255,0.3413,0.38130000000000003,0.43260000000000004,0.48050000000000004,1.1915,1.9332,1.9498000000000002,2.7325,3.4759
106111:0.6055,0.6489,0.8005,0.8654000000000001,0.9189,1.3760000000000001,1.4463000000000001,1.4858,1.5703,1.6153000000000002,1.7033,2.1748000000000003,2.2282,2.2661000000000002,2.3256,2.4026,2.4702,3.0119000000000002,3.0443000000000002,3.115,3.1517,3.1928,3.238,3.2790000000000004,3.7704,3.8461000000000003,3.8893,3.9292000000000002,3.9624,4.0212,4.0664
106130:0.5095000000000001,0.5389,0.5525,0.5721,0.5855,0.5985,0.6094,0.6213000000000001,0.6306,0.6487,0.6617000000000001,0.6776,0.6885,0.6980000000000001,0.7081000000000001,0.7236,0.7346,0.7444000000000001,0.7638,0.7759,0.7916000000000001,0.8022,0.8204,0.8295,0.8451000000000001,0.8563000000000001,0.8679,0.8827,0.8916000000000001,0.9021,0.914,0.9234,0.9352,0.9479000000000001,0.9591000000000001,0.9683,0.9788,0.9918,1.0094,1.0223,1.0411000000000001,1.0659,1.0885,1.2867,1.3115,1.3303,1.3484,1.3653,1.3760000000000001,1.3940000000000001,1.4055,1.4202000000000001,1.4299000000000002,1.4497,1.4646000000000001,1.4763000000000002,1.4881,1.5083,1.518,1.5304,1.5412000000000001,1.5567,1.5672000000000001,1.5852000000000002,1.5967,1.6068,1.6218000000000001,1.6326,1.6500000000000001,1.6596000000000002,1.6729,1.6866,1.6986,1.7126000000000001,1.7229,1.7495,1.766,1.7878,2.0797,2.1056,2.1233,2.1391,2.1548000000000003,2.1695,2.1798,2.1927000000000003,2.2042,2.2156000000000002,2.2287,2.2406,2.2515,2.2664,2.277,2.2973,2.307,2.3213,2.3349,2.3486000000000002,2.3576,2.3722000000000003,2.3841,2.3969,2.408,2.4259,2.4339,2.4541,2.4675000000000002,2.4811,2.4930000000000003,2.5052000000000003,2.5199000000000003,2.5329,2.5439000000000003,2.5651,2.5819,2.8646000000000003,2.8953,2.9142,2.9282000000000004,2.9472,2.9634,2.9725,2.9859,2.9979,3.0094000000000003,3.0265,3.0369,3.0507,3.0639000000000003,3.0735,3.0837000000000003,3.0996,3.1146000000000003,3.125,3.1351,3.152,3.1616,3.1718,3.1852,3.1995,3.2119,3.2272000000000003,3.2461,3.2583,3.2688,3.281,3.2914000000000003,3.3047,3.3219000000000003,3.337,3.3476000000000004,3.3806000000000003,3.398,3.4515000000000002,3.6371,3.6668000000000003,3.6847000000000003,3.7046,3.72,3.7338,3.7502,3.7630000000000003,3.7781000000000002,3.7911,3.8023000000000002,3.8169000000000004,3.8349,3.8499000000000003,3.8716000000000004,3.8835,3.8948,3.9102,3.9200000000000004,3.9292000000000002,3.9466,3.9587000000000003,3.9759,3.987,4.0026,4.0142,4.0355,4.0465,4.059200000000001,4.075200000000001,4.1012,4.1185,4.1328000000000005
106702:0.032600000000000004,0.055900000000000005,0.1077,0.1423,0.183,0.2096,0.22970000000000002,0.25220000000000004,0.3028,0.31970000000000004,0.3674,0.4051,0.43310000000000004,0.47890000000000005,0.5331,0.5541,0.6083000000000001,0.6421,0.6935,0.7605000000000001,0.8049000000000001,0.8545,0.8854000000000001,0.9184,0.9597,1.0448,1.0652000000000001,1.1181,1.1518000000000002,1.1809,1.2105000000000001,1.2439,1.3003,1.3659000000000001,1.4129,1.4495,1.5672000000000001,1.5892000000000002,1.6172,1.6433,1.7071,1.7423000000000002,1.8051000000000001,1.8434000000000001,1.8786,1.9177000000000002,1.9304000000000001,1.9762000000000002,2.0126,2.1022000000000003,2.1168,2.1468000000000003,2.1705,2.2253000000000003,2.2617000000000003,2.2944,2.3293,2.3995,2.4408000000000003,2.4766,2.5010000000000003,2.5559000000000003,2.5974,2.6430000000000002,2.6710000000000003,2.6964,2.7393,2.7758000000000003,2.7945,2.8343000000000003,2.9066,2.9796,3.0123,3.0444,3.0764,3.1148000000000002,3.1465,3.1922,3.2712000000000003,3.3105,3.3915,3.4184,3.458,3.5002,3.5307,3.5637000000000003,3.5911,3.6163000000000003,3.6523000000000003,3.7099,3.7707,3.8136,3.8643,3.9005,3.9363,3.9648000000000003,3.9975,4.0468,4.0739,4.1264
107102:0.0726,0.45130000000000003,2.7278000000000002,3.5528
107201:0.6207,0.6753,0.772,0.8499,0.9484,1.4281000000000001,1.5227000000000002,1.6053000000000002,1.6797,1.7588000000000001,2.1526,2.1874000000000002,2.2598000000000003,2.2907,2.4421,2.5043,3.0112,3.0685000000000002,3.1430000000000002,3.3355,3.7806,3.8672,3.9105000000000003,3.9645,4.0732
107476:0.0834,0.19740000000000002,1.4931,2.2987,2.7778,3.5702000000000003
107818:0.0678,0.1418,0.198,0.2944,0.33240000000000003,0.3663,0.4413,0.4662,0.515,0.613,0.6533,0.6593,0.6708000000000001,0.6907,0.6978000000000001,0.7089000000000001,0.8320000000000001,0.8716,0.8875000000000001,0.9078,0.9188000000000001,0.9708,1.2025000000000001,1.3217,1.4315,1.4497,1.497,1.5041,1.5504,1.5667,1.6179000000000001,1.6620000000000001,1.6687,1.7437,1.9394,1.9854,2.0288,2.1217,2.2065,2.2758000000000003,2.2909,2.3029,2.3115,2.3585000000000003,2.4508,2.4709000000000003,2.4811,2.5397000000000003,2.5469,2.5594,2.718,2.7803,2.8098,2.8646000000000003,2.9689,2.9906,3.0138000000000003,3.0214000000000003,3.1146000000000003,3.14,3.1685000000000003,3.1747,3.2479,3.3021000000000003,3.3263000000000003,3.3342,3.3478000000000003,3.5644,3.7183,3.7960000000000003,3.826,3.8546,3.8641,3.8789000000000002,3.9679,3.9845,3.9945000000000004,4.099
107826:0.6807000000000001,0.7503000000000001,0.9108,1.4504000000000001,1.6144,1.6718000000000002,2.2924,2.4490000000000003,3.0573,3.1444,3.2307,3.297,3.4261000000000004,3.7038,3.8701000000000003,3.9686000000000003
107859:0.7455,0.9878,1.7274,2.4853,3.7803
107912:0.0516,0.11170000000000001,0.16820000000000002,0.1802,0.2082,0.2358,0.2757,0.3286,0.3602,0.3788,0.48190000000000005,0.4912,1.8469,1.8817000000000002,1.9058000000000002,1.9403000000000001,1.986,2.0036,2.6367000000000003,2.7013000000000003,2.7251000000000003,2.7387,2.7520000000000002,2.7645,2.7971,2.8328,3.4721,3.6517000000000004
108148:0.029400000000000003,0.0476,0.0641,0.0887,0.10790000000000001,0.12390000000000001,0.1454,0.1636,0.1852,0.2071,0.2232,0.24250000000000002,0.2661,0.2908,0.31570000000000004,0.3383,0.3594,0.3826,0.4035,0.42100000000000004,0.4405,0.4565,0.4757,0.4944,0.5127,0.5292,0.5488000000000001,0.5657,0.5842,0.6009,0.6204000000000001,0.6366,0.6635,0.6851,0.7090000000000001,0.7352000000000001,0.7601,0.787,0.8069000000000001,0.8326,0.8498,0.8735,0.902,0.9246000000000001,0.9529000000000001,0.9753000000000001,0.9962000000000001,1.0149000000000001,1.0323,1.0461,1.0613000000000001,1.0774000000000001,1.0947,1.117,1.1400000000000001,1.1576,1.1759000000000002,1.1948,1.215,1.2353,1.2559,1.2726,1.2906,1.3113000000000001,1.3273000000000001,1.3452000000000002,1.3599,1.377,1.3946,1.4141000000000001,1.4383000000000001,1.4699,1.4889000000000001,1.5067000000000002,1.5279,1.5526,1.574,1.5994000000000002,1.6225,1.6427,1.6631,1.6868,1.7029,1.7202000000000002,1.7392,1.7573,1.7729000000000001,1.7892000000000001,1.806,1.8239,1.8457000000000001,1.8643,1.8832,1.9076000000000002,1.9333,1.9518000000000002,1.9752,1.9945000000000002,2.0124,2.0321000000000002,2.0572,2.08,2.0942000000000003,2.1101,2.1275,2.1419,2.1634,2.181,2.1995,2.2175000000000002,2.2369,2.2573000000000003,2.2814,2.3064,2.3319,2.3546,2.3756,2.3993,2.4224,2.4508,2.4738,2.4959000000000002,2.5169,2.5364,2.5524,2.5697,2.5862000000000003,2.6022000000000003,2.6192,2.6388000000000003,2.6585,2.685,2.7047000000000003,2.7216,2.7405,2.7564,2.7788,2.8064,2.8251,2.8409,2.8578,2.8776,2.8922000000000003,2.9086000000000003,2.9223000000000003,2.9433000000000002,2.9621,2.9807,2.9973,3.0176000000000003,3.0401000000000002,3.0625,3.0858000000000003,3.1095,3.1292,3.1487000000000003,3.1679,3.1892,3.2165000000000004,3.2411000000000003,3.2638000000000003,3.286,3.3038000000000003,3.3253000000000004,3.3429,3.3623000000000003,3.382,3.4025000000000003,3.4179000000000004,3.4366000000000003,3.4551000000000003,3.4723,3.4909000000000003,3.5098000000000003,3.5278,3.5461,3.5651,3.58,3.5993000000000004,3.6227,3.6390000000000002,3.6587,3.6752000000000002,3.6919,3.71,3.7277,3.7453000000000003,3.7623,3.7814,3.8074000000000003,3.8374,3.8607,3.8813,3.8984,3.9219000000000004,3.9455,3.9719,3.9938000000000002,4.0198,4.0457,4.0659,4.0823,4.1041,4.1216,4.140000000000001
108631:0.0181,0.0375,0.0517,0.0795,0.126,0.1484,0.2015,0.24710000000000001,0.301,0.3438,0.36910000000000004,0.4048,0.42710000000000004,0.4702,0.5108,1.1248,1.1539000000000001,1.2134,1.2669000000000001,1.8049000000000002,1.8217,1.8598000000000001,1.8963,1.9271,1.9518000000000002,1.9937,2.0109,2.0788,2.5934,2.6314,2.6935000000000002,2.7329000000000003,2.7663,2.7773000000000003,2.8163,2.8516000000000004,2.9032,3.3904,3.4552,3.4838,3.5299,3.58,3.6236,3.6829
108642:0.7019000000000001
108734:0.010700000000000001,0.0196,0.038700000000000005,0.0502,0.0649,0.07490000000000001,0.08370000000000001,0.0989,0.113,0.1236,0.1443,0.16720000000000002,0.1754,0.1913,0.2021,0.2215,0.23440000000000003,0.24530000000000002,0.2647,0.2742,0.2886,0.3005,0.31470000000000004,0.33540000000000003,0.34850000000000003,0.3638,0.3804,0.3879,0.39990000000000003,0.41600000000000004,0.4259,0.44260000000000005,0.45780000000000004,0.47040000000000004,0.496,0.5091,0.5377000000000001,1.1257000000000001,1.1413,1.155,1.1744,1.1849,1.2062000000000002,1.2141,1.237,1.2455,1.2583,1.2683,1.2953000000000001,1.8319,1.8513000000000002,1.8606,1.8756000000000002,1.8926,1.9131,1.9238000000000002,1.9474,1.9683000000000002,1.9797,1.9935,2.0052000000000003,2.0328,2.0451,2.0663,2.0767,2.0986000000000002,2.1064000000000003,2.64,2.6593,2.6753,2.6866000000000003,2.6958,2.7081,2.7203,2.7313,2.7461,2.7614,2.7680000000000002,2.7778,2.7957,2.8160000000000003,2.8269,2.8392,2.8573,2.8822,2.8961,2.9139,3.4576000000000002,3.4730000000000003,3.49,3.4992,3.5142,3.5277000000000003,3.5512,3.559,3.5784000000000002,3.5917000000000003,3.6142000000000003,3.6254,3.6432,3.6725000000000003
108748:0.0234,1.1332,1.1452,2.7394000000000003
108939:0.0238,0.07,0.1369,0.1807,0.217,0.2823,0.3173,0.3483,0.401,0.44210000000000005,0.47300000000000003,0.5054000000000001,0.5389,1.071,1.1244,1.1549,1.1957,1.2408000000000001,1.2686,1.3015,1.3568,1.7699,1.7933000000000001,1.8417000000000001,1.8724,1.8880000000000001,1.9036000000000002,1.9262000000000001,1.9349,1.9688,2.0085,2.0286,2.0989,2.1678,2.5936,2.6254,2.6593,2.6805000000000003,2.6994000000000002,2.7782,2.8355,2.8705000000000003,3.3779000000000003,3.4145000000000003,3.4519,3.4856000000000003,3.5028,3.5541,3.5856000000000003,3.6119000000000003,3.623,3.6739,4.1204,4.1487
109232:0.006200000000000001,0.013000000000000001,0.021,0.029300000000000003,0.0347,0.0409,0.046400000000000004,0.0524,0.058300000000000005,0.0646,0.07150000000000001,0.07970000000000001,0.0891,0.0945,0.1003,0.1068,0.1124,0.1183,0.124,0.1303,0.1396,0.1457,0.15410000000000001,0.16,0.1663,0.1718,0.17930000000000001,0.1855,0.1915,0.19770000000000001,0.20320000000000002,0.20950000000000002,0.2151,0.2228,0.2298,0.23500000000000001,0.2401,0.2477,0.2529,0.2605,0.2652,0.2702,0.27740000000000004,0.2832,0.2893,0.2958,0.3034,0.30870000000000003,0.3149,0.32380000000000003,0.3294,0.335,0.3402,0.3463,0.3522,0.35850000000000004,0.3644,0.37120000000000003,0.37610000000000005,0.3814,0.387,0.39590000000000003,0.4035,0.4107,0.4161,0.42150000000000004,0.42710000000000004,0.4328,0.44020000000000004,0.44720000000000004,0.4525,0.4587,0.46490000000000004,0.4723,0.4791,0.4863,0.49160000000000004,0.4975,0.506,0.5133,0.5198,0.5266000000000001,0.5363,0.5543,0.5630000000000001,0.5825,0.5910000000000001,0.6041000000000001,0.9725,0.9989,1.0093,1.0163,1.0244,1.0316,1.0412000000000001,1.0487,1.0565,1.0648,1.0715000000000001,1.0798,1.0862,1.0932,1.1006,1.1074000000000002,1.1144,1.1208,1.1295,1.135,1.1408,1.1465,1.1525,1.1596,1.1658,1.1719000000000002,1.1782000000000001,1.1846,1.1938,1.1999,1.2061,1.2144000000000001,1.2226000000000001,1.2284000000000002,1.236,1.2413,1.2507000000000001,1.2574,1.2632,1.2691000000000001,1.2784,1.2850000000000001,1.2929000000000002,1.3065,1.3145,1.3234000000000001,1.333,1.3462,1.3556000000000001,1.3749,1.3940000000000001,1.7048,1.7114,1.7195,1.728,1.7408000000000001,1.7530000000000001,1.7609000000000001,1.7707000000000002,1.7789000000000001,1.7866000000000002,1.7936,1.7991000000000001,1.8055,1.8124,1.8205,1.8307,1.8370000000000002,1.8472000000000002,1.8542,1.859,1.8645,1.8706,1.8795000000000002,1.8861,1.8925,1.901,1.907,1.913,1.9197000000000002,1.9264000000000001,1.9322000000000001,1.9381000000000002,1.9441000000000002,1.9489,1.9539000000000002,1.9594,1.9652,1.9721000000000002,1.9777,1.9834,1.9894,1.9959,2.0024,2.0109,2.0171,2.0246,2.0317000000000003,2.0403000000000002,2.0486,2.0538000000000003,2.0614,2.0683000000000002,2.0764,2.0844,2.0923000000000003,2.0998,2.1122,2.1235,2.1295,2.1404,2.1509,2.1737,2.1981,2.5109,2.5185,2.5318,2.5466,2.5541,2.5606,2.5691,2.5788,2.5873,2.5967000000000002,2.607,2.6134,2.6198,2.6266000000000003,2.6329000000000002,2.6382000000000003,2.645,2.6541,2.6606,2.6665,2.6739,2.684,2.6901,2.6987,2.7035,2.7089000000000003,2.7147,2.7199,2.7255000000000003,2.7335000000000003,2.7386,2.7442,2.7512000000000003,2.7566,2.762,2.7677,2.7742,2.7825,2.7895000000000003,2.7985,2.8074000000000003,2.8124000000000002,2.8200000000000003,2.8256,2.8311,2.8369,2.8427000000000002,2.8512,2.8566000000000003,2.8625000000000003,2.874,2.8804000000000003,2.8877,2.8948,2.9014,2.9134,2.9238,2.9366000000000003,2.9483,2.9561,3.3246,3.3463000000000003,3.3606000000000003,3.3705000000000003,3.3796000000000004,3.4005,3.4066,3.415,3.4242000000000004,3.4320000000000004,3.4394,3.4462,3.4530000000000003,3.4597,3.4663000000000004,3.4728000000000003,3.4799,3.4862,3.4925,3.4987000000000004,3.5093,3.5153000000000003,3.5220000000000002,3.5278,3.5376000000000003,3.5443000000000002,3.5507,3.5565,3.5645000000000002,3.5704000000000002,3.5765000000000002,3.5823,3.5909,3.5966,3.6034,3.6111,3.6212,3.6289000000000002,3.6352,3.6418000000000004,3.652,3.6589,3.6673,3.6744000000000003,3.6879,3.6947,3.7138,3.7226000000000004,3.7365000000000004,3.748,4.0624,4.0702,4.0858,4.1033,4.1092,4.1160000000000005,4.1247,4.1334,4.1416
109266:0.0026000000000000003,0.0046,0.005,0.0082,0.0224,0.0238,0.0245,0.028900000000000002,0.0441,0.0477,0.0504,0.053200000000000004,0.0543,0.0717,0.0761,0.08270000000000001,0.08800000000000001,0.09140000000000001,0.09390000000000001,0.0956,0.09580000000000001,0.09870000000000001,0.10700000000000001,0.1106,0.1111,0.11130000000000001,0.11320000000000001,0.1217,0.124,0.1292,0.13470000000000001,0.136,0.1434,0.1477,0.15230000000000002,0.1618,0.1635,0.1653,0.1665,0.1671,0.1711,0.185,0.18860000000000002,0.1976,0.2056,0.2169,0.22160000000000002,0.23090000000000002,0.2318,0.23720000000000002,0.2452,0.2501,0.2514,0.2541,0.2594,0.266,0.269,0.27190000000000003,0.2818,0.2899,0.2934,0.2952,0.2958,0.299,0.2994,0.3042,0.3048,0.3055,0.3075,0.3089,0.3135,0.3175,0.321,0.3482,0.34940000000000004,0.3501,0.3513,0.35910000000000003,0.36710000000000004,0.3806,0.3871,0.41090000000000004,0.41190000000000004,0.4182,0.4318,0.43270000000000003,0.47540000000000004,0.4787,0.5214,0.5216000000000001,0.5574,0.598,0.9584,1.0318,1.0353,1.0415,1.0523,1.0532000000000001,1.0544,1.0647,1.067,1.0709,1.1025,1.1029,1.1062,1.1273,1.1288,1.1323,1.1348,1.1444,1.1692,1.1701000000000001,1.1708,1.2027,1.2068,1.215,1.2256,1.2299,1.2301,1.2325000000000002,1.2488000000000001,1.2496,1.2855,1.3089,1.3134000000000001,1.349,1.3829,1.6736,1.7002000000000002,1.7257,1.7875,1.7945,1.8043,1.8047000000000002,1.8072000000000001,1.8115,1.8232000000000002,1.826,1.8428,1.8453000000000002,1.8565,1.8785,1.8813000000000002,1.885,1.8881000000000001,1.8938000000000001,1.8959000000000001,1.8978000000000002,1.9176000000000002,1.9188,1.9277000000000002,1.9306,1.9359000000000002,1.9397000000000002,1.9399000000000002,1.9534,1.9540000000000002,1.9559000000000002,1.9592,1.9635,1.9734,1.9768000000000001,1.9863000000000002,1.9936,2.001,2.0082,2.0289,2.0617,2.0725000000000002,2.1263,2.5583,2.5749,2.5807,2.5838,2.5882,2.6022000000000003,2.6185,2.6424000000000003,2.6452,2.6542000000000003,2.6616,2.6713,2.6909,2.6961,2.7034000000000002,2.7092,2.7162,2.7287000000000003,2.7302,2.7373000000000003,2.7387,2.7425,2.7472000000000003,2.7573000000000003,2.7661000000000002,2.7758000000000003,2.7915,2.7969,2.7979000000000003,2.8122000000000003,2.8195,2.8345000000000002,2.8408,2.8425000000000002,2.8497000000000003,2.8618,2.8874,2.8985000000000003,2.908,2.9778000000000002,2.9976000000000003,3.3037,3.3674,3.3712,3.4047,3.4052000000000002,3.4056,3.4290000000000003,3.4442000000000004,3.4546,3.4566000000000003,3.4685,3.4709000000000003,3.4824,3.4972000000000003,3.5045,3.516,3.5253,3.5283,3.539,3.5593000000000004,3.5752,3.5777,3.5875000000000004,3.5967000000000002,3.6044,3.6113,3.6305,3.6373,3.6404,3.6447000000000003,3.6668000000000003,3.6802,3.6951,4.0763,4.081300000000001,4.107200000000001,4.1087,4.1111,4.1456
109486:0.1744,1.9163000000000001,2.032,2.079,2.8417000000000003
109717:0.065,0.13920000000000002,0.19410000000000002,0.28850000000000003,0.30010000000000003,0.3301,0.3643,0.4379,0.4656,0.5126000000000001,0.6109,0.6537000000000001,0.6689,0.6930000000000001,0.6999000000000001,0.8708,0.8855000000000001,0.9138000000000001,0.9703,1.1994,1.3184,1.4311,1.449,1.4974,1.5507,1.5648,1.6177000000000001,1.6625,1.7421,1.935,1.9832,2.025,2.1196,2.2049000000000003,2.2751,2.2901000000000002,2.3056,2.358,2.4509000000000003,2.4716,2.5402,2.5575,2.7148000000000003,2.7781000000000002,2.8066,2.8627000000000002,2.9685,2.9901,3.0147,3.1148000000000002,3.1395,3.1722,3.2481,3.3017000000000003,3.3292,3.3361,3.5618000000000003,3.7163000000000004,3.7959,3.826,3.8591,3.8769,3.9669000000000003,3.9857,4.099
109721:0.0855,0.6129,1.1927,1.6,1.9634,2.2028000000000003,3.0084,3.5615,3.716,3.7918000000000003
110102:3.5537
110109:0.024900000000000002,0.053200000000000004,0.07050000000000001,0.07730000000000001,0.10350000000000001,0.1295,0.17350000000000002,0.1865,0.2374,0.27040000000000003,0.2926,0.31820000000000004,0.3391,0.3538,0.3914,0.4214,0.4455,0.45280000000000004,0.49870000000000003,0.5442,0.5969,0.6444000000000001,0.6876,0.8567,0.8955000000000001,0.9548000000000001,0.9645,1.0637,1.1460000000000001,1.1767,1.2118,1.2431,1.2711000000000001,1.3038,1.3523,1.4235,1.4797,1.5373,1.5919,1.6088,1.6367,1.6771,1.7352,1.8644,1.8963,1.9261000000000001,1.9522000000000002,1.9741000000000002,1.9993,2.0164,2.0362,2.1032,2.1333,2.1951,2.27,2.2966,2.3474,2.4415,2.5169,2.5773,2.6633,2.6902,2.7091000000000003,2.72,2.7675,2.7805,2.7956000000000003,2.8417000000000003,2.8877,2.9212000000000002,2.9551000000000003,2.9782,2.999,3.0947,3.1582000000000003,3.2338,3.2498,3.2882000000000002,3.3118000000000003,3.3291,3.4774000000000003,3.5016000000000003,3.5346,3.5545,3.5612000000000004,3.6479000000000004,3.7019,3.7826,3.8680000000000003,3.9023000000000003,3.9543000000000004,3.9864,4.0255,4.038
110423:0.6545000000000001,0.7949,0.9298000000000001,1.6024,2.3673,2.4122,2.4549000000000003,2.4706,3.0026,3.0264,3.0367,3.2261,3.7139,3.8755,3.906,3.9285,3.9867000000000004,4.061
110466:2.4293
110511:0.08,0.12810000000000002,0.232,0.276,0.34390000000000004,0.40940000000000004,0.5157,1.2341,2.7491000000000003,2.8313,3.5159000000000002,3.5742000000000003
110519:0.5662,0.6032000000000001,0.6311,0.6465000000000001,0.6682,0.6821,0.7005,0.7128,0.7243,0.743,0.7581,0.778,0.7878000000000001,0.8162,0.8323,0.8442000000000001,0.8616,0.8897,0.9163,0.9269000000000001,0.9619000000000001,0.9829,1.0055,1.0349000000000002,1.3435000000000001,1.3817000000000002,1.4157,1.4275,1.4417,1.4699,1.5007000000000001,1.5150000000000001,1.5299,1.5535,1.5708,1.5987,1.6133000000000002,1.6538000000000002,1.6749,1.709,1.7499,2.1647000000000003,2.1827,2.2074000000000003,2.2242,2.2430000000000003,2.2569,2.2765,2.2907,2.3164000000000002,2.3253,2.3495,2.3673,2.3789000000000002,2.3871,2.4001,2.4266,2.4397,2.455,2.4753000000000003,2.4942,2.5107,2.5529,2.9608000000000003,2.9923,3.0113000000000003,3.0330000000000004,3.0452000000000004,3.0689,3.0897,3.1039000000000003,3.1185,3.1365000000000003,3.1501,3.177,3.1931000000000003,3.2094,3.2227,3.2477,3.2649000000000004,3.2766,3.2857000000000003,3.3016,3.3202000000000003,3.3356000000000003,3.3542,3.3915,3.7286,3.7517,3.7823,3.8131000000000004,3.8298,3.8579000000000003,3.8922000000000003,3.9088000000000003,3.9227000000000003,3.9411,3.9596,3.9779,4.0093000000000005,4.0327,4.1024
110751:1.713,2.3189,3.8602000000000003
110919:0.0258,0.042,0.053500000000000006,0.08120000000000001,0.1322,0.1463,0.2169,0.2364,0.30820000000000003,0.35900000000000004,0.442,1.1611,1.2356,1.9052,1.941,1.9577,2.0098000000000003,2.6367000000000003,2.66,2.7341,2.7510000000000003,2.7861000000000002,2.8644000000000003,3.4605,3.4897,3.5496000000000003,3.6487000000000003
110931:0.6428,0.6618,0.6762,0.7039000000000001,0.7159,0.7421,0.7544000000000001,0.7743,0.7918000000000001,0.8337,0.8423,0.8569,0.8979,0.9207000000000001,0.9601000000000001,0.9875,1.0014,1.4212,1.4367,1.4518,1.4771,1.51,1.5194,1.5351000000000001,1.5732000000000002,1.6142,1.6427,1.6588,1.6798000000000002,2.2164,2.2261,2.2562,2.2872,2.3175,2.325,2.3619000000000003,2.3847,2.403,2.4334000000000002,2.4452000000000003,2.4541,2.4783,2.4874,3.0106,3.0359000000000003,3.0473000000000003,3.0937,3.1095,3.1161000000000003,3.1408,3.1537,3.1804,3.1927000000000003,3.216,3.2315,3.2407000000000004,3.2669,3.2891000000000004,3.3030000000000004,3.3384,3.362,3.8203,3.8359,3.8628,3.8974,3.9169,3.9418,3.966,4.001,4.0333000000000006
111205:0.012700000000000001,0.0206,0.0444,0.0572,0.1003,0.1253,0.1467,0.1772,0.1988,0.22060000000000002,0.2477,0.272,0.2873,0.313,0.3487,0.37920000000000004,0.39380000000000004,0.42550000000000004,0.43920000000000003,0.4791,0.5054000000000001,1.1211,1.1922000000000001,1.2444,1.2644,1.2710000000000001,1.3011000000000001,1.8127,1.8370000000000002,1.8656000000000001,1.8967,1.9237000000000002,1.9491,1.9656,2.0045,2.0143,2.041,2.1004,2.6373,2.6673,2.6912000000000003,2.7307,2.7623,2.7727,2.7919,2.8106,2.8683,3.4200000000000004,3.4503000000000004,3.4817,3.5078,3.5344,3.5628,3.5911
111258:0.034300000000000004,0.07250000000000001,0.1017,0.14830000000000002,0.2388,0.2873,0.36060000000000003,0.4288,0.5293,0.5737,0.6436000000000001,0.6858000000000001,0.7555000000000001,0.8275,0.8643000000000001,0.9006000000000001,0.9537,1.0443,1.1239000000000001,1.2008,1.2636,1.3224,1.3824,1.4278,1.4771,1.5285,1.5778,1.6117000000000001,1.6489,1.6860000000000002,1.7568000000000001,1.8866,1.9515,1.9867000000000001,2.0299,2.1078,2.1958,2.2572,2.2916000000000003,2.3367,2.4074,2.4459,2.5337,2.5697,2.6082,2.7165,2.7468000000000004,2.7789,2.837,2.8782,2.9344,2.9663,3.0050000000000003,3.0721000000000003,3.1111,3.1569000000000003,3.2244,3.2855000000000003,3.3342,3.4311000000000003,3.5006000000000004,3.5299,3.5644,3.8444000000000003,3.9115,3.9724000000000004,4.0062,4.0629,4.1338
111361:0.5269,0.6153000000000001,0.6484,0.7175,0.7863,0.8617,0.9028,0.9596,1.4205,1.4812,1.5161,1.5708,1.6148,1.6495000000000002,1.6862000000000001,2.1755,2.259,2.2943000000000002,2.3801,2.4327,2.4938000000000002,2.5645000000000002,3.0007,3.049,3.1113,3.1554,3.1989,3.2285000000000004,3.2706,3.3361,3.5026,3.7826,3.9047,3.9659,4.0065,4.1283
111496:0.0579,0.0757,0.1044,0.1567,0.2102,0.24400000000000002,0.2682,0.2808,0.33390000000000003,0.3922,0.496,1.1865,1.2247000000000001,1.2786,1.9903000000000002,2.0403000000000002,2.0557000000000003,2.7217000000000002,2.7579000000000002,2.7884,2.8045,2.8352,2.8695,3.5064,3.5420000000000003,3.5703,3.6156
111499:0.8465,0.8931,1.5348000000000002,1.6027,3.2039,3.8493000000000004,3.8772
111612:0.5825,0.616,0.6404000000000001,0.668,0.7109000000000001,0.743,0.7943,0.8334,0.8505,0.8701000000000001,0.9049,0.9352,1.0231000000000001,1.1008,1.3238,1.3916000000000002,1.4259000000000002,1.4711,1.512,1.5464,1.6107,1.6475000000000002,1.6636000000000002,1.6994,2.1609000000000003,2.192,2.2293000000000003,2.2733000000000003,2.2986,2.3306,2.3611,2.415,2.4339,2.4722,2.5172000000000003,2.5849,2.9715000000000003,2.9935,3.0379,3.068,3.0908,3.1335,3.1581,3.1817,3.2304,3.2707,3.2856,3.313,3.7245000000000004,3.7604,3.8079,3.8416,3.8906,3.9157,3.9336,4.002800000000001,4.072
111754:0.599,0.6406000000000001,0.6684,0.6951,0.7797000000000001,0.8879,1.481,1.5670000000000002,1.6871,1.7074,2.1767000000000003,2.253,2.2826,2.3343000000000003,2.3707000000000003,2.4718,2.5508,2.9449,2.9916,3.0946000000000002,3.177,3.3240000000000003,3.7263,3.7834000000000003,3.8564000000000003,3.9042000000000003,3.9808000000000003,4.1000000000000005
112031:0.4305,1.7146000000000001,3.865,3.9068,3.9181000000000004,4.0779000000000005
112059:0.44680000000000003,0.4867,0.5427000000000001,0.5845,0.6196,0.6675,0.7356,0.7817000000000001,0.8323,0.8876000000000001,0.9291,0.998,1.0361,1.0795000000000001,1.1672,1.2416,1.2893000000000001,1.3464,1.3958000000000002,1.4385000000000001,1.4872,1.5362,1.5790000000000002,1.6356000000000002,1.6735,1.7207000000000001,1.7589000000000001,1.8379,2.0654,2.1359,2.1766,2.2156000000000002,2.2537000000000003,2.2968,2.3358000000000003,2.3772,2.4245,2.4754,2.5171,2.5796,2.6586000000000003,2.8758000000000004,2.9225000000000003,2.9625000000000004,3.0114,3.0448,3.1105,3.157,3.1966,3.2501,3.2914000000000003,3.3320000000000003,3.3808000000000002,3.4414000000000002,3.6635,3.709,3.7496,3.7978,3.8479,3.8882000000000003,3.931,3.9919000000000002,4.0443,4.0852,4.1337
112096:0.027100000000000003,0.21100000000000002,1.2578
112431:0.667,0.7066,0.7464000000000001,0.7846000000000001,0.8363,0.8624,0.9063,0.9291,0.9860000000000001,1.0363,1.4225,1.4768000000000001,1.5106000000000002,1.5383,1.6441000000000001,2.2215000000000003,2.2579000000000002,2.2924,2.3235,2.3667000000000002,2.386,2.4149000000000003,2.4437,2.4786,3.0395000000000003,3.1002,3.1380000000000003,3.1911,3.2304,3.2643,3.2986,3.3485,3.8261000000000003,3.8949000000000003,3.9239,4.0363
112547:0.0419,0.060500000000000005,0.1158,0.1467,0.16540000000000002,0.19010000000000002,0.2427,0.29710000000000003,0.3275,0.3674,0.39,0.4378,0.4635,1.1360000000000001,1.1731,1.1941000000000002,1.2332,1.2633,1.8344,1.8731,1.9005,1.9315,1.9623000000000002,1.9966000000000002,2.0404,2.6586000000000003,2.6874000000000002,2.7302,2.75,2.7808,2.8117,3.4906,3.5298000000000003,3.5765000000000002,3.5980000000000003
112815:0.08030000000000001,0.4549,0.5209,0.5477000000000001,0.5642,0.5822,0.5939,0.6051000000000001,0.6209,0.6319,0.6449,0.6593,0.679,0.6915,0.7074,0.7209,0.7424000000000001,0.765,0.788,0.8085,0.8281000000000001,0.8444,0.8604,0.8728,0.8889,0.8976000000000001,0.9228000000000001,0.9477000000000001,0.9620000000000001,0.9722000000000001,0.9926,1.0047000000000001,1.0211000000000001,1.0465,1.0697,1.0961,1.3121,1.3427,1.3596000000000001,1.3806,1.4021000000000001,1.4199000000000002,1.4272,1.4553,1.4771,1.487,1.5136,1.5324,1.5435,1.5631000000000002,1.5752000000000002,1.5917000000000001,1.609,1.6245,1.6421000000000001,1.6581000000000001,1.6720000000000002,1.6837,1.7029,1.721,1.7395,1.7712,2.0486,2.0853,2.1132,2.1354,2.1546000000000003,2.1731000000000003,2.1921,2.2032000000000003,2.2209000000000003,2.2351,2.2485,2.2673,2.2779000000000003,2.2968,2.3161,2.3306,2.3494,2.3703000000000003,2.3867000000000003,2.406,2.4231000000000003,2.4368000000000003,2.4522,2.4743,2.4987,2.5195000000000003,2.543,2.5547,2.5761000000000003,2.5844,2.725,2.8928000000000003,2.9106,2.9242000000000004,2.9487,2.9615,2.9786,2.9935,3.0075000000000003,3.0285,3.0374000000000003,3.0533,3.0692,3.088,3.1018000000000003,3.1247000000000003,3.1403000000000003,3.1510000000000002,3.1662000000000003,3.1862000000000004,3.2017,3.2123,3.2334,3.2475,3.2578,3.2779000000000003,3.2895000000000003,3.3058,3.3160000000000003,3.3321,3.3549,3.3665000000000003,3.3888000000000003,3.4135,3.5642,3.6599000000000004,3.6915,3.7082,3.725,3.7509,3.7712000000000003,3.7847000000000004,3.7964,3.8185000000000002,3.8374,3.8554000000000004,3.8754000000000004,3.8897000000000004,3.9017000000000004,3.9122000000000003,3.9278000000000004,3.9488000000000003,3.9610000000000003,3.9824,3.994,4.0117,4.0319,4.0439,4.0603,4.075200000000001,4.1029,4.125500000000001
112893:0.42510000000000003
112914:0.5825,0.8038000000000001,0.9443,1.385,1.463,1.6627,2.2506,2.2956000000000003,2.4193000000000002,3.1789,3.7794000000000003
113079:0.022600000000000002,0.0436,0.057600000000000005,0.0731,0.0971,0.1115,0.1272,0.1434,0.1573,0.1715,0.18230000000000002,0.20140000000000002,0.22260000000000002,0.24100000000000002,0.26530000000000004,0.27840000000000004,0.2953,0.3146,0.3376,0.3533,0.373,0.3966,0.41590000000000005,0.43720000000000003,0.44980000000000003,0.46890000000000004,0.4863,0.5036,0.5217,0.5418000000000001,0.5573,0.5748,0.5941000000000001,0.6097,0.6279,0.6423,0.6607000000000001,0.686,0.7006,0.7228,0.743,0.7715000000000001,0.7847000000000001,0.8034,0.8215,0.8425,0.8573000000000001,0.8718,0.8916000000000001,0.9177000000000001,0.935,0.9520000000000001,0.9667,0.9819,0.9994000000000001,1.0226,1.0425,1.0626,1.0744,1.0924,1.1148,1.1334,1.1435,1.1588,1.1787,1.1972,1.2179,1.239,1.2665,1.29,1.3078,1.3253000000000001,1.3412000000000002,1.3598000000000001,1.377,1.4014,1.4169,1.4360000000000002,1.4544000000000001,1.4705000000000001,1.4885000000000002,1.5114,1.534,1.5509000000000002,1.5675000000000001,1.5931000000000002,1.6114000000000002,1.6311,1.6476000000000002,1.6676,1.6825,1.7074,1.7208,1.7393,1.7550000000000001,1.7734,1.7963,1.8184,1.8391000000000002,1.8584,1.8741,1.8891,1.9081000000000001,1.9249,1.9443000000000001,1.9577,1.9800000000000002,2.0028,2.0188,2.0386,2.0683000000000002,2.0892,2.1027,2.1196,2.1394,2.1606,2.173,2.1867,2.201,2.2188000000000003,2.2411000000000003,2.2575000000000003,2.2779000000000003,2.2906,2.3114,2.3336,2.3504,2.3664,2.3859,2.4069000000000003,2.4201,2.4325,2.4551000000000003,2.4716,2.4906,2.5049,2.5266,2.5444,2.5592,2.5783,2.5932,2.6154,2.6356,2.6506000000000003,2.6684,2.6873,2.7043,2.7172,2.7375000000000003,2.7508,2.7618,2.7807,2.7929,2.8152,2.8373,2.8564000000000003,2.8852,2.9015,2.9184,2.9446000000000003,2.9589000000000003,2.9801,2.9959000000000002,3.0206,3.0398,3.0639000000000003,3.0777,3.0997000000000003,3.1138000000000003,3.1332,3.1477,3.1669,3.1862000000000004,3.2071,3.2258,3.2455000000000003,3.2587,3.2772,3.2948,3.3166,3.3329,3.3523,3.3768000000000002,3.4008000000000003,3.4134,3.4283,3.4494000000000002,3.4659,3.4843,3.4984,3.5179,3.5374000000000003,3.5556,3.58,3.6046,3.6248,3.6396,3.6605000000000003,3.6746000000000003,3.6962,3.7198,3.7391,3.7591,3.7788000000000004,3.7939000000000003,3.8169000000000004,3.8386,3.8579000000000003,3.8795,3.8995,3.9192,3.9439,3.9614000000000003,3.979,3.996,4.017,4.0374,4.0583,4.0719,4.1021,4.119,4.1393,4.1488000000000005
113097:0.047900000000000005,0.0668,0.0994,0.1389,0.1766,0.23820000000000002,0.2755,0.31470000000000004,0.35550000000000004,0.4053,0.43720000000000003,0.4531,0.47790000000000005,0.5197,0.5627,0.6175,0.6468,0.7025,0.7751,0.8535,0.8907,0.9448000000000001,0.9667,1.0813000000000001,1.1386,1.1998,1.3085,1.3832,1.4487,1.479,1.5138,1.5486,1.5717,1.6085,1.6448,1.6786,1.715,1.7534,1.8800000000000001,1.951,2.0146,2.1049,2.1693000000000002,2.1975000000000002,2.2546,2.2865,2.3609,2.4133,2.4348,2.4699,2.5011,2.5277000000000003,2.5701,2.705,2.7226,2.7561,2.7867,2.8555,2.8876,2.9575,2.9917000000000002,3.0264,3.0742000000000003,3.1101,3.1498,3.1888,3.2237,3.2513,3.2739000000000003,3.3282000000000003,3.4284000000000003,3.4881,3.5371,3.6322,3.6752000000000002,3.7834000000000003,3.8542,3.9079,3.967,3.9978000000000002,4.0273,4.0657000000000005,4.1097,4.141900000000001
113428:0.5493,0.5619000000000001,0.5781000000000001,0.5899,0.6038,0.612,0.6216,0.6403,0.6755,0.7132000000000001,0.7477,0.7814,0.7894,0.8091,0.8487,0.8604,0.8702000000000001,0.8799,0.9228000000000001,0.929,0.9378000000000001,0.9580000000000001,0.997,1.0223,1.0378,1.0608,1.3156,1.3314000000000001,1.347,1.3558000000000001,1.3654000000000002,1.375,1.3854,1.395,1.4366,1.4428,1.4759,1.4906000000000001,1.5293,1.5364,1.5630000000000002,1.5722,1.5802,1.5899,1.609,1.6181,1.6396000000000002,1.6482,1.6562000000000001,1.6706,1.6853,1.6934,1.7058,1.7137,1.7287000000000001,1.746,1.7537,2.1159,2.1338,2.1531000000000002,2.1614,2.1729000000000003,2.1837,2.1963,2.2221,2.2583,2.2927,2.3293,2.3383000000000003,2.3711,2.4215,2.4287,2.4515000000000002,2.4751000000000003,2.4835000000000003,2.491,2.5002,2.5099,2.5173,2.5279000000000003,2.5411,2.5508,2.5995,2.9197,2.9357,2.9467000000000003,2.9606000000000003,2.9681,2.9751000000000003,2.9856000000000003,3.0112,3.0347,3.0417,3.0481000000000003,3.0596,3.0675000000000003,3.0751,3.1102000000000003,3.1429,3.1618,3.1709,3.186,3.2638000000000003,3.2701000000000002,3.3046,3.3187,3.331,3.3913,3.4009,3.4506,3.6985,3.718,3.7317,3.7405000000000004,3.754,3.7632000000000003,3.7726,3.7806,3.7907,3.8004000000000002,3.8204000000000002,3.8305000000000002,3.8381000000000003,3.8542,3.8608000000000002,3.8828,3.8909000000000002,3.9317,3.9393000000000002,3.9613,3.97,3.9926000000000004,4.0037,4.0199,4.0318000000000005,4.0388,4.0520000000000005,4.0601,4.0747,4.0835,4.0998,4.1305000000000005,4.1428
113578:2.6969000000000003,2.7526,3.6055
113607:0.0279,0.054200000000000005,0.0951,0.12100000000000001,0.14800000000000002,0.1718,0.19770000000000001,0.224,0.2451,0.2726,0.28800000000000003,0.32030000000000003,0.36110000000000003,0.3919,0.42510000000000003,0.44720000000000004,0.4889,0.5069,1.0563,1.0992,1.1292,1.1549,1.1948,1.2259,1.2495,1.2810000000000001,1.3276000000000001,1.7994,1.8374000000000001,1.8682,1.8934000000000002,1.9267,1.9515,1.9834,2.0307,2.0677000000000003,2.0964,2.5916,2.6308000000000002,2.6602,2.6933000000000002,2.7179,2.7476000000000003,2.7829,2.8132,2.8423000000000003,2.8749000000000002,3.4197,3.4512,3.4810000000000003,3.5148,3.5497,3.5851,3.6144000000000003,3.6483000000000003,3.6955,4.1368
113636:1.9204
113894:0.0135,0.034,0.0482,0.07200000000000001,0.09720000000000001,0.1179,0.14450000000000002,0.17220000000000002,0.1957,0.2227,0.24100000000000002,0.26930000000000004,0.29660000000000003,0.3346,0.3603,0.38180000000000003,0.3976,0.4228,0.4544,0.4671,0.5024000000000001,0.54,1.0479,1.0951,1.1227,1.1485,1.1824000000000001,1.2068,1.2374,1.26,1.2962,1.7479,1.7890000000000001,1.8171000000000002,1.8552000000000002,1.8894000000000002,1.9193,1.9453,1.9759,1.9905000000000002,2.0327,2.0672,2.1005000000000003,2.5626,2.5881000000000003,2.6217,2.6419,2.6721,2.6916,2.7171000000000003,2.7415000000000003,2.7587,2.774,2.7934,2.8133000000000004,2.8369,2.8488,2.8917,2.9013,2.9542,3.3800000000000003,3.4174,3.4482000000000004,3.4738,3.4953000000000003,3.5247,3.5529,3.5756,3.6115000000000004,3.6409000000000002,3.6738,3.7564,4.1178
113916:0.017400000000000002,0.027100000000000003,0.048100000000000004,0.0608,0.0857,0.1022,0.11520000000000001,0.13240000000000002,0.1438,0.17450000000000002,0.1845,0.20120000000000002,0.215,0.22490000000000002,0.2421,0.2566,0.2723,0.2802,0.31420000000000003,0.327,0.3457,0.364,0.391,0.4031,0.4269,0.4572,0.4738,0.4998,0.5262,0.5555,0.6096,0.6405000000000001,0.6719,0.6910000000000001,0.7212000000000001,0.7493000000000001,0.7809,0.8364,0.8685,0.8984000000000001,0.9204,0.9622,0.991,1.0357,1.0646,1.0953000000000002,1.121,1.1452,1.1622000000000001,1.1753,1.1895,1.2085000000000001,1.227,1.2492,1.2708000000000002,1.2922,1.3045,1.3485,1.3841,1.4196,1.4388,1.4811,1.5161,1.5569000000000002,1.5887,1.6143,1.6520000000000001,1.6749,1.7155,1.7466000000000002,1.7567000000000002,1.8083,1.842,1.8673000000000002,1.8793000000000002,1.8983,1.9254,1.9541000000000002,1.9743000000000002,1.9892,2.0093,2.0166,2.0412,2.0702000000000003,2.0922,2.105,2.1448,2.1675,2.2124,2.2536,2.2885,2.3200000000000003,2.3561,2.3814,2.4029000000000003,2.4306,2.4471000000000003,2.4754,2.4985,2.5179,2.5572,2.5985,2.6393,2.6633,2.684,2.6973000000000003,2.7147,2.732,2.7503,2.765,2.7784,2.7943000000000002,2.8160000000000003,2.8353,2.847,2.8679,2.9019,2.9638,2.9991000000000003,3.0156,3.0436,3.0620000000000003,3.0801000000000003,3.0978000000000003,3.1135,3.1452,3.1834000000000002,3.2153,3.2543,3.2703,3.2961,3.3228,3.3584,3.3983000000000003,3.4204000000000003,3.4564000000000004,3.4803,3.4972000000000003,3.5292000000000003,3.5451,3.5567,3.5795000000000003,3.5909,3.6118,3.6453,3.6528,3.6790000000000003,3.7006,3.7362,3.7755,3.8151,3.8982,3.9209,3.9441,3.9646000000000003,4.0116000000000005,4.0368,4.0994,4.125,4.1448
114174:0.4751,0.5094000000000001,0.5294,0.5485,0.5753,0.5954,0.6141,0.6313000000000001,0.6487,0.6643,0.6836,0.6959000000000001,0.7177,0.7341000000000001,0.7514000000000001,0.7686000000000001,0.7832,0.7999,0.8133,0.8303,0.8464,0.867,0.8824000000000001,0.8964000000000001,0.9156000000000001,0.9306000000000001,0.9538000000000001,0.9788,0.9962000000000001,1.0229000000000001,1.052,1.0893000000000002,1.1445,1.1989,1.2616,1.2945,1.3165,1.3383,1.3584,1.3854,1.4091,1.4267,1.4441000000000002,1.4638,1.4796,1.504,1.5196,1.5454,1.562,1.5779,1.6016000000000001,1.6214000000000002,1.6362,1.6593,1.6774,1.6939000000000002,1.7120000000000002,1.7449000000000001,1.7745000000000002,1.8150000000000002,1.8492000000000002,2.0653,2.0939,2.1129000000000002,2.134,2.1626000000000003,2.182,2.1995,2.2198,2.2358000000000002,2.2509,2.2725,2.2856,2.302,2.3198000000000003,2.3362000000000003,2.3567,2.3771,2.398,2.4124000000000003,2.4313000000000002,2.4464,2.4649,2.4849,2.5093,2.5356,2.5538000000000003,2.5724,2.5905,2.644,2.8627000000000002,2.8881,2.9088000000000003,2.922,2.9451,2.9668,2.9862,3.0053,3.023,3.0402,3.0588,3.0799000000000003,3.0934,3.1098000000000003,3.1343,3.1502000000000003,3.1686,3.1796,3.1961,3.2134,3.23,3.2464,3.2637,3.2830000000000004,3.2986,3.3168,3.3367,3.3553,3.3752,3.4171,3.4526000000000003,3.6238,3.6483000000000003,3.6635,3.6835,3.7101,3.7271,3.7458,3.7664,3.7827,3.8023000000000002,3.8225000000000002,3.8439,3.8586,3.8766000000000003,3.8915,3.9093,3.9222,3.9424,3.9642000000000004,3.9805,3.9966000000000004,4.014,4.0288,4.0434,4.061,4.0934,4.1112,4.1286000000000005,4.146100000000001
114295:0.1574,0.4526,2.7891,3.5915000000000004
114327:0.0291,0.048400000000000006,0.06960000000000001,0.0951,0.113,0.1305,0.1517,0.16690000000000002,0.1826,0.2025,0.2233,0.23970000000000002,0.2551,0.2718,0.29300000000000004,0.31670000000000004,0.342,0.3622,0.3861,0.399,0.4177,0.43670000000000003,0.455,0.4748,0.496,0.5112,0.5379,0.5585,0.5823,0.6751,0.776,0.8361000000000001,0.8823000000000001,0.9973000000000001,1.0302,1.0713000000000001,1.1031,1.1286,1.1562000000000001,1.1909,1.2158,1.2442,1.2663,1.2869000000000002,1.31,1.3364,1.364,1.4168,1.4694,1.5739,1.6403,1.7038,1.7408000000000001,1.8003,1.8229000000000002,1.8409,1.8584,1.8731,1.9023,1.9246,1.9465000000000001,1.9614,1.9808000000000001,1.9965000000000002,2.009,2.035,2.0522,2.0742000000000003,2.1043000000000003,2.1371,2.164,2.2505,2.3878,2.4338,2.4634,2.5911,2.6361000000000003,2.6592000000000002,2.6942,2.7276000000000002,2.7519,2.7702,2.789,2.8137000000000003,2.8376,2.863,2.8884000000000003,2.9138,2.9331,3.0022,3.0537,3.1105,3.1451000000000002,3.1722,3.2256,3.2482,3.2811000000000003,3.3811,3.4121,3.4328000000000003,3.4697,3.4997000000000003,3.5189000000000004,3.5365,3.5552,3.5820000000000003,3.5962,3.621,3.6417,3.6595,3.6794000000000002,3.706,3.7404,3.8089000000000004,3.8322000000000003,3.8996000000000004,3.9457,3.9769,4.024,4.0456
114374:0.021400000000000002,0.031100000000000003,0.049800000000000004,0.0805,0.0994,0.1222,0.1384,0.1678,0.19190000000000002,0.2041,0.229,0.2427,0.27490000000000003,0.29650000000000004,0.313,0.3452,0.3668,0.398,0.4224,0.43420000000000003,0.45880000000000004,0.47240000000000004,0.5031,0.5292,0.5454,0.7317,1.026,1.0544,1.0659,1.0831,1.11,1.1288,1.1502000000000001,1.1769,1.1884000000000001,1.2077,1.234,1.2477,1.2686,1.2944,1.3306,1.6596000000000002,1.738,1.7823,1.8021,1.8251000000000002,1.8402,1.8683,1.8893000000000002,1.8992,1.9208,1.9458000000000002,1.9701000000000002,1.9871,2.0021,2.035,2.051,2.0723000000000003,2.1027,2.1393,2.1781,2.5061,2.5702000000000003,2.5927000000000002,2.6254,2.6425,2.6631,2.6812,2.6950000000000003,2.7213000000000003,2.7325,2.7473,2.7649,2.7853000000000003,2.7936,2.8177000000000003,2.8389,2.8658,2.8963,2.9050000000000002,2.9581,3.0899,3.3609,3.3866,3.4181000000000004,3.4457,3.4563,3.4738,3.4927,3.5206,3.5329,3.5594,3.5771,3.6077000000000004,3.6403000000000003,3.6502000000000003,3.6794000000000002,3.7030000000000003,4.1151,4.1333
114492:1.4076,2.9386
114546:0.06770000000000001,0.4395,2.7258
114879:0.06520000000000001,0.2594,0.4435,2.0234,2.7165,2.7679,2.7983000000000002,2.862,3.5473000000000003
115035:0.0057,0.0123,0.0189,0.0256,0.0313,0.038400000000000004,0.044000000000000004,0.050300000000000004,0.056100000000000004,0.0632,0.0707,0.0789,0.0854,0.092,0.0981,0.1048,0.1097,0.11510000000000001,0.12200000000000001,0.1296,0.1363,0.1433,0.1516,0.1585,0.1652,0.1708,0.1772,0.1837,0.1895,0.19540000000000002,0.2025,0.2078,0.21430000000000002,0.22010000000000002,0.22540000000000002,0.2316,0.2366,0.24280000000000002,0.24880000000000002,0.2556,0.2617,0.2676,0.2737,0.28,0.28650000000000003,0.2949,0.3007,0.30660000000000004,0.3126,0.3189,0.3259,0.3315,0.3383,0.3452,0.3509,0.35860000000000003,0.3644,0.37160000000000004,0.3776,0.38380000000000003,0.3901,0.396,0.40140000000000003,0.4113,0.4186,0.4247,0.43210000000000004,0.4383,0.4479,0.4546,0.4622,0.4686,0.4751,0.4811,0.48760000000000003,0.49520000000000003,0.5018,0.509,0.517,0.5245000000000001,0.5342,0.5464,0.5596,0.5873,0.6019,0.9967,1.0114,1.0192,1.028,1.0397,1.0465,1.0543,1.064,1.07,1.0802,1.0908,1.0981,1.1057000000000001,1.1126,1.1198000000000001,1.1264,1.1319000000000001,1.1375,1.1432,1.1498000000000002,1.1556,1.1636,1.1711,1.1774,1.1836,1.19,1.1966,1.2034,1.2123000000000002,1.2196,1.226,1.2338,1.2387000000000001,1.2446000000000002,1.2509000000000001,1.2589000000000001,1.2663,1.2735,1.2826,1.2910000000000001,1.2993000000000001,1.3096,1.32,1.3328,1.3427,1.3518000000000001,1.3731,1.3931,1.7073,1.7164000000000001,1.7264000000000002,1.7393,1.7510000000000001,1.7589000000000001,1.7691000000000001,1.7766000000000002,1.7865,1.794,1.8017,1.8110000000000002,1.8197,1.8277,1.8349000000000002,1.8434000000000001,1.8494000000000002,1.8562,1.8611000000000002,1.8676000000000001,1.8734000000000002,1.8792,1.8856000000000002,1.8924,1.8987,1.9043,1.9106,1.9176000000000002,1.9234,1.9308,1.9382000000000001,1.9445000000000001,1.9501000000000002,1.9566000000000001,1.9620000000000002,1.9682000000000002,1.975,1.9807000000000001,1.987,1.9943000000000002,1.9999,2.0068,2.0146,2.0221,2.029,2.0348,2.0425,2.0503,2.0583,2.0657,2.0732,2.0822000000000003,2.0918,2.1005000000000003,2.1121000000000003,2.1248,2.1383,2.1489000000000003,2.1705,2.5152,2.5298000000000003,2.5491,2.5587,2.5692,2.5788,2.5877000000000003,2.5964,2.6077,2.6163000000000003,2.6233,2.6303,2.6364,2.644,2.6541,2.6602,2.6666000000000003,2.6741,2.6812,2.6891000000000003,2.6946000000000003,2.6995,2.7058,2.7111,2.7168,2.7224,2.7288,2.7348000000000003,2.7406,2.7467,2.7527,2.7589,2.7646,2.7713,2.7772,2.7828,2.7896,2.7955,2.8017000000000003,2.8087,2.8157,2.8219000000000003,2.8278000000000003,2.8344,2.8414,2.8517,2.8589,2.8679,2.8753,2.8838,2.8921,2.8987000000000003,2.9103000000000003,2.9218,2.9353000000000002,2.9499,3.3466,3.359,3.3701000000000003,3.3795,3.3963,3.4047,3.4123,3.4197,3.4290000000000003,3.4363,3.4442000000000004,3.4516,3.4584,3.4647,3.4706,3.4774000000000003,3.484,3.4913000000000003,3.4979,3.5050000000000003,3.5128000000000004,3.52,3.5262000000000002,3.5344,3.5416000000000003,3.5483000000000002,3.5540000000000003,3.5606,3.5679000000000003,3.5746,3.5806,3.587,3.5931,3.5994,3.6095,3.6173,3.6253,3.6321000000000003,3.6389,3.6468000000000003,3.6556,3.6649000000000003,3.6723000000000003,3.681,3.6913,3.6995,3.7189,3.7337000000000002,3.7466000000000004,4.0646,4.083200000000001,4.1043,4.114,4.1247,4.1325,4.139,4.1482
115193:0.0267,0.0494,0.0716,0.1012,0.1272,0.1469,0.1751,0.1983,0.22260000000000002,0.2389,0.2565,0.2782,0.2853,0.3317,0.35710000000000003,0.38520000000000004,0.4189,0.4284,0.4529,0.4822,0.5249,0.5724,0.6401,0.6843,0.7285,0.7568,0.7952,0.8273,0.8622000000000001,0.8998,0.9515,1.0413000000000001,1.0755000000000001,1.1006,1.1228,1.1893,1.2058,1.252,1.2632,1.2930000000000001,1.3156,1.3227,1.3798000000000001,1.4275,1.4759,1.5253,1.578,1.6126,1.6466,1.6878000000000002,1.7216,1.7528000000000001,1.7983,1.8299,1.8642,1.8797000000000001,1.9097000000000002,1.9426,1.9503000000000001,1.9731,1.9821000000000002,2.0285,2.0915,2.1001000000000003,2.1668000000000003,2.1971000000000003,2.2547,2.2920000000000003,2.3352,2.3674,2.4081,2.4447,2.4917000000000002,2.5339,2.5665,2.6051,2.6424000000000003,2.6717,2.7154000000000003,2.744,2.7763,2.8120000000000003,2.8371,2.8744,2.8800000000000003,2.9245,2.9424,2.9671000000000003,3.0021,3.0704000000000002,3.1098000000000003,3.1564,3.2035,3.2271,3.2529000000000003,3.2870000000000004,3.3346,3.3954,3.4286000000000003,3.4657,3.4934000000000003,3.5266,3.5608,3.5967000000000002,3.6313,3.6626000000000003,3.7082,3.7915,3.8441,3.9107000000000003,3.972,4.0045,4.0606,4.1145000000000005,4.1337
115210:0.507,0.5316000000000001,0.5426,0.5551,0.5672,0.5763,0.5940000000000001,0.602,0.6134000000000001,0.6225,0.6307,0.6468,0.6571,0.6668000000000001,0.6817000000000001,0.6909000000000001,0.6991,0.7081000000000001,0.7226,0.7327,0.7413000000000001,0.7597,0.7696000000000001,0.7797000000000001,0.79,0.7982,0.8098000000000001,0.8211,0.8290000000000001,0.8416,0.8485,0.8588,0.8689,0.8836,0.8918,0.9002,0.9149,0.9254,0.9367000000000001,0.9469000000000001,0.9571000000000001,0.9687,0.9777,0.9894000000000001,1.0097,1.0219,1.0342,1.0478,1.0684,1.088,1.104,1.2878,1.3093000000000001,1.328,1.3401,1.3546,1.3666,1.3758000000000001,1.3927,1.4013,1.4109,1.4243000000000001,1.433,1.4501000000000002,1.4636,1.4732,1.4836,1.5018,1.5124,1.5299,1.5382,1.5536,1.5614000000000001,1.5697,1.5805,1.5912000000000002,1.6007,1.6092000000000002,1.6188,1.6287,1.6458000000000002,1.6558000000000002,1.6674,1.6763000000000001,1.6893,1.6993,1.7131,1.7216,1.7326000000000001,1.7522,1.7774,1.8155000000000001,2.0779,2.1027,2.1172,2.1366,2.1491000000000002,2.1590000000000003,2.1737,2.1819,2.1905,2.1990000000000003,2.2101,2.2206,2.2294,2.2386,2.2484,2.2577000000000003,2.2696,2.2781000000000002,2.2903000000000002,2.3000000000000003,2.3091,2.3195,2.3295,2.3444000000000003,2.3543000000000003,2.3689,2.3804000000000003,2.3886000000000003,2.4002000000000003,2.4099,2.4244000000000003,2.4302,2.4379,2.455,2.4666,2.4762,2.4837000000000002,2.4931,2.504,2.5192,2.5306,2.5407,2.561,2.5746,2.5934,2.8637,2.8892,2.9104,2.9212000000000002,2.9371,2.9493,2.9638,2.9713000000000003,2.9833000000000003,2.9918,3.0041,3.0195000000000003,3.0269,3.0357000000000003,3.0485,3.0572000000000004,3.0666,3.0754,3.0838,3.0961000000000003,3.1047000000000002,3.1153,3.1242,3.133,3.1455,3.1540000000000004,3.1631,3.1703,3.1797,3.1892,3.2011000000000003,3.2139,3.2287000000000003,3.2408,3.2488,3.2591,3.2683,3.2775000000000003,3.2859000000000003,3.294,3.3026,3.3127,3.3219000000000003,3.3333000000000004,3.3441,3.3522000000000003,3.3774,3.3936,3.4055,3.454,3.6399000000000004,3.6614,3.6778,3.6893000000000002,3.7069,3.7191,3.7281,3.7408,3.7532,3.7634000000000003,3.7754000000000003,3.7839,3.7928,3.8018,3.81,3.8194000000000004,3.8361,3.8472000000000004,3.8547000000000002,3.8715,3.8807,3.8896,3.9011,3.9132000000000002,3.9208000000000003,3.9290000000000003,3.9459000000000004,3.9546,3.9624,3.9723,3.9804000000000004,3.9894000000000003,3.9991000000000003,4.0073,4.0163,4.0347,4.044700000000001,4.0559,4.0654,4.0769,4.1001,4.1126000000000005,4.128,4.1414
115273:0.6115,0.6474000000000001,0.6908000000000001,0.7518,0.766,0.8435,0.888,0.9430000000000001,0.9662000000000001,1.425,1.4687000000000001,1.5187000000000002,1.5604,1.6024,1.625,1.6738000000000002,1.7235,1.7542,2.1454,2.1779,2.2546,2.2845,2.3533,2.3937,2.4334000000000002,2.4888,2.5571,3.0010000000000003,3.0616000000000003,3.0921000000000003,3.1354,3.1946000000000003,3.23,3.3286000000000002,3.7756000000000003,3.8296,3.8619000000000003,3.9028,3.9558,3.9749000000000003,4.016,4.0679,4.1009
115366:0.0155,0.0261,0.0458,0.0762,0.0925,0.1038,0.1217,0.1345,0.16540000000000002,0.1892,0.20090000000000002,0.2232,0.23820000000000002,0.2701,0.2914,0.30970000000000003,0.3402,0.3637,0.39490000000000003,0.4153,0.4248,0.45080000000000003,0.4686,0.49770000000000003,0.5205000000000001,0.5405,0.6055,0.6601,0.7243,0.8411000000000001,0.9529000000000001,1.0195,1.0486,1.0592000000000001,1.0785,1.106,1.1231,1.1451,1.1716,1.1828,1.2049,1.2306000000000001,1.2409000000000001,1.2623,1.2890000000000001,1.326,1.4112,1.5271000000000001,1.617,1.6555,1.7071,1.7357,1.7768000000000002,1.7969000000000002,1.8198,1.8374000000000001,1.8637000000000001,1.8825,1.8948,1.9176000000000002,1.9425000000000001,1.9682000000000002,1.9816,1.998,2.0317000000000003,2.0448,2.0673,2.1005000000000003,2.1333,2.1718,2.2637,2.3643,2.4225000000000003,2.5012000000000003,2.5496000000000003,2.5676,2.5897,2.6199000000000003,2.6358,2.6565000000000003,2.6743,2.6910000000000003,2.7149,2.7264,2.7427,2.7609000000000004,2.7887,2.8142,2.8316000000000003,2.8431,2.891,2.9006000000000003,2.944,2.9784,3.0414000000000003,3.0852,3.1462000000000003,3.2446,3.2805,3.3541000000000003,3.382,3.4137,3.4384,3.4529,3.471,3.4888000000000003,3.5038,3.5205,3.5300000000000002,3.5536000000000003,3.5743,3.6056000000000004,3.6358,3.6447000000000003,3.6727000000000003,3.6977,3.7466000000000004,3.8018,3.9290000000000003,3.9807,4.0535000000000005,4.1097,4.1296
115444:0.0089,0.02,0.020900000000000002,0.0251,0.0313,0.0317,0.031900000000000005,0.038700000000000005,0.0393,0.046200000000000005,0.0529,0.057300000000000004,0.07050000000000001,0.076,0.0763,0.07680000000000001,0.0852,0.0857,0.0942,0.09570000000000001,0.0984,0.1076,0.1078,0.1111,0.117,0.1199,0.12390000000000001,0.13520000000000001,0.1469,0.1495,0.1539,0.16490000000000002,0.17,0.17420000000000002,0.1874,0.1879,0.1894,0.2006,0.20770000000000002,0.2162,0.2253,0.2291,0.23390000000000002,0.24430000000000002,0.2492,0.254,0.2546,0.25880000000000003,0.2713,0.28200000000000003,0.28350000000000003,0.2914,0.2922,0.2924,0.29460000000000003,0.3027,0.3105,0.3121,0.3128,0.31420000000000003,0.3154,0.32930000000000004,0.33280000000000004,0.3373,0.35660000000000003,0.3604,0.3613,0.37070000000000003,0.37220000000000003,0.37470000000000003,0.3784,0.39390000000000003,0.42660000000000003,0.42760000000000004,0.43660000000000004,0.4383,0.44530000000000003,0.4494,0.458,0.4671,0.4697,0.5054000000000001,0.506,0.5132,0.5259,0.5521,0.5780000000000001,0.9651000000000001,1.0027000000000001,1.0104,1.0138,1.0448,1.0557,1.0626,1.0772000000000002,1.0896000000000001,1.0951,1.1075000000000002,1.1113,1.1127,1.1341,1.1618000000000002,1.1878,1.1942000000000002,1.1972,1.1977,1.1986,1.2009,1.2079,1.2241,1.2251,1.2328000000000001,1.2338,1.2372,1.2389000000000001,1.2448000000000001,1.2471,1.2486000000000002,1.2538,1.2551,1.2553,1.2654,1.2694,1.2730000000000001,1.2759,1.2762,1.2925,1.2937,1.3299,1.3780000000000001,1.3900000000000001,1.691,1.7214,1.7406000000000001,1.7486000000000002,1.7583,1.788,1.7910000000000001,1.7954,1.8137,1.8498,1.8513000000000002,1.8581,1.8612000000000002,1.8617000000000001,1.8622,1.8641,1.8771,1.8802,1.8996000000000002,1.9044,1.9189,1.9329,1.9444000000000001,1.9462000000000002,1.9506000000000001,1.9612,1.9615,1.9644000000000001,1.9654,1.9724000000000002,1.9738,1.9951,2.0026,2.0066,2.0148,2.0411,2.0432,2.0469,2.0491,2.0516,2.0629,2.0946000000000002,2.0977,2.1019,2.1172,2.1208,2.1249000000000002,2.5361000000000002,2.5398,2.5473000000000003,2.5593,2.563,2.5746,2.604,2.6302000000000003,2.6409000000000002,2.6526,2.6541,2.6608,2.6642,2.6688,2.6726,2.68,2.6809000000000003,2.6828000000000003,2.6862,2.6888,2.6961,2.6983,2.7312000000000003,2.7318000000000002,2.7408,2.7505,2.7526,2.7613000000000003,2.7623,2.7628,2.7665,2.7673,2.7701000000000002,2.7899000000000003,2.7960000000000003,2.8087,2.8153,2.862,2.8675,2.8688000000000002,2.8766000000000003,2.8793,2.8951000000000002,2.9103000000000003,2.9494000000000002,3.3758000000000004,3.3967,3.4017,3.4107000000000003,3.4564000000000004,3.4610000000000003,3.4615,3.4666,3.4854000000000003,3.4874,3.4931,3.4973,3.4987000000000004,3.5155000000000003,3.5182,3.5323,3.5554,3.5574000000000003,3.5579,3.5671000000000004,3.5683000000000002,3.5733,3.5836,3.5864000000000003,3.5882,3.5912,3.6124,3.6365000000000003,3.6524,3.6659,3.6679000000000004,3.7036000000000002,3.7209000000000003,4.0631,4.0741000000000005,4.0989,4.123600000000001,4.141500000000001
115540:1.9200000000000002
115960:0.5474,0.5765,0.5968,0.6155,0.6337,0.6569,0.6766,0.6941,0.7103,0.7374,0.7565000000000001,0.7769,0.7955,0.8132,0.8307,0.8505,0.8685,0.89,0.9105000000000001,0.93,0.9534,0.9761000000000001,0.995,1.0172,1.0423,1.071,1.096,1.3347,1.3649,1.3875,1.4093,1.4298,1.4545000000000001,1.4737,1.491,1.5136,1.5363,1.554,1.5713000000000001,1.5956000000000001,1.6133000000000002,1.6332,1.6514,1.6691,1.6883000000000001,1.7087,1.7298,1.7583,1.7983,2.1092,2.1373,2.1606,2.1831,2.1997,2.2208,2.2377000000000002,2.2532,2.2714000000000003,2.287,2.3127,2.3352,2.3564000000000003,2.3764000000000003,2.3999,2.4183,2.4347000000000003,2.4589000000000003,2.4779,2.4992,2.5297,2.551,2.5801000000000003,2.9051,2.9238,2.9485,2.9634,2.9864,3.0071000000000003,3.027,3.0436,3.0647,3.0837000000000003,3.1026000000000002,3.1259,3.1422000000000003,3.1674,3.1827,3.1984000000000004,3.2282,3.2485,3.2670000000000003,3.2841,3.3006,3.3206,3.3457000000000003,3.3737000000000004,3.3985000000000003,3.4596,3.6910000000000003,3.7151,3.7337000000000002,3.7565000000000004,3.7764,3.7950000000000004,3.8171000000000004,3.8397,3.8564000000000003,3.8799,3.8997,3.9168000000000003,3.9334000000000002,3.9557,3.9767,3.9924000000000004,4.0178,4.0444,4.0661000000000005,4.0822,4.1094,4.1364
115968:0.0687,0.15080000000000002,0.2953,0.3393,0.42410000000000003,0.4918,0.5364,0.5787,0.6116,0.7814,0.8037000000000001,0.8629,0.9745,1.0192,1.0773000000000001,1.1498000000000002,1.1884000000000001,1.2301,1.344,1.3834,1.4212,1.4574,1.5179,1.6624,1.7699,1.8512000000000002,1.9118000000000002,1.9926000000000001,2.0301,2.0731,2.1815,2.244,2.2901000000000002,2.435,2.4766,2.5271,2.5764,2.6648,2.7555,2.8012,2.8393,2.9334000000000002,3.1947,3.3686000000000003,3.4266,3.4523,3.5477000000000003,3.6973000000000003,3.7577000000000003,4.0694,4.1494
115976:0.008400000000000001,0.018500000000000003,0.027600000000000003,0.0373,0.046200000000000005,0.055600000000000004,0.0648,0.0747,0.0845,0.0942,0.1032,0.112,0.12290000000000001,0.1325,0.1418,0.1515,0.1605,0.1698,0.1782,0.188,0.19640000000000002,0.20500000000000002,0.2139,0.2235,0.2328,0.24130000000000001,0.25,0.2605,0.2692,0.2783,0.28950000000000004,0.2988,0.3079,0.3196,0.329,0.3391,0.3492,0.3599,0.3705,0.3798,0.38880000000000003,0.3985,0.41000000000000003,0.42000000000000004,0.4294,0.4384,0.44920000000000004,0.4625,0.4741,0.4862,0.4979,0.5101,0.5232,0.5398000000000001,0.5629000000000001,0.6008,1.0050000000000001,1.0251000000000001,1.0413000000000001,1.0541,1.0688,1.083,1.0978,1.1121,1.1208,1.1323,1.1411,1.1508,1.1612,1.1718,1.181,1.1925000000000001,1.2039,1.216,1.2252,1.2358,1.2452,1.2543,1.2662,1.2778,1.2893000000000001,1.304,1.3215000000000001,1.3381,1.3533000000000002,1.7120000000000002,1.7288000000000001,1.7491,1.7621,1.7765000000000002,1.7923,1.8038,1.8149000000000002,1.8262,1.8365,1.8474000000000002,1.8582,1.8684,1.8787,1.8892,1.9005,1.9104,1.9209,1.9318000000000002,1.9412,1.9517,1.9608,1.9708,1.9804000000000002,1.9902000000000002,2.0003,2.0099,2.0212,2.0327,2.044,2.0549,2.0691,2.0844,2.0975,2.1105,2.1299,2.1483000000000003,2.5204,2.5538000000000003,2.5664000000000002,2.5822000000000003,2.5966,2.6145,2.6248,2.6358,2.6476,2.6576,2.6671,2.6768,2.6873,2.6959,2.704,2.7125,2.721,2.7324,2.7418,2.7498,2.7592000000000003,2.7682,2.7787,2.7873,2.7972,2.8067,2.8172,2.8274000000000004,2.8364000000000003,2.8449,2.8572,2.8712,2.887,2.9003,2.9232,2.9508,3.3547000000000002,3.3732,3.3873,3.4061000000000003,3.4175,3.4328000000000003,3.444,3.4557,3.4659,3.4755000000000003,3.4857,3.4974000000000003,3.5086000000000004,3.5199000000000003,3.5287,3.5396,3.5509000000000004,3.5597000000000003,3.5699,3.5796,3.5891,3.5999000000000003,3.6142000000000003,3.6246,3.6363000000000003,3.6470000000000002,3.6622000000000003,3.6752000000000002,3.6940000000000004,3.7232000000000003,4.0754,4.107200000000001,4.119800000000001,4.1379
116003:0.1419,0.2116,0.39280000000000004,1.214,1.2949000000000002,2.5968,2.6958,2.7737000000000003,3.4567
116067:0.07390000000000001,0.1452,0.2881,0.321,0.38180000000000003,0.4021,0.4431,0.7282000000000001,0.8495,1.2054,1.8179,1.8894000000000002,1.9331,2.4942,2.6707,2.6849000000000003,2.741,2.7894,2.8418,3.2093000000000003,3.2401,3.5202,3.5629,3.6221,3.6556
116265:0.6677000000000001,0.8611000000000001,0.9520000000000001,1.0465,1.0771,1.2875,1.3382,1.3727,1.479,1.5796000000000001,1.7263000000000002,1.7795,2.1095,2.1476,2.2613000000000003,2.4013,2.5943,3.0716,3.1665,3.3553,3.4111000000000002,3.4450000000000003,3.6877,3.9305000000000003,4.0099,4.0852,4.1336
116317:0.7816000000000001,1.4137000000000002,1.5881,1.6936,1.7452,2.1707,2.1985,2.3862,2.5046,2.9645,3.1384000000000003,3.2517,3.3012,3.7800000000000002
116635:0.0323,0.0738,0.1443,0.2084,0.3099,0.3637,1.1583,1.2333,1.9034,1.9435,2.7465,2.7840000000000003,2.8519,3.4626,3.5007,3.5542000000000002
116721:0.0173,0.1177,1.0524,1.1232,1.7939,2.5692,2.5947,2.6277,2.8415,2.9577,3.3845,3.4569,4.1246
116843:0.6439,0.6983,0.7868,0.8428,0.9117000000000001,1.5019,2.2616,2.3465000000000003,2.4002000000000003,2.479,3.0146,3.0783,3.1123000000000003,3.2294,3.9078000000000004,3.9601
116894:0.5749000000000001,0.6331,0.6824,0.7455,0.7752,0.8321000000000001,0.9477000000000001,1.4376,1.4711,1.4904000000000002,1.58,1.6364,1.7040000000000002,2.1573,2.2142,2.2509,2.2734,2.3333,2.3913,2.4610000000000003,2.972,3.0462000000000002,3.1048,3.1776,3.2224000000000004,3.2638000000000003,3.2889000000000004,3.3484000000000003,3.8146,3.8468,3.8888000000000003,3.9551000000000003,4.0128,4.0532,4.1088000000000005
117036:0.9651000000000001,1.5187000000000002,2.4996,3.2326,3.3341000000000003
117111:0.6142000000000001,0.6776,0.7046,0.8108000000000001,0.8804000000000001,0.9161,1.4342000000000001,1.5171000000000001,1.5676,1.6241,1.6703000000000001,2.2388,2.2789,2.3023000000000002,2.3621000000000003,2.4548,2.5537,2.9727,3.0185,3.1303,3.1743,3.2585,3.3326000000000002,3.7262,3.8218,3.8644000000000003,3.9707000000000003
117221:0.0236,0.0398,0.056,0.1009,0.12090000000000001,0.1433,0.17550000000000002,0.186,0.20400000000000001,0.21780000000000002,0.2348,0.24810000000000001,0.2665,0.2775,0.3149,0.3371,0.3514,0.3729,0.3987,0.4263,0.4728,0.4893,0.5085000000000001,0.5477000000000001,0.6147,0.6813,0.7202000000000001,0.7547,0.7902,0.8454,0.9192,0.9588000000000001,1.0434,1.0648,1.1022,1.1254,1.1512,1.1792,1.1979,1.2131,1.2293,1.2496,1.2703,1.3027,1.3768,1.4804000000000002,1.5233,1.608,1.6511,1.7407000000000001,1.7572,1.8176,1.8471000000000002,1.8682,1.8824,1.9201000000000001,1.9344000000000001,1.9558,1.979,1.9923000000000002,2.0105,2.0436,2.0916,2.1132,2.1658,2.2561,2.2903000000000002,2.345,2.4008000000000003,2.4407,2.4897,2.5563000000000002,2.5686,2.6029,2.6422000000000003,2.6714,2.69,2.7029,2.7312000000000003,2.7523,2.7708,2.7919,2.8120000000000003,2.8323,2.8489,2.8691,2.9107000000000003,2.9759,3.0439000000000003,3.079,3.1145,3.1471,3.2054,3.2351,3.3188,3.3863000000000003,3.4201,3.4578,3.4848000000000003,3.5007,3.5323,3.5449,3.5598,3.5853,3.6094000000000004,3.6472,3.6805000000000003,3.7417000000000002,3.8071,3.8643,3.9663000000000004,4.0096,4.0994,4.1289,4.1453
117255:0.09580000000000001,0.1877,0.2664,0.3209,0.3997,0.6094,0.6402,0.6953,0.7833,0.9630000000000001,1.4754,1.5715000000000001,1.6042,1.6320000000000001,1.7172,1.8582,2.178,2.2531000000000003,2.2903000000000002,2.4135,2.5031000000000003,2.5598,2.7393,2.7747,2.9886,3.0756,3.0849,3.1528,3.2325000000000004,3.3195,3.335,3.5165,3.5623,3.6592000000000002,3.7379000000000002,4.0021,4.0715,4.136
117257:0.0285,0.061200000000000004,0.15360000000000001,0.1849,0.2275,0.27990000000000004,0.35100000000000003,0.4031,0.44420000000000004,0.5147,0.6455000000000001,0.7576,1.0655000000000001,1.1313,1.1642000000000001,1.2358,1.2759,1.8767,1.9025,1.9346,1.9955,2.0177,2.2256,2.2957,2.5608,2.6041000000000003,2.6804,2.7184,2.7590000000000003,2.7984,3.2374,3.2800000000000002,3.4253,3.5177,3.5476,3.5938000000000003,3.706
117295:0.011000000000000001,0.0151,0.0412,0.046200000000000005,0.0497,0.059500000000000004,0.07490000000000001,0.0782,0.09380000000000001,0.1018,0.10400000000000001,0.11130000000000001,0.1255,0.1301,0.1328,0.1355,0.1448,0.1567,0.16140000000000002,0.16340000000000002,0.1646,0.1658,0.1703,0.1731,0.17350000000000002,0.17500000000000002,0.1763,0.1781,0.17830000000000001,0.18150000000000002,0.18460000000000001,0.1865,0.188,0.1927,0.2038,0.2083,0.20950000000000002,0.2215,0.225,0.2321,0.2338,0.23570000000000002,0.2383,0.24330000000000002,0.25070000000000003,0.2581,0.2605,0.2644,0.2677,0.27040000000000003,0.2758,0.279,0.2847,0.28750000000000003,0.2973,0.3024,0.3126,0.32180000000000003,0.32780000000000004,0.3367,0.3395,0.3422,0.3428,0.34450000000000003,0.3496,0.35810000000000003,0.365,0.3695,0.37,0.3753,0.37560000000000004,0.376,0.38130000000000003,0.3942,0.40890000000000004,0.4238,0.42710000000000004,0.4277,0.4425,0.4459,0.4521,0.4541,0.46240000000000003,0.4721,0.4737,0.48400000000000004,0.4888,0.4955,0.5118,0.5254,0.5977,1.0118,1.0137,1.014,1.0257,1.0259,1.0455,1.0485,1.0517,1.0668,1.0671000000000002,1.0763,1.1158000000000001,1.1278000000000001,1.1323,1.1329,1.135,1.1466,1.1504,1.1625,1.1694,1.2073,1.2204000000000002,1.2315,1.2347000000000001,1.2471,1.2542,1.2578,1.262,1.2810000000000001,1.3193000000000001,1.333,1.3391,1.7072,1.7159,1.7206000000000001,1.7312,1.7719,1.7805000000000002,1.7881,1.7987000000000002,1.8135000000000001,1.8193000000000001,1.824,1.8264,1.8334000000000001,1.8370000000000002,1.8558000000000001,1.8583,1.8587,1.8677000000000001,1.8772,1.8797000000000001,1.8840000000000001,1.885,1.8888,1.9009,1.9169,1.9200000000000002,1.9281000000000001,1.9328,1.9373,1.9388,1.9394,1.9480000000000002,1.9568,1.9596,1.9786000000000001,1.9919,1.9954,1.9963000000000002,2.0023,2.0140000000000002,2.017,2.029,2.032,2.0347,2.049,2.0637000000000003,2.0824000000000003,2.0853,2.0868,2.0914,2.1065,2.1350000000000002,2.137,2.1433,2.5077000000000003,2.5546,2.5566,2.5636,2.5801000000000003,2.5839000000000003,2.6053,2.613,2.6274,2.628,2.6334,2.6401000000000003,2.6584000000000003,2.6641,2.6698,2.6961,2.6968,2.7062,2.7065,2.7084,2.7178,2.7285,2.7288,2.7363,2.7375000000000003,2.746,2.7476000000000003,2.7495000000000003,2.7541,2.7588,2.7602,2.7733000000000003,2.7741000000000002,2.7801,2.7907,2.7921,2.7947,2.8302,2.8346,2.8406000000000002,2.8627000000000002,2.8729,2.8817,2.8884000000000003,2.9431000000000003,2.9498,3.3161,3.3383000000000003,3.3569,3.3667000000000002,3.3775,3.3798000000000004,3.3969,3.4102,3.4166000000000003,3.4322000000000004,3.4387000000000003,3.4406000000000003,3.4409,3.452,3.4632,3.4656000000000002,3.4714,3.4825000000000004,3.4894000000000003,3.52,3.536,3.5428,3.5457,3.5621,3.567,3.5771,3.5951,3.5985,3.6202,3.6212,3.6275000000000004,3.6423,3.6479000000000004,3.6626000000000003,3.6662000000000003,3.6666000000000003,3.6716,3.6932,3.6998,4.0639,4.1104,4.1199,4.1261,4.145700000000001,4.146100000000001
117496:0.46030000000000004,0.5065000000000001,0.5195000000000001,0.5277000000000001,0.5618000000000001,0.5662,0.5772,0.5785,0.5796,0.5825,0.6125,0.6191,0.6236,0.6272,0.6277,0.6297,0.6337,0.6366,0.6379,0.645,0.6506000000000001,0.6531,0.6663,0.6734,0.6887,0.6900000000000001,0.6967,0.6970000000000001,0.6989000000000001,0.7019000000000001,0.7054,0.7099000000000001,0.7122,0.7163,0.7208,0.7252000000000001,0.7397,0.7469,0.7498,0.7528,0.7663000000000001,0.7759,0.7782,0.78,0.798,0.8053,0.8098000000000001,0.8104,0.8184,0.8224,0.8805000000000001,0.8829,0.8844000000000001,0.8889,0.8947,0.8957,0.8987,0.9151,0.9222,0.9241,0.9314,0.9375,0.9459000000000001,0.9491,0.9519000000000001,0.9532,0.9712000000000001,0.9726,0.9787,0.9822000000000001,0.9854,1.0008000000000001,1.0081,1.0109000000000001,1.0117,1.0178,1.0283,1.0462,1.0481,1.0744,1.0813000000000001,1.0894000000000001,1.1439000000000001,1.2983,1.3014000000000001,1.3135000000000001,1.3152000000000001,1.3235000000000001,1.3239,1.3355000000000001,1.3426,1.3459,1.3464,1.3604,1.3663,1.3726,1.3729,1.3793,1.3804,1.3816000000000002,1.397,1.3977000000000002,1.3983,1.4005,1.4029,1.4078000000000002,1.4133,1.4193,1.423,1.4259000000000002,1.4309,1.4321000000000002,1.4373,1.4405000000000001,1.4409,1.4449,1.4475,1.4599,1.4606000000000001,1.4766000000000001,1.4872,1.4918,1.5003,1.5011,1.5035,1.5098,1.5133,1.5158,1.52,1.5241,1.5253,1.5329000000000002,1.5338,1.5375,1.5392000000000001,1.544,1.5450000000000002,1.5510000000000002,1.5532000000000001,1.5621,1.5662,1.5703,1.5763,1.5829,1.5939,1.5982,1.5989,1.6114000000000002,1.6294000000000002,1.6299000000000001,1.6331,1.6339000000000001,1.6483,1.6648,1.6784000000000001,1.6824000000000001,1.6894,1.691,1.7134,1.7175,1.725,1.7261000000000002,1.7352,1.7375,1.743,1.7546000000000002,1.7630000000000001,1.7651000000000001,1.7692,1.818,2.0001,2.0743,2.0806,2.0993,2.1065,2.1236,2.1299,2.1345,2.1377,2.1415,2.1754000000000002,2.1838,2.1943,2.1962,2.1992000000000003,2.2035,2.2212,2.2232000000000003,2.2534,2.2811,2.3119,2.3218,2.3374,2.3394,2.3444000000000003,2.3516,2.3718,2.3781000000000003,2.3809,2.3832,2.3911000000000002,2.4111000000000002,2.4136,2.4187000000000003,2.4239,2.4314,2.4326000000000003,2.4393000000000002,2.4478,2.4505,2.4594,2.4733,2.4794,2.5063,2.5077000000000003,2.515,2.5178000000000003,2.5215,2.5283,2.5351,2.5552,2.5562,2.5586,2.5643000000000002,2.5653,2.5727,2.5736000000000003,2.5744000000000002,2.5792,2.5895,2.6353,2.8307,2.8404000000000003,2.8611,2.8745000000000003,2.8792,2.8846000000000003,2.8969,2.9275,2.9377,2.9391000000000003,2.94,2.9412000000000003,2.9501,2.9515000000000002,2.9563,2.9604,2.9707000000000003,2.9775,2.986,2.9886,2.9971,3.0015,3.0052000000000003,3.035,3.0459,3.0602,3.0649,3.0722,3.0742000000000003,3.0765000000000002,3.0782000000000003,3.0872,3.0913,3.0968,3.0980000000000003,3.1078,3.12,3.1223,3.1288,3.129,3.1333,3.1361000000000003,3.1445000000000003,3.1675,3.1695,3.1704000000000003,3.1830000000000003,3.1834000000000002,3.1908000000000003,3.2033,3.2041,3.2093000000000003,3.2112000000000003,3.2234000000000003,3.2251000000000003,3.2494,3.2588000000000004,3.2658,3.2919,3.2922000000000002,3.2932,3.2959,3.2990000000000004,3.3185000000000002,3.3284000000000002,3.3352,3.3359,3.3376,3.3387000000000002,3.3806000000000003,3.3937000000000004,3.4082000000000003,3.4208000000000003,3.4323,3.4724000000000004,3.5771,3.6264000000000003,3.628,3.6428000000000003,3.6632000000000002,3.6755,3.6798,3.6830000000000003,3.6885000000000003,3.6958,3.7123000000000004,3.724,3.7557,3.7567000000000004,3.7716000000000003,3.7724,3.7784,3.7795,3.7939000000000003,3.8103000000000002,3.8124000000000002,3.8186,3.8235,3.8314000000000004,3.8385000000000002,3.8543000000000003,3.8554000000000004,3.8811,3.8834000000000004,3.8850000000000002,3.8866,3.8872,3.8955,3.9032,3.9053,3.9097000000000004,3.911,3.9132000000000002,3.9191000000000003,3.9215,3.9257,3.9334000000000002,3.9415,3.9417,3.9567,3.9638,3.9641,3.968,3.9714,3.9723,3.9759,3.9824,3.9865000000000004,3.9979,3.9983000000000004,4.000500000000001,4.0021,4.0078000000000005,4.010800000000001,4.020700000000001,4.027,4.0362,4.0496,4.0534,4.055400000000001,4.0559,4.075,4.0766,4.0834,4.0944,4.0953,4.1108,4.1307,4.1386
117706:0.0006000000000000001,0.0037,0.016300000000000002,0.017,0.0183,0.020800000000000003,0.0212,0.0223,0.041,0.048,0.0601,0.061500000000000006,0.07400000000000001,0.078,0.07970000000000001,0.085,0.0868,0.0993,0.10210000000000001,0.1063,0.10930000000000001,0.1116,0.1356,0.137,0.1406,0.1414,0.1476,0.1572,0.1708,0.1768,0.17830000000000001,0.1841,0.1917,0.193,0.1935,0.2043,0.2069,0.2136,0.23290000000000002,0.2371,0.23800000000000002,0.2386,0.24580000000000002,0.2556,0.2601,0.2616,0.27040000000000003,0.2712,0.273,0.2742,0.2748,0.2798,0.2883,0.29510000000000003,0.312,0.3144,0.3185,0.35000000000000003,0.36200000000000004,0.3704,0.37210000000000004,0.3723,0.3739,0.37670000000000003,0.38330000000000003,0.3889,0.39680000000000004,0.39880000000000004,0.4031,0.4038,0.41450000000000004,0.4284,0.42900000000000005,0.4303,0.4398,0.4435,0.4762,0.5355,0.5473,0.5961000000000001,1.0319,1.0521,1.0552000000000001,1.0618,1.0755000000000001,1.0852,1.1026,1.1039,1.106,1.1081,1.1257000000000001,1.1315,1.1317000000000002,1.1336000000000002,1.1383,1.1397000000000002,1.1404,1.1459000000000001,1.1465,1.1540000000000001,1.1554,1.1647,1.1677,1.169,1.1879,1.1927,1.1977,1.2096,1.233,1.2337,1.2544,1.2783,1.2794,1.2872000000000001,1.2939,1.3053000000000001,1.3128,1.3253000000000001,1.3413000000000002,1.3595000000000002,1.3638000000000001,1.3815000000000002,1.7137,1.7499,1.7617,1.7653,1.7766000000000002,1.7982,1.8266,1.8324,1.8352000000000002,1.8516000000000001,1.8604,1.8682,1.8697000000000001,1.8824,1.8863,1.8878000000000001,1.8960000000000001,1.9063,1.9144,1.9536,1.9660000000000002,1.9683000000000002,1.9803000000000002,1.9826000000000001,2.0021,2.0084,2.0102,2.0213,2.0245,2.0342000000000002,2.0374,2.0499,2.0511,2.0568,2.0872,2.0896,2.0994,2.1007000000000002,2.1157,2.1217,2.1319,2.1755,2.1812,2.194,2.5137,2.5239000000000003,2.5405,2.5558,2.5803000000000003,2.5864000000000003,2.6061,2.6086,2.6105,2.6121000000000003,2.6267,2.6318,2.6518,2.6568,2.6611000000000002,2.6675,2.6739,2.6931000000000003,2.7036000000000002,2.7134,2.7154000000000003,2.729,2.7293000000000003,2.7396000000000003,2.7471,2.7520000000000002,2.7542,2.7551,2.7603,2.7733000000000003,2.7758000000000003,2.7787,2.7893000000000003,2.8052,2.8136,2.8259000000000003,2.8357,2.8377000000000003,2.8388,2.839,2.8475,2.8511,2.8685,2.8689,2.8729,2.9818000000000002,2.9961,3.3741000000000003,3.3863000000000003,3.3939000000000004,3.3944,3.4017,3.41,3.4120000000000004,3.422,3.4263000000000003,3.4488000000000003,3.4492000000000003,3.4588,3.4675000000000002,3.4722,3.4819,3.4844000000000004,3.5060000000000002,3.5153000000000003,3.5176000000000003,3.5208000000000004,3.5298000000000003,3.5432,3.5537,3.5587,3.5679000000000003,3.5742000000000003,3.5746,3.5791000000000004,3.5822000000000003,3.5919000000000003,3.5954,3.6175,3.6325000000000003,3.6368,3.6426000000000003,3.6526,3.6561000000000003,3.6619,3.6638,3.6735,3.6936,4.1024,4.1052,4.109100000000001,4.1138,4.119,4.135400000000001,4.1414
117893:0.7038,0.8888,1.5708,2.2975000000000003,3.1463,3.3392,3.7311
117969:0.056600000000000004,0.0858,0.1757,0.2715,0.31570000000000004,0.39980000000000004,0.4464,0.4656,0.4844,0.5625,0.6188,0.6456000000000001,0.7025,0.7761,0.8545,0.876,0.8981,0.9484,0.9670000000000001,1.0828,1.2047,1.3095,1.3847,1.4494,1.4792,1.5130000000000001,1.56,1.6057000000000001,1.6397000000000002,1.6785,1.7137,1.7541,1.8855000000000002,1.9461000000000002,1.9716,2.0199000000000003,2.124,2.1699,2.1965,2.2555,2.287,2.3635,2.4137,2.4348,2.4708,2.5191000000000003,2.5624000000000002,2.7162,2.7586,2.7898,2.8644000000000003,2.8898,2.9573,2.9749000000000003,3.0227,3.0776000000000003,3.0917000000000003,3.1487000000000003,3.1895000000000002,3.2232000000000003,3.2628000000000004,3.3269,3.4287,3.4898000000000002,3.5393000000000003,3.5599000000000003,3.6619,3.7837,3.8556000000000004,3.9090000000000003,3.9711000000000003,3.9991000000000003,4.0271,4.0661000000000005,4.0885,4.1148,4.139
118067:0.0621,0.0845,0.1587,0.1942,0.2766,0.3307,0.4394,0.48410000000000003,0.5681,0.6484,0.7073,0.7837000000000001,0.8659,0.9028,0.9683,1.1779,1.3928,1.4549,1.4894,1.5674000000000001,1.6424,1.6893,1.7605000000000002,1.8843,1.9529,2.0204,2.1291,2.1793,2.2595,2.2937000000000003,2.418,2.4723,2.5335,2.7121,2.7506,2.7772,2.8625000000000003,2.9659,3.0293,3.0892,3.1572,3.2267,3.2756000000000003,3.3345000000000002,3.4968000000000004,3.5438,3.5689,3.6685000000000003,3.7924,3.8671,3.9809,4.0298,4.081300000000001,4.1192
118104:0.1217,0.46080000000000004,1.1557,1.9672,2.7281,3.5101
118139:0.0148,0.028300000000000002,0.0424,0.0523,0.0663,0.08990000000000001,0.10010000000000001,0.11380000000000001,0.1227,0.1371,0.15460000000000002,0.166,0.1767,0.1869,0.19770000000000001,0.21030000000000001,0.2227,0.234,0.24350000000000002,0.2586,0.2707,0.2873,0.3017,0.3153,0.33080000000000004,0.3407,0.3554,0.36710000000000004,0.3805,0.3942,0.4111,0.4237,0.4344,0.4504,0.4662,0.4766,0.48950000000000005,0.5007,0.5113,0.5231,0.5375,0.5618000000000001,0.5863,0.6023000000000001,0.8102,0.9499000000000001,1.0023,1.0194,1.0353,1.0490000000000002,1.0616,1.0716,1.0931,1.1081,1.1189,1.1291,1.1409,1.1498000000000002,1.1638,1.1787,1.1914,1.2056,1.2246000000000001,1.2372,1.2473,1.2598,1.2730000000000001,1.2896,1.2999,1.3154000000000001,1.3309,1.3395000000000001,1.3499,1.369,1.3829,1.3996000000000002,1.7097,1.7292,1.7437,1.7588000000000001,1.7718,1.7857,1.7952000000000001,1.8118,1.8306,1.8391000000000002,1.8493000000000002,1.8628,1.8729,1.8814000000000002,1.8944,1.9067,1.9196000000000002,1.9322000000000001,1.9465000000000001,1.959,1.9705000000000001,1.9829,2.001,2.0113000000000003,2.0242,2.0382000000000002,2.0488,2.0606,2.0727,2.085,2.0959000000000003,2.1091,2.1273,2.1451000000000002,2.1571000000000002,2.1736,2.2230000000000003,2.4407,2.519,2.5352,2.5566,2.5741,2.5849,2.5968,2.6127000000000002,2.6247000000000003,2.6389,2.6507,2.6604,2.676,2.6921,2.7035,2.7135000000000002,2.7314000000000003,2.7432000000000003,2.7555,2.7696,2.781,2.7897000000000003,2.8067,2.8164000000000002,2.8299000000000003,2.839,2.8553,2.8688000000000002,2.8849,2.9007,2.9217,2.9391000000000003,2.9575,3.1457,3.1918,3.3156000000000003,3.3518000000000003,3.3713,3.3850000000000002,3.4066,3.4168000000000003,3.4313000000000002,3.4447,3.4603,3.4736000000000002,3.4848000000000003,3.4972000000000003,3.5147000000000004,3.5297,3.5442,3.5562,3.5762,3.5898000000000003,3.6015,3.6153,3.6308000000000002,3.6413,3.6540000000000004,3.6686,3.6805000000000003,3.6939,3.7049000000000003,3.726,3.7407000000000004,3.7542,4.0725,4.098,4.1109,4.1206000000000005,4.1357,4.144
118285:0.0852,0.28240000000000004,1.9566000000000001,2.7701000000000002,3.4896000000000003
118445:0.0574,0.1705,0.23970000000000002,0.2937,0.3598,0.4252,1.194,1.2449000000000001,1.8811,1.9404000000000001,1.9891,2.6649000000000003,2.7497000000000003,3.5554
118523:0.011600000000000001,0.02,0.0268,0.0385,0.0468,0.0627,0.0755,0.0862,0.09620000000000001,0.108,0.1187,0.1272,0.1355,0.1456,0.161,0.17020000000000002,0.1774,0.19290000000000002,0.20040000000000002,0.2177,0.2349,0.2409,0.2645,0.2728,0.2891,0.29810000000000003,0.3094,0.33530000000000004,0.3422,0.3496,0.3634,0.38330000000000003,0.3927,0.3992,0.41800000000000004,0.4287,0.4514,0.463,0.4698,0.49460000000000004,0.5011,0.5199,0.5392,1.0241,1.0498,1.0567,1.0758,1.0958,1.1171,1.1273,1.1421000000000001,1.1497,1.1562000000000001,1.1735,1.1824000000000001,1.1945000000000001,1.2029,1.2185000000000001,1.2299,1.2389000000000001,1.2609000000000001,1.2884,1.3235000000000001,1.7287000000000001,1.7494,1.7773,1.7943,1.8053000000000001,1.8270000000000002,1.8374000000000001,1.86,1.8664,1.8798000000000001,1.8911,1.9009,1.9141000000000001,1.9212,1.9393,1.9467,1.9619000000000002,1.969,1.9821000000000002,1.9906000000000001,1.9994,2.0063,2.0198,2.0326,2.0417,2.0621,2.0755,2.0954,2.1043000000000003,2.1538,2.5645000000000002,2.5855,2.6121000000000003,2.6233,2.6386000000000003,2.6589,2.6750000000000003,2.6868000000000003,2.6936,2.7083,2.7178,2.7245,2.7393,2.758,2.7686,2.7788,2.7883,2.7957,2.8131,2.8296,2.8379000000000003,2.8588,2.8703000000000003,2.8913,2.8989000000000003,2.9538,3.3786,3.4109000000000003,3.4382,3.4484000000000004,3.4598,3.4673000000000003,3.4752,3.4926000000000004,3.5170000000000003,3.5246,3.5332000000000003,3.5492000000000004,3.5644,3.572,3.5828,3.5988,3.6089,3.6327000000000003,3.6416000000000004,3.6716,3.6976,4.1119,4.1238
118536:0.0125,0.0247,0.0339,0.045000000000000005,0.0545,0.07,0.08070000000000001,0.0887,0.10070000000000001,0.1095,0.1211,0.1391,0.1506,0.16010000000000002,0.1673,0.1779,0.1898,0.203,0.215,0.22610000000000002,0.23670000000000002,0.2451,0.2569,0.268,0.2737,0.2823,0.2943,0.2992,0.30670000000000003,0.3165,0.3285,0.34140000000000004,0.3547,0.3637,0.37370000000000003,0.38320000000000004,0.392,0.40140000000000003,0.4131,0.4262,0.4344,0.44470000000000004,0.454,0.46390000000000003,0.4738,0.4848,0.49470000000000003,0.5017,0.5082,0.5168,0.5233,0.5295,0.5391,0.5488000000000001,0.5588000000000001,0.5662,0.5754,0.5823,0.5896,0.599,0.611,0.6238,0.6312,0.643,0.6536000000000001,0.6635,0.6795,0.6853,0.6959000000000001,0.7071000000000001,0.7176,0.7264,0.7369,0.7474000000000001,0.7571,0.7634000000000001,0.7745000000000001,0.7869,0.7974,0.8057000000000001,0.8155,0.8251000000000001,0.8336,0.8430000000000001,0.8496,0.8622000000000001,0.8724000000000001,0.8793000000000001,0.8913000000000001,0.904,0.9125000000000001,0.9228000000000001,0.9291,0.9409000000000001,0.9515,0.9672000000000001,0.9789,0.9869,0.9981000000000001,1.0072,1.0148000000000001,1.0255,1.0341,1.0437,1.05,1.0596,1.0682,1.0767,1.0879,1.0972,1.1041,1.1164,1.1296000000000002,1.1380000000000001,1.1451,1.1537,1.1637,1.1751,1.1831,1.1923000000000001,1.2021000000000002,1.211,1.2205000000000001,1.2293,1.2367000000000001,1.2449000000000001,1.2510000000000001,1.2628000000000001,1.2718,1.2807000000000002,1.2896,1.2992000000000001,1.3096,1.3209,1.3284,1.3372000000000002,1.3453000000000002,1.3522,1.3595000000000002,1.3678000000000001,1.3781,1.3916000000000002,1.3999000000000001,1.409,1.4149,1.4264000000000001,1.4363000000000001,1.4426,1.4544000000000001,1.4603000000000002,1.4702000000000002,1.4792,1.4882,1.4984000000000002,1.5052,1.5151000000000001,1.5262,1.5342,1.5464,1.5613000000000001,1.5711000000000002,1.5795000000000001,1.5873000000000002,1.5949,1.6019,1.6093000000000002,1.6214000000000002,1.6318000000000001,1.6473,1.6538000000000002,1.6587,1.6693,1.6873,1.6931,1.7028,1.7146000000000001,1.7207000000000001,1.7283000000000002,1.7344000000000002,1.7415,1.7478,1.7563000000000002,1.7654,1.7761,1.7819,1.7881,1.7976,1.8057,1.8148000000000002,1.8235000000000001,1.8312000000000002,1.8388,1.848,1.8582,1.8679000000000001,1.8754000000000002,1.8891,1.8996000000000002,1.9073,1.9155000000000002,1.9245,1.9333,1.9425000000000001,1.9537,1.9629,1.9739,1.9825000000000002,1.9916,1.9995,2.0082,2.0189,2.0263,2.0356,2.048,2.0561000000000003,2.0647,2.0745,2.0858000000000003,2.0941,2.1001000000000003,2.1072,2.1174,2.1259,2.1345,2.1430000000000002,2.1550000000000002,2.1638,2.1739,2.1864,2.1950000000000003,2.2037,2.213,2.2228,2.2316000000000003,2.2449,2.2538,2.2639,2.2744,2.2821000000000002,2.2974,2.3056,2.3159,2.3289,2.3391,2.3529,2.3618,2.3704,2.3774,2.3842000000000003,2.3944,2.4012000000000002,2.4092000000000002,2.4204000000000003,2.4293,2.4378,2.4481,2.4543,2.4693,2.474,2.4876,2.4958,2.5092000000000003,2.5189,2.5287,2.5437000000000003,2.5509,2.5615,2.5698000000000003,2.5795,2.5881000000000003,2.5966,2.6094,2.6177,2.6249000000000002,2.6367000000000003,2.6485000000000003,2.6572,2.6630000000000003,2.6714,2.6797,2.6903,2.7016,2.7134,2.7263,2.7369000000000003,2.7475,2.7563,2.7635,2.7753,2.7841,2.7941000000000003,2.8047,2.8120000000000003,2.8213,2.8276000000000003,2.8357,2.846,2.8559,2.8664,2.8748,2.8837,2.8928000000000003,2.9015,2.9135,2.9233000000000002,2.9317,2.9396,2.9447,2.9528000000000003,2.967,2.9758,2.9864,2.9925,3.0017,3.0148,3.0234,3.0325,3.0398,3.0499,3.0563000000000002,3.0625,3.0725000000000002,3.0813,3.0981,3.1044,3.1159000000000003,3.1238,3.1335,3.1425,3.1489000000000003,3.1577,3.1662000000000003,3.1799,3.1885000000000003,3.1971000000000003,3.2092,3.2173000000000003,3.2287000000000003,3.2387,3.2522,3.2606,3.2715,3.2816,3.2897000000000003,3.297,3.3077,3.3124000000000002,3.3275,3.3348,3.3448,3.3529,3.3615000000000004,3.3732,3.3806000000000003,3.3913,3.3993,3.4135,3.4214,3.4337,3.4404000000000003,3.4492000000000003,3.4629000000000003,3.4701,3.4809,3.4972000000000003,3.507,3.5161000000000002,3.524,3.5363,3.5502000000000002,3.5586,3.5685000000000002,3.5754,3.5829,3.5901,3.5997000000000003,3.6097,3.6188000000000002,3.6287000000000003,3.6396,3.6486,3.6601000000000004,3.6673,3.6783,3.6868000000000003,3.6945,3.7012,3.7087000000000003,3.7169000000000003,3.7261,3.736,3.744,3.7519,3.766,3.7773000000000003,3.7884,3.8018,3.8087,3.817,3.8267,3.8392000000000004,3.8489,3.8572,3.8656,3.8755,3.8872,3.8938,3.9061000000000003,3.9138,3.9209,3.9353000000000002,3.9435000000000002,3.9512,3.9666,3.9728000000000003,3.9819,3.9914,4.0018,4.0102,4.0213,4.0325,4.043200000000001,4.0494,4.0602,4.0701,4.0835,4.094,4.1056,4.115600000000001,4.1219,4.1296,4.136,4.1451
118550:0.0035,0.0149,0.016300000000000002,0.0166,0.0184,0.0199,0.0284,0.0292,0.0322,0.032600000000000004,0.0351,0.0391,0.041800000000000004,0.044500000000000005,0.0453,0.0465,0.0604,0.0609,0.0781,0.093,0.0951,0.10450000000000001,0.10500000000000001,0.1076,0.1087,0.112,0.11470000000000001,0.12350000000000001,0.1388,0.1393,0.1398,0.1463,0.1505,0.1515,0.1618,0.16390000000000002,0.1736,0.18050000000000002,0.1829,0.1854,0.18630000000000002,0.1928,0.196,0.20270000000000002,0.2101,0.22760000000000002,0.2411,0.2444,0.2454,0.2513,0.2667,0.2785,0.2831,0.3053,0.3073,0.3083,0.3295,0.336,0.3402,0.3468,0.34990000000000004,0.35960000000000003,0.3608,0.3667,0.3829,0.3861,0.39530000000000004,0.40130000000000005,0.40230000000000005,0.4048,0.4179,0.4348,0.47140000000000004,0.4773,0.4817,0.4888,0.5012,0.556,0.9582,1.0189000000000001,1.0338,1.0436,1.0543,1.0606,1.0723,1.08,1.1134,1.1158000000000001,1.1181,1.1186,1.1299000000000001,1.1489,1.1646,1.1731,1.1818,1.1882000000000001,1.1961000000000002,1.2172,1.2233,1.2359,1.2474,1.2545000000000002,1.2559,1.2562,1.2599,1.2606000000000002,1.2616,1.2695,1.2836,1.2853,1.2892000000000001,1.2918,1.3341,1.3556000000000001,1.7402000000000002,1.7583,1.7623,1.7677,1.7718,1.7725000000000002,1.7810000000000001,1.7993000000000001,1.8052000000000001,1.8107,1.8135000000000001,1.8164,1.8213000000000001,1.8254000000000001,1.8257,1.8288,1.8442,1.8559,1.8617000000000001,1.8652000000000002,1.8692000000000002,1.9109,1.9155000000000002,1.9255,1.9298000000000002,1.9529,1.9557,1.9676,1.9762000000000002,1.9898,1.9918,1.9994,2.004,2.0115000000000003,2.0311,2.0315000000000003,2.0331,2.0432,2.0656,2.0792,2.0832,2.0946000000000002,2.1262000000000003,2.1342000000000003,2.1472,2.1693000000000002,2.5075000000000003,2.5953,2.6119000000000003,2.6297,2.6302000000000003,2.6462000000000003,2.6487000000000003,2.6598,2.6608,2.6627,2.6646,2.6655,2.6664000000000003,2.6694,2.6715,2.6765000000000003,2.6866000000000003,2.6883,2.7051000000000003,2.7087000000000003,2.7128,2.7152000000000003,2.7198,2.7319,2.7337000000000002,2.7343,2.7434000000000003,2.7443,2.7457000000000003,2.7532,2.7568,2.7597,2.7720000000000002,2.7845,2.7909,2.794,2.795,2.7967,2.7994000000000003,2.8019000000000003,2.8061000000000003,2.8075,2.8079,2.8243,2.8285,2.8307,2.831,2.9176,2.9485,3.3436000000000003,3.3822,3.3891,3.4152,3.4273000000000002,3.43,3.4426,3.4490000000000003,3.4709000000000003,3.4815,3.4956,3.4958,3.5077000000000003,3.5105,3.5209,3.5225,3.5399000000000003,3.5469000000000004,3.555,3.5558,3.5645000000000002,3.573,3.5737,3.5827,3.583,3.603,3.613,3.6140000000000003,3.6424000000000003,3.657,3.6863,3.7142000000000004,4.0522,4.1144,4.1403
118796:0.0699,0.1443,0.19920000000000002,0.2936,0.334,0.3694,0.4428,0.47040000000000004,0.5174,0.6148,0.659,0.6738000000000001,0.6969000000000001,0.8748,0.8897,0.9197000000000001,0.9743,1.2041,1.323,1.4349,1.5012,1.5548000000000002,1.574,1.6217000000000001,1.6669,1.7467000000000001,1.9401000000000002,1.9881000000000002,2.124,2.2093000000000003,2.2789,2.3038000000000003,2.311,2.362,2.4549000000000003,2.476,2.5449,2.5615,2.7197,2.7829,2.8117,2.8676,2.9726000000000004,2.9954,3.0217,3.1194,3.1430000000000002,3.1778,3.2526,3.3057000000000003,3.3354000000000004,3.5669,3.7211000000000003,3.8003,3.8296,3.8663000000000003,3.9709000000000003,3.991,4.1035
118810:0.0898,0.2803
118933:0.0877,0.4949,0.5145000000000001,0.5424,0.5613,0.5852,0.6009,0.6195,0.6418,0.659,0.6682,0.6828000000000001,0.6977,0.7202000000000001,0.7356,0.7512000000000001,0.7616,0.7763,0.7916000000000001,0.8053,0.8233,0.8392000000000001,0.8497,0.8672000000000001,0.8785000000000001,0.8902,0.9055000000000001,0.9195000000000001,0.9316000000000001,0.9487000000000001,0.9624,0.9820000000000001,0.9978,1.0222,1.0411000000000001,1.0623,1.1012,1.197,1.2813,1.3012000000000001,1.3315000000000001,1.3478,1.3702,1.3853,1.4088,1.4221000000000001,1.4339000000000002,1.4474,1.4693,1.478,1.4913,1.5127000000000002,1.5303,1.5469000000000002,1.5635000000000001,1.5841,1.6013000000000002,1.6192,1.6334000000000002,1.6466,1.6607,1.6758000000000002,1.6924000000000001,1.7041000000000002,1.7305000000000001,1.7514,1.7629000000000001,1.814,2.0809,2.1081000000000003,2.1336,2.1635,2.1807000000000003,2.1897,2.2009000000000003,2.2193,2.2301,2.2447,2.2596000000000003,2.275,2.2858,2.2971,2.3126,2.3292,2.3465000000000003,2.3584,2.3706,2.3852,2.3967,2.4130000000000003,2.4238,2.4405,2.4512,2.4679,2.4794,2.4970000000000003,2.517,2.5374000000000003,2.5522,2.5762,2.6003000000000003,2.6531000000000002,2.7296,2.8819000000000004,2.9153000000000002,2.9303000000000003,2.9499,2.9687,2.98,2.9972000000000003,3.0151000000000003,3.0260000000000002,3.0398,3.0574000000000003,3.0743,3.0902000000000003,3.1037000000000003,3.1224000000000003,3.1384000000000003,3.1528,3.1602,3.1733000000000002,3.1882,3.2019,3.2169000000000003,3.2295000000000003,3.2455000000000003,3.2628000000000004,3.2776,3.2908,3.3087,3.3245,3.3392,3.3556000000000004,3.3649,3.3924000000000003,3.4401,3.6605000000000003,3.6854,3.7036000000000002,3.7246,3.7447000000000004,3.7590000000000003,3.7763,3.7847000000000004,3.8034000000000003,3.8155,3.8360000000000003,3.8479,3.8594000000000004,3.8728000000000002,3.8861000000000003,3.8969,3.9102,3.9228,3.9429000000000003,3.9546,3.972,3.9866,3.9983000000000004,4.0118,4.0275,4.0378,4.0534,4.0760000000000005,4.0948,4.1083,4.1263000000000005
119032:0.5806,0.6022000000000001,0.6359,0.6702,0.7959,0.8612000000000001,0.8813000000000001,0.9145000000000001,0.9366000000000001,1.0407,1.3614000000000002,1.3737000000000001,1.4080000000000001,1.443,1.4751,1.5638,1.58,1.6099,1.6305,1.6969,1.741,2.1365000000000003,2.1686,2.2201,2.2562,2.291,2.322,2.3967,2.4650000000000003,2.5062,2.5506,2.9739,3.0066,3.0234,3.0409,3.0697,3.111,3.1444,3.1638,3.1892,3.2301,3.2698,3.407,3.74,3.7658,3.8089000000000004,3.8426,3.8614,3.8853,3.9216,3.9337,3.9582,3.9902,4.0185,4.0429,4.0632,4.0998
119036:0.0304,0.0609,0.0921,0.1179,0.1439,0.1716,0.2071,0.23040000000000002,0.253,0.2859,0.31570000000000004,0.34400000000000003,0.38580000000000003,0.4237,0.45270000000000005,0.55,1.1228,1.1454,1.1836,1.2164000000000001,1.2441,1.2952000000000001,1.8203,1.851,1.8818000000000001,1.9124,1.9461000000000002,1.9795,2.0148,2.0646,2.6023,2.6376,2.672,2.7038,2.7446,2.7696,2.7946,2.8276000000000003,2.8664,3.4281,3.4632,3.4969,3.5347,3.577,3.6102000000000003
119242:0.09290000000000001,0.17980000000000002,0.45220000000000005,1.9568,2.7781000000000002,3.4974000000000003,3.5659
119298:0.4046,1.8605,3.5601000000000003,3.6586000000000003
119331:0.0012000000000000001,0.0095,0.027100000000000003,0.0441,0.053000000000000005,0.055900000000000005,0.0688,0.0709,0.0755,0.0863,0.09910000000000001,0.1029,0.1046,0.1057,0.10650000000000001,0.11610000000000001,0.1208,0.1221,0.1282,0.1341,0.1343,0.1464,0.151,0.15280000000000002,0.1671,0.1704,0.1797,0.1822,0.2119,0.21230000000000002,0.21380000000000002,0.21400000000000002,0.2214,0.22390000000000002,0.23750000000000002,0.2441,0.25020000000000003,0.2558,0.2621,0.2634,0.2679,0.27240000000000003,0.2736,0.28090000000000004,0.2844,0.2917,0.2934,0.3116,0.3215,0.3267,0.3276,0.34500000000000003,0.3568,0.3572,0.36200000000000004,0.3637,0.3685,0.3836,0.3854,0.3932,0.397,0.3977,0.4015,0.41000000000000003,0.4174,0.4197,0.4232,0.45020000000000004,0.4753,0.47790000000000005,0.49210000000000004,0.5115000000000001,0.5574,0.5884,0.9957,1.0015,1.0516,1.0544,1.0583,1.0889,1.0937000000000001,1.1024,1.1294,1.1318000000000001,1.1389,1.1413,1.1484,1.1507,1.1546,1.1596,1.1647,1.1887,1.2088,1.2111,1.2129,1.2169,1.2174,1.2247000000000001,1.2535,1.2708000000000002,1.2861,1.2927,1.3076,1.3209,1.3484,1.3653,1.3831,1.3911,1.6996,1.7182000000000002,1.7411,1.7541,1.7554,1.7689000000000001,1.7723,1.7805000000000002,1.7919,1.8005,1.8014000000000001,1.8076,1.8194000000000001,1.8331000000000002,1.8336000000000001,1.8448,1.8465,1.8491000000000002,1.8531000000000002,1.8569,1.8646,1.8687,1.8739000000000001,1.8828,1.8924,1.8952,1.8968,1.9043,1.9154,1.9173,1.9466,1.9572,1.9592,1.9727000000000001,1.9733,1.9761000000000002,1.9809,1.9961,2.0196,2.0279000000000003,2.0355000000000003,2.0366,2.0373,2.0418000000000003,2.0609,2.0643000000000002,2.0682,2.0695,2.0785,2.0798,2.0886,2.0993,2.1376,2.1394,2.1462,2.1790000000000003,2.503,2.5207,2.5248,2.5564,2.5625,2.5682,2.5755000000000003,2.5772,2.5812,2.6294,2.6344000000000003,2.6374,2.6528,2.6644,2.6754000000000002,2.6796,2.6806,2.6866000000000003,2.6909,2.6969000000000003,2.7036000000000002,2.7147,2.7172,2.7176,2.7218,2.7241,2.7365,2.7398000000000002,2.7454,2.7523,2.7590000000000003,2.7617000000000003,2.7669,2.7751,2.8028,2.8063000000000002,2.8099000000000003,2.8137000000000003,2.8141000000000003,2.8181000000000003,2.8246,2.8261000000000003,2.8339000000000003,2.8344,2.8384,2.8435,2.8491,2.854,2.8585000000000003,2.865,2.8679,2.8793,2.8988,2.9019,2.9051,2.9423000000000004,2.9432,3.3497000000000003,3.3522000000000003,3.4168000000000003,3.4248000000000003,3.4253,3.4423000000000004,3.4506,3.4527,3.4573,3.4771,3.4923,3.5009,3.5056000000000003,3.5078,3.5124,3.5215,3.5423,3.5567,3.5648,3.5702000000000003,3.5707,3.5784000000000002,3.583,3.5886,3.5931,3.5942000000000003,3.5959000000000003,3.6037000000000003,3.6054000000000004,3.6074,3.6101,3.6144000000000003,3.6237000000000004,3.6399000000000004,3.6691000000000003,3.6747,3.6789,3.7297000000000002,3.7384000000000004,4.0546,4.0994,4.1045,4.1177,4.1291,4.1344,4.1494
119476:0.0023,0.013300000000000001,0.030000000000000002,0.033600000000000005,0.0361,0.0557,0.0604,0.061000000000000006,0.0839,0.0878,0.0903,0.0932,0.11080000000000001,0.1325,0.1378,0.1434,0.1912,0.1955,0.1965,0.19970000000000002,0.2003,0.20550000000000002,0.2073,0.22390000000000002,0.22490000000000002,0.22790000000000002,0.2286,0.23470000000000002,0.2426,0.2467,0.2549,0.25880000000000003,0.2654,0.26890000000000003,0.27,0.2879,0.2984,0.316,0.31770000000000004,0.32180000000000003,0.326,0.3345,0.3347,0.3529,0.35700000000000004,0.367,0.3814,0.3922,0.3932,0.39490000000000003,0.3976,0.4061,0.4093,0.41650000000000004,0.4203,0.42360000000000003,0.43060000000000004,0.431,0.45470000000000005,0.45890000000000003,0.4595,0.46900000000000003,0.4838,0.48460000000000003,0.49160000000000004,0.496,0.503,0.5032,0.5127,0.5153,0.5184,0.5312,0.9880000000000001,1.0032,1.0282,1.0413000000000001,1.0667,1.0673000000000001,1.0697,1.0742,1.0753000000000001,1.088,1.089,1.1208,1.1235,1.1432,1.1457000000000002,1.1489,1.1533,1.1559000000000001,1.1591,1.1677,1.1681000000000001,1.1764000000000001,1.1788,1.1792,1.1916,1.1943000000000001,1.2022000000000002,1.2027,1.2039,1.2147000000000001,1.2183000000000002,1.2238,1.2244000000000002,1.2325000000000002,1.2344000000000002,1.2397,1.2405000000000002,1.2505000000000002,1.2531,1.2697,1.2734,1.2791000000000001,1.2814,1.2852000000000001,1.3102,1.3134000000000001,1.3271000000000002,1.3341,1.6662000000000001,1.7506000000000002,1.7542,1.7563000000000002,1.8094000000000001,1.8334000000000001,1.8506,1.8512000000000002,1.8574000000000002,1.8596000000000001,1.8687,1.8780000000000001,1.8957000000000002,1.8992,1.9384000000000001,1.9505000000000001,1.9537,1.9577,1.9608,1.9701000000000002,1.9749,1.9754,1.9768000000000001,1.9776,1.9779,1.9784000000000002,1.9882000000000002,2.0101,2.0158,2.0245,2.0254000000000003,2.0303,2.0406,2.0424,2.0442,2.0456000000000003,2.0488,2.049,2.0507,2.1020000000000003,2.1097,2.1175,2.1253,2.1384000000000003,2.5139,2.5306,2.6039000000000003,2.6311,2.6415,2.6503,2.6603000000000003,2.6642,2.6669,2.6757,2.6786000000000003,2.6838,2.6852,2.6921,2.6929000000000003,2.6961,2.6982,2.7030000000000003,2.7166,2.7233,2.7248,2.7489000000000003,2.7508,2.7534,2.7598000000000003,2.7659000000000002,2.7697000000000003,2.7723,2.778,2.7875,2.7903000000000002,2.7913,2.8025,2.8123,2.8264,2.8307,2.8376,2.8419000000000003,2.8462,2.8466,2.8567,2.8579000000000003,2.8976,2.9001,2.9222,2.9307000000000003,2.9323,3.3189,3.3544,3.3655000000000004,3.3770000000000002,3.3794,3.4121,3.4161,3.4292000000000002,3.4304,3.4344,3.4348,3.4362000000000004,3.448,3.4612000000000003,3.4982,3.5049,3.5384,3.5467,3.5497,3.5561000000000003,3.5588,3.5865,3.5882,3.5981,3.5989,3.6065,3.6185,3.6265,3.6385,3.6441000000000003,3.6601000000000004,3.6699,3.6711,4.0589,4.1043,4.113,4.1389000000000005,4.147600000000001
119887:0.6468,0.6864,0.7163,0.8243,0.8371000000000001,0.8727,0.8884000000000001,1.4778,1.5371000000000001,1.5981,2.3244000000000002,3.0623,3.1644,3.2009000000000003,3.2489000000000003,3.3271,3.8440000000000003,3.8727
120005:0.4596,1.9613,2.6597
120231:0.034800000000000005,0.10490000000000001,0.1608,0.22130000000000002,0.2741,0.29810000000000003,0.3478,0.38220000000000004,1.9693,2.0157000000000003,2.7639,2.8151
120361:0.516,0.6061000000000001,0.6507000000000001,0.671,0.7006,0.7444000000000001,0.7839,0.8144,0.873,0.8901,0.9149,0.9692000000000001,1.3233000000000001,1.3994,1.4337,1.4844000000000002,1.5172,1.5554000000000001,1.6103,1.6262,1.6669,1.7064000000000001,1.7467000000000001,2.1225,2.2073,2.2436000000000003,2.2778,2.3024,2.323,2.3607,2.4395000000000002,2.4557,2.4764,2.5432,2.5620000000000003,2.9304,2.9715000000000003,2.9957000000000003,3.0234,3.0948,3.1233,3.1430000000000002,3.1764,3.2383,3.2549,3.2985,3.3334,3.7209000000000003,3.7836000000000003,3.8032000000000004,3.8280000000000003,3.8646000000000003,3.9210000000000003,3.9691,3.99,4.04,4.1025
120505:0.2582,0.3609,0.6079,0.6368,0.6875,0.7461,0.7942,0.8538,0.9145000000000001,0.9469000000000001,1.0004,1.4075,1.4336,1.4918,1.5452000000000001,1.6053000000000002,1.6544,1.7057,2.1886,2.2283,2.2745,2.3609,2.3917,2.4356,2.4891,2.7876000000000003,2.9782,3.0463,3.0775,3.1348000000000003,3.1806,3.23,3.2814,3.3482000000000003,3.7713,3.8187,3.8924000000000003,3.9564000000000004,4.0062
120570:0.63,0.7983,0.866,1.4105,1.6799000000000002,2.2006,2.3723,2.4379,3.0774000000000004,3.1524,3.2539000000000002,3.8015000000000003,3.8975000000000004,3.9842000000000004
120898:0.0522,0.15460000000000002,0.24380000000000002,0.39390000000000003,0.4757,0.5134000000000001,0.5469,0.5786,0.6104,0.638,0.6732,0.7085,0.7309,0.7571,0.7852,0.8308000000000001,0.8641000000000001,0.8993,0.9394,0.9717,1.0144,1.0374,1.0604,1.106,1.159,1.1961000000000002,1.2372,1.2892000000000001,1.3278,1.3517000000000001,1.3881000000000001,1.4159000000000002,1.4437,1.493,1.524,1.5728,1.6078000000000001,1.6432,1.6698000000000002,1.7166000000000001,1.7431,1.7951000000000001,1.8642,1.9588,2.0166,2.0903,2.1314,2.1714,2.1909,2.2205,2.2576,2.2872,2.3292,2.3727,2.398,2.4264,2.4576000000000002,2.4992,2.5388,2.5573,2.5912,2.6411000000000002,2.7459000000000002,2.8158000000000003,2.8568000000000002,2.9088000000000003,2.9614000000000003,2.9957000000000003,3.0239000000000003,3.0495,3.0935,3.1214,3.1528,3.1931000000000003,3.2227,3.2669,3.2919,3.3222,3.3575000000000004,3.4005,3.4238,3.4615,3.5003,3.5422000000000002,3.588,3.6455,3.6933000000000002,3.7383,3.7705,3.8155,3.8599,3.8989000000000003,3.9343000000000004,3.9641,4.0013000000000005,4.0231,4.0857,4.121
120904:0.017400000000000002,0.0765,0.24450000000000002,0.2771,0.3448,0.40180000000000005,0.4707,0.5084000000000001,1.2141,1.2662,1.7950000000000002,2.0741,2.5915,2.6794000000000002,2.7264,2.7631,2.8167,2.9045,3.4533,3.5803000000000003,3.6787
121009:0.5082,0.5216000000000001,0.5301,0.5324,0.5378000000000001,0.5451,0.5469,0.5696,0.5723,0.5802,0.5811000000000001,0.5865,0.5875,0.6,0.6161,0.6195,0.6221,0.6336,0.6344000000000001,0.6389,0.6556000000000001,0.6659,0.6699,0.6887,0.6921,0.7007,0.7085,0.7151000000000001,0.7154,0.7214,0.7337,0.7403000000000001,0.7443000000000001,0.7481,0.7501,0.7504000000000001,0.7581,0.7781,0.7852,0.7909,0.7925000000000001,0.8161,0.8189000000000001,0.8229000000000001,0.8296,0.8328,0.8349000000000001,0.8428,0.8483,0.8527,0.8603000000000001,0.8623000000000001,0.8738,0.8756,0.879,0.8856,0.9183,0.9199,0.9331,0.9402,0.9409000000000001,0.9472,0.9625,0.9701000000000001,0.9731000000000001,0.9745,0.9778,1.0125,1.0173,1.0375,1.0792000000000002,1.0836000000000001,1.0884,1.0947,1.1721000000000001,1.2684,1.272,1.2822,1.3045,1.3085,1.3095,1.3161,1.3211000000000002,1.3243,1.3267,1.334,1.3378,1.3406,1.359,1.3645,1.3726,1.3757000000000001,1.3807,1.3829,1.3834,1.3859000000000001,1.3886,1.3999000000000001,1.4076,1.4096,1.4146,1.4180000000000001,1.427,1.4282000000000001,1.4383000000000001,1.4446,1.4518,1.4607,1.4624000000000001,1.465,1.4652,1.4769,1.4863000000000002,1.4899,1.4959,1.4967000000000001,1.5047000000000001,1.5089000000000001,1.5230000000000001,1.5608,1.5661,1.5681,1.5710000000000002,1.5902,1.5983,1.5993000000000002,1.6113000000000002,1.6153000000000002,1.6222,1.6258000000000001,1.6283,1.6311,1.6398000000000001,1.647,1.6543,1.6619000000000002,1.6667,1.677,1.6986,1.6997,1.7037,1.7133,1.7392,1.741,1.7455,1.7481,1.75,1.7599,1.7625000000000002,1.7661,1.7912000000000001,1.7963,1.842,2.0511,2.0559000000000003,2.0997,2.1222000000000003,2.1298,2.1323000000000003,2.1632000000000002,2.1645000000000003,2.1671,2.1757,2.1767000000000003,2.1782,2.1824,2.1874000000000002,2.1921,2.2051000000000003,2.2175000000000002,2.2181,2.2196000000000002,2.2199,2.2222,2.2463,2.2508,2.2565,2.258,2.2596000000000003,2.2646,2.2731,2.274,2.2762000000000002,2.2778,2.2897000000000003,2.2946,2.2994,2.2998000000000003,2.3053,2.3102,2.3175,2.3214,2.3373,2.3524000000000003,2.3533,2.3622,2.3678,2.3733,2.3819,2.3865000000000003,2.3869000000000002,2.3874,2.3879,2.3911000000000002,2.3992,2.4023000000000003,2.4051,2.4135,2.4204000000000003,2.4223,2.4238,2.4249,2.4305000000000003,2.4309000000000003,2.4312,2.4357,2.4405,2.4471000000000003,2.4521,2.4616000000000002,2.4621,2.4655,2.4759,2.4779,2.4919000000000002,2.5033000000000003,2.5367,2.5376000000000003,2.5416000000000003,2.5491,2.559,2.5729,2.5958,2.6084,2.6114,2.6226000000000003,2.6498,2.814,2.8418,2.8993,2.9029000000000003,2.9073,2.9141000000000004,2.9472,2.9514,2.9829000000000003,2.9833000000000003,2.9848000000000003,2.9862,2.9906,3.0044,3.0050000000000003,3.0180000000000002,3.0273000000000003,3.0297,3.0336000000000003,3.0342000000000002,3.039,3.0465,3.0472,3.0685000000000002,3.0694000000000004,3.0853,3.0959000000000003,3.101,3.1025,3.109,3.1256,3.1285000000000003,3.1340000000000003,3.1456,3.1531000000000002,3.1619,3.1654,3.1682,3.188,3.2038,3.2085000000000004,3.2089000000000003,3.2538,3.2557,3.2734,3.2908,3.2928,3.2964,3.2987,3.3025,3.3397,3.358,3.3872,3.3882000000000003,3.3974,3.4339,3.4787000000000003,3.4930000000000003,3.5163,3.6589,3.6674,3.6679000000000004,3.6944000000000004,3.7002,3.7134,3.7145,3.7356000000000003,3.7401,3.7453000000000003,3.761,3.7641,3.7659000000000002,3.7746000000000004,3.7755,3.7788000000000004,3.7854,3.7964,3.8037,3.8073,3.8085,3.8135000000000003,3.8301000000000003,3.8408,3.8651,3.8758000000000004,3.8773,3.8983000000000003,3.9001,3.9109000000000003,3.9238000000000004,3.9303000000000003,3.9364000000000003,3.9556,3.9582,3.9869000000000003,4.0128,4.0229,4.0288,4.0322000000000005,4.0397,4.0567,4.057,4.0608,4.0643,4.078,4.0879,4.0889,4.1116,4.1212,4.1299,4.1338,4.1376,4.1453
121196:0.21660000000000001,0.4449,1.1665,1.9255,2.0168,2.7947,3.5476
121261:0.0258,0.054400000000000004,0.07250000000000001,0.0897,0.10250000000000001,0.1211,0.1474,0.17800000000000002,0.1971,0.2169,0.23290000000000002,0.2504,0.2661,0.2803,0.3089,0.33030000000000004,0.3456,0.36160000000000003,0.386,0.40290000000000004,0.4274,0.4536,0.48250000000000004,0.5056,0.5268,1.0734000000000001,1.103,1.1248,1.1672,1.1901000000000002,1.2187000000000001,1.2367000000000001,1.262,1.296,1.3196,1.7268000000000001,1.7549000000000001,1.8219,1.8635000000000002,1.9076000000000002,1.9374,1.9514,1.9647000000000001,1.9821000000000002,2.011,2.0387,2.0654,2.0979,2.5671,2.6399,2.6738,2.6975000000000002,2.7162,2.7312000000000003,2.7453000000000003,2.7695000000000003,2.7802000000000002,2.7968,2.8248,2.8486000000000002,2.8785000000000003,2.9052000000000002,3.3994,3.4289,3.4901,3.5001,3.5260000000000002,3.5540000000000003,3.5656000000000003,3.5815,3.6045000000000003,3.6395,3.7293000000000003,4.125
121531:0.1228,0.4621,1.157,1.9687000000000001,2.7297000000000002,3.5114
121705:0.6251,0.7087,0.8435,0.8941,0.9996,1.4255,2.2352000000000003,2.3142,2.4321,3.0336000000000003,3.1454,3.2055000000000002,3.2853000000000003,3.3618,3.7929000000000004,3.8998000000000004,4.0061
121722:0.11030000000000001,0.1622,0.23140000000000002,0.33290000000000003
121849:0.45170000000000005,0.46290000000000003,0.47350000000000003,0.4862,0.5018,0.5099,0.5175000000000001,0.5244,0.5337000000000001,0.5418000000000001,0.55,0.5596,0.5671,0.5743,0.5831000000000001,0.5907,0.598,0.6047,0.6125,0.6184000000000001,0.6246,0.6304000000000001,0.6373,0.644,0.6505000000000001,0.6575000000000001,0.6636000000000001,0.6698000000000001,0.6773,0.684,0.6900000000000001,0.6958000000000001,0.7032,0.7103,0.7180000000000001,0.7241000000000001,0.7303000000000001,0.7368,0.743,0.7515000000000001,0.7581,0.7646000000000001,0.7715000000000001,0.7776000000000001,0.7849,0.7917000000000001,0.7978000000000001,0.804,0.8114,0.8183,0.8249000000000001,0.8310000000000001,0.8370000000000001,0.8441000000000001,0.8496,0.8551000000000001,0.861,0.8676,0.8759,0.8816,0.8876000000000001,0.8939,0.9007000000000001,0.9075000000000001,0.9141,0.9209,0.9277000000000001,0.9345,0.9402,0.9465,0.9533,0.9595,0.9663,0.9739000000000001,0.9817,0.9889,0.9984000000000001,1.0073,1.0149000000000001,1.022,1.0308,1.0402,1.0488,1.0554000000000001,1.0667,1.0773000000000001,1.0868,1.0934000000000001,1.1023,1.1272,1.1396,1.1528,1.1807,1.1916,1.2252,1.2549000000000001,1.2654,1.2745,1.2861,1.2964,1.3044,1.31,1.3201,1.3289,1.3369,1.3462,1.3523,1.3615000000000002,1.3678000000000001,1.3738000000000001,1.3800000000000001,1.3875,1.3940000000000001,1.4008,1.4074,1.413,1.4211,1.427,1.4333,1.4411,1.4499,1.457,1.4641000000000002,1.4709,1.4782000000000002,1.4845000000000002,1.4928000000000001,1.5006000000000002,1.5066000000000002,1.5130000000000001,1.5221,1.5285,1.5352000000000001,1.5419,1.5495,1.5563,1.5622,1.5687,1.5756000000000001,1.5838,1.5912000000000002,1.5982,1.6045,1.6107,1.6168,1.6234000000000002,1.6302,1.6377000000000002,1.6455000000000002,1.6521000000000001,1.6584,1.6655,1.6727,1.6800000000000002,1.6873,1.6942000000000002,1.7009,1.709,1.7166000000000001,1.7241000000000002,1.73,1.7384000000000002,1.7466000000000002,1.7533,1.7633,1.7751000000000001,1.7901,1.7990000000000002,1.8139,1.8236,1.84,2.0174000000000003,2.0356,2.0514,2.0625,2.0731,2.0808,2.092,2.1018,2.1084,2.1164,2.1235,2.1322,2.1394,2.1469,2.1563,2.1625,2.1699,2.1775,2.1846,2.1906000000000003,2.1973000000000003,2.2046,2.2119,2.2190000000000003,2.2256,2.232,2.2389,2.2452,2.2508,2.2567,2.2624,2.2698,2.2759,2.2819000000000003,2.2881,2.2948,2.3015000000000003,2.3075,2.3154,2.3225000000000002,2.3298,2.3386,2.3446000000000002,2.3508,2.3563,2.3635,2.369,2.3757,2.3821000000000003,2.3886000000000003,2.3952,2.4019,2.4093,2.4173,2.423,2.4279,2.4339,2.4404,2.4475000000000002,2.4542,2.4608000000000003,2.4677000000000002,2.4742,2.4814000000000003,2.4879000000000002,2.4947,2.5014000000000003,2.5097,2.5162,2.5238,2.5306,2.5374000000000003,2.5436,2.5499,2.5596,2.5669,2.5744000000000002,2.583,2.5918,2.6038,2.6168,2.632,2.6453,2.8123,2.827,2.8433,2.8572,2.8654,2.8795,2.8912,2.9035,2.9116,2.9191000000000003,2.9267000000000003,2.9379,2.9457,2.9532000000000003,2.9595000000000002,2.9658,2.9721,2.9796,2.9872,2.9939,3.0014000000000003,3.0088000000000004,3.0176000000000003,3.0243,3.0311000000000003,3.0372000000000003,3.0442,3.0506,3.0574000000000003,3.0647,3.0713000000000004,3.0773,3.0829,3.0911,3.0995000000000004,3.1063,3.1141,3.1208,3.1291,3.1348000000000003,3.1429,3.1489000000000003,3.1546000000000003,3.1611000000000002,3.1673,3.1743,3.1817,3.1884,3.1957,3.2019,3.2081,3.2145,3.222,3.2277,3.2339,3.2403,3.2472000000000003,3.2541,3.2598000000000003,3.266,3.2719,3.2777000000000003,3.2833,3.2892,3.2958000000000003,3.3012,3.3073,3.3162000000000003,3.3222,3.3282000000000003,3.334,3.3414,3.3478000000000003,3.3566000000000003,3.3711,3.378,3.3871,3.3952,3.4025000000000003,3.4123,3.4247,3.4371,3.4502,3.4699,3.5016000000000003,3.5379,3.5705,3.6089,3.6225,3.6358,3.6464000000000003,3.6567000000000003,3.6639000000000004,3.6725000000000003,3.6826000000000003,3.6909,3.7009000000000003,3.7095000000000002,3.7185,3.7253000000000003,3.7329000000000003,3.7386000000000004,3.7464000000000004,3.7526,3.7593,3.7651000000000003,3.7712000000000003,3.7784,3.7852,3.7919,3.7985,3.8067,3.8152000000000004,3.8217000000000003,3.8280000000000003,3.8354000000000004,3.8421000000000003,3.8507000000000002,3.8565,3.8646000000000003,3.8717,3.8779000000000003,3.8839,3.8902,3.8973,3.9046000000000003,3.9121,3.9182,3.9254000000000002,3.9324000000000003,3.9389000000000003,3.9464,3.9525,3.9588,3.968,3.9746,3.98,3.9869000000000003,3.9944,4.0008,4.0071,4.013,4.019,4.0292,4.035,4.0412,4.0485,4.0567,4.0639,4.0713,4.0773,4.0839,4.0944,4.1005,4.1081,4.114,4.1242,4.1325,4.1411
122092:0.019100000000000002,0.0267,0.0845,0.1739,0.2024,0.2398,0.2968,0.3437,0.4172,0.46730000000000005,1.24,1.2536,1.9374,1.9894,2.0427,2.6882,2.7537000000000003,2.7903000000000002,2.8357
122283:0.17930000000000001,1.9069,2.6673,2.7927
122294:0.6398,2.2219,2.3436,3.7774
122790:1.0294,1.2710000000000001,1.3503,1.7066000000000001,1.7856,2.5975,2.8934,3.4174
122840:0.0155,0.0279,0.0415,0.054200000000000005,0.0688,0.0849,0.09920000000000001,0.11460000000000001,0.1291,0.1422,0.15560000000000002,0.1638,0.1761,0.1895,0.2025,0.2155,0.22940000000000002,0.24250000000000002,0.2614,0.2722,0.2886,0.3029,0.32,0.33440000000000003,0.3486,0.3647,0.38270000000000004,0.39840000000000003,0.41550000000000004,0.43,0.44480000000000003,0.46190000000000003,0.4752,0.4932,0.5057,0.534,0.6138,1.0264,1.042,1.0533000000000001,1.0633000000000001,1.0766,1.0974000000000002,1.1197000000000001,1.1328,1.1444,1.1563,1.1751,1.1905000000000001,1.2095,1.2233,1.2359,1.2468000000000001,1.2626000000000002,1.2786,1.2925,1.3158,1.3305,1.344,1.3542,1.728,1.7527000000000001,1.7762,1.7969000000000002,1.8168000000000002,1.8355000000000001,1.8472000000000002,1.8611000000000002,1.8767,1.8912,1.9058000000000002,1.9164,1.9359000000000002,1.9485000000000001,1.9624000000000001,1.9773,1.9918,2.0066,2.0266,2.0408,2.0509,2.0618000000000003,2.0775,2.0874,2.1039,2.1428000000000003,2.1602,2.5622000000000003,2.571,2.5895,2.6132,2.6281000000000003,2.6432,2.6622000000000003,2.6814,2.6934,2.7104,2.7223,2.7414,2.7523,2.7689,2.7827,2.7953,2.8063000000000002,2.8189,2.8324000000000003,2.8448,2.8583000000000003,2.8737,2.8959,2.9295,2.9484000000000004,2.9629000000000003,3.3760000000000003,3.4099000000000004,3.4352,3.4484000000000004,3.4639,3.4795000000000003,3.4955000000000003,3.5135,3.5286,3.5416000000000003,3.5542000000000002,3.5732000000000004,3.5848,3.6013,3.6195000000000004,3.6342000000000003,3.6503,3.6632000000000002,3.6787,3.6974,3.7542,4.115600000000001,4.1247,4.1432
122882:0.7193,0.7418,0.776,0.7879,0.8096,0.8412000000000001,0.8566,0.9215000000000001,1.4519,1.4784000000000002,1.5117,1.532,2.2908,2.3253,2.3679,2.3836,2.4058,2.4436,2.4748,2.4863,2.4921,3.1151,3.1500000000000004,3.2009000000000003,3.2249000000000003,3.2350000000000003,3.3052,3.8637,3.9465000000000003
122896:3.7459000000000002
122969:0.039,0.1193,0.1532,0.2386,0.2726,0.3134,0.3748,0.4036,0.4313,0.4883,0.6778000000000001,0.7187,0.7482000000000001,0.7768,0.7866000000000001,0.8158000000000001,0.8414,0.8549,0.914,0.927,1.2257,1.2702,1.4258000000000002,1.4515,1.4847000000000001,1.5139,1.5319,1.6439000000000001,1.8522,1.8624,1.9311,1.9955,2.2270000000000003,2.2609,2.2938,2.3268,2.3671,2.3883,2.4045,2.4419,2.4619,2.4785,2.4931,2.6723000000000003,2.7543,2.7760000000000002,2.8297000000000003,2.8463000000000003,3.0464,3.1125000000000003,3.1248,3.1521000000000003,3.1943,3.2258,3.2467,3.2743,3.307,3.3536,3.5399000000000003,3.6034,3.6207000000000003,3.6495,3.835,3.8643,3.9245,3.9486000000000003,3.9806000000000004,4.0341000000000005
123036:0.0502,0.895,1.5811000000000002,2.3667000000000002,3.0831,3.1444,3.871,3.9933
123055:0.006500000000000001,0.013000000000000001,0.0217,0.0309,0.0357,0.0415,0.047,0.0551,0.060500000000000005,0.0665,0.0732,0.0825,0.0886,0.0944,0.10060000000000001,0.1072,0.1125,0.11860000000000001,0.1245,0.1305,0.1411,0.1469,0.15710000000000002,0.1632,0.169,0.17400000000000002,0.185,0.1912,0.1975,0.2034,0.2096,0.2156,0.22460000000000002,0.2338,0.2393,0.2484,0.2536,0.259,0.2645,0.2702,0.2826,0.28900000000000003,0.2962,0.30510000000000004,0.3104,0.31670000000000004,0.3265,0.33340000000000003,0.33940000000000003,0.3463,0.3522,0.3587,0.3649,0.37220000000000003,0.37820000000000004,0.38480000000000003,0.3945,0.4,0.4057,0.4121,0.41910000000000003,0.4253,0.4318,0.43810000000000004,0.4499,0.45780000000000004,0.4645,0.4712,0.4791,0.4888,0.4974,0.5075000000000001,0.5147,0.5207,0.5273,0.5368,0.5617,0.5812,0.5910000000000001,0.6042000000000001,0.9673,0.9987,1.0083,1.0161,1.024,1.0317,1.0417,1.0493000000000001,1.0569,1.0647,1.0717,1.0805,1.0911,1.0999,1.1078000000000001,1.1149,1.1218000000000001,1.1320000000000001,1.1385,1.1452,1.1516,1.1616,1.1672,1.1728,1.1799,1.1861000000000002,1.1957,1.2009,1.2066000000000001,1.2171,1.2275,1.2366000000000001,1.2418,1.2523,1.2601,1.2722,1.2778,1.2852000000000001,1.2930000000000001,1.3102,1.3214000000000001,1.3315000000000001,1.3385,1.3453000000000002,1.3555000000000001,1.3749,1.3951,1.7058,1.7120000000000002,1.7201000000000002,1.7282000000000002,1.7411,1.7530000000000001,1.7610000000000001,1.7695,1.7779,1.7869000000000002,1.7939,1.8069000000000002,1.8134000000000001,1.822,1.8331000000000002,1.8394000000000001,1.8458,1.8533000000000002,1.8588,1.8646,1.8709,1.8807,1.8876000000000002,1.8938000000000001,1.9062000000000001,1.9128,1.9196000000000002,1.9345,1.9412,1.9480000000000002,1.9534,1.9593,1.965,1.9741000000000002,1.9818,1.9879,1.9953,2.0023,2.012,2.0181,2.0251,2.0319000000000003,2.0425,2.0531,2.0608,2.068,2.0764,2.0846,2.093,2.0997,2.115,2.1259,2.1374,2.1447000000000003,2.1528,2.1731000000000003,2.2014,2.512,2.5196,2.5318,2.5481000000000003,2.5547,2.561,2.5703,2.5797000000000003,2.5884,2.6013,2.6096,2.617,2.6247000000000003,2.6321000000000003,2.6383,2.6453,2.6534,2.6588000000000003,2.6668000000000003,2.6743,2.681,2.6873,2.692,2.7016,2.7084,2.7144,2.72,2.7258,2.7349,2.7411000000000003,2.7481,2.7546,2.7613000000000003,2.7668,2.7731000000000003,2.7828,2.7894,2.8001,2.8058,2.8113,2.821,2.8262,2.8321,2.8379000000000003,2.8438000000000003,2.8522000000000003,2.8611,2.8758000000000004,2.8842000000000003,2.894,2.9011,2.9136,2.9237,2.9369,2.951,3.3251,3.3456,3.353,3.3625000000000003,3.3711,3.3806000000000003,3.4031000000000002,3.4086000000000003,3.4153000000000002,3.4294000000000002,3.4368000000000003,3.4444000000000004,3.4513000000000003,3.4623000000000004,3.4684000000000004,3.474,3.4810000000000003,3.4872,3.4937,3.4998,3.5108,3.5173,3.523,3.5291,3.5365,3.5433000000000003,3.5505,3.5566,3.5669,3.5723000000000003,3.5775,3.5839000000000003,3.5899,3.5963000000000003,3.6033000000000004,3.6115000000000004,3.6228000000000002,3.6295,3.6362,3.6426000000000003,3.6558,3.6647000000000003,3.6728,3.6885000000000003,3.6948000000000003,3.7194000000000003,3.736,3.7487000000000004,4.0642000000000005,4.0724,4.0872,4.103400000000001,4.109500000000001,4.1161,4.1248000000000005,4.1341,4.1425
123104:0.0419,0.0825,0.11850000000000001,0.1612,0.195,0.2303,0.27990000000000004,0.3209,0.3514,0.3961,0.43860000000000005,1.1486,1.1933,1.2388000000000001,1.8403,1.8852,1.9184,1.9555,1.991,2.0477000000000003,2.6435,2.6928,2.7281,2.7641,2.8106,3.4769,3.5288000000000004,3.5619
123531:0.029400000000000003,0.0557,0.08220000000000001,0.11280000000000001,0.1441,0.1705,0.19490000000000002,0.2175,0.2411,0.26980000000000004,0.2918,0.31970000000000004,0.3467,0.3739,0.3987,0.42500000000000004,0.45130000000000003,0.48660000000000003,1.0766,1.1265,1.1526,1.1889,1.2297,1.2497,1.2776,1.8127,1.8435000000000001,1.8759000000000001,1.9039000000000001,1.9293,1.9558,1.9822000000000002,2.0103,2.0463,2.6347,2.6683000000000003,2.696,2.7187,2.7448,2.7661000000000002,2.7876000000000003,2.8171,2.8435,3.4601,3.4924,3.5275000000000003,3.5528,3.5801000000000003,3.6201000000000003
123699:0.5964,0.6863,0.7459,0.8061,0.8477,0.8866,0.9295,1.4166,1.4945000000000002,1.5923,2.2657000000000003,2.3807,2.423,2.4855,2.552,2.9946,3.0859,3.1396,3.2076000000000002,3.2804,3.313,3.7847000000000004,3.8211000000000004,3.894,4.0038
123896:2.3593,2.5012000000000003,3.0336000000000003,3.3572
123901:0.8119000000000001,0.868,1.4318,2.2307,2.4236,2.5153000000000003,3.0771,3.1574,3.2379000000000002
123999:0.031400000000000004,0.06380000000000001,0.0763,0.09680000000000001,0.113,0.1446,0.1636,0.19440000000000002,0.23920000000000002,0.25520000000000004,0.2864,0.3078,0.3553,0.37560000000000004,0.42750000000000005,0.44070000000000004,0.4808,0.522,0.5744,0.6385000000000001,0.68,0.7020000000000001,0.7558,0.794,0.8255,0.8564,0.8949,0.9502,0.9695,1.0435,1.0987,1.1242,1.1468,1.1982000000000002,1.2604,1.2825,1.3186,1.3797000000000001,1.4255,1.4732,1.5221,1.5433000000000001,1.5759,1.6101,1.6431,1.6803000000000001,1.7217,1.7528000000000001,1.7753,1.8689,1.9414,1.9585000000000001,1.9785000000000001,2.0220000000000002,2.0537,2.0981,2.1171,2.168,2.1942,2.2121,2.2547,2.2862,2.3321,2.3601,2.408,2.443,2.4862,2.5327,2.5619,2.6067,2.713,2.7249000000000003,2.7461,2.7723,2.7931,2.8351,2.8582,2.878,2.9127,2.9384,2.9652000000000003,2.9986,3.0197000000000003,3.0713000000000004,3.0974,3.152,3.2007000000000003,3.2256,3.2474000000000003,3.2867,3.3275,3.3445,3.3999,3.4277,3.4637000000000002,3.4957000000000003,3.5092000000000003,3.5249,3.5502000000000002,3.5624000000000002,3.6020000000000003,3.7918000000000003,3.8428,3.8685,3.9109000000000003,3.9693,3.9842000000000004,4.0023,4.028700000000001,4.0614,4.0793,4.1143,4.1365
124296:0.0337,0.1854,0.22560000000000002,0.44,1.1259000000000001,1.1418000000000001,1.1682000000000001,1.8997000000000002,1.9312,2.0116,2.6726,2.696,2.7954000000000003,3.5374000000000003,3.6235000000000004
124615:0.46240000000000003,3.5617
124648:0.5418000000000001,0.5515,0.5593,0.5720000000000001,0.5783,0.5860000000000001,0.5951000000000001,0.5996,0.6072000000000001,0.6142000000000001,0.6203000000000001,0.6282,0.6381,0.6444000000000001,0.65,0.6594,0.666,0.6721,0.6806,0.6867000000000001,0.6941,0.7012,0.7089000000000001,0.7166,0.7235,0.7303000000000001,0.7371000000000001,0.7436,0.7514000000000001,0.7595000000000001,0.7692,0.7789,0.7854,0.7924,0.7991,0.8057000000000001,0.8190000000000001,0.8248000000000001,0.8319000000000001,0.8388,0.8469,0.8567,0.8628,0.8704000000000001,0.8756,0.883,0.889,0.8968,0.9029,0.9087000000000001,0.9173,0.9256000000000001,0.9319000000000001,0.9390000000000001,0.9475,0.9526,0.9594,0.9679000000000001,0.9753000000000001,0.9826,0.9905,1.0048000000000001,1.0138,1.0223,1.0338,1.0426,1.0522,1.0907,1.1032,1.3116,1.3217,1.3388,1.3514000000000002,1.3577000000000001,1.367,1.3751,1.3798000000000001,1.3929,1.401,1.4081000000000001,1.4147,1.4218000000000002,1.427,1.4342000000000001,1.4427,1.4495,1.4573,1.468,1.4755,1.4842,1.4909000000000001,1.5017,1.5095,1.5152,1.5236,1.5301,1.5365,1.5430000000000001,1.5497,1.5585,1.5649000000000002,1.5705,1.5792000000000002,1.5862,1.5934000000000001,1.5995000000000001,1.6075000000000002,1.6143,1.62,1.6271,1.6325,1.6399000000000001,1.6466,1.6538000000000002,1.6611,1.6702000000000001,1.6763000000000001,1.6861000000000002,1.6912,1.6977,1.7041000000000002,1.7121000000000002,1.7171,1.7267000000000001,1.7456,1.7538,1.7665000000000002,1.778,1.7975,2.1097,2.1218,2.1343,2.1398,2.1486,2.1573,2.1681,2.1742,2.1797,2.1858,2.1915,2.1992000000000003,2.2087,2.2151,2.2206,2.2299,2.2383,2.246,2.2516000000000003,2.258,2.2647,2.2705,2.2767,2.2840000000000003,2.2913,2.2988,2.3048,2.3127,2.3199,2.3254,2.3332,2.3416,2.3491,2.3553,2.3669000000000002,2.3764000000000003,2.3829000000000002,2.3932,2.3998,2.4052000000000002,2.4131,2.4232,2.4292000000000002,2.4363,2.4476,2.4546,2.4631000000000003,2.4685,2.4764,2.4822,2.4904,2.4956,2.5046,2.5112,2.5176000000000003,2.5262000000000002,2.5365,2.5431,2.5498000000000003,2.5645000000000002,2.5752,2.5838,2.5955,2.6053,2.9139,2.9235,2.9297,2.9382,2.9469000000000003,2.9561,2.9625000000000004,2.9679,2.9747000000000003,2.9834,2.9896000000000003,2.9984,3.0050000000000003,3.012,3.0184,3.0259,3.0312,3.0382000000000002,3.0478,3.053,3.0623,3.0674,3.073,3.0809,3.0868,3.0938000000000003,3.1025,3.111,3.1171,3.1229,3.1313,3.1377,3.1473,3.1556,3.165,3.1699,3.1749,3.184,3.1912000000000003,3.1972,3.2031,3.2139,3.2268000000000003,3.2333000000000003,3.2407000000000004,3.2486,3.2593,3.2688,3.2759,3.2825,3.2913,3.3002000000000002,3.3084000000000002,3.3174,3.3226,3.3298,3.3358000000000003,3.3416,3.3492,3.3577000000000004,3.3706,3.3785000000000003,3.3864,3.3953,3.4040000000000004,3.4156,3.4263000000000003,3.6763000000000003,3.6849000000000003,3.6946000000000003,3.7023,3.71,3.7204,3.7296,3.7394000000000003,3.7452,3.7532,3.7599,3.7657000000000003,3.7729000000000004,3.7800000000000002,3.7884,3.7936,3.8004000000000002,3.8085,3.8178,3.8286000000000002,3.8374,3.8468,3.8527,3.8585000000000003,3.871,3.8782,3.8855000000000004,3.8926000000000003,3.8996000000000004,3.9062,3.9137000000000004,3.9198000000000004,3.9291,3.9375,3.9451,3.9539,3.9607,3.9698,3.9758,3.9834,3.9914,3.9996,4.0081,4.0158000000000005,4.0217,4.0308,4.0375000000000005,4.0444,4.0577000000000005,4.0647,4.0746,4.0833,4.0920000000000005,4.1000000000000005,4.1069,4.1164000000000005,4.1289,4.1355,4.1435
124938:0.46330000000000005,0.49100000000000005,0.5059,0.5198,0.5382,0.5466,0.5582,0.5720000000000001,0.5826,0.5929,0.6004,0.6118,0.6194000000000001,0.6289,0.6379,0.6467,0.6542,0.6617000000000001,0.6712,0.6807000000000001,0.6876,0.6952,0.7065,0.7141000000000001,0.7218,0.7313000000000001,0.7392000000000001,0.7485,0.7583000000000001,0.7662,0.7737,0.781,0.7897000000000001,0.7964,0.8024,0.8103,0.8194,0.8282,0.8356,0.8428,0.8574,0.8649,0.8712000000000001,0.8798,0.8868,0.8944000000000001,0.9024000000000001,0.9119,0.9202,0.9283,0.9430000000000001,0.9532,0.9643,0.9769000000000001,0.9858,0.9941000000000001,1.0079,1.0198,1.0324,1.0486,1.0601,1.0864,1.0986,1.1388,1.1933,1.2563,1.2771000000000001,1.2922,1.3078,1.3287,1.3417000000000001,1.3551,1.3728,1.3834,1.3924,1.4063,1.415,1.4241000000000001,1.4317,1.4415,1.4518,1.4612,1.4703000000000002,1.4791,1.4883000000000002,1.5014,1.5098,1.5166000000000002,1.5272000000000001,1.5428000000000002,1.5513000000000001,1.56,1.5706,1.5933000000000002,1.5995000000000001,1.6076000000000001,1.6183,1.6263,1.6338000000000001,1.6471,1.6561000000000001,1.6637000000000002,1.6755,1.6840000000000002,1.6934,1.7014,1.7121000000000002,1.7278,1.7427000000000001,1.7552,1.7718,1.7878,1.8107,1.8428,2.0584000000000002,2.0782000000000003,2.0918,2.1052,2.1148000000000002,2.1310000000000002,2.1423,2.1597,2.1714,2.1817,2.1919,2.2070000000000003,2.2164,2.2248,2.2326,2.2408,2.2499000000000002,2.2579000000000002,2.2697000000000003,2.2758000000000003,2.2835,2.2929,2.2998000000000003,2.3071,2.3176,2.3258,2.3357,2.3473,2.3544,2.3655,2.3749000000000002,2.3815,2.3944,2.4007,2.4099,2.4193000000000002,2.4292000000000002,2.4364,2.444,2.4519,2.4629000000000003,2.4698,2.4827,2.4966,2.5086,2.5223,2.5334000000000003,2.5426,2.5518,2.561,2.5738000000000003,2.5874,2.5973,2.6388000000000003,2.6506000000000003,2.8565,2.8781000000000003,2.8993,2.9104,2.9196,2.9281,2.9426,2.9566000000000003,2.9659,2.9772000000000003,2.984,2.9952,3.0032,3.0114,3.02,3.0286,3.0372000000000003,3.0483000000000002,3.0556,3.0707,3.0821,3.0914,3.1004,3.1076,3.1205000000000003,3.1308000000000002,3.1382000000000003,3.1479000000000004,3.1552000000000002,3.164,3.1707,3.1773000000000002,3.1857,3.1939,3.2012,3.2103,3.2188000000000003,3.2272000000000003,3.2358000000000002,3.2436000000000003,3.2498,3.2602,3.2686,3.2800000000000002,3.2882000000000002,3.2967,3.3059000000000003,3.3136,3.3209,3.334,3.3435,3.3527,3.3614,3.3717,3.387,3.4133,3.4319,3.4498,3.6162,3.6391,3.6567000000000003,3.6668000000000003,3.6811000000000003,3.6956,3.7079,3.7197,3.7284,3.7423,3.7509,3.7640000000000002,3.7738,3.7805,3.7887000000000004,3.8003,3.8115,3.8199,3.8334,3.8412,3.8495000000000004,3.8559,3.8686000000000003,3.8745000000000003,3.8812,3.8888000000000003,3.9004000000000003,3.911,3.9191000000000003,3.9289,3.9388,3.9520000000000004,3.9621000000000004,3.9699,3.9783000000000004,3.9874,3.9961,4.0038,4.010800000000001,4.020700000000001,4.0313,4.0404,4.049300000000001,4.061100000000001,4.0727,4.0901000000000005,4.0979,4.115200000000001,4.1266,4.1378
125165:0.022600000000000002,0.0334,0.0505,0.0848,0.1037,0.1189,0.1436,0.1698,0.1806,0.1956,0.2104,0.22840000000000002,0.24430000000000002,0.2589,0.2772,0.2874,0.3088,0.3196,0.3371,0.3478,0.3644,0.37420000000000003,0.39230000000000004,0.4027,0.4353,0.45020000000000004,0.4732,1.1952,1.2145000000000001,1.2393,1.2483,1.27,1.8469,1.8937000000000002,1.907,1.9255,1.947,1.9592,1.9684000000000001,1.9811,2.0028,2.0326,2.0671,2.6807000000000003,2.6985,2.7181,2.7312000000000003,2.7501,2.7698,2.7838000000000003,2.8014,2.8152,2.8417000000000003,2.8784,3.5166,3.5335,3.5537,3.5634,3.5804,3.6002,3.6208
125253:0.5449,0.5921000000000001,0.6655,0.7302000000000001,0.8431000000000001,0.9175000000000001,0.9823000000000001,1.2789000000000001,1.32,1.3885,1.4186,1.4784000000000002,1.5933000000000002,1.6438000000000001,1.7007,1.7544000000000002,2.115,2.1684,2.193,2.2277,2.4705,2.5217,2.6046,2.7829,2.9182,2.9508,3.0156,3.071,3.0921000000000003,3.2039,3.2826,3.7368,3.7612,3.8163,3.9097000000000004,3.9508,4.0212,4.0955
125275:0.0188,0.028800000000000003,0.043500000000000004,0.057,0.0819,0.0978,0.11320000000000001,0.1291,0.1504,0.1694,0.1908,0.219,0.2374,0.2565,0.2768,0.2933,0.3059,0.3169,0.35150000000000003,0.3729,0.39940000000000003,0.435,0.45690000000000003,0.4832,1.0712000000000002,1.1131,1.141,1.2008,1.2295,1.2391,1.2573,1.282,1.7989000000000002,1.8535000000000001,1.8664,1.8879000000000001,1.9236000000000002,1.9476,1.9654,2.0048,2.0488,2.6562,2.6733000000000002,2.6954000000000002,2.7115,2.7385,2.7600000000000002,2.7703,2.8001,2.8455,2.8801,3.4639,3.4906,3.5207,3.5623,3.5816000000000003,3.5968,3.6719000000000004
125317:0.3055,0.675,0.7048,0.8936000000000001,1.5703,2.2967,2.5659,3.3388,3.8835
125443:0.61,0.6908000000000001,0.7791,0.8498,0.8937,0.9527,1.3812,1.611,1.7072,2.2172,2.2556000000000003,2.3739,2.4383,3.077,3.1870000000000003,3.2905,3.8999,3.9608000000000003,4.0178,4.0637
125608:0.007500000000000001,0.0223,0.0285,0.0328,0.0342,0.0397,0.0422,0.0436,0.0567,0.0723,0.08460000000000001,0.0854,0.10880000000000001,0.10930000000000001,0.1139,0.127,0.1359,0.1369,0.1395,0.1429,0.1443,0.1459,0.1507,0.1563,0.15860000000000002,0.1626,0.1678,0.1763,0.1799,0.2114,0.22360000000000002,0.23520000000000002,0.24300000000000002,0.2511,0.2641,0.26830000000000004,0.26990000000000003,0.2842,0.2928,0.2936,0.302,0.3275,0.33790000000000003,0.3427,0.3574,0.3729,0.38620000000000004,0.3976,0.4002,0.4061,0.4167,0.4179,0.4248,0.4315,0.4369,0.44070000000000004,0.4439,0.4486,0.45480000000000004,0.4577,0.465,0.4692,0.4761,0.4869,0.4953,0.49910000000000004,0.5121,0.5157,0.5207,0.5389,0.5757,0.9862000000000001,1.026,1.0415,1.0594000000000001,1.107,1.1132,1.1193,1.1321,1.1415,1.1464,1.1695,1.1785,1.1834,1.1873,1.1891,1.1909,1.1921000000000002,1.2003000000000001,1.2086000000000001,1.2143000000000002,1.2239,1.2293,1.2314,1.2318,1.248,1.2521,1.2539,1.2559,1.264,1.2815,1.2931000000000001,1.3031000000000001,1.3124,1.333,1.3441,1.3492,1.7427000000000001,1.7802,1.7809000000000001,1.7853,1.8145,1.8209000000000002,1.8306,1.8334000000000001,1.8425,1.8548,1.8582,1.8685,1.871,1.8842,1.8901000000000001,1.8920000000000001,1.8974000000000002,1.9018000000000002,1.9033,1.9178000000000002,1.9219000000000002,1.9233,1.9279000000000002,1.9282000000000001,1.9286,1.9442000000000002,1.9457,1.9574,1.9581000000000002,1.9637,1.9791,1.9837,1.984,1.9931,1.9944000000000002,2.0023,2.0108,2.0138000000000003,2.0384,2.0658000000000003,2.0753,2.0786000000000002,2.1084,2.1207000000000003,2.1259,2.1283000000000003,2.1644,2.1693000000000002,2.1925,2.5126,2.5242,2.5331,2.5563000000000002,2.5836,2.5851,2.6184000000000003,2.6275,2.654,2.6544000000000003,2.6556,2.6659,2.6799,2.6808,2.6977,2.7083,2.7087000000000003,2.7156000000000002,2.7223,2.726,2.7272000000000003,2.7278000000000002,2.737,2.7433,2.7439,2.7625,2.7666,2.774,2.7746,2.7762000000000002,2.7828,2.7838000000000003,2.8015000000000003,2.8065,2.8078000000000003,2.8261000000000003,2.8498,2.8509,2.8807,2.8904,2.8953,2.9061000000000003,2.9125,2.9296,2.9333,2.9639,2.9671000000000003,3.3183000000000002,3.3760000000000003,3.3899000000000004,3.3956,3.406,3.4094,3.4359,3.4588,3.4722,3.4811,3.4871000000000003,3.4901,3.4909000000000003,3.5086000000000004,3.5228,3.5233000000000003,3.5258000000000003,3.5284,3.5409,3.5568,3.5599000000000003,3.5693,3.5709,3.5719000000000003,3.5731,3.5989,3.5997000000000003,3.6036,3.6231,3.6257,3.6303,3.6476,3.6479000000000004,3.6922,4.0605,4.0923
125781:0.8518,0.9662000000000001,1.4192,2.1927000000000003,2.2760000000000002,2.4248000000000003,3.0857,3.7904
125852:0.0145,0.0351,0.0458,0.0592,0.07300000000000001,0.09620000000000001,0.10980000000000001,0.1228,0.1442,0.1626,0.1743,0.19160000000000002,0.2172,0.2411,0.26980000000000004,0.29350000000000004,0.2998,0.3104,0.33180000000000004,0.3574,0.37820000000000004,0.3869,0.41400000000000003,0.4295,0.43920000000000003,0.453,0.4592,0.46680000000000005,0.4827,0.49350000000000005,0.5134000000000001,0.5296000000000001,0.5404,0.5577,0.5672,0.5807,0.5911000000000001,0.599,0.6122000000000001,0.6244000000000001,0.6319,0.639,0.6483,0.6552,0.665,0.6786,0.6846,0.6960000000000001,0.7079000000000001,0.7142000000000001,0.7282000000000001,0.7372000000000001,0.7519,0.7564000000000001,0.7636000000000001,0.7758,0.7868,0.7923,0.8035,0.8160000000000001,0.8250000000000001,0.8347,0.8421000000000001,0.8496,0.8622000000000001,0.8737,0.8812000000000001,0.8898,0.901,0.91,0.9195000000000001,0.9247000000000001,0.935,0.9475,0.9531000000000001,0.9660000000000001,0.9782000000000001,0.9855,0.9963000000000001,1.0075,1.0190000000000001,1.0301,1.0369000000000002,1.0443,1.0510000000000002,1.0683,1.0788,1.0913000000000002,1.1104,1.1195000000000002,1.1356000000000002,1.1453,1.1543,1.1752,1.1837,1.1976,1.2048,1.2377,1.2529000000000001,1.2707000000000002,1.2864,1.2971000000000001,1.3137,1.3218,1.3298,1.3377000000000001,1.351,1.3609,1.3697000000000001,1.3793,1.3916000000000002,1.4033,1.4116,1.4213,1.4283000000000001,1.4409,1.4577,1.47,1.4793,1.4888000000000001,1.4993,1.5111,1.5236,1.5305,1.5423,1.5477,1.5613000000000001,1.57,1.5776000000000001,1.5908,1.603,1.6098000000000001,1.621,1.6331,1.6445,1.6522000000000001,1.6655,1.6726,1.6860000000000002,1.6937,1.6984000000000001,1.7060000000000002,1.7146000000000001,1.7218,1.7293,1.7387000000000001,1.7487000000000001,1.7610000000000001,1.7732,1.7801,1.7885,1.7978,1.8065,1.8155000000000001,1.8243,1.8363,1.854,1.8616000000000001,1.8839000000000001,1.8952,1.9100000000000001,1.9191,1.9408,1.9518000000000002,1.9866000000000001,2.0006,2.0131,2.0243,2.039,2.0619,2.0687,2.0776,2.0858000000000003,2.0945,2.1022000000000003,2.1197,2.1265,2.1349,2.1434,2.1557,2.1645000000000003,2.174,2.1861,2.1967000000000003,2.2038,2.2141,2.2184,2.2275,2.2333000000000003,2.2446,2.2539000000000002,2.2627,2.2738,2.2824,2.2969,2.3038000000000003,2.3152,2.3292,2.3383000000000003,2.3452,2.3534,2.3600000000000003,2.371,2.3777,2.383,2.395,2.402,2.4076,2.4193000000000002,2.4282,2.4367,2.4482,2.4549000000000003,2.4681,2.4738,2.4792,2.492,2.4979,2.5099,2.5187,2.5297,2.5441000000000003,2.5536000000000003,2.5614000000000003,2.5705,2.579,2.5895,2.6052,2.6144000000000003,2.6253,2.6420000000000003,2.6563000000000003,2.6755,2.6806,2.6909,2.7086,2.7197,2.7385,2.7560000000000002,2.7744,2.7877,2.8121,2.8272,2.8369,2.8467000000000002,2.8568000000000002,2.8671,2.8754,2.8845,2.8929,2.9015,2.9138,2.9234,2.9327,2.9456,2.9529,2.9674,2.9763,2.986,2.9912,3.0041,3.0148,3.0211,3.0318,3.0415,3.0547,3.0638,3.0752,3.08,3.0908,3.0979,3.1051,3.116,3.1221,3.1343,3.1424000000000003,3.1517,3.1637,3.1748000000000003,3.1813000000000002,3.1885000000000003,3.1978,3.2092,3.218,3.2303,3.2347,3.242,3.2507,3.2608,3.2732,3.2797,3.2909,3.2971000000000004,3.3058,3.3118000000000003,3.3268,3.3325,3.3429,3.3531,3.3648000000000002,3.3741000000000003,3.3818,3.3915,3.4003,3.4139000000000004,3.4325,3.4414000000000002,3.4522000000000004,3.4638,3.4764000000000004,3.4844000000000004,3.4975,3.5203,3.5373,3.5513000000000003,3.5595000000000003,3.5733,3.5926,3.6077000000000004,3.629,3.6413,3.6592000000000002,3.6677,3.6849000000000003,3.6955,3.7107,3.7178,3.7262,3.7373000000000003,3.7447000000000004,3.7539000000000002,3.7659000000000002,3.7775000000000003,3.7876000000000003,3.7914000000000003,3.8022,3.8096,3.8151,3.8221000000000003,3.8333000000000004,3.8412,3.849,3.8577000000000004,3.8627000000000002,3.8716000000000004,3.8821000000000003,3.8894,3.8948,3.9059000000000004,3.9134,3.9200000000000004,3.9290000000000003,3.9411,3.9501000000000004,3.9610000000000003,3.9719,3.983,3.9943000000000004,4.0075,4.0198,4.033,4.0403,4.0446,4.0577000000000005,4.0709,4.0831,4.0967,4.1075,4.115600000000001,4.1221000000000005,4.135800000000001,4.1409,4.1492
125875:0.0149,0.026600000000000002,0.0442,0.058100000000000006,0.0766,0.08990000000000001,0.11470000000000001,0.1298,0.14550000000000002,0.1597,0.1734,0.19090000000000001,0.20800000000000002,0.22710000000000002,0.24960000000000002,0.2637,0.276,0.2888,0.31170000000000003,0.3265,0.3412,0.3531,0.37060000000000004,0.38770000000000004,0.40230000000000005,0.42460000000000003,0.4423,0.4534,0.4732,1.1363,1.1537,1.1919,1.2168,1.2316,1.2468000000000001,1.2667000000000002,1.8475000000000001,1.8626,1.8757000000000001,1.8942,1.9086,1.9300000000000002,1.9497,1.9626000000000001,1.9824000000000002,1.998,2.0138000000000003,2.0343,2.0542000000000002,2.6384000000000003,2.6683000000000003,2.6923,2.7052,2.7204,2.7324,2.749,2.7664,2.7794000000000003,2.8033,2.8271,2.8431,3.4767,3.4930000000000003,3.5124,3.532,3.5526,3.5708,3.5882,3.6215
126052:0.0337,0.0742,0.16010000000000002,0.2429,0.44770000000000004,0.5079,0.682,0.7511,0.7801,0.8196,0.8565,0.8974000000000001,0.9357000000000001,0.9662000000000001,1.4763000000000002,1.5241,1.7598,2.0149,2.0486,2.1797,2.2896,2.3842000000000003,2.4034,2.4798,2.4989,2.7179,2.7752000000000003,2.842,3.0145,3.089,3.1389,3.2312000000000003,3.5246,3.789,3.9701000000000004,4.1049
126123:0.5111,0.5479,0.5774,0.6046,0.6327,0.6856,0.7124,0.7732,0.7998000000000001,0.8294,0.8617,0.8908,0.9261,0.9514,0.9751000000000001,1.0247,1.0651000000000002,1.1066,1.2426000000000001,1.2969000000000002,1.3592,1.3725,1.4017000000000002,1.4326,1.4666000000000001,1.4918,1.518,1.5493000000000001,1.5730000000000002,1.6073000000000002,1.6349,1.701,1.7342000000000002,1.8029000000000002,1.9031,2.0107,2.0807,2.1515,2.1846,2.2135000000000002,2.247,2.2805,2.3091,2.3342,2.3602000000000003,2.3898,2.4135,2.4405,2.4601,2.4951000000000003,2.5445,2.5845000000000002,2.7061,2.894,2.9306,2.9684,2.9982,3.0298000000000003,3.0542000000000002,3.0712,3.1020000000000003,3.1422000000000003,3.1639,3.1956,3.2303,3.261,3.3092,3.3498,3.4106,3.4599,3.6457,3.6898,3.7252,3.7635,3.7931000000000004,3.8198000000000003,3.8503000000000003,3.8915,3.922,3.9526000000000003,3.9921,4.0215000000000005,4.0509,4.0822,4.133
126153:0.5865,0.6958000000000001,0.8034,0.9251,1.0101,1.3262,1.3644,1.4101000000000001,1.53,1.5972000000000002,1.6542000000000001,1.7308000000000001,2.2032000000000003,2.3531,2.4194,2.5466,2.9346,3.1462000000000003,3.4167,3.7355,3.7879,3.8898
126527:0.059800000000000006,0.0896,0.17500000000000002,0.2485,0.34650000000000003,0.40090000000000003,0.45180000000000003,1.2935,1.8312000000000002,1.9456,1.9740000000000002,2.0463,2.7078,2.7311,2.7694,3.4166000000000003,3.5153000000000003,3.5615
126599:3.5483000000000002
126604:0.0067,0.012700000000000001,0.0142,0.0164,0.0252,0.031400000000000004,0.0347,0.0409,0.0424,0.056400000000000006,0.06720000000000001,0.0703,0.0736,0.0805,0.0855,0.0882,0.1033,0.10700000000000001,0.1087,0.11270000000000001,0.11610000000000001,0.1321,0.1422,0.14650000000000002,0.1502,0.1794,0.1865,0.1895,0.19140000000000001,0.1918,0.2029,0.2154,0.2172,0.22110000000000002,0.2255,0.2267,0.2298,0.2336,0.2462,0.24750000000000003,0.2484,0.2564,0.2609,0.2625,0.2687,0.27540000000000003,0.2778,0.29450000000000004,0.3105,0.3216,0.32530000000000003,0.3311,0.3345,0.337,0.3386,0.34900000000000003,0.3543,0.368,0.37920000000000004,0.3845,0.3864,0.3987,0.42660000000000003,0.437,0.4431,0.44470000000000004,0.44630000000000003,0.4617,0.4652,0.46940000000000004,0.47150000000000003,0.47390000000000004,0.4777,0.47900000000000004,0.49710000000000004,0.5037,0.5116,0.5119,0.5198,0.52,0.5304,0.5434,0.5508000000000001,0.5860000000000001,0.5883,0.5947,1.0405,1.0421,1.0567,1.0714000000000001,1.0803,1.1189,1.1192,1.1359000000000001,1.1484,1.1604,1.1614,1.1692,1.1804000000000001,1.1824000000000001,1.1922000000000001,1.1987,1.2126000000000001,1.2178,1.2287000000000001,1.2482,1.252,1.2641,1.2650000000000001,1.2754,1.2968,1.3181,1.3373000000000002,1.3698000000000001,1.7107,1.7165000000000001,1.7323000000000002,1.7335,1.7501,1.7513,1.7569000000000001,1.7917,1.8056,1.8497000000000001,1.8528,1.8549,1.8557000000000001,1.8583,1.8635000000000002,1.8704,1.8884,1.8931,1.8972,1.8992,1.9003,1.9092,1.9128,1.9139000000000002,1.9146,1.9280000000000002,1.9312,1.937,1.9372,1.9421000000000002,1.9459000000000002,1.9560000000000002,1.9620000000000002,1.9731,1.9923000000000002,2.0008,2.0057,2.0308,2.0312,2.0405,2.08,2.1108000000000002,2.1157,2.1499,2.1989,2.5053,2.5135,2.5449,2.5958,2.6048,2.6147,2.6197,2.6315,2.6563000000000003,2.6664000000000003,2.6675,2.6758,2.6865,2.6867,2.6897,2.696,2.6968,2.7117,2.7196000000000002,2.7212,2.7228000000000003,2.7262,2.7288,2.7318000000000002,2.7335000000000003,2.7343,2.7404,2.7608,2.7717,2.7761,2.781,2.7945,2.8169,2.8219000000000003,2.8222,2.8356000000000003,2.8697,2.8713,2.8873,2.8883,2.8945000000000003,2.903,3.3263000000000003,3.3446000000000002,3.3699000000000003,3.4035,3.4055,3.4154,3.4214,3.4301000000000004,3.4422,3.443,3.4468,3.4588,3.4612000000000003,3.463,3.4647,3.4677000000000002,3.4793000000000003,3.4805,3.4812000000000003,3.4904,3.4939,3.5118,3.5133,3.5179,3.5198,3.5244,3.5321000000000002,3.5344,3.5536000000000003,3.5569,3.5641000000000003,3.5738000000000003,3.5826000000000002,3.5885000000000002,3.5905,3.5997000000000003,3.6019,3.6075000000000004,3.6258000000000004,3.6435,3.649,3.6583,3.6848,3.7339,3.7439,4.1022,4.1055,4.1427000000000005,4.147600000000001
126635:0.0291,0.0517,0.0815,0.1051,0.1316,0.1574,0.18100000000000002,0.20600000000000002,0.2306,0.2576,0.281,0.3105,0.33430000000000004,0.3568,0.38370000000000004,0.4076,0.43870000000000003,0.4682,0.49620000000000003,1.0731,1.1248,1.1495,1.1772,1.2071,1.2346000000000001,1.2646000000000002,1.2996,1.7916,1.8275000000000001,1.8521,1.8779000000000001,1.9047,1.9311,1.9555,1.9756,2.0051,2.0345,2.0684,2.6323000000000003,2.6595,2.6808,2.7065,2.7293000000000003,2.7514000000000003,2.7784,2.8045,2.8334,2.8604000000000003,2.9056,3.4574000000000003,3.4843,3.5144,3.5404,3.5625,3.5891,3.6208,3.6643000000000003
126782:0.6488,0.6784,0.7138,0.7472000000000001,0.7804,0.7966000000000001,0.8167000000000001,0.8436,0.9032,0.9266000000000001,0.9672000000000001,1.4256,1.4566000000000001,1.4837,1.5167000000000002,1.5352000000000001,1.6407,1.6792,2.2259,2.2581,2.2901000000000002,2.325,2.3664,2.3896,2.4104,2.4449,2.4785,2.4956,3.0378000000000003,3.1024000000000003,3.1232,3.1486,3.1942000000000004,3.2249000000000003,3.2429,3.2742,3.3051000000000004,3.3471,3.8392000000000004,3.8641,3.9151000000000002,3.9668,4.0012,4.0375000000000005
126911:0.6581,0.892,1.5951000000000002,3.1119000000000003,3.2789,3.9788
127062:0.07300000000000001,0.12250000000000001,0.22560000000000002,0.2681,0.3365,0.40340000000000004,0.509,1.2254,2.0500000000000003,2.7373000000000003,2.7731000000000003,2.8252,2.8714,3.5094000000000003,3.5675000000000003,3.6192
127069:0.025900000000000003,0.055200000000000006,0.0635,0.10310000000000001,0.1532,0.18630000000000002,0.24000000000000002,0.2544,0.317,0.35960000000000003,0.4325,0.4439,0.4903,0.6984,0.9542,1.2224000000000002,1.2730000000000001,1.8925,1.9357000000000002,1.9536,2.0133,2.0395000000000003,2.0493,2.1956,2.2892,2.4972000000000003,2.7058,2.7177000000000002,2.7577000000000003,2.7707,2.7915,2.8533,2.8924000000000003,3.0748,3.3395,3.4957000000000003,3.5123,3.5372000000000003,3.5650000000000004,3.9102,4.0185
127088:0.9629000000000001,1.6063,2.2847,3.0791,3.2517,3.3326000000000002,4.0062
127147:0.4555,0.4793,0.48410000000000003,0.4868,0.502,0.5171,0.5413,0.5762,0.5934,0.6015,0.6047,0.6237,0.6399,0.6465000000000001,0.6467,0.6648000000000001,0.6695,0.6863,0.6905,0.7028,0.7057,0.7088,0.7127,0.7271000000000001,0.7307,0.7326,0.7376,0.738,0.7386,0.7446,0.7693,0.7754000000000001,0.7764000000000001,0.786,0.788,0.7883,0.7918000000000001,0.7971,0.8011,0.8198000000000001,0.8462000000000001,0.8465,0.8653000000000001,0.8687,0.8731,0.8763000000000001,0.8832000000000001,0.8837,0.8901,0.8963000000000001,0.9033,0.9047000000000001,0.9059,0.9125000000000001,0.9148000000000001,0.918,0.9376000000000001,0.9447000000000001,0.9460000000000001,0.9542,0.9577,0.9613,0.9685,0.9710000000000001,0.9800000000000001,0.9805,0.9823000000000001,1.0197,1.0435,1.0811,1.0833000000000002,1.0897000000000001,1.0903,1.099,1.1225,1.1633,1.1703000000000001,1.1711,1.1829,1.2561,1.2772000000000001,1.288,1.3021,1.3038,1.3219,1.3306,1.339,1.3571,1.3746,1.3801,1.3823,1.3849,1.3860000000000001,1.389,1.4027,1.4105,1.4115,1.4181000000000001,1.421,1.4443000000000001,1.4571,1.4619,1.4775,1.4806000000000001,1.485,1.4854,1.4994,1.5012,1.5099,1.5150000000000001,1.5273,1.5346,1.5467,1.5492000000000001,1.5498,1.5623,1.5661,1.5769,1.5872000000000002,1.6009,1.6033000000000002,1.6038000000000001,1.6126,1.6237000000000001,1.6314000000000002,1.6353,1.6461000000000001,1.6484,1.6701000000000001,1.6712,1.673,1.6732,1.6747,1.6764000000000001,1.6905000000000001,1.7019000000000002,1.7043000000000001,1.7087,1.7092,1.7182000000000002,1.7213,1.7225000000000001,1.724,1.7457,1.7707000000000002,1.8075,1.8107,1.8126,2.0323,2.0596,2.0941,2.1125000000000003,2.1132,2.1134,2.1167000000000002,2.1352,2.1502,2.1544000000000003,2.1697,2.1745,2.1807000000000003,2.1824,2.1853000000000002,2.1874000000000002,2.2068000000000003,2.2149,2.2161,2.2256,2.2276000000000002,2.2313,2.2322,2.2412,2.2613000000000003,2.2674000000000003,2.2703,2.2766,2.3000000000000003,2.3032,2.3036000000000003,2.3142,2.3168,2.3218,2.3428,2.3481,2.3502,2.3524000000000003,2.3728000000000002,2.3748,2.3802000000000003,2.383,2.3907000000000003,2.3962000000000003,2.398,2.4049,2.4146,2.4192,2.4215,2.4325,2.4343,2.446,2.4502,2.46,2.4624,2.4687,2.4770000000000003,2.4782,2.4795000000000003,2.4813,2.4817,2.4914,2.4930000000000003,2.4954,2.4969,2.5010000000000003,2.511,2.5191000000000003,2.5355000000000003,2.5462000000000002,2.5473000000000003,2.5501,2.5580000000000003,2.5777,2.58,2.5905,2.6134,2.8062,2.8097000000000003,2.8154000000000003,2.8517,2.8524000000000003,2.8829000000000002,2.8863000000000003,2.891,2.9045,2.9085,2.9134,2.9206000000000003,2.9368000000000003,2.9548,2.9583,2.9693,2.9787000000000003,2.9819,2.9821,2.9902,3.0009,3.0054000000000003,3.0086,3.0219,3.0346,3.0447,3.0453,3.0492000000000004,3.0583,3.0672,3.0792,3.0875000000000004,3.0941,3.1015,3.107,3.1082,3.1116,3.119,3.1312,3.1442,3.1459,3.1516,3.1586000000000003,3.1601000000000004,3.1712000000000002,3.1739,3.1787,3.1813000000000002,3.1862000000000004,3.1906000000000003,3.1979,3.1988000000000003,3.2063,3.209,3.2108000000000003,3.226,3.2270000000000003,3.2325000000000004,3.2329000000000003,3.2419000000000002,3.2453000000000003,3.2551,3.2775000000000003,3.2782,3.2826,3.2841,3.2942,3.2968,3.2972,3.3116000000000003,3.3144,3.3203,3.3239,3.3311,3.3349,3.3491,3.3502,3.3961,3.4432,3.4495,3.4782,3.5304,3.6142000000000003,3.6144000000000003,3.6248,3.6549,3.6787,3.6821,3.6942000000000004,3.6965000000000003,3.7108000000000003,3.7243000000000004,3.7342,3.7558000000000002,3.7611000000000003,3.7684,3.7722,3.774,3.7742,3.7747,3.7754000000000003,3.7917,3.7926,3.7929000000000004,3.7967,3.8000000000000003,3.8143000000000002,3.8324000000000003,3.8358000000000003,3.8419000000000003,3.8535000000000004,3.8608000000000002,3.8645,3.8661000000000003,3.8724000000000003,3.8812,3.883,3.8895000000000004,3.8957,3.9078000000000004,3.9178,3.9292000000000002,3.935,3.9648000000000003,3.9691,3.9851,3.9855,3.9949000000000003,4.0025,4.0053,4.0105,4.0143,4.0148,4.0252,4.0323,4.0437,4.0456,4.0536,4.054,4.0617,4.071400000000001,4.0765,4.0844000000000005,4.097700000000001,4.0979,4.0982,4.1078,4.1223,4.1284,4.1356,4.1366000000000005
127734:0.0408,0.0625,0.233,0.251,0.3189,0.3592,0.43210000000000004,0.4423,1.1686,1.2241,1.8815000000000002,1.9333,2.0124,2.0218000000000003,2.7013000000000003,2.7157,2.7641,2.7917,2.853,3.5407,3.5678,3.6247000000000003,3.6667
127891:0.6386000000000001,0.6937,0.7481,0.8454,0.9554,1.445,1.667,2.2207,2.2782,2.3970000000000002,2.5071000000000003,3.0488,3.1106000000000003,3.1839,3.2711,3.9003,3.9602000000000004,4.0213
128144:0.9257000000000001,1.5969,3.1091,3.3116000000000003,3.9894000000000003
128515:0.5059,0.5481,0.5720000000000001,0.5854,0.6229,0.6479,0.6729,0.6932,0.7255,0.7388,0.7584000000000001,0.7914,0.8118000000000001,0.8529,0.8636,0.8809,0.9102,0.9273,0.9433,0.9661000000000001,1.0085,1.0313,1.1291,1.3314000000000001,1.3645,1.379,1.4009,1.4215,1.4415,1.4655,1.478,1.5469000000000002,1.5713000000000001,1.5953000000000002,1.6182,1.6324,1.6567,1.6749,1.6941000000000002,1.73,1.7478,2.111,2.1363000000000003,2.1654,2.1819,2.2003,2.2202,2.2361,2.2598000000000003,2.2797,2.2941000000000003,2.321,2.3458,2.3759,2.3934,2.4113,2.4497,2.4652000000000003,2.4891,2.5059,2.5388,2.5777,2.9211,2.9672,2.9871000000000003,3.0404,3.0574000000000003,3.077,3.1016000000000004,3.1261,3.1419,3.1598,3.1713,3.2049000000000003,3.2295000000000003,3.2511,3.2759,3.3209,3.3416,3.4080000000000004,3.7345,3.7628000000000004,3.7805,3.8034000000000003,3.8261000000000003,3.8631,3.8819000000000004,3.9128000000000003,3.9283,3.9474,3.9614000000000003,3.9741000000000004,3.9864,4.010400000000001,4.027200000000001,4.038600000000001,4.0533,4.0944,4.1309000000000005
128668:0.0869,0.5641,0.6137,0.6839000000000001,0.795,0.8546,0.9172,1.3505,1.5268000000000002,1.5976000000000001,1.623,2.2281,2.2761,2.2929,2.3914,2.4346,2.5524,2.6034,2.7172,3.0314,3.0974,3.1502000000000003,3.2793,3.3139000000000003,3.3302,3.7819000000000003,3.9477,3.9758,4.0269
128756:0.0461,0.0766,0.1159,0.1526,0.1794,0.21760000000000002,0.2882,0.3383,0.3784,0.4166,0.44580000000000003,0.504,0.548,0.6142000000000001,0.6974,0.8001,0.8646,0.9339000000000001,0.9957,1.0744,1.1413,1.1839,1.2212,1.3814,1.4416,1.6167,1.6845,1.7386000000000001,1.7996,1.8438,1.875,1.9053,1.9366,1.9702000000000002,2.0091,2.0406,2.1093,2.1855,2.2248,2.2848,2.3297000000000003,2.3863000000000003,2.4786,2.6368,2.6663,2.6891000000000003,2.7236000000000002,2.7576,2.7911,2.8385000000000002,2.9998,3.111,3.1889000000000003,3.2788,3.4182,3.467,3.5060000000000002,3.5403000000000002,3.5853,3.6267,3.8091000000000004,3.8835,3.9997000000000003,4.0692,4.1496
128837:1.7155,2.3143000000000002,3.9144,4.0806000000000004
129110:0.021400000000000002,0.0522,0.0665,0.0786,0.1004,0.1169,0.1511,0.1792,0.2053,0.2212,0.2411,0.25830000000000003,0.266,0.2741,0.3129,0.331,0.3395,0.38420000000000004,0.3985,0.44680000000000003,0.4884,0.5041,1.1545,1.1819,1.2136,1.2225000000000001,1.2314,1.2712,1.9608,1.9861000000000002,2.0065,2.0354,2.0474,2.6949,2.7179,2.7336,2.7542,2.7675,2.7855000000000003,2.7951,2.8174,2.8329,2.8466,2.8662,2.8949000000000003,3.4918,3.5039000000000002,3.5298000000000003,3.5403000000000002,3.5616000000000003,3.5695,3.5876,3.6117000000000004
129127:0.1296,0.1894,0.3209,0.4001,0.8557,1.5341,1.8574000000000002,1.9329,2.3909000000000002,2.7422,2.8432,3.3075,3.5615,3.6209000000000002
129130:0.6346,0.7038,0.7198,0.7543000000000001,0.8256,0.9028,0.9426,0.9885,1.3516000000000001,1.3842,1.4054,1.4333,1.4505000000000001,1.5124,1.536,1.5552000000000001,1.602,1.6418000000000001,1.7409000000000001,2.2055000000000002,2.3844000000000003,2.4239,2.5777,2.9521,3.0477000000000003,3.0773,3.1315,3.196,3.2141,3.2722,3.301,3.7835,3.8912,3.9134,3.9440000000000004,3.9744,4.0057,4.0603
129595:0.022500000000000003,0.0315,0.0449,0.0538,0.0884,0.09670000000000001,0.1107,0.1325,0.1441,0.16640000000000002,0.18760000000000002,0.2021,0.2197,0.23390000000000002,0.2651,0.2841,0.311,0.3497,0.3819,0.39530000000000004,0.4035,0.4252,0.45690000000000003,0.4963,0.521,1.0678,1.0986,1.1148,1.1312,1.141,1.1526,1.1994,1.216,1.2508000000000001,1.2637,1.3083,1.7970000000000002,1.822,1.8603,1.8780000000000001,1.8976000000000002,1.9134,1.9322000000000001,1.9598,1.9700000000000002,1.9886000000000001,2.0081,2.047,2.0936,2.5805000000000002,2.6247000000000003,2.636,2.6617,2.6863,2.6935000000000002,2.7032000000000003,2.7133000000000003,2.7247000000000003,2.7411000000000003,2.7549,2.7751,2.8002000000000002,2.8169,2.837,2.862,2.9053,3.4313000000000002,3.4614000000000003,3.4821,3.4975,3.5214000000000003,3.5295,3.5455,3.5593000000000004,3.5771,3.5885000000000002,3.633,3.6558
129649:0.8416,0.8752000000000001,2.1972,2.5025,2.5180000000000002,2.9804,3.1447000000000003,3.1844,3.2702,3.2880000000000003,3.3271,3.7655000000000003,3.7847000000000004,3.8183000000000002,3.9403
129654:0.11520000000000001,0.2523,0.31930000000000003,0.42600000000000005,1.2456,1.8532000000000002,1.9265,2.6967000000000003,2.7371000000000003,2.8026,3.5883000000000003
129807:0.2781
130005:2.7125
130068:0.0142,0.018000000000000002,0.0268,0.0335,0.0444,0.054900000000000004,0.0596,0.0708,0.0785,0.0855,0.08940000000000001,0.09340000000000001,0.1082,0.1169,0.1317,0.1408,0.14780000000000001,0.15460000000000002,0.1623,0.1708,0.1761,0.183,0.19,0.19440000000000002,0.19870000000000002,0.21050000000000002,0.2194,0.22870000000000001,0.23900000000000002,0.2457,0.2525,0.2635,0.2716,0.2792,0.2864,0.2917,0.2999,0.3103,0.31520000000000004,0.329,0.3421,0.35550000000000004,0.3594,0.373,0.3834,0.3902,0.39840000000000003,0.4053,0.41340000000000005,0.4268,0.4399,0.445,0.45580000000000004,0.4612,0.46680000000000005,0.4753,0.48550000000000004,0.4954,0.5065000000000001,0.5163,0.5236000000000001,0.5305,0.5403,0.5506,0.5632,0.5703,0.5799000000000001,0.5911000000000001,0.5986,0.6118,0.6293000000000001,0.6566000000000001,0.6656000000000001,0.6832,0.6962,0.7159,0.7298,0.7371000000000001,0.7582,0.7645000000000001,0.7745000000000001,0.7919,0.8026000000000001,0.8165,0.8269000000000001,0.8395,0.8491000000000001,0.8625,0.881,0.8929,0.9071,0.9176000000000001,0.9286000000000001,0.9399000000000001,0.9520000000000001,0.9723,0.9813000000000001,0.9903000000000001,0.9987,1.0106,1.0182,1.03,1.0364,1.0441,1.0507,1.0622,1.0705,1.0817,1.0907,1.0972,1.1065,1.1171,1.1303,1.1393,1.1452,1.1544,1.159,1.1676,1.1775,1.191,1.1952,1.2048,1.2167000000000001,1.2241,1.2342,1.2399,1.2501,1.2614,1.2663,1.2702,1.2816,1.2913000000000001,1.2993000000000001,1.3093000000000001,1.322,1.3301,1.3377000000000001,1.3455000000000001,1.3529,1.3608,1.3693,1.3789,1.3969,1.4089,1.4265,1.4363000000000001,1.4626000000000001,1.4748,1.4824000000000002,1.4982,1.5117,1.5277,1.5412000000000001,1.5546,1.5659,1.5735000000000001,1.5937000000000001,1.6051,1.6216000000000002,1.6322,1.6548,1.6644,1.6727,1.6843000000000001,1.6959000000000002,1.7058,1.7146000000000001,1.722,1.7291,1.7382000000000002,1.7529000000000001,1.76,1.7685000000000002,1.7769000000000001,1.7884,1.7977,1.806,1.8156,1.8244,1.8364,1.8487,1.8595000000000002,1.8656000000000001,1.8762,1.8899000000000001,1.897,1.905,1.9121000000000001,1.9260000000000002,1.9323000000000001,1.9447,1.9508,1.9586000000000001,1.9646000000000001,1.9784000000000002,1.9836,1.9958,2.001,2.0086,2.0163,2.0221,2.0342000000000002,2.043,2.0519000000000003,2.0574,2.0644,2.0757,2.0864000000000003,2.095,2.1055,2.1152,2.1268000000000002,2.1348000000000003,2.1428000000000003,2.1558,2.1643,2.1737,2.1885,2.2006,2.2133000000000003,2.2333000000000003,2.2438000000000002,2.2535000000000003,2.2744,2.2823,2.3008,2.3073,2.3163,2.3284000000000002,2.3501000000000003,2.3559,2.3707000000000003,2.3834,2.3943000000000003,2.4083,2.4205,2.4292000000000002,2.4402,2.4556,2.4675000000000002,2.4751000000000003,2.4918,2.4989,2.5162,2.5295,2.5437000000000003,2.5578000000000003,2.5662000000000003,2.5746,2.5814,2.5898000000000003,2.6049,2.615,2.6251,2.6377,2.6420000000000003,2.6467,2.6581,2.6709,2.6809000000000003,2.6922,2.6971000000000003,2.7052,2.7098,2.7208,2.7341,2.7395,2.75,2.7541,2.7670000000000003,2.7804,2.7847,2.7920000000000003,2.8054,2.8121,2.8217000000000003,2.8287,2.8388,2.8456,2.8515,2.8589,2.8669000000000002,2.8754,2.8844000000000003,2.8931,2.9019,2.9136,2.9235,2.9341,2.9452000000000003,2.9527,2.9668,2.9764,2.9914,3.0027,3.0208,3.0329,3.0409,3.0487,3.0593000000000004,3.0666,3.0775,3.093,3.1023,3.1242,3.1337,3.1429,3.1534,3.1629,3.1692,3.1796,3.1902000000000004,3.2092,3.218,3.2421,3.2501,3.262,3.2847,3.2941000000000003,3.3078000000000003,3.3214,3.3302,3.3433,3.3562000000000003,3.3736,3.3815,3.391,3.3997,3.4141000000000004,3.4322000000000004,3.4417,3.4522000000000004,3.4651,3.4771,3.4841,3.4954,3.504,3.5149000000000004,3.5192,3.5330000000000004,3.5366,3.5532000000000004,3.5578000000000003,3.5703,3.5743,3.5863,3.5909,3.6081000000000003,3.6198,3.6244,3.6286,3.6411000000000002,3.6519000000000004,3.6604,3.6673,3.6796,3.6878,3.7,3.7092,3.7174,3.7258,3.7376,3.7493000000000003,3.7560000000000002,3.7654,3.7796000000000003,3.7894,3.8017000000000003,3.8093000000000004,3.8190000000000004,3.8406000000000002,3.8482000000000003,3.8705000000000003,3.8811,3.8902,3.8989000000000003,3.9173,3.9239,3.9429000000000003,3.9522000000000004,3.9733,3.987,3.9977,4.0071,4.0186,4.0408,4.0471,4.0618,4.0731,4.083,4.1058,4.1158,4.122,4.129700000000001,4.1383,4.149
130110:0.2802
130139:0.0626,0.1228,0.1748,0.30860000000000004,0.3758,1.2404000000000002,2.753,3.6017
130297:0.0247,0.0374,0.0517,0.059000000000000004,0.0659,0.0753,0.08750000000000001,0.1246,0.1335,0.1484,0.16640000000000002,0.17650000000000002,0.1844,0.2051,0.22970000000000002,0.2541,0.267,0.3013,0.3078,0.32120000000000004,0.329,0.3481,0.38530000000000003,0.3962,0.41650000000000004,0.4309,0.4418,0.44820000000000004,0.457,0.4707,0.47890000000000005,0.508,0.5141,0.5409,0.5508000000000001,0.5591,0.5823,0.5941000000000001,0.6149,0.6294000000000001,0.6389,0.6616000000000001,0.6719,0.6918000000000001,0.6975,0.7434000000000001,0.754,0.7654000000000001,0.7764000000000001,0.8111,0.8403,0.8477,0.8587,0.8663000000000001,0.8872,0.8928,0.9244,0.9397000000000001,0.9516,0.9605,0.9664,0.9832000000000001,1.0261,1.0484,1.0638,1.0767,1.1128,1.1294,1.1555,1.1676,1.1884000000000001,1.1954,1.2204000000000002,1.2474,1.2935,1.3013000000000001,1.3308,1.3636000000000001,1.3747,1.3846,1.4071,1.4168,1.4305,1.4432,1.4575,1.4717,1.4768000000000001,1.4917,1.5042,1.5243,1.5356,1.5530000000000002,1.5604,1.5928,1.5992000000000002,1.6223,1.6308,1.6645,1.671,1.6791,1.697,1.7065000000000001,1.7298,1.7431,1.7534,1.7645000000000002,1.7988000000000002,1.8558000000000001,1.867,1.8747,1.8811,1.9115000000000002,1.9246,1.9422000000000001,1.9521000000000002,1.9608,1.9848000000000001,2.0072,2.012,2.019,2.0461,2.0741,2.0949,2.1098,2.1189,2.1409000000000002,2.1568,2.1668000000000003,2.1744,2.1839,2.1922,2.2354000000000003,2.2454,2.2512000000000003,2.2642,2.2762000000000002,2.2841,2.3101000000000003,2.3262,2.3495,2.3616,2.3837,2.3986,2.4074,2.4228,2.4308,2.4522,2.4617,2.4778000000000002,2.4961,2.5095,2.5226,2.5521000000000003,2.567,2.5885000000000002,2.6233,2.6486,2.6701,2.6918,2.7038,2.7142,2.7308000000000003,2.7406,2.7497000000000003,2.7558000000000002,2.7691000000000003,2.7811000000000003,2.7857000000000003,2.7935000000000003,2.8187,2.8454,2.853,2.8723,2.8852,2.9136,2.9332000000000003,2.9445,2.9542,2.962,2.9716,2.986,3.0097,3.0180000000000002,3.0611,3.0657,3.0798,3.0859,3.104,3.1323000000000003,3.1435,3.1502000000000003,3.1710000000000003,3.1817,3.2058,3.2155,3.2353,3.2435,3.2588000000000004,3.2684,3.2923,3.3126,3.3199,3.3361,3.3805,3.4111000000000002,3.4211,3.4591000000000003,3.4803,3.4871000000000003,3.4947000000000004,3.5145,3.5294000000000003,3.5348,3.5498000000000003,3.5579,3.5631000000000004,3.5915000000000004,3.6216000000000004,3.6474,3.656,3.6702000000000004,3.6989,3.7134,3.7337000000000002,3.7550000000000003,3.7749,3.7837,3.794,3.8135000000000003,3.8341000000000003,3.8489,3.8597,3.8898,3.9008000000000003,3.9093,3.9388,3.9597,3.9712,3.9835000000000003,3.9925,4.0148,4.0222,4.049,4.0578,4.0701,4.0812,4.0957,4.1074,4.1187000000000005,4.1294,4.1363
130499:0.027600000000000003,0.0984,0.1706,0.2228,0.2559,0.3534,1.9435
130593:0.028900000000000002,0.060200000000000004,0.151,0.2091,0.2866,0.3552,0.4344,0.4802,1.1313,1.1586,1.9017000000000002,2.0108,2.6943,2.7371000000000003,2.7792000000000003,2.8123,3.4662,3.536
130768:0.5438000000000001,0.5615,0.5780000000000001,0.5854,0.5953,0.6059,0.6138,0.6226,0.6314000000000001,0.6399,0.6499,0.6642,0.674,0.6842,0.6921,0.7024,0.7124,0.7224,0.7362000000000001,0.7453000000000001,0.7562,0.7654000000000001,0.7739,0.783,0.7939,0.8054,0.8181,0.8271000000000001,0.8345,0.8452000000000001,0.8572000000000001,0.8662000000000001,0.881,0.8928,0.9029,0.9091,0.9197000000000001,0.9284,0.9386,0.9477000000000001,0.9580000000000001,0.9684,0.9828,0.9917,1.0017,1.0159,1.0235,1.0374,1.0688,1.096,1.3117,1.3408,1.3657000000000001,1.3774,1.3916000000000002,1.4031,1.4120000000000001,1.4217,1.429,1.4363000000000001,1.4479,1.4587,1.4698,1.4822,1.4952,1.5072,1.5170000000000001,1.5270000000000001,1.5383,1.5466,1.5589000000000002,1.5674000000000001,1.5806,1.5927,1.6037000000000001,1.6119,1.6217000000000001,1.6313,1.6412,1.6495000000000002,1.6588,1.6719000000000002,1.6814,1.6932,1.7037,1.7116,1.7292,1.7507000000000001,1.78,2.096,2.1097,2.1222000000000003,2.1447000000000003,2.1662,2.1792000000000002,2.1905,2.2019,2.212,2.2201,2.2318000000000002,2.242,2.2533000000000003,2.2637,2.2725,2.2815000000000003,2.2917,2.3061000000000003,2.3200000000000003,2.3321,2.3443,2.3527,2.3633,2.3746,2.3838,2.3918,2.4031000000000002,2.4127,2.4256,2.4331,2.4404,2.4515000000000002,2.4614000000000003,2.4711000000000003,2.4796,2.4902,2.5015,2.5107,2.5201000000000002,2.5348,2.5429,2.5515000000000003,2.5789,2.9126000000000003,2.9282000000000004,2.9416,2.9512,2.9668,2.9766000000000004,2.9864,2.9979,3.0098000000000003,3.0210000000000004,3.0304,3.0404,3.0522,3.0622000000000003,3.0703,3.0797000000000003,3.0875000000000004,3.0977,3.1076,3.1168,3.1242,3.1347,3.1433,3.1535,3.1617,3.1700000000000004,3.1783,3.1910000000000003,3.1989,3.2076000000000002,3.2193,3.2299,3.2434000000000003,3.2516000000000003,3.2643,3.2742,3.2829,3.2949,3.3042000000000002,3.3144,3.3246,3.3334,3.3423000000000003,3.3511,3.3705000000000003,3.3953,3.4224,3.6700000000000004,3.7048,3.7191,3.7372,3.7548000000000004,3.7654,3.7755,3.7878000000000003,3.7981000000000003,3.81,3.822,3.8341000000000003,3.8434000000000004,3.8544,3.8613000000000004,3.8770000000000002,3.8891,3.8989000000000003,3.9106,3.9228,3.9316,3.9428,3.9517,3.9621000000000004,3.9730000000000003,3.9845,3.9942,4.0037,4.0111,4.0197,4.0327,4.0435,4.0556,4.0659,4.0833,4.0995,4.117900000000001,4.1489
130780:0.018500000000000003,0.028,0.0432,0.0541,0.06910000000000001,0.0777,0.0988,0.10980000000000001,0.135,0.1509,0.1719,0.1837,0.2212,0.2313,0.2434,0.2592,0.3099,0.32930000000000004,0.36110000000000003,0.3753,0.3907,0.42500000000000004,0.43420000000000003,0.4435,0.47340000000000004,0.4959,0.5061,0.5366000000000001,0.5449,0.5525,0.5717,0.5881000000000001,0.597,0.6081,0.6186,0.6315000000000001,0.639,0.6572,0.6641,0.6721,0.6855,0.6933,0.7223,0.7382000000000001,0.7476,0.7577,0.7697,0.7762,0.8097000000000001,0.8252,0.8389000000000001,0.8447,0.8617,0.8811,0.8899,0.9184,0.9302,0.9433,0.9493,0.9590000000000001,0.9659000000000001,0.9793000000000001,0.9918,1.0103,1.0216,1.0368,1.0434,1.0617,1.0716,1.0901,1.0992,1.1143,1.1260000000000001,1.1480000000000001,1.1588,1.1747,1.1892,1.1962000000000002,1.2148,1.2284000000000002,1.2631000000000001,1.2788000000000002,1.2923,1.3061,1.3155000000000001,1.3274000000000001,1.3477000000000001,1.3603,1.3718000000000001,1.3920000000000001,1.4043,1.4115,1.4212,1.4292,1.4548,1.4686000000000001,1.4774,1.4961,1.5131000000000001,1.5192,1.5530000000000002,1.5605,1.5808,1.5896000000000001,1.5989,1.6229,1.6294000000000002,1.6438000000000001,1.6568,1.6701000000000001,1.6772,1.6975,1.709,1.7185000000000001,1.7259,1.7484000000000002,1.7545000000000002,1.7931000000000001,1.8012000000000001,1.8172000000000001,1.8433000000000002,1.8565,1.8683,1.8839000000000001,1.901,1.9093,1.9252,1.945,1.9524000000000001,1.9865000000000002,1.9999,2.0112,2.0403000000000002,2.0472,2.0731,2.0834,2.1061,2.1133,2.1292,2.1412,2.1495,2.1674,2.1751,2.1817,2.1906000000000003,2.217,2.2307,2.237,2.2457000000000003,2.2575000000000003,2.2713,2.2797,2.2861000000000002,2.306,2.3228,2.3529,2.3606000000000003,2.3769,2.3958,2.4071000000000002,2.4322,2.4385000000000003,2.4519,2.4744,2.49,2.4977,2.5224,2.5488,2.5594,2.5864000000000003,2.5943,2.6022000000000003,2.6188000000000002,2.6273,2.6465,2.6631,2.6731000000000003,2.6904000000000003,2.7022,2.7175000000000002,2.7425,2.7532,2.7844,2.793,2.823,2.8426,2.8618,2.8921,2.8984,2.9192,2.9279,2.9427000000000003,2.9529,2.9593000000000003,2.9744,2.9864,3.0032,3.0084,3.04,3.0545,3.0625,3.0806,3.0914,3.0991,3.1097,3.1241000000000003,3.1380000000000003,3.1481000000000003,3.1681000000000004,3.1785,3.1967000000000003,3.2169000000000003,3.232,3.2446,3.2799,3.2878000000000003,3.2958000000000003,3.3075,3.3201,3.3327,3.3497000000000003,3.3755,3.3848000000000003,3.3985000000000003,3.4131,3.4456,3.4567,3.474,3.4834,3.4915000000000003,3.5090000000000003,3.5155000000000003,3.5300000000000002,3.543,3.5524,3.5605,3.5959000000000003,3.6142000000000003,3.644,3.6595,3.6731000000000003,3.6893000000000002,3.7032000000000003,3.7150000000000003,3.7309,3.7385,3.754,3.7702,3.7769000000000004,3.7873,3.7920000000000003,3.8116000000000003,3.8344,3.8495000000000004,3.8603,3.8879,3.9004000000000003,3.906,3.9274,3.9419000000000004,3.9562000000000004,3.9612000000000003,3.9776000000000002,3.9848000000000003,4.010400000000001,4.018800000000001,4.0435,4.0507,4.0627,4.0706,4.101100000000001,4.1088000000000005,4.1296,4.1462
131033:0.0284,0.0444,0.0528,0.07100000000000001,0.0884,0.10690000000000001,0.1227,0.1405,0.1495,0.1648,0.17350000000000002,0.18710000000000002,0.198,0.2041,0.219,0.2278,0.2373,0.24600000000000002,0.26130000000000003,0.2726,0.2892,0.299,0.309,0.32780000000000004,0.3412,0.34940000000000004,0.3618,0.37370000000000003,0.38720000000000004,0.3965,0.41240000000000004,0.4223,0.4363,0.45170000000000005,0.4657,0.4746,0.4903,0.5448000000000001,1.0561,1.0726,1.1420000000000001,1.1521000000000001,1.1906,1.2107,1.2362,1.2436,1.2561,1.2685,1.292,1.3423,1.778,1.8012000000000001,1.8284,1.8429,1.8753000000000002,1.8965,1.9144,1.923,1.9396,1.9518000000000002,1.9647000000000001,1.9755,1.9905000000000002,2.003,2.0141,2.0342000000000002,2.0443000000000002,2.0658000000000003,2.0857,2.104,2.5921000000000003,2.6145,2.6588000000000003,2.6679,2.6842,2.6924,2.7018,2.7157,2.7296,2.7448,2.7554000000000003,2.7664,2.7809,2.7924,2.8064,2.8171,2.8304,2.8423000000000003,2.8726000000000003,2.8911000000000002,3.4114,3.4286000000000003,3.4953000000000003,3.5227000000000004,3.5302000000000002,3.5462000000000002,3.5579,3.5756,3.5856000000000003,3.5996,3.6239000000000003,3.6383,3.6503,3.6844,4.1295
131114:0.047900000000000005,0.2071,0.2619,0.32580000000000003,0.43270000000000003,0.4802,0.5133,1.196,1.8796000000000002,1.9642000000000002,2.0138000000000003,2.7098,2.7537000000000003,2.7901000000000002,2.8516000000000004,3.5322,3.5629,4.113300000000001
131152:0.46280000000000004,0.49160000000000004,0.5099,0.5257000000000001,0.5426,0.5554,0.5682,0.5776,0.5868,0.5976,0.6078,0.618,0.6273000000000001,0.6376000000000001,0.6473,0.6577000000000001,0.6663,0.676,0.6856,0.6956,0.7074,0.7176,0.7262000000000001,0.7362000000000001,0.7448,0.7557,0.7656000000000001,0.7748,0.7839,0.7923,0.8017000000000001,0.8121,0.8217,0.8303,0.8403,0.8488,0.8602000000000001,0.8696,0.8799,0.8891,0.8987,0.9086000000000001,0.9183,0.9278000000000001,0.9368000000000001,0.9470000000000001,0.9572,0.9684,0.9794,0.9893000000000001,1.0014,1.0118,1.0237,1.0348,1.0488,1.0643,1.0815000000000001,1.093,1.1442,1.1931,1.2618,1.2861,1.3002,1.3109,1.3262,1.3389,1.3522,1.3641,1.3755000000000002,1.3848,1.395,1.4040000000000001,1.4129,1.4222000000000001,1.4314,1.4421000000000002,1.4520000000000002,1.4637,1.4734,1.484,1.4941,1.5055,1.5149000000000001,1.5275,1.5376,1.5483,1.5594000000000001,1.5689000000000002,1.5801,1.5916000000000001,1.6008,1.6103,1.6194000000000002,1.6291,1.6388,1.6492,1.6586,1.6691,1.6799000000000002,1.6908,1.7017,1.7129,1.7234,1.7332,1.7454,1.7566000000000002,1.7736,1.7979,1.8188000000000002,1.8493000000000002,2.0595,2.0791,2.0952,2.1071,2.1193,2.1357,2.146,2.1599,2.1704,2.1804,2.1898,2.2001,2.2089000000000003,2.2189,2.2274000000000003,2.2359,2.2454,2.2535000000000003,2.2631,2.2726,2.2817000000000003,2.2912,2.3012,2.3106,2.3206,2.3299000000000003,2.3424,2.3519,2.3614,2.3705000000000003,2.3798,2.3894,2.3999,2.4102,2.4208000000000003,2.4297,2.4382,2.4495,2.4601,2.4698,2.4797000000000002,2.4882,2.4987,2.5091,2.5199000000000003,2.5309,2.541,2.5515000000000003,2.5639000000000003,2.5771,2.5919000000000003,2.6177,2.6457,2.8479,2.8661000000000003,2.8854,2.9064,2.9164000000000003,2.9269000000000003,2.94,2.9521,2.9621,2.9722,2.9835000000000003,2.9929,3.0036,3.0134000000000003,3.0248,3.0335,3.0418000000000003,3.051,3.0617,3.0704000000000002,3.0798,3.0905,3.1004,3.1086,3.1179,3.1275,3.1349,3.1449000000000003,3.1536,3.1634,3.1718,3.1823,3.1911,3.2005000000000003,3.2101,3.2193,3.2289000000000003,3.2390000000000003,3.2484,3.2587,3.2681,3.2776,3.2875,3.2972,3.306,3.3168,3.3257000000000003,3.3354000000000004,3.3444000000000003,3.3539000000000003,3.369,3.3817000000000004,3.3957,3.4105000000000003,3.4252000000000002,3.4491,3.6177,3.6393,3.6597000000000004,3.6721000000000004,3.6878,3.7012,3.713,3.7235,3.7347,3.7451000000000003,3.7548000000000004,3.7643,3.7742,3.782,3.7925,3.8013000000000003,3.8111,3.8200000000000003,3.8320000000000003,3.8417000000000003,3.853,3.8619000000000003,3.8732,3.8821000000000003,3.891,3.9006000000000003,3.9104,3.9200000000000004,3.9303000000000003,3.9401,3.9506,3.9609,3.9712,3.9805,3.9913000000000003,4.0008,4.0097000000000005,4.0182,4.0307,4.0403,4.0511,4.0614,4.0758,4.0872,4.0991,4.113700000000001,4.13,4.1398
131703:0.058800000000000005,0.0758,0.1897,0.3537,0.4405,0.5113,0.5447000000000001,0.5552,1.1817,1.3010000000000002,1.9011,1.9381000000000002,2.0138000000000003,2.0831,2.1108000000000002,2.6951,2.7136,2.8493,2.9039,3.4856000000000003,3.5432,3.5539,3.6515,4.0744
132012:0.46890000000000004,0.49310000000000004,0.5021,0.5053,0.5203,0.5388000000000001,0.552,0.5743,0.5752,0.5763,0.5851000000000001,0.5929,0.6021000000000001,0.6248,0.6293000000000001,0.6319,0.6422,0.6851,0.6859000000000001,0.6874,0.6925,0.7092,0.7134,0.7227,0.7230000000000001,0.7245,0.7287,0.729,0.7308,0.732,0.7417,0.7532,0.754,0.7854,0.7876000000000001,0.7891,0.802,0.8054,0.8073,0.8341000000000001,0.8505,0.8548,0.8555,0.8580000000000001,0.8734000000000001,0.8745,0.8762000000000001,0.8767,0.8779,0.8887,0.8915000000000001,0.9029,0.904,0.9094000000000001,0.9142,0.9206000000000001,0.9225000000000001,0.9266000000000001,0.9288000000000001,0.9291,0.9408000000000001,0.9411,0.9461,0.9481,0.9555,0.9579000000000001,0.9645,0.9680000000000001,0.9707,0.9943000000000001,1.0176,1.0213,1.0249000000000001,1.0379,1.0443,1.052,1.0924,1.0981,1.1108,1.1113,1.1208,1.1262,1.1760000000000002,1.2392,1.254,1.2722,1.2990000000000002,1.3142,1.3281,1.3352000000000002,1.3546,1.3619,1.3685,1.3691,1.3733,1.3918000000000001,1.3960000000000001,1.3971,1.3991,1.4035,1.4121000000000001,1.4252,1.4342000000000001,1.4402000000000001,1.4509,1.4518,1.4675,1.4678,1.4716,1.5423,1.5444,1.5446,1.5526,1.5613000000000001,1.5904,1.5997000000000001,1.6063,1.6074000000000002,1.6133000000000002,1.6158000000000001,1.6173000000000002,1.6199000000000001,1.6224,1.6248,1.6418000000000001,1.6428,1.6624,1.6652,1.6691,1.6725,1.6829,1.6849,1.6856,1.6933,1.7033,1.7098,1.7164000000000001,1.7251,1.7257,1.7281000000000002,1.7331,1.7334,1.7444000000000002,1.7974,2.0415,2.0504000000000002,2.0776,2.1020000000000003,2.1044,2.1184000000000003,2.129,2.1329000000000002,2.1348000000000003,2.1388000000000003,2.1525000000000003,2.1575,2.1752000000000002,2.1787,2.189,2.1923,2.1958,2.1961,2.2138,2.2172,2.2247,2.2270000000000003,2.2276000000000002,2.2297000000000002,2.2341,2.2572,2.2578,2.2625,2.2632000000000003,2.274,2.2813000000000003,2.2831,2.2840000000000003,2.291,2.2914000000000003,2.2929,2.2958000000000003,2.2965,2.3171,2.3213,2.3251,2.339,2.3425000000000002,2.3658,2.366,2.3716,2.3720000000000003,2.3746,2.3760000000000003,2.3884000000000003,2.4019,2.4025000000000003,2.4343,2.4481,2.4492000000000003,2.4576000000000002,2.4578,2.4602,2.4631000000000003,2.4648000000000003,2.4661,2.4682,2.4835000000000003,2.4882,2.4951000000000003,2.5016000000000003,2.5060000000000002,2.5197000000000003,2.5307,2.5327,2.54,2.5541,2.5728,2.5836,2.5897,2.5923000000000003,2.6186000000000003,2.6285000000000003,2.6312,2.8242000000000003,2.8564000000000003,2.9117,2.9466,2.9495,2.9567,2.9675000000000002,2.9685,2.9770000000000003,2.9829000000000003,2.9835000000000003,2.9926,2.9936000000000003,3.0075000000000003,3.0182,3.0378000000000003,3.0381,3.0396,3.0462000000000002,3.0506,3.0535,3.059,3.0677000000000003,3.0698000000000003,3.0738000000000003,3.0775,3.0905,3.1028000000000002,3.1056000000000004,3.1179,3.1212,3.1235,3.1336,3.1346000000000003,3.1376,3.1401000000000003,3.1459,3.1556,3.1574,3.1597,3.1630000000000003,3.1641000000000004,3.1998,3.2046,3.2048,3.2224000000000004,3.2245000000000004,3.2275,3.2324,3.2435,3.2557,3.2711,3.2751,3.2758000000000003,3.2983000000000002,3.3107,3.3172,3.3232000000000004,3.3322000000000003,3.3393,3.3428,3.3466,3.3518000000000003,3.4035,3.4040000000000004,3.4097,3.5599000000000003,3.6026000000000002,3.6067,3.6519000000000004,3.6588000000000003,3.6773000000000002,3.685,3.7122,3.7342,3.7403,3.7427,3.7554000000000003,3.7701000000000002,3.7710000000000004,3.7713,3.7786000000000004,3.7956000000000003,3.7983000000000002,3.7986,3.8004000000000002,3.8134,3.8215000000000003,3.8361,3.8526000000000002,3.8589,3.8598000000000003,3.8626,3.8646000000000003,3.8674000000000004,3.873,3.8779000000000003,3.8796000000000004,3.8799,3.9036000000000004,3.9101000000000004,3.9168000000000003,3.9211,3.9231000000000003,3.9298,3.9429000000000003,3.9441,3.9447,3.9469000000000003,3.9537,3.9611,3.9644000000000004,3.9691,3.9712,3.9751000000000003,3.9756,3.9779,3.9812000000000003,3.9819,3.9866,3.987,3.9986,3.9991000000000003,4.0071,4.0143,4.016900000000001,4.0308,4.0319,4.0336,4.0347,4.0365,4.0403,4.0487,4.0594,4.0617,4.0627,4.0743,4.0894,4.0948,4.0965,4.0991,4.1005,4.1195,4.1207
132100:0.027100000000000003,0.0693,0.09820000000000001,0.1447,0.19490000000000002,0.2369,0.2811,0.3549,0.4249,0.4792,0.522,0.5712,0.6366,0.6798000000000001,0.7234,0.7526,0.7914,0.8232,0.8570000000000001,0.895,0.9471,1.0391000000000001,1.0985,1.1204,1.1988,1.26,1.3168,1.3768,1.4234,1.472,1.5209000000000001,1.5739,1.6079,1.643,1.6823000000000001,1.7188,1.7518,1.8679000000000001,1.9445000000000001,1.9766000000000001,2.0263,2.0946000000000002,2.1643,2.1931000000000003,2.2509,2.2871,2.3308,2.3621000000000003,2.4041,2.4409,2.4869000000000003,2.5298000000000003,2.5635000000000003,2.6043000000000003,2.7135000000000002,2.7418,2.7736,2.8342,2.8760000000000003,2.9207,2.9354,2.9632,2.9981,3.0665,3.1051,3.1518,3.1991,3.2224000000000004,3.2483,3.2831,3.3301000000000003,3.3957,3.4266,3.4933,3.5226,3.5602,3.7879,3.8400000000000003,3.9067000000000003,3.9677000000000002,3.9996,4.0565,4.1119,4.1315
132102:0.033800000000000004,0.0533,0.0781,0.0964,0.11170000000000001,0.13140000000000002,0.1492,0.168,0.18000000000000002,0.2058,0.2283,0.2434,0.265,0.281,0.3047,0.318,0.34140000000000004,0.3627,0.376,0.3986,0.42350000000000004,0.44370000000000004,0.4596,0.4768,0.5002,1.0704,1.1577,1.1989,1.2178,1.2446000000000002,1.2634,1.3111000000000002,1.8012000000000001,1.8326,1.8518000000000001,1.8736000000000002,1.9024,1.9216000000000002,1.9463000000000001,1.9660000000000002,1.9866000000000001,2.0064,2.0329,2.0477000000000003,2.1057,2.6393,2.6675,2.6948000000000003,2.7134,2.73,2.7462,2.7608,2.7787,2.7923,2.8059000000000003,2.8267,2.8637,2.8888000000000003,3.4745000000000004,3.5009,3.5182,3.5364,3.5562,3.5677000000000003,3.589,3.6031,3.6257,3.6492,3.7070000000000003
132221:0.5912000000000001,0.6111,0.6308,0.6501,0.6751,0.6997,0.7285,0.7507,0.7838,0.8092,0.8376,0.8559,0.8906000000000001,0.9192,0.9332,0.9533,0.9993000000000001,1.0470000000000002,1.3759000000000001,1.3932,1.419,1.4448,1.4763000000000002,1.5006000000000002,1.5279,1.552,1.5814000000000001,1.6002,1.6515000000000002,1.6769,1.7106000000000001,1.7511,2.1764,2.1967000000000003,2.2219,2.2502,2.2717,2.2885,2.3208,2.3403,2.3628,2.3922000000000003,2.4055,2.4330000000000003,2.4793000000000003,2.4984,2.515,2.5381,2.5541,2.9563,2.9735,3.0082,3.0323,3.0595000000000003,3.0784000000000002,3.1202,3.1478,3.1777,3.1983,3.2243,3.2581,3.2794000000000003,3.2976,3.3102,3.3314000000000004,3.4116,3.744,3.766,3.7805,3.8086,3.8344,3.8586,3.8799,3.9015,3.9245,3.9544,3.9829000000000003,4.0043,4.0533,4.0936,4.1143,4.1464
132256:0.6058,0.6433,0.6888000000000001,0.7367,0.773,0.8087000000000001,0.8477,0.8918,0.9354,0.9891000000000001,1.4093,1.4524000000000001,1.4965000000000002,1.5502,1.6026,1.6441000000000001,1.6811,2.1837,2.2205,2.2628,2.3029,2.3498,2.3895,2.4307000000000003,2.4752,2.5111000000000003,2.9742,3.0197000000000003,3.06,3.1061,3.1423,3.1796,3.2329000000000003,3.2726,3.3148,3.7421,3.797,3.842,3.8880000000000003,3.9404000000000003,3.9816000000000003,4.0196000000000005,4.0636
132336:0.0911,2.2907
132392:0.0204,0.0429,0.0572,0.0713,0.08030000000000001,0.09390000000000001,0.11040000000000001,0.1257,0.14750000000000002,0.16140000000000002,0.1751,0.1877,0.20800000000000002,0.223,0.2409,0.2554,0.2645,0.2796,0.2993,0.318,0.3355,0.34800000000000003,0.3662,0.38570000000000004,0.399,0.4141,0.4308,0.4459,0.45270000000000005,0.4756,0.4938,0.5185000000000001,0.5441,0.5666,0.6554,0.9748,1.0372000000000001,1.0645,1.0919,1.1143,1.1400000000000001,1.1701000000000001,1.1893,1.2067,1.2309,1.2458,1.2638,1.2827,1.3050000000000002,1.3436000000000001,1.536,1.6174000000000002,1.6854,1.7471,1.7943,1.8209000000000002,1.8407,1.8659000000000001,1.8816000000000002,1.8988,1.9141000000000001,1.9308,1.9414,1.955,1.9736,1.992,2.0118,2.0258000000000003,2.0475000000000003,2.0759000000000003,2.0976,2.123,2.2840000000000003,2.5565,2.5702000000000003,2.6008,2.6287000000000003,2.6452,2.6625,2.6819,2.7036000000000002,2.7152000000000003,2.7294,2.7456,2.7557,2.7686,2.7866,2.7978,2.815,2.8280000000000003,2.8453,2.8791,2.9254000000000002,3.068,3.1556,3.3249,3.3803,3.4111000000000002,3.4295,3.4391000000000003,3.4645,3.4891,3.5097,3.5337,3.5497,3.5589,3.5798,3.5967000000000002,3.617,3.636,3.6516,3.6777,3.7298,3.8145000000000002,4.0309,4.1085,4.1412
132415:0.7513000000000001,0.8438,2.2604,3.2206,3.2697000000000003
132796:0.0318,0.0796,0.1159,0.1562,0.19190000000000002,0.2227,0.2606,0.28800000000000003,0.3224,0.3504,0.38720000000000004,0.4238,0.4686,1.1280000000000001,1.1563,1.1905000000000001,1.2375,1.2773,1.8395000000000001,1.8763,1.9088,1.9420000000000002,1.9740000000000002,2.017,2.6435,2.6806,2.7081,2.7403,2.7676000000000003,2.7922000000000002,2.8345000000000002,3.4814000000000003,3.5278,3.5611,3.6016000000000004
132834:0.45570000000000005,0.4615,0.4682,0.48960000000000004,0.5063,0.5356000000000001,0.5364,0.5744,0.5789000000000001,0.5819,0.604,0.6155,0.623,0.6314000000000001,0.6392,0.6398,0.6549,0.6601,0.6705,0.6849000000000001,0.6935,0.7040000000000001,0.7102,0.7150000000000001,0.7200000000000001,0.7628,0.7638,0.7657,0.7703,0.7713,0.7764000000000001,0.787,0.8099000000000001,0.8173,0.8192,0.8372,0.8380000000000001,0.8530000000000001,0.8560000000000001,0.8594,0.8655,0.8745,0.8761,0.8772000000000001,0.884,0.8849,0.8893000000000001,0.8905000000000001,0.9044000000000001,0.9052,0.9059,0.9068,0.9133,0.9248000000000001,0.9271,0.9356000000000001,0.9460000000000001,0.9484,0.9731000000000001,0.9747,0.9805,0.9929,0.9938,0.994,1.0010000000000001,1.0203,1.0271000000000001,1.0309000000000001,1.0356,1.0362,1.0485,1.0495,1.0731,1.0886,1.0924,1.1151,1.131,1.1329,1.1725,1.2791000000000001,1.3039,1.32,1.3233000000000001,1.3323,1.3601,1.3622,1.3636000000000001,1.3757000000000001,1.3765,1.3793,1.3944,1.4094,1.421,1.4434,1.4446,1.464,1.465,1.4664000000000001,1.4796,1.4841,1.4868000000000001,1.4999,1.5045000000000002,1.5072,1.5113,1.5135,1.5192,1.5262,1.5352000000000001,1.5464,1.5471000000000001,1.5501,1.5538,1.5597,1.5734000000000001,1.5786,1.5794000000000001,1.5809,1.6235000000000002,1.6388,1.6407,1.6509,1.6520000000000001,1.6529,1.6538000000000002,1.6633,1.6642000000000001,1.6788,1.6908,1.6915,1.7127000000000001,1.7171,1.7216,1.7459,1.7584000000000002,1.7628000000000001,1.7912000000000001,1.8047000000000002,1.8087000000000002,1.812,2.0678,2.1026000000000002,2.1046,2.113,2.1390000000000002,2.1415,2.1429,2.1443000000000003,2.1670000000000003,2.1781,2.1873,2.2138,2.2241,2.2347,2.2423,2.2477,2.2498,2.2511,2.2520000000000002,2.2531000000000003,2.2614,2.2762000000000002,2.2774,2.2793,2.2801,2.2928,2.2955,2.2983000000000002,2.3161,2.331,2.3376,2.3421000000000003,2.3442000000000003,2.3461000000000003,2.3589,2.3606000000000003,2.3713,2.3809,2.3827000000000003,2.3890000000000002,2.3948,2.4026,2.4058,2.4093,2.4194,2.4309000000000003,2.4406000000000003,2.4427000000000003,2.4451,2.4507000000000003,2.4515000000000002,2.467,2.4753000000000003,2.4755000000000003,2.4769,2.5348,2.5428,2.5438,2.5615,2.625,2.6485000000000003,2.8437,2.8451,2.8556,2.8612,2.8768000000000002,2.8770000000000002,2.9017,2.9039,2.9225000000000003,2.9262,2.9298,2.9319,2.9330000000000003,2.9478,2.9484000000000004,2.9572000000000003,2.9599,2.97,2.9708,2.9762,2.9769,2.9814000000000003,2.9888000000000003,2.9892000000000003,2.9936000000000003,3.0033000000000003,3.0036,3.0039000000000002,3.0043,3.0062,3.0135,3.0171,3.0178000000000003,3.0199000000000003,3.0330000000000004,3.0404,3.0469,3.0494000000000003,3.0609,3.0665,3.0722,3.0776000000000003,3.0953,3.1266000000000003,3.1347,3.1482,3.1624000000000003,3.1721000000000004,3.1813000000000002,3.1904000000000003,3.1979,3.2031,3.2295000000000003,3.2429,3.2508000000000004,3.2551,3.2555,3.2584,3.2714000000000003,3.2719,3.2791,3.2849000000000004,3.2870000000000004,3.2872000000000003,3.3073,3.3242000000000003,3.3369,3.3396000000000003,3.3658,3.3754,3.3906,3.3974,3.4485,3.5057,3.619,3.6271,3.6617,3.6630000000000003,3.6675,3.6687000000000003,3.6717,3.6765000000000003,3.6777,3.6804,3.684,3.6901,3.7071,3.7466000000000004,3.7494,3.7533000000000003,3.754,3.7666000000000004,3.7709,3.7719,3.7862,3.7991,3.8011000000000004,3.8018,3.8029,3.8080000000000003,3.8128,3.8136,3.8173000000000004,3.8200000000000003,3.8279,3.8292,3.8507000000000002,3.8589,3.8598000000000003,3.8661000000000003,3.8722000000000003,3.8763,3.8924000000000003,3.8932,3.8985000000000003,3.9043,3.9138,3.9169,3.9576000000000002,3.9825000000000004,3.9864,3.988,3.9906,3.9966000000000004,4.002,4.0124,4.0152,4.0176,4.0236,4.0302,4.0482000000000005,4.0494,4.0663,4.0925,4.1014,4.1068,4.1201,4.133,4.135400000000001,4.139
133019:3.7082
133149:0.5876,0.6041000000000001,0.6189,0.6343,0.6416000000000001,0.6682,0.6929000000000001,0.7186,0.7423000000000001,0.7594000000000001,0.7698,0.776,0.787,0.8105,0.8335,0.8468,0.8685,0.8881,0.9174,0.9244,0.9564,0.9623,0.9740000000000001,0.9849,0.9984000000000001,1.0187,1.0399,1.1201,1.344,1.3729,1.3840000000000001,1.4108,1.4189,1.4364000000000001,1.455,1.4705000000000001,1.4835,1.5054,1.512,1.5245,1.5328000000000002,1.5628,1.6006,1.618,1.6317000000000002,1.6495000000000002,1.6641000000000001,1.6735,1.7115,1.7473,2.126,2.1436,2.1731000000000003,2.1896,2.2148000000000003,2.2331000000000003,2.2437,2.2552000000000003,2.2638000000000003,2.2795,2.291,2.3204000000000002,2.3262,2.3492,2.3703000000000003,2.3753,2.3848000000000003,2.3921,2.4105000000000003,2.4324,2.44,2.4584,2.4755000000000003,2.4806,2.4936000000000003,2.5220000000000002,2.5522,2.6001000000000003,2.9473000000000003,2.9602,2.9909000000000003,3.0205,3.0454000000000003,3.0601000000000003,3.0693,3.084,3.105,3.1132,3.1248,3.1438,3.1702000000000004,3.1801000000000004,3.1908000000000003,3.2011000000000003,3.2231,3.2321,3.2413000000000003,3.2698,3.3043,3.3188,3.3301000000000003,3.3525,3.4165,3.7047000000000003,3.732,3.7413000000000003,3.7693000000000003,3.7823,3.8149,3.8383000000000003,3.8475,3.8596000000000004,3.8852,3.8944,3.903,3.9211,3.9396,3.9495,3.9616000000000002,3.9843,3.9945000000000004,4.0144,4.0316,4.058,4.0966000000000005,4.107200000000001,4.1482
133172:0.0247,0.048,0.07930000000000001,0.1052,0.1409,0.164,0.18680000000000002,0.2038,0.2293,0.2519,0.2787,0.313,0.3398,0.35950000000000004,0.399,0.438,0.46030000000000004,1.1288,1.1529,1.1826,1.2222,1.2397,1.8439,1.8729,1.8957000000000002,1.921,1.9475,1.9653,1.9994,2.0273,2.0583,2.6407000000000003,2.6678,2.6985,2.7282,2.7557,2.7773000000000003,2.8069,2.8389,2.8707000000000003,3.4754,3.4985000000000004,3.5259,3.5519000000000003,3.5897,3.6352
133323:0.12350000000000001,0.46280000000000004,1.1580000000000001,1.9695,2.7304,3.5122
133353:3.5613
133513:0.062400000000000004,0.3286,0.444,0.4832,0.8994000000000001,1.8883,1.9559000000000002,2.0214000000000003,2.2,2.2903000000000002,2.4379,2.7152000000000003,2.7614,2.7961,3.0919000000000003,3.5519000000000003,4.1407
133525:0.0786,0.1115,0.1865,0.2727,0.3347,0.399,0.44770000000000004,0.5087,0.7015,0.7799,1.0476,1.2339,1.4346,1.4825000000000002,1.5241,1.6055000000000001,1.6791,1.7319,1.7604000000000002,1.9561000000000002,2.153,2.1945,2.2520000000000002,2.3278000000000003,2.4001,2.5014000000000003,2.5585,2.7219,2.7606,2.7994000000000003,2.8656,2.9658,3.0104,3.1415,3.2510000000000003,3.4161,3.5578000000000003,3.8169000000000004,3.8631,3.9925,4.0731,4.1332
133551:0.0058000000000000005,0.0125,0.0206,0.0284,0.0344,0.040400000000000005,0.046,0.052000000000000005,0.058100000000000006,0.0641,0.0707,0.0766,0.08220000000000001,0.0879,0.094,0.10010000000000001,0.1067,0.1125,0.1182,0.124,0.1305,0.1393,0.1453,0.1535,0.1592,0.16590000000000002,0.1715,0.1776,0.18380000000000002,0.1902,0.19640000000000002,0.20270000000000002,0.20950000000000002,0.2152,0.22240000000000001,0.2291,0.2349,0.24020000000000002,0.24730000000000002,0.253,0.26030000000000003,0.2652,0.27030000000000004,0.2771,0.28340000000000004,0.2893,0.2958,0.30310000000000004,0.30870000000000003,0.31470000000000004,0.3236,0.3294,0.3352,0.3403,0.34640000000000004,0.3517,0.35850000000000004,0.3643,0.3713,0.3771,0.382,0.38730000000000003,0.39380000000000004,0.3992,0.40790000000000004,0.4136,0.41900000000000004,0.4253,0.4308,0.43570000000000003,0.44120000000000004,0.4479,0.45480000000000004,0.4615,0.4665,0.4743,0.4801,0.48760000000000003,0.4954,0.5029,0.5106,0.5181,0.5289,0.5376000000000001,0.5523,0.5627,0.5794,0.5901000000000001,0.6031000000000001,0.9676,0.9969,1.0090000000000001,1.0163,1.0249000000000001,1.0316,1.0417,1.0487,1.0563,1.0644,1.0713000000000001,1.0798,1.0867,1.0933000000000002,1.1005,1.107,1.1141,1.1202,1.1288,1.1348,1.1407,1.1465,1.1527,1.1593,1.1659000000000002,1.1720000000000002,1.1785,1.1856,1.1941000000000002,1.2004000000000001,1.2066000000000001,1.2148,1.223,1.2283000000000002,1.2352,1.2408000000000001,1.2499,1.2557,1.2626000000000002,1.2688000000000001,1.2770000000000001,1.2842,1.292,1.2994,1.3095,1.3191000000000002,1.3269,1.3361,1.3468,1.3556000000000001,1.3745,1.3908,1.4008,1.7043000000000001,1.7113,1.7193,1.7282000000000002,1.7415,1.7522,1.7606000000000002,1.7701,1.7786000000000002,1.7868000000000002,1.7938,1.8043,1.8112000000000001,1.8195000000000001,1.8302,1.8359,1.846,1.8536000000000001,1.8586,1.8644,1.8708,1.8795000000000002,1.8860000000000001,1.8923,1.9007,1.9064,1.9120000000000001,1.9184,1.9276000000000002,1.933,1.9393,1.9467,1.9525000000000001,1.9587,1.9647000000000001,1.9718,1.9773,1.9836,1.9892,1.9957,2.0025,2.0111,2.0172,2.0243,2.0318,2.0397000000000003,2.0478,2.0534,2.0613,2.0682,2.0767,2.0845000000000002,2.0922,2.0996,2.1107,2.119,2.1279,2.1389,2.15,2.1727000000000003,2.1948000000000003,2.5101,2.5185,2.531,2.5451,2.5536000000000003,2.5606,2.5688,2.5763000000000003,2.5829,2.5900000000000003,2.6003000000000003,2.6081000000000003,2.616,2.6224000000000003,2.6281000000000003,2.6335,2.6385,2.6451000000000002,2.6535,2.6587,2.6658,2.6719,2.6787,2.6841,2.6902,2.6990000000000003,2.7041,2.7093000000000003,2.7150000000000003,2.7202,2.7258,2.7334,2.7389,2.7444,2.7495000000000003,2.7559,2.7617000000000003,2.7668,2.7735000000000003,2.7813000000000003,2.7875,2.7955,2.8036000000000003,2.8101000000000003,2.8183000000000002,2.8248,2.8305000000000002,2.8366000000000002,2.8424,2.8506,2.8564000000000003,2.8622,2.8732,2.8801,2.887,2.8945000000000003,2.9015,2.9128000000000003,2.9236,2.9363,2.9490000000000003,2.9565,3.3224,3.3462,3.355,3.3629000000000002,3.3708,3.3787000000000003,3.3857000000000004,3.4012000000000002,3.4071000000000002,3.4148,3.4246000000000003,3.4320000000000004,3.4395000000000002,3.4465000000000003,3.4535,3.4603,3.4669000000000003,3.4727,3.4799,3.4863,3.4928000000000003,3.4996,3.5086000000000004,3.5152,3.5222,3.5281000000000002,3.5352,3.5422000000000002,3.5493,3.5555000000000003,3.563,3.5698000000000003,3.5756,3.5818000000000003,3.5900000000000003,3.5963000000000003,3.6028000000000002,3.6103,3.6203000000000003,3.6273,3.6341,3.6413,3.6519000000000004,3.6588000000000003,3.6673,3.6745,3.6879,3.6948000000000003,3.7169000000000003,3.7257000000000002,3.7372,3.7476000000000003,4.0619000000000005,4.0706,4.0859000000000005,4.1028,4.1094,4.1160000000000005,4.1237,4.1351,4.1429
133618:0.4509,0.46090000000000003,0.4761,0.506,0.5326000000000001,0.5351,0.5507000000000001,0.5557,0.5646,0.5741,0.5845,0.5899,0.5920000000000001,0.5923,0.5966,0.5975,0.5977,0.6013000000000001,0.6087,0.6207,0.6213000000000001,0.6275000000000001,0.6309,0.6339,0.6396000000000001,0.646,0.6521,0.6533,0.658,0.6582,0.6626000000000001,0.667,0.6701,0.6742,0.68,0.6946,0.7008,0.7025,0.7094,0.7213,0.7243,0.734,0.7508,0.7563000000000001,0.7782,0.7917000000000001,0.792,0.7959,0.8024,0.8271000000000001,0.8285,0.8305,0.8339000000000001,0.8355,0.8464,0.8484,0.8763000000000001,0.8786,0.8793000000000001,0.8862,0.8903000000000001,0.8912,0.8934000000000001,0.8942,0.9046000000000001,0.9206000000000001,0.9238000000000001,0.924,0.9299000000000001,0.9305,0.9516,0.9546,0.9571000000000001,0.9922000000000001,0.9943000000000001,1.0222,1.0358,1.0789,1.1085,1.1860000000000002,1.211,1.2501,1.274,1.2799,1.3306,1.3391,1.3417000000000001,1.349,1.3504,1.3583,1.3586,1.3634000000000002,1.3711,1.3715000000000002,1.3838000000000001,1.3968,1.3973,1.399,1.407,1.4089,1.4184,1.4283000000000001,1.4291,1.4333,1.4369,1.4379000000000002,1.4503000000000001,1.4637,1.4667000000000001,1.4719,1.4797,1.4832,1.5024000000000002,1.5254,1.5297,1.5306000000000002,1.5329000000000002,1.5337,1.5505,1.5551000000000001,1.558,1.5646,1.566,1.5733000000000001,1.5799,1.5882,1.592,1.6011,1.6037000000000001,1.6101,1.6226,1.6317000000000002,1.6400000000000001,1.6466,1.6479000000000001,1.6489,1.681,1.6995,1.6997,1.7109,1.7161000000000002,1.7287000000000001,1.7314,1.7385000000000002,1.7476,1.7503000000000002,1.7675,1.8233000000000001,1.8237,1.8314000000000001,2.0047,2.0188,2.0574,2.0740000000000003,2.1091,2.1191,2.122,2.1253,2.1306000000000003,2.1352,2.1404,2.1547,2.1652,2.1846,2.2003,2.2064,2.2099,2.225,2.2321,2.2451000000000003,2.2482,2.2491000000000003,2.2507,2.2685,2.2721,2.2723,2.2824,2.287,2.2875,2.2908,2.2935000000000003,2.3017000000000003,2.3079,2.3081,2.3093,2.3148,2.3168,2.3213,2.3265000000000002,2.3336,2.3440000000000003,2.3449,2.3645,2.3673,2.3762000000000003,2.3878,2.399,2.4003,2.4064,2.4178,2.4436,2.4453,2.4463,2.4469000000000003,2.4485,2.454,2.4579,2.4635000000000002,2.4638,2.4676,2.4717000000000002,2.4722,2.4758,2.4853,2.4859,2.4928,2.4942,2.5125,2.513,2.5251,2.5431,2.5486,2.5559000000000003,2.5587,2.5686,2.5851,2.5861,2.6322,2.8398000000000003,2.8608000000000002,2.8612,2.8661000000000003,2.9078,2.9293,2.9308,2.9315,2.9357,2.9622,2.9705000000000004,2.9859,3.0007,3.0087,3.0154,3.0188,3.0231000000000003,3.0254000000000003,3.0273000000000003,3.0332000000000003,3.0334000000000003,3.0374000000000003,3.0427,3.051,3.0859,3.0882,3.1072,3.1220000000000003,3.1296,3.1303,3.1331,3.1533,3.1547,3.1643000000000003,3.1789,3.1834000000000002,3.1847000000000003,3.1919,3.1929000000000003,3.1937,3.1973000000000003,3.2104000000000004,3.2185,3.2228000000000003,3.2253000000000003,3.2306000000000004,3.2566,3.2687,3.293,3.3124000000000002,3.314,3.3192000000000004,3.3255000000000003,3.3307,3.3322000000000003,3.3485,3.353,3.3773,3.3819000000000004,3.3845,3.3859000000000004,3.419,3.4414000000000002,3.4596,3.4628,3.6054000000000004,3.6413,3.6566,3.6617,3.6654,3.6886,3.6971000000000003,3.6975000000000002,3.7005000000000003,3.705,3.7068000000000003,3.7076000000000002,3.7086,3.7172,3.724,3.7242,3.7503,3.7523,3.7573000000000003,3.7597,3.7600000000000002,3.7632000000000003,3.7779000000000003,3.7899000000000003,3.7989,3.8000000000000003,3.8037,3.8094,3.8142,3.8162000000000003,3.8246,3.8248,3.8267,3.8276000000000003,3.8351,3.838,3.8394000000000004,3.8401,3.8414,3.8442000000000003,3.8516000000000004,3.8541000000000003,3.8575000000000004,3.8640000000000003,3.8747000000000003,3.8776,3.8812,3.8867000000000003,3.9027000000000003,3.9126000000000003,3.9243,3.9360000000000004,3.9365,3.9426,3.9621000000000004,3.9693,3.9749000000000003,3.9804000000000004,3.9829000000000003,3.9834,3.9913000000000003,4.0011,4.0033,4.0037,4.006600000000001,4.010800000000001,4.0163,4.021,4.0255,4.0424,4.0442,4.0566,4.0661000000000005,4.0696,4.079400000000001,4.0889,4.0903,4.0949,4.1086,4.128,4.1362000000000005,4.1474
133704:0.0687,0.09580000000000001,0.1836,0.3347,0.446,1.9498000000000002,2.0329,2.714,2.7919,3.5563000000000002
133845:0.0216,0.0392,0.053700000000000005,0.0694,0.0815,0.1034,0.1427,0.1605,0.17470000000000002,0.18660000000000002,0.2268,0.2403,0.26180000000000003,0.3136,0.33240000000000003,0.3667,0.3845,0.4288,0.4486,0.4711,0.49300000000000005,0.5062,0.5391,0.5493,0.5614,0.5742,0.5912000000000001,0.6012000000000001,0.6104,0.6304000000000001,0.6392,0.658,0.6659,0.6755,0.6892,0.6949000000000001,0.7277,0.7454000000000001,0.7602,0.7725000000000001,0.8083,0.8258000000000001,0.8417,0.8487,0.8642000000000001,0.8855000000000001,0.8925000000000001,0.9179,0.9305,0.9462,0.9583,0.9662000000000001,0.9803000000000001,0.9995,1.0171000000000001,1.0242,1.0401,1.0658,1.0726,1.0924,1.1026,1.1178000000000001,1.1451,1.1556,1.177,1.1901000000000002,1.217,1.2324000000000002,1.2659,1.2807000000000002,1.2943,1.3108,1.3249,1.3477000000000001,1.3609,1.3742,1.3986,1.409,1.4267,1.4357,1.4551,1.4704000000000002,1.4879,1.5069000000000001,1.5188000000000001,1.5555,1.5628,1.5855000000000001,1.5991,1.6251,1.6358000000000001,1.6505,1.6653,1.6762000000000001,1.697,1.7074,1.7191,1.7283000000000002,1.7525000000000002,1.7912000000000001,1.8006,1.8175000000000001,1.85,1.8622,1.8819000000000001,1.9075000000000002,1.9188,1.9422000000000001,1.953,1.9923000000000002,2.0071,2.0426,2.0712,2.083,2.1079,2.1247000000000003,2.1363000000000003,2.1436,2.1695,2.1762,2.1834000000000002,2.1951,2.2152000000000003,2.2291000000000003,2.2377000000000002,2.2471,2.2665,2.277,2.2862,2.3063000000000002,2.3256,2.3554,2.3701000000000003,2.3842000000000003,2.4018,2.4306,2.438,2.4498,2.4731,2.4911000000000003,2.5013,2.5220000000000002,2.5483000000000002,2.56,2.5884,2.6024000000000003,2.6217,2.6488,2.6699,2.6881,2.6991,2.7163,2.7455000000000003,2.7872000000000003,2.7963,2.8337000000000003,2.8464,2.8958,2.9166000000000003,2.9265000000000003,2.9416,2.9535,2.9612000000000003,2.9835000000000003,2.9926,3.0064,3.0392,3.0521000000000003,3.0614000000000003,3.0703,3.0835000000000004,3.0955000000000004,3.1036,3.1182000000000003,3.1319000000000004,3.1413,3.1663,3.1781,3.1975000000000002,3.2206,3.2328,3.2470000000000003,3.2832000000000003,3.2926,3.3062,3.3182,3.3332,3.3542,3.378,3.3908,3.4031000000000002,3.4121,3.4490000000000003,3.4616000000000002,3.4794,3.4873000000000003,3.4966000000000004,3.5142,3.5297,3.5502000000000002,3.5573,3.6019,3.6417,3.6588000000000003,3.6726,3.6894,3.7053000000000003,3.7188000000000003,3.7312000000000003,3.7433,3.7561,3.773,3.7808,3.7883,3.8093000000000004,3.8172,3.8346,3.8526000000000002,3.8829000000000002,3.8956000000000004,3.9052000000000002,3.9281,3.9454000000000002,3.9588,3.9773,3.9889,4.0149,4.0402000000000005,4.0479,4.0609,4.0696,4.1018,4.111400000000001,4.1257
133875:0.045700000000000005,1.1372,1.9718,2.696,2.7475,3.5282
134081:2.7303
134185:0.057,0.0789,0.18150000000000002,0.2439,0.322,0.39530000000000004,0.44930000000000003,1.1815,1.2775,1.9007,1.9558,2.0072,2.047,2.6935000000000002,2.7179,2.7825,2.8475,3.4939,3.539,3.5611
134276:0.11410000000000001,0.155,0.281,0.3527,0.9588000000000001,1.0707,1.2383,1.8956000000000002,1.9595,2.4356,2.5665,2.7583,2.8705000000000003,3.7075,4.141
134370:0.0684,0.4434,2.0203
134541:3.5740000000000003
134582:0.11910000000000001,0.45840000000000003,1.153,1.9648,2.7257000000000002,3.5074
134613:0.038900000000000004,0.0558,0.09190000000000001,0.1125,0.13290000000000002,0.15180000000000002,0.1759,0.2005,0.22260000000000002,0.23820000000000002,0.26380000000000003,0.2821,0.3038,0.3185,0.3463,0.3658,0.3905,0.40700000000000003,0.4254,0.445,0.4687,0.49660000000000004,1.0785,1.1988,1.2255,1.2481,1.2719,1.8345,1.8566,1.9008,1.9251,1.9548,1.9786000000000001,2.0057,2.0383,2.0529,2.6664000000000003,2.6943,2.7187,2.7368,2.7582,2.7782,2.7954000000000003,2.8157,2.8345000000000002,2.8956,3.5175,3.5349000000000004,3.5587,3.5878,3.605,3.632,3.6515
134696:0.6941,1.6219000000000001,2.2866,3.0706,3.3199
134801:0.07780000000000001,0.1804,0.25020000000000003,0.318,0.447,1.274,1.9276000000000002,2.0115000000000003,2.7102,3.5539,3.6468000000000003
134882:0.8513000000000001,2.3274,2.4941,3.3071
134984:0.0937,1.6301,4.0318000000000005
135141:2.4327
135412:0.0736,0.21300000000000002,0.2626,0.28250000000000003,1.2236,2.7235,2.7768,2.8487,3.5437000000000003
135560:0.0188,0.0296,0.0431,0.0548,0.0712,0.08750000000000001,0.1022,0.1165,0.1312,0.14450000000000002,0.1612,0.1778,0.191,0.2044,0.218,0.232,0.2432,0.2637,0.2743,0.2913,0.3055,0.321,0.3382,0.3503,0.3668,0.385,0.401,0.41650000000000004,0.4328,0.448,0.4641,0.47650000000000003,0.4954,0.5064000000000001,0.5369,1.0368,1.0577,1.0911,1.1146,1.1286,1.1463,1.1576,1.177,1.193,1.2111,1.2264000000000002,1.238,1.2483,1.2648000000000001,1.2805,1.2938,1.3182,1.3395000000000001,1.7293,1.7669000000000001,1.7926000000000002,1.8099,1.8296000000000001,1.8437000000000001,1.8572000000000002,1.8701,1.8842,1.8991,1.9145,1.9275,1.9481000000000002,1.9647000000000001,1.9800000000000002,1.9941000000000002,2.0085,2.0293,2.0453,2.0652,2.0834,2.0987,2.1434,2.5649,2.5911,2.6155,2.6308000000000002,2.645,2.6641,2.6843,2.6950000000000003,2.7117,2.7247000000000003,2.7453000000000003,2.7634000000000003,2.7799,2.7903000000000002,2.8024,2.8154000000000003,2.8263000000000003,2.842,2.8546,2.8697,2.8896,2.9026,2.9452000000000003,3.3772,3.4118,3.4384,3.4505000000000003,3.4672,3.4803,3.4974000000000003,3.5147000000000004,3.5313000000000003,3.543,3.5554,3.5774000000000004,3.5972,3.6147,3.6368,3.6626000000000003,3.6807000000000003,3.7018,4.1204,4.1455
135625:0.0664,0.0853,0.1409,0.19490000000000002,0.2928,0.3,0.33180000000000004,0.3623,0.3687,0.4385,0.4616,0.4697,0.5123,0.5690000000000001,0.6094,0.6151,0.649,0.6579,0.6691,0.6854,0.6971,0.7035,0.7482000000000001,0.785,0.8128000000000001,0.8698,0.875,0.8848,0.8897,0.902,0.9158000000000001,0.9636,0.9718,1.1998,1.3184,1.395,1.4304000000000001,1.4353,1.4485000000000001,1.4534,1.4823000000000002,1.4983,1.5212,1.5502,1.5549000000000002,1.5650000000000002,1.6107,1.6197000000000001,1.6622000000000001,1.6788,1.7114,1.7426000000000001,1.9360000000000002,1.9833,2.0241000000000002,2.0294000000000003,2.1185,2.124,2.1990000000000003,2.2061,2.2411000000000003,2.2744,2.2793,2.2901000000000002,2.3013,2.3097000000000003,2.3572,2.3624,2.4089,2.4421,2.4528000000000003,2.4708,2.4753000000000003,2.4842,2.5403000000000002,2.5563000000000002,2.5618000000000003,2.7159,2.7794000000000003,2.8032,2.8111,2.8636,2.9316,2.9693,2.9907000000000004,3.0075000000000003,3.019,3.0487,3.0940000000000003,3.1154,3.1352,3.1411000000000002,3.1549,3.172,3.1971000000000003,3.2365000000000004,3.2498,3.2960000000000003,3.3036000000000003,3.3211,3.3318000000000003,3.3398000000000003,3.5631000000000004,3.7147,3.7207000000000003,3.7337000000000002,3.7841,3.7976,3.8240000000000003,3.8304,3.8496,3.8615000000000004,3.8759,3.8813,3.9215,3.9659,3.9713000000000003,3.9854000000000003,3.9951000000000003,4.0415,4.099200000000001,4.1159
135733:0.0246,0.0376,0.051800000000000006,0.059500000000000004,0.0687,0.07880000000000001,0.09000000000000001,0.1227,0.131,0.14550000000000002,0.1683,0.18130000000000002,0.1887,0.2069,0.2296,0.25370000000000004,0.2645,0.2821,0.3059,0.3125,0.3196,0.3269,0.34290000000000004,0.3507,0.3854,0.3962,0.4167,0.4313,0.44380000000000003,0.4496,0.46180000000000004,0.4736,0.48090000000000005,0.5043,0.5102,0.5428000000000001,0.5527000000000001,0.5785,0.5935,0.6,0.6179,0.6323000000000001,0.6411,0.6622,0.675,0.6900000000000001,0.6951,0.7457,0.7641,0.7756000000000001,0.8102,0.8366,0.8449000000000001,0.8543000000000001,0.8639,0.8789,0.8902,0.9236000000000001,0.9369000000000001,0.9500000000000001,0.9580000000000001,0.9639000000000001,0.9836,1.0270000000000001,1.0513000000000001,1.0661,1.0725,1.1122,1.1275,1.1527,1.1582000000000001,1.1654,1.1846,1.192,1.1975,1.2193,1.2234,1.2478,1.2930000000000001,1.3,1.3335000000000001,1.3731,1.3825,1.4063,1.4144,1.4298,1.4420000000000002,1.4542000000000002,1.4645000000000001,1.475,1.4888000000000001,1.5028000000000001,1.5217,1.5349000000000002,1.5511000000000001,1.5594000000000001,1.5650000000000002,1.5923,1.5986,1.6178000000000001,1.627,1.6348,1.6653,1.6727,1.6827,1.7007,1.7099,1.7308000000000001,1.7452,1.7567000000000002,1.7762,1.8417000000000001,1.8583,1.8689,1.8775000000000002,1.8843,1.9020000000000001,1.9115000000000002,1.9242000000000001,1.9454,1.9541000000000002,1.965,1.9835,2.0071,2.0122,2.0194,2.0458000000000003,2.0767,2.0981,2.1098,2.1206,2.1430000000000002,2.1596,2.169,2.1792000000000002,2.1871,2.1949,2.2373000000000003,2.2475,2.2601,2.2716000000000003,2.2797,2.2855000000000003,2.3079,2.3211,2.3308,2.3503000000000003,2.3625000000000003,2.3976,2.4064,2.4184,2.4295,2.4513000000000003,2.4594,2.4756,2.4827,2.4958,2.5057,2.5220000000000002,2.5511,2.5641000000000003,2.5869,2.595,2.624,2.6491000000000002,2.6688,2.6908000000000003,2.7019,2.7113,2.7168,2.7333000000000003,2.7444,2.7511,2.7630000000000003,2.7745,2.7848,2.7913,2.8166,2.8431,2.8523,2.8699000000000003,2.8840000000000003,2.9053,2.9162000000000003,2.9382,2.9496,2.9608000000000003,2.9699,2.9833000000000003,2.9894000000000003,3.0113000000000003,3.0210000000000004,3.0616000000000003,3.0708,3.0807,3.0889,3.1031,3.1317,3.1426000000000003,3.1495,3.1723000000000003,3.1861,3.2091000000000003,3.2175000000000002,3.2377000000000002,3.2445,3.2637,3.2908,3.297,3.3147,3.3228,3.341,3.3826,3.4120000000000004,3.4232,3.4597,3.4812000000000003,3.4954,3.5149000000000004,3.5309000000000004,3.5495,3.5562,3.5616000000000003,3.5902000000000003,3.6209000000000002,3.6457,3.6529000000000003,3.6587,3.6759000000000004,3.6994000000000002,3.7155,3.7517,3.7735000000000003,3.781,3.7879,3.801,3.8169000000000004,3.8318000000000003,3.8427000000000002,3.8522000000000003,3.8622,3.8893,3.8983000000000003,3.9067000000000003,3.9388,3.9600000000000004,3.9736000000000002,3.9837000000000002,3.9928000000000003,4.0155,4.0248,4.05,4.061100000000001,4.0715,4.0918,4.0979,4.1085,4.1234,4.131600000000001,4.1391
135947:0.0743,0.4937,1.06,1.1779,1.3335000000000001,1.4145,1.7462,2.0363,2.1834000000000002,2.5511,2.8219000000000003,3.5521000000000003
135948:0.0454,0.058100000000000006,0.063,0.2601,0.3214,0.3309,0.4329,0.4403,1.2248,1.8827,1.8911,2.0131,2.0202,2.5011,2.7061,2.7176,2.7556000000000003,2.7898,2.8512,3.5443000000000002,3.5669,3.6277000000000004
135950:0.5529000000000001,0.6013000000000001,0.6354000000000001,0.6661,0.6969000000000001,0.7451,0.7766000000000001,0.8069000000000001,0.8500000000000001,0.8939,0.9393,0.9828,1.0315,1.3669,1.4105,1.4382000000000001,1.4727000000000001,1.5385,1.5704,1.6101,1.6327,1.6705,1.6969,1.7251,2.1431,2.1998,2.2336,2.2543,2.2854,2.3221000000000003,2.3569,2.4301,2.4721,2.5402,2.5820000000000003,2.9218,2.9579,2.9944,3.0288,3.0582000000000003,3.0884,3.1255,3.1597,3.1885000000000003,3.253,3.2913,3.3513,3.3999,3.718,3.7407000000000004,3.7702,3.7978,3.8446000000000002,3.8884000000000003,3.9207,3.9609,3.987,4.0548,4.0741000000000005
135957:0.45470000000000005,0.45990000000000003,0.514,0.5274,0.547,0.56,0.5640000000000001,0.5689000000000001,0.5691,0.5706,0.5728,0.5734,0.5896,0.5964,0.6031000000000001,0.6059,0.6113000000000001,0.6133000000000001,0.6177,0.6194000000000001,0.6214000000000001,0.6227,0.6258,0.6353,0.636,0.6389,0.6619,0.6636000000000001,0.6659,0.6759000000000001,0.6827000000000001,0.6837000000000001,0.6857000000000001,0.6896,0.6910000000000001,0.6956,0.7009000000000001,0.7084,0.7086,0.7185,0.7249,0.7286,0.736,0.7368,0.7393000000000001,0.7395,0.7535000000000001,0.7673,0.7735000000000001,0.781,0.785,0.788,0.7928000000000001,0.8042,0.8103,0.8200000000000001,0.8241,0.8247,0.8253,0.8318000000000001,0.8380000000000001,0.8468,0.8523000000000001,0.8530000000000001,0.86,0.891,0.9156000000000001,0.9203,0.921,0.9238000000000001,0.9278000000000001,0.9328000000000001,0.934,0.9532,0.9615,0.9713,0.9855,0.9870000000000001,1.0019,1.0030000000000001,1.0106,1.0139,1.0306,1.0357,1.0401,1.0417,1.0451000000000001,1.0601,1.0838,1.1496,1.1519000000000001,1.1742000000000001,1.19,1.223,1.243,1.2538,1.2595,1.262,1.2872000000000001,1.3071000000000002,1.3586,1.3612,1.3708,1.3722,1.3812,1.3934,1.3976000000000002,1.3993,1.4004,1.4035,1.4041000000000001,1.4103,1.4246,1.425,1.4257,1.4323000000000001,1.4414,1.4458,1.4467,1.4747000000000001,1.4793,1.4849,1.4852,1.5037,1.5045000000000002,1.5130000000000001,1.5162,1.5263,1.5313,1.5357,1.5437,1.5576,1.5582,1.5619,1.5731000000000002,1.5738,1.5772000000000002,1.5810000000000002,1.5843,1.5853000000000002,1.5869,1.6113000000000002,1.6153000000000002,1.6269,1.6360000000000001,1.6391,1.6419000000000001,1.6478000000000002,1.6487,1.6681000000000001,1.6683000000000001,1.6809,1.6891,1.6992,1.6997,1.7401,1.7454,1.7488000000000001,1.7506000000000002,1.7556,1.7602,1.812,1.8162,2.0385,2.0719000000000003,2.0835,2.0855,2.107,2.129,2.1355,2.1432,2.1523000000000003,2.1527000000000003,2.1544000000000003,2.1575,2.1645000000000003,2.1659,2.1667,2.1755,2.1764,2.1768,2.1827,2.1859,2.1862,2.1892,2.1914000000000002,2.2011000000000003,2.2139,2.2151,2.2161,2.2208,2.2224,2.2245,2.2254,2.2275,2.2286,2.232,2.245,2.2493000000000003,2.2606,2.2673,2.277,2.2821000000000002,2.2843,2.2855000000000003,2.3229,2.3378,2.3399,2.3467000000000002,2.3518000000000003,2.3636,2.3644000000000003,2.3651,2.3663000000000003,2.3672,2.3719,2.3969,2.4022,2.4039,2.4063000000000003,2.4142,2.4188,2.4201,2.4218,2.4232,2.4250000000000003,2.4468,2.4622,2.4699,2.4716,2.4759,2.4768000000000003,2.4813,2.4815,2.4951000000000003,2.5246,2.5336000000000003,2.543,2.5611,2.568,2.5774,2.8491,2.8792,2.8939,2.9052000000000002,2.9074,2.9206000000000003,2.9211,2.9530000000000003,2.9544,2.9579,2.9656000000000002,2.9761,2.9826,2.9943,3.0112,3.0234,3.0282,3.0426,3.0464,3.0466,3.0475000000000003,3.0549,3.0617,3.0663,3.0702000000000003,3.0765000000000002,3.0804,3.0882,3.0900000000000003,3.1045000000000003,3.1135,3.1168,3.1309,3.1336,3.1427,3.1468000000000003,3.1510000000000002,3.1652,3.1655,3.1715,3.1717,3.1722,3.1897,3.1961,3.1964,3.2086,3.2198,3.2264,3.2266000000000004,3.2622,3.2668000000000004,3.2672000000000003,3.2698,3.2738,3.2799,3.2951,3.3053000000000003,3.3147,3.3169,3.321,3.3287,3.3429,3.3475,3.3600000000000003,3.3659000000000003,3.3869000000000002,3.3899000000000004,3.3911000000000002,3.3936,3.3989000000000003,3.4157,3.4173,3.6057,3.6119000000000003,3.6305,3.6359000000000004,3.6535,3.6537,3.664,3.6661,3.6811000000000003,3.7164,3.7183,3.7642,3.7683,3.7699000000000003,3.7797,3.7835,3.7892,3.8108,3.8246,3.8254,3.8373000000000004,3.8508,3.8512000000000004,3.8518000000000003,3.8671,3.8697000000000004,3.8748,3.8967,3.8998000000000004,3.9046000000000003,3.9073,3.9098,3.9142,3.9223000000000003,3.9268,3.9287,3.9419000000000004,3.9472,3.9506,3.9658,3.9721,3.9756,3.9815,3.9849,3.9873000000000003,3.9914,3.9979,4.0016,4.0048,4.010800000000001,4.0312,4.0353,4.047000000000001,4.052700000000001,4.0564,4.0652,4.0744,4.0802000000000005,4.0811,4.0889,4.109,4.1388
136005:0.6756,0.8726,0.9416,1.6707,2.3713,2.4359,3.0752,3.2378,3.2844
136144:0.029300000000000003,0.0517,0.0838,0.1072,0.13920000000000002,0.158,0.1862,0.2144,0.23920000000000002,0.2696,0.2954,0.3272,0.3548,0.3801,0.4093,0.42660000000000003,0.4419,0.45380000000000004,0.46180000000000004,0.47250000000000003,0.4822,0.49100000000000005,0.5036,0.5104000000000001,0.5182,0.5251,0.5344,0.5402,0.5467000000000001,0.5539000000000001,0.5598000000000001,0.5668000000000001,0.5734,0.5799000000000001,0.5862,0.5921000000000001,0.5985,0.6053000000000001,0.6106,0.6155,0.6215,0.6267,0.6326,0.6398,0.6458,0.6516000000000001,0.6576000000000001,0.6631,0.6692,0.6756,0.6824,0.6879000000000001,0.6936,0.7006,0.7070000000000001,0.7128,0.7188,0.7251000000000001,0.7311000000000001,0.7369,0.7425,0.7497,0.7552,0.761,0.7665000000000001,0.7726000000000001,0.7779,0.7843,0.7896000000000001,0.7949,0.8004,0.8067000000000001,0.8127000000000001,0.8189000000000001,0.8251000000000001,0.8304,0.8359000000000001,0.8411000000000001,0.8464,0.8549,0.8603000000000001,0.8663000000000001,0.8733000000000001,0.879,0.8851,0.8907,0.8978,0.903,0.9092,0.9152,0.9206000000000001,0.9257000000000001,0.9317000000000001,0.9373,0.9447000000000001,0.9512,0.9586,0.9651000000000001,0.9733,0.9801000000000001,0.9870000000000001,0.9935,0.9999,1.0061,1.0128000000000001,1.0185,1.0259,1.0315,1.0385,1.0452000000000001,1.0508,1.0585,1.0675000000000001,1.0759,1.0847,1.0915000000000001,1.099,1.1136000000000001,1.1269,1.1398000000000001,1.1508,1.1638,1.1768,1.1886,1.2009,1.2227000000000001,1.2344000000000002,1.2481,1.2592,1.2693,1.2784,1.286,1.2943,1.3036,1.3092000000000001,1.3186,1.3268,1.3338,1.3419,1.3494000000000002,1.3572,1.3638000000000001,1.3711,1.3766,1.3825,1.3884,1.3939000000000001,1.4005,1.4073,1.4127,1.4180000000000001,1.4233,1.4285,1.4341000000000002,1.4397,1.4466,1.455,1.4607,1.4668,1.4726000000000001,1.4788000000000001,1.4843000000000002,1.4901,1.4961,1.5024000000000002,1.5079,1.5132,1.5203,1.5258,1.5331000000000001,1.5392000000000001,1.5455,1.5511000000000001,1.5579,1.5636,1.5685,1.5753000000000001,1.5813000000000001,1.5886,1.5947,1.5997000000000001,1.606,1.6127,1.6186,1.6256000000000002,1.6315000000000002,1.6394,1.6452,1.6512,1.6564,1.6623,1.6687,1.6769,1.6838000000000002,1.6893,1.6953,1.7021000000000002,1.7112,1.7172,1.7244000000000002,1.7307000000000001,1.7377,1.7439,1.7493,1.7564000000000002,1.7651000000000001,1.7736,1.7825000000000002,1.7934,1.8008000000000002,1.8119,1.8216,1.8328,1.8449,1.8568,1.873,1.9018000000000002,1.9278000000000002,1.9512,1.9775,2.005,2.0220000000000002,2.0332,2.0454,2.0552,2.0629,2.0736,2.0820000000000003,2.0919000000000003,2.0993,2.1059,2.1143,2.1226000000000003,2.1305,2.1368,2.1422,2.1522,2.1588000000000003,2.1655,2.1715,2.1771000000000003,2.1826000000000003,2.1884,2.1942,2.2005,2.2068000000000003,2.213,2.2191,2.225,2.2306,2.236,2.2416,2.2474000000000003,2.2518000000000002,2.2579000000000002,2.2646,2.2707,2.2764,2.2817000000000003,2.2874000000000003,2.2939000000000003,2.2981000000000003,2.303,2.3080000000000003,2.315,2.3203,2.3263000000000003,2.3324000000000003,2.3394,2.3456,2.3516,2.3567,2.3632,2.3682000000000003,2.3743000000000003,2.3799,2.3858,2.3922000000000003,2.3985000000000003,2.4042000000000003,2.4093,2.4167,2.4217,2.4272,2.4328000000000003,2.4383,2.4453,2.4515000000000002,2.4587000000000003,2.4655,2.4712,2.4781,2.4839,2.4893,2.4953000000000003,2.5016000000000003,2.5088,2.5148,2.5225,2.5288,2.5355000000000003,2.5419,2.5486,2.5544000000000002,2.563,2.5709,2.5775,2.5862000000000003,2.5939,2.6005000000000003,2.6115,2.6201000000000003,2.6342000000000003,2.6437,2.6547,2.6762,2.7016,2.7342,2.753,2.7814,2.8064,2.8185000000000002,2.8338,2.8434,2.8544,2.8626,2.8716,2.8804000000000003,2.8899000000000004,2.8988,2.9057,2.9116,2.9185000000000003,2.9252000000000002,2.9317,2.9407,2.9466,2.9531,2.9588,2.9646000000000003,2.9707000000000003,2.9774000000000003,2.983,2.9887,2.9943,3.0005,3.0073000000000003,3.0128,3.0194,3.0252000000000003,3.0306,3.0362,3.0414000000000003,3.0467,3.0514,3.0571,3.0632,3.0692,3.0754,3.0814000000000004,3.088,3.096,3.1015,3.1073,3.1135,3.1196,3.1256,3.1313,3.1367000000000003,3.1436,3.1495,3.1543,3.1607000000000003,3.1659,3.1719,3.1777,3.1836,3.1889000000000003,3.1944000000000004,3.2001,3.2065,3.2123,3.2183,3.2247000000000003,3.2295000000000003,3.236,3.2431,3.2479,3.2548000000000004,3.2600000000000002,3.2651000000000003,3.2703,3.2765,3.2821000000000002,3.2875,3.2935000000000003,3.2995,3.3055000000000003,3.3114000000000003,3.3178,3.3234000000000004,3.329,3.3348,3.3419000000000003,3.3472,3.3533,3.3600000000000003,3.37,3.3766000000000003,3.3844000000000003,3.3919,3.3994,3.4115,3.4193000000000002,3.4303000000000003,3.4381000000000004,3.4481,3.4634,3.479,3.4955000000000003,3.5176000000000003,3.5342000000000002,3.5556,3.5699,3.5874,3.6056000000000004,3.6163000000000003,3.6265,3.6371,3.6462000000000003,3.6550000000000002,3.6608,3.6676,3.6763000000000003,3.6844,3.692,3.6984000000000004,3.705,3.7121000000000004,3.7188000000000003,3.7253000000000003,3.7331000000000003,3.7387,3.7458,3.7515,3.7581,3.7635,3.7695000000000003,3.7755,3.7819000000000003,3.7885,3.7944,3.7992000000000004,3.8056,3.8122000000000003,3.8179000000000003,3.8246,3.8305000000000002,3.8361,3.8425000000000002,3.85,3.8548,3.8614,3.8678000000000003,3.873,3.8791,3.8847,3.8908,3.8965,3.9029000000000003,3.9093,3.9148,3.9207,3.9261000000000004,3.9323,3.938,3.9440000000000004,3.9503000000000004,3.9572000000000003,3.9647,3.9702,3.9764000000000004,3.9825000000000004,3.9887,3.9941,3.9997000000000003,4.004700000000001,4.01,4.0162,4.0237,4.0301,4.0363,4.041300000000001,4.0472,4.0542,4.0608,4.069,4.0755,4.081,4.0887,4.0948,4.1018,4.1097,4.1166,4.1233,4.1301000000000005,4.1363,4.1426,4.149900000000001
136163:0.1046,0.1443,0.17750000000000002,0.22130000000000002,0.2917,0.37060000000000004,0.42400000000000004,1.1482,1.1938,1.2447000000000001,1.8173000000000001,1.8629,1.9046,1.9448,1.9906000000000001,2.6362,2.672,2.7093000000000003,2.7524,2.8427000000000002,3.4833000000000003,3.5531,3.5941
136180:0.0302,0.0592,0.0889,0.1207,0.1511,0.1746,0.2109,0.2378,0.2596,0.2922,0.3175,0.34500000000000003,0.37570000000000003,0.4042,0.43470000000000003,0.46730000000000005,0.4969,0.5152,0.5313,0.5485,0.5639000000000001,0.5812,0.6025,0.6236,0.6393,0.6602,0.6816,0.6991,0.7217,0.7424000000000001,0.7642,0.7889,0.8065,0.8299000000000001,0.8487,0.8702000000000001,0.8906000000000001,0.9117000000000001,0.9334,0.9494,0.9729000000000001,0.9912000000000001,1.0147000000000002,1.0306,1.0473000000000001,1.0612000000000001,1.0824,1.0976000000000001,1.1174,1.1569,1.1824000000000001,1.2092,1.2307000000000001,1.2638,1.2877,1.3115,1.3294000000000001,1.3454000000000002,1.3643,1.3856000000000002,1.4061000000000001,1.4205,1.4359000000000002,1.4641000000000002,1.4838,1.5072,1.5282,1.5507,1.5717,1.593,1.6151,1.6323,1.6612,1.6803000000000001,1.7015,1.7177,1.7382000000000002,1.7607000000000002,1.7803,1.8042,1.8294000000000001,1.8609,1.8844,1.9159000000000002,1.947,1.9700000000000002,2.0078,2.0339,2.0626,2.083,2.1031,2.1247000000000003,2.1428000000000003,2.1591,2.1806,2.2016,2.2209000000000003,2.2407,2.2624,2.2832,2.3016,2.3201,2.3375,2.3582,2.3818,2.3970000000000002,2.4188,2.4363,2.4615,2.484,2.5062,2.5254000000000003,2.5411,2.5547,2.5716,2.5909,2.6093,2.6375,2.6602,2.6974,2.737,2.7671,2.8085,2.8303000000000003,2.8515,2.873,2.8967,2.9152,2.9324000000000003,2.9521,2.9737,2.9938000000000002,3.0152,3.0355000000000003,3.0536000000000003,3.0740000000000003,3.0997000000000003,3.121,3.1398,3.1588000000000003,3.1744000000000003,3.1950000000000003,3.2122,3.2303,3.2525,3.2715,3.2914000000000003,3.3093000000000004,3.3324000000000003,3.3484000000000003,3.3627000000000002,3.3836,3.4022,3.4246000000000003,3.4508,3.4714,3.4970000000000003,3.5262000000000002,3.5485,3.5786000000000002,3.6154,3.64,3.6613,3.6815,3.7014,3.7245000000000004,3.7434000000000003,3.7607000000000004,3.7778,3.7984,3.8222,3.8457000000000003,3.871,3.8887,3.9049,3.9239,3.9447,3.962,3.9802000000000004,4.003,4.0184,4.0466,4.0693,4.089,4.1119,4.1306,4.1473
136226:0.0442,0.065,0.1012,0.16790000000000002,0.19870000000000002,0.2411,0.27190000000000003,0.3373,0.3783,0.4051,0.4318,1.0989,1.1328,1.3164,1.8435000000000001,1.867,1.895,1.9319000000000002,1.9554,1.9762000000000002,2.0368,2.6349,2.748,2.7835,2.8359,3.5319000000000003,3.5717000000000003,4.119400000000001
136405:0.6439,0.6736000000000001,0.7080000000000001,0.7383000000000001,0.7649,0.7846000000000001,0.8207,0.8367,0.8530000000000001,0.8997,0.9258000000000001,0.9640000000000001,1.0030000000000001,1.0329000000000002,1.4225,1.4378,1.4767000000000001,1.5021,1.5188000000000001,1.5355,1.5711000000000002,1.6454,1.6752,2.221,2.2552000000000003,2.2842000000000002,2.3102,2.325,2.3628,2.3845,2.4028,2.4382,2.4759,3.0084,3.1007000000000002,3.1249000000000002,3.1433,3.1918,3.2204,3.2407000000000004,3.2592000000000003,3.2758000000000003,3.2995,3.3469,3.3652,3.3872,3.7005000000000003,3.8215000000000003,3.8888000000000003,3.9183000000000003,3.9343000000000004,3.9635000000000002,4.0362
136411:0.1481,0.4214,0.5760000000000001,0.6089,0.7787000000000001,0.8009000000000001,0.861,0.9725,1.0167000000000002,1.0746,1.1857,1.3807,1.4547,1.5152,1.6597000000000002,1.7685000000000002,1.8485,1.9091,1.99,2.0282,2.0704000000000002,2.1788000000000003,2.2415000000000003,2.2881,2.4331,2.4738,2.5244,2.6621,2.8368,2.9307000000000003,3.192,3.3659000000000003,3.4239,3.4496,3.6946000000000003,3.7552000000000003,4.0667,4.1475
136437:1.0079,1.49,1.6104
136485:0.0805,0.2218,0.26930000000000004,0.3093,0.35100000000000003,0.395,1.1189,1.2052,1.2654,1.8617000000000001,1.9676,2.6378,2.6834000000000002,2.7062,2.7849,2.8104,2.8600000000000003,3.5170000000000003,3.5542000000000002,3.5862000000000003
136520:0.6594,0.9416,1.4975,1.6263,2.3012,3.1693000000000002
136795:0.045700000000000005
137016:1.0735000000000001
137029:0.63,0.6905,0.7726000000000001,0.8312,0.8924000000000001,0.9906,1.4115,1.5719,1.6456000000000002,2.1917,2.2414,2.3131,2.3725,2.4311000000000003,2.4877000000000002,2.9763,3.0417,3.1073,3.1683000000000003,3.2542,3.3311,3.7842000000000002,3.8594000000000004,3.9221000000000004,4.0018
137270:0.45280000000000004,0.47900000000000004,0.4844,0.4853,0.4979,0.5008,0.5092,0.5103,0.5111,0.5375,0.5449,0.5512,0.5539000000000001,0.5654,0.5663,0.5686,0.5732,0.5767,0.5803,0.5861000000000001,0.6034,0.6168,0.6187,0.6206,0.623,0.6264000000000001,0.6342,0.6396000000000001,0.6419,0.6481,0.6535000000000001,0.6564,0.6567000000000001,0.6606000000000001,0.6641,0.6673,0.6722,0.6877,0.6962,0.7001000000000001,0.7367,0.7549,0.7681,0.78,0.7809,0.7938000000000001,0.7943,0.7998000000000001,0.8065,0.8098000000000001,0.8124,0.8203,0.8282,0.8317,0.8452000000000001,0.8495,0.8517,0.8605,0.8616,0.8684000000000001,0.8781,0.8843000000000001,0.8992,0.9107000000000001,0.9141,0.9192,0.9222,0.9296000000000001,0.9318000000000001,0.9322,0.9359000000000001,0.9378000000000001,0.9399000000000001,0.9405,0.9476,0.9702000000000001,0.9760000000000001,0.9857,1.0064,1.0072,1.0177,1.0182,1.0217,1.0231000000000001,1.0308,1.0390000000000001,1.0403,1.0655000000000001,1.1,1.1253,1.1397000000000002,1.1844000000000001,1.2522,1.2688000000000001,1.2893000000000001,1.3018,1.3072000000000001,1.3156,1.3187,1.3356000000000001,1.3532,1.3603,1.3612,1.3621,1.3678000000000001,1.3721,1.3728,1.3794,1.3807,1.3872,1.3953,1.4104,1.4115,1.4143000000000001,1.4203000000000001,1.431,1.4321000000000002,1.4385000000000001,1.4428,1.4461000000000002,1.449,1.4520000000000002,1.4564000000000001,1.4603000000000002,1.4656,1.4719,1.4783000000000002,1.4787000000000001,1.4905000000000002,1.5058,1.5156,1.5217,1.5267000000000002,1.5441,1.5505,1.5585,1.5702,1.5749,1.5877000000000001,1.5892000000000002,1.5897000000000001,1.5924,1.5976000000000001,1.6018000000000001,1.6302,1.6312,1.6334000000000002,1.6382,1.6425,1.6526,1.671,1.679,1.6863000000000001,1.6875,1.6899000000000002,1.7288000000000001,1.7467000000000001,1.7492,1.8272000000000002,1.8471000000000002,1.8497000000000001,2.0036,2.0308,2.0577,2.0586,2.0709,2.0948,2.1059,2.1198,2.1275,2.1342000000000003,2.1393,2.1424000000000003,2.1487000000000003,2.1516,2.1623,2.1759,2.1769000000000003,2.1792000000000002,2.1849000000000003,2.1876,2.2013000000000003,2.2092,2.2192000000000003,2.2277,2.2365,2.2373000000000003,2.2462,2.2537000000000003,2.2548,2.2576,2.2619000000000002,2.2705,2.2760000000000002,2.2826,2.2879,2.2893,2.2992,2.2995,2.3044000000000002,2.3199,2.323,2.3323,2.3393,2.3527,2.353,2.3639,2.3749000000000002,2.3763,2.3805,2.3811,2.3850000000000002,2.3909000000000002,2.3927,2.4036,2.4079,2.4119,2.4143000000000003,2.4159,2.4216,2.4265000000000003,2.4273000000000002,2.4297,2.4357,2.4456,2.4562,2.4602,2.4611,2.4648000000000003,2.4651,2.4726,2.4903,2.5033000000000003,2.529,2.5337,2.549,2.5654,2.5694,2.5723000000000003,2.587,2.5932,2.5991,2.609,2.6433,2.9034,2.9086000000000003,2.9099,2.9147000000000003,2.9188,2.919,2.9210000000000003,2.927,2.9307000000000003,2.9403,2.9564000000000004,2.9741,2.9902,2.9971,3.0128,3.0345,3.0355000000000003,3.0363,3.0377,3.0401000000000002,3.053,3.0654000000000003,3.0682,3.0726,3.0767,3.0797000000000003,3.0802,3.0899,3.0928,3.1020000000000003,3.1038,3.1296,3.1311,3.1401000000000003,3.1411000000000002,3.1466000000000003,3.1550000000000002,3.1593,3.1613,3.1638,3.1671,3.1706000000000003,3.1727000000000003,3.1919,3.2038,3.2097,3.2112000000000003,3.2287000000000003,3.2294,3.2321,3.2437,3.2471,3.2605,3.2609000000000004,3.2735000000000003,3.2786,3.2878000000000003,3.3056,3.3281,3.362,3.3818,3.4187000000000003,3.4342,3.4393000000000002,3.4435000000000002,3.5475000000000003,3.6501,3.653,3.6558,3.6878,3.6989,3.7268000000000003,3.7274000000000003,3.7278000000000002,3.7323000000000004,3.7381,3.7431,3.7622,3.7645000000000004,3.7673,3.7761,3.7768,3.7802000000000002,3.7880000000000003,3.8006,3.8077,3.8102,3.8142,3.826,3.8297000000000003,3.8332,3.8334,3.8344,3.8353,3.8521,3.8537000000000003,3.8581000000000003,3.8595,3.8757,3.8779000000000003,3.8781000000000003,3.8905000000000003,3.9029000000000003,3.9056,3.9093,3.914,3.9143000000000003,3.9353000000000002,3.9487,3.9502,3.9516,3.9553000000000003,3.9578,3.9625000000000004,3.9709000000000003,3.984,3.9844000000000004,3.9923,4.0141,4.0184,4.0346,4.0383000000000004,4.039000000000001,4.0448,4.053100000000001,4.0591,4.0677,4.0681,4.0923,4.103400000000001,4.113,4.1238,4.1241,4.1286000000000005,4.1405,4.1466
137421:0.5328,0.5584,0.5808,0.6053000000000001,0.6303000000000001,0.6595000000000001,0.683,0.7208,0.7543000000000001,0.7891,0.8118000000000001,0.8426,0.8715,0.8932,0.9201,0.9485,0.9738,1.0310000000000001,1.0552000000000001,1.106,1.2247000000000001,1.2928000000000002,1.3286,1.366,1.3899000000000001,1.4404000000000001,1.4692,1.5161,1.5365,1.5737,1.5973000000000002,1.6219000000000001,1.6531,1.6759000000000002,1.7115,1.7465000000000002,1.7675,1.8113000000000001,2.0986000000000002,2.1378,2.1665,2.1833,2.2191,2.2543,2.2792,2.2916000000000003,2.3387000000000002,2.3846000000000003,2.4044000000000003,2.4305000000000003,2.4475000000000002,2.4794,2.5043,2.5356,2.5511,2.5678,2.5985,2.7175000000000002,2.9203,2.9436,2.9729,3.0021,3.0300000000000002,3.0614000000000003,3.0879000000000003,3.1334,3.1542000000000003,3.1944000000000004,3.2212,3.2681,3.2830000000000004,3.3034000000000003,3.3264,3.3534,3.3856,3.4123,3.4554,3.696,3.7402,3.7666000000000004,3.7832000000000003,3.8179000000000003,3.8581000000000003,3.8878000000000004,3.9209,3.9541000000000004,3.9762000000000004,4.0023,4.0193,4.0693,4.103800000000001,4.1315
137748:0.0565,0.0971,0.1348,0.1771,0.2091,0.2504,0.3106,0.37360000000000004,0.42360000000000003,0.45470000000000005,1.2236,1.8574000000000002,1.9125,1.9352,1.9626000000000001,2.0188,2.0482,2.6768,2.7048,2.7376,2.7734,2.7921,2.8322000000000003,3.5091,3.5617,3.5947,3.6597000000000004
138130:0.11960000000000001,0.45880000000000004,1.1540000000000001,1.9654,2.7264,3.5082
138217:0.2093,0.2736,1.993
138218:0.0577,0.0751,0.1114,0.1839,0.2813,0.3226,0.3563,0.39990000000000003,0.4481,0.5085000000000001,0.5442,1.1873,1.2769000000000001,1.3105,1.9026,1.9409,1.9818,2.0191,2.0834,2.1101,2.6959,2.7186000000000003,2.7272000000000003,2.7815000000000003,2.8462,2.8916,2.9183000000000003,2.931,3.5054000000000003,3.5523000000000002,3.5636,3.6507,4.0798000000000005
138287:2.3032
138339:0.0918,0.6148,0.6746,0.9681000000000001,1.4226,1.6044,1.7223000000000002,2.1775,2.2575000000000003,2.5274,2.9701,3.0829,3.3095000000000003,3.7796000000000003,3.8253000000000004,4.0116000000000005,4.073300000000001,4.139
138580:0.48360000000000003,0.4844,0.4857,0.5002,0.5096,0.5102,0.5223,0.5238,0.5274,0.5345,0.5668000000000001,0.5721,0.5737,0.5818,0.5864,0.5944,0.6008,0.6422,0.6461,0.6476000000000001,0.6485000000000001,0.653,0.6718000000000001,0.6777000000000001,0.6849000000000001,0.6872,0.6928000000000001,0.6972,0.7000000000000001,0.7026,0.7052,0.7070000000000001,0.7135,0.7229,0.7321000000000001,0.7529,0.7566,0.7576,0.7607,0.7648,0.7666000000000001,0.7728,0.779,0.7915000000000001,0.7946000000000001,0.7996000000000001,0.8066,0.8114,0.8183,0.8208000000000001,0.8292,0.8351000000000001,0.8431000000000001,0.8445,0.8564,0.8606,0.8618,0.8664000000000001,0.8693000000000001,0.8713000000000001,0.8901,0.8933000000000001,0.8936000000000001,0.8964000000000001,0.8975000000000001,0.9038,0.9121,0.9125000000000001,0.9228000000000001,0.9272,0.9369000000000001,0.9502,0.9644,0.9846,1.0067000000000002,1.0081,1.072,1.087,1.2821,1.3055,1.3213000000000001,1.3425,1.3612,1.3617000000000001,1.3747,1.3784,1.3935,1.4055,1.4080000000000001,1.4134,1.4241000000000001,1.433,1.4391,1.4529,1.4591,1.463,1.4651,1.4706000000000001,1.4727000000000001,1.4741,1.4792,1.4839,1.4936,1.4983,1.5170000000000001,1.5231000000000001,1.5324,1.5353,1.5494,1.5541,1.5545,1.5585,1.5606,1.5651000000000002,1.5698,1.57,1.5768,1.5878,1.5971000000000002,1.5995000000000001,1.6016000000000001,1.6177000000000001,1.6274000000000002,1.6368,1.6431,1.6704,1.675,1.6828,1.697,1.6994,1.7016,1.7018,1.7199,1.7232,1.7239,1.7277,1.7289,1.7455,1.7965,1.7970000000000002,1.8083,1.8335000000000001,2.0463,2.0862000000000003,2.103,2.1175,2.1385,2.1435,2.1634,2.1638,2.164,2.1697,2.1709,2.1721,2.1790000000000003,2.1842,2.1854,2.1894,2.1910000000000003,2.2077,2.2271,2.2390000000000003,2.2423,2.2472000000000003,2.2481,2.2845,2.2918000000000003,2.3126,2.3243,2.326,2.3298,2.3399,2.4178,2.4193000000000002,2.4238,2.4287,2.4321,2.4323,2.4546,2.4581,2.4692000000000003,2.4738,2.4828,2.483,2.4903,2.4945,2.4959000000000002,2.4974000000000003,2.5002,2.513,2.5234,2.5283,2.535,2.5638,2.5699,2.5791,2.5913,2.5992,2.8617000000000004,2.8757,2.8834,2.9117,2.9232,2.9268,2.9542,2.9606000000000003,2.9673000000000003,2.9685,2.9692000000000003,2.9701,2.9753000000000003,2.9764,2.9776000000000002,2.9851,2.9865,2.9964,2.9976000000000003,2.998,2.9998,3.0003,3.0025,3.0036,3.0038,3.0119000000000002,3.0199000000000003,3.0228,3.0384,3.0422000000000002,3.0460000000000003,3.0484,3.0533,3.0595000000000003,3.0609,3.079,3.0823,3.084,3.0891,3.0971,3.1019,3.1033,3.1065,3.1185,3.1188000000000002,3.1191,3.1312,3.1340000000000003,3.1425,3.1438,3.1465,3.1540000000000004,3.1562,3.1628000000000003,3.1691000000000003,3.1708000000000003,3.1711,3.1781,3.1837,3.1959,3.2028000000000003,3.2083000000000004,3.2121,3.2159,3.2177000000000002,3.2243,3.2478000000000002,3.2533000000000003,3.2545,3.2576,3.2642,3.2687,3.2781000000000002,3.2889000000000004,3.2918000000000003,3.2947,3.3073,3.3194000000000004,3.3251,3.3473,3.3524000000000003,3.3696,3.3731,3.3833,3.3877,3.395,3.4012000000000002,3.4046000000000003,3.4317,3.6318,3.6666000000000003,3.6845000000000003,3.6871,3.6982000000000004,3.7018,3.706,3.7096,3.7121000000000004,3.7185,3.722,3.7355,3.7369000000000003,3.7407000000000004,3.7457000000000003,3.7473,3.7479,3.758,3.7611000000000003,3.7737000000000003,3.7784,3.7797,3.7801,3.7805,3.7857000000000003,3.7874000000000003,3.7967,3.8058,3.8099000000000003,3.8253000000000004,3.8306,3.8386,3.8509,3.8513,3.8538,3.8707000000000003,3.8807,3.8813,3.8852,3.8863000000000003,3.8883,3.8926000000000003,3.8934,3.9008000000000003,3.9145000000000003,3.9242000000000004,3.9282000000000004,3.9311000000000003,3.9349000000000003,3.9384,3.9411,3.9413,3.9488000000000003,3.9543000000000004,3.9633000000000003,3.9718,3.9757000000000002,3.9839,3.9971,4.0138,4.0145,4.016500000000001,4.0354,4.0464,4.0529,4.062,4.0622,4.0756000000000006,4.0769,4.0842,4.091,4.0976,4.1017,4.1025,4.131,4.1416,4.1447,4.1462