64:2.6442
472:0.9870000000000001,1.0648,1.094,1.1024,1.1528,1.2017,1.2426000000000001,1.2751000000000001,1.3152000000000001,1.3304,1.3445,1.3601,1.3984,1.4223000000000001,1.4262000000000001,1.4695,1.5038,1.5333,1.5712000000000002,1.6143,1.6183,1.6497000000000002,1.6763000000000001,1.7032,1.719,1.75,1.7582,1.7966000000000002,1.8162,1.8429,1.8682,1.8743,1.9014000000000002,1.9112,1.9443000000000001,1.9600000000000002,1.9829,2.0158,2.0446,2.0507,2.0820000000000003,2.095,2.1303,2.1559,2.1734,2.1972,2.2091000000000003,2.234,2.2736,2.2915,2.2985,2.3264,2.3488,2.3692,2.3983000000000003,2.4065000000000003,2.4127,2.4409,2.4452000000000003,2.4507000000000003,2.487,2.5189,2.5274,2.5382000000000002,2.5679000000000003,2.6061,2.6390000000000002,2.6525000000000003,2.6782,2.6859,2.7282,2.7323,2.7681,2.7823,2.8062,2.8254,2.8526000000000002,2.8762000000000003,2.8899000000000004,2.9098,2.9361,2.9471000000000003,2.952,2.9730000000000003,2.9815,2.9946
676:1.3602,1.4761,1.5332000000000001,1.5845,1.6241,1.7052,1.7628000000000001,1.8258,1.8816000000000002,1.9214,1.9855,2.0493,2.0873,2.1363000000000003,2.2026,2.2403,2.2898,2.3419000000000003,2.3774,2.4119,2.4488000000000003,2.5195000000000003,2.543,2.5744000000000002,2.6104000000000003,2.6531000000000002,2.6937,2.7333000000000003,2.7848,2.837,2.9116,2.9569,2.9913000000000003
750:1.3760000000000001,1.6141,1.6837,1.7989000000000002,1.8697000000000001,1.9203000000000001,1.9621000000000002,2.0067,2.0655,2.1382000000000003,2.2183,2.2845,2.4049,2.4522,2.5388,2.5849,2.6855,2.7604,2.7912000000000003,2.8328,2.9119,2.9484000000000004,2.9815
904:1.2594
1092:0.8612000000000001,0.888,0.9889,1.0314,1.0459,1.1595,1.1806,1.1928,1.2017,1.2143000000000002,1.2235,1.2424,1.2482,1.2549000000000001,1.258,1.2765,1.2895,1.3181,1.3361,1.34,1.3447,1.3545,1.3565,1.3626,1.3833,1.4080000000000001,1.4268,1.4427,1.4681,1.4754,1.4803000000000002,1.5044000000000002,1.5047000000000001,1.5082,1.5297,1.5479,1.5550000000000002,1.5573000000000001,1.5590000000000002,1.5761,1.5912000000000002,1.5971000000000002,1.5973000000000002,1.5983,1.6113000000000002,1.6272,1.655,1.6563,1.6574,1.6837,1.6869,1.6944000000000001,1.6956,1.6968,1.7003000000000001,1.7078,1.7115,1.7120000000000002,1.7237,1.7337,1.7354,1.7398,1.7516,1.7657,1.7677,1.7691000000000001,1.7789000000000001,1.7861,1.7936,1.8066,1.8078,1.8085,1.8128000000000002,1.83,1.8302,1.8313000000000001,1.8464,1.8611000000000002,1.8617000000000001,1.8713000000000002,1.8738000000000001,1.875,1.8800000000000001,1.8876000000000002,1.8909,1.8912,1.8931,1.8988,1.9105,1.9112,1.9197000000000002,1.925,1.9321000000000002,1.9367,1.9409,1.9462000000000002,1.9517,1.9558,1.9597,1.9803000000000002,1.9882000000000002,1.9973,2.0008,2.0083,2.0115000000000003,2.0162,2.024,2.0394,2.0581,2.059,2.0669,2.0737,2.0780000000000003,2.0835,2.0858000000000003,2.0916,2.1015,2.1103,2.1105,2.1112,2.1225,2.1254,2.1299,2.1392,2.1404,2.1502,2.1538,2.1624000000000003,2.1802,2.1813000000000002,2.1844,2.1904,2.2014,2.2019,2.206,2.209,2.2105,2.2121,2.2123,2.2191,2.2244,2.2442,2.2445,2.2459000000000002,2.2486,2.2671,2.2711,2.2775000000000003,2.2902,2.2987,2.3106,2.3332,2.3504,2.3546,2.355,2.371,2.3862,2.3873,2.3952,2.3966000000000003,2.3989000000000003,2.4082,2.4159,2.4244000000000003,2.4293,2.4358,2.4445,2.4479,2.4518,2.4556,2.4682,2.4808000000000003,2.4931,2.5004,2.5061,2.5221,2.5246,2.5328,2.5348,2.5448,2.5451,2.5564,2.561,2.5620000000000003,2.5681000000000003,2.5792,2.5856000000000003,2.5885000000000002,2.5914,2.5927000000000002,2.5965000000000003,2.6162,2.6277,2.64,2.6417,2.6516,2.6533,2.6694,2.6733000000000002,2.6742,2.6776,2.6809000000000003,2.6859,2.6861,2.6988000000000003,2.7013000000000003,2.7019,2.7023,2.7307,2.7314000000000003,2.7444,2.7465,2.7471,2.7623,2.7630000000000003,2.7813000000000003,2.7853000000000003,2.7935000000000003,2.8059000000000003,2.813,2.8403,2.8576,2.858,2.8598000000000003,2.8686000000000003,2.8691,2.8829000000000002,2.8848000000000003,2.8867000000000003,2.8961,2.902,2.9050000000000002,2.9059,2.9148,2.9245,2.9250000000000003,2.9261,2.9304,2.9315,2.9336,2.9362,2.9385000000000003,2.9458,2.9499,2.9528000000000003,2.9541,2.9568000000000003,2.9658,2.9835000000000003,2.9859,2.9871000000000003,2.9917000000000002,2.9924,2.9992
1133:0.9743,1.0344,1.0606,1.1141,1.1400000000000001,1.1669,1.2049,1.2247000000000001,1.2535,1.2868000000000002,1.3037,1.3246,1.3543,1.3702,1.3896000000000002,1.4042000000000001,1.4283000000000001,1.4445000000000001,1.4613,1.4782000000000002,1.4992,1.5144,1.5261,1.5445,1.5628,1.5805,1.5935000000000001,1.6109,1.6234000000000002,1.6401000000000001,1.6522000000000001,1.6625,1.6735,1.6846,1.6969,1.7058,1.7171,1.7289,1.7378,1.7507000000000001,1.7624000000000002,1.7815,1.7918,1.8018,1.8147,1.8255000000000001,1.8328,1.8417000000000001,1.8564,1.865,1.8783,1.8899000000000001,1.9018000000000002,1.909,1.9186,1.931,1.9475,1.9572,1.9700000000000002,1.9834,1.9992,2.0084,2.0209,2.0375,2.0477000000000003,2.0574,2.0678,2.081,2.0900000000000003,2.0994,2.1085000000000003,2.1237,2.1404,2.1476,2.1589,2.1735,2.1823,2.2043,2.2138,2.2255000000000003,2.2375000000000003,2.2545,2.2656,2.2758000000000003,2.2899000000000003,2.3061000000000003,2.3262,2.3406000000000002,2.3556,2.3692,2.3796,2.3917,2.4112,2.4277,2.4392,2.4632,2.4761,2.4916,2.5046,2.5147,2.5323,2.5412,2.5533,2.5651,2.5771,2.5863,2.5974,2.6105,2.6213,2.6357,2.6509,2.6633,2.6721,2.6849000000000003,2.6992000000000003,2.7175000000000002,2.732,2.7426,2.7557,2.7667,2.7807,2.7941000000000003,2.8059000000000003,2.8200000000000003,2.8308,2.8462,2.8585000000000003,2.8699000000000003,2.8842000000000003,2.8951000000000002,2.9066,2.9223000000000003,2.9333,2.9448000000000003,2.9573,2.9726000000000004,2.9881,2.9979
1792:1.0467,1.1857,1.6546
1811:1.2763,1.3451,1.4335,1.4699,1.5210000000000001,1.5704,1.5987,1.6257000000000001,1.6571,1.7020000000000002,1.7579,1.7805000000000002,1.8111000000000002,1.8276000000000001,1.8612000000000002,1.8880000000000001,1.9088,1.9424000000000001,1.9775,2.0171,2.0501,2.0865,2.115,2.1307,2.1588000000000003,2.1904,2.2232000000000003,2.2567,2.2892,2.3269,2.3487,2.3823000000000003,2.4061,2.428,2.4601,2.4879000000000002,2.5111000000000003,2.5256000000000003,2.536,2.5652,2.5852,2.6162,2.6448,2.6706000000000003,2.6992000000000003,2.7279,2.7684,2.8106,2.833,2.8455,2.8838,2.9199,2.955,2.983,2.994
1914:1.5281,1.8742,2.3723,2.4774000000000003,2.7209000000000003
2793:1.8921000000000001
2860:1.0685,1.0931,1.1532,1.2016,1.2461,1.2744,1.2784,1.3144,1.3522,1.3743,1.3989,1.4227,1.4419,1.4559,1.4704000000000002,1.5019,1.5078,1.5175,1.5285,1.5343,1.5586,1.5886,1.5949,1.6005,1.6129,1.6387,1.6500000000000001,1.6696,1.6772,1.6835,1.7005000000000001,1.7193,1.7281000000000002,1.7392,1.7570000000000001,1.7631000000000001,1.7798,1.7935,1.8223,1.8335000000000001,1.8434000000000001,1.8658000000000001,1.8745,1.8986,1.9089,1.9381000000000002,1.953,1.959,1.9846000000000001,1.9963000000000002,2.0028,2.0173,2.0266,2.0481000000000003,2.0539,2.0649,2.0775,2.0871,2.0941,2.1172,2.1384000000000003,2.1489000000000003,2.1596,2.1722,2.1949,2.2001,2.222,2.2363,2.253,2.2687,2.2787,2.285,2.3128,2.3277,2.3414,2.3475,2.3664,2.3711,2.3962000000000003,2.4028,2.4318,2.4492000000000003,2.4767,2.4876,2.5067,2.5181,2.5311,2.5408,2.5531,2.5764,2.5842,2.5903,2.6018000000000003,2.6087000000000002,2.6181,2.6237,2.6395,2.6538,2.6683000000000003,2.684,2.6924,2.7119,2.7213000000000003,2.7312000000000003,2.746,2.7565,2.7688,2.7845,2.7917,2.8087,2.8313,2.8469,2.8644000000000003,2.8743000000000003,2.8993,2.9108,2.9284000000000003,2.9433000000000002,2.9719,2.9805
2955:1.5879,1.6734,1.8643,1.9434,2.0519000000000003,2.1292,2.1893000000000002,2.2566,2.3736,2.4829000000000003,2.5456000000000003,2.6302000000000003,2.7164,2.7719,2.869,2.9345000000000003,2.9728000000000003
3122:1.0638,1.1718,1.2123000000000002,1.3109,1.4020000000000001,1.5555,2.2817000000000003
3215:1.9196000000000002,2.3815,2.6020000000000003,2.6931000000000003,2.7401
3359:0.8768,0.9212,0.9562,0.9836,1.0032,1.0284,1.0547,1.0717,1.1015000000000001,1.1079,1.1137000000000001,1.1409,1.1609,1.1818,1.1936,1.203,1.2156,1.2357,1.2572,1.2589000000000001,1.2799,1.2874,1.3086,1.3098,1.312,1.3321,1.3325,1.3695000000000002,1.3909,1.3934,1.4187,1.4342000000000001,1.4539,1.462,1.5021,1.5242,1.5299,1.5366,1.5396,1.5467,1.5470000000000002,1.5602,1.5645,1.5675000000000001,1.5708,1.6245,1.6441000000000001,1.6614,1.6739000000000002,1.6837,1.6883000000000001,1.7015,1.7102000000000002,1.735,1.7483000000000002,1.7565000000000002,1.7655,1.7756,1.7788000000000002,1.7899,1.8,1.8036,1.8148000000000002,1.8199,1.8255000000000001,1.8259,1.8277,1.8306,1.8398,1.846,1.8468,1.8515000000000001,1.8521,1.8546,1.8614000000000002,1.8791,1.8875000000000002,1.8951,1.9040000000000001,1.9168,1.9236000000000002,1.9315,1.9342000000000001,1.9482000000000002,1.9537,1.9558,1.9566000000000001,1.9601000000000002,1.9605000000000001,1.963,1.9708,1.9832,1.9936,2.0016000000000003,2.035,2.0356,2.0434,2.0497,2.0613,2.0704000000000002,2.0744000000000002,2.0797,2.08,2.0813,2.0816,2.0901,2.1076,2.1165000000000003,2.1218,2.1254,2.1326,2.1342000000000003,2.138,2.1385,2.1531000000000002,2.1593,2.1833,2.1871,2.1968,2.1982,2.2299,2.2319,2.233,2.2398000000000002,2.2484,2.2558000000000002,2.2640000000000002,2.2697000000000003,2.2938,2.2947,2.3048,2.305,2.3258,2.3296,2.3360000000000003,2.3456,2.3497,2.3501000000000003,2.3532,2.3535,2.3701000000000003,2.3773,2.3825000000000003,2.3967,2.3991000000000002,2.4005,2.4113,2.4119,2.4172000000000002,2.4175,2.4238,2.4253,2.4373,2.4410000000000003,2.4529,2.4593000000000003,2.462,2.4722,2.4766,2.4773,2.4804,2.4915000000000003,2.4930000000000003,2.4972000000000003,2.508,2.5089,2.5161000000000002,2.5184,2.5219,2.5222,2.5351,2.537,2.5444,2.548,2.5483000000000002,2.5495,2.5529,2.5553,2.557,2.589,2.6075,2.6199000000000003,2.6212,2.6388000000000003,2.6432,2.6441000000000003,2.6451000000000002,2.646,2.6469,2.656,2.6591,2.6645000000000003,2.6681,2.6771000000000003,2.6983,2.7006,2.7056,2.7097,2.7253000000000003,2.7302,2.7389,2.7571000000000003,2.7642,2.7758000000000003,2.7786,2.7789,2.787,2.7915,2.7974,2.8202000000000003,2.8235,2.8313,2.8434,2.8441,2.8477,2.8480000000000003,2.8539000000000003,2.8560000000000003,2.8592,2.8724000000000003,2.8763,2.8843,2.8934,2.8954,2.9031000000000002,2.9182,2.9205,2.9219,2.9299,2.9305000000000003,2.9331,2.9564000000000004,2.9656000000000002,2.9722,2.9733,2.9764,2.9909000000000003,2.9957000000000003,2.998
3448:1.0277,1.0818,1.1349,1.1669,1.196,1.2355,1.2564,1.2701,1.2911000000000001,1.3127,1.3423,1.3568,1.3836000000000002,1.3962,1.4133,1.4349,1.4485000000000001,1.461,1.4765000000000001,1.4897,1.5055,1.5169000000000001,1.5288000000000002,1.5476,1.5615,1.5761,1.5883,1.6006,1.6103,1.6287,1.6391,1.6500000000000001,1.6591,1.6724,1.6859000000000002,1.6963000000000001,1.7105000000000001,1.7196,1.7289,1.7398,1.7512,1.7614,1.7707000000000002,1.7815,1.7917,1.8057,1.8188000000000002,1.8297,1.8405,1.8536000000000001,1.8631,1.8754000000000002,1.8855000000000002,1.8959000000000001,1.9098000000000002,1.9213,1.9321000000000002,1.9451,1.9579000000000002,1.9699,1.9812,1.9936,2.0057,2.0157000000000003,2.0262000000000002,2.0371,2.0492,2.0604,2.0722,2.0813,2.0921000000000003,2.1085000000000003,2.1183,2.128,2.1409000000000002,2.1515,2.1633,2.1734,2.1851000000000003,2.1965,2.2142,2.2246,2.2333000000000003,2.2459000000000002,2.2578,2.2701000000000002,2.2836000000000003,2.3026,2.3158000000000003,2.3282000000000003,2.3384,2.3484000000000003,2.3603,2.3707000000000003,2.3811,2.392,2.406,2.4247,2.438,2.4554,2.4655,2.4752,2.4859,2.4976000000000003,2.5087,2.519,2.5285,2.5380000000000003,2.5493,2.5593,2.5696000000000003,2.5789,2.5908,2.6008,2.6124,2.6209000000000002,2.6293,2.6393,2.6505,2.6619,2.6718,2.6866000000000003,2.6965000000000003,2.7067,2.7157,2.7251000000000003,2.7396000000000003,2.7496,2.7607,2.7713,2.7821000000000002,2.794,2.8057000000000003,2.823,2.8356000000000003,2.8463000000000003,2.8606000000000003,2.8702,2.8838,2.8981000000000003,2.9097,2.9207,2.9295,2.9459,2.9598,2.9702,2.9829000000000003,2.9909000000000003
3498:1.5998,2.1203000000000003
3773:0.9388000000000001,0.9730000000000001,1.0111,1.0294,1.0541,1.0731,1.0995000000000001,1.1232,1.1372,1.1547,1.1682000000000001,1.1858,1.1989,1.2118,1.2354,1.2493,1.2602,1.27,1.2832000000000001,1.2928000000000002,1.3072000000000001,1.3202,1.3365,1.3436000000000001,1.3522,1.3688,1.3829,1.3919000000000001,1.4019000000000001,1.4107,1.4200000000000002,1.4302000000000001,1.4428,1.455,1.4658,1.4761,1.4884000000000002,1.5014,1.5150000000000001,1.524,1.5328000000000002,1.5453000000000001,1.5554000000000001,1.5649000000000002,1.5770000000000002,1.5887,1.5974000000000002,1.6047,1.6126,1.6209,1.6319000000000001,1.641,1.6495000000000002,1.6571,1.6658000000000002,1.6739000000000002,1.6841000000000002,1.6919000000000002,1.7004000000000001,1.7085000000000001,1.7154,1.7255,1.7364000000000002,1.7493,1.7568000000000001,1.7647000000000002,1.774,1.7819,1.7892000000000001,1.7962,1.8030000000000002,1.8115,1.8203,1.8282,1.8378,1.8467,1.8547,1.8625,1.8703,1.8774000000000002,1.8863,1.8940000000000001,1.9017000000000002,1.9088,1.9158000000000002,1.9223000000000001,1.9307,1.9388,1.9468,1.9569,1.9641000000000002,1.9721000000000002,1.9799,1.9883000000000002,1.9955,2.0041,2.0119000000000002,2.0217,2.0302000000000002,2.0393,2.0465,2.0524,2.0599000000000003,2.068,2.0762,2.0843000000000003,2.0929,2.1047000000000002,2.1125000000000003,2.1218,2.1310000000000002,2.1379,2.1452,2.1523000000000003,2.16,2.1695,2.1793,2.1874000000000002,2.1958,2.2052,2.212,2.2191,2.2279,2.238,2.2473,2.2553,2.2636000000000003,2.2711,2.2832,2.2933,2.3002000000000002,2.3105,2.3177000000000003,2.3257000000000003,2.3336,2.3423000000000003,2.3545000000000003,2.3640000000000003,2.3756,2.3823000000000003,2.3905000000000003,2.3995,2.408,2.4161,2.4252000000000002,2.4354,2.4434,2.4502,2.4585,2.4658,2.4724,2.4793000000000003,2.4868,2.4959000000000002,2.5050000000000003,2.5121,2.5223,2.5311,2.5391,2.5479000000000003,2.5555000000000003,2.5629,2.5705,2.5795,2.5882,2.5976,2.6059,2.612,2.6194,2.6251,2.6352,2.6417,2.6509,2.6597,2.6689000000000003,2.6773000000000002,2.6875,2.6953,2.7035,2.712,2.7224,2.7285,2.7361,2.744,2.7519,2.7621,2.7701000000000002,2.7767,2.7902,2.7988,2.8067,2.8172,2.8261000000000003,2.8333,2.8415,2.8506,2.8589,2.866,2.875,2.8838,2.8956,2.9037,2.9118,2.9217,2.9278,2.9375,2.9484000000000004,2.9563,2.9647,2.9724,2.9828,2.9889,2.9957000000000003
3807:1.0428,1.1799,1.2279,1.3502,1.3987,1.4308,1.4872,1.6002,1.6462,1.6877,1.7211,1.7414,1.7878,1.8123,1.8699000000000001,1.8952,1.9312,1.9634,1.9869,2.0699,2.1045000000000003,2.1362,2.1616,2.2207,2.2612,2.3019000000000003,2.3504,2.3987000000000003,2.4284000000000003,2.4568000000000003,2.5035000000000003,2.5472,2.5963000000000003,2.656,2.6908000000000003,2.7469,2.789,2.8409,2.8917,2.9325,2.9702
5054:1.2574,1.3279,1.4128,1.4622000000000002,1.5102,1.5221,1.5714000000000001,1.5974000000000002,1.6162,1.6544,1.6918,1.7073,1.7332,1.7586000000000002,1.7712,1.7958,1.8092000000000001,1.8368,1.8619,1.8826,1.9080000000000001,1.9256000000000002,1.9388,1.9673,1.9887000000000001,2.0373,2.0528,2.0722,2.0906000000000002,2.1014,2.1418,2.1632000000000002,2.1909,2.2187,2.2358000000000002,2.2574,2.2793,2.3111,2.3345000000000002,2.3518000000000003,2.3705000000000003,2.3966000000000003,2.4186,2.4456,2.4613,2.4843,2.5097,2.5205,2.5386,2.5659,2.5836,2.6175,2.6430000000000002,2.6542000000000003,2.6885000000000003,2.7024,2.7203,2.7348000000000003,2.7560000000000002,2.7811000000000003,2.8081,2.8434,2.867,2.9033,2.9136,2.9352,2.952,2.976,2.9976000000000003
5353:1.1071,1.1695,1.2188,1.2626000000000002,1.2947,1.3424,1.3696000000000002,1.395,1.4157,1.4416,1.4622000000000002,1.4899,1.5161,1.5467,1.5722,1.6008,1.6185,1.6351,1.6561000000000001,1.6768,1.6974,1.718,1.7415,1.7609000000000001,1.7804,1.8013000000000001,1.8188000000000002,1.8381,1.8597000000000001,1.877,1.8949,1.909,1.9306,1.9469,1.9673,1.9873,2.0054000000000003,2.0223,2.0417,2.0569,2.0851,2.1022000000000003,2.1167000000000002,2.137,2.1556,2.1722,2.1879,2.2019,2.2185,2.2312000000000003,2.2492,2.2682,2.2851,2.3039,2.3259000000000003,2.3472,2.3688000000000002,2.3857,2.4043,2.4249,2.4464,2.4659,2.4795000000000003,2.4961,2.5152,2.5331,2.5519000000000003,2.5664000000000002,2.5819,2.5983,2.6153,2.6277,2.6414,2.6565000000000003,2.6744000000000003,2.6914000000000002,2.7128,2.7288,2.7438000000000002,2.7627,2.7789,2.7988,2.8199,2.8374,2.8587000000000002,2.8801,2.9005,2.9203,2.9402,2.962,2.9765,2.9912
5491:1.6417000000000002,1.8373000000000002,1.986,2.0919000000000003,2.1657,2.2928,2.407,2.5249,2.5732,2.6529000000000003,2.7857000000000003,2.9131
5536:1.0756000000000001,1.1457000000000002,1.2199,1.2649000000000001,1.3090000000000002,1.3297,1.3757000000000001,1.401,1.4325,1.4715,1.508,1.5614000000000001,1.5714000000000001,1.6162,1.6471,1.6644,1.7014,1.7411,1.7901,1.8181,1.836,1.9096000000000002,1.9732,1.9981,2.0266,2.0452,2.0749,2.1109,2.1546000000000003,2.2187,2.2834000000000003,2.3735,2.4302,2.479,2.5192,2.5452,2.5747,2.6163000000000003,2.6741,2.7396000000000003,2.7696,2.7993,2.8318000000000003,2.8894,2.9002000000000003,2.9610000000000003
5565:1.2591,1.5158,1.5274,1.5664,1.5732000000000002,1.5976000000000001,1.6096000000000001,1.6188,1.6507,1.7067,1.7358,1.7482,1.7692,1.7924,1.8028000000000002,1.8113000000000001,1.8389,1.8458,1.8614000000000002,1.8738000000000001,1.8867,1.9112,1.9376,1.9655,1.9761000000000002,1.9903000000000002,2.0527,2.0738000000000003,2.0897,2.1,2.1201000000000003,2.1452,2.1655,2.1973000000000003,2.2208,2.2356000000000003,2.2601,2.2745,2.2797,2.3128,2.3517,2.3705000000000003,2.3811,2.3983000000000003,2.444,2.4603,2.4865,2.4965,2.5165,2.5234,2.5844,2.6,2.6529000000000003,2.6901,2.7310000000000003,2.7361,2.7552000000000003,2.769,2.7832000000000003,2.8087,2.8402000000000003,2.8679,2.9057,2.9133,2.9515000000000002,2.9742,2.9925,2.9988
5648:2.3868,2.4912,2.9905
5787:1.2363,1.2964,1.3918000000000001,1.4177,1.4794,1.552,1.5906,1.6149,1.6729,1.7023000000000001,1.7439,1.7624000000000002,1.7925,1.8336000000000001,1.8746,1.9119000000000002,1.9514,1.9918,2.0268,2.0691,2.1052,2.1503,2.1872000000000003,2.2383,2.2801,2.3423000000000003,2.3775,2.4248000000000003,2.4771,2.5316,2.567,2.6042,2.6373,2.6688,2.7252,2.7727,2.8306,2.8871,2.9439,2.9737
6027:2.0905,2.3805,2.4216,2.5475000000000003,2.6005000000000003,2.694,2.742
6128:1.0665,1.0984,1.1549,1.2774,1.3536000000000001,1.3612,1.3747,1.4260000000000002,1.4523000000000001,1.5055,1.5248000000000002,1.5347000000000002,1.5575,1.5923,1.6013000000000002,1.6137000000000001,1.6399000000000001,1.667,1.6804000000000001,1.7206000000000001,1.7331,1.7606000000000002,1.7656,1.7783,1.7959,1.8208000000000002,1.8421,1.8678000000000001,1.8748,1.9011,1.9176000000000002,1.9526000000000001,1.9581000000000002,1.984,1.9911,2.0020000000000002,2.0222,2.0515,2.0651,2.091,2.0996,2.118,2.1364,2.1686,2.1754000000000002,2.1990000000000003,2.2192000000000003,2.2387,2.2531000000000003,2.2778,2.3112,2.3456,2.3678,2.3989000000000003,2.4045,2.4331,2.4492000000000003,2.478,2.4947,2.5049,2.5308,2.5399000000000003,2.5547,2.5789,2.5853,2.6159000000000003,2.624,2.6404,2.668,2.6855,2.7096,2.7149,2.7351,2.7574,2.7832000000000003,2.79,2.8103000000000002,2.8286000000000002,2.8640000000000003,2.8711,2.8985000000000003,2.9105000000000003,2.9286000000000003,2.946,2.9733,2.9808000000000003
6155:1.0117,1.0381,1.0792000000000002,1.0902,1.1132,1.1295,1.1693,1.1799,1.2052,1.2248,1.2385000000000002,1.2633,1.2803,1.3024,1.312,1.3549,1.3701,1.3800000000000001,1.3922,1.4213,1.4305,1.4401000000000002,1.4559,1.4672,1.4747000000000001,1.4814,1.4945000000000002,1.5062,1.5282,1.5354,1.5489000000000002,1.5587,1.5762,1.5876000000000001,1.607,1.6333,1.6421000000000001,1.6587,1.6680000000000001,1.6801000000000001,1.6882000000000001,1.6968,1.7164000000000001,1.7295,1.7376,1.7464000000000002,1.7570000000000001,1.7667000000000002,1.7765000000000002,1.7832000000000001,1.7904,1.7987000000000002,1.8069000000000002,1.8185,1.8356000000000001,1.8472000000000002,1.8556000000000001,1.8631,1.8852,1.895,1.9045,1.9183000000000001,1.9301000000000001,1.9432,1.9509,1.9638,1.9758,1.9854,1.9942000000000002,2.0093,2.0162,2.0262000000000002,2.0435000000000003,2.0502000000000002,2.0655,2.0717000000000003,2.0843000000000003,2.0929,2.1023,2.113,2.125,2.1364,2.1544000000000003,2.1685000000000003,2.1781,2.1885,2.2108000000000003,2.218,2.2275,2.2407,2.2505,2.2593,2.2680000000000002,2.2813000000000003,2.301,2.3105,2.3217000000000003,2.3382,2.3477,2.3605,2.3682000000000003,2.3823000000000003,2.3897,2.3967,2.4041,2.4193000000000002,2.4279,2.4433000000000002,2.4544,2.4646,2.4758,2.4901,2.4974000000000003,2.5061,2.5152,2.529,2.5388,2.5484,2.5563000000000002,2.567,2.5764,2.5889,2.6036,2.6116,2.6203000000000003,2.6298,2.6415,2.6482,2.6715,2.6798,2.696,2.7063,2.7162,2.7318000000000002,2.7413000000000003,2.75,2.7582,2.7668,2.7826,2.7912000000000003,2.8019000000000003,2.8186,2.8286000000000002,2.8378,2.8480000000000003,2.8577000000000004,2.8654,2.8738,2.8839,2.8989000000000003,2.9071000000000002,2.9152,2.9255,2.9333,2.9410000000000003,2.9556,2.9651,2.9719,2.984,2.9931
6545:0.9322,0.9700000000000001,1.0,1.061,1.0675000000000001,1.0978,1.1139000000000001,1.1262,1.1313,1.1482,1.1535,1.1573,1.1680000000000001,1.1818,1.1843000000000001,1.1872,1.1879,1.1946,1.2084000000000001,1.2141,1.2341,1.2449000000000001,1.2517,1.252,1.2604,1.2655,1.2727000000000002,1.3132000000000001,1.3143,1.327,1.333,1.3644,1.3665,1.3724,1.3811,1.3821,1.3831,1.3932,1.3975,1.4085,1.4148,1.4272,1.4388,1.4729,1.4881,1.5015,1.5314,1.5330000000000001,1.5397,1.5421,1.5463,1.5474,1.5515,1.5612000000000001,1.5697,1.5761,1.5799,1.5817,1.5943,1.6033000000000002,1.6061,1.6075000000000002,1.6106,1.6271,1.6344,1.6346,1.6373,1.6444,1.6854,1.6862000000000001,1.6936,1.7002000000000002,1.7077,1.7160000000000002,1.7301000000000002,1.7395,1.7409000000000001,1.7524000000000002,1.7609000000000001,1.7676,1.7682,1.7748000000000002,1.7750000000000001,1.7771000000000001,1.7844,1.7894,1.8041,1.8186,1.8202,1.8211000000000002,1.8515000000000001,1.8583,1.8659000000000001,1.871,1.8766,1.8781,1.8860000000000001,1.8865,1.9020000000000001,1.9037000000000002,1.9081000000000001,1.9184,1.9195,1.9385000000000001,1.9481000000000002,1.9507,1.9553,1.9632,1.9644000000000001,1.9655,1.9741000000000002,1.9775,1.9921000000000002,1.9991,2.0,2.0174000000000003,2.0189,2.0334000000000003,2.0369,2.0401000000000002,2.0412,2.0441000000000003,2.0505,2.0646,2.0695,2.0712,2.0731,2.0763000000000003,2.0798,2.0879000000000003,2.0895,2.0905,2.0974,2.1,2.1140000000000003,2.1161000000000003,2.1175,2.1237,2.1292,2.1349,2.1365000000000003,2.1386000000000003,2.1518,2.1551,2.1787,2.1894,2.1910000000000003,2.1999,2.2228,2.225,2.2264,2.2275,2.2288,2.2315,2.2319,2.2327,2.251,2.2514000000000003,2.258,2.2639,2.267,2.2918000000000003,2.3025,2.3054,2.3138,2.3172,2.3189,2.322,2.3317,2.3319,2.3406000000000002,2.3564000000000003,2.3568000000000002,2.3662,2.3850000000000002,2.3881,2.3894,2.3946,2.398,2.4003,2.4054,2.4061,2.4277,2.431,2.4404,2.4454000000000002,2.4458,2.4471000000000003,2.4568000000000003,2.4686,2.4771,2.4809,2.487,2.4938000000000002,2.5004,2.5079000000000002,2.5087,2.5098000000000003,2.5114,2.5132000000000003,2.5219,2.5281000000000002,2.5291,2.5332000000000003,2.5533,2.5547,2.5567,2.5603000000000002,2.563,2.5749,2.583,2.5834,2.5924,2.595,2.5965000000000003,2.6151,2.6217,2.6225,2.6314,2.6376,2.6385,2.6411000000000002,2.645,2.6515,2.6627,2.6642,2.6694,2.6727000000000003,2.6741,2.6751,2.6845000000000003,2.7011000000000003,2.7088,2.7199,2.7201,2.7261,2.73,2.7472000000000003,2.7535000000000003,2.7578,2.7598000000000003,2.762,2.7736,2.7776,2.7896,2.7937000000000003,2.7947,2.7961,2.8315,2.8345000000000002,2.8363,2.8507000000000002,2.8589,2.8643,2.8658,2.8682000000000003,2.8688000000000002,2.878,2.894,2.9021000000000003,2.9033,2.9105000000000003,2.9127,2.9252000000000002,2.9287,2.931,2.9416,2.9423000000000004,2.95,2.9538,2.9585000000000004,2.9641,2.9688000000000003,2.9721,2.9771,2.9811,2.9815,2.9875000000000003,2.9927,2.9952,2.9968000000000004,2.9986
6995:1.3511,1.5119,1.5590000000000002,1.5961,1.6108,1.6569,1.6978,1.728,1.7525000000000002,1.7817,1.8052000000000001,1.8356000000000001,1.8511000000000002,1.8659000000000001,1.8822,1.9039000000000001,1.9271,1.9539000000000002,1.9807000000000001,2.0174000000000003,2.0651,2.0881000000000003,2.1079,2.1257,2.1693000000000002,2.1881,2.2144,2.2495000000000003,2.2858,2.3308,2.3595,2.3898,2.4071000000000002,2.4377,2.4783,2.5025,2.5289,2.5575,2.5877000000000003,2.6028000000000002,2.6319,2.6613,2.6853000000000002,2.7096,2.7446,2.7600000000000002,2.7876000000000003,2.8347,2.8683,2.9069000000000003,2.927,2.9493,2.9624,2.9909000000000003
7201:1.344,1.4606000000000001,1.5942,1.6483,1.6960000000000002,1.7265000000000001,1.7579,1.7971000000000001,1.8293000000000001,1.8782,1.8983,1.9228,1.9674,1.9968000000000001,2.0393,2.0656,2.0836,2.1148000000000002,2.1461,2.1671,2.2163,2.24,2.3063000000000002,2.3371,2.3596,2.3954,2.444,2.4738,2.5139,2.5322,2.5629,2.6119000000000003,2.6300000000000003,2.6557,2.6876,2.7185,2.7419000000000002,2.7679,2.8348,2.8984,2.9299,2.9704,2.9914
7345:1.0914000000000001,1.2747000000000002,1.3583,1.4254,1.5025000000000002,1.5945,1.6499000000000001,1.6728,1.722,1.7566000000000002,1.7923,1.8345,1.8717000000000001,1.9539000000000002,1.9894,2.0153000000000003,2.0617,2.0895,2.1529000000000003,2.1956,2.2745,2.3673,2.4004000000000003,2.4481,2.4885,2.5533,2.5814,2.6112,2.6405000000000003,2.6697,2.7287000000000003,2.7861000000000002,2.863,2.9333,2.9763
7703:0.9460000000000001,0.9618000000000001,0.9646,0.9991000000000001,1.0289000000000001,1.0335,1.0784,1.0809,1.1009,1.1209,1.1308,1.1334,1.1860000000000002,1.1863000000000001,1.2239,1.2547000000000001,1.2651000000000001,1.2688000000000001,1.3027,1.3088,1.3146,1.3421,1.3563,1.3583,1.366,1.3715000000000002,1.3837000000000002,1.403,1.4219000000000002,1.4242000000000001,1.4621000000000002,1.4784000000000002,1.4978,1.5095,1.5126000000000002,1.5131000000000001,1.5221,1.5535,1.5747,1.5791000000000002,1.5801,1.5916000000000001,1.5949,1.6002,1.6163,1.6182,1.6212,1.6214000000000002,1.6238000000000001,1.6318000000000001,1.6356000000000002,1.6449,1.6608,1.6677000000000002,1.6772,1.7084000000000001,1.7178,1.7342000000000002,1.74,1.7481,1.7579,1.7702,1.7719,1.7779,1.7836,1.7841,1.786,1.7917,1.8127,1.8207,1.8212000000000002,1.8219,1.8223,1.8234000000000001,1.8273000000000001,1.8342,1.8413000000000002,1.8582,1.8644,1.8747,1.9012,1.9158000000000002,1.9313,1.9389,1.9583000000000002,1.9759,1.9836,1.9848000000000001,2.0034,2.0085,2.0096000000000003,2.0141,2.0186,2.0216000000000003,2.0363,2.0463,2.0466,2.0481000000000003,2.0587,2.0612,2.0705,2.0712,2.0735,2.0826000000000002,2.0837,2.0842,2.0969,2.0992,2.1199,2.1205000000000003,2.1226000000000003,2.1248,2.1349,2.1393,2.1405000000000003,2.1487000000000003,2.1539,2.1576,2.1623,2.166,2.1796,2.1863,2.1878,2.2028000000000003,2.2047000000000003,2.2119,2.2132,2.2176,2.2184,2.2337000000000002,2.2351,2.2407,2.2453000000000003,2.2532,2.2553,2.2574,2.2689,2.2729,2.2779000000000003,2.2783,2.2852,2.2947,2.3115,2.3132,2.3221000000000003,2.3291,2.3357,2.3589,2.3621000000000003,2.3712,2.3781000000000003,2.3794,2.3811,2.3850000000000002,2.3887,2.3972,2.3983000000000003,2.4238,2.4248000000000003,2.4329,2.4358,2.447,2.4605,2.4815,2.4838,2.4869000000000003,2.4933,2.4974000000000003,2.4978000000000002,2.5033000000000003,2.5048,2.5061,2.5253,2.5303,2.5338000000000003,2.5372,2.54,2.5403000000000002,2.5464,2.5514,2.5554,2.5568,2.5682,2.5765000000000002,2.5788,2.6015,2.6116,2.6172,2.6182000000000003,2.6246,2.6277,2.6311,2.6409000000000002,2.6415,2.6471,2.6477,2.6516,2.6561,2.6576,2.6704000000000003,2.6728,2.6950000000000003,2.6967000000000003,2.6988000000000003,2.7013000000000003,2.7036000000000002,2.7321,2.7371000000000003,2.7463,2.7495000000000003,2.7677,2.7710000000000004,2.7778,2.7785,2.7800000000000002,2.7844,2.7889,2.8016,2.8155,2.8195,2.8322000000000003,2.8528000000000002,2.859,2.8772,2.8811,2.8866,2.8920000000000003,2.8928000000000003,2.8951000000000002,2.8989000000000003,2.8999,2.9089,2.9161,2.9234,2.9398,2.9408000000000003,2.9477,2.9516,2.9554,2.9703,2.9705000000000004,2.9782,2.9898000000000002,2.991
7712:1.3593000000000002,1.4088,1.4615,1.5188000000000001,1.5618,1.5953000000000002,1.6523,1.6763000000000001,1.707,1.7308000000000001,1.7689000000000001,1.7981,1.8371000000000002,1.8648,1.8833000000000002,1.9004,1.9298000000000002,1.9565000000000001,1.9798,2.0055,2.0387,2.0561000000000003,2.0863,2.1084,2.1553,2.178,2.2182,2.2447,2.3062,2.3377000000000003,2.3654,2.39,2.4136,2.4417,2.4770000000000003,2.4969,2.5227,2.5546,2.5842,2.6031,2.621,2.6605000000000003,2.6899,2.7274000000000003,2.7445,2.7607,2.7879,2.8248,2.8479,2.8946,2.9175,2.9559,2.9847
8054:1.0916000000000001,1.2436,1.2755,1.3948,1.4632,1.5022,1.5315,1.5718,1.6166,1.6471,1.6764000000000001,1.7019000000000002,1.7273,1.7872000000000001,1.863,1.9001000000000001,1.941,1.9849,2.0341,2.0732,2.1158,2.1468000000000003,2.1685000000000003,2.1975000000000002,2.2738,2.3474,2.3680000000000003,2.4459,2.4787,2.5144,2.5660000000000003,2.6082,2.6277,2.6536,2.6948000000000003,2.7282,2.7602,2.845,2.9118,2.9336,2.9776000000000002
8127:1.7698,2.2991,2.3348,2.4185000000000003
8337:1.5601,1.6108,1.6493,1.7029,1.7908000000000002,1.8999000000000001,1.9558,2.0158,2.0649,2.1195,2.1946,2.2327,2.2667,2.3658,2.4010000000000002,2.439,2.5168,2.5509,2.5827,2.6362,2.6724,2.7198,2.7612,2.786,2.8278000000000003,2.8680000000000003,2.9084000000000003,2.9405,2.9777
8498:1.5333,1.8779000000000001,2.0086,2.4872,2.6309,2.7386
8720:1.5804,1.7577,1.8737000000000001,2.1168,2.4114,2.4999000000000002,2.5705,2.8156000000000003,2.9832
8787:1.7655
8797:1.8069000000000002,2.0261,2.0995
8931:1.5066000000000002,1.5457,1.6992,1.7712,1.7981,1.8379,1.8646,1.907,2.0546,2.1026000000000002,2.2269,2.2646,2.3581000000000003,2.3958,2.4276,2.4662,2.5015,2.5421,2.5793,2.6476,2.7148000000000003,2.7588,2.8057000000000003,2.8376,2.8642000000000003,2.936,2.9675000000000002
9033:1.3683,1.5331000000000001,1.7171,1.774,1.8803,1.9941000000000002,2.0924,2.2984,2.3765,2.4378,2.4834,2.5537,2.6196,2.6612,2.7261,2.9215
9178:1.8802,2.1161000000000003,2.4105000000000003,2.494,2.5695,2.8145000000000002,2.9805
9313:0.9747,1.0023,1.0553000000000001,1.0678,1.0886,1.1445,1.202,1.2337,1.2625,1.2965,1.3263,1.3404,1.3475000000000001,1.3599,1.4151,1.4242000000000001,1.4457,1.4811,1.5250000000000001,1.5843,1.6293,1.6388,1.6606,1.6726,1.7052,1.7169,1.7518,1.7583,1.7759,1.8124,1.8205,1.8304,1.8564,1.8651,1.8863,1.8988,1.9076000000000002,1.9297000000000002,1.9518000000000002,1.9811,2.0232,2.044,2.0776,2.0881000000000003,2.1140000000000003,2.1232,2.1569000000000003,2.1963,2.2107,2.2202,2.2395,2.2497000000000003,2.2881,2.3024,2.3122000000000003,2.3338,2.3609,2.3671,2.3904,2.4032,2.4176,2.4269000000000003,2.4489,2.4645,2.475,2.5066,2.5144,2.5262000000000002,2.5352,2.5593,2.5667,2.5738000000000003,2.584,2.6071,2.6217,2.6516,2.6861,2.697,2.7048,2.7502,2.7734,2.7813000000000003,2.7914000000000003,2.8258,2.8389,2.8565,2.8640000000000003,2.8908,2.8988,2.9104,2.9451,2.956,2.9648000000000003,2.9936000000000003
9340:1.7048,1.7982,1.9079000000000002,2.0255,2.0945,2.1546000000000003,2.2572,2.3181000000000003,2.3673,2.4316,2.4871000000000003,2.5704000000000002,2.6489000000000003,2.7249000000000003,2.8372,2.9148,2.9826
9402:0.9817,1.0322,1.0591000000000002,1.0831,1.1091,1.1341,1.1625,1.1804000000000001,1.2015,1.2191,1.2419,1.2555,1.2688000000000001,1.2873,1.3096,1.3276000000000001,1.3427,1.3553000000000002,1.3732,1.3923,1.4079000000000002,1.4185,1.4329,1.4482000000000002,1.4605000000000001,1.4717,1.4813,1.4989000000000001,1.5102,1.5229000000000001,1.5336,1.5496,1.5615,1.5710000000000002,1.5826,1.5928,1.6053000000000002,1.6181,1.6323,1.6467,1.6574,1.6705,1.6878000000000002,1.7022000000000002,1.7131,1.723,1.7353,1.7474,1.7576,1.7703,1.7842,1.7961,1.8074000000000001,1.8228000000000002,1.8346,1.8466,1.8611000000000002,1.8723,1.8824,1.8915000000000002,1.9058000000000002,1.9175,1.9309,1.9446,1.9594,1.9735,1.9845000000000002,1.9982000000000002,2.0128,2.027,2.0422000000000002,2.0537,2.0654,2.0786000000000002,2.089,2.0984000000000003,2.1105,2.1187,2.1282,2.1377,2.1505,2.1589,2.1674,2.1813000000000002,2.1935000000000002,2.2047000000000003,2.2141,2.2252,2.2350000000000003,2.2437,2.2527,2.2634000000000003,2.2788,2.2937000000000003,2.3051,2.3166,2.3256,2.3400000000000003,2.3486000000000002,2.3599,2.3703000000000003,2.3801,2.3924000000000003,2.4061,2.4174,2.431,2.4411,2.4492000000000003,2.4584,2.4719,2.4807,2.4912,2.5052000000000003,2.5194,2.528,2.5386,2.5460000000000003,2.5596,2.5732,2.5853,2.5949,2.6075,2.619,2.6270000000000002,2.6407000000000003,2.6519,2.6652,2.6753,2.6834000000000002,2.6972,2.7126,2.7279,2.7390000000000003,2.7493000000000003,2.761,2.7695000000000003,2.7783,2.7957,2.8047,2.8146,2.8253,2.8348,2.8469,2.8606000000000003,2.8706,2.8867000000000003,2.9019,2.9152,2.9286000000000003,2.9438,2.9541,2.9659,2.9781,2.9909000000000003
9455:1.7074,1.8769,1.9187
9496:1.0722,1.1482,1.2612,1.2851000000000001,1.3119,1.33,1.3564,1.3772,1.4118000000000002,1.4329,1.457,1.4752,1.4927000000000001,1.52,1.5330000000000001,1.5685,1.586,1.6195000000000002,1.6421000000000001,1.6598000000000002,1.6764000000000001,1.6903000000000001,1.7055,1.7307000000000001,1.7510000000000001,1.7755,1.7997,1.8167,1.8283,1.8447,1.867,1.8815000000000002,1.9071,1.9205,1.9401000000000002,1.9608,1.9773,1.9889000000000001,2.0126,2.0245,2.0481000000000003,2.0623,2.0825,2.0953,2.1185,2.1301,2.1502,2.1622,2.1912000000000003,2.2075,2.2276000000000002,2.2426,2.2695000000000003,2.2894,2.3044000000000002,2.3285,2.351,2.3708,2.4046000000000003,2.4161,2.4415,2.4663,2.4972000000000003,2.5194,2.5338000000000003,2.5488,2.5705,2.5895,2.6073,2.6179,2.6422000000000003,2.6544000000000003,2.6745,2.6893000000000002,2.7186000000000003,2.7445,2.769,2.787,2.8073,2.8302,2.8405,2.8638000000000003,2.8922000000000003,2.9101000000000004,2.9471000000000003,2.9624,2.9794,2.9939
9792:1.2442,1.3314000000000001,1.3567,1.4112,1.4643000000000002,1.5069000000000001,1.5213,1.5589000000000002,1.5842,1.5965,1.6127,1.6500000000000001,1.6652,1.6952,1.7092,1.7259,1.7382000000000002,1.7533,1.766,1.7867000000000002,1.8017,1.8181,1.8357,1.8519,1.8681,1.8833000000000002,1.8992,1.9151,1.9314,1.947,1.9628,1.9817,2.0026,2.0266,2.0453,2.0659,2.0794,2.0927000000000002,2.1151,2.1332,2.1550000000000002,2.1739,2.1903,2.2119,2.2326,2.2507,2.2666,2.2886,2.302,2.3222,2.343,2.3634,2.3881,2.4017,2.4156,2.4407,2.4548,2.4774000000000003,2.4979,2.5149,2.529,2.5416000000000003,2.5619,2.5771,2.5918,2.6141,2.6296,2.6465,2.6621,2.6769000000000003,2.6903,2.7083,2.7299,2.7463,2.7595,2.7808,2.7984,2.8287,2.8468,2.8652,2.8909000000000002,2.9081,2.9266,2.9457,2.9570000000000003,2.9757000000000002,2.9925
10270:1.2556,1.2899,1.3283,1.3533000000000002,1.3944,1.4199000000000002,1.4573,1.4967000000000001,1.5253,1.5567,1.5907,1.6155000000000002,1.6385,1.6587,1.6787,1.7019000000000002,1.7263000000000002,1.7506000000000002,1.7675,1.794,1.8196,1.8414000000000001,1.8618000000000001,1.8791,1.8934000000000002,1.9161000000000001,1.9363000000000001,1.9602000000000002,1.979,1.9973,2.0159000000000002,2.0348,2.0552,2.0731,2.0896,2.1129000000000002,2.1375,2.1543,2.1694,2.1934,2.2176,2.2352000000000003,2.2555,2.2828,2.3078000000000003,2.3316,2.3521,2.3702,2.3938,2.4244000000000003,2.4476,2.4641,2.4812000000000003,2.4992,2.5172000000000003,2.5359000000000003,2.5615,2.5812,2.6076,2.6221,2.6381,2.6573,2.6756,2.6953,2.7112000000000003,2.7271,2.7461,2.7672000000000003,2.7956000000000003,2.8337000000000003,2.8566000000000003,2.8856,2.9034,2.9245,2.9468,2.9654000000000003,2.9814000000000003,2.9956
10333:1.2754,1.358,1.4220000000000002,1.5030000000000001,1.5389000000000002,1.59,1.6184,1.6484,1.6802000000000001,1.7163000000000002,1.7531,1.7858,1.8129000000000002,1.8449,1.8722,1.9003,1.9267,1.9554,1.9834,2.0159000000000002,2.0487,2.0785,2.1129000000000002,2.1631,2.1942,2.2238,2.2487,2.275,2.3095000000000003,2.3475,2.3699,2.3939,2.4247,2.4443,2.4852000000000003,2.5171,2.5420000000000003,2.5696000000000003,2.5924,2.6113,2.6359,2.6654,2.6895000000000002,2.7196000000000002,2.7499000000000002,2.7768,2.798,2.8282000000000003,2.8604000000000003,2.8997,2.9234,2.9475000000000002,2.9756,2.999
10493:1.568,1.6108,1.6605,1.7167000000000001,1.7938,1.8398,1.872,1.9035000000000002,1.9640000000000002,1.9987000000000001,2.0268,2.0695,2.1097,2.1572,2.1923,2.2265,2.2531000000000003,2.3085,2.3416,2.3929,2.4447,2.4873000000000003,2.5421,2.5719000000000003,2.6048,2.6537,2.6932,2.7469,2.791,2.8289,2.8703000000000003,2.91,2.9426,2.9855
10636:1.6015000000000001,1.6776,1.7621,1.7971000000000001,1.9607,2.0027,2.0268,2.0941,2.2005,2.2801,2.3733,2.4058,2.56,2.5879000000000003,2.62,2.685,2.7907,2.869,2.9362
10695:2.0672,2.2473,2.3653,2.5094000000000003
10972:1.5422,2.4972000000000003,2.6706000000000003,2.7353
11082:1.0394,1.083,1.1283,1.1733,1.2086000000000001,1.2357,1.2411,1.2572,1.2812000000000001,1.3082,1.3396000000000001,1.3561,1.3755000000000002,1.3919000000000001,1.4091,1.4272,1.4407,1.4567,1.4715,1.482,1.495,1.508,1.5219,1.5349000000000002,1.5516,1.5653000000000001,1.5783,1.5893000000000002,1.6059,1.6122,1.6182,1.6301,1.6415000000000002,1.6517000000000002,1.6592,1.6741000000000001,1.6805,1.6855,1.6961000000000002,1.7042000000000002,1.7156,1.7261000000000002,1.735,1.7476,1.7591,1.7697,1.7812000000000001,1.7898,1.7992000000000001,1.81,1.8211000000000002,1.8334000000000001,1.8461,1.8555000000000001,1.864,1.8749,1.883,1.8881000000000001,1.8967,1.9059000000000001,1.9160000000000001,1.9304000000000001,1.9468,1.9579000000000002,1.9715,1.9847000000000001,1.9945000000000002,2.0048,2.0140000000000002,2.0266,2.0359000000000003,2.0457,2.0591,2.0648,2.0726,2.0826000000000002,2.0917,2.1031,2.1140000000000003,2.1276,2.1378,2.153,2.1607000000000003,2.1775,2.1925,2.1996,2.2054,2.2155,2.2271,2.2379000000000002,2.2488,2.2598000000000003,2.2680000000000002,2.2733000000000003,2.2832,2.2998000000000003,2.3085,2.3249,2.3361,2.3478000000000003,2.3633,2.3723,2.387,2.3965,2.4052000000000002,2.4167,2.4297,2.4424,2.454,2.4666,2.4785,2.4881,2.4971,2.5061,2.516,2.5287,2.5404,2.5544000000000002,2.5671,2.5788,2.5875,2.5982000000000003,2.6082,2.6202,2.6321000000000003,2.6439,2.6484,2.6585,2.6699,2.6775,2.6899,2.7088,2.72,2.7302,2.7394000000000003,2.7455000000000003,2.7596000000000003,2.7678000000000003,2.7781000000000002,2.7906,2.8033,2.8152,2.8286000000000002,2.8336,2.8382,2.8485,2.8579000000000003,2.8639,2.8770000000000002,2.8857,2.8995,2.9057,2.9151000000000002,2.9308,2.9404000000000003,2.9558,2.9675000000000002,2.9794,2.9873000000000003,2.9941,2.999
11507:1.415,1.4922,1.5796000000000001,1.6263,1.6740000000000002,1.7193,1.7541,1.7922,1.8310000000000002,1.87,1.9108,1.9533,1.9921000000000002,2.0276,2.0684,2.0989,2.137,2.1799,2.2294,2.2774,2.3356,2.3706,2.4243,2.4771,2.5576000000000003,2.5973,2.6324,2.6617,2.7156000000000002,2.773,2.8301000000000003,2.8855,2.9134,2.9651
11722:1.9197000000000002,2.1159,2.6522,2.7286,2.9822
11744:1.3107,1.3406,1.4429,1.5185000000000002,1.6196000000000002,1.6693,1.719,1.8411000000000002,2.028,2.0458000000000003,2.0913,2.1271,2.1632000000000002,2.2956000000000003,2.3438000000000003,2.3714,2.4455,2.5294000000000003,2.8257000000000003,2.9066,2.9649
11805:1.3578000000000001,1.8425,1.9000000000000001,1.9971,2.0894,2.1333,2.1991,2.3027,2.3402000000000003,2.4025000000000003,2.4447,2.5316,2.5780000000000003,2.709,2.8184,2.9088000000000003,2.9731
11832:1.5279,1.6193000000000002,1.8112000000000001,1.8872,1.9923000000000002,2.0893,2.2367,2.2816,2.3732,2.4988,2.5263,2.6955,2.7856,2.8702,2.9134,2.9981
11840:1.0992,1.3565,1.5534000000000001,2.0964,2.1664000000000003,2.2331000000000003,2.2575000000000003,2.6268000000000002,2.9299,2.9392
11917:1.4318,1.595,1.6420000000000001,1.6996,1.7571,1.8141,1.8709,1.9063,1.9603000000000002,2.0153000000000003,2.0633,2.119,2.1799,2.2291000000000003,2.2766,2.3425000000000002,2.3704,2.4086000000000003,2.4463,2.4879000000000002,2.5301,2.5717000000000003,2.6119000000000003,2.6442,2.7154000000000003,2.7536,2.774,2.8056,2.8643,2.9098,2.9578,2.9972000000000003
12057:1.5334,1.5856000000000001,1.6629,1.7169,1.7705000000000002,1.8436000000000001,1.8732000000000002,1.9178000000000002,1.9565000000000001,1.9947000000000001,2.0524,2.0979,2.1550000000000002,2.1966,2.2268,2.2904,2.3367,2.3791,2.4406000000000003,2.4867,2.5357000000000003,2.5908,2.629,2.7021,2.7494,2.7959,2.8409,2.8709000000000002,2.9222,2.9595000000000002,2.9955000000000003
12097:1.112
12239:1.8737000000000001,1.9388,2.0698000000000003,2.1131,2.1873,2.2582,2.3712,2.4806,2.6055,2.6683000000000003,2.8365,2.9771
12617:1.6124,1.8536000000000001,2.1879,2.7629
12639:1.2177,1.2429000000000001,1.3169,1.4645000000000001,1.5070000000000001,1.5214,1.5588000000000002,1.5746,1.5878,1.6141,1.6528,1.6636000000000002,1.7003000000000001,1.7247000000000001,1.7462,1.7877,1.8068000000000002,1.8189000000000002,1.8436000000000001,1.8633000000000002,1.8749,1.9074,1.9403000000000001,1.9628,1.9789,2.0239000000000003,2.0506,2.0756,2.0877,2.103,2.1133,2.1432,2.189,2.2177000000000002,2.237,2.2682,2.2835,2.3116000000000003,2.3243,2.3643,2.3756,2.4001,2.4067000000000003,2.4344,2.4625,2.4761,2.4893,2.5161000000000002,2.5253,2.5564,2.5636,2.5826000000000002,2.6054,2.6449000000000003,2.6533,2.6828000000000003,2.7153,2.7228000000000003,2.7681,2.8018,2.8072,2.8346,2.862,2.8724000000000003,2.8882000000000003,2.9128000000000003,2.9467000000000003,2.9650000000000003,2.976,2.9915000000000003
12708:1.4174,1.5907,1.6755,1.718,1.7713,1.8308,1.9072,1.9394,1.9937,2.0686,2.1078,2.1586000000000003,2.2309,2.2813000000000003,2.3525,2.4255,2.4792,2.5764,2.6256,2.6602,2.7256,2.8313,2.9023000000000003,2.9669000000000003
12724:1.3662,1.5384,1.6342,1.7011,1.7421,1.7727000000000002,1.8134000000000001,1.8492000000000002,1.8945,1.9256000000000002,1.9536,1.998,2.0291,2.0753,2.1062000000000003,2.1525000000000003,2.1798,2.2111,2.2444,2.2817000000000003,2.3064,2.3525,2.3855,2.4042000000000003,2.4411,2.484,2.5113000000000003,2.5377,2.5644,2.5837000000000003,2.6094,2.6398,2.6761,2.7095000000000002,2.7463,2.7800000000000002,2.8033,2.8477,2.8735,2.9046000000000003,2.9315,2.9723,2.9959000000000002
12768:1.0866,1.1103,1.1607,1.2015,1.243,1.2739,1.2991000000000001,1.3322,1.358,1.3954,1.4235,1.4617,1.4981,1.5351000000000001,1.5649000000000002,1.5728,1.5964,1.6075000000000002,1.6212,1.6441000000000001,1.6691,1.6901000000000002,1.7063000000000001,1.7336,1.752,1.7604000000000002,1.7917,1.8254000000000001,1.832,1.8647,1.8874000000000002,1.8976000000000002,1.9298000000000002,1.9449,1.9739,1.9924000000000002,2.0015,2.0171,2.0484,2.0718,2.0862000000000003,2.1172,2.1436,2.1598,2.1777,2.2013000000000003,2.2335000000000003,2.2602,2.3086,2.3357,2.3607,2.3758,2.3965,2.4476,2.4715000000000003,2.4877000000000002,2.5032,2.5187,2.5641000000000003,2.5763000000000003,2.6064000000000003,2.6249000000000002,2.6445000000000003,2.6605000000000003,2.6797,2.6928,2.7128,2.7278000000000002,2.7479,2.7612,2.7869,2.8243,2.8482000000000003,2.8886000000000003,2.9182,2.9421,2.9745,2.995
12822:1.5287000000000002,1.5765,1.6251,1.6660000000000001,1.7441,1.7679,1.8351000000000002,1.9078000000000002,1.9864000000000002,2.0500000000000003,2.0881000000000003,2.1611000000000002,2.2209000000000003,2.4162,2.5207,2.5705,2.5929,2.6586000000000003,2.748,2.7874000000000003,2.8502,2.9089
12873:0.8988,0.9073,0.9178000000000001,0.9760000000000001,0.9817,1.0245,1.0336,1.0855000000000001,1.1007,1.1093,1.129,1.1381000000000001,1.1434,1.1999,1.22,1.2421,1.2456,1.2724,1.2955,1.3316000000000001,1.3494000000000002,1.356,1.3753,1.415,1.4595,1.4721,1.4838,1.4924000000000002,1.5023,1.508,1.51,1.5182,1.5194,1.5331000000000001,1.5608,1.5646,1.5667,1.5732000000000002,1.5735000000000001,1.5777,1.5815000000000001,1.5848,1.5916000000000001,1.603,1.6097000000000001,1.6179000000000001,1.625,1.6571,1.6591,1.6609,1.6612,1.6775,1.6914,1.6922000000000001,1.6964000000000001,1.6974,1.7009,1.7032,1.7102000000000002,1.7127000000000001,1.7185000000000001,1.7227000000000001,1.7289,1.734,1.7381,1.744,1.7489000000000001,1.7493,1.7502,1.7529000000000001,1.76,1.7621,1.7629000000000001,1.7650000000000001,1.7681,1.7836,1.7855,1.7918,1.7945,1.802,1.8150000000000002,1.8199,1.8325,1.8383,1.8478,1.85,1.8521,1.8624,1.8678000000000001,1.8682,1.8756000000000002,1.8793000000000002,1.8827,1.8953,1.9148,1.9194,1.9246,1.9251,1.9280000000000002,1.9386,1.9413,1.9498000000000002,1.9505000000000001,1.9767000000000001,1.9779,2.0032,2.0131,2.0254000000000003,2.0346,2.0355000000000003,2.0364,2.0593,2.0663,2.0715,2.0723000000000003,2.0866000000000002,2.0905,2.0985,2.1097,2.1144000000000003,2.1235,2.1332,2.1431,2.1519,2.1524,2.1664000000000003,2.182,2.1825,2.1921,2.1984,2.2069,2.2158,2.2307,2.2369,2.2479,2.2594000000000003,2.2633,2.2735000000000003,2.2817000000000003,2.2857000000000003,2.2968,2.2978,2.3041,2.3054,2.3280000000000003,2.338,2.3448,2.3599,2.3613,2.3743000000000003,2.3859,2.3894,2.3908,2.3964000000000003,2.4078,2.4111000000000002,2.4144,2.4305000000000003,2.4384,2.4422,2.4481,2.4896000000000003,2.4953000000000003,2.4985,2.5059,2.5167,2.5213,2.5265,2.5362,2.5366,2.5397000000000003,2.5514,2.5566,2.5635000000000003,2.5663,2.5833,2.5836,2.6023,2.6055,2.6191,2.6271,2.6299,2.6324,2.6336,2.6417,2.6434,2.6576,2.6585,2.6593,2.6692,2.6701,2.6713,2.6724,2.6792000000000002,2.6823,2.6842,2.7030000000000003,2.7036000000000002,2.7192000000000003,2.7308000000000003,2.7403,2.7431,2.7482,2.7520000000000002,2.7656,2.7698,2.7845,2.799,2.807,2.8132,2.8311,2.8484000000000003,2.8545000000000003,2.861,2.8816,2.8892,2.8959,2.9050000000000002,2.9058,2.9216,2.9326000000000003,2.9383000000000004,2.942,2.9443,2.9447,2.9477,2.9490000000000003,2.9551000000000003,2.9568000000000003,2.96,2.9747000000000003,2.9873000000000003,2.9886,2.99,2.9945
12910:1.5702,1.9681000000000002,2.5886,2.6872000000000003,2.9543
13372:1.1407,1.171,1.2094,1.2685,1.3034000000000001,1.3113000000000001,1.3552,1.3780000000000001,1.4025,1.4294,1.4447,1.4682000000000002,1.5033,1.5112,1.5233,1.5549000000000002,1.5654000000000001,1.5842,1.5907,1.6121,1.6229,1.6475000000000002,1.6543,1.6644,1.6812,1.6991,1.7087,1.7291,1.7451,1.7638,1.7854,1.7971000000000001,1.8132000000000001,1.83,1.8377000000000001,1.8531000000000002,1.8654000000000002,1.8817000000000002,1.9005,1.9121000000000001,1.9233,1.9336,1.9436,1.9558,1.9662000000000002,1.9764000000000002,1.9908000000000001,2.0079000000000002,2.0187,2.0365,2.0489,2.0565,2.0748,2.0928,2.0997,2.1147,2.1369000000000002,2.1453,2.1582,2.1784,2.1905,2.208,2.2161,2.2313,2.2426,2.2558000000000002,2.2692,2.2877,2.2988,2.3122000000000003,2.3273,2.338,2.3623000000000003,2.3848000000000003,2.4025000000000003,2.4308,2.4408000000000003,2.4597,2.479,2.4993000000000003,2.5153000000000003,2.5262000000000002,2.5420000000000003,2.5575,2.5655,2.5925000000000002,2.6022000000000003,2.6143,2.6251,2.6382000000000003,2.6493,2.6696,2.6791,2.6902,2.714,2.7255000000000003,2.7371000000000003,2.7494,2.7595,2.7652,2.7823,2.7983000000000002,2.8064,2.8234000000000004,2.835,2.854,2.8623000000000003,2.8863000000000003,2.9034,2.9134,2.9308,2.943,2.9624,2.9742,2.9915000000000003
13515:0.9468000000000001,1.0105,1.0453000000000001,1.1072,1.1248,1.2412,1.2617,1.2729000000000001,1.2750000000000001,1.3304,1.3473000000000002,1.3599,1.3606,1.3613,1.4052,1.4182000000000001,1.4189,1.4427,1.4484000000000001,1.4574,1.4724000000000002,1.4791,1.4819,1.4945000000000002,1.5095,1.5110000000000001,1.5125000000000002,1.5261,1.5332000000000001,1.5348000000000002,1.5383,1.5429000000000002,1.5448000000000002,1.5468000000000002,1.5477,1.5671000000000002,1.5729,1.5743,1.5878,1.614,1.6298000000000001,1.6317000000000002,1.6380000000000001,1.6435000000000002,1.6451,1.6631,1.6684,1.6714,1.6947,1.6959000000000002,1.7071,1.7347000000000001,1.7381,1.7387000000000001,1.7478,1.7538,1.7545000000000002,1.7563000000000002,1.7607000000000002,1.7671000000000001,1.7686000000000002,1.7697,1.7766000000000002,1.7927000000000002,1.7946000000000002,1.8141,1.8159,1.8234000000000001,1.8306,1.8358,1.8401,1.8537000000000001,1.8589,1.8605,1.863,1.8703,1.8875000000000002,1.8935000000000002,1.8947,1.8969,1.9023,1.9297000000000002,1.9445000000000001,1.9536,1.9559000000000002,1.9665000000000001,1.967,1.9987000000000001,2.0117000000000003,2.0239000000000003,2.0273,2.0496000000000003,2.0546,2.0563000000000002,2.0639000000000003,2.0672,2.0777,2.1087000000000002,2.1096,2.1105,2.1337,2.1595,2.1726,2.1898,2.1966,2.1978,2.2007000000000003,2.2075,2.2125,2.2299,2.2331000000000003,2.2507,2.2567,2.2719,2.2777000000000003,2.278,2.2838000000000003,2.2847,2.2884,2.2909,2.2928,2.3256,2.3289,2.342,2.3583000000000003,2.3624,2.3812,2.3868,2.4165,2.4339,2.4387000000000003,2.4416,2.4455,2.4606,2.4637000000000002,2.4679,2.4785,2.4936000000000003,2.4957000000000003,2.4992,2.5053,2.5085,2.516,2.5194,2.5218000000000003,2.5244,2.5277000000000003,2.5291,2.5317000000000003,2.5335,2.5421,2.5452,2.5525,2.5540000000000003,2.5709,2.5719000000000003,2.5844,2.597,2.6041000000000003,2.615,2.623,2.6284,2.6397,2.6408,2.6676,2.6862,2.6864000000000003,2.6868000000000003,2.6936,2.6987,2.6996,2.702,2.7039,2.7093000000000003,2.7129000000000003,2.7150000000000003,2.7249000000000003,2.7422,2.7445,2.7474000000000003,2.7596000000000003,2.765,2.7685,2.7805,2.7844,2.7854,2.7919,2.8017000000000003,2.8161,2.8212,2.8305000000000002,2.8325,2.8524000000000003,2.8529,2.8613,2.8643,2.8693,2.8856,2.8969,2.8995,2.9013,2.9062,2.9089,2.9176,2.9236,2.9249,2.9277,2.9297,2.9367,2.9481,2.9489,2.9581,2.9629000000000003,2.9633000000000003,2.9974000000000003,2.998,2.9999000000000002
13525:0.881,0.9004000000000001,0.9622,0.9816,0.993,1.0188000000000001,1.0634000000000001,1.1365,1.1888,1.2076,1.2292,1.2366000000000001,1.247,1.2479,1.2631000000000001,1.2808000000000002,1.2846,1.2944,1.3121,1.3215000000000001,1.3453000000000002,1.3481,1.3534000000000002,1.3685,1.3693,1.3752,1.3847,1.3937000000000002,1.3960000000000001,1.4041000000000001,1.4214,1.4393,1.4501000000000002,1.4544000000000001,1.4574,1.4624000000000001,1.4763000000000002,1.5130000000000001,1.5158,1.5183,1.5303,1.5384,1.5417,1.5538,1.5696,1.5705,1.5752000000000002,1.5850000000000002,1.5858,1.5966,1.5972000000000002,1.6006,1.6021,1.6031,1.6114000000000002,1.6388,1.6411,1.6442,1.6453,1.6546,1.6664,1.6749,1.677,1.6817,1.7336,1.734,1.7482,1.7628000000000001,1.7652,1.7704000000000002,1.7738,1.7747000000000002,1.7843,1.7915,1.7972000000000001,1.8033000000000001,1.8074000000000001,1.8158,1.8223,1.8278,1.8298,1.8436000000000001,1.85,1.8867,1.8882,1.8932,1.8960000000000001,1.9075000000000002,1.9158000000000002,1.9171,1.9302000000000001,1.939,1.9436,1.9500000000000002,1.9542000000000002,1.9592,1.9689,1.9733,1.9745000000000001,1.9776,1.9781000000000002,1.9800000000000002,1.9889000000000001,1.9912,1.9937,1.9944000000000002,1.9969000000000001,2.0073000000000003,2.0264,2.0328,2.0669,2.0679000000000003,2.0692,2.0711,2.0731,2.0734,2.075,2.0794,2.0825,2.1049,2.1104000000000003,2.1209000000000002,2.1229,2.138,2.1456,2.1459,2.1484,2.1526,2.1528,2.156,2.1576,2.1608,2.1615,2.1885,2.1979,2.2105,2.2175000000000002,2.2318000000000002,2.2337000000000002,2.2603,2.2903000000000002,2.3003,2.3061000000000003,2.3111,2.3115,2.3136,2.3148,2.3231,2.3339000000000003,2.3347,2.343,2.3459000000000003,2.3571,2.3574,2.3591,2.3770000000000002,2.3911000000000002,2.3961,2.4009,2.4057,2.4218,2.4269000000000003,2.4536000000000002,2.4608000000000003,2.4901,2.494,2.5081,2.5113000000000003,2.5118,2.5202,2.5226,2.5340000000000003,2.5402,2.5460000000000003,2.5555000000000003,2.5564,2.557,2.5628,2.5692,2.5838,2.5865,2.6086,2.6132,2.6142000000000003,2.615,2.6226000000000003,2.6232,2.6301,2.6419,2.6487000000000003,2.6522,2.6776,2.6794000000000002,2.6811000000000003,2.6851000000000003,2.6944000000000004,2.6998,2.7019,2.7091000000000003,2.7095000000000002,2.7142,2.7167000000000003,2.7181,2.7264,2.7392000000000003,2.7407,2.7453000000000003,2.7536,2.7575000000000003,2.7651000000000003,2.7687,2.7826,2.7839,2.789,2.8041,2.8103000000000002,2.8167,2.8321,2.8364000000000003,2.8597,2.8633,2.8643,2.8695,2.8809,2.8849,2.8855,2.8933,2.8936,2.9008000000000003,2.9014,2.9244000000000003,2.9461,2.9532000000000003,2.9534000000000002,2.9642,2.9678,2.9731,2.986,2.987,2.9875000000000003,2.9882,2.9955000000000003,2.9982
13536:1.1488,1.2389000000000001,1.2884,1.3737000000000001,1.4594,1.5273,1.5357,1.6757000000000002,1.707,1.8752000000000002,1.9184,2.1978,2.2385,2.3412,2.4141,2.4557,2.523,2.8341000000000003,2.8534,2.9484000000000004
13909:0.8536,0.9314,0.9391,0.9938,1.0322,1.0451000000000001,1.0591000000000002,1.0613000000000001,1.0638,1.0739,1.0787,1.1182,1.1308,1.1767,1.1908,1.2343,1.2850000000000001,1.3085,1.3334000000000001,1.3481,1.3569,1.3647,1.3712,1.3757000000000001,1.3829,1.3943,1.4112,1.4387,1.4644000000000001,1.4898,1.4951,1.5027000000000001,1.5095,1.5150000000000001,1.5163,1.5384,1.5819,1.5877000000000001,1.5901,1.6234000000000002,1.6317000000000002,1.6334000000000002,1.6378000000000001,1.6396000000000002,1.6526,1.6595,1.6947,1.7044000000000001,1.7051,1.7195,1.7244000000000002,1.735,1.7462,1.7476,1.7623,1.7666000000000002,1.7735,1.7796,1.7845,1.7849000000000002,1.8044,1.8124,1.8277,1.8295000000000001,1.8364,1.8406,1.8546,1.8591000000000002,1.8652000000000002,1.8715000000000002,1.8732000000000002,1.8786,1.8814000000000002,1.8883,1.8900000000000001,1.8964,1.8982,1.9043,1.9124,1.9269,1.9275,1.9301000000000001,1.9303000000000001,1.9401000000000002,1.955,1.9613,1.9902000000000002,1.9922000000000002,2.0060000000000002,2.0172,2.024,2.0300000000000002,2.0404,2.0409,2.0432,2.0538000000000003,2.0551,2.0642,2.0661,2.072,2.0806,2.0836,2.0875,2.0902000000000003,2.0944000000000003,2.0952,2.0992,2.112,2.1125000000000003,2.1131,2.1144000000000003,2.1313,2.1401,2.141,2.1503,2.1563,2.1566,2.1571000000000002,2.1637,2.165,2.1728,2.1732,2.1767000000000003,2.1788000000000003,2.1851000000000003,2.1884,2.1902,2.1951,2.2063,2.2114000000000003,2.2382,2.2443,2.2551,2.2562,2.2632000000000003,2.2712000000000003,2.2726,2.2729,2.3094,2.3107,2.3386,2.3466,2.3559,2.3565,2.3614,2.3708,2.3733,2.3782,2.3810000000000002,2.3832,2.4077,2.4153000000000002,2.4164000000000003,2.4572000000000003,2.459,2.4734000000000003,2.4744,2.4776000000000002,2.4885,2.4898000000000002,2.5050000000000003,2.515,2.5186,2.52,2.5237000000000003,2.5389,2.54,2.5404,2.5493,2.5651,2.5657,2.5892,2.5901,2.5919000000000003,2.5923000000000003,2.601,2.6045000000000003,2.625,2.6287000000000003,2.6343,2.6423,2.6484,2.662,2.6697,2.6779,2.6783,2.6838,2.6995,2.708,2.7115,2.7225,2.7236000000000002,2.725,2.7257000000000002,2.7272000000000003,2.7366,2.7445,2.7486,2.7703,2.7755,2.7781000000000002,2.7906,2.7989,2.8009,2.8011,2.8084000000000002,2.8167,2.8177000000000003,2.8249,2.8333,2.8393,2.8545000000000003,2.8618,2.8684000000000003,2.8772,2.8902,2.8960000000000004,2.8994,2.9017,2.9050000000000002,2.9199,2.9224,2.9244000000000003,2.9265000000000003,2.94,2.9447,2.9518,2.9589000000000003,2.9605,2.967,2.9736000000000002,2.9749000000000003,2.9844,2.9886,2.9916
14249:1.0682,1.1559000000000001,1.2779,1.3232000000000002,1.3589,1.4246,1.471,1.5339,1.5801,1.6184,1.6607,1.6863000000000001,1.7060000000000002,1.7599,1.8177,1.8783,1.9157000000000002,1.9814,2.0187,2.0473,2.0847,2.1575,2.2004,2.2866,2.3706,2.4079,2.4454000000000002,2.5204,2.5698000000000003,2.6112,2.6495,2.689,2.7326,2.7825,2.8279,2.9087,2.9525
14323:1.2630000000000001,1.3257,1.3953,1.4268,1.5341,1.6333,1.6742000000000001,1.7273,1.7579,1.9682000000000002,2.0091,2.0597000000000003,2.1167000000000002,2.1481,2.1757,2.2187,2.251,2.3477,2.4941,2.6218,2.6614,2.6950000000000003,2.728,2.7582,2.9286000000000003
14351:2.5252000000000003,2.8379000000000003
14415:1.5281,1.5934000000000001,1.8147,2.3299000000000003,2.8789000000000002
14484:1.8250000000000002
14829:1.5741,1.6175000000000002,1.9749
14979:1.5318,1.5858,1.6684,1.7397,1.8416000000000001,1.8912,1.9424000000000001,1.9996,2.0481000000000003,2.1102000000000003,2.1692,2.2249000000000003,2.2683,2.3219000000000003,2.3736,2.4787,2.5457,2.5921000000000003,2.6298,2.7082,2.7531000000000003,2.8059000000000003,2.8622,2.9237,2.9708
15120:1.028,1.0763,1.1108,1.1378000000000001,1.1672,1.1945000000000001,1.2319,1.2511,1.2681,1.2856,1.3106,1.3245,1.3413000000000002,1.3519,1.3737000000000001,1.3909,1.4087,1.425,1.4417,1.4578,1.471,1.4877,1.5055,1.5188000000000001,1.5354,1.5517,1.5696,1.5873000000000002,1.6,1.61,1.62,1.6357000000000002,1.6483,1.6627,1.6763000000000001,1.6887,1.7006000000000001,1.7152,1.7264000000000002,1.7433,1.7544000000000002,1.7656,1.7803,1.7913000000000001,1.8054000000000001,1.8188000000000002,1.8314000000000001,1.8451000000000002,1.8575000000000002,1.8713000000000002,1.8799000000000001,1.8898000000000001,1.8999000000000001,1.9104,1.9209,1.9321000000000002,1.9458000000000002,1.9633,1.9748,1.9856,1.9962000000000002,2.0089,2.0204,2.0345,2.0454,2.0558,2.0669,2.0772,2.0868,2.0957,2.1106000000000003,2.1209000000000002,2.1350000000000002,2.1455,2.1559,2.1642,2.1743,2.1872000000000003,2.2019,2.2132,2.2243,2.2349,2.2439,2.2535000000000003,2.2659000000000002,2.2775000000000003,2.289,2.3014,2.3161,2.3294,2.3396,2.3488,2.3575,2.3676,2.3795,2.3919,2.4025000000000003,2.4145000000000003,2.4308,2.4419,2.452,2.4604,2.4713000000000003,2.4808000000000003,2.4916,2.5056000000000003,2.5166,2.5261,2.5351,2.5462000000000002,2.5581,2.5684,2.5789,2.5943,2.6060000000000003,2.6143,2.6234,2.6369000000000002,2.6489000000000003,2.6612,2.673,2.6864000000000003,2.6966,2.7067,2.7161,2.7262,2.7353,2.7464,2.7548,2.7656,2.7776,2.7938,2.8064,2.8240000000000003,2.8349,2.847,2.8612,2.8735,2.8862,2.8995,2.9090000000000003,2.9219,2.9298,2.9418,2.9524000000000004,2.9635000000000002,2.9739,2.9863,2.9951000000000003
15166:1.5843,1.6255000000000002,2.1278,2.5289,2.8451
15527:0.9677,0.9679000000000001,0.9793000000000001,0.9850000000000001,1.0213,1.0289000000000001,1.0316,1.0424,1.1106,1.127,1.139,1.1783000000000001,1.1880000000000002,1.2116,1.2279,1.2353,1.2492,1.2598,1.288,1.3072000000000001,1.3089,1.3174000000000001,1.3210000000000002,1.3213000000000001,1.3344,1.3513000000000002,1.3628,1.3663,1.3904,1.3999000000000001,1.4132,1.4134,1.4200000000000002,1.4262000000000001,1.4299000000000002,1.4312,1.4406,1.4416,1.4480000000000002,1.4542000000000002,1.4585000000000001,1.4728,1.4829,1.5091,1.5135,1.5395,1.542,1.5749,1.5772000000000002,1.5857,1.5936000000000001,1.6002,1.6174000000000002,1.6177000000000001,1.6289,1.6320000000000001,1.6444,1.6487,1.6581000000000001,1.6624,1.6840000000000002,1.6959000000000002,1.7066000000000001,1.7209,1.7221000000000002,1.724,1.7277,1.7338,1.7492,1.7508000000000001,1.7529000000000001,1.7692,1.7758,1.7772000000000001,1.7777,1.7818,1.7882,1.7930000000000001,1.7932000000000001,1.7969000000000002,1.8036,1.8131000000000002,1.8171000000000002,1.8185,1.8188000000000002,1.8190000000000002,1.8216,1.834,1.8373000000000002,1.8464,1.8648,1.8827,1.8833000000000002,1.8878000000000001,1.8900000000000001,1.9009,1.9045,1.9053,1.9086,1.9116000000000002,1.9128,1.9131,1.9153,1.9274,1.9292,1.9300000000000002,1.9328,1.9448,1.9504000000000001,1.9578,1.9599000000000002,1.9604000000000001,1.9608,1.9765000000000001,1.9789,1.9943000000000002,2.0125,2.0156,2.0289,2.036,2.041,2.0459,2.0485,2.0591,2.0611,2.0749,2.0758,2.0783,2.0943,2.095,2.097,2.1064000000000003,2.1085000000000003,2.1092,2.1138,2.1162,2.1216,2.1266000000000003,2.146,2.1463,2.1485000000000003,2.1493,2.1514,2.1571000000000002,2.169,2.1778,2.1782,2.1814,2.184,2.2044,2.2083,2.2115,2.2203,2.2347,2.2385,2.24,2.2459000000000002,2.2525,2.2572,2.2584,2.2706,2.2718000000000003,2.2757,2.2761,2.2795,2.2849,2.2882000000000002,2.2892,2.2895000000000003,2.2906,2.2911,2.2967,2.2976,2.3001,2.323,2.3263000000000003,2.3292,2.3326000000000002,2.3387000000000002,2.3432,2.3461000000000003,2.3575,2.3609,2.3695,2.3724000000000003,2.3727,2.3734,2.3783000000000003,2.3858,2.3866,2.4122,2.4225000000000003,2.426,2.4297,2.432,2.4357,2.4508,2.4548,2.4554,2.4566000000000003,2.4685,2.4730000000000003,2.4795000000000003,2.4897,2.4949000000000003,2.5065,2.5094000000000003,2.5396,2.5453,2.5563000000000002,2.5574000000000003,2.5776000000000003,2.5897,2.5906000000000002,2.5941,2.5951,2.5985,2.6005000000000003,2.6033,2.6046,2.6086,2.6097,2.6124,2.6206,2.6211,2.6283000000000003,2.6285000000000003,2.6305,2.6339,2.6366,2.6399,2.6422000000000003,2.6483000000000003,2.6521000000000003,2.6583,2.6689000000000003,2.6724,2.6749,2.6794000000000002,2.6967000000000003,2.7,2.7062,2.7094,2.7114000000000003,2.7166,2.7178,2.726,2.7350000000000003,2.7359,2.7396000000000003,2.7539000000000002,2.7668,2.7772,2.7803,2.7880000000000003,2.7965,2.8056,2.8244000000000002,2.8251,2.8331,2.8364000000000003,2.8468,2.8709000000000002,2.8801,2.8804000000000003,2.8821000000000003,2.8832,2.8865000000000003,2.8957,2.8977,2.9058,2.9063000000000003,2.9094,2.9158,2.9250000000000003,2.9308,2.9484000000000004,2.9517,2.9526000000000003,2.9650000000000003,2.9661,2.9694000000000003,2.9753000000000003,2.978,2.979,2.9828,2.9834,2.9905
15796:0.9002,0.9285,0.9570000000000001,1.0310000000000001,1.1066,1.1139000000000001,1.1354,1.1515,1.163,1.2276,1.2407000000000001,1.2624,1.2806,1.2939,1.3187,1.3198,1.3226,1.327,1.3344,1.3385,1.3515000000000001,1.3667,1.3695000000000002,1.4124,1.4203000000000001,1.4212,1.4706000000000001,1.4959,1.5069000000000001,1.5099,1.5162,1.518,1.5362,1.5391000000000001,1.5690000000000002,1.5697,1.5712000000000002,1.5751000000000002,1.5807,1.5926,1.596,1.5986,1.6115000000000002,1.6205,1.6436000000000002,1.6468,1.6473,1.6536000000000002,1.6564,1.6607,1.6640000000000001,1.6680000000000001,1.6747,1.6753,1.6758000000000002,1.6840000000000002,1.6867,1.6882000000000001,1.6884000000000001,1.6953,1.6973,1.6984000000000001,1.722,1.7222000000000002,1.7237,1.7266000000000001,1.7268000000000001,1.7278,1.7313,1.7381,1.7406000000000001,1.7506000000000002,1.7527000000000001,1.7536,1.7630000000000001,1.7677,1.7686000000000002,1.7699,1.7782,1.7806000000000002,1.7819,1.7971000000000001,1.7974,1.8094000000000001,1.8133000000000001,1.8332000000000002,1.8357,1.8373000000000002,1.8399,1.8536000000000001,1.865,1.8738000000000001,1.8820000000000001,1.8834000000000002,1.8872,1.8918000000000001,1.8978000000000002,1.9021000000000001,1.9107,1.9203000000000001,1.9305,1.9400000000000002,1.9497,1.9515,1.9551,1.9584000000000001,1.9694,1.9718,1.9793,1.9856,1.9872,1.99,1.9942000000000002,1.996,1.9996,2.0221,2.0231,2.0337,2.0371,2.0751,2.0772,2.08,2.1295,2.1318,2.1442,2.1627,2.1763,2.1791,2.1805,2.1866000000000003,2.1954000000000002,2.2112000000000003,2.2119,2.2121,2.2136,2.2417000000000002,2.2457000000000003,2.2466,2.248,2.2802000000000002,2.287,2.2934,2.2943000000000002,2.3032,2.3133,2.3262,2.3269,2.3299000000000003,2.333,2.3393,2.3433,2.3491,2.353,2.3547000000000002,2.3616,2.3642000000000003,2.3774,2.3850000000000002,2.3875,2.3877,2.3985000000000003,2.4002000000000003,2.4044000000000003,2.4198,2.4229000000000003,2.428,2.4385000000000003,2.4407,2.4517,2.4607,2.4617,2.462,2.4678,2.4725,2.483,2.484,2.4883,2.4909000000000003,2.4915000000000003,2.4921,2.4938000000000002,2.4974000000000003,2.5144,2.5184,2.5305,2.5369,2.5434,2.5441000000000003,2.5563000000000002,2.559,2.5598,2.5606,2.5655,2.5657,2.5776000000000003,2.588,2.5903,2.595,2.5997000000000003,2.6035,2.6093,2.6155,2.6165000000000003,2.6189,2.6244,2.625,2.6327000000000003,2.6379,2.68,2.6889000000000003,2.6993,2.7034000000000002,2.7076000000000002,2.7204,2.7271,2.7310000000000003,2.7362,2.7432000000000003,2.7444,2.749,2.7557,2.7563,2.7598000000000003,2.7617000000000003,2.7683,2.7691000000000003,2.7756000000000003,2.782,2.7863,2.7880000000000003,2.7892,2.7906,2.8021000000000003,2.8061000000000003,2.8079,2.8095000000000003,2.8305000000000002,2.8371,2.8584,2.8588,2.8648000000000002,2.8662,2.8664,2.8711,2.8791,2.8816,2.8841,2.8888000000000003,2.9005,2.9074,2.9115,2.9134,2.9212000000000002,2.923,2.9311000000000003,2.9339,2.9436,2.9444000000000004,2.9472,2.9524000000000004,2.9669000000000003,2.971,2.9728000000000003,2.9767,2.9833000000000003,2.9941
15996:2.4059,2.8678000000000003
16213:0.9440000000000001,0.9790000000000001,1.0162,1.0324,1.056,1.0805,1.1046,1.1319000000000001,1.1437000000000002,1.1601000000000001,1.1732,1.1879,1.2015,1.2158,1.2382,1.2535,1.2642,1.2749000000000001,1.2872000000000001,1.2977,1.3098,1.3243,1.3415000000000001,1.35,1.3556000000000001,1.3725,1.3881000000000001,1.3959000000000001,1.4048,1.4153,1.4246,1.4333,1.4446,1.4579,1.4683000000000002,1.4792,1.4859,1.4948000000000001,1.5076,1.5189000000000001,1.5314,1.5393000000000001,1.5485,1.5574000000000001,1.5679,1.5787,1.5908,1.598,1.609,1.6172,1.6300000000000001,1.6366,1.6432,1.6535,1.6624,1.6732,1.6863000000000001,1.6978,1.7059,1.7147000000000001,1.7243000000000002,1.7312,1.7407000000000001,1.756,1.7621,1.7702,1.7762,1.7842,1.7926000000000002,1.8009000000000002,1.808,1.816,1.8230000000000002,1.8318,1.8418,1.8531000000000002,1.859,1.8671,1.877,1.8825,1.8884,1.8966,1.9068,1.9132,1.9238000000000002,1.9307,1.9416,1.9492,1.9600000000000002,1.9687000000000001,1.9771,1.9876,1.9932,1.999,2.0081,2.0172,2.0252,2.0405,2.0494,2.0574,2.0664000000000002,2.0761000000000003,2.087,2.0962,2.107,2.1149,2.1253,2.1347,2.1438,2.1507,2.1556,2.1631,2.1750000000000003,2.1855,2.1903,2.2004,2.2113,2.2176,2.2222,2.2312000000000003,2.2414,2.2506,2.258,2.2676000000000003,2.2798000000000003,2.2879,2.2951,2.3026,2.3116000000000003,2.3231,2.3309,2.3362000000000003,2.3451,2.357,2.3678,2.3793,2.3848000000000003,2.3935,2.4015,2.4105000000000003,2.4189000000000003,2.4272,2.4382,2.4458,2.4541,2.4626,2.4709000000000003,2.4774000000000003,2.4842,2.4913000000000003,2.5011,2.5142,2.527,2.5357000000000003,2.5429,2.5519000000000003,2.5596,2.5665,2.5747,2.583,2.592,2.6025,2.6140000000000003,2.6229,2.6337,2.6423,2.6526,2.6619,2.6724,2.6801,2.6866000000000003,2.6932,2.6982,2.7081,2.7167000000000003,2.7277,2.738,2.7471,2.7559,2.7662,2.7749,2.7841,2.7931,2.8011,2.8096,2.8203,2.8318000000000003,2.8393,2.8462,2.8567,2.8639,2.8722000000000003,2.8808000000000002,2.887,2.8993,2.9062,2.9153000000000002,2.926,2.9325,2.9399,2.9506,2.96,2.9668,2.9747000000000003,2.9873000000000003,2.9934000000000003
16700:0.9067000000000001,0.9151,0.9593,1.0755000000000001,1.1078000000000001,1.1086,1.1372,1.1501000000000001,1.1580000000000001,1.2165000000000001,1.2182,1.2334,1.2498,1.2981,1.3165,1.3171000000000002,1.3173000000000001,1.3216,1.3284,1.3575000000000002,1.3668,1.3820000000000001,1.4032,1.4543000000000001,1.4619,1.5192,1.5222,1.5232,1.5241,1.5533000000000001,1.5584,1.5695000000000001,1.5783,1.5799,1.5810000000000002,1.5834000000000001,1.5837,1.5842,1.5888,1.5908,1.601,1.6029,1.6344,1.635,1.6425,1.6465,1.6720000000000002,1.6792,1.6803000000000001,1.6896,1.6961000000000002,1.7014,1.7032,1.7092,1.7257,1.7275,1.7316,1.7384000000000002,1.7472,1.7477,1.7512,1.7578,1.7608000000000001,1.7667000000000002,1.7702,1.7704000000000002,1.7788000000000002,1.7813,1.7942,1.7981,1.8,1.8147,1.8149000000000002,1.8168000000000002,1.8362,1.8389,1.8429,1.844,1.8567,1.8643,1.866,1.8945,1.9024,1.9085,1.9093,1.9207,1.9241000000000001,1.9245,1.9281000000000001,1.9332,1.9369,1.9475,1.9492,1.9536,1.9565000000000001,1.9573,1.9791,1.9895,1.994,1.9967000000000001,2.0002,2.0015,2.0017,2.0095,2.0186,2.0326,2.0349,2.0377,2.0395000000000003,2.044,2.0498000000000003,2.0505,2.0588,2.0621,2.0704000000000002,2.0713,2.0796,2.0847,2.0916,2.0963000000000003,2.1021,2.1042,2.1073,2.1087000000000002,2.1091,2.113,2.1339,2.1470000000000002,2.1543,2.164,2.166,2.206,2.2226,2.236,2.2428,2.2468,2.2502,2.2537000000000003,2.2552000000000003,2.2663,2.267,2.2687,2.2754000000000003,2.2804,2.2892,2.2948,2.3033,2.3319,2.3382,2.3451,2.3488,2.3673,2.3919,2.4171,2.422,2.4231000000000003,2.4307000000000003,2.4448000000000003,2.4489,2.4555000000000002,2.4585,2.4605,2.4629000000000003,2.4694000000000003,2.4716,2.4757000000000002,2.4837000000000002,2.4986,2.5061,2.5094000000000003,2.5099,2.5124,2.5232,2.5244,2.5269,2.5411,2.5488,2.5505,2.5509,2.5536000000000003,2.5567,2.5707,2.5761000000000003,2.5765000000000002,2.5792,2.5944000000000003,2.595,2.5983,2.6027,2.6271,2.6298,2.6466000000000003,2.6471,2.6557,2.6606,2.6637,2.6663,2.6670000000000003,2.6754000000000002,2.6766,2.714,2.7177000000000002,2.7184,2.7304,2.7318000000000002,2.7451000000000003,2.7470000000000003,2.7559,2.7562,2.7568,2.7574,2.758,2.774,2.7749,2.7752000000000003,2.7755,2.7801,2.7816,2.789,2.79,2.809,2.8212,2.8292,2.8521,2.8685,2.8737,2.8751,2.8845,2.8869000000000002,2.9015,2.9103000000000003,2.9130000000000003,2.9195,2.9323,2.9367,2.9436,2.9439,2.9466,2.9482,2.9659,2.9749000000000003,2.9961
17072:1.3615000000000002,1.5657,1.6062,1.6993,1.7407000000000001,1.7889000000000002,1.8179,1.8767,1.8984,1.9437,2.0151,2.0808,2.118,2.1557,2.2073,2.2492,2.3996,2.4530000000000003,2.5294000000000003,2.5681000000000003,2.5989,2.6594,2.6854,2.7071,2.8734,2.9083,2.935,2.9564000000000004,2.9936000000000003
17246:1.1082,2.1756,2.297
17490:1.8759000000000001,2.3784,2.629
17849:1.8335000000000001
18045:1.0306,1.0457,1.0598,1.0633000000000001,1.0757,1.1165,1.1408,1.163,1.1967,1.202,1.2261,1.2472,1.2530000000000001,1.2538,1.2541,1.2644,1.2745,1.2874,1.2892000000000001,1.3325,1.3642,1.3898000000000001,1.3903,1.3929,1.3947,1.4069,1.4166,1.4227,1.4400000000000002,1.4417,1.4787000000000001,1.49,1.4933,1.5310000000000001,1.5364,1.5536,1.5570000000000002,1.5627,1.5666,1.5762,1.5787,1.5801,1.5825,1.603,1.606,1.6093000000000002,1.6136000000000001,1.6171,1.6246,1.6327,1.6329,1.6483,1.6587,1.6712,1.6721000000000001,1.6825,1.6894,1.6926,1.693,1.6951,1.6987,1.7003000000000001,1.7045000000000001,1.7163000000000002,1.7181000000000002,1.7196,1.7288000000000001,1.7377,1.738,1.7608000000000001,1.7691000000000001,1.7801,1.7810000000000001,1.7825000000000002,1.8017,1.8234000000000001,1.8388,1.8395000000000001,1.8534000000000002,1.856,1.8593000000000002,1.8611000000000002,1.8633000000000002,1.8678000000000001,1.8808,1.8905,1.9106,1.9211,1.9320000000000002,1.9348,1.9462000000000002,1.9682000000000002,1.973,1.9741000000000002,1.9772,1.983,1.9887000000000001,1.9958,2.0186,2.0238,2.0438,2.0482,2.0496000000000003,2.0549,2.0601000000000003,2.0829,2.0879000000000003,2.0946000000000002,2.1002,2.1016,2.1068000000000002,2.1101,2.1162,2.1202,2.1248,2.1347,2.145,2.1557,2.1577,2.166,2.1679,2.1841,2.1844,2.1891000000000003,2.2004,2.2018,2.2024,2.2052,2.2076000000000002,2.2225,2.2268,2.2277,2.2318000000000002,2.2338,2.2426,2.2576,2.2585,2.2679,2.2701000000000002,2.2771,2.2951,2.298,2.3101000000000003,2.3189,2.3339000000000003,2.3395,2.3509,2.3778,2.3782,2.3863000000000003,2.3906,2.3916,2.3949000000000003,2.4012000000000002,2.4133,2.422,2.4235,2.4398,2.4425000000000003,2.4478,2.4539,2.4626,2.4892000000000003,2.5098000000000003,2.5171,2.5177,2.5222,2.5229,2.5260000000000002,2.5297,2.5327,2.5333,2.5481000000000003,2.5762,2.5820000000000003,2.5825,2.5936,2.5951,2.6014,2.6016,2.6046,2.6075,2.613,2.6159000000000003,2.6288,2.6374,2.6483000000000003,2.6513,2.656,2.6599,2.6604,2.6638,2.6657,2.6729000000000003,2.68,2.6804,2.684,2.6925000000000003,2.6981,2.7111,2.7125,2.7191,2.7226,2.7395,2.74,2.7443,2.7484,2.7641,2.7668,2.7788,2.7825,2.7974,2.7982,2.803,2.8042000000000002,2.8109,2.8152,2.8158000000000003,2.8373,2.8379000000000003,2.8459000000000003,2.8555,2.8639,2.8663000000000003,2.8789000000000002,2.8805,2.8810000000000002,2.8853,2.8883,2.9031000000000002,2.9072,2.9275,2.9352,2.9358,2.9361,2.9404000000000003,2.9507000000000003,2.9662,2.988,2.9904,2.9965
18131:1.1455,1.1924000000000001,1.2331,1.2809000000000001,1.3163,1.3359,1.3654000000000002,1.3953,1.4394,1.4561000000000002,1.4908000000000001,1.524,1.5521,1.5828,1.6007,1.6320000000000001,1.6507,1.6718000000000002,1.6963000000000001,1.7047,1.7398,1.7501,1.7734,1.7968000000000002,1.8134000000000001,1.8392000000000002,1.8671,1.8747,1.9071,1.9151,1.9516,1.9689,1.9841000000000002,2.0118,2.0275000000000003,2.0517000000000003,2.0734,2.092,2.1061,2.134,2.1579,2.1816,2.19,2.2233,2.234,2.2561,2.2797,2.3166,2.3341000000000003,2.3519,2.3747000000000003,2.4028,2.4271000000000003,2.447,2.4781,2.5112,2.5552,2.5679000000000003,2.5975,2.6166,2.6408,2.6562,2.6804,2.7123,2.7390000000000003,2.7532,2.7848,2.8043,2.8299000000000003,2.8478000000000003,2.8844000000000003,2.8985000000000003,2.9153000000000002,2.9417,2.9718,2.9837000000000002
18171:1.3477000000000001,1.3781,1.4903000000000002,1.5430000000000001,1.7188,1.7778,1.8915000000000002,1.9989000000000001,2.096,2.1355,2.3021000000000003,2.3843,2.4416,2.4992,2.5563000000000002,2.5892,2.6248,2.6667,2.7348000000000003,2.8723,2.9277
18320:1.9179000000000002
18478:1.3304,1.4069,1.4628,1.5242,1.5892000000000002,1.6326,1.6723000000000001,1.7002000000000002,1.7316,1.7619,1.7921,1.8228000000000002,1.852,1.8733000000000002,1.9031,1.9337000000000002,1.9688,1.9948000000000001,2.0204,2.0483000000000002,2.0726,2.091,2.1144000000000003,2.1482,2.1767000000000003,2.2262,2.2507,2.2819000000000003,2.3105,2.3411,2.3613,2.3927,2.4237,2.4536000000000002,2.4819,2.5076,2.5395000000000003,2.5641000000000003,2.5845000000000002,2.6158,2.6411000000000002,2.6621,2.6999,2.7206,2.7382,2.7642,2.7958000000000003,2.8303000000000003,2.8516000000000004,2.887,2.9109000000000003,2.9517,2.976,2.9982
18771:2.0879000000000003,2.1729000000000003,2.4894000000000003,2.5785,2.6305,2.7150000000000003,2.7693000000000003,2.9392
19092:1.3706,1.5367000000000002,2.3119,2.5573
19503:1.2813,1.5090000000000001,1.5336,1.5993000000000002,1.6764000000000001,1.7359,1.7945,1.8736000000000002,1.9166,1.9606000000000001,2.0015,2.064,2.0959000000000003,2.201,2.255,2.2832,2.3474,2.384,2.4105000000000003,2.4536000000000002,2.4818000000000002,2.5388,2.5623,2.5871,2.6254,2.6696,2.7322,2.791,2.8686000000000003,2.9463000000000004,2.9804
19611:1.0627,1.1502000000000001,1.2752000000000001,1.3566,1.423,1.4689,1.6147,1.7008,1.8124,1.8717000000000001,1.9073,1.9803000000000002,2.0427,2.2036000000000002,2.2873,2.404,2.4415,2.5168,2.5645000000000002,2.6489000000000003,2.7795,2.822,2.9061000000000003,2.9478,2.9926
19718:1.2499,1.5246000000000002,1.5697,1.5915000000000001,1.6658000000000002,1.7305000000000001,1.7537,1.8114000000000001,1.8503,1.87,1.9117000000000002,1.9655,2.0281000000000002,2.0588,2.0898,2.1161000000000003,2.2216,2.2864,2.3267,2.3742,2.4047,2.4412000000000003,2.4792,2.4972000000000003,2.5284,2.5658000000000003,2.6100000000000003,2.6556,2.7237,2.8087,2.8661000000000003,2.8923,2.954,2.9782
19964:1.0307,1.1282,1.1527,1.1977,1.2561,1.2656,1.2812000000000001,1.2964,1.3403,1.3523,1.3849,1.4006,1.4241000000000001,1.4428,1.468,1.4851,1.5139,1.5279,1.5469000000000002,1.5621,1.5818,1.6104,1.623,1.6394,1.6598000000000002,1.6754,1.6952,1.7141000000000002,1.7293,1.7412,1.7646000000000002,1.7848000000000002,1.8012000000000001,1.8255000000000001,1.8394000000000001,1.8543,1.8645,1.8743,1.8848,1.8965,1.9128,1.9282000000000001,1.9398000000000002,1.9522000000000002,1.9666000000000001,1.9824000000000002,1.9957,2.0061,2.0165,2.0300000000000002,2.0449,2.0532,2.08,2.0938,2.1083000000000003,2.1232,2.1413,2.152,2.1667,2.1862,2.1994000000000002,2.2125,2.2216,2.2356000000000003,2.249,2.2612,2.2818,2.2952,2.3107,2.3320000000000003,2.3549,2.3673,2.3769,2.3847,2.4002000000000003,2.4341,2.4435000000000002,2.458,2.4758,2.4847,2.5125,2.529,2.543,2.5553,2.5741,2.5875,2.6025,2.6164,2.6267,2.6443000000000003,2.6595,2.6859,2.6988000000000003,2.7155,2.7294,2.7411000000000003,2.7509,2.7674000000000003,2.7883,2.8003,2.8116000000000003,2.8332,2.8511,2.8596,2.8683,2.886,2.9064,2.9178,2.9287,2.9409,2.9553000000000003,2.9678,2.9766000000000004,2.9878
20136:1.0430000000000001,1.1820000000000002,1.6509
20195:1.5090000000000001,1.5968,1.6461000000000001,1.6760000000000002,1.7237,1.758,1.7915,1.8705,1.9028,1.9532,1.9937,2.0154,2.0658000000000003,2.0911,2.148,2.1769000000000003,2.2,2.254,2.2777000000000003,2.3674,2.3988,2.4464,2.4850000000000003,2.5506,2.5807,2.6035,2.6198,2.6683000000000003,2.7167000000000003,2.7659000000000002,2.8068,2.8647,2.9313000000000002,2.9776000000000002
20540:2.7092,2.7203
20921:1.3242,1.3538000000000001,1.4391,1.5164,1.5654000000000001,1.6025,1.6413,1.6619000000000002,1.7016,1.7353,1.758,1.7913000000000001,1.8099,1.8381,1.8545,1.8733000000000002,1.8959000000000001,1.9073,1.9340000000000002,1.9658,1.9894,2.019,2.0424,2.0740000000000003,2.0865,2.109,2.1239,2.1577,2.19,2.2190000000000003,2.2376,2.2532,2.2889,2.3040000000000003,2.329,2.3417,2.3671,2.394,2.4196,2.4423,2.455,2.48,2.5111000000000003,2.5289,2.5445,2.5613,2.5726,2.6012,2.6177,2.6385,2.6557,2.6819,2.6953,2.7142,2.7475,2.766,2.7897000000000003,2.815,2.838,2.8721,2.9016,2.9134,2.9371,2.9602,2.975,2.9964
21291:1.1062,1.1486,1.2611,1.3112000000000001,1.3416000000000001,1.3677000000000001,1.4235,1.4571,1.5036,1.5314,1.5788,1.6014000000000002,1.625,1.6477000000000002,1.6749,1.6960000000000002,1.7186000000000001,1.7411,1.7637,1.7826000000000002,1.8030000000000002,1.8262,1.8453000000000002,1.8747,1.889,1.9075000000000002,1.9329,1.9471,1.9749,1.9968000000000001,2.0184,2.0383,2.0591,2.0833,2.1033,2.1257,2.1466000000000003,2.1655,2.1815,2.2,2.222,2.2484,2.271,2.2867,2.3012,2.3234,2.341,2.3624,2.3823000000000003,2.4007,2.4170000000000003,2.4352,2.4601,2.4839,2.5072,2.5287,2.5471,2.5682,2.5875,2.6109,2.6396,2.6596,2.6827,2.7006,2.7191,2.7437,2.7739000000000003,2.7843,2.8073,2.8267,2.8499000000000003,2.8753,2.8982,2.9217,2.9444000000000004,2.963,2.9797000000000002,2.9983
21420:0.9662000000000001,0.9752000000000001,0.9944000000000001,1.0108000000000001,1.0477,1.0616,1.0705,1.1642000000000001,1.1758,1.1809,1.2255,1.2799,1.2851000000000001,1.3042,1.3090000000000002,1.3252000000000002,1.3435000000000001,1.365,1.3808,1.3862,1.4103,1.4146,1.4216,1.4306,1.4481000000000002,1.4506000000000001,1.4622000000000002,1.4659,1.4708,1.4782000000000002,1.5025000000000002,1.5050000000000001,1.5198,1.5376,1.5393000000000001,1.544,1.5446,1.5459,1.5474,1.5673000000000001,1.5682,1.5694000000000001,1.5770000000000002,1.5917000000000001,1.5973000000000002,1.6203,1.6273,1.6511,1.6529,1.6543,1.6563,1.6649,1.6798000000000002,1.6988,1.7047,1.7066000000000001,1.7251,1.7312,1.7411,1.7435,1.7567000000000002,1.7615,1.7648000000000001,1.7679,1.7765000000000002,1.7850000000000001,1.7964,1.7998,1.8007000000000002,1.8088000000000002,1.8215000000000001,1.8239,1.8247,1.8272000000000002,1.8277,1.8325,1.8395000000000001,1.8422,1.8466,1.8503,1.8538000000000001,1.8625,1.8628,1.8678000000000001,1.8873000000000002,1.8900000000000001,1.9020000000000001,1.9043,1.9220000000000002,1.9237000000000002,1.9303000000000001,1.9309,1.9317000000000002,1.941,1.9459000000000002,1.9719,1.9778,1.984,1.9884000000000002,1.9899,2.0085,2.0104,2.0166,2.0384,2.0429,2.0454,2.0477000000000003,2.0561000000000003,2.0578000000000003,2.0611,2.0713,2.0804,2.0844,2.0875,2.0889,2.0911,2.0971,2.1054,2.1229,2.1314,2.1350000000000002,2.1364,2.1375,2.1415,2.1498,2.1552000000000002,2.1613,2.1628000000000003,2.1634,2.1713,2.172,2.1731000000000003,2.1776,2.1872000000000003,2.1910000000000003,2.2019,2.2111,2.2364,2.2435,2.2459000000000002,2.2524,2.27,2.2737000000000003,2.2746,2.2775000000000003,2.2927,2.2975000000000003,2.3012,2.3042000000000002,2.3053,2.3093,2.321,2.3244000000000002,2.3261000000000003,2.3324000000000003,2.3375,2.3472,2.3529,2.3549,2.3707000000000003,2.3727,2.3823000000000003,2.3873,2.398,2.4094,2.4109000000000003,2.4161,2.431,2.4368000000000003,2.4525,2.4643,2.4721,2.4789000000000003,2.4846,2.486,2.5023,2.5029,2.5049,2.5242,2.5343,2.5395000000000003,2.5415,2.5474,2.5502000000000002,2.5749,2.592,2.5936,2.5943,2.5947,2.5954,2.5963000000000003,2.5973,2.6047000000000002,2.608,2.6102000000000003,2.6175,2.6183,2.619,2.6193,2.6197,2.6249000000000002,2.6371,2.6445000000000003,2.6578,2.6677,2.6693000000000002,2.6769000000000003,2.6784000000000003,2.6801,2.6987,2.7111,2.7115,2.7173000000000003,2.7252,2.7293000000000003,2.7299,2.7341,2.7425,2.7567,2.7652,2.7670000000000003,2.7673,2.774,2.7787,2.7825,2.7883,2.8063000000000002,2.8193,2.8195,2.8204000000000002,2.8229,2.8251,2.8279,2.8285,2.8295000000000003,2.8297000000000003,2.8333,2.8349,2.8371,2.8477,2.8493,2.8594,2.8645,2.8659000000000003,2.8747000000000003,2.8839,2.8971,2.9029000000000003,2.9155,2.9255,2.9298,2.9455,2.9485,2.9555000000000002,2.9687,2.9744,2.9748,2.9848000000000003,2.9942
21478:1.8389,1.9174,2.0601000000000003,2.3765,2.4803,2.5519000000000003,2.6554,2.8433,2.9839
21673:1.5204,1.5726,1.6740000000000002,1.7843,1.8445,1.8696000000000002,1.9151,2.0517000000000003,2.1372,2.2286,2.2752,2.3333,2.3720000000000003,2.4072,2.4508,2.4752,2.5164,2.5518,2.6536,2.716,2.7694,2.8306,2.8484000000000003,2.9439,2.9722
21715:1.818,1.9052,1.984,2.2246,2.3937,2.4456,2.5357000000000003,2.6107,2.773,2.8858,2.9745
22097:1.6025,1.6405,1.6792,1.7036,1.7577,1.7938,1.8493000000000002,1.8865,1.9266,1.9543000000000001,1.9871,2.0305,2.0667,2.0939,2.1350000000000002,2.1827,2.2028000000000003,2.2251000000000003,2.2574,2.2781000000000002,2.2989,2.3462,2.3675,2.3918,2.4115,2.4318,2.4779,2.5138000000000003,2.5319000000000003,2.5715000000000003,2.5981,2.6408,2.6688,2.7149,2.7505,2.773,2.79,2.835,2.8673,2.9092000000000002,2.9351000000000003,2.9738,2.9966
22214:1.0857,1.197,1.243,1.268,1.3149,1.3926,1.4275,1.4611,1.6280000000000001,1.6488,1.6777000000000002,1.7015,1.7396,1.7559,1.9461000000000002,1.9934,2.0089,2.0199000000000003,2.0872,2.1487000000000003,2.1618,2.1794000000000002,2.2042,2.2803,2.3674,2.3942,2.5152,2.6114,2.6229,2.6415,2.6799,2.7125,2.7598000000000003,2.9326000000000003
22306:0.8488,0.8555,0.8981,0.9749000000000001,0.9998,1.022,1.0473000000000001,1.0569,1.0938,1.1008,1.1021,1.1208,1.1234,1.1431,1.1651,1.1689,1.1722000000000001,1.1775,1.1799,1.1803000000000001,1.2064000000000001,1.22,1.2661,1.2761,1.2881,1.2916,1.3069000000000002,1.312,1.331,1.3338,1.3351,1.3361,1.3824,1.399,1.4187,1.4317,1.4382000000000001,1.4462000000000002,1.4527,1.4603000000000002,1.4643000000000002,1.4785000000000001,1.4884000000000002,1.5259,1.5327000000000002,1.5450000000000002,1.5527,1.5586,1.564,1.5827,1.5848,1.5987,1.6382,1.6457000000000002,1.6567,1.6596000000000002,1.6686,1.6784000000000001,1.7027,1.7079,1.7188,1.7202000000000002,1.7255,1.7266000000000001,1.7445000000000002,1.7458,1.7472,1.7570000000000001,1.7624000000000002,1.7689000000000001,1.7836,1.7932000000000001,1.8016,1.8043,1.8047000000000002,1.8271000000000002,1.8399,1.8435000000000001,1.8448,1.8545,1.856,1.8574000000000002,1.8783,1.8788,1.8942,1.8974000000000002,1.9026,1.9040000000000001,1.9054,1.9060000000000001,1.9163000000000001,1.9176000000000002,1.9282000000000001,1.9312,1.9400000000000002,1.9480000000000002,1.9538000000000002,1.9680000000000002,1.9707000000000001,1.9729,1.9821000000000002,1.9838,1.9852,2.0122,2.0158,2.0298000000000003,2.0374,2.0386,2.0409,2.0433,2.0447,2.0537,2.0645000000000002,2.076,2.0799000000000003,2.0875,2.0891,2.0906000000000002,2.0973,2.1019,2.1494,2.166,2.1751,2.1915,2.1939,2.2007000000000003,2.2017,2.2063,2.2162,2.2169000000000003,2.2178,2.2224,2.25,2.2526,2.259,2.2609,2.2754000000000003,2.2836000000000003,2.2840000000000003,2.2887,2.3068,2.3098,2.3143000000000002,2.3304,2.3387000000000002,2.3399,2.3627000000000002,2.367,2.3971,2.398,2.3993,2.4217,2.4271000000000003,2.4318,2.4374000000000002,2.4382,2.4411,2.4467000000000003,2.4865,2.4909000000000003,2.4965,2.4976000000000003,2.4995000000000003,2.5132000000000003,2.5186,2.5286,2.5305,2.5315000000000003,2.5328,2.5374000000000003,2.5396,2.5398,2.5404,2.5421,2.5441000000000003,2.5516,2.5662000000000003,2.568,2.5778000000000003,2.5861,2.5996,2.6087000000000002,2.6128,2.6203000000000003,2.6261,2.6265,2.6270000000000002,2.6276,2.6303,2.6417,2.6456,2.6479,2.6485000000000003,2.6629,2.6651000000000002,2.6667,2.6868000000000003,2.6995,2.7061,2.7081,2.7105,2.7146000000000003,2.7158,2.724,2.7317,2.7532,2.7649,2.7697000000000003,2.7758000000000003,2.7804,2.783,2.7965,2.7993,2.8116000000000003,2.8125,2.8564000000000003,2.8668,2.8698,2.8702,2.8753,2.8993,2.9010000000000002,2.9162000000000003,2.9252000000000002,2.9335,2.9357,2.9369,2.9416,2.9585000000000004,2.9645,2.9654000000000003,2.976,2.9766000000000004,2.9893,2.9922,2.9932000000000003
22366:1.3552,1.4218000000000002,1.5048000000000001,1.5504,1.5897000000000001,1.6125,1.6366,1.6647,1.6935,1.7193,1.7528000000000001,1.7841,1.8106,1.8435000000000001,1.8683,1.8961000000000001,1.9245,1.949,1.9772,2.0061,2.028,2.0582000000000003,2.0876,2.1143,2.1328,2.1712000000000002,2.1950000000000003,2.2194000000000003,2.2486,2.2688,2.291,2.3345000000000002,2.3623000000000003,2.3871,2.4056,2.4254000000000002,2.4422,2.4751000000000003,2.5005,2.5251,2.544,2.5686,2.5921000000000003,2.6084,2.6368,2.664,2.6893000000000002,2.7121,2.7455000000000003,2.7633,2.7832000000000003,2.801,2.8282000000000003,2.8600000000000003,2.8787000000000003,2.9061000000000003,2.9279,2.9532000000000003,2.9707000000000003,2.9929
22613:1.5264,1.5765,1.6209,1.6559000000000001,1.7106000000000001,1.7492,1.8210000000000002,1.8711,1.975,2.0555,2.0787,2.1102000000000003,2.1405000000000003,2.2386,2.2905,2.369,2.4102,2.4552,2.5174000000000003,2.5411,2.5823,2.6506000000000003,2.684,2.7198,2.8067,2.8407,2.8919,2.9634
22897:2.0999000000000003,2.3844000000000003,2.7351
23215:1.0939,1.208,1.2499,1.2776,1.3603,1.4295,1.5051,1.5975000000000001,1.611,1.6678000000000002,1.6801000000000001,1.7278,1.7375,1.7616,1.7965,1.8424,1.8752000000000002,1.9184,1.9591,1.9995,2.0221,2.0651,2.0924,2.1596,2.2002,2.2573000000000003,2.282,2.3699,2.3804000000000003,2.4051,2.4515000000000002,2.5019,2.5558,2.5859,2.6197,2.6719,2.6848,2.7356000000000003,2.7898,2.8318000000000003,2.8679,2.9351000000000003,2.9801
23350:1.5672000000000001,1.6187,1.6974,1.7770000000000001,1.8161,1.8646,1.9069,1.951,2.0168,2.0607,2.1152,2.1568,2.2143,2.2678000000000003,2.3369,2.3858,2.4288000000000003,2.4776000000000002,2.5256000000000003,2.5841000000000003,2.6244,2.6653000000000002,2.7176,2.7577000000000003,2.81,2.8561,2.9172000000000002,2.9679
23353:1.4706000000000001,1.5808,1.6015000000000001,1.6222,1.6378000000000001,1.7189,1.7674,1.8127,1.8647,1.9101000000000001,1.9614,2.0502000000000002,2.1224000000000003,2.1308000000000002,2.1790000000000003,2.2249000000000003,2.29,2.347,2.3953,2.4607,2.5139,2.5275000000000003,2.5683000000000002,2.6182000000000003,2.6581,2.7005000000000003,2.7406,2.8381000000000003,2.8647,2.9226,2.9878
23668:1.2363,1.3273000000000001,1.3553000000000002,1.3953,1.431,1.4584000000000001,1.5057,1.5216,1.5419,1.5594000000000001,1.5895000000000001,1.6043,1.6206,1.6478000000000002,1.6608,1.6733,1.6958,1.7145000000000001,1.7295,1.7444000000000002,1.7613,1.7799,1.7965,1.8131000000000002,1.8319,1.8441,1.8559,1.8672000000000002,1.881,1.8983,1.9111,1.9309,1.9443000000000001,1.9588,1.9727000000000001,1.9895,2.005,2.0278,2.0460000000000003,2.0641000000000003,2.0772,2.0894,2.1043000000000003,2.1182000000000003,2.1343,2.1569000000000003,2.1708000000000003,2.1859,2.2098,2.2230000000000003,2.2384,2.255,2.2718000000000003,2.2916000000000003,2.3044000000000002,2.325,2.3414,2.3604000000000003,2.3708,2.391,2.4047,2.4239,2.4409,2.4561,2.4677000000000002,2.4810000000000003,2.4964,2.5074,2.5242,2.5355000000000003,2.5514,2.5676,2.583,2.599,2.617,2.6350000000000002,2.6554,2.6710000000000003,2.6868000000000003,2.7061,2.7219,2.7328,2.7498,2.7609000000000004,2.7758000000000003,2.7865,2.8003,2.8237,2.8374,2.8584,2.8693,2.8921,2.9083,2.9219,2.9428,2.9529,2.968,2.9831000000000003,2.9932000000000003
24150:0.9445,1.0174,1.0391000000000001,1.0624,1.0823,1.1073,1.1263,1.1416,1.1654,1.1812,1.2017,1.2189,1.238,1.2558,1.2684,1.2855,1.2996,1.3112000000000001,1.3242,1.3396000000000001,1.3517000000000001,1.3629,1.3728,1.3882,1.3989,1.4076,1.4194,1.4327,1.4451,1.4567,1.4687000000000001,1.4822,1.4964000000000002,1.5099,1.5191000000000001,1.5304,1.5436,1.5576,1.5679,1.5806,1.59,1.6007,1.6103,1.6196000000000002,1.6293,1.6373,1.6448,1.6609,1.6725,1.6846,1.6960000000000002,1.707,1.7167000000000001,1.7279,1.738,1.7507000000000001,1.7624000000000002,1.7715,1.7816,1.7959,1.8062,1.8157,1.8263,1.8333000000000002,1.842,1.8559,1.8654000000000002,1.8742,1.8822,1.8905,1.8996000000000002,1.9069,1.9195,1.9295,1.9380000000000002,1.9505000000000001,1.961,1.971,1.9813,1.9916,2.0031,2.0113000000000003,2.0184,2.0276,2.0379,2.0456000000000003,2.0575,2.0679000000000003,2.0779,2.0873,2.0974,2.1079,2.1161000000000003,2.1263,2.1356,2.1442,2.1542,2.162,2.1737,2.1826000000000003,2.1916,2.2005,2.2104,2.2206,2.2315,2.241,2.2515,2.2592000000000003,2.2677,2.2794000000000003,2.2875,2.2971,2.3064,2.3202000000000003,2.331,2.3389,2.3489,2.3589,2.3711,2.3796,2.3872,2.3945000000000003,2.4031000000000002,2.4181,2.4295,2.4401,2.4487,2.4589000000000003,2.4683,2.4784,2.4882,2.4975,2.5073000000000003,2.5163,2.5253,2.5356,2.5473000000000003,2.5553,2.5667,2.5763000000000003,2.5845000000000002,2.5937,2.6034,2.6129000000000002,2.6223,2.6325000000000003,2.6402,2.648,2.6585,2.6661,2.6736,2.6828000000000003,2.6977,2.7081,2.7154000000000003,2.7254,2.7379000000000002,2.7466,2.7565,2.7663,2.7760000000000002,2.7855000000000003,2.7949,2.8065,2.8181000000000003,2.8282000000000003,2.8373,2.8493,2.8599,2.8686000000000003,2.8781000000000003,2.8885,2.8994,2.907,2.9218,2.9306,2.9409,2.9511000000000003,2.9605,2.9692000000000003,2.9771,2.9873000000000003,2.9952
24926:1.0951,1.2041,1.2493,1.3327,1.3584,1.4157,1.4352,1.473,1.5119,1.5315,1.546,1.5681,1.5985,1.6225,1.6499000000000001,1.6991,1.7204000000000002,1.7349,1.7562,1.7682,1.7913000000000001,1.8074000000000001,1.8254000000000001,1.8470000000000002,1.8629,1.8757000000000001,1.9022000000000001,1.9345,1.9518000000000002,1.9838,2.0069,2.0332,2.0532,2.0769,2.0858000000000003,2.1215,2.1354,2.1577,2.1726,2.2146,2.2302,2.2474000000000003,2.2651,2.2788,2.2952,2.3297000000000003,2.3441,2.3654,2.391,2.4274,2.4482,2.4617,2.4799,2.5014000000000003,2.5174000000000003,2.5346,2.5647,2.5849,2.6135,2.623,2.6432,2.6598,2.6923,2.7143,2.7318000000000002,2.7625,2.7835,2.8049,2.8422,2.8623000000000003,2.8763,2.8997,2.9121,2.9261,2.9364000000000003,2.9598,2.9788
25038:2.0045,2.6284,2.733
25792:1.0382,1.1289,1.1767,1.208,1.2514,1.28,1.3111000000000002,1.3487,1.363,1.3920000000000001,1.4305,1.4477,1.4678,1.4835,1.5049000000000001,1.5278,1.5388000000000002,1.5525,1.5658,1.5816000000000001,1.5992000000000002,1.6121,1.6337000000000002,1.6463,1.6603,1.675,1.6912,1.7011,1.7158,1.7307000000000001,1.7412,1.7589000000000001,1.7709000000000001,1.7834,1.7979,1.8102,1.8282,1.8373000000000002,1.8506,1.8608,1.8780000000000001,1.8881000000000001,1.9004,1.9113,1.9279000000000002,1.9458000000000002,1.9602000000000002,1.9773,1.9885000000000002,2.0047,2.0176000000000003,2.0344,2.0487,2.0639000000000003,2.079,2.0897,2.1021,2.1141,2.1279,2.1399,2.156,2.1682,2.1834000000000002,2.2034000000000002,2.2154000000000003,2.2284,2.2423,2.2548,2.265,2.2819000000000003,2.3007,2.3171,2.3353,2.35,2.3639,2.3776,2.3895,2.3994,2.4149000000000003,2.4287,2.4439,2.4569,2.4695,2.4823,2.4925,2.5025,2.5166,2.5291,2.5411,2.5546,2.569,2.5854,2.6033,2.6198,2.6345,2.6474,2.6670000000000003,2.6793,2.6942,2.7084,2.7203,2.7336,2.7465,2.7597,2.7680000000000002,2.7862,2.8009,2.8175000000000003,2.8308,2.8442000000000003,2.8574,2.8661000000000003,2.8800000000000003,2.8961,2.9151000000000002,2.9269000000000003,2.9387000000000003,2.9534000000000002,2.9681,2.9839,2.9946
25910:1.3346,1.4023,1.4681,1.5117,1.5266000000000002,1.5608,1.6075000000000002,1.6697000000000002,1.6979000000000002,1.7427000000000001,1.7683,1.7887000000000002,1.8399,1.8617000000000001,1.9024,1.9340000000000002,1.9505000000000001,1.9924000000000002,2.0487,2.0980000000000003,2.1354,2.1845,2.2238,2.2546,2.2696,2.3108,2.3474,2.3666,2.3957,2.4266,2.4591000000000003,2.4797000000000002,2.5045,2.5180000000000002,2.5317000000000003,2.5446,2.5648,2.6328,2.6489000000000003,2.6815,2.7108000000000003,2.7516000000000003,2.7647,2.7941000000000003,2.805,2.8313,2.8617000000000004,2.8732,2.9316,2.9486000000000003,2.9604
25987:2.3735
26469:1.5562,1.7025000000000001,1.7711000000000001,1.8276000000000001,1.8607,1.9098000000000002,1.9996,2.0526,2.1051,2.1542,2.2304,2.2843,2.3496,2.3723,2.4017,2.4327,2.4698,2.5108,2.5452,2.5881000000000003,2.6486,2.7163,2.7662,2.809,2.8388,2.8908,2.956,2.9782
26494:0.9708,0.9994000000000001,1.0152,1.0222,1.0463,1.0824,1.1159000000000001,1.1191,1.1328,1.1457000000000002,1.1467,1.1626,1.1822000000000001,1.2268000000000001,1.2304000000000002,1.2351,1.2354,1.2603,1.2606000000000002,1.2788000000000002,1.2808000000000002,1.3058,1.3110000000000002,1.3164,1.3184,1.3215000000000001,1.3324,1.3333000000000002,1.3351,1.3369,1.345,1.3717000000000001,1.4024,1.4180000000000001,1.4379000000000002,1.4420000000000002,1.4587,1.4605000000000001,1.4624000000000001,1.4825000000000002,1.5050000000000001,1.5065000000000002,1.5208000000000002,1.5237,1.5582,1.5687,1.5770000000000002,1.5815000000000001,1.5849,1.5939,1.6108,1.6205,1.6349,1.6597000000000002,1.6614,1.665,1.6808,1.6902000000000001,1.7125000000000001,1.7135,1.7165000000000001,1.7201000000000002,1.7203000000000002,1.7214,1.7244000000000002,1.742,1.7424000000000002,1.7469000000000001,1.7510000000000001,1.7611,1.774,1.7784,1.7998,1.8007000000000002,1.8179,1.8285,1.8288,1.8429,1.8436000000000001,1.8463,1.8737000000000001,1.8838000000000001,1.9108,1.9163000000000001,1.9259000000000002,1.933,1.9595,1.9615,1.9676,1.9739,1.9904000000000002,2.0007,2.0055,2.0086,2.0176000000000003,2.0213,2.0394,2.0405,2.0606,2.0614,2.0732,2.075,2.0846,2.0885000000000002,2.0923000000000003,2.1041000000000003,2.109,2.1092,2.1103,2.1126,2.1171,2.1679,2.2093000000000003,2.2098,2.2146,2.2162,2.2230000000000003,2.2265,2.2321,2.2376,2.2378,2.2459000000000002,2.2619000000000002,2.2837,2.2873,2.2905,2.2918000000000003,2.2947,2.3097000000000003,2.3141000000000003,2.3376,2.3401,2.3529,2.3539000000000003,2.3696,2.3708,2.383,2.3917,2.3978,2.4069000000000003,2.4072,2.4332000000000003,2.4338,2.4374000000000002,2.4439,2.4471000000000003,2.4495,2.4530000000000003,2.4569,2.4601,2.4610000000000003,2.4664,2.4688000000000003,2.4716,2.4803,2.4806,2.4886,2.4924,2.5071000000000003,2.5136000000000003,2.5148,2.5199000000000003,2.5212000000000003,2.5254000000000003,2.5275000000000003,2.5307,2.5459,2.5522,2.5553,2.5558,2.5595000000000003,2.5646,2.5660000000000003,2.573,2.5786000000000002,2.6083000000000003,2.6121000000000003,2.6140000000000003,2.6231,2.6353,2.6412,2.6425,2.6645000000000003,2.6861,2.6873,2.689,2.6932,2.7427,2.7497000000000003,2.7502,2.7504,2.7573000000000003,2.7652,2.7840000000000003,2.8021000000000003,2.8038000000000003,2.8041,2.8167,2.8291,2.8296,2.8323,2.8431,2.8443,2.8481,2.8544,2.8672,2.8707000000000003,2.8821000000000003,2.8913,2.9085,2.9103000000000003,2.9109000000000003,2.9128000000000003,2.9249,2.9383000000000004,2.9478,2.9517,2.9628,2.9659,2.9712,2.9795000000000003,2.9825,2.983,2.9906,2.9952
26746:1.1051,2.1762,2.2525
26863:1.6621000000000001,1.7691000000000001,1.8365,1.9086,2.2231,2.5409,2.5854,2.6668000000000003,2.7722,2.91
27398:1.4004,1.7923,2.0251,2.9586
27609:1.0397,1.1785,1.4489,1.6469,1.7343000000000002,1.9587,1.9834,2.3045,2.8931
27736:1.4725000000000001,1.5053,1.5672000000000001,1.5962,1.7072,1.7856,1.8032000000000001,1.8383,1.8621,1.8874000000000002,1.9079000000000002,1.9558,2.041,2.0613,2.0899,2.1077,2.2187,2.2378,2.294,2.3232,2.3971,2.4151000000000002,2.4358,2.4683,2.5262000000000002,2.5487,2.5828,2.6117,2.6522,2.7266,2.8047,2.8398000000000003,2.8639,2.9043,2.9588,2.9787000000000003
28088:1.7037,1.7491,1.7942,1.8495000000000001,1.9102000000000001,1.9473,2.0387,2.0775,2.1009,2.1344000000000003,2.1719,2.2282,2.2745,2.3119,2.3578,2.3930000000000002,2.4806,2.5456000000000003,2.5703,2.5944000000000003,2.6367000000000003,2.6557,2.72,2.7706,2.8802000000000003,2.9090000000000003
28270:0.9631000000000001,0.9969,1.0278,1.0389000000000002,1.0747,1.1044,1.1252,1.1329,1.1505,1.1724,1.1916,1.2055,1.2233,1.2369,1.2589000000000001,1.2795,1.2977,1.3083,1.3216,1.3504,1.3585,1.3726,1.3912,1.4132,1.4301000000000001,1.4402000000000001,1.4546000000000001,1.4676,1.474,1.4814,1.4936,1.5058,1.5236,1.5329000000000002,1.5451000000000001,1.5523,1.5609000000000002,1.5718,1.5788,1.5889,1.6056000000000001,1.6143,1.6363,1.6435000000000002,1.6574,1.6664,1.6782000000000001,1.6873,1.6956,1.7067,1.7152,1.7278,1.7355,1.7445000000000002,1.7593,1.7679,1.7779,1.7867000000000002,1.7993000000000001,1.8070000000000002,1.8186,1.8334000000000001,1.8422,1.8499,1.8564,1.8633000000000002,1.8772,1.8844,1.8941000000000001,1.9043,1.9154,1.9259000000000002,1.9326,1.9438000000000002,1.9537,1.9600000000000002,1.9688,1.9844000000000002,1.9936,2.0039000000000002,2.0146,2.0253,2.0394,2.0473,2.061,2.0695,2.084,2.0929,2.1021,2.112,2.1229,2.1296,2.1377,2.1504000000000003,2.1612,2.1701,2.1782,2.1873,2.1986,2.2053000000000003,2.214,2.2225,2.2285,2.2390000000000003,2.2487,2.2582,2.2667,2.2808,2.2978,2.3089,2.3198000000000003,2.3273,2.335,2.3429,2.3505000000000003,2.3614,2.37,2.383,2.3889,2.3962000000000003,2.403,2.4169,2.4262,2.4354,2.4450000000000003,2.4546,2.4633000000000003,2.4758,2.4879000000000002,2.4956,2.5042,2.5133,2.5264,2.5356,2.541,2.5519000000000003,2.5617,2.5689,2.5778000000000003,2.5864000000000003,2.5999000000000003,2.6077,2.6211,2.6296,2.6399,2.6473,2.6645000000000003,2.6723000000000003,2.6803000000000003,2.6915,2.7052,2.7146000000000003,2.7213000000000003,2.7324,2.7414,2.7494,2.7576,2.7667,2.7807,2.7894,2.7997,2.8134,2.8264,2.8347,2.8486000000000002,2.8577000000000004,2.8648000000000002,2.8731,2.8827000000000003,2.8948,2.9052000000000002,2.9182,2.9257,2.9328000000000003,2.9403,2.9513000000000003,2.9576000000000002,2.9683,2.9805,2.9892000000000003,2.9970000000000003
28510:2.9401
28588:1.0972,1.2035,1.2789000000000001,1.3365,1.3572,1.4307,1.4733,1.5265,1.5751000000000002,1.6173000000000002,1.6493,1.7009,1.7316,1.7621,1.8251000000000002,1.8681,1.9033,1.9459000000000002,1.9847000000000001,2.0294000000000003,2.0618000000000003,2.0777,2.0884,2.1275,2.1521,2.1749,2.2239,2.2438000000000002,2.2904,2.3396,2.3634,2.3917,2.4484,2.4756,2.4847,2.5162,2.565,2.5818000000000003,2.6166,2.6469,2.6937,2.7266,2.7347,2.7634000000000003,2.7881,2.8079,2.8536,2.9039,2.9343000000000004,2.962,2.9802
29066:1.2593,1.3519,1.4063,1.5313,1.6149,1.6516000000000002,1.6914,1.7258,1.7545000000000002,1.7944,1.8303,1.8635000000000002,1.8938000000000001,1.9453,1.9708,1.999,2.019,2.0533,2.0817,2.1253,2.1496,2.1713,2.2213000000000003,2.2416,2.2864,2.3341000000000003,2.3716,2.3987000000000003,2.4508,2.4796,2.5276,2.569,2.6115,2.6260000000000003,2.6926,2.7178,2.7312000000000003,2.7539000000000002,2.806,2.8503000000000003,2.9090000000000003,2.9376,2.9714
29383:0.8859,0.9616,0.9724,0.9791000000000001,1.0209000000000001,1.022,1.0231000000000001,1.0489,1.0619,1.0633000000000001,1.12,1.1628,1.1971,1.1991,1.2182,1.219,1.2326000000000001,1.2379,1.2454,1.2631000000000001,1.2826,1.2926,1.2975,1.3015,1.3091000000000002,1.3212000000000002,1.3447,1.3516000000000001,1.3637000000000001,1.3774,1.3863,1.4131,1.4247,1.4277,1.4341000000000002,1.4362000000000001,1.4556,1.482,1.5012,1.5210000000000001,1.5263,1.5361,1.5396,1.5558,1.5712000000000002,1.5845,1.587,1.5984,1.5999,1.6022,1.6182,1.6213000000000002,1.6224,1.6314000000000002,1.6316000000000002,1.6363,1.6502000000000001,1.6588,1.6664,1.6848,1.6898000000000002,1.6939000000000002,1.7025000000000001,1.7055,1.7192,1.7265000000000001,1.7281000000000002,1.73,1.734,1.7404000000000002,1.7454,1.7494,1.7499,1.7585000000000002,1.7870000000000001,1.7873,1.7921,1.7926000000000002,1.8083,1.8191000000000002,1.822,1.8226,1.8234000000000001,1.8274000000000001,1.8287,1.8322,1.8373000000000002,1.8401,1.8405,1.8467,1.8501,1.859,1.8761,1.8897000000000002,1.8959000000000001,1.9034,1.9058000000000002,1.9086,1.9106,1.9148,1.9241000000000001,1.9286,1.9480000000000002,1.9639000000000002,1.9673,1.9688,1.9705000000000001,1.9866000000000001,1.9888000000000001,2.0,2.0009,2.0075000000000003,2.0385,2.0391,2.0449,2.053,2.0555,2.0567,2.0751,2.0783,2.0805000000000002,2.0843000000000003,2.087,2.0925000000000002,2.1081000000000003,2.1192,2.1317,2.1375,2.1407000000000003,2.1413,2.1437,2.145,2.146,2.1544000000000003,2.1699,2.1713,2.1750000000000003,2.1759,2.1767000000000003,2.1798,2.1905,2.1988000000000003,2.1995,2.202,2.2037,2.2048,2.2062,2.2110000000000003,2.2305,2.2361,2.2377000000000002,2.2522,2.255,2.2574,2.2612,2.263,2.2689,2.2706,2.2728,2.2751,2.2782,2.2836000000000003,2.2999,2.3254,2.3555,2.3624,2.3698,2.3737,2.3808000000000002,2.3886000000000003,2.4228,2.4250000000000003,2.4292000000000002,2.4488000000000003,2.4613,2.4701,2.4741,2.4755000000000003,2.4886,2.5084,2.5086,2.5273000000000003,2.5283,2.5312,2.5335,2.5368,2.539,2.5417,2.5493,2.5498000000000003,2.5507,2.5511,2.5559000000000003,2.5617,2.5637000000000003,2.5645000000000002,2.5824000000000003,2.5832,2.5888,2.5935,2.6103,2.6116,2.615,2.6193,2.6304000000000003,2.6508000000000003,2.6538,2.6617,2.6619,2.6652,2.6695,2.6796,2.6806,2.6898,2.6943,2.7156000000000002,2.7221,2.7251000000000003,2.7349,2.7369000000000003,2.7558000000000002,2.7588,2.7624,2.7664,2.7666,2.77,2.7732,2.7788,2.7864,2.7917,2.7947,2.8039,2.8051,2.8094,2.8177000000000003,2.8259000000000003,2.8326000000000002,2.8435,2.8600000000000003,2.8798000000000004,2.8851,2.8918,2.9004000000000003,2.9015,2.9054,2.9057,2.9176,2.924,2.9269000000000003,2.9330000000000003,2.9362,2.9407,2.9422,2.9438,2.9523,2.9690000000000003,2.9701,2.9861,2.9889,2.9996
29567:1.2615,1.3542,1.4069,1.5629000000000002,1.6145,1.6744,1.7452,1.8606,1.893,1.9374,1.9596,1.9933,2.0119000000000002,2.0523000000000002,2.1105,2.1543,2.2007000000000003,2.2193,2.295,2.3681,2.3835,2.4858000000000002,2.5614000000000003,2.6061,2.6268000000000002,2.7217000000000002,2.7465,2.8061000000000003,2.8599,2.9283,2.9730000000000003
29644:1.37,1.4832,1.5421,1.5938,1.6707,1.713,1.7743,1.8826,1.9947000000000001,2.0592,2.0955,2.1692,2.2495000000000003,2.2994,2.3807,2.4209,2.4932000000000003,2.5505,2.6047000000000002,2.6536,2.668,2.7310000000000003,2.7978,2.869,2.9231000000000003,2.9966
29783:1.5670000000000002,1.6202,1.8037,1.8709,2.2877
29887:0.9081,0.9229,0.9463,1.1159000000000001,1.1402,1.1496,1.1557,1.1737,1.2046000000000001,1.2134,1.2264000000000002,1.2515,1.2526000000000002,1.2930000000000001,1.3139,1.3666,1.3945,1.4135,1.4266,1.441,1.4525000000000001,1.4591,1.4651,1.4697,1.5050000000000001,1.5133,1.5191000000000001,1.5222,1.5242,1.5252000000000001,1.5309000000000001,1.5332000000000001,1.5381,1.5584,1.5693000000000001,1.5790000000000002,1.6147,1.6171,1.6246,1.6334000000000002,1.6439000000000001,1.6458000000000002,1.6484,1.6641000000000001,1.6664,1.6741000000000001,1.6847,1.6866,1.693,1.6934,1.6999000000000002,1.7015,1.7066000000000001,1.7075,1.7141000000000002,1.7255,1.7259,1.7275,1.7299,1.7326000000000001,1.7561,1.7611,1.7623,1.7756,1.7787000000000002,1.7833,1.7927000000000002,1.7933000000000001,1.8086,1.8202,1.8262,1.8266,1.8309000000000002,1.8319,1.8342,1.8355000000000001,1.8375000000000001,1.8659000000000001,1.8683,1.8747,1.8755000000000002,1.8789,1.8845,1.8969,1.8993,1.9086,1.9112,1.9117000000000002,1.9189,1.9239000000000002,1.9376,1.9468,1.9486,1.9522000000000002,1.9528,1.967,1.9922000000000002,1.9987000000000001,2.0002,2.0017,2.0071,2.0147,2.0149,2.0161000000000002,2.0243,2.0312,2.0423,2.0500000000000003,2.0511,2.0593,2.0603000000000002,2.0618000000000003,2.064,2.0736,2.0788,2.0842,2.0954,2.1078,2.1376,2.1557,2.1564,2.1589,2.1646,2.1743,2.202,2.2134,2.2162,2.2259,2.238,2.2421,2.2452,2.2467,2.2708,2.2729,2.2853000000000003,2.2960000000000003,2.3002000000000002,2.3038000000000003,2.3062,2.3175,2.3398000000000003,2.3545000000000003,2.3802000000000003,2.3831,2.3849,2.3883,2.3999,2.4038,2.4071000000000002,2.4227000000000003,2.4274,2.4366000000000003,2.4368000000000003,2.4389000000000003,2.4418,2.4588,2.4609,2.4623,2.4725,2.4731,2.4864,2.4906,2.4943,2.4985,2.5005,2.5087,2.5127,2.5243,2.5264,2.5348,2.5359000000000003,2.5364,2.539,2.5491,2.5514,2.5532,2.5593,2.5663,2.5674,2.5756,2.5786000000000002,2.5940000000000003,2.5947,2.6062000000000003,2.6083000000000003,2.6238,2.636,2.6373,2.6415,2.6456,2.6489000000000003,2.6613,2.6629,2.6641,2.6694,2.6728,2.6975000000000002,2.7011000000000003,2.7026000000000003,2.7176,2.7190000000000003,2.7309,2.7339,2.7381,2.7569000000000004,2.7647,2.7685,2.7726,2.7742,2.7812,2.7895000000000003,2.7941000000000003,2.8025,2.8029,2.8144,2.8269,2.8386,2.8545000000000003,2.8632,2.8637,2.8677,2.8822,2.8842000000000003,2.8865000000000003,2.8929,2.8946,2.9202000000000004,2.9236,2.9252000000000002,2.9377,2.94,2.9519,2.9657,2.9765,2.9831000000000003,2.9842,2.9936000000000003,2.9947000000000004,2.9976000000000003
30270:0.8781,0.9568000000000001,0.9814,1.03,1.0334,1.0433000000000001,1.0656,1.0791,1.0862,1.1636,1.1661000000000001,1.1728,1.1791,1.1807,1.1858,1.2018,1.2096,1.2207000000000001,1.2262,1.23,1.2325000000000002,1.2381,1.2519,1.2854,1.3087,1.3237,1.3258,1.3373000000000002,1.3409,1.3499,1.3561,1.3892,1.3956000000000002,1.4052,1.4074,1.4104,1.4435,1.4737,1.4832,1.4855,1.5050000000000001,1.5073,1.5214,1.5287000000000002,1.5406,1.5423,1.5548000000000002,1.5862,1.597,1.6008,1.6017000000000001,1.6047,1.6106,1.6204,1.6228,1.6252,1.629,1.6327,1.6338000000000001,1.6362,1.6369,1.6678000000000002,1.6946,1.6987,1.7047,1.7252,1.7263000000000002,1.7690000000000001,1.7850000000000001,1.7964,1.7979,1.8235000000000001,1.8246,1.8266,1.8281,1.83,1.8485,1.8553000000000002,1.8603,1.8691,1.8998000000000002,1.9091,1.9102000000000001,1.9200000000000002,1.931,1.9392,1.9500000000000002,1.9644000000000001,1.9669,1.9696,1.9780000000000002,1.9826000000000001,1.9879,1.9883000000000002,2.0005,2.0028,2.0073000000000003,2.0211,2.0356,2.0494,2.0513,2.0583,2.0592,2.0596,2.0661,2.0815,2.0838,2.0914,2.107,2.1103,2.1169000000000002,2.123,2.1274,2.1368,2.1468000000000003,2.1509,2.1817,2.2139,2.2177000000000002,2.22,2.2202,2.2235,2.2308,2.2312000000000003,2.2331000000000003,2.2336,2.236,2.2434000000000003,2.2492,2.2553,2.2563,2.2719,2.2773000000000003,2.293,2.2992,2.2994,2.3445,2.3612,2.3624,2.3639,2.3677,2.3725,2.3774,2.3807,2.3851,2.3855,2.3872,2.3889,2.398,2.399,2.4245,2.4377,2.4389000000000003,2.4456,2.4764,2.4843,2.4867,2.4871000000000003,2.4958,2.5017,2.5114,2.5121,2.5141,2.5146,2.5177,2.5222,2.5741,2.5997000000000003,2.6018000000000003,2.6305,2.6363000000000003,2.6444,2.6449000000000003,2.6481000000000003,2.6721,2.6743,2.6787,2.6793,2.6799,2.6914000000000002,2.7063,2.7174,2.7245,2.7274000000000003,2.7412,2.746,2.7467,2.7486,2.7573000000000003,2.7939000000000003,2.7949,2.7956000000000003,2.8152,2.8247,2.8284000000000002,2.8315,2.8355,2.838,2.8402000000000003,2.8417000000000003,2.8419000000000003,2.8466,2.8539000000000003,2.8554,2.8585000000000003,2.8627000000000002,2.8719,2.8727,2.8801,2.8921,2.8936,2.8966000000000003,2.9004000000000003,2.9101000000000004,2.9103000000000003,2.9124000000000003,2.9202000000000004,2.9215,2.9338,2.9563,2.9625000000000004,2.9685,2.9701,2.9854000000000003,2.9875000000000003,2.9893
30632:1.8867,2.3905000000000003,2.7401
30722:2.2764,2.3972,2.5805000000000002,2.7841
30883:0.9814,1.0651000000000002,1.121,1.1468,1.2284000000000002,1.3084,1.374,1.4336,1.483,1.5204,1.574,1.6202,1.6443,1.6772,1.7006000000000001,1.724,1.7354,1.7431,1.7689000000000001,1.8062,1.8318,1.8389,1.8612000000000002,1.9051,1.9357000000000002,1.9866000000000001,2.0131,2.0508,2.0754,2.0928,2.1277,2.1543,2.1786000000000003,2.2192000000000003,2.2702,2.3102,2.3743000000000003,2.4159,2.4450000000000003,2.5086,2.5384,2.5708,2.5891,2.6272,2.6746000000000003,2.746,2.7886,2.8247,2.8534,2.8738,2.8996,2.9367,2.9634
30887:1.0327,1.0596,1.0831,1.1076000000000001,1.1627,1.1726,1.2158,1.2662,1.2881,1.3107,1.3244,1.3554000000000002,1.3884,1.4055,1.4185,1.433,1.4462000000000002,1.4726000000000001,1.4958,1.5233,1.5333,1.5476,1.5710000000000002,1.6029,1.6156000000000001,1.6433,1.6624,1.6853,1.7038,1.72,1.7348000000000001,1.7590000000000001,1.7698,1.7933000000000001,1.8072000000000001,1.8224,1.8415000000000001,1.8604,1.8739000000000001,1.8831,1.8926,1.9032,1.9169,1.941,1.9580000000000002,1.9818,1.9993,2.0112,2.0226,2.0389,2.0513,2.0628,2.0818000000000003,2.097,2.1185,2.1368,2.1517,2.1629,2.1778,2.1941,2.2123,2.2237,2.2433,2.2584,2.2776,2.2958000000000003,2.3131,2.3267,2.3399,2.3496,2.3586,2.3776,2.392,2.4123,2.4307000000000003,2.4455,2.4595000000000002,2.4732000000000003,2.484,2.499,2.5162,2.5402,2.5596,2.5688,2.5816000000000003,2.6051,2.617,2.6288,2.6381,2.6507,2.6731000000000003,2.6942,2.7085000000000004,2.7248,2.7387,2.75,2.7596000000000003,2.7774,2.8026,2.8222,2.837,2.8603,2.8686000000000003,2.8874,2.9004000000000003,2.9104,2.9196,2.9299,2.9422,2.9636,2.9756,2.9968000000000004
30962:0.9759000000000001,1.0317,1.1012,1.1126,1.1674,1.169,1.2325000000000002,1.3121,1.3328,1.3517000000000001,1.3523,1.3693,1.3859000000000001,1.4021000000000001,1.4097000000000002,1.4139000000000002,1.4266,1.4357,1.4723000000000002,1.4779,1.4855,1.4967000000000001,1.5019,1.5022,1.5030000000000001,1.5207000000000002,1.528,1.5497,1.5916000000000001,1.5918,1.6223,1.6312,1.6344,1.643,1.6522000000000001,1.6558000000000002,1.6666,1.6891,1.6956,1.7044000000000001,1.7172,1.718,1.7356,1.7363000000000002,1.7518,1.7567000000000002,1.7719,1.7747000000000002,1.7782,1.7804,1.7918,1.7927000000000002,1.7929000000000002,1.8033000000000001,1.8042,1.8046,1.8066,1.8133000000000001,1.8216,1.8370000000000002,1.8387,1.8456000000000001,1.8509,1.8568,1.8801,1.8805,1.8894000000000002,1.8901000000000001,1.9067,1.9683000000000002,1.9822000000000002,1.9963000000000002,2.0060000000000002,2.012,2.0236,2.0249,2.0261,2.0401000000000002,2.0542000000000002,2.0548,2.0662000000000003,2.0748,2.077,2.0818000000000003,2.0833,2.0878,2.0886,2.0980000000000003,2.1001000000000003,2.1045000000000003,2.1065,2.111,2.1205000000000003,2.1227,2.1237,2.1275,2.1293,2.1326,2.1428000000000003,2.1485000000000003,2.1517,2.1541,2.1614,2.1712000000000002,2.1794000000000002,2.1814,2.1908000000000003,2.1971000000000003,2.2077,2.2109,2.2162,2.2237,2.2306,2.2498,2.2536,2.258,2.2615000000000003,2.2659000000000002,2.2986,2.3151,2.317,2.3282000000000003,2.333,2.3421000000000003,2.3483,2.3723,2.3775,2.3826,2.3871,2.3937,2.4072,2.434,2.4388,2.4452000000000003,2.4546,2.4565,2.4701,2.4723,2.4779,2.4786,2.4862,2.4881,2.5091,2.5099,2.5112,2.5187,2.5246,2.5329,2.5345,2.5444,2.5542000000000002,2.5628,2.5676,2.5693,2.5751,2.5779,2.5809,2.5869,2.5915,2.5958,2.6029,2.6091,2.6106000000000003,2.6127000000000002,2.6147,2.6258,2.6381,2.6425,2.6465,2.6482,2.6649000000000003,2.674,2.6931000000000003,2.7044,2.7117,2.7158,2.7188000000000003,2.7198,2.7241,2.7246,2.7342,2.7392000000000003,2.7507,2.7519,2.7534,2.7602,2.7604,2.7609000000000004,2.7632000000000003,2.7652,2.7884,2.7932,2.8028,2.8236000000000003,2.8296,2.8334,2.8371,2.8498,2.8578,2.8619000000000003,2.8671,2.8909000000000002,2.8931,2.8957,2.8975,2.9010000000000002,2.9089,2.9156,2.9202000000000004,2.9247,2.9308,2.9413,2.9457,2.9489,2.967,2.9759,2.9811,2.9814000000000003,2.9832,2.9948
31053:1.0005,1.018,1.0217,1.0254,1.0537,1.0705,1.0893000000000002,1.0952,1.1276000000000002,1.1524,1.2106000000000001,1.2314,1.3152000000000001,1.3202,1.3394000000000001,1.3464,1.3673,1.3769,1.3893,1.4087,1.415,1.4180000000000001,1.4337,1.4444000000000001,1.4464000000000001,1.4656,1.4689,1.4875,1.4962,1.5085000000000002,1.5115,1.5422,1.5629000000000002,1.5709000000000002,1.5939,1.5966,1.6084,1.6294000000000002,1.6414,1.6499000000000001,1.6501000000000001,1.6684,1.6716,1.6782000000000001,1.6951,1.6995,1.7023000000000001,1.705,1.7105000000000001,1.7140000000000002,1.749,1.7494,1.7546000000000002,1.7564000000000002,1.7630000000000001,1.7647000000000002,1.7667000000000002,1.7708000000000002,1.8082,1.8113000000000001,1.8175000000000001,1.8399,1.844,1.8467,1.8747,1.8765,1.8822,1.8841,1.8978000000000002,1.8991,1.9056000000000002,1.9066,1.9084,1.9179000000000002,1.9283000000000001,1.9292,1.9329,1.9331,1.9347,1.9468,1.9536,1.9597,1.9605000000000001,1.9666000000000001,1.9677,1.9749,1.9784000000000002,1.982,1.9886000000000001,2.0098000000000003,2.0317000000000003,2.0335,2.0346,2.0363,2.0428,2.0468,2.0511,2.0519000000000003,2.0821,2.1052,2.116,2.1329000000000002,2.1351,2.1593,2.1704,2.1815,2.1849000000000003,2.1906000000000003,2.2168,2.2176,2.2241,2.2336,2.2396000000000003,2.2466,2.2495000000000003,2.2558000000000002,2.263,2.27,2.2718000000000003,2.274,2.2806,2.2947,2.2949,2.3086,2.3136,2.319,2.3204000000000002,2.3255,2.3359,2.3387000000000002,2.351,2.3626,2.3644000000000003,2.3792,2.3825000000000003,2.3856,2.396,2.4001,2.4092000000000002,2.4148,2.4229000000000003,2.4276,2.4315,2.4347000000000003,2.4361,2.4449,2.4482,2.4695,2.4697,2.4716,2.4727,2.476,2.4829000000000003,2.5071000000000003,2.5108,2.513,2.5139,2.5224,2.5286,2.5289,2.5386,2.539,2.5457,2.5477000000000003,2.5479000000000003,2.5521000000000003,2.5592,2.5618000000000003,2.5642,2.5740000000000003,2.5853,2.5889,2.5965000000000003,2.5975,2.5984000000000003,2.6041000000000003,2.6059,2.6097,2.6157,2.6163000000000003,2.6168,2.6252,2.6340000000000003,2.6364,2.6383,2.6390000000000002,2.6419,2.6421,2.6473,2.649,2.6547,2.6605000000000003,2.6623,2.6653000000000002,2.6777,2.6813000000000002,2.6889000000000003,2.6945,2.7036000000000002,2.7138,2.7226,2.7233,2.7244,2.7246,2.7268000000000003,2.7305,2.7514000000000003,2.7562,2.7614,2.765,2.7705,2.7726,2.7908,2.7969,2.809,2.8132,2.8164000000000002,2.8218,2.8241,2.8257000000000003,2.8302,2.8318000000000003,2.8437,2.8481,2.8746,2.8853,2.9182,2.9212000000000002,2.9217,2.9307000000000003,2.9401,2.9426,2.9438,2.9616000000000002,2.972,2.9781,2.9807,2.9823,2.9833000000000003,2.9843,2.9866
31232:1.2444,1.4735,1.5169000000000001,1.5477,1.5676,1.5985,1.6211,1.6939000000000002,1.7325000000000002,1.7733,1.7981,1.8298,1.8529,1.87,1.8921000000000001,1.9139000000000002,1.9493,1.9642000000000002,1.9932,2.0412,2.0741,2.1107,2.1816,2.2305,2.2646,2.2902,2.3164000000000002,2.3539000000000003,2.3764000000000003,2.4066,2.4359,2.464,2.5032,2.5227,2.5467,2.5875,2.6512000000000002,2.6822,2.7173000000000003,2.7627,2.809,2.8411,2.87,2.9027000000000003,2.9401,2.9534000000000002,2.9758
31656:1.6067,1.7016,1.8056,1.8984,1.9358000000000002,1.9897,2.0248,2.0835,2.1971000000000003,2.2369,2.2809,2.3415,2.3946,2.4297,2.4770000000000003,2.5288,2.5735,2.605,2.6461,2.7177000000000002,2.7666,2.8032,2.8645,2.9198,2.9843
31988:1.5268000000000002
32167:1.1624,1.2606000000000002,1.3061,1.3880000000000001,1.4238000000000002,1.4552,1.4995,1.5417,1.5713000000000001,1.617,1.6576000000000002,1.6878000000000002,1.7171,1.7591,1.7830000000000001,1.8112000000000001,1.8324,1.8616000000000001,1.8898000000000001,1.903,1.9269,1.9594,1.9981,2.0384,2.0613,2.0902000000000003,2.1167000000000002,2.1472,2.1764,2.2086,2.2389,2.275,2.3181000000000003,2.3333,2.3626,2.394,2.4255,2.4499,2.4777,2.4996,2.5201000000000002,2.5575,2.5709,2.603,2.6296,2.6484,2.6718,2.6897,2.7163,2.7403,2.7692,2.8108,2.8307,2.8643,2.9043,2.9306,2.975,2.9931
32375:1.8912
32456:0.9214,0.9306000000000001,0.9574,0.9647,1.0085,1.0588,1.0755000000000001,1.1248,1.1534,1.1717,1.1949,1.2037,1.2544,1.2725,1.2795,1.2889000000000002,1.2922,1.3625,1.3657000000000001,1.3803,1.4063,1.4116,1.4147,1.4178000000000002,1.4249,1.4718,1.4795,1.484,1.4874,1.5051,1.5117,1.5376,1.5475,1.5512000000000001,1.5524,1.5555,1.5581,1.5696,1.5785,1.5988,1.6360000000000001,1.6517000000000002,1.6638000000000002,1.6672,1.6766,1.6772,1.6873,1.6986,1.7338,1.74,1.7445000000000002,1.7486000000000002,1.7542,1.7706000000000002,1.774,1.7812000000000001,1.8010000000000002,1.8030000000000002,1.8171000000000002,1.8210000000000002,1.8216,1.8222,1.8281,1.8314000000000001,1.8322,1.8349000000000002,1.8395000000000001,1.8434000000000001,1.844,1.8503,1.8627,1.8727,1.8733000000000002,1.8787,1.8819000000000001,1.8838000000000001,1.8851,1.8920000000000001,1.9001000000000001,1.9098000000000002,1.9139000000000002,1.9164,1.9219000000000002,1.9298000000000002,1.9417000000000002,1.945,1.9466,1.9514,1.955,1.9576,1.9603000000000002,1.9605000000000001,1.9779,1.9786000000000001,1.9975,1.9987000000000001,2.0024,2.0077000000000003,2.0091,2.0115000000000003,2.0234,2.0254000000000003,2.0271,2.0303,2.035,2.0546,2.0549,2.0555,2.0572,2.0675,2.0697,2.0748,2.0792,2.0804,2.081,2.083,2.0851,2.0862000000000003,2.0997,2.1289000000000002,2.1323000000000003,2.1529000000000003,2.158,2.1669,2.1719,2.1789,2.1841,2.1854,2.1858,2.1879,2.1883,2.1932,2.1948000000000003,2.1956,2.1999,2.2111,2.2244,2.2270000000000003,2.2349,2.2442,2.2526,2.2721,2.2796000000000003,2.2801,2.2979000000000003,2.3003,2.3008,2.3159,2.3316,2.3574,2.386,2.3963,2.4072,2.411,2.4126000000000003,2.4179,2.4187000000000003,2.4189000000000003,2.4285,2.4454000000000002,2.4461,2.4504,2.4551000000000003,2.4555000000000002,2.4593000000000003,2.4597,2.4724,2.4747,2.4868,2.4951000000000003,2.4970000000000003,2.5011,2.5104,2.5163,2.5211,2.5288,2.5397000000000003,2.5411,2.5453,2.5512,2.5638,2.5645000000000002,2.567,2.568,2.5726,2.6042,2.6162,2.6194,2.6232,2.6277,2.6281000000000003,2.6321000000000003,2.6339,2.6349,2.6351,2.6362,2.6411000000000002,2.6475,2.6548000000000003,2.6565000000000003,2.6597,2.6661,2.6715,2.6721,2.6746000000000003,2.6788000000000003,2.6814,2.6816,2.6823,2.7168,2.7192000000000003,2.7207000000000003,2.7253000000000003,2.7337000000000002,2.7438000000000002,2.758,2.7582,2.7618,2.7805,2.7896,2.795,2.7977000000000003,2.7984,2.802,2.8392,2.8464,2.8485,2.8538,2.8544,2.8581000000000003,2.8680000000000003,2.871,2.8763,2.8843,2.8846000000000003,2.8893,2.8927,2.8944,2.8951000000000002,2.8999,2.9086000000000003,2.9499,2.9513000000000003,2.9554,2.9626,2.9664,2.9704,2.9821,2.9868,2.994
32602:1.9922000000000002
32915:1.5338,1.8648,2.008,2.2275,2.3816,2.4836,2.6304000000000003,2.7356000000000003,2.8636,2.9454000000000002
33403:1.5218,1.6075000000000002,1.7126000000000001,1.7996,1.8861,1.9407,1.9935,2.0763000000000003,2.1073,2.1693000000000002,2.2378,2.2816,2.3582,2.4663,2.5173,2.5429,2.6581,2.6935000000000002,2.7373000000000003,2.7696,2.8482000000000003,2.9119,2.9533
33747:1.377,1.5436,2.5647
33841:1.5884,1.8665,1.9561000000000002,2.02,2.1256,2.2186,2.3808000000000002,2.4879000000000002,2.5599000000000003,2.6293,2.7364,2.8424,2.924,2.9915000000000003
33869:1.5496,1.6003,1.7207000000000001,1.8820000000000001,2.0983,2.1735,2.258,2.3842000000000003,2.4954,2.629,2.7338,2.8725,2.9717000000000002
33912:1.2701,1.3443,1.3709,1.4221000000000001,1.4731,1.532,1.5826,1.6219000000000001,1.6626,1.703,1.7199,1.7523000000000002,1.7706000000000002,1.8103,1.8331000000000002,1.8596000000000001,1.881,1.9105,1.9428,1.9809,2.0208,2.0542000000000002,2.0874,2.0987,2.1194,2.1442,2.162,2.2052,2.2369,2.2557,2.2974,2.3375,2.3717,2.3886000000000003,2.4169,2.4418,2.4769,2.5032,2.5316,2.5449,2.5724,2.5955,2.6173,2.6482,2.6882,2.7069,2.7365,2.7678000000000003,2.7904,2.8345000000000002,2.8588,2.8904,2.9131,2.948,2.9666,2.9942
33951:0.8717,0.9126000000000001,0.9657,0.9737,0.9852000000000001,1.0363,1.0449,1.0763,1.0852,1.0955000000000001,1.1102,1.1218000000000001,1.1239000000000001,1.1600000000000001,1.1838,1.2021000000000002,1.2408000000000001,1.2492,1.2509000000000001,1.2514,1.2523,1.2657,1.2676,1.2907,1.2967,1.2985,1.3058,1.3075,1.3381,1.3394000000000001,1.3471,1.3643,1.3812,1.3863,1.3895,1.3997000000000002,1.401,1.4147,1.4154,1.4179000000000002,1.4421000000000002,1.4624000000000001,1.4758,1.4802,1.4833,1.4974,1.5010000000000001,1.5027000000000001,1.5175,1.5230000000000001,1.5333,1.5399,1.5409000000000002,1.5517,1.5596,1.5643,1.5952000000000002,1.6047,1.612,1.6267,1.6302,1.637,1.6389,1.6412,1.6711,1.6737000000000002,1.6946,1.695,1.7089,1.7113,1.7218,1.7274,1.7568000000000001,1.7578,1.762,1.7671000000000001,1.7742,1.7863,1.7876,1.7959,1.8037,1.8110000000000002,1.8168000000000002,1.8265,1.8267,1.8634000000000002,1.8725,1.8745,1.8920000000000001,1.8978000000000002,1.8980000000000001,1.903,1.9051,1.907,1.9222000000000001,1.9287,1.9381000000000002,1.9405000000000001,1.9425000000000001,1.9455,1.9589,1.9738,1.9804000000000002,1.9873,1.9875,1.9916,2.0031,2.0056000000000003,2.0115000000000003,2.0139,2.0222,2.0273,2.0307,2.0345,2.0489,2.0503,2.068,2.071,2.0724,2.0755,2.0792,2.08,2.0815,2.104,2.1101,2.1470000000000002,2.1573,2.1615,2.1732,2.1752000000000002,2.1758,2.1854,2.1971000000000003,2.1986,2.2057,2.2177000000000002,2.2371000000000003,2.2492,2.2641,2.2923,2.2985,2.3015000000000003,2.3152,2.3288,2.3304,2.3381000000000003,2.3404000000000003,2.3833,2.3906,2.3919,2.3935,2.4018,2.4136,2.4172000000000002,2.4217,2.4302,2.4394,2.4502,2.4678,2.4698,2.4733,2.4744,2.4922,2.494,2.496,2.5034,2.5217,2.5293,2.5386,2.5409,2.5468,2.5533,2.5535,2.5543,2.5548,2.5694,2.5756,2.5761000000000003,2.5843000000000003,2.5866000000000002,2.5895,2.6006,2.6109,2.6122,2.6148000000000002,2.6344000000000003,2.6354,2.6502000000000003,2.6587,2.6768,2.6806,2.6833,2.6855,2.708,2.7236000000000002,2.7247000000000003,2.7255000000000003,2.728,2.7533000000000003,2.7551,2.7705,2.7781000000000002,2.7823,2.7896,2.7982,2.7989,2.7999,2.8005,2.8041,2.8084000000000002,2.8145000000000002,2.8202000000000003,2.8458,2.8502,2.8545000000000003,2.8578,2.8600000000000003,2.8611,2.8646000000000003,2.8814,2.8844000000000003,2.8871,2.8891,2.8914,2.9032,2.9147000000000003,2.9179,2.9225000000000003,2.9235,2.9342,2.9422,2.9447,2.947,2.9779,2.9799,2.9862,2.9869000000000003,2.9888000000000003,2.9921,2.9975
34246:0.9306000000000001,0.9308000000000001,0.9427000000000001,1.0044,1.0061,1.0367,1.1117000000000001,1.1711,1.179,1.2152,1.2239,1.2571,1.2672,1.2699,1.2908000000000002,1.2993000000000001,1.3124,1.3341,1.3346,1.3429,1.3506,1.3616000000000001,1.3636000000000001,1.3853,1.3884,1.3923,1.4027,1.4042000000000001,1.4174,1.4327,1.4666000000000001,1.4725000000000001,1.4761,1.499,1.4999,1.5014,1.5065000000000002,1.5125000000000002,1.5165000000000002,1.5227000000000002,1.5433000000000001,1.5622,1.5632000000000001,1.5662,1.5757,1.5969,1.5973000000000002,1.6074000000000002,1.6162,1.6167,1.6207,1.6327,1.6397000000000002,1.6483,1.6505,1.6519000000000001,1.6598000000000002,1.6782000000000001,1.6804000000000001,1.6832,1.6900000000000002,1.7075,1.7235,1.7346000000000001,1.7688000000000001,1.7813,1.7978,1.8095,1.8102,1.8125,1.8212000000000002,1.8226,1.8257,1.8294000000000001,1.8308,1.8317,1.8397000000000001,1.8557000000000001,1.862,1.8675000000000002,1.8715000000000002,1.8745,1.8749,1.8809,1.8834000000000002,1.8849,1.8869,1.8946,1.8998000000000002,1.9017000000000002,1.905,1.9074,1.9156000000000002,1.9212,1.9227,1.9393,1.943,1.9519000000000002,1.9618,1.9821000000000002,1.9839,1.9849,1.9906000000000001,1.9929000000000001,1.9989000000000001,2.0,2.0119000000000002,2.0143,2.0161000000000002,2.0232,2.0264,2.0271,2.0276,2.0377,2.0388,2.0421,2.0498000000000003,2.0624000000000002,2.0663,2.0669,2.0685000000000002,2.0808,2.0837,2.1163000000000003,2.1181,2.1185,2.125,2.1411000000000002,2.1542,2.1548000000000003,2.1558,2.1584000000000003,2.1604,2.1765000000000003,2.186,2.1917,2.1922,2.2049000000000003,2.2129000000000003,2.2577000000000003,2.2669,2.2843,2.2861000000000002,2.2901000000000002,2.2917,2.2920000000000003,2.2962000000000002,2.2994,2.3079,2.311,2.3131,2.317,2.3261000000000003,2.3279,2.3338,2.3437,2.3474,2.3523,2.3598,2.3645,2.3668,2.3735,2.3774,2.3779,2.3796,2.3806000000000003,2.3885,2.3926000000000003,2.4122,2.4602,2.4671000000000003,2.4807,2.4986,2.5142,2.5186,2.5196,2.5217,2.5429,2.5434,2.5496000000000003,2.5711,2.5741,2.5788,2.5802,2.5816000000000003,2.6113,2.6134,2.6161000000000003,2.6225,2.6233,2.6374,2.6498,2.6518,2.6528,2.6561,2.6568,2.6575,2.6634,2.6706000000000003,2.6725000000000003,2.6766,2.6778,2.7033,2.7093000000000003,2.7132,2.7138,2.7175000000000002,2.7354000000000003,2.7517,2.7533000000000003,2.7618,2.7639,2.7733000000000003,2.7781000000000002,2.7908,2.805,2.8096,2.8102,2.8206,2.8209,2.8223000000000003,2.8243,2.8278000000000003,2.8318000000000003,2.8382,2.8415,2.842,2.8584,2.8772,2.8874,2.8876,2.8956,2.9018,2.9037,2.9182,2.9202000000000004,2.9410000000000003,2.9432,2.9441,2.9642,2.9647,2.9699,2.9741,2.9798,2.9809
34291:1.5322,1.5881,1.8143,1.867,1.8928,1.9556,2.0573,2.1614,2.2189,2.2891,2.3407,2.3818,2.4822,2.5314,2.6311,2.706,2.7392000000000003,2.8058,2.8639,2.9313000000000002,2.9927
34295:1.9896
34409:0.8742000000000001,0.9476,0.9590000000000001,1.0367,1.0969,1.1039,1.1435,1.1685,1.1943000000000001,1.1994,1.2451,1.2642,1.2869000000000002,1.2967,1.3047,1.3294000000000001,1.3388,1.3457000000000001,1.3459,1.3554000000000002,1.3615000000000002,1.3956000000000002,1.4007,1.4229,1.4276,1.4421000000000002,1.4468,1.4495,1.4529,1.4588,1.4656,1.4754,1.4808000000000001,1.4968000000000001,1.5099,1.5134,1.5136,1.5251000000000001,1.5268000000000002,1.5286000000000002,1.5375,1.538,1.5435,1.5583,1.5649000000000002,1.5756000000000001,1.5785,1.5816000000000001,1.5833000000000002,1.5864,1.5866,1.6005,1.6076000000000001,1.6132,1.6175000000000002,1.6194000000000002,1.6251,1.6412,1.6453,1.6476000000000002,1.6782000000000001,1.6823000000000001,1.6900000000000002,1.6924000000000001,1.6986,1.7008,1.7143000000000002,1.7288000000000001,1.73,1.7316,1.7384000000000002,1.7388000000000001,1.7412,1.7453,1.7493,1.7495,1.7513,1.7643,1.7645000000000002,1.7651000000000001,1.7670000000000001,1.7712,1.7729000000000001,1.7732,1.7838,1.7939,1.8041,1.8053000000000001,1.8157,1.8265,1.8314000000000001,1.8321,1.8324,1.8341,1.8396000000000001,1.8551000000000002,1.8602,1.8669,1.8743,1.8907,1.895,1.9002000000000001,1.9104,1.9192,1.9246,1.9283000000000001,1.9298000000000002,1.9336,1.9503000000000001,1.9554,1.9843000000000002,1.9894,2.0007,2.0012000000000003,2.0027,2.0075000000000003,2.0171,2.0205,2.0216000000000003,2.0269,2.0284,2.0457,2.0546,2.0827,2.0864000000000003,2.0949,2.0964,2.1113,2.1164,2.1242,2.1295,2.1353,2.1368,2.1382000000000003,2.1409000000000002,2.1417,2.1559,2.1594,2.1644,2.1691000000000003,2.173,2.177,2.1791,2.193,2.1978,2.2019,2.2054,2.2211000000000003,2.2266,2.2399,2.2443,2.2501,2.2519,2.2542,2.2621,2.2680000000000002,2.2845,2.291,2.2971,2.307,2.309,2.3123,2.3237,2.3262,2.3273,2.3311,2.3315,2.3323,2.3491,2.3517,2.3560000000000003,2.3658,2.3773,2.3882000000000003,2.3898,2.3959,2.4010000000000002,2.4013,2.4057,2.4101,2.4118,2.4163,2.4267000000000003,2.4325,2.4398,2.4408000000000003,2.4428,2.4444,2.4534000000000002,2.4562,2.4783,2.4816000000000003,2.4824,2.4906,2.4913000000000003,2.5027,2.5087,2.5239000000000003,2.527,2.5375,2.5377,2.551,2.5571,2.5678,2.5721000000000003,2.5737,2.5785,2.588,2.5896000000000003,2.5948,2.5986000000000002,2.6005000000000003,2.6123000000000003,2.6176,2.6341,2.6417,2.6427,2.6514,2.6548000000000003,2.6554,2.6576,2.661,2.678,2.6813000000000002,2.6921,2.6963,2.7029,2.7105,2.7118,2.7222,2.7288,2.7368,2.7590000000000003,2.7637,2.7645,2.7675,2.7711,2.775,2.7774,2.7812,2.7824,2.783,2.7858,2.7963,2.8058,2.8139000000000003,2.818,2.8262,2.8268,2.8295000000000003,2.8488,2.8615,2.8680000000000003,2.8915,2.8960000000000004,2.9003,2.902,2.9032,2.9134,2.9145000000000003,2.9148,2.9251,2.9422,2.9478,2.948,2.9509000000000003,2.9528000000000003,2.9538,2.9568000000000003,2.9579,2.966,2.9688000000000003,2.9816000000000003,2.9834,2.9847,2.9933,2.9948
34436:1.2510000000000001,1.3575000000000002,1.4311,1.5177,1.5337,1.5712000000000002,1.6182,1.703,1.7394,1.7612,1.8004,1.8349000000000002,1.8633000000000002,1.8884,1.9097000000000002,1.9388,1.9704000000000002,1.9892,2.028,2.0557000000000003,2.0771,2.0884,2.1414,2.1642,2.2004,2.2318000000000002,2.2397,2.2581,2.2787,2.3099000000000003,2.341,2.367,2.3755,2.4009,2.4531,2.4668,2.4865,2.5029,2.5214000000000003,2.5359000000000003,2.5787,2.6143,2.6438,2.6585,2.6921,2.7186000000000003,2.733,2.7601,2.7846,2.8085,2.8462,2.8706,2.9111000000000002,2.9516,2.9733,2.9975
34445:0.9298000000000001,0.9777,1.0108000000000001,1.0143,1.0642,1.0776000000000001,1.0949,1.1567,1.1634,1.1793,1.1947,1.2013,1.2051,1.2089,1.2306000000000001,1.2371,1.2418,1.262,1.2633,1.2643,1.2998,1.3131000000000002,1.3138,1.3204,1.3296000000000001,1.3437000000000001,1.3601,1.3657000000000001,1.3795000000000002,1.4058000000000002,1.4317,1.4548,1.4631,1.4633,1.4689,1.4804000000000002,1.5141,1.5225,1.5271000000000001,1.5273,1.5277,1.5298,1.5419,1.5534000000000001,1.5853000000000002,1.5922,1.6055000000000001,1.6072000000000002,1.6074000000000002,1.6108,1.6132,1.6156000000000001,1.6221,1.6332,1.6357000000000002,1.6504,1.6551,1.6556000000000002,1.6627,1.6732,1.6769,1.6903000000000001,1.6916,1.7194,1.7268000000000001,1.7318,1.7386000000000001,1.7467000000000001,1.7536,1.7670000000000001,1.7873,1.7878,1.7942,1.7998,1.8087000000000002,1.8099,1.8141,1.8178,1.8193000000000001,1.8289000000000002,1.8314000000000001,1.8321,1.844,1.8507,1.8614000000000002,1.8651,1.8717000000000001,1.8855000000000002,1.8857000000000002,1.8864,1.8931,1.8994000000000002,1.9005,1.9093,1.915,1.9203000000000001,1.9395,1.9402000000000001,1.9617,1.9685000000000001,1.9778,1.9961,2.008,2.0121,2.0229,2.0342000000000002,2.0566,2.0609,2.0619,2.0651,2.0711,2.0806,2.0951,2.1157,2.1268000000000002,2.1283000000000003,2.129,2.1492,2.1518,2.1533,2.1564,2.1712000000000002,2.1756,2.1786000000000003,2.1828000000000003,2.1957,2.1979,2.2234000000000003,2.2331000000000003,2.2359,2.2602,2.2666,2.2669,2.2726,2.2831,2.2839,2.2902,2.2948,2.2981000000000003,2.3000000000000003,2.3061000000000003,2.3205,2.323,2.3320000000000003,2.3363,2.3469,2.3517,2.3643,2.3757,2.3759,2.3832,2.3887,2.3904,2.4006000000000003,2.4108,2.4126000000000003,2.4131,2.4166000000000003,2.4184,2.4225000000000003,2.4318,2.439,2.4443,2.4454000000000002,2.4476,2.4584,2.4645,2.4749000000000003,2.4797000000000002,2.4942,2.495,2.5023,2.5034,2.5047,2.5065,2.5124,2.5143,2.5161000000000002,2.5197000000000003,2.5266,2.5302000000000002,2.5371,2.5460000000000003,2.5503,2.5515000000000003,2.5518,2.557,2.5638,2.5657,2.5674,2.5794,2.5853,2.5948,2.6044,2.608,2.6161000000000003,2.6286,2.6309,2.6352,2.6356,2.6361000000000003,2.6381,2.6386000000000003,2.657,2.658,2.6630000000000003,2.6655,2.6665,2.6785,2.6845000000000003,2.6877,2.6882,2.6944000000000004,2.6985,2.7038,2.7122,2.7135000000000002,2.7158,2.7190000000000003,2.7219,2.7248,2.7392000000000003,2.7407,2.7433,2.7486,2.7562,2.7601,2.761,2.7634000000000003,2.7653000000000003,2.7726,2.7926,2.8114000000000003,2.8129,2.8278000000000003,2.8374,2.8407,2.841,2.8591,2.8633,2.8638000000000003,2.8648000000000002,2.8726000000000003,2.8768000000000002,2.8783000000000003,2.8814,2.8992,2.9098,2.9119,2.9167,2.9357,2.9381,2.9403,2.956,2.9591000000000003,2.9629000000000003,2.9681,2.9971
34579:0.9630000000000001,1.0517,1.0673000000000001,1.1004,1.1169,1.1296000000000002,1.1500000000000001,1.1662000000000001,1.1749,1.1795,1.1892,1.1968,1.1984000000000001,1.2109,1.22,1.2236,1.2328000000000001,1.2515,1.2634,1.2953000000000001,1.3151000000000002,1.3214000000000001,1.3238,1.3788,1.4198000000000002,1.421,1.4453,1.4751,1.478,1.4791,1.4911,1.4935,1.5026000000000002,1.5039,1.5147000000000002,1.5534000000000001,1.554,1.5547,1.5599,1.5674000000000001,1.5713000000000001,1.5939,1.5955000000000001,1.5989,1.6067,1.6123,1.623,1.6267,1.6369,1.6658000000000002,1.6732,1.6737000000000002,1.6815,1.6849,1.687,1.6876,1.6881000000000002,1.6925000000000001,1.6951,1.6964000000000001,1.6996,1.7013,1.7031,1.7054,1.7184000000000001,1.7264000000000002,1.7433,1.7456,1.7749000000000001,1.7754,1.7782,1.7802,1.7827000000000002,1.7954,1.8133000000000001,1.8198,1.8249000000000002,1.8342,1.8375000000000001,1.8423,1.8575000000000002,1.8578000000000001,1.8608,1.8613000000000002,1.8729,1.8838000000000001,1.8901000000000001,1.8931,1.8949,1.8961000000000001,1.8975000000000002,1.9155000000000002,1.9399000000000002,1.9435,1.949,1.9497,1.9605000000000001,1.9615,1.9711,1.9745000000000001,1.9749,1.9767000000000001,1.9769,1.9788000000000001,1.9841000000000002,1.9889000000000001,1.9928000000000001,1.9974,2.0133,2.0180000000000002,2.0213,2.0294000000000003,2.0311,2.0394,2.0424,2.0478,2.053,2.0571,2.0682,2.0684,2.079,2.091,2.1003000000000003,2.1112,2.1116,2.1176,2.123,2.1482,2.1744,2.1775,2.1813000000000002,2.1953,2.2008,2.2017,2.2026,2.2192000000000003,2.2264,2.2346,2.2545,2.2547,2.258,2.2599,2.2605,2.2645,2.2731,2.2758000000000003,2.2762000000000002,2.2845,2.2941000000000003,2.3017000000000003,2.3087,2.3145000000000002,2.3239,2.3244000000000002,2.359,2.3611,2.3723,2.4066,2.4229000000000003,2.4279,2.4401,2.4490000000000003,2.4616000000000002,2.5134000000000003,2.5164,2.5192,2.5206,2.5373,2.5395000000000003,2.5403000000000002,2.5413,2.5516,2.5538000000000003,2.5553,2.5624000000000002,2.5629,2.5644,2.5692,2.5697,2.5747,2.5816000000000003,2.5819,2.5824000000000003,2.5845000000000002,2.587,2.5872,2.5876,2.6007000000000002,2.6020000000000003,2.6166,2.6288,2.6346000000000003,2.6365000000000003,2.6413,2.6467,2.6588000000000003,2.6659,2.6708000000000003,2.6742,2.6787,2.6825,2.7055000000000002,2.7166,2.7182,2.7194000000000003,2.7274000000000003,2.7312000000000003,2.7631,2.7684,2.7903000000000002,2.8093000000000004,2.8112,2.8187,2.822,2.8348,2.8364000000000003,2.8405,2.8663000000000003,2.8794,2.8812,2.8936,2.8985000000000003,2.9011,2.9026,2.9044000000000003,2.9125,2.9169,2.9197,2.9257,2.9275,2.9309000000000003,2.9332000000000003,2.9475000000000002,2.9595000000000002,2.9609,2.9665000000000004,2.9716,2.9771,2.9777,2.979,2.9928000000000003,2.9997000000000003
34615:0.9904000000000001,1.0669,1.1563,1.2464,1.2774,1.3187,1.3426,1.3593000000000002,1.3989,1.4251,1.4669,1.4726000000000001,1.5108000000000001,1.5325,1.5661,1.5850000000000002,1.6142,1.6218000000000001,1.6523,1.6719000000000002,1.6799000000000002,1.7034,1.7431,1.7556,1.7922,1.8186,1.8430000000000002,1.872,1.9095000000000002,1.9451,1.9699,1.9828000000000001,1.9981,2.0186,2.0453,2.0544000000000002,2.0746,2.0881000000000003,2.1122,2.1216,2.1456,2.157,2.1825,2.1998,2.2115,2.2371000000000003,2.2684,2.2772,2.2869,2.3238000000000003,2.3618,2.3731,2.4031000000000002,2.4117,2.4403,2.4505,2.4815,2.5149,2.5203,2.5369,2.5671,2.5822000000000003,2.6058000000000003,2.6308000000000002,2.6431,2.6529000000000003,2.6787,2.6925000000000003,2.7199,2.7363,2.7670000000000003,2.7832000000000003,2.8024,2.8307,2.8429,2.8576,2.875,2.8932,2.9098,2.9450000000000003,2.955,2.9819
34673:1.4613,1.51,1.5526,1.5821,1.6104,1.6504,1.6969,1.7046000000000001,1.7423000000000002,1.7828000000000002,1.8145,1.8406,1.8629,1.9055000000000002,1.9377000000000002,1.9668,2.0180000000000002,2.0508,2.0681000000000003,2.1019,2.1101,2.1386000000000003,2.1796,2.2278000000000002,2.2631,2.2783,2.3201,2.3577,2.3713,2.4027000000000003,2.4347000000000003,2.4697,2.5075000000000003,2.5167,2.5585,2.5748,2.6020000000000003,2.6423,2.6534,2.7098,2.7174,2.761,2.8040000000000003,2.8341000000000003,2.8661000000000003,2.8854,2.9396,2.9712
34713:1.3444,1.4413,1.5206000000000002,1.5767,1.6192,1.647,1.6740000000000002,1.7053,1.7286000000000001,1.7435,1.7624000000000002,1.7935,1.8182,1.8446,1.8618000000000001,1.8756000000000002,1.9012,1.917,1.9353,1.9499000000000002,1.9732,2.009,2.0268,2.0506,2.0767,2.0926,2.1213,2.136,2.1574,2.1748000000000003,2.1982,2.2221,2.2432000000000003,2.2603,2.2951,2.3123,2.3371,2.3579000000000003,2.3812,2.4017,2.4378,2.4548,2.4816000000000003,2.5037000000000003,2.5298000000000003,2.5442,2.5624000000000002,2.5812,2.5966,2.6229,2.6436,2.6573,2.6793,2.6976,2.7148000000000003,2.7406,2.7723,2.803,2.8331,2.8628,2.8890000000000002,2.9052000000000002,2.9186,2.946,2.9664,2.9865
34813:1.3385,1.4024,1.4589,1.5594000000000001,1.6047,1.6547,1.7033,1.7494,1.7792000000000001,1.8173000000000001,1.8733000000000002,1.9160000000000001,1.9734,2.0179,2.0568,2.0953,2.1393,2.1879,2.2332,2.2834000000000003,2.3381000000000003,2.3824,2.4512,2.5202,2.5702000000000003,2.6202,2.6604,2.7203,2.7559,2.8077,2.8538,2.9013,2.947,2.9873000000000003
34876:1.3331000000000002,1.4097000000000002,1.4656,1.5270000000000001,1.5919,1.6354000000000002,1.675,1.703,1.7344000000000002,1.7647000000000002,1.7948000000000002,1.8256000000000001,1.8548,1.8760000000000001,1.9059000000000001,1.9365,1.9716,1.9976,2.0232,2.0511,2.0754,2.0938,2.1172,2.1509,2.1795,2.229,2.2535000000000003,2.2846,2.3133,2.3439,2.3640000000000003,2.3955,2.4265000000000003,2.4564,2.4847,2.5104,2.5423,2.5668,2.5873,2.6186000000000003,2.6439,2.6649000000000003,2.7027,2.7233,2.741,2.7670000000000003,2.7986,2.833,2.8544,2.8898,2.9137,2.9545000000000003,2.9787000000000003
35121:1.2081,1.3565,1.6553,2.0622000000000003,2.1550000000000002,2.2324,2.2527,2.3979,2.4743,2.5686,2.6622000000000003,2.7350000000000003,2.787,2.9338,2.9808000000000003
35141:0.9781000000000001,1.0303,1.0567,1.0803,1.106,1.1309,1.1578000000000002,1.1706,1.1886,1.2026000000000001,1.2162,1.2395,1.2528000000000001,1.266,1.2854,1.3095,1.3249,1.3409,1.3538000000000001,1.3714000000000002,1.389,1.4043,1.4163000000000001,1.4336,1.4452,1.458,1.4683000000000002,1.4835,1.496,1.5073,1.5191000000000001,1.532,1.5438,1.5524,1.5639,1.5718,1.5806,1.5912000000000002,1.5987,1.6145,1.6263,1.6345,1.6473,1.6542000000000001,1.6629,1.6707,1.6904000000000001,1.6972,1.7122000000000002,1.7193,1.7283000000000002,1.7391,1.7550000000000001,1.7635,1.7762,1.7847000000000002,1.7922,1.8022,1.8094000000000001,1.8191000000000002,1.8319,1.8430000000000002,1.8546,1.8664,1.873,1.8882,1.8968,1.9071,1.9179000000000002,1.9281000000000001,1.9354,1.9459000000000002,1.9588,1.9695,1.9798,1.991,2.0064,2.0175,2.0334000000000003,2.0424,2.0505,2.06,2.0724,2.08,2.0873,2.0956,2.1081000000000003,2.1154,2.1270000000000002,2.1348000000000003,2.1471,2.1587,2.1657,2.1755,2.1901,2.2006,2.2125,2.2225,2.2316000000000003,2.2413000000000003,2.2528,2.2591,2.2679,2.2786,2.2968,2.3041,2.3112,2.327,2.3362000000000003,2.3536,2.3626,2.3749000000000002,2.3827000000000003,2.3937,2.4041,2.4146,2.4275,2.4396,2.4463,2.4543,2.4679,2.4772000000000003,2.4876,2.4996,2.5111000000000003,2.5167,2.5260000000000002,2.5365,2.5433000000000003,2.5577,2.5757000000000003,2.5832,2.5935,2.6044,2.6141,2.6262000000000003,2.6428000000000003,2.6584000000000003,2.6724,2.6808,2.688,2.6988000000000003,2.7139,2.7329000000000003,2.7396000000000003,2.7519,2.7598000000000003,2.7670000000000003,2.7805,2.7946,2.8018,2.8126,2.8217000000000003,2.831,2.8434,2.8528000000000002,2.8644000000000003,2.8714,2.8813,2.8977,2.9072,2.9154,2.9255,2.9359,2.9436,2.9514,2.96,2.9695,2.9755000000000003,2.9889,2.9978000000000002
35460:1.0374,1.1152,1.1761000000000001,1.2207000000000001,1.2634,1.345,1.3935,1.4228,1.4492,1.4842,1.5453000000000001,1.5967,1.6251,1.6441000000000001,1.6819000000000002,1.7182000000000002,1.7344000000000002,1.7648000000000001,1.7859,1.808,1.8505,1.883,1.9275,1.955,1.9808000000000001,2.0268,2.0667,2.0988,2.123,2.1392,2.1582,2.2133000000000003,2.2548,2.2975000000000003,2.3445,2.3944,2.4214,2.4496,2.4757000000000002,2.5032,2.5434,2.5898000000000003,2.6149,2.6527000000000003,2.6863,2.7424,2.7852,2.8354,2.8657000000000004,2.8898,2.9157,2.9317,2.9647,2.9943
35818:2.4637000000000002
36276:1.9896
36324:1.9115000000000002
36339:1.6248,1.6992,1.737,1.8376000000000001,1.9121000000000001,2.0502000000000002,2.1074,2.1870000000000003,2.3168,2.4732000000000003,2.5816000000000003,2.6446,2.7219,2.8329,2.8954,2.9702
36358:0.8160000000000001,0.9275,0.9530000000000001,0.9640000000000001,1.0801,1.1067,1.1522000000000001,1.1526,1.1687,1.1815,1.1840000000000002,1.1883000000000001,1.2123000000000002,1.2322,1.2351,1.249,1.2891000000000001,1.2938,1.3206,1.3809,1.3875,1.4257,1.4272,1.4298,1.4425000000000001,1.4429,1.4461000000000002,1.4489,1.4618,1.4755,1.4778,1.4792,1.4888000000000001,1.4975,1.4981,1.4983,1.5283,1.5439,1.5525,1.5557,1.5699,1.572,1.5771000000000002,1.5835000000000001,1.5843,1.5851000000000002,1.5974000000000002,1.6048,1.6294000000000002,1.6409,1.6586,1.661,1.6705,1.6840000000000002,1.6865,1.6931,1.6948,1.6979000000000002,1.7040000000000002,1.7138,1.7212,1.7215,1.7295,1.7341,1.7389000000000001,1.7557,1.7662,1.776,1.7844,1.7893000000000001,1.8035,1.8158,1.8244,1.8293000000000001,1.8444,1.8454000000000002,1.8461,1.8471000000000002,1.8494000000000002,1.8504,1.8549,1.857,1.8594000000000002,1.8617000000000001,1.8657000000000001,1.8749,1.8800000000000001,1.8928,1.9000000000000001,1.9067,1.9101000000000001,1.9181000000000001,1.9219000000000002,1.9256000000000002,1.9265,1.9285,1.9433,1.9446,1.9557,1.9583000000000002,1.9655,1.9766000000000001,1.9821000000000002,1.9849,1.9888000000000001,1.9937,1.9975,2.0147,2.0186,2.0257,2.0322,2.0358,2.0415,2.0452,2.0554,2.0573,2.0602,2.0639000000000003,2.0744000000000002,2.0779,2.0796,2.0843000000000003,2.091,2.1046,2.1064000000000003,2.1202,2.122,2.1331,2.1350000000000002,2.1417,2.1512000000000002,2.1761,2.1777,2.1875,2.2053000000000003,2.2113,2.2121,2.2192000000000003,2.2229,2.2253000000000003,2.2258,2.2263,2.2289000000000003,2.2381,2.2544,2.2573000000000003,2.2640000000000002,2.2746,2.2784,2.3097000000000003,2.3120000000000003,2.3166,2.3217000000000003,2.3251,2.3306,2.3347,2.3421000000000003,2.3452,2.3455,2.3458,2.3501000000000003,2.3511,2.3518000000000003,2.3528000000000002,2.3604000000000003,2.3693,2.386,2.3890000000000002,2.3945000000000003,2.396,2.402,2.4071000000000002,2.4095,2.4241,2.4257,2.4339,2.4365,2.4387000000000003,2.4496,2.4568000000000003,2.4611,2.475,2.4754,2.4907,2.5093,2.5106,2.516,2.5242,2.5295,2.5301,2.5318,2.5357000000000003,2.5420000000000003,2.547,2.552,2.5547,2.5627,2.5672,2.5746,2.5762,2.58,2.5984000000000003,2.619,2.636,2.6384000000000003,2.6386000000000003,2.6447000000000003,2.6519,2.6626000000000003,2.6661,2.6704000000000003,2.6731000000000003,2.6944000000000004,2.7069,2.7083,2.716,2.7194000000000003,2.7232000000000003,2.741,2.7472000000000003,2.7535000000000003,2.7546,2.7549,2.7663,2.7723,2.7765,2.7932,2.7951,2.8016,2.8044000000000002,2.8051,2.8064,2.8159,2.8192,2.8279,2.8288,2.8436000000000003,2.8536,2.8574,2.8679,2.871,2.8722000000000003,2.8891,2.8945000000000003,2.8985000000000003,2.9000000000000004,2.9006000000000003,2.9026,2.9085,2.9162000000000003,2.9261,2.9264,2.9438,2.9704,2.9730000000000003,2.9849,2.9866,2.9873000000000003,2.9915000000000003
36506:0.9854,1.0394,1.1136000000000001,1.1393,1.1574,1.1861000000000002,1.2155,1.2292,1.2416,1.2573,1.2772000000000001,1.2918,1.3088,1.3244,1.3427,1.3589,1.3748,1.3888,1.4018000000000002,1.4115,1.4337,1.4500000000000002,1.4591,1.4733,1.4861,1.5063,1.5197,1.5413000000000001,1.5488000000000002,1.5669000000000002,1.5755000000000001,1.5854000000000001,1.5968,1.6066,1.621,1.6295000000000002,1.6442,1.659,1.6692,1.6783000000000001,1.6873,1.6973,1.7062000000000002,1.7143000000000002,1.728,1.7374,1.7479,1.7578,1.7678,1.7797,1.7892000000000001,1.7984,1.8090000000000002,1.8208000000000002,1.8282,1.8373000000000002,1.848,1.8574000000000002,1.8675000000000002,1.883,1.8964,1.9028,1.9086,1.9198000000000002,1.9284000000000001,1.9345,1.9488,1.9625000000000001,1.9700000000000002,1.9815,1.9896,2.0057,2.0143,2.0223,2.0402,2.048,2.0594,2.0662000000000003,2.0768,2.0866000000000002,2.0942000000000003,2.1031,2.1088,2.1221,2.1337,2.1448,2.1541,2.1687000000000003,2.1768,2.1837,2.206,2.2177000000000002,2.2255000000000003,2.2352000000000003,2.2443,2.2539000000000002,2.2676000000000003,2.2754000000000003,2.2912,2.3055000000000003,2.3143000000000002,2.3289,2.3375,2.3477,2.3571,2.3673,2.3747000000000003,2.3878,2.3983000000000003,2.4125,2.4207,2.4343,2.4425000000000003,2.4534000000000002,2.4669000000000003,2.4747,2.4839,2.504,2.5123,2.5267,2.5413,2.5522,2.5616000000000003,2.5715000000000003,2.5811,2.5933,2.5989,2.613,2.621,2.6300000000000003,2.6384000000000003,2.6491000000000002,2.6562,2.6651000000000002,2.6759,2.6954000000000002,2.7058,2.7134,2.7223,2.7337000000000002,2.7428000000000003,2.7589,2.7694,2.781,2.7914000000000003,2.8097000000000003,2.822,2.8280000000000003,2.8343000000000003,2.8453,2.8533,2.8691,2.8808000000000002,2.8918,2.8996,2.9086000000000003,2.9306,2.939,2.9488000000000003,2.9601,2.9685,2.98,2.9946
36557:1.2722,1.4616,1.5009000000000001,1.5331000000000001,1.5596,1.5971000000000002,1.6127,1.6506,1.6726,1.7018,1.7788000000000002,1.7961,1.8414000000000001,1.8961000000000001,1.9348,1.983,1.9958,2.0161000000000002,2.0260000000000002,2.0451,2.0712,2.0821,2.1158,2.125,2.1531000000000002,2.2297000000000002,2.2566,2.2920000000000003,2.3231,2.3487,2.3651,2.395,2.4787,2.5088,2.5627,2.5909,2.6183,2.6285000000000003,2.6704000000000003,2.7095000000000002,2.7257000000000002,2.7607,2.8432,2.8770000000000002,2.91,2.9295
36647:1.6514,1.7043000000000001,1.7971000000000001,1.9028,1.9445000000000001,2.0793,2.1274,2.1669,2.2918000000000003,2.3542,2.4637000000000002,2.4855,2.5286,2.5708,2.6185,2.6646,2.7088,2.7399,2.7655000000000003,2.9170000000000003,2.9365
37020:1.036,1.0801,1.1256000000000002,1.1705,1.2055,1.233,1.2545000000000002,1.2779,1.3049000000000002,1.3359,1.3528,1.3723,1.3892,1.4066,1.4239000000000002,1.4373,1.4545000000000001,1.4681,1.4784000000000002,1.4913,1.5038,1.5185000000000002,1.5308000000000002,1.5488000000000002,1.5616,1.5742,1.5873000000000002,1.6027,1.6144,1.6273,1.6388,1.6553,1.6651,1.6816,1.6921000000000002,1.7023000000000001,1.7124000000000001,1.7224000000000002,1.7329,1.7421,1.7562,1.7659,1.7776,1.7859,1.7966000000000002,1.8070000000000002,1.8177,1.8323,1.8425,1.8525,1.8606,1.8717000000000001,1.8839000000000001,1.8927,1.9044,1.9120000000000001,1.9273,1.9437,1.9558,1.9682000000000002,1.982,1.9909000000000001,2.0019,2.0124,2.0232,2.0309,2.0443000000000002,2.0562,2.0684,2.0792,2.0906000000000002,2.1001000000000003,2.1112,2.1251,2.1348000000000003,2.1504000000000003,2.1587,2.1743,2.1887000000000003,2.2011000000000003,2.2115,2.2243,2.2344,2.2457000000000003,2.2562,2.2642,2.2788,2.2973,2.3086,2.3215,2.333,2.3449,2.3599,2.3686000000000003,2.3834,2.3929,2.4021,2.414,2.426,2.4401,2.4522,2.4623,2.4751000000000003,2.4843,2.4930000000000003,2.5020000000000002,2.5136000000000003,2.5244,2.5368,2.5503,2.5636,2.5747,2.5839000000000003,2.595,2.6044,2.617,2.6291,2.6446,2.6548000000000003,2.6672000000000002,2.6769000000000003,2.6866000000000003,2.7053000000000003,2.7167000000000003,2.7268000000000003,2.7363,2.7454,2.7556000000000003,2.7646,2.7744,2.7871,2.7996000000000003,2.8103000000000002,2.8254,2.8343000000000003,2.8454,2.855,2.8627000000000002,2.8714,2.8856,2.8968000000000003,2.9115,2.927,2.9368000000000003,2.9530000000000003,2.9655,2.9749000000000003,2.9839,2.9948
37128:0.9425,1.0215,1.07,1.1057000000000001,1.1232,1.1485,1.1763000000000001,1.2058,1.2346000000000001,1.2629000000000001,1.2796,1.3021,1.314,1.3272000000000002,1.3424,1.3533000000000002,1.3674000000000002,1.3884,1.4083,1.4249,1.4406,1.4562000000000002,1.4704000000000002,1.4879,1.5050000000000001,1.5192,1.5328000000000002,1.5519,1.5672000000000001,1.5807,1.5894000000000001,1.6004,1.6146,1.6254000000000002,1.6388,1.6502000000000001,1.6626,1.6738000000000002,1.6874,1.6978,1.7067,1.7182000000000002,1.7326000000000001,1.7416,1.7527000000000001,1.7648000000000001,1.7754,1.7847000000000002,1.7956,1.8068000000000002,1.8171000000000002,1.8265,1.8357,1.846,1.8644,1.8742,1.8816000000000002,1.891,1.9007,1.9094,1.9212,1.931,1.9405000000000001,1.9512,1.9625000000000001,1.9749,1.9854,1.9967000000000001,2.0086,2.0207,2.0287,2.039,2.0485,2.0598,2.0762,2.0854,2.0939,2.1079,2.1177,2.1263,2.1365000000000003,2.1479,2.1585,2.1665,2.174,2.1825,2.1919,2.2018,2.2119,2.2249000000000003,2.2390000000000003,2.2498,2.2625,2.2712000000000003,2.2856,2.2949,2.305,2.317,2.3245,2.3351,2.3429,2.3521,2.3645,2.3711,2.3829000000000002,2.3929,2.4028,2.4119,2.4198,2.4275,2.4379,2.4464,2.4598,2.4693,2.4831000000000003,2.4987,2.5094000000000003,2.5196,2.529,2.5403000000000002,2.5491,2.5586,2.5695,2.5792,2.5908,2.6003000000000003,2.611,2.6231,2.6406,2.6498,2.6624000000000003,2.6712000000000002,2.6815,2.6925000000000003,2.7012,2.7111,2.7206,2.7297000000000002,2.7458,2.7547,2.7684,2.7794000000000003,2.7880000000000003,2.7985,2.8086,2.8188,2.8280000000000003,2.8392,2.8501000000000003,2.8645,2.8757,2.8881,2.9008000000000003,2.9091,2.9233000000000002,2.9329,2.9459,2.9535,2.9639,2.9733,2.9829000000000003,2.9921
37180:1.9853,2.3087,2.8994
37263:1.4634,1.552,1.607,1.6300000000000001,1.6748,1.7021000000000002,1.7351,1.7709000000000001,1.8010000000000002,1.8214000000000001,1.8373000000000002,1.8602,1.8981000000000001,1.9167,1.9558,1.99,2.0191,2.0436,2.0668,2.0951,2.1117,2.1367000000000003,2.1758,2.2181,2.2364,2.2845,2.3054,2.3364000000000003,2.3626,2.3934,2.4206000000000003,2.4695,2.5066,2.5278,2.571,2.5994,2.6231,2.6454,2.6714,2.701,2.7174,2.7407,2.7773000000000003,2.8289,2.8535,2.8759,2.9002000000000003,2.9521,2.9795000000000003
37567:1.0711,1.2565,1.2835,1.3296000000000001,1.3533000000000002,1.3653,1.4091,1.4300000000000002,1.4696,1.5187000000000002,1.5784,1.6209,1.6533,1.7034,1.7496,1.7642,1.8150000000000002,1.8268,1.8483,1.8793000000000002,1.9174,1.979,1.9897,2.0233,2.0537,2.0792,2.0945,2.1221,2.1549,2.2043,2.2390000000000003,2.2848,2.3265000000000002,2.367,2.4039,2.4289,2.4468,2.4789000000000003,2.5188,2.5357000000000003,2.5708,2.5899,2.6106000000000003,2.6510000000000002,2.6839,2.7004,2.7309,2.7722,2.7899000000000003,2.8334,2.8480000000000003,2.8931,2.9096,2.9525,2.9961
37830:1.9217000000000002,2.0612,2.2414,2.5022,2.9634
37985:1.5163,1.57,1.6211,1.669,1.7692,1.8157,1.8539,1.9142000000000001,1.9655,2.0805000000000002,2.1921,2.2358000000000002,2.3125,2.4055,2.4638,2.5050000000000003,2.6388000000000003,2.6874000000000002,2.7185,2.7855000000000003,2.8674,2.9448000000000003
38032:1.9091
38073:2.6253
38194:1.0721,1.1587,1.26,1.2813,1.3111000000000002,1.3281,1.3495000000000001,1.3634000000000002,1.4057000000000002,1.4275,1.4544000000000001,1.4742000000000002,1.4913,1.5187000000000002,1.5335,1.5675000000000001,1.5856000000000001,1.6171,1.6269,1.6497000000000002,1.6617000000000002,1.6780000000000002,1.6895,1.7063000000000001,1.7275,1.7453,1.7602,1.7846000000000002,1.8001,1.818,1.8323,1.8447,1.8664,1.8807,1.8924,1.9068,1.9193,1.9376,1.9557,1.9757,1.9869,2.0072,2.0213,2.0367,2.0503,2.0617,2.0826000000000002,2.0936,2.1163000000000003,2.1301,2.1482,2.1613,2.1838,2.2007000000000003,2.218,2.2377000000000002,2.2509,2.27,2.289,2.3024,2.3208,2.334,2.3529,2.3684000000000003,2.3826,2.4028,2.4143000000000003,2.4335,2.4478,2.4653,2.4856000000000003,2.508,2.5214000000000003,2.535,2.5485,2.5639000000000003,2.5726,2.5868,2.6061,2.6169000000000002,2.6343,2.6487000000000003,2.6594,2.681,2.6921,2.7088,2.7246,2.7375000000000003,2.7566,2.7713,2.7862,2.8065,2.8284000000000002,2.8411,2.8622,2.8890000000000002,2.9007,2.9121,2.9304,2.9517,2.9636,2.9794,2.9939
38413:1.0484,1.3025,1.4609,1.5052,1.5964,1.6092000000000002,1.6345,1.6779000000000002,1.7128,1.7863,1.8126,1.8417000000000001,1.887,1.9092,1.9364000000000001,1.969,1.9946000000000002,2.041,2.0627,2.0878,2.1269,2.1612,2.1842,2.2034000000000002,2.226,2.2752,2.3112,2.326,2.3926000000000003,2.419,2.4495,2.4751000000000003,2.4882,2.5056000000000003,2.5212000000000003,2.5434,2.5576000000000003,2.5779,2.6006,2.6254,2.6647000000000003,2.6954000000000002,2.7326,2.7709,2.8052,2.8309,2.839,2.8752,2.8906,2.9484000000000004,2.9739,2.9885
38463:0.9044000000000001,0.9602,0.9824,1.004,1.0289000000000001,1.0363,1.1074000000000002,1.1105,1.112,1.1148,1.135,1.1502000000000001,1.1638,1.2235,1.2297,1.2548000000000001,1.2554,1.2608000000000001,1.28,1.3108,1.3481,1.3694000000000002,1.3940000000000001,1.4140000000000001,1.4222000000000001,1.4333,1.4547,1.4593,1.4658,1.4684000000000001,1.4751,1.477,1.483,1.4968000000000001,1.5010000000000001,1.5044000000000002,1.5113,1.5115,1.5181,1.5196,1.5589000000000002,1.589,1.5976000000000001,1.599,1.6223,1.6232,1.641,1.6488,1.6493,1.6727,1.6840000000000002,1.6879000000000002,1.6972,1.6974,1.6994,1.7017,1.7039000000000002,1.7103000000000002,1.7106000000000001,1.7108,1.7198,1.7258,1.7281000000000002,1.729,1.7436,1.7449000000000001,1.7546000000000002,1.7593,1.7733,1.7777,1.7852000000000001,1.8015,1.8088000000000002,1.8136,1.8205,1.8222,1.8278,1.8286,1.84,1.8454000000000002,1.8488,1.8555000000000001,1.8557000000000001,1.8563,1.858,1.8633000000000002,1.8658000000000001,1.8828,1.8892,1.8981000000000001,1.9028,1.9093,1.9145,1.9215,1.9277000000000002,1.9287,1.9404000000000001,1.9416,1.9454,1.9468,1.9503000000000001,1.957,1.9662000000000002,1.9837,1.9999,2.0056000000000003,2.0081,2.0089,2.0177,2.0226,2.0256000000000003,2.037,2.0434,2.0485,2.0541,2.0635,2.0661,2.0731,2.0747,2.0827,2.093,2.0955,2.1015,2.1212,2.1265,2.1314,2.1331,2.1342000000000003,2.1486,2.1541,2.1566,2.157,2.1629,2.1658,2.1764,2.1767000000000003,2.1811000000000003,2.1825,2.1896,2.2015000000000002,2.2037,2.2066,2.2111,2.2158,2.2185,2.2253000000000003,2.2263,2.2319,2.234,2.2351,2.258,2.2908,2.2951,2.3277,2.3287,2.3404000000000003,2.3475,2.3486000000000002,2.357,2.3585000000000003,2.3648000000000002,2.3719,2.3742,2.4047,2.4052000000000002,2.4127,2.4129,2.4179,2.4193000000000002,2.4258,2.4382,2.4486000000000003,2.4591000000000003,2.4626,2.4672,2.4753000000000003,2.4811,2.4877000000000002,2.5027,2.503,2.5264,2.5373,2.5383,2.5435000000000003,2.5459,2.5597000000000003,2.561,2.5639000000000003,2.5642,2.5671,2.5816000000000003,2.5898000000000003,2.5938000000000003,2.6024000000000003,2.6033,2.6193,2.6226000000000003,2.624,2.6314,2.6343,2.6398,2.6482,2.652,2.6522,2.6532,2.6563000000000003,2.6718,2.6747,2.6767000000000003,2.6915,2.7117,2.7351,2.7357,2.7528,2.761,2.7628,2.7666,2.7766,2.801,2.8069,2.8115,2.8117,2.817,2.8185000000000002,2.8374,2.8404000000000003,2.8589,2.8745000000000003,2.8832,2.8850000000000002,2.8861000000000003,2.8904,2.8921,2.8953,2.8975,2.9002000000000003,2.9044000000000003,2.9333,2.9345000000000003,2.9361,2.9406000000000003,2.9571,2.9652000000000003,2.9851,2.9869000000000003,2.9918,2.998
38928:1.5681,1.5987,1.7060000000000002,1.7536,1.826,1.8879000000000001,1.9964000000000002,2.0856,2.1166,2.3335,2.5005,2.5733,2.6897,2.7601,2.8243,2.8888000000000003,2.9965
39047:0.9308000000000001,0.9559000000000001,0.996,1.0214,1.0259,1.0330000000000001,1.0644,1.0741,1.1075000000000002,1.1165,1.1909,1.2025000000000001,1.2032,1.2375,1.2422,1.2505000000000002,1.252,1.2569000000000001,1.2686,1.3069000000000002,1.3108,1.3216,1.3225,1.336,1.3451,1.3508,1.3724,1.3779000000000001,1.3882,1.389,1.3969,1.3980000000000001,1.4009,1.4025,1.4148,1.4182000000000001,1.4274,1.4309,1.4538,1.4552,1.4629,1.4858,1.4878,1.4993,1.5010000000000001,1.5029000000000001,1.5042,1.5068000000000001,1.5154,1.5405,1.5465,1.5469000000000002,1.5792000000000002,1.5813000000000001,1.5822,1.6016000000000001,1.6039,1.614,1.6164,1.62,1.6315000000000002,1.6348,1.6457000000000002,1.6472,1.651,1.655,1.657,1.6597000000000002,1.6603,1.6672,1.6756,1.6846,1.6884000000000001,1.7012,1.7203000000000002,1.7312,1.7413,1.7458,1.7549000000000001,1.7619,1.7622,1.7648000000000001,1.7770000000000001,1.7781,1.7896,1.7972000000000001,1.8048000000000002,1.8122,1.8206,1.8354000000000001,1.8409,1.8450000000000002,1.8564,1.8637000000000001,1.8641,1.8794000000000002,1.8812,1.8817000000000002,1.8828,1.8838000000000001,1.919,1.9314,1.9403000000000001,1.9533,1.9627000000000001,1.9636,1.9664000000000001,1.9789,1.9907000000000001,1.9932,1.9949000000000001,2.0025,2.004,2.0051,2.0207,2.0282,2.0300000000000002,2.0399000000000003,2.0554,2.0574,2.0598,2.0614,2.0695,2.0732,2.0765000000000002,2.0907,2.0997,2.1132,2.122,2.1248,2.1347,2.1374,2.1431,2.1499,2.1534,2.1538,2.1603,2.1666000000000003,2.1676,2.1964,2.1994000000000002,2.2005,2.2258,2.2283,2.2377000000000002,2.2384,2.2404,2.2442,2.2680000000000002,2.2727,2.2823,2.2832,2.2956000000000003,2.3042000000000002,2.3056,2.3134,2.3242000000000003,2.325,2.3264,2.3349,2.3373,2.3446000000000002,2.3451,2.3492,2.351,2.3646000000000003,2.3779,2.3968000000000003,2.403,2.4242,2.4407,2.4418,2.4468,2.4567,2.4581,2.4606,2.4653,2.4711000000000003,2.4724,2.4841,2.4872,2.4885,2.4952,2.5009,2.5015,2.5071000000000003,2.5098000000000003,2.5211,2.5292000000000003,2.5316,2.5323,2.5348,2.5357000000000003,2.5527,2.5618000000000003,2.5689,2.5786000000000002,2.5883000000000003,2.6007000000000002,2.6105,2.6149,2.6203000000000003,2.6293,2.6444,2.6482,2.6558,2.6614,2.6641,2.6703,2.6708000000000003,2.6815,2.6934,2.6987,2.7004,2.7045000000000003,2.7055000000000002,2.7064,2.7101,2.7124,2.7216,2.7222,2.7429,2.7442,2.7492,2.7527,2.7706,2.7718000000000003,2.7866,2.7874000000000003,2.7924,2.8058,2.8335000000000004,2.8355,2.837,2.8473,2.8770000000000002,2.8796,2.8812,2.8889,2.891,2.8932,2.8962000000000003,2.9041,2.9057,2.9077,2.9212000000000002,2.9241,2.9354,2.9383000000000004,2.9426,2.946,2.9504,2.9591000000000003,2.9623,2.9635000000000002,2.9668,2.9778000000000002,2.9783,2.9852000000000003,2.9883
39124:1.4361000000000002,1.5667,1.7402000000000002,1.7976,1.8634000000000002,1.9147,1.9913,2.0769,2.2288,2.2886,2.3127,2.4744,2.5213,2.7719,2.9006000000000003,2.9523
39569:1.7675,1.8721,1.9533,2.0912,2.4836,2.5492,2.6006,2.6504000000000003,2.7344
39606:1.069,1.1560000000000001,1.2799,1.3261,1.3599,1.4259000000000002,1.4727000000000001,1.6143,1.6752,1.7039000000000002,1.8155000000000001,1.8757000000000001,1.9016000000000002,1.9129,1.9858,2.0054000000000003,2.0396,2.048,2.0883000000000003,2.1255,2.1652,2.2043,2.2840000000000003,2.2946,2.378,2.4075,2.4383,2.4468,2.5195000000000003,2.5309,2.5687,2.6475,2.7297000000000002,2.7815000000000003,2.8174,2.8283,2.8857,2.9094,2.9477,2.9907000000000004
39714:0.9816,1.0321,1.0570000000000002,1.0834000000000001,1.1089,1.1338000000000001,1.1625,1.1803000000000001,1.2008,1.2194,1.2416,1.2553,1.2689000000000001,1.2871000000000001,1.3095,1.3277,1.3424,1.3553000000000002,1.3736000000000002,1.3913,1.405,1.4191,1.4327,1.4483000000000001,1.4602000000000002,1.4714,1.481,1.4986000000000002,1.51,1.5228000000000002,1.5336,1.5504,1.5669000000000002,1.5825,1.5942,1.6093000000000002,1.6215000000000002,1.6380000000000001,1.6533,1.6652,1.6760000000000002,1.6896,1.7006000000000001,1.7137,1.7219,1.7359,1.7454,1.7577,1.7702,1.7792000000000001,1.7875,1.8006,1.8116,1.8251000000000002,1.8350000000000002,1.8453000000000002,1.8556000000000001,1.8681,1.8802,1.891,1.9004,1.9095000000000002,1.9205,1.9304000000000001,1.9452,1.959,1.9740000000000002,1.9837,1.9941000000000002,2.0036,2.0112,2.0209,2.0298000000000003,2.0420000000000003,2.0532,2.0643000000000002,2.0747,2.0872,2.0986000000000002,2.1104000000000003,2.1183,2.1286,2.1376,2.1508000000000003,2.1590000000000003,2.1688,2.1797,2.1943,2.2034000000000002,2.2143,2.225,2.2351,2.2435,2.2538,2.2624,2.2713,2.2877,2.2978,2.3116000000000003,2.3261000000000003,2.3387000000000002,2.3486000000000002,2.3599,2.37,2.3797,2.3929,2.4055,2.4177,2.4307000000000003,2.4394,2.4502,2.4636,2.4768000000000003,2.4887,2.5012000000000003,2.5156,2.5283,2.5385,2.5466,2.5597000000000003,2.5733,2.585,2.5954,2.6063,2.6187,2.6268000000000002,2.6409000000000002,2.6513,2.6653000000000002,2.6752000000000002,2.6831,2.6977,2.7121,2.7274000000000003,2.7392000000000003,2.7498,2.7595,2.7706,2.7819000000000003,2.7941000000000003,2.8055000000000003,2.8215000000000003,2.8353,2.8477,2.8595,2.8702,2.8872,2.9004000000000003,2.9097,2.9188,2.9295,2.9429000000000003,2.9547000000000003,2.9650000000000003,2.9787000000000003,2.9898000000000002
39826:1.5272000000000001,1.5966,1.6509,1.7019000000000002,1.7332,1.7966000000000002,1.8314000000000001,1.8434000000000001,1.8781,1.9091,1.9528,2.0028,2.045,2.0685000000000002,2.1487000000000003,2.1783,2.217,2.2752,2.4761,2.5123,2.541,2.5669,2.5984000000000003,2.6544000000000003,2.6927000000000003,2.7562,2.7809,2.8277,2.8965,2.9466
39927:2.6642
39933:0.9091,0.9686,0.9931000000000001,1.0661,1.0708,1.0962,1.0993,1.1308,1.1498000000000002,1.153,1.1601000000000001,1.1624,1.1766,1.1893,1.2035,1.2452,1.2670000000000001,1.2994,1.3386,1.349,1.3499,1.3762,1.377,1.3812,1.3936000000000002,1.3989,1.4183000000000001,1.4451,1.4492,1.4516,1.4982,1.5067000000000002,1.5166000000000002,1.5262,1.5294,1.5326000000000002,1.5379,1.5428000000000002,1.5517,1.5684,1.5690000000000002,1.5914000000000001,1.5921,1.6106,1.6152,1.622,1.6229,1.6244,1.6260000000000001,1.6279000000000001,1.6281,1.6304,1.6483,1.6524,1.6529,1.6633,1.6754,1.6803000000000001,1.6880000000000002,1.7009,1.7024000000000001,1.7114,1.7126000000000001,1.7146000000000001,1.7178,1.7238,1.7369,1.7389000000000001,1.7473,1.752,1.7654,1.7727000000000002,1.7812000000000001,1.7897,1.7986,1.8006,1.8015,1.8017,1.8087000000000002,1.8130000000000002,1.8188000000000002,1.8216,1.8249000000000002,1.8312000000000002,1.8394000000000001,1.851,1.8664,1.8682,1.8777000000000001,1.8832,1.8914000000000002,1.8924,1.8945,1.9117000000000002,1.9154,1.9209,1.9389,1.9409,1.9422000000000001,1.9525000000000001,1.955,1.9624000000000001,1.9676,1.9727000000000001,1.9781000000000002,1.9799,1.9811,1.9865000000000002,1.9894,1.9911,2.0046,2.012,2.0227,2.0237000000000003,2.0324,2.0395000000000003,2.0432,2.0494,2.0507,2.0514,2.0636,2.0689,2.0746,2.0769,2.0832,2.0853,2.0881000000000003,2.0912,2.1027,2.1031,2.1068000000000002,2.1093,2.1096,2.1140000000000003,2.1321,2.1323000000000003,2.1363000000000003,2.1391,2.1517,2.1543,2.1550000000000002,2.1621,2.1670000000000003,2.1702,2.1727000000000003,2.1755,2.1764,2.2123,2.2152000000000003,2.2208,2.2212,2.2251000000000003,2.2263,2.2391,2.2399,2.2451000000000003,2.2461,2.2523,2.2574,2.2673,2.2703,2.2718000000000003,2.2767,2.2807,2.2939000000000003,2.2947,2.2977000000000003,2.3000000000000003,2.307,2.3160000000000003,2.3200000000000003,2.3206,2.3301000000000003,2.342,2.3583000000000003,2.365,2.3724000000000003,2.3788,2.3890000000000002,2.4005,2.4057,2.4118,2.4207,2.4215,2.432,2.4335,2.4427000000000003,2.4548,2.4758,2.4769,2.4869000000000003,2.4886,2.5003,2.5021,2.5023,2.5034,2.5429,2.5522,2.5582000000000003,2.5661,2.5709,2.5764,2.5828,2.5879000000000003,2.5905,2.5936,2.6023,2.6033,2.6043000000000003,2.6096,2.6105,2.6136,2.6211,2.6265,2.6339,2.6476,2.6504000000000003,2.6572,2.6647000000000003,2.6685000000000003,2.6715,2.7075,2.7185,2.7202,2.7207000000000003,2.7239,2.7291000000000003,2.7299,2.7371000000000003,2.7385,2.7444,2.7475,2.7637,2.7778,2.7931,2.8017000000000003,2.8064,2.8191,2.8201,2.8331,2.8402000000000003,2.8509,2.8651,2.8703000000000003,2.8792,2.8794,2.8808000000000002,2.8982,2.8984,2.9013,2.9067000000000003,2.9128000000000003,2.9228,2.9249,2.9279,2.9356,2.9476,2.9530000000000003,2.9561,2.9614000000000003,2.9654000000000003,2.9663,2.9733,2.9831000000000003,2.9907000000000004
40093:0.9458000000000001,0.9803000000000001,1.0318,1.0583,1.0805,1.1077000000000001,1.1269,1.1412,1.1596,1.1721000000000001,1.1906,1.2041,1.2181,1.2399,1.2551,1.2681,1.2867,1.3035,1.3149,1.3275000000000001,1.3476000000000001,1.3581,1.3715000000000002,1.3897000000000002,1.4018000000000002,1.4166,1.4308,1.4451,1.4576,1.4696,1.4912,1.5031,1.516,1.5263,1.5371000000000001,1.5486,1.5597,1.5703,1.5884,1.6002,1.6125,1.6227,1.6367,1.6469,1.6591,1.6684,1.6779000000000002,1.6896,1.6991,1.7085000000000001,1.7205000000000001,1.7291,1.7372,1.7518,1.7602,1.7691000000000001,1.7801,1.7895,1.7989000000000002,1.8091000000000002,1.8197,1.8321,1.8401,1.8548,1.8641,1.8763,1.8865,1.8973,1.9060000000000001,1.9138000000000002,1.9222000000000001,1.9324000000000001,1.9439000000000002,1.951,1.9602000000000002,1.9700000000000002,1.9836,1.9936,2.0016000000000003,2.0123,2.021,2.029,2.0392,2.0505,2.059,2.0684,2.0805000000000002,2.0891,2.1042,2.1142000000000003,2.1252,2.1372,2.1451000000000002,2.1567000000000003,2.1667,2.1755,2.1858,2.1973000000000003,2.2077,2.2162,2.2256,2.2347,2.2414,2.2572,2.2675,2.2762000000000002,2.2869,2.3000000000000003,2.3114,2.3277,2.3379000000000003,2.3474,2.3579000000000003,2.3731,2.3826,2.3925,2.4032,2.412,2.4212000000000002,2.4299,2.4395000000000002,2.4526000000000003,2.4637000000000002,2.4746,2.486,2.4939,2.5024,2.5125,2.5261,2.5355000000000003,2.5435000000000003,2.5538000000000003,2.5616000000000003,2.5705,2.5813,2.5912,2.6001000000000003,2.6101,2.6185,2.6268000000000002,2.6378,2.6465,2.6550000000000002,2.6684,2.6772,2.6877,2.6993,2.7099,2.7192000000000003,2.7304,2.7394000000000003,2.7483,2.7581,2.7671,2.7803,2.7924,2.8018,2.8107,2.8213,2.8319,2.8464,2.857,2.8659000000000003,2.8776,2.8869000000000002,2.8981000000000003,2.9076,2.9210000000000003,2.9294000000000002,2.9405,2.9515000000000002,2.9608000000000003,2.9714,2.9855,2.9951000000000003
40194:1.7638,1.8271000000000002,1.9180000000000001,2.0878,2.1562,2.2542,2.2953,2.3617,2.4006000000000003,2.4626,2.5187,2.6252,2.6604,2.7061,2.7343,2.9072,2.9795000000000003
40297:2.4002000000000003,2.8649
40451:0.8816,1.0275,1.0345,1.0568,1.0654000000000001,1.0722,1.079,1.1589,1.1599000000000002,1.1757,1.1859,1.1983000000000001,1.2018,1.2498,1.2531,1.2533,1.2861,1.2897,1.3172000000000001,1.3805,1.3828,1.3856000000000002,1.3880000000000001,1.3927,1.3941000000000001,1.4046,1.4155,1.4315,1.4360000000000002,1.4503000000000001,1.4548,1.4628,1.469,1.4743000000000002,1.4818,1.4859,1.5079,1.5084,1.5116,1.5534000000000001,1.5541,1.5582,1.5614000000000001,1.5848,1.6205,1.6280000000000001,1.6433,1.6535,1.6541000000000001,1.6552,1.6582000000000001,1.6648,1.6655,1.6892,1.6903000000000001,1.7081000000000002,1.7122000000000002,1.7253,1.7314,1.7343000000000002,1.7493,1.7547000000000001,1.7714,1.7751000000000001,1.7766000000000002,1.7822,1.7876,1.7969000000000002,1.7972000000000001,1.8095,1.8134000000000001,1.8148000000000002,1.8261,1.86,1.8633000000000002,1.8673000000000002,1.87,1.871,1.8882,1.8921000000000001,1.8949,1.9063,1.9140000000000001,1.9247,1.9316,1.9422000000000001,1.9454,1.9749,1.9757,1.9788000000000001,1.9799,1.9864000000000002,1.993,1.9933,1.9989000000000001,1.9991,2.0017,2.0058000000000002,2.0143,2.0224,2.0426,2.044,2.0564,2.0775,2.0777,2.0941,2.0981,2.1041000000000003,2.1077,2.1107,2.1261,2.1401,2.1475,2.1521,2.1527000000000003,2.1755,2.1843,2.1858,2.1891000000000003,2.1972,2.2027,2.2068000000000003,2.2072000000000003,2.2135000000000002,2.2156000000000002,2.2217000000000002,2.2310000000000003,2.2331000000000003,2.2443,2.2462,2.2492,2.2546,2.2574,2.2641,2.2679,2.2708,2.279,2.2887,2.2923,2.2969,2.2982,2.3071,2.3164000000000002,2.3363,2.3489,2.3578,2.3581000000000003,2.3789000000000002,2.3801,2.3811,2.3852,2.3858,2.3888000000000003,2.391,2.4002000000000003,2.4084000000000003,2.4089,2.4153000000000002,2.4212000000000002,2.4222,2.4287,2.431,2.4342,2.4366000000000003,2.4388,2.4425000000000003,2.4529,2.4809,2.4816000000000003,2.5209,2.5219,2.5325,2.5349,2.5563000000000002,2.5594,2.5689,2.5823,2.5842,2.5844,2.5878,2.5917000000000003,2.5983,2.6003000000000003,2.6069,2.6201000000000003,2.6325000000000003,2.6366,2.6798,2.6862,2.6952000000000003,2.6968,2.708,2.7097,2.7111,2.7306,2.7311,2.7404,2.7428000000000003,2.7453000000000003,2.7479,2.7504,2.7611000000000003,2.7659000000000002,2.7728,2.7755,2.8035,2.8049,2.8115,2.8196000000000003,2.8299000000000003,2.8352,2.8382,2.8515,2.8521,2.8545000000000003,2.8681,2.8822,2.8929,2.9029000000000003,2.9195,2.9201,2.9291,2.9332000000000003,2.9475000000000002,2.9493,2.9497,2.9556,2.9576000000000002,2.9653,2.9689,2.9705000000000004,2.9717000000000002,2.982,2.9836,2.9972000000000003
40577:1.3621,1.4468,1.5282,1.6222,1.6766,1.7246000000000001,1.7661,1.8066,1.8498,1.8778000000000001,1.9101000000000001,1.9482000000000002,1.9796,2.0513,2.0906000000000002,2.1274,2.1718,2.2231,2.2515,2.2974,2.3439,2.379,2.4122,2.4496,2.4938000000000002,2.5347,2.5734,2.5951,2.6535,2.674,2.6983,2.7407,2.7907,2.8414,2.9108,2.9659,2.9998
40752:1.7394,1.9898,2.229,2.31
41371:1.3986,1.4872,1.5291000000000001,1.6114000000000002,1.6466,1.7315,1.7908000000000002,1.8081,1.8383,1.8669,1.9066,1.9907000000000001,2.0222,2.051,2.0740000000000003,2.0985,2.1435,2.2153,2.2356000000000003,2.2631,2.3139000000000003,2.3770000000000002,2.4082,2.4570000000000003,2.4981,2.521,2.592,2.6265,2.6523000000000003,2.7255000000000003,2.7520000000000002,2.773,2.8378,2.8671,2.9083,2.9654000000000003,2.9931
41485:1.0494,1.2234,1.3145,1.3622,1.3958000000000002,1.4587,1.4714,1.5072,1.5325,1.5491000000000001,1.5614000000000001,1.5893000000000002,1.6093000000000002,1.6469,1.6635,1.675,1.6958,1.733,1.7433,1.7635,1.7718,1.7841,1.8085,1.8209000000000002,1.8347,1.85,1.858,1.8691,1.8882,1.9013,1.9203000000000001,1.9338000000000002,1.9475,1.9677,1.9875,1.996,2.0187,2.0358,2.0485,2.0706,2.0914,2.1021,2.1135,2.1225,2.1366,2.1747,2.1888,2.2187,2.2295000000000003,2.2475,2.2579000000000002,2.2709,2.2827,2.3012,2.3089,2.327,2.3400000000000003,2.3480000000000003,2.3641,2.3892,2.3973,2.4176,2.4288000000000003,2.4490000000000003,2.4591000000000003,2.4716,2.4825,2.4955000000000003,2.5027,2.5135,2.5316,2.5413,2.5569,2.5688,2.5876,2.6076,2.6289000000000002,2.6382000000000003,2.6493,2.6709,2.6804,2.7065,2.7191,2.7447,2.7521,2.7634000000000003,2.7840000000000003,2.7936,2.8039,2.831,2.8531,2.8613,2.8699000000000003,2.8877,2.8967,2.9266,2.9403,2.9544,2.9655,2.995
41678:1.2735,1.3505,1.3709,1.403,1.4324000000000001,1.4654,1.4844000000000002,1.5022,1.5305,1.5608,1.5759,1.5961,1.6259000000000001,1.6466,1.6633,1.6865,1.7081000000000002,1.732,1.7579,1.7821,1.7954,1.8090000000000002,1.8356000000000001,1.8621,1.8819000000000001,1.8975000000000002,1.9084,1.9225,1.9499000000000002,1.9707000000000001,1.9864000000000002,2.0036,2.017,2.0291,2.0416000000000003,2.0591,2.087,2.1052,2.126,2.1477,2.161,2.1886,2.2085,2.2245,2.2389,2.2635,2.2953,2.3127,2.327,2.3458,2.3657,2.3859,2.4012000000000002,2.4170000000000003,2.4396,2.4654000000000003,2.4817,2.499,2.5171,2.5314,2.5571,2.5831,2.5991,2.6127000000000002,2.6254,2.6467,2.6687000000000003,2.6848,2.7168,2.7353,2.7489000000000003,2.7657000000000003,2.7941000000000003,2.8084000000000002,2.8276000000000003,2.8463000000000003,2.8600000000000003,2.8883,2.9041,2.9227000000000003,2.9699,2.9938000000000002
41695:1.6357000000000002,1.7033,1.7617,1.8184,1.9551,2.0497,2.2150000000000003,2.2676000000000003,2.3667000000000002,2.4005,2.438,2.5271,2.5768,2.6104000000000003,2.6667,2.7522,2.7845,2.861,2.9243,2.9727
41881:1.3631,1.4279000000000002,1.5328000000000002,1.6135000000000002,1.6756,1.7575,1.8269000000000002,1.9649,1.9906000000000001,2.0237000000000003,2.0755,2.1242,2.1992000000000003,2.2695000000000003,2.3727,2.4069000000000003,2.4513000000000003,2.5195000000000003,2.5965000000000003,2.6122,2.6806,2.7241,2.8015000000000003,2.9123
42155:2.0681000000000003,2.2483,2.3656,2.5099
42202:1.5573000000000001,1.6154000000000002,1.6697000000000002,1.6983000000000001,1.7563000000000002,1.8158,1.8738000000000001,1.9069,1.9342000000000001,1.9571,2.0101,2.0627,2.0954,2.1358,2.1989,2.2326,2.275,2.2954000000000003,2.346,2.3695,2.3941,2.4276,2.478,2.5065,2.5313000000000003,2.5573,2.5779,2.6005000000000003,2.6406,2.6929000000000003,2.7321,2.7666,2.7871,2.833,2.8674,2.9093,2.9499,2.9754,2.9994
42233:1.8376000000000001
42347:1.1466,1.6358000000000001,1.7023000000000001,1.7428000000000001,1.9123,1.9544000000000001,2.1368,2.1871,2.3187,2.6462000000000003,2.8331,2.9725
42648:1.036,1.2225000000000001,1.2368000000000001,1.3343,1.3562,1.3939000000000001,1.4182000000000001,1.4626000000000001,1.4701,1.5057,1.5123,1.5326000000000002,1.5421,1.5545,1.5630000000000002,1.5856000000000001,1.5934000000000001,1.6071,1.6163,1.653,1.6677000000000002,1.6882000000000001,1.6981000000000002,1.7144000000000001,1.7293,1.7445000000000002,1.7626000000000002,1.7711000000000001,1.7848000000000002,1.7934,1.8011000000000001,1.8132000000000001,1.8252000000000002,1.8386,1.8479,1.8592000000000002,1.8655000000000002,1.8779000000000001,1.8866,1.9011,1.9093,1.9303000000000001,1.9431,1.9506000000000001,1.9593,1.9802000000000002,1.9882000000000002,2.0156,2.0335,2.0491,2.0620000000000003,2.0706,2.0929,2.1049,2.1164,2.1352,2.1592000000000002,2.177,2.1927000000000003,2.2142,2.2272000000000003,2.2428,2.2556000000000003,2.262,2.2728,2.2839,2.2998000000000003,2.3111,2.3335,2.3473,2.3628,2.3716,2.394,2.402,2.4225000000000003,2.4313000000000002,2.4444,2.4578,2.4688000000000003,2.4877000000000002,2.5,2.5053,2.5167,2.5328,2.5415,2.5618000000000003,2.5786000000000002,2.5854,2.6063,2.6324,2.6471,2.6591,2.6741,2.6836,2.7061,2.7146000000000003,2.7333000000000003,2.7498,2.7604,2.7687,2.7863,2.8025,2.8274000000000004,2.8362000000000003,2.8598000000000003,2.8655,2.8894,2.898,2.9224,2.9339,2.9413,2.9485,2.959,2.9696000000000002,2.9909000000000003,2.9981
42925:1.8723,1.9169,2.076,2.1171,2.2361,2.3716,2.411,2.4843,2.5847,2.6612,2.7218,2.8418,2.9795000000000003
42964:1.0638,1.1223,1.242,1.2735,1.3277,1.3568,1.3938000000000001,1.4224,1.4458,1.5021,1.5223,1.5418,1.5601,1.5894000000000001,1.6073000000000002,1.6231,1.6354000000000002,1.6642000000000001,1.6768,1.6920000000000002,1.7154,1.7444000000000002,1.76,1.7856,1.8005,1.8209000000000002,1.8439,1.8715000000000002,1.899,1.9165,1.9357000000000002,1.9564000000000001,1.9775,1.9966000000000002,2.015,2.0315000000000003,2.0482,2.067,2.0877,2.1138,2.1252,2.1553,2.1697,2.1962,2.2107,2.2337000000000002,2.2492,2.2682,2.278,2.2913,2.3186,2.3426,2.3591,2.3703000000000003,2.3887,2.4008000000000003,2.4265000000000003,2.444,2.4736000000000002,2.5032,2.5168,2.5315000000000003,2.5517000000000003,2.5688,2.5832,2.6069,2.6247000000000003,2.6358,2.6509,2.6687000000000003,2.6849000000000003,2.6933000000000002,2.7121,2.7296,2.7556000000000003,2.7656,2.7769,2.7896,2.8097000000000003,2.8264,2.8537000000000003,2.8672,2.8890000000000002,2.9062,2.9257,2.9387000000000003,2.9532000000000003,2.9729,2.9831000000000003,2.9988
43049:1.4359000000000002,1.4738,1.5411000000000001,1.5758,1.6163,1.7207000000000001,1.7687000000000002,1.7976,1.8232000000000002,1.8836000000000002,1.9147,1.9620000000000002,2.0502000000000002,2.1299,2.1907,2.2399,2.2909,2.331,2.3850000000000002,2.427,2.4897,2.5212000000000003,2.5658000000000003,2.616,2.6594,2.6888,2.7314000000000003,2.778,2.8385000000000002,2.8859000000000004,2.9307000000000003,2.9876
43202:1.2670000000000001,1.2787000000000002,1.2988
43207:1.5304,1.6195000000000002,1.6611,1.7086000000000001,1.7518,1.7889000000000002,1.8253000000000001,1.8629,1.9097000000000002,1.9685000000000001,2.0252,2.0641000000000003,2.1028000000000002,2.148,2.2263,2.286,2.3717,2.4294000000000002,2.4732000000000003,2.517,2.5698000000000003,2.6065,2.6487000000000003,2.6731000000000003,2.7086,2.7710000000000004,2.8367,2.8927,2.9665000000000004
43619:1.3009000000000002,1.3432000000000002,1.4072,1.4532,1.4847000000000001,1.5186000000000002,1.5815000000000001,1.6112000000000002,1.6356000000000002,1.6739000000000002,1.7068,1.7405000000000002,1.7732,1.8174000000000001,1.8336000000000001,1.8625,1.8829,1.9028,1.9326,1.9525000000000001,1.9869,2.0078,2.0294000000000003,2.0562,2.0811,2.1041000000000003,2.1253,2.1451000000000002,2.1619,2.1759,2.201,2.2389,2.2583,2.2866,2.3186,2.3358000000000003,2.362,2.3815,2.4008000000000003,2.4202,2.4469000000000003,2.4662,2.4962,2.5167,2.5351,2.5537,2.576,2.6009,2.6202,2.6451000000000002,2.6626000000000003,2.6815,2.6985,2.7259,2.7665,2.7849,2.8083,2.8277,2.8615,2.8986,2.9181000000000004,2.9469000000000003,2.9614000000000003,2.9936000000000003
43848:1.9116000000000002,2.0780000000000003,2.7724
43978:1.0404,1.0698,1.1196000000000002,1.1466,1.1756,1.2084000000000001,1.2338,1.2603,1.2892000000000001,1.3059,1.3252000000000002,1.3478,1.3643,1.3865,1.4064,1.4303000000000001,1.4477,1.4598,1.4687000000000001,1.4867000000000001,1.5041,1.5201,1.5326000000000002,1.5503,1.5671000000000002,1.5833000000000002,1.5972000000000002,1.6143,1.6277000000000001,1.6425,1.6544,1.6665,1.6772,1.6882000000000001,1.7005000000000001,1.7095,1.7218,1.7322000000000002,1.7426000000000001,1.7551,1.7664000000000002,1.7783,1.7856,1.7966000000000002,1.8071000000000002,1.8181,1.8281,1.8369,1.8467,1.8627,1.8726,1.8821,1.8918000000000001,1.9041000000000001,1.9152,1.9233,1.9345,1.9479000000000002,1.9599000000000002,1.9753,1.9873,2.0029,2.0127,2.0233,2.0374,2.0506,2.0605,2.0752,2.0846,2.0938,2.1054,2.1169000000000002,2.1275,2.1431,2.1518,2.1630000000000003,2.1765000000000003,2.1863,2.1987,2.2096,2.2229,2.2365,2.2435,2.2581,2.2706,2.2840000000000003,2.2939000000000003,2.3082000000000003,2.3203,2.3332,2.3428,2.3562000000000003,2.3680000000000003,2.3819,2.3942,2.4054,2.415,2.4273000000000002,2.4351000000000003,2.4452000000000003,2.4592,2.4686,2.4827,2.4978000000000002,2.5088,2.5188,2.5347,2.5433000000000003,2.5555000000000003,2.5697,2.5801000000000003,2.5904000000000003,2.6011,2.6138000000000003,2.6244,2.6408,2.6502000000000003,2.6609000000000003,2.6694,2.681,2.6892,2.7018,2.7193,2.7336,2.7458,2.7576,2.7701000000000002,2.7839,2.7925,2.7988,2.8098,2.8238000000000003,2.8357,2.8506,2.8641,2.8754,2.8895,2.9004000000000003,2.9105000000000003,2.9247,2.9368000000000003,2.9475000000000002,2.9613,2.9751000000000003,2.9899
44018:1.3124,1.4325,1.5443,1.5733000000000001,1.6474,1.6622000000000001,1.729,1.7596,1.8071000000000002,1.8348,1.8532000000000002,1.8932,1.9137000000000002,1.9608,1.9805000000000001,2.0082,2.0402,2.0772,2.089,2.1205000000000003,2.1524,2.188,2.2104,2.2509,2.2976,2.3200000000000003,2.3528000000000002,2.38,2.4082,2.4271000000000003,2.4453,2.4829000000000003,2.5204,2.5453,2.5629,2.6215,2.65,2.6790000000000003,2.708,2.7564,2.7814,2.8118000000000003,2.8421000000000003,2.8614,2.8971,2.9338,2.9877000000000002
44087:1.5332000000000001,1.5897000000000001,1.6292,1.6733,1.713,1.7550000000000001,1.7977,1.8354000000000001,1.8789,1.9101000000000001,1.9466,1.9891,2.0267,2.0601000000000003,2.0942000000000003,2.1341,2.1643,2.2108000000000003,2.2506,2.2948,2.3397,2.3827000000000003,2.4177,2.4575,2.508,2.5464,2.5814,2.6145,2.6532,2.6883,2.7299,2.7691000000000003,2.8083,2.8499000000000003,2.9005,2.9457,2.9794
44744:1.2746,1.4263000000000001,1.477,1.6204,1.6567,1.6979000000000002,1.7399,1.7633,1.8337,1.8852,1.9433,1.991,2.0185,2.0581,2.085,2.1481,2.2270000000000003,2.3107,2.3463000000000003,2.3775,2.3973,2.4713000000000003,2.5044,2.5744000000000002,2.6226000000000003,2.6715,2.7126,2.7343,2.7600000000000002,2.8473,2.9044000000000003
44892:1.2644
45064:1.2763,1.4325,1.7398,1.9896,2.2266,2.3088,2.8996
45143:1.3357,1.4036,1.4177,1.4583000000000002,1.4729,1.5265,1.5773000000000001,1.6002,1.6265,1.6392,1.6758000000000002,1.7021000000000002,1.7303000000000002,1.7383000000000002,1.7555,1.7703,1.792,1.8153000000000001,1.8268,1.8437000000000001,1.8563,1.8751,1.9008,1.9086,1.9259000000000002,1.9362000000000001,1.9586000000000001,1.9718,1.9968000000000001,2.0219,2.0501,2.0648,2.0784000000000002,2.0938,2.1082,2.1225,2.1398,2.1529000000000003,2.1779,2.2076000000000002,2.2279,2.2435,2.2574,2.2825,2.2993,2.3136,2.3372,2.35,2.3645,2.3814,2.3972,2.4175,2.4318,2.4557,2.4781,2.4883,2.5113000000000003,2.5416000000000003,2.5598,2.5703,2.5861,2.6017,2.6185,2.6306000000000003,2.6437,2.6593,2.672,2.7021,2.7149,2.7236000000000002,2.7405,2.7687,2.7859000000000003,2.803,2.8317,2.8536,2.8817,2.8938,2.9109000000000003,2.9476,2.9608000000000003,2.9776000000000002,2.9982
45196:0.808,0.8737,0.875,0.8805000000000001,0.8981,1.0943,1.101,1.1099,1.1461000000000001,1.1699000000000002,1.219,1.2678,1.2823,1.2945,1.3008,1.3025,1.3069000000000002,1.3126,1.3154000000000001,1.3186,1.3502,1.3593000000000002,1.3606,1.3899000000000001,1.4000000000000001,1.4028,1.4065,1.4171,1.4208,1.4311,1.4395,1.4428,1.4526000000000001,1.4533,1.4575,1.5204,1.5213,1.5305,1.5336,1.5538,1.5547,1.5550000000000002,1.5612000000000001,1.5722,1.5757,1.5789,1.5879,1.5886,1.5903,1.5906,1.5987,1.6173000000000002,1.6191,1.6203,1.6393,1.6408,1.6702000000000001,1.7040000000000002,1.7049,1.7120000000000002,1.7133,1.7197,1.7204000000000002,1.7295,1.7317,1.7336,1.7369,1.754,1.7542,1.7582,1.7646000000000002,1.7934,1.8226,1.8252000000000002,1.8553000000000002,1.8589,1.8593000000000002,1.8766,1.8793000000000002,1.8845,1.8852,1.8976000000000002,1.8996000000000002,1.9011,1.9013,1.9242000000000001,1.9244,1.9266,1.9325,1.9402000000000001,1.9407,1.9458000000000002,1.9644000000000001,1.9707000000000001,1.9709,1.9739,1.9933,2.0015,2.0364,2.0419,2.0503,2.051,2.0515,2.0517000000000003,2.0556,2.059,2.0829,2.1058,2.1076,2.1086,2.1185,2.1206,2.1232,2.13,2.1336,2.1356,2.1402,2.1412,2.1431,2.1435,2.1551,2.1654,2.1712000000000002,2.2001,2.21,2.2173000000000003,2.2231,2.2309,2.2409,2.2481,2.2543,2.258,2.2595,2.2654,2.2814,2.3002000000000002,2.3009,2.3143000000000002,2.3164000000000002,2.3324000000000003,2.3386,2.3485,2.3576,2.3696,2.3831,2.3851,2.3863000000000003,2.3867000000000003,2.3874,2.3894,2.3902,2.3905000000000003,2.3961,2.3968000000000003,2.4012000000000002,2.4018,2.4141,2.4204000000000003,2.4206000000000003,2.4274,2.4412000000000003,2.4443,2.4466,2.455,2.4561,2.4621,2.4644,2.4809,2.4918,2.4926,2.4965,2.5077000000000003,2.5094000000000003,2.5276,2.5301,2.533,2.5341,2.5418000000000003,2.5420000000000003,2.5443000000000002,2.5658000000000003,2.5843000000000003,2.5882,2.5905,2.5915,2.6388000000000003,2.6418,2.6473,2.6554,2.6672000000000002,2.6702,2.6716,2.6752000000000002,2.6859,2.6863,2.6973000000000003,2.7092,2.7154000000000003,2.717,2.7211000000000003,2.7219,2.7248,2.7255000000000003,2.7277,2.7354000000000003,2.7388000000000003,2.7392000000000003,2.7431,2.7475,2.7495000000000003,2.7598000000000003,2.7604,2.761,2.7744,2.7809,2.7822,2.7912000000000003,2.7927,2.7944,2.7982,2.8031,2.8042000000000002,2.8321,2.8339000000000003,2.8355,2.845,2.8551,2.8564000000000003,2.8568000000000002,2.8572,2.8627000000000002,2.8717,2.879,2.887,2.8949000000000003,2.8987000000000003,2.899,2.9075,2.91,2.9137,2.9242000000000004,2.9324000000000003,2.9404000000000003,2.9427000000000003,2.9449,2.9566000000000003,2.9690000000000003,2.9881,2.9919000000000002
45653:1.7388000000000001,1.8030000000000002,1.8552000000000002,1.9095000000000002,2.1322,2.2602,2.5342000000000002,2.9533
45777:1.8357,1.9115000000000002,2.095,2.1705,2.4362,2.5902000000000003
45970:1.5776000000000001,1.6173000000000002,2.1193,2.5227,2.8382
46038:0.9454,1.0238,1.0569,1.1334,1.1546,1.1701000000000001,1.1973,1.2353,1.2582,1.2703,1.2916,1.3123,1.3443,1.3535000000000001,1.383,1.3956000000000002,1.4125,1.4425000000000001,1.4546000000000001,1.4657,1.4837,1.4992,1.5181,1.5279,1.5477,1.5614000000000001,1.5729,1.586,1.5987,1.6082,1.6307,1.6433,1.6597000000000002,1.6720000000000002,1.6893,1.7001000000000002,1.7159,1.7318,1.741,1.7504000000000002,1.7595,1.7688000000000001,1.7801,1.7895,1.8049000000000002,1.8135000000000001,1.8275000000000001,1.8371000000000002,1.8523,1.8622,1.8756000000000002,1.8846,1.8945,1.9097000000000002,1.9224,1.9319000000000002,1.9425000000000001,1.9571,1.9705000000000001,1.9806000000000001,1.995,2.0054000000000003,2.0149,2.0300000000000002,2.0426,2.0586,2.0688,2.079,2.0915,2.1083000000000003,2.1165000000000003,2.1252,2.1409000000000002,2.1508000000000003,2.1637,2.1717,2.1866000000000003,2.1974,2.209,2.2176,2.2261,2.2341,2.2419000000000002,2.2513,2.2602,2.2703,2.2848,2.3039,2.3154,2.3271,2.3383000000000003,2.3478000000000003,2.3615,2.3705000000000003,2.3791,2.3887,2.3983000000000003,2.407,2.4252000000000002,2.4372000000000003,2.4612000000000003,2.4721,2.4824,2.4974000000000003,2.5066,2.5155000000000003,2.5292000000000003,2.5377,2.5531,2.5611,2.5688,2.5771,2.5860000000000003,2.5944000000000003,2.6024000000000003,2.6133,2.6221,2.6300000000000003,2.6387,2.6479,2.6619,2.6699,2.6794000000000002,2.6877,2.6963,2.7042,2.7142,2.7236000000000002,2.7418,2.7501,2.761,2.7695000000000003,2.7793,2.7965,2.8072,2.8216,2.8359,2.8461000000000003,2.8616,2.8691,2.8842000000000003,2.9000000000000004,2.91,2.9196,2.9279,2.9476,2.9611,2.9694000000000003,2.9831000000000003,2.9903
46071:1.5955000000000001
46248:1.0995000000000001
47110:1.6652,1.7423000000000002,1.8157,1.8633000000000002,1.9109,2.047,2.1472,2.2190000000000003,2.2758000000000003,2.4816000000000003,2.5439000000000003,2.5831,2.6701,2.7581,2.9225000000000003
47118:1.5969
47287:1.4489,1.5009000000000001,1.5871000000000002,1.697,1.7254,1.794,1.8496000000000001,1.8674000000000002,1.9027,1.9281000000000001,1.9912,2.0364,2.0616,2.0878,2.1262000000000003,2.2174,2.2313,2.3258,2.3495,2.3627000000000002,2.399,2.4386,2.484,2.5263,2.549,2.5780000000000003,2.6433,2.6732,2.7223,2.7579000000000002,2.8078000000000003,2.8743000000000003,2.9058,2.9886
47604:1.5811000000000002,1.6208,2.1228000000000002,2.5263,2.8419000000000003
47652:1.0732000000000002,1.1099,1.1593,1.205,1.2452,1.2808000000000002,1.3197,1.3567,1.3974,1.4224,1.4534,1.4733,1.5232,1.5671000000000002,1.6147,1.6529,1.6773,1.6982000000000002,1.7486000000000002,1.7947000000000002,1.8327,1.8827,1.9040000000000001,1.9439000000000002,1.9615,1.9908000000000001,2.0066,2.0177,2.0484,2.0814,2.1369000000000002,2.1564,2.1802,2.1985,2.2291000000000003,2.2756000000000003,2.2983000000000002,2.3249,2.3661000000000003,2.3998,2.4492000000000003,2.4864,2.5224,2.5662000000000003,2.6109,2.6336,2.6464000000000003,2.6789,2.7207000000000003,2.7323,2.762,2.8237,2.8603,2.8888000000000003,2.9296,2.9491,2.9893
48094:1.3696000000000002,1.5724,1.606,1.6632,1.7032,1.7662,1.7927000000000002,1.8268,1.8546,1.8873000000000002,1.9105,1.9502000000000002,1.9797,1.9993,2.073,2.0851,2.1234,2.1588000000000003,2.2131000000000003,2.2549,2.3355,2.3680000000000003,2.4077,2.4621,2.5247,2.5421,2.5679000000000003,2.6059,2.6237,2.6668000000000003,2.6896,2.7119,2.7562,2.8423000000000003,2.8795,2.9082000000000003,2.9486000000000003,2.9612000000000003,2.9933
48605:1.6575,1.7092,1.909,1.9508,2.0854,2.1719,2.3597,2.4825,2.5337,2.5779,2.6312,2.7145,2.7674000000000003,2.9385000000000003
48723:1.0029000000000001,1.0078,1.052,1.0801,1.1188,1.1214,1.1305,1.1357000000000002,1.1486,1.1507,1.1914,1.194,1.2035,1.2508000000000001,1.252,1.2545000000000002,1.258,1.2585,1.2692,1.2754,1.2758,1.2867,1.2870000000000001,1.2910000000000001,1.3051000000000001,1.3108,1.3366,1.3378,1.3439,1.3458,1.3489,1.3493000000000002,1.35,1.3512,1.3820000000000001,1.3883,1.3960000000000001,1.4055,1.4171,1.4237,1.4249,1.4281000000000001,1.4348,1.4473,1.4573,1.4715,1.4826000000000001,1.51,1.5143,1.5250000000000001,1.5324,1.542,1.5507,1.5545,1.5604,1.5762,1.5806,1.6052000000000002,1.6079,1.6096000000000001,1.6125,1.6157000000000001,1.6302,1.6345,1.645,1.6572,1.6677000000000002,1.6680000000000001,1.691,1.6987,1.703,1.7102000000000002,1.7149,1.7216,1.7298,1.7356,1.7388000000000001,1.7409000000000001,1.7648000000000001,1.7807000000000002,1.792,1.8003,1.8228000000000002,1.8230000000000002,1.824,1.8310000000000002,1.844,1.8453000000000002,1.8522,1.8566,1.8584,1.86,1.8657000000000001,1.8671,1.8702,1.872,1.8745,1.8766,1.8796000000000002,1.8804,1.8826,1.8887,1.8904,1.9037000000000002,1.9103,1.9236000000000002,1.9306,1.9347,1.9372,1.9462000000000002,1.9558,1.9589,1.9636,1.9644000000000001,1.9803000000000002,1.9835,1.9888000000000001,1.9912,2.004,2.0096000000000003,2.0109,2.0129,2.0209,2.0249,2.0421,2.0478,2.0485,2.0512,2.0772,2.0796,2.0888,2.0973,2.0999000000000003,2.1060000000000003,2.1075,2.1095,2.1202,2.1268000000000002,2.1433,2.1469,2.1521,2.1596,2.164,2.1656,2.1766,2.1795,2.1881,2.1914000000000002,2.1932,2.2058,2.2191,2.2314000000000003,2.2367,2.2423,2.2511,2.2551,2.2671,2.2739000000000003,2.2877,2.2895000000000003,2.3074,2.3392,2.3425000000000002,2.3506,2.3517,2.3588,2.365,2.3659,2.3696,2.3703000000000003,2.3719,2.3732,2.3764000000000003,2.3770000000000002,2.3776,2.3778,2.384,2.395,2.3963,2.4355,2.4377,2.4407,2.4439,2.4467000000000003,2.4530000000000003,2.4536000000000002,2.4618,2.4702,2.4807,2.4817,2.4909000000000003,2.5164,2.5308,2.5432,2.5492,2.5804,2.5811,2.5873,2.595,2.5959000000000003,2.601,2.6105,2.6131,2.6162,2.6195,2.6203000000000003,2.6226000000000003,2.6262000000000003,2.6267,2.6373,2.6412,2.6476,2.6511,2.6574,2.6656,2.6886,2.6896,2.6908000000000003,2.6969000000000003,2.7078,2.71,2.7241,2.7274000000000003,2.7368,2.7408,2.7432000000000003,2.7444,2.7529000000000003,2.7602,2.7607,2.7614,2.7825,2.7852,2.7958000000000003,2.8028,2.8192,2.8294,2.8314,2.8478000000000003,2.8547000000000002,2.8554,2.8731,2.8835,2.9015,2.9205,2.9247,2.9250000000000003,2.9345000000000003,2.9449,2.9452000000000003,2.9505000000000003,2.9553000000000003,2.9598,2.9624,2.9707000000000003,2.9721,2.9844
48744:1.9202000000000001,2.4164000000000003,2.6931000000000003
48805:1.6668,1.7335,1.8132000000000001,1.8763,1.9122000000000001,2.0024,2.0416000000000003,2.1739,2.2418,2.3874,2.482,2.5455,2.584,2.6558,2.7381,2.7791,2.8627000000000002,2.9283
48808:2.0781,2.623
48838:0.9420000000000001,0.9784,1.0150000000000001,1.0327,1.0527,1.0665,1.078,1.1116000000000001,1.1293,1.1442,1.1556,1.1676,1.1799,1.1959,1.2032,1.2146000000000001,1.2381,1.2581,1.2670000000000001,1.2785,1.2875,1.2959,1.3098,1.3256000000000001,1.3404,1.3512,1.3573000000000002,1.368,1.3851,1.3939000000000001,1.405,1.4145,1.4257,1.4383000000000001,1.445,1.4535,1.4604000000000001,1.4686000000000001,1.4796,1.4902,1.4988000000000001,1.5076,1.5150000000000001,1.5219,1.5325,1.5481,1.5579,1.5646,1.5747,1.5849,1.5938,1.6048,1.6136000000000001,1.6239000000000001,1.6329,1.6429,1.6532,1.6620000000000001,1.6701000000000001,1.6745,1.6880000000000002,1.6953,1.7049,1.7120000000000002,1.7179,1.728,1.7381,1.7493,1.7574,1.7646000000000002,1.7731000000000001,1.7806000000000002,1.7884,1.7949000000000002,1.8016,1.8086,1.8162,1.8222,1.8310000000000002,1.8401,1.8509,1.8586,1.8663,1.8744,1.8814000000000002,1.8892,1.8948,1.9023,1.9100000000000001,1.9184,1.9265,1.9349,1.943,1.9491,1.9571,1.9676,1.9788000000000001,1.9878,1.9945000000000002,2.0014000000000003,2.0078,2.0148,2.0247,2.0313,2.0417,2.0497,2.059,2.0676,2.0755,2.0821,2.0882,2.099,2.107,2.1145,2.1252,2.1343,2.1434,2.1511,2.1578,2.1666000000000003,2.1766,2.1847000000000003,2.1909,2.1988000000000003,2.2081,2.2151,2.2228,2.2306,2.2406,2.25,2.2583,2.2669,2.275,2.2855000000000003,2.2939000000000003,2.3024,2.3103000000000002,2.3204000000000002,2.3277,2.335,2.3452,2.3539000000000003,2.3596,2.3672,2.3781000000000003,2.3844000000000003,2.3937,2.4003,2.4062,2.4126000000000003,2.4193000000000002,2.4258,2.4373,2.4459,2.4548,2.4628,2.4716,2.4775,2.4838,2.4922,2.5022,2.513,2.5253,2.5332000000000003,2.5414000000000003,2.5507,2.5597000000000003,2.5661,2.5733,2.5812,2.5929,2.5999000000000003,2.6072,2.6154,2.623,2.6313,2.6384000000000003,2.6458,2.653,2.6614,2.6696,2.6768,2.6859,2.6937,2.6989,2.7086,2.7152000000000003,2.7262,2.7317,2.74,2.7479,2.7567,2.7687,2.775,2.783,2.7896,2.7987,2.8085,2.821,2.8301000000000003,2.8375000000000004,2.8440000000000003,2.8531,2.8587000000000002,2.8646000000000003,2.874,2.8788,2.8868,2.8981000000000003,2.9078,2.9168000000000003,2.9257,2.9388,2.9507000000000003,2.9586,2.9666,2.9734000000000003,2.9804,2.9875000000000003,2.9946
48970:1.0433000000000001,1.1821000000000002,1.4284000000000001,1.4519,1.6488,1.6914,1.7196,1.7379,1.8088000000000002,1.8125,1.8858000000000001,1.8916000000000002,1.9526000000000001,1.9624000000000001,1.9781000000000002,1.9842000000000002,2.0955,2.1034,2.1409000000000002,2.1731000000000003,2.2314000000000003,2.3016,2.3081,2.3962000000000003,2.4262,2.4752,2.4988,2.5483000000000002,2.6129000000000002,2.6589,2.6898,2.7332,2.7487,2.8121,2.8435,2.8738,2.8956,2.9330000000000003,2.9994
49048:1.5056,1.5675000000000001,1.6754,1.7449000000000001,1.9018000000000002,1.9440000000000002,1.9954,2.0163,2.0805000000000002,2.1523000000000003,2.2348,2.2735000000000003,2.3669000000000002,2.3992,2.484,2.5178000000000003,2.5918,2.6284,2.678,2.7162,2.7607
49406:1.5877000000000001,2.1313,2.5327,2.8496
49442:1.5125000000000002,1.5615,1.605,1.6441000000000001,1.7438,1.7871000000000001,1.8075,1.8412000000000002,1.87,1.9114,1.9718,2.0731,2.116,2.1932,2.2332,2.2698,2.3676,2.3935,2.4409,2.4930000000000003,2.5213,2.5947,2.6497,2.6852,2.7267,2.7652,2.8356000000000003,2.8658,2.9055,2.9485,2.9896000000000003
49698:0.9001,1.004,1.0052,1.0806,1.1293,1.1373,1.1796,1.2588000000000001,1.2691000000000001,1.2818,1.2993000000000001,1.3033000000000001,1.3142,1.3199,1.3208,1.3262,1.3291000000000002,1.3345,1.3397000000000001,1.3613,1.4103,1.4424000000000001,1.4572,1.4945000000000002,1.4959,1.5013,1.5096,1.5118,1.5235,1.5283,1.5408000000000002,1.548,1.5489000000000002,1.5787,1.5972000000000002,1.6296000000000002,1.6313,1.6319000000000001,1.6533,1.6553,1.6635,1.6639000000000002,1.6662000000000001,1.6829,1.7115,1.7181000000000002,1.7436,1.7468000000000001,1.7501,1.7566000000000002,1.7787000000000002,1.7793,1.7827000000000002,1.7837,1.8007000000000002,1.8025,1.8234000000000001,1.8302,1.8310000000000002,1.8313000000000001,1.8337,1.8403,1.8430000000000002,1.8512000000000002,1.8563,1.8571000000000002,1.8702,1.8722,1.8761,1.8832,1.8861,1.8986,1.8994000000000002,1.9006,1.9022000000000001,1.9079000000000002,1.9094,1.9295,1.9299000000000002,1.9642000000000002,1.9677,1.9785000000000001,1.9841000000000002,1.9904000000000002,1.9927000000000001,2.0059,2.0066,2.0127,2.0195000000000003,2.0252,2.0258000000000003,2.0273,2.0352,2.0363,2.053,2.0663,2.0686,2.0738000000000003,2.0762,2.0852,2.0883000000000003,2.0929,2.0939,2.1032,2.1086,2.1219,2.1374,2.1414,2.1457,2.15,2.1512000000000002,2.1524,2.162,2.1631,2.1668000000000003,2.174,2.1748000000000003,2.1758,2.1968,2.1990000000000003,2.2009000000000003,2.225,2.2270000000000003,2.2306,2.233,2.2382,2.2419000000000002,2.2422,2.2554000000000003,2.2800000000000002,2.285,2.2884,2.3134,2.3233,2.3257000000000003,2.3365,2.3487,2.3509,2.3512,2.3587000000000002,2.3694,2.3697,2.3751,2.3766000000000003,2.3774,2.4273000000000002,2.4372000000000003,2.4409,2.4616000000000002,2.4631000000000003,2.4707000000000003,2.4719,2.4755000000000003,2.4768000000000003,2.4893,2.4926,2.5023,2.5036,2.5121,2.5197000000000003,2.5316,2.532,2.5449,2.5459,2.5494000000000003,2.5580000000000003,2.5657,2.5706,2.5809,2.593,2.5958,2.5985,2.6119000000000003,2.6138000000000003,2.6156,2.6176,2.6266000000000003,2.6301,2.6349,2.6354,2.6389,2.6398,2.6446,2.6454,2.6472,2.6479,2.6638,2.6676,2.668,2.6726,2.6819,2.6994000000000002,2.7057,2.7127000000000003,2.728,2.7603,2.7657000000000003,2.7816,2.7963,2.7977000000000003,2.8011,2.8022,2.8043,2.8148,2.8197,2.8265000000000002,2.8267,2.8305000000000002,2.8394,2.8506,2.8526000000000002,2.8561,2.8879,2.8962000000000003,2.9013,2.9122000000000003,2.9203,2.9238,2.9276,2.9291,2.9308,2.9353000000000002,2.9375,2.9461,2.9485,2.9607,2.9628,2.9658,2.9913000000000003,2.9917000000000002,2.9934000000000003
49798:1.0838
50303:1.0405,1.1776,1.2256,1.3479,1.3964,1.4285,1.4849,1.5979,1.6439000000000001,1.6854,1.7188,1.7391,1.7855,1.81,1.8676000000000001,1.8929,1.9289,1.9611,1.9846000000000001,2.0676,2.1022000000000003,2.1339,2.1593,2.2184,2.2589,2.2996000000000003,2.3481,2.3964000000000003,2.426,2.4545,2.5012000000000003,2.5449,2.5940000000000003,2.6537,2.6885000000000003,2.7446,2.7867,2.8386,2.8894,2.9302,2.9679,2.9981
50424:1.1488,1.2377,1.5037,1.5375,1.653,1.6759000000000002,1.7055,1.7784,1.8019,1.8376000000000001,1.8474000000000002,1.8687,1.8777000000000001,1.9147,1.9202000000000001,2.0156,2.0321000000000002,2.0568,2.1101,2.1607000000000003,2.1950000000000003,2.2332,2.2422,2.289,2.3271,2.3587000000000002,2.3757,2.4065000000000003,2.4149000000000003,2.4308,2.4624,2.4713000000000003,2.4779,2.5151000000000003,2.5593,2.5914,2.6532,2.7194000000000003,2.7724,2.8074000000000003,2.8223000000000003,2.841,2.8525,2.8968000000000003,2.9410000000000003,2.947,2.976,2.9864
50472:1.6056000000000001,1.7314,1.7847000000000002,1.8352000000000002,1.8718000000000001,1.9142000000000001,1.9869,2.0668,2.1134,2.1646,2.2313,2.2701000000000002,2.3072,2.3675,2.4039,2.4595000000000002,2.4993000000000003,2.5857,2.6802,2.7298,2.7655000000000003,2.8400000000000003,2.8711,2.9248000000000003,2.972
50752:1.9101000000000001,2.5231000000000003,2.7304
51088:1.4821,1.5713000000000001,1.5956000000000001,1.6576000000000002,1.7141000000000002,1.7646000000000002,1.8481,2.0054000000000003,2.0612,2.1144000000000003,2.1453,2.2919,2.5362,2.8635
51263:1.276,1.3978000000000002,1.4352,1.4738,1.5267000000000002,1.5689000000000002,1.5994000000000002,1.6394,1.6799000000000002,1.7065000000000001,1.7545000000000002,1.7815,1.8232000000000002,1.8343,1.8651,1.8906,1.9272,1.9627000000000001,1.9967000000000001,2.0398,2.0621,2.0879000000000003,2.1186000000000003,2.1475,2.1779,2.2112000000000003,2.2398000000000002,2.2785,2.3267,2.3438000000000003,2.3845,2.4445,2.4785,2.5038,2.5216000000000003,2.5665,2.5815,2.6156,2.6462000000000003,2.6707,2.6927000000000003,2.7176,2.7435,2.7653000000000003,2.8271,2.8636,2.8935,2.9299,2.9762,2.9996
51523:1.6019,1.6542000000000001,1.7353,1.7942,1.8764,1.9093,1.9584000000000001,1.9993,2.0682,2.1193,2.1815,2.257,2.2888,2.3715,2.403,2.4506,2.498,2.5532,2.5845000000000002,2.6227,2.6724,2.7214,2.7703,2.8095000000000003,2.8683,2.9315,2.9809
51555:1.1024,1.5365,1.6546,1.7317,1.7971000000000001,1.8712000000000002,2.0812,2.1625,2.281,2.3721,2.4835000000000003,2.5745,2.6298,2.7347,2.9192,2.9421
51562:0.9884000000000001,1.0342,1.0598,1.1071,1.1352,1.1620000000000001,1.189,1.2152,1.2408000000000001,1.2547000000000001,1.2689000000000001,1.2874,1.3097,1.3295000000000001,1.3485,1.3618000000000001,1.379,1.3932,1.4092,1.4191,1.4346,1.4537,1.4685000000000001,1.4827000000000001,1.4986000000000002,1.5090000000000001,1.5244,1.5451000000000001,1.5561,1.5723,1.5825,1.5927,1.6027,1.6127,1.6294000000000002,1.6444,1.6605,1.6749,1.6891,1.6989,1.7128,1.7208,1.7322000000000002,1.7457,1.7565000000000002,1.7709000000000001,1.7836,1.7941,1.8052000000000001,1.8155000000000001,1.8307,1.8415000000000001,1.8542,1.8644,1.8745,1.8883,1.9000000000000001,1.9086,1.9178000000000002,1.9304000000000001,1.9447,1.9576,1.9726000000000001,1.9841000000000002,1.9924000000000002,2.0074,2.0218000000000003,2.0329,2.0456000000000003,2.053,2.0635,2.072,2.0871,2.1020000000000003,2.1094,2.1251,2.1375,2.1472,2.1599,2.1764,2.1891000000000003,2.2086,2.2205,2.2318000000000002,2.2424,2.2531000000000003,2.2639,2.2737000000000003,2.2836000000000003,2.3015000000000003,2.3143000000000002,2.3284000000000002,2.3386,2.3474,2.3584,2.3735,2.3825000000000003,2.396,2.404,2.4184,2.4281,2.4392,2.4490000000000003,2.4582,2.4697,2.4787,2.4888,2.5019,2.5155000000000003,2.5316,2.5427,2.5601000000000003,2.5718,2.5841000000000003,2.6004,2.6093,2.6198,2.6294,2.6388000000000003,2.6506000000000003,2.6633,2.6761,2.6907,2.7026000000000003,2.7116000000000002,2.7183,2.7321,2.7417000000000002,2.7512000000000003,2.7612,2.773,2.7898,2.7999,2.8114000000000003,2.8261000000000003,2.8358000000000003,2.8437,2.8552,2.8666,2.8804000000000003,2.8890000000000002,2.9039,2.9242000000000004,2.9383000000000004,2.9526000000000003,2.9669000000000003,2.9749000000000003,2.9942
52072:1.6188,1.8816000000000002,2.0867,2.2159,2.4195,2.5439000000000003,2.6159000000000003,2.7181,2.8794,2.9982
52198:1.3342
52518:2.388,2.7394000000000003,2.9932000000000003
52605:1.5792000000000002,1.6222,1.7123000000000002,1.7806000000000002,1.8741,2.0075000000000003,2.1004,2.24,2.4814000000000003,2.6926
52663:1.8639000000000001,1.9319000000000002,2.3567,2.5352
52759:1.8873000000000002,2.1275,2.9876
53346:0.9598000000000001,0.9953000000000001,1.0342,1.0602,1.0849,1.1105,1.1327,1.1467,1.1656,1.193,1.2071,1.2237,1.2435,1.2681,1.2831000000000001,1.304,1.3153000000000001,1.3354000000000001,1.3496000000000001,1.3652,1.3876000000000002,1.4012,1.4146,1.4268,1.4361000000000002,1.4519,1.4654,1.4777,1.4929000000000001,1.5070000000000001,1.5182,1.53,1.5450000000000002,1.5563,1.5652000000000001,1.5754000000000001,1.5859,1.5954000000000002,1.6078000000000001,1.618,1.6377000000000002,1.6491,1.6568,1.6652,1.6772,1.6919000000000002,1.7008,1.7111,1.7261000000000002,1.7352,1.7472,1.7574,1.7670000000000001,1.7807000000000002,1.7925,1.7997,1.8094000000000001,1.8246,1.8338,1.8442,1.8519,1.8609,1.8705,1.8789,1.8891,1.9003,1.9106,1.9187,1.9296,1.9407,1.9514,1.9605000000000001,1.9692,1.9793,1.9888000000000001,2.0029,2.0141,2.0262000000000002,2.0392,2.0500000000000003,2.0631,2.073,2.0836,2.0937,2.1034,2.1132,2.1228000000000002,2.1349,2.1485000000000003,2.1568,2.1659,2.1741,2.184,2.1935000000000002,2.2043,2.2149,2.2230000000000003,2.2310000000000003,2.2402,2.2519,2.2642,2.2782,2.2866,2.2981000000000003,2.3084000000000002,2.3191,2.3291,2.3373,2.3513,2.3608000000000002,2.3706,2.3803,2.3889,2.3985000000000003,2.4067000000000003,2.4170000000000003,2.4291,2.438,2.4493,2.4599,2.4708,2.4806,2.4911000000000003,2.4989,2.5096000000000003,2.5215,2.5313000000000003,2.5405,2.5531,2.563,2.5769,2.5874,2.5971,2.6084,2.6183,2.6259,2.6372,2.6463,2.6591,2.6718,2.6814,2.6932,2.7031,2.7118,2.7227,2.7328,2.7457000000000003,2.7549,2.7627,2.7721,2.7817000000000003,2.7927,2.8033,2.8162000000000003,2.8266,2.8359,2.8458,2.8558000000000003,2.866,2.8783000000000003,2.8887,2.8995,2.91,2.9198,2.9289,2.9362,2.9481,2.9566000000000003,2.9682,2.9814000000000003,2.9894000000000003,2.9975
53582:1.2429000000000001,1.337,1.425,1.4721,1.5132,1.6159000000000001,1.6528,1.6779000000000002,1.7035,1.7664000000000002,1.7966000000000002,1.8216,1.8449,1.9171,1.984,2.0306,2.0746,2.1127000000000002,2.1905,2.2838000000000003,2.3274,2.3744,2.4127,2.4394,2.5192,2.5745,2.6082,2.6558,2.7219,2.8076000000000003,2.837,2.8907000000000003
53590:1.3393000000000002,1.7265000000000001,2.1148000000000002,2.2422,2.4563,2.5264,2.5695
53928:1.7953000000000001,1.8706,2.0711,2.6526,2.9743
54186:0.9677,1.1316000000000002,1.1367,1.1474,1.2559,1.2810000000000001,1.2854,1.3024,1.3127,1.3317,1.3373000000000002,1.3395000000000001,1.3445,1.349,1.3638000000000001,1.367,1.3738000000000001,1.3801,1.3804,1.3961000000000001,1.4114,1.4173,1.4488,1.4657,1.4763000000000002,1.4869,1.5135,1.5191000000000001,1.5288000000000002,1.5314,1.5406,1.5510000000000002,1.564,1.5935000000000001,1.6164,1.6328,1.6352,1.6419000000000001,1.6429,1.6611,1.6625,1.6891,1.6931,1.6944000000000001,1.7035,1.7078,1.7149,1.7214,1.7464000000000002,1.7522,1.7535,1.7539,1.7543000000000002,1.7581,1.7619,1.7837,1.7895,1.7914,1.7946000000000002,1.7959,1.8090000000000002,1.8103,1.8139,1.8175000000000001,1.8246,1.8529,1.8704,1.8721,1.8748,1.8754000000000002,1.8777000000000001,1.8863,1.8865,1.8886,1.8939000000000001,1.8975000000000002,1.9108,1.9175,1.9189,1.9216000000000002,1.9447,1.9454,1.9558,1.9579000000000002,1.9667000000000001,1.9928000000000001,2.008,2.0088,2.0115000000000003,2.0142,2.0273,2.0304,2.0401000000000002,2.0473,2.0484,2.0516,2.0537,2.0557000000000003,2.0717000000000003,2.0787,2.0877,2.0985,2.1020000000000003,2.1038,2.1121000000000003,2.1186000000000003,2.1217,2.1313,2.1337,2.1394,2.153,2.157,2.1574,2.1659,2.1809000000000003,2.1817,2.2065,2.228,2.2408,2.2499000000000002,2.2565,2.2576,2.2816,2.2835,2.2944,2.313,2.3215,2.3261000000000003,2.333,2.3408,2.3502,2.3541000000000003,2.3546,2.3604000000000003,2.3722000000000003,2.3827000000000003,2.3873,2.3875,2.3974,2.4,2.4037,2.4095,2.4105000000000003,2.4170000000000003,2.424,2.4441,2.4535,2.4707000000000003,2.4754,2.4794,2.4818000000000002,2.4853,2.4997000000000003,2.5005,2.5058000000000002,2.5066,2.5249,2.5254000000000003,2.5357000000000003,2.5414000000000003,2.5467,2.5647,2.5707,2.5903,2.5964,2.6069,2.6072,2.6227,2.6255,2.6266000000000003,2.6324,2.6487000000000003,2.6533,2.6617,2.6677,2.6689000000000003,2.6762,2.7003,2.7119,2.7229,2.7283,2.7325,2.7405,2.7426,2.7442,2.7569000000000004,2.7652,2.7756000000000003,2.8222,2.8227,2.8349,2.8355,2.8507000000000002,2.8563,2.8586,2.8606000000000003,2.8724000000000003,2.8752,2.8791,2.8827000000000003,2.8944,2.9048000000000003,2.9091,2.9134,2.9209,2.9228,2.9317,2.9475000000000002,2.9538,2.9657,2.968,2.9684,2.9698,2.9727,2.9797000000000002,2.9836,2.9876,2.9883,2.9905
54345:0.9510000000000001,0.9661000000000001,0.9901000000000001,1.0056,1.0162,1.0164,1.0369000000000002,1.0411000000000001,1.1052,1.1215000000000002,1.1478000000000002,1.1507,1.1742000000000001,1.1805,1.2311,1.2348000000000001,1.2367000000000001,1.2369,1.2905,1.2923,1.3,1.3190000000000002,1.3257,1.3524,1.3746,1.3803,1.4022000000000001,1.4316,1.4324000000000001,1.4347,1.4484000000000001,1.4538,1.4828000000000001,1.5030000000000001,1.5188000000000001,1.5201,1.524,1.5288000000000002,1.5303,1.5356,1.5429000000000002,1.5507,1.5603,1.5709000000000002,1.5735000000000001,1.5812000000000002,1.5914000000000001,1.5928,1.5954000000000002,1.6068,1.6119,1.6135000000000002,1.6186,1.6198000000000001,1.6481000000000001,1.6489,1.6587,1.6706,1.6733,1.6824000000000001,1.6843000000000001,1.6888,1.6947,1.6981000000000002,1.7101000000000002,1.7136,1.7177,1.723,1.7308000000000001,1.7313,1.7481,1.7758,1.7774,1.7928000000000002,1.8373000000000002,1.8519,1.8685,1.8821,1.9040000000000001,1.9066,1.9157000000000002,1.9247,1.9265,1.9282000000000001,1.9404000000000001,1.9477,1.9501000000000002,1.9637,1.9767000000000001,1.9798,1.9889000000000001,2.0032,2.0058000000000002,2.02,2.0379,2.0432,2.0499,2.0629,2.0669,2.0740000000000003,2.0828,2.0845000000000002,2.0884,2.0978,2.1039,2.1051,2.1081000000000003,2.1106000000000003,2.1196,2.1215,2.1245000000000003,2.1677,2.17,2.1708000000000003,2.1723,2.1783,2.1822,2.2204,2.2211000000000003,2.2245,2.2454,2.2565,2.2601,2.2637,2.2695000000000003,2.2744,2.3124000000000002,2.3129,2.3201,2.329,2.3295,2.3399,2.3598,2.3654,2.3707000000000003,2.371,2.3715,2.3718,2.3792,2.3918,2.3952,2.4011,2.4043,2.4102,2.435,2.4371,2.438,2.443,2.4453,2.4496,2.4509000000000003,2.4617,2.4662,2.4682,2.4732000000000003,2.4746,2.4798,2.5045,2.5076,2.5388,2.5420000000000003,2.5454000000000003,2.5549,2.5627,2.5643000000000002,2.5662000000000003,2.5803000000000003,2.5831,2.5888,2.5933,2.5962,2.6072,2.6141,2.6224000000000003,2.6236,2.6283000000000003,2.6393,2.6527000000000003,2.6571000000000002,2.66,2.6683000000000003,2.6735,2.6859,2.7027,2.706,2.7072000000000003,2.7114000000000003,2.7148000000000003,2.7176,2.7262,2.7549,2.7602,2.761,2.8007,2.803,2.811,2.8160000000000003,2.817,2.8192,2.8213,2.8251,2.8324000000000003,2.835,2.8419000000000003,2.8472,2.8484000000000003,2.8491,2.8658,2.8661000000000003,2.8776,2.878,2.8787000000000003,2.8810000000000002,2.8891,2.8926000000000003,2.8964000000000003,2.8981000000000003,2.8999,2.9038,2.9123,2.9205,2.9221,2.9255,2.9290000000000003,2.9429000000000003,2.9530000000000003,2.9585000000000004,2.9615,2.962,2.9677000000000002,2.9728000000000003,2.9806000000000004,2.9903,2.9952,2.9975
54428:1.2555,1.5151000000000001,1.5243,1.5690000000000002,1.594,1.6155000000000002,1.7032,1.7325000000000002,1.7655,1.7996,1.8345,1.8573000000000002,1.8839000000000001,1.9061000000000001,1.9342000000000001,1.9608,1.9865000000000002,2.0487,2.0695,2.085,2.097,2.1416,2.1611000000000002,2.2167,2.2324,2.2544,2.2760000000000002,2.3075,2.3481,2.3681,2.3748,2.4564,2.4817,2.5123,2.5195000000000003,2.5817,2.6504000000000003,2.6894,2.7322,2.75,2.7791,2.8039,2.8402000000000003,2.8646000000000003,2.9007,2.9097,2.9481,2.9699,2.9952
54514:0.9416,1.0148000000000001,1.0527,1.0779,1.1043,1.1299000000000001,1.1541000000000001,1.1689,1.1984000000000001,1.2134,1.2385000000000002,1.2565,1.2689000000000001,1.2829000000000002,1.2943,1.3118,1.3237,1.3416000000000001,1.3519,1.3648,1.3846,1.3959000000000001,1.4057000000000002,1.4147,1.4267,1.4394,1.451,1.4608,1.4701,1.4827000000000001,1.4979,1.5138,1.5225,1.5334,1.5474,1.5618,1.5718,1.5846,1.5964,1.6063,1.6163,1.6241,1.6340000000000001,1.6436000000000002,1.6538000000000002,1.6628,1.6731,1.6837,1.6954,1.7069,1.7181000000000002,1.7274,1.7385000000000002,1.7487000000000001,1.7588000000000001,1.77,1.7803,1.7892000000000001,1.8006,1.8087000000000002,1.8184,1.8277,1.8369,1.8484,1.8601,1.8691,1.8758000000000001,1.8836000000000002,1.8940000000000001,1.9019000000000001,1.9103,1.9185,1.9295,1.937,1.9469,1.9578,1.9677,1.9797,1.9883000000000002,1.9965000000000002,2.0059,2.0142,2.0234,2.0311,2.0441000000000003,2.0515,2.0592,2.0698000000000003,2.081,2.0896,2.099,2.1093,2.1166,2.1244,2.1339,2.1419,2.1513,2.1593,2.1682,2.1767000000000003,2.1852,2.1961,2.2068000000000003,2.2166,2.2235,2.2314000000000003,2.2398000000000002,2.2496,2.2578,2.2663,2.2758000000000003,2.2848,2.2966,2.3042000000000002,2.3158000000000003,2.3264,2.3372,2.3477,2.3587000000000002,2.3678,2.3775,2.3848000000000003,2.3897,2.3949000000000003,2.4034,2.4136,2.4244000000000003,2.4382,2.4463,2.4552,2.4631000000000003,2.4716,2.4832,2.4917000000000002,2.5039000000000002,2.5121,2.5249,2.5325,2.5406,2.5512,2.5589,2.5639000000000003,2.5732,2.5812,2.5901,2.5994,2.6091,2.6165000000000003,2.6227,2.6297,2.6376,2.646,2.6551,2.6651000000000002,2.6746000000000003,2.6867,2.6946000000000003,2.702,2.7088,2.714,2.7241,2.7329000000000003,2.7423,2.75,2.7591,2.7676000000000003,2.7781000000000002,2.7871,2.7975000000000003,2.8076000000000003,2.8198000000000003,2.8306,2.8386,2.8464,2.8587000000000002,2.8678000000000003,2.8776,2.8875,2.899,2.9087,2.9184,2.9282000000000004,2.9397,2.9515000000000002,2.9606000000000003,2.9690000000000003,2.9766000000000004,2.9871000000000003,2.9957000000000003
54702:1.6068,1.6593,1.8473000000000002,1.9837,2.1867,2.3396,2.5379,2.7493000000000003,2.7957
54713:1.3262,1.3495000000000001,1.3868,1.454,1.4918,1.5347000000000002,1.6463,1.6913,1.7088,1.7295,1.7566000000000002,1.7706000000000002,1.7954,1.816,1.8576000000000001,1.8782,1.8963,1.9201000000000001,1.9497,1.9692,2.0123,2.0377,2.0528,2.0813,2.1085000000000003,2.1249000000000002,2.1534,2.1851000000000003,2.2305,2.2593,2.2885,2.3236000000000003,2.3439,2.3575,2.3909000000000002,2.4108,2.4309000000000003,2.4751000000000003,2.4953000000000003,2.513,2.5377,2.5705,2.6096,2.6380000000000003,2.6582000000000003,2.6738,2.7087000000000003,2.7294,2.7471,2.7787,2.8253,2.8436000000000003,2.8651,2.8843,2.9047,2.9254000000000002,2.9723,2.9903
55189:2.6683000000000003
55262:2.0318,2.6988000000000003
55615:1.9300000000000002
55663:1.2716,1.3554000000000002,1.4069,1.472,1.5223,1.5646,1.6208,1.6625,1.703,1.7378,1.7893000000000001,1.8316000000000001,1.8579,1.8788,1.9149,1.9448,1.9719,2.0104,2.0433,2.0847,2.1163000000000003,2.1542,2.1895000000000002,2.2173000000000003,2.2523,2.2905,2.3357,2.3727,2.3942,2.4411,2.4661,2.4889,2.5334000000000003,2.5665,2.6046,2.6304000000000003,2.6654,2.7027,2.7350000000000003,2.7585,2.7952000000000004,2.837,2.8689,2.9121,2.9346,2.9705000000000004,2.9947000000000004
55678:1.6008
55972:1.2394,1.36,1.4223000000000001,1.4723000000000002,1.5146000000000002,1.5444,1.5653000000000001,1.5957000000000001,1.6185,1.6703000000000001,1.7004000000000001,1.732,1.7658,1.7874,1.8034000000000001,1.8285,1.8501,1.8679000000000001,1.889,1.9115000000000002,1.9456,1.9617,1.9905000000000002,2.0256000000000003,2.052,2.0728,2.1071,2.1385,2.18,2.2178,2.2472000000000003,2.2643,2.2863,2.3134,2.3498,2.3739,2.4043,2.4335,2.4603,2.4911000000000003,2.5078,2.5357000000000003,2.5654,2.5877000000000003,2.6361000000000003,2.6615,2.6858,2.7168,2.7524,2.7710000000000004,2.806,2.8384,2.8679,2.9002000000000003,2.9363,2.9508,2.9719
56088:1.8803
56320:1.3607,1.4509,1.5830000000000002,1.6225,1.6521000000000001,1.7453,1.7664000000000002,2.0878,2.2312000000000003,2.3122000000000003,2.3251,2.4157,2.5467,2.5602,2.5695,2.6777,2.6886,2.7151
56364:1.8158,1.8956000000000002,1.9538000000000002,2.0023,2.0899,2.1925,2.249,2.3031,2.4137,2.4723,2.5777,2.6341,2.6870000000000003,2.7961,2.8963,2.9727
56868:1.9861000000000002,2.3107
57024:1.3226,1.3414000000000001,1.7234,1.7545000000000002,1.8514000000000002,2.0963000000000003,2.1199,2.2306,2.2479,2.3032,2.4003,2.4517,2.4695,2.5181,2.5288,2.5665,2.6474,2.761,2.8355,2.9166000000000003,2.986
57246:1.079,1.2212,1.2538,1.2834,1.325,1.3413000000000002,1.3614000000000002,1.4064,1.4287,1.47,1.4791,1.5153,1.5212,1.5655000000000001,1.5736,1.582,1.6153000000000002,1.6229,1.6497000000000002,1.6592,1.7025000000000001,1.7091,1.7437,1.7509000000000001,1.7634,1.7925,1.8185,1.8309000000000002,1.8476000000000001,1.8772,1.9145,1.9474,1.9762000000000002,1.9838,1.9991,2.0213,2.0329,2.048,2.0593,2.0746,2.0852,2.0996,2.1108000000000002,2.1201000000000003,2.1358,2.1451000000000002,2.158,2.1864,2.2091000000000003,2.2431,2.2503,2.2831,2.2911,2.3246,2.3571,2.3713,2.3792,2.4082,2.4155,2.4410000000000003,2.4527,2.4664,2.48,2.5163,2.5228,2.5344,2.5672,2.5796,2.5877000000000003,2.6069,2.6273,2.656,2.6687000000000003,2.6818,2.6932,2.706,2.7169000000000003,2.7255000000000003,2.7726,2.7884,2.805,2.8288,2.8372,2.8466,2.853,2.8635,2.8947000000000003,2.9107000000000003,2.9215,2.9608000000000003,2.9817,2.9890000000000003
57682:0.9400000000000001,0.9694,1.0197,1.0429000000000002,1.061,1.0836000000000001,1.131,1.1520000000000001,1.1747,1.1917,1.2011,1.2327000000000001,1.2432,1.2541,1.2646000000000002,1.2725,1.2916,1.3078,1.326,1.3528,1.3816000000000002,1.3919000000000001,1.411,1.4184,1.4415,1.4514,1.4603000000000002,1.4705000000000001,1.4789,1.4896,1.5010000000000001,1.5172,1.5264,1.5473000000000001,1.5578,1.5656,1.584,1.5955000000000001,1.6039,1.613,1.6326,1.6431,1.6577000000000002,1.6646,1.6731,1.687,1.6942000000000002,1.7034,1.7149,1.7314,1.74,1.749,1.7667000000000002,1.7748000000000002,1.7824,1.79,1.8038,1.8111000000000002,1.8231000000000002,1.8297,1.8378,1.8514000000000002,1.86,1.8689,1.8782,1.8846,1.8931,1.9013,1.9098000000000002,1.9214,1.9297000000000002,1.9372,1.9478000000000002,1.9579000000000002,1.9701000000000002,1.9797,1.9935,2.0026,2.0094000000000003,2.0163,2.024,2.0316,2.0412,2.0523000000000002,2.0591,2.0673,2.0771,2.083,2.0900000000000003,2.1065,2.1153,2.1236,2.1379,2.1443000000000003,2.1516,2.1624000000000003,2.1699,2.1844,2.1937,2.2087,2.2211000000000003,2.2293000000000003,2.2431,2.2499000000000002,2.2591,2.2684,2.2804,2.2874000000000003,2.3067,2.3162000000000003,2.3263000000000003,2.3367,2.3462,2.3600000000000003,2.3680000000000003,2.3812,2.3883,2.395,2.4065000000000003,2.4129,2.4241,2.4347000000000003,2.4416,2.4572000000000003,2.4638,2.472,2.4787,2.4857,2.4991000000000003,2.5057,2.5132000000000003,2.5256000000000003,2.5376000000000003,2.5505,2.5578000000000003,2.5663,2.5783,2.5865,2.5928,2.6003000000000003,2.6109,2.6179,2.6235,2.6311,2.6384000000000003,2.6513,2.6645000000000003,2.6727000000000003,2.6874000000000002,2.6954000000000002,2.7026000000000003,2.7115,2.7211000000000003,2.7265,2.7438000000000002,2.7508,2.7600000000000002,2.7680000000000002,2.7755,2.7948,2.8026,2.817,2.8249,2.8356000000000003,2.8451,2.8541000000000003,2.8612,2.8687,2.8824,2.8899000000000004,2.8987000000000003,2.9086000000000003,2.9236,2.9298,2.9447,2.9601,2.9687,2.9806000000000004,2.9899
57746:1.2383,1.2953000000000001,1.3840000000000001,1.4329,1.4576,1.4808000000000001,1.5213,1.5529000000000002,1.5796000000000001,1.601,1.6249,1.6553,1.6805,1.7017,1.7226000000000001,1.7387000000000001,1.7546000000000002,1.7758,1.7988000000000002,1.8178,1.8352000000000002,1.8502,1.8655000000000002,1.8888,1.9078000000000002,1.929,1.949,1.9741000000000002,1.9933,2.0139,2.0356,2.0519000000000003,2.0687,2.0874,2.1023,2.1188000000000002,2.1345,2.1568,2.1772,2.1959,2.2234000000000003,2.2424,2.2623,2.2825,2.3011,2.3155,2.3386,2.3585000000000003,2.3771,2.4010000000000002,2.4214,2.4445,2.4699,2.4929,2.5133,2.5354,2.5545,2.5745,2.5968,2.6185,2.6333,2.6470000000000002,2.6637,2.6879,2.7134,2.7323,2.7592000000000003,2.779,2.8197,2.8337000000000003,2.8566000000000003,2.8781000000000003,2.8962000000000003,2.9111000000000002,2.938,2.9601,2.98,2.999
57783:0.8061,0.8205,0.8873000000000001,0.9338000000000001,1.0321,1.0645,1.0783,1.1,1.1215000000000002,1.1269,1.1317000000000002,1.135,1.1484,1.1548,1.1604,1.2059,1.213,1.217,1.2295,1.2625,1.2654,1.2691000000000001,1.3085,1.3135000000000001,1.3224,1.3255000000000001,1.3429,1.3436000000000001,1.3473000000000002,1.3567,1.3945,1.3983,1.4258000000000002,1.4272,1.4478,1.4594,1.4702000000000002,1.4917,1.5088000000000001,1.5227000000000002,1.5253,1.5349000000000002,1.5405,1.5565,1.5599,1.5667,1.572,1.5816000000000001,1.5847,1.5866,1.5925,1.5931000000000002,1.6301,1.6344,1.6351,1.6453,1.6555,1.6636000000000002,1.6691,1.6736,1.6767,1.6840000000000002,1.6962000000000002,1.6978,1.6988,1.7047,1.7173,1.7239,1.7266000000000001,1.7295,1.7325000000000002,1.7423000000000002,1.7590000000000001,1.7667000000000002,1.7854,1.7878,1.7969000000000002,1.8004,1.8085,1.8323,1.8338,1.8468,1.8579,1.8597000000000001,1.8685,1.8718000000000001,1.875,1.8873000000000002,1.8936000000000002,1.8938000000000001,1.8989,1.9044,1.9046,1.9092,1.9181000000000001,1.9260000000000002,1.9299000000000002,1.9460000000000002,1.9476,1.9634,1.9775,1.9811,1.9836,1.9924000000000002,1.9975,2.0083,2.0221,2.0235000000000003,2.0256000000000003,2.0262000000000002,2.0266,2.0321000000000002,2.0339,2.0351,2.037,2.0474,2.0668,2.0853,2.0866000000000002,2.0934,2.1528,2.1532,2.1573,2.1673,2.1716,2.1721,2.1794000000000002,2.1824,2.1838,2.216,2.2259,2.2324,2.2368,2.2383,2.2394000000000003,2.2419000000000002,2.2652,2.2686,2.2711,2.2735000000000003,2.2922000000000002,2.3042000000000002,2.305,2.3079,2.3095000000000003,2.3179000000000003,2.3259000000000003,2.3301000000000003,2.3414,2.3596,2.3632,2.3776,2.383,2.3906,2.3955,2.3964000000000003,2.4113,2.4143000000000003,2.4147000000000003,2.4337,2.4557,2.4678,2.4771,2.4775,2.4798,2.4882,2.5001,2.5341,2.5504000000000002,2.5618000000000003,2.5727,2.5771,2.5821,2.5865,2.5940000000000003,2.5959000000000003,2.5975,2.6001000000000003,2.6038,2.6219,2.6324,2.6343,2.6504000000000003,2.6795,2.6981,2.7002,2.7159,2.7314000000000003,2.7336,2.7407,2.7452,2.7459000000000002,2.7482,2.7508,2.7608,2.7684,2.7757,2.7912000000000003,2.8016,2.803,2.8142,2.815,2.8202000000000003,2.8372,2.8418,2.8471,2.8562000000000003,2.8585000000000003,2.8702,2.8866,2.891,2.8983000000000003,2.9201,2.9431000000000003,2.9517,2.9762,2.9973
57862:2.3831
58111:1.0768,1.3485,1.3673,1.4882,1.6771,1.6862000000000001,2.0957
58129:1.3619,1.4758,1.5326000000000002,1.5831000000000002,1.6232,1.7055,1.7374,1.7705000000000002,1.8203,1.873,1.9217000000000002,1.9805000000000001,2.0573,2.0858000000000003,2.1178,2.1586000000000003,2.2359,2.2584,2.2983000000000002,2.342,2.3776,2.4157,2.451,2.4976000000000003,2.5394,2.5735,2.5969,2.6517,2.689,2.7368,2.7867,2.8386,2.8746,2.9114,2.9644
58249:2.2403
58488:1.9079000000000002,2.0325,2.3502,2.5775
58597:1.1555,1.2699,1.3066,1.355,1.4043,1.4383000000000001,1.4728,1.5175,1.5503,1.5726,1.5805,1.6146,1.6205,1.6523,1.6794,1.7162000000000002,1.7441,1.7715,1.8033000000000001,1.836,1.8569,1.8766,1.9013,1.9264000000000001,1.9438000000000002,1.9688,1.9916,2.0166,2.0485,2.0839000000000003,2.1147,2.1225,2.1506000000000003,2.1706000000000003,2.1958,2.2179,2.2376,2.2664,2.2936,2.3139000000000003,2.3393,2.3692,2.3875,2.4093,2.4422,2.4633000000000003,2.4866,2.5188,2.5257,2.5464,2.5785,2.6054,2.6289000000000002,2.6621,2.6963,2.7188000000000003,2.7451000000000003,2.7647,2.7914000000000003,2.8149,2.839,2.8623000000000003,2.8909000000000002,2.9208000000000003,2.9435000000000002,2.9643,2.9832
58910:1.1845,1.9884000000000002
59562:1.4316,1.7374,1.9889000000000001,2.0758,2.2257000000000002,2.3076000000000003,2.8974
59797:1.356,1.4047,1.4943,1.5281,1.5665,1.6066,1.643,1.6969,1.7275,1.7670000000000001,1.7936,1.8221,1.8564,1.8899000000000001,1.911,1.947,1.9807000000000001,2.007,2.033,2.0543,2.0967000000000002,2.1297,2.1486,2.192,2.2192000000000003,2.2538,2.2738,2.311,2.3453,2.3888000000000003,2.4286000000000003,2.4567,2.4804,2.5118,2.5447,2.5692,2.6045000000000003,2.6443000000000003,2.6802,2.7175000000000002,2.749,2.7766,2.8038000000000003,2.834,2.8621000000000003,2.9000000000000004,2.9401,2.9704,2.996
60823:1.7036,1.7570000000000001,1.8235000000000001,1.8940000000000001,1.9131,2.1516,2.2214,2.3720000000000003,2.5156,2.645,2.6875,2.7262,2.9939
60858:1.7938,2.0277000000000003,2.1057,2.5954
60863:1.1349,1.1798,1.2861,1.3581,1.4055,1.4324000000000001,1.4727000000000001,1.4962,1.5318,1.5669000000000002,1.5842,1.5929,1.6084,1.6312,1.6468,1.6641000000000001,1.6874,1.7076,1.7322000000000002,1.7686000000000002,1.7967000000000002,1.8126,1.8248,1.8444,1.8623,1.8796000000000002,1.9013,1.9109,1.9327,1.9496,1.9612,1.9744000000000002,1.985,1.9937,2.0121,2.0367,2.0514,2.0657,2.0778000000000003,2.0988,2.1092,2.1299,2.1381,2.157,2.1814,2.1927000000000003,2.2225,2.2587,2.2796000000000003,2.3049,2.3247,2.367,2.3919,2.4068,2.4168000000000003,2.4433000000000002,2.4638,2.4832,2.4968,2.5157000000000003,2.5369,2.5597000000000003,2.569,2.5866000000000002,2.6066000000000003,2.6279000000000003,2.6366,2.6512000000000002,2.6657,2.6737,2.6928,2.7136,2.7233,2.7339,2.7481,2.7684,2.7894,2.8149,2.8285,2.8400000000000003,2.8583000000000003,2.869,2.8919,2.9027000000000003,2.9159,2.9407,2.9721,2.9915000000000003,2.9987000000000004
61120:1.0431000000000001,1.1802000000000001,1.1844000000000001,1.2282,1.3505,1.399,1.4311,1.4875,1.6005,1.6465,1.6880000000000002,1.7214,1.7417,1.7881,1.8126,1.8702,1.8955000000000002,1.9315,1.9637,1.9871,2.0703,2.1048,2.1365000000000003,2.1619,2.221,2.2615000000000003,2.3022,2.3507000000000002,2.399,2.4287,2.4571,2.5038,2.5475000000000003,2.5966,2.6563000000000003,2.6911,2.7472000000000003,2.7893000000000003,2.8412,2.8920000000000003,2.9328000000000003,2.9705000000000004
61335:1.6552,1.7307000000000001,1.8005,1.9492,2.0899,2.1390000000000002,2.1738,2.3719,2.4823,2.5364,2.623,2.7331000000000003,2.9197
61465:1.8697000000000001,2.0217,2.0851
61487:1.5644,1.8646,1.9342000000000001,2.2192000000000003,2.6012,2.7642,2.8002000000000002,2.9567
61559:1.8212000000000002,1.8997000000000002,2.0225,2.0914,2.2006,2.2392000000000003,2.306,2.3794,2.4183,2.4825,2.5314,2.5951,2.6395,2.6914000000000002,2.7904,2.9474,2.9823
61707:2.1651000000000002,2.4016,2.6957
61761:1.989
61937:0.9451,1.0092,1.0514000000000001,1.0951,1.1418000000000001,1.1455,1.2610000000000001,1.2748000000000002,1.2756,1.3090000000000002,1.3151000000000002,1.3557000000000001,1.3732,1.3811,1.3877000000000002,1.3909,1.4045,1.4112,1.4279000000000002,1.429,1.4420000000000002,1.4434,1.4515,1.4551,1.4618,1.4646000000000001,1.4671,1.5149000000000001,1.52,1.5247000000000002,1.5601,1.5628,1.5739,1.5789,1.5855000000000001,1.6019,1.6056000000000001,1.6097000000000001,1.6131,1.6168,1.6271,1.6584,1.6591,1.6724,1.6920000000000002,1.7012,1.7054,1.7076,1.7211,1.7298,1.7308000000000001,1.7428000000000001,1.7473,1.7508000000000001,1.7623,1.7659,1.7672,1.7757,1.7805000000000002,1.7925,1.7937,1.7959,1.8019,1.8027000000000002,1.8148000000000002,1.8158,1.8167,1.8232000000000002,1.8277,1.8358,1.8397000000000001,1.8508,1.853,1.872,1.8744,1.881,1.8823,1.8868,1.8951,1.9161000000000001,1.9214,1.9273,1.9380000000000002,1.9521000000000002,1.9566000000000001,1.9679000000000002,1.9760000000000002,1.977,1.9955,1.9967000000000001,1.9969000000000001,2.0155000000000003,2.025,2.0336000000000003,2.0411,2.0537,2.0543,2.0566,2.0579,2.0596,2.0779,2.0886,2.0902000000000003,2.1052,2.1088,2.1186000000000003,2.1199,2.1242,2.1252,2.1279,2.1591,2.1655,2.1745,2.1775,2.1814,2.1969000000000003,2.2078,2.2187,2.2215000000000003,2.2232000000000003,2.224,2.2244,2.2309,2.2327,2.2408,2.2449,2.246,2.255,2.2553,2.2614,2.2646,2.2751,2.2816,2.2886,2.2893,2.2957,2.297,2.3058,2.3106,2.3159,2.3331,2.3356,2.3362000000000003,2.3367,2.3504,2.3579000000000003,2.3597,2.3602000000000003,2.3640000000000003,2.3729,2.3767,2.3774,2.3791,2.3836,2.3967,2.4013,2.4112,2.4178,2.4245,2.4296,2.4328000000000003,2.4357,2.4361,2.4432,2.4529,2.4585,2.4597,2.4752,2.4786,2.4866,2.4942,2.4987,2.5203,2.523,2.5296000000000003,2.5313000000000003,2.5317000000000003,2.5372,2.5414000000000003,2.5424,2.5471,2.5526,2.5608,2.5729,2.5825,2.583,2.5963000000000003,2.6188000000000002,2.6239000000000003,2.6263,2.628,2.6352,2.6387,2.6406,2.6488,2.6507,2.6575,2.6606,2.6638,2.6682,2.674,2.6854,2.6926,2.7058,2.7121,2.7165,2.7169000000000003,2.7173000000000003,2.718,2.7276000000000002,2.7331000000000003,2.7338,2.7435,2.753,2.7608,2.7665,2.7673,2.7723,2.7769,2.7853000000000003,2.79,2.803,2.809,2.8396000000000003,2.8556,2.8626,2.8760000000000003,2.8793,2.8899000000000004,2.9087,2.9089,2.9122000000000003,2.9127,2.9147000000000003,2.9225000000000003,2.9244000000000003,2.9373,2.9419,2.9425000000000003,2.9572000000000003,2.9616000000000002,2.9665000000000004,2.9716,2.9903,2.9961,2.9986
62170:1.0370000000000001,1.0889,1.1022,1.1781000000000001,1.2031,1.2615,1.2795,1.3325,1.3548,1.4091,1.4326,1.4723000000000002,1.5336,1.619,1.6444,1.6538000000000002,1.6962000000000002,1.7079,1.7288000000000001,1.7589000000000001,1.7964,1.8288,1.8364,1.866,1.9004,1.9382000000000001,1.9479000000000002,1.9756,1.9859,2.0078,2.0267,2.0561000000000003,2.0806,2.0862000000000003,2.128,2.1519,2.1657,2.1732,2.2242,2.2313,2.2441,2.2531000000000003,2.2646,2.2804,2.2909,2.2956000000000003,2.3365,2.3619000000000003,2.3736,2.3938,2.4010000000000002,2.4490000000000003,2.4552,2.4692000000000003,2.4821,2.5173,2.5324,2.5444,2.5689,2.6145,2.6245000000000003,2.6306000000000003,2.6446,2.6618,2.6944000000000004,2.7053000000000003,2.7131000000000003,2.7222,2.7321,2.7615000000000003,2.7837,2.8055000000000003,2.8104,2.8529,2.9057,2.9133,2.9184,2.9348,2.9417,2.9619,2.9786
62546:0.9764,1.0387,1.1114,1.1294,1.1487,1.1851,1.2269,1.2391,1.2824,1.3061,1.3298,1.3565,1.3785,1.3986,1.4261000000000001,1.4349,1.4678,1.4857,1.5176,1.5244,1.5326000000000002,1.564,1.5744,1.5856000000000001,1.5978,1.6147,1.6239000000000001,1.6400000000000001,1.6482,1.6687,1.6933,1.6999000000000002,1.7165000000000001,1.7249,1.7327000000000001,1.7415,1.7527000000000001,1.7643,1.7892000000000001,1.7971000000000001,1.8086,1.8182,1.8344,1.8571000000000002,1.8681,1.8977000000000002,1.9060000000000001,1.9143000000000001,1.9346,1.9442000000000002,1.9511,1.9712,1.9826000000000001,2.0014000000000003,2.0268,2.0444,2.0522,2.0674,2.0740000000000003,2.0854,2.0943,2.1072,2.1209000000000002,2.1289000000000002,2.1352,2.1557,2.1615,2.1757,2.1836,2.213,2.2225,2.2335000000000003,2.2438000000000002,2.253,2.2722,2.2941000000000003,2.3061000000000003,2.3162000000000003,2.3317,2.3476,2.3556,2.3682000000000003,2.3747000000000003,2.3971,2.4049,2.4134,2.4267000000000003,2.4412000000000003,2.4506,2.4602,2.472,2.4777,2.4985,2.5092000000000003,2.5278,2.5374000000000003,2.5467,2.5589,2.5672,2.5833,2.5979,2.6081000000000003,2.6214,2.6283000000000003,2.6418,2.6507,2.6576,2.6728,2.6794000000000002,2.6883,2.7036000000000002,2.714,2.7339,2.7423,2.7545,2.7681,2.7846,2.8034000000000003,2.827,2.8361,2.8482000000000003,2.8724000000000003,2.8869000000000002,2.8955,2.9051,2.9125,2.9330000000000003,2.9543,2.9635000000000002,2.9716,2.9837000000000002
62949:1.2371,1.2964,1.3601,1.3932,1.4326,1.458,1.4776,1.5197,1.5497,1.5768,1.6007,1.6254000000000002,1.653,1.6782000000000001,1.7005000000000001,1.7178,1.7338,1.7531,1.7713,1.7947000000000002,1.8109000000000002,1.8291000000000002,1.8454000000000002,1.8606,1.8771,1.8993,1.9148,1.933,1.9532,1.9751,1.9934,2.0131,2.0348,2.0505,2.0668,2.0871,2.0999000000000003,2.1128,2.1299,2.1489000000000003,2.1669,2.1828000000000003,2.2068000000000003,2.2257000000000002,2.2449,2.2639,2.2842000000000002,2.3022,2.3155,2.3374,2.3559,2.3736,2.3947000000000003,2.415,2.4383,2.4643,2.4809,2.5063,2.5299,2.548,2.5671,2.5881000000000003,2.6002,2.6196,2.6351,2.6512000000000002,2.6672000000000002,2.6846,2.7070000000000003,2.7201,2.7384,2.7627,2.7804,2.8176,2.8308,2.8532,2.8767,2.895,2.9084000000000003,2.9369,2.954,2.9712,2.9855
62997:1.6233000000000002,1.81,1.8646,1.9145,2.0694,2.1178,2.2297000000000002,2.3715,2.4445,2.5143,2.5980000000000003,2.6524,2.7198,2.7677,2.8665000000000003,2.9515000000000002
63126:1.0433000000000001,1.1804000000000001,1.1842000000000001,1.2284000000000002,1.3507,1.3992,1.4313,1.4877,1.6007,1.6467,1.6882000000000001,1.7216,1.7419,1.7883,1.8128000000000002,1.8704,1.8957000000000002,1.9317000000000002,1.9639000000000002,1.9872,2.0704000000000002,2.105,2.1367000000000003,2.1621,2.2212,2.2617000000000003,2.3024,2.3509,2.3992,2.4288000000000003,2.4573,2.504,2.5477000000000003,2.5968,2.6565000000000003,2.6913,2.7474000000000003,2.7895000000000003,2.8414,2.8922000000000003,2.9330000000000003,2.9707000000000003
63520:1.6419000000000001,2.9881
63536:0.9796,1.0405,1.0663,1.1194,1.1462,1.1724,1.2109,1.2298,1.2591,1.292,1.3089,1.33,1.3597000000000001,1.3749,1.4003,1.4109,1.4336,1.451,1.4675,1.4845000000000002,1.5052,1.5197,1.5312000000000001,1.5496,1.5677,1.5828,1.5984,1.6162,1.6265,1.6453,1.6566,1.6675,1.679,1.6906,1.7024000000000001,1.7126000000000001,1.724,1.7346000000000001,1.7436,1.7553,1.7675,1.7871000000000001,1.7970000000000002,1.8095,1.8201,1.8313000000000001,1.8381,1.8472000000000002,1.8618000000000001,1.8714000000000002,1.8840000000000001,1.8964,1.9074,1.9144,1.9256000000000002,1.937,1.9515,1.9639000000000002,1.9753,1.9888000000000001,2.0038,2.0158,2.0261,2.0435000000000003,2.0523000000000002,2.0636,2.0739,2.0882,2.096,2.1062000000000003,2.1139,2.1284,2.1446,2.1531000000000002,2.1633,2.1793,2.1881,2.2103,2.2193,2.2309,2.2423,2.2589,2.2711,2.2816,2.2949,2.3118000000000003,2.3311,2.346,2.3614,2.3734,2.3856,2.3971,2.4169,2.4327,2.4452000000000003,2.4686,2.4802,2.4982,2.5109,2.5206,2.5367,2.5468,2.5586,2.5694,2.5823,2.5931,2.6028000000000002,2.6157,2.6265,2.6414,2.6545,2.6706000000000003,2.6778,2.6917,2.7048,2.7211000000000003,2.7379000000000002,2.7477,2.7618,2.7710000000000004,2.7868,2.7993,2.8117,2.826,2.8357,2.8531,2.8643,2.8763,2.8895,2.9001,2.9121,2.9275,2.9394,2.9496,2.9625000000000004,2.9782,2.9937
63681:1.3418,1.3715000000000002,1.4833,1.5376,1.7127000000000001,1.7716,1.8858000000000001,1.9934,2.0888,2.1296,2.2964,2.3785000000000003,2.4354,2.492,2.5506,2.583,2.6194,2.6609000000000003,2.7288,2.8662,2.9208000000000003,2.9966
63737:1.2744
63894:0.8862,0.9063,0.9176000000000001,0.9366000000000001,0.9402,0.9663,0.9711000000000001,0.9841000000000001,1.0319,1.0476,1.0716,1.097,1.0987,1.1086,1.1113,1.122,1.1541000000000001,1.1767,1.2173,1.2445000000000002,1.2527000000000001,1.2563,1.2587000000000002,1.2609000000000001,1.2873,1.3107,1.3173000000000001,1.346,1.352,1.3642,1.3664,1.3727,1.3826,1.3877000000000002,1.3969,1.3978000000000002,1.4305,1.4644000000000001,1.4655,1.4838,1.4885000000000002,1.4911,1.4933,1.4987000000000001,1.4994,1.5002,1.5056,1.5210000000000001,1.5223,1.5274,1.5545,1.5550000000000002,1.5564,1.5669000000000002,1.5683,1.5702,1.5759,1.5901,1.6021,1.6149,1.6164,1.6179000000000001,1.6195000000000002,1.6344,1.6420000000000001,1.6541000000000001,1.6582000000000001,1.6598000000000002,1.6782000000000001,1.6852,1.6969,1.7231,1.7329,1.7525000000000002,1.7536,1.7577,1.7750000000000001,1.7791000000000001,1.7861,1.7871000000000001,1.7935,1.8013000000000001,1.8041,1.8095,1.8136,1.8277,1.8313000000000001,1.8542,1.8554000000000002,1.8604,1.8643,1.8718000000000001,1.8721,1.8785,1.8813000000000002,1.8993,1.9038000000000002,1.9064,1.9123,1.9180000000000001,1.9202000000000001,1.9424000000000001,1.9443000000000001,1.9457,1.9474,1.9486,1.9576,1.9607,1.9645000000000001,1.9696,1.9738,1.9885000000000002,1.9958,1.9973,1.9982000000000002,2.0127,2.0176000000000003,2.0234,2.0371,2.0378000000000003,2.0395000000000003,2.0463,2.0507,2.0516,2.0644,2.0780000000000003,2.095,2.0969,2.1115,2.1162,2.1399,2.1412,2.1442,2.1521,2.1630000000000003,2.1643,2.1786000000000003,2.1843,2.1977,2.2025,2.2057,2.2142,2.2501,2.2578,2.2717,2.2806,2.286,2.2879,2.3231,2.3241,2.3256,2.3358000000000003,2.3386,2.3392,2.3409,2.3512,2.3524000000000003,2.3618,2.3623000000000003,2.3699,2.3774,2.3786,2.3885,2.3887,2.4009,2.4263,2.4572000000000003,2.4578,2.4613,2.4634,2.4684,2.4728000000000003,2.4746,2.476,2.4817,2.4879000000000002,2.4974000000000003,2.4997000000000003,2.5025,2.5316,2.5366,2.5451,2.5502000000000002,2.5556,2.5583,2.5601000000000003,2.5625,2.5641000000000003,2.5756,2.5771,2.5782000000000003,2.5789,2.5820000000000003,2.5881000000000003,2.5911,2.603,2.6036,2.6163000000000003,2.6232,2.6297,2.6406,2.6421,2.648,2.6484,2.6517,2.6562,2.6663,2.6677,2.6756,2.6774,2.6829,2.6845000000000003,2.6866000000000003,2.6877,2.7087000000000003,2.7094,2.7137000000000002,2.7144,2.7236000000000002,2.7313,2.7392000000000003,2.7406,2.7469,2.7534,2.7661000000000002,2.7731000000000003,2.7967,2.7976,2.8107,2.8228,2.8234000000000004,2.8297000000000003,2.8303000000000003,2.8309,2.842,2.8513,2.8537000000000003,2.8576,2.8757,2.8792,2.8917,2.8919,2.8944,2.9054,2.9066,2.9165,2.9198,2.927,2.9331,2.9357,2.9383000000000004,2.9445,2.9503,2.9675000000000002,2.9824,2.9832,2.9893,2.9993000000000003
64005:1.0797,1.0885,1.1916,1.2355,1.2571,1.2727000000000002,1.3125,1.3873,1.415,1.4568,1.4928000000000001,1.5261,1.5577,1.5901,1.6138000000000001,1.6376000000000002,1.6675,1.6933,1.7194,1.7372,1.7497,1.7833,1.8263,1.861,1.8919000000000001,1.9372,1.9566000000000001,1.9824000000000002,1.9985000000000002,2.0102,2.0319000000000003,2.0638,2.0805000000000002,2.1112,2.1428000000000003,2.1543,2.1703,2.1908000000000003,2.2255000000000003,2.2484,2.27,2.3209,2.3613,2.3861000000000003,2.4410000000000003,2.4719,2.4813,2.511,2.5597000000000003,2.5953,2.6077,2.6176,2.6299,2.6509,2.6769000000000003,2.71,2.7249000000000003,2.753,2.7656,2.8402000000000003,2.8538,2.9090000000000003,2.9293,2.9702
64520:1.8821,2.3857,2.7351
65188:1.3703,1.5326000000000002,1.7162000000000002,1.9158000000000002,1.9797,2.0583,2.1474,2.3314,2.3762000000000003,2.5476,2.7124,2.8403
65254:0.9694,0.9939,1.0,1.0244,1.1033,1.1880000000000002,1.1894,1.1954,1.2069,1.2312,1.2396,1.2438,1.2813,1.2924,1.2988,1.3226,1.3361,1.338,1.3439,1.3634000000000002,1.3883,1.3962,1.4078000000000002,1.4091,1.4105,1.4126,1.417,1.4320000000000002,1.4563000000000001,1.4804000000000002,1.4997,1.5259,1.5261,1.5312000000000001,1.5318,1.5361,1.5502,1.5725,1.6068,1.6084,1.619,1.6301,1.6313,1.6365,1.6393,1.6564,1.6580000000000001,1.6611,1.6627,1.6774,1.6802000000000001,1.6857,1.6944000000000001,1.6973,1.7115,1.7117,1.7202000000000002,1.7317,1.7411,1.7483000000000002,1.7581,1.7749000000000001,1.7829000000000002,1.7917,1.7922,1.802,1.8037,1.8050000000000002,1.8056,1.8079,1.8127,1.8166,1.8177,1.8236,1.855,1.8552000000000002,1.8687,1.8706,1.8783,1.8815000000000002,1.8817000000000002,1.8840000000000001,1.8848,1.8891,1.8923,1.9017000000000002,1.9048,1.9068,1.9074,1.9200000000000002,1.9213,1.9226,1.9278000000000002,1.9322000000000001,1.9360000000000002,1.9468,1.9617,1.9624000000000001,1.9698,1.9722000000000002,1.9814,2.0053,2.0069,2.0182,2.0209,2.0237000000000003,2.0257,2.0289,2.0345,2.0396,2.0443000000000002,2.053,2.0536000000000003,2.0563000000000002,2.0572,2.0605,2.0623,2.0843000000000003,2.0846,2.0897,2.1151,2.1161000000000003,2.1163000000000003,2.1165000000000003,2.1213,2.1237,2.1254,2.1336,2.1649000000000003,2.1658,2.1731000000000003,2.1872000000000003,2.1939,2.1982,2.2054,2.2061,2.225,2.247,2.2661000000000002,2.2663,2.2731,2.2792,2.2815000000000003,2.3127,2.3141000000000003,2.3254,2.3271,2.3437,2.3484000000000003,2.3519,2.3563,2.3577,2.3627000000000002,2.3686000000000003,2.3719,2.3807,2.3875,2.3973,2.3976,2.4023000000000003,2.4025000000000003,2.403,2.4121,2.4131,2.4143000000000003,2.4168000000000003,2.4257,2.4317,2.4352,2.4538,2.4586,2.4673000000000003,2.4679,2.4681,2.4713000000000003,2.4753000000000003,2.48,2.4811,2.4902,2.4914,2.4985,2.5103,2.5114,2.5127,2.5129,2.5161000000000002,2.5192,2.5245,2.5415,2.5482,2.5545,2.5688,2.5773,2.5784000000000002,2.5946000000000002,2.5967000000000002,2.6006,2.608,2.6183,2.6296,2.6351,2.6466000000000003,2.6519,2.6591,2.6608,2.6645000000000003,2.6788000000000003,2.6899,2.6946000000000003,2.7035,2.7044,2.7046,2.732,2.7367,2.7653000000000003,2.7691000000000003,2.7716000000000003,2.7783,2.7931,2.798,2.8004000000000002,2.8135000000000003,2.8200000000000003,2.8263000000000003,2.8271,2.8297000000000003,2.8308,2.8458,2.8543000000000003,2.8562000000000003,2.8771,2.883,2.8957,2.902,2.9041,2.9044000000000003,2.9115,2.9248000000000003,2.9261,2.9343000000000004,2.9406000000000003,2.9429000000000003,2.9488000000000003,2.9546,2.9684,2.9714,2.9716,2.9718,2.9759,2.9818000000000002,2.9881,2.9945
65402:1.7108,1.9125,1.9741000000000002,2.1424000000000003,2.3275,2.5445,2.7087000000000003,2.8359
65588:1.3574000000000002,1.4219000000000002,1.5397,1.5831000000000002,1.6169,1.6436000000000002,1.673,1.6979000000000002,1.7353,1.762,1.7862,1.8130000000000002,1.8447,1.8848,1.9077000000000002,1.9300000000000002,1.9523000000000001,1.9848000000000001,2.0092,2.0321000000000002,2.0605,2.0860000000000003,2.1132,2.1348000000000003,2.1704,2.1991,2.2212,2.2455000000000003,2.27,2.2882000000000002,2.3152,2.3437,2.3692,2.3915,2.4109000000000003,2.4314,2.4612000000000003,2.4833000000000003,2.5056000000000003,2.5306,2.5588,2.5812,2.6034,2.6312,2.6534,2.6808,2.7065,2.7394000000000003,2.7645,2.7849,2.8038000000000003,2.8355,2.8639,2.887,2.9104,2.9289,2.9525,2.9763,2.9953000000000003
65737:1.1091,2.3104
65912:1.0682,1.212,1.2448000000000001,1.2776,1.3186,1.3372000000000002,1.359,1.3983,1.4256,1.4659,1.4734,1.5085000000000002,1.5165000000000002,1.5330000000000001,1.5605,1.5682,1.5794000000000001,1.5893000000000002,1.6112000000000002,1.618,1.6469,1.6536000000000002,1.6735,1.6996,1.7055,1.7402000000000002,1.7472,1.7573,1.7877,1.8148000000000002,1.8215000000000001,1.84,1.8456000000000001,1.8657000000000001,1.8744,1.9084,1.9417000000000002,1.9680000000000002,1.9802000000000002,1.9898,2.003,2.0179,2.0298000000000003,2.0500000000000003,2.0565,2.0715,2.0822000000000003,2.0957,2.1076,2.1153,2.1299,2.1421,2.1575,2.1824,2.2059,2.2321,2.2468,2.2669,2.2806,2.2882000000000002,2.3224,2.3529,2.3627000000000002,2.3734,2.4026,2.412,2.4373,2.4455,2.4728000000000003,2.482,2.5127,2.5199000000000003,2.5324,2.5632,2.5715000000000003,2.5816000000000003,2.6041000000000003,2.6266000000000003,2.6449000000000003,2.6539,2.6771000000000003,2.6904000000000003,2.7139,2.7226,2.7645,2.7883,2.8026,2.825,2.835,2.8493,2.8605,2.8720000000000003,2.8913,2.9083,2.9153000000000002,2.9434,2.9576000000000002,2.9745,2.9852000000000003
65955:1.2385000000000002,1.3986,1.464,1.5126000000000002,1.5567,1.5742,1.5864,1.6132,1.6467,1.6538000000000002,1.6744,1.7002000000000002,1.7337,1.7448000000000001,1.7865,1.8184,1.8405,1.8676000000000001,1.9085,1.9405000000000001,1.9697,2.0205,2.052,2.071,2.1045000000000003,2.1140000000000003,2.1407000000000003,2.1578,2.1823,2.23,2.2662,2.281,2.3221000000000003,2.3608000000000002,2.374,2.406,2.4375,2.4732000000000003,2.5108,2.5203,2.5613,2.5784000000000002,2.6044,2.6419,2.6473,2.6566,2.712,2.7209000000000003,2.7643,2.8024,2.831,2.8376,2.8705000000000003,2.8877,2.9118,2.943,2.9725
66019:1.8084,2.1315,2.7687
66047:1.602,1.6563,1.8123,1.8505,1.9857,2.1788000000000003,2.289,2.3396,2.4031000000000002,2.5011,2.6146000000000003,2.7315,2.7633,2.9570000000000003
66132:2.2357,2.8681
66381:1.566,1.5934000000000001,1.8230000000000002,1.8845,2.1075,2.3291,2.4105000000000003,2.4964,2.567,2.8114000000000003,2.8777,2.9802
66804:1.36,1.4754,1.5372000000000001,1.5668,1.615,1.6721000000000001,1.7052,1.7488000000000001,1.7898,1.8307,1.8655000000000002,1.9049,1.9458000000000002,1.9878,2.0197000000000003,2.0683000000000002,2.0978,2.1479,2.181,2.2304,2.2633,2.3142,2.3653,2.4071000000000002,2.4506,2.4905,2.5188,2.5862000000000003,2.6366,2.6767000000000003,2.717,2.7572,2.8072,2.8674,2.9324000000000003,2.956
66812:1.8218,1.9233,2.2227,2.2836000000000003,2.3676,2.3896,2.4225000000000003,2.5379,2.5795,2.7092,2.7834000000000003,2.8762000000000003,2.9475000000000002,2.9908
67714:1.6086
67834:1.3505,1.4196,1.4624000000000001,1.5066000000000002,1.5467,1.5796000000000001,1.6039,1.6288,1.6617000000000002,1.6831,1.7003000000000001,1.7316,1.7537,1.7781,1.8024,1.8209000000000002,1.8461,1.8745,1.8937000000000002,1.9116000000000002,1.9269,1.9451,1.9682000000000002,1.9862000000000002,2.0088,2.0284,2.0555,2.0755,2.1006,2.1197,2.1505,2.1726,2.1972,2.2146,2.2328,2.2552000000000003,2.2756000000000003,2.2901000000000002,2.3096,2.3339000000000003,2.3593,2.3789000000000002,2.3967,2.4165,2.4336,2.4597,2.4798,2.4987,2.517,2.5342000000000002,2.5563000000000002,2.575,2.5897,2.607,2.6354,2.6533,2.6757,2.6961,2.7146000000000003,2.7371000000000003,2.7595,2.7781000000000002,2.7954000000000003,2.8160000000000003,2.8389,2.8627000000000002,2.8849,2.9057,2.9251,2.9453,2.9693,2.9845
68461:1.8817000000000002,2.3805
68491:1.435,1.4894,1.5275,1.6101,1.6420000000000001,1.7196,1.7643,1.7942,1.8151000000000002,1.8452000000000002,1.8684,1.905,1.9447,1.991,2.0216000000000003,2.0504000000000002,2.0860000000000003,2.1304000000000003,2.1481,2.1915,2.2166,2.2368,2.2662,2.3144,2.3766000000000003,2.4061,2.4563,2.4896000000000003,2.5198,2.5661,2.6020000000000003,2.6276,2.6554,2.7011000000000003,2.7281,2.7524,2.7745,2.8366000000000002,2.8663000000000003,2.907,2.9659,2.9895
68740:1.0526,1.1916
68873:1.0158,1.0552000000000001,1.0799,1.0874000000000001,1.1047,1.1294,1.1527,1.1774,1.1957,1.2342,1.2396,1.2587000000000002,1.2707000000000002,1.2813,1.2943,1.3138,1.3276000000000001,1.345,1.3542,1.3843,1.3916000000000002,1.413,1.4204,1.4438,1.4576,1.4715,1.4911,1.4982,1.5232,1.5315,1.5548000000000002,1.5608,1.5865,1.5934000000000001,1.612,1.6179000000000001,1.6334000000000002,1.6405,1.6507,1.6646,1.6728,1.6859000000000002,1.6944000000000001,1.7028,1.7217,1.7292,1.742,1.7487000000000001,1.758,1.7701,1.7856,1.7949000000000002,1.8186,1.8292000000000002,1.8522,1.8615000000000002,1.8767,1.8847,1.8952,1.9047,1.9231,1.9346,1.9409,1.9589,1.9701000000000002,1.9804000000000002,1.989,1.9978,2.007,2.0135,2.0341,2.0449,2.0529,2.0663,2.0732,2.0826000000000002,2.0892,2.113,2.1241000000000003,2.1382000000000003,2.1453,2.1558,2.1691000000000003,2.1736,2.1910000000000003,2.1978,2.2159,2.2294,2.2468,2.2556000000000003,2.2699000000000003,2.2877,2.3054,2.3206,2.3335,2.3417,2.3557,2.3617,2.3720000000000003,2.3848000000000003,2.3922000000000003,2.4328000000000003,2.4444,2.4595000000000002,2.4676,2.4766,2.4845,2.4982,2.5093,2.5146,2.5256000000000003,2.5426,2.5602,2.5711,2.5839000000000003,2.6001000000000003,2.6091,2.6196,2.6316,2.6406,2.6499,2.6569000000000003,2.6686,2.676,2.686,2.6977,2.7079,2.7138,2.7238,2.7289000000000003,2.7432000000000003,2.7515,2.7578,2.7706,2.782,2.7998000000000003,2.821,2.8349,2.8443,2.8579000000000003,2.8849,2.8975,2.9128000000000003,2.9258,2.9367,2.9525,2.9693,2.9762,2.992
68994:1.5507,1.5959,1.7687000000000002,1.8047000000000002,1.8388,1.8639000000000001,1.9095000000000002,2.2685,2.3659,2.4119,2.4603,2.5039000000000002,2.5474,2.5904000000000003,2.7603,2.8080000000000003,2.8400000000000003,2.869,2.9482,2.9738
69413:1.8184,1.9849,2.0667,2.25,2.4012000000000002,2.4446000000000003,2.5492,2.6014,2.6843,2.7862,2.9074,2.9943
69626:0.9788,1.03,1.0563,1.0802,1.1058000000000001,1.1309,1.1579000000000002,1.1695,1.1841000000000002,1.1995,1.2161,1.2388000000000001,1.2528000000000001,1.2658,1.2852000000000001,1.3088,1.3249,1.3403,1.3541,1.3714000000000002,1.3889,1.4039000000000001,1.4155,1.4323000000000001,1.4452,1.4577,1.4684000000000001,1.4797,1.4906000000000001,1.5014,1.5106000000000002,1.5197,1.5306000000000002,1.544,1.5522,1.5639,1.5725,1.5790000000000002,1.591,1.5979,1.6102,1.6181,1.6295000000000002,1.6397000000000002,1.6467,1.6541000000000001,1.663,1.6707,1.6876,1.6973,1.7092,1.7188,1.7279,1.7357,1.743,1.7572,1.7671000000000001,1.7764,1.7844,1.7912000000000001,1.8032000000000001,1.8136,1.8223,1.8331000000000002,1.8427,1.8534000000000002,1.862,1.868,1.8783,1.8880000000000001,1.8966,1.9062000000000001,1.9135000000000002,1.9244,1.9322000000000001,1.9427,1.9494,1.9605000000000001,1.9689,1.9788000000000001,1.9867000000000001,1.9979,2.0087,2.0171,2.0281000000000002,2.036,2.0421,2.0505,2.0592,2.0679000000000003,2.0812,2.0871,2.0954,2.1074,2.1153,2.1257,2.1350000000000002,2.1443000000000003,2.1544000000000003,2.1646,2.1757,2.189,2.2001,2.2116000000000002,2.2205,2.2308,2.2408,2.2515,2.2583,2.2679,2.279,2.2936,2.3033,2.3104,2.3244000000000002,2.3326000000000002,2.3398000000000003,2.3468,2.3564000000000003,2.3677,2.3775,2.3854,2.3933,2.4019,2.4109000000000003,2.4187000000000003,2.428,2.4377,2.446,2.4542,2.4648000000000003,2.4746,2.4863,2.4934000000000003,2.5012000000000003,2.5114,2.516,2.5259,2.5361000000000002,2.5429,2.5563000000000002,2.5654,2.5757000000000003,2.5832,2.592,2.6044,2.6141,2.6241000000000003,2.6341,2.6432,2.6534,2.6621,2.6725000000000003,2.6805000000000003,2.6871,2.6966,2.7085000000000004,2.7167000000000003,2.7312000000000003,2.7394000000000003,2.7485,2.7566,2.7666,2.7769,2.7927,2.8008,2.8103000000000002,2.8217000000000003,2.8308,2.8406000000000002,2.8476000000000004,2.857,2.8646000000000003,2.8714,2.8828,2.8873,2.8982,2.9066,2.915,2.9256,2.9359,2.9434,2.9518,2.9588,2.9675000000000002,2.9745,2.987,2.9945
69919:1.0665,1.0936000000000001,1.1013,1.1546,1.2472,1.2770000000000001,1.3538000000000001,1.3741,1.4268,1.4318,1.4527,1.5045000000000002,1.5239,1.5342,1.5574000000000001,1.5923,1.6014000000000002,1.6149,1.6669,1.6809,1.723,1.7336,1.7646000000000002,1.778,1.796,1.8237,1.8419,1.8727,1.9044,1.9118000000000002,1.9177000000000002,1.9549,1.9838,1.9934,2.0004,2.0231,2.0525,2.065,2.0905,2.0962,2.1178,2.1369000000000002,2.1612,2.1736,2.1990000000000003,2.2479,2.2548,2.2800000000000002,2.3173,2.3453,2.3701000000000003,2.4002000000000003,2.4058,2.4496,2.4769,2.5048,2.5392,2.5544000000000002,2.5816000000000003,2.5865,2.6202,2.624,2.6406,2.6687000000000003,2.6844,2.6888,2.7142,2.736,2.7598000000000003,2.7887,2.8182,2.8299000000000003,2.8656,2.8998,2.9103000000000003,2.9290000000000003,2.9478,2.9741,2.9815
70066:1.2843,1.3312000000000002,1.3628,1.4297,1.4751,1.5345,1.5830000000000002,1.6212,1.6601000000000001,1.6827,1.7083000000000002,1.7531,1.7705000000000002,1.8216,1.8753000000000002,1.9139000000000002,1.9774,1.9916,2.0228,2.053,2.0795,2.0936,2.1238,2.1596,2.2034000000000002,2.2415000000000003,2.2835,2.2960000000000003,2.3701000000000003,2.3815,2.4124000000000003,2.4482,2.4867,2.5224,2.5468,2.5746,2.6006,2.6187,2.6479,2.6596,2.6909,2.7251000000000003,2.7749,2.7936,2.8334,2.8618,2.8974,2.9179,2.9553000000000003,2.9894000000000003
70201:1.2885
70370:1.8446,2.0951,2.1673,2.2486,2.3534,2.4542,2.5509,2.6647000000000003
70588:1.4763000000000002,1.558,1.6012000000000002,1.7031,1.7750000000000001,1.8064,1.8515000000000001,1.889,1.9546000000000001,2.0658000000000003,2.1222000000000003,2.2312000000000003,2.2645,2.3053,2.3772,2.4355,2.5077000000000003,2.5477000000000003,2.5899,2.665,2.7181,2.7721,2.842,2.9023000000000003,2.9464
71057:0.9786,1.0297,1.0418,1.0570000000000002,1.0829,1.1065,1.1282,1.1414,1.1632,1.1779,1.2006000000000001,1.2113,1.2354,1.2555,1.2670000000000001,1.2804,1.2962,1.3084,1.3301,1.3394000000000001,1.3538000000000001,1.3653,1.3745,1.389,1.403,1.4125,1.4301000000000001,1.4394,1.4493,1.4573,1.4698,1.4794,1.4909000000000001,1.4962,1.5066000000000002,1.5175,1.5236,1.5327000000000002,1.5488000000000002,1.564,1.5719,1.5775000000000001,1.5895000000000001,1.5979,1.6068,1.6166,1.6277000000000001,1.6400000000000001,1.6479000000000001,1.6545,1.6599000000000002,1.6666,1.6771,1.6863000000000001,1.6957,1.7049,1.7146000000000001,1.725,1.7328000000000001,1.7425000000000002,1.7541,1.7599,1.7668000000000001,1.7783,1.7850000000000001,1.7899,1.7995,1.8094000000000001,1.8181,1.8309000000000002,1.8370000000000002,1.8423,1.8524,1.8608,1.8694000000000002,1.8753000000000002,1.8821,1.887,1.8961000000000001,1.9056000000000002,1.9132,1.9278000000000002,1.9343000000000001,1.9452,1.9552,1.9603000000000002,1.9679000000000002,1.977,1.9839,1.9928000000000001,2.0004,2.0065,2.0164,2.0264,2.0349,2.0424,2.0485,2.0581,2.0676,2.0725000000000002,2.0789,2.0866000000000002,2.0942000000000003,2.1057,2.1144000000000003,2.1235,2.1331,2.1395,2.149,2.1546000000000003,2.1619,2.1723,2.1782,2.1878,2.1995,2.2067,2.2138,2.2227,2.2286,2.2382,2.2486,2.2583,2.2676000000000003,2.2789,2.2945,2.3023000000000002,2.3092,2.3211,2.3258,2.3353,2.3456,2.3554,2.3640000000000003,2.3712,2.3784,2.3857,2.3937,2.4015,2.4072,2.4138,2.4247,2.43,2.4381,2.4443,2.4546,2.4645,2.475,2.4854000000000003,2.4945,2.5011,2.5072,2.5151000000000003,2.5254000000000003,2.5358,2.5409,2.5526,2.5598,2.5672,2.5748,2.5842,2.5922,2.6001000000000003,2.6074,2.6158,2.621,2.6295,2.6376,2.6442,2.6488,2.6582000000000003,2.6648,2.6711,2.6796,2.6876,2.7002,2.708,2.7159,2.7273,2.7342,2.7399,2.748,2.7572,2.7663,2.778,2.7899000000000003,2.8008,2.8120000000000003,2.8223000000000003,2.8287,2.8358000000000003,2.8441,2.8493,2.8581000000000003,2.8648000000000002,2.8709000000000002,2.8769,2.8875,2.8957,2.9031000000000002,2.9123,2.9253,2.9315,2.9395000000000002,2.9509000000000003,2.9566000000000003,2.9658,2.9738,2.9796,2.9861,2.9952
71121:2.2917,2.4397,2.5827,2.6899,2.8067,2.9239
71216:0.9530000000000001,0.9595,1.0017,1.0070000000000001,1.0193,1.0308,1.0426,1.0429000000000002,1.0762,1.1207,1.127,1.169,1.2062000000000002,1.2113,1.2187000000000001,1.2212,1.2478,1.2715,1.3010000000000002,1.3063,1.3121,1.3266,1.343,1.3443,1.3617000000000001,1.3902,1.4274,1.4329,1.4476,1.4717,1.4728,1.4875,1.5024000000000002,1.5287000000000002,1.5439,1.5503,1.5531000000000001,1.5549000000000002,1.5566,1.5770000000000002,1.5816000000000001,1.5871000000000002,1.5885,1.5946,1.5984,1.6029,1.6031,1.6049,1.6057000000000001,1.6125,1.6401000000000001,1.6421000000000001,1.6475000000000002,1.6504,1.6512,1.6527,1.655,1.6638000000000002,1.6706,1.6708,1.6937,1.6952,1.7091,1.7218,1.7324000000000002,1.7429000000000001,1.7473,1.7591,1.7705000000000002,1.7779,1.7783,1.7873,1.79,1.7936,1.8062,1.8070000000000002,1.8090000000000002,1.8284,1.8386,1.8414000000000001,1.8416000000000001,1.8418,1.8446,1.8478,1.853,1.8536000000000001,1.8571000000000002,1.8603,1.8723,1.8760000000000001,1.9119000000000002,1.9251,1.9292,1.9320000000000002,1.9378000000000002,1.9475,1.9568,1.9659000000000002,1.9702000000000002,1.9745000000000001,1.9786000000000001,1.9834,1.984,1.997,2.0117000000000003,2.0199000000000003,2.0239000000000003,2.0417,2.0614,2.0621,2.063,2.0716,2.0784000000000002,2.0900000000000003,2.0953,2.0993,2.1154,2.1179,2.1206,2.1561,2.1632000000000002,2.1664000000000003,2.1666000000000003,2.1687000000000003,2.1747,2.1784,2.1799,2.1829,2.1846,2.1856,2.1879,2.2101,2.2158,2.2171000000000003,2.2276000000000002,2.2281,2.2381,2.2529,2.2787,2.2797,2.2814,2.2817000000000003,2.2844,2.2852,2.2974,2.3114,2.3212,2.3227,2.3267,2.3288,2.3324000000000003,2.3376,2.3579000000000003,2.3613,2.3663000000000003,2.3668,2.3679,2.369,2.3785000000000003,2.3859,2.3928000000000003,2.3976,2.4006000000000003,2.4149000000000003,2.4316,2.4354,2.4422,2.4541,2.4615,2.4623,2.4727,2.4749000000000003,2.4806,2.4859,2.4919000000000002,2.4976000000000003,2.5042,2.5187,2.5262000000000002,2.5281000000000002,2.5342000000000002,2.5771,2.5805000000000002,2.5905,2.5921000000000003,2.6017,2.6057,2.6091,2.6098000000000003,2.623,2.6329000000000002,2.6396,2.6454,2.6517,2.6615,2.6774,2.68,2.6816,2.7042,2.7053000000000003,2.7093000000000003,2.7132,2.7195,2.7266,2.7272000000000003,2.7411000000000003,2.7451000000000003,2.7510000000000003,2.7546,2.7567,2.7595,2.7603,2.7641,2.7705,2.7789,2.789,2.7901000000000002,2.793,2.7994000000000003,2.8017000000000003,2.8273,2.8299000000000003,2.8326000000000002,2.8400000000000003,2.8545000000000003,2.8631,2.865,2.8664,2.8825000000000003,2.902,2.9104,2.9147000000000003,2.9194,2.9363,2.9465000000000003,2.9482,2.9503,2.9514,2.9571,2.9612000000000003,2.9809,2.9826,2.9845,2.9868,2.9946
71459:1.034,1.1313,1.1742000000000001,1.2151,1.2656,1.3075,1.3574000000000002,1.3905,1.4436,1.469,1.4962,1.5092,1.5371000000000001,1.5507,1.5798,1.5966,1.616,1.6629,1.6764000000000001,1.6955,1.7291,1.7646000000000002,1.7818,1.8048000000000002,1.8188000000000002,1.8494000000000002,1.8627,1.8901000000000001,1.9023,1.9120000000000001,1.9353,1.9492,1.9694,1.9845000000000002,1.9954,2.0282,2.036,2.0498000000000003,2.0701,2.1047000000000002,2.1352,2.1734,2.1912000000000003,2.2184,2.2291000000000003,2.2578,2.2688,2.3023000000000002,2.3236000000000003,2.3468,2.3609,2.3718,2.3947000000000003,2.404,2.4251,2.4461,2.4675000000000002,2.4993000000000003,2.5142,2.5403000000000002,2.5649,2.5835,2.6153,2.6387,2.6506000000000003,2.6835,2.7018,2.7144,2.7465,2.7609000000000004,2.7919,2.8049,2.8129,2.8314,2.8434,2.8612,2.8685,2.8871,2.9268,2.9398,2.9650000000000003,2.9989000000000003
71655:0.9721000000000001,0.9820000000000001,1.0053,1.0285,1.0349000000000002,1.0429000000000002,1.0443,1.0576,1.1123,1.1332,1.1569,1.1944000000000001,1.195,1.2026000000000001,1.2057,1.2265000000000001,1.236,1.2394,1.25,1.2509000000000001,1.2637,1.2706,1.2841,1.3206,1.3266,1.3338,1.3365,1.3386,1.342,1.3548,1.3553000000000002,1.3641,1.3718000000000001,1.3876000000000002,1.4084,1.4133,1.4382000000000001,1.4432,1.4480000000000002,1.4593,1.4999,1.5154,1.516,1.5175,1.5182,1.5225,1.5386,1.5428000000000002,1.5446,1.5497,1.55,1.562,1.5783,1.593,1.5991,1.6044,1.607,1.608,1.6086,1.6178000000000001,1.6218000000000001,1.6289,1.6379000000000001,1.6406,1.6627,1.6699000000000002,1.6714,1.677,1.6787,1.6872,1.6921000000000002,1.697,1.7184000000000001,1.7232,1.731,1.7329,1.7432,1.7443000000000002,1.7484000000000002,1.7599,1.7608000000000001,1.7686000000000002,1.7696,1.7828000000000002,1.7861,1.7935,1.7971000000000001,1.8091000000000002,1.8098,1.8234000000000001,1.8241,1.8317,1.8328,1.8421,1.8427,1.8544,1.8564,1.8566,1.861,1.8651,1.8657000000000001,1.8757000000000001,1.8904,1.8906,1.9047,1.9058000000000002,1.9076000000000002,1.9096000000000002,1.9102000000000001,1.9302000000000001,1.9329,1.9517,1.9574,1.9598,1.9621000000000002,1.9846000000000001,1.9909000000000001,1.9968000000000001,2.0099,2.0207,2.0223,2.0241000000000002,2.0261,2.0269,2.0433,2.0519000000000003,2.0584000000000002,2.0599000000000003,2.0636,2.0648,2.0663,2.0682,2.0805000000000002,2.1003000000000003,2.1012,2.1059,2.1085000000000003,2.1164,2.1204,2.1291,2.1435,2.1676,2.1715,2.1787,2.1933000000000002,2.1993,2.2212,2.2228,2.2284,2.2312000000000003,2.2382,2.2394000000000003,2.2406,2.2823,2.2855000000000003,2.2922000000000002,2.2967,2.2972,2.3008,2.3045,2.3096,2.3142,2.3294,2.3406000000000002,2.3559,2.3611,2.3697,2.3857,2.3972,2.3987000000000003,2.4068,2.4130000000000003,2.419,2.424,2.4242,2.4245,2.4344,2.4351000000000003,2.4393000000000002,2.4416,2.4664,2.4704,2.4786,2.4798,2.4917000000000002,2.5061,2.5087,2.5095,2.515,2.5192,2.5237000000000003,2.5335,2.5337,2.559,2.5694,2.5701,2.5809,2.5925000000000002,2.6105,2.6264000000000003,2.6291,2.6429,2.6434,2.6564,2.657,2.662,2.6870000000000003,2.6876,2.6915,2.6958,2.6999,2.7014,2.7052,2.7082,2.7166,2.7212,2.7287000000000003,2.7366,2.7706,2.7713,2.7748,2.7801,2.7881,2.7993,2.8006,2.8301000000000003,2.8442000000000003,2.8476000000000004,2.8492,2.8638000000000003,2.8659000000000003,2.8663000000000003,2.8694,2.87,2.8852,2.8875,2.8926000000000003,2.9018,2.9068,2.9179,2.9322000000000004,2.9439,2.9475000000000002,2.9491,2.959,2.9601,2.9775,2.9811,2.9864,2.9917000000000002,2.9959000000000002,2.9961,2.9986,2.9991000000000003
71934:2.2857000000000003,2.581
72418:1.6234000000000002,2.0071
72465:2.6244
72578:1.2073,1.3059,1.3722,1.4394,1.4679,1.5068000000000001,1.5518,1.5678,1.5849,1.615,1.6512,1.6617000000000002,1.6966,1.7367000000000001,1.762,1.7933000000000001,1.8115,1.8338,1.8503,1.8654000000000002,1.9047,1.937,1.9606000000000001,1.9744000000000002,2.0135,2.0467,2.0762,2.0900000000000003,2.1139,2.1417,2.169,2.1881,2.2119,2.2305,2.2535000000000003,2.2883,2.3089,2.3341000000000003,2.3598,2.382,2.402,2.4267000000000003,2.4568000000000003,2.4796,2.4988,2.5236,2.559,2.6096,2.6306000000000003,2.6475,2.6749,2.6882,2.7086,2.734,2.7599,2.7805,2.803,2.8319,2.8573,2.883,2.91,2.9383000000000004,2.9597,2.99
72719:1.1984000000000001,1.2418,1.2663,1.3131000000000002,1.3603,1.3791,1.3949,1.4200000000000002,1.4578,1.4924000000000002,1.5026000000000002,1.5269000000000001,1.5585,1.5922,1.6048,1.6413,1.6509,1.6658000000000002,1.6758000000000002,1.6968,1.7205000000000001,1.7333,1.7492,1.7721,1.7851000000000001,1.7968000000000002,1.8093000000000001,1.8302,1.8417000000000001,1.8638000000000001,1.8912,1.9241000000000001,1.9349,1.9725000000000001,1.9824000000000002,1.9987000000000001,2.0124,2.0340000000000003,2.0449,2.063,2.0744000000000002,2.0819,2.0929,2.1143,2.1241000000000003,2.1470000000000002,2.1663,2.1977,2.2098,2.2212,2.2312000000000003,2.2475,2.2587,2.2721,2.2915,2.3162000000000003,2.3379000000000003,2.3479,2.3612,2.3707000000000003,2.3848000000000003,2.3954,2.4375,2.468,2.4766,2.4885,2.4988,2.5096000000000003,2.5284,2.5366,2.5608,2.5809,2.5982000000000003,2.6168,2.6267,2.6514,2.6708000000000003,2.7028000000000003,2.7127000000000003,2.724,2.7515,2.7609000000000004,2.7841,2.7962000000000002,2.8373,2.8526000000000002,2.8672,2.9024,2.9242000000000004,2.9336,2.9722,2.995
73154:0.915,1.0222,1.0232,1.0274,1.0924,1.1414,1.1648,1.1892,1.1957,1.2101,1.232,1.2585,1.2595,1.2622,1.2726,1.2807000000000002,1.3431,1.3518000000000001,1.3555000000000001,1.3765,1.379,1.3820000000000001,1.3892,1.3988,1.4023,1.4421000000000002,1.4702000000000002,1.4753,1.4975,1.5090000000000001,1.5149000000000001,1.5189000000000001,1.526,1.5395,1.5414,1.5568000000000002,1.5617,1.5663,1.5676,1.5836000000000001,1.6038000000000001,1.6068,1.6135000000000002,1.6194000000000002,1.6305,1.6367,1.6545,1.655,1.6583,1.6701000000000001,1.6758000000000002,1.6878000000000002,1.7028,1.7120000000000002,1.7203000000000002,1.7224000000000002,1.7295,1.7359,1.7447000000000001,1.7468000000000001,1.7576,1.7616,1.7782,1.7809000000000001,1.7824,1.7914,1.7973000000000001,1.8019,1.8096,1.8137,1.8307,1.8352000000000002,1.8477000000000001,1.8516000000000001,1.8595000000000002,1.8613000000000002,1.8715000000000002,1.8771,1.8900000000000001,1.8942,1.8967,1.9060000000000001,1.9096000000000002,1.9128,1.9172,1.9222000000000001,1.9251,1.9269,1.9315,1.9440000000000002,1.9442000000000002,1.9481000000000002,1.9514,1.9560000000000002,1.9666000000000001,1.9697,1.9760000000000002,1.9782000000000002,1.9966000000000002,1.9983000000000002,1.9994,2.0031,2.0098000000000003,2.0140000000000002,2.0154,2.0169,2.0340000000000003,2.0398,2.0403000000000002,2.0466,2.0484,2.0487,2.0529,2.0602,2.0639000000000003,2.0789,2.0847,2.0849,2.0873,2.0931,2.101,2.107,2.1112,2.118,2.132,2.1346000000000003,2.1381,2.1414,2.1428000000000003,2.1467,2.1497,2.1586000000000003,2.1631,2.1647000000000003,2.1681,2.2047000000000003,2.2084,2.2086,2.2128,2.2137000000000002,2.2149,2.2156000000000002,2.2195,2.2199,2.2275,2.229,2.232,2.2329000000000003,2.2354000000000003,2.2373000000000003,2.2556000000000003,2.2568,2.274,2.2887,2.2923,2.2976,2.2981000000000003,2.3109,2.3114,2.3251,2.3273,2.3320000000000003,2.3523,2.3581000000000003,2.3625000000000003,2.3718,2.3743000000000003,2.3794,2.3818,2.395,2.4013,2.4057,2.4273000000000002,2.4362,2.4527,2.4663,2.4768000000000003,2.4775,2.4808000000000003,2.4854000000000003,2.4979,2.5069,2.5187,2.5249,2.5356,2.536,2.5478,2.5492,2.5507,2.5525,2.5531,2.5541,2.565,2.5663,2.5716,2.5822000000000003,2.5951,2.6049,2.6085000000000003,2.6149,2.6215,2.6228000000000002,2.6313,2.6512000000000002,2.6576,2.6669,2.6827,2.6849000000000003,2.6937,2.6964,2.6976,2.7144,2.7153,2.7182,2.7223,2.7266,2.7271,2.7334,2.7337000000000002,2.7357,2.7435,2.7506,2.7667,2.7687,2.7793,2.7880000000000003,2.7895000000000003,2.7908,2.7923,2.802,2.8023000000000002,2.831,2.8321,2.8334,2.8409,2.8417000000000003,2.8463000000000003,2.8522000000000003,2.854,2.8606000000000003,2.8611,2.8623000000000003,2.8627000000000002,2.8635,2.8743000000000003,2.8810000000000002,2.8817,2.8929,2.9064,2.907,2.9076,2.9099,2.9117,2.9145000000000003,2.9151000000000002,2.9243,2.9333,2.9366000000000003,2.9593000000000003,2.9646000000000003,2.9649,2.9695,2.9779,2.9815,2.9827000000000004,2.9896000000000003,2.9966,2.9972000000000003
73365:1.9867000000000001
73773:1.2902,1.3888,1.4334,1.4609,1.5201,1.5611000000000002,1.5852000000000002,1.6073000000000002,1.6296000000000002,1.6558000000000002,1.6836,1.7022000000000002,1.726,1.7475,1.7719,1.7962,1.8132000000000001,1.83,1.8458,1.8609,1.8849,1.9061000000000001,1.9262000000000001,1.9384000000000001,1.9584000000000001,1.9802000000000002,2.0022,2.0157000000000003,2.039,2.0556,2.0682,2.0864000000000003,2.1022000000000003,2.1149,2.1333,2.1522,2.1741,2.1921,2.222,2.244,2.2678000000000003,2.287,2.3048,2.3302,2.3493,2.3667000000000002,2.3902,2.4179,2.4450000000000003,2.4679,2.4986,2.5149,2.5481000000000003,2.5698000000000003,2.5971,2.6155,2.6289000000000002,2.6463,2.6643000000000003,2.6896,2.7119,2.7289000000000003,2.7452,2.7697000000000003,2.7901000000000002,2.8253,2.8398000000000003,2.8689,2.8873,2.9027000000000003,2.9355,2.958,2.9779
73832:1.4194,1.5383,1.5996000000000001,1.6344,1.6731,1.7014,1.7378,1.7702,1.8078,1.8408,1.8874000000000002,1.9094,1.9343000000000001,1.9648,1.9966000000000002,2.0246,2.0602,2.0841000000000003,2.1162,2.1662,2.2004,2.2244,2.2511,2.282,2.3077,2.3406000000000002,2.3705000000000003,2.3946,2.4199,2.4421,2.4730000000000003,2.4978000000000002,2.5247,2.5521000000000003,2.5747,2.5976,2.6270000000000002,2.6526,2.6833,2.7094,2.7416,2.7711,2.7918000000000003,2.8200000000000003,2.8539000000000003,2.8761,2.9004000000000003,2.9229000000000003,2.9490000000000003,2.9793000000000003,2.9968000000000004
74159:1.0877000000000001,1.1582000000000001,1.2014,1.2433,1.2747000000000002,1.2985,1.3319,1.3578000000000001,1.3954,1.4239000000000002,1.462,1.499,1.5349000000000002,1.5648,1.5989,1.6219000000000001,1.6441000000000001,1.6688,1.6909,1.7268000000000001,1.7459,1.7732,1.7992000000000001,1.8366,1.865,1.889,1.9277000000000002,1.9445000000000001,1.9776,1.9929000000000001,2.0154,2.049,2.0762,2.0926,2.1301,2.1487000000000003,2.1732,2.2007000000000003,2.2338,2.2592000000000003,2.2937000000000003,2.3263000000000003,2.3451,2.3741000000000003,2.3942,2.4490000000000003,2.4715000000000003,2.4881,2.5134000000000003,2.5300000000000002,2.5654,2.6044,2.6232,2.6447000000000003,2.6710000000000003,2.6903,2.7157,2.7331000000000003,2.7535000000000003,2.7751,2.8053000000000003,2.8394,2.862,2.9046000000000003,2.9298,2.9746,2.9965
74186:1.0432000000000001,1.1822000000000001,1.4527,1.6508,1.7383000000000002,1.9626000000000001,1.9868000000000001,2.3083,2.8972
74389:1.7658,1.9248,2.6469,2.7001,2.7373000000000003
74399:1.0097,1.1365,1.2034,1.2639,1.2842,1.3197,1.3521,1.3619,1.3955,1.4097000000000002,1.4286,1.4541000000000002,1.4811,1.5091,1.5234,1.5347000000000002,1.5562,1.5678,1.5875000000000001,1.6115000000000002,1.6201,1.6418000000000001,1.6625,1.6728,1.6797,1.7033,1.728,1.7396,1.7487000000000001,1.7697,1.7904,1.8059,1.8279,1.8436000000000001,1.8556000000000001,1.8646,1.8764,1.8913,1.8994000000000002,1.9163000000000001,1.933,1.9427,1.9620000000000002,1.9748,1.9861000000000002,1.9962000000000002,2.0145,2.033,2.0472,2.0554,2.0769,2.088,2.1021,2.1128,2.1262000000000003,2.1451000000000002,2.1549,2.169,2.1877,2.2030000000000003,2.2178,2.2264,2.2401,2.2585,2.2694,2.2867,2.3012,2.3243,2.3374,2.3585000000000003,2.3713,2.3836,2.4005,2.436,2.4461,2.463,2.4810000000000003,2.4931,2.5122,2.5337,2.5495,2.5636,2.5929,2.608,2.6208,2.6307,2.6464000000000003,2.6744000000000003,2.6909,2.7031,2.7230000000000003,2.7367,2.7498,2.7658,2.7803,2.7953,2.8058,2.8324000000000003,2.8488,2.8598000000000003,2.8717,2.8943000000000003,2.9088000000000003,2.9217,2.9314,2.9516,2.9658,2.9752,2.9913000000000003
74562:1.0429000000000002,1.1817,1.4281000000000001,1.4518,1.6485,1.6906,1.7193,1.7375,1.8085,1.8126,1.8849,1.8914000000000002,1.9523000000000001,1.9620000000000002,1.9777,1.984,2.0952,2.1029,2.1406,2.1728,2.2306,2.3014,2.3077,2.3953,2.426,2.4749000000000003,2.4981,2.548,2.6119000000000003,2.658,2.6894,2.7325,2.7484,2.8114000000000003,2.8433,2.8733,2.8955,2.9328000000000003,2.9986
74633:1.3717000000000001,1.5317,1.7129,1.7631000000000001,1.8024,1.8586,1.8885,1.9163000000000001,1.9812,2.0278,2.087,2.1261,2.1685000000000003,2.2434000000000003,2.3005,2.3582,2.3823000000000003,2.4389000000000003,2.484,2.5351,2.5603000000000002,2.5871,2.6232,2.6636,2.7155,2.7382,2.8356000000000003,2.91,2.9527
75123:1.6348,1.7429000000000001,1.8369,1.9120000000000001,2.0098000000000003,2.0765000000000002,2.9712
75519:0.9443,1.1222,1.2041,1.2634,1.3112000000000001,1.3413000000000002,1.3518000000000001,1.4220000000000002,1.4709,1.5032,1.5790000000000002,1.6371,1.6748,1.7053,1.7185000000000001,1.7530000000000001,1.7658,1.7827000000000002,1.8078,1.8261,1.8649,1.8815000000000002,1.8922,1.9065,1.9322000000000001,1.9472,1.9853,2.0267,2.0472,2.0856,2.1179,2.1283000000000003,2.1577,2.1669,2.1898,2.2243,2.2523,2.2715,2.3001,2.3259000000000003,2.3404000000000003,2.3657,2.3909000000000002,2.4172000000000002,2.4354,2.4570000000000003,2.496,2.5269,2.5684,2.6108000000000002,2.6244,2.6508000000000003,2.6698,2.6926,2.7083,2.7438000000000002,2.7699000000000003,2.7881,2.8189,2.8387000000000002,2.8877,2.9095,2.9438,2.9654000000000003,2.991
75832:1.3266,1.3552,1.401,1.4319000000000002,1.4651,1.5083,1.5252000000000001,1.5621,1.5922,1.6129,1.6454,1.6658000000000002,1.6939000000000002,1.7179,1.7306000000000001,1.7557,1.7638,1.7850000000000001,1.8004,1.816,1.8385,1.8513000000000002,1.865,1.8837000000000002,1.8945,1.9068,1.9287,1.9416,1.9631,1.9725000000000001,1.9978,2.0161000000000002,2.039,2.0499,2.0655,2.0820000000000003,2.0919000000000003,2.1167000000000002,2.1296,2.1526,2.1697,2.1870000000000003,2.2109,2.2257000000000002,2.2398000000000002,2.2524,2.2674000000000003,2.2907,2.3057000000000003,2.3222,2.3367,2.3492,2.3652,2.3767,2.3953,2.4091,2.4343,2.4519,2.4739,2.4838,2.4970000000000003,2.5103,2.5252000000000003,2.5375,2.5555000000000003,2.5724,2.5874,2.6127000000000002,2.6242,2.64,2.6568,2.6689000000000003,2.6827,2.6986000000000003,2.7119,2.7294,2.7373000000000003,2.7562,2.777,2.7947,2.8259000000000003,2.8428,2.8656,2.8904,2.9079,2.9192,2.9485,2.9693,2.9811,2.9932000000000003
76241:1.7172,1.7612,1.7972000000000001,1.8847,1.9221000000000001,2.0521000000000003,2.1506000000000003,2.2745,2.3321,2.4071000000000002,2.4946,2.6119000000000003,2.6442,2.6705,2.7068000000000003,2.7324,2.8422,2.9015,2.9984
76281:0.8745,0.9529000000000001,1.0098,1.0356,1.0421,1.0430000000000001,1.0493000000000001,1.0651000000000002,1.1085,1.1328,1.1458000000000002,1.1756,1.1838,1.1878,1.235,1.2368000000000001,1.2466000000000002,1.2644,1.2677,1.2889000000000002,1.2898,1.2985,1.3588,1.4100000000000001,1.4211,1.4385000000000001,1.4545000000000001,1.457,1.4623000000000002,1.4714,1.4753,1.4891,1.4986000000000002,1.5024000000000002,1.5077,1.5225,1.53,1.5335,1.5467,1.5729,1.5856000000000001,1.591,1.5914000000000001,1.5931000000000002,1.5965,1.5985,1.6006,1.601,1.6058000000000001,1.6113000000000002,1.616,1.6193000000000002,1.62,1.6311,1.6343,1.6529,1.663,1.6716,1.6725,1.6936,1.6954,1.6992,1.7105000000000001,1.7204000000000002,1.7308000000000001,1.7535,1.7795,1.7829000000000002,1.784,1.7924,1.7958,1.7987000000000002,1.8059,1.8104,1.8107,1.8235000000000001,1.8268,1.8345,1.8378,1.838,1.8478,1.8514000000000002,1.8561,1.8657000000000001,1.8795000000000002,1.8907,1.8938000000000001,1.8989,1.9069,1.9203000000000001,1.9299000000000002,1.9303000000000001,1.9335,1.9354,1.9495,1.9542000000000002,1.9545000000000001,1.9664000000000001,1.9735,1.9869,1.9881000000000002,1.9911,2.0198,2.0285,2.0368,2.0377,2.0386,2.0534,2.0557000000000003,2.0582000000000003,2.0606,2.069,2.0711,2.0788,2.0833,2.1004,2.1033,2.1068000000000002,2.1202,2.1222000000000003,2.1289000000000002,2.1418,2.1459,2.1564,2.1573,2.1634,2.1668000000000003,2.1703,2.1791,2.1803,2.1827,2.1847000000000003,2.1946,2.1968,2.2002,2.2154000000000003,2.216,2.2217000000000002,2.2223,2.2295000000000003,2.2678000000000003,2.2691,2.2708,2.2743,2.2823,2.2848,2.3027,2.3054,2.3083,2.3126,2.3187,2.3224,2.3403,2.341,2.3432,2.3715,2.3813,2.3892,2.3918,2.3961,2.4069000000000003,2.4136,2.4183,2.4330000000000003,2.4438,2.4449,2.4472,2.4496,2.4577,2.4596,2.4653,2.4716,2.4726,2.4731,2.4754,2.4773,2.4786,2.482,2.4893,2.4909000000000003,2.4989,2.5009,2.5026,2.5057,2.5067,2.5142,2.5166,2.5185,2.5286,2.537,2.5376000000000003,2.5415,2.5475000000000003,2.5539,2.5548,2.5644,2.5708,2.575,2.5831,2.589,2.5961000000000003,2.5966,2.5993,2.6201000000000003,2.6208,2.6514,2.6612,2.6621,2.6871,2.6873,2.6882,2.7059,2.728,2.7554000000000003,2.7637,2.7657000000000003,2.7681,2.769,2.7719,2.7913,2.7935000000000003,2.8015000000000003,2.8022,2.8048,2.8165,2.8198000000000003,2.8276000000000003,2.8291,2.8320000000000003,2.8325,2.8331,2.8352,2.8434,2.8477,2.8579000000000003,2.8617000000000004,2.8687,2.8726000000000003,2.8752,2.8782,2.8814,2.8838,2.8871,2.8947000000000003,2.9351000000000003,2.9359,2.9452000000000003,2.9494000000000002,2.9505000000000003,2.9527,2.9610000000000003,2.9705000000000004,2.9715000000000003,2.9818000000000002,2.9825,2.9854000000000003,2.9859,2.9956,2.9969,2.9979
76684:1.6799000000000002,1.7394,1.8062,1.848,1.9042000000000001,1.9742000000000002,2.0498000000000003,2.0988,2.1831,2.249,2.3432,2.3988,2.5043,2.5639000000000003,2.6098000000000003,2.6764,2.7469,2.8355,2.9211,2.9881
76821:1.528,1.8743,1.9185,2.0963000000000003,2.2373000000000003,2.2858,2.3541000000000003,2.4119,2.4804,2.5595000000000003,2.6625,2.8526000000000002,2.9783
77031:1.9142000000000001
77241:1.4691,1.5621,1.6169,2.1902,2.2832,2.5168,2.6511,2.7678000000000003,2.8899000000000004
77358:0.9385,0.9861000000000001,1.0482,1.0533000000000001,1.0543,1.0717,1.1025,1.1046,1.1476,1.1558000000000002,1.1917,1.2131,1.2134,1.2208,1.2265000000000001,1.2628000000000001,1.2894,1.2923,1.2953000000000001,1.3036,1.3102,1.3130000000000002,1.3406,1.3431,1.3434000000000001,1.3598000000000001,1.3677000000000001,1.3696000000000002,1.3712,1.373,1.3924,1.3978000000000002,1.4015,1.4032,1.4091,1.4319000000000002,1.4474,1.4557,1.4568,1.4591,1.4712,1.4817,1.4933,1.5095,1.5329000000000002,1.5385,1.5419,1.5444,1.5457,1.5656,1.6003,1.6301,1.6419000000000001,1.6438000000000001,1.6517000000000002,1.6520000000000001,1.6595,1.6688,1.6739000000000002,1.6741000000000001,1.681,1.6883000000000001,1.7034,1.7099,1.7165000000000001,1.7204000000000002,1.7227000000000001,1.7303000000000002,1.7325000000000002,1.74,1.7488000000000001,1.7548000000000001,1.7563000000000002,1.7709000000000001,1.7773,1.7854,1.7905,1.7917,1.8001,1.802,1.8104,1.8211000000000002,1.8431000000000002,1.8468,1.8539,1.8556000000000001,1.8726,1.8754000000000002,1.8811,1.8919000000000001,1.8963,1.897,1.8983,1.901,1.9021000000000001,1.9038000000000002,1.9045,1.9125,1.9153,1.9289,1.935,1.9398000000000002,1.9425000000000001,1.9451,1.9469,1.9511,1.9642000000000002,1.9647000000000001,1.9673,1.9729,1.9734,1.9839,2.0042,2.0147,2.0199000000000003,2.0455,2.0494,2.0551,2.0612,2.0618000000000003,2.0628,2.0697,2.0855,2.0908,2.0936,2.1002,2.1024000000000003,2.1038,2.1042,2.1054,2.1065,2.1208,2.1567000000000003,2.1598,2.1646,2.1666000000000003,2.1695,2.1932,2.2014,2.2108000000000003,2.2156000000000002,2.2236000000000002,2.2242,2.2336,2.2374,2.2536,2.2722,2.287,2.2903000000000002,2.3031,2.3127,2.3206,2.3455,2.3477,2.3523,2.3547000000000002,2.363,2.3681,2.398,2.4016,2.4116,2.4141,2.42,2.4307000000000003,2.4334000000000002,2.4458,2.4543,2.4602,2.4691,2.4696000000000002,2.4762,2.4817,2.5226,2.5276,2.539,2.5500000000000003,2.5807,2.5889,2.5963000000000003,2.6159000000000003,2.6205000000000003,2.6208,2.6315,2.6371,2.6478,2.6505,2.6536,2.6631,2.6708000000000003,2.6859,2.6895000000000002,2.7062,2.71,2.7217000000000002,2.7356000000000003,2.7389,2.7408,2.7442,2.7447,2.7562,2.7568,2.7573000000000003,2.7618,2.7712000000000003,2.7762000000000002,2.779,2.7817000000000003,2.7894,2.7985,2.8083,2.8235,2.8256,2.8289,2.841,2.8452,2.8535,2.8776,2.878,2.8975,2.8997,2.931,2.9367,2.9392,2.9427000000000003,2.9429000000000003,2.946,2.9467000000000003,2.9582,2.9612000000000003,2.9671000000000003,2.9734000000000003,2.9759,2.9817
77411:0.8529,0.8618,0.9981000000000001,1.0564,1.0569,1.0579,1.0709,1.0858,1.1072,1.1158000000000001,1.1665,1.1737,1.1848,1.1857,1.1945000000000001,1.2175,1.2486000000000002,1.2802,1.3012000000000001,1.3209,1.3654000000000002,1.3877000000000002,1.3993,1.4009,1.4078000000000002,1.4127,1.4284000000000001,1.4368,1.4566000000000001,1.4631,1.4692,1.4795,1.4972,1.5083,1.5123,1.5162,1.5229000000000001,1.5494,1.556,1.5618,1.582,1.5861,1.5917000000000001,1.6146,1.6178000000000001,1.6209,1.6354000000000002,1.6407,1.6481000000000001,1.6549,1.6551,1.6566,1.6594,1.6616000000000002,1.6754,1.6763000000000001,1.6780000000000002,1.6845,1.7028,1.7097,1.7128,1.7182000000000002,1.726,1.7302000000000002,1.7355,1.7449000000000001,1.7499,1.7527000000000001,1.7699,1.7767000000000002,1.7785000000000002,1.7821,1.7910000000000001,1.8009000000000002,1.8052000000000001,1.8124,1.8128000000000002,1.816,1.8177,1.818,1.8274000000000001,1.8282,1.8295000000000001,1.8328,1.8335000000000001,1.8339,1.8408,1.8521,1.8601,1.867,1.8788,1.8794000000000002,1.8922,1.9025,1.9058000000000002,1.9141000000000001,1.9196000000000002,1.9294,1.9327,1.9427,1.9466,1.9536,1.9712,1.9720000000000002,1.9800000000000002,1.9828000000000001,1.9963000000000002,1.9968000000000001,2.0337,2.035,2.039,2.0429,2.0462000000000002,2.0475000000000003,2.0507,2.0578000000000003,2.0695,2.0892,2.1029,2.1044,2.109,2.1108000000000002,2.1126,2.1168,2.1194,2.1301,2.1378,2.141,2.1414,2.142,2.1432,2.1437,2.1452,2.1483000000000003,2.1537,2.1581,2.1624000000000003,2.1682,2.1699,2.1704,2.1737,2.1833,2.1875,2.1897,2.2079,2.2125,2.2208,2.2230000000000003,2.2286,2.2288,2.234,2.2355,2.2359,2.2528,2.2546,2.2647,2.2726,2.2834000000000003,2.2848,2.2974,2.3042000000000002,2.3263000000000003,2.338,2.3441,2.349,2.3632,2.3686000000000003,2.3804000000000003,2.3897,2.4057,2.4282,2.4343,2.4381,2.4397,2.4539,2.4625,2.4692000000000003,2.4747,2.4761,2.4769,2.4893,2.5042,2.507,2.5097,2.5143,2.5152,2.529,2.5388,2.5547,2.5637000000000003,2.5708,2.5765000000000002,2.5793,2.5958,2.5995,2.6004,2.6169000000000002,2.6337,2.6348000000000003,2.6457,2.6502000000000003,2.6630000000000003,2.6652,2.6673,2.6678,2.6686,2.6806,2.6858,2.6982,2.7032000000000003,2.716,2.7296,2.7430000000000003,2.7482,2.753,2.7648,2.7657000000000003,2.789,2.7898,2.7946,2.7979000000000003,2.8121,2.8184,2.8437,2.8505000000000003,2.853,2.8601,2.8633,2.8642000000000003,2.8677,2.8715,2.8783000000000003,2.8817,2.8872,2.8906,2.9007,2.9056,2.9208000000000003,2.9305000000000003,2.9403,2.9476,2.9497,2.958,2.9669000000000003,2.9792,2.9829000000000003,2.9905
77806:2.1726,2.363,2.4889,2.5784000000000002,2.6275,2.7165,2.769,2.9393000000000002
77984:1.6266,1.7088,1.804,1.8444,1.8908,1.9380000000000002,2.0122,2.0601000000000003,2.1047000000000002,2.1525000000000003,2.2126,2.2712000000000003,2.3405,2.4182,2.5188,2.5684,2.6237,2.6797,2.7527,2.8088,2.8757,2.9492000000000003,2.9993000000000003
78074:1.8760000000000001,1.9193,2.0933,2.3765,2.4149000000000003,2.5924,2.6836,2.7296,2.8789000000000002,2.9859
78311:1.0794000000000001,1.2231,1.239,1.333,1.3372000000000002,1.4049,1.4215,1.4731,1.512,1.5618,1.5909,1.6149,1.621,1.6516000000000002,1.7008,1.707,1.7172,1.7459,1.7893000000000001,1.7964,1.8208000000000002,1.8407,1.8686,1.8769,1.9099000000000002,1.9538000000000002,1.9692,2.0023,2.0278,2.0534,2.0708,2.0787,2.112,2.1497,2.157,2.1896,2.1968,2.2312000000000003,2.283,2.2883,2.3258,2.3722000000000003,2.4051,2.4366000000000003,2.4807,2.5176000000000003,2.5780000000000003,2.5903,2.6119000000000003,2.6494,2.6565000000000003,2.6834000000000002,2.7201,2.7255000000000003,2.7703,2.8047,2.8361,2.8873,2.8972,2.9073,2.9468,2.9754,2.9826
78442:0.8251000000000001,0.8551000000000001,0.8969,0.9529000000000001,1.0114,1.0564,1.0747,1.0859,1.1042,1.1336000000000002,1.1399000000000001,1.1524,1.1746,1.1755,1.1967,1.2011,1.2359,1.2672,1.2737,1.2952000000000001,1.3005,1.3026,1.306,1.3117,1.3167,1.3341,1.3473000000000002,1.365,1.371,1.374,1.4055,1.4081000000000001,1.4191,1.4229,1.4304000000000001,1.4341000000000002,1.4367,1.4459,1.4763000000000002,1.4788000000000001,1.4957,1.5229000000000001,1.5396,1.5450000000000002,1.5650000000000002,1.5713000000000001,1.5749,1.5783,1.5905,1.6136000000000001,1.6142,1.6305,1.6362,1.6419000000000001,1.6454,1.6516000000000002,1.6529,1.6548,1.6560000000000001,1.6569,1.6579000000000002,1.6943000000000001,1.7063000000000001,1.7198,1.7246000000000001,1.7287000000000001,1.7353,1.7378,1.7383000000000002,1.7411,1.7546000000000002,1.7595,1.7893000000000001,1.7962,1.8033000000000001,1.8186,1.8211000000000002,1.8327,1.8442,1.8478,1.8489,1.8492000000000002,1.8617000000000001,1.8811,1.8818000000000001,1.8880000000000001,1.9022000000000001,1.9040000000000001,1.9104,1.9115000000000002,1.9477,1.9575,1.9583000000000002,1.9620000000000002,1.9653,1.9687000000000001,1.9692,1.9756,1.9865000000000002,1.9984000000000002,1.9998,2.0100000000000002,2.0124,2.0139,2.0313,2.0363,2.0458000000000003,2.0649,2.0679000000000003,2.0717000000000003,2.0811,2.0839000000000003,2.0860000000000003,2.0931,2.1009,2.1051,2.1054,2.1138,2.1255,2.1418,2.1477,2.1496,2.1512000000000002,2.1583,2.1612,2.166,2.1775,2.1806,2.1994000000000002,2.2004,2.201,2.2044,2.2237,2.2249000000000003,2.2259,2.2428,2.2474000000000003,2.2569,2.267,2.2775000000000003,2.2813000000000003,2.2914000000000003,2.2958000000000003,2.2978,2.3039,2.3078000000000003,2.3141000000000003,2.3148,2.3158000000000003,2.3301000000000003,2.3360000000000003,2.3493,2.3635,2.3708,2.3725,2.3755,2.3761,2.3793,2.3823000000000003,2.3983000000000003,2.4035,2.4045,2.4062,2.4188,2.424,2.4267000000000003,2.4278,2.4301,2.4324,2.4391000000000003,2.4431000000000003,2.4488000000000003,2.4523,2.4804,2.4831000000000003,2.4889,2.4958,2.5053,2.5183,2.5362,2.5384,2.5424,2.5572,2.5618000000000003,2.572,2.5736000000000003,2.5831,2.6075,2.6086,2.6183,2.619,2.6233,2.6346000000000003,2.6426000000000003,2.6546000000000003,2.6550000000000002,2.6713,2.6764,2.6797,2.688,2.6952000000000003,2.7043,2.7055000000000002,2.7113,2.7129000000000003,2.7142,2.7501,2.7521,2.7532,2.7561,2.7657000000000003,2.7721,2.7746,2.7776,2.7857000000000003,2.7986,2.8043,2.8054,2.8076000000000003,2.8120000000000003,2.8197,2.8322000000000003,2.8368,2.8392,2.8412,2.846,2.8545000000000003,2.8649,2.8654,2.8763,2.8792,2.8921,2.9050000000000002,2.9063000000000003,2.9211,2.9303000000000003,2.9306,2.9402,2.9407,2.9571,2.9822,2.9843,2.9851,2.9891,2.9908,2.9923,2.9965,2.9973
78527:1.0327,1.0848,1.1733,1.1988,1.2759,1.3281,1.3521,1.4287,1.4695,1.5323,1.6405,1.7579,1.8229000000000002,1.8347,1.8978000000000002,1.9320000000000002,1.9816,2.0258000000000003,2.0595,2.0802,2.1249000000000002,2.1498,2.1608,2.1702,2.2272000000000003,2.2395,2.2496,2.2600000000000002,2.2914000000000003,2.3338,2.3585000000000003,2.388,2.3968000000000003,2.4461,2.4595000000000002,2.4672,2.4791000000000003,2.4874,2.5141,2.5295,2.5403000000000002,2.563,2.5765000000000002,2.6205000000000003,2.6404,2.6572,2.6904000000000003,2.7023,2.709,2.7287000000000003,2.7596000000000003,2.7797,2.7996000000000003,2.9015,2.9139,2.9318,2.9576000000000002,2.9761
78706:1.0858,1.2019,1.2403,1.3149
78877:1.1815,1.9852
78975:1.1009,1.3284,1.5138,1.6049,1.6784000000000001,1.7377,1.7637,1.8479,1.9099000000000002,2.0196,2.0895,2.1631,2.2007000000000003,2.3725,2.4081,2.5882,2.6236,2.6787,2.6898,2.7331000000000003,2.8709000000000002,2.9419
78988:1.7101000000000002,2.0776,2.2368,2.3415,2.4991000000000003
79051:1.2246000000000001,1.2845,1.3305,1.3436000000000001,1.3652,1.411,1.4308,1.4711,1.5195,1.5654000000000001,1.5776000000000001,1.5962,1.6152,1.6258000000000001,1.6500000000000001,1.6768,1.7034,1.7112,1.7433,1.7537,1.7675,1.7902,1.7983,1.8179,1.8453000000000002,1.8774000000000002,1.9120000000000001,1.9461000000000002,1.9727000000000001,1.9849,2.0015,2.0148,2.0299,2.0474,2.0619,2.0768,2.0868,2.0989,2.111,2.123,2.1366,2.1599,2.1859,2.2095000000000002,2.2421,2.2520000000000002,2.2741000000000002,2.2855000000000003,2.2953,2.3118000000000003,2.3217000000000003,2.3427000000000002,2.3599,2.3703000000000003,2.3794,2.4067000000000003,2.4162,2.434,2.4417,2.4584,2.4788,2.5152,2.5289,2.5474,2.5663,2.577,2.5876,2.6042,2.6279000000000003,2.6521000000000003,2.6612,2.6721,2.6827,2.6935000000000002,2.7036000000000002,2.7173000000000003,2.7282,2.7717,2.7858,2.8114000000000003,2.8275,2.8428,2.8526000000000002,2.8659000000000003,2.8748,2.8976,2.912,2.9224,2.9599,2.9794,2.9895
79993:1.4278,1.6483,1.7188,1.8083,1.8903,1.9521000000000002,1.9832,2.095,2.1402,2.1727000000000003,2.3013,2.4254000000000002,2.4747,2.5477000000000003,2.6594,2.6891000000000003,2.7476000000000003,2.8427000000000002,2.8953,2.9329
80081:2.0265
80272:1.3834
80863:0.9526,0.9599000000000001,0.9648,0.9820000000000001,0.9916,1.0475,1.1048,1.1116000000000001,1.1520000000000001,1.1866,1.2218,1.2317,1.2347000000000001,1.2388000000000001,1.2765,1.36,1.3631,1.3888,1.4007,1.4083,1.4115,1.415,1.4547,1.4621000000000002,1.4691,1.4726000000000001,1.4841,1.4881,1.4903000000000002,1.5097,1.5104,1.5227000000000002,1.5259,1.5268000000000002,1.5461,1.5464,1.5570000000000002,1.5626,1.5657,1.5847,1.6062,1.61,1.6136000000000001,1.6339000000000001,1.6491,1.6527,1.6599000000000002,1.6683000000000001,1.6688,1.6775,1.6862000000000001,1.6864000000000001,1.6868,1.6965000000000001,1.7033,1.7104000000000001,1.7251,1.7288000000000001,1.7305000000000001,1.7323000000000002,1.7334,1.7444000000000002,1.7478,1.7561,1.7616,1.7642,1.7661,1.7670000000000001,1.7923,1.7965,1.8067000000000002,1.8292000000000002,1.8445,1.8562,1.8716000000000002,1.8766,1.8777000000000001,1.8888,1.9114,1.9126,1.9140000000000001,1.9208,1.933,1.937,1.9433,1.9468,1.9486,1.9615,1.9622000000000002,1.9669,1.9963000000000002,2.0060000000000002,2.0101,2.012,2.0125,2.0204,2.0220000000000002,2.0254000000000003,2.0395000000000003,2.0405,2.0447,2.0525,2.0543,2.0599000000000003,2.0644,2.0711,2.0772,2.0826000000000002,2.0902000000000003,2.0941,2.0967000000000002,2.0997,2.1019,2.1104000000000003,2.1107,2.1195,2.1199,2.1263,2.132,2.1416,2.1432,2.1589,2.1617,2.1756,2.1904,2.1922,2.218,2.2204,2.222,2.2241,2.2265,2.2332,2.2359,2.2384,2.2402,2.2457000000000003,2.2635,2.2873,2.2899000000000003,2.2917,2.2942,2.3033,2.3040000000000003,2.3065,2.3175,2.3177000000000003,2.3189,2.3199,2.3249,2.3301000000000003,2.3323,2.3417,2.3483,2.349,2.3492,2.3560000000000003,2.359,2.3706,2.3728000000000002,2.3801,2.3811,2.3856,2.3907000000000003,2.3962000000000003,2.4013,2.4017,2.4064,2.4090000000000003,2.4144,2.4155,2.4185000000000003,2.4369,2.4376,2.4456,2.4565,2.4568000000000003,2.4631000000000003,2.4723,2.4783,2.4798,2.4845,2.4856000000000003,2.4911000000000003,2.5020000000000002,2.5035000000000003,2.5092000000000003,2.5131,2.5180000000000002,2.5194,2.5209,2.5246,2.5543,2.5607,2.5738000000000003,2.585,2.5856000000000003,2.5874,2.5882,2.6024000000000003,2.611,2.6151,2.6195,2.6226000000000003,2.6237,2.6261,2.6351,2.6455,2.6573,2.6616,2.6762,2.6786000000000003,2.684,2.6891000000000003,2.7157,2.7408,2.7414,2.746,2.7488,2.7577000000000003,2.758,2.7643,2.7759,2.7766,2.7845,2.7891,2.7916000000000003,2.7934,2.8014,2.8167,2.8214,2.8442000000000003,2.8505000000000003,2.8599,2.861,2.8627000000000002,2.8677,2.8752,2.8767,2.8773,2.8798000000000004,2.8908,2.9192,2.9211,2.9233000000000002,2.9294000000000002,2.9468,2.9491,2.967,2.9677000000000002,2.968,2.9767,2.9779,2.9811,2.9974000000000003
81026:1.3295000000000001,1.3508,1.4243000000000001,1.5035,1.5868,1.6635,1.7176,1.8203,1.8934000000000002,1.9467,2.0494,2.1339,2.1917,2.2477,2.3034,2.3411,2.3678,2.3931,2.4292000000000002,2.4465,2.5050000000000003,2.5318,2.5761000000000003,2.669,2.7855000000000003,2.8641,2.8924000000000003,2.9715000000000003
81297:1.2649000000000001,1.3511,1.862,1.8815000000000002,2.0512,2.2593,2.3755,2.3845,2.6225,2.746,2.9504
81317:2.5492
81321:1.1113
82270:1.7655,2.1359,2.1669
82446:1.2803
82479:2.5813
82513:1.4158000000000002,1.5801,1.6345,1.6903000000000001,1.7417,1.7927000000000002,1.8315000000000001,1.8724,1.9114,1.9734,2.0244,2.0693,2.1059,2.1506000000000003,2.1862,2.2381,2.2795,2.3403,2.3777,2.4248000000000003,2.4726,2.5648,2.6024000000000003,2.6527000000000003,2.7157,2.7953,2.8366000000000002,2.9023000000000003,2.9648000000000003
82630:2.1366,2.4294000000000002
82734:2.7371000000000003
83554:1.1696,1.2169,1.2602,1.3248,1.4045,1.4602000000000002,1.6619000000000002,1.7061000000000002,1.8876000000000002,2.0222,2.0602,2.161,2.2321,2.4045,2.4621,2.6159000000000003,2.6471,2.7385,2.9983
83920:1.2692,1.3344,1.3587,1.4144,1.4622000000000002,1.5021,1.5312000000000001,1.5979,1.6269,1.6535,1.6784000000000001,1.7038,1.7567000000000002,1.7763,1.8021,1.8248,1.8472000000000002,1.8840000000000001,1.8992,1.9172,1.9392,1.9743000000000002,2.0017,2.0278,2.0517000000000003,2.0674,2.087,2.1035,2.1273,2.1499,2.1701,2.2037,2.2276000000000002,2.2437,2.2621,2.29,2.3123,2.3363,2.3575,2.3738,2.4005,2.4203,2.4489,2.4639,2.4848,2.503,2.5277000000000003,2.5411,2.5681000000000003,2.5824000000000003,2.6171,2.6319,2.656,2.6707,2.6931000000000003,2.7105,2.7317,2.7457000000000003,2.7674000000000003,2.8001,2.8397,2.8587000000000002,2.8981000000000003,2.9162000000000003,2.9357,2.959,2.9797000000000002,2.9992
84089:2.2962000000000002
84431:1.0414,1.2066000000000001,1.2850000000000001,1.3385,1.3567,1.4007,1.4207,1.4731,1.54,1.5614000000000001,1.6974,1.7338,1.7672,1.7969000000000002,1.9039000000000001,1.9519000000000002,2.0216000000000003,2.0286,2.1373,2.1761,2.23,2.2962000000000002,2.311,2.3383000000000003,2.4341,2.4574000000000003,2.5411,2.5747,2.6236,2.6464000000000003,2.6862,2.7144,2.8047,2.8691,2.9062,2.939,2.9512,2.9628
84472:1.1491,1.1972,1.2387000000000001,1.2850000000000001,1.3215000000000001,1.3382,1.3676000000000001,1.4004,1.443,1.4599,1.4962,1.5246000000000002,1.5556,1.5757,1.587,1.6067,1.6357000000000002,1.6540000000000001,1.6740000000000002,1.7007,1.7061000000000002,1.7428000000000001,1.756,1.7736,1.7937,1.8019,1.8170000000000002,1.8412000000000002,1.8475000000000001,1.8693000000000002,1.8786,1.9080000000000001,1.9154,1.9539000000000002,1.959,1.9720000000000002,1.9877,2.0087,2.0161000000000002,2.029,2.0538000000000003,2.077,2.0945,2.109,2.1358,2.1407000000000003,2.1629,2.1857,2.1916,2.2258,2.2350000000000003,2.2584,2.2779000000000003,2.2832,2.3186,2.3364000000000003,2.3551,2.3701000000000003,2.3776,2.4031000000000002,2.4314,2.4496,2.4772000000000003,2.4817,2.5117000000000003,2.5216000000000003,2.5421,2.5506,2.5584000000000002,2.5701,2.5838,2.6017,2.6207000000000003,2.6445000000000003,2.6506000000000003,2.6594,2.6795,2.6847000000000003,2.6963,2.7143,2.7211000000000003,2.7424,2.7568,2.7714000000000003,2.7894,2.8054,2.8326000000000002,2.8385000000000002,2.8523,2.8867000000000003,2.9036,2.9179,2.9443,2.9737,2.9827000000000004,2.9885
84520:2.1195
84617:1.6188
84651:2.3718
85369:1.5257,1.6071,1.6609,1.7108,1.8043,1.8649,1.9124,1.9725000000000001,2.0754,2.1018,2.1659,2.2833,2.3539000000000003,2.4676,2.4907,2.5308,2.6251,2.7071,2.7582,2.8123,2.8718000000000004,2.9128000000000003,2.9409
86146:0.8626,0.8819,0.9539000000000001,0.9804,0.9883000000000001,1.0403,1.0491000000000001,1.0902,1.1114,1.1226,1.1513,1.1527,1.1877,1.2175,1.2631000000000001,1.2705,1.3152000000000001,1.3437000000000001,1.3548,1.3592,1.3601,1.3715000000000002,1.3734000000000002,1.3774,1.3859000000000001,1.3944,1.3996000000000002,1.4011,1.4092,1.4097000000000002,1.4255,1.4421000000000002,1.4485000000000001,1.4497,1.4832,1.4863000000000002,1.4987000000000001,1.532,1.5336,1.5375,1.5467,1.5883,1.6071,1.6088,1.6161,1.6198000000000001,1.643,1.6503,1.6586,1.6589,1.6591,1.6637000000000002,1.6642000000000001,1.6667,1.6732,1.6753,1.6981000000000002,1.7094,1.7122000000000002,1.7274,1.7385000000000002,1.746,1.7496,1.7546000000000002,1.7557,1.7607000000000002,1.7642,1.7818,1.7831000000000001,1.7864,1.7913000000000001,1.8083,1.8105,1.8261,1.8278,1.8526,1.8704,1.8717000000000001,1.8743,1.8754000000000002,1.8798000000000001,1.8809,1.8843,1.8846,1.8875000000000002,1.8977000000000002,1.8985,1.9008,1.9154,1.9178000000000002,1.9249,1.9319000000000002,1.9418000000000002,1.9457,1.9543000000000001,1.9637,1.9648,1.9916,1.9935,2.0079000000000002,2.0123,2.0134000000000003,2.0165,2.0179,2.021,2.0322,2.0557000000000003,2.0566,2.0831,2.0851,2.0875,2.1013,2.1077,2.1096,2.1185,2.1195,2.1198,2.1271,2.144,2.1449000000000003,2.1565000000000003,2.1649000000000003,2.1796,2.1996,2.204,2.2054,2.2115,2.2123,2.2192000000000003,2.2209000000000003,2.2216,2.2297000000000002,2.2537000000000003,2.2577000000000003,2.2591,2.2626,2.2641,2.266,2.2713,2.2774,2.2818,2.2826,2.3138,2.3176,2.3228,2.3274,2.3284000000000002,2.3496,2.3501000000000003,2.357,2.3642000000000003,2.3687,2.3699,2.3727,2.3739,2.3775,2.3832,2.3897,2.3952,2.4039,2.4059,2.408,2.4106,2.4147000000000003,2.4295,2.4314,2.4321,2.4635000000000002,2.4768000000000003,2.4782,2.4821,2.4909000000000003,2.4949000000000003,2.4955000000000003,2.5020000000000002,2.5044,2.5158,2.5194,2.5241000000000002,2.529,2.5301,2.5346,2.5451,2.5533,2.5536000000000003,2.5545,2.5593,2.5702000000000003,2.5725000000000002,2.575,2.5809,2.5841000000000003,2.5869,2.6036,2.6059,2.6114,2.6123000000000003,2.6133,2.6175,2.6180000000000003,2.6216,2.6259,2.6285000000000003,2.6395,2.6445000000000003,2.6448,2.6519,2.6536,2.6616,2.6626000000000003,2.6647000000000003,2.6687000000000003,2.6696,2.6703,2.6777,2.6809000000000003,2.6847000000000003,2.6855,2.6899,2.6961,2.6967000000000003,2.6978,2.704,2.7058,2.7109,2.7216,2.7225,2.7271,2.7292,2.7322,2.737,2.7551,2.7600000000000002,2.7639,2.7651000000000003,2.7766,2.7793,2.7812,2.7816,2.7851000000000004,2.7921,2.8072,2.8204000000000002,2.8227,2.827,2.8292,2.8325,2.8436000000000003,2.8441,2.8525,2.8591,2.8641,2.8699000000000003,2.8800000000000003,2.8826,2.8837,2.9024,2.9041,2.9068,2.9082000000000003,2.9117,2.9148,2.9179,2.9228,2.9263000000000003,2.9364000000000003,2.9472,2.9554,2.9557,2.9664,2.9683,2.9898000000000002,2.99,2.995,2.9998
86266:1.26,1.3556000000000001,1.431,1.4744000000000002,1.5191000000000001,1.5353,1.5702,1.6182,1.6560000000000001,1.7031,1.7373,1.7610000000000001,1.7985,1.8169000000000002,1.8327,1.8499,1.867,1.8881000000000001,1.9061000000000001,1.9382000000000001,1.9634,1.9859,2.0212,2.0528,2.0738000000000003,2.0867,2.1284,2.1525000000000003,2.1664000000000003,2.1797,2.2063,2.2301,2.2437,2.2594000000000003,2.2767,2.2963,2.3151,2.3387000000000002,2.3664,2.3773,2.3986,2.4447,2.4598,2.4824,2.5032,2.52,2.535,2.5685000000000002,2.5882,2.6231,2.6437,2.6611000000000002,2.6928,2.7121,2.7314000000000003,2.7548,2.7713,2.7898,2.8071,2.8463000000000003,2.8695,2.9065000000000003,2.9181000000000004,2.94,2.9538,2.9728000000000003,2.9951000000000003
86381:1.2608000000000001,1.3262,1.3501,1.4057000000000002,1.4538,1.4936,1.5232,1.5897000000000001,1.6166,1.6456000000000002,1.6701000000000001,1.6963000000000001,1.717,1.752,1.7675,1.7942,1.8165,1.8389,1.8753000000000002,1.8908,1.9084,1.9301000000000001,1.9659000000000002,1.9931,2.0195000000000003,2.043,2.0594,2.0782000000000003,2.0953,2.1187,2.1417,2.1605000000000003,2.1958,2.2191,2.2354000000000003,2.2535000000000003,2.2821000000000002,2.3038000000000003,2.3285,2.3485,2.3662,2.3921,2.412,2.4410000000000003,2.4558,2.4764,2.4955000000000003,2.5197000000000003,2.5328,2.5604,2.5745,2.6092,2.6241000000000003,2.6472,2.6624000000000003,2.6844,2.7030000000000003,2.7234000000000003,2.7377000000000002,2.7586,2.7927,2.8315,2.8505000000000003,2.8897,2.908,2.9282000000000004,2.9499,2.9715000000000003,2.9902
86439:1.6811,1.72,1.7915,1.9457,2.0676,2.1713,2.3069,2.4312,2.503,2.5695,2.6314,2.6611000000000002,2.7392000000000003,2.9293
86580:1.6194000000000002,1.9445000000000001,2.1012,2.1962,2.3803,2.5864000000000003,2.7603,2.8184,2.9179
86657:1.4121000000000001,1.4679,1.6066,1.6381000000000001,1.6786,1.7059,1.7354,1.7655,1.7949000000000002,1.8268,1.8545,1.8755000000000002,1.9066,1.9366,1.9671,1.9996,2.0237000000000003,2.0534,2.0755,2.0939,2.1181,2.1425,2.1726,2.188,2.2287,2.2572,2.2863,2.3134,2.341,2.3634,2.3965,2.4262,2.4581,2.4836,2.5126,2.5441000000000003,2.5695,2.5888,2.6209000000000002,2.6439,2.665,2.7033,2.7186000000000003,2.7282,2.7425,2.7725,2.8337000000000003,2.8587000000000002,2.8912,2.9139,2.9543,2.9782
86797:0.9718,0.9767,1.0369000000000002,1.0606,1.0619,1.0721,1.0816000000000001,1.0898,1.1397000000000002,1.1491,1.1713,1.1954,1.3371,1.3433000000000002,1.3463,1.3478,1.3616000000000001,1.3626,1.3658000000000001,1.3956000000000002,1.4135,1.4165,1.4223000000000001,1.4373,1.4447,1.4511,1.4551,1.457,1.4797,1.4937,1.5038,1.5083,1.5175,1.5217,1.5329000000000002,1.5331000000000001,1.5457,1.5554000000000001,1.5853000000000002,1.5927,1.599,1.6169,1.6309,1.6328,1.6365,1.6916,1.6979000000000002,1.6992,1.7004000000000001,1.7156,1.7162000000000002,1.7234,1.7242000000000002,1.725,1.7337,1.7412,1.7671000000000001,1.7679,1.7767000000000002,1.782,1.7872000000000001,1.8015,1.8066,1.8105,1.8118,1.8269000000000002,1.8330000000000002,1.8416000000000001,1.8428,1.8437000000000001,1.8452000000000002,1.8539,1.8581,1.871,1.8897000000000002,1.8913,1.8960000000000001,1.8997000000000002,1.9040000000000001,1.9088,1.9173,1.9314,1.9320000000000002,1.9418000000000002,1.9431,1.9453,1.9491,1.9525000000000001,1.9593,1.9708,1.9764000000000002,1.9816,1.9952,1.9978,2.0101,2.0161000000000002,2.0224,2.0375,2.0519000000000003,2.0542000000000002,2.0676,2.0717000000000003,2.0727,2.0757,2.0791,2.083,2.0849,2.0897,2.0969,2.1,2.1032,2.1051,2.1063,2.1065,2.1151,2.1258,2.1396,2.1426000000000003,2.1430000000000002,2.1444,2.1464000000000003,2.1481,2.1550000000000002,2.1614,2.1622,2.1633,2.1684,2.1692,2.17,2.1703,2.1768,2.1789,2.1814,2.1848,2.1939,2.2059,2.2068000000000003,2.2082,2.2178,2.2236000000000002,2.2296,2.2322,2.2556000000000003,2.2584,2.2722,2.2799,2.283,2.2837,2.2885,2.2921,2.2962000000000002,2.2969,2.3037,2.3161,2.3459000000000003,2.3468,2.3602000000000003,2.3604000000000003,2.3678,2.3703000000000003,2.3747000000000003,2.3787000000000003,2.3826,2.3867000000000003,2.3891,2.3944,2.3947000000000003,2.3998,2.4017,2.4022,2.4032,2.4046000000000003,2.4227000000000003,2.4243,2.4289,2.4624,2.4626,2.4739,2.4888,2.4951000000000003,2.5014000000000003,2.5166,2.5256000000000003,2.5262000000000002,2.5298000000000003,2.5325,2.5374000000000003,2.5469,2.5483000000000002,2.5489,2.5536000000000003,2.5575,2.5609,2.5664000000000002,2.5671,2.5709,2.5719000000000003,2.5742000000000003,2.5767,2.5778000000000003,2.5825,2.5838,2.5982000000000003,2.5986000000000002,2.6139,2.6232,2.6313,2.6323000000000003,2.6375,2.6518,2.6574,2.6623,2.6782,2.6993,2.7057,2.7114000000000003,2.7118,2.7148000000000003,2.7232000000000003,2.7317,2.7349,2.7432000000000003,2.7520000000000002,2.7678000000000003,2.7691000000000003,2.7724,2.7726,2.7782,2.7815000000000003,2.7858,2.8014,2.8034000000000003,2.8061000000000003,2.8296,2.8359,2.8438000000000003,2.8443,2.8489,2.8527,2.8535,2.8584,2.8707000000000003,2.8841,2.8893,2.8973,2.8984,2.9076,2.9254000000000002,2.9316,2.9423000000000004,2.9450000000000003,2.9472,2.9738,2.9759,2.9852000000000003,2.9893,2.9924,2.9938000000000002,2.9995000000000003
87026:1.3384,1.3728,1.439,1.5411000000000001,1.592,1.6312,1.669,1.6936,1.7175,1.7622,1.7788000000000002,1.8822,1.925,1.9868000000000001,1.9994,2.0319000000000003,2.0627,2.0929,2.1038,2.1648,2.2112000000000003,2.2511,2.2935000000000003,2.3781000000000003,2.4165,2.4548,2.4945,2.5312,2.5556,2.5844,2.6099,2.6272,2.6576,2.6672000000000002,2.7,2.7326,2.7961,2.8411,2.8702,2.9081,2.9268,2.9638,2.9982
87039:0.9410000000000001,1.0966,1.1061,1.1312,1.1499000000000001,1.1534,1.1653,1.1662000000000001,1.1701000000000001,1.1847,1.1933,1.2006000000000001,1.2388000000000001,1.2424,1.2465000000000002,1.262,1.2703,1.2832000000000001,1.3037,1.3039,1.3197,1.3202,1.3407,1.3467,1.3894,1.3938000000000001,1.4053,1.4078000000000002,1.4091,1.4120000000000001,1.4416,1.4507,1.483,1.4858,1.4863000000000002,1.5188000000000001,1.5201,1.5291000000000001,1.5408000000000002,1.5451000000000001,1.5570000000000002,1.5723,1.5993000000000002,1.6485,1.6527,1.6672,1.6682000000000001,1.6773,1.6777000000000002,1.6848,1.687,1.7017,1.7088,1.7092,1.7125000000000001,1.7224000000000002,1.7242000000000002,1.7457,1.7478,1.7481,1.7532,1.7573,1.7592,1.762,1.7637,1.7648000000000001,1.7668000000000001,1.7802,1.7834,1.7897,1.7902,1.7993000000000001,1.8031000000000001,1.808,1.8489,1.8534000000000002,1.8566,1.8672000000000002,1.8717000000000001,1.8748,1.8826,1.8852,1.8964,1.9005,1.9105,1.9134,1.9177000000000002,1.9182000000000001,1.9203000000000001,1.9216000000000002,1.9262000000000001,1.9421000000000002,1.9579000000000002,1.9591,1.961,1.9682000000000002,1.983,1.9838,1.9996,2.0022,2.0100000000000002,2.0142,2.0234,2.0357000000000003,2.0415,2.0472,2.0492,2.0538000000000003,2.0584000000000002,2.081,2.0846,2.1164,2.1171,2.1197,2.1202,2.1415,2.1449000000000003,2.1476,2.1508000000000003,2.1743,2.1767000000000003,2.1964,2.2021,2.2159,2.2258,2.2362,2.2377000000000002,2.2482,2.25,2.2625,2.2657000000000003,2.2667,2.2712000000000003,2.2752,2.2818,2.2948,2.3003,2.3046,2.3087,2.3145000000000002,2.3258,2.3268,2.3294,2.3406000000000002,2.3440000000000003,2.3502,2.3614,2.3857,2.387,2.3894,2.4081,2.4113,2.4205,2.4217,2.4223,2.4254000000000002,2.439,2.4399,2.4414000000000002,2.4651,2.4675000000000002,2.4731,2.4848,2.4886,2.4916,2.5041,2.5274,2.5422000000000002,2.5588,2.5733,2.5847,2.5922,2.593,2.5947,2.6071,2.6086,2.6304000000000003,2.6364,2.6366,2.6375,2.6393,2.6397,2.654,2.6553,2.6564,2.6575,2.6577,2.6654,2.6693000000000002,2.6699,2.6739,2.6823,2.6877,2.6897,2.6929000000000003,2.6972,2.7019,2.7033,2.7153,2.721,2.7234000000000003,2.7237,2.7276000000000002,2.7294,2.7328,2.7362,2.7365,2.7385,2.7697000000000003,2.7707,2.7888,2.8002000000000002,2.8017000000000003,2.8075,2.8115,2.8147,2.8257000000000003,2.831,2.8377000000000003,2.8396000000000003,2.8415,2.8592,2.8621000000000003,2.8777,2.8803,2.8927,2.8960000000000004,2.8966000000000003,2.8982,2.899,2.9119,2.919,2.923,2.9318,2.9465000000000003,2.9711000000000003,2.9853,2.9906
87120:1.6094000000000002,1.6707,1.7172,1.7595,1.8114000000000001,1.8528,1.8818000000000001,1.9085,1.9372,1.9793,2.0011,2.0513,2.085,2.1245000000000003,2.1641,2.1994000000000002,2.2533000000000003,2.3463000000000003,2.3697,2.4015,2.4537,2.4877000000000002,2.5277000000000003,2.5445,2.5719000000000003,2.6173,2.6647000000000003,2.6955,2.7560000000000002,2.7931,2.8411,2.9121,2.9478,2.9882
87495:1.8888,2.7332
87693:1.4494,1.6859000000000002,1.8800000000000001,1.9727000000000001,2.0981,2.2257000000000002,2.2987,2.3904,2.4932000000000003,2.607,2.653,2.7276000000000002,2.8065,2.8685,2.9287,2.9937
87710:1.5294
87747:1.3469,1.3782,1.4896,2.1350000000000002,2.4408000000000003,2.5894,2.6263,2.6681,2.7361
88027:0.915,0.9264,0.9522,0.9712000000000001,1.0353,1.0479,1.0489,1.0648,1.1009,1.115,1.1176000000000001,1.1228,1.1264,1.1364,1.1525,1.1528,1.1667,1.2025000000000001,1.212,1.2135,1.2408000000000001,1.2448000000000001,1.2691000000000001,1.2709000000000001,1.2746,1.2748000000000002,1.2783,1.2875,1.2925,1.2965,1.2969000000000002,1.2974,1.3225,1.3287,1.3585,1.3734000000000002,1.3840000000000001,1.3857000000000002,1.3869,1.3948,1.4017000000000002,1.413,1.4191,1.4412,1.4531,1.4679,1.4693,1.4845000000000002,1.4949000000000001,1.544,1.5576,1.5633000000000001,1.5773000000000001,1.587,1.5933000000000002,1.6019,1.603,1.6076000000000001,1.6085,1.615,1.6214000000000002,1.6224,1.6281,1.6371,1.6494,1.6553,1.6574,1.6712,1.6731,1.681,1.6856,1.6873,1.6891,1.7006000000000001,1.703,1.7104000000000001,1.7106000000000001,1.7134,1.7137,1.726,1.7409000000000001,1.7435,1.7463000000000002,1.7499,1.7707000000000002,1.7825000000000002,1.7892000000000001,1.792,1.7948000000000002,1.7973000000000001,1.8075,1.8159,1.8286,1.8303,1.8343,1.8406,1.8458,1.8501,1.8529,1.8537000000000001,1.8569,1.8598000000000001,1.8617000000000001,1.8759000000000001,1.8959000000000001,1.8982,1.8986,1.8989,1.9051,1.9193,1.9352,1.9432,1.9435,1.9442000000000002,1.9621000000000002,1.9664000000000001,1.9691,1.9736,1.9826000000000001,1.9836,1.9847000000000001,1.9977,2.0063,2.0167,2.0227,2.0242,2.0302000000000002,2.0346,2.0479000000000003,2.0565,2.0605,2.0665,2.0756,2.0758,2.0766,2.0807,2.0815,2.0822000000000003,2.0874,2.1053,2.1085000000000003,2.1096,2.1187,2.1283000000000003,2.1369000000000002,2.1396,2.1426000000000003,2.1429,2.1449000000000003,2.1469,2.1521,2.1652,2.1668000000000003,2.1790000000000003,2.1927000000000003,2.1933000000000002,2.2126,2.2188000000000003,2.2197,2.2254,2.2398000000000002,2.2413000000000003,2.2425,2.2591,2.2699000000000003,2.2796000000000003,2.2803,2.2934,2.3017000000000003,2.3075,2.3109,2.3271,2.3280000000000003,2.3319,2.3343000000000003,2.3345000000000002,2.3349,2.338,2.3471,2.3486000000000002,2.3587000000000002,2.3606000000000003,2.3724000000000003,2.3751,2.3856,2.3965,2.4287,2.4424,2.4529,2.4628,2.4723,2.4812000000000003,2.4846,2.4932000000000003,2.5024,2.5074,2.508,2.5547,2.5687,2.5699,2.5729,2.5731,2.5799000000000003,2.6078,2.6143,2.6223,2.6316,2.6332,2.6345,2.6552000000000002,2.6825,2.6846,2.6926,2.6989,2.7159,2.7167000000000003,2.7223,2.7315,2.738,2.7465,2.758,2.7642,2.7840000000000003,2.7999,2.8005,2.8062,2.8089,2.8127,2.8243,2.8320000000000003,2.8351,2.8354,2.837,2.8475,2.8546,2.8563,2.8659000000000003,2.8686000000000003,2.8711,2.8727,2.8794,2.8834,2.8843,2.8906,2.8964000000000003,2.8971,2.9065000000000003,2.9137,2.918,2.9233000000000002,2.9311000000000003,2.952,2.9589000000000003,2.9598,2.9618,2.9754,2.9851,2.9931
88184:0.8729,0.9334,0.937,1.0847,1.0903,1.1181,1.1383,1.1537,1.1625,1.2167000000000001,1.2474,1.252,1.274,1.3024,1.3108,1.3145,1.3255000000000001,1.3276000000000001,1.338,1.3407,1.3412000000000002,1.3433000000000002,1.3474000000000002,1.3544,1.3697000000000001,1.375,1.4099000000000002,1.4284000000000001,1.4511,1.4539,1.4546000000000001,1.4634,1.465,1.4772,1.479,1.4894,1.4946000000000002,1.5104,1.5119,1.5362,1.5556,1.5649000000000002,1.5733000000000001,1.5819,1.5912000000000002,1.6016000000000001,1.6138000000000001,1.6400000000000001,1.6405,1.6544,1.6612,1.6714,1.6791,1.6826,1.7134,1.7356,1.736,1.7589000000000001,1.7761,1.7937,1.7957,1.7967000000000002,1.7988000000000002,1.8114000000000001,1.8118,1.8141,1.8206,1.8231000000000002,1.8266,1.8296000000000001,1.83,1.8351000000000002,1.8377000000000001,1.8384,1.8531000000000002,1.8561,1.8579,1.8614000000000002,1.8703,1.8796000000000002,1.8854000000000002,1.8891,1.8927,1.9006,1.9056000000000002,1.9371,1.9420000000000002,1.9426,1.943,1.9520000000000002,1.9539000000000002,1.9705000000000001,1.9768000000000001,1.985,1.9931,2.013,2.0177,2.0245,2.0293,2.0333,2.0459,2.0558,2.0723000000000003,2.0761000000000003,2.0814,2.0842,2.0966,2.1154,2.1163000000000003,2.1289000000000002,2.1414,2.1485000000000003,2.1508000000000003,2.1624000000000003,2.1627,2.1928,2.2099,2.229,2.2336,2.2355,2.2405,2.242,2.2497000000000003,2.2541,2.2544,2.2558000000000002,2.2612,2.2629,2.2731,2.2792,2.282,2.2923,2.2926,2.3139000000000003,2.3222,2.3354,2.3387000000000002,2.3427000000000002,2.3597,2.3651,2.4032,2.4034,2.4036,2.4072,2.4076,2.4108,2.4163,2.4177,2.4229000000000003,2.4231000000000003,2.4242,2.4254000000000002,2.4285,2.4349000000000003,2.4478,2.4637000000000002,2.4681,2.4781,2.4981,2.5016000000000003,2.507,2.5140000000000002,2.517,2.5316,2.543,2.5492,2.5596,2.564,2.5646,2.5656000000000003,2.5681000000000003,2.5769,2.5848,2.5940000000000003,2.5966,2.6128,2.613,2.6378,2.6390000000000002,2.6426000000000003,2.6442,2.6519,2.6548000000000003,2.6568,2.6601,2.6672000000000002,2.6717,2.6864000000000003,2.6877,2.688,2.69,2.6909,2.6928,2.6938,2.6967000000000003,2.7114000000000003,2.7163,2.7218,2.725,2.7381,2.7623,2.7677,2.7852,2.7876000000000003,2.8018,2.8039,2.8045,2.8061000000000003,2.81,2.8341000000000003,2.8456,2.8513,2.867,2.8691,2.8701000000000003,2.8758000000000004,2.883,2.8905000000000003,2.8921,2.9036,2.9102,2.9173,2.9295,2.9537,2.9561,2.9775,2.9929,2.998
88433:1.816,1.8966,1.9961,2.1126,2.2238,2.3033,2.3970000000000002,2.4778000000000002,2.5897,2.6843,2.7948,2.8991000000000002,2.9767
88882:0.9673,0.9725,0.9763000000000001,0.9856,1.0409000000000002,1.0863,1.0972,1.1001,1.1064,1.1439000000000001,1.1552,1.1772,1.1804000000000001,1.1879,1.194,1.1961000000000002,1.2255,1.2261,1.2318,1.2327000000000001,1.2853,1.2887,1.2916,1.3011000000000001,1.3065,1.3417000000000001,1.3572,1.3794,1.3800000000000001,1.3877000000000002,1.4275,1.4284000000000001,1.4358,1.4415,1.4426,1.4445000000000001,1.4463000000000001,1.4466,1.4691,1.4695,1.4749,1.4847000000000001,1.4933,1.4962,1.5112,1.5136,1.5172,1.5255,1.5257,1.528,1.5382,1.5563,1.5645,1.5689000000000002,1.5789,1.5799,1.5801,1.5805,1.5866,1.5872000000000002,1.5897000000000001,1.5925,1.6036000000000001,1.6206,1.6246,1.6518000000000002,1.6612,1.6634,1.6669,1.6711,1.6715,1.6740000000000002,1.6756,1.6778000000000002,1.6793,1.6836,1.6879000000000002,1.6909,1.697,1.6984000000000001,1.709,1.7120000000000002,1.7266000000000001,1.7312,1.7366000000000001,1.7416,1.7441,1.749,1.7506000000000002,1.7546000000000002,1.7623,1.7638,1.7941,1.7961,1.8098,1.8111000000000002,1.8201,1.8314000000000001,1.8350000000000002,1.8367,1.8384,1.8389,1.8403,1.8559,1.8721,1.8755000000000002,1.8765,1.8778000000000001,1.8812,1.8842,1.8972,1.8978000000000002,1.8984,1.9054,1.9095000000000002,1.9178000000000002,1.9233,1.9252,1.9299000000000002,1.9761000000000002,1.9864000000000002,1.9901000000000002,1.9961,2.0077000000000003,2.0089,2.0122,2.0209,2.0287,2.0349,2.0375,2.045,2.049,2.0497,2.0508,2.0601000000000003,2.0701,2.0719000000000003,2.0834,2.0896,2.0938,2.1032,2.1092,2.1129000000000002,2.1269,2.1297,2.14,2.1417,2.1493,2.1642,2.1668000000000003,2.1726,2.1781,2.1807000000000003,2.1830000000000003,2.1835,2.1947,2.2076000000000002,2.2183,2.2319,2.2405,2.2411000000000003,2.2414,2.2482,2.2557,2.2575000000000003,2.2588,2.2681,2.275,2.2778,2.2869,2.2913,2.2977000000000003,2.3079,2.3106,2.3122000000000003,2.3203,2.3385000000000002,2.3409,2.3449,2.3480000000000003,2.3625000000000003,2.3688000000000002,2.3722000000000003,2.3788,2.4048000000000003,2.4106,2.4159,2.4431000000000003,2.4676,2.4734000000000003,2.4738,2.4779,2.4912,2.5093,2.5258000000000003,2.5265,2.5282,2.5324,2.5456000000000003,2.5495,2.5641000000000003,2.5673,2.5732,2.5849,2.5884,2.5945,2.5997000000000003,2.6078,2.6157,2.6206,2.6236,2.6326,2.6328,2.6350000000000002,2.6352,2.636,2.6383,2.6385,2.6411000000000002,2.6519,2.6607000000000003,2.6681,2.6982,2.702,2.7131000000000003,2.7204,2.7222,2.7225,2.7291000000000003,2.7314000000000003,2.7348000000000003,2.737,2.7523,2.757,2.7767,2.8181000000000003,2.8281,2.8285,2.8291,2.8596,2.8718000000000004,2.8818,2.8846000000000003,2.8878,2.8930000000000002,2.8968000000000003,2.9008000000000003,2.9033,2.9247,2.9304,2.9349000000000003,2.9409,2.9442,2.9583,2.9648000000000003,2.972,2.978,2.9853,2.9874,2.9876,2.9904,2.9922,2.9949000000000003
89058:1.2924,1.3663,1.5741,1.7334,1.808,1.8644,1.9124,1.9649,2.0144,2.0535,2.0938,2.1287000000000003,2.1787,2.2291000000000003,2.2401,2.3073,2.3723,2.3882000000000003,2.4905,2.6263,2.7063,2.7953,2.85,2.8702,2.9244000000000003
89165:0.9181,0.9456,1.1369,1.1743000000000001,1.2112,1.2126000000000001,1.2758,1.3165,1.3319,1.3638000000000001,1.397,1.401,1.409,1.4177,1.4219000000000002,1.4249,1.4324000000000001,1.4376,1.4409,1.4423000000000001,1.449,1.4512,1.453,1.4554,1.4614,1.4779,1.4967000000000001,1.5159,1.5275,1.542,1.5570000000000002,1.5605,1.5626,1.5633000000000001,1.5705,1.5735000000000001,1.5766,1.5864,1.5892000000000002,1.5982,1.615,1.6166,1.6291,1.6558000000000002,1.6678000000000002,1.6688,1.6693,1.6720000000000002,1.6745,1.6768,1.6791,1.6849,1.6944000000000001,1.6963000000000001,1.7132,1.7204000000000002,1.7223000000000002,1.7331,1.7357,1.7378,1.7428000000000001,1.7495,1.7561,1.7701,1.7864,1.7871000000000001,1.79,1.7935,1.7938,1.7993000000000001,1.7995,1.8090000000000002,1.8124,1.8212000000000002,1.8221,1.8303,1.8321,1.8374000000000001,1.8397000000000001,1.851,1.8624,1.8644,1.8773000000000002,1.8899000000000001,1.8942,1.8983,1.9019000000000001,1.9072,1.911,1.9148,1.9182000000000001,1.9195,1.9258000000000002,1.9358000000000002,1.9366,1.9382000000000001,1.9389,1.9576,1.9589,1.963,1.9692,1.9935,1.994,1.9953,2.0013,2.0097,2.0131,2.0135,2.0166,2.0183,2.0249,2.0263,2.0272,2.0313,2.0319000000000003,2.0373,2.0378000000000003,2.0385,2.04,2.0402,2.0445,2.0469,2.0529,2.0704000000000002,2.0849,2.1078,2.1126,2.1137,2.1144000000000003,2.1369000000000002,2.1444,2.1524,2.154,2.1564,2.1662,2.169,2.1705,2.1733000000000002,2.1845,2.1910000000000003,2.2042,2.217,2.2207,2.2315,2.2321,2.2556000000000003,2.2566,2.2573000000000003,2.2578,2.2594000000000003,2.2605,2.2608,2.2872,2.2912,2.2949,2.3003,2.3042000000000002,2.3051,2.3206,2.3228,2.3253,2.3279,2.3324000000000003,2.3351,2.3475,2.362,2.3676,2.3864,2.3954,2.3978,2.3987000000000003,2.4078,2.4147000000000003,2.4181,2.4263,2.4404,2.4478,2.4598,2.4647,2.4848,2.4939,2.5090000000000003,2.5163,2.5347,2.5355000000000003,2.5385,2.5452,2.5476,2.5497,2.5545,2.5578000000000003,2.5705,2.5714,2.5855,2.5971,2.5992,2.6004,2.6006,2.604,2.6059,2.6089,2.6107,2.6171,2.6191,2.6209000000000002,2.6353,2.6355,2.6364,2.6455,2.6497,2.6566,2.6576,2.6665,2.6706000000000003,2.6954000000000002,2.7042,2.7062,2.7087000000000003,2.7172,2.7178,2.7221,2.7226,2.7285,2.7372,2.7424,2.7435,2.7446,2.7467,2.7503,2.7521,2.7694,2.7706,2.7789,2.7960000000000003,2.8042000000000002,2.8256,2.8277,2.8363,2.8427000000000002,2.8575,2.8684000000000003,2.8827000000000003,2.8928000000000003,2.8941000000000003,2.899,2.9017,2.9106,2.9194,2.9247,2.928,2.9326000000000003,2.9441,2.9496,2.9536000000000002,2.9575,2.9610000000000003,2.9615,2.9694000000000003,2.9696000000000002,2.9729,2.974,2.9769,2.9775,2.9982,2.9995000000000003
89211:1.9259000000000002,2.0617,2.5186,2.9937
89225:1.0327,1.1106,1.1723000000000001,1.216,1.2541,1.3403,1.3886,1.4174,1.4453,1.4804000000000002,1.5352000000000001,1.5931000000000002,1.6158000000000001,1.6404,1.677,1.7125000000000001,1.7291,1.7554,1.7823,1.8035,1.8465,1.8796000000000002,1.9246,1.951,1.9775,2.0176000000000003,2.0627,2.0878,2.1157,2.1355,2.1484,2.1667,2.2099,2.2505,2.2939000000000003,2.3393,2.3881,2.4166000000000003,2.4458,2.467,2.4983,2.5395000000000003,2.5832,2.6103,2.6479,2.6809000000000003,2.738,2.7793,2.8320000000000003,2.8562000000000003,2.887,2.9057,2.9268,2.9584,2.9901
89378:1.4707000000000001,1.5755000000000001,1.6533,1.7601,1.7974,1.8219,1.8659000000000001,1.9128,1.9758,2.0929,2.2419000000000002,2.3123,2.3599,2.4121,2.4803,2.5351,2.5802,2.6565000000000003,2.6871,2.7697000000000003,2.8363,2.9113
89389:1.4274,1.7337,1.9835,2.2225,2.3037,2.9979
89414:1.2344000000000002,1.3145,1.3944,1.419,1.4635,1.5544,1.5877000000000001,1.6109,1.6394,1.6748,1.6973,1.7397,1.7557,1.7857,1.8037,1.8344,1.8634000000000002,1.9049,1.9331,1.9661000000000002,1.993,2.0259,2.0696,2.1025,2.112,2.142,2.1795,2.1910000000000003,2.2286,2.2565,2.2829,2.3181000000000003,2.3457,2.3693,2.4011,2.432,2.4764,2.5153000000000003,2.567,2.6028000000000002,2.6331,2.653,2.6785,2.718,2.7625,2.7973000000000003,2.8322000000000003,2.879,2.9036,2.9448000000000003,2.9704
89666:2.0978,2.5002
89784:1.7040000000000002,1.7743,1.8307,1.8652000000000002,1.9132,2.0531,2.1052,2.2311,2.3214,2.3658,2.4024,2.4723,2.5121,2.575,2.6483000000000003,2.7189,2.7673,2.8364000000000003,2.9717000000000002
89802:1.6184,1.6689,1.7227000000000001,1.7926000000000002,1.8711,1.9344000000000001,1.9824000000000002,2.0622000000000003,2.1355,2.2003,2.2529,2.2956000000000003,2.3674,2.4108,2.4454000000000002,2.5056000000000003,2.5489,2.6008,2.6443000000000003,2.6998,2.7517,2.7875,2.8629000000000002,2.9301,2.9738
90229:1.1848,1.9888000000000001
90242:1.4203000000000001,1.6462,1.7172,1.7532,1.8033000000000001,1.8412000000000002,1.9351,2.0261,2.0949,2.1273,2.1605000000000003,2.1897,2.2542,2.2960000000000003,2.4936000000000003,2.5638,2.6059,2.6372,2.6778,2.7363,2.9115,2.9864
90602:1.1794,1.2676,1.3477000000000001,1.4227,1.4524000000000001,1.6008,1.6449,1.7322000000000002,1.7861,1.8855000000000002,1.9546000000000001,1.9847000000000001,2.0696,2.1305,2.1619,2.2195,2.301,2.4212000000000002,2.4731,2.6163000000000003,2.6878,2.7879,2.8627000000000002,2.8939,2.9336,2.9966
90678:1.4308,1.7385000000000002,1.9891,2.2243,2.3073
90729:2.0926
90781:1.3978000000000002,1.5656,1.7893000000000001,1.9638,2.0221,2.0999000000000003,2.5828,2.6828000000000003,2.9472
90786:1.0132,1.0416,1.0602,1.0799,1.1156000000000001,1.1192,1.1317000000000002,1.1658,1.2021000000000002,1.237,1.2508000000000001,1.2710000000000001,1.2819,1.2845,1.2957,1.2991000000000001,1.3023,1.3379,1.3531,1.3781,1.3836000000000002,1.3949,1.4281000000000001,1.4607,1.4656,1.4696,1.482,1.4826000000000001,1.486,1.4935,1.508,1.5133,1.5206000000000002,1.5432000000000001,1.554,1.5591000000000002,1.5636,1.5663,1.5778,1.5789,1.6007,1.6092000000000002,1.6221,1.633,1.6372,1.6451,1.6528,1.6543,1.6607,1.6688,1.6720000000000002,1.6911,1.6953,1.7006000000000001,1.7042000000000002,1.7065000000000001,1.7079,1.7086000000000001,1.7149,1.7177,1.7474,1.7625000000000002,1.7665000000000002,1.7668000000000001,1.7772000000000001,1.7855,1.7979,1.7994,1.8155000000000001,1.8195000000000001,1.8273000000000001,1.8334000000000001,1.8489,1.8638000000000001,1.865,1.8713000000000002,1.8719000000000001,1.8776000000000002,1.8908,1.8935000000000002,1.9007,1.9026,1.9069,1.9361000000000002,1.9412,1.9469,1.949,1.9778,1.9783000000000002,1.9857,2.0007,2.0048,2.0088,2.0138000000000003,2.0172,2.0201000000000002,2.0425,2.0515,2.0641000000000003,2.0723000000000003,2.0726,2.0744000000000002,2.0747,2.0780000000000003,2.0786000000000002,2.0845000000000002,2.0876,2.0980000000000003,2.1024000000000003,2.1027,2.1154,2.1225,2.1269,2.1299,2.1439,2.1504000000000003,2.1527000000000003,2.1578,2.1617,2.1639,2.1648,2.1734,2.1807000000000003,2.1838,2.1893000000000002,2.1925,2.2131000000000003,2.2258,2.2274000000000003,2.2316000000000003,2.2382,2.2544,2.2627,2.2635,2.2657000000000003,2.2765,2.2798000000000003,2.2817000000000003,2.2825,2.2836000000000003,2.2856,2.2868,2.2934,2.3057000000000003,2.3128,2.3262,2.3272,2.3284000000000002,2.3318000000000003,2.3361,2.3371,2.3424,2.3449,2.361,2.3649,2.3667000000000002,2.3683,2.3691,2.3753,2.3782,2.3798,2.3856,2.3952,2.3959,2.4108,2.4162,2.4166000000000003,2.4314,2.4330000000000003,2.4355,2.4424,2.4471000000000003,2.4496,2.4503,2.4507000000000003,2.4730000000000003,2.4774000000000003,2.4991000000000003,2.5068,2.5084,2.5088,2.5193000000000003,2.5232,2.5403000000000002,2.5458000000000003,2.5488,2.5549,2.5576000000000003,2.5642,2.5712,2.5755000000000003,2.6022000000000003,2.6212,2.6368,2.6417,2.6444,2.6576,2.6588000000000003,2.6594,2.6656,2.6729000000000003,2.6738,2.6799,2.682,2.6865,2.6883,2.6927000000000003,2.7025,2.7087000000000003,2.7097,2.717,2.7293000000000003,2.7405,2.7463,2.7478000000000002,2.7591,2.7668,2.7822,2.7894,2.7917,2.8186,2.8191,2.8238000000000003,2.8324000000000003,2.8341000000000003,2.8419000000000003,2.8451,2.8544,2.8603,2.8644000000000003,2.8674,2.8695,2.8699000000000003,2.8733,2.8735,2.8744,2.8930000000000002,2.8970000000000002,2.9147000000000003,2.9173,2.9254000000000002,2.9306,2.9330000000000003,2.9541,2.9584,2.9614000000000003,2.9645,2.9746,2.986,2.9875000000000003,2.998
90882:0.8845000000000001,0.9316000000000001,0.9656,1.0550000000000002,1.0743,1.088,1.1392,1.1579000000000002,1.2053,1.2374,1.2431,1.2455,1.2663,1.2748000000000002,1.2964,1.3004,1.3185,1.3348,1.3439,1.3444,1.3522,1.3656000000000001,1.3665,1.3733,1.4204,1.4266,1.4275,1.4331,1.4363000000000001,1.4449,1.4463000000000001,1.4474,1.4484000000000001,1.4578,1.4648,1.4689,1.4765000000000001,1.4769,1.4801,1.4888000000000001,1.494,1.4973,1.5338,1.5386,1.5445,1.5569000000000002,1.5591000000000002,1.5649000000000002,1.5701,1.5703,1.5776000000000001,1.5811000000000002,1.582,1.6073000000000002,1.6104,1.6111,1.6163,1.6231,1.6353,1.6356000000000002,1.6506,1.6548,1.6593,1.6597000000000002,1.6769,1.6845,1.6879000000000002,1.6886,1.7041000000000002,1.7063000000000001,1.7080000000000002,1.7084000000000001,1.7168,1.7261000000000002,1.7339,1.7542,1.7549000000000001,1.7563000000000002,1.7730000000000001,1.7738,1.7830000000000001,1.7955,1.7958,1.7976,1.7999,1.8043,1.8067000000000002,1.8348,1.8451000000000002,1.8575000000000002,1.8596000000000001,1.8795000000000002,1.881,1.8860000000000001,1.9029,1.9056000000000002,1.9131,1.919,1.9294,1.9382000000000001,1.9453,1.9491,1.9517,1.9628,1.9635,1.9701000000000002,1.9760000000000002,1.9798,2.0071,2.0102,2.0118,2.0164,2.0173,2.0264,2.0374,2.0439000000000003,2.0478,2.0626,2.0711,2.0815,2.0849,2.0879000000000003,2.0932,2.0955,2.097,2.1042,2.1196,2.1235,2.1356,2.1512000000000002,2.1531000000000002,2.1576,2.1584000000000003,2.1618,2.1624000000000003,2.1639,2.1858,2.1959,2.2027,2.2037,2.2054,2.2095000000000002,2.2113,2.2168,2.2268,2.2307,2.2345,2.248,2.2492,2.2506,2.2535000000000003,2.2608,2.2614,2.2735000000000003,2.3117,2.3167,2.3407,2.3444000000000003,2.3448,2.353,2.3605,2.361,2.3725,2.3743000000000003,2.3786,2.3801,2.3807,2.3884000000000003,2.3987000000000003,2.3992,2.4096,2.4165,2.4236,2.4323,2.4592,2.4648000000000003,2.4719,2.4815,2.4831000000000003,2.4844,2.4894000000000003,2.5197000000000003,2.5212000000000003,2.5217,2.5268,2.5376000000000003,2.5453,2.5515000000000003,2.5578000000000003,2.568,2.5772,2.5799000000000003,2.6025,2.6035,2.6038,2.6131,2.6154,2.6162,2.6261,2.6291,2.6373,2.6418,2.6431,2.6462000000000003,2.6544000000000003,2.658,2.6622000000000003,2.6669,2.6683000000000003,2.6752000000000002,2.6765000000000003,2.6767000000000003,2.6790000000000003,2.693,2.6966,2.7070000000000003,2.7110000000000003,2.7246,2.7258,2.7274000000000003,2.728,2.7302,2.7562,2.7612,2.7641,2.7647,2.7744,2.7819000000000003,2.7984,2.8009,2.8024,2.8028,2.8049,2.8160000000000003,2.8218,2.8268,2.8289,2.8345000000000002,2.8408,2.8421000000000003,2.8464,2.8474,2.85,2.8607,2.8664,2.8674,2.875,2.9309000000000003,2.9552,2.9625000000000004,2.9634,2.9647,2.9762,2.9795000000000003,2.9909000000000003
91306:0.8567,0.9724,0.9729000000000001,0.9820000000000001,0.9924000000000001,1.0198,1.0311000000000001,1.082,1.0871,1.1006,1.1139000000000001,1.2004000000000001,1.2037,1.2294,1.2359,1.2362,1.2542,1.2549000000000001,1.2626000000000002,1.2803,1.292,1.3163,1.3426,1.3446,1.3485,1.3526,1.3551,1.3584,1.3788,1.3934,1.4097000000000002,1.4324000000000001,1.4434,1.4509,1.4781,1.4786000000000001,1.4826000000000001,1.5219,1.5322,1.5359,1.5419,1.5547,1.5573000000000001,1.5714000000000001,1.5852000000000002,1.5938,1.5949,1.6056000000000001,1.6119,1.6208,1.6406,1.6616000000000002,1.6659000000000002,1.6695,1.7093,1.7179,1.7189,1.7289,1.7377,1.7395,1.7472,1.7602,1.7619,1.776,1.7939,1.808,1.8086,1.8102,1.8105,1.8281,1.8391000000000002,1.8424,1.8666,1.8774000000000002,1.8823,1.8833000000000002,1.8867,1.8987,1.9032,1.9071,1.9121000000000001,1.9136000000000002,1.9155000000000002,1.919,1.9209,1.9247,1.9255,1.9324000000000001,1.9391,1.9418000000000002,1.9497,1.9499000000000002,1.9520000000000002,1.965,1.9712,1.9782000000000002,1.9877,1.9924000000000002,1.9928000000000001,2.0074,2.0154,2.0165,2.0194,2.045,2.0467,2.0486,2.0529,2.0559000000000003,2.0616,2.0744000000000002,2.0764,2.083,2.0896,2.0942000000000003,2.0961000000000003,2.1016,2.1041000000000003,2.1139,2.1172,2.1179,2.1236,2.1255,2.1259,2.1301,2.1328,2.1457,2.1471,2.1529000000000003,2.1532,2.1552000000000002,2.1604,2.1709,2.1836,2.1871,2.1914000000000002,2.1965,2.2144,2.222,2.2322,2.2365,2.238,2.2452,2.2581,2.2716000000000003,2.2778,2.2835,2.2842000000000002,2.2871,2.2874000000000003,2.2876000000000003,2.2903000000000002,2.2934,2.3019000000000003,2.3025,2.3052,2.3072,2.3104,2.3132,2.314,2.3314,2.3421000000000003,2.3447,2.3517,2.3743000000000003,2.3799,2.3850000000000002,2.3879,2.4069000000000003,2.4163,2.4177,2.4248000000000003,2.4318,2.4355,2.4369,2.4384,2.4547000000000003,2.4573,2.4677000000000002,2.4806,2.4816000000000003,2.4834,2.4837000000000002,2.4997000000000003,2.5014000000000003,2.5018000000000002,2.5123,2.5213,2.5251,2.5298000000000003,2.5349,2.5505,2.5566,2.5625,2.5706,2.5763000000000003,2.5964,2.5973,2.6048,2.6062000000000003,2.6310000000000002,2.6349,2.6351,2.6374,2.6441000000000003,2.6559,2.6562,2.6703,2.6816,2.684,2.6844,2.693,2.7053000000000003,2.7237,2.7339,2.7352000000000003,2.7437,2.744,2.7531000000000003,2.7645,2.7768,2.7785,2.7858,2.7881,2.7916000000000003,2.7956000000000003,2.801,2.8033,2.8061000000000003,2.8079,2.8125,2.8147,2.8198000000000003,2.8282000000000003,2.8317,2.8359,2.8399,2.8586,2.8602000000000003,2.8717,2.8923,2.8994,2.9019,2.9088000000000003,2.9225000000000003,2.9458,2.9596,2.9704,2.9849,2.9998
92104:1.4796,1.627,2.1277,2.2931,2.6583
92227:1.5387000000000002,1.6073000000000002,1.6733,1.7544000000000002,1.7933000000000001,1.869,1.9157000000000002,1.9585000000000001,1.9971,2.0500000000000003,2.0913,2.1299,2.1951,2.234,2.2655000000000003,2.3594,2.3959,2.432,2.5077000000000003,2.5426,2.5783,2.6078,2.6449000000000003,2.6832000000000003,2.7292,2.77,2.7978,2.8531,2.9017,2.9289,2.976
92303:1.2413,1.3552,1.3940000000000001,1.4372,1.4646000000000001,1.4814,1.5070000000000001,1.532,1.5543,1.5802,1.6066,1.6292,1.6447,1.6686,1.6925000000000001,1.7152,1.7348000000000001,1.7596,1.7764,1.7906000000000002,1.802,1.8202,1.8397000000000001,1.8589,1.875,1.8911,1.9077000000000002,1.9332,1.9573,1.9817,1.9984000000000002,2.0153000000000003,2.0349,2.0571,2.0789,2.0948,2.1137,2.1361,2.1606,2.1922,2.2153,2.2313,2.2501,2.2648,2.2960000000000003,2.313,2.3352,2.3562000000000003,2.3743000000000003,2.3949000000000003,2.4119,2.4295,2.4530000000000003,2.4735,2.4869000000000003,2.503,2.5215,2.5412,2.568,2.5865,2.6059,2.6253,2.6469,2.6751,2.6921,2.7156000000000002,2.7293000000000003,2.7469,2.7671,2.793,2.8126,2.8339000000000003,2.8512,2.8652,2.8885,2.9044000000000003,2.9297,2.9459,2.968,2.9857,2.9996
92373:1.2724,1.3228,1.3511,1.4063,1.4568,1.5138,1.5393000000000001,1.5798,1.6076000000000001,1.6271,1.6527,1.6814,1.7018,1.7314,1.7570000000000001,1.7834,1.8072000000000001,1.8287,1.8435000000000001,1.8672000000000002,1.8835000000000002,1.9019000000000001,1.9245,1.9449,1.9766000000000001,1.9982000000000002,2.0201000000000002,2.0432,2.0656,2.0857,2.1129000000000002,2.1292,2.1543,2.1675,2.1886,2.2089000000000003,2.2361,2.2584,2.2863,2.3044000000000002,2.3288,2.3494,2.3712,2.3872,2.4033,2.4241,2.4487,2.4787,2.5017,2.5197000000000003,2.5382000000000002,2.5559000000000003,2.5758,2.5969,2.6178,2.6411000000000002,2.6599,2.6776,2.6965000000000003,2.7169000000000003,2.7428000000000003,2.7655000000000003,2.7878000000000003,2.809,2.8266,2.8452,2.8711,2.8969,2.9147000000000003,2.9413,2.9632,2.9842
92427:1.6559000000000001,1.7094,1.8033000000000001,1.9080000000000001,1.9515,2.0842,2.1368,2.1726,2.3601,2.4832,2.5349,2.5778000000000003,2.6255,2.6712000000000002,2.7431,2.7732,2.9233000000000002,2.9442
92625:1.2481,1.3269,1.3536000000000001,1.4137000000000002,1.4363000000000001,1.4677,1.4962,1.5290000000000001,1.5525,1.5811000000000002,1.6077000000000001,1.6297000000000001,1.6459000000000001,1.6691,1.6882000000000001,1.7031,1.7303000000000002,1.7524000000000002,1.7736,1.7913000000000001,1.8075,1.8198,1.8450000000000002,1.8718000000000001,1.8879000000000001,1.9029,1.9223000000000001,1.9418000000000002,1.9576,1.9784000000000002,1.9953,2.0174000000000003,2.0318,2.0540000000000003,2.0752,2.0984000000000003,2.1182000000000003,2.1575,2.1779,2.1994000000000002,2.2189,2.2394000000000003,2.2623,2.2818,2.2983000000000002,2.3191,2.3408,2.3596,2.3745000000000003,2.3937,2.4089,2.4247,2.4411,2.4648000000000003,2.4789000000000003,2.4952,2.515,2.5304,2.5512,2.5679000000000003,2.583,2.5988,2.6162,2.637,2.6555,2.678,2.6943,2.7122,2.7353,2.7573000000000003,2.775,2.7903000000000002,2.8065,2.8271,2.8484000000000003,2.8659000000000003,2.8869000000000002,2.9063000000000003,2.9212000000000002,2.9363,2.9524000000000004,2.9743,2.9889
92649:1.1705,1.2558,1.3101,1.3534000000000002,1.393,1.4353,1.4592,1.5206000000000002,1.5505,1.5690000000000002,1.5831000000000002,1.5961,1.625,1.653,1.6880000000000002,1.7060000000000002,1.7254,1.7355,1.7486000000000002,1.7659,1.7850000000000001,1.8055,1.8264,1.8458,1.8596000000000001,1.881,1.9056000000000002,1.9267,1.9351,1.9527,1.9703000000000002,1.9945000000000002,2.0139,2.0381,2.0532,2.0683000000000002,2.0867,2.1012,2.1144000000000003,2.1269,2.1390000000000002,2.1603,2.1802,2.2052,2.2272000000000003,2.244,2.2566,2.2717,2.2947,2.3078000000000003,2.3291,2.3471,2.3591,2.3752,2.395,2.4138,2.4403,2.4615,2.4765,2.5060000000000002,2.5302000000000002,2.5441000000000003,2.5603000000000002,2.5731,2.592,2.611,2.6255,2.6402,2.6547,2.6674,2.6908000000000003,2.7152000000000003,2.7321,2.7495000000000003,2.7619000000000002,2.7809,2.8258,2.8366000000000002,2.8542,2.8754,2.8966000000000003,2.9116,2.9399,2.9513000000000003,2.9625000000000004,2.9757000000000002,2.9939
92992:1.105
92995:1.0809,1.1936,1.2393,1.2683,1.3099,1.3902,1.4587,1.4964000000000002,1.5572000000000001,1.5965,1.615,1.6440000000000001,1.6729,1.6975,1.7269,1.7466000000000002,1.7849000000000002,1.828,1.8648,1.8941000000000001,1.9361000000000002,1.9588,1.994,2.011,2.0427,2.0708,2.0835,2.1134,2.1444,2.1558,2.1698,2.1931000000000003,2.2289000000000003,2.2645,2.3240000000000003,2.3643,2.3924000000000003,2.4742,2.5090000000000003,2.5597000000000003,2.5967000000000002,2.6172,2.6283000000000003,2.6528,2.6734,2.7114000000000003,2.7258,2.7578,2.8413,2.9244000000000003,2.9744
93132:1.4499,1.5866,1.6296000000000002,1.701,1.7421,1.8174000000000001,1.8366,1.8673000000000002,1.9119000000000002,1.9624000000000001,2.0045,2.0522,2.0889,2.1269,2.1624000000000003,2.1846,2.2307,2.2777000000000003,2.5090000000000003,2.5564,2.6008,2.6387,2.6879,2.7157,2.7477,2.7985,2.8874,2.9357
93427:1.2649000000000001,1.3769,1.4068,1.4494,1.4747000000000001,1.5262,1.5546,1.5826,1.6089,1.6307,1.6574,1.6882000000000001,1.7095,1.7312,1.7545000000000002,1.7792000000000001,1.8016,1.8219,1.8435000000000001,1.8619,1.8833000000000002,1.9067,1.9277000000000002,1.9469,1.9669,1.9909000000000001,2.0148,2.039,2.0577,2.0745,2.0954,2.1106000000000003,2.1301,2.1537,2.1762,2.1968,2.2249000000000003,2.2431,2.2659000000000002,2.2922000000000002,2.3125,2.3373,2.3586,2.3784,2.4028,2.424,2.4473000000000003,2.4705,2.5016000000000003,2.5272,2.5522,2.5708,2.5953,2.6175,2.6329000000000002,2.6502000000000003,2.6692,2.7021,2.7173000000000003,2.737,2.7635,2.785,2.8238000000000003,2.8392,2.869,2.8907000000000003,2.9062,2.9370000000000003,2.9592,2.9788
93492:1.2772000000000001,1.356,1.4307,1.4622000000000002,1.7416,1.7923,1.889,2.076,2.1737,2.311,2.479,2.6934,2.9009
93650:1.5867,1.6288,2.1311,2.5325,2.849
93663:1.3759000000000001,1.488,1.5473000000000001,1.5994000000000002,1.6757000000000002,1.7161000000000002,1.7783,1.8873000000000002,2.0625,2.0993,2.1728,2.2556000000000003,2.3040000000000003,2.3847,2.4249,2.4971,2.5548,2.6098000000000003,2.6574,2.6755,2.7344,2.8022,2.8731,2.9267000000000003
93674:1.371,1.5365,1.589,1.6678000000000002,1.7141000000000002,1.7742,1.8784,1.9227,1.9948000000000001,2.0603000000000002,2.0901,2.1664000000000003,2.2484,2.2984,2.3763,2.4203,2.4895,2.5312,2.5821,2.6229,2.6618,2.7275,2.7974,2.8677,2.9225000000000003,2.9624
93733:1.4203000000000001,1.4927000000000001,1.5576,1.6804000000000001,1.7563000000000002,1.8237,1.8408,1.8776000000000002,1.8904,1.919,1.9503000000000001,1.9638,2.0071,2.0296000000000003,2.0591,2.0833,2.1765000000000003,2.1906000000000003,2.2056,2.2579000000000002,2.3035,2.4163,2.4353000000000002,2.4582,2.4810000000000003,2.5152,2.545,2.5705,2.6252,2.6381,2.6599,2.6792000000000002,2.7269,2.7668,2.8014,2.8558000000000003,2.8871,2.902,2.9657,2.9906
93911:1.2406000000000001,1.2989000000000002,1.3503,1.3915,1.4076,1.4574,1.5106000000000002,1.5488000000000002,1.5896000000000001,1.6063,1.6432,1.6625,1.6900000000000002,1.7570000000000001,1.7793,1.8111000000000002,1.8432000000000002,1.8868,1.9367,1.9671,1.9828000000000001,1.9975,2.0421,2.0718,2.0843000000000003,2.1248,2.1513,2.1629,2.2073,2.2408,2.3031,2.3175,2.3394,2.3594,2.4025000000000003,2.4503,2.4746,2.5001,2.516,2.539,2.5656000000000003,2.6169000000000002,2.6529000000000003,2.6874000000000002,2.7082,2.7246,2.7512000000000003,2.7776,2.7959,2.8389,2.8888000000000003,2.9050000000000002,2.9487,2.9717000000000002,2.9901
93981:1.484,1.5679,1.7178,1.7856,1.8637000000000001,1.9502000000000002,2.0289,2.088,2.2214,2.3826,2.4295,2.5026,2.6242,2.7101,2.7748,2.8424,2.9162000000000003,2.9737
93983:1.076,2.5929
94129:1.988
94169:0.8734000000000001,0.8806,0.9256000000000001,0.9306000000000001,0.9447000000000001,0.9816,0.9973000000000001,1.0576,1.1553,1.2,1.2079,1.2367000000000001,1.2391,1.2478,1.2689000000000001,1.3141,1.3184,1.3297,1.3572,1.3623,1.3848,1.3852,1.3874,1.4040000000000001,1.4042000000000001,1.4052,1.4059000000000001,1.4243000000000001,1.4276,1.4331,1.4420000000000002,1.4425000000000001,1.4586000000000001,1.4612,1.4846000000000001,1.493,1.5013,1.5145000000000002,1.5214,1.5289000000000001,1.5411000000000001,1.5565,1.5627,1.5714000000000001,1.5749,1.5798,1.5867,1.5947,1.6004,1.6009,1.606,1.6142,1.6178000000000001,1.6268,1.6288,1.6318000000000001,1.6372,1.643,1.6703000000000001,1.6725,1.6780000000000002,1.6789,1.6817,1.6964000000000001,1.7127000000000001,1.7283000000000002,1.7341,1.7586000000000002,1.7618,1.7668000000000001,1.7738,1.7746000000000002,1.7757,1.7843,1.7862,1.7866000000000002,1.7995,1.8036,1.8103,1.8281,1.8317,1.8432000000000002,1.8485,1.8548,1.8556000000000001,1.8627,1.865,1.8707,1.8812,1.891,1.8938000000000001,1.9055000000000002,1.9088,1.909,1.9194,1.9247,1.9284000000000001,1.9286,1.9403000000000001,1.9408,1.9418000000000002,1.9422000000000001,1.9501000000000002,1.9503000000000001,1.9574,1.9721000000000002,1.9753,1.9824000000000002,1.9874,2.0032,2.0071,2.0077000000000003,2.0079000000000002,2.0138000000000003,2.0142,2.0229,2.0393,2.0475000000000003,2.0487,2.077,2.0867,2.0893,2.0996,2.1022000000000003,2.1024000000000003,2.1041000000000003,2.1059,2.1273,2.1281,2.1353,2.1372,2.1473,2.1678,2.1683,2.1795,2.1806,2.1821,2.1849000000000003,2.1910000000000003,2.192,2.1925,2.1969000000000003,2.1993,2.2068000000000003,2.2194000000000003,2.2243,2.2348,2.2411000000000003,2.2488,2.2518000000000002,2.2523,2.2546,2.2606,2.2664,2.2675,2.2725,2.2792,2.2818,2.2825,2.2840000000000003,2.2972,2.298,2.3118000000000003,2.3128,2.3221000000000003,2.3264,2.3345000000000002,2.3360000000000003,2.3463000000000003,2.3533,2.3675,2.3793,2.4098,2.4189000000000003,2.4203,2.4423,2.4475000000000002,2.4531,2.4626,2.4632,2.4646,2.4657,2.4663,2.4666,2.4671000000000003,2.4787,2.4839,2.4859,2.4995000000000003,2.5081,2.5258000000000003,2.528,2.5318,2.5418000000000003,2.549,2.5561000000000003,2.5573,2.5580000000000003,2.5582000000000003,2.5744000000000002,2.5746,2.5775,2.5781,2.5886,2.5889,2.5945,2.5959000000000003,2.5964,2.6006,2.6033,2.608,2.6147,2.6177,2.6180000000000003,2.62,2.6216,2.6223,2.6284,2.6292,2.6302000000000003,2.6337,2.6430000000000002,2.6446,2.6513,2.6594,2.6683000000000003,2.6750000000000003,2.6821,2.684,2.6861,2.6872000000000003,2.693,2.6947,2.6978,2.6995,2.7035,2.7215000000000003,2.7246,2.733,2.7349,2.7390000000000003,2.7528,2.7599,2.7663,2.7738,2.7749,2.7814,2.7876000000000003,2.7917,2.794,2.8012,2.8057000000000003,2.8102,2.8151,2.8153,2.8229,2.8272,2.8329,2.8535,2.8559,2.8586,2.8598000000000003,2.8624,2.8894,2.8930000000000002,2.8960000000000004,2.918,2.9235,2.9283,2.9326000000000003,2.9387000000000003,2.9561,2.9587000000000003,2.9632,2.9641,2.9667000000000003,2.9714,2.9779,2.9815,2.982,2.9863,2.9938000000000002,2.9998
94377:0.9151,0.9299000000000001,0.9428000000000001,1.0050000000000001,1.0078,1.072,1.0749,1.0898,1.0933000000000002,1.1203,1.121,1.1451,1.1826,1.1947,1.2103000000000002,1.2171,1.2205000000000001,1.2387000000000001,1.2589000000000001,1.2606000000000002,1.2692,1.2814,1.2843,1.3004,1.3027,1.3495000000000001,1.3603,1.3615000000000002,1.4004,1.4023,1.4208,1.4293,1.4325,1.454,1.4575,1.4603000000000002,1.4613,1.4624000000000001,1.4668,1.4679,1.4698,1.4754,1.4758,1.4948000000000001,1.5056,1.506,1.5129000000000001,1.5211000000000001,1.5283,1.534,1.5412000000000001,1.5422,1.5484,1.5555,1.5633000000000001,1.5726,1.5757,1.5810000000000002,1.5827,1.6064,1.6115000000000002,1.6218000000000001,1.6222,1.627,1.6316000000000002,1.6440000000000001,1.6472,1.6526,1.6575,1.6584,1.6718000000000002,1.6814,1.6821000000000002,1.6893,1.6921000000000002,1.6944000000000001,1.6979000000000002,1.705,1.7132,1.728,1.7324000000000002,1.741,1.7514,1.7584000000000002,1.7604000000000002,1.7629000000000001,1.7655,1.7702,1.7714,1.7739,1.7803,1.7835,1.7872000000000001,1.7919,1.8007000000000002,1.8024,1.8097,1.8117,1.8139,1.8156,1.8450000000000002,1.8458,1.8548,1.8623,1.8643,1.8681,1.87,1.8757000000000001,1.8820000000000001,1.885,1.8874000000000002,1.8878000000000001,1.8894000000000002,1.8920000000000001,1.9048,1.9218000000000002,1.9234,1.9414,1.9424000000000001,1.9495,1.9531,1.9563000000000001,1.9647000000000001,1.9734,1.9775,1.983,1.9848000000000001,1.9874,1.9959,1.9981,1.9986000000000002,2.005,2.0087,2.0099,2.0155000000000003,2.0285,2.0533,2.0557000000000003,2.0715,2.0728,2.0736,2.0793,2.1001000000000003,2.1015,2.1043000000000003,2.1103,2.1267,2.133,2.136,2.1453,2.1478,2.149,2.1522,2.1702,2.172,2.1931000000000003,2.2269,2.2284,2.2334,2.2409,2.2413000000000003,2.253,2.2555,2.2575000000000003,2.2591,2.2749,2.2781000000000002,2.289,2.2903000000000002,2.2907,2.2933,2.2941000000000003,2.2961,2.2965,2.301,2.3051,2.3078000000000003,2.3173,2.3186,2.3218,2.3284000000000002,2.3417,2.3524000000000003,2.3886000000000003,2.3926000000000003,2.3933,2.3936,2.4085,2.4115,2.4122,2.4164000000000003,2.4205,2.4243,2.4248000000000003,2.4396,2.4444,2.4479,2.4567,2.464,2.4674,2.468,2.4685,2.4752,2.4802,2.4899,2.494,2.4944,2.5219,2.5306,2.5353000000000003,2.5377,2.5445,2.5461,2.5541,2.5643000000000002,2.568,2.5725000000000002,2.5826000000000002,2.5895,2.5934,2.5959000000000003,2.5975,2.5989,2.6157,2.6385,2.6411000000000002,2.6446,2.6494,2.6635,2.6724,2.681,2.6866000000000003,2.6879,2.7001,2.7021,2.7054,2.7131000000000003,2.717,2.7206,2.7214,2.7247000000000003,2.7306,2.7512000000000003,2.757,2.7685,2.7912000000000003,2.7992000000000004,2.805,2.8258,2.8288,2.8360000000000003,2.8395,2.8457000000000003,2.8504,2.8596,2.8611,2.8649,2.8687,2.8692,2.8855,2.8893,2.8942,2.9088000000000003,2.9096,2.9127,2.9165,2.9244000000000003,2.928,2.9345000000000003,2.9355,2.9369,2.9398,2.9401,2.9505000000000003,2.968,2.9691,2.9736000000000002,2.9769,2.9771,2.9836,2.9863
94420:1.0708,1.2144000000000001,1.2567000000000002,1.3057,1.3298,1.362,1.3952,1.4085,1.4335,1.4684000000000001,1.5043,1.5192,1.5585,1.5703,1.5927,1.6135000000000002,1.6438000000000001,1.657,1.6714,1.6968,1.7091,1.7361,1.7501,1.764,1.7937,1.8176,1.8343,1.8448,1.8614000000000002,1.872,1.9043,1.9142000000000001,1.9465000000000001,1.9637,1.9737,1.9943000000000002,2.0084,2.0246,2.0431,2.0604,2.0746,2.0903,2.1041000000000003,2.1125000000000003,2.1328,2.1505,2.1822,2.2169000000000003,2.2385,2.27,2.2846,2.3132,2.3323,2.3582,2.3719,2.4005,2.4222,2.4403,2.4767,2.5091,2.5245,2.5435000000000003,2.5683000000000002,2.5889,2.6098000000000003,2.6245000000000003,2.6433,2.6538,2.6791,2.6946000000000003,2.7203,2.737,2.7674000000000003,2.7911,2.8085,2.8278000000000003,2.8388,2.8567,2.8718000000000004,2.8938,2.9096,2.9410000000000003,2.9518,2.9782,2.998
94443:1.0577,1.0911,1.1458000000000002,1.1993,1.2398,1.2639,1.2881,1.312,1.3317,1.3502,1.3895,1.4144,1.445,1.4629,1.484,1.5028000000000001,1.5291000000000001,1.5493000000000001,1.5674000000000001,1.5895000000000001,1.6087,1.6292,1.6477000000000002,1.6640000000000001,1.6801000000000001,1.6961000000000002,1.7104000000000001,1.7221000000000002,1.7397,1.7527000000000001,1.7710000000000001,1.7871000000000001,1.802,1.8147,1.8229000000000002,1.8352000000000002,1.8608,1.8808,1.8952,1.9162000000000001,1.939,1.9599000000000002,1.9755,1.9879,1.9999,2.016,2.0407,2.052,2.0658000000000003,2.0771,2.0894,2.1132,2.1350000000000002,2.1532,2.1669,2.1847000000000003,2.1962,2.2133000000000003,2.2313,2.2498,2.2682,2.2873,2.3048,2.3228,2.3373,2.3568000000000002,2.3706,2.3836,2.3991000000000002,2.4106,2.4278,2.4415,2.4559,2.4698,2.4785,2.4887,2.5042,2.5164,2.5357000000000003,2.5525,2.5642,2.5819,2.6007000000000002,2.6095,2.6234,2.6356,2.6532,2.6728,2.684,2.6988000000000003,2.7142,2.7304,2.7486,2.7591,2.7773000000000003,2.7920000000000003,2.8088,2.8286000000000002,2.8447,2.857,2.8701000000000003,2.8989000000000003,2.9105000000000003,2.9236,2.9407,2.9596,2.9733,2.9914,2.9999000000000002
95123:0.9373,1.0165,1.0664,1.0991,1.1176000000000001,1.1426,1.1721000000000001,1.1992,1.2293,1.2562,1.2754,1.2978,1.3088,1.3212000000000002,1.3372000000000002,1.3474000000000002,1.364,1.3838000000000001,1.4035,1.419,1.4357,1.4518,1.4655,1.4832,1.4999,1.5156,1.5305,1.5458,1.5626,1.5753000000000001,1.5847,1.5969,1.6102,1.6213000000000002,1.6347,1.6443,1.6581000000000001,1.6700000000000002,1.6818000000000002,1.693,1.7020000000000002,1.7129,1.7243000000000002,1.7365000000000002,1.7485000000000002,1.7601,1.7703,1.7793,1.7905,1.8001,1.8125,1.8228000000000002,1.8315000000000001,1.8416000000000001,1.8598000000000001,1.8695000000000002,1.8763,1.8852,1.8951,1.9039000000000001,1.9159000000000002,1.9266,1.9357000000000002,1.9439000000000002,1.9560000000000002,1.9708,1.9812,1.9923000000000002,2.0032,2.0156,2.0236,2.0341,2.0448,2.0564,2.0719000000000003,2.0803000000000003,2.0888,2.1007000000000002,2.1133,2.1215,2.1312,2.1434,2.1542,2.1611000000000002,2.1677,2.1773000000000002,2.1868000000000003,2.1966,2.2079,2.2201,2.2342,2.2454,2.2579000000000002,2.2664,2.2817000000000003,2.2906,2.2978,2.3095000000000003,2.3184,2.33,2.3377000000000003,2.3481,2.3587000000000002,2.3675,2.3795,2.3884000000000003,2.3979,2.4065000000000003,2.4146,2.4229000000000003,2.4317,2.4415,2.4534000000000002,2.4647,2.4788,2.4933,2.5044,2.5148,2.5247,2.5358,2.5443000000000002,2.5533,2.5653,2.5745,2.5846,2.5951,2.6060000000000003,2.6187,2.6367000000000003,2.6451000000000002,2.6573,2.6667,2.677,2.6863,2.6963,2.7061,2.7161,2.7256,2.7401,2.7497000000000003,2.7642,2.7751,2.7844,2.7931,2.8040000000000003,2.8136,2.8239,2.8343000000000003,2.8449,2.8607,2.8701000000000003,2.8831,2.8957,2.9052000000000002,2.9189000000000003,2.9281,2.9405,2.9496,2.9599,2.9690000000000003,2.9770000000000003,2.9873000000000003,2.9958
95185:2.6295
95216:1.2630000000000001,1.2949000000000002,1.3406,1.3683,1.4525000000000001,1.486,1.5205,1.5821,1.6199000000000001,1.6831,1.7288000000000001,1.8049000000000002,1.8252000000000002,1.8386,1.8639000000000001,1.8757000000000001,1.8886,1.9048,1.9319000000000002,1.9695,1.9961,2.0154,2.0297,2.0461,2.0592,2.0763000000000003,2.0911,2.1217,2.1477,2.1642,2.1956,2.2357,2.2643,2.2952,2.3154,2.3367,2.3779,2.4136,2.4577,2.5057,2.5277000000000003,2.5461,2.5767,2.616,2.6391,2.6591,2.6768,2.7145,2.7462,2.7861000000000002,2.8065,2.821,2.8324000000000003,2.8716,2.8920000000000003,2.9083,2.9434,2.9701,2.9873000000000003
95230:0.9854,1.0336,1.0806,1.1319000000000001,1.1713,1.2167000000000001,1.2625,1.3403,1.389,1.4193,1.4423000000000001,1.4799,1.5511000000000001,1.5915000000000001,1.6358000000000001,1.6779000000000002,1.7131,1.7303000000000002,1.7728000000000002,1.8012000000000001,1.8311000000000002,1.8626,1.8834000000000002,1.9189,1.9413,1.9591,1.9776,2.0291,2.0642,2.0957,2.1255,2.1564,2.1905,2.2159,2.2514000000000003,2.2885,2.3000000000000003,2.3440000000000003,2.3908,2.4170000000000003,2.4453,2.4861,2.5367,2.5601000000000003,2.5908,2.6481000000000003,2.6812,2.7099,2.7415000000000003,2.7797,2.8136,2.8355,2.8682000000000003,2.8858,2.9247,2.9605,2.9894000000000003
95396:1.4025,1.8081,2.0260000000000002
96208:1.2736,1.4263000000000001,1.4463000000000001,1.5031,1.6203,1.6573,1.6984000000000001,1.7404000000000002,1.7629000000000001,1.8328,1.8851,1.9434,1.991,2.0187,2.0576000000000003,2.0847,2.1476,2.2023,2.2287,2.3103000000000002,2.3459000000000003,2.3879,2.4706,2.5047,2.5318,2.5869,2.6281000000000003,2.6590000000000003,2.6910000000000003,2.7178,2.7453000000000003,2.7747,2.8472,2.9034,2.9976000000000003
96263:1.0364,1.0588,1.0639,1.0689,1.0897000000000001,1.1416,1.1419000000000001,1.1531,1.1593,1.2165000000000001,1.2358,1.2362,1.2409000000000001,1.2505000000000002,1.2596,1.2639,1.2691000000000001,1.2767000000000002,1.2793,1.29,1.3014000000000001,1.3344,1.3459,1.3505,1.3537000000000001,1.3577000000000001,1.3689,1.3828,1.3849,1.4031,1.4136,1.4219000000000002,1.4306,1.4386,1.4398,1.4482000000000002,1.4602000000000002,1.4648,1.4837,1.495,1.5282,1.5311000000000001,1.534,1.5453000000000001,1.5487,1.5767,1.58,1.5976000000000001,1.6133000000000002,1.6295000000000002,1.6411,1.6527,1.6535,1.6771,1.681,1.6841000000000002,1.7057,1.7187000000000001,1.7249,1.7307000000000001,1.7382000000000002,1.7396,1.7417,1.7431,1.745,1.7531,1.7556,1.7592,1.7668000000000001,1.768,1.7722,1.7994,1.8016,1.8086,1.8094000000000001,1.8135000000000001,1.814,1.8359,1.8391000000000002,1.8469,1.8509,1.8573000000000002,1.8621,1.8879000000000001,1.8886,1.8889,1.8903,1.9018000000000002,1.923,1.9342000000000001,1.9371,1.9765000000000001,1.9923000000000002,1.9937,1.997,2.0012000000000003,2.0015,2.0065,2.0121,2.0366,2.0493,2.0559000000000003,2.0714,2.0722,2.077,2.0829,2.0831,2.0933,2.0951,2.096,2.1033,2.1103,2.1263,2.1310000000000002,2.1445000000000003,2.1504000000000003,2.1728,2.1946,2.1966,2.2022,2.2072000000000003,2.2091000000000003,2.2177000000000002,2.218,2.2388,2.2393,2.2409,2.2433,2.2444,2.247,2.2488,2.2582,2.2594000000000003,2.2664,2.2798000000000003,2.2827,2.301,2.3086,2.3092,2.3299000000000003,2.3444000000000003,2.3456,2.3488,2.3632,2.3715,2.3807,2.3872,2.3896,2.3907000000000003,2.3919,2.3931,2.3936,2.3938,2.3957,2.4009,2.4012000000000002,2.4076,2.4124000000000003,2.4128000000000003,2.44,2.4426,2.4546,2.46,2.468,2.4816000000000003,2.4822,2.494,2.5028,2.5046,2.5182,2.5346,2.5374000000000003,2.5383,2.5395000000000003,2.5559000000000003,2.573,2.5745,2.5787,2.5843000000000003,2.5871,2.5928,2.5972,2.5996,2.6001000000000003,2.6022000000000003,2.6039000000000003,2.6114,2.6219,2.6226000000000003,2.6248,2.6282,2.6435,2.6503,2.6535,2.6642,2.6661,2.6678,2.6682,2.6719,2.6842,2.6852,2.6967000000000003,2.7148000000000003,2.7215000000000003,2.7356000000000003,2.7385,2.7406,2.7527,2.7773000000000003,2.7801,2.7836000000000003,2.7840000000000003,2.7872000000000003,2.7895000000000003,2.79,2.7965,2.8006,2.8064,2.8197,2.8238000000000003,2.8279,2.8323,2.833,2.8384,2.8497000000000003,2.8726000000000003,2.8919,2.8944,2.9067000000000003,2.9104,2.9108,2.9118,2.9246000000000003,2.9301,2.9311000000000003,2.9439,2.9522,2.9578,2.9584,2.9619,2.9636,2.9752,2.9824,2.9850000000000003,2.9854000000000003,2.9889,2.9929
97008:1.0386,1.1279000000000001,1.1739000000000002,1.2075,1.2407000000000001,1.2596,1.2846,1.3105,1.3561,1.3787,1.3942,1.4349,1.4491,1.4635,1.4803000000000002,1.4962,1.5088000000000001,1.5297,1.5412000000000001,1.5528000000000002,1.5675000000000001,1.5822,1.5927,1.6063,1.631,1.6420000000000001,1.6621000000000001,1.6739000000000002,1.6875,1.6983000000000001,1.7248,1.7358,1.7473,1.7598,1.7696,1.7827000000000002,1.7976,1.8099,1.8316000000000001,1.8408,1.85,1.8598000000000001,1.8699000000000001,1.8845,1.8969,1.9073,1.9234,1.9343000000000001,1.9469,1.9621000000000002,1.9780000000000002,1.9886000000000001,2.0026,2.0157000000000003,2.0283,2.0404,2.0512,2.0667,2.0874,2.0961000000000003,2.1066000000000003,2.1212,2.1324,2.1413,2.1622,2.1781,2.1950000000000003,2.2137000000000002,2.2264,2.2399,2.2527,2.2626,2.274,2.2986,2.3116000000000003,2.3253,2.3438000000000003,2.3544,2.365,2.3819,2.3905000000000003,2.3995,2.4151000000000002,2.4282,2.4448000000000003,2.4566000000000003,2.4674,2.4804,2.4904,2.4994,2.5106,2.5193000000000003,2.5285,2.5411,2.5553,2.5691,2.5858000000000003,2.6052,2.6248,2.6341,2.6475,2.6713,2.6812,2.7052,2.7187,2.7397,2.7492,2.7609000000000004,2.7701000000000002,2.7827,2.7947,2.805,2.8179000000000003,2.8302,2.8459000000000003,2.8584,2.8665000000000003,2.8771,2.8960000000000004,2.9182,2.9299,2.9402,2.9563,2.9688000000000003,2.9884,2.9992
97095:1.5302,1.7682,2.0856,2.3753,2.4143000000000003,2.5439000000000003,2.5938000000000003,2.6931000000000003,2.846
97109:0.9942000000000001,1.0377,1.0894000000000001,1.1362,1.1761000000000001,1.2209,1.2655,1.3454000000000002,1.4217,1.4848000000000001,1.5603,1.7337,1.8066,1.8856000000000002,1.9805000000000001,2.2561,2.3029,2.4228,2.4503,2.8384,2.89
97113:1.5654000000000001,1.6222,1.6992,1.7528000000000001,1.8044,1.8679000000000001,1.8982,1.9464000000000001,1.9934,2.0569,2.096,2.1757,2.2591,2.3501000000000003,2.3965,2.4716,2.5135,2.5758,2.6522,2.6915,2.7318000000000002,2.7739000000000003,2.8699000000000003,2.9426,2.9964
97915:1.0637,1.1505,1.2749000000000001,1.3503,1.371,1.4219000000000002,1.4502000000000002,1.5030000000000001,1.5316,1.5535,1.5899,1.6086,1.6359000000000001,1.6644,1.6800000000000002,1.7173,1.7551,1.7743,1.7938,1.8175000000000001,1.8393000000000002,1.8629,1.8978000000000002,1.9145,1.9501000000000002,1.9580000000000002,1.9815,1.9998,2.02,2.0486,2.0618000000000003,2.0932,2.1145,2.1341,2.1712000000000002,2.1968,2.2145,2.2358000000000002,2.2511,2.2761,2.3077,2.343,2.3651,2.3959,2.4025000000000003,2.4295,2.447,2.4767,2.4995000000000003,2.5265,2.5366,2.5531,2.5765000000000002,2.583,2.6131,2.637,2.6654,2.6817,2.7109,2.7334,2.7535000000000003,2.7793,2.7876000000000003,2.8067,2.8264,2.8619000000000003,2.8918,2.9077,2.9255,2.9425000000000003,2.9686000000000003,2.978
98019:1.3633,1.5257,2.0535,2.3701000000000003
98064:0.9745,1.0406,1.0594000000000001,1.093,1.1173,1.1432,1.1971,1.232,1.2537,1.2699,1.3021,1.3225,1.3458,1.3545,1.3687,1.3872,1.4112,1.4191,1.4333,1.4456,1.4619,1.4819,1.499,1.5147000000000002,1.5253,1.5350000000000001,1.5477,1.5569000000000002,1.5765,1.5872000000000002,1.5981,1.6049,1.615,1.6253,1.6328,1.6457000000000002,1.6605,1.6691,1.6779000000000002,1.6886,1.6982000000000002,1.7124000000000001,1.7293,1.7408000000000001,1.7504000000000002,1.7578,1.7706000000000002,1.7804,1.7888000000000002,1.798,1.8083,1.8154000000000001,1.8313000000000001,1.8412000000000002,1.8575000000000002,1.8655000000000002,1.8860000000000001,1.8933,1.9021000000000001,1.9118000000000002,1.9207,1.9320000000000002,1.9444000000000001,1.953,1.9674,1.9751,1.9814,1.9929000000000001,2.0013,2.0129,2.0243,2.0353,2.0455,2.0553,2.0621,2.0752,2.0852,2.1003000000000003,2.1084,2.116,2.1264000000000003,2.1468000000000003,2.1603,2.1674,2.1794000000000002,2.1909,2.198,2.2087,2.2195,2.2285,2.2385,2.2466,2.2566,2.2625,2.2725,2.2813000000000003,2.2887,2.3029,2.3157,2.3319,2.3433,2.3545000000000003,2.3631,2.3746,2.3834,2.3915,2.3982,2.4069000000000003,2.419,2.4263,2.434,2.4419,2.4628,2.4702,2.4824,2.4949000000000003,2.5042,2.5140000000000002,2.5228,2.5317000000000003,2.5395000000000003,2.547,2.5575,2.5667,2.5743,2.5805000000000002,2.5888,2.5986000000000002,2.605,2.6177,2.6264000000000003,2.6339,2.6419,2.6518,2.6626000000000003,2.6698,2.6796,2.6865,2.6973000000000003,2.7072000000000003,2.717,2.7266,2.7397,2.7469,2.7568,2.7661000000000002,2.7747,2.781,2.7881,2.7952000000000004,2.8037,2.8162000000000003,2.8243,2.8362000000000003,2.8479,2.8577000000000004,2.8645,2.873,2.8867000000000003,2.8971,2.9035,2.9119,2.9207,2.9265000000000003,2.9361,2.9447,2.9563,2.966,2.9736000000000002,2.9809,2.9888000000000003,2.9961
98103:1.7193,1.8219,2.3062,2.3994,2.4473000000000003,2.5304,2.5803000000000003,2.6692,2.8634
98366:1.8676000000000001,2.0724,2.4417
99208:1.1547,1.2514,1.2723,1.3022,1.3366,1.3802,1.4151,1.4307,1.4513,1.4668,1.4946000000000002,1.5170000000000001,1.5367000000000002,1.5664,1.5963,1.6131,1.6345,1.6531,1.6772,1.6977,1.7140000000000002,1.7518,1.7604000000000002,1.7779,1.7919,1.8082,1.8199,1.8425,1.8587,1.8791,1.8934000000000002,1.9067,1.9228,1.9389,1.9559000000000002,1.9743000000000002,1.9942000000000002,2.0141,2.0346,2.0473,2.0583,2.0825,2.1085000000000003,2.1266000000000003,2.141,2.1559,2.1734,2.1870000000000003,2.2055000000000002,2.2203,2.2347,2.253,2.2718000000000003,2.2865,2.311,2.3245,2.3418,2.3588,2.3789000000000002,2.3914,2.404,2.4229000000000003,2.4413,2.4568000000000003,2.4733,2.4857,2.5064,2.5176000000000003,2.5299,2.5503,2.5626,2.5786000000000002,2.5994,2.6135,2.6257,2.6412,2.6546000000000003,2.6679,2.6816,2.6966,2.7119,2.7256,2.7377000000000002,2.7630000000000003,2.7746,2.8053000000000003,2.8254,2.8355,2.8586,2.8813,2.9013,2.9170000000000003,2.9263000000000003,2.9516,2.9713000000000003,2.9843,2.9952
99617:1.8112000000000001
99695:1.3286,1.3563,1.4420000000000002,1.5192,1.5783,1.616,1.6641000000000001,1.7193,1.7611,1.7948000000000002,1.8137,1.8418,1.8687,1.8975000000000002,1.9388,1.9733,2.0235000000000003,2.0482,2.0848,2.1195,2.1321,2.1653000000000002,2.1954000000000002,2.2287,2.2456,2.2724,2.2959,2.3094,2.3344,2.3475,2.3682000000000003,2.4001,2.4278,2.4467000000000003,2.4667000000000003,2.4902,2.5272,2.5483000000000002,2.5692,2.5791,2.6207000000000003,2.6592000000000002,2.6865,2.7049000000000003,2.7328,2.7587,2.7876000000000003,2.8203,2.8468,2.9055,2.9446000000000003,2.9722,2.9984
99759:1.5926,1.6167,2.8932
99782:2.1757,2.9366000000000003
99783:1.3780000000000001,1.542,1.5977000000000001,1.6746,1.7782,2.0015,2.0873,2.2533000000000003,2.3155,2.4247,2.5084,2.6581,2.7298,2.802,2.8739000000000003,2.9542
100092:1.5730000000000002,1.6746,1.7742,1.8581,1.9214,1.9733,2.1961,2.2427,2.3159,2.4143000000000003,2.5116,2.6453,2.7211000000000003,2.8720000000000003
100229:0.9007000000000001,0.9029,0.9096000000000001,0.918,0.9815,1.0238,1.0799,1.1174,1.1235,1.1251,1.1293,1.1334,1.1599000000000002,1.2179,1.2326000000000001,1.247,1.2606000000000002,1.2643,1.2667000000000002,1.2832000000000001,1.2921,1.3056,1.3407,1.3417000000000001,1.3452000000000002,1.3860000000000001,1.3943,1.3965,1.3988,1.4023,1.4215,1.4409,1.4552,1.4695,1.4818,1.5061,1.5084,1.518,1.5187000000000002,1.5702,1.5730000000000002,1.5837,1.5919,1.5921,1.5944,1.6192,1.62,1.6245,1.6359000000000001,1.6445,1.6509,1.6661000000000001,1.6789,1.6924000000000001,1.6998,1.7006000000000001,1.7037,1.7040000000000002,1.7080000000000002,1.7216,1.7254,1.7279,1.7445000000000002,1.7451,1.7453,1.7459,1.7502,1.7525000000000002,1.76,1.7644000000000002,1.7725000000000002,1.7817,1.7858,1.7916,1.8084,1.828,1.8334000000000001,1.8410000000000002,1.8421,1.8451000000000002,1.8497000000000001,1.8548,1.8569,1.8656000000000001,1.869,1.8843,1.9032,1.9078000000000002,1.9080000000000001,1.9219000000000002,1.923,1.9285,1.9305,1.9308,1.9346,1.9432,1.9443000000000001,1.9446,1.9479000000000002,1.9486,1.9643000000000002,1.9873,1.9924000000000002,2.0164,2.0302000000000002,2.0318,2.0325,2.0357000000000003,2.0434,2.0473,2.0639000000000003,2.0735,2.0796,2.0834,2.0846,2.0942000000000003,2.0948,2.0961000000000003,2.0969,2.099,2.1003000000000003,2.1049,2.1118,2.1195,2.1223,2.1293,2.1301,2.1322,2.1429,2.1501,2.1516,2.1565000000000003,2.1587,2.1599,2.1805,2.2019,2.2152000000000003,2.2193,2.222,2.2236000000000002,2.2259,2.232,2.2393,2.2431,2.2475,2.249,2.2673,2.2680000000000002,2.2704,2.289,2.2928,2.2938,2.2964,2.3031,2.305,2.3072,2.3077,2.3188,2.3253,2.3271,2.3339000000000003,2.3456,2.347,2.3521,2.3615,2.3705000000000003,2.3715,2.3784,2.3787000000000003,2.3852,2.3872,2.3895,2.3903000000000003,2.3986,2.4011,2.4031000000000002,2.4108,2.4289,2.4302,2.4414000000000002,2.4699,2.4708,2.4746,2.4782,2.4794,2.4937,2.5018000000000002,2.5149,2.5164,2.5361000000000002,2.5406,2.5422000000000002,2.5477000000000003,2.5514,2.5534000000000003,2.5544000000000002,2.5558,2.5642,2.5676,2.5711,2.5751,2.5787,2.5828,2.5853,2.5869,2.5900000000000003,2.5911,2.5917000000000003,2.5962,2.6003000000000003,2.6133,2.6152,2.6251,2.629,2.6351,2.6364,2.6379,2.6386000000000003,2.6451000000000002,2.6462000000000003,2.6471,2.6483000000000003,2.6503,2.6531000000000002,2.6596,2.6625,2.6742,2.6750000000000003,2.6798,2.6837,2.7,2.7123,2.7135000000000002,2.7271,2.7316000000000003,2.7395,2.7456,2.7587,2.7637,2.7721,2.7744,2.7762000000000002,2.7805,2.8084000000000002,2.8132,2.8254,2.8277,2.8418,2.8502,2.855,2.8669000000000002,2.8744,2.8916,2.8919,2.8952,2.8962000000000003,2.9037,2.9088000000000003,2.9275,2.9317,2.9432,2.9617
100390:1.5962,2.446,2.8964000000000003
100474:1.3298,1.3607,1.4380000000000002,1.5156,1.5291000000000001,1.5681,1.616,1.6511,1.6686,1.7053,1.7338,1.7594,1.7910000000000001,1.8141,1.8418,1.8671,1.8982,1.9125,1.9459000000000002,1.9692,2.0020000000000002,2.0227,2.047,2.0723000000000003,2.0887000000000002,2.1211,2.1338,2.1621,2.192,2.221,2.2434000000000003,2.2584,2.271,2.3084000000000002,2.3323,2.3558,2.3788,2.3998,2.4445,2.4785,2.4997000000000003,2.5175,2.5329,2.5433000000000003,2.5595000000000003,2.5786000000000002,2.6176,2.6429,2.672,2.6897,2.7028000000000003,2.7384,2.7680000000000002,2.7986,2.8295000000000003,2.8738,2.9104,2.94,2.9629000000000003,2.9769,2.9988
100807:1.0159,1.0502,1.0597,1.103,1.1563,1.1806,1.205,1.2066000000000001,1.2295,1.2512,1.286,1.3006,1.3343,1.3888,1.3909,1.3983,1.4145,1.4317,1.4338,1.4539,1.4586000000000001,1.4711,1.4756,1.4772,1.4875,1.4939,1.5021,1.5454,1.5564,1.593,1.5995000000000001,1.6046,1.6207,1.622,1.6257000000000001,1.6356000000000002,1.643,1.6475000000000002,1.649,1.6533,1.6647,1.6662000000000001,1.6872,1.6974,1.6989,1.7096,1.7201000000000002,1.7236,1.7273,1.7417,1.7463000000000002,1.7539,1.7677,1.7852000000000001,1.7904,1.7919,1.7947000000000002,1.8025,1.8034000000000001,1.8042,1.8061,1.8178,1.8247,1.8314000000000001,1.8369,1.8408,1.8553000000000002,1.8569,1.862,1.8624,1.8657000000000001,1.8828,1.9037000000000002,1.9049,1.9136000000000002,1.9159000000000002,1.9316,1.9513,1.9532,1.9542000000000002,1.957,1.9641000000000002,1.9658,1.9748,1.9886000000000001,1.989,1.991,2.0031,2.005,2.0101,2.0104,2.0115000000000003,2.0193000000000003,2.0254000000000003,2.0257,2.0329,2.0361000000000002,2.0478,2.0499,2.0599000000000003,2.0618000000000003,2.0660000000000003,2.0718,2.0794,2.0817,2.0925000000000002,2.0997,2.1053,2.1059,2.1083000000000003,2.1111,2.1194,2.121,2.1325000000000003,2.1666000000000003,2.1737,2.1755,2.178,2.1814,2.1856,2.2097,2.2110000000000003,2.2223,2.2230000000000003,2.2493000000000003,2.2514000000000003,2.2648,2.2742,2.2833,2.2877,2.3035,2.3081,2.3114,2.3119,2.322,2.334,2.3353,2.3412,2.3443,2.3519,2.354,2.3562000000000003,2.3564000000000003,2.3574,2.3632,2.3642000000000003,2.3786,2.3857,2.391,2.4107000000000003,2.4128000000000003,2.4139,2.4166000000000003,2.4168000000000003,2.4364,2.4624,2.4641,2.4647,2.4942,2.499,2.4992,2.5011,2.5083,2.5136000000000003,2.5207,2.5255,2.5367,2.5629,2.5669,2.5684,2.5734,2.5773,2.5917000000000003,2.5954,2.6061,2.6168,2.6175,2.6186000000000003,2.6215,2.6243000000000003,2.6485000000000003,2.6558,2.6668000000000003,2.6683000000000003,2.6854,2.6913,2.694,2.6966,2.7054,2.7096,2.7127000000000003,2.7131000000000003,2.7259,2.7262,2.7367,2.7503,2.7536,2.7666,2.7677,2.7818,2.7839,2.7912000000000003,2.8241,2.8302,2.8506,2.8521,2.8621000000000003,2.8680000000000003,2.8683,2.8895,2.8908,2.8936,2.8953,2.8995,2.9054,2.9255,2.9477,2.9495,2.9572000000000003,2.9628,2.9672,2.9684,2.9738,2.9763,2.9769,2.9811,2.9994
101037:1.3231000000000002,1.3428,1.7203000000000002,1.7532,1.8470000000000002,1.9351,2.0226,2.0787,2.1124,2.222,2.2446,2.2955,2.3729,2.4464,2.4607,2.4863,2.5233000000000003,2.5585,2.5752,2.6255,2.6941,2.7556000000000003,2.8208,2.8477,2.9135,2.9693,2.9888000000000003
101321:1.5813000000000001,1.621,1.6288,2.123,2.1303,2.5260000000000002,2.5321000000000002,2.8415,2.8488
101707:0.8393,0.8918,0.9043,0.9215000000000001,0.9559000000000001,0.9849,1.0379,1.0393000000000001,1.0529,1.0761,1.1363,1.1668,1.1953,1.2021000000000002,1.2133,1.2206000000000001,1.2333,1.2763,1.2956,1.3,1.3069000000000002,1.3454000000000002,1.3514000000000002,1.3531,1.3662,1.3694000000000002,1.401,1.4040000000000001,1.4068,1.4232,1.4261000000000001,1.4327,1.4412,1.4471,1.4548,1.4752,1.4883000000000002,1.495,1.496,1.5117,1.5145000000000002,1.5154,1.5308000000000002,1.5438,1.5518,1.5664,1.5841,1.5888,1.6047,1.612,1.6191,1.6341,1.6383,1.6413,1.653,1.6589,1.6596000000000002,1.669,1.6805,1.683,1.6980000000000002,1.7062000000000002,1.7068,1.7235,1.7258,1.7261000000000002,1.7338,1.7351,1.7491,1.7544000000000002,1.7553,1.7571,1.7682,1.7726000000000002,1.7771000000000001,1.7778,1.7786000000000002,1.7888000000000002,1.7945,1.7950000000000002,1.8010000000000002,1.8027000000000002,1.8111000000000002,1.8130000000000002,1.8171000000000002,1.8304,1.8332000000000002,1.8350000000000002,1.8403,1.8569,1.8608,1.8655000000000002,1.8657000000000001,1.8672000000000002,1.8811,1.8963,1.9078000000000002,1.9151,1.9174,1.9184,1.9287,1.9336,1.9338000000000002,1.9385000000000001,1.9391,1.9554,1.9561000000000002,1.9637,1.9673,1.9767000000000001,1.9818,1.9856,1.9863000000000002,1.9883000000000002,1.9962000000000002,2.0005,2.0011,2.0023,2.0094000000000003,2.0106,2.0203,2.0244,2.0394,2.0437000000000003,2.0519000000000003,2.0521000000000003,2.0534,2.0537,2.0596,2.0613,2.063,2.0694,2.0727,2.0774,2.0807,2.0935,2.0989,2.1019,2.1026000000000002,2.1039,2.1173,2.1227,2.1304000000000003,2.1327000000000003,2.1435,2.1473,2.1511,2.1567000000000003,2.162,2.1788000000000003,2.2009000000000003,2.2063,2.2098,2.2110000000000003,2.2198,2.2201,2.2281,2.2336,2.2357,2.2397,2.2588,2.2771,2.2842000000000002,2.2889,2.3001,2.3033,2.3141000000000003,2.3175,2.321,2.3282000000000003,2.3338,2.3351,2.3398000000000003,2.3677,2.3733,2.3762000000000003,2.3836,2.3984,2.4073,2.411,2.4147000000000003,2.4242,2.4267000000000003,2.4358,2.4381,2.4497,2.4521,2.4539,2.4624,2.4658,2.4683,2.4686,2.4703,2.4785,2.4905,2.4922,2.4924,2.4936000000000003,2.5039000000000002,2.5089,2.5175,2.5196,2.5202,2.531,2.5462000000000002,2.5553,2.573,2.5772,2.5854,2.587,2.5898000000000003,2.5919000000000003,2.5951,2.6036,2.6174,2.6211,2.6333,2.6392,2.6408,2.6414,2.6416,2.6438,2.649,2.6495,2.6676,2.6699,2.6713,2.6742,2.6807000000000003,2.6883,2.6915,2.6954000000000002,2.6958,2.7135000000000002,2.7284,2.7307,2.7433,2.7479,2.7505,2.7608,2.7905,2.8007,2.8141000000000003,2.8196000000000003,2.8414,2.8434,2.85,2.8859000000000004,2.8906,2.9048000000000003,2.9085,2.9097,2.9111000000000002,2.9126000000000003,2.9132000000000002,2.9143000000000003,2.9166000000000003,2.9191000000000003,2.9377,2.9451,2.9456,2.9508,2.9682,2.9771,2.982,2.983,2.9887,2.9939
101977:2.9754
102182:1.5291000000000001,1.5913000000000002,1.6640000000000001,1.7527000000000001,1.8213000000000001,1.8808,1.9852,2.0569,2.092,2.1612,2.2419000000000002,2.293,2.3735,2.4139,2.4676,2.5247,2.5705,2.6552000000000002,2.7254,2.8094,2.8756,2.9152,2.9722
102644:1.8356000000000001,1.9949000000000001,2.1673,2.4316,2.5415,2.6928
102727:1.8098
102771:1.3031000000000001,1.3396000000000001,1.3677000000000001,1.4492,1.4876,1.5888,1.6260000000000001,1.6615,1.7107,1.7528000000000001,1.7771000000000001,1.8185,1.8351000000000002,1.8639000000000001,1.8871,1.915,1.9480000000000002,2.0220000000000002,2.0407,2.0769,2.0938,2.1258,2.1579,2.1696,2.2005,2.2676000000000003,2.3007,2.3397,2.371,2.3847,2.4113,2.4277,2.4570000000000003,2.5108,2.5277000000000003,2.5508,2.5758,2.6486,2.6699,2.6924,2.7096,2.7304,2.7535000000000003,2.7853000000000003,2.8282000000000003,2.8634,2.8986,2.9461,2.9629000000000003,2.9978000000000002
103137:1.4246,1.591,1.6361,1.7008,1.7602,1.8148000000000002,1.8702,1.9362000000000001,1.9802000000000002,2.0485,2.1186000000000003,2.2004,2.2419000000000002,2.2759,2.3604000000000003,2.3938,2.4303,2.4776000000000002,2.527,2.5717000000000003,2.6042,2.6549,2.7017,2.7518000000000002,2.7831,2.8278000000000003,2.8647,2.9081,2.9419,2.9759
103226:1.2459,1.3662,1.423,1.5711000000000002,1.606,1.7041000000000002,1.7590000000000001,1.8645,1.9509,1.9969000000000001,2.085,2.1224000000000003,2.2307,2.3679,2.4756,2.5891,2.6977,2.7596000000000003,2.958
103280:2.0952,2.3814,2.4251,2.548,2.6957,2.7421
103433:2.0614,2.2415000000000003,2.3515,2.5042
103504:1.54,1.593,1.6724,1.7188,1.7835,1.8657000000000001,1.8869,1.9339000000000002,2.0002,2.0639000000000003,2.0985,2.1697,2.2524,2.3025,2.3796,2.4323,2.4921,2.544,2.6117,2.6624000000000003,2.7311,2.8017000000000003,2.8705000000000003,2.9306,2.9726000000000004
103692:0.9922000000000001,1.0224,1.0253,1.0703,1.0883,1.1226,1.1467,1.1919,1.2009,1.2285000000000001,1.2451,1.2567000000000002,1.2823,1.3146,1.3284,1.3837000000000002,1.3902,1.3909,1.3983,1.4247,1.4381000000000002,1.4458,1.4537,1.4634,1.4764000000000002,1.4997,1.5030000000000001,1.5099,1.5188000000000001,1.5286000000000002,1.5301,1.534,1.5353,1.5499,1.5538,1.558,1.5598,1.5658,1.5849,1.5862,1.5941,1.598,1.6098000000000001,1.6118000000000001,1.6218000000000001,1.6364,1.6376000000000002,1.6483,1.6633,1.6699000000000002,1.6785,1.6845,1.7164000000000001,1.7202000000000002,1.7244000000000002,1.7287000000000001,1.731,1.7369,1.7402000000000002,1.7436,1.7584000000000002,1.7587000000000002,1.7635,1.7668000000000001,1.7732,1.7794,1.7830000000000001,1.7937,1.7943,1.7945,1.7970000000000002,1.8184,1.8229000000000002,1.8299,1.8322,1.834,1.8366,1.8373000000000002,1.8430000000000002,1.8514000000000002,1.8584,1.8601,1.8711,1.8738000000000001,1.8779000000000001,1.8804,1.8847,1.8980000000000001,1.901,1.9042000000000001,1.9048,1.9053,1.9277000000000002,1.9372,1.9429,1.9431,1.9497,1.9535,1.9562000000000002,1.9600000000000002,1.9666000000000001,1.988,2.0,2.0309,2.0432,2.0478,2.0571,2.0665,2.0866000000000002,2.0925000000000002,2.1054,2.1082,2.1098,2.1169000000000002,2.1332,2.1334,2.1505,2.1573,2.1599,2.1636,2.1715,2.1747,2.1881,2.1908000000000003,2.2071,2.2304,2.2524,2.2526,2.2566,2.2596000000000003,2.2653000000000003,2.27,2.2918000000000003,2.2923,2.2938,2.2953,2.2981000000000003,2.3122000000000003,2.3245,2.3301000000000003,2.3375,2.3523,2.3603,2.3611,2.3626,2.3651,2.3735,2.3827000000000003,2.3849,2.3919,2.3970000000000002,2.4014,2.4125,2.4173,2.4203,2.43,2.4382,2.4521,2.4528000000000003,2.4570000000000003,2.4582,2.4592,2.4595000000000002,2.4739,2.4878,2.4926,2.4974000000000003,2.4992,2.5039000000000002,2.5126,2.5209,2.5284,2.5309,2.5575,2.5739,2.5778000000000003,2.5815,2.5828,2.5855,2.6172,2.6221,2.6338,2.6567000000000003,2.66,2.6708000000000003,2.6852,2.7034000000000002,2.7077,2.709,2.7232000000000003,2.7275,2.7364,2.746,2.7606,2.7636000000000003,2.7651000000000003,2.7666,2.7806,2.7829,2.7840000000000003,2.7982,2.8019000000000003,2.8045,2.8128,2.8193,2.8215000000000003,2.8252,2.8312,2.8563,2.8598000000000003,2.8611,2.8627000000000002,2.8645,2.867,2.8810000000000002,2.8844000000000003,2.8898,2.8941000000000003,2.9006000000000003,2.916,2.9192,2.9321,2.9429000000000003,2.9433000000000002,2.9464,2.9511000000000003,2.9521,2.9576000000000002,2.9652000000000003,2.9705000000000004,2.9885,2.9908
103718:1.7407000000000001,1.8629,1.9606000000000001,1.9945000000000002,2.0917,2.2289000000000003,2.3117,2.6352,2.8665000000000003
104107:1.6089,1.7616,1.8193000000000001,1.9803000000000002,2.0658000000000003,2.2016,2.2664,2.3952,2.4381,2.5343,2.5796,2.6378,2.6898,2.7527,2.7873,2.8678000000000003,2.9233000000000002,2.9918
104169:1.9935
104365:1.0895000000000001,1.1596,1.2424,1.2743,1.2981,1.3328,1.3566,1.3958000000000002,1.4247,1.4628,1.5001,1.5639,1.5958,1.6385,1.6555,1.6777000000000002,1.6993,1.7316,1.754,1.7687000000000002,1.7984,1.8292000000000002,1.8808,1.9020000000000001,1.9259000000000002,1.9736,2.0100000000000002,2.0481000000000003,2.0755,2.1183,2.1488,2.1758,2.2018,2.232,2.2613000000000003,2.3321,2.3453,2.3752,2.3954,2.4487,2.4805,2.5003,2.5198,2.5661,2.5743,2.6118,2.6349,2.6521000000000003,2.6812,2.7044,2.7182,2.7315,2.7584,2.8135000000000003,2.8388,2.8887,2.9393000000000002,2.9812000000000003
104632:2.6562
104833:1.3883,1.7896,1.8902,1.9997,2.0995,2.1722,2.3138,2.387,2.4964,2.5615,2.6227,2.7358000000000002,2.8071,2.8711,2.9312
104955:1.3579,1.4245,1.5075,1.5531000000000001,1.5924,1.6152,1.6393,1.6674,1.6962000000000002,1.722,1.7555,1.7868000000000002,1.8133000000000001,1.8462,1.871,1.8988,1.9273,1.9517,1.9799,2.0088,2.0307,2.0609,2.0903,2.117,2.1355,2.1739,2.1977,2.2221,2.2513,2.2714000000000003,2.2937000000000003,2.3372,2.365,2.3898,2.4083,2.4281,2.4449,2.4778000000000002,2.5032,2.5278,2.5467,2.5713,2.5948,2.6111,2.6395,2.6667,2.692,2.7148000000000003,2.7482,2.766,2.7859000000000003,2.8037,2.8309,2.8627000000000002,2.8814,2.9088000000000003,2.9306,2.956,2.9734000000000003,2.9956
105191:1.35,1.6242,1.8342,1.9208,1.9963000000000002,2.0794,2.1586000000000003,2.3704,2.4171,2.4668,2.5272,2.5783,2.6673,2.7869,2.8369,2.9208000000000003,2.9691
105214:1.0330000000000001,1.0795000000000001,1.0879,1.1336000000000002,1.1728,1.1972,1.2199,1.2412,1.2627000000000002,1.2764,1.2961,1.3145,1.3429,1.3605,1.389,1.4064,1.4193,1.4449,1.4611,1.4818,1.4985000000000002,1.5199,1.5318,1.5529000000000002,1.5646,1.5925,1.6022,1.6154000000000002,1.6396000000000002,1.6536000000000002,1.6699000000000002,1.687,1.6998,1.7175,1.7383000000000002,1.7554,1.776,1.7875,1.8072000000000001,1.8312000000000002,1.8536000000000001,1.8648,1.8896000000000002,1.8981000000000001,1.9222000000000001,1.9397000000000002,1.9593,1.9765000000000001,1.9919,2.0011,2.0137,2.0323,2.0486,2.068,2.0811,2.0951,2.1137,2.1350000000000002,2.148,2.1587,2.1723,2.1932,2.221,2.2341,2.2501,2.2681,2.2886,2.3154,2.3257000000000003,2.3456,2.3669000000000002,2.3908,2.4283,2.4457,2.4682,2.4784,2.4867,2.5076,2.5161000000000002,2.5466,2.5627,2.5918,2.6002,2.6151,2.6245000000000003,2.6341,2.6531000000000002,2.6702,2.6842,2.7082,2.7166,2.7311,2.7487,2.7643,2.8016,2.8218,2.8416,2.8583000000000003,2.8873,2.9076,2.9271000000000003,2.9516,2.9658,2.992
105242:1.3999000000000001,1.5470000000000002,1.5684,1.6195000000000002,1.7747000000000002,1.7922,1.852,1.8907,1.9562000000000002,1.9686000000000001,2.0236,2.1018,2.2655000000000003,2.3754,2.5089,2.5853,2.6855,2.7709,2.9450000000000003,2.9529
105779:1.1465,1.2017,1.2348000000000001,1.3036,1.3906,1.4226,1.4646000000000001,1.4886000000000001,1.5050000000000001,1.5335,1.5518,1.5661,1.5898,1.6015000000000001,1.6400000000000001,1.6763000000000001,1.6952,1.72,1.7518,1.7779,1.7938,1.8344,1.8641,1.8978000000000002,1.9345,1.9578,1.9839,1.9977,2.0264,2.0446,2.0785,2.1126,2.1270000000000002,2.1576,2.1717,2.2099,2.2304,2.2516000000000003,2.2686,2.2902,2.3165,2.3409,2.3663000000000003,2.3913,2.4309000000000003,2.442,2.4816000000000003,2.5149,2.567,2.5947,2.6071,2.6398,2.6534,2.669,2.7082,2.7293000000000003,2.7553,2.7923,2.8046,2.8408,2.8657000000000004,2.9010000000000002,2.9109000000000003,2.9233000000000002,2.9692000000000003
105795:1.2519,1.478,1.5739,1.6096000000000001,1.6446,1.6809,1.7018,1.7656,1.7949000000000002,1.8236,1.8802,1.9034,1.9756,1.9979,2.0260000000000002,2.0657,2.081,2.1232,2.1582,2.2114000000000003,2.2514000000000003,2.3284000000000002,2.3489,2.4549000000000003,2.4699,2.525,2.5409,2.5721000000000003,2.6074,2.621,2.688,2.7078,2.7310000000000003,2.7642,2.8393,2.8984,2.9131,2.9428,2.96,2.9956
106111:2.5474
106130:1.5049000000000001,1.5483,1.5904,1.6948,1.7690000000000001,1.7896,1.8115,1.8424,1.8616000000000001,1.9048,1.9520000000000002,2.0295,2.0548,2.1024000000000003,2.2228,2.2606,2.349,2.3693,2.3985000000000003,2.4293,2.4650000000000003,2.5009,2.5386,2.5701,2.6448,2.712,2.7577000000000003,2.8019000000000003,2.8365,2.8617000000000004,2.9381,2.9688000000000003
106702:1.7706000000000002,1.8642,1.9137000000000002,2.0258000000000003,2.0991,2.3777,2.5496000000000003,2.5946000000000002,2.6524,2.6921,2.7357,2.8918
107406:1.7051,1.7938,1.8616000000000001,1.9146,2.0566,2.1413,2.2329000000000003,2.3234,2.3748,2.4775,2.5192,2.6022000000000003,2.6518,2.7212,2.7725,2.8372,2.9739
107826:2.7356000000000003
107912:1.6328,2.1149,2.3033,2.6171
108148:0.9489000000000001,1.0319,1.0632000000000001,1.0847,1.1148,1.1312,1.1576,1.1733,1.197,1.2142000000000002,1.2376,1.2583,1.2699,1.2879,1.3024,1.3143,1.3309,1.3414000000000001,1.3546,1.37,1.3866,1.3988,1.4072,1.4206,1.4352,1.4455,1.4577,1.4693,1.4827000000000001,1.4964000000000002,1.5111,1.5197,1.5313,1.5469000000000002,1.5605,1.5689000000000002,1.5812000000000002,1.5905,1.6014000000000002,1.6116000000000001,1.6212,1.6341,1.6433,1.6603,1.6717000000000002,1.6841000000000002,1.6969,1.7080000000000002,1.7176,1.7293,1.7397,1.752,1.7631000000000001,1.7716,1.7826000000000002,1.7922,1.8026,1.8131000000000002,1.8250000000000002,1.8329000000000002,1.8419,1.856,1.866,1.8746,1.8833000000000002,1.8911,1.9005,1.9106,1.9211,1.9316,1.9422000000000001,1.9535,1.965,1.9747000000000001,1.9847000000000001,1.9948000000000001,2.0073000000000003,2.0179,2.0283,2.0386,2.0466,2.0563000000000002,2.0668,2.0765000000000002,2.0868,2.097,2.1085000000000003,2.1173,2.1268000000000002,2.1376,2.1469,2.1554,2.1634,2.1722,2.1816,2.1903,2.2002,2.2121,2.2228,2.2337000000000002,2.2426,2.255,2.2636000000000003,2.2743,2.2854,2.2962000000000002,2.3080000000000003,2.3211,2.3327,2.342,2.3539000000000003,2.3631,2.3747000000000003,2.382,2.3915,2.4025000000000003,2.4185000000000003,2.4303,2.4398,2.4497,2.4602,2.4690000000000003,2.4782,2.4893,2.4989,2.5106,2.519,2.5266,2.5359000000000003,2.5479000000000003,2.5581,2.5693,2.5780000000000003,2.588,2.5973,2.6082,2.6179,2.6273,2.6389,2.6479,2.6599,2.6702,2.6790000000000003,2.6910000000000003,2.6997,2.7106000000000003,2.7181,2.7274000000000003,2.7398000000000002,2.7485,2.7598000000000003,2.7677,2.7778,2.791,2.8047,2.815,2.8235,2.8337000000000003,2.8465000000000003,2.8596,2.869,2.8792,2.8906,2.9005,2.9082000000000003,2.9225000000000003,2.9318,2.9421,2.9518,2.9604,2.9697,2.9799,2.9907000000000004
108631:0.9879,1.0654000000000001,1.1012,1.1536,1.2038,1.2452,1.2762,1.3172000000000001,1.3585,1.3955,1.4249,1.4671,1.4721,1.5053,1.5328000000000002,1.5661,1.599,1.6131,1.6182,1.6507,1.6751,1.7032,1.7386000000000001,1.7553,1.7906000000000002,1.8154000000000001,1.8206,1.8406,1.8739000000000001,1.9059000000000001,1.9117000000000002,1.9437,1.9600000000000002,1.9825000000000002,1.9972,2.0181,2.0449,2.0527,2.0732,2.0841000000000003,2.0966,2.1192,2.1526,2.1764,2.1969000000000003,2.2067,2.2389,2.2635,2.2723,2.2874000000000003,2.3232,2.3485,2.3709000000000002,2.4027000000000003,2.4082,2.4401,2.446,2.4559,2.4823,2.5158,2.5193000000000003,2.5649,2.5739,2.5949,2.6076,2.6274,2.6472,2.6534,2.676,2.689,2.7190000000000003,2.7326,2.7664,2.7815000000000003,2.8005,2.8261000000000003,2.8329,2.8541000000000003,2.8747000000000003,2.8929,2.9087,2.931,2.9504,2.9814000000000003,2.996
108699:2.3614
108734:1.274,1.3564,1.4242000000000001,2.015,2.1995
108748:0.9879,0.9941000000000001,1.0688,1.1071,1.1604,1.2498,1.2797,1.2979,1.3224,1.3427,1.3526,1.3626,1.4034,1.4273,1.4377,1.456,1.4697,1.4774,1.4879,1.5154,1.5259,1.5746,1.587,1.6188,1.6244,1.6548,1.6719000000000002,1.6843000000000001,1.7055,1.7458,1.7588000000000001,1.7772000000000001,1.796,1.8144,1.8216,1.8352000000000002,1.8454000000000002,1.8641,1.8754000000000002,1.9115000000000002,1.9188,1.9483000000000001,1.9758,1.9833,1.997,2.0038,2.021,2.0365,2.0484,2.0564,2.077,2.0906000000000002,2.1056,2.1179,2.1245000000000003,2.1492,2.1583,2.1699,2.1878,2.2023,2.2092,2.2196000000000002,2.2407,2.2715,2.2798000000000003,2.2871,2.3171,2.3289,2.3640000000000003,2.3769,2.4059,2.4137,2.4267000000000003,2.4439,2.4512,2.4678,2.4844,2.5096000000000003,2.5180000000000002,2.5233000000000003,2.5359000000000003,2.5405,2.569,2.5799000000000003,2.5856000000000003,2.6081000000000003,2.6398,2.6471,2.6557,2.6808,2.6941,2.724,2.746,2.7697000000000003,2.7789,2.7865,2.8045,2.8283,2.8342,2.8472,2.8601,2.8865000000000003,2.8967,2.9117,2.9214,2.9507000000000003,2.9594,2.9846000000000004,2.9968000000000004
108939:1.2549000000000001,1.2842,1.4026,1.469,1.5115,1.5762,1.622,1.6543,1.6839000000000002,1.7071,1.7349,1.7990000000000002,1.8699000000000001,1.9052,1.9467,2.0473,2.0802,2.1312,2.1529000000000003,2.1728,2.2041,2.2942,2.3573,2.4527,2.4819,2.5314,2.5715000000000003,2.6220000000000003,2.6695,2.7047000000000003,2.745,2.7655000000000003,2.9188,2.9386
108993:1.8186,1.9601000000000002,2.2515,2.4010000000000002,2.5534000000000003,2.5859,2.6455,2.7682,2.7996000000000003,2.8761,2.931
109187:0.8615,0.9357000000000001,0.9498000000000001,0.9745,1.0103,1.0697,1.0808,1.1199000000000001,1.122,1.1337000000000002,1.1377000000000002,1.1569,1.1609,1.2002000000000002,1.2453,1.2492,1.2582,1.2651000000000001,1.2679,1.2749000000000001,1.2757,1.3016,1.3093000000000001,1.3366,1.3374000000000001,1.3387,1.3588,1.3682,1.3852,1.4202000000000001,1.421,1.4213,1.4343000000000001,1.4387,1.4547,1.46,1.4748,1.4839,1.4885000000000002,1.4914,1.4939,1.5264,1.5476,1.5496,1.5554000000000001,1.5878,1.5929,1.6034000000000002,1.6057000000000001,1.6106,1.6427,1.6478000000000002,1.6613,1.6779000000000002,1.6800000000000002,1.6811,1.6900000000000002,1.6966,1.6978,1.6988,1.7101000000000002,1.7111,1.7119,1.7219,1.7238,1.7333,1.7431,1.7461,1.7474,1.7499,1.7550000000000001,1.7623,1.7677,1.7709000000000001,1.7822,1.7886000000000002,1.7936,1.7945,1.8049000000000002,1.8089000000000002,1.8169000000000002,1.8181,1.8183,1.8226,1.8279,1.8383,1.8572000000000002,1.8603,1.8653000000000002,1.8666,1.8672000000000002,1.8760000000000001,1.8872,1.8893000000000002,1.8897000000000002,1.8907,1.8914000000000002,1.8964,1.9038000000000002,1.9044,1.9053,1.9063,1.9066,1.9102000000000001,1.9106,1.9169,1.919,1.9314,1.9399000000000002,1.9421000000000002,1.9902000000000002,1.9934,1.9959,1.9976,2.0014000000000003,2.0100000000000002,2.0266,2.0285,2.0328,2.0384,2.0462000000000002,2.0508,2.0559000000000003,2.0585,2.0731,2.0861,2.0907,2.1176,2.1178,2.1327000000000003,2.1334,2.1388000000000003,2.1396,2.1462,2.1489000000000003,2.1493,2.1511,2.1555,2.1614,2.1682,2.1766,2.1937,2.2022,2.2024,2.2056,2.2107,2.2150000000000003,2.2184,2.2318000000000002,2.2425,2.2444,2.2457000000000003,2.2806,2.2964,2.3313,2.3516,2.3527,2.3529,2.3559,2.3621000000000003,2.366,2.3687,2.3762000000000003,2.3767,2.3774,2.3852,2.3897,2.3971,2.4009,2.4075,2.4104,2.4286000000000003,2.4292000000000002,2.4337,2.4489,2.4594,2.4627000000000003,2.467,2.4690000000000003,2.4877000000000002,2.5036,2.5046,2.5066,2.5091,2.5104,2.5132000000000003,2.5152,2.5194,2.5196,2.5236,2.5253,2.5260000000000002,2.5460000000000003,2.5494000000000003,2.5509,2.5653,2.607,2.6074,2.6118,2.6138000000000003,2.6146000000000003,2.6305,2.6358,2.6365000000000003,2.6396,2.6431,2.6462000000000003,2.6484,2.6652,2.6691000000000003,2.6701,2.6705,2.6794000000000002,2.6829,2.6836,2.6867,2.7006,2.7106000000000003,2.7153,2.7181,2.7183,2.7207000000000003,2.7215000000000003,2.7238,2.7285,2.7292,2.7379000000000002,2.7430000000000003,2.7618,2.7676000000000003,2.7684,2.7710000000000004,2.7768,2.797,2.8087,2.8107,2.8288,2.8291,2.8309,2.9099,2.92,2.9264,2.9339,2.9465000000000003,2.9555000000000002,2.9587000000000003,2.9737,2.9785,2.9808000000000003,2.9861,2.9893,2.9904,2.991,2.9981
109232:0.9409000000000001,0.9739000000000001,1.0176,1.0375,1.0537,1.0826,1.1300000000000001,1.1443,1.1542000000000001,1.1681000000000001,1.1895,1.1994,1.2212,1.2375,1.2584,1.2682,1.286,1.2950000000000002,1.31,1.3268,1.345,1.3529,1.3782,1.3860000000000001,1.3949,1.411,1.4173,1.4404000000000001,1.4501000000000002,1.4602000000000002,1.4703000000000002,1.4802,1.4905000000000002,1.5,1.5166000000000002,1.5244,1.5333,1.5465,1.5566,1.5636,1.5728,1.5846,1.5956000000000001,1.6037000000000001,1.6123,1.6324,1.6425,1.6567,1.6639000000000002,1.6727,1.6853,1.6936,1.7032,1.7111,1.7176,1.7305000000000001,1.739,1.7485000000000002,1.7656,1.7729000000000001,1.7803,1.7882,1.7968000000000002,1.8021,1.8092000000000001,1.8207,1.8278,1.8366,1.8494000000000002,1.8589,1.8681,1.8774000000000002,1.8844,1.8931,1.9012,1.9100000000000001,1.9214,1.9293,1.9365,1.9465000000000001,1.9575,1.9692,1.9791,1.9924000000000002,1.998,2.0058000000000002,2.0138000000000003,2.0275000000000003,2.0334000000000003,2.0424,2.0580000000000003,2.0669,2.0766,2.0827,2.0894,2.1063,2.1143,2.1235,2.1381,2.144,2.1511,2.1618,2.1694,2.1838,2.193,2.205,2.2167,2.2247,2.2312000000000003,2.242,2.2496,2.2584,2.2675,2.2752,2.2848,2.2998000000000003,2.306,2.3155,2.3255,2.3398000000000003,2.3467000000000002,2.3601,2.3685,2.3812,2.3873,2.3951000000000002,2.4062,2.4127,2.4241,2.4343,2.4409,2.4508,2.4570000000000003,2.4634,2.4715000000000003,2.4791000000000003,2.4849,2.4972000000000003,2.5051,2.5122,2.5248,2.5352,2.5472,2.5533,2.5595000000000003,2.5671,2.5787,2.5896000000000003,2.5987,2.6095,2.6167000000000002,2.6231,2.6304000000000003,2.6379,2.6489000000000003,2.6621,2.6713,2.678,2.6858,2.6932,2.7013000000000003,2.7113,2.7207000000000003,2.7262,2.7417000000000002,2.7492,2.758,2.7674000000000003,2.7799,2.7947,2.8012,2.8073,2.8189,2.8336,2.8403,2.8472,2.8600000000000003,2.8673,2.8766000000000003,2.8851,2.9005,2.9092000000000002,2.9226,2.9286000000000003,2.9422,2.9534000000000002,2.9612000000000003,2.9686000000000003,2.9802,2.9889,2.9962
109486:1.0439,1.183,1.4536,1.6516000000000002,1.7394,1.9639000000000002,1.9877,2.3092,2.898
109680:0.9691000000000001,1.0157,1.0472000000000001,1.0811,1.0956000000000001,1.1033,1.1038000000000001,1.1081,1.1365,1.1541000000000001,1.1568,1.1619000000000002,1.2237,1.233,1.2405000000000002,1.25,1.2525000000000002,1.2681,1.2716,1.2746,1.2863,1.3008,1.3037,1.3089,1.3098,1.3130000000000002,1.3153000000000001,1.3213000000000001,1.3324,1.3347,1.342,1.3571,1.3574000000000002,1.3648,1.3704,1.3955,1.4036,1.4204,1.4346,1.4491,1.4549,1.4639,1.471,1.5069000000000001,1.5237,1.5318,1.5364,1.5394,1.5494,1.5696,1.5953000000000002,1.5955000000000001,1.5957000000000001,1.5959,1.6049,1.6159000000000001,1.6272,1.6316000000000002,1.6599000000000002,1.6638000000000002,1.6722000000000001,1.6871,1.6891,1.6953,1.6956,1.7083000000000002,1.7268000000000001,1.7315,1.7377,1.7462,1.7719,1.7766000000000002,1.7786000000000002,1.7795,1.7808000000000002,1.7876,1.7929000000000002,1.7973000000000001,1.8271000000000002,1.8289000000000002,1.8445,1.8621,1.8687,1.8727,1.8763,1.8782,1.881,1.8883,1.8967,1.8991,1.9002000000000001,1.9121000000000001,1.9139000000000002,1.9262000000000001,1.9443000000000001,1.945,1.959,1.9665000000000001,1.9734,1.9835,1.9868000000000001,1.9919,2.0005,2.0019,2.0066,2.0076,2.0119000000000002,2.0179,2.0218000000000003,2.0415,2.0431,2.0491,2.0661,2.0669,2.0752,2.0778000000000003,2.085,2.0874,2.0905,2.0929,2.1026000000000002,2.1147,2.12,2.1279,2.1294,2.1334,2.1397,2.141,2.1479,2.1555,2.1594,2.1636,2.1688,2.1698,2.2132,2.2302,2.233,2.2363,2.2407,2.2409,2.2417000000000002,2.2474000000000003,2.2512000000000003,2.2656,2.2695000000000003,2.2809,2.2845,2.2991,2.305,2.3163,2.3214,2.3311,2.3348,2.3358000000000003,2.362,2.3681,2.3724000000000003,2.3742,2.3756,2.383,2.3842000000000003,2.3911000000000002,2.3913,2.4075,2.4139,2.4381,2.4407,2.4463,2.4613,2.4876,2.4899,2.4922,2.4936000000000003,2.4981,2.5003,2.5057,2.5385,2.5422000000000002,2.5444,2.5460000000000003,2.5535,2.5629,2.5695,2.5756,2.5775,2.58,2.5809,2.584,2.5916,2.5922,2.6109,2.6156,2.6162,2.6175,2.625,2.6286,2.6331,2.6369000000000002,2.6482,2.6582000000000003,2.6608,2.6669,2.6733000000000002,2.694,2.7108000000000003,2.712,2.7395,2.7399,2.7407,2.7590000000000003,2.7823,2.7943000000000002,2.7994000000000003,2.8029,2.809,2.8139000000000003,2.8142,2.8164000000000002,2.8228,2.8245,2.8318000000000003,2.8397,2.8411,2.8539000000000003,2.8640000000000003,2.8685,2.8705000000000003,2.8876,2.8932,2.8996,2.9013,2.9128000000000003,2.9141000000000004,2.9148,2.9183000000000003,2.9198,2.9245,2.9346,2.9439,2.9597,2.972,2.9810000000000003,2.9813,2.982,2.9923,2.9932000000000003
110109:1.3824,1.7870000000000001,2.0185,2.0966
110519:1.5273,1.5731000000000002,1.6093000000000002,1.8098,1.874,1.9177000000000002,2.0773,2.2775000000000003,2.3769,2.4974000000000003,2.5284,2.6583,2.7347,2.8709000000000002,2.9548,2.999
110698:0.891,1.0125,1.0469,1.0598,1.0832000000000002,1.1034000000000002,1.1063,1.1298000000000001,1.1602000000000001,1.1934,1.2052,1.2545000000000002,1.2581,1.2585,1.2752000000000001,1.284,1.2922,1.3343,1.3372000000000002,1.3382,1.3522,1.3618000000000001,1.3767,1.3820000000000001,1.3846,1.3848,1.3863,1.4352,1.4367,1.4464000000000001,1.4514,1.4599,1.4708,1.4754,1.4764000000000002,1.4768000000000001,1.4779,1.4801,1.4824000000000002,1.495,1.4998,1.5012,1.5159,1.5270000000000001,1.5293,1.5337,1.5405,1.5444,1.5456,1.5463,1.5650000000000002,1.578,1.5906,1.6056000000000001,1.6316000000000002,1.6368,1.6627,1.6799000000000002,1.6823000000000001,1.6885000000000001,1.6952,1.7155,1.7173,1.7179,1.7251,1.7409000000000001,1.7484000000000002,1.7536,1.7602,1.7819,1.7828000000000002,1.7832000000000001,1.7836,1.7848000000000002,1.79,1.7950000000000002,1.7966000000000002,1.798,1.7987000000000002,1.804,1.8078,1.8085,1.8116,1.8289000000000002,1.8304,1.8341,1.8445,1.8578000000000001,1.8587,1.8597000000000001,1.864,1.8673000000000002,1.8677000000000001,1.8685,1.8849,1.8865,1.8918000000000001,1.8931,1.8987,1.9000000000000001,1.9007,1.9015000000000002,1.9035000000000002,1.9058000000000002,1.9077000000000002,1.9112,1.9251,1.9625000000000001,1.9653,1.9755,1.9825000000000002,1.9837,1.9871,1.9915,1.9927000000000001,1.9949000000000001,2.0064,2.0144,2.0154,2.0196,2.0209,2.0259,2.0271,2.0352,2.0405,2.047,2.0512,2.0544000000000002,2.0559000000000003,2.0663,2.0733,2.0835,2.0841000000000003,2.0873,2.091,2.0925000000000002,2.1191,2.13,2.1311,2.1609000000000003,2.1617,2.1855,2.1901,2.1998,2.2056,2.2063,2.2078,2.2112000000000003,2.2213000000000003,2.2241,2.2299,2.2352000000000003,2.2383,2.2611,2.2616,2.266,2.287,2.2894,2.2949,2.3057000000000003,2.3157,2.3240000000000003,2.3255,2.3374,2.3388,2.339,2.3560000000000003,2.3669000000000002,2.3720000000000003,2.3925,2.3954,2.4003,2.4006000000000003,2.4024,2.4029000000000003,2.4086000000000003,2.4098,2.4117,2.4151000000000002,2.4242,2.4298,2.4322,2.4414000000000002,2.4476,2.4484,2.4596,2.4773,2.4878,2.4899,2.4922,2.4938000000000002,2.4958,2.4983,2.5054000000000003,2.5084,2.5135,2.5232,2.5252000000000003,2.5373,2.5491,2.5661,2.5814,2.5828,2.589,2.5984000000000003,2.6008,2.6014,2.6113,2.6194,2.6203000000000003,2.6270000000000002,2.6313,2.6363000000000003,2.6707,2.6749,2.6809000000000003,2.6841,2.7032000000000003,2.7047000000000003,2.7107,2.7312000000000003,2.7341,2.7357,2.7375000000000003,2.7397,2.7407,2.7417000000000002,2.7455000000000003,2.7532,2.7653000000000003,2.766,2.7766,2.7782,2.7838000000000003,2.8093000000000004,2.8115,2.8195,2.8279,2.843,2.8492,2.8556,2.8562000000000003,2.8585000000000003,2.8588,2.8646000000000003,2.865,2.8792,2.8898,2.8961,2.9063000000000003,2.9290000000000003,2.9303000000000003,2.9504,2.9561,2.9584,2.9649,2.9684,2.9730000000000003,2.9803,2.9831000000000003,2.9885,2.9987000000000004
111205:1.4716,1.7029,2.0549,2.2327,2.3343000000000003,2.4941
111464:2.1029,2.6708000000000003
112059:1.7126000000000001,1.776,1.8238,1.8801,1.9491,2.0188,2.0700000000000003,2.1353,2.2223,2.3036000000000003,2.3684000000000003,2.4103000000000003,2.4855,2.5765000000000002,2.6249000000000002,2.673,2.7309,2.8024,2.8568000000000002,2.9155,2.9756
112096:1.0921
112240:1.4147,1.554,1.6006,1.6723000000000001,1.7096,1.7515,1.7930000000000001,1.8312000000000002,1.8712000000000002,1.9105,1.9409,1.9849,2.0253,2.0692,2.099,2.138,2.1806,2.2297000000000002,2.2779000000000003,2.3403,2.3771,2.4256,2.4772000000000003,2.5644,2.6015,2.6354,2.6642,2.7162,2.774,2.8305000000000002,2.8864,2.9136,2.9643
112431:1.5269000000000001,1.6203,1.7702,1.842,1.8867,1.9398000000000002,1.9918,2.0761000000000003,2.1091,2.236,2.2821000000000002,2.3727,2.4614000000000003,2.5187,2.5875,2.654,2.7368,2.8173,2.8709000000000002,2.9128000000000003,2.9556
112800:0.9402,0.9681000000000001,1.0173,1.056,1.0685,1.1137000000000001,1.1244,1.1660000000000001,1.187,1.2011,1.2029,1.2375,1.2551,1.2646000000000002,1.3012000000000001,1.3173000000000001,1.3392000000000002,1.3464,1.3877000000000002,1.4019000000000001,1.4043,1.4139000000000002,1.4182000000000001,1.4299000000000002,1.4438,1.4497,1.4785000000000001,1.4835,1.5011,1.5448000000000002,1.5507,1.5618,1.5642,1.5810000000000002,1.5847,1.5939,1.6112000000000002,1.6148,1.6247,1.6269,1.6322,1.6325,1.6473,1.6486,1.6545,1.6659000000000002,1.6669,1.6723000000000001,1.6764000000000001,1.6854,1.6906,1.7013,1.7048,1.7202000000000002,1.7295,1.7324000000000002,1.7344000000000002,1.7464000000000002,1.7475,1.7628000000000001,1.768,1.8144,1.816,1.8387,1.8416000000000001,1.8577000000000001,1.8828,1.8857000000000002,1.9071,1.9095000000000002,1.9148,1.9159000000000002,1.9191,1.921,1.9218000000000002,1.9295,1.9297000000000002,1.9332,1.9420000000000002,1.945,1.9518000000000002,1.9613,1.9647000000000001,1.9827000000000001,1.9844000000000002,1.9948000000000001,1.9953,2.0008,2.0081,2.0125,2.0225,2.0304,2.0483000000000002,2.0574,2.0603000000000002,2.0614,2.0621,2.0724,2.0935,2.1037,2.1319,2.1519,2.1658,2.1678,2.1972,2.1978,2.2002,2.2063,2.209,2.2162,2.2256,2.2276000000000002,2.2339,2.237,2.2449,2.2479,2.2497000000000003,2.2532,2.2752,2.2757,2.2849,2.2982,2.301,2.3099000000000003,2.3156000000000003,2.3159,2.3249,2.3275,2.3354,2.3385000000000002,2.3422,2.3499000000000003,2.3648000000000002,2.3773,2.3855,2.3919,2.3951000000000002,2.4048000000000003,2.4095,2.4179,2.4207,2.4259,2.4289,2.4297,2.4325,2.4519,2.4525,2.4616000000000002,2.4654000000000003,2.4752,2.4811,2.4892000000000003,2.4904,2.4926,2.4946,2.5029,2.5034,2.5097,2.5642,2.5648,2.5768,2.5836,2.5858000000000003,2.5952,2.6002,2.6186000000000003,2.6363000000000003,2.6437,2.6451000000000002,2.6476,2.6496,2.6534,2.6726,2.6734,2.6739,2.6759,2.6874000000000002,2.6909,2.6917,2.6986000000000003,2.7033,2.7097,2.7175000000000002,2.7232000000000003,2.7349,2.7418,2.7496,2.7512000000000003,2.754,2.7573000000000003,2.7623,2.7679,2.7685,2.777,2.7775000000000003,2.782,2.8025,2.8029,2.8189,2.8325,2.8377000000000003,2.8418,2.8452,2.8583000000000003,2.861,2.8681,2.8807,2.8811,2.8839,2.8883,2.8973,2.9019,2.9041,2.9085,2.9118,2.928,2.9379,2.9574000000000003,2.964,2.9743,2.975,2.9799,2.9808000000000003,2.9814000000000003,2.9881,2.9927,2.9938000000000002,2.9954,2.998
112815:1.3985,1.5157,1.5582,1.5966,1.7015,1.7692,1.7899,1.8283,1.8624,1.8898000000000001,1.9468,1.9909000000000001,2.0262000000000002,2.0663,2.1073,2.2303,2.2648,2.3067,2.3539000000000003,2.4056,2.4376,2.4659,2.5086,2.5874,2.6638,2.7183,2.7707,2.8391,2.8713,2.9441,2.9721
113079:1.4717,1.5244,1.5635000000000001,1.6014000000000002,1.6520000000000001,1.6997,1.7328000000000001,1.7703,1.7985,1.8318,1.8596000000000001,1.8949,1.9139000000000002,1.9455,1.9846000000000001,2.0167,2.0499,2.0827,2.1136,2.1373,2.162,2.189,2.2248,2.2680000000000002,2.2972,2.3317,2.3618,2.3919,2.4232,2.4652000000000003,2.4878,2.5165,2.5419,2.5671,2.5863,2.6097,2.6258,2.6561,2.6806,2.7117,2.7421,2.7657000000000003,2.8061000000000003,2.8404000000000003,2.8664,2.9161,2.9322000000000004,2.9509000000000003,2.9763
113428:1.6602000000000001,2.1038,2.4052000000000002,2.5256000000000003,2.6518,2.8669000000000002
113518:2.7909
113578:1.4138000000000002,2.0888,2.7344,2.8013000000000003,2.9966
113607:1.2702,1.3566,1.4243000000000001,1.5017,1.5664,1.6202,1.6554,1.6976,1.7336,1.7627000000000002,1.8342,1.8860000000000001,1.9405000000000001,1.9828000000000001,2.0158,2.057,2.0864000000000003,2.1292,2.1595,2.2016,2.259,2.3113,2.3483,2.3766000000000003,2.4526000000000003,2.4843,2.5282,2.5747,2.6151,2.6531000000000002,2.6863,2.7188000000000003,2.7485,2.7853000000000003,2.8408,2.9029000000000003,2.9414000000000002,2.9806000000000004
113636:1.9896
113894:0.9834,1.0621,1.0978,1.1996,1.2414,1.272,1.3146,1.3566,1.3921000000000001,1.4219000000000002,1.464,1.5018,1.5304,1.5617,1.593,1.6074000000000002,1.6477000000000002,1.6726,1.7004000000000001,1.7341,1.7526000000000002,1.7864,1.8159,1.8373000000000002,1.8667,1.899,1.9408,1.9560000000000002,1.9807000000000001,1.9966000000000002,2.0132,2.0494,2.0681000000000003,2.0803000000000003,2.1153,2.1496,2.1724,2.1951,2.2317,2.2591,2.2694,2.3195,2.3433,2.3679,2.396,2.4365,2.4789000000000003,2.5081,2.5162,2.5622000000000003,2.593,2.6039000000000003,2.6224000000000003,2.6367000000000003,2.6721,2.6854,2.7134,2.7288,2.7604,2.7988,2.8505000000000003,2.8685,2.9064,2.9285,2.9770000000000003
113916:1.5335,1.6122,1.7701,1.8779000000000001,1.9212,2.0818000000000003,2.128,2.3767,2.4179,2.5016000000000003,2.5914,2.6654,2.6932,2.7368,2.8755,2.959
114174:1.8082,2.0516,2.2343,2.7743,2.8682000000000003,2.9934000000000003
114185:2.2270000000000003,2.6595
114327:1.4379000000000002,1.6559000000000001,1.8289000000000002,1.8817000000000002,1.9540000000000002,2.013,2.0615,2.0882,2.1746000000000003,2.2315,2.2531000000000003,2.2962000000000002,2.3997,2.483,2.5387,2.5752,2.6621,2.7047000000000003,2.7349,2.7874000000000003,2.8105,2.9384,2.98
114374:1.0997000000000001,1.2499,1.28,1.5070000000000001,1.5341,1.6071,1.6823000000000001,1.7375,1.8759000000000001,2.0932,2.2025,2.6243000000000003,2.6899,2.8699000000000003
114488:0.8846,0.9,0.9141,0.9605,1.0165,1.0603,1.0637,1.0649,1.0963,1.0989,1.1689,1.1745,1.1828,1.193,1.2111,1.2114,1.2191,1.2228,1.2279,1.2296,1.2469000000000001,1.2486000000000002,1.2709000000000001,1.2727000000000002,1.2825,1.2859,1.3162,1.3208,1.343,1.35,1.3527,1.3843,1.4256,1.4305,1.4662000000000002,1.4674,1.4706000000000001,1.4717,1.4719,1.477,1.4804000000000002,1.5534000000000001,1.5593000000000001,1.5675000000000001,1.5690000000000002,1.5709000000000002,1.5909,1.5979,1.6017000000000001,1.6073000000000002,1.6148,1.6277000000000001,1.6313,1.6400000000000001,1.6412,1.6682000000000001,1.6708,1.6754,1.6785,1.6862000000000001,1.6874,1.6882000000000001,1.6889,1.6940000000000002,1.6979000000000002,1.7109,1.7141000000000002,1.7247000000000001,1.7316,1.7536,1.7603,1.7615,1.7634,1.7696,1.7744,1.7829000000000002,1.7897,1.8076,1.8146,1.8165,1.8188000000000002,1.8239,1.8263,1.838,1.8390000000000002,1.8521,1.856,1.8664,1.8697000000000001,1.8738000000000001,1.8783,1.8852,1.8918000000000001,1.8953,1.8985,1.9135000000000002,1.9183000000000001,1.9406,1.9619000000000002,1.9623000000000002,1.9726000000000001,1.973,1.9781000000000002,1.9788000000000001,1.9862000000000002,1.9919,1.9932,1.9955,2.0032,2.0167,2.019,2.0279000000000003,2.0306,2.0403000000000002,2.0462000000000002,2.0512,2.0629,2.0638,2.0642,2.0648,2.065,2.0715,2.0742000000000003,2.0753,2.0759000000000003,2.0873,2.0896,2.0937,2.1045000000000003,2.1049,2.1179,2.119,2.1237,2.1247000000000003,2.1395,2.1408,2.1579,2.1617,2.1672000000000002,2.1796,2.1805,2.1847000000000003,2.2070000000000003,2.2083,2.2118,2.2270000000000003,2.2318000000000002,2.2395,2.2507,2.2592000000000003,2.267,2.2677,2.2699000000000003,2.3029,2.3069,2.318,2.3234,2.3262,2.3337000000000003,2.3347,2.3417,2.3529,2.3537,2.3662,2.3712,2.3862,2.3902,2.4307000000000003,2.4323,2.4397,2.4450000000000003,2.4501,2.4506,2.4527,2.4571,2.46,2.4608000000000003,2.4676,2.4684,2.4731,2.4743,2.4826,2.4842,2.5184,2.5220000000000002,2.5389,2.541,2.5522,2.5609,2.5627,2.5663,2.5688,2.5740000000000003,2.5844,2.5895,2.5977,2.6005000000000003,2.604,2.6062000000000003,2.6082,2.6122,2.617,2.6180000000000003,2.6191,2.6195,2.6209000000000002,2.6226000000000003,2.6292,2.6485000000000003,2.6489000000000003,2.6826000000000003,2.6916,2.6936,2.6981,2.6984,2.721,2.7217000000000002,2.7265,2.7288,2.7462,2.7481,2.7495000000000003,2.75,2.7601,2.7617000000000003,2.7689,2.773,2.7888,2.7936,2.7987,2.8217000000000003,2.8264,2.8318000000000003,2.8326000000000002,2.837,2.8418,2.8484000000000003,2.8514,2.8636,2.8647,2.8834,2.9024,2.9228,2.9233000000000002,2.9376,2.9378,2.9463000000000004,2.9467000000000003,2.958,2.9765,2.986,2.9918,2.9984
114492:1.4346,1.9944000000000002,2.2304,2.313
115035:0.9389000000000001,1.0122,1.0494,1.0743,1.1019,1.1269,1.1507,1.1649,1.1954,1.2105000000000001,1.2364000000000002,1.2542,1.2652,1.2787000000000002,1.2912000000000001,1.3089,1.3210000000000002,1.3387,1.3494000000000002,1.3624,1.3817000000000002,1.3918000000000001,1.4024,1.4116,1.4242000000000001,1.4364000000000001,1.4475,1.4576,1.4677,1.4792,1.4947000000000001,1.5105000000000002,1.5194,1.5299,1.5447000000000002,1.5586,1.5689000000000002,1.5821,1.5933000000000002,1.6037000000000001,1.6137000000000001,1.6216000000000002,1.6304,1.6406,1.651,1.6592,1.6705,1.6802000000000001,1.6921000000000002,1.7036,1.7148,1.7246000000000001,1.7356,1.746,1.7555,1.7672,1.7778,1.7863,1.7974,1.8053000000000001,1.816,1.8252000000000002,1.8341,1.8453000000000002,1.8572000000000002,1.8658000000000001,1.8732000000000002,1.8805,1.8913,1.8992,1.9076000000000002,1.9157000000000002,1.9257000000000002,1.9338000000000002,1.9443000000000001,1.9553,1.9652,1.9762000000000002,1.9851,1.9938,2.0036,2.0117000000000003,2.0199000000000003,2.0285,2.0417,2.0484,2.0558,2.0664000000000002,2.079,2.0875,2.0966,2.1060000000000003,2.113,2.1215,2.1315,2.1390000000000002,2.1481,2.1565000000000003,2.1646,2.1733000000000002,2.1826000000000003,2.1937,2.2049000000000003,2.213,2.2212,2.2282,2.2373000000000003,2.2465,2.2551,2.2637,2.2720000000000002,2.2829,2.2936,2.3013,2.3138,2.3235,2.3345000000000002,2.3442000000000003,2.3561,2.3653,2.3739,2.3817,2.3917,2.4008000000000003,2.41,2.4221,2.4358,2.444,2.4522,2.4598,2.4687,2.4804,2.4884,2.5011,2.5102,2.5222,2.5298000000000003,2.5380000000000003,2.5485,2.5557000000000003,2.563,2.5703,2.5789,2.5876,2.5962,2.6061,2.6132,2.6196,2.6257,2.6343,2.6433,2.6532,2.6623,2.6718,2.6836,2.6910000000000003,2.6989,2.7109,2.7217000000000002,2.7296,2.7394000000000003,2.7472000000000003,2.7560000000000002,2.7649,2.7747,2.785,2.7955,2.806,2.8176,2.8282000000000003,2.8354,2.8433,2.8555,2.8646000000000003,2.8746,2.8849,2.8969,2.9066,2.9153000000000002,2.9249,2.9368000000000003,2.9484000000000004,2.9578,2.9663,2.9743,2.9848000000000003,2.9931
115193:1.4732,1.5832000000000002,1.6249,1.7662,1.8145,1.8631,1.9111,1.9783000000000002,2.0519000000000003,2.1274,2.1912000000000003,2.2389,2.3277,2.3956,2.4621,2.5119000000000002,2.5291,2.5829,2.6301,2.6715,2.7163,2.7789,2.8400000000000003,2.849,2.9287,2.9897
115210:1.2235,1.3932,1.4653,1.5033,1.5342,1.5532000000000001,1.582,1.6129,1.6715,1.6974,1.7405000000000002,1.7653,1.7813,1.8052000000000001,1.8354000000000001,1.8562,1.8915000000000002,1.9089,1.945,1.9856,2.0295,2.0479000000000003,2.0951,2.1108000000000002,2.1504000000000003,2.1875,2.2247,2.2563,2.2781000000000002,2.3088,2.3447,2.3649,2.3943000000000003,2.4056,2.4197,2.4359,2.4628,2.4954,2.5121,2.539,2.5593,2.5871,2.6353,2.65,2.6798,2.7116000000000002,2.7512000000000003,2.7661000000000002,2.8018,2.8321,2.8615,2.8844000000000003,2.9336,2.948,2.9631000000000003,2.9977
115273:1.5967
115366:1.0951,1.2433,1.2750000000000001,1.5019,1.5228000000000002,1.6016000000000001,1.6784000000000001,1.7327000000000001,1.8726,1.9068,1.9551,1.9973,2.0869,2.1978,2.2798000000000003,2.3441,2.4732000000000003,2.5847,2.6212,2.6848,2.7299,2.8666
115491:1.7057,1.8043,1.8809,1.9501000000000002,2.0276,2.093,2.1634,2.3008,2.3845,2.4447,2.5473000000000003,2.68,2.7973000000000003,2.9115,2.9798
115540:1.6544
115771:1.6051,1.6923000000000001,1.8981000000000001,1.9465000000000001,1.9881000000000002,2.0816,2.2074000000000003,2.2797,2.4318,2.5059,2.5586,2.588,2.6389,2.7275,2.7742,2.8137000000000003,2.9051,2.9353000000000002,2.9884
115960:1.4363000000000001,1.5378,1.5687,1.614,1.7042000000000002,1.7405000000000002,1.7894,1.8175000000000001,1.8524,1.8814000000000002,1.9133,1.9559000000000002,1.9913,2.0548,2.0787,2.1216,2.228,2.2659000000000002,2.3103000000000002,2.375,2.4356,2.4735,2.5086,2.5479000000000003,2.5901,2.6548000000000003,2.6902,2.7633,2.8407,2.9004000000000003,2.9450000000000003,2.9727
115968:1.4279000000000002,1.6483,1.7187000000000001,1.8083,1.8869,1.8911,1.9521000000000002,1.9831,2.095,2.1402,2.1727000000000003,2.2327,2.3013,2.3974,2.4257,2.4747,2.5477000000000003,2.6140000000000003,2.6597,2.6891000000000003,2.7348000000000003,2.7481,2.8133000000000004,2.843,2.8952,2.9330000000000003
115976:1.2602,1.327,1.3564,1.3942,1.4387,1.4668,1.5109000000000001,1.534,1.5656,1.5959,1.6157000000000001,1.6358000000000001,1.6586,1.6802000000000001,1.7043000000000001,1.7266000000000001,1.7509000000000001,1.7702,1.7909000000000002,1.8081,1.8283,1.8504,1.8701,1.8871,1.9024,1.9219000000000002,1.9452,1.9686000000000001,1.9902000000000002,2.0100000000000002,2.0303,2.0518,2.0729,2.0881000000000003,2.111,2.1349,2.1535,2.1694,2.1906000000000003,2.2175000000000002,2.2319,2.2513,2.2719,2.2973,2.3214,2.3439,2.365,2.3865000000000003,2.4062,2.43,2.4490000000000003,2.4666,2.4832,2.5044,2.5243,2.5451,2.5625,2.5787,2.5994,2.616,2.6297,2.6535,2.6723000000000003,2.6958,2.7143,2.7299,2.749,2.7683,2.7974,2.8263000000000003,2.8416,2.8646000000000003,2.8861000000000003,2.9104,2.928,2.9527,2.9719,2.9897
116067:2.942
116142:1.6205,1.7081000000000002,1.834,1.8782,1.9394,2.0020000000000002,2.0460000000000003,2.0884,2.1612,2.2433,2.3035,2.3695,2.4531,2.5269,2.6152,2.6645000000000003,2.7327000000000004,2.8272,2.9098,2.9719
116265:1.6563,1.8077,1.8665,1.9109,2.0568,2.1057,2.2954000000000003,2.3421000000000003,2.4022,2.4598,2.4926,2.5460000000000003,2.5835,2.6523000000000003,2.8116000000000003,2.8723,2.9746,2.9945
116635:1.2339,1.3236,1.3536000000000001,1.4049,1.4687000000000001,1.5111,1.5893000000000002,1.6222,1.6623,1.6914,1.7272,1.7589000000000001,1.7804,1.8213000000000001,1.8493000000000002,1.8803,1.9049,1.9666000000000001,1.9958,2.0431,2.0666,2.0799000000000003,2.1134,2.1448,2.1696,2.2294,2.2481,2.2933,2.3171,2.3424,2.3689,2.4027000000000003,2.4473000000000003,2.4634,2.4836,2.5048,2.5256000000000003,2.5585,2.5718,2.6089,2.6218,2.6541,2.6964,2.7165,2.7322,2.7541,2.7917,2.8368,2.8881,2.9107000000000003,2.9444000000000004,2.9697,2.9897
116721:1.6156000000000001,2.6408
116777:1.6099,1.7012,1.8161,1.9024,1.9503000000000001,1.9935,2.0864000000000003,2.2033,2.2492,2.2843,2.4002000000000003,2.4366000000000003,2.5096000000000003,2.5614000000000003,2.5907,2.6429,2.7233,2.7725,2.807,2.8765,2.9225000000000003,2.9881
116843:1.1493,1.2365000000000002,1.3084,1.3591,1.3985,1.4503000000000001,1.4856,1.5217,1.5724,1.5961,1.629,1.6560000000000001,1.6817,1.7014,1.719,1.7405000000000002,1.7575,1.7847000000000002,1.8046,1.8305,1.8466,1.8675000000000002,1.8926,1.9109,1.9336,1.9534,1.9767000000000001,2.0057,2.0279000000000003,2.048,2.072,2.0934,2.1074,2.1268000000000002,2.1482,2.1658,2.1870000000000003,2.2201,2.2342,2.2572,2.2792,2.3087,2.3378,2.3576,2.3818,2.4049,2.4343,2.4693,2.4853,2.5124,2.5411,2.5594,2.5794,2.5996,2.6254,2.6425,2.6576,2.6758,2.7152000000000003,2.7352000000000003,2.7593,2.7832000000000003,2.8238000000000003,2.8428,2.8749000000000002,2.8976,2.9279,2.9472,2.9802
116937:0.9889,1.0651000000000002,1.147,1.1963000000000001,1.2403,1.2636,1.3074000000000001,1.3844,1.3995,1.4507,1.4719,1.5072,1.5482,1.5839,1.6516000000000002,1.6733,1.7001000000000002,1.7437,1.7673,1.7895,1.8197,1.838,1.8663,1.9091,1.9542000000000002,1.9893,2.0197000000000003,2.0511,2.0995,2.1105,2.1436,2.1831,2.2296,2.2602,2.2734,2.3241,2.3583000000000003,2.4343,2.4719,2.5159000000000002,2.5716,2.6123000000000003,2.628,2.6414,2.7172,2.7594000000000003,2.7874000000000003,2.8283,2.8731,2.8885,2.9383000000000004,2.9632
117221:1.6175000000000002,1.9216000000000002,2.1206,2.414,2.5912,2.6909
117255:1.6044,2.3416
117257:1.3624,1.4786000000000001,1.5363,1.6232,1.701,1.7657,1.8267,1.8827,1.9206,1.9881000000000002,2.051,2.0886,2.1623,2.21,2.2922000000000002,2.3762000000000003,2.4154,2.4553000000000003,2.5268,2.5736000000000003,2.6133,2.6595,2.6951,2.7366,2.7882000000000002,2.8371,2.9177,2.9631000000000003
118139:1.056,1.0822,1.1315,1.1675,1.2011,1.2394,1.2602,1.2732,1.2882,1.3116,1.3405,1.355,1.3760000000000001,1.3940000000000001,1.4107,1.4275,1.4447,1.4605000000000001,1.4727000000000001,1.4908000000000001,1.5070000000000001,1.5219,1.5369000000000002,1.5571000000000002,1.5687,1.5855000000000001,1.5985,1.6138000000000001,1.6248,1.6403,1.6537000000000002,1.6665,1.6808,1.6971,1.7086000000000001,1.7202000000000002,1.7312,1.7504000000000002,1.7666000000000002,1.7817,1.7945,1.8079,1.8228000000000002,1.8363,1.8535000000000001,1.8644,1.8755000000000002,1.8886,1.8979000000000001,1.9056000000000002,1.915,1.9276000000000002,1.9411,1.9573,1.9748,1.9876,2.0065,2.0176000000000003,2.0305,2.0446,2.0533,2.0629,2.0756,2.0887000000000002,2.1066000000000003,2.1184000000000003,2.1336,2.1465,2.1594,2.1704,2.1863,2.1978,2.2150000000000003,2.2268,2.2402,2.2559,2.2742,2.2875,2.3011,2.3224,2.3365,2.3501000000000003,2.3623000000000003,2.3713,2.3831,2.3984,2.4083,2.4241,2.4407,2.4489,2.4617,2.4770000000000003,2.4855,2.4993000000000003,2.5123,2.5264,2.5401000000000002,2.5533,2.5642,2.5755000000000003,2.5868,2.5983,2.6126,2.6226000000000003,2.6315,2.6443000000000003,2.657,2.669,2.6856,2.6985,2.7104,2.7238,2.7344,2.7445,2.7568,2.7698,2.7825,2.7975000000000003,2.8195,2.8345000000000002,2.8437,2.8588,2.8715,2.8879,2.9028,2.9137,2.9274,2.942,2.9573,2.9686000000000003,2.9804,2.9939
118209:0.9275,0.9554,0.9670000000000001,0.9690000000000001,1.1103,1.1175000000000002,1.1496,1.2086000000000001,1.2287000000000001,1.2371,1.2882,1.3127,1.3421,1.3503,1.3621,1.3678000000000001,1.3779000000000001,1.3793,1.4074,1.4214,1.4282000000000001,1.4289,1.4411,1.4415,1.4456,1.4631,1.4651,1.4791,1.4815,1.492,1.4996,1.5105000000000002,1.5209000000000001,1.5413000000000001,1.5522,1.5688,1.5742,1.5938,1.601,1.607,1.6133000000000002,1.6215000000000002,1.6248,1.6267,1.6277000000000001,1.6409,1.6505,1.6512,1.6594,1.6744,1.6752,1.6833,1.6854,1.6966,1.6974,1.7009,1.7469000000000001,1.7474,1.7650000000000001,1.7686000000000002,1.7776,1.7785000000000002,1.7796,1.7824,1.7947000000000002,1.8016,1.8098,1.8122,1.8124,1.8254000000000001,1.8289000000000002,1.8308,1.8335000000000001,1.8541,1.8586,1.8615000000000002,1.8734000000000002,1.8753000000000002,1.8777000000000001,1.8816000000000002,1.8936000000000002,1.9015000000000002,1.9192,1.9215,1.9385000000000001,1.9407,1.9437,1.9442000000000002,1.9497,1.9572,1.9697,1.9763000000000002,1.9822000000000002,1.9835,1.9912,1.9922000000000002,1.994,1.9944000000000002,2.0091,2.0165,2.0192,2.0229,2.0263,2.0321000000000002,2.041,2.0496000000000003,2.0540000000000003,2.0697,2.0732,2.0859,2.0980000000000003,2.1020000000000003,2.1031,2.1103,2.1144000000000003,2.1242,2.1291,2.1541,2.1674,2.1686,2.1726,2.1837,2.1941,2.201,2.2164,2.2173000000000003,2.2212,2.2306,2.2326,2.233,2.2387,2.2390000000000003,2.2403,2.2520000000000002,2.2584,2.2661000000000002,2.2736,2.2741000000000002,2.2815000000000003,2.2873,2.2947,2.3096,2.3184,2.3318000000000003,2.3368,2.3387000000000002,2.3429,2.3563,2.3613,2.3633,2.3674,2.3682000000000003,2.3686000000000003,2.3707000000000003,2.3831,2.3943000000000003,2.3997,2.4009,2.4057,2.4084000000000003,2.4107000000000003,2.418,2.4186,2.4252000000000002,2.4263,2.4404,2.4435000000000002,2.4567,2.4572000000000003,2.4674,2.4693,2.4702,2.4757000000000002,2.4803,2.4818000000000002,2.5138000000000003,2.5156,2.519,2.5278,2.5302000000000002,2.5309,2.5355000000000003,2.5502000000000002,2.5673,2.571,2.5792,2.5853,2.5924,2.5981,2.611,2.6204,2.6267,2.6291,2.6395,2.6445000000000003,2.6505,2.6538,2.6732,2.6789,2.7006,2.7026000000000003,2.7034000000000002,2.708,2.7087000000000003,2.7438000000000002,2.7459000000000002,2.7551,2.7585,2.7628,2.7639,2.7717,2.778,2.7867,2.7880000000000003,2.7933000000000003,2.7938,2.7977000000000003,2.8011,2.8116000000000003,2.8328,2.8336,2.845,2.8513,2.8628,2.8645,2.8687,2.8762000000000003,2.8800000000000003,2.8835,2.8854,2.8928000000000003,2.8988,2.9109000000000003,2.9132000000000002,2.918,2.9186,2.9188,2.9206000000000003,2.9493,2.9532000000000003,2.9643,2.9646000000000003,2.9729,2.9792,2.9816000000000003,2.9864,2.9884,2.9919000000000002,2.9926,2.9952,2.9998
118246:1.6388
118523:1.0897000000000001,1.1994,1.2438,1.2731000000000001,1.3177,1.4275,1.5001,1.5994000000000002,1.6757000000000002,1.7308000000000001,1.7590000000000001,1.8418,2.0174000000000003,2.0873,2.1577,2.1982,2.3703000000000003,2.6175,2.6792000000000002,2.8657000000000004
118536:0.9798,1.0193,1.0328,1.0568,1.0842,1.106,1.1398000000000001,1.1627,1.1746,1.1885000000000001,1.2021000000000002,1.2163000000000002,1.2392,1.2621,1.2726,1.2932000000000001,1.3107,1.3246,1.3438,1.3557000000000001,1.3765,1.3887,1.4052,1.4157,1.4338,1.4449,1.4636,1.4723000000000002,1.4795,1.4908000000000001,1.5037,1.5170000000000001,1.5348000000000002,1.5530000000000002,1.5681,1.5793000000000001,1.5941,1.606,1.6191,1.6347,1.6503,1.6593,1.6695,1.6766,1.6888,1.7029,1.7120000000000002,1.7208,1.7286000000000001,1.7384000000000002,1.756,1.7666000000000002,1.7766000000000002,1.7846000000000002,1.7956,1.8012000000000001,1.8090000000000002,1.8170000000000002,1.824,1.8324,1.842,1.8574000000000002,1.8654000000000002,1.873,1.8820000000000001,1.8893000000000002,1.897,1.9107,1.9247,1.9331,1.9453,1.9552,1.9700000000000002,1.9783000000000002,1.9881000000000002,1.9995,2.0087,2.0215,2.0327,2.0425,2.0525,2.0623,2.0765000000000002,2.0873,2.1051,2.1153,2.1258,2.1351,2.1452,2.1559,2.1643,2.1813000000000002,2.1912000000000003,2.2087,2.2206,2.232,2.2447,2.2509,2.2585,2.2681,2.2792,2.2904,2.3042000000000002,2.3128,2.3278000000000003,2.3361,2.3465000000000003,2.3566000000000003,2.3707000000000003,2.3784,2.3855,2.3996,2.4165,2.4278,2.4384,2.4466,2.4544,2.4633000000000003,2.4726,2.486,2.4928,2.5016000000000003,2.5157000000000003,2.531,2.5448,2.5602,2.5681000000000003,2.5783,2.5835,2.5923000000000003,2.605,2.6155,2.6233,2.6374,2.6453,2.6586000000000003,2.6673,2.6788000000000003,2.6924,2.7048,2.7155,2.7296,2.7406,2.7484,2.7647,2.7853000000000003,2.7999,2.8102,2.8211,2.8353,2.8439,2.8533,2.8643,2.8776,2.8880000000000003,2.9022,2.9162000000000003,2.9262,2.9361,2.95,2.9641,2.9717000000000002,2.9917000000000002,2.9981
118928:0.8608,0.9868,1.0301,1.0913000000000002,1.1016000000000001,1.1082,1.1145,1.1225,1.1238000000000001,1.1241,1.1404,1.1577,1.2185000000000001,1.2235,1.2282,1.2315,1.2593,1.2810000000000001,1.2861,1.3074000000000001,1.3258,1.3414000000000001,1.3576000000000001,1.3721,1.3743,1.3827,1.4142000000000001,1.4329,1.4359000000000002,1.4462000000000002,1.4465000000000001,1.4558,1.4683000000000002,1.4759,1.4925000000000002,1.4934,1.5138,1.5162,1.5164,1.5296,1.5632000000000001,1.5725,1.5813000000000001,1.5844,1.6177000000000001,1.6181,1.6184,1.6209,1.6236000000000002,1.6361,1.645,1.6487,1.6753,1.6806,1.6824000000000001,1.6951,1.7047,1.7076,1.7116,1.7206000000000001,1.7247000000000001,1.7285000000000001,1.7354,1.7366000000000001,1.7646000000000002,1.7899,1.8029000000000002,1.8053000000000001,1.8135000000000001,1.8155000000000001,1.8177,1.8230000000000002,1.8335000000000001,1.8364,1.8368,1.8386,1.8518000000000001,1.8549,1.8649,1.8651,1.8679000000000001,1.8684,1.8713000000000002,1.8752000000000002,1.8842,1.8920000000000001,1.8991,1.8994000000000002,1.9002000000000001,1.9073,1.9138000000000002,1.9332,1.9565000000000001,1.9579000000000002,1.959,1.9598,1.9959,1.9971,2.0054000000000003,2.0138000000000003,2.0167,2.019,2.0245,2.0313,2.0327,2.0362,2.0482,2.0493,2.051,2.0533,2.0539,2.0549,2.0566,2.0578000000000003,2.063,2.0636,2.0693,2.0829,2.0841000000000003,2.0963000000000003,2.1001000000000003,2.1053,2.1066000000000003,2.1136,2.1145,2.1182000000000003,2.121,2.1248,2.1319,2.1353,2.1408,2.1489000000000003,2.1756,2.1797,2.1807000000000003,2.192,2.1964,2.1967000000000003,2.1984,2.2138,2.217,2.2196000000000002,2.2279,2.2318000000000002,2.2346,2.2353,2.2431,2.2558000000000002,2.2601,2.2636000000000003,2.2800000000000002,2.2888,2.3043,2.315,2.3158000000000003,2.329,2.3328,2.339,2.3669000000000002,2.3687,2.3697,2.3779,2.3899,2.3905000000000003,2.4056,2.4173,2.4365,2.4412000000000003,2.4578,2.4717000000000002,2.4748,2.4768000000000003,2.5122,2.5209,2.5226,2.5324,2.5337,2.5411,2.5413,2.5425,2.5431,2.5505,2.5666,2.5745,2.5783,2.5911,2.595,2.6019,2.6114,2.6214,2.6255,2.6378,2.6453,2.6574,2.6625,2.6710000000000003,2.672,2.674,2.6832000000000003,2.6876,2.7082,2.709,2.7094,2.7101,2.7208,2.7398000000000002,2.7426,2.7433,2.7576,2.7842000000000002,2.7852,2.7877,2.79,2.7917,2.7984,2.7988,2.8073,2.8078000000000003,2.8214,2.8223000000000003,2.8302,2.8343000000000003,2.8582,2.8586,2.8624,2.8692,2.8817,2.8871,2.8878,2.8970000000000002,2.9043,2.9168000000000003,2.9372000000000003,2.9374000000000002,2.9386,2.9394,2.9435000000000002,2.9511000000000003,2.9608000000000003,2.9699,2.9712,2.9716,2.9802,2.9846000000000004,2.9895
118933:1.4004,1.6111,1.7924,1.8402,2.0204,2.0925000000000002,2.2156000000000002,2.2608,2.3176,2.4289,2.5036,2.6268000000000002,2.6539,2.7353,2.8059000000000003,2.8665000000000003,2.9648000000000003
119032:1.1083,1.177,1.4696,1.6620000000000001,1.8071000000000002,1.861,1.9073,2.0479000000000003,2.1126,2.3233,2.4369,2.5331,2.5445,2.6481000000000003,2.7281,2.8201,2.8877,2.9912
119690:1.3924,1.4379000000000002,1.4687000000000001,1.5227000000000002,1.5547,1.5953000000000002,1.6261,1.6571,1.6918,1.7131,1.7349,1.7589000000000001,1.7823,1.8064,1.8292000000000002,1.8535000000000001,1.8708,1.9019000000000001,1.9177000000000002,1.9360000000000002,1.9589,1.9861000000000002,2.015,2.0417,2.0642,2.0871,2.1033,2.1225,2.1486,2.1724,2.1961,2.2263,2.2492,2.2794000000000003,2.3029,2.329,2.3556,2.3755,2.4032,2.4264,2.4531,2.4773,2.5104,2.543,2.5671,2.5935,2.6125000000000003,2.6288,2.6489000000000003,2.6713,2.7038,2.7202,2.7448,2.7713,2.8206,2.8377000000000003,2.8707000000000003,2.8951000000000002,2.9127,2.9466,2.9697,2.9912
119724:2.2683,2.4465,2.585,2.6903,2.7862,2.9289
120493:0.893,0.8971,1.1307,1.1437000000000002,1.1543,1.1583,1.1681000000000001,1.1714,1.1787,1.2143000000000002,1.2346000000000001,1.2473,1.256,1.2736,1.2746,1.2918,1.3024,1.3068,1.328,1.3362,1.3446,1.3523,1.3647,1.3702,1.3854,1.4032,1.4089,1.4426,1.4467,1.4613,1.4653,1.4667000000000001,1.4716,1.4769,1.4947000000000001,1.5009000000000001,1.5334,1.5391000000000001,1.5489000000000002,1.5519,1.5525,1.5564,1.5601,1.5639,1.5649000000000002,1.5793000000000001,1.584,1.5912000000000002,1.6075000000000002,1.6111,1.6207,1.6227,1.6257000000000001,1.6265,1.6327,1.6336000000000002,1.6378000000000001,1.6481000000000001,1.6628,1.6753,1.6785,1.6813,1.6912,1.7022000000000002,1.7061000000000002,1.7105000000000001,1.7131,1.7156,1.7174,1.7329,1.7331,1.7396,1.7552,1.7621,1.7665000000000002,1.7719,1.7775,1.7959,1.7986,1.8007000000000002,1.8038,1.8053000000000001,1.8064,1.8126,1.8146,1.8177,1.8276000000000001,1.8302,1.8422,1.8542,1.8563,1.8574000000000002,1.8624,1.863,1.8655000000000002,1.8694000000000002,1.8741,1.8751,1.8782,1.8947,1.8966,1.9106,1.9225,1.9266,1.9328,1.9353,1.9406,1.9557,1.9675,1.9715,1.9740000000000002,1.9824000000000002,1.9855,1.9875,1.9903000000000002,2.0019,2.0062,2.0082,2.016,2.019,2.0246,2.0273,2.0351,2.0411,2.0644,2.0711,2.072,2.0833,2.0903,2.0917,2.0965000000000003,2.1022000000000003,2.1031,2.1234,2.1247000000000003,2.1333,2.1354,2.1414,2.1502,2.1521,2.1688,2.1707,2.1758,2.1908000000000003,2.1973000000000003,2.1983,2.2011000000000003,2.2029,2.2088,2.2142,2.2236000000000002,2.2283,2.2286,2.2306,2.2396000000000003,2.2421,2.2432000000000003,2.2468,2.2482,2.261,2.2612,2.2716000000000003,2.2758000000000003,2.2795,2.2955,2.3019000000000003,2.3079,2.3141000000000003,2.3218,2.3299000000000003,2.3403,2.3494,2.3614,2.3705000000000003,2.3815,2.3821000000000003,2.3842000000000003,2.3949000000000003,2.3989000000000003,2.4138,2.4210000000000003,2.4403,2.4491,2.4535,2.4661,2.4673000000000003,2.4691,2.4694000000000003,2.4785,2.4873000000000003,2.4955000000000003,2.503,2.504,2.5071000000000003,2.5211,2.5217,2.5236,2.5244,2.525,2.5275000000000003,2.5298000000000003,2.5312,2.5351,2.5391,2.5503,2.5529,2.5579,2.5633,2.5695,2.5981,2.6066000000000003,2.6195,2.6307,2.6364,2.6429,2.6517,2.662,2.6648,2.673,2.6839,2.6862,2.6911,2.6996,2.7112000000000003,2.7122,2.7173000000000003,2.7183,2.7232000000000003,2.7288,2.7329000000000003,2.7378,2.7468000000000004,2.75,2.7601,2.761,2.7615000000000003,2.7732,2.7808,2.7974,2.8132,2.8139000000000003,2.8152,2.8165,2.8198000000000003,2.8235,2.8245,2.8293,2.8301000000000003,2.8365,2.8418,2.8451,2.85,2.8516000000000004,2.8595,2.8658,2.8968000000000003,2.898,2.9127,2.9334000000000002,2.9345000000000003,2.9366000000000003,2.9374000000000002,2.9484000000000004,2.9501,2.9629000000000003,2.9667000000000003,2.9693,2.9739,2.9822,2.9887,2.9917000000000002,2.9993000000000003
120898:1.5321,1.5895000000000001,1.864,1.893,1.9574,2.1293,2.2195,2.2893,2.3794,2.4827,2.5359000000000003,2.6293,2.7247000000000003,2.8038000000000003,2.8724000000000003,2.9322000000000004
120904:0.9855,1.0641,1.1498000000000002,1.2026000000000001,1.2443,1.2750000000000001,1.3173000000000001,1.3435000000000001,1.3586,1.3956000000000002,1.4219000000000002,1.4681,1.5042,1.5642,1.5958,1.6122,1.6507,1.6681000000000001,1.6748,1.7028,1.7394,1.7545000000000002,1.7911000000000001,1.8189000000000002,1.8419,1.8694000000000002,1.9020000000000001,1.9452,1.9600000000000002,1.9786000000000001,1.9843000000000002,2.0041,2.0166,2.0523000000000002,2.0724,2.0847,2.1189,2.1528,2.1750000000000003,2.1974,2.2347,2.2645,2.273,2.3219000000000003,2.3463000000000003,2.3706,2.3942,2.3995,2.4388,2.4833000000000003,2.5113000000000003,2.5194,2.5322,2.5659,2.6018000000000003,2.6073,2.6283000000000003,2.6395,2.6762,2.6885000000000003,2.7184,2.7336,2.7635,2.801,2.8544,2.8669000000000002,2.8723,2.9092000000000002,2.9311000000000003,2.9466,2.9795000000000003
121196:2.3834,2.7348000000000003
121258:0.8749,0.9124,0.9505,0.9754,0.9843000000000001,1.0244,1.0759,1.0771,1.0985,1.1777,1.1891,1.2264000000000002,1.228,1.2457,1.3064,1.3070000000000002,1.3191000000000002,1.3287,1.3595000000000002,1.3952,1.413,1.4141000000000001,1.4218000000000002,1.4374,1.4613,1.4675,1.4962,1.5285,1.5325,1.5427000000000002,1.5441,1.5457,1.5472000000000001,1.5617,1.5717,1.5796000000000001,1.5865,1.592,1.5929,1.5945,1.5981,1.5989,1.61,1.6171,1.6201,1.6307,1.6554,1.6571,1.6598000000000002,1.6719000000000002,1.6756,1.685,1.6941000000000002,1.73,1.7315,1.7541,1.756,1.7629000000000001,1.7719,1.7733,1.7770000000000001,1.7815,1.7823,1.7946000000000002,1.8223,1.8303,1.8415000000000001,1.8429,1.8486,1.8525,1.8707,1.8711,1.8815000000000002,1.8839000000000001,1.8881000000000001,1.8918000000000001,1.9038000000000002,1.9054,1.9136000000000002,1.9178000000000002,1.9295,1.9309,1.9316,1.9371,1.9612,1.9643000000000002,1.9713,1.9720000000000002,1.979,1.9828000000000001,1.9852,2.0003,2.0077000000000003,2.0091,2.0149,2.0154,2.0207,2.0686,2.0731,2.0738000000000003,2.0917,2.0932,2.0952,2.0987,2.099,2.1048,2.1199,2.1203000000000003,2.1302000000000003,2.1386000000000003,2.1615,2.1633,2.1772,2.1872000000000003,2.2035,2.2159,2.2366,2.2384,2.2448,2.2477,2.2546,2.2599,2.2684,2.2729,2.274,2.2801,2.2868,2.3023000000000002,2.3054,2.3074,2.3104,2.315,2.3271,2.3364000000000003,2.3501000000000003,2.3583000000000003,2.363,2.3649,2.3717,2.3770000000000002,2.3817,2.3875,2.4043,2.4091,2.4347000000000003,2.4634,2.4637000000000002,2.4766,2.4967,2.508,2.5209,2.5282,2.5303,2.5344,2.5395000000000003,2.5601000000000003,2.5620000000000003,2.5704000000000002,2.5741,2.58,2.5873,2.5923000000000003,2.6054,2.6144000000000003,2.648,2.6568,2.6608,2.6759,2.6786000000000003,2.7128,2.7144,2.7184,2.7238,2.724,2.7246,2.7249000000000003,2.7355,2.7401,2.7475,2.7544,2.7624,2.7649,2.7710000000000004,2.7714000000000003,2.7762000000000002,2.7827,2.7862,2.7896,2.7933000000000003,2.7996000000000003,2.8168,2.8213,2.8317,2.8440000000000003,2.8522000000000003,2.8569,2.8615,2.8647,2.865,2.8654,2.8664,2.869,2.8695,2.8770000000000002,2.8807,2.8810000000000002,2.8956,2.9005,2.9112,2.9159,2.9202000000000004,2.9332000000000003,2.9366000000000003,2.9384,2.9566000000000003,2.9684,2.9697,2.9711000000000003,2.9723,2.9779,2.9793000000000003,2.9832,2.9854000000000003,2.991,2.9970000000000003
121261:1.5848,1.6276000000000002,1.7817,1.8262,1.9005,2.0617,2.1293,2.2393,2.3341000000000003,2.4076,2.49,2.5253,2.5689,2.6319,2.6875,2.7418,2.8387000000000002,2.9301,2.9909000000000003
121442:0.8919,0.9277000000000001,0.9299000000000001,0.9388000000000001,0.9771000000000001,0.9799,0.9855,1.0145,1.0418,1.0496,1.0932,1.0989,1.1051,1.1124,1.1234,1.1322,1.1339000000000001,1.1921000000000002,1.1945000000000001,1.2054,1.2199,1.2308000000000001,1.2911000000000001,1.3083,1.3141,1.3166,1.3511,1.3724,1.3992,1.4006,1.4081000000000001,1.4165,1.4254,1.4335,1.4480000000000002,1.4511,1.4607,1.4622000000000002,1.4904000000000002,1.4954,1.5011,1.5467,1.5498,1.5765,1.5776000000000001,1.602,1.6093000000000002,1.6113000000000002,1.6179000000000001,1.6218000000000001,1.6329,1.6449,1.6586,1.6666,1.6775,1.6825,1.6854,1.6892,1.6903000000000001,1.6975,1.7098,1.7273,1.7301000000000002,1.7324000000000002,1.7472,1.7517,1.7519,1.7588000000000001,1.7802,1.7844,1.7875,1.7916,1.7941,1.7956,1.7961,1.7992000000000001,1.8021,1.8350000000000002,1.8518000000000001,1.8542,1.8615000000000002,1.8657000000000001,1.8798000000000001,1.8957000000000002,1.9035000000000002,1.9132,1.9136000000000002,1.9180000000000001,1.9245,1.9273,1.9341000000000002,1.9494,1.9764000000000002,1.9783000000000002,1.9848000000000001,1.9875,1.9995,2.0068,2.0191,2.021,2.0259,2.0345,2.0435000000000003,2.0493,2.0547,2.0678,2.0866000000000002,2.0944000000000003,2.0988,2.1021,2.1055,2.1104000000000003,2.1112,2.1156,2.1216,2.1235,2.1270000000000002,2.1375,2.1470000000000002,2.1541,2.1571000000000002,2.1714,2.1788000000000003,2.189,2.1896,2.1922,2.1936,2.1979,2.2070000000000003,2.2084,2.2174,2.2182,2.2202,2.2214,2.2269,2.2273,2.2279,2.2509,2.2546,2.2586,2.2597,2.2621,2.2625,2.2658,2.2682,2.2717,2.2748,2.2771,2.2831,2.2943000000000002,2.2967,2.2978,2.299,2.3069,2.3167,2.3281,2.335,2.3355,2.3382,2.3609,2.3623000000000003,2.3640000000000003,2.3678,2.3707000000000003,2.3728000000000002,2.3784,2.3837,2.402,2.4144,2.4226,2.4250000000000003,2.4278,2.4354,2.4386,2.439,2.4426,2.4513000000000003,2.4535,2.4763,2.4775,2.4792,2.4813,2.5025,2.503,2.5042,2.5069,2.5088,2.5216000000000003,2.5249,2.5328,2.5415,2.5531,2.5768,2.5780000000000003,2.5841000000000003,2.5923000000000003,2.5929,2.599,2.6009,2.6073,2.6195,2.6216,2.628,2.6332,2.6342000000000003,2.6404,2.6421,2.6561,2.6569000000000003,2.6602,2.6628000000000003,2.6655,2.6658,2.6666000000000003,2.6829,2.6837,2.6893000000000002,2.6918,2.6974,2.7061,2.7261,2.7327000000000004,2.7379000000000002,2.7451000000000003,2.7568,2.7698,2.7871,2.7891,2.7929,2.8016,2.815,2.8169,2.8235,2.8336,2.8435,2.8465000000000003,2.8551,2.8641,2.8674,2.8680000000000003,2.8731,2.8733,2.8837,2.9054,2.9123,2.9169,2.9218,2.9238,2.9258,2.927,2.932,2.9341,2.9375,2.9418,2.9457,2.9495,2.9532000000000003,2.9641,2.9663,2.967,2.9685,2.972,2.9935,2.9946
121722:2.7434000000000003
121849:1.0342,1.1087,1.1304,1.173,1.2062000000000002,1.2575,1.2809000000000001,1.3071000000000002,1.3524,1.3667,1.387,1.4009,1.4329,1.4448,1.458,1.4717,1.4856,1.4997,1.5085000000000002,1.5313,1.5486,1.5609000000000002,1.5775000000000001,1.5901,1.6064,1.6320000000000001,1.6433,1.6587,1.6698000000000002,1.6856,1.6969,1.7163000000000002,1.7301000000000002,1.7386000000000001,1.7548000000000001,1.7633,1.7726000000000002,1.7824,1.7953000000000001,1.8077,1.8212000000000002,1.8344,1.8476000000000001,1.8576000000000001,1.8655000000000002,1.8845,1.8959000000000001,1.9073,1.9238000000000002,1.933,1.9468,1.9604000000000001,1.9745000000000001,1.9859,1.9984000000000002,2.0148,2.0269,2.0456000000000003,2.0639000000000003,2.0773,2.0893,2.0974,2.1065,2.1201000000000003,2.1296,2.1399,2.1558,2.1686,2.1798,2.1905,2.2089000000000003,2.2177000000000002,2.2291000000000003,2.2449,2.2543,2.2631,2.2732,2.2845,2.3003,2.3136,2.325,2.3398000000000003,2.3521,2.3641,2.3736,2.386,2.3966000000000003,2.4049,2.4170000000000003,2.4294000000000002,2.4436,2.4557,2.4656000000000002,2.4785,2.4923,2.5007,2.5115000000000003,2.5251,2.5374000000000003,2.5522,2.5664000000000002,2.5781,2.5875,2.6037,2.6131,2.6227,2.6328,2.6461,2.6691000000000003,2.6796,2.6958,2.7076000000000002,2.7181,2.7362,2.7487,2.7591,2.7671,2.7845,2.7949,2.8045,2.8156000000000003,2.8293,2.8436000000000003,2.8535,2.8609,2.8689,2.8825000000000003,2.8986,2.9152,2.9266,2.9351000000000003,2.9429000000000003,2.956,2.9678,2.9842,2.9943
122092:1.0836000000000001
122294:1.3385,1.4073,1.4714,1.522,1.5662,1.616,1.6531,1.7026000000000001,1.7459,1.7944,1.8249000000000002,1.8518000000000001,1.9135000000000002,1.9722000000000002,2.023,2.0547,2.077,2.1098,2.1534,2.1893000000000002,2.2366,2.2832,2.3347,2.3721,2.4107000000000003,2.4444,2.5171,2.5700000000000003,2.6082,2.649,2.6613,2.721,2.7711,2.8341000000000003,2.89,2.9161,2.9817
122790:1.1017000000000001,1.3589,1.9116000000000002,2.0022,2.0964,2.165,2.221,2.2556000000000003,2.6270000000000002,2.9333
122840:1.0244,1.0638,1.089,1.133,1.1615,1.1860000000000002,1.2049,1.2416,1.2668000000000001,1.2805,1.2902,1.3041,1.3224,1.3379,1.3536000000000001,1.3633,1.3934,1.4213,1.4602000000000002,1.4946000000000002,1.5084,1.5308000000000002,1.5593000000000001,1.5685,1.5955000000000001,1.6198000000000001,1.6424,1.6597000000000002,1.6731,1.6945000000000001,1.7120000000000002,1.7316,1.7498,1.7725000000000002,1.7948000000000002,1.8317,1.861,1.8706,1.8837000000000002,1.8928,1.9035000000000002,1.9140000000000001,1.9368,1.9491,1.9725000000000001,1.9898,2.0057,2.0153000000000003,2.0422000000000002,2.0551,2.0751,2.0900000000000003,2.1198,2.1411000000000002,2.1563,2.1759,2.2003,2.2236000000000002,2.2377000000000002,2.258,2.2789,2.3084000000000002,2.3289,2.3441,2.3638,2.3795,2.3946,2.4466,2.4686,2.486,2.5112,2.5228,2.5332000000000003,2.5511,2.5676,2.5803000000000003,2.5929,2.6084,2.6220000000000003,2.6390000000000002,2.6493,2.6588000000000003,2.6785,2.7004,2.7158,2.7309,2.7535000000000003,2.7726,2.8029,2.8283,2.8467000000000002,2.8663000000000003,2.8998,2.9213,2.9392,2.9597,2.9773
122969:2.9175
123055:0.9416,1.0217,1.0522,1.0868,1.1348,1.1532,1.1687,1.1907,1.2,1.2344000000000002,1.2413,1.2613,1.2706,1.2935,1.3114000000000001,1.3551,1.3840000000000001,1.3943,1.4149,1.4453,1.4531,1.4612,1.4709,1.4812,1.4918,1.5006000000000002,1.5216,1.5327000000000002,1.554,1.5624,1.5728,1.5852000000000002,1.5959,1.6045,1.613,1.6349,1.6445,1.6624,1.6729,1.6899000000000002,1.697,1.7143000000000002,1.7286000000000001,1.7382000000000002,1.7484000000000002,1.7706000000000002,1.7805000000000002,1.7889000000000002,1.7974,1.8070000000000002,1.8165,1.8250000000000002,1.8354000000000001,1.8526,1.8606,1.8691,1.8826,1.8925,1.9013,1.9106,1.9254,1.9353,1.9459000000000002,1.9574,1.9726000000000001,1.9798,1.9944000000000002,2.0039000000000002,2.0137,2.0299,2.0397000000000003,2.0463,2.0585,2.0679000000000003,2.0777,2.0838,2.0905,2.1087000000000002,2.1163000000000003,2.124,2.1414,2.1509,2.1665,2.1834000000000002,2.1938,2.2166,2.225,2.2315,2.2469,2.2577000000000003,2.2680000000000002,2.2845,2.3126,2.3189,2.3273,2.3371,2.3462,2.3614,2.3693,2.3779,2.3859,2.3947000000000003,2.4275,2.436,2.4633000000000003,2.4717000000000002,2.4796,2.4853,2.5034,2.5116,2.5284,2.5341,2.5499,2.5581,2.5660000000000003,2.5808,2.5907,2.5991,2.6123000000000003,2.6180000000000003,2.6237,2.6311,2.6387,2.6469,2.6619,2.6681,2.6750000000000003,2.698,2.7044,2.713,2.7219,2.7299,2.7474000000000003,2.7571000000000003,2.7673,2.7827,2.791,2.7986,2.8076000000000003,2.8197,2.8357,2.8457000000000003,2.863,2.8693,2.8777,2.8868,2.9037,2.9106,2.9196,2.9271000000000003,2.9473000000000003,2.962,2.9693,2.9890000000000003
123531:2.5385
123896:1.0633000000000001,1.2757,1.3505,1.4227,1.504,1.591,1.6655,1.7165000000000001,1.7623,1.8193000000000001,1.9512,1.9845000000000002,2.0495,2.2753,2.3456,2.3652,2.3968000000000003,2.4450000000000003,2.5306,2.5769,2.6674,2.7824,2.8602000000000003,2.9703
123999:1.5850000000000002,1.6252,2.1270000000000002,2.5300000000000002,2.8463000000000003
124296:1.3567,1.5283,1.7558,1.8293000000000001,2.0847,2.1308000000000002,2.2451000000000003,2.375,2.4134,2.539,2.5919000000000003,2.6896,2.7397,2.846
124648:1.0388,1.0856000000000001,1.1295,1.1761000000000001,1.2357,1.3102,1.3559,1.3866,1.4263000000000001,1.4587,1.484,1.4977,1.5073,1.5251000000000001,1.5379,1.5521,1.5647,1.5795000000000001,1.5904,1.6064,1.6203,1.6442,1.6740000000000002,1.6985000000000001,1.7185000000000001,1.7274,1.7373,1.7698,1.7824,1.7921,1.8,1.8121,1.8229000000000002,1.8358,1.8479,1.8574000000000002,1.8671,1.8768,1.8882,1.8967,1.9081000000000001,1.9174,1.9328,1.9622000000000002,1.9725000000000001,1.9864000000000002,2.0356,2.0489,2.06,2.0727,2.0856,2.1055,2.115,2.1297,2.1608,2.2038,2.2275,2.2396000000000003,2.2529,2.2634000000000003,2.269,2.3007,2.3151,2.3278000000000003,2.3375,2.349,2.3632,2.39,2.4050000000000002,2.4179,2.4291,2.4426,2.4571,2.4690000000000003,2.487,2.4970000000000003,2.5049,2.5166,2.5322,2.5413,2.5659,2.58,2.5878,2.6018000000000003,2.6111,2.6214,2.6597,2.6722,2.6817,2.6918,2.7091000000000003,2.7316000000000003,2.7413000000000003,2.7512000000000003,2.7726,2.7818,2.7928,2.805,2.8162000000000003,2.8299000000000003,2.8398000000000003,2.8512,2.8602000000000003,2.867,2.8883,2.8999,2.9145000000000003,2.9316,2.9481,2.9585000000000004,2.9713000000000003,2.9832,2.9901,2.9998
124938:1.3953,1.4832,1.524,1.6068,1.6399000000000001,1.7272,1.7877,1.8030000000000002,1.8337,1.8613000000000002,1.9023,1.9867000000000001,2.0183,2.0460000000000003,2.0685000000000002,2.0923000000000003,2.1389,2.2098,2.2295000000000003,2.259,2.3098,2.3731,2.4033,2.4525,2.4935,2.5173,2.5886,2.6207000000000003,2.6479,2.7224,2.7448,2.7677,2.8333,2.8614,2.9032,2.9626,2.9866
125165:1.3323,2.1696,2.3714,2.467,2.5677000000000003,2.5776000000000003,2.7016,2.7093000000000003,2.9561,2.9792
125253:1.8727,2.0883000000000003
125275:1.2829000000000002,1.3603,1.5704,1.7257,1.7994,1.862,1.8962,1.9277000000000002,1.9595,2.0053,2.0476,2.0900000000000003,2.1219,2.1505,2.1745,2.218,2.236,2.3029,2.3682000000000003,2.3850000000000002,2.4845,2.5531,2.6137,2.662,2.7009000000000003,2.7308000000000003,2.7928,2.8429,2.8658,2.9124000000000003,2.9692000000000003,2.9995000000000003
125852:0.9146000000000001,0.9352,0.9439000000000001,0.9592,0.9690000000000001,0.9765,0.9836,1.0036,1.0169000000000001,1.03,1.0397,1.0503,1.0582,1.0752000000000002,1.081,1.093,1.1069,1.1172,1.1263,1.1344,1.143,1.1621000000000001,1.1714,1.1811,1.1899,1.199,1.2141,1.2268000000000001,1.234,1.2388000000000001,1.2508000000000001,1.2574,1.2652,1.2730000000000001,1.2866,1.2953000000000001,1.3046,1.3108,1.3219,1.3308,1.3393000000000002,1.3467,1.3527,1.3613,1.3686,1.3801,1.387,1.3958000000000002,1.4054,1.4131,1.4187,1.4238000000000002,1.4328,1.4412,1.4469,1.4537,1.4592,1.4654,1.4777,1.4823000000000002,1.4913,1.4972,1.5039,1.5105000000000002,1.5173,1.5254,1.532,1.5383,1.5449000000000002,1.5493000000000001,1.5543,1.5595,1.5658,1.5749,1.5803,1.5874000000000001,1.5943,1.5997000000000001,1.6069,1.614,1.6197000000000001,1.6242,1.6297000000000001,1.6345,1.6405,1.6451,1.6538000000000002,1.6607,1.6677000000000002,1.6743000000000001,1.6817,1.6872,1.6926,1.6980000000000002,1.7032,1.7094,1.7161000000000002,1.7248,1.7301000000000002,1.7349,1.7417,1.7493,1.7578,1.766,1.7710000000000001,1.7765000000000002,1.7817,1.7874,1.7945,1.8006,1.8058,1.8113000000000001,1.8162,1.8217,1.8271000000000002,1.832,1.838,1.8431000000000002,1.8506,1.8568,1.8614000000000002,1.8669,1.8754000000000002,1.8827,1.8873000000000002,1.8926,1.8974000000000002,1.9028,1.9083,1.9159000000000002,1.9222000000000001,1.9284000000000001,1.9334,1.9397000000000002,1.9456,1.9512,1.9574,1.9668,1.973,1.979,1.9844000000000002,1.9893,1.9953,2.0023,2.0078,2.0136000000000003,2.0193000000000003,2.0246,2.0298000000000003,2.0349,2.0406,2.0487,2.0556,2.0604,2.0662000000000003,2.0715,2.0761000000000003,2.0825,2.0865,2.0944000000000003,2.1019,2.1073,2.1132,2.1188000000000002,2.1247000000000003,2.1310000000000002,2.1363000000000003,2.1422,2.1481,2.1548000000000003,2.1629,2.1695,2.1758,2.1814,2.1891000000000003,2.196,2.201,2.2071,2.214,2.2198,2.2268,2.2310000000000003,2.2379000000000002,2.2429,2.2489,2.2567,2.2616,2.2668,2.2736,2.2791,2.2841,2.2893,2.2967,2.3033,2.3097000000000003,2.315,2.3205,2.3282000000000003,2.3333,2.3399,2.3451,2.3537,2.3592,2.3646000000000003,2.3731,2.3793,2.3841,2.3899,2.3947000000000003,2.4008000000000003,2.406,2.4131,2.418,2.4249,2.4308,2.4357,2.442,2.4467000000000003,2.4546,2.4614000000000003,2.4668,2.4715000000000003,2.4768000000000003,2.4829000000000003,2.4893,2.4942,2.4995000000000003,2.5058000000000002,2.5123,2.5183,2.5246,2.532,2.5367,2.5423,2.5491,2.5558,2.561,2.5661,2.5723000000000003,2.5785,2.583,2.5884,2.5944000000000003,2.6001000000000003,2.6047000000000002,2.6133,2.6196,2.6253,2.6317,2.6374,2.6441000000000003,2.65,2.6561,2.6612,2.6681,2.6738,2.6793,2.6854,2.693,2.6981,2.7035,2.7084,2.7143,2.7194000000000003,2.726,2.7321,2.738,2.7443,2.7494,2.7556000000000003,2.7621,2.7671,2.7729,2.7797,2.7866,2.7918000000000003,2.798,2.8029,2.8087,2.8161,2.8211,2.8301000000000003,2.8352,2.8407,2.8464,2.8536,2.8587000000000002,2.8643,2.8689,2.8738,2.8826,2.8866,2.8957,2.9014,2.9058,2.9124000000000003,2.9193000000000002,2.9244000000000003,2.9297,2.936,2.9407,2.9468,2.9512,2.9583,2.9642,2.9693,2.9736000000000002,2.9799,2.987,2.992,2.9966
125875:2.5675000000000003,2.5789
126050:1.9896
126411:1.7867000000000002,2.0301,2.2201,2.2818,2.3859,2.5088,2.5601000000000003,2.6511,2.7057,2.7847,2.9088000000000003,2.9737
126527:1.5739,1.7663,1.8293000000000001,1.8985,2.1157,2.3322000000000003,2.4148,2.5115000000000003,2.5821,2.8293,2.9306,2.9885
126635:1.3557000000000001,1.5293,1.6223,1.6758000000000002,1.7216,1.7712,1.8222,1.8935000000000002,1.9348,1.9998,2.0479000000000003,2.0827,2.1242,2.1651000000000002,2.2241,2.2575000000000003,2.3085,2.3529,2.3975,2.448,2.4814000000000003,2.5255,2.5667,2.6172,2.652,2.6892,2.7279,2.7638000000000003,2.8400000000000003,2.9114,2.9547000000000003,2.9943
127198:1.9128,2.5291
127954:0.8416,0.8869,0.9008,0.9465,0.9473,1.0208000000000002,1.0774000000000001,1.0825,1.0966,1.1024,1.1219000000000001,1.1301,1.1634,1.1757,1.1998,1.2082000000000002,1.2312,1.233,1.2342,1.2605,1.2776,1.2889000000000002,1.2938,1.3119,1.3355000000000001,1.347,1.3591,1.365,1.3717000000000001,1.3814,1.3898000000000001,1.4008,1.4037000000000002,1.4237,1.4282000000000001,1.4321000000000002,1.437,1.4372,1.4457,1.4499,1.457,1.4638,1.4733,1.4904000000000002,1.5006000000000002,1.5083,1.5087000000000002,1.5111,1.5172,1.5198,1.5343,1.5713000000000001,1.5778,1.5837,1.591,1.5963,1.6017000000000001,1.6049,1.6065,1.6085,1.6113000000000002,1.6159000000000001,1.6162,1.6303,1.631,1.6318000000000001,1.6353,1.6387,1.6420000000000001,1.6600000000000001,1.6661000000000001,1.6675,1.6801000000000001,1.6831,1.6965000000000001,1.697,1.6976,1.7041000000000002,1.7134,1.7256,1.7544000000000002,1.7567000000000002,1.7718,1.772,1.7792000000000001,1.7873,1.8049000000000002,1.8203,1.8241,1.8301,1.8393000000000002,1.84,1.8449,1.8664,1.8675000000000002,1.8706,1.8980000000000001,1.9124,1.9176000000000002,1.9294,1.9315,1.9339000000000002,1.9365,1.9424000000000001,1.9482000000000002,1.9494,1.9512,1.9652,1.9663000000000002,1.9709,1.9712,1.9756,1.9825000000000002,1.9832,1.9912,1.9926000000000001,1.996,1.9965000000000002,2.0142,2.0344,2.0354,2.0424,2.0611,2.0703,2.0732,2.0748,2.0766,2.0801000000000003,2.0861,2.1084,2.1109,2.1221,2.1258,2.1346000000000003,2.1368,2.1484,2.1589,2.1592000000000002,2.1621,2.1654,2.1718,2.1821,2.1829,2.1938,2.1974,2.1993,2.2002,2.2042,2.2127,2.2333000000000003,2.2382,2.2406,2.2546,2.2562,2.2636000000000003,2.2801,2.2825,2.2849,2.2894,2.317,2.3299000000000003,2.3304,2.3435,2.3442000000000003,2.346,2.3521,2.3574,2.3582,2.365,2.367,2.3673,2.374,2.3828,2.3919,2.3955,2.3975,2.4008000000000003,2.4289,2.4326000000000003,2.4367,2.4375,2.4461,2.4471000000000003,2.4525,2.4539,2.4563,2.4610000000000003,2.4622,2.4647,2.4651,2.4696000000000002,2.4753000000000003,2.4776000000000002,2.4779,2.4962,2.4971,2.4981,2.5073000000000003,2.5076,2.5135,2.5213,2.5288,2.5292000000000003,2.5335,2.5418000000000003,2.5557000000000003,2.5656000000000003,2.5669,2.5722,2.5886,2.605,2.6075,2.6094,2.6153,2.619,2.6614,2.6622000000000003,2.6693000000000002,2.6735,2.6755,2.6935000000000002,2.6962,2.6993,2.7044,2.7305,2.7462,2.7556000000000003,2.7617000000000003,2.7681,2.7737000000000003,2.7744,2.7751,2.7755,2.7763,2.7834000000000003,2.7905,2.8015000000000003,2.8063000000000002,2.8146,2.8216,2.8313,2.8431,2.8579000000000003,2.8587000000000002,2.8649,2.8974,2.9019,2.9037,2.9115,2.9313000000000002,2.9437,2.9472,2.9499,2.956,2.9662,2.9690000000000003,2.9696000000000002,2.9725,2.9799,2.9939,2.9946
128515:2.5441000000000003
128604:2.403,2.4477,2.7916000000000003,2.8273,2.9317
128756:2.1764,2.4902,2.7713,2.9402
129130:1.598,1.7157,1.7685000000000002,1.8538000000000001,2.2920000000000003,2.7677,2.9562
129665:0.8200000000000001,0.8693000000000001,0.9378000000000001,0.9635,0.9792000000000001,0.9943000000000001,1.0783,1.1078000000000001,1.1081,1.1287,1.1306,1.1412,1.1503,1.1641000000000001,1.1831,1.1902000000000001,1.1909,1.2008,1.2362,1.2648000000000001,1.2890000000000001,1.3001,1.3273000000000001,1.3437000000000001,1.3481,1.364,1.3646,1.383,1.391,1.3969,1.4000000000000001,1.4026,1.4097000000000002,1.4152,1.4196,1.4281000000000001,1.4284000000000001,1.4315,1.4477,1.453,1.4574,1.4688,1.4943,1.5048000000000001,1.5105000000000002,1.5170000000000001,1.5181,1.5246000000000002,1.5257,1.5395,1.5533000000000001,1.5585,1.5588000000000002,1.562,1.5644,1.588,1.5933000000000002,1.5937000000000001,1.5968,1.6453,1.6489,1.6500000000000001,1.6549,1.6556000000000002,1.6622000000000001,1.6735,1.6748,1.691,1.7027,1.7065000000000001,1.722,1.7256,1.727,1.7544000000000002,1.764,1.7773,1.7936,1.7948000000000002,1.7952000000000001,1.8178,1.8289000000000002,1.8328,1.8353000000000002,1.8370000000000002,1.8566,1.8579,1.8597000000000001,1.8609,1.8628,1.8677000000000001,1.8713000000000002,1.8753000000000002,1.8757000000000001,1.8864,1.893,1.895,1.8965,1.9008,1.9065,1.9072,1.9109,1.913,1.9143000000000001,1.9172,1.9242000000000001,1.927,1.9412,1.9481000000000002,1.9502000000000002,1.9519000000000002,1.9531,1.9578,1.9586000000000001,1.9664000000000001,1.9733,1.9744000000000002,1.9809,2.0014000000000003,2.0083,2.0147,2.0161000000000002,2.0417,2.0501,2.0536000000000003,2.0561000000000003,2.0658000000000003,2.0662000000000003,2.0742000000000003,2.0836,2.0932,2.095,2.0998,2.1015,2.1059,2.117,2.1277,2.1541,2.1665,2.194,2.2012,2.2089000000000003,2.2103,2.2141,2.2161,2.2289000000000003,2.2358000000000002,2.2469,2.2511,2.2562,2.2587,2.303,2.3134,2.3232,2.3240000000000003,2.3328,2.3349,2.3468,2.3473,2.3531,2.3547000000000002,2.3569,2.3808000000000002,2.3905000000000003,2.3933,2.4014,2.4051,2.4148,2.4261,2.4286000000000003,2.432,2.4345000000000003,2.4561,2.4699,2.4785,2.4818000000000002,2.4944,2.4955000000000003,2.5021,2.5059,2.5101,2.5162,2.5176000000000003,2.527,2.5368,2.5379,2.5479000000000003,2.5515000000000003,2.5522,2.5553,2.5673,2.5679000000000003,2.5728,2.5796,2.5812,2.5843000000000003,2.5939,2.5946000000000002,2.5963000000000003,2.5972,2.6100000000000003,2.6108000000000002,2.6144000000000003,2.6213,2.6276,2.6315,2.6575,2.6825,2.6961,2.6979,2.7203,2.7246,2.7392000000000003,2.7411000000000003,2.7422,2.7443,2.746,2.753,2.7537000000000003,2.7554000000000003,2.758,2.7614,2.7617000000000003,2.7678000000000003,2.777,2.7782,2.7786,2.7804,2.7843,2.7933000000000003,2.797,2.7987,2.8133000000000004,2.8187,2.821,2.8249,2.8312,2.8336,2.8474,2.8538,2.8655,2.8722000000000003,2.8787000000000003,2.8945000000000003,2.8998,2.9136,2.9151000000000002,2.9170000000000003,2.9196,2.9218,2.9302,2.951,2.9534000000000002,2.96,2.9644,2.9806000000000004,2.9893,2.9922
130068:0.9042,0.9209,0.9426,0.9573,0.9696,0.9760000000000001,0.9836,0.993,1.0064,1.0170000000000001,1.0297,1.04,1.0466,1.0527,1.0606,1.0707,1.0798,1.1008,1.1076000000000001,1.1155000000000002,1.1256000000000002,1.1319000000000001,1.1393,1.1498000000000002,1.1559000000000001,1.1620000000000001,1.1705,1.1789,1.1853,1.1908,1.1986,1.2077,1.2153,1.2282,1.2349,1.2398,1.2496,1.2557,1.2630000000000001,1.2681,1.2750000000000001,1.2833,1.2886,1.2950000000000002,1.3033000000000001,1.3087,1.3179,1.3238,1.3306,1.3407,1.3462,1.3544,1.3608,1.3684,1.3737000000000001,1.3824,1.3881000000000001,1.3947,1.4018000000000002,1.4107,1.4160000000000001,1.4271,1.4320000000000002,1.4382000000000001,1.4438,1.4501000000000002,1.4553,1.4619,1.4679,1.4734,1.4785000000000001,1.4853,1.4926000000000001,1.4972,1.5044000000000002,1.5124,1.5183,1.5233,1.5282,1.5334,1.5417,1.5472000000000001,1.5531000000000001,1.56,1.5666,1.5728,1.5789,1.5836000000000001,1.5883,1.5939,1.6,1.6064,1.611,1.6173000000000002,1.6226,1.6283,1.6342,1.6398000000000001,1.6452,1.6516000000000002,1.6585,1.6642000000000001,1.6692,1.6740000000000002,1.681,1.687,1.6931,1.6986,1.7041000000000002,1.7096,1.7141000000000002,1.7187000000000001,1.7244000000000002,1.7289,1.7335,1.7409000000000001,1.7464000000000002,1.7517,1.7565000000000002,1.7633,1.7683,1.7737,1.7794,1.7853,1.7903,1.7957,1.8009000000000002,1.8058,1.8109000000000002,1.8167,1.8208000000000002,1.8263,1.8309000000000002,1.8358,1.8405,1.8458,1.8507,1.8567,1.8617000000000001,1.8659000000000001,1.8721,1.8782,1.8849,1.8904,1.8966,1.9009,1.9053,1.9109,1.9165,1.9244,1.9295,1.9333,1.9397000000000002,1.9449,1.9499000000000002,1.9548,1.9597,1.9660000000000002,1.9709,1.9762000000000002,1.9807000000000001,1.987,1.9915,1.9978,2.0046,2.0089,2.0141,2.0186,2.0237000000000003,2.0281000000000002,2.0338000000000003,2.039,2.0444,2.0494,2.0542000000000002,2.0598,2.065,2.0693,2.0753,2.0804,2.0859,2.092,2.0967000000000002,2.1020000000000003,2.107,2.1118,2.1171,2.122,2.1268000000000002,2.1326,2.1379,2.144,2.1488,2.1545,2.1612,2.1664000000000003,2.1716,2.1767000000000003,2.1813000000000002,2.1868000000000003,2.1931000000000003,2.2011000000000003,2.2064,2.2123,2.22,2.2248,2.2298,2.2352000000000003,2.24,2.2448,2.2494,2.2557,2.2614,2.2668,2.2724,2.278,2.2853000000000003,2.2920000000000003,2.2971,2.3016,2.3069,2.3118000000000003,2.3172,2.3223000000000003,2.3292,2.3347,2.3412,2.3461000000000003,2.3512,2.3569,2.3627000000000002,2.3679,2.3733,2.3802000000000003,2.3866,2.3916,2.3996,2.4053,2.4121,2.4163,2.4227000000000003,2.4279,2.4334000000000002,2.4385000000000003,2.4439,2.4506,2.4579,2.463,2.4683,2.4733,2.4777,2.4821,2.4879000000000002,2.4938000000000002,2.4991000000000003,2.5054000000000003,2.5105,2.5158,2.5249,2.5301,2.535,2.5412,2.5481000000000003,2.5532,2.5583,2.5646,2.5700000000000003,2.5753,2.5817,2.587,2.592,2.5967000000000002,2.6016,2.6059,2.6112,2.6164,2.6214,2.6265,2.6321000000000003,2.6371,2.6416,2.6478,2.6531000000000002,2.6606,2.666,2.6709,2.6767000000000003,2.6828000000000003,2.6897,2.6959,2.702,2.7075,2.7119,2.7167000000000003,2.7212,2.7259,2.7311,2.7367,2.7433,2.7479,2.7555,2.7603,2.7647,2.7698,2.7762000000000002,2.7804,2.7859000000000003,2.7909,2.7991,2.8055000000000003,2.8106,2.8163,2.8208,2.8265000000000002,2.8312,2.8366000000000002,2.8416,2.8492,2.854,2.8613,2.8663000000000003,2.8714,2.8773,2.8825000000000003,2.8865000000000003,2.8942,2.8987000000000003,2.9033,2.9078,2.9135,2.922,2.9274,2.9325,2.9371,2.9437,2.9491,2.9548,2.9598,2.9649,2.9707000000000003,2.9757000000000002,2.9809,2.9869000000000003,2.9917000000000002,2.9964
130139:1.9153,2.5573,2.8017000000000003
130248:1.9169,2.5456000000000003
130297:1.2406000000000001,1.4026,1.5690000000000002,1.6147,1.7973000000000001,2.6935000000000002
130409:1.2364000000000002,1.3900000000000001,1.4538,1.5195,1.5858,1.6082,1.6388,1.6766,1.7001000000000002,1.7311,1.7585000000000002,1.7969000000000002,1.8305,1.8528,1.8799000000000001,1.9025,1.9282000000000001,1.9556,1.9845000000000002,2.0104,2.0423,2.0612,2.0881000000000003,2.1113,2.1361,2.1567000000000003,2.1952000000000003,2.2267,2.2462,2.2692,2.305,2.3453,2.371,2.4033,2.4494000000000002,2.4781,2.5133,2.5775,2.6185,2.6399,2.6735,2.7198,2.7413000000000003,2.7676000000000003,2.8297000000000003,2.8592,2.8825000000000003,2.902,2.9387000000000003,2.9649,2.992
130499:1.9295,2.0196,2.1519,2.2216,2.5571,2.7319,2.8645,2.9178
130526:1.9633,2.4071000000000002,2.5418000000000003,2.5875,2.7914000000000003,2.9818000000000002
130593:1.2843,1.3335000000000001,1.3621,1.4287,1.4747000000000001,1.5298,1.5794000000000001,1.6197000000000001,1.657,1.6826,1.7082000000000002,1.752,1.7686000000000002,1.8210000000000002,1.853,1.8818000000000001,1.9172,1.9769,1.9904000000000002,2.0234,2.0547,2.0833,2.096,2.1242,2.1592000000000002,2.2028000000000003,2.2413000000000003,2.282,2.2937000000000003,2.3343000000000003,2.3726000000000003,2.4084000000000003,2.4313000000000002,2.4505,2.4877000000000002,2.5222,2.5444,2.5739,2.6004,2.6159000000000003,2.6471,2.6582000000000003,2.6893000000000002,2.7235,2.7451000000000003,2.7851000000000004,2.8333,2.8603,2.8966000000000003,2.9167,2.9554,2.9886
130768:1.5271000000000001,1.5657,1.6166,1.6727,1.7188,1.7364000000000002,1.7694,1.84,1.859,1.903,1.9366,1.9673,2.0822000000000003,2.2408,2.3488,2.4833000000000003,2.5039000000000002,2.5315000000000003,2.6934,2.7548,2.7677,2.8035,2.8743000000000003,2.9492000000000003,2.9981
130780:1.0594000000000001,1.0899,1.1343,1.1844000000000001,1.2045000000000001,1.2387000000000001,1.2459,1.2752000000000001,1.2984,1.3306,1.3479,1.3608,1.3940000000000001,1.4174,1.4243000000000001,1.4645000000000001,1.4751,1.5005000000000002,1.5152,1.5349000000000002,1.5571000000000002,1.566,1.5746,1.5965,1.6027,1.6154000000000002,1.6228,1.655,1.6712,1.6895,1.7012,1.7091,1.7324000000000002,1.7478,1.7559,1.7661,1.7763,1.7956,1.8181,1.8276000000000001,1.8517000000000001,1.861,1.8704,1.8891,1.9051,1.9278000000000002,1.9378000000000002,1.9478000000000002,1.9622000000000002,1.9747000000000001,1.9876,1.9944000000000002,2.0012000000000003,2.0201000000000002,2.0369,2.0539,2.0726,2.0814,2.0888,2.0957,2.1161000000000003,2.1244,2.1432,2.1617,2.1777,2.1962,2.2073,2.2238,2.2351,2.2605,2.2747,2.2934,2.309,2.3236000000000003,2.3372,2.3544,2.3646000000000003,2.3789000000000002,2.3952,2.4347000000000003,2.4502,2.4635000000000002,2.4732000000000003,2.4953000000000003,2.503,2.5159000000000002,2.5334000000000003,2.5472,2.5656000000000003,2.5767,2.5862000000000003,2.6095,2.6355,2.6502000000000003,2.6628000000000003,2.6773000000000002,2.6877,2.7102,2.7190000000000003,2.7326,2.7470000000000003,2.7562,2.7630000000000003,2.7789,2.7892,2.8062,2.8274000000000004,2.8399,2.8604000000000003,2.8907000000000003,2.9036,2.928,2.9422,2.9523,2.9722,2.9944
131033:1.0889,1.3514000000000002,1.9086,1.9988000000000001,2.0932,2.1608,2.2162,2.2519,2.6218,2.9303000000000003
131152:1.5124,1.5621,1.6051,1.6585,1.7008,1.7358,1.7698,1.8039,1.8385,1.8638000000000001,1.8948,1.9218000000000002,1.9517,1.987,2.0286,2.0694,2.0941,2.1266000000000003,2.165,2.1951,2.2263,2.2586,2.2998000000000003,2.3457,2.3764000000000003,2.4022,2.4438,2.4794,2.5038,2.5327,2.5700000000000003,2.5985,2.6325000000000003,2.6701,2.6937,2.7202,2.7505,2.7798000000000003,2.8064,2.8482000000000003,2.8715,2.9184,2.9417,2.9703,2.9966
131703:1.4000000000000001
131949:1.7942,2.0368,2.2267,2.2884,2.3931,2.5156,2.5678,2.6581,2.7126,2.7923,2.915,2.9803
132100:1.5812000000000002,1.623,2.1252,2.5266,2.8431
132102:1.3562,1.6548,1.8293000000000001,1.9026,1.9867000000000001,2.031,2.0841000000000003,2.1537,2.1744,2.233,2.2518000000000002,2.2959,2.3747000000000003,2.4006000000000003,2.4622,2.4828,2.5199000000000003,2.5431,2.5801000000000003,2.6305,2.6956,2.7155,2.7351,2.7656,2.8094,2.9158,2.9637000000000002
132221:1.2567000000000002,1.5314,1.5941,1.758,2.1251,2.3337000000000003,2.4466,2.6162,2.8946
132392:1.3852,1.5509000000000002,1.6181,1.7644000000000002,1.8256000000000001,1.8651,1.8966,1.9431,2.0004,2.0551,2.1162,2.1598,2.21,2.33,2.3861000000000003,2.4275,2.4892000000000003,2.5653,2.6163000000000003,2.7279,2.8139000000000003,2.8658,2.9305000000000003,2.9807
132796:2.7416
133019:1.8823,2.2432000000000003,2.3919,2.994
133149:1.2583,1.333,1.5148000000000001,1.5291000000000001,1.5654000000000001,1.5746,1.5983,1.6139000000000001,1.6979000000000002,1.7079,1.7447000000000001,1.7732,1.7978,1.8101,1.8599,1.8868,1.9183000000000001,1.9382000000000001,1.9720000000000002,2.055,2.0775,2.1197,2.1479,2.1979,2.2228,2.3366000000000002,2.3554,2.3731,2.4448000000000003,2.4962,2.5236,2.5860000000000003,2.6082,2.6567000000000003,2.6898,2.7536,2.7725,2.8395,2.8473,2.8706,2.9008000000000003,2.9592,2.995
133158:1.4792,1.5717,1.6208,1.7091,1.7603,1.8277,1.8773000000000002,1.9923000000000002,2.0359000000000003,2.0761000000000003,2.1128,2.1470000000000002,2.2858,2.3761,2.4495,2.5242,2.5787,2.6571000000000002,2.7264,2.8389,2.8766000000000003,2.9187000000000003,2.9884
133172:1.3431,1.7133,1.7536,1.8045,1.8762,1.9029,1.9283000000000001,2.0441000000000003,2.0829,2.1176,2.1588000000000003,2.2217000000000002,2.2497000000000003,2.3000000000000003,2.3635,2.3965,2.447,2.4854000000000003,2.5235000000000003,2.5657,2.615,2.6507,2.6897,2.7275,2.7561,2.8361,2.9056,2.94,2.9857
133525:1.6248
133551:0.9414,0.9767,1.0188000000000001,1.0496,1.0819,1.1309,1.1499000000000001,1.1689,1.1914,1.2006000000000001,1.2342,1.2416,1.2592,1.2696,1.2886,1.2984,1.3114000000000001,1.3431,1.3572,1.3786,1.3863,1.3956000000000002,1.4113,1.4231,1.4401000000000002,1.4509,1.4609,1.4708,1.481,1.4909000000000001,1.5009000000000001,1.5174,1.5250000000000001,1.5336,1.5461,1.5558,1.5632000000000001,1.5730000000000002,1.5849,1.5958,1.6041,1.6131,1.6304,1.6402,1.647,1.6607,1.6704,1.6838000000000002,1.6933,1.7034,1.7155,1.7311,1.7396,1.7487000000000001,1.7661,1.7736,1.7811000000000001,1.7894,1.8026,1.8096,1.8210000000000002,1.8279,1.8366,1.8497000000000001,1.8592000000000002,1.8687,1.8786,1.8854000000000002,1.8937000000000002,1.9017000000000002,1.9104,1.9219000000000002,1.931,1.9380000000000002,1.9466,1.9573,1.9699,1.9795,1.9921000000000002,1.9985000000000002,2.0065,2.0139,2.0287,2.0391,2.0459,2.0525,2.0589,2.0683000000000002,2.0769,2.0834,2.0902000000000003,2.1063,2.1145,2.1238,2.138,2.1445000000000003,2.1514,2.1616,2.1693000000000002,2.1831,2.192,2.1987,2.2078,2.2192000000000003,2.2263,2.233,2.2445,2.2512000000000003,2.2592000000000003,2.2686,2.2774,2.2851,2.3036000000000003,2.3138,2.3242000000000003,2.3388,2.3464,2.3608000000000002,2.3689,2.3772,2.3853,2.3938,2.4055,2.4241,2.4348,2.4422,2.456,2.4633000000000003,2.4716,2.4793000000000003,2.4856000000000003,2.498,2.5050000000000003,2.5125,2.5252000000000003,2.5377,2.5513,2.5585,2.5672,2.5787,2.5899,2.5989,2.6091,2.6166,2.6232,2.6307,2.6380000000000003,2.6503,2.6619,2.6684,2.6750000000000003,2.6909,2.7006,2.712,2.7214,2.7294,2.744,2.7516000000000003,2.7601,2.7682,2.7767,2.7937000000000003,2.8013000000000003,2.8076000000000003,2.8198000000000003,2.8346,2.8409,2.8484000000000003,2.8623000000000003,2.8689,2.8776,2.8857,2.9004000000000003,2.9094,2.9232,2.9299,2.9429000000000003,2.9592,2.9685,2.9799,2.9890000000000003
133845:1.063,1.0935000000000001,1.1412,1.1989,1.2394,1.2774,1.3029000000000002,1.3356000000000001,1.3571,1.3960000000000001,1.4201000000000001,1.4663000000000002,1.4796,1.5044000000000002,1.5188000000000001,1.5374,1.5590000000000002,1.5682,1.5977000000000001,1.6116000000000001,1.6201,1.6580000000000001,1.6748,1.6958,1.707,1.733,1.7509000000000001,1.7623,1.7756,1.794,1.8045,1.8235000000000001,1.8308,1.8556000000000001,1.8663,1.8898000000000001,1.9077000000000002,1.9329,1.9447,1.9618,1.9717,1.9859,1.9943000000000002,2.0045,2.0244,2.0483000000000002,2.0584000000000002,2.0747,2.0895,2.1084,2.1199,2.1397,2.1614,2.18,2.1999,2.2216,2.2338,2.2604,2.2765,2.2992,2.3126,2.3360000000000003,2.3516,2.3647,2.3826,2.3976,2.4359,2.4551000000000003,2.4667000000000003,2.4764,2.5027,2.5179,2.5402,2.5501,2.5691,2.5799000000000003,2.5884,2.6123000000000003,2.6378,2.6531000000000002,2.6664000000000003,2.6798,2.6885000000000003,2.7150000000000003,2.7341,2.754,2.7633,2.7839,2.8042000000000002,2.829,2.8436000000000003,2.8631,2.8923,2.9076,2.93,2.9443,2.9539,2.9743,2.9967
134244:1.3315000000000001,1.4495,1.5296,1.6551,1.7011,1.7451,1.7949000000000002,1.8372000000000002,1.8694000000000002,1.9111,1.9732,2.0234,2.071,2.0947,2.1318,2.1864,2.2285,2.2784,2.3442000000000003,2.3985000000000003,2.5114,2.5572,2.6136,2.6761,2.7459000000000002,2.799,2.8881,2.9392,2.9993000000000003
134871:1.4774,1.6914,1.7668000000000001,1.8898000000000001,2.0144,2.1066000000000003,2.2434000000000003,2.2987,2.3301000000000003,2.4042000000000003,2.4757000000000002,2.5986000000000002,2.8696,2.9408000000000003
135560:1.0862,1.1098000000000001,1.1597,1.2008,1.243,1.2742,1.2982,1.3315000000000001,1.3575000000000002,1.3949,1.4236,1.4629,1.5001,1.5342,1.5652000000000001,1.597,1.6212,1.6438000000000001,1.6685,1.6895,1.7060000000000002,1.7341,1.7518,1.7753,1.7982,1.8335000000000001,1.8647,1.8882,1.9078000000000002,1.9386,1.9636,1.9839,2.0008,2.0168,2.0483000000000002,2.0717000000000003,2.0854,2.1189,2.1445000000000003,2.1592000000000002,2.1772,2.2024,2.2329000000000003,2.2604,2.2916000000000003,2.3246,2.346,2.365,2.3883,2.4481,2.4709000000000003,2.4878,2.5128,2.5305,2.5649,2.5884,2.6123000000000003,2.6368,2.6533,2.6729000000000003,2.6892,2.7113,2.7268000000000003,2.748,2.7611000000000003,2.7874000000000003,2.8262,2.8492,2.9004000000000003,2.9296,2.9583,2.9794
135605:1.5888,1.6626,1.7079,1.7553,1.8030000000000002,1.8445,1.8878000000000001,1.9300000000000002,1.9845000000000002,2.0274,2.0626,2.1035,2.1498,2.1847000000000003,2.2408,2.2936,2.3411,2.3907000000000003,2.4346,2.5081,2.5476,2.5915,2.6483000000000003,2.6886,2.7443,2.7882000000000002,2.8364000000000003,2.8995,2.9486000000000003,2.9921
135733:1.2416,1.4020000000000001,1.5691000000000002,1.6172,1.7975,2.6934
135809:0.9056000000000001,0.9644,0.9894000000000001,1.0011,1.0366,1.0449,1.0492000000000001,1.0509,1.1066,1.1329,1.1688,1.1945000000000001,1.2104000000000001,1.2434,1.2465000000000002,1.2539,1.2791000000000001,1.318,1.3329,1.3451,1.3482,1.3686,1.4152,1.4212,1.4253,1.4352,1.4551,1.4571,1.4587,1.459,1.4619,1.475,1.4757,1.4784000000000002,1.4889000000000001,1.5044000000000002,1.5165000000000002,1.5198,1.5469000000000002,1.5491000000000001,1.5494,1.5513000000000001,1.5642,1.5747,1.5757,1.5802,1.5828,1.5985,1.5993000000000002,1.6003,1.6011,1.6083,1.6157000000000001,1.6257000000000001,1.6279000000000001,1.6397000000000002,1.6408,1.6418000000000001,1.6641000000000001,1.6660000000000001,1.6673,1.6888,1.6928,1.6981000000000002,1.6988,1.7101000000000002,1.742,1.7725000000000002,1.7930000000000001,1.7945,1.8028000000000002,1.8084,1.8184,1.824,1.8249000000000002,1.8528,1.8801,1.881,1.8849,1.8891,1.8919000000000001,1.9001000000000001,1.9008,1.9182000000000001,1.9209,1.9293,1.9316,1.9319000000000002,1.9421000000000002,1.9478000000000002,1.9487,1.9560000000000002,1.9649,1.9796,1.9923000000000002,1.9988000000000001,2.0091,2.0289,2.0356,2.0426,2.0617,2.0709,2.0740000000000003,2.0839000000000003,2.096,2.1084,2.1536,2.1554,2.1588000000000003,2.1622,2.1781,2.1884,2.1944,2.213,2.2155,2.2169000000000003,2.2235,2.2284,2.2296,2.2299,2.236,2.2389,2.2575000000000003,2.2608,2.2689,2.2789,2.2805,2.2855000000000003,2.2869,2.2928,2.3026,2.3277,2.3299000000000003,2.3436,2.3466,2.3521,2.3564000000000003,2.357,2.3623000000000003,2.3764000000000003,2.3823000000000003,2.3892,2.3897,2.4035,2.4096,2.4176,2.4203,2.4241,2.4267000000000003,2.4327,2.438,2.4391000000000003,2.4424,2.4446000000000003,2.4469000000000003,2.4508,2.4578,2.4632,2.4639,2.4716,2.486,2.4907,2.4981,2.5022,2.5068,2.5177,2.5219,2.5241000000000002,2.5282,2.5435000000000003,2.5622000000000003,2.5669,2.5679000000000003,2.5828,2.5869,2.5980000000000003,2.6015,2.6026000000000002,2.6042,2.6117,2.6239000000000003,2.6245000000000003,2.6358,2.6409000000000002,2.6414,2.6432,2.6502000000000003,2.6534,2.6656,2.6746000000000003,2.6773000000000002,2.6813000000000002,2.6918,2.7041,2.7074000000000003,2.71,2.7114000000000003,2.7196000000000002,2.7214,2.7297000000000002,2.7343,2.7392000000000003,2.741,2.7445,2.7510000000000003,2.7572,2.761,2.7645,2.777,2.7821000000000002,2.7998000000000003,2.8114000000000003,2.8120000000000003,2.8434,2.8453,2.8498,2.8616,2.8634,2.8721,2.8979,2.9081,2.9104,2.9170000000000003,2.9225000000000003,2.9227000000000003,2.9363,2.9368000000000003,2.9436,2.948,2.9494000000000002,2.9608000000000003,2.9824,2.9861,2.9871000000000003,2.9937,2.9982,2.9984,2.9992
135947:1.4904000000000002,1.5987,1.675,1.7184000000000001,1.7841,1.8854000000000002,1.9984000000000002,2.0658000000000003,2.1069,2.1734,2.2534,2.3055000000000003,2.3841,2.4966,2.5574000000000003,2.6105,2.6623,2.7348000000000003,2.8027,2.8727,2.9282000000000004
135950:1.79,1.9549,2.2643,2.545,2.7187,2.7721,2.9725
136144:0.9778,1.0272000000000001,1.0496,1.0777,1.1035000000000001,1.1289,1.1601000000000001,1.1757,1.1969,1.2129,1.2347000000000001,1.2479,1.2636,1.2845,1.3046,1.3214000000000001,1.3377000000000001,1.3519,1.368,1.3862,1.4011,1.4126,1.4292,1.4403000000000001,1.4515,1.4635,1.4747000000000001,1.481,1.4935,1.5046000000000002,1.5170000000000001,1.5296,1.5417,1.5504,1.562,1.5729,1.5844,1.5938,1.6067,1.6161,1.6274000000000002,1.6377000000000002,1.6509,1.6605,1.6708,1.6852,1.6951,1.7055,1.7147000000000001,1.7221000000000002,1.7305000000000001,1.7403000000000002,1.7529000000000001,1.7612,1.7706000000000002,1.7796,1.7870000000000001,1.7982,1.8068000000000002,1.8175000000000001,1.8287,1.8396000000000001,1.8499,1.8592000000000002,1.867,1.8757000000000001,1.8839000000000001,1.8918000000000001,1.9029,1.9112,1.9251,1.9362000000000001,1.9445000000000001,1.9544000000000001,1.9675,1.9774,1.9859,1.9955,2.0054000000000003,2.0146,2.0255,2.0382000000000002,2.0472,2.0567,2.0656,2.0737,2.0838,2.092,2.1018,2.1111,2.1227,2.132,2.1418,2.1522,2.1628000000000003,2.1745,2.1865,2.1973000000000003,2.2092,2.2187,2.2279,2.2359,2.2472000000000003,2.2557,2.2645,2.2769,2.2895000000000003,2.2976,2.3064,2.3196000000000003,2.3313,2.3418,2.3514,2.3627000000000002,2.3720000000000003,2.38,2.3886000000000003,2.3975,2.404,2.4136,2.4227000000000003,2.432,2.4418,2.4508,2.4615,2.4743,2.4831000000000003,2.4904,2.4992,2.512,2.5220000000000002,2.5326,2.5415,2.5573,2.5699,2.5798,2.5895,2.6024000000000003,2.6122,2.6209000000000002,2.6315,2.6409000000000002,2.6476,2.6587,2.6682,2.676,2.6829,2.6946000000000003,2.706,2.7155,2.7274000000000003,2.7354000000000003,2.7447,2.7536,2.7635,2.7716000000000003,2.7868,2.7968,2.8057000000000003,2.8188,2.8291,2.838,2.8458,2.854,2.8617000000000004,2.8694,2.8833,2.8936,2.9019,2.9118,2.9235,2.934,2.9448000000000003,2.9528000000000003,2.9616000000000002,2.9701,2.9837000000000002,2.9922
136180:1.0364,1.0668,1.1141,1.1354,1.1578000000000002,1.1953,1.2133,1.2371,1.2625,1.2756,1.2967,1.3119,1.3295000000000001,1.3516000000000001,1.3684,1.3904,1.4037000000000002,1.4271,1.4416,1.4573,1.4714,1.4929000000000001,1.5092,1.5231000000000001,1.5342,1.5491000000000001,1.5618,1.5753000000000001,1.5891000000000002,1.6025,1.6165,1.6254000000000002,1.6409,1.6545,1.6628,1.6743000000000001,1.6865,1.6992,1.7126000000000001,1.7281000000000002,1.7378,1.7519,1.7652,1.7811000000000001,1.7918,1.8036,1.8157,1.8302,1.8386,1.8518000000000001,1.8631,1.8752000000000002,1.8872,1.8998000000000002,1.9086,1.9196000000000002,1.9327,1.9462000000000002,1.9557,1.9681000000000002,1.983,1.995,2.0047,2.0162,2.0300000000000002,2.0423,2.0524,2.064,2.0785,2.0891,2.1008,2.1104000000000003,2.1231,2.1404,2.1484,2.1599,2.1723,2.1834000000000002,2.1954000000000002,2.2077,2.2184,2.2289000000000003,2.2402,2.2571000000000003,2.2680000000000002,2.2784,2.2898,2.3035,2.3145000000000002,2.3295,2.3405,2.3554,2.37,2.3816,2.3925,2.404,2.4209,2.4325,2.4438,2.4598,2.4724,2.4816000000000003,2.4951000000000003,2.5067,2.5165,2.5316,2.5442,2.5561000000000003,2.5678,2.5803000000000003,2.591,2.6016,2.6129000000000002,2.6233,2.6351,2.6468000000000003,2.6579,2.6670000000000003,2.6771000000000003,2.6884,2.7015000000000002,2.7143,2.7256,2.7369000000000003,2.7484,2.7590000000000003,2.7685,2.7843,2.7961,2.8064,2.8201,2.8328,2.8477,2.8599,2.8718000000000004,2.8869000000000002,2.8981000000000003,2.9091,2.9219,2.9338,2.9443,2.9559,2.9697,2.9861,2.9961
136405:1.5210000000000001,1.574,1.6036000000000001,1.6202,1.736,1.8075,1.8437000000000001,1.8875000000000002,1.9147,1.9671,2.0559000000000003,2.0773,2.0996,2.1484,2.1691000000000003,2.2273,2.2788,2.3538,2.3767,2.462,2.4947,2.5284,2.6256,2.6932,2.7545,2.7849,2.8135000000000003,2.8676,2.9117,2.9541,2.998
136411:1.4252,1.6456000000000002,1.7164000000000001,1.8056,1.8884,1.9494,1.9811,2.0923000000000003,2.1377,2.1699,2.2989,2.423,2.472,2.5451,2.6864000000000003,2.7454,2.8403,2.8930000000000002,2.9308,2.9985
137016:1.5375,2.1722,2.4816000000000003,2.9250000000000003,2.9396
137072:1.8409,2.9047
137421:1.4325,1.5679,1.8598000000000001,1.9723000000000002,2.2219,2.4451,2.8723,2.9994
137479:1.988
137933:0.8515,0.9023,0.9450000000000001,0.9942000000000001,1.0438,1.0804,1.1368,1.1371,1.1511,1.2016,1.2028,1.2243000000000002,1.2441,1.2568000000000001,1.2595,1.2739,1.2765,1.2833,1.336,1.3482,1.3523,1.3745,1.3808,1.3815000000000002,1.3879000000000001,1.3983,1.4038000000000002,1.4134,1.4233,1.4301000000000001,1.4463000000000001,1.4517,1.4529,1.4571,1.4589,1.4651,1.5104,1.5298,1.5484,1.5618,1.5661,1.5714000000000001,1.5736,1.5786,1.6033000000000002,1.6141,1.617,1.6242,1.6275000000000002,1.6300000000000001,1.6631,1.6785,1.6841000000000002,1.6965000000000001,1.7261000000000002,1.7315,1.7361,1.7630000000000001,1.7654,1.7872000000000001,1.8032000000000001,1.8105,1.8171000000000002,1.8238,1.8287,1.8312000000000002,1.8358,1.8396000000000001,1.8474000000000002,1.8504,1.8571000000000002,1.8607,1.8685,1.8749,1.8807,1.8811,1.8852,1.8952,1.897,1.8977000000000002,1.9127,1.9133,1.9282000000000001,1.9296,1.9304000000000001,1.9309,1.9474,1.9600000000000002,1.9668,1.9729,1.9738,1.9775,1.9797,1.9855,1.9875,2.0041,2.0069,2.0117000000000003,2.013,2.0152,2.0367,2.0389,2.0406,2.0506,2.0565,2.0587,2.0611,2.0921000000000003,2.0940000000000003,2.0955,2.0971,2.1176,2.1186000000000003,2.1192,2.1262000000000003,2.1281,2.1309,2.1326,2.1407000000000003,2.1446,2.1456,2.1478,2.1531000000000002,2.1542,2.1859,2.189,2.1902,2.1905,2.1918,2.1925,2.2115,2.2204,2.2289000000000003,2.2303,2.2425,2.2454,2.2482,2.2627,2.263,2.2712000000000003,2.2833,2.2884,2.3017000000000003,2.3021000000000003,2.309,2.3108,2.3114,2.3259000000000003,2.3506,2.3508,2.3677,2.3854,2.3897,2.3917,2.396,2.4007,2.4145000000000003,2.4257,2.4359,2.4391000000000003,2.4437,2.4499,2.4507000000000003,2.4639,2.4657,2.4886,2.4904,2.4989,2.5251,2.5497,2.5502000000000002,2.557,2.5740000000000003,2.5964,2.6023,2.604,2.6072,2.6109,2.6123000000000003,2.6146000000000003,2.6148000000000002,2.6265,2.6341,2.6371,2.6414,2.6501,2.6572,2.6616,2.6693000000000002,2.6989,2.7030000000000003,2.7036000000000002,2.7112000000000003,2.7139,2.7314000000000003,2.7354000000000003,2.7387,2.7416,2.7710000000000004,2.7829,2.7866,2.8175000000000003,2.823,2.8242000000000003,2.8258,2.8276000000000003,2.8278000000000003,2.8318000000000003,2.8415,2.8439,2.8542,2.8673,2.8745000000000003,2.8766000000000003,2.8804000000000003,2.8841,2.8997,2.8999,2.9027000000000003,2.9066,2.911,2.9288000000000003,2.9351000000000003,2.9467000000000003,2.956,2.9567,2.9724,2.9781,2.9789000000000003,2.9887,2.9956,2.9978000000000002
138067:0.8755000000000001,0.9002,0.9303,0.9416,0.9487000000000001,1.0087000000000002,1.0401,1.0433000000000001,1.1017000000000001,1.1047,1.2076,1.2086000000000001,1.2306000000000001,1.2549000000000001,1.2578,1.2609000000000001,1.2827,1.2882,1.298,1.2995,1.3026,1.3143,1.3319,1.333,1.3661,1.3967,1.4123,1.4162000000000001,1.4198000000000002,1.4232,1.4284000000000001,1.4404000000000001,1.4519,1.4539,1.4548,1.4615,1.4629,1.4712,1.4927000000000001,1.5003,1.5061,1.5115,1.5128000000000001,1.5236,1.5272000000000001,1.5438,1.5474,1.5618,1.5822,1.5901,1.5958,1.5961,1.5985,1.5987,1.6008,1.6174000000000002,1.6249,1.6347,1.6368,1.6429,1.6461000000000001,1.6519000000000001,1.6723000000000001,1.6740000000000002,1.6758000000000002,1.7060000000000002,1.717,1.7196,1.7528000000000001,1.754,1.7590000000000001,1.7743,1.7750000000000001,1.7759,1.7767000000000002,1.7830000000000001,1.7854,1.7976,1.8087000000000002,1.8110000000000002,1.8184,1.8222,1.8253000000000001,1.8369,1.8519,1.8582,1.8749,1.8802,1.8991,1.9033,1.9035000000000002,1.9087,1.9195,1.9228,1.9488,1.9642000000000002,1.9885000000000002,1.9989000000000001,2.0094000000000003,2.02,2.0284,2.0352,2.0448,2.0496000000000003,2.0506,2.0604,2.0735,2.0786000000000002,2.0791,2.084,2.123,2.1253,2.1264000000000003,2.1342000000000003,2.1365000000000003,2.1381,2.1454,2.1505,2.1589,2.1818,2.1905,2.1927000000000003,2.2028000000000003,2.2073,2.213,2.2226,2.2458,2.2595,2.2629,2.2679,2.2712000000000003,2.2749,2.3043,2.3157,2.3187,2.3238000000000003,2.3280000000000003,2.3349,2.3362000000000003,2.3425000000000002,2.357,2.3618,2.3633,2.3759,2.3809,2.3930000000000002,2.3972,2.4007,2.4024,2.4032,2.4037,2.4051,2.4210000000000003,2.4369,2.4481,2.4727,2.4758,2.4937,2.4962,2.5049,2.513,2.521,2.5275000000000003,2.533,2.5354,2.5356,2.5464,2.5474,2.551,2.5554,2.5619,2.5716,2.5748,2.5768,2.5812,2.5901,2.5962,2.6071,2.6095,2.6107,2.619,2.6193,2.6220000000000003,2.6222000000000003,2.6235,2.6585,2.6589,2.6681,2.6744000000000003,2.6749,2.6779,2.6918,2.692,2.6967000000000003,2.7052,2.7071,2.7091000000000003,2.7101,2.7137000000000002,2.7201,2.7254,2.7292,2.7337000000000002,2.7495000000000003,2.7573000000000003,2.7598000000000003,2.7721,2.7769,2.7923,2.8261000000000003,2.8281,2.833,2.8379000000000003,2.8428,2.8468,2.8585000000000003,2.8685,2.8765,2.8771,2.883,2.8882000000000003,2.9067000000000003,2.9078,2.9126000000000003,2.9176,2.9184,2.9204000000000003,2.9234,2.9464,2.9497,2.9589000000000003,2.9687,2.9805,2.9814000000000003,2.9941,2.9952,2.9964,2.9977
138286:1.6473,1.7826000000000002,1.9095000000000002,1.9422000000000001,1.9967000000000001,2.0462000000000002,2.1636,2.3141000000000003,2.3637,2.4077,2.4679,2.5397000000000003,2.6869,2.7968,2.8406000000000002,2.9107000000000003
138339:1.605,2.123