472:0.0183,0.0313,0.0786,0.1136,0.1391,0.1437,0.1698,0.2038,0.2293,0.26380000000000003,0.305,0.35200000000000004,0.37770000000000004,0.4123,0.4434,0.4788,0.4877,0.5115000000000001,0.5383,0.5720000000000001,0.6086,0.6455000000000001,0.6507000000000001,0.6683,0.7257,0.7549,0.7856000000000001,0.8129000000000001,0.8187000000000001,0.8609,0.8909,0.9312,0.9355,0.9601000000000001,0.9841000000000001
670:0.0514,0.5973
676:0.033,0.1796,0.27790000000000004,0.3549,0.4218,0.5203,0.5879,0.6215,0.6814,0.7315,0.8217,0.9366000000000001,0.995
842:0.0043,0.0071,0.009300000000000001,0.015000000000000001,0.0152,0.015600000000000001,0.023,0.024900000000000002,0.0274,0.032,0.0392,0.0442,0.049800000000000004,0.0592,0.059500000000000004,0.0621,0.0658,0.0731,0.07640000000000001,0.0855,0.0903,0.0985,0.11130000000000001,0.1119,0.11800000000000001,0.1269,0.12840000000000001,0.1436,0.1448,0.1494,0.1516,0.1746,0.1759,0.17650000000000002,0.1857,0.1877,0.1913,0.1917,0.1981,0.2021,0.2212,0.2272,0.228,0.2379,0.2508,0.2558,0.2577,0.2585,0.2589,0.2674,0.268,0.272,0.2732,0.27690000000000003,0.27990000000000004,0.28300000000000003,0.2972,0.3083,0.3108,0.3242,0.3274,0.3487,0.40700000000000003,0.4091,0.41290000000000004,0.41700000000000004,0.4243,0.4425,0.448,0.4489,0.45420000000000005,0.4544,0.4554,0.46680000000000005,0.48350000000000004,0.4889,0.5203,0.5293,0.5369,0.5524,0.5536,0.5624,0.5650000000000001,0.5677,0.5710000000000001,0.5754,0.6022000000000001,0.6211,0.626,0.6282,0.6309,0.632,0.6344000000000001,0.6388,0.6478,0.656,0.6634,0.6701,0.6807000000000001,0.6846,0.6941,0.7062,0.7132000000000001,0.7141000000000001,0.7161000000000001,0.7193,0.7364,0.7402000000000001,0.7441,0.7488,0.749,0.7559,0.7582,0.7826000000000001,0.7847000000000001,0.7862,0.7876000000000001,0.7939,0.7942,0.7978000000000001,0.7989,0.8105,0.8162,0.8223,0.8252,0.8283,0.8330000000000001,0.8467,0.8514,0.8581000000000001,0.8674000000000001,0.875,0.8761,0.8854000000000001,0.8861,0.8972,0.8999,0.9054000000000001,0.9104000000000001,0.9255,0.9311,0.9427000000000001,0.9540000000000001,0.9566,0.9593,0.9753000000000001,0.9766,0.9837,0.9967
1092:0.006200000000000001,0.0097,0.034800000000000005,0.0494,0.0506,0.0626,0.0748,0.0825,0.0862,0.08660000000000001,0.1052,0.1073,0.12240000000000001,0.1411,0.1461,0.149,0.1494,0.1522,0.16790000000000002,0.1973,0.1993,0.2092,0.2109,0.221,0.22990000000000002,0.2306,0.2335,0.24200000000000002,0.2584,0.26980000000000004,0.2788,0.2847,0.2929,0.309,0.3105,0.3138,0.32020000000000004,0.32130000000000003,0.323,0.3249,0.3296,0.3457,0.34700000000000003,0.3556,0.3573,0.36210000000000003,0.37620000000000003,0.3764,0.37920000000000004,0.3815,0.38180000000000003,0.3859,0.39440000000000003,0.40900000000000003,0.4118,0.41600000000000004,0.42050000000000004,0.4253,0.4295,0.4434,0.4481,0.44930000000000003,0.45170000000000005,0.45220000000000005,0.45370000000000005,0.4752,0.4783,0.48040000000000005,0.48250000000000004,0.48310000000000003,0.4834,0.4873,0.4894,0.4907,0.5163,0.518,0.5213,0.5279,0.5291,0.5416000000000001,0.5501,0.5562,0.5588000000000001,0.5648000000000001,0.5701,0.5707,0.5709000000000001,0.5777,0.5889,0.5977,0.5982000000000001,0.6012000000000001,0.6069,0.6077,0.6097,0.6128,0.6151,0.6345000000000001,0.6351,0.6476000000000001,0.6503,0.6517000000000001,0.6539,0.6653,0.6758000000000001,0.6919000000000001,0.7021000000000001,0.7060000000000001,0.7065,0.7069000000000001,0.7203,0.7481,0.7548,0.7686000000000001,0.7946000000000001,0.7963,0.8162,0.8175,0.8382000000000001,0.8468,0.8490000000000001,0.8587,0.8645,0.8731,0.8963000000000001,0.9068,0.9134,0.9138000000000001,0.9181,0.9254,0.9407000000000001,0.9443,0.9461,0.9482,0.9502,0.9641000000000001,0.9659000000000001,0.9664,0.9689000000000001,0.9709000000000001,0.9829,0.9906
1811:0.0437,0.0613,0.0911,0.12990000000000002,0.15860000000000002,0.183,0.2184,0.2546,0.27440000000000003,0.298,0.3215,0.3377,0.3516,0.3754,0.4153,0.4434,0.4661,0.4802,0.5062,0.5406000000000001,0.5648000000000001,0.6097,0.6374000000000001,0.6659,0.6921,0.7134,0.7230000000000001,0.7638,0.7972,0.8244,0.8495,0.8765000000000001,0.9033,0.9233,0.9527,0.9806
1914:0.1696,0.2437,0.3169,0.38670000000000004,0.4882,0.5365,0.6344000000000001,0.6703,0.9283
2094:0.0402,0.9706
2793:0.2575,0.3388,0.3765,0.42350000000000004,0.4672,0.6945,0.907,0.9484
2860:0.0193,0.026600000000000002,0.0369,0.06330000000000001,0.0776,0.0995,0.1153,0.139,0.1447,0.16840000000000002,0.1869,0.1956,0.2041,0.2275,0.2335,0.2606,0.276,0.2896,0.2968,0.3058,0.3194,0.3317,0.34640000000000004,0.3537,0.37720000000000004,0.38330000000000003,0.41050000000000003,0.4174,0.43760000000000004,0.44620000000000004,0.45380000000000004,0.47090000000000004,0.4803,0.48800000000000004,0.4993,0.5274,0.5332,0.5438000000000001,0.5675,0.5761000000000001,0.5986,0.6043000000000001,0.6135,0.6304000000000001,0.6413,0.6485000000000001,0.6684,0.6833,0.6952,0.7085,0.7255,0.7336,0.747,0.7753,0.7815000000000001,0.7913,0.8123,0.8509,0.86,0.8857,0.8941,0.9038,0.9215000000000001,0.9322,0.9555,0.9623,0.9829,0.9881000000000001
2905:0.1754,0.3204,0.49460000000000004,0.8200000000000001
2955:0.29810000000000003,0.42060000000000003,0.595,0.7258,0.8277
3122:0.0184,0.0463,0.0746,0.0859,0.0983,0.1097,0.1296,0.1484,0.1621,0.2064,0.2424,0.2849,0.29860000000000003,0.31520000000000004,0.3577,0.3759,0.3894,0.40180000000000005,0.4273,0.44570000000000004,0.46290000000000003,0.4828,0.49560000000000004,0.5318,0.5861000000000001,0.5978,0.6148,0.6317,0.6674,0.7047,0.7164,0.7568,0.7754000000000001,0.7999,0.8116,0.8235,0.8416,0.8538,0.8732000000000001,0.8906000000000001,0.9074000000000001,0.9245000000000001,0.9671000000000001,0.9775
3159:0.07490000000000001,0.083,0.1593,0.21630000000000002,0.2994,0.32980000000000004,0.387,0.46790000000000004,0.5728,0.6404000000000001,0.6935,0.7392000000000001,0.8056000000000001,0.8251000000000001,0.9501000000000001,0.9809,0.9881000000000001
3215:0.0426,0.1004,0.15360000000000001,0.184,0.2371,0.35900000000000004,0.4455,0.5011,0.5914,0.6485000000000001,0.7329,0.7892,0.8642000000000001,0.9068,0.9715
3448:0.010400000000000001,0.019200000000000002,0.0297,0.0407,0.0506,0.0594,0.0694,0.0794,0.0889,0.09770000000000001,0.10650000000000001,0.11810000000000001,0.1269,0.1356,0.1491,0.1573,0.1675,0.1771,0.18760000000000002,0.1967,0.2048,0.21430000000000002,0.2242,0.2341,0.2439,0.2539,0.26230000000000003,0.2735,0.28140000000000004,0.2898,0.2987,0.30660000000000004,0.31470000000000004,0.3251,0.3315,0.3401,0.3472,0.35860000000000003,0.3683,0.3794,0.3866,0.39690000000000003,0.40800000000000003,0.4193,0.4279,0.4369,0.445,0.4544,0.4647,0.47250000000000003,0.48140000000000005,0.48950000000000005,0.49870000000000003,0.5069,0.5174,0.5265000000000001,0.5361,0.5466,0.5552,0.5645,0.5715,0.5843,0.5939,0.6036,0.6134000000000001,0.6224000000000001,0.632,0.64,0.648,0.6595000000000001,0.6723,0.682,0.6905,0.6995,0.7093,0.7178,0.7259,0.7356,0.745,0.7542,0.7652,0.7755000000000001,0.7866000000000001,0.797,0.8073,0.8168000000000001,0.8271000000000001,0.8365,0.8460000000000001,0.8551000000000001,0.863,0.8726,0.8801,0.8893000000000001,0.8994000000000001,0.9095000000000001,0.9182,0.9272,0.9388000000000001,0.9485,0.9559000000000001,0.9662000000000001,0.9744,0.9834,0.9953000000000001
3498:0.3395,0.43660000000000004
3773:0.0088,0.0173,0.0281,0.0359,0.043000000000000003,0.0519,0.059500000000000004,0.0678,0.076,0.0839,0.091,0.0989,0.10640000000000001,0.1155,0.12240000000000001,0.1291,0.1378,0.14650000000000002,0.15460000000000002,0.16240000000000002,0.1698,0.1789,0.187,0.1951,0.2021,0.21080000000000002,0.2175,0.225,0.23320000000000002,0.24230000000000002,0.25170000000000003,0.25880000000000003,0.2662,0.27340000000000003,0.2828,0.29000000000000004,0.2975,0.3043,0.312,0.3194,0.3282,0.33590000000000003,0.3452,0.35350000000000004,0.35950000000000004,0.3668,0.376,0.38680000000000003,0.39440000000000003,0.404,0.4121,0.4192,0.42650000000000005,0.4349,0.4446,0.4539,0.46440000000000003,0.4731,0.4802,0.4889,0.49720000000000003,0.5044000000000001,0.5142,0.5229,0.5301,0.5395,0.5491,0.5576,0.5670000000000001,0.5800000000000001,0.5893,0.5962000000000001,0.6038,0.6126,0.62,0.6286,0.6355000000000001,0.6421,0.6509,0.658,0.6663,0.6737000000000001,0.6816,0.6891,0.6979000000000001,0.7067,0.7135,0.7237,0.7314,0.7377,0.7453000000000001,0.7552,0.7636000000000001,0.7718,0.7816000000000001,0.7896000000000001,0.7982,0.8061,0.8153,0.8231,0.8319000000000001,0.8399000000000001,0.8471000000000001,0.8564,0.8646,0.8727,0.8805000000000001,0.8891,0.8959,0.9046000000000001,0.9114000000000001,0.923,0.9302,0.9384,0.9469000000000001,0.9539000000000001,0.9624,0.9706,0.9771000000000001,0.9863000000000001,0.9941000000000001
3807:0.0604,0.0708,0.1395,0.1577,0.1761,0.2644,0.3044,0.37360000000000004,0.3986,0.4158,0.49860000000000004,0.5682,0.6067,0.6607000000000001,0.7124,0.8211,0.8402000000000001,0.9189,0.9343
5054:0.024,0.0451,0.0745,0.085,0.10840000000000001,0.1325,0.157,0.1689,0.1862,0.2034,0.2185,0.2551,0.27940000000000004,0.2972,0.3206,0.34290000000000004,0.3628,0.37260000000000004,0.3932,0.41300000000000003,0.4345,0.45420000000000005,0.4732,0.4953,0.5067,0.5323,0.544,0.5631,0.5881000000000001,0.6098,0.6202000000000001,0.644,0.6611,0.6748000000000001,0.7035,0.7158,0.7382000000000001,0.7556,0.7872,0.8016000000000001,0.8229000000000001,0.8407,0.8706,0.8897,0.9166000000000001,0.9381,0.9545,0.9718
5353:0.0194,0.033800000000000004,0.0489,0.060500000000000005,0.07540000000000001,0.0886,0.10500000000000001,0.12300000000000001,0.1411,0.1526,0.1661,0.17930000000000001,0.195,0.2089,0.22360000000000002,0.2364,0.2524,0.26890000000000003,0.28340000000000004,0.2985,0.31010000000000004,0.3295,0.3441,0.3583,0.3754,0.39380000000000004,0.4107,0.42550000000000004,0.44210000000000005,0.4595,0.4747,0.4893,0.5056,0.5208,0.5343,0.5519000000000001,0.5678000000000001,0.5865,0.5993,0.6128,0.6304000000000001,0.6443,0.6597000000000001,0.6795,0.6954,0.7125,0.7318,0.7485,0.7613000000000001,0.7789,0.7934,0.8086,0.8197,0.8340000000000001,0.8464,0.8594,0.8755000000000001,0.89,0.9077000000000001,0.9231,0.9398000000000001,0.9541000000000001,0.9677,0.9810000000000001,0.9945
5565:0.025900000000000003,0.054700000000000006,0.07680000000000001,0.0847,0.0911,0.1018,0.1179,0.1356,0.15380000000000002,0.1656,0.1736,0.18330000000000002,0.1912,0.2116,0.21730000000000002,0.2214,0.2449,0.25470000000000004,0.27140000000000003,0.2896,0.30670000000000003,0.32120000000000004,0.34090000000000004,0.3538,0.3698,0.3765,0.3901,0.40800000000000003,0.4289,0.45,0.4555,0.4605,0.4761,0.4922,0.5029,0.5094000000000001,0.5245000000000001,0.5323,0.54,0.5592,0.5730000000000001,0.5850000000000001,0.5977,0.6155,0.6327,0.6444000000000001,0.6617000000000001,0.6694,0.6756,0.6924,0.7103,0.7172000000000001,0.7286,0.7381000000000001,0.7553000000000001,0.772,0.7892,0.7998000000000001,0.8119000000000001,0.8262,0.8405,0.8457,0.8654000000000001,0.8856,0.9006000000000001,0.9179,0.9344,0.9529000000000001,0.9693,0.9919
5648:0.8997
6027:0.0487,0.9799
6128:0.0245,0.040100000000000004,0.0883,0.11960000000000001,0.1404,0.1734,0.1998,0.234,0.2778,0.2949,0.3277,0.35200000000000004,0.3816,0.4156,0.44020000000000004,0.47140000000000004,0.48660000000000003,0.5346000000000001,0.5774,0.6056,0.6411,0.6705,0.7042,0.729,0.7527,0.7801,0.8199000000000001,0.8553000000000001,0.8884000000000001,0.934,0.9868
6155:0.0076,0.0143,0.0227,0.0354,0.043000000000000003,0.051000000000000004,0.0565,0.0645,0.0723,0.0806,0.0912,0.0978,0.1046,0.1126,0.1211,0.1292,0.138,0.1461,0.1544,0.16290000000000002,0.1709,0.184,0.1951,0.2043,0.21150000000000002,0.22240000000000001,0.23220000000000002,0.24020000000000002,0.2519,0.26,0.2686,0.27840000000000004,0.28600000000000003,0.2942,0.3044,0.3109,0.31720000000000004,0.3275,0.33590000000000003,0.3457,0.3538,0.3613,0.36860000000000004,0.3768,0.3835,0.39680000000000004,0.403,0.4098,0.4171,0.42510000000000003,0.4305,0.43960000000000005,0.4485,0.45480000000000004,0.46290000000000003,0.4708,0.47850000000000004,0.4848,0.4924,0.4999,0.5112,0.5216000000000001,0.5303,0.5366000000000001,0.5452,0.5602,0.5672,0.5757,0.5859,0.5933,0.6022000000000001,0.6091,0.6151,0.6229,0.6308,0.641,0.6492,0.6571,0.6635,0.6693,0.6782,0.6854,0.6934,0.7024,0.7087,0.7163,0.7257,0.7358,0.7426,0.7514000000000001,0.7585000000000001,0.7668,0.7752,0.7833,0.7899,0.8,0.8075,0.8157000000000001,0.8228000000000001,0.8315,0.8398,0.8470000000000001,0.8534,0.8614,0.8686,0.8792000000000001,0.8881,0.8959,0.9045000000000001,0.9129,0.9208000000000001,0.9305,0.9382,0.9483,0.9570000000000001,0.9648,0.9753000000000001,0.9830000000000001,0.9898,0.9991000000000001
6995:0.053500000000000006,0.1092,0.151,0.1733,0.2122,0.2391,0.2627,0.2871,0.31170000000000003,0.3306,0.3594,0.38270000000000004,0.4132,0.4536,0.4834,0.5238,0.5553,0.5761000000000001,0.6,0.645,0.668,0.7044,0.7234,0.7604000000000001,0.7855000000000001,0.8195,0.8517,0.8803000000000001,0.9144,0.9336000000000001,0.9525,0.9729000000000001
7201:0.0212,0.040400000000000005,0.0746,0.1111,0.1325,0.16140000000000002,0.19410000000000002,0.2283,0.2666,0.3015,0.3352,0.3563,0.3776,0.42400000000000004,0.458,0.4858,0.5093,0.5428000000000001,0.5705,0.6111,0.6404000000000001,0.6622,0.7119000000000001,0.7466,0.7782,0.8195,0.8589,0.8835000000000001,0.9275,0.9534,0.9782000000000001
7345:0.0204,0.06960000000000001,0.1135,0.1663,0.1978,0.23090000000000002,0.3467,0.4133,0.4471,0.48200000000000004,0.5294,0.5677,0.6033000000000001,0.6383,0.6682,0.7231000000000001,0.7764000000000001,0.8142,0.8833000000000001,0.9289000000000001,0.9815
7702:0.5548000000000001,0.6881
7712:0.19890000000000002
8054:0.0195,0.06910000000000001,0.0978,0.1307,0.15860000000000002,0.1831,0.19970000000000002,0.2223,0.2521,0.2718,0.2898,0.3074,0.3362,0.3675,0.40040000000000003,0.4293,0.44420000000000004,0.47100000000000003,0.4832,0.5114000000000001,0.5387000000000001,0.5671,0.5987,0.617,0.6353,0.6521,0.6908000000000001,0.7147,0.736,0.7567,0.7751,0.8092,0.8454,0.8607,0.8845000000000001,0.909,0.926,0.9510000000000001,0.9756,0.9994000000000001
8404:0.0436,0.050100000000000006,0.0509,0.051800000000000006,0.0548,0.057800000000000004,0.0639,0.06520000000000001,0.0964,0.1032,0.1198,0.12710000000000002,0.12840000000000001,0.14400000000000002,0.1443,0.1486,0.1585,0.1681,0.17070000000000002,0.171,0.17320000000000002,0.1824,0.1883,0.19160000000000002,0.1965,0.2066,0.223,0.2278,0.2333,0.2358,0.23600000000000002,0.23620000000000002,0.24080000000000001,0.24980000000000002,0.263,0.26330000000000003,0.2919,0.2922,0.2934,0.3022,0.30310000000000004,0.30810000000000004,0.31670000000000004,0.3264,0.3335,0.33940000000000003,0.3413,0.3536,0.35710000000000003,0.3597,0.3622,0.3684,0.3875,0.3896,0.3991,0.4006,0.40240000000000004,0.4164,0.4338,0.43510000000000004,0.439,0.44020000000000004,0.4413,0.44370000000000004,0.44420000000000004,0.44720000000000004,0.4617,0.46340000000000003,0.47600000000000003,0.4782,0.4839,0.48500000000000004,0.5235000000000001,0.5319,0.5357000000000001,0.5456,0.5511,0.5515,0.5542,0.5639000000000001,0.5655,0.5701,0.5826,0.5918,0.5953,0.597,0.6067,0.6077,0.6099,0.6126,0.6148,0.6208,0.6258,0.6328,0.6414000000000001,0.6441,0.6751,0.6766,0.6786,0.6799000000000001,0.6880000000000001,0.6899000000000001,0.6922,0.6949000000000001,0.6986,0.7185,0.7243,0.7549,0.7576,0.7604000000000001,0.7644000000000001,0.7703,0.8170000000000001,0.8172,0.8183,0.8204,0.8208000000000001,0.8214,0.8246,0.8320000000000001,0.8330000000000001,0.8355,0.8360000000000001,0.8442000000000001,0.8489,0.8491000000000001,0.8514,0.8633000000000001,0.8688,0.8692000000000001,0.8706,0.8738,0.8755000000000001,0.8759,0.8774000000000001,0.8972,0.9056000000000001,0.9117000000000001,0.9221,0.9326000000000001,0.9528000000000001,0.9618000000000001,0.9679000000000001,0.9835,0.9847
8498:0.0415,0.0816,0.1522,0.1826,0.2464,0.2993,0.33030000000000004,0.36660000000000004,0.41440000000000005,0.48250000000000004,0.5371,0.5948,0.6415000000000001,0.6765,0.7739,0.8243,0.8942,0.9373,0.9636
8518:0.0407
8720:0.0927,0.13770000000000002,0.1776,0.24580000000000002,0.3134,0.33430000000000004,0.4167,0.4607,0.5024000000000001,0.5899,0.6284000000000001,0.6859000000000001,0.737,0.8095,0.8446,0.8956000000000001,0.9518000000000001
8797:0.059800000000000006,0.0763,0.0876,0.12990000000000002,0.1585,0.18810000000000002,0.2172,0.2417,0.2742,0.3005,0.3255,0.35910000000000003,0.3879,0.4229,0.4515,0.49670000000000003,0.5205000000000001,0.5477000000000001,0.5751000000000001,0.6067,0.6383,0.6706000000000001,0.6914,0.7172000000000001,0.7407,0.7666000000000001,0.8042,0.8212,0.8426,0.8678,0.9029,0.9385,0.9605,0.9873000000000001
8808:0.0426,0.2238,0.9062
8931:0.013000000000000001,0.0412,0.0637,0.07780000000000001,0.0925,0.10550000000000001,0.12140000000000001,0.14120000000000002,0.15180000000000002,0.16540000000000002,0.1847,0.20020000000000002,0.2144,0.2233,0.23650000000000002,0.2564,0.2686,0.2823,0.2947,0.3118,0.31980000000000003,0.3437,0.3557,0.3663,0.3784,0.3986,0.4056,0.42650000000000005,0.44470000000000004,0.45740000000000003,0.4824,0.4944,0.5138,0.5252,0.5591,0.5683,0.5813,0.5927,0.6133000000000001,0.6264000000000001,0.6391,0.6527000000000001,0.6644,0.6806,0.6910000000000001,0.7054,0.7197,0.7334,0.7494000000000001,0.761,0.7733,0.798,0.8081,0.8199000000000001,0.8378,0.8470000000000001,0.8637,0.8757,0.8915000000000001,0.9028,0.9202,0.9453,0.9597,0.9698,0.9858
9007:0.1116,0.22360000000000002,0.3174,0.6875,0.8277,0.9021
9033:0.040100000000000004,0.3262,0.49720000000000003,0.5438000000000001,0.6743,0.9471
9178:0.25270000000000004,0.4687,0.6842,0.7406,0.9042
9402:0.0152,0.0241,0.0357,0.0477,0.0614,0.0731,0.0839,0.0954,0.10740000000000001,0.11910000000000001,0.1311,0.1427,0.1547,0.1683,0.1781,0.1884,0.2008,0.2129,0.2223,0.23500000000000001,0.2472,0.2601,0.27030000000000004,0.2826,0.2938,0.3057,0.3165,0.3267,0.33590000000000003,0.3492,0.36000000000000004,0.372,0.381,0.3965,0.40700000000000003,0.4193,0.4313,0.4465,0.4575,0.4701,0.48250000000000004,0.4937,0.5061,0.5193,0.5286000000000001,0.5409,0.554,0.5642,0.5757,0.5854,0.5984,0.6105,0.622,0.6331,0.6439,0.6568,0.668,0.6797000000000001,0.6904,0.7026,0.7136,0.7284,0.7397,0.751,0.7641,0.7764000000000001,0.7898000000000001,0.8026000000000001,0.8139000000000001,0.8223,0.8330000000000001,0.8461000000000001,0.8584,0.8698,0.8823000000000001,0.894,0.9041,0.9134,0.9263,0.9365,0.9442,0.9528000000000001,0.9644,0.9767,0.9888
9455:0.0893,0.1293,0.16870000000000002,0.20750000000000002,0.27090000000000003,0.3205,0.3619,0.4344,0.49500000000000005,0.5843,0.6347,0.675,0.7754000000000001,0.8093,0.8879,0.9531000000000001
9792:0.0171,0.0458,0.06670000000000001,0.0785,0.09340000000000001,0.11330000000000001,0.12810000000000002,0.1472,0.1584,0.18030000000000002,0.1998,0.2126,0.2298,0.24650000000000002,0.2659,0.2847,0.2959,0.3146,0.3265,0.3483,0.3604,0.37770000000000004,0.39030000000000004,0.4037,0.41910000000000003,0.44580000000000003,0.45530000000000004,0.4677,0.4833,0.4974,0.5206000000000001,0.5346000000000001,0.554,0.5674,0.5815,0.5944,0.6103000000000001,0.6301,0.6499,0.6608,0.6758000000000001,0.6890000000000001,0.7016,0.7159,0.7321000000000001,0.751,0.7715000000000001,0.789,0.808,0.8211,0.8418,0.864,0.8796,0.8976000000000001,0.9185000000000001,0.9349000000000001,0.9476,0.9577,0.9737,0.9904000000000001
10183:0.0603,0.7208
10228:0.021,0.1101,0.1376,0.1675,0.19690000000000002,0.22820000000000001,0.2833,0.3463,0.378,0.4108,0.44420000000000004,0.4718,0.48550000000000004,0.5291,0.5984,0.6426000000000001,0.6659,0.7203,0.7757000000000001,0.8122,0.8815000000000001,0.9323,0.9575,0.9849
10270:0.016300000000000002,0.0333,0.050100000000000006,0.0682,0.084,0.1005,0.1217,0.1368,0.1526,0.16720000000000002,0.18130000000000002,0.1985,0.2164,0.2354,0.2553,0.273,0.2887,0.30610000000000004,0.3255,0.3367,0.3493,0.37070000000000003,0.38930000000000003,0.4142,0.4262,0.4451,0.46440000000000003,0.4842,0.5019,0.5184,0.5371,0.5517000000000001,0.5671,0.5856,0.6065,0.6267,0.6391,0.6556000000000001,0.6711,0.6871,0.7110000000000001,0.7355,0.7514000000000001,0.7663000000000001,0.7837000000000001,0.8001,0.8153,0.8324,0.8488,0.8645,0.8781,0.8943000000000001,0.9135000000000001,0.9315,0.9481,0.9617,0.9805
10493:0.1136,0.1647,0.218,0.2671,0.3151,0.3672,0.4162,0.4887,0.5854,0.6719,0.7214,0.7927000000000001,0.8844000000000001,0.9381,0.9786
10636:0.07970000000000001,0.2025,0.5388000000000001,0.6083000000000001,0.7867000000000001,0.8907
10972:0.0413,0.149,0.21180000000000002,0.325,0.3972,0.4204,0.48300000000000004,0.5419,0.6168,0.6757000000000001,0.7882,0.9415,0.9648
11082:0.0122,0.0441,0.058,0.0651,0.0753,0.084,0.0913,0.099,0.1119,0.124,0.13,0.1393,0.14850000000000002,0.1626,0.1792,0.20270000000000002,0.2152,0.2227,0.2371,0.24480000000000002,0.2524,0.269,0.28150000000000003,0.2893,0.2979,0.31,0.3196,0.3351,0.3488,0.3562,0.36210000000000003,0.3679,0.3809,0.3879,0.4006,0.40990000000000004,0.4177,0.4314,0.44070000000000004,0.4525,0.458,0.46630000000000005,0.48310000000000003,0.49810000000000004,0.5165000000000001,0.5268,0.5354,0.5481,0.5618000000000001,0.5689000000000001,0.5795,0.5941000000000001,0.6138,0.6306,0.6427,0.6506000000000001,0.6643,0.6703,0.6805,0.6887,0.6965,0.7022,0.7111000000000001,0.7188,0.7284,0.7353000000000001,0.7445,0.7555000000000001,0.7637,0.7705000000000001,0.7811,0.7912,0.803,0.8101,0.8193,0.8256,0.8369000000000001,0.8443,0.8605,0.88,0.8927,0.9,0.9133,0.9249,0.9318000000000001,0.9434,0.9512,0.9606,0.9693,0.9857,0.9906
11645:0.5174
11722:0.0477,0.10940000000000001,0.1618,0.2044,0.2661,0.3204,0.3739,0.4464,0.49450000000000005,0.5699000000000001,0.6156,0.6444000000000001,0.6913,0.7409,0.8122,0.8612000000000001,0.9032,0.9613
11832:0.0902,0.169,0.1962,0.3219,0.393,0.4585,0.5088,0.5423,0.6204000000000001,0.6682,0.7193,0.7435,0.8021,0.8465,0.9556
11840:0.0234,0.0345,0.1041,0.155,0.2081,0.308,0.48850000000000005,0.5466,0.6602,0.7894,0.9579000000000001
12057:0.0524,0.0995,0.1433,0.17450000000000002,0.21610000000000001,0.2535,0.2974,0.33030000000000004,0.3675,0.401,0.42900000000000005,0.48150000000000004,0.5274,0.5616,0.5940000000000001,0.6335000000000001,0.6738000000000001,0.7148,0.7617,0.8152,0.8553000000000001,0.8966000000000001,0.9323,0.9703
12308:0.061200000000000004
12617:0.1022,0.167,0.24860000000000002,0.2914,0.3239,0.38530000000000003,0.4233,0.4701,0.4943,0.5459,0.5796,0.6258,0.6695,0.7284,0.7677,0.7909,0.8253,0.8809,0.9139,0.9443,0.9887
12639:0.0211,0.0816,0.113,0.12990000000000002,0.15380000000000002,0.1711,0.2132,0.23920000000000002,0.2467,0.2652,0.28500000000000003,0.3025,0.3173,0.3292,0.3463,0.36560000000000004,0.38170000000000004,0.3972,0.41350000000000003,0.4335,0.45630000000000004,0.46340000000000003,0.48700000000000004,0.4998,0.5301,0.5459,0.5692,0.5876,0.6133000000000001,0.6344000000000001,0.6759000000000001,0.7093,0.727,0.757,0.7721,0.7925000000000001,0.8112,0.8348,0.8507,0.8682000000000001,0.8868,0.8998,0.9187000000000001,0.9322,0.9936
12768:0.017400000000000002,0.033800000000000004,0.06810000000000001,0.0826,0.11520000000000001,0.1366,0.1579,0.1666,0.19,0.20400000000000001,0.2321,0.2575,0.2695,0.2882,0.2953,0.31620000000000004,0.337,0.37110000000000004,0.3786,0.4052,0.42300000000000004,0.4476,0.4662,0.4797,0.5057,0.5117,0.5255000000000001,0.541,0.5595,0.5776,0.6018,0.6184000000000001,0.6346,0.6584,0.6782,0.6905,0.7055,0.7161000000000001,0.7426,0.7576,0.7777000000000001,0.8061,0.8260000000000001,0.8500000000000001,0.884,0.9052,0.93,0.9404,0.9580000000000001,0.9781000000000001,0.9967
12903:0.0374,0.0712,0.9622
13372:0.018000000000000002,0.0711,0.08420000000000001,0.1306,0.1583,0.1741,0.2102,0.2437,0.2808,0.2937,0.3154,0.3357,0.35650000000000004,0.38530000000000003,0.42050000000000004,0.43460000000000004,0.4617,0.48660000000000003,0.499,0.5361,0.5705,0.5939,0.6159,0.6342,0.6628000000000001,0.6773,0.7133,0.7588,0.7735000000000001,0.7972,0.8124,0.8323,0.8480000000000001,0.8832000000000001,0.9251,0.9467000000000001,0.9781000000000001,0.9961000000000001
13376:0.0772,0.3806,0.4126
13525:0.0019,0.0025,0.0051,0.006200000000000001,0.0076,0.011300000000000001,0.0154,0.036000000000000004,0.056,0.0906,0.1008,0.10400000000000001,0.1043,0.11760000000000001,0.11850000000000001,0.12010000000000001,0.1331,0.1366,0.1399,0.1489,0.1695,0.17250000000000001,0.1729,0.2005,0.24200000000000002,0.2442,0.2509,0.2576,0.258,0.2601,0.2665,0.2767,0.2944,0.2953,0.29560000000000003,0.2975,0.2994,0.30720000000000003,0.30770000000000003,0.3128,0.3262,0.3271,0.33530000000000004,0.339,0.3462,0.3509,0.35300000000000004,0.3548,0.3551,0.3604,0.368,0.3709,0.37210000000000004,0.38170000000000004,0.3835,0.3921,0.3956,0.4325,0.4475,0.45480000000000004,0.4655,0.4812,0.48500000000000004,0.4894,0.48960000000000004,0.49250000000000005,0.4953,0.4993,0.5012,0.5139,0.5159,0.518,0.5219,0.5374,0.542,0.543,0.5458000000000001,0.5553,0.5693,0.5755,0.6008,0.6086,0.6196,0.6327,0.637,0.6431,0.6506000000000001,0.6551,0.6557000000000001,0.6611,0.6679,0.6781,0.6864,0.6875,0.6878000000000001,0.6968000000000001,0.7001000000000001,0.7084,0.7121000000000001,0.7186,0.7423000000000001,0.7486,0.7488,0.7642,0.7712,0.7772,0.7794000000000001,0.7799,0.7859,0.7866000000000001,0.7892,0.8170000000000001,0.8183,0.8322,0.8329000000000001,0.8358,0.8450000000000001,0.8679,0.869,0.8747,0.8779,0.8784000000000001,0.8807,0.8898,0.8926000000000001,0.9103,0.9186000000000001,0.9221,0.9234,0.9373,0.9430000000000001,0.9442,0.9483,0.9507000000000001,0.9514,0.9573,0.9597,0.9722000000000001,0.9758,0.9797,0.9841000000000001,0.9847,0.9897
13536:0.0269,0.0502,0.0558,0.08900000000000001,0.12890000000000001,0.16790000000000002,0.20720000000000002,0.24450000000000002,0.2716,0.2755,0.29300000000000004,0.3196,0.3628,0.3881,0.4123,0.43360000000000004,0.46740000000000004,0.4943,0.5353,0.5456,0.5798,0.5848,0.6077,0.6341,0.6697000000000001,0.6754,0.6995,0.7088,0.7295,0.7428,0.7489,0.775,0.8082,0.8278000000000001,0.8334,0.8545,0.8882,0.8982,0.9271,0.9518000000000001,0.9567,0.9837
14249:0.024300000000000002,0.3543,0.8203,0.933
14323:0.0198,0.0375,0.0825,0.1918,0.5694,0.6396000000000001,0.6616000000000001,0.9537,0.9773000000000001
14415:0.4707
14664:0.0038,0.004,0.033100000000000004,0.044700000000000004,0.046900000000000004,0.0512,0.06570000000000001,0.07060000000000001,0.0784,0.092,0.0936,0.10890000000000001,0.1267,0.1335,0.1421,0.15030000000000002,0.1514,0.1532,0.15480000000000002,0.16640000000000002,0.1683,0.1721,0.1734,0.1749,0.1773,0.17930000000000001,0.20020000000000002,0.2114,0.21480000000000002,0.22260000000000002,0.23370000000000002,0.23600000000000002,0.2393,0.23970000000000002,0.249,0.2505,0.25320000000000004,0.2752,0.2765,0.2888,0.2934,0.30010000000000003,0.3128,0.31870000000000004,0.3224,0.326,0.3266,0.33180000000000004,0.3337,0.33430000000000004,0.3386,0.33990000000000004,0.3418,0.3551,0.3556,0.38230000000000003,0.3851,0.3855,0.3895,0.4011,0.4058,0.40800000000000003,0.4122,0.4133,0.4156,0.4186,0.42160000000000003,0.4315,0.4394,0.4431,0.4505,0.466,0.47950000000000004,0.4817,0.48360000000000003,0.4843,0.4878,0.4893,0.4975,0.499,0.5018,0.5049,0.5055000000000001,0.5203,0.5267000000000001,0.5303,0.5379,0.5389,0.5435,0.5453,0.5476,0.5529000000000001,0.5536,0.5611,0.5625,0.5664,0.5684,0.5694,0.5879,0.5888,0.5898,0.5905,0.5909,0.6135,0.6302,0.6332,0.6533,0.6693,0.6753,0.6778000000000001,0.6806,0.6819000000000001,0.6822,0.6883,0.6937,0.7022,0.7109000000000001,0.7200000000000001,0.7215,0.7502000000000001,0.7581,0.7649,0.7692,0.774,0.795,0.8018000000000001,0.8023,0.8051,0.8055,0.8107000000000001,0.8125,0.8194,0.8220000000000001,0.8368,0.8394,0.8420000000000001,0.8520000000000001,0.8625,0.8691000000000001,0.8725,0.8874000000000001,0.892,0.8948,0.9112,0.9241,0.9324,0.9379000000000001,0.9424,0.9480000000000001,0.9487000000000001,0.9502,0.9753000000000001,0.9766,0.9795,0.9818,0.9886
14979:0.046200000000000005,0.0787,0.1351,0.1673,0.21400000000000002,0.2576,0.2904,0.3214,0.3487,0.38880000000000003,0.4217,0.45880000000000004,0.4988,0.5614,0.5940000000000001,0.6332,0.6862,0.7267,0.7655000000000001,0.8144,0.8492000000000001,0.8871,0.9245000000000001,0.9699000000000001
15120:0.0105,0.019200000000000002,0.0308,0.0415,0.055900000000000005,0.06760000000000001,0.0784,0.09330000000000001,0.1057,0.11900000000000001,0.1292,0.1439,0.15360000000000001,0.16540000000000002,0.1769,0.1883,0.2008,0.21330000000000002,0.2255,0.2378,0.25270000000000004,0.2627,0.27490000000000003,0.2858,0.2942,0.3054,0.3161,0.3296,0.34,0.34850000000000003,0.35950000000000004,0.36960000000000004,0.38330000000000003,0.3942,0.4087,0.4193,0.4313,0.442,0.4551,0.4701,0.4823,0.4919,0.5027,0.5152,0.5256000000000001,0.5389,0.552,0.5599000000000001,0.5705,0.5826,0.5940000000000001,0.6049,0.6169,0.6301,0.6407,0.6497,0.658,0.6709,0.6843,0.6977,0.7082,0.7187,0.7292000000000001,0.7407,0.753,0.7625000000000001,0.7738,0.7851,0.7967000000000001,0.8087000000000001,0.8196,0.8352,0.8458,0.8569,0.8685,0.8784000000000001,0.8868,0.8986000000000001,0.9123,0.9256000000000001,0.9361,0.9488000000000001,0.9586,0.9696,0.9784,0.9894000000000001
15166:0.0589,0.09380000000000001,0.1617,0.27140000000000003,0.343,0.4156,0.4768,0.5158,0.7167,0.8250000000000001,0.9231
16213:0.0119,0.021,0.0324,0.040600000000000004,0.048400000000000006,0.0575,0.0644,0.0732,0.0813,0.0884,0.09570000000000001,0.1039,0.1109,0.1192,0.1277,0.1333,0.1421,0.1516,0.1598,0.16640000000000002,0.17270000000000002,0.1806,0.1889,0.1973,0.2041,0.2129,0.2197,0.22940000000000002,0.2378,0.24680000000000002,0.2559,0.2629,0.27030000000000004,0.2788,0.2866,0.2942,0.3025,0.3104,0.3161,0.3235,0.3325,0.3397,0.3488,0.35760000000000003,0.3643,0.37120000000000003,0.37820000000000004,0.38370000000000004,0.3922,0.4,0.40740000000000004,0.4153,0.4242,0.43210000000000004,0.44,0.44670000000000004,0.4555,0.4666,0.4752,0.48260000000000003,0.4909,0.4983,0.506,0.5164,0.5255000000000001,0.5322,0.5417000000000001,0.551,0.5601,0.5683,0.5767,0.5859,0.5942000000000001,0.6005,0.6062000000000001,0.6151,0.6222,0.63,0.6403,0.6467,0.6532,0.6601,0.6679,0.6755,0.6836,0.6907,0.6989000000000001,0.7076,0.7173,0.7274,0.7355,0.7433000000000001,0.7508,0.7596,0.7679,0.7761,0.786,0.7941,0.8028000000000001,0.8104,0.8157000000000001,0.8259000000000001,0.8340000000000001,0.8423,0.8493,0.8588,0.8671000000000001,0.8746,0.8827,0.8906000000000001,0.8983000000000001,0.9094000000000001,0.9166000000000001,0.926,0.9327000000000001,0.9410000000000001,0.9492,0.9563,0.9642000000000001,0.9726,0.9801000000000001,0.9876,0.9966
17072:0.08990000000000001,0.1544,0.21680000000000002,0.2972,0.325,0.3648,0.3891,0.4198,0.455,0.4857,0.5367000000000001,0.5682,0.6002000000000001,0.6536000000000001,0.7089000000000001,0.8430000000000001,0.9207000000000001,0.9503,0.9928
17246:0.022000000000000002,0.0344,0.0646,0.1555,0.8839
18060:0.2414,0.4378,0.4489,0.6388,0.8327,0.8882
18171:0.0483,0.9601000000000001
18530:0.061000000000000006,0.7199
18771:0.0364,0.07590000000000001,0.11080000000000001,0.1474,0.1723,0.2119,0.2798,0.3068,0.34600000000000003,0.3768,0.4207,0.4445,0.48510000000000003,0.5129,0.5618000000000001,0.5806,0.6163000000000001,0.6446000000000001,0.6692,0.7112,0.7677,0.7968000000000001,0.8539,0.8813000000000001,0.916,0.9598000000000001,0.9851000000000001
19092:0.049600000000000005,0.3295,0.5036,0.5497000000000001,0.678,0.9523
19257:0.055,0.06520000000000001,0.15280000000000002,0.2947,0.39280000000000004,0.4882,0.5462,0.5999,0.6457,0.7080000000000001,0.8184,0.9145000000000001,0.9586
19503:0.030000000000000002,0.0683,0.091,0.1411,0.17220000000000002,0.2081,0.24680000000000002,0.2919,0.3276,0.36660000000000004,0.41290000000000004,0.4418,0.47850000000000004,0.4955,0.5377000000000001,0.5797,0.6091,0.6472,0.6742,0.7277,0.779,0.8540000000000001,0.8937,0.9335,0.9628000000000001,0.9899
19541:0.064,0.29760000000000003,0.4909,0.7123
19718:0.025400000000000002,0.08660000000000001,0.1179,0.1353,0.1587,0.17550000000000002,0.2179,0.2437,0.2877,0.3106,0.32630000000000003,0.34090000000000004,0.3532,0.3735,0.4156,0.43870000000000003,0.46130000000000004,0.49010000000000004,0.5075000000000001,0.5512,0.5740000000000001,0.5962000000000001,0.6209,0.639,0.6798000000000001,0.7139,0.7344,0.7608,0.8062,0.8197,0.8401000000000001,0.889,0.9347000000000001
19927:0.001,0.017400000000000002,0.0207,0.024200000000000003,0.0275,0.030600000000000002,0.038900000000000004,0.0396,0.041,0.050100000000000006,0.052700000000000004,0.055900000000000005,0.0811,0.0813,0.084,0.0893,0.0949,0.09920000000000001,0.10260000000000001,0.1179,0.1207,0.129,0.12940000000000002,0.135,0.1414,0.1428,0.14300000000000002,0.1439,0.1451,0.1466,0.14980000000000002,0.15710000000000002,0.162,0.1715,0.17750000000000002,0.1937,0.19890000000000002,0.20220000000000002,0.20570000000000002,0.2114,0.2144,0.2248,0.22560000000000002,0.24300000000000002,0.2482,0.2544,0.2632,0.26480000000000004,0.2731,0.2907,0.3139,0.3201,0.32180000000000003,0.3277,0.3284,0.3287,0.33380000000000004,0.34190000000000004,0.3432,0.34940000000000004,0.35400000000000004,0.3556,0.3579,0.36160000000000003,0.3622,0.3654,0.3682,0.3749,0.3764,0.38020000000000004,0.3935,0.4045,0.4169,0.4393,0.4403,0.4509,0.4631,0.47500000000000003,0.4937,0.496,0.5017,0.5114000000000001,0.5173,0.5184,0.5252,0.535,0.5377000000000001,0.5483,0.5485,0.556,0.5614,0.5691,0.5720000000000001,0.5770000000000001,0.5859,0.5925,0.5978,0.6035,0.6121,0.6277,0.6303000000000001,0.6417,0.6444000000000001,0.6468,0.6478,0.6541,0.657,0.673,0.6844,0.6988000000000001,0.7057,0.7060000000000001,0.7092,0.7191000000000001,0.7319,0.7407,0.7424000000000001,0.7544000000000001,0.7575000000000001,0.7793,0.7939,0.8022,0.8115,0.8134,0.8246,0.8306,0.8372,0.8534,0.8570000000000001,0.8729,0.8755000000000001,0.8759,0.8786,0.8798,0.8803000000000001,0.8979,0.9049,0.9062,0.9073,0.9079,0.9083,0.9192,0.924,0.9267000000000001,0.9325,0.9336000000000001,0.9345,0.9348000000000001,0.9460000000000001,0.9492,0.9508000000000001,0.9537,0.9637,0.9839,0.9887,0.9893000000000001,0.997
19964:0.0079,0.0177,0.030000000000000002,0.0386,0.0477,0.055600000000000004,0.0669,0.0761,0.08950000000000001,0.09670000000000001,0.1068,0.1208,0.1302,0.14020000000000002,0.1484,0.15560000000000002,0.1638,0.1714,0.1794,0.19260000000000002,0.2043,0.2112,0.2257,0.2343,0.2434,0.253,0.2645,0.2756,0.2851,0.2948,0.30460000000000004,0.3131,0.3225,0.3305,0.3382,0.3452,0.3552,0.3629,0.3728,0.383,0.3906,0.4036,0.4116,0.4187,0.4277,0.4365,0.44380000000000003,0.4546,0.4686,0.4786,0.48710000000000003,0.4964,0.5046,0.5139,0.5241,0.5329,0.5413,0.5512,0.5587,0.5667,0.5741,0.5827,0.5921000000000001,0.6022000000000001,0.6117,0.6207,0.6308,0.6387,0.6489,0.6602,0.6719,0.6801,0.686,0.6983,0.7099000000000001,0.7217,0.7365,0.7439,0.7537,0.7608,0.7712,0.7802,0.7933,0.8042,0.8124,0.8220000000000001,0.8315,0.8432000000000001,0.8532000000000001,0.8649,0.8734000000000001,0.882,0.8919,0.9028,0.9104000000000001,0.9213,0.93,0.9382,0.9492,0.9583,0.9654,0.9744,0.9821000000000001,0.9934000000000001
20124:0.18080000000000002,0.3536,0.4486,0.6167,0.7352000000000001,0.9354
20162:0.0756,0.5102,0.5502,0.76
20195:0.0241,0.0775,0.13970000000000002,0.19290000000000002,0.23070000000000002,0.2916,0.3493,0.4141,0.4489,0.4778,0.532,0.6012000000000001,0.6431,0.6933,0.727,0.7792,0.8853000000000001,0.9325,0.9839
20540:0.033
20652:0.0341,0.0892,0.17200000000000001,0.2472,0.2931,0.3292,0.3916,0.44020000000000004,0.4954,0.5417000000000001,0.5829,0.6349,0.7097,0.7476,0.8555,0.9294,0.9884000000000001
20921:0.08360000000000001,0.1311,0.1632,0.21930000000000002,0.2674,0.3115,0.3677,0.392,0.4223,0.462,0.5852,0.6038,0.6569,0.6755,0.7110000000000001,0.772,0.8865000000000001,0.937,0.9779
21278:0.3559
21291:0.0352
21555:0.0001,0.0111,0.0261,0.034,0.0414,0.0422,0.0539,0.060700000000000004,0.062200000000000005,0.0684,0.06960000000000001,0.0731,0.07780000000000001,0.0806,0.1029,0.10640000000000001,0.1134,0.11850000000000001,0.1268,0.12990000000000002,0.1368,0.1394,0.1555,0.17070000000000002,0.1714,0.1741,0.1751,0.1763,0.1806,0.1872,0.18960000000000002,0.1943,0.1953,0.2006,0.2041,0.2051,0.2053,0.20770000000000002,0.215,0.21580000000000002,0.2189,0.22260000000000002,0.2293,0.2484,0.2531,0.255,0.27790000000000004,0.28190000000000004,0.2854,0.2883,0.2914,0.30820000000000003,0.3089,0.31020000000000003,0.3139,0.3299,0.33330000000000004,0.3443,0.34550000000000003,0.34600000000000003,0.3487,0.34940000000000004,0.35350000000000004,0.35660000000000003,0.3699,0.3719,0.3834,0.3854,0.3874,0.3881,0.39640000000000003,0.39980000000000004,0.4334,0.449,0.44980000000000003,0.45120000000000005,0.45170000000000005,0.45230000000000004,0.45830000000000004,0.46030000000000004,0.4606,0.4713,0.4858,0.5078,0.5083,0.5207,0.5239,0.5241,0.5254,0.5257000000000001,0.5287000000000001,0.5318,0.5497000000000001,0.5565,0.5761000000000001,0.5844,0.5861000000000001,0.6107,0.6113000000000001,0.6131,0.6208,0.6253000000000001,0.6279,0.6283000000000001,0.6447,0.6482,0.6537000000000001,0.6577000000000001,0.6611,0.6624,0.6795,0.68,0.6842,0.6851,0.7000000000000001,0.7040000000000001,0.7155,0.7223,0.7304,0.7324,0.7326,0.7381000000000001,0.7385,0.7458,0.7468,0.7477,0.7553000000000001,0.7724000000000001,0.7925000000000001,0.7976000000000001,0.7982,0.8087000000000001,0.8157000000000001,0.8175,0.8278000000000001,0.8349000000000001,0.8358,0.8420000000000001,0.8503000000000001,0.8539,0.8581000000000001,0.8597,0.8641000000000001,0.8673000000000001,0.88,0.887,0.8922,0.9005000000000001,0.9022,0.9168000000000001,0.9176000000000001,0.9238000000000001,0.9327000000000001,0.9358000000000001,0.9399000000000001,0.9433,0.9457000000000001,0.9476,0.9480000000000001,0.9484,0.9613,0.9634,0.9687,0.9803000000000001,0.9807,0.9813000000000001,0.9824,0.9838
21673:0.0269,0.052000000000000005,0.0859,0.1265,0.165,0.20570000000000002,0.2416,0.2721,0.2887,0.3178,0.3609,0.3854,0.40940000000000004,0.4339,0.46380000000000005,0.49260000000000004,0.5325,0.5763,0.604,0.6313000000000001,0.667,0.7047,0.7272000000000001,0.7457,0.7713,0.8296,0.8523000000000001,0.8957,0.9241,0.9528000000000001,0.9813000000000001
22214:0.0154,0.0303,0.0641,0.09960000000000001,0.1968,0.34600000000000003,0.44720000000000004,0.48510000000000003,0.5585,0.6136,0.6529,0.7504000000000001,0.8856,0.9399000000000001,0.9550000000000001,0.9764,0.9989
22751:0.26990000000000003,0.6342
22897:0.0487,0.49570000000000003,0.9730000000000001
23215:0.0223,0.029,0.0427,0.07010000000000001,0.08170000000000001,0.1155,0.1424,0.17070000000000002,0.1973,0.20450000000000002,0.2313,0.26580000000000004,0.298,0.3461,0.3527,0.3836,0.41550000000000004,0.4413,0.47140000000000004,0.4878,0.5178,0.5348,0.5701,0.5778,0.6053000000000001,0.6327,0.6451,0.6707000000000001,0.6957,0.7265,0.7513000000000001,0.78,0.8146,0.8537,0.8868,0.8952,0.9043,0.924,0.9349000000000001,0.9642000000000001,0.9861000000000001
23350:0.062,0.09570000000000001,0.13340000000000002,0.17550000000000002,0.21380000000000002,0.2615,0.3013,0.3397,0.3967,0.4375,0.48250000000000004,0.5382,0.5919,0.6318,0.6714,0.7097,0.7485,0.795,0.8313,0.8698,0.9085000000000001,0.9495,0.9895
23353:0.0531,0.0608,0.0876,0.0947,0.1557,0.16670000000000001,0.18460000000000001,0.23270000000000002,0.26930000000000004,0.3009,0.3356,0.3441,0.41090000000000004,0.4273,0.4702,0.4792,0.4914,0.5158,0.5660000000000001,0.6282,0.6534,0.7109000000000001,0.7209,0.7983,0.8238000000000001,0.8778,0.9181,0.9389000000000001,0.9577
23668:0.0149,0.028900000000000002,0.049,0.0673,0.0772,0.091,0.1105,0.1253,0.13540000000000002,0.15230000000000002,0.1691,0.1841,0.20170000000000002,0.2131,0.22790000000000002,0.2396,0.25620000000000004,0.26890000000000003,0.2863,0.29560000000000003,0.3115,0.32370000000000004,0.3382,0.3504,0.36150000000000004,0.3758,0.389,0.4015,0.41750000000000004,0.4436,0.45430000000000004,0.46480000000000005,0.47940000000000005,0.4909,0.507,0.5235000000000001,0.5342,0.5512,0.5648000000000001,0.5785,0.5906,0.6098,0.6309,0.6496000000000001,0.6621,0.676,0.6886,0.6993,0.7109000000000001,0.7269,0.7366,0.7529,0.768,0.7778,0.7895000000000001,0.8068000000000001,0.8201,0.8334,0.8462000000000001,0.864,0.878,0.888,0.9046000000000001,0.9187000000000001,0.9328000000000001,0.9448000000000001,0.9539000000000001,0.9716,0.9872000000000001
23985:0.0041,0.010700000000000001,0.016,0.018000000000000002,0.025900000000000003,0.0263,0.0606,0.0811,0.0869,0.1058,0.1149,0.13470000000000001,0.13770000000000002,0.1479,0.1525,0.1582,0.15960000000000002,0.1623,0.1642,0.16770000000000002,0.17600000000000002,0.1841,0.1976,0.198,0.20770000000000002,0.2137,0.2202,0.22390000000000002,0.22790000000000002,0.24630000000000002,0.25620000000000004,0.2595,0.26180000000000003,0.2647,0.2741,0.2818,0.2904,0.2948,0.2975,0.30670000000000003,0.3417,0.3433,0.35050000000000003,0.3552,0.3554,0.3603,0.3648,0.3658,0.39540000000000003,0.39790000000000003,0.4158,0.4179,0.4308,0.44420000000000004,0.4541,0.4732,0.47340000000000004,0.4902,0.5022,0.5093,0.5157,0.5261,0.5359,0.5399,0.5444,0.5553,0.5671,0.5674,0.5840000000000001,0.5874,0.5988,0.5996,0.6013000000000001,0.6043000000000001,0.6142000000000001,0.6293000000000001,0.6379,0.6433,0.6478,0.6516000000000001,0.6544,0.6587000000000001,0.6636000000000001,0.6838000000000001,0.7122,0.7367,0.7434000000000001,0.744,0.7549,0.76,0.7642,0.7795000000000001,0.7891,0.7984,0.806,0.8185,0.8212,0.8409000000000001,0.8512000000000001,0.8679,0.8719,0.8727,0.8769,0.8802000000000001,0.8812000000000001,0.8832000000000001,0.89,0.891,0.8917,0.8932,0.9074000000000001,0.908,0.9087000000000001,0.9380000000000001,0.9458000000000001,0.9494,0.9590000000000001,0.9596,0.9603,0.9690000000000001,0.9748,0.9765,0.9807,0.9876,0.9900000000000001
24115:0.0007,0.0025,0.0076,0.0375,0.041,0.049600000000000005,0.0526,0.0548,0.064,0.0685,0.0707,0.09970000000000001,0.1073,0.1095,0.1208,0.1471,0.14800000000000002,0.1564,0.1598,0.1666,0.169,0.1864,0.2044,0.20550000000000002,0.2069,0.2073,0.20950000000000002,0.22310000000000002,0.2296,0.23370000000000002,0.2341,0.2384,0.2386,0.2441,0.2511,0.2576,0.2585,0.2654,0.2664,0.2737,0.279,0.3024,0.3044,0.305,0.3099,0.3156,0.3486,0.3501,0.35860000000000003,0.3648,0.3814,0.38280000000000003,0.39330000000000004,0.3951,0.40230000000000005,0.4031,0.4048,0.405,0.4178,0.4204,0.4258,0.4369,0.4494,0.4525,0.4736,0.4743,0.47590000000000005,0.47800000000000004,0.4798,0.5156000000000001,0.5187,0.5209,0.5229,0.524,0.5259,0.5517000000000001,0.5625,0.5651,0.5776,0.5844,0.5879,0.5972000000000001,0.6016,0.6085,0.6088,0.6137,0.6404000000000001,0.6468,0.6526000000000001,0.6604,0.6642,0.6692,0.6807000000000001,0.6906,0.6935,0.6997,0.7094,0.7111000000000001,0.7153,0.7184,0.7284,0.7523000000000001,0.7543000000000001,0.761,0.7658,0.7832,0.7994,0.7996000000000001,0.8046000000000001,0.8116,0.8206,0.8238000000000001,0.8283,0.8437,0.8517,0.8562000000000001,0.8657,0.8679,0.8791,0.8801,0.9074000000000001,0.9167000000000001,0.9211,0.9265,0.9275,0.9281,0.9309000000000001,0.9575,0.9622,0.9633,0.9681000000000001,0.9715,0.9882000000000001,0.9946,0.9992000000000001
24150:0.0222,0.043300000000000005,0.0625,0.0787,0.09380000000000001,0.11120000000000001,0.1296,0.1521,0.1676,0.1852,0.201,0.21710000000000002,0.231,0.2467,0.2636,0.2783,0.2947,0.3134,0.33080000000000004,0.34940000000000004,0.3662,0.38380000000000003,0.3992,0.41750000000000004,0.4307,0.4494,0.4672,0.48460000000000003,0.5021,0.5245000000000001,0.544,0.5607,0.5824,0.5986,0.6163000000000001,0.6332,0.6504,0.6638000000000001,0.6809000000000001,0.6946,0.7108,0.7318,0.7483000000000001,0.7679,0.7855000000000001,0.803,0.8212,0.8348,0.8502000000000001,0.8697,0.8862,0.903,0.9173,0.934,0.9508000000000001,0.9672000000000001,0.9835,0.9992000000000001
24545:0.062
24757:0.5453,0.6053000000000001,0.7002
24792:0.0315
24926:0.019,0.0345,0.0506,0.0671,0.0869,0.0981,0.1177,0.1331,0.15030000000000002,0.17420000000000002,0.18760000000000002,0.20650000000000002,0.21910000000000002,0.24250000000000002,0.2641,0.2751,0.2922,0.30260000000000004,0.3199,0.3336,0.34900000000000003,0.3648,0.38320000000000004,0.3987,0.4088,0.4456,0.46090000000000003,0.48190000000000005,0.4965,0.5126000000000001,0.537,0.5463,0.5669000000000001,0.5966,0.6126,0.6402,0.6533,0.6797000000000001,0.6934,0.7131000000000001,0.7304,0.739,0.7568,0.7763,0.7913,0.8123,0.8295,0.8454,0.8636,0.8835000000000001,0.8951,0.9116000000000001,0.925,0.9441,0.9558000000000001,0.9770000000000001,0.997
25038:0.035500000000000004,0.0727,0.3523,0.6899000000000001,0.9576
25430:0.025900000000000003,0.17250000000000001,0.2044,0.4899,0.5770000000000001,0.6713,0.8908
25432:0.099
25792:0.010700000000000001,0.024800000000000003,0.0412,0.054400000000000004,0.0658,0.076,0.08560000000000001,0.09340000000000001,0.1044,0.11460000000000001,0.1245,0.13340000000000002,0.1454,0.15560000000000002,0.1675,0.1792,0.1953,0.2061,0.21450000000000002,0.22310000000000002,0.234,0.2444,0.2556,0.2642,0.27290000000000003,0.2841,0.2918,0.3045,0.31370000000000003,0.3242,0.3361,0.3466,0.3553,0.364,0.3765,0.3866,0.3986,0.4072,0.41800000000000004,0.4295,0.44480000000000003,0.4531,0.46180000000000004,0.47350000000000003,0.4838,0.49410000000000004,0.5097,0.5232,0.5349,0.5501,0.561,0.5696,0.5775,0.5883,0.5981000000000001,0.6076,0.6158,0.6246,0.6339,0.648,0.6583,0.6687000000000001,0.6815,0.6902,0.7007,0.7092,0.7182000000000001,0.7298,0.7383000000000001,0.7516,0.761,0.771,0.7839,0.7963,0.8061,0.8168000000000001,0.8261000000000001,0.8371000000000001,0.8451000000000001,0.8546,0.8636,0.8754000000000001,0.8845000000000001,0.8937,0.9034000000000001,0.9135000000000001,0.923,0.9331,0.9436,0.9533,0.9644,0.9785,0.9874,0.9996
25895:0.0235,0.10650000000000001,0.21250000000000002,0.324,0.39630000000000004,0.45580000000000004,0.49000000000000005,0.6136,0.6813,0.7317,0.7876000000000001,0.8888
25910:0.0198,0.044500000000000005,0.0541,0.0709,0.0825,0.1081,0.11800000000000001,0.1472,0.1607,0.19060000000000002,0.2049,0.2318,0.26130000000000003,0.2727,0.2886,0.3007,0.3168,0.3428,0.35350000000000004,0.3657,0.3804,0.4055,0.4224,0.44780000000000003,0.4585,0.48350000000000004,0.49870000000000003,0.5265000000000001,0.5674,0.5836,0.5966,0.6131,0.6333000000000001,0.6607000000000001,0.6851,0.6943,0.7057,0.7189,0.7418,0.7559,0.7734000000000001,0.7962,0.8109000000000001,0.8243,0.8426,0.8714000000000001,0.8842000000000001,0.8978,0.9156000000000001,0.9238000000000001,0.9481,0.9615,0.9767
26408:0.5329,0.8506
26469:0.046200000000000005,0.09090000000000001,0.1268,0.1686,0.20670000000000002,0.2665,0.3174,0.3805,0.4314,0.49260000000000004,0.5397000000000001,0.5822,0.6321,0.6738000000000001,0.7084,0.7438,0.7723,0.8263,0.8539,0.8968,0.9774
26743:0.1668,0.2906,0.34740000000000004,0.42250000000000004,0.4943,0.5623,0.6153000000000001,0.6904,0.7260000000000001,0.8849
26746:0.024300000000000002,0.0347,0.15280000000000002,0.49010000000000004,0.6153000000000001,0.7905000000000001,0.8837,0.9793000000000001
27398:0.06720000000000001,0.14070000000000002,0.3734,0.44260000000000005,0.6215,0.6923,0.9537,0.9952000000000001
27609:0.5072
27736:0.0684,0.10210000000000001,0.11510000000000001,0.1337,0.1526,0.17350000000000002,0.2167,0.23720000000000002,0.25980000000000003,0.275,0.2947,0.3184,0.3463,0.36110000000000003,0.3815,0.40540000000000004,0.43060000000000004,0.4486,0.46190000000000003,0.48660000000000003,0.505,0.5267000000000001,0.5608000000000001,0.5928,0.6153000000000001,0.632,0.682,0.7052,0.7278,0.7493000000000001,0.7652,0.792,0.8082,0.8249000000000001,0.8443,0.8637,0.8851,0.8996000000000001,0.9204,0.9547,0.9756
27878:0.0284,0.040400000000000005
28270:0.0079,0.018500000000000003,0.0263,0.039,0.0448,0.052500000000000005,0.0625,0.0711,0.07930000000000001,0.0868,0.09480000000000001,0.1033,0.1102,0.11850000000000001,0.12760000000000002,0.139,0.1464,0.15480000000000002,0.163,0.17070000000000002,0.1829,0.19460000000000002,0.2038,0.21130000000000002,0.222,0.2316,0.24020000000000002,0.2506,0.2587,0.2681,0.2785,0.2861,0.2942,0.3042,0.31,0.3169,0.3252,0.334,0.3452,0.3536,0.36100000000000004,0.3677,0.3754,0.3821,0.38830000000000003,0.39590000000000003,0.4021,0.4088,0.41600000000000004,0.4238,0.43,0.4398,0.4484,0.45480000000000004,0.463,0.4711,0.47900000000000004,0.4849,0.4918,0.4994,0.5114000000000001,0.5217,0.5305,0.5361,0.5449,0.5592,0.5669000000000001,0.5753,0.5853,0.5932000000000001,0.6028,0.6084,0.615,0.6226,0.6304000000000001,0.6388,0.6489,0.6574,0.6666000000000001,0.6783,0.6853,0.6938000000000001,0.7020000000000001,0.7084,0.7167,0.7263000000000001,0.7352000000000001,0.742,0.751,0.7596,0.7684000000000001,0.7773,0.7849,0.7906000000000001,0.7999,0.8073,0.8158000000000001,0.8226,0.8323,0.8401000000000001,0.8484,0.8538,0.862,0.869,0.8791,0.8882,0.8953000000000001,0.9044000000000001,0.9124,0.9209,0.9298000000000001,0.9385,0.9488000000000001,0.9570000000000001,0.9652000000000001,0.9751000000000001,0.9826,0.9897,0.9986
28510:0.0386
28588:0.0218,0.0349,0.0645,0.08120000000000001,0.0956,0.1338,0.15660000000000002,0.1711,0.1937,0.21000000000000002,0.24430000000000002,0.27390000000000003,0.29550000000000004,0.30760000000000004,0.32270000000000004,0.3395,0.3531,0.3679,0.4047,0.4348,0.4489,0.4838,0.5115000000000001,0.5412,0.5687,0.6113000000000001,0.6516000000000001,0.6908000000000001,0.734,0.7552,0.7691,0.7901,0.8181,0.8491000000000001,0.8819,0.8981,0.9303,0.9412,0.9573,0.9794
29066:0.0165,0.0325,0.0529,0.0693,0.0912,0.10840000000000001,0.1277,0.1482,0.1622,0.1814,0.1998,0.21830000000000002,0.24180000000000001,0.259,0.2791,0.3037,0.329,0.3451,0.37010000000000004,0.39740000000000003,0.4166,0.4398,0.4681,0.4834,0.505,0.5226000000000001,0.541,0.5575,0.5726,0.5941000000000001,0.61,0.6325000000000001,0.6475000000000001,0.6651,0.684,0.7063,0.7264,0.7447,0.7677,0.7859,0.8089000000000001,0.8241,0.8403,0.8598,0.8784000000000001,0.9022,0.9192,0.9335,0.9529000000000001,0.9704,0.9851000000000001
29415:0.1699,0.3477,0.5772,0.6904
29567:0.008700000000000001,0.0183,0.030500000000000003,0.0451,0.0538,0.066,0.07690000000000001,0.0926,0.10450000000000001,0.12240000000000001,0.1312,0.1429,0.15180000000000002,0.1602,0.1719,0.18050000000000002,0.19890000000000002,0.21050000000000002,0.2262,0.2361,0.24760000000000001,0.2591,0.27240000000000003,0.2833,0.2983,0.3098,0.32220000000000004,0.3345,0.34440000000000004,0.3582,0.37120000000000003,0.3849,0.3987,0.41050000000000003,0.42050000000000004,0.433,0.4429,0.4575,0.47200000000000003,0.4858,0.4973,0.5076,0.5207,0.5331,0.5445,0.5565,0.5683,0.5841000000000001,0.5945,0.6077,0.622,0.6339,0.6478,0.6631,0.6752,0.685,0.7026,0.7156,0.7313000000000001,0.7436,0.7532,0.7627,0.7769,0.7925000000000001,0.803,0.8136,0.8249000000000001,0.8355,0.8479,0.8582000000000001,0.8753000000000001,0.8844000000000001,0.8933000000000001,0.9087000000000001,0.9235000000000001,0.9324,0.9466,0.9546,0.9682000000000001,0.9809,0.9925
29603:0.0366,0.0519,0.0844,0.1494,0.5057,0.9951000000000001
29640:0.0601
29644:0.044500000000000005,0.8352,0.9489000000000001
29783:0.09970000000000001,0.1537,0.226,0.29350000000000004,0.32480000000000003,0.38220000000000004,0.46540000000000004,0.5277000000000001,0.6156,0.6755,0.7447,0.8084,0.9935
29939:0.035500000000000004,0.0466,0.0575,0.1456,0.27890000000000004,0.4228,0.4832,0.5800000000000001,0.5929,0.6511,0.7319,0.7846000000000001,0.8677,0.904,0.9406
30179:0.538,0.8559
30247:0.0269,0.0776,0.1434,0.1781,0.2326,0.2731,0.34740000000000004,0.4176,0.4797,0.5154,0.5759000000000001,0.6116,0.6459,0.7258,0.7565000000000001,0.8180000000000001,0.8648,0.8988,0.9337000000000001,0.9896
30270:0.0099,0.0219,0.0419,0.047400000000000005,0.0526,0.0873,0.0931,0.1017,0.10210000000000001,0.10700000000000001,0.1097,0.11470000000000001,0.1194,0.1305,0.1336,0.14250000000000002,0.1463,0.14830000000000002,0.154,0.1582,0.16690000000000002,0.1716,0.17320000000000002,0.1812,0.18430000000000002,0.18610000000000002,0.19010000000000002,0.20800000000000002,0.2082,0.2147,0.21860000000000002,0.22610000000000002,0.2298,0.2366,0.24500000000000002,0.2454,0.2482,0.2625,0.2659,0.26780000000000004,0.2716,0.27590000000000003,0.2795,0.28,0.2999,0.3079,0.3103,0.31570000000000004,0.3175,0.32430000000000003,0.33080000000000004,0.3357,0.3407,0.34090000000000004,0.3422,0.3433,0.34840000000000004,0.3502,0.3738,0.37510000000000004,0.3934,0.4,0.4092,0.4112,0.4232,0.44010000000000005,0.4414,0.4419,0.4471,0.4481,0.4645,0.4656,0.46730000000000005,0.48090000000000005,0.49000000000000005,0.4938,0.49400000000000005,0.49610000000000004,0.5074000000000001,0.5082,0.5127,0.5191,0.5388000000000001,0.5399,0.5423,0.5444,0.5529000000000001,0.5606,0.5657,0.5731,0.5745,0.5794,0.5852,0.5877,0.5987,0.5993,0.606,0.6078,0.6175,0.618,0.6192000000000001,0.6199,0.6258,0.6268,0.6273000000000001,0.6299,0.6378,0.6544,0.6555000000000001,0.6609,0.6678000000000001,0.6751,0.6805,0.683,0.6837000000000001,0.687,0.6873,0.6984,0.7024,0.7114,0.7171000000000001,0.7213,0.727,0.7283000000000001,0.7305,0.7311000000000001,0.7381000000000001,0.7413000000000001,0.7445,0.7551,0.76,0.7718,0.7797000000000001,0.785,0.8022,0.8061,0.8163,0.8179000000000001,0.8235,0.8429000000000001,0.8586,0.8728,0.8866,0.8917,0.8927,0.9032,0.9177000000000001,0.9226000000000001,0.9256000000000001,0.9333,0.9385,0.9753000000000001,0.9825
30632:0.0646,0.1597,0.2526,0.326,0.3992,0.5468000000000001,0.6166,0.6784,0.7296,0.7919,0.8992,0.9682000000000001
30848:0.0053,0.056900000000000006,0.0594,0.07780000000000001,0.0782,0.079,0.085,0.0903,0.0912,0.09720000000000001,0.0976,0.098,0.1126,0.11470000000000001,0.1169,0.124,0.1254,0.1371,0.1432,0.1484,0.1605,0.1688,0.17550000000000002,0.18430000000000002,0.1986,0.2005,0.2109,0.2149,0.2273,0.22890000000000002,0.2331,0.24020000000000002,0.2451,0.25980000000000003,0.2607,0.26330000000000003,0.2692,0.27290000000000003,0.2732,0.2831,0.2861,0.2919,0.2987,0.30460000000000004,0.3099,0.31320000000000003,0.3134,0.3146,0.3194,0.33330000000000004,0.3361,0.3512,0.3529,0.3531,0.3533,0.35810000000000003,0.3598,0.3698,0.3759,0.3783,0.3859,0.3941,0.3991,0.4005,0.4022,0.4228,0.42450000000000004,0.43570000000000003,0.4363,0.4441,0.4521,0.4862,0.4882,0.49200000000000005,0.4949,0.4955,0.5224,0.5301,0.5342,0.5541,0.56,0.562,0.5856,0.5875,0.5958,0.6147,0.618,0.6227,0.6425000000000001,0.6453,0.6474000000000001,0.6484,0.6546000000000001,0.6557000000000001,0.667,0.6778000000000001,0.682,0.6895,0.6926,0.6968000000000001,0.7039000000000001,0.7051000000000001,0.7077,0.7124,0.7252000000000001,0.7436,0.744,0.7564000000000001,0.7815000000000001,0.7829,0.7942,0.7999,0.8095,0.8109000000000001,0.8113,0.8237,0.8323,0.8394,0.8403,0.8423,0.8425,0.8493,0.8554,0.8561000000000001,0.8616,0.8643000000000001,0.8699,0.8767,0.8812000000000001,0.889,0.8922,0.8961,0.8975000000000001,0.9077000000000001,0.912,0.9138000000000001,0.9387000000000001,0.9550000000000001,0.9619000000000001,0.9628000000000001,0.9633,0.9828,0.9843000000000001,0.9872000000000001,0.9901000000000001,0.996
30887:0.015300000000000001,0.021400000000000002,0.0361,0.0454,0.068,0.083,0.1024,0.1188,0.1272,0.1408,0.16490000000000002,0.1766,0.1967,0.20950000000000002,0.2217,0.23600000000000002,0.25630000000000003,0.27140000000000003,0.28190000000000004,0.2948,0.30610000000000004,0.31620000000000004,0.3264,0.33580000000000004,0.3507,0.3598,0.37210000000000004,0.3914,0.40790000000000004,0.42710000000000004,0.4423,0.458,0.46890000000000004,0.49000000000000005,0.5054000000000001,0.5355,0.5479,0.5615,0.5770000000000001,0.5901000000000001,0.6068,0.6185,0.6315000000000001,0.6427,0.6576000000000001,0.6683,0.6773,0.6903,0.7025,0.7253000000000001,0.7413000000000001,0.7578,0.7762,0.7872,0.8004,0.8123,0.8376,0.8465,0.8543000000000001,0.8679,0.8829,0.8945000000000001,0.9067000000000001,0.9141,0.9324,0.9488000000000001,0.9712000000000001,0.9873000000000001,0.9995
30962:0.0005,0.0366,0.0379,0.0514,0.052500000000000005,0.055400000000000005,0.0603,0.06430000000000001,0.07390000000000001,0.0757,0.0843,0.0845,0.0874,0.0876,0.0886,0.0898,0.0901,0.09090000000000001,0.0918,0.0925,0.09480000000000001,0.0964,0.099,0.0993,0.1187,0.12140000000000001,0.1332,0.1371,0.1463,0.16290000000000002,0.16440000000000002,0.1655,0.1688,0.1698,0.1789,0.1925,0.2003,0.20550000000000002,0.21150000000000002,0.21200000000000002,0.2144,0.2165,0.2218,0.23620000000000002,0.2655,0.2737,0.2863,0.2889,0.3004,0.3089,0.3148,0.31670000000000004,0.3178,0.3244,0.3326,0.3452,0.3477,0.3513,0.3521,0.3589,0.3604,0.36110000000000003,0.3703,0.3779,0.379,0.39330000000000004,0.3945,0.3951,0.39530000000000004,0.39930000000000004,0.401,0.4111,0.4169,0.42150000000000004,0.4257,0.44220000000000004,0.44730000000000003,0.4549,0.4651,0.4667,0.48250000000000004,0.4934,0.5005000000000001,0.5088,0.5099,0.5149,0.5175000000000001,0.5433,0.5571,0.5648000000000001,0.5738,0.5748,0.5753,0.5845,0.5865,0.5895,0.5909,0.6109,0.6115,0.6125,0.6191,0.6218,0.6247,0.6255000000000001,0.6305000000000001,0.6352,0.6515000000000001,0.6595000000000001,0.6641,0.6662,0.682,0.6834,0.686,0.6900000000000001,0.6902,0.6911,0.6935,0.7016,0.7071000000000001,0.7097,0.7100000000000001,0.7112,0.7149,0.7208,0.7257,0.7271000000000001,0.7404000000000001,0.7443000000000001,0.7474000000000001,0.7524000000000001,0.754,0.7551,0.7597,0.7623000000000001,0.763,0.7811,0.7855000000000001,0.7869,0.7964,0.8014,0.804,0.8161,0.8238000000000001,0.8351000000000001,0.8369000000000001,0.8518,0.8535,0.8582000000000001,0.8724000000000001,0.8746,0.8779,0.8876000000000001,0.895,0.9034000000000001,0.9048,0.9126000000000001,0.9144,0.9174,0.9253,0.9266000000000001,0.9389000000000001,0.9566,0.9597,0.9611000000000001,0.9618000000000001,0.9625,0.9822000000000001,0.9987
31232:0.0233,0.07730000000000001,0.09620000000000001,0.1144,0.13,0.1522,0.19160000000000002,0.226,0.26330000000000003,0.29250000000000004,0.3148,0.33790000000000003,0.3637,0.3905,0.42560000000000003,0.4621,0.4958,0.5263,0.5486,0.5794,0.6102000000000001,0.6388,0.6684,0.6946,0.7303000000000001,0.7468,0.7726000000000001,0.8116,0.8444,0.8814000000000001,0.9086000000000001,0.9638000000000001,0.9932000000000001
31806:0.9925
31867:0.029,0.0539,0.09670000000000001,0.1719,0.21030000000000001,0.31970000000000004,0.38570000000000004,0.43770000000000003,0.4958,0.5451,0.6067,0.6374000000000001,0.7103,0.749,0.8329000000000001,0.8568,0.9009,0.9588000000000001
31988:0.027100000000000003,0.058100000000000006,0.0859,0.14020000000000002,0.1758,0.20980000000000001,0.2644,0.29610000000000003,0.3287,0.364,0.41300000000000003,0.4435,0.47550000000000003,0.4974,0.5364,0.5768,0.6085,0.6371,0.6711,0.7137,0.7295,0.7511,0.7822,0.8543000000000001,0.8982,0.9284,0.9617,0.9905
32112:0.9922000000000001
32167:0.0315,0.060700000000000004,0.07730000000000001,0.12840000000000001,0.1661,0.19640000000000002,0.23090000000000002,0.2599,0.2867,0.3094,0.3299,0.3432,0.372,0.4272,0.4616,0.48710000000000003,0.5099,0.5412,0.5646,0.61,0.6393,0.655,0.6862,0.7102,0.7445,0.7684000000000001,0.7975,0.8250000000000001,0.8496,0.8772000000000001,0.9075000000000001,0.9395,0.9571000000000001,0.9807
32375:0.2559
32915:0.0322,0.0587,0.0936,0.1331,0.16570000000000001,0.20620000000000002,0.2457,0.2817,0.3134,0.33390000000000003,0.35750000000000004,0.3896,0.4168,0.4439,0.48140000000000005,0.5016,0.537,0.5707,0.5954,0.6268,0.653,0.6756,0.7029000000000001,0.7511,0.7822,0.8196,0.8693000000000001,0.8959,0.9272,0.9515,0.9711000000000001
33104:0.0811,0.1643,0.2995,0.365,0.4093,0.4862,0.5723,0.6658000000000001,0.7055,0.7941,0.9572
33339:0.0015,0.0054,0.015600000000000001,0.019200000000000002,0.024800000000000003,0.031200000000000002,0.0456,0.06810000000000001,0.0723,0.0751,0.0755,0.0847,0.0878,0.099,0.1145,0.1273,0.1277,0.1312,0.1404,0.1427,0.1651,0.16690000000000002,0.1816,0.1824,0.1933,0.1942,0.2046,0.2078,0.2099,0.2252,0.2303,0.2361,0.2544,0.25630000000000003,0.2576,0.2659,0.26630000000000004,0.28150000000000003,0.2878,0.28950000000000004,0.2899,0.2906,0.3118,0.3196,0.32180000000000003,0.3306,0.3321,0.341,0.3564,0.3673,0.38330000000000003,0.3876,0.3929,0.40840000000000004,0.441,0.44320000000000004,0.44570000000000004,0.4494,0.4506,0.45080000000000003,0.45320000000000005,0.4561,0.45890000000000003,0.4672,0.4731,0.4817,0.4822,0.48500000000000004,0.4954,0.5072,0.5126000000000001,0.5188,0.5205000000000001,0.5417000000000001,0.543,0.5546,0.5578000000000001,0.5678000000000001,0.5708,0.5750000000000001,0.5890000000000001,0.6052000000000001,0.6077,0.6083000000000001,0.6113000000000001,0.6276,0.6423,0.6466000000000001,0.6626000000000001,0.6706000000000001,0.6722,0.6783,0.6842,0.7003,0.7024,0.7149,0.7169,0.7209,0.7276,0.7284,0.732,0.7479,0.7512000000000001,0.7573000000000001,0.7615000000000001,0.777,0.7825000000000001,0.8034,0.8117000000000001,0.8125,0.8133,0.8227,0.8390000000000001,0.8393,0.8440000000000001,0.8479,0.8497,0.8613000000000001,0.8638,0.8805000000000001,0.8841,0.8866,0.8925000000000001,0.8983000000000001,0.9078,0.9088,0.9097000000000001,0.9156000000000001,0.916,0.9227000000000001,0.9309000000000001,0.9409000000000001,0.9496,0.9602,0.9827,0.9843000000000001,0.9891000000000001,0.9916
33403:0.054900000000000004,0.0839,0.1169,0.1648,0.20620000000000002,0.2245,0.2711,0.3048,0.3487,0.376,0.42800000000000005,0.4592,0.48210000000000003,0.5104000000000001,0.5389,0.5658000000000001,0.5964,0.6194000000000001,0.6464000000000001,0.6688000000000001,0.7108,0.7404000000000001,0.7902,0.8430000000000001,0.8919,0.9337000000000001,0.9603
33683:0.07690000000000001,0.9817
33747:0.0455,0.082,0.1713,0.3317,0.3552,0.4152,0.451,0.5057,0.5528000000000001,0.6817000000000001,0.8046000000000001,0.9424,0.9601000000000001,0.9901000000000001
33841:0.054,0.07540000000000001,0.1116,0.154,0.1819,0.24580000000000002,0.28950000000000004,0.32880000000000004,0.3675,0.4117,0.4576,0.49050000000000005,0.529,0.5646,0.5926,0.6433,0.6883,0.7564000000000001,0.8164,0.8841,0.9243,0.9610000000000001,0.9804,0.9993000000000001
33869:0.0541,0.14550000000000002,0.20850000000000002,0.3236,0.3965,0.4198,0.4834,0.541,0.6156,0.6738000000000001,0.7876000000000001,0.8255,0.9362,0.9607
33912:0.035,0.0623,0.11560000000000001,0.163,0.1834,0.23920000000000002,0.2665,0.3234,0.3604,0.4111,0.44630000000000003,0.49660000000000004,0.5465,0.5770000000000001,0.6375000000000001,0.6773,0.7241000000000001,0.7657,0.8229000000000001,0.8636,0.8954000000000001,0.9313,0.9608000000000001
34291:0.0448,0.09580000000000001,0.1431,0.1736,0.20900000000000002,0.24680000000000002,0.2891,0.31930000000000003,0.3561,0.38970000000000005,0.41500000000000004,0.4585,0.4853,0.5188,0.5421,0.5775,0.6141,0.6525000000000001,0.6767000000000001,0.7414000000000001,0.7823,0.8194,0.8564,0.8948,0.9323,0.9612,0.9968
34436:0.022600000000000002,0.0653,0.0843,0.1028,0.1194,0.151,0.16690000000000002,0.18510000000000001,0.1952,0.21100000000000002,0.223,0.2646,0.2914,0.311,0.3376,0.3551,0.3719,0.3919,0.40740000000000004,0.4295,0.4495,0.45940000000000003,0.48610000000000003,0.5031,0.5219,0.5392,0.5633,0.5918,0.6118,0.6208,0.6432,0.6626000000000001,0.6771,0.7160000000000001,0.7401,0.7569,0.7895000000000001,0.8111,0.8421000000000001,0.8667,0.8896000000000001,0.9035000000000001,0.932,0.9540000000000001,0.9724,0.9892000000000001
34615:0.0252,0.1807,0.2756,0.3519,0.5187,0.6511,0.7334,0.8196,0.9318000000000001,0.9938
34673:0.0814,0.1259,0.16740000000000002,0.2076,0.2401,0.3002,0.3204,0.38070000000000004,0.45880000000000004,0.49710000000000004,0.5326000000000001,0.5853,0.6318,0.6679,0.7225,0.7668,0.8115,0.8498,0.8957,0.9242,0.9793000000000001
34713:0.1398,0.2778,0.3703,0.434,0.6668000000000001,0.8956000000000001,0.9578000000000001
35121:0.0246,0.0475,0.09040000000000001,0.15280000000000002,0.19440000000000002,0.2487,0.3022,0.3502,0.40390000000000004,0.4993,0.5176000000000001,0.5465,0.6149,0.6927,0.7609,0.7905000000000001,0.8664000000000001,0.8937,0.9489000000000001,0.9790000000000001
35141:0.012400000000000001,0.0217,0.033100000000000004,0.0415,0.049600000000000005,0.0589,0.06670000000000001,0.0746,0.0818,0.08850000000000001,0.096,0.1046,0.1115,0.1192,0.12840000000000001,0.1343,0.1434,0.15180000000000002,0.15990000000000001,0.16790000000000002,0.17550000000000002,0.1837,0.1942,0.20120000000000002,0.2068,0.216,0.22240000000000001,0.23140000000000002,0.23820000000000002,0.24730000000000002,0.2564,0.2636,0.27040000000000003,0.27940000000000004,0.2876,0.29500000000000004,0.3029,0.3108,0.3164,0.322,0.3331,0.3408,0.3493,0.3579,0.3644,0.373,0.3829,0.3936,0.4005,0.4076,0.4158,0.4252,0.4329,0.4418,0.4514,0.45790000000000003,0.46730000000000005,0.47590000000000005,0.48250000000000004,0.49200000000000005,0.4999,0.5063,0.5169,0.5258,0.5331,0.5422,0.5515,0.5605,0.5693,0.5773,0.5877,0.5947,0.6013000000000001,0.6098,0.6188,0.6254000000000001,0.6332,0.6411,0.6499,0.6563,0.6636000000000001,0.6717000000000001,0.6799000000000001,0.6872,0.6947,0.7033,0.7107,0.7184,0.729,0.7355,0.7437,0.7517,0.7604000000000001,0.7686000000000001,0.7769,0.7866000000000001,0.7938000000000001,0.8031,0.8109000000000001,0.8195,0.8256,0.8348,0.8428,0.8500000000000001,0.8594,0.8677,0.8771,0.8868,0.8945000000000001,0.9012,0.9101,0.9174,0.9265,0.9338000000000001,0.9415,0.9491,0.9569000000000001,0.9654,0.9734,0.9809,0.9898,0.9972000000000001
35460:0.067,0.17250000000000001,0.26230000000000003,0.3739,0.4132,0.49670000000000003,0.5659000000000001,0.6591,0.8379000000000001,0.9308000000000001
35874:0.1705,0.2918,0.38370000000000004,0.5954,0.6732,0.7715000000000001,0.8544
36557:0.0176,0.0526,0.0717,0.1003,0.1322,0.193,0.2277,0.2652,0.2826,0.298,0.3332,0.3509,0.3779,0.3991,0.43360000000000004,0.4632,0.5077,0.557,0.5710000000000001,0.609,0.632,0.6429,0.7000000000000001,0.7140000000000001,0.7477,0.78,0.8488,0.877,0.8886000000000001,0.9284,0.9786
36647:0.030000000000000002,0.07350000000000001,0.1087,0.1383,0.16790000000000002,0.19720000000000001,0.2277,0.2772,0.3022,0.3402,0.37470000000000003,0.4315,0.4801,0.509,0.5465,0.5730000000000001,0.6093000000000001,0.6398,0.6622,0.7154,0.7645000000000001,0.7871,0.8498,0.8757,0.8903000000000001,0.9313,0.9617,0.9814
37020:0.008,0.0221,0.040100000000000004,0.052000000000000005,0.060500000000000005,0.0702,0.0787,0.0869,0.0932,0.1014,0.10990000000000001,0.1182,0.1257,0.1337,0.1439,0.1529,0.1607,0.16970000000000002,0.1791,0.19340000000000002,0.2024,0.2099,0.2175,0.2311,0.24000000000000002,0.2479,0.258,0.2661,0.27590000000000003,0.28450000000000003,0.2923,0.3049,0.3134,0.32170000000000004,0.33240000000000003,0.34340000000000004,0.35150000000000003,0.3573,0.3634,0.3755,0.3831,0.3919,0.3987,0.4048,0.41350000000000003,0.4257,0.43660000000000004,0.44630000000000003,0.4536,0.46090000000000003,0.4698,0.4803,0.4908,0.4973,0.51,0.5205000000000001,0.5309,0.5426,0.5572,0.5645,0.5746,0.5846,0.5913,0.6033000000000001,0.6119,0.6194000000000001,0.6276,0.6359,0.6465000000000001,0.6576000000000001,0.6661,0.6756,0.6832,0.6914,0.6980000000000001,0.7062,0.7137,0.7243,0.7307,0.7384000000000001,0.7499,0.7583000000000001,0.7662,0.7748,0.786,0.7973,0.8051,0.8137000000000001,0.8206,0.8308000000000001,0.8401000000000001,0.8490000000000001,0.8585,0.8657,0.8766,0.8862,0.8952,0.9021,0.9105000000000001,0.9185000000000001,0.9271,0.9371,0.9471,0.9545,0.9643,0.9789,0.9862000000000001,0.9963000000000001
37128:0.031400000000000004,0.3546,0.4441,0.4863,0.895,0.9936
37567:0.0307,0.1832,0.277,0.9376000000000001,0.9975
37985:0.0845,0.1328,0.1905,0.24150000000000002,0.2832,0.3156,0.3609,0.3906,0.43210000000000004,0.4904,0.531,0.5909,0.6362,0.6725,0.7601,0.8116,0.8457,0.8852000000000001,0.9381,0.9792000000000001
38194:0.36200000000000004,0.8258000000000001
38928:0.15940000000000001,0.25570000000000004,0.2919,0.33530000000000004,0.37210000000000004,0.42050000000000004,0.46280000000000004,0.5078,0.541,0.5779000000000001,0.6312,0.6874,0.6958000000000001,0.806,0.9054000000000001,0.9375,0.9762000000000001
38952:0.0175,0.0229,0.027700000000000002,0.0325,0.0335,0.0604,0.0654,0.07400000000000001,0.07780000000000001,0.0859,0.09190000000000001,0.1004,0.1197,0.1199,0.12190000000000001,0.1267,0.12710000000000002,0.1453,0.1602,0.16440000000000002,0.1656,0.1703,0.18180000000000002,0.1839,0.19940000000000002,0.2093,0.2222,0.2484,0.2492,0.2554,0.2624,0.2667,0.2766,0.2775,0.28450000000000003,0.2863,0.2868,0.28800000000000003,0.29100000000000004,0.2938,0.299,0.31670000000000004,0.3256,0.32630000000000003,0.3272,0.3275,0.3296,0.3316,0.34940000000000004,0.3518,0.35750000000000004,0.3602,0.3759,0.3836,0.40650000000000003,0.40900000000000003,0.4146,0.41910000000000003,0.4349,0.4388,0.4393,0.44420000000000004,0.4449,0.4485,0.4525,0.45330000000000004,0.4536,0.4539,0.46330000000000005,0.46680000000000005,0.46780000000000005,0.4685,0.4701,0.4743,0.4771,0.4807,0.4822,0.49010000000000004,0.497,0.49720000000000003,0.5068,0.5122,0.5216000000000001,0.5229,0.5241,0.5268,0.529,0.538,0.5546,0.5603,0.5672,0.5774,0.5989,0.602,0.6029,0.614,0.6177,0.6205,0.6545000000000001,0.6578,0.6589,0.6711,0.6771,0.68,0.6815,0.6835,0.6921,0.7094,0.7230000000000001,0.7346,0.7358,0.7539,0.7578,0.7647,0.7665000000000001,0.7704000000000001,0.7706000000000001,0.7737,0.7742,0.7835000000000001,0.7917000000000001,0.7986000000000001,0.8068000000000001,0.8098000000000001,0.8218000000000001,0.8267,0.8425,0.8459,0.8513000000000001,0.8563000000000001,0.8586,0.8622000000000001,0.8661000000000001,0.8663000000000001,0.8711000000000001,0.872,0.873,0.8732000000000001,0.8748,0.8786,0.8861,0.8939,0.8959,0.899,0.9272,0.9334,0.9399000000000001,0.9439000000000001,0.9461,0.9471,0.9568000000000001,0.9615,0.9636,0.9647,0.9718,0.9987
39124:0.0855,0.11910000000000001,0.1539,0.19340000000000002,0.2366,0.2765,0.3129,0.3578,0.3906,0.4595,0.49810000000000004,0.5314,0.5734,0.6161,0.6611,0.6944,0.7389,0.7723,0.8128000000000001,0.8537,0.9036000000000001,0.9783000000000001
39714:0.015000000000000001,0.024200000000000003,0.0357,0.0485,0.0616,0.0729,0.084,0.09530000000000001,0.1073,0.11900000000000001,0.1306,0.1429,0.1552,0.16720000000000002,0.1787,0.1928,0.2041,0.21530000000000002,0.226,0.23800000000000002,0.2503,0.2595,0.2705,0.2826,0.2939,0.3059,0.3165,0.3261,0.3367,0.34890000000000004,0.36060000000000003,0.3714,0.382,0.39590000000000003,0.4072,0.4193,0.4314,0.4464,0.4576,0.4698,0.48250000000000004,0.49400000000000005,0.5059,0.5194,0.5283,0.5404,0.5547000000000001,0.5631,0.5760000000000001,0.5913,0.6023000000000001,0.6148,0.6249,0.6367,0.6481,0.6597000000000001,0.671,0.6836,0.6942,0.7064,0.7176,0.7324,0.7432000000000001,0.7543000000000001,0.7629,0.7718,0.7859,0.7979,0.8105,0.8225,0.8335,0.8453,0.8587,0.8697,0.8817,0.8941,0.9047000000000001,0.9168000000000001,0.9291,0.9413,0.9515,0.9598000000000001,0.9725,0.9839,0.9926
39933:0.0061,0.013000000000000001,0.0137,0.0146,0.0268,0.029,0.0292,0.0304,0.0565,0.06470000000000001,0.0742,0.0763,0.0838,0.0853,0.0863,0.09530000000000001,0.09670000000000001,0.1353,0.1452,0.1462,0.15330000000000002,0.15380000000000002,0.1617,0.164,0.1652,0.1749,0.18610000000000002,0.18630000000000002,0.1907,0.1956,0.199,0.20220000000000002,0.2121,0.21960000000000002,0.2248,0.22610000000000002,0.2331,0.2538,0.268,0.2793,0.28450000000000003,0.2876,0.2957,0.3017,0.3057,0.3099,0.3126,0.3281,0.3381,0.3397,0.34800000000000003,0.3528,0.373,0.38120000000000004,0.41000000000000003,0.4157,0.4198,0.42960000000000004,0.434,0.436,0.437,0.4459,0.44680000000000003,0.44820000000000004,0.4566,0.4605,0.46190000000000003,0.464,0.46430000000000005,0.4766,0.48090000000000005,0.4884,0.49210000000000004,0.4954,0.499,0.5093,0.5121,0.5125000000000001,0.5146000000000001,0.5174,0.5316000000000001,0.5335,0.5347000000000001,0.5408000000000001,0.5445,0.551,0.553,0.5564,0.5633,0.5695,0.5828,0.5844,0.5849,0.5855,0.5900000000000001,0.5998,0.6039,0.6102000000000001,0.6122000000000001,0.6125,0.613,0.614,0.6234000000000001,0.6261,0.6321,0.6336,0.6366,0.6395000000000001,0.6409,0.6454000000000001,0.6481,0.6568,0.6648000000000001,0.6651,0.6787000000000001,0.6838000000000001,0.6949000000000001,0.7055,0.7146,0.7200000000000001,0.7204,0.7249,0.7332000000000001,0.7365,0.7549,0.7626000000000001,0.763,0.7676000000000001,0.7705000000000001,0.8061,0.8076,0.8128000000000001,0.8142,0.8152,0.8231,0.8308000000000001,0.8341000000000001,0.8399000000000001,0.8410000000000001,0.8436,0.8462000000000001,0.8498,0.8587,0.8595,0.8694000000000001,0.8702000000000001,0.881,0.8881,0.8907,0.8934000000000001,0.8941,0.9051,0.9163,0.9167000000000001,0.9205000000000001,0.9233,0.9329000000000001,0.9336000000000001,0.9361,0.9415,0.9427000000000001,0.9448000000000001,0.9588000000000001,0.9657,0.9718,0.9919,0.9997
40093:0.0212,0.0393,0.057600000000000005,0.0747,0.0886,0.1038,0.1193,0.1343,0.1516,0.1671,0.1842,0.2008,0.2155,0.2311,0.24650000000000002,0.2634,0.2765,0.2922,0.309,0.32270000000000004,0.3401,0.3573,0.3713,0.38880000000000003,0.4038,0.4233,0.4393,0.4562,0.4761,0.4908,0.507,0.5256000000000001,0.542,0.5611,0.5775,0.5941000000000001,0.609,0.6222,0.6373,0.6532,0.6678000000000001,0.6844,0.7026,0.7177,0.7362000000000001,0.7513000000000001,0.7679,0.7863,0.8023,0.8189000000000001,0.8340000000000001,0.8497,0.8679,0.8855000000000001,0.9008,0.9164,0.9335,0.9492,0.9648,0.9804,0.9977
40141:0.016900000000000002,0.023,0.026000000000000002,0.027700000000000002,0.035,0.038200000000000005,0.0395,0.040600000000000004,0.041100000000000005,0.0485,0.0523,0.061700000000000005,0.0685,0.077,0.078,0.0806,0.08360000000000001,0.0907,0.09280000000000001,0.0935,0.0995,0.108,0.1105,0.1301,0.1511,0.16240000000000002,0.1766,0.18460000000000001,0.1897,0.2082,0.2141,0.2156,0.22260000000000002,0.2247,0.22890000000000002,0.232,0.24810000000000001,0.24980000000000002,0.2551,0.2642,0.267,0.2775,0.2867,0.2869,0.2942,0.3043,0.3045,0.31270000000000003,0.3149,0.32530000000000003,0.3261,0.32830000000000004,0.3371,0.34290000000000004,0.3442,0.3544,0.3547,0.35550000000000004,0.3624,0.3773,0.3801,0.3804,0.39530000000000004,0.39840000000000003,0.39890000000000003,0.4057,0.4086,0.4122,0.4297,0.43220000000000003,0.434,0.44370000000000004,0.45280000000000004,0.45420000000000005,0.46140000000000003,0.46540000000000004,0.46580000000000005,0.4742,0.47750000000000004,0.48140000000000005,0.4824,0.4892,0.49350000000000005,0.49400000000000005,0.49960000000000004,0.5028,0.5186000000000001,0.5233,0.5269,0.5391,0.5514,0.554,0.5664,0.5761000000000001,0.5791000000000001,0.5903,0.5919,0.5929,0.5986,0.6111,0.6223000000000001,0.6282,0.6384000000000001,0.646,0.6521,0.6539,0.6887,0.6911,0.7032,0.7043,0.7054,0.7081000000000001,0.7261000000000001,0.7265,0.7283000000000001,0.7295,0.7336,0.7352000000000001,0.7417,0.7605000000000001,0.7724000000000001,0.7784000000000001,0.7791,0.7798,0.7804,0.7815000000000001,0.7824,0.8014,0.8042,0.8133,0.8153,0.8174,0.8211,0.8246,0.8321000000000001,0.8327,0.8379000000000001,0.8399000000000001,0.8457,0.8575,0.86,0.8619,0.863,0.8672000000000001,0.8747,0.8782000000000001,0.8794000000000001,0.8813000000000001,0.8848,0.8869,0.8928,0.9011,0.9079,0.9081,0.9282,0.9394,0.9508000000000001,0.9626,0.9672000000000001,0.9689000000000001,0.9710000000000001,0.9717,0.9720000000000001,0.9760000000000001,0.9872000000000001,0.9915,0.9966
40451:0.022500000000000003,0.0363,0.0403,0.048,0.0509,0.053200000000000004,0.0541,0.0614,0.0637,0.06810000000000001,0.085,0.0864,0.09280000000000001,0.093,0.10020000000000001,0.1015,0.1178,0.1232,0.1241,0.149,0.1526,0.1534,0.1585,0.1588,0.164,0.1706,0.1726,0.17550000000000002,0.1806,0.18630000000000002,0.197,0.19740000000000002,0.2069,0.2182,0.2242,0.2275,0.2277,0.2315,0.23220000000000002,0.23390000000000002,0.2359,0.2419,0.2614,0.27030000000000004,0.2757,0.2772,0.2811,0.2897,0.2907,0.3017,0.3111,0.3114,0.3284,0.3327,0.3331,0.335,0.34390000000000004,0.3453,0.3506,0.35150000000000003,0.3739,0.3755,0.3786,0.38430000000000003,0.3894,0.38970000000000005,0.39530000000000004,0.4107,0.41100000000000003,0.4141,0.41800000000000004,0.42210000000000003,0.4237,0.42850000000000005,0.4312,0.4338,0.4399,0.4464,0.4495,0.4536,0.46280000000000004,0.4662,0.46740000000000004,0.4696,0.4859,0.4868,0.49420000000000003,0.49610000000000004,0.5131,0.5139,0.5193,0.5231,0.5307000000000001,0.5354,0.5555,0.5573,0.5647,0.5764,0.5769000000000001,0.5966,0.5988,0.6092000000000001,0.6136,0.6139,0.6196,0.623,0.6265000000000001,0.6276,0.6345000000000001,0.6465000000000001,0.6508,0.6601,0.6607000000000001,0.6759000000000001,0.6852,0.7024,0.7058,0.7062,0.7093,0.7114,0.7281000000000001,0.7441,0.7575000000000001,0.7663000000000001,0.7671,0.773,0.7866000000000001,0.789,0.7904,0.7957000000000001,0.8011,0.8053,0.8094,0.8121,0.8142,0.8256,0.8266,0.8295,0.8305,0.8358,0.8403,0.8515,0.8550000000000001,0.8564,0.8626,0.88,0.8804000000000001,0.8832000000000001,0.8929,0.8948,0.9116000000000001,0.9156000000000001,0.9193,0.9303,0.9435,0.9438000000000001,0.9466,0.9505,0.9562,0.9602,0.9608000000000001,0.9672000000000001,0.9715,0.9797,0.9855,0.993
40577:0.1409,0.1763,0.2792,0.38220000000000004,0.4162,0.6675,0.9566
40649:0.0862,0.1269,0.166,0.20420000000000002,0.2684,0.31820000000000004,0.35750000000000004,0.4309,0.49150000000000005,0.6311,0.6713,0.8023,0.885,0.9494
41371:0.0171,0.048100000000000004,0.0661,0.0752,0.09480000000000001,0.1183,0.1317,0.1495,0.1621,0.1822,0.19060000000000002,0.2068,0.2262,0.24130000000000001,0.2586,0.2731,0.28900000000000003,0.3012,0.3178,0.32830000000000004,0.3517,0.3628,0.3809,0.4037,0.42350000000000004,0.44470000000000004,0.4641,0.49160000000000004,0.5056,0.5202,0.5333,0.5485,0.5655,0.5755,0.5853,0.6058,0.6294000000000001,0.6409,0.6568,0.6705,0.6825,0.6920000000000001,0.7152000000000001,0.7316,0.7444000000000001,0.7573000000000001,0.7667,0.7827000000000001,0.7971,0.8130000000000001,0.8257,0.8430000000000001,0.8592000000000001,0.87,0.8916000000000001,0.9046000000000001,0.9247000000000001,0.9401,0.9519000000000001,0.9642000000000001,0.9783000000000001,0.9966
41485:0.0131,0.0212,0.035,0.0477,0.0565,0.0695,0.0799,0.09680000000000001,0.1062,0.11460000000000001,0.1265,0.14650000000000002,0.15480000000000002,0.1645,0.1733,0.18510000000000001,0.202,0.21130000000000002,0.22970000000000002,0.2414,0.2601,0.27080000000000004,0.2822,0.2894,0.2987,0.3118,0.3191,0.33490000000000003,0.34600000000000003,0.3538,0.3638,0.3783,0.38820000000000005,0.39530000000000004,0.4047,0.42010000000000003,0.4308,0.44580000000000003,0.4556,0.4738,0.48310000000000003,0.49420000000000003,0.5135000000000001,0.5245000000000001,0.5367000000000001,0.5486,0.5572,0.5683,0.5795,0.5882000000000001,0.5967,0.6096,0.6177,0.6283000000000001,0.6358,0.6542,0.6636000000000001,0.6795,0.6906,0.7014,0.7104,0.7179,0.7346,0.744,0.7544000000000001,0.7663000000000001,0.7746000000000001,0.7857000000000001,0.7963,0.8071,0.8164,0.8241,0.8362,0.8458,0.8537,0.866,0.8805000000000001,0.8921,0.9026000000000001,0.9128000000000001,0.9222,0.9383,0.9499000000000001,0.9599000000000001,0.9694,0.9772000000000001,0.9936
41678:0.0942,0.12140000000000001,0.1683,0.2482,0.2773,0.3582,0.43520000000000003,0.4671,0.5730000000000001,0.6278,0.6621,0.7123,0.765,0.8212,0.865,0.9011
41881:0.026000000000000002,0.1458,0.2051,0.3135,0.3551,0.4446,0.4817,0.5404,0.6113000000000001,0.676,0.8174,0.893,0.937,0.9912000000000001
41999:0.0453
42005:0.0529,0.7145
42146:0.0519
42648:0.011000000000000001,0.0188,0.0436,0.0651,0.0723,0.08220000000000001,0.0911,0.09680000000000001,0.10840000000000001,0.1158,0.12480000000000001,0.1311,0.1447,0.15030000000000002,0.1588,0.16690000000000002,0.1829,0.1884,0.2036,0.215,0.223,0.233,0.24080000000000001,0.25420000000000004,0.2607,0.27080000000000004,0.2836,0.28950000000000004,0.2983,0.30910000000000004,0.3165,0.3226,0.3347,0.3463,0.35450000000000004,0.3609,0.37170000000000003,0.3793,0.38730000000000003,0.39890000000000003,0.4053,0.42050000000000004,0.4284,0.4444,0.45580000000000004,0.4612,0.47850000000000004,0.4853,0.4934,0.5007,0.5149,0.5227,0.5282,0.5341,0.5452,0.5596,0.5675,0.5761000000000001,0.5846,0.5941000000000001,0.6068,0.6134000000000001,0.6284000000000001,0.6345000000000001,0.6495000000000001,0.6564,0.6652,0.6727000000000001,0.6831,0.6915,0.7061000000000001,0.7188,0.7272000000000001,0.7351000000000001,0.7414000000000001,0.7541,0.7632,0.7697,0.7813,0.791,0.803,0.8091,0.8200000000000001,0.8328,0.8408,0.8498,0.8656,0.8769,0.8907,0.898,0.9056000000000001,0.9207000000000001,0.9357000000000001,0.9473,0.9598000000000001,0.9710000000000001,0.9762000000000001,0.9890000000000001,0.9956
42806:0.055900000000000005
42925:0.032,0.0533,0.0941,0.1326,0.17470000000000002,0.2116,0.32120000000000004,0.3891,0.43910000000000005,0.4974,0.547,0.5893,0.6381,0.7132000000000001,0.7787000000000001,0.8351000000000001,0.8598,0.9033,0.9588000000000001
43049:0.056100000000000004,0.0927,0.1514,0.1834,0.2323,0.26480000000000004,0.28750000000000003,0.3085,0.3375,0.3724,0.40950000000000003,0.4439,0.46630000000000005,0.48500000000000004,0.5231,0.5634,0.5988,0.6257,0.6496000000000001,0.6905,0.7103,0.7225,0.788,0.8191,0.8514,0.8805000000000001,0.9161,0.9535,0.9817
43424:0.3894,0.46040000000000003,0.5853,0.6809000000000001,0.7272000000000001,0.9208000000000001
44709:0.0351,0.0641
44744:0.024200000000000003,0.0772,0.1522,0.19290000000000002,0.25680000000000003,0.27890000000000004,0.3372,0.37410000000000004,0.4057,0.44520000000000004,0.48050000000000004,0.5202,0.5431,0.5808,0.6137,0.6373,0.6871,0.7169,0.7499,0.7786000000000001,0.8255,0.8846,0.9067000000000001,0.9366000000000001,0.9597,0.9864
45081:0.5475,0.7060000000000001
45090:0.3224
45653:0.0761,0.12090000000000001,0.1535,0.20720000000000002,0.2442,0.2927,0.31930000000000003,0.3587,0.3871,0.40650000000000003,0.4561,0.49210000000000004,0.5616,0.5893,0.6556000000000001,0.6930000000000001,0.7275,0.7695000000000001,0.8151,0.8732000000000001,0.9219,0.9530000000000001,0.9953000000000001
45696:0.0014,0.0029000000000000002,0.0054,0.020300000000000002,0.0279,0.0432,0.0449,0.0497,0.0534,0.061000000000000006,0.08,0.0809,0.08710000000000001,0.1109,0.1159,0.1193,0.1267,0.12840000000000001,0.1287,0.1399,0.1418,0.1515,0.1744,0.19460000000000002,0.2038,0.21710000000000002,0.22210000000000002,0.2255,0.2283,0.23450000000000001,0.2356,0.2409,0.2515,0.252,0.2577,0.2626,0.2636,0.2642,0.2654,0.278,0.2901,0.2914,0.2944,0.2975,0.309,0.3103,0.3118,0.3129,0.32630000000000003,0.34090000000000004,0.35250000000000004,0.35810000000000003,0.3689,0.3705,0.3725,0.37270000000000003,0.37420000000000003,0.3912,0.39480000000000004,0.39840000000000003,0.3986,0.4042,0.42810000000000004,0.4485,0.45530000000000004,0.46390000000000003,0.46430000000000005,0.47200000000000003,0.4731,0.49910000000000004,0.5031,0.5248,0.5313,0.5429,0.5455,0.5536,0.5552,0.5609000000000001,0.5625,0.5724,0.5737,0.5814,0.5892000000000001,0.614,0.6246,0.6311,0.6313000000000001,0.6328,0.633,0.6378,0.6426000000000001,0.6549,0.6615,0.6624,0.6737000000000001,0.68,0.6826,0.6951,0.7035,0.7100000000000001,0.7144,0.7308,0.7462000000000001,0.75,0.7541,0.7718,0.7733,0.78,0.7928000000000001,0.7947000000000001,0.7988000000000001,0.8002,0.8034,0.8061,0.8075,0.8112,0.8137000000000001,0.8167000000000001,0.8250000000000001,0.8278000000000001,0.8402000000000001,0.8411000000000001,0.8503000000000001,0.8522000000000001,0.8555,0.8585,0.8635,0.8683000000000001,0.8831,0.8837,0.8908,0.8995000000000001,0.9146000000000001,0.9241,0.9258000000000001,0.9327000000000001,0.9341,0.9371,0.9434,0.9490000000000001,0.9492,0.9497000000000001,0.9628000000000001,0.9695,0.9718,0.9771000000000001,0.9860000000000001,0.9880000000000001,0.9957
45970:0.0504,0.0816,0.1515,0.1721,0.264,0.336,0.4077,0.4676,0.48560000000000003,0.5106,0.5621,0.7089000000000001,0.8186,0.9145000000000001,0.9525
46038:0.010400000000000001,0.019200000000000002,0.030000000000000002,0.0434,0.0534,0.0625,0.0712,0.08030000000000001,0.08900000000000001,0.0978,0.1061,0.12090000000000001,0.1317,0.1491,0.1574,0.16640000000000002,0.17750000000000002,0.1883,0.1971,0.2051,0.21400000000000002,0.22390000000000002,0.2311,0.2384,0.2466,0.254,0.2616,0.27440000000000003,0.28150000000000003,0.29000000000000004,0.29760000000000003,0.3059,0.3134,0.32330000000000003,0.3306,0.3387,0.34590000000000004,0.35810000000000003,0.3678,0.3778,0.38620000000000004,0.3962,0.4066,0.4138,0.4212,0.42900000000000005,0.437,0.445,0.4534,0.4616,0.46950000000000003,0.4798,0.48800000000000004,0.4968,0.5051,0.5186000000000001,0.5269,0.536,0.5499,0.5585,0.5682,0.5844,0.5937,0.6027,0.6103000000000001,0.6175,0.626,0.6332,0.6409,0.6509,0.6609,0.6756,0.6828000000000001,0.6905,0.6989000000000001,0.7090000000000001,0.7169,0.7252000000000001,0.7393000000000001,0.7471,0.7554000000000001,0.7633000000000001,0.7715000000000001,0.7799,0.7945,0.8059000000000001,0.8179000000000001,0.8294,0.8378,0.8469,0.8553000000000001,0.8682000000000001,0.876,0.8838,0.8936000000000001,0.9017000000000001,0.9096000000000001,0.9184,0.9269000000000001,0.9432,0.9509000000000001,0.9587,0.9700000000000001,0.9783000000000001,0.9916
46071:0.403,0.4232,0.6771,0.79,0.9643
46248:0.025500000000000002,0.042100000000000005
46662:0.5877
46744:0.0015,0.0114,0.021500000000000002,0.0285,0.0456,0.0468,0.05,0.050800000000000005,0.0653,0.0669,0.0678,0.0707,0.08410000000000001,0.09580000000000001,0.1262,0.1274,0.1443,0.1451,0.14550000000000002,0.1527,0.1565,0.16060000000000002,0.1645,0.1693,0.19060000000000002,0.2034,0.20500000000000002,0.2285,0.2399,0.2697,0.2943,0.3094,0.31010000000000004,0.3366,0.33840000000000003,0.3427,0.3441,0.3561,0.3623,0.3669,0.3713,0.37370000000000003,0.38,0.3909,0.3917,0.4052,0.4058,0.4083,0.4156,0.4239,0.42460000000000003,0.4254,0.43,0.43270000000000003,0.4607,0.46190000000000003,0.4645,0.4912,0.4939,0.5081,0.5198,0.5672,0.5771000000000001,0.5781000000000001,0.5846,0.5901000000000001,0.5911000000000001,0.5925,0.6017,0.6048,0.6114,0.6214000000000001,0.6285000000000001,0.6347,0.6367,0.6432,0.6681,0.6692,0.6698000000000001,0.6723,0.6732,0.6805,0.6817000000000001,0.6900000000000001,0.731,0.7411,0.7428,0.7452000000000001,0.7513000000000001,0.7521,0.7931,0.7965,0.8097000000000001,0.8122,0.8146,0.8172,0.8231,0.8270000000000001,0.8273,0.8333,0.8423,0.8461000000000001,0.8526,0.8548,0.8621000000000001,0.8673000000000001,0.872,0.8765000000000001,0.8803000000000001,0.8873000000000001,0.8881,0.8883000000000001,0.8899,0.9045000000000001,0.9067000000000001,0.9081,0.9152,0.9178000000000001,0.9209,0.9490000000000001,0.9515,0.9518000000000001,0.9623,0.9662000000000001,0.9680000000000001,0.9682000000000001,0.9752000000000001,0.9820000000000001,0.991,0.9918,0.9924000000000001,0.9943000000000001,0.9994000000000001
46771:0.1192,0.1351,0.1593,0.2049,0.305,0.4,0.45990000000000003,0.5526,0.5943,0.6037,0.6583,0.6969000000000001,0.7565000000000001,0.8310000000000001,0.9288000000000001,0.9903000000000001
47118:0.0175
47213:0.030000000000000002,0.055900000000000005,0.0912,0.1303,0.1713,0.20980000000000001,0.2479,0.2913,0.3221,0.3657,0.39,0.4369,0.4953,0.5402,0.5828,0.6114,0.6372,0.7041000000000001,0.7168,0.7438,0.7774000000000001,0.8325,0.8552000000000001,0.8999,0.9357000000000001,0.9593
47287:0.0426,0.0794,0.10540000000000001,0.1371,0.16820000000000002,0.1971,0.22290000000000001,0.272,0.2937,0.3304,0.3607,0.44730000000000003,0.4716,0.4848,0.529,0.6046,0.631,0.6591,0.6896,0.7232000000000001,0.7757000000000001,0.8434,0.8663000000000001,0.9490000000000001,0.9944000000000001
47604:0.054,0.084,0.1549,0.1754,0.2675,0.34,0.4112,0.47100000000000003,0.4889,0.5142,0.5656,0.7124,0.8221,0.9181,0.9558000000000001
47652:0.018000000000000002,0.0302,0.0621,0.07780000000000001,0.1048,0.13240000000000002,0.1578,0.1753,0.2038,0.22990000000000002,0.2624,0.2893,0.3111,0.3425,0.3524,0.3795,0.4035,0.4249,0.44370000000000004,0.4708,0.4872,0.5165000000000001,0.5347000000000001,0.5624,0.5764,0.6062000000000001,0.6168,0.6379,0.6558,0.6909000000000001,0.7146,0.7499,0.7835000000000001,0.8068000000000001,0.8185,0.8486,0.8634000000000001,0.8846,0.9082,0.9283,0.9508000000000001,0.9731000000000001,0.9873000000000001
48094:0.012100000000000001,0.1247,0.3002,0.3335,0.36960000000000004,0.45980000000000004,0.4943,0.5487000000000001,0.6545000000000001,0.7120000000000001,0.7886000000000001,0.885,0.9537,0.9974000000000001
48517:0.1773,0.33940000000000003,0.8249000000000001
48605:0.0356,0.079,0.1124,0.1453,0.17,0.2028,0.2336,0.28140000000000004,0.3042,0.34450000000000003,0.37510000000000004,0.41590000000000005,0.43810000000000004,0.4837,0.5142,0.5529000000000001,0.5759000000000001,0.6144000000000001,0.6439,0.6676000000000001,0.7134,0.7221000000000001,0.7681,0.7935,0.8532000000000001,0.8822000000000001,0.8969,0.9352,0.9636,0.9870000000000001
48744:0.1532,0.2379,0.45270000000000005,0.5043,0.6493,0.788,0.8666,0.9092
48838:0.0095,0.020800000000000003,0.031900000000000005,0.0388,0.0468,0.054700000000000006,0.0611,0.0703,0.078,0.0888,0.096,0.1058,0.1119,0.12300000000000001,0.1303,0.1369,0.1432,0.1497,0.15710000000000002,0.1646,0.171,0.1786,0.18560000000000001,0.194,0.2039,0.21180000000000002,0.21980000000000002,0.22760000000000002,0.2356,0.2426,0.2508,0.2565,0.26180000000000003,0.27040000000000003,0.2778,0.2874,0.29450000000000004,0.30310000000000004,0.31220000000000003,0.3179,0.3241,0.3306,0.3373,0.34440000000000004,0.3511,0.3578,0.3649,0.3713,0.37620000000000003,0.3875,0.3935,0.40090000000000003,0.40840000000000004,0.4169,0.42460000000000003,0.4338,0.44380000000000003,0.4539,0.4592,0.4667,0.48160000000000003,0.4883,0.496,0.5021,0.5074000000000001,0.5161,0.5247,0.5321,0.541,0.5511,0.5581,0.5667,0.5762,0.5861000000000001,0.5928,0.6004,0.6068,0.6159,0.6217,0.6307,0.6387,0.6528,0.6593,0.6682,0.6736000000000001,0.6806,0.6863,0.6954,0.7047,0.7113,0.7256,0.733,0.7436,0.752,0.7599,0.7678,0.7758,0.7885000000000001,0.7943,0.8032,0.8089000000000001,0.8169000000000001,0.8237,0.8314,0.8372,0.8449000000000001,0.8526,0.8592000000000001,0.8671000000000001,0.8736,0.8817,0.8911,0.8984000000000001,0.9089,0.914,0.9242,0.9313,0.9399000000000001,0.9479000000000001,0.9545,0.9652000000000001,0.9706,0.9782000000000001,0.9857,0.9936
48970:0.0771,0.14700000000000002,0.1759,0.268,0.375,0.4176,0.4262,0.4989,0.5108,0.5696,0.5828,0.6622,0.8978,0.9577,0.9659000000000001
49048:0.06520000000000001,0.1154,0.17070000000000002,0.1945,0.27840000000000004,0.3375,0.37870000000000004,0.43760000000000004,0.4788,0.5281,0.5695,0.6199,0.6436000000000001,0.6980000000000001,0.7187,0.7773,0.8514,0.9186000000000001,0.9602
49083:0.0729,0.9779,0.9963000000000001
49406:0.094,0.16440000000000002,0.2745,0.3472,0.4197,0.48100000000000004,0.5183,0.7226,0.8294,0.9275
49442:0.0218,0.0492,0.0707,0.08660000000000001,0.09910000000000001,0.11410000000000001,0.13090000000000002,0.14880000000000002,0.1691,0.1872,0.20700000000000002,0.2177,0.23570000000000002,0.25070000000000003,0.2674,0.2861,0.3025,0.3178,0.3355,0.3504,0.37220000000000003,0.38630000000000003,0.402,0.4254,0.4461,0.4565,0.4727,0.48750000000000004,0.5053,0.5198,0.5356000000000001,0.5539000000000001,0.5688,0.5808,0.5936,0.6114,0.6275000000000001,0.6431,0.6576000000000001,0.6717000000000001,0.6884,0.7065,0.7219,0.7354,0.7514000000000001,0.7655000000000001,0.7852,0.8074,0.8215,0.8417,0.8598,0.8821,0.897,0.914,0.9294,0.9502,0.9692000000000001,0.9868
49603:0.0059,0.006900000000000001,0.017,0.0395,0.0597,0.060200000000000004,0.0732,0.07740000000000001,0.0777,0.0855,0.08650000000000001,0.0964,0.097,0.1032,0.1034,0.10930000000000001,0.1121,0.116,0.1233,0.13140000000000002,0.1332,0.149,0.1509,0.1705,0.1714,0.1758,0.1771,0.1832,0.1956,0.20450000000000002,0.2104,0.2119,0.2212,0.23320000000000002,0.23570000000000002,0.2484,0.2523,0.2554,0.2556,0.25720000000000004,0.2716,0.27440000000000003,0.2782,0.28900000000000003,0.2938,0.3052,0.3118,0.3158,0.3362,0.37070000000000003,0.3819,0.40850000000000003,0.436,0.4388,0.4433,0.45430000000000004,0.46230000000000004,0.4743,0.4802,0.49770000000000003,0.5002,0.5122,0.5165000000000001,0.5204,0.5225000000000001,0.5262,0.5266000000000001,0.5459,0.5462,0.5553,0.5604,0.5721,0.5904,0.6095,0.6157,0.6191,0.6298,0.6324000000000001,0.639,0.6407,0.6429,0.6431,0.6494,0.6675,0.6885,0.6936,0.6962,0.6992,0.7069000000000001,0.7071000000000001,0.7109000000000001,0.7143,0.7245,0.7257,0.7468,0.7533000000000001,0.7631,0.772,0.7723,0.7781,0.7859,0.7974,0.8029000000000001,0.8032,0.8041,0.8043,0.8053,0.8111,0.8146,0.8289000000000001,0.8301000000000001,0.8665,0.891,0.892,0.9025000000000001,0.9055000000000001,0.9185000000000001,0.9342,0.9364,0.9404,0.9494,0.9570000000000001,0.9605,0.9721000000000001,0.9766,0.9773000000000001,0.9781000000000001,0.9938
49798:0.021
49802:0.225
50303:0.0685,0.13720000000000002,0.1738,0.2621,0.3713,0.41350000000000003,0.4963,0.5659000000000001,0.6584,0.8379000000000001,0.932
50424:0.028900000000000002,0.048600000000000004,0.057100000000000005,0.0882,0.09480000000000001,0.1274,0.1683,0.1884,0.20800000000000002,0.2142,0.24150000000000002,0.26890000000000003,0.28500000000000003,0.2952,0.3199,0.3561,0.36660000000000004,0.38480000000000003,0.3905,0.41150000000000003,0.4349,0.4441,0.46790000000000004,0.49450000000000005,0.5272,0.5398000000000001,0.5658000000000001,0.5803,0.5868,0.6082000000000001,0.6338,0.6406000000000001,0.6682,0.6808000000000001,0.6993,0.7105,0.7329,0.7433000000000001,0.7491,0.7742,0.8246,0.8326,0.8543000000000001,0.8721,0.898,0.9083,0.9276000000000001,0.9526,0.9766,0.9848
50472:0.0553,0.08120000000000001,0.1075,0.136,0.1693,0.2049,0.2258,0.2585,0.2903,0.31870000000000004,0.35100000000000003,0.3801,0.40650000000000003,0.4496,0.4713,0.4983,0.5366000000000001,0.5676,0.5936,0.6223000000000001,0.6548,0.68,0.7046,0.7331000000000001,0.7627,0.7916000000000001,0.8232,0.8529,0.8901,0.9216000000000001,0.9516,0.9881000000000001
50586:0.5538000000000001
50752:0.7887000000000001
51088:0.136,0.3306,0.9440000000000001
51263:0.024800000000000003,0.0609,0.0864,0.1301,0.1592,0.1841,0.2247,0.2559,0.2766,0.2949,0.3163,0.337,0.3714,0.4066,0.4254,0.4627,0.4806,0.5068,0.5254,0.5436,0.5658000000000001,0.5840000000000001,0.6114,0.634,0.6545000000000001,0.6866,0.6978000000000001,0.7209,0.7621,0.7977000000000001,0.8137000000000001,0.8443,0.8792000000000001,0.9056000000000001,0.9367000000000001,0.9523,0.9783000000000001
51555:0.0284,0.0458,0.0998,0.1393,0.18680000000000002,0.225,0.2944,0.3145,0.3705,0.4041,0.4489,0.4862,0.52,0.5484,0.6112000000000001,0.6488,0.6962,0.7401,0.7805000000000001,0.8497,0.8879,0.927,0.9595
51562:0.0165,0.0304,0.044000000000000004,0.0596,0.0712,0.0806,0.0932,0.10690000000000001,0.12000000000000001,0.12840000000000001,0.1406,0.1525,0.16240000000000002,0.17450000000000002,0.1875,0.2011,0.21180000000000002,0.22190000000000001,0.2331,0.2449,0.2605,0.27080000000000004,0.2837,0.29410000000000003,0.3048,0.3166,0.3255,0.3383,0.3502,0.35950000000000004,0.37160000000000004,0.3821,0.39690000000000003,0.4063,0.42200000000000004,0.43160000000000004,0.4466,0.4581,0.47240000000000004,0.48260000000000003,0.49420000000000003,0.5073,0.5189,0.5288,0.5422,0.5581,0.5690000000000001,0.5820000000000001,0.5942000000000001,0.6071000000000001,0.6171,0.6285000000000001,0.6396000000000001,0.6542,0.6616000000000001,0.6731,0.6838000000000001,0.6934,0.7074,0.7220000000000001,0.7335,0.7457,0.7581,0.7695000000000001,0.7809,0.7913,0.8053,0.8136,0.8219000000000001,0.8347,0.8439000000000001,0.8565,0.87,0.8811,0.8939,0.9052,0.9177000000000001,0.9266000000000001,0.9395,0.9509000000000001,0.9612,0.9730000000000001,0.9874,0.9985
52072:0.0956,0.16570000000000001,0.22870000000000001,0.3027,0.37010000000000004,0.4843,0.6069,0.6641,0.7185,0.8500000000000001,0.9337000000000001,0.9982000000000001
52518:0.036000000000000004,0.1476,0.1825,0.2368,0.338,0.4223,0.4844,0.5084000000000001,0.5817,0.6168,0.6523,0.7346,0.7898000000000001,0.8688,0.9055000000000001,0.9757
52605:0.0303,0.0784,0.1437,0.1796,0.2716,0.47250000000000003,0.5441,0.6161,0.7009000000000001,0.7358,0.7773,0.9415
52663:0.027600000000000003,0.06860000000000001,0.09090000000000001,0.1233,0.132,0.17020000000000002,0.2016,0.2295,0.2631,0.2864,0.2977,0.3291,0.3539,0.3669,0.3936,0.4158,0.44160000000000005,0.4562,0.4743,0.4927,0.5109,0.5281,0.5623,0.5834,0.6078,0.6258,0.6535000000000001,0.6697000000000001,0.6848000000000001,0.7121000000000001,0.738,0.7723,0.7962,0.8255,0.8515,0.8686,0.8789,0.9021,0.9308000000000001,0.9497000000000001,0.9664
53008:0.0502,0.0931,0.1751,0.2131,0.3219,0.38870000000000005,0.443,0.4993,0.5494,0.6124,0.6427,0.7125,0.7519,0.8359000000000001,0.8619,0.9045000000000001,0.9633
53346:0.0097,0.022000000000000002,0.041,0.0522,0.0668,0.07590000000000001,0.0907,0.1023,0.11220000000000001,0.1263,0.139,0.1494,0.1625,0.1711,0.1893,0.20270000000000002,0.2121,0.2316,0.24070000000000003,0.24910000000000002,0.2606,0.2738,0.28550000000000003,0.29460000000000003,0.3095,0.319,0.3271,0.3423,0.35350000000000004,0.3638,0.37570000000000003,0.38470000000000004,0.3961,0.40800000000000003,0.4181,0.4257,0.44020000000000004,0.45280000000000004,0.4622,0.47700000000000004,0.48460000000000003,0.4918,0.5097,0.5234,0.5346000000000001,0.5456,0.5582,0.5711,0.5791000000000001,0.5896,0.6035,0.6126,0.6246,0.6396000000000001,0.6502,0.6612,0.6703,0.6834,0.6971,0.7072,0.7212000000000001,0.7331000000000001,0.7485,0.7592,0.7683,0.7794000000000001,0.7881,0.8069000000000001,0.8175,0.8258000000000001,0.8400000000000001,0.8502000000000001,0.8656,0.8796,0.8912,0.9027000000000001,0.9126000000000001,0.9242,0.9326000000000001,0.9440000000000001,0.9565,0.9667,0.9792000000000001,0.9886,0.9979
53385:0.060200000000000004,0.079,0.1296,0.1603,0.1892,0.21780000000000002,0.253,0.2977,0.3257,0.3602,0.40650000000000003,0.45380000000000004,0.5158,0.5485,0.5766,0.631,0.6673,0.6931,0.7298,0.7551,0.7814,0.8134,0.8429000000000001,0.8682000000000001,0.9031,0.9402,0.9764,0.9873000000000001
53457:0.5537000000000001,0.6872
53462:0.017,0.019100000000000002,0.0351,0.0468,0.061700000000000005,0.067,0.0734,0.0789,0.0855,0.10200000000000001,0.1022,0.1071,0.108,0.135,0.1383,0.1433,0.1522,0.1525,0.1603,0.1663,0.16770000000000002,0.1908,0.20420000000000002,0.2048,0.2066,0.2078,0.21250000000000002,0.21810000000000002,0.22030000000000002,0.22490000000000002,0.2285,0.2328,0.24100000000000002,0.2426,0.24710000000000001,0.2521,0.2767,0.2791,0.2795,0.2807,0.2816,0.2851,0.2916,0.2927,0.29550000000000004,0.30160000000000003,0.31570000000000004,0.3164,0.3309,0.332,0.3501,0.3534,0.3538,0.3544,0.37020000000000003,0.3798,0.3801,0.3884,0.3982,0.3987,0.4136,0.4289,0.4446,0.44720000000000004,0.4521,0.45320000000000005,0.45730000000000004,0.4802,0.49500000000000005,0.49610000000000004,0.5049,0.5398000000000001,0.553,0.5665,0.5674,0.5755,0.5783,0.5809000000000001,0.5828,0.6005,0.613,0.6219,0.6384000000000001,0.6462,0.6496000000000001,0.6585000000000001,0.6595000000000001,0.6658000000000001,0.6669,0.6675,0.6679,0.6721,0.6739,0.6784,0.6788000000000001,0.6824,0.6835,0.6964,0.6968000000000001,0.7140000000000001,0.7301000000000001,0.7398,0.7419,0.7427,0.747,0.7556,0.7584000000000001,0.764,0.7658,0.7684000000000001,0.7706000000000001,0.7754000000000001,0.7831,0.7857000000000001,0.7962,0.7984,0.8027000000000001,0.8054,0.8064,0.812,0.8169000000000001,0.8343,0.8376,0.8532000000000001,0.8629,0.8634000000000001,0.8693000000000001,0.8893000000000001,0.8943000000000001,0.8993,0.9054000000000001,0.9083,0.9125000000000001,0.9172,0.9198000000000001,0.9245000000000001,0.9259000000000001,0.9299000000000001,0.9446,0.9495,0.9524,0.9547,0.9578000000000001,0.9597,0.9729000000000001,0.9770000000000001,0.9789,0.9866,0.9896,0.9915
53582:0.2451,0.3285,0.9304
54428:0.081,0.0989,0.1622,0.1794,0.191,0.2136,0.3184,0.3659,0.38870000000000005,0.45170000000000005,0.4607,0.49960000000000004,0.5283,0.5394,0.5571,0.6147,0.6402,0.6656000000000001,0.7134,0.7351000000000001,0.7532,0.7959,0.8365,0.9499000000000001,0.9641000000000001
54514:0.013300000000000001,0.020800000000000003,0.031900000000000005,0.0375,0.046400000000000004,0.056600000000000004,0.062200000000000005,0.07100000000000001,0.0805,0.08950000000000001,0.0988,0.1056,0.1144,0.12430000000000001,0.1332,0.1439,0.1506,0.1589,0.16590000000000002,0.17370000000000002,0.1802,0.1894,0.1958,0.20470000000000002,0.2134,0.2228,0.22870000000000001,0.23620000000000002,0.2446,0.2521,0.26130000000000003,0.2705,0.27890000000000004,0.28700000000000003,0.29550000000000004,0.3052,0.31170000000000003,0.3191,0.33080000000000004,0.33680000000000004,0.34600000000000003,0.35000000000000003,0.3593,0.36710000000000004,0.37570000000000003,0.38580000000000003,0.3937,0.40290000000000004,0.41200000000000003,0.4202,0.42750000000000005,0.438,0.44470000000000004,0.4531,0.4601,0.46950000000000003,0.4806,0.4904,0.4974,0.5087,0.5171,0.5275000000000001,0.5338,0.5429,0.5524,0.5601,0.5709000000000001,0.5770000000000001,0.5877,0.5933,0.6002000000000001,0.6081,0.6162000000000001,0.6234000000000001,0.632,0.6398,0.6469,0.6541,0.6623,0.6731,0.6816,0.6877,0.6977,0.7060000000000001,0.7140000000000001,0.7251000000000001,0.7353000000000001,0.7459,0.7526,0.7623000000000001,0.7693,0.7787000000000001,0.7883,0.7979,0.8087000000000001,0.8162,0.8228000000000001,0.8305,0.8383,0.8461000000000001,0.8554,0.8605,0.8695,0.8783000000000001,0.8842000000000001,0.893,0.8993,0.9076000000000001,0.9136000000000001,0.9251,0.9314,0.9407000000000001,0.9487000000000001,0.9556,0.9634,0.9705,0.9780000000000001,0.9861000000000001,0.9957
54553:0.005,0.0094,0.015300000000000001,0.0251,0.038400000000000004,0.0533,0.0609,0.061900000000000004,0.06420000000000001,0.0664,0.06860000000000001,0.0711,0.0723,0.0734,0.075,0.0794,0.0815,0.0868,0.09040000000000001,0.0908,0.1015,0.1095,0.1159,0.124,0.1245,0.1458,0.1474,0.15330000000000002,0.16390000000000002,0.1761,0.1801,0.1947,0.1951,0.20600000000000002,0.2092,0.21050000000000002,0.21380000000000002,0.21710000000000002,0.2205,0.2369,0.2393,0.2474,0.2805,0.2823,0.2883,0.2924,0.2984,0.3093,0.3154,0.319,0.3247,0.3438,0.3458,0.35150000000000003,0.36410000000000003,0.368,0.37210000000000004,0.37370000000000003,0.3753,0.377,0.3784,0.3952,0.3967,0.3971,0.40080000000000005,0.4012,0.4042,0.4046,0.4101,0.4103,0.4169,0.43620000000000003,0.43760000000000004,0.4414,0.4469,0.4602,0.4721,0.47850000000000004,0.4862,0.4963,0.5077,0.5171,0.5205000000000001,0.5207,0.5287000000000001,0.5311,0.5395,0.5425,0.5553,0.5639000000000001,0.5749000000000001,0.5850000000000001,0.5991000000000001,0.6292,0.6358,0.6498,0.6645,0.666,0.6767000000000001,0.6787000000000001,0.6874,0.6905,0.6974,0.7039000000000001,0.7041000000000001,0.7135,0.7211000000000001,0.7251000000000001,0.7302000000000001,0.7362000000000001,0.748,0.7486,0.758,0.7626000000000001,0.7743,0.7761,0.782,0.7958000000000001,0.8003,0.8018000000000001,0.81,0.8299000000000001,0.8310000000000001,0.8440000000000001,0.8619,0.8832000000000001,0.8927,0.9032,0.9314,0.933,0.9356000000000001,0.9754,0.9760000000000001,0.9844,0.9958
54702:0.050100000000000006,0.0732,0.10640000000000001,0.1277,0.1595,0.21050000000000002,0.2414,0.2605,0.28700000000000003,0.3094,0.3287,0.3607,0.3851,0.406,0.42350000000000004,0.4592,0.4828,0.5237,0.5791000000000001,0.5958,0.6263000000000001,0.6508,0.6681,0.6991,0.7154,0.7486,0.7693,0.7887000000000001,0.8227,0.8678,0.8849,0.9155000000000001,0.9344,0.9585,0.9753000000000001
55262:0.0376,0.1515,0.48860000000000003,0.5468000000000001,0.6198,0.7948000000000001,0.9052,0.9789
55498:0.5069
55663:0.0274,0.057800000000000004,0.08120000000000001,0.11,0.1369,0.1539,0.1748,0.2079,0.23650000000000002,0.258,0.2876,0.3158,0.33490000000000003,0.3582,0.38170000000000004,0.40090000000000003,0.42110000000000003,0.44630000000000003,0.48140000000000005,0.5122,0.5375,0.5615,0.5854,0.6103000000000001,0.6327,0.6567000000000001,0.6756,0.7012,0.7401,0.7628,0.785,0.8150000000000001,0.8455,0.8713000000000001,0.8949,0.9166000000000001,0.9391,0.9686,0.9909
55678:0.339,0.6979000000000001,0.9527
55972:0.021,0.0697,0.08510000000000001,0.09960000000000001,0.11800000000000001,0.1342,0.1527,0.1691,0.1917,0.2182,0.23650000000000002,0.25730000000000003,0.2732,0.2924,0.3114,0.326,0.3487,0.3638,0.3821,0.40130000000000005,0.4242,0.4476,0.4636,0.4883,0.503,0.5249,0.5372,0.5624,0.5792,0.5972000000000001,0.6157,0.6377,0.6595000000000001,0.6749,0.6943,0.7220000000000001,0.7385,0.7573000000000001,0.772,0.7943,0.8123,0.8364,0.8520000000000001,0.8798,0.9013,0.9234,0.9495,0.9699000000000001,0.9787,0.9978
57246:0.0302
57682:0.0091,0.015600000000000001,0.0286,0.0409,0.049800000000000004,0.056400000000000006,0.0637,0.0709,0.07970000000000001,0.0874,0.09620000000000001,0.10450000000000001,0.11420000000000001,0.12200000000000001,0.12990000000000002,0.1393,0.1492,0.1563,0.16490000000000002,0.1757,0.1821,0.1894,0.1975,0.2044,0.2122,0.2209,0.2281,0.24050000000000002,0.2505,0.2587,0.27090000000000003,0.2782,0.2867,0.29460000000000003,0.30310000000000004,0.3148,0.3225,0.3301,0.3376,0.3441,0.35200000000000004,0.3587,0.3665,0.3744,0.38630000000000003,0.3952,0.4045,0.41150000000000003,0.4222,0.4283,0.4359,0.4435,0.45220000000000005,0.459,0.46740000000000004,0.47700000000000004,0.4954,0.5028,0.5162,0.5244,0.5321,0.5426,0.5509000000000001,0.5585,0.5676,0.5820000000000001,0.5887,0.5946,0.6018,0.6088,0.6156,0.6234000000000001,0.6314000000000001,0.6384000000000001,0.6458,0.6523,0.6596000000000001,0.6699,0.68,0.687,0.6965,0.7062,0.7132000000000001,0.7230000000000001,0.7361000000000001,0.7438,0.7527,0.7629,0.7704000000000001,0.7775000000000001,0.785,0.7989,0.8068000000000001,0.8165,0.8285,0.8360000000000001,0.8446,0.8528,0.86,0.8735,0.8809,0.8907,0.8981,0.9077000000000001,0.9142,0.9225000000000001,0.9298000000000001,0.9444,0.9502,0.9566,0.9674,0.9755,0.9841000000000001,0.9928
57822:0.0275,0.0346,0.0465
58129:0.055900000000000005,0.14850000000000002,0.1796,0.2684,0.3511,0.4141,0.4995,0.5788,0.6182000000000001,0.6599,0.7271000000000001,0.8217,0.9361,0.9932000000000001
58249:0.0553,0.14800000000000002,0.3342,0.5089,0.5474,0.5941000000000001,0.8184,0.8911,0.9518000000000001
58597:0.022600000000000002,0.046700000000000005,0.053200000000000004,0.0791,0.0849,0.10930000000000001,0.1325,0.152,0.17400000000000002,0.19740000000000002,0.21480000000000002,0.23920000000000002,0.2549,0.2667,0.2927,0.3095,0.3277,0.3387,0.3614,0.3776,0.39490000000000003,0.40990000000000004,0.43060000000000004,0.4485,0.46950000000000003,0.48800000000000004,0.5099,0.5139,0.5399,0.5568000000000001,0.5645,0.5787,0.5944,0.6149,0.6357,0.653,0.6743,0.6909000000000001,0.7109000000000001,0.7387,0.7586,0.7735000000000001,0.7956000000000001,0.8164,0.8216,0.8465,0.8685,0.8867,0.906,0.9169,0.9403,0.9549000000000001,0.9696,0.9859
59797:0.0632,0.0806,0.1004,0.12090000000000001,0.1509,0.17070000000000002,0.20550000000000002,0.23620000000000002,0.2691,0.2942,0.31820000000000004,0.3491,0.36610000000000004,0.4027,0.4277,0.4571,0.49920000000000003,0.5373,0.5721,0.6058,0.6358,0.6687000000000001,0.6950000000000001,0.7175,0.7543000000000001,0.7756000000000001,0.8095,0.8254,0.8503000000000001,0.8802000000000001,0.9045000000000001,0.9406,0.9602,0.9894000000000001
60176:0.1872
60268:0.2391
60661:0.6783,0.7334
60699:0.5539000000000001,0.6874
60704:0.48850000000000005
60858:0.0746,0.1395,0.2147,0.29200000000000004,0.328,0.374,0.4449,0.5182,0.5753,0.6207,0.6802,0.6964,0.7574000000000001,0.8143,0.9167000000000001,0.9569000000000001,0.9951000000000001
60863:0.016300000000000002,0.025900000000000003,0.0454,0.0618,0.07050000000000001,0.08950000000000001,0.10300000000000001,0.1193,0.1282,0.14350000000000002,0.1521,0.16670000000000001,0.1778,0.18910000000000002,0.20140000000000002,0.2096,0.23270000000000002,0.24500000000000002,0.2685,0.2898,0.30210000000000004,0.3156,0.3265,0.3403,0.3496,0.3577,0.37260000000000004,0.3899,0.40490000000000004,0.4294,0.45270000000000005,0.4632,0.4768,0.4928,0.5071,0.5189,0.5387000000000001,0.5615,0.5758,0.5897,0.6064,0.6189,0.6318,0.6448,0.658,0.6722,0.681,0.6922,0.7037,0.7152000000000001,0.7286,0.7406,0.7563000000000001,0.77,0.7834,0.8007000000000001,0.8123,0.8274,0.8425,0.8574,0.8698,0.8802000000000001,0.9005000000000001,0.913,0.9312,0.9502,0.9687,0.9898
61000:0.6976
61120:0.0711,0.1398,0.1764,0.2647,0.3739,0.4161,0.4989,0.5685,0.661,0.6641,0.8405,0.9346000000000001
61335:0.029,0.0974,0.1373,0.1875,0.2821,0.3069,0.3448,0.4061,0.4849,0.518,0.5760000000000001,0.6131,0.6559,0.6938000000000001,0.7379,0.7798,0.8526,0.8937,0.9285,0.9588000000000001
61465:0.3941,0.9954000000000001
61487:0.0213,0.07150000000000001,0.19990000000000002,0.3156,0.3521,0.3865,0.42560000000000003,0.4636,0.49010000000000004,0.5306000000000001,0.5576,0.5691,0.6128,0.7284,0.8095,0.8284,0.8831,0.923,0.9751000000000001
61559:0.030600000000000002,0.1471,0.2069,0.48190000000000005,0.5402,0.6128,0.7862,0.8915000000000001,0.9737
61826:0.0366
62170:0.0171,0.0261,0.035300000000000005,0.048400000000000006,0.057800000000000004,0.0648,0.0724,0.0874,0.0956,0.1042,0.113,0.1317,0.1512,0.16570000000000001,0.18480000000000002,0.1961,0.2038,0.2101,0.22240000000000001,0.2434,0.2635,0.2797,0.305,0.3133,0.3366,0.34890000000000004,0.37060000000000004,0.40280000000000005,0.42000000000000004,0.4444,0.47390000000000004,0.4849,0.5106,0.5163,0.5424,0.5643,0.5765,0.5985,0.6122000000000001,0.6385000000000001,0.6508,0.6694,0.6872,0.7088,0.73,0.7379,0.749,0.7614000000000001,0.7716000000000001,0.7878000000000001,0.8141,0.8276,0.8451000000000001,0.8625,0.8829,0.8938,0.9066000000000001,0.9211,0.9365,0.9425,0.9556,0.9758,0.9915
62997:0.0463,0.082,0.11220000000000001,0.14,0.1638,0.20270000000000002,0.22940000000000002,0.2649,0.2953,0.3216,0.3516,0.3789,0.4103,0.4466,0.48250000000000004,0.5139,0.5418000000000001,0.5702,0.5971000000000001,0.6286,0.6542,0.6784,0.7070000000000001,0.7383000000000001,0.7715000000000001,0.8102,0.8453,0.8794000000000001,0.9069,0.9362,0.9597,0.9926
63126:0.07150000000000001,0.14,0.1767,0.2649,0.37410000000000004,0.4164,0.49910000000000004,0.5687,0.6612,0.8408,0.9349000000000001
63536:0.058800000000000005
63681:0.0434,0.9544
64005:0.009000000000000001,0.0166,0.028300000000000002,0.041600000000000005,0.0568,0.0675,0.07930000000000001,0.0949,0.1063,0.1269,0.13390000000000002,0.1517,0.16090000000000002,0.1786,0.18860000000000002,0.1983,0.21630000000000002,0.2255,0.2495,0.2596,0.2792,0.2889,0.3018,0.3169,0.3331,0.34400000000000003,0.36560000000000004,0.375,0.39740000000000003,0.40790000000000004,0.4214,0.43370000000000003,0.4418,0.4646,0.4723,0.4798,0.49910000000000004,0.5095000000000001,0.5249,0.536,0.5561,0.5648000000000001,0.5862,0.5955,0.6066,0.622,0.6324000000000001,0.64,0.6505000000000001,0.6613,0.6809000000000001,0.6886,0.7051000000000001,0.7176,0.7327,0.7442000000000001,0.7607,0.7718,0.7853,0.8001,0.8075,0.8307,0.8434,0.8558,0.8749,0.883,0.8992,0.9105000000000001,0.9229,0.9292,0.9472,0.9547,0.9711000000000001,0.9783000000000001,0.9953000000000001
64520:0.056400000000000006,0.15380000000000002,0.2477,0.321,0.3935,0.5419,0.611,0.673,0.7243,0.7859,0.8939,0.9624
65188:0.09720000000000001,0.1437,0.17800000000000002,0.2151,0.2429,0.2821,0.32830000000000004,0.373,0.3921,0.44110000000000005,0.5006,0.641,0.6837000000000001,0.8135,0.8263,0.8951,0.9604
65402:0.0911,0.13720000000000002,0.1721,0.2106,0.2757,0.3224,0.3664,0.4343,0.49660000000000004,0.6357,0.6762,0.8082,0.8897,0.9537
65508:0.033600000000000005,0.6643
65715:0.0033,0.0112,0.017400000000000002,0.039900000000000005,0.044000000000000004,0.0473,0.054400000000000004,0.0616,0.0679,0.0828,0.08950000000000001,0.0926,0.0976,0.099,0.1042,0.1047,0.1116,0.1179,0.12380000000000001,0.1433,0.14800000000000002,0.1524,0.15710000000000002,0.1575,0.1636,0.17880000000000001,0.19790000000000002,0.203,0.2071,0.2101,0.228,0.2386,0.2412,0.2431,0.2446,0.2539,0.259,0.27190000000000003,0.274,0.2949,0.2969,0.3143,0.3153,0.3175,0.32030000000000003,0.32270000000000004,0.33080000000000004,0.3491,0.3526,0.3754,0.3796,0.3805,0.3844,0.38770000000000004,0.3905,0.394,0.399,0.4012,0.4026,0.4102,0.4126,0.4188,0.42150000000000004,0.42700000000000005,0.42810000000000004,0.4329,0.451,0.4567,0.4601,0.4645,0.4736,0.48140000000000005,0.48760000000000003,0.4878,0.4917,0.5084000000000001,0.5175000000000001,0.5238,0.543,0.5499,0.5725,0.5730000000000001,0.5737,0.5772,0.5841000000000001,0.5880000000000001,0.5932000000000001,0.595,0.6087,0.616,0.6188,0.6192000000000001,0.6228,0.6297,0.6325000000000001,0.6377,0.6415000000000001,0.6445000000000001,0.6548,0.6553,0.6615,0.6646000000000001,0.6658000000000001,0.6682,0.675,0.6796,0.6936,0.7028,0.7039000000000001,0.7051000000000001,0.7251000000000001,0.7253000000000001,0.7298,0.731,0.7337,0.7421,0.7449,0.7609,0.7662,0.7674000000000001,0.7722,0.7788,0.7851,0.8051,0.8113,0.8182,0.8262,0.8343,0.8498,0.8615,0.8673000000000001,0.8694000000000001,0.8785000000000001,0.8866,0.8902,0.8941,0.9278000000000001,0.9294,0.9412,0.9477000000000001,0.9564,0.9603,0.9630000000000001,0.9801000000000001,0.991
65737:0.0468
65912:0.023700000000000002,0.0853,0.1182,0.1327,0.1719,0.2106,0.24380000000000002,0.27290000000000003,0.3109,0.3269,0.3519,0.46240000000000003,0.5084000000000001,0.5905,0.6375000000000001,0.7247,0.7716000000000001,0.8152,0.8661000000000001,0.9008,0.9273,0.9412,0.9887
65955:0.24500000000000002
66019:0.09280000000000001,0.40640000000000004,0.7131000000000001,0.7672
66047:0.2913,0.3294,0.3804,0.4908,0.543,0.5890000000000001,0.7696000000000001,0.7902,0.8521000000000001,0.9098,0.9435,0.9893000000000001
66211:0.5492,0.6825
66337:0.5036
66381:0.0614,0.1573,0.2505,0.3266,0.3366,0.37070000000000003,0.4183,0.45980000000000004,0.5034000000000001,0.5559000000000001,0.6882,0.7983,0.9032,0.9454
66804:0.0228,0.0752,0.1134,0.1358,0.1577,0.191,0.23040000000000002,0.25980000000000003,0.2866,0.3114,0.3415,0.364,0.38370000000000004,0.4174,0.44780000000000003,0.4818,0.5169,0.5364,0.5712,0.5985,0.6349,0.6639,0.6864,0.7291000000000001,0.7518,0.7712,0.7976000000000001,0.8239000000000001,0.8835000000000001,0.929,0.9523,0.9799
67714:0.0511,0.2559,0.3386,0.3766,0.46230000000000004,0.5116,0.5669000000000001,0.6921,0.8053,0.9093,0.9573
67867:0.48850000000000005,0.6715
67983:0.6762
68295:0.4607,0.6144000000000001
68458:0.0058000000000000005,0.0148,0.0374,0.0511,0.0631,0.06960000000000001,0.07400000000000001,0.075,0.0911,0.0969,0.09730000000000001,0.1009,0.10250000000000001,0.10490000000000001,0.11670000000000001,0.12560000000000002,0.1335,0.13490000000000002,0.1409,0.1542,0.15560000000000002,0.15610000000000002,0.16,0.16570000000000001,0.1668,0.1794,0.1807,0.18510000000000001,0.1894,0.1935,0.19770000000000001,0.2083,0.2114,0.2119,0.2147,0.2364,0.2374,0.24150000000000002,0.2536,0.26890000000000003,0.2777,0.2838,0.29650000000000004,0.2975,0.29960000000000003,0.30210000000000004,0.30720000000000003,0.3219,0.33380000000000004,0.3346,0.33630000000000004,0.3456,0.35710000000000003,0.3647,0.36710000000000004,0.3795,0.3936,0.43910000000000005,0.451,0.4611,0.46840000000000004,0.4737,0.47390000000000004,0.4773,0.4786,0.47990000000000005,0.496,0.4965,0.49970000000000003,0.5256000000000001,0.537,0.5562,0.5617,0.5671,0.5879,0.5986,0.6009,0.6046,0.605,0.6057,0.6153000000000001,0.6204000000000001,0.6266,0.6283000000000001,0.6286,0.632,0.6418,0.6429,0.6443,0.654,0.6545000000000001,0.6679,0.6695,0.6719,0.6856,0.6924,0.6999000000000001,0.7047,0.7147,0.7149,0.7199,0.7318,0.732,0.7526,0.7708,0.7826000000000001,0.7832,0.8276,0.8367,0.8379000000000001,0.8405,0.8447,0.8501000000000001,0.8592000000000001,0.8625,0.8818,0.9095000000000001,0.9112,0.9225000000000001,0.9313,0.9482,0.9484,0.9561000000000001,0.9696,0.9808,0.9897,0.9899
68491:0.0454,0.0614,0.07680000000000001,0.09380000000000001,0.1267,0.1553,0.1778,0.19090000000000001,0.20470000000000002,0.2209,0.2349,0.255,0.2757,0.2913,0.3034,0.3191,0.338,0.3518,0.3755,0.406,0.4284,0.44870000000000004,0.4657,0.4867,0.5094000000000001,0.5248,0.5452,0.5674,0.5904,0.6135,0.6319,0.6435000000000001,0.6578,0.6708000000000001,0.6901,0.7104,0.7215,0.7397,0.7636000000000001,0.788,0.8015,0.8215,0.8400000000000001,0.8596,0.8708,0.8919,0.9224,0.9436,0.9567,0.9742000000000001,0.9890000000000001
68873:0.0094,0.013800000000000002,0.0201,0.0307,0.0448,0.0587,0.0713,0.07930000000000001,0.0976,0.1106,0.1277,0.1325,0.1462,0.1547,0.1641,0.1731,0.183,0.1907,0.2005,0.2184,0.2275,0.251,0.2579,0.2657,0.2728,0.2828,0.2891,0.3043,0.3119,0.329,0.3351,0.34490000000000004,0.3617,0.36920000000000003,0.3758,0.39590000000000003,0.40230000000000005,0.41290000000000004,0.4219,0.4349,0.44320000000000004,0.4632,0.4682,0.4766,0.48350000000000004,0.4999,0.5066,0.514,0.5219,0.5276000000000001,0.5381,0.5499,0.5574,0.5675,0.5737,0.5884,0.5978,0.6087,0.615,0.6244000000000001,0.6327,0.6411,0.6517000000000001,0.6612,0.6735,0.6841,0.6906,0.7076,0.7122,0.7227,0.7371000000000001,0.7464000000000001,0.7544000000000001,0.7645000000000001,0.7742,0.7907000000000001,0.8035,0.8106,0.8218000000000001,0.8367,0.8459,0.8579,0.8768,0.8818,0.8935000000000001,0.9018,0.9149,0.9256000000000001,0.9317000000000001,0.9395,0.9501000000000001,0.9557,0.9668,0.9742000000000001,0.9838,0.9938
68994:0.0448,0.0969,0.126,0.15,0.1698,0.2046,0.226,0.24550000000000002,0.2657,0.2878,0.314,0.32980000000000004,0.35760000000000003,0.3785,0.404,0.4318,0.45030000000000003,0.4612,0.49300000000000005,0.5212,0.5411,0.5706,0.5862,0.6139,0.6395000000000001,0.6606000000000001,0.6736000000000001,0.6921,0.7116,0.7346,0.7591,0.777,0.8056000000000001,0.8213,0.8439000000000001,0.8668,0.8955000000000001,0.9108,0.9276000000000001,0.9522,0.9757,0.9961000000000001
69613:0.5873,0.7274
69626:0.012100000000000001,0.0217,0.0328,0.0413,0.049600000000000005,0.058800000000000005,0.06620000000000001,0.0746,0.0816,0.0887,0.09580000000000001,0.10450000000000001,0.11120000000000001,0.11910000000000001,0.1282,0.1342,0.1434,0.1517,0.1597,0.1678,0.1753,0.1836,0.19390000000000002,0.2011,0.20700000000000002,0.21580000000000002,0.2222,0.2313,0.2381,0.2472,0.25620000000000004,0.2632,0.27040000000000003,0.2795,0.2874,0.29460000000000003,0.303,0.3106,0.3163,0.3225,0.33290000000000003,0.3405,0.3492,0.35760000000000003,0.3644,0.37310000000000004,0.38280000000000003,0.3934,0.40040000000000003,0.4073,0.4157,0.42500000000000004,0.433,0.4423,0.4509,0.45780000000000004,0.4671,0.47540000000000004,0.4823,0.49160000000000004,0.49960000000000004,0.506,0.5165000000000001,0.5255000000000001,0.5328,0.5419,0.551,0.5603,0.5683,0.5767,0.5877,0.5946,0.6012000000000001,0.6097,0.6152000000000001,0.6218,0.6306,0.6382,0.6445000000000001,0.6533,0.6603,0.6678000000000001,0.6745,0.6836,0.6912,0.6981,0.7086,0.7180000000000001,0.7289,0.7354,0.7437,0.7515000000000001,0.7602,0.7684000000000001,0.7768,0.7865000000000001,0.7938000000000001,0.8029000000000001,0.8107000000000001,0.8192,0.8255,0.8343,0.8425,0.8498,0.8589,0.8674000000000001,0.8768,0.8867,0.8945000000000001,0.901,0.9099,0.9172,0.9262,0.9333,0.9414,0.9490000000000001,0.9553,0.9653,0.9730000000000001,0.9806,0.9894000000000001,0.9969
69919:0.0193,0.0253,0.033,0.0373,0.0675,0.0777,0.0896,0.1135,0.1394,0.1703,0.1955,0.2028,0.22990000000000002,0.2374,0.2626,0.2892,0.2963,0.3118,0.326,0.3448,0.3514,0.38070000000000004,0.4122,0.4199,0.4383,0.4701,0.48610000000000003,0.5315,0.5386000000000001,0.5459,0.5674,0.5745,0.6015,0.6103000000000001,0.6303000000000001,0.6437,0.6688000000000001,0.6938000000000001,0.7018,0.7257,0.7447,0.7501,0.7786000000000001,0.8128000000000001,0.8519,0.8862,0.8923000000000001,0.8999,0.9226000000000001,0.9342,0.9600000000000001,0.9848
70048:0.0026000000000000003,0.0227,0.0332,0.037000000000000005,0.0381,0.0477,0.051300000000000005,0.0545,0.0684,0.0779,0.0785,0.08360000000000001,0.0873,0.08950000000000001,0.10160000000000001,0.1057,0.1119,0.1331,0.135,0.14350000000000002,0.14600000000000002,0.15560000000000002,0.1673,0.17120000000000002,0.17320000000000002,0.18150000000000002,0.1847,0.1852,0.2,0.2051,0.2088,0.21980000000000002,0.22160000000000002,0.22210000000000002,0.22360000000000002,0.2306,0.2459,0.24710000000000001,0.2509,0.2514,0.2736,0.2745,0.2776,0.28040000000000004,0.2921,0.2927,0.2983,0.3033,0.309,0.3156,0.326,0.32630000000000003,0.3325,0.3407,0.3443,0.3476,0.35700000000000004,0.36300000000000004,0.3657,0.3684,0.3738,0.3886,0.3895,0.4097,0.4113,0.4151,0.4209,0.4258,0.42700000000000005,0.4333,0.4338,0.4359,0.4404,0.44970000000000004,0.47550000000000003,0.4782,0.4803,0.4964,0.497,0.5002,0.5012,0.5143,0.5257000000000001,0.5273,0.5371,0.5523,0.5549000000000001,0.5565,0.5576,0.5641,0.5704,0.5930000000000001,0.6048,0.6088,0.613,0.6157,0.6181,0.632,0.6366,0.6382,0.65,0.6599,0.6726000000000001,0.6763,0.6798000000000001,0.6816,0.6864,0.7101000000000001,0.7119000000000001,0.7138,0.7153,0.7158,0.7264,0.7306,0.7332000000000001,0.7433000000000001,0.7507,0.7695000000000001,0.7753,0.7878000000000001,0.7894,0.8008000000000001,0.8142,0.8200000000000001,0.8332,0.8469,0.8535,0.8544,0.8596,0.8633000000000001,0.8635,0.8656,0.8785000000000001,0.881,0.8975000000000001,0.9011,0.9021,0.9094000000000001,0.9096000000000001,0.9194,0.9226000000000001,0.9316000000000001,0.9393,0.9415,0.9451,0.9522,0.9637,0.9669000000000001,0.9732000000000001,0.9769000000000001,0.9801000000000001,0.9803000000000001,0.9888
70066:0.0342,0.8282,0.9401
70588:0.07490000000000001,0.0988,0.1297,0.15480000000000002,0.1903,0.22590000000000002,0.2597,0.2868,0.3115,0.3301,0.35950000000000004,0.3836,0.40790000000000004,0.4632,0.4975,0.5302,0.5695,0.5982000000000001,0.6201,0.6569,0.6876,0.7225,0.7457,0.7745000000000001,0.8114,0.8460000000000001,0.8807,0.9091,0.9736
71057:0.0106,0.024200000000000003,0.0352,0.042100000000000005,0.0546,0.06380000000000001,0.0708,0.08020000000000001,0.08950000000000001,0.0956,0.1056,0.11220000000000001,0.1189,0.1279,0.1368,0.1443,0.1554,0.1617,0.1724,0.1812,0.195,0.2031,0.21400000000000002,0.2212,0.23170000000000002,0.2381,0.2442,0.2506,0.2582,0.2659,0.2718,0.2793,0.2872,0.2948,0.3069,0.3141,0.32630000000000003,0.3345,0.3418,0.3478,0.3548,0.36310000000000003,0.3759,0.3851,0.395,0.402,0.40750000000000003,0.4158,0.42400000000000004,0.4318,0.44170000000000004,0.4506,0.4567,0.46590000000000004,0.4757,0.48210000000000003,0.49410000000000004,0.5032,0.512,0.5226000000000001,0.5303,0.5407000000000001,0.5485,0.5565,0.5611,0.5673,0.5761000000000001,0.5879,0.5942000000000001,0.6061000000000001,0.6152000000000001,0.6214000000000001,0.63,0.6429,0.6505000000000001,0.6567000000000001,0.662,0.6689,0.6819000000000001,0.6873,0.6941,0.7021000000000001,0.7111000000000001,0.7173,0.7277,0.7343000000000001,0.7418,0.7538,0.7617,0.7685000000000001,0.7768,0.7865000000000001,0.7937000000000001,0.8015,0.8089000000000001,0.8194,0.8240000000000001,0.8343,0.8437,0.8506,0.8633000000000001,0.8686,0.8794000000000001,0.8872,0.8984000000000001,0.9078,0.9148000000000001,0.9216000000000001,0.9317000000000001,0.9396,0.9483,0.9571000000000001,0.9655,0.9779,0.9886,0.9978
71216:0.0158,0.0164,0.020800000000000003,0.0246,0.0396,0.046,0.056,0.07,0.0752,0.099,0.10020000000000001,0.10690000000000001,0.1203,0.1255,0.1265,0.13340000000000002,0.139,0.161,0.16490000000000002,0.168,0.1817,0.1986,0.2102,0.21680000000000002,0.2187,0.2368,0.2464,0.2559,0.2574,0.2768,0.27940000000000004,0.2842,0.2873,0.2876,0.2944,0.30460000000000004,0.3064,0.3088,0.3185,0.319,0.3234,0.3262,0.3392,0.3402,0.3411,0.3435,0.3491,0.3501,0.3577,0.36060000000000003,0.3694,0.3725,0.37270000000000003,0.37610000000000005,0.3803,0.393,0.4136,0.4168,0.4186,0.4212,0.4504,0.4514,0.45330000000000004,0.4655,0.47490000000000004,0.4782,0.48090000000000005,0.48700000000000004,0.4873,0.4924,0.496,0.505,0.5052,0.5287000000000001,0.5297000000000001,0.5321,0.5372,0.5378000000000001,0.5387000000000001,0.5489,0.5522,0.5648000000000001,0.5677,0.5691,0.5736,0.5830000000000001,0.5840000000000001,0.5854,0.5991000000000001,0.6099,0.6236,0.6374000000000001,0.6485000000000001,0.6647000000000001,0.6859000000000001,0.6924,0.7021000000000001,0.7067,0.7180000000000001,0.7285,0.7362000000000001,0.7466,0.7513000000000001,0.7548,0.7597,0.7648,0.7695000000000001,0.7711,0.772,0.7792,0.7805000000000001,0.7842,0.7853,0.7859,0.7878000000000001,0.8044,0.8051,0.8089000000000001,0.8173,0.8192,0.8205,0.8228000000000001,0.8341000000000001,0.8413,0.8431000000000001,0.8477,0.8644000000000001,0.8761,0.8769,0.8787,0.8796,0.8887,0.8905000000000001,0.9017000000000001,0.9051,0.9065000000000001,0.9081,0.9114000000000001,0.921,0.927,0.9278000000000001,0.9348000000000001,0.9358000000000001,0.9383,0.9410000000000001,0.9509000000000001,0.9520000000000001,0.9647,0.9663,0.9708,0.9730000000000001,0.9765,0.9808,0.9862000000000001,0.991
71368:0.7211000000000001
71459:0.0173,0.0362,0.0456,0.0623,0.0702,0.08170000000000001,0.0926,0.1034,0.1115,0.1247,0.13470000000000001,0.14880000000000002,0.1605,0.1695,0.1862,0.199,0.20720000000000002,0.22190000000000001,0.2348,0.24300000000000002,0.2599,0.2707,0.2813,0.29000000000000004,0.3009,0.3141,0.3224,0.3382,0.34850000000000003,0.36000000000000004,0.3713,0.3835,0.39790000000000003,0.4067,0.42310000000000003,0.4318,0.443,0.4571,0.47890000000000005,0.49150000000000005,0.5005000000000001,0.5179,0.5295,0.546,0.5650000000000001,0.5784,0.5873,0.5957,0.6106,0.62,0.6321,0.6417,0.656,0.6678000000000001,0.6797000000000001,0.6881,0.7008,0.7109000000000001,0.7224,0.7378,0.7526,0.7635000000000001,0.7753,0.7927000000000001,0.8045,0.8176,0.8271000000000001,0.8380000000000001,0.8503000000000001,0.8631000000000001,0.8724000000000001,0.8872,0.8941,0.9048,0.9223,0.937,0.9490000000000001,0.9581000000000001,0.9646,0.9755,0.9915
71790:0.2237,0.4607
72066:0.1143,0.17400000000000002,0.30660000000000004,0.37770000000000004,0.4431,0.4998,0.5791000000000001,0.6444000000000001,0.7973,0.895,0.9681000000000001
72418:0.1542,0.432,0.5494,0.6234000000000001,0.7021000000000001,0.9237000000000001
72530:0.07200000000000001,0.09580000000000001,0.21450000000000002,0.3808,0.4068,0.537
72578:0.013300000000000001,0.050800000000000005,0.0782,0.1003,0.12940000000000002,0.15180000000000002,0.1849,0.20900000000000002,0.2364,0.2506,0.277,0.29100000000000004,0.31220000000000003,0.33180000000000004,0.35650000000000004,0.3718,0.387,0.4087,0.42850000000000005,0.458,0.4829,0.4963,0.5268,0.5660000000000001,0.5878,0.6107,0.6309,0.6549,0.6693,0.7071000000000001,0.755,0.7836000000000001,0.8068000000000001,0.8281000000000001,0.8427,0.864,0.8812000000000001,0.9136000000000001,0.9325,0.9549000000000001,0.9755,0.9933000000000001
72623:0.2197
72719:0.013800000000000002,0.0315,0.0438,0.054400000000000004,0.0641,0.0736,0.0981,0.10990000000000001,0.1302,0.16240000000000002,0.18580000000000002,0.1947,0.21910000000000002,0.2281,0.2554,0.2752,0.2882,0.2995,0.3245,0.333,0.3448,0.3629,0.37420000000000003,0.4005,0.4141,0.42400000000000004,0.43810000000000004,0.45740000000000003,0.47450000000000003,0.5035000000000001,0.5281,0.5517000000000001,0.5633,0.5722,0.5869,0.6001000000000001,0.6093000000000001,0.6217,0.6344000000000001,0.643,0.6693,0.6815,0.6917,0.7059000000000001,0.7140000000000001,0.7245,0.7451,0.7711,0.7807000000000001,0.8044,0.8386,0.8492000000000001,0.8603000000000001,0.878,0.886,0.9121,0.9288000000000001,0.9553,0.9770000000000001
72943:0.17420000000000002,0.2785,0.3473,0.4329,0.5813
72982:0.005200000000000001,0.0119,0.0247,0.031400000000000004,0.0584,0.059000000000000004,0.06670000000000001,0.08370000000000001,0.0954,0.1038,0.1043,0.10540000000000001,0.10740000000000001,0.10830000000000001,0.12840000000000001,0.1288,0.1321,0.136,0.139,0.15610000000000002,0.16440000000000002,0.1676,0.2084,0.2096,0.2303,0.2318,0.2515,0.2565,0.2602,0.2615,0.262,0.26580000000000004,0.27,0.2871,0.28950000000000004,0.32130000000000003,0.3385,0.34040000000000004,0.3407,0.35350000000000004,0.3734,0.3981,0.40130000000000005,0.40280000000000005,0.4038,0.4102,0.41140000000000004,0.4325,0.44220000000000004,0.44420000000000004,0.4485,0.45370000000000005,0.46740000000000004,0.46890000000000004,0.47390000000000004,0.4778,0.4922,0.5057,0.508,0.5149,0.5228,0.5322,0.5379,0.56,0.5602,0.5638000000000001,0.5641,0.5659000000000001,0.5718,0.5737,0.5773,0.5782,0.5840000000000001,0.5874,0.5887,0.5905,0.6037,0.6039,0.6045,0.6076,0.6086,0.6091,0.6162000000000001,0.6188,0.6191,0.6244000000000001,0.6251,0.6284000000000001,0.6373,0.6465000000000001,0.6485000000000001,0.6514,0.6643,0.6688000000000001,0.6709,0.6718000000000001,0.7019000000000001,0.7039000000000001,0.7075,0.7089000000000001,0.7281000000000001,0.7309,0.7365,0.7588,0.7638,0.7646000000000001,0.7673,0.7885000000000001,0.7985,0.8103,0.8190000000000001,0.8193,0.8234,0.8328,0.8353,0.8500000000000001,0.8521000000000001,0.8594,0.8614,0.889,0.8914000000000001,0.8931,0.8962,0.8979,0.9029,0.9048,0.906,0.9201,0.9246000000000001,0.9285,0.9481,0.9518000000000001,0.9567,0.9754,0.9772000000000001,0.995,0.9983000000000001
73133:0.0876,0.17170000000000002,0.3059,0.37970000000000004,0.49250000000000005,0.5788,0.6708000000000001,0.7992,0.9649000000000001
73539:0.3264,0.5871000000000001,0.8147000000000001
74126:0.7268
74159:0.0176,0.0483,0.0679,0.10210000000000001,0.1337,0.159,0.1764,0.20270000000000002,0.23090000000000002,0.2594,0.2847,0.315,0.3372,0.3675,0.3793,0.406,0.42600000000000005,0.4466,0.4722,0.503,0.5244,0.547,0.5608000000000001,0.5919,0.613,0.6353,0.6552,0.6768000000000001,0.6945,0.7186,0.7399,0.7667,0.7935,0.8145,0.8420000000000001,0.8813000000000001,0.8971,0.9287000000000001,0.9429000000000001,0.9651000000000001,0.9776,0.9979
74186:0.5112
74192:0.0024000000000000002,0.011000000000000001,0.0134,0.0146,0.019700000000000002,0.0337,0.0342,0.0408,0.0497,0.0529,0.057600000000000005,0.0604,0.0609,0.0627,0.06570000000000001,0.07,0.0732,0.08510000000000001,0.09910000000000001,0.10060000000000001,0.10400000000000001,0.11030000000000001,0.113,0.1187,0.125,0.126,0.129,0.1384,0.1391,0.14,0.1532,0.1884,0.1956,0.1973,0.20670000000000002,0.2096,0.2288,0.2326,0.25470000000000004,0.2763,0.2767,0.2887,0.29810000000000003,0.3155,0.3196,0.324,0.33890000000000003,0.3417,0.3432,0.34700000000000003,0.3653,0.36710000000000004,0.372,0.381,0.3839,0.4111,0.4164,0.4199,0.4293,0.4489,0.4531,0.4651,0.4884,0.4998,0.5007,0.5019,0.5075000000000001,0.5105000000000001,0.5167,0.5205000000000001,0.5265000000000001,0.5278,0.5292,0.5348,0.537,0.5412,0.5465,0.5668000000000001,0.5784,0.5998,0.6077,0.6103000000000001,0.629,0.6408,0.6461,0.6463,0.654,0.6561,0.6573,0.6601,0.6647000000000001,0.6718000000000001,0.6817000000000001,0.6862,0.7092,0.7103,0.7128,0.7175,0.7251000000000001,0.7279,0.7338,0.7397,0.7403000000000001,0.7425,0.7461,0.7492000000000001,0.7519,0.753,0.756,0.759,0.763,0.7654000000000001,0.7665000000000001,0.7725000000000001,0.774,0.7758,0.7924,0.8161,0.8163,0.8255,0.8497,0.8569,0.8673000000000001,0.8739,0.8757,0.8823000000000001,0.8846,0.8869,0.8893000000000001,0.8916000000000001,0.8973000000000001,0.9059,0.9094000000000001,0.9241,0.9464,0.9651000000000001,0.9669000000000001,0.9799,0.9961000000000001
74399:0.0128,0.022500000000000003,0.0346,0.055900000000000005,0.07200000000000001,0.08020000000000001,0.0965,0.1087,0.1263,0.1422,0.15080000000000002,0.1632,0.1744,0.1862,0.2011,0.21130000000000002,0.2323,0.2417,0.2519,0.2636,0.2763,0.2903,0.3029,0.3124,0.3251,0.338,0.34740000000000004,0.3608,0.37520000000000003,0.38830000000000003,0.4011,0.4132,0.42450000000000004,0.4369,0.44630000000000003,0.46130000000000004,0.47650000000000003,0.4882,0.5002,0.5149,0.5316000000000001,0.5373,0.5499,0.5603,0.5740000000000001,0.5902000000000001,0.5995,0.6095,0.6254000000000001,0.6418,0.6531,0.6672,0.6775,0.6885,0.7075,0.7210000000000001,0.7355,0.7484000000000001,0.7571,0.7678,0.7799,0.7969,0.8117000000000001,0.8183,0.8299000000000001,0.8426,0.8543000000000001,0.8639,0.8782000000000001,0.8873000000000001,0.8959,0.9135000000000001,0.9284,0.936,0.9496,0.9623,0.9722000000000001,0.9839,0.9961000000000001
74562:0.0765,0.1468,0.1757,0.26780000000000004,0.3748,0.4174,0.4257,0.49870000000000003,0.5104000000000001,0.5694,0.5823,0.662,0.8976000000000001,0.9572,0.9657
74633:0.1757,0.3257,0.5032,0.6743,0.9553
75832:0.0723,0.1129,0.1298,0.1567,0.1802,0.19870000000000002,0.2328,0.2671,0.2948,0.3126,0.34,0.3598,0.39030000000000004,0.41040000000000004,0.43160000000000004,0.45430000000000004,0.47690000000000005,0.5007,0.5241,0.5584,0.5731,0.5957,0.6168,0.6512,0.6638000000000001,0.6936,0.7302000000000001,0.7673,0.7889,0.8205,0.8701000000000001,0.8828,0.9172,0.9437000000000001,0.9542,0.9969
76241:0.0922,0.18910000000000002,0.2301,0.3124,0.3723,0.4359,0.5682,0.6899000000000001,0.7359,0.8679,0.9494,0.9860000000000001
76545:0.0016,0.0046,0.013000000000000001,0.0154,0.0158,0.0261,0.0275,0.029900000000000003,0.0344,0.0444,0.0546,0.0724,0.0757,0.0785,0.08950000000000001,0.0947,0.10700000000000001,0.11670000000000001,0.1182,0.1278,0.128,0.1291,0.1312,0.1343,0.1433,0.1449,0.14830000000000002,0.1487,0.1577,0.1632,0.1733,0.1759,0.17930000000000001,0.18000000000000002,0.2099,0.2101,0.2184,0.255,0.2637,0.2647,0.266,0.26940000000000003,0.2861,0.306,0.3119,0.3289,0.3291,0.3299,0.3325,0.3356,0.341,0.36150000000000004,0.3662,0.3763,0.385,0.386,0.4055,0.4156,0.4194,0.4238,0.4252,0.4315,0.4344,0.4419,0.48050000000000004,0.4867,0.504,0.514,0.5158,0.5208,0.5336000000000001,0.542,0.5508000000000001,0.5524,0.5646,0.5680000000000001,0.5838,0.6063000000000001,0.6183000000000001,0.6284000000000001,0.6295000000000001,0.6343,0.6575000000000001,0.6591,0.6623,0.6683,0.6695,0.67,0.6774,0.6788000000000001,0.683,0.6932,0.7415,0.7477,0.7545000000000001,0.7553000000000001,0.7619,0.7665000000000001,0.7671,0.779,0.7837000000000001,0.7883,0.7892,0.7908000000000001,0.8006000000000001,0.8176,0.8489,0.8502000000000001,0.871,0.8767,0.88,0.8919,0.8965000000000001,0.8969,0.8983000000000001,0.9013,0.9245000000000001,0.9253,0.9277000000000001,0.9309000000000001,0.9342,0.9482,0.9554,0.9799,0.9863000000000001,0.9976
76821:0.0333,0.09140000000000001,0.1734,0.2126,0.2928,0.3292,0.391,0.44060000000000005,0.4958,0.5483,0.5864,0.6388,0.6761,0.748,0.8563000000000001,0.9028,0.9586
77241:0.21380000000000002,0.3153,0.5008,0.6378,0.8160000000000001,0.9281
77806:0.0374,0.0834,0.16820000000000002,0.2878,0.3054,0.36970000000000003,0.4354,0.4887,0.5565,0.5771000000000001,0.6455000000000001,0.6689,0.7182000000000001,0.7906000000000001,0.8804000000000001,0.9385,0.9643
78074:0.045200000000000004,0.1211,0.1776,0.23270000000000002,0.3256,0.3924,0.4501,0.4923,0.5796,0.6471,0.7308,0.7858,0.8646,0.9068
78311:0.0853,0.1291,0.17220000000000002,0.2129,0.2439,0.321,0.3876,0.4617,0.4993,0.5357000000000001,0.547,0.6375000000000001,0.6695,0.7279,0.7742,0.8528,0.9268000000000001,0.9828
78527:0.0131,0.025,0.030500000000000003,0.0448,0.061200000000000004,0.0824,0.1468,0.19160000000000002,0.2061,0.2389,0.2997,0.30960000000000004,0.3462,0.3556,0.442,0.4806,0.5134000000000001,0.5393,0.5623,0.6086,0.6494,0.7347,0.756,0.7867000000000001,0.8596,0.881,0.8916000000000001,0.9387000000000001,0.9749000000000001,0.9917
78706:0.0158,0.0799,0.0998,0.3044,0.34750000000000003,0.4451,0.4731,0.6452,0.7132000000000001,0.7221000000000001,0.9305
78806:0.9381
78975:0.024,0.0383,0.07930000000000001,0.115,0.1427,0.1738,0.2019,0.2288,0.26580000000000004,0.2993,0.34940000000000004,0.38370000000000004,0.41650000000000004,0.4425,0.4737,0.48510000000000003,0.5349,0.5737,0.6054,0.6442,0.6691,0.7252000000000001,0.755,0.7817000000000001,0.8146,0.8601000000000001,0.8881,0.9011,0.9329000000000001,0.9643,0.9871000000000001
78988:0.22460000000000002
79993:0.14650000000000002,0.17550000000000002,0.2675,0.3745,0.4172,0.4984,0.5692,0.6617000000000001,0.8973000000000001,0.9647
81297:0.0315,0.4413,0.6079,0.6536000000000001,0.7642,0.9086000000000001
81321:0.044000000000000004
82145:0.0604,0.34750000000000003,0.41440000000000005,0.4939,0.6794,0.8208000000000001,0.9603
82734:0.18030000000000002,0.9692000000000001
83554:0.0335,0.11380000000000001,0.1631,0.2656,0.3488,0.40800000000000003,0.45270000000000005,0.6473,0.7878000000000001,0.8243,0.8692000000000001,0.9244,0.9898
83920:0.0345,0.055400000000000005,0.0814,0.1058,0.1635,0.2262,0.3019,0.35350000000000004,0.4289,0.45880000000000004,0.49010000000000004,0.5126000000000001,0.5716,0.6415000000000001,0.7170000000000001,0.783,0.8498,0.8879,0.9543
84243:0.1771,0.34540000000000004,0.4219,0.5082,0.5511,0.8242
84431:0.018600000000000002,0.0402,0.0675,0.1505,0.2114,0.3078,0.3509,0.37270000000000003,0.42110000000000003,0.44570000000000004,0.4889,0.6129,0.6555000000000001,0.6889000000000001,0.7728,0.7893,0.8265,0.8651000000000001,0.8813000000000001,0.9274,0.9765,0.9962000000000001
84472:0.0543,0.09280000000000001,0.137,0.17,0.2101,0.2513,0.2766,0.32,0.3675,0.40090000000000003,0.4334,0.4672,0.4984,0.5413,0.5821000000000001,0.6088,0.639,0.6699,0.7061000000000001,0.7429,0.7772,0.8589,0.8989,0.9550000000000001
84578:0.0081,0.012400000000000001,0.0154,0.0304,0.037700000000000004,0.055200000000000006,0.0572,0.0675,0.0688,0.0692,0.0761,0.11800000000000001,0.11960000000000001,0.12300000000000001,0.1237,0.1404,0.1463,0.1515,0.16820000000000002,0.17980000000000002,0.1865,0.1958,0.2008,0.21080000000000002,0.21180000000000002,0.2136,0.21930000000000002,0.22690000000000002,0.23190000000000002,0.2479,0.24810000000000001,0.2506,0.2604,0.2626,0.2662,0.2695,0.27590000000000003,0.2787,0.3034,0.3289,0.3386,0.3421,0.34390000000000004,0.3567,0.3579,0.3607,0.36860000000000004,0.3694,0.4187,0.43260000000000004,0.4329,0.43510000000000004,0.44480000000000003,0.4526,0.4637,0.4721,0.4733,0.4768,0.49310000000000004,0.49970000000000003,0.5083,0.5115000000000001,0.5469,0.548,0.5513,0.5579000000000001,0.5650000000000001,0.5760000000000001,0.5893,0.5948,0.6102000000000001,0.6177,0.6292,0.636,0.6379,0.6414000000000001,0.6421,0.6529,0.6873,0.7057,0.7147,0.7298,0.7386,0.7394000000000001,0.7456,0.7519,0.7679,0.7702,0.8013,0.8043,0.8061,0.8144,0.8428,0.8468,0.8525,0.8555,0.8574,0.8641000000000001,0.8705,0.9134,0.9158000000000001,0.9241,0.9251,0.9299000000000001,0.9343,0.9359000000000001,0.9364,0.9467000000000001,0.9488000000000001,0.9498000000000001,0.9547,0.9589000000000001,0.9647,0.9711000000000001,0.9738,0.9791000000000001,0.9868,0.9922000000000001
84617:0.0555,0.29660000000000003,0.7112,0.9575
84804:0.1711,0.22260000000000002,0.2868,0.36200000000000004,0.5856,0.6699,0.7014,0.7696000000000001,0.8093,0.9218000000000001,0.9620000000000001
85369:0.0835,0.11470000000000001,0.1678,0.2084,0.305,0.3468,0.3836,0.4278,0.47940000000000005,0.5086,0.5471,0.5946,0.6207,0.6684,0.7173,0.7597,0.792,0.8054,0.8456,0.9212,0.9594
85370:0.0782,0.9839
85900:0.3735,0.4974,0.6615,0.9348000000000001
86153:0.2376,0.3929
86266:0.021400000000000002,0.0349,0.059800000000000006,0.0878,0.1023,0.1206,0.1507,0.1729,0.1935,0.2102,0.23040000000000002,0.2457,0.27040000000000003,0.2931,0.30810000000000004,0.323,0.35050000000000003,0.36910000000000004,0.3925,0.40750000000000003,0.4441,0.4641,0.4852,0.5068,0.5251,0.5412,0.5652,0.5963,0.615,0.6432,0.6578,0.6762,0.7177,0.7377,0.7562,0.7876000000000001,0.8129000000000001,0.8439000000000001,0.8646,0.8871,0.8998,0.9236000000000001,0.9421,0.9575,0.9761000000000001,0.9945
86381:0.0258,0.046,0.0722,0.0969,0.1268,0.1587,0.191,0.2214,0.2646,0.2969,0.3307,0.35050000000000003,0.373,0.42160000000000003,0.4495,0.4798,0.5047,0.5411,0.5676,0.6064,0.6369,0.6579,0.7095,0.7429,0.7777000000000001,0.8166,0.8455,0.8682000000000001,0.8852000000000001,0.9277000000000001,0.9507000000000001,0.9750000000000001
86439:0.659,0.8493,0.9566
86446:0.08650000000000001,0.13490000000000002,0.16970000000000002,0.2197,0.26380000000000003,0.30360000000000004,0.3325,0.37820000000000004,0.42500000000000004,0.46780000000000005,0.5069,0.5651,0.6064,0.6611,0.6894,0.744,0.7778,0.8118000000000001,0.8431000000000001,0.8843000000000001,0.9103,0.9486,0.9939
86580:0.0444,0.2107,0.4772,0.5496,0.6288,0.7585000000000001,0.7986000000000001
87026:0.0422,0.9487000000000001
87120:0.6082000000000001
87495:0.32980000000000004,0.5071,0.6803,0.9588000000000001
87693:0.0717,0.4209,0.5775,0.9523
87704:0.0071,0.013000000000000001,0.0151,0.0234,0.028,0.0284,0.0427,0.048,0.050100000000000006,0.0815,0.1023,0.1046,0.1072,0.1082,0.11800000000000001,0.1246,0.1275,0.13240000000000002,0.1364,0.1458,0.154,0.159,0.1636,0.1691,0.1699,0.1758,0.1864,0.2066,0.2073,0.2139,0.2205,0.2252,0.23720000000000002,0.24130000000000001,0.2528,0.2548,0.269,0.27640000000000003,0.2823,0.28950000000000004,0.29660000000000003,0.30770000000000003,0.3163,0.3216,0.3418,0.3473,0.34890000000000004,0.3598,0.36200000000000004,0.3728,0.3854,0.3906,0.40080000000000005,0.4012,0.4016,0.4077,0.4083,0.4136,0.42160000000000003,0.4238,0.4339,0.4354,0.43670000000000003,0.43860000000000005,0.4403,0.44480000000000003,0.4465,0.4514,0.4525,0.4534,0.4632,0.4636,0.47350000000000003,0.47440000000000004,0.48560000000000003,0.49510000000000004,0.5027,0.5092,0.5098,0.5128,0.5163,0.5296000000000001,0.5333,0.5378000000000001,0.5495,0.5552,0.5603,0.5611,0.5638000000000001,0.5822,0.5913,0.5935,0.5963,0.6038,0.6066,0.6159,0.6217,0.6266,0.6288,0.6312,0.6315000000000001,0.6409,0.6429,0.6509,0.6721,0.6745,0.6765,0.6769000000000001,0.6794,0.6814,0.6928000000000001,0.6938000000000001,0.6958000000000001,0.6965,0.7190000000000001,0.7204,0.7319,0.7383000000000001,0.7391000000000001,0.7395,0.7474000000000001,0.7591,0.7604000000000001,0.7743,0.7816000000000001,0.7845000000000001,0.7932,0.8025,0.8255,0.8302,0.8448,0.8464,0.8528,0.8954000000000001,0.8972,0.8985000000000001,0.905,0.9284,0.9390000000000001,0.9481,0.9486,0.9504,0.9533,0.9569000000000001,0.9698
87710:0.0269,0.0776,0.1422,0.2024,0.2354,0.2977,0.3509,0.4394,0.4757,0.5358,0.6064,0.6466000000000001,0.7256,0.7504000000000001,0.7836000000000001,0.8559,0.8895000000000001,0.9306000000000001,0.9861000000000001
89211:0.7381000000000001,0.9811000000000001
89225:0.0603,0.112,0.1605,0.2218,0.2574,0.33390000000000003,0.3698,0.4073,0.42450000000000004,0.458,0.4929,0.5426,0.5626,0.6339,0.656,0.6809000000000001,0.7517,0.8260000000000001,0.8878,0.926,0.9586
89492:0.0318,0.2082
89666:0.07590000000000001,0.15380000000000002,0.2873,0.35050000000000003,0.42600000000000005,0.5172,0.5853,0.6477,0.7168,0.7774000000000001,0.8834000000000001,0.9557
89784:0.2086,0.5843
90602:0.26430000000000003,0.3743,0.4282,0.5053,0.5680000000000001,0.6615,0.9337000000000001
90781:0.0724,0.1368,0.28900000000000003,0.367,0.4418,0.6168,0.6898000000000001,0.9136000000000001,0.9532,0.9925
90882:0.031,0.0323,0.0339,0.0729,0.08030000000000001,0.08370000000000001,0.08660000000000001,0.0897,0.09730000000000001,0.1047,0.10930000000000001,0.1096,0.11170000000000001,0.11420000000000001,0.117,0.1318,0.1365,0.1371,0.1406,0.1476,0.15,0.1542,0.1598,0.165,0.1652,0.19060000000000002,0.194,0.2,0.2313,0.23420000000000002,0.23500000000000001,0.2374,0.2388,0.24330000000000002,0.2474,0.25680000000000003,0.26230000000000003,0.2634,0.268,0.2782,0.2828,0.2917,0.3045,0.309,0.3105,0.31520000000000004,0.3179,0.32480000000000003,0.3365,0.3446,0.3663,0.3683,0.37770000000000004,0.40940000000000004,0.4116,0.4171,0.4186,0.4218,0.4273,0.42850000000000005,0.43870000000000003,0.4481,0.4486,0.4531,0.45740000000000003,0.45890000000000003,0.46090000000000003,0.4622,0.4748,0.4773,0.47800000000000004,0.4783,0.4882,0.518,0.5404,0.5542,0.5584,0.5640000000000001,0.5705,0.5707,0.5726,0.5804,0.5864,0.5890000000000001,0.5937,0.599,0.6041000000000001,0.6101,0.6147,0.6179,0.6315000000000001,0.6394000000000001,0.6449,0.647,0.6568,0.6593,0.6652,0.6688000000000001,0.6920000000000001,0.6970000000000001,0.7102,0.7339,0.7397,0.7497,0.7503000000000001,0.7543000000000001,0.78,0.7939,0.7971,0.8169000000000001,0.8196,0.8287,0.8324,0.8451000000000001,0.8463,0.8525,0.8536,0.8606,0.8612000000000001,0.8622000000000001,0.865,0.8766,0.882,0.8872,0.8933000000000001,0.8939,0.9075000000000001,0.9275,0.9345,0.9613,0.9734,0.9761000000000001,0.9765,0.9815,0.9849,0.9862000000000001,0.9904000000000001,0.9947,0.999
91224:0.0049,0.0125,0.014700000000000001,0.020900000000000002,0.025,0.0256,0.0302,0.036000000000000004,0.0575,0.06420000000000001,0.0656,0.0659,0.06960000000000001,0.0855,0.11130000000000001,0.11380000000000001,0.117,0.1236,0.1242,0.1247,0.12490000000000001,0.1257,0.12840000000000001,0.1467,0.1705,0.1842,0.1854,0.19490000000000002,0.1985,0.2086,0.2117,0.2175,0.22590000000000002,0.2336,0.258,0.25930000000000003,0.2607,0.2697,0.28190000000000004,0.28350000000000003,0.2883,0.2923,0.31020000000000003,0.3133,0.3186,0.33080000000000004,0.34190000000000004,0.3448,0.3537,0.3569,0.35850000000000004,0.3588,0.36360000000000003,0.37670000000000003,0.38870000000000005,0.38920000000000005,0.3904,0.3907,0.3916,0.39330000000000004,0.40140000000000003,0.4016,0.406,0.4116,0.4172,0.43060000000000004,0.4318,0.4378,0.46940000000000004,0.4717,0.4753,0.4801,0.48460000000000003,0.49870000000000003,0.5046,0.5084000000000001,0.5191,0.5229,0.5257000000000001,0.5293,0.5357000000000001,0.5385,0.5439,0.5585,0.5598000000000001,0.5637,0.5663,0.5756,0.5787,0.5798,0.5817,0.5984,0.601,0.6106,0.6131,0.6216,0.628,0.632,0.6326,0.6372,0.6414000000000001,0.6462,0.6471,0.6507000000000001,0.6527000000000001,0.6536000000000001,0.6622,0.6639,0.6669,0.6764,0.6796,0.6861,0.6920000000000001,0.7031000000000001,0.7038,0.7049000000000001,0.7249,0.7265,0.7321000000000001,0.7343000000000001,0.7364,0.7547,0.7673,0.7714000000000001,0.7776000000000001,0.7819,0.7914,0.8014,0.8051,0.8203,0.8326,0.8356,0.8537,0.8763000000000001,0.88,0.8804000000000001,0.8882,0.912,0.9191,0.9194,0.9235000000000001,0.9247000000000001,0.9258000000000001,0.9273,0.9424,0.9468000000000001,0.9529000000000001,0.9534,0.9607,0.9636,0.9638000000000001,0.9693,0.9722000000000001,0.9751000000000001,0.9792000000000001,0.9843000000000001,0.9938,0.9948,0.9967,0.9984000000000001,0.9986
92174:0.11620000000000001,0.17200000000000001,0.26580000000000004,0.3194,0.40900000000000003,0.6125,0.6763,0.7959,0.8187000000000001,0.9351,0.9875
92303:0.0274,0.0468,0.0631,0.082,0.0952,0.108,0.1223,0.1368,0.15480000000000002,0.1723,0.1917,0.20650000000000002,0.2192,0.2378,0.25270000000000004,0.2667,0.2842,0.3009,0.31620000000000004,0.333,0.35050000000000003,0.3608,0.3795,0.397,0.40740000000000004,0.42850000000000005,0.4466,0.45780000000000004,0.4726,0.4919,0.5108,0.5291,0.5454,0.5647,0.5808,0.5935,0.6125,0.6254000000000001,0.6392,0.6531,0.6666000000000001,0.6827000000000001,0.6956,0.7088,0.7262000000000001,0.7383000000000001,0.7546,0.7684000000000001,0.7902,0.8053,0.8209000000000001,0.8393,0.8537,0.8647,0.8849,0.8976000000000001,0.914,0.9296000000000001,0.9495,0.9663,0.9864
92427:0.0781,0.113,0.1459,0.17070000000000002,0.20320000000000002,0.2349,0.281,0.3052,0.3451,0.3768,0.4343,0.4852,0.5145000000000001,0.5551,0.5765,0.619,0.6478,0.6681,0.7176,0.7693,0.7962,0.8551000000000001,0.8872,0.9342,0.9641000000000001,0.9899
92995:0.0105,0.0181,0.0298,0.056900000000000006,0.0721,0.0979,0.1293,0.1563,0.1827,0.1927,0.22190000000000001,0.254,0.2801,0.3015,0.33140000000000003,0.3436,0.36810000000000004,0.4051,0.42600000000000005,0.43810000000000004,0.46580000000000005,0.4797,0.5036,0.5239,0.5397000000000001,0.5588000000000001,0.5693,0.5955,0.6096,0.624,0.6363,0.6596000000000001,0.6863,0.7081000000000001,0.7359,0.7468,0.7715000000000001,0.8069000000000001,0.8417,0.8550000000000001,0.8773000000000001,0.89,0.914,0.9267000000000001,0.9509000000000001,0.9754,0.9995
93447:0.0015,0.004200000000000001,0.0053,0.0076,0.0126,0.0264,0.0358,0.0437,0.045000000000000005,0.046900000000000004,0.048,0.049100000000000005,0.0514,0.0608,0.06760000000000001,0.068,0.075,0.0804,0.0809,0.0916,0.097,0.1042,0.1075,0.1275,0.1293,0.1359,0.14170000000000002,0.14550000000000002,0.1578,0.1721,0.1797,0.1867,0.1874,0.2,0.20070000000000002,0.2076,0.228,0.2285,0.22890000000000002,0.2323,0.23820000000000002,0.24080000000000001,0.2429,0.25720000000000004,0.25880000000000003,0.265,0.27690000000000003,0.2777,0.2798,0.28300000000000003,0.29410000000000003,0.29560000000000003,0.3216,0.3261,0.3307,0.3435,0.3533,0.35700000000000004,0.35800000000000004,0.36150000000000004,0.36210000000000003,0.364,0.3664,0.36810000000000004,0.3699,0.39330000000000004,0.40640000000000004,0.42260000000000003,0.4254,0.42600000000000005,0.46540000000000004,0.4778,0.4874,0.48760000000000003,0.4955,0.5165000000000001,0.5219,0.5454,0.5518000000000001,0.5545,0.5627,0.5731,0.5803,0.5871000000000001,0.5874,0.5993,0.6007,0.6107,0.6205,0.6212,0.6229,0.627,0.6374000000000001,0.6507000000000001,0.6528,0.6558,0.6564,0.6586000000000001,0.6665,0.6672,0.6746,0.6762,0.6806,0.6837000000000001,0.6985,0.7054,0.7187,0.7372000000000001,0.7552,0.7598,0.7735000000000001,0.7748,0.7765000000000001,0.7955,0.8005,0.8011,0.804,0.8051,0.8181,0.8220000000000001,0.8341000000000001,0.8351000000000001,0.8356,0.8370000000000001,0.8387,0.8454,0.8541000000000001,0.8713000000000001,0.8735,0.8892,0.8924000000000001,0.8985000000000001,0.9123,0.9151,0.9184,0.9241,0.9364,0.9488000000000001,0.9519000000000001,0.9555,0.9574,0.9722000000000001,0.9806,0.9882000000000001,0.9965
93492:0.4355
93547:0.023100000000000002,0.13970000000000002,0.2011,0.2909,0.3531,0.4107,0.47490000000000004,0.5337000000000001,0.6066,0.6684,0.7801,0.8154,0.8872,0.9580000000000001
93650:0.095,0.163,0.2741,0.3466,0.47990000000000005,0.7198,0.9264
93663:0.0494,0.8397,0.9529000000000001
93674:0.037000000000000005,0.1459,0.20570000000000002,0.32130000000000003,0.3925,0.4162,0.4802,0.539,0.6136,0.6725,0.7852,0.8224,0.937,0.9603
93733:0.8169000000000001
93911:0.0115,0.1223,0.1812,0.2625,0.3018,0.35800000000000004,0.5052,0.5502,0.6468,0.6911,0.7847000000000001,0.8804000000000001,0.9477000000000001,0.9873000000000001
93981:0.0679,0.10600000000000001,0.1526,0.202,0.2474,0.2892,0.3235,0.3841,0.437,0.4752,0.5305,0.5792,0.6226,0.6659,0.7094,0.76,0.8113,0.8490000000000001,0.8947,0.9332,0.9702000000000001
93983:0.015600000000000001
94443:0.0189,0.0413,0.0599,0.07690000000000001,0.09630000000000001,0.1105,0.1318,0.1526,0.1658,0.18130000000000002,0.1971,0.2157,0.22790000000000002,0.25070000000000003,0.26280000000000003,0.2827,0.3023,0.32130000000000003,0.3401,0.3574,0.3723,0.3935,0.4072,0.4262,0.4445,0.4672,0.4829,0.5031,0.5184,0.5307000000000001,0.5523,0.5654,0.5876,0.6006,0.6153000000000001,0.6279,0.6406000000000001,0.6608,0.6787000000000001,0.6922,0.7118,0.7338,0.7495,0.7712,0.7869,0.8041,0.8146,0.8313,0.8465,0.8631000000000001,0.8797,0.8944000000000001,0.9105000000000001,0.926,0.9417000000000001,0.9551000000000001,0.9768,0.9967
95107:0.08420000000000001,0.1996,0.3559,0.5348,0.7501
95175:0.0563,0.15410000000000001,0.2953,0.39580000000000004,0.4882,0.5999,0.7165,0.9142,0.9614
95185:0.034300000000000004,0.0965,0.1351,0.1814,0.2524,0.2896,0.3309,0.4228,0.45740000000000003,0.49050000000000005,0.541,0.6073000000000001,0.6456000000000001,0.6823,0.7378,0.7848,0.8460000000000001,0.876,0.9385,0.9751000000000001
95216:0.1534,0.2384,0.6169,0.8861
95230:0.062200000000000005,0.1285,0.1695,0.2571,0.3642,0.40700000000000003,0.4917,0.5032,0.5615,0.6534,0.8340000000000001,0.9268000000000001
95396:0.0716,0.4446,0.6924,0.8262,0.9577
95611:0.0175,0.0543,0.0795,0.1125,0.1307,0.2144,0.2442,0.26530000000000004,0.2902,0.3194,0.3331,0.3684,0.39280000000000004,0.42600000000000005,0.4587,0.48800000000000004,0.5298,0.5591,0.5832,0.6054,0.6478,0.6592,0.6731,0.7077,0.7226,0.7501,0.7656000000000001,0.7769,0.7904,0.8276,0.8776,0.888,0.9185000000000001,0.9614,0.9797
95642:0.0216,0.07880000000000001,0.1119,0.1643,0.1774,0.26230000000000003,0.3078,0.33990000000000004,0.3512,0.4051,0.42810000000000004,0.4464,0.48300000000000004,0.5117,0.5740000000000001,0.611,0.7168,0.8001,0.8160000000000001,0.8641000000000001,0.9331,0.9843000000000001
96208:0.0252,0.076,0.1378,0.1771,0.2049,0.2575,0.2801,0.3342,0.372,0.4062,0.4455,0.47990000000000005,0.5185000000000001,0.5437000000000001,0.5789000000000001,0.6136,0.6367,0.6864,0.7170000000000001,0.7503000000000001,0.7779,0.8250000000000001,0.8843000000000001,0.907,0.9365,0.9768
96403:0.0297,0.0799,0.1342,0.1527,0.2068,0.23850000000000002,0.3008,0.3532,0.4415,0.4793,0.5386000000000001,0.609,0.6488,0.7293000000000001,0.7559,0.7866000000000001,0.8594,0.8923000000000001,0.9335,0.9786,0.9948
97008:0.0109,0.024800000000000003,0.041600000000000005,0.0538,0.0655,0.0743,0.08310000000000001,0.0954,0.1052,0.11380000000000001,0.12300000000000001,0.1321,0.1416,0.1506,0.1592,0.1685,0.18150000000000002,0.1957,0.20670000000000002,0.2139,0.2218,0.23320000000000002,0.2429,0.25630000000000003,0.2654,0.2733,0.2821,0.2909,0.2989,0.3104,0.31870000000000004,0.333,0.34640000000000004,0.3552,0.3637,0.3765,0.3861,0.3996,0.40840000000000004,0.4182,0.4292,0.4428,0.4511,0.4585,0.4711,0.48200000000000004,0.4934,0.5098,0.523,0.5339,0.5554,0.5641,0.5719000000000001,0.5790000000000001,0.5882000000000001,0.5984,0.6079,0.6159,0.624,0.632,0.6478,0.6588,0.6683,0.6815,0.6892,0.6989000000000001,0.7084,0.7178,0.729,0.7359,0.7452000000000001,0.7537,0.7621,0.7715000000000001,0.7846000000000001,0.7944,0.8034,0.8116,0.8203,0.8332,0.8433,0.8538,0.8635,0.8721,0.8831,0.8924000000000001,0.9018,0.9132,0.9223,0.9333,0.9428000000000001,0.9520000000000001,0.9621000000000001,0.9717,0.9821000000000001,0.9932000000000001
97109:0.2637,0.5091
97113:0.025,0.0765,0.1346,0.17800000000000002,0.2605,0.29460000000000003,0.337,0.3811,0.42450000000000004,0.4732,0.5111,0.5348,0.5730000000000001,0.6198,0.6766,0.6997,0.7436,0.8136,0.8529,0.909,0.9578000000000001
97451:0.0378,0.2504,0.37510000000000004,0.5158,0.5728,0.7647,0.8510000000000001,0.8986000000000001,0.9607
97810:0.8196
97917:0.7324
98019:0.23270000000000002,0.3839,0.8154
98950:0.031200000000000002,0.0565,0.0956,0.1328,0.17400000000000002,0.2106,0.32230000000000003,0.3688,0.43820000000000003,0.49720000000000003,0.5457000000000001,0.5862,0.6391,0.746,0.8319000000000001,0.8608,0.9005000000000001,0.9581000000000001
99178:0.0529,0.0747
99208:0.0241,0.040600000000000004,0.054200000000000005,0.0694,0.08800000000000001,0.1046,0.1242,0.1479,0.1637,0.1794,0.19260000000000002,0.21400000000000002,0.228,0.252,0.271,0.2828,0.2958,0.3059,0.3191,0.3325,0.3468,0.3677,0.402,0.4239,0.4409,0.45840000000000003,0.4726,0.4823,0.5019,0.5206000000000001,0.5376000000000001,0.5597,0.5885,0.6066,0.6231,0.6362,0.6464000000000001,0.6621,0.6826,0.7032,0.7173,0.7362000000000001,0.7594000000000001,0.7811,0.7946000000000001,0.8165,0.8361000000000001,0.8472000000000001,0.8614,0.8741,0.8894000000000001,0.9131,0.9345,0.9499000000000001,0.9655,0.9779,0.9989
99617:0.0921,0.10450000000000001,0.22240000000000001,0.3643,0.6315000000000001,0.7109000000000001,0.7616
99695:0.13520000000000001,0.1699,0.2733,0.32,0.37520000000000003,0.40030000000000004,0.4359,0.4697,0.5982000000000001,0.6639,0.7778,0.8911,0.9498000000000001
99759:0.47240000000000004
99782:0.0332,0.48860000000000003
99783:0.0546,0.09140000000000001,0.19590000000000002,0.31930000000000003,0.364,0.4068,0.43460000000000004,0.49510000000000004,0.5373,0.6427,0.6799000000000001,0.8144,0.8498,0.9429000000000001,0.9624,0.9867
100092:0.09340000000000001,0.1429,0.1824,0.2499,0.2896,0.32080000000000003,0.36310000000000003,0.39940000000000003,0.4312,0.4938,0.5375,0.5943,0.6426000000000001,0.6814,0.8180000000000001,0.8533000000000001,0.8934000000000001,0.9390000000000001,0.9853000000000001
100390:0.2556
100474:0.08600000000000001,0.1335,0.1643,0.2061,0.24050000000000002,0.2726,0.315,0.36310000000000003,0.39540000000000003,0.4263,0.46080000000000004,0.5285000000000001,0.5760000000000001,0.6058,0.6605000000000001,0.6991,0.7359,0.775,0.8848,0.9460000000000001
101037:0.0349,0.128,0.2887,0.33490000000000003,0.3664,0.4001,0.447,0.4758,0.5286000000000001,0.5841000000000001,0.6561,0.6867000000000001,0.7761,0.8767,0.9490000000000001,0.9728
101321:0.054,0.062400000000000004,0.0855,0.0959,0.15510000000000002,0.16340000000000002,0.17650000000000002,0.2677,0.274,0.3392,0.3468,0.41140000000000004,0.4184,0.4711,0.47950000000000004,0.4897,0.5146000000000001,0.5658000000000001,0.7124,0.7198,0.8221,0.9181,0.9265,0.9562
102031:0.2144,0.23140000000000002,0.2566,0.2936,0.40280000000000005,0.5874,0.6717000000000001,0.6811,0.7533000000000001,0.7733,0.8077000000000001,0.9232,0.9332,0.9579000000000001,0.9936
102124:0.044700000000000004,0.2227
102708:0.6396000000000001,0.6592
102806:0.055200000000000006,0.1519,0.29910000000000003,0.393,0.6014,0.7075,0.8161,0.9139
103226:0.025,0.060200000000000004,0.0799,0.1401,0.1663,0.2301,0.26280000000000003,0.2918,0.3551,0.3845,0.4112,0.4315,0.46480000000000005,0.4929,0.5181,0.543,0.5851000000000001,0.6063000000000001,0.6255000000000001,0.6416000000000001,0.6815,0.7005,0.7632,0.8130000000000001,0.904,0.9314,0.9486,0.9812000000000001
103280:0.048600000000000004,0.18560000000000001,0.4969,0.7936000000000001,0.9422,0.9798
103318:0.5565,0.6920000000000001
103504:0.0441,0.11570000000000001,0.15,0.20850000000000002,0.3215,0.39480000000000004,0.4202,0.48310000000000003,0.5398000000000001,0.6108,0.6728000000000001,0.7846000000000001,0.8247,0.932,0.9609000000000001
103718:0.09920000000000001,0.2159,0.32280000000000003,0.4504,0.5029,0.5773,0.651,0.7147,0.7591,0.8444,0.9036000000000001
104365:0.017400000000000002,0.0487,0.0742,0.1159,0.15380000000000002,0.1636,0.18560000000000001,0.20650000000000002,0.2553,0.27590000000000003,0.2936,0.33140000000000003,0.3423,0.37360000000000004,0.4061,0.42150000000000004,0.47040000000000004,0.5059,0.5247,0.5585,0.5930000000000001,0.6186,0.6438,0.6874,0.7121000000000001,0.7503000000000001,0.7779,0.8073,0.8260000000000001,0.8813000000000001,0.9054000000000001,0.9304,0.9501000000000001,0.9775
104632:0.0824,0.165,0.22870000000000001,0.3514,0.446,0.5406000000000001,0.6159,0.6642,0.7501,0.8166,0.8928,0.9599000000000001
104833:0.045700000000000005,0.0708,0.1675,0.3005,0.4232,0.446,0.5745,0.617,0.6906,0.8360000000000001,0.9264,0.9551000000000001,0.9984000000000001
105214:0.013900000000000001,0.0207,0.0325,0.046200000000000005,0.0632,0.08,0.0916,0.1024,0.11370000000000001,0.1269,0.1355,0.1501,0.1681,0.1764,0.1865,0.19540000000000002,0.20750000000000002,0.2177,0.2283,0.2436,0.256,0.2645,0.27740000000000004,0.2877,0.2964,0.3042,0.31970000000000004,0.3342,0.3467,0.3655,0.3755,0.3871,0.4076,0.4234,0.435,0.4466,0.4592,0.46880000000000005,0.47790000000000005,0.5019,0.5125000000000001,0.5262,0.5379,0.5623,0.5718,0.5875,0.5983,0.6152000000000001,0.6258,0.6373,0.6592,0.6691,0.6831,0.6928000000000001,0.7084,0.7196,0.7345,0.7462000000000001,0.7559,0.7678,0.7776000000000001,0.7876000000000001,0.8007000000000001,0.8121,0.8376,0.8474,0.859,0.8769,0.8877,0.8982,0.9125000000000001,0.9309000000000001,0.9503,0.9583,0.9726,0.9817,0.9908
105242:0.07440000000000001,0.12100000000000001,0.1403,0.16490000000000002,0.2441,0.2916,0.3604,0.37210000000000004,0.4319,0.4465,0.5028,0.538,0.5976,0.6208,0.6695,0.6922,0.7453000000000001,0.8117000000000001,0.9155000000000001,0.9552,0.9942000000000001
105517:0.0965,0.2223,0.29710000000000003,0.3945,0.6950000000000001,0.7802,0.9221
106130:0.015300000000000001,0.0402,0.0629,0.0772,0.0945,0.1072,0.124,0.1458,0.1585,0.1839,0.2001,0.21860000000000002,0.23670000000000002,0.2577,0.2758,0.2878,0.305,0.3169,0.34290000000000004,0.3534,0.36860000000000004,0.3816,0.40190000000000003,0.4213,0.4369,0.45370000000000005,0.4758,0.49010000000000004,0.5158,0.5286000000000001,0.5621,0.5778,0.5907,0.6095,0.6214000000000001,0.6349,0.6548,0.668,0.6881,0.7038,0.7189,0.7351000000000001,0.7518,0.764,0.7881,0.8046000000000001,0.8199000000000001,0.8378,0.8511000000000001,0.87,0.8902,0.9021,0.9203,0.9443,0.9592,0.9732000000000001,0.9913000000000001
106702:0.0378,0.08220000000000001,0.14550000000000002,0.18080000000000002,0.2325,0.303,0.35660000000000003,0.39180000000000004,0.44570000000000004,0.4879,0.5407000000000001,0.5934,0.6472,0.6957,0.731,0.7853,0.8638,0.9036000000000001,0.9624,0.9914000000000001
107201:0.5474,0.6988000000000001
107818:0.0795,0.9857
107826:0.0466,0.3327,0.5025000000000001,0.5474,0.9607
107912:0.0328,0.643
108148:0.0219,0.0441,0.061900000000000004,0.0785,0.0952,0.1109,0.1306,0.1529,0.16770000000000002,0.185,0.2011,0.2162,0.2358,0.2553,0.2755,0.2934,0.31170000000000003,0.3284,0.34740000000000004,0.3664,0.3861,0.40090000000000003,0.4173,0.4302,0.4489,0.4672,0.48450000000000004,0.5017,0.5236000000000001,0.5428000000000001,0.5608000000000001,0.5820000000000001,0.5983,0.6162000000000001,0.6332,0.6514,0.6692,0.6855,0.7031000000000001,0.7183,0.7382000000000001,0.7586,0.7746000000000001,0.7956000000000001,0.8119000000000001,0.8298000000000001,0.8464,0.8668,0.8843000000000001,0.901,0.9153,0.9333,0.9523,0.9695,0.9848
108631:0.0212,0.032600000000000004,0.116,0.2038,0.3501,0.44520000000000004,0.4829,0.5196000000000001,0.6122000000000001,0.754,0.8175,0.8706,0.8937,0.9339000000000001,0.9925
108734:0.030500000000000003,0.0728,0.9916
108748:0.0292
108939:0.0257,0.077,0.1135,0.1374,0.1631,0.2018,0.228,0.26,0.2816,0.3408,0.3715,0.4046,0.4339,0.4783,0.48710000000000003,0.5413,0.5765,0.6132000000000001,0.6378,0.6675,0.7085,0.7589,0.7785000000000001,0.8216,0.8509,0.8725,0.9125000000000001,0.9337000000000001,0.9643,0.9819
109232:0.008400000000000001,0.0149,0.0261,0.0318,0.0378,0.044700000000000004,0.0534,0.0609,0.0688,0.07830000000000001,0.0882,0.09580000000000001,0.1042,0.11380000000000001,0.1222,0.12940000000000002,0.13920000000000002,0.1495,0.15660000000000002,0.1652,0.1743,0.18030000000000002,0.1885,0.1955,0.20350000000000001,0.21200000000000002,0.22080000000000002,0.2277,0.24100000000000002,0.2505,0.2592,0.27090000000000003,0.27840000000000004,0.2866,0.29450000000000004,0.3025,0.31320000000000003,0.32,0.3289,0.3365,0.3436,0.35050000000000003,0.36050000000000004,0.3674,0.3749,0.38670000000000004,0.39380000000000004,0.4026,0.41100000000000003,0.42150000000000004,0.42810000000000004,0.4359,0.4433,0.4516,0.4587,0.4677,0.47640000000000005,0.48800000000000004,0.496,0.5032,0.5131,0.5192,0.5255000000000001,0.5326000000000001,0.5414,0.5506,0.5576,0.5665,0.5789000000000001,0.5861000000000001,0.5934,0.6007,0.6079,0.6192000000000001,0.6248,0.6313000000000001,0.6378,0.6453,0.6519,0.6591,0.6696000000000001,0.6791,0.6862,0.6958000000000001,0.7052,0.7123,0.7217,0.7358,0.7434000000000001,0.752,0.7621,0.7689,0.7763,0.7844,0.7986000000000001,0.807,0.8165,0.8266,0.8354,0.8439000000000001,0.8524,0.86,0.8727,0.8782000000000001,0.8837,0.8918,0.8992,0.9074000000000001,0.9132,0.9228000000000001,0.929,0.9447000000000001,0.9517,0.9601000000000001,0.9676,0.9755,0.9840000000000001,0.9932000000000001
109266:0.0018000000000000002,0.0095,0.0322,0.0324,0.0364,0.0407,0.0478,0.0551,0.0613,0.06910000000000001,0.07590000000000001,0.0886,0.0918,0.0922,0.0936,0.1022,0.1042,0.1231,0.13490000000000002,0.13520000000000001,0.1405,0.1519,0.15330000000000002,0.15610000000000002,0.16670000000000001,0.16740000000000002,0.17750000000000002,0.17830000000000001,0.1789,0.18510000000000001,0.18910000000000002,0.191,0.2049,0.2073,0.2093,0.2233,0.2247,0.2275,0.2315,0.2412,0.24180000000000001,0.2432,0.24430000000000002,0.24530000000000002,0.2606,0.2666,0.2692,0.2817,0.28290000000000004,0.2872,0.2997,0.2999,0.3035,0.3043,0.3052,0.3089,0.3136,0.3195,0.3241,0.3262,0.3335,0.33580000000000004,0.337,0.34290000000000004,0.34940000000000004,0.3512,0.3548,0.3583,0.35960000000000003,0.368,0.377,0.3808,0.3811,0.3856,0.396,0.4025,0.4142,0.4171,0.4178,0.41800000000000004,0.4233,0.43160000000000004,0.4358,0.43710000000000004,0.4388,0.45180000000000003,0.4708,0.47240000000000004,0.4834,0.4838,0.5001,0.5017,0.5075000000000001,0.5199,0.5227,0.5267000000000001,0.5477000000000001,0.5544,0.5556,0.561,0.5633,0.5663,0.5760000000000001,0.5793,0.5809000000000001,0.5835,0.5903,0.5942000000000001,0.6043000000000001,0.6169,0.6182000000000001,0.6253000000000001,0.632,0.6376000000000001,0.6462,0.6469,0.6654,0.6765,0.6787000000000001,0.6832,0.6851,0.6998000000000001,0.7081000000000001,0.7206,0.7273000000000001,0.7333000000000001,0.7373000000000001,0.7376,0.7482000000000001,0.7546,0.7569,0.7602,0.7609,0.7626000000000001,0.7724000000000001,0.7773,0.7872,0.8035,0.809,0.8092,0.8197,0.8215,0.8286,0.8435,0.8476,0.8494,0.8526,0.8555,0.8679,0.871,0.8901,0.8903000000000001,0.8909,0.9029,0.9049,0.9152,0.9252,0.9254,0.9304,0.9354,0.9386,0.9601000000000001,0.9605,0.9626,0.9716,0.9902000000000001,0.9926,0.993
109486:0.512
109717:0.07690000000000001,0.9831000000000001
110109:0.0646,0.439,0.6869000000000001,0.9505,0.9923000000000001
110519:0.0529,0.0891,0.1174,0.15510000000000002,0.192,0.2205,0.2559,0.3055,0.3378,0.3768,0.4048,0.4539,0.47490000000000004,0.5088,0.5387000000000001,0.5626,0.5879,0.6169,0.6484,0.6748000000000001,0.7108,0.7392000000000001,0.7698,0.8021,0.8417,0.9003,0.9332,0.9549000000000001,0.9908
110698:0.0081,0.0137,0.0193,0.0251,0.0316,0.0392,0.041100000000000005,0.0455,0.045700000000000005,0.047,0.052000000000000005,0.0584,0.0658,0.0668,0.0767,0.07980000000000001,0.0981,0.10110000000000001,0.10160000000000001,0.1028,0.1075,0.11860000000000001,0.1384,0.1466,0.15960000000000002,0.1693,0.1756,0.18660000000000002,0.18760000000000002,0.1913,0.1922,0.21450000000000002,0.2149,0.21580000000000002,0.21760000000000002,0.2272,0.2416,0.24780000000000002,0.2541,0.2543,0.2654,0.2674,0.2725,0.2791,0.3005,0.3141,0.32280000000000003,0.3286,0.35000000000000003,0.3539,0.3563,0.3572,0.4082,0.42560000000000003,0.4284,0.4314,0.4348,0.4393,0.44620000000000004,0.44780000000000003,0.44930000000000003,0.4519,0.45840000000000003,0.46440000000000003,0.47790000000000005,0.48200000000000004,0.49050000000000005,0.4927,0.49560000000000004,0.5042,0.5058,0.5069,0.5114000000000001,0.5158,0.5306000000000001,0.5437000000000001,0.5506,0.5541,0.5609000000000001,0.5617,0.5664,0.5704,0.5734,0.5955,0.5998,0.6104,0.6149,0.6152000000000001,0.6205,0.6444000000000001,0.6453,0.653,0.6562,0.6608,0.6747000000000001,0.6764,0.6781,0.6865,0.6877,0.6924,0.7011000000000001,0.7037,0.7121000000000001,0.7124,0.7313000000000001,0.732,0.734,0.7362000000000001,0.7407,0.7465,0.7554000000000001,0.7557,0.7576,0.7595000000000001,0.7627,0.7692,0.7725000000000001,0.7758,0.7783,0.7885000000000001,0.7923,0.8009000000000001,0.8029000000000001,0.8112,0.8124,0.8402000000000001,0.8564,0.8575,0.859,0.8658,0.8825000000000001,0.8859,0.8925000000000001,0.8964000000000001,0.8969,0.8972,0.9004000000000001,0.9125000000000001,0.9166000000000001,0.9199,0.9342,0.9565,0.9582,0.9724,0.9827,0.9840000000000001
110919:0.018600000000000002,0.1366,0.7945
111258:0.059800000000000006,0.0954,0.1618,0.2728,0.3518,0.4166,0.48150000000000004,0.5174,0.8245,0.9279000000000001
111361:0.6215,0.6817000000000001,0.7311000000000001,0.9021
111499:0.8209000000000001
112059:0.0748,0.1206,0.1751,0.2164,0.269,0.31220000000000003,0.35900000000000004,0.4078,0.45830000000000004,0.5041,0.5616,0.6191,0.6602,0.6962,0.7449,0.795,0.8332,0.8809,0.9323,0.9822000000000001
112431:0.0907,0.18910000000000002,0.22360000000000002,0.3932,0.459,0.5097,0.5465,0.6209,0.7188,0.7591,0.8449000000000001,0.9740000000000001
112547:0.0171,0.054200000000000005,0.0684,0.1293,0.19410000000000002,0.2647,0.45790000000000003,0.5587,0.6409,0.7223,0.7487,0.8038000000000001,0.8776,0.9116000000000001
112815:0.0241,0.0721,0.1119,0.1341,0.163,0.21930000000000002,0.2427,0.26730000000000004,0.2939,0.3247,0.3632,0.3894,0.4323,0.45890000000000003,0.4963,0.532,0.5705,0.5987,0.6382,0.6755,0.6924,0.7324,0.7662,0.8067000000000001,0.8255,0.8533000000000001,0.9093,0.9529000000000001,0.9916
112893:0.1423,0.34290000000000004,0.5491,0.8523000000000001
113079:0.02,0.0376,0.0575,0.0722,0.0839,0.1015,0.115,0.1331,0.14880000000000002,0.1663,0.1792,0.19990000000000002,0.218,0.23390000000000002,0.2523,0.2722,0.28450000000000003,0.30210000000000004,0.3209,0.3387,0.3488,0.3673,0.38070000000000004,0.4056,0.42310000000000003,0.4383,0.45680000000000004,0.48260000000000003,0.496,0.5118,0.5306000000000001,0.549,0.5671,0.5802,0.6043000000000001,0.6157,0.6354000000000001,0.6477,0.6637000000000001,0.6787000000000001,0.6965,0.7111000000000001,0.7227,0.7468,0.7632,0.7755000000000001,0.7924,0.81,0.8286,0.8463,0.859,0.8773000000000001,0.8931,0.9114000000000001,0.9333,0.9516,0.9655,0.9834
113097:0.0601,0.7174
113428:0.013800000000000002,0.1012,0.2146,0.254,0.32220000000000004,0.39,0.4712,0.5803,0.6146,0.6782,0.8628,0.9032,0.9936
113578:0.020200000000000003,0.134,0.5616,0.6074,0.8447,0.9508000000000001
113607:0.0279,0.0743,0.13470000000000001,0.1714,0.2054,0.2621,0.29200000000000004,0.3393,0.3754,0.41550000000000004,0.47090000000000004,0.509,0.5419,0.5705,0.6171,0.6556000000000001,0.6931,0.7275,0.7581,0.8131,0.8509,0.896,0.9314,0.9694
113894:0.0162,0.0694,0.1091,0.1406,0.1665,0.1966,0.2604,0.3047,0.3403,0.35000000000000003,0.41040000000000004,0.4413,0.4787,0.5079,0.5668000000000001,0.6028,0.6372,0.7106,0.7493000000000001,0.8095,0.8582000000000001,0.8896000000000001,0.9209,0.9318000000000001,0.9817
113916:0.034,0.057,0.0976,0.1268,0.14750000000000002,0.1766,0.20700000000000002,0.23020000000000002,0.2679,0.3075,0.3386,0.3796,0.405,0.443,0.4772,0.5018,0.5386000000000001,0.5677,0.5914,0.6198,0.6465000000000001,0.6769000000000001,0.7158,0.743,0.7719,0.805,0.8437,0.8652000000000001,0.903,0.9372,0.9631000000000001,0.9912000000000001
114174:0.0477,0.0734,0.09620000000000001,0.12860000000000002,0.15280000000000002,0.18030000000000002,0.20270000000000002,0.2285,0.253,0.28700000000000003,0.31520000000000004,0.35150000000000003,0.377,0.4046,0.44420000000000004,0.4677,0.5033,0.5316000000000001,0.5638000000000001,0.5827,0.6285000000000001,0.6539,0.6798000000000001,0.7035,0.7294,0.7534000000000001,0.7797000000000001,0.8045,0.8249000000000001,0.8573000000000001,0.8905000000000001,0.923,0.9482,0.9780000000000001
114327:0.0281,0.049100000000000005,0.0717,0.1515,0.19790000000000002,0.2222,0.3062,0.3506,0.42160000000000003,0.5173,0.5482,0.5758,0.6154000000000001,0.6549,0.7375,0.7906000000000001,0.8648,0.9286000000000001,0.9787
114374:0.024800000000000003,0.039900000000000005,0.069,0.0853,0.1193,0.1421,0.17170000000000002,0.2016,0.23320000000000002,0.267,0.2954,0.3279,0.3537,0.387,0.41590000000000005,0.44120000000000004,0.4728,0.48960000000000004,0.5342,0.5741,0.6065,0.6361,0.6491,0.6716000000000001,0.7064,0.7283000000000001,0.7506,0.7801,0.8164,0.8542000000000001,0.8891,0.923,0.9357000000000001,0.9630000000000001,0.9878
115035:0.0098,0.016900000000000002,0.027200000000000002,0.0339,0.0425,0.051300000000000005,0.0585,0.0675,0.07680000000000001,0.0859,0.09430000000000001,0.10200000000000001,0.1107,0.1207,0.1296,0.13870000000000002,0.1472,0.15430000000000002,0.16240000000000002,0.1695,0.17650000000000002,0.1854,0.19210000000000002,0.2008,0.2099,0.2175,0.225,0.2326,0.2399,0.24860000000000002,0.25730000000000003,0.2669,0.275,0.2833,0.2917,0.3003,0.308,0.3154,0.32680000000000003,0.3332,0.3408,0.34640000000000004,0.3553,0.36360000000000003,0.3718,0.3804,0.38970000000000005,0.39880000000000004,0.4082,0.4167,0.42360000000000003,0.434,0.441,0.4494,0.4567,0.4661,0.4767,0.4854,0.49400000000000005,0.5026,0.5137,0.5223,0.5301,0.5382,0.5488000000000001,0.5566,0.5658000000000001,0.5733,0.5824,0.5897,0.5965,0.6044,0.6126,0.6199,0.6285000000000001,0.6358,0.6432,0.6505000000000001,0.6588,0.6693,0.6781,0.6841,0.6934,0.7023,0.7102,0.7214,0.7319,0.7411,0.749,0.7581,0.7655000000000001,0.774,0.7845000000000001,0.7941,0.8049000000000001,0.8126,0.8191,0.8268000000000001,0.8344,0.8427,0.8505,0.8570000000000001,0.8658,0.8733000000000001,0.8805000000000001,0.8895000000000001,0.8957,0.904,0.91,0.9196000000000001,0.9278000000000001,0.9363,0.9450000000000001,0.9518000000000001,0.9598000000000001,0.9669000000000001,0.9744,0.9826,0.9916
115193:0.0567,0.0931,0.156,0.1636,0.1976,0.2707,0.3106,0.3385,0.3468,0.4148,0.47500000000000003,0.5158,0.5672,0.629,0.6517000000000001,0.7119000000000001,0.7197,0.7988000000000001,0.8247,0.8652000000000001,0.8978,0.9233,0.9694
115210:0.0152,0.0432,0.0699,0.0839,0.1039,0.1217,0.1468,0.162,0.1884,0.20350000000000001,0.224,0.2399,0.2629,0.2826,0.2978,0.3148,0.34340000000000004,0.35850000000000004,0.37620000000000003,0.402,0.42400000000000004,0.44320000000000004,0.4572,0.4844,0.49860000000000004,0.5231,0.5354,0.5641,0.5798,0.5928,0.6134000000000001,0.6299,0.657,0.6701,0.6861,0.7021000000000001,0.7170000000000001,0.7359,0.7547,0.7686000000000001,0.8005,0.8144,0.8307,0.8445,0.8687,0.8877,0.9003,0.9195000000000001,0.9478000000000001,0.9723,0.9934000000000001
115366:0.0193,0.0341,0.0636,0.08270000000000001,0.11330000000000001,0.13720000000000002,0.167,0.1953,0.228,0.2611,0.2864,0.307,0.32530000000000003,0.35150000000000003,0.37770000000000004,0.4086,0.43570000000000003,0.46790000000000004,0.4837,0.5278,0.5425,0.5714,0.6013000000000001,0.6284000000000001,0.645,0.6667000000000001,0.6983,0.7224,0.7422000000000001,0.775,0.8103,0.8490000000000001,0.8851,0.9194,0.9328000000000001,0.9570000000000001,0.9842000000000001
115960:0.0751,0.0988,0.1231,0.1476,0.17070000000000002,0.2064,0.2356,0.2654,0.2912,0.3189,0.3508,0.3743,0.4067,0.448,0.4686,0.4955,0.5259,0.5474,0.5744,0.5979,0.6334000000000001,0.6595000000000001,0.6792,0.7111000000000001,0.7382000000000001,0.7661,0.7948000000000001,0.8161,0.8439000000000001,0.8819,0.9088,0.9499000000000001,0.9792000000000001
115968:0.0781,0.1466,0.17550000000000002,0.2676,0.37460000000000004,0.4172,0.4984,0.5692,0.6617000000000001,0.8974000000000001,0.9589000000000001,0.9654
115976:0.0159,0.030600000000000002,0.044700000000000004,0.0591,0.0734,0.0867,0.1014,0.1148,0.1297,0.1461,0.1573,0.17020000000000002,0.18180000000000002,0.19460000000000002,0.2099,0.22360000000000002,0.2361,0.2538,0.26890000000000003,0.2827,0.29610000000000003,0.3085,0.32380000000000003,0.33540000000000003,0.34590000000000004,0.35950000000000004,0.37370000000000003,0.388,0.40790000000000004,0.42150000000000004,0.43670000000000003,0.44780000000000003,0.45980000000000004,0.47200000000000003,0.48510000000000003,0.501,0.515,0.5292,0.5429,0.5555,0.5685,0.5846,0.5994,0.6131,0.6251,0.6364000000000001,0.6484,0.6638000000000001,0.6794,0.6925,0.7073,0.7198,0.7349,0.7493000000000001,0.7639,0.7769,0.7926000000000001,0.8075,0.8197,0.8337,0.8480000000000001,0.8599,0.8758,0.8875000000000001,0.899,0.9136000000000001,0.9293,0.9413,0.9540000000000001,0.9681000000000001,0.9817,0.9964000000000001
116067:0.0424,0.5009
116265:0.0718,0.1327,0.16540000000000002,0.22240000000000001,0.25720000000000004,0.2886,0.3196,0.35200000000000004,0.3788,0.42850000000000005,0.4489,0.48910000000000003,0.5259,0.5678000000000001,0.6155,0.7095,0.7534000000000001,0.7891,0.8408,0.8831,0.936
116635:0.1519,0.2741,0.9375
116721:0.0196,0.0734,0.112,0.16840000000000002,0.2039,0.23020000000000002,0.2624,0.3155,0.3447,0.41400000000000003,0.4441,0.5704,0.6082000000000001,0.7145,0.7522000000000001,0.8116,0.8615,0.8922,0.9264,0.9854
117221:0.0351,0.059800000000000006,0.1371,0.1766,0.2582,0.325,0.3927,0.42260000000000003,0.47640000000000005,0.5495,0.5922000000000001,0.6422,0.6984,0.7275,0.7833,0.8433,0.8662000000000001,0.9057000000000001,0.9651000000000001
117255:0.3773,0.46840000000000004,0.7006,0.8127000000000001,0.9500000000000001
117257:0.0335,0.17980000000000002,0.3321,0.36210000000000003,0.5035000000000001,0.8227,0.9371
117969:0.059500000000000004,0.7188
118067:0.0655,0.7251000000000001
118139:0.016300000000000002,0.0238,0.036500000000000005,0.0541,0.065,0.07350000000000001,0.0854,0.0965,0.1068,0.12440000000000001,0.13440000000000002,0.1495,0.16110000000000002,0.171,0.185,0.1942,0.2053,0.2169,0.22690000000000002,0.24050000000000002,0.2556,0.26780000000000004,0.27990000000000004,0.2917,0.3062,0.3163,0.33340000000000003,0.3447,0.35650000000000004,0.3695,0.38380000000000003,0.3991,0.4123,0.42500000000000004,0.43720000000000003,0.4494,0.4636,0.47440000000000004,0.4869,0.5005000000000001,0.5161,0.5325,0.5445,0.559,0.5710000000000001,0.5858,0.5987,0.6105,0.6219,0.635,0.6424000000000001,0.6542,0.6642,0.6773,0.687,0.7000000000000001,0.7122,0.7246,0.7386,0.7491,0.7646000000000001,0.7767000000000001,0.7926000000000001,0.8069000000000001,0.8166,0.8308000000000001,0.8419000000000001,0.8501000000000001,0.8604,0.8728,0.8829,0.893,0.9072,0.9166000000000001,0.9291,0.9479000000000001,0.9566,0.9689000000000001,0.9794,0.9939
118246:0.3467,0.6289,0.7352000000000001
118523:0.0148,0.0228,0.0354,0.0634,0.0748,0.1087,0.1368,0.16640000000000002,0.19140000000000001,0.2003,0.225,0.25830000000000003,0.2932,0.33990000000000004,0.3488,0.3781,0.4113,0.43610000000000004,0.4681,0.4853,0.5106,0.5317000000000001,0.5624,0.5718,0.5991000000000001,0.6255000000000001,0.641,0.6649,0.6899000000000001,0.7225,0.7464000000000001,0.7757000000000001,0.8097000000000001,0.8471000000000001,0.8813000000000001,0.8883000000000001,0.8957,0.9167000000000001,0.9313,0.9586,0.9815
118536:0.0125,0.0216,0.0329,0.041,0.0495,0.0591,0.06720000000000001,0.0748,0.0818,0.0888,0.0964,0.1043,0.1116,0.11960000000000001,0.12810000000000002,0.1341,0.1428,0.152,0.1605,0.16770000000000002,0.1733,0.1841,0.1942,0.201,0.20980000000000001,0.21630000000000002,0.22240000000000001,0.2301,0.2381,0.24750000000000003,0.2566,0.26380000000000003,0.2706,0.2796,0.2871,0.29500000000000004,0.303,0.3111,0.3165,0.3239,0.3332,0.3408,0.3493,0.3584,0.36460000000000004,0.3725,0.38180000000000003,0.3932,0.4005,0.4081,0.4156,0.4247,0.4334,0.443,0.45080000000000003,0.4585,0.46740000000000004,0.4756,0.48300000000000004,0.4912,0.49970000000000003,0.5066,0.5169,0.5258,0.5326000000000001,0.5425,0.5522,0.5605,0.5697,0.5822,0.5915,0.5988,0.6075,0.6156,0.6224000000000001,0.6334000000000001,0.641,0.6476000000000001,0.6567000000000001,0.664,0.6712,0.6798000000000001,0.6871,0.6953,0.7035,0.7113,0.7184,0.7282000000000001,0.7359,0.7438,0.7517,0.7603000000000001,0.7684000000000001,0.7765000000000001,0.7869,0.7944,0.8034,0.8108000000000001,0.8187000000000001,0.8261000000000001,0.8346,0.8431000000000001,0.8501000000000001,0.8594,0.8674000000000001,0.8788,0.8856,0.8939,0.9014000000000001,0.9101,0.918,0.9266000000000001,0.9337000000000001,0.9412,0.9495,0.9568000000000001,0.9650000000000001,0.9730000000000001,0.9804,0.9876,0.997
118796:0.0814,0.9877
118933:0.0568,0.08610000000000001,0.10260000000000001,0.1442,0.18710000000000002,0.2122,0.24550000000000002,0.2858,0.3168,0.3347,0.36310000000000003,0.3779,0.4093,0.44170000000000004,0.4879,0.5156000000000001,0.5438000000000001,0.5744,0.6154000000000001,0.637,0.6596000000000001,0.6792,0.6935,0.7170000000000001,0.7587,0.7912,0.8143,0.8425,0.8664000000000001,0.9025000000000001,0.9364,0.9574,0.9787,0.9931000000000001
119036:0.0339,0.0714,0.13390000000000002,0.1646,0.21450000000000002,0.2624,0.3141,0.3482,0.4131,0.4471,0.49000000000000005,0.5369,0.5741,0.6255000000000001,0.6813,0.7365,0.7659,0.8164,0.8615,0.8957,0.9359000000000001,0.9847
119887:0.2333,0.3155,0.637,0.8156,0.9528000000000001
120361:0.08080000000000001,0.9877
120505:0.4148
120898:0.0456,0.0796,0.1246,0.1578,0.1837,0.21430000000000002,0.24760000000000001,0.2882,0.3194,0.3488,0.386,0.41340000000000005,0.4571,0.48750000000000004,0.5268,0.5465,0.5781000000000001,0.6094,0.6373,0.6727000000000001,0.7137,0.754,0.7837000000000001,0.8204,0.8552000000000001,0.8948,0.9302,0.9606,0.9959
120904:0.0201,0.1148,0.16970000000000002,0.26980000000000004,0.3467,0.4157,0.5131,0.6081,0.7252000000000001,0.8143,0.9294,0.9357000000000001,0.9877
121261:0.0596,0.0945,0.16190000000000002,0.1993,0.27290000000000003,0.3113,0.3398,0.4753,0.6413,0.7169,0.8246,0.8789,0.9244,0.9827
121849:0.0083,0.020300000000000002,0.030500000000000003,0.0412,0.0507,0.057800000000000004,0.06520000000000001,0.0732,0.08120000000000001,0.0908,0.0983,0.1053,0.1136,0.1216,0.1295,0.1388,0.14700000000000002,0.1553,0.1642,0.1721,0.1822,0.1956,0.20420000000000002,0.21230000000000002,0.2232,0.2326,0.24080000000000001,0.2536,0.26130000000000003,0.2692,0.2791,0.2871,0.29500000000000004,0.307,0.31470000000000004,0.324,0.3337,0.3456,0.3542,0.3617,0.36970000000000003,0.3781,0.38630000000000003,0.3977,0.40340000000000004,0.4121,0.4203,0.4282,0.4403,0.44920000000000004,0.456,0.46590000000000004,0.47650000000000003,0.4839,0.49160000000000004,0.4993,0.5123,0.5227,0.5332,0.547,0.557,0.5660000000000001,0.5756,0.5864,0.5938,0.6035,0.6124,0.6214000000000001,0.6298,0.6393,0.6494,0.658,0.6673,0.6796,0.6867000000000001,0.6951,0.7031000000000001,0.7091000000000001,0.7172000000000001,0.7273000000000001,0.7374,0.7462000000000001,0.7534000000000001,0.7606,0.7697,0.7795000000000001,0.7875000000000001,0.7997000000000001,0.8074,0.8157000000000001,0.8231,0.8331000000000001,0.8408,0.8500000000000001,0.8623000000000001,0.8697,0.88,0.8896000000000001,0.8974000000000001,0.9066000000000001,0.9144,0.9221,0.9308000000000001,0.9395,0.9497000000000001,0.9584,0.9661000000000001,0.9778,0.9859,0.9947
122092:0.020900000000000002
122283:0.6707000000000001
122375:0.010400000000000001,0.0129,0.0132,0.031,0.0352,0.0446,0.046400000000000004,0.052000000000000005,0.0548,0.061700000000000005,0.0724,0.07980000000000001,0.0805,0.0887,0.1107,0.1111,0.11280000000000001,0.11520000000000001,0.1154,0.1206,0.135,0.1395,0.1436,0.1448,0.1482,0.156,0.1612,0.1643,0.1857,0.1874,0.1925,0.2076,0.22030000000000002,0.22920000000000001,0.23270000000000002,0.2411,0.254,0.26980000000000004,0.2889,0.29560000000000003,0.2979,0.2999,0.3128,0.3214,0.3225,0.3246,0.33580000000000004,0.3361,0.3657,0.3845,0.394,0.3946,0.40290000000000004,0.4062,0.4067,0.4091,0.4113,0.41490000000000005,0.41800000000000004,0.4212,0.4249,0.4309,0.4501,0.45170000000000005,0.4581,0.4595,0.4655,0.47390000000000004,0.47800000000000004,0.48000000000000004,0.4877,0.4882,0.4894,0.49860000000000004,0.5024000000000001,0.5097,0.5109,0.5226000000000001,0.527,0.5471,0.5574,0.5645,0.5746,0.5864,0.5946,0.5999,0.6253000000000001,0.6353,0.6462,0.6475000000000001,0.6479,0.649,0.6549,0.6584,0.6586000000000001,0.6699,0.6815,0.6869000000000001,0.6970000000000001,0.7079000000000001,0.7181000000000001,0.7187,0.7217,0.7219,0.7286,0.7293000000000001,0.7297,0.7315,0.7839,0.8063,0.8096,0.8133,0.8371000000000001,0.8377,0.8425,0.8463,0.8815000000000001,0.8981,0.904,0.908,0.9111,0.9368000000000001,0.9388000000000001,0.9417000000000001,0.9447000000000001,0.9524,0.9624,0.9859,0.9914000000000001
122790:0.023200000000000002,0.08410000000000001,0.15460000000000002,0.1948,0.2586,0.2983,0.3367,0.378,0.4292,0.4879,0.5176000000000001,0.6154000000000001,0.6567000000000001,0.733,0.7706000000000001,0.8390000000000001,0.8926000000000001,0.9352,0.9585
122840:0.0159,0.028200000000000003,0.039,0.052700000000000004,0.07390000000000001,0.08660000000000001,0.11270000000000001,0.1343,0.15660000000000002,0.1713,0.1806,0.1932,0.2086,0.22510000000000002,0.2541,0.26530000000000004,0.2743,0.2911,0.3138,0.3357,0.3551,0.3693,0.3871,0.40340000000000004,0.4238,0.44260000000000005,0.46590000000000004,0.47890000000000005,0.5025000000000001,0.5133,0.5226000000000001,0.5403,0.5579000000000001,0.5759000000000001,0.5948,0.6112000000000001,0.6222,0.6352,0.65,0.6631,0.68,0.6916,0.7144,0.7395,0.7544000000000001,0.772,0.7823,0.8055,0.8186,0.8392000000000001,0.8528,0.865,0.8839,0.8999,0.909,0.9278000000000001,0.9389000000000001,0.9487000000000001,0.9579000000000001,0.9743,0.9959
122882:0.2204,0.4601,0.4762,0.675,0.9069
122896:0.5423
122969:0.0429,0.2291
123055:0.009000000000000001,0.0151,0.0296,0.042300000000000004,0.053200000000000004,0.0609,0.06960000000000001,0.079,0.0886,0.0966,0.1053,0.11370000000000001,0.1222,0.1298,0.1393,0.15130000000000002,0.1578,0.1658,0.17830000000000001,0.18680000000000002,0.1951,0.2031,0.21660000000000001,0.223,0.2293,0.2368,0.2441,0.2523,0.2596,0.2731,0.27940000000000004,0.2871,0.29460000000000003,0.3028,0.3163,0.3272,0.3342,0.3426,0.34990000000000004,0.3627,0.36910000000000004,0.37670000000000003,0.39180000000000004,0.4016,0.4107,0.4228,0.4287,0.436,0.4435,0.4519,0.45880000000000004,0.4681,0.4768,0.49620000000000003,0.5036,0.5131,0.5188,0.5256000000000001,0.5326000000000001,0.5458000000000001,0.553,0.5596,0.5677,0.5847,0.5931000000000001,0.6008,0.6079,0.6211,0.6311,0.6381,0.6459,0.658,0.6637000000000001,0.6784,0.6858000000000001,0.6956,0.7053,0.7128,0.7225,0.7375,0.7449,0.7531,0.7658,0.7733,0.7786000000000001,0.7868,0.7956000000000001,0.8056000000000001,0.8142,0.8279000000000001,0.8369000000000001,0.8456,0.8533000000000001,0.8605,0.8743000000000001,0.8815000000000001,0.8919,0.8992,0.9077000000000001,0.9142,0.9229,0.9293,0.9482,0.9546,0.9670000000000001,0.9760000000000001,0.9840000000000001,0.9934000000000001
123999:0.058,0.0873,0.1578,0.1816,0.2716,0.3435,0.41540000000000005,0.4748,0.49450000000000005,0.5181,0.5677,0.7143,0.8259000000000001,0.9222,0.9590000000000001
124296:0.0438
124648:0.011000000000000001,0.053200000000000004,0.0761,0.0821,0.0916,0.0975,0.1139,0.1241,0.1315,0.14,0.1471,0.1568,0.1652,0.1757,0.1842,0.19720000000000001,0.20500000000000002,0.21380000000000002,0.2209,0.23340000000000002,0.2422,0.2538,0.2611,0.26940000000000003,0.28350000000000003,0.2899,0.2969,0.31070000000000003,0.3173,0.3257,0.33680000000000004,0.3467,0.3554,0.36210000000000003,0.3729,0.3796,0.38880000000000003,0.397,0.40290000000000004,0.4148,0.4288,0.4435,0.458,0.4713,0.48310000000000003,0.5003000000000001,0.5135000000000001,0.5237,0.5352,0.5491,0.5666,0.5787,0.5891000000000001,0.5953,0.6096,0.6244000000000001,0.6317,0.6431,0.6511,0.6688000000000001,0.6792,0.6866,0.6949000000000001,0.7037,0.7122,0.7191000000000001,0.7275,0.7347,0.7419,0.7607,0.7704000000000001,0.7824,0.7916000000000001,0.803,0.8099000000000001,0.8184,0.8247,0.8345,0.8431000000000001,0.8527,0.8639,0.8719,0.881,0.8983000000000001,0.9061,0.9151,0.923,0.9352,0.9507000000000001,0.9713,0.9902000000000001,0.9999
124938:0.0115,0.0434,0.056100000000000004,0.06860000000000001,0.081,0.0927,0.1139,0.1265,0.1409,0.15410000000000001,0.17270000000000002,0.1839,0.19770000000000001,0.21030000000000001,0.2232,0.2358,0.2495,0.2684,0.2838,0.29510000000000003,0.3118,0.3215,0.3458,0.3564,0.3733,0.38270000000000004,0.4012,0.4178,0.44060000000000005,0.4516,0.46380000000000005,0.4858,0.5006,0.513,0.5283,0.5432,0.5594,0.5694,0.5796,0.602,0.6246,0.6347,0.6508,0.6635,0.6757000000000001,0.6884,0.7015,0.7131000000000001,0.7264,0.736,0.7496,0.7605000000000001,0.7757000000000001,0.7905000000000001,0.8017000000000001,0.8111,0.8226,0.8373,0.8527,0.8636,0.8856,0.8982,0.9198000000000001,0.9333,0.9454,0.9574,0.9723,0.9848
125165:0.0351
125275:0.16540000000000002,0.19540000000000002,0.2325,0.3058,0.3548,0.4227,0.5700000000000001,0.6096,0.7628,0.8934000000000001,0.9979
125443:0.9620000000000001
125852:0.0129,0.032,0.041600000000000005,0.0502,0.059500000000000004,0.07150000000000001,0.079,0.09040000000000001,0.0966,0.1051,0.1119,0.1268,0.1356,0.1572,0.1655,0.1773,0.1849,0.1947,0.202,0.2184,0.228,0.2411,0.2482,0.2571,0.2645,0.2715,0.28,0.28800000000000003,0.2952,0.3034,0.3165,0.32430000000000003,0.3337,0.3411,0.3502,0.3644,0.37510000000000004,0.3917,0.40140000000000003,0.4082,0.42400000000000004,0.4344,0.44370000000000004,0.45220000000000005,0.459,0.4681,0.47640000000000005,0.496,0.5041,0.5248,0.5337000000000001,0.5504,0.5615,0.5700000000000001,0.5890000000000001,0.5995,0.6073000000000001,0.6209,0.6318,0.6419,0.6639,0.6798000000000001,0.6878000000000001,0.6955,0.7037,0.7115,0.7191000000000001,0.7355,0.7445,0.7518,0.7676000000000001,0.7778,0.7871,0.7952,0.8035,0.8117000000000001,0.8310000000000001,0.8405,0.8506,0.8597,0.873,0.8837,0.892,0.9022,0.9106000000000001,0.9178000000000001,0.9273,0.9476,0.9576,0.9709000000000001,0.9816,0.9955
125875:0.0334
126123:0.023200000000000002,0.0482,0.0886,0.127,0.1681,0.2059,0.24450000000000002,0.317,0.36150000000000004,0.4328,0.4932,0.5376000000000001,0.5806,0.6343,0.6952,0.74,0.7752,0.8233,0.8512000000000001,0.8957,0.9521000000000001
126153:0.17020000000000002,0.2278,0.37970000000000004,0.8109000000000001,0.9837
126527:0.1695,0.2602,0.3316,0.37510000000000004,0.4655,0.5629000000000001,0.6914,0.9535
126604:0.0106,0.0173,0.038400000000000004,0.042300000000000004,0.0453,0.048400000000000006,0.049800000000000004,0.0557,0.0611,0.0656,0.0664,0.0825,0.0848,0.0879,0.099,0.1143,0.11470000000000001,0.1192,0.1217,0.1296,0.14500000000000002,0.1461,0.1511,0.1519,0.16640000000000002,0.1731,0.1757,0.1882,0.1885,0.1927,0.1985,0.2043,0.2182,0.22240000000000001,0.2389,0.24020000000000002,0.25020000000000003,0.2545,0.255,0.26230000000000003,0.27080000000000004,0.2725,0.27290000000000003,0.27340000000000003,0.2805,0.2844,0.2846,0.2989,0.2995,0.3,0.3032,0.3064,0.3089,0.3113,0.3242,0.3254,0.328,0.3397,0.3428,0.3436,0.3456,0.391,0.41350000000000003,0.4186,0.4209,0.4228,0.4233,0.4319,0.44070000000000004,0.4516,0.45530000000000004,0.46990000000000004,0.4928,0.5096,0.5119,0.5128,0.5236000000000001,0.5352,0.5436,0.5544,0.5573,0.5800000000000001,0.5883,0.5952000000000001,0.6067,0.6181,0.6185,0.6243000000000001,0.6287,0.6335000000000001,0.6379,0.6382,0.6419,0.6528,0.6595000000000001,0.6655,0.6785,0.6792,0.6828000000000001,0.6855,0.6933,0.7030000000000001,0.7080000000000001,0.7092,0.7303000000000001,0.7339,0.7353000000000001,0.7397,0.7451,0.7539,0.7544000000000001,0.7552,0.7594000000000001,0.7728,0.7786000000000001,0.7841,0.7896000000000001,0.7902,0.7914,0.8005,0.8023,0.8108000000000001,0.8136,0.8246,0.8290000000000001,0.8316,0.8340000000000001,0.8405,0.8427,0.8486,0.8514,0.8518,0.86,0.8704000000000001,0.8707,0.8716,0.903,0.9047000000000001,0.9203,0.9276000000000001,0.9377000000000001,0.9410000000000001,0.9455,0.9545,0.9558000000000001,0.9569000000000001,0.9727,0.9758,0.9901000000000001
126635:0.0514,0.10490000000000001,0.22890000000000002,0.3543,0.45780000000000004,0.5122,0.6449,0.8729,0.9565
127734:0.056900000000000006
128515:0.053200000000000004,0.1317,0.38180000000000003,0.443,0.7867000000000001
128668:0.3548,0.4312
128756:0.08360000000000001,0.1698,0.3042,0.3723,0.4353,0.48950000000000005,0.5756,0.666,0.7188,0.7948000000000001,0.8833000000000001,0.9627
129127:0.0477
129130:0.326,0.4912,0.7778
129649:0.1048,0.4561,0.5776,0.5942000000000001,0.6143000000000001,0.6309,0.7150000000000001,0.7671,0.8649,0.9007000000000001
129654:0.0444
130068:0.012700000000000001,0.0222,0.0337,0.0417,0.0505,0.059800000000000006,0.0709,0.0787,0.08660000000000001,0.09730000000000001,0.10500000000000001,0.112,0.1202,0.129,0.1401,0.1491,0.15710000000000002,0.1651,0.17250000000000001,0.18130000000000002,0.19540000000000002,0.20500000000000002,0.2139,0.2235,0.2321,0.2394,0.2556,0.265,0.27140000000000003,0.2802,0.2881,0.2953,0.3035,0.31170000000000003,0.3219,0.33390000000000003,0.3411,0.3501,0.3583,0.3657,0.37610000000000005,0.3891,0.39740000000000003,0.40590000000000004,0.41750000000000004,0.4258,0.4343,0.44380000000000003,0.4519,0.45890000000000003,0.47300000000000003,0.4838,0.4918,0.5,0.5071,0.5166000000000001,0.5262,0.5332,0.5487000000000001,0.5586,0.5697,0.5827,0.5922000000000001,0.6052000000000001,0.6163000000000001,0.6266,0.6341,0.6468,0.6537000000000001,0.661,0.6686000000000001,0.6815,0.6919000000000001,0.7042,0.7115,0.7188,0.7297,0.7368,0.7447,0.7521,0.7609,0.7689,0.7856000000000001,0.7955,0.8037000000000001,0.8118000000000001,0.8198000000000001,0.8269000000000001,0.8346,0.8431000000000001,0.8500000000000001,0.8649,0.8754000000000001,0.8833000000000001,0.8917,0.903,0.9109,0.918,0.927,0.9339000000000001,0.9420000000000001,0.9500000000000001,0.9572,0.9662000000000001,0.9795,0.9955
130297:0.0196,0.0483,0.056400000000000006,0.07690000000000001,0.1404,0.14930000000000002,0.2602,0.2852,0.2927,0.3512,0.37720000000000004,0.39,0.4263,0.45020000000000004,0.4812,0.48610000000000003,0.5176000000000001,0.54,0.5820000000000001,0.5962000000000001,0.6168,0.6392,0.6928000000000001,0.7043,0.7146,0.7877000000000001,0.8112,0.9009,0.9107000000000001,0.9428000000000001,0.9554,0.9801000000000001,0.9976
130499:0.15710000000000002,0.2441,0.3285,0.42110000000000003,0.5073,0.5659000000000001,0.6885,0.8160000000000001,0.9446
130593:0.0347,0.9434
130768:0.033600000000000005,0.08,0.1221,0.1389,0.1744,0.2061,0.2218,0.2529,0.2718,0.2984,0.3289,0.3639,0.39380000000000004,0.4101,0.45780000000000004,0.48550000000000004,0.5263,0.5618000000000001,0.5711,0.5889,0.615,0.6646000000000001,0.6927,0.7144,0.7344,0.7749,0.7966000000000001,0.8237,0.8537,0.8839,0.9082,0.9259000000000001,0.9493,0.9787
130780:0.0154,0.0229,0.0511,0.0684,0.0755,0.10210000000000001,0.114,0.12810000000000002,0.1381,0.1531,0.16190000000000002,0.1705,0.192,0.20670000000000002,0.2225,0.23170000000000002,0.24430000000000002,0.25720000000000004,0.2642,0.2766,0.2872,0.2928,0.3121,0.3309,0.3381,0.3529,0.3644,0.37310000000000004,0.3826,0.39930000000000004,0.4083,0.4209,0.4307,0.44320000000000004,0.4586,0.466,0.48560000000000003,0.5044000000000001,0.5111,0.5196000000000001,0.5277000000000001,0.5375,0.5437000000000001,0.5704,0.5795,0.5914,0.6004,0.6133000000000001,0.6278,0.6346,0.6505000000000001,0.6597000000000001,0.6689,0.679,0.6879000000000001,0.6941,0.7002,0.7292000000000001,0.7501,0.7589,0.7717,0.7941,0.8083,0.8144,0.8264,0.8414,0.8599,0.8794000000000001,0.8927,0.9014000000000001,0.9079,0.9187000000000001,0.9288000000000001,0.9389000000000001,0.9566,0.9708,0.9787,0.9905,0.9976
131033:0.0178,0.028900000000000002,0.0631,0.08120000000000001,0.14500000000000002,0.1721,0.1922,0.20520000000000002,0.2526,0.2958,0.3171,0.34800000000000003,0.37560000000000004,0.4229,0.4439,0.47990000000000005,0.512,0.5386000000000001,0.6085,0.6402,0.6519,0.6971,0.728,0.7669,0.7871,0.8364,0.8804000000000001,0.9307000000000001,0.9497000000000001,0.9636
131152:0.0218,0.0492,0.07100000000000001,0.08600000000000001,0.1017,0.1164,0.1338,0.15180000000000002,0.1678,0.1875,0.20700000000000002,0.2209,0.23820000000000002,0.25670000000000004,0.2741,0.2897,0.3075,0.32,0.3411,0.3556,0.37410000000000004,0.3856,0.4025,0.4212,0.448,0.4597,0.47940000000000005,0.4933,0.5186000000000001,0.5346000000000001,0.5594,0.5737,0.5881000000000001,0.6056,0.6187,0.6348,0.6534,0.6689,0.6857000000000001,0.7027,0.7175,0.7359,0.7551,0.7734000000000001,0.7936000000000001,0.8105,0.8264,0.8437,0.8648,0.8865000000000001,0.9027000000000001,0.9208000000000001,0.9390000000000001,0.9553,0.9716,0.9896
131703:0.0234
132012:0.0025,0.0108,0.0167,0.019,0.0339,0.0376,0.0413,0.0475,0.048100000000000004,0.052000000000000005,0.0565,0.063,0.064,0.0673,0.0713,0.0829,0.0852,0.09390000000000001,0.10400000000000001,0.11120000000000001,0.1211,0.12380000000000001,0.12610000000000002,0.1275,0.129,0.1374,0.1574,0.1703,0.18080000000000002,0.18100000000000002,0.1915,0.2011,0.2041,0.21380000000000002,0.2217,0.2225,0.22820000000000001,0.23420000000000002,0.2411,0.24960000000000002,0.256,0.2773,0.2836,0.2864,0.2924,0.3079,0.3145,0.3257,0.3418,0.343,0.34490000000000004,0.3589,0.3677,0.37460000000000004,0.376,0.37720000000000004,0.3775,0.3795,0.3911,0.3925,0.39930000000000004,0.40130000000000005,0.4157,0.4194,0.4293,0.43110000000000004,0.43610000000000004,0.43970000000000004,0.45430000000000004,0.4661,0.4742,0.4751,0.48100000000000004,0.48610000000000003,0.49360000000000004,0.4939,0.5186000000000001,0.5195000000000001,0.5342,0.543,0.5561,0.5616,0.5691,0.605,0.6072000000000001,0.6352,0.6474000000000001,0.6564,0.6685,0.6698000000000001,0.6771,0.6888000000000001,0.6915,0.7046,0.7071000000000001,0.7186,0.7238,0.7342000000000001,0.7504000000000001,0.77,0.7749,0.7762,0.7788,0.7805000000000001,0.7826000000000001,0.7847000000000001,0.7856000000000001,0.7927000000000001,0.8229000000000001,0.8480000000000001,0.8563000000000001,0.8673000000000001,0.8751,0.9239,0.9361,0.9543,0.9568000000000001,0.9607,0.9615,0.9733,0.9777,0.9975
132027:0.006500000000000001,0.0171,0.030600000000000002,0.0328,0.0385,0.0809,0.082,0.10250000000000001,0.111,0.11280000000000001,0.1165,0.1208,0.127,0.1292,0.1394,0.1517,0.1544,0.155,0.15990000000000001,0.1729,0.1758,0.17850000000000002,0.1965,0.1988,0.2179,0.23090000000000002,0.2521,0.2523,0.2847,0.2912,0.3008,0.305,0.3119,0.3262,0.3533,0.36310000000000003,0.3779,0.3917,0.3966,0.39990000000000003,0.4022,0.4163,0.4171,0.4425,0.45020000000000004,0.45640000000000003,0.457,0.4607,0.4746,0.47550000000000003,0.4827,0.5326000000000001,0.5343,0.5401,0.5479,0.5497000000000001,0.5586,0.5588000000000001,0.5646,0.5837,0.5850000000000001,0.5958,0.5981000000000001,0.5986,0.5989,0.6008,0.6046,0.6202000000000001,0.6207,0.6469,0.6486000000000001,0.6516000000000001,0.6733,0.6794,0.6805,0.6899000000000001,0.6994,0.7057,0.7167,0.728,0.7361000000000001,0.7507,0.7521,0.7538,0.7639,0.7709,0.7813,0.8056000000000001,0.8241,0.8252,0.8279000000000001,0.8303,0.8308000000000001,0.8350000000000001,0.8387,0.8405,0.8408,0.8615,0.8634000000000001,0.8855000000000001,0.9087000000000001,0.9122,0.9247000000000001,0.9261,0.9321,0.9368000000000001,0.9416,0.9634,0.9702000000000001,0.9734,0.9825,0.9865,0.9888
132100:0.0567,0.09090000000000001,0.1575,0.2687,0.341,0.4128,0.4747,0.5137,0.7142000000000001,0.8224,0.9208000000000001
132102:0.0273,0.0476,0.07100000000000001,0.111,0.1526,0.1962,0.22160000000000002,0.2857,0.3134,0.35050000000000003,0.44580000000000003,0.48910000000000003,0.517,0.5478000000000001,0.5764,0.614,0.6542,0.7368,0.7711,0.8278000000000001,0.8648,0.8944000000000001,0.9439000000000001,0.9789
132221:0.46640000000000004
132392:0.0329,0.050800000000000005,0.062200000000000005,0.0811,0.0974,0.128,0.1537,0.17420000000000002,0.2034,0.23120000000000002,0.254,0.28550000000000003,0.3095,0.33130000000000004,0.3377,0.35750000000000004,0.3749,0.4067,0.4223,0.445,0.46240000000000003,0.4877,0.5081,0.5409,0.5588000000000001,0.5930000000000001,0.6138,0.6389,0.6668000000000001,0.6867000000000001,0.7201000000000001,0.7416,0.7663000000000001,0.7967000000000001,0.8180000000000001,0.8428,0.864,0.8913000000000001,0.9166000000000001,0.9402,0.9526,0.9698,0.9941000000000001
133019:0.3305,0.6429,0.8199000000000001
133149:0.025900000000000003,0.0883,0.1353,0.153,0.16440000000000002,0.2237,0.2409,0.2601,0.2884,0.3064,0.32370000000000004,0.3377,0.3689,0.384,0.3926,0.4254,0.4514,0.4692,0.4918,0.5041,0.5101,0.5331,0.5419,0.5727,0.5854,0.596,0.6205,0.6327,0.6478,0.6652,0.6927,0.7143,0.7726000000000001,0.7943,0.8141,0.8446,0.8845000000000001,0.9042,0.9349000000000001,0.9560000000000001,0.9727,0.9917
133525:0.0813,0.5451,0.7021000000000001,0.9452
133551:0.008700000000000001,0.0152,0.028800000000000003,0.0396,0.0472,0.0543,0.061700000000000005,0.0698,0.079,0.08850000000000001,0.0966,0.1053,0.114,0.1226,0.12990000000000002,0.1396,0.15030000000000002,0.1569,0.16590000000000002,0.17500000000000002,0.18100000000000002,0.1888,0.1963,0.2041,0.2124,0.22160000000000002,0.2283,0.24050000000000002,0.25070000000000003,0.2594,0.272,0.2791,0.2872,0.2947,0.3025,0.314,0.32130000000000003,0.3291,0.33680000000000004,0.3438,0.3512,0.36160000000000003,0.3685,0.3769,0.38880000000000003,0.3947,0.40340000000000004,0.4111,0.4213,0.42860000000000004,0.43610000000000004,0.4434,0.45170000000000005,0.4587,0.4676,0.4776,0.48850000000000005,0.4963,0.5034000000000001,0.5127,0.5194,0.5256000000000001,0.5325,0.5416000000000001,0.5502,0.5574,0.5666,0.5789000000000001,0.5867,0.5934,0.6013000000000001,0.6083000000000001,0.6157,0.6236,0.6316,0.638,0.6458,0.6537000000000001,0.6614,0.6736000000000001,0.6811,0.687,0.6960000000000001,0.7057,0.7133,0.7223,0.736,0.7436,0.7521,0.763,0.7699,0.7767000000000001,0.7856000000000001,0.7954,0.8059000000000001,0.8148000000000001,0.8246,0.8315,0.8382000000000001,0.8457,0.8530000000000001,0.8606,0.8689,0.8759,0.8832000000000001,0.892,0.8992,0.9078,0.9147000000000001,0.9229,0.9296000000000001,0.9448000000000001,0.9523,0.9617,0.9693,0.9772000000000001,0.9854,0.9942000000000001
133765:0.5419,0.6974
133845:0.017,0.024900000000000002,0.056400000000000006,0.0722,0.10310000000000001,0.1173,0.1332,0.1444,0.1574,0.166,0.1769,0.1958,0.21000000000000002,0.2255,0.2371,0.2544,0.2626,0.2785,0.2902,0.3069,0.3169,0.33490000000000003,0.34900000000000003,0.3638,0.3719,0.3835,0.4025,0.4172,0.42500000000000004,0.4393,0.44680000000000003,0.46480000000000005,0.4862,0.5078,0.5195000000000001,0.5302,0.5425,0.5729000000000001,0.5816,0.5954,0.6108,0.6206,0.6327,0.6449,0.6562,0.6689,0.682,0.6903,0.6996,0.7316,0.7547,0.7712,0.7947000000000001,0.81,0.8242,0.8415,0.8615,0.8815000000000001,0.8982,0.9086000000000001,0.9214,0.9351,0.9425,0.9589000000000001,0.9741000000000001,0.9857,0.9955
134276:0.5029,0.6436000000000001,0.7239,0.9985
134613:0.0325
135560:0.0172,0.033800000000000004,0.06330000000000001,0.08220000000000001,0.1148,0.13540000000000002,0.1584,0.17600000000000002,0.1951,0.2227,0.258,0.2771,0.29300000000000004,0.3154,0.33790000000000003,0.3655,0.3795,0.4053,0.4259,0.44630000000000003,0.47150000000000003,0.4862,0.5097,0.5248,0.5411,0.5604,0.5773,0.6001000000000001,0.6181,0.6373,0.6552,0.6769000000000001,0.6939000000000001,0.7158,0.7423000000000001,0.7573000000000001,0.7768,0.8074,0.8263,0.8485,0.8837,0.9044000000000001,0.9302,0.9420000000000001,0.9591000000000001,0.9771000000000001,0.9974000000000001
135625:0.07680000000000001,0.3341,0.5949,0.8213,0.9818,0.9874
135733:0.0211,0.046900000000000004,0.055900000000000005,0.0765,0.10400000000000001,0.1188,0.1426,0.1497,0.2605,0.2858,0.2944,0.37570000000000003,0.3871,0.4263,0.44830000000000003,0.48400000000000004,0.521,0.543,0.5826,0.6154000000000001,0.6375000000000001,0.6929000000000001,0.7089000000000001,0.7878000000000001,0.8124,0.899,0.9164,0.9436,0.9583,0.9777,0.9981000000000001
135947:0.052700000000000004,0.1758,0.675,0.8391000000000001,0.9520000000000001
135950:0.1183,0.3135,0.376,0.5995,0.6693,0.7737,0.8371000000000001,0.9274,0.9804
136005:0.13040000000000002,0.48200000000000004
136144:0.0081,0.018000000000000002,0.029900000000000003,0.0383,0.0471,0.056600000000000004,0.06470000000000001,0.07250000000000001,0.07930000000000001,0.08660000000000001,0.093,0.10160000000000001,0.10830000000000001,0.1164,0.1258,0.1322,0.14070000000000002,0.1495,0.1577,0.1663,0.1731,0.18150000000000002,0.1918,0.19870000000000002,0.20700000000000002,0.21330000000000002,0.21980000000000002,0.2288,0.23600000000000002,0.2446,0.2534,0.2609,0.26780000000000004,0.2772,0.2842,0.29150000000000004,0.3,0.3085,0.3141,0.3204,0.3299,0.3372,0.3462,0.3544,0.36210000000000003,0.37260000000000004,0.3809,0.3912,0.39790000000000003,0.4035,0.4131,0.42250000000000004,0.4312,0.44110000000000005,0.44870000000000004,0.455,0.4627,0.46940000000000004,0.47800000000000004,0.48600000000000004,0.4938,0.5007,0.5104000000000001,0.5201,0.5273,0.5352,0.5448000000000001,0.5552,0.5628000000000001,0.5699000000000001,0.5761000000000001,0.5854,0.5921000000000001,0.6013000000000001,0.6101,0.6164000000000001,0.6227,0.6303000000000001,0.6387,0.6476000000000001,0.6548,0.6616000000000001,0.669,0.6778000000000001,0.6843,0.6921,0.7005,0.7071000000000001,0.7152000000000001,0.7263000000000001,0.7331000000000001,0.7414000000000001,0.7488,0.7571,0.7654000000000001,0.7741,0.7834,0.7916000000000001,0.8,0.8079000000000001,0.8157000000000001,0.8220000000000001,0.8286,0.8375,0.8441000000000001,0.8536,0.8612000000000001,0.8677,0.8768,0.8848,0.892,0.8985000000000001,0.9072,0.9149,0.9226000000000001,0.929,0.9369000000000001,0.9446,0.9520000000000001,0.9601000000000001,0.9664,0.9765,0.9850000000000001,0.9916
136180:0.0227,0.046900000000000004,0.0697,0.093,0.11270000000000001,0.1346,0.15280000000000002,0.1705,0.1933,0.21400000000000002,0.23800000000000002,0.2585,0.2771,0.2973,0.3173,0.3373,0.35660000000000003,0.3778,0.4001,0.42000000000000004,0.44220000000000004,0.46040000000000003,0.4834,0.4984,0.519,0.536,0.562,0.5799000000000001,0.5987,0.6161,0.6366,0.654,0.6734,0.6939000000000001,0.7124,0.7385,0.7581,0.7741,0.7955,0.8155,0.8305,0.8482000000000001,0.8714000000000001,0.8917,0.9147000000000001,0.9349000000000001,0.9540000000000001,0.9707,0.992
136405:0.0855,0.1715,0.21730000000000002,0.3551,0.391,0.4596,0.4767,0.5315,0.5627,0.6223000000000001,0.6689,0.7198,0.7413000000000001,0.7723,0.8004,0.9392,0.9574
136411:0.1439,0.1728,0.2649,0.3719,0.41450000000000004,0.4958,0.5665,0.6591,0.8947,0.9627
136448:0.1313,0.29500000000000004,0.4587,0.4812,0.7857000000000001,0.8824000000000001,0.9683
136485:0.042300000000000004,0.08610000000000001,0.23120000000000002,0.3171,0.3582,0.4108,0.46880000000000005,0.49670000000000003,0.5985,0.7129000000000001,0.7383000000000001,0.7849,0.8280000000000001,0.8659,0.8888,0.9746
137016:0.0374
137421:0.1148,0.167,0.2427,0.26780000000000004,0.3185,0.342,0.3786,0.4141,0.43160000000000004,0.4657,0.49500000000000005,0.5127,0.5633,0.5928,0.6416000000000001,0.6914,0.7662,0.8089000000000001,0.8945000000000001,0.9303,0.9905
137748:0.6137,0.8881
138339:0.38130000000000003,0.5482,0.6981,0.9447000000000001