1146:0.0006000000000000001,0.006900000000000001,0.031400000000000004,0.0359,0.0376,0.043300000000000005,0.0473,0.059500000000000004,0.0702,0.08220000000000001,0.08310000000000001,0.09670000000000001,0.1008,0.1041,0.1043,0.1109,0.11370000000000001,0.1189,0.1258,0.12660000000000002,0.1306,0.1366,0.1378,0.1424,0.14800000000000002,0.1509,0.1547,0.156,0.16740000000000002,0.17220000000000002,0.1789,0.1867,0.193,0.2026,0.2063,0.22340000000000002,0.22790000000000002,0.2286,0.231,0.24050000000000002,0.2419,0.2452,0.2467,0.255,0.2595,0.2676,0.2992,0.3189,0.32380000000000003,0.34840000000000004,0.3497,0.35100000000000003,0.3523,0.3674,0.38130000000000003,0.3896,0.39430000000000004,0.4045,0.4051,0.4097,0.41190000000000004,0.4171,0.4295,0.43060000000000004,0.4334,0.43570000000000003,0.43720000000000003,0.43960000000000005,0.45120000000000005,0.45230000000000004,0.4646,0.4746,0.47590000000000005,0.4963,0.49670000000000003,0.5076,0.5165000000000001,0.5371,0.5381,0.5402,0.5457000000000001,0.5622,0.5640000000000001,0.5674,0.5762,0.5810000000000001,0.5903,0.5979,0.5982000000000001,0.6056,0.6097,0.6108,0.6127,0.6151,0.6246,0.6253000000000001,0.6309,0.6332,0.6363,0.6382,0.6394000000000001,0.6449,0.6496000000000001,0.6558,0.6566000000000001,0.6596000000000001,0.6661,0.6767000000000001,0.6801,0.6895,0.7000000000000001,0.7013,0.7027,0.7029000000000001,0.7075,0.7083,0.7192000000000001,0.7213,0.7237,0.7308,0.7404000000000001,0.7454000000000001,0.7461,0.7559,0.7697,0.7841,0.7866000000000001,0.7951,0.7963,0.8167000000000001,0.8360000000000001,0.8445,0.8472000000000001,0.8518,0.8658,0.8855000000000001,0.8931,0.8967,0.9083,0.9102,0.9147000000000001,0.9149,0.9168000000000001,0.9261,0.9284,0.9296000000000001,0.9418000000000001,0.9616,0.9748,0.9756,0.9843000000000001,0.9947,0.9976,0.9978
2263:0.6528,0.9096000000000001
3686:0.019,0.033600000000000005,0.0497,0.0659,0.084,0.0983,0.1131,0.1255,0.1403,0.16190000000000002,0.1845,0.2039,0.2233,0.2449,0.255,0.2675,0.28150000000000003,0.3044,0.31970000000000004,0.33230000000000004,0.3583,0.3795,0.39130000000000004,0.40590000000000004,0.42160000000000003,0.43170000000000003,0.453,0.4647,0.4763,0.4989,0.5213,0.5471,0.5667,0.5847,0.61,0.6324000000000001,0.6561,0.6731,0.6991,0.7249,0.7435,0.7649,0.7884,0.8093,0.8222,0.8344,0.8471000000000001,0.8578,0.8707,0.8879,0.9028,0.9139,0.9257000000000001,0.9479000000000001,0.9634,0.9834
4750:0.026000000000000002,0.038700000000000005,0.0533,0.0825,0.0916,0.1114,0.1212,0.1414,0.1607,0.20220000000000002,0.24550000000000002,0.2877,0.2987,0.3262,0.3733,0.40090000000000003,0.42010000000000003,0.43260000000000004,0.4433,0.4933,0.5228,0.5426,0.5604,0.6571,0.6669,0.6864,0.7229,0.7662,0.8001,0.8095,0.8240000000000001,0.8354,0.8452000000000001,0.8545,0.8886000000000001,0.9038,0.9295,0.9392,0.9527,0.9670000000000001,0.9798,0.9957
4757:0.023,0.11960000000000001,0.18860000000000002,0.2152,0.2439,0.29710000000000003,0.4549,0.5121,0.6032000000000001,0.6821,0.7017,0.9013
5202:0.0199,0.0511,0.0699,0.08320000000000001,0.09970000000000001,0.1337,0.1626,0.1804,0.20980000000000001,0.24500000000000002,0.2582,0.3003,0.329,0.3577,0.41290000000000004,0.5091,0.5448000000000001,0.5754,0.5888,0.654,0.6874,0.7177,0.7751,0.8177000000000001,0.8297,0.8696,0.8989,0.9125000000000001,0.9271,0.9578000000000001,0.9652000000000001,0.9776
5629:0.012,0.0344,0.0506,0.0636,0.0896,0.10790000000000001,0.1325,0.15280000000000002,0.1716,0.18380000000000002,0.20470000000000002,0.2268,0.2454,0.2679,0.3015,0.3322,0.3544,0.3674,0.3981,0.4248,0.44920000000000004,0.4768,0.5049,0.5442,0.5651,0.5894,0.6129,0.6363,0.6557000000000001,0.6744,0.6998000000000001,0.7164,0.742,0.7703,0.7893,0.8163,0.8329000000000001,0.8533000000000001,0.8683000000000001,0.8866,0.9027000000000001,0.9245000000000001,0.9448000000000001,0.9672000000000001,0.9974000000000001
6443:0.0873,0.9277000000000001,0.9790000000000001
6467:0.0002,0.0059,0.0067,0.0152,0.019,0.0371,0.040600000000000004,0.051300000000000005,0.0526,0.06860000000000001,0.0772,0.07780000000000001,0.0862,0.1366,0.13970000000000002,0.1471,0.152,0.16040000000000001,0.1673,0.18610000000000002,0.1961,0.20470000000000002,0.21930000000000002,0.22080000000000002,0.2388,0.2434,0.2451,0.2585,0.2642,0.2651,0.2687,0.2732,0.2737,0.28040000000000004,0.2812,0.2826,0.2907,0.2974,0.3002,0.3025,0.3103,0.3146,0.32220000000000004,0.32380000000000003,0.3241,0.3269,0.33230000000000004,0.3345,0.3355,0.35500000000000004,0.3905,0.39180000000000004,0.3934,0.4015,0.4041,0.40690000000000004,0.4127,0.4174,0.42910000000000004,0.432,0.43960000000000005,0.44320000000000004,0.4607,0.46090000000000003,0.47090000000000004,0.47150000000000003,0.4914,0.49770000000000003,0.5053,0.5072,0.5083,0.5089,0.5117,0.5198,0.5239,0.5493,0.5535,0.5569000000000001,0.5575,0.5717,0.5955,0.6024,0.609,0.6098,0.6104,0.6109,0.6123000000000001,0.6169,0.6254000000000001,0.6262,0.6335000000000001,0.638,0.6454000000000001,0.6555000000000001,0.6703,0.6771,0.6856,0.6875,0.6963,0.6966,0.7052,0.7072,0.7113,0.7148,0.7236,0.7324,0.739,0.746,0.7471,0.7483000000000001,0.7504000000000001,0.7613000000000001,0.7738,0.7752,0.7886000000000001,0.7892,0.805,0.8248000000000001,0.8589,0.8606,0.8631000000000001,0.869,0.8704000000000001,0.8737,0.8856,0.9019,0.9022,0.9096000000000001,0.9124,0.9176000000000001,0.918,0.9302,0.9322,0.9365,0.9650000000000001,0.9661000000000001,0.9895,0.9978
7402:0.0275,0.0511,0.0748,0.09530000000000001,0.1183,0.15460000000000002,0.17850000000000002,0.20570000000000002,0.22490000000000002,0.24700000000000003,0.2742,0.29610000000000003,0.3247,0.3453,0.38480000000000003,0.4107,0.43820000000000003,0.4526,0.47390000000000004,0.5004000000000001,0.528,0.5606,0.5831000000000001,0.601,0.6188,0.6323000000000001,0.6603,0.6875,0.7117,0.7363000000000001,0.7542,0.7878000000000001,0.8149000000000001,0.8348,0.8564,0.8839,0.9139,0.9422,0.9689000000000001
7537:0.0131,0.0589,0.0673,0.0889,0.1107,0.15280000000000002,0.17980000000000002,0.1894,0.2024,0.2535,0.2627,0.28650000000000003,0.3059,0.32130000000000003,0.36460000000000004,0.38770000000000004,0.4101,0.4273,0.4374,0.4741,0.4824,0.49150000000000005,0.5142,0.5293,0.5372,0.5526,0.5812,0.5932000000000001,0.6102000000000001,0.6209,0.6321,0.6533,0.6832,0.7080000000000001,0.7199,0.7296,0.7532,0.7639,0.7796000000000001,0.796,0.8377,0.8464,0.8662000000000001,0.8839,0.8977,0.9075000000000001,0.9312,0.9556
7700:0.1343,0.2474,0.3733,0.4328,0.5791000000000001,0.6182000000000001,0.6761,0.8795000000000001
7792:0.0521,0.0877,0.1426,0.1821,0.2511,0.2869,0.33640000000000003,0.3639,0.4303,0.5141,0.5534,0.6441,0.6747000000000001,0.7337,0.7716000000000001,0.8571000000000001,0.9078,0.9504,0.9755
7997:0.0115,0.0252,0.028300000000000002,0.0286,0.032,0.044000000000000004,0.0512,0.06430000000000001,0.0679,0.07440000000000001,0.08460000000000001,0.0901,0.0983,0.1029,0.1155,0.11670000000000001,0.12380000000000001,0.1263,0.13190000000000002,0.133,0.1484,0.15280000000000002,0.1552,0.1572,0.1575,0.1603,0.1681,0.1698,0.1779,0.1789,0.1991,0.203,0.2061,0.2093,0.216,0.21680000000000002,0.219,0.2255,0.22890000000000002,0.2346,0.2516,0.2671,0.2718,0.28,0.2802,0.2816,0.312,0.3196,0.3296,0.33480000000000004,0.3559,0.36360000000000003,0.37510000000000004,0.3788,0.3866,0.39330000000000004,0.3936,0.4174,0.4404,0.4481,0.449,0.4559,0.46340000000000003,0.46590000000000004,0.4682,0.4763,0.4833,0.4897,0.4928,0.49420000000000003,0.5082,0.5133,0.5181,0.5189,0.5384,0.551,0.5543,0.5630000000000001,0.5692,0.5713,0.5796,0.5877,0.5917,0.5971000000000001,0.5976,0.6139,0.6169,0.6198,0.6216,0.6228,0.6279,0.6296,0.6367,0.6483,0.6521,0.6555000000000001,0.657,0.6671,0.6819000000000001,0.6851,0.6973,0.7033,0.7175,0.7223,0.7323000000000001,0.7342000000000001,0.7358,0.7374,0.7386,0.7392000000000001,0.7447,0.7552,0.7646000000000001,0.7819,0.7843,0.7864,0.7958000000000001,0.8077000000000001,0.8094,0.8196,0.8214,0.8251000000000001,0.8299000000000001,0.8311000000000001,0.8348,0.8397,0.8444,0.8481000000000001,0.8521000000000001,0.8533000000000001,0.8602000000000001,0.862,0.8629,0.8679,0.8726,0.8796,0.8851,0.889,0.9048,0.9076000000000001,0.913,0.9141,0.9261,0.9376000000000001,0.9384,0.9573,0.9682000000000001,0.9690000000000001,0.9762000000000001,0.9897,0.9914000000000001
8859:0.027800000000000002,0.0327,0.053500000000000006,0.0708,0.08710000000000001,0.10060000000000001,0.11800000000000001,0.12940000000000002,0.13670000000000002,0.1555,0.1615,0.1733,0.1826,0.2058,0.21830000000000002,0.2278,0.2371,0.27,0.2822,0.322,0.33740000000000003,0.366,0.3816,0.3956,0.445,0.45280000000000004,0.46580000000000005,0.47850000000000004,0.49210000000000004,0.49770000000000003,0.5159,0.5227,0.5537000000000001,0.5652,0.5746,0.5900000000000001,0.5995,0.6201,0.6264000000000001,0.633,0.6507000000000001,0.6584,0.6847000000000001,0.6997,0.7203,0.7345,0.7407,0.7575000000000001,0.7849,0.7981,0.8129000000000001,0.8249000000000001,0.8348,0.8470000000000001,0.8549,0.8651000000000001,0.8752000000000001,0.8876000000000001,0.9076000000000001,0.9179,0.9399000000000001,0.9707,0.9923000000000001
9122:0.4451,0.6591,0.8038000000000001
10603:0.0154,0.036500000000000005,0.0487,0.0682,0.0847,0.1034,0.1316,0.1416,0.1608,0.1807,0.21150000000000002,0.2265,0.24200000000000002,0.2575,0.2795,0.3009,0.3301,0.3435,0.3614,0.38730000000000003,0.4045,0.41540000000000005,0.43720000000000003,0.45630000000000004,0.49150000000000005,0.5078,0.5218,0.5459,0.5723,0.5903,0.6239,0.6325000000000001,0.6423,0.6592,0.6728000000000001,0.683,0.7155,0.7401,0.7581,0.7696000000000001,0.7887000000000001,0.8222,0.8468,0.8598,0.8763000000000001,0.8973000000000001,0.9103,0.9246000000000001,0.9452,0.9570000000000001,0.9727,0.9833000000000001
10802:0.07490000000000001,0.2692,0.3065,0.3413,0.46280000000000004,0.523,0.5812,0.6481,0.7403000000000001,0.8516,0.9868
10813:0.004,0.0117,0.0135,0.028,0.028300000000000002,0.0307,0.031400000000000004,0.0386,0.0422,0.0472,0.0585,0.0591,0.064,0.0684,0.1019,0.10640000000000001,0.12710000000000002,0.13570000000000002,0.1409,0.1441,0.152,0.1582,0.1585,0.1708,0.17320000000000002,0.2068,0.2207,0.2422,0.2518,0.2577,0.2579,0.262,0.2766,0.2771,0.30010000000000003,0.3098,0.3161,0.3257,0.32980000000000004,0.3307,0.33740000000000003,0.3411,0.35000000000000003,0.3536,0.3578,0.3598,0.3614,0.3654,0.3685,0.37110000000000004,0.37170000000000003,0.3869,0.392,0.3975,0.4199,0.42350000000000004,0.43420000000000003,0.4423,0.44270000000000004,0.44780000000000003,0.45420000000000005,0.48410000000000003,0.5006,0.5118,0.5132,0.5183,0.5331,0.5335,0.5495,0.5501,0.5614,0.5618000000000001,0.5762,0.5851000000000001,0.5867,0.5872,0.606,0.6181,0.6245,0.6275000000000001,0.6312,0.6342,0.6378,0.6516000000000001,0.6526000000000001,0.653,0.6632,0.6636000000000001,0.6668000000000001,0.6772,0.6995,0.7075,0.7081000000000001,0.7133,0.7260000000000001,0.7279,0.7325,0.74,0.7421,0.743,0.7572,0.7599,0.7645000000000001,0.7663000000000001,0.7687,0.7727,0.7744000000000001,0.7819,0.7901,0.7917000000000001,0.8248000000000001,0.8281000000000001,0.8294,0.8398,0.8492000000000001,0.8547,0.8580000000000001,0.8586,0.8691000000000001,0.8732000000000001,0.8772000000000001,0.891,0.8928,0.8933000000000001,0.9024000000000001,0.9079,0.9082,0.9118,0.9196000000000001,0.9233,0.9318000000000001,0.9412,0.9503,0.9518000000000001,0.9615,0.9638000000000001,0.9649000000000001,0.9751000000000001,0.9759000000000001,0.9780000000000001,0.9948
11776:0.0286,0.137,0.21830000000000002,0.2446,0.2844,0.3836,0.45890000000000003,0.4955,0.5722,0.618,0.7042,0.7926000000000001,0.8696,0.8935000000000001
12340:0.07200000000000001,0.2606,0.7588
12399:0.06910000000000001,0.0988,0.1958,0.22690000000000002,0.2508,0.2926,0.3579,0.3836,0.4924,0.5672,0.6044,0.6423,0.6787000000000001,0.7375,0.8072,0.8417,0.8959,0.9463
14091:0.0292,0.0488,0.0679,0.11720000000000001,0.1433,0.1685,0.2258,0.2414,0.2753,0.29300000000000004,0.3457,0.45370000000000005,0.4859,0.49810000000000004,0.5375,0.5773,0.6238,0.6975,0.7218,0.7473000000000001,0.7588,0.7733,0.8154,0.8887,0.9402,0.9711000000000001
14561:0.024300000000000002,0.28,0.38820000000000005,0.4675,0.5714,0.7227,0.8468,0.8871,0.9735
15940:0.0083,0.0095,0.0114,0.0219,0.0267,0.0307,0.038700000000000005,0.0524,0.052700000000000004,0.0582,0.0587,0.0603,0.06420000000000001,0.0653,0.06720000000000001,0.07780000000000001,0.08360000000000001,0.0887,0.09570000000000001,0.1149,0.11950000000000001,0.1227,0.1232,0.12380000000000001,0.1366,0.137,0.13820000000000002,0.1399,0.14980000000000002,0.1539,0.16090000000000002,0.1721,0.17300000000000001,0.1847,0.1917,0.2049,0.21230000000000002,0.21760000000000002,0.2268,0.22840000000000002,0.23120000000000002,0.23920000000000002,0.24280000000000002,0.24330000000000002,0.2489,0.25020000000000003,0.258,0.267,0.2716,0.2988,0.3034,0.30860000000000004,0.31120000000000003,0.3194,0.328,0.342,0.3438,0.3653,0.36560000000000004,0.3698,0.387,0.3936,0.3967,0.39880000000000004,0.4096,0.41050000000000003,0.42000000000000004,0.42200000000000004,0.4253,0.42560000000000003,0.43210000000000004,0.44060000000000005,0.4434,0.444,0.4706,0.47940000000000005,0.4807,0.4878,0.4963,0.49660000000000004,0.4969,0.4998,0.5066,0.5248,0.529,0.5362,0.5371,0.5501,0.559,0.5622,0.5637,0.5653,0.5674,0.5759000000000001,0.5805,0.5851000000000001,0.5952000000000001,0.5975,0.5983,0.6014,0.6144000000000001,0.6164000000000001,0.6427,0.6443,0.6453,0.6464000000000001,0.6485000000000001,0.653,0.6538,0.655,0.6558,0.6566000000000001,0.6604,0.6831,0.6868000000000001,0.6975,0.7155,0.7316,0.7321000000000001,0.7337,0.7368,0.7592,0.7605000000000001,0.7655000000000001,0.776,0.7816000000000001,0.7824,0.7934,0.7987000000000001,0.8042,0.8062,0.8180000000000001,0.8225,0.8405,0.8471000000000001,0.8501000000000001,0.8722000000000001,0.8765000000000001,0.8833000000000001,0.8862,0.9009,0.9056000000000001,0.9096000000000001,0.9228000000000001,0.9242,0.9306000000000001,0.9327000000000001,0.9373,0.9603,0.9645,0.9649000000000001,0.9712000000000001,0.9924000000000001,0.9926,0.9994000000000001
16292:0.027,0.24580000000000002,0.6187,0.6984
17629:0.016800000000000002,0.0307,0.0443,0.0594,0.0675,0.09910000000000001,0.115,0.1327,0.1461,0.15860000000000002,0.17070000000000002,0.1792,0.2209,0.23720000000000002,0.24480000000000002,0.2555,0.2726,0.2844,0.29250000000000004,0.32320000000000004,0.343,0.3821,0.44770000000000004,0.45520000000000005,0.46380000000000005,0.4859,0.49470000000000003,0.508,0.5301,0.56,0.5776,0.61,0.6254000000000001,0.6323000000000001,0.6634,0.6876,0.6981,0.7162000000000001,0.7253000000000001,0.7409,0.7479,0.7556,0.7668,0.8082,0.8151,0.8312,0.859,0.8805000000000001,0.9099,0.9335,0.9542,0.9738,0.9841000000000001
18032:0.038,0.06960000000000001,0.1037,0.12340000000000001,0.1751,0.2088,0.2218,0.2346,0.2634,0.2894,0.3256,0.3556,0.38,0.42660000000000003,0.5032,0.5455,0.5631,0.6235,0.6481,0.6691,0.7199,0.7515000000000001,0.8087000000000001,0.8294,0.8399000000000001,0.8713000000000001,0.9380000000000001,0.9482,0.9977
18235:0.021,0.0463,0.0816,0.0896,0.1159,0.1287,0.14,0.15610000000000002,0.1689,0.1845,0.19340000000000002,0.2074,0.2177,0.23290000000000002,0.24070000000000003,0.2484,0.2597,0.2778,0.2853,0.30210000000000004,0.3181,0.32830000000000004,0.3468,0.3769,0.3871,0.3942,0.4178,0.455,0.46030000000000004,0.467,0.4844,0.4969,0.5139,0.5343,0.5474,0.5545,0.5810000000000001,0.5925,0.6057,0.6143000000000001,0.6259,0.6477,0.6582,0.6672,0.685,0.6964,0.7467,0.7593000000000001,0.785,0.7905000000000001,0.7995,0.8279000000000001,0.8353,0.8535,0.8631000000000001,0.8732000000000001,0.8873000000000001,0.903,0.9106000000000001,0.9477000000000001,0.9607,0.9783000000000001,0.9997
18927:0.0154,0.0298,0.038200000000000005,0.07100000000000001,0.0789,0.0918,0.09920000000000001,0.11410000000000001,0.1421,0.1608,0.17880000000000001,0.1935,0.2104,0.2172,0.2348,0.2457,0.27090000000000003,0.2798,0.2983,0.3373,0.381,0.3896,0.40990000000000004,0.433,0.44260000000000005,0.4627,0.47890000000000005,0.4969,0.5206000000000001,0.5366000000000001,0.5452,0.5654,0.5784,0.6013000000000001,0.6167,0.6327,0.6418,0.6533,0.677,0.6875,0.7251000000000001,0.7411,0.7577,0.7685000000000001,0.7812,0.7925000000000001,0.8057000000000001,0.8232,0.8518,0.8589,0.8725,0.8948,0.906,0.912,0.9263,0.9556,0.9719000000000001,0.9802000000000001
19205:0.007200000000000001,0.012700000000000001,0.0246,0.0252,0.0304,0.0351,0.0402,0.0645,0.0689,0.0698,0.0733,0.0753,0.0829,0.0886,0.09340000000000001,0.0955,0.0989,0.10940000000000001,0.1105,0.1116,0.1331,0.1386,0.14700000000000002,0.1578,0.1589,0.1724,0.1746,0.1796,0.1897,0.2053,0.2059,0.2109,0.2139,0.221,0.2316,0.23270000000000002,0.2371,0.24280000000000002,0.25630000000000003,0.2669,0.27030000000000004,0.275,0.2763,0.2775,0.28,0.2916,0.29400000000000004,0.3247,0.33380000000000004,0.3614,0.3763,0.3801,0.3836,0.38580000000000003,0.38770000000000004,0.38830000000000003,0.3907,0.4062,0.4077,0.4093,0.4172,0.42900000000000005,0.43270000000000003,0.43620000000000003,0.4389,0.4519,0.45990000000000003,0.4606,0.461,0.4703,0.47590000000000005,0.4918,0.4927,0.4949,0.5089,0.5175000000000001,0.5185000000000001,0.5191,0.5303,0.5327000000000001,0.54,0.5415,0.543,0.5502,0.5616,0.5698,0.5755,0.5946,0.598,0.5991000000000001,0.6008,0.604,0.6135,0.6251,0.6298,0.6304000000000001,0.6364000000000001,0.6375000000000001,0.6412,0.6478,0.6493,0.6627000000000001,0.6741,0.6743,0.676,0.6787000000000001,0.6845,0.7127,0.7218,0.729,0.7384000000000001,0.7475,0.7542,0.7612,0.7649,0.7666000000000001,0.7742,0.7776000000000001,0.7869,0.7887000000000001,0.8004,0.8019000000000001,0.8172,0.8193,0.8433,0.8480000000000001,0.8522000000000001,0.8558,0.8663000000000001,0.869,0.8722000000000001,0.8908,0.8911,0.8916000000000001,0.895,0.8971,0.9029,0.9059,0.9078,0.9087000000000001,0.9093,0.9102,0.9128000000000001,0.9237000000000001,0.937,0.9516,0.9549000000000001,0.9655,0.9679000000000001,0.9728,0.9770000000000001,0.9805
19977:0.0502,0.064,0.083,0.1097,0.1388,0.1733,0.2233,0.25270000000000004,0.2625,0.27490000000000003,0.2869,0.2997,0.3095,0.33440000000000003,0.4127,0.42860000000000004,0.4455,0.4592,0.5027,0.529,0.553,0.5680000000000001,0.5829,0.6134000000000001,0.6256,0.6518,0.6734,0.7155,0.7319,0.7641,0.8024,0.8319000000000001,0.8550000000000001,0.8848,0.8939,0.911,0.921,0.9450000000000001,0.9681000000000001
20050:0.1734,0.7466,0.8567
20504:0.1589,0.2013,0.32220000000000004,0.4,0.44070000000000004,0.4771,0.5938,0.7818
20723:0.5971000000000001,0.7612
21819:0.0162,0.0224,0.0234,0.031900000000000005,0.0341,0.045000000000000005,0.0636,0.0644,0.0663,0.0702,0.07060000000000001,0.0737,0.0806,0.0826,0.08360000000000001,0.085,0.10300000000000001,0.11220000000000001,0.1305,0.14350000000000002,0.159,0.1633,0.16770000000000002,0.1831,0.1835,0.1904,0.1975,0.2078,0.2101,0.2243,0.2326,0.2376,0.2482,0.25020000000000003,0.2607,0.2614,0.2631,0.2737,0.27540000000000003,0.28040000000000004,0.2909,0.29250000000000004,0.2949,0.299,0.30360000000000004,0.31320000000000003,0.3215,0.3224,0.3289,0.33190000000000003,0.33380000000000004,0.337,0.3471,0.3502,0.35100000000000003,0.36100000000000004,0.377,0.3774,0.3816,0.38420000000000004,0.3926,0.39630000000000004,0.42110000000000003,0.4213,0.4278,0.4343,0.4368,0.4484,0.45520000000000005,0.45740000000000003,0.45840000000000003,0.46690000000000004,0.4701,0.4707,0.4778,0.48150000000000004,0.49960000000000004,0.5005000000000001,0.5073,0.5129,0.515,0.52,0.5208,0.5222,0.5315,0.533,0.5431,0.5529000000000001,0.5536,0.5638000000000001,0.5703,0.5726,0.5765,0.5779000000000001,0.5958,0.6035,0.6096,0.6115,0.6152000000000001,0.6266,0.6288,0.6339,0.6435000000000001,0.6438,0.6444000000000001,0.6454000000000001,0.6482,0.6505000000000001,0.6553,0.6597000000000001,0.6711,0.6857000000000001,0.6864,0.6989000000000001,0.6997,0.7060000000000001,0.7090000000000001,0.7256,0.7269,0.7324,0.734,0.7382000000000001,0.7452000000000001,0.7458,0.7499,0.7667,0.7876000000000001,0.7938000000000001,0.7976000000000001,0.8025,0.8251000000000001,0.8285,0.8334,0.8429000000000001,0.8473,0.8478,0.8480000000000001,0.8484,0.8496,0.8503000000000001,0.8509,0.8558,0.8654000000000001,0.8701000000000001,0.871,0.8801,0.8828,0.8975000000000001,0.9099,0.9133,0.9246000000000001,0.9432,0.9466,0.9563,0.9607,0.9615,0.9712000000000001,0.9787,0.9804,0.9838,0.9854
22627:0.025400000000000002,0.0477,0.066,0.1149,0.1384,0.162,0.1771,0.2245,0.2394,0.2807,0.2948,0.34140000000000004,0.3849,0.4526,0.4647,0.48850000000000005,0.49760000000000004,0.527,0.5636,0.6111,0.6299,0.6970000000000001,0.7195,0.7469,0.7573000000000001,0.769,0.8126,0.8779,0.9348000000000001,0.9580000000000001,0.9799
22879:0.41250000000000003,0.6474000000000001,0.7926000000000001,0.8606
24966:0.0073,0.010400000000000001,0.0234,0.0253,0.031200000000000002,0.0448,0.0528,0.0613,0.0645,0.0658,0.07540000000000001,0.0927,0.0932,0.0956,0.09820000000000001,0.1081,0.11410000000000001,0.1189,0.1386,0.14750000000000002,0.1479,0.15410000000000001,0.15460000000000002,0.1642,0.1655,0.16640000000000002,0.19770000000000001,0.20170000000000002,0.2049,0.21230000000000002,0.21960000000000002,0.22080000000000002,0.2416,0.2429,0.24680000000000002,0.24700000000000003,0.2521,0.2919,0.2927,0.30710000000000004,0.32080000000000003,0.3307,0.3376,0.338,0.34,0.341,0.3458,0.35960000000000003,0.36250000000000004,0.3774,0.38230000000000003,0.3831,0.38580000000000003,0.38770000000000004,0.3889,0.40690000000000004,0.4258,0.42700000000000005,0.43,0.4418,0.4439,0.44430000000000003,0.44970000000000004,0.4551,0.46540000000000004,0.46940000000000004,0.47500000000000003,0.47790000000000005,0.49760000000000004,0.512,0.518,0.5245000000000001,0.529,0.5324,0.5464,0.5536,0.5664,0.5697,0.5748,0.5781000000000001,0.5833,0.5838,0.5861000000000001,0.5902000000000001,0.5919,0.5932000000000001,0.5945,0.5986,0.6028,0.6039,0.6054,0.6172000000000001,0.621,0.6232,0.6236,0.6304000000000001,0.6343,0.6547000000000001,0.655,0.6738000000000001,0.6815,0.6914,0.6966,0.7017,0.7053,0.7074,0.7081000000000001,0.7160000000000001,0.7180000000000001,0.7378,0.7438,0.7455,0.7457,0.7478,0.748,0.7543000000000001,0.7557,0.7581,0.766,0.7681,0.7744000000000001,0.7833,0.7953,0.8047000000000001,0.8061,0.8153,0.8248000000000001,0.8369000000000001,0.8433,0.8520000000000001,0.8553000000000001,0.8635,0.9026000000000001,0.9145000000000001,0.9255,0.9355,0.9375,0.9396,0.9665,0.9670000000000001,0.9756,0.9937,0.9986,0.9999
25122:0.1469,0.165,0.2195,0.2549,0.3194,0.3811,0.4224,0.44420000000000004,0.47140000000000004,0.5431,0.5872,0.7169,0.7404000000000001,0.79,0.8137000000000001,0.8438,0.8781,0.9490000000000001
25694:0.0102,0.0429,0.0635,0.0896,0.10790000000000001,0.1288,0.16040000000000001,0.1821,0.2016,0.232,0.24960000000000002,0.2753,0.30310000000000004,0.3214,0.3623,0.3866,0.402,0.4147,0.446,0.47150000000000003,0.48850000000000005,0.522,0.5448000000000001,0.5648000000000001,0.5856,0.5982000000000001,0.6172000000000001,0.6389,0.6569,0.6824,0.6994,0.7130000000000001,0.7422000000000001,0.779,0.7932,0.8051,0.8266,0.8431000000000001,0.8659,0.8931,0.9111,0.9379000000000001,0.9548000000000001,0.9833000000000001,0.9988
26183:0.0907,0.227,0.2907,0.3821,0.5696,0.6424000000000001,0.8386,0.9145000000000001
26520:0.0176,0.042100000000000005,0.053700000000000005,0.0717,0.0814,0.0888,0.0993,0.1326,0.1401,0.1632,0.17900000000000002,0.1991,0.21230000000000002,0.24100000000000002,0.2514,0.2586,0.2975,0.31620000000000004,0.3287,0.3526,0.3614,0.41100000000000003,0.48000000000000004,0.5088,0.5421,0.551,0.5738,0.5808,0.6441,0.6545000000000001,0.6761,0.6913,0.7061000000000001,0.7210000000000001,0.7434000000000001,0.7724000000000001,0.7879,0.8175,0.8236,0.8566,0.8719,0.8927,0.9025000000000001,0.9104000000000001,0.9241,0.9531000000000001,0.9637,0.9742000000000001,0.9804,0.9917
26916:0.0114,0.0565,0.06520000000000001,0.0965,0.1526,0.1811,0.1915,0.25680000000000003,0.27590000000000003,0.29760000000000003,0.318,0.33480000000000004,0.34650000000000003,0.36410000000000003,0.38070000000000004,0.39440000000000003,0.4068,0.4353,0.4693,0.4812,0.4897,0.5198,0.5396000000000001,0.5686,0.5821000000000001,0.5958,0.6188,0.6389,0.6561,0.6791,0.6979000000000001,0.7375,0.7588,0.77,0.7794000000000001,0.7864,0.7987000000000001,0.8165,0.8323,0.8479,0.8559,0.8659,0.8885000000000001,0.9068,0.9252,0.9356000000000001,0.9844
27232:0.0195,0.0303,0.0461,0.0813,0.0891,0.1155,0.1282,0.1359,0.1421,0.1557,0.1685,0.184,0.19290000000000002,0.2069,0.2172,0.23220000000000002,0.2401,0.24550000000000002,0.2594,0.2771,0.2848,0.3019,0.3176,0.328,0.34640000000000004,0.37610000000000005,0.3865,0.39380000000000004,0.4173,0.4284,0.45580000000000004,0.4616,0.468,0.4868,0.49660000000000004,0.5135000000000001,0.534,0.5471,0.5541,0.5804,0.5920000000000001,0.6053000000000001,0.6139,0.6251,0.6473,0.6577000000000001,0.6668000000000001,0.6846,0.6960000000000001,0.7462000000000001,0.7585000000000001,0.7845000000000001,0.7903,0.799,0.8272,0.8348,0.8531000000000001,0.8627,0.8727,0.887,0.9023,0.9102,0.9471,0.9602,0.9779,0.9844
27345:0.2533,0.43,0.5505,0.6651,0.7421,0.9860000000000001
27811:0.6571,0.7942,0.9493
28207:0.07930000000000001,0.1159,0.24050000000000002,0.2822,0.3921,0.466,0.5385,0.6075,0.6451,0.6904,0.7815000000000001,0.8982,0.9154,0.9841000000000001
28504:0.2515,0.40390000000000004,0.679,0.8972
28778:0.0675,0.48850000000000005,0.537,0.6275000000000001,0.7249,0.8499,0.9029
29375:0.6178
29643:0.0004,0.0206,0.0223,0.027600000000000003,0.0329,0.043300000000000005,0.0471,0.058600000000000006,0.0718,0.08,0.0859,0.0873,0.08800000000000001,0.0925,0.10490000000000001,0.1091,0.1153,0.11570000000000001,0.1184,0.12090000000000001,0.1342,0.1364,0.13870000000000002,0.14120000000000002,0.1476,0.15430000000000002,0.1598,0.17250000000000001,0.1892,0.1991,0.2177,0.2267,0.24200000000000002,0.24350000000000002,0.26130000000000003,0.279,0.2851,0.2854,0.28600000000000003,0.2902,0.2944,0.29610000000000003,0.30260000000000004,0.3126,0.32370000000000004,0.33390000000000003,0.3528,0.36760000000000004,0.3879,0.3956,0.3985,0.40030000000000004,0.4146,0.4157,0.41650000000000004,0.42450000000000004,0.42710000000000004,0.4302,0.4319,0.4349,0.4368,0.4464,0.46950000000000003,0.48900000000000005,0.4899,0.5093,0.5164,0.5209,0.535,0.5356000000000001,0.5406000000000001,0.5469,0.5543,0.5896,0.6028,0.6222,0.6523,0.6526000000000001,0.6556000000000001,0.6613,0.6616000000000001,0.6639,0.6773,0.6797000000000001,0.6954,0.7178,0.7186,0.7225,0.7256,0.7559,0.762,0.788,0.7948000000000001,0.7977000000000001,0.8015,0.8027000000000001,0.8126,0.8195,0.8215,0.8260000000000001,0.8322,0.8327,0.8329000000000001,0.8361000000000001,0.8393,0.8451000000000001,0.8496,0.8499,0.8504,0.878,0.8819,0.8872,0.8916000000000001,0.8973000000000001,0.9052,0.9248000000000001,0.9255,0.9307000000000001,0.9329000000000001,0.9422,0.9466,0.9516,0.9591000000000001,0.9602,0.9657,0.9708,0.9736,0.9901000000000001,0.9916,0.9918,0.9973000000000001
29790:0.0362,0.0651,0.0855,0.1274,0.15760000000000002,0.18380000000000002,0.20520000000000002,0.2506,0.27080000000000004,0.3085,0.334,0.3715,0.41650000000000004,0.43320000000000003,0.46330000000000005,0.4862,0.5534,0.5899,0.6297,0.6634,0.7816000000000001,0.7976000000000001,0.8258000000000001,0.8524,0.868,0.9094000000000001,0.9497000000000001,0.9698
29921:0.012700000000000001,0.0261,0.039900000000000005,0.0526,0.0591,0.0965,0.1105,0.1202,0.13040000000000002,0.16820000000000002,0.1827,0.19640000000000002,0.2155,0.24400000000000002,0.2516,0.2605,0.27890000000000004,0.3163,0.3406,0.3662,0.3942,0.40390000000000004,0.4446,0.46080000000000004,0.48550000000000004,0.5377000000000001,0.5547000000000001,0.5784,0.6008,0.608,0.6184000000000001,0.6545000000000001,0.6636000000000001,0.6798000000000001,0.6957,0.7101000000000001,0.7196,0.7379,0.8035,0.8158000000000001,0.8329000000000001,0.8405,0.8463,0.8530000000000001,0.8606,0.8852000000000001,0.8962,0.9037000000000001,0.9305,0.9451,0.9635
29966:0.0181,0.039,0.0584,0.07880000000000001,0.1014,0.126,0.1511,0.1729,0.2016,0.219,0.2421,0.2675,0.2906,0.3109,0.3315,0.3496,0.3824,0.3997,0.4158,0.43720000000000003,0.4541,0.47540000000000004,0.498,0.5234,0.5565,0.5779000000000001,0.5954,0.6129,0.6283000000000001,0.654,0.6771,0.6989000000000001,0.7198,0.7462000000000001,0.7606,0.7872,0.8136,0.8299000000000001,0.8572000000000001,0.8885000000000001,0.9122,0.9347000000000001,0.9541000000000001,0.9806
30387:0.0068000000000000005,0.0332,0.0485,0.0555,0.07490000000000001,0.0855,0.09720000000000001,0.1686,0.1799,0.1917,0.203,0.2235,0.2437,0.2554,0.27040000000000003,0.27790000000000004,0.28300000000000003,0.3034,0.3305,0.34750000000000003,0.369,0.3884,0.40440000000000004,0.4116,0.4237,0.44680000000000003,0.46880000000000005,0.47840000000000005,0.5184,0.5301,0.5428000000000001,0.5618000000000001,0.6007,0.6173000000000001,0.6279,0.6588,0.6692,0.6825,0.7108,0.729,0.7394000000000001,0.7499,0.7631,0.7785000000000001,0.8140000000000001,0.8331000000000001,0.8557,0.867,0.8748,0.8824000000000001,0.8931,0.9143,0.9410000000000001,0.9513,0.9617,0.9687,0.9817
30703:0.0045000000000000005,0.0049,0.0098,0.012400000000000001,0.0241,0.025900000000000003,0.0478,0.0533,0.0541,0.0631,0.0694,0.07490000000000001,0.0833,0.0835,0.0921,0.0976,0.1046,0.1073,0.1114,0.136,0.1394,0.1487,0.149,0.1703,0.1781,0.17980000000000002,0.184,0.1913,0.1923,0.1953,0.1978,0.20220000000000002,0.2033,0.2056,0.2081,0.231,0.2371,0.2403,0.24530000000000002,0.2558,0.2852,0.2862,0.2992,0.3079,0.317,0.318,0.3241,0.3388,0.3543,0.36010000000000003,0.3738,0.37510000000000004,0.3884,0.40180000000000005,0.40390000000000004,0.4046,0.40990000000000004,0.4223,0.4283,0.43010000000000004,0.4338,0.4345,0.4395,0.4404,0.44320000000000004,0.44470000000000004,0.4787,0.4812,0.529,0.5365,0.5392,0.5554,0.5562,0.5750000000000001,0.5811000000000001,0.5913,0.5934,0.6071000000000001,0.6117,0.6173000000000001,0.6195,0.6245,0.6504,0.6542,0.6607000000000001,0.6663,0.6674,0.6781,0.6785,0.6960000000000001,0.7111000000000001,0.7184,0.7209,0.7212000000000001,0.7223,0.7229,0.7293000000000001,0.7333000000000001,0.7448,0.7631,0.7762,0.783,0.786,0.787,0.8022,0.8101,0.8232,0.8274,0.8393,0.8401000000000001,0.8505,0.8625,0.882,0.8825000000000001,0.9096000000000001,0.9377000000000001,0.9417000000000001,0.9463,0.9465,0.9478000000000001,0.9488000000000001,0.9532,0.9597,0.9659000000000001,0.9716,0.9798,0.9879,0.9892000000000001,0.9917,0.9975
30871:0.0246,0.0359,0.0506,0.0755,0.0889,0.1081,0.11800000000000001,0.1247,0.1404,0.1506,0.163,0.19340000000000002,0.22290000000000001,0.24550000000000002,0.2838,0.28900000000000003,0.2977,0.3158,0.33690000000000003,0.37160000000000004,0.3987,0.4177,0.4308,0.4384,0.47600000000000003,0.4944,0.5194,0.5378000000000001,0.5499,0.6058,0.6562,0.6659,0.6834,0.7214,0.7292000000000001,0.7653000000000001,0.798,0.8069000000000001,0.8224,0.8348,0.8428,0.8523000000000001,0.8856,0.8948,0.9082,0.9301,0.9368000000000001,0.9498000000000001,0.9620000000000001,0.9739000000000001,0.9948
31066:0.12490000000000001,0.1469,0.24000000000000002,0.366,0.4292,0.466,0.5760000000000001,0.6174000000000001,0.7472000000000001
31933:0.0009000000000000001,0.013000000000000001,0.0142,0.021500000000000002,0.0256,0.0376,0.038200000000000005,0.0424,0.0449,0.0546,0.0572,0.060700000000000004,0.0627,0.0653,0.07010000000000001,0.08080000000000001,0.0952,0.10490000000000001,0.11,0.1131,0.1258,0.1279,0.13040000000000002,0.1381,0.1405,0.14880000000000002,0.1537,0.159,0.16540000000000002,0.1708,0.17300000000000001,0.1733,0.1967,0.2169,0.21710000000000002,0.2185,0.232,0.2328,0.23390000000000002,0.23570000000000002,0.2383,0.23900000000000002,0.24810000000000001,0.2501,0.2614,0.26580000000000004,0.2775,0.27840000000000004,0.2862,0.2872,0.2903,0.2917,0.298,0.3181,0.31970000000000004,0.331,0.3372,0.3425,0.343,0.371,0.3785,0.3788,0.3866,0.41600000000000004,0.4408,0.4441,0.44720000000000004,0.4505,0.45120000000000005,0.45180000000000003,0.4536,0.4575,0.4581,0.46180000000000004,0.4758,0.4807,0.4838,0.48500000000000004,0.48800000000000004,0.49100000000000005,0.4917,0.49350000000000005,0.4943,0.49500000000000005,0.5002,0.5025000000000001,0.5066,0.5187,0.5247,0.5346000000000001,0.5547000000000001,0.5564,0.5581,0.5664,0.5736,0.5752,0.6026,0.6042000000000001,0.6077,0.6185,0.6194000000000001,0.6259,0.6263000000000001,0.6333000000000001,0.6537000000000001,0.6604,0.6733,0.6816,0.6912,0.6948000000000001,0.6955,0.6958000000000001,0.6965,0.7095,0.7124,0.7130000000000001,0.7167,0.7198,0.7328,0.7356,0.7433000000000001,0.7435,0.7444000000000001,0.7484000000000001,0.7517,0.7529,0.7538,0.7611,0.7617,0.7639,0.7656000000000001,0.7827000000000001,0.7958000000000001,0.8056000000000001,0.8091,0.8094,0.8220000000000001,0.8257,0.8339000000000001,0.8527,0.8561000000000001,0.8687,0.8749,0.8858,0.9032,0.9071,0.9134,0.9287000000000001,0.9303,0.9381,0.9494,0.9516,0.9544,0.9592,0.9678,0.9732000000000001,0.9765,0.9787
32426:0.39890000000000003,0.4777,0.7823
32582:0.0151,0.039900000000000005,0.0649,0.09280000000000001,0.11370000000000001,0.12480000000000001,0.1592,0.1806,0.20040000000000002,0.2119,0.2242,0.2399,0.2489,0.2589,0.2921,0.318,0.3503,0.381,0.4126,0.4272,0.4428,0.455,0.4786,0.4933,0.5089,0.5257000000000001,0.5645,0.5926,0.6045,0.6153000000000001,0.644,0.6604,0.6765,0.6907,0.6983,0.7201000000000001,0.7406,0.7714000000000001,0.7845000000000001,0.8239000000000001,0.8429000000000001,0.8611000000000001,0.8859,0.9,0.9305,0.9681000000000001,0.9893000000000001
32978:0.5334,0.6366,0.8506
33364:0.39880000000000004,0.4791,0.7825000000000001
33580:0.0302,0.0843,0.1144,0.1492,0.1832,0.21660000000000001,0.2467,0.2817,0.36810000000000004,0.4157,0.43670000000000003,0.499,0.5389,0.5531,0.5772,0.6333000000000001,0.6548,0.7428,0.8247,0.8758,0.9056000000000001,0.9281,0.9754
33803:0.0035,0.0076,0.0175,0.048,0.0523,0.0574,0.0611,0.0684,0.0855,0.0942,0.11570000000000001,0.1358,0.1486,0.1519,0.1559,0.1759,0.1778,0.18660000000000002,0.1875,0.1879,0.1895,0.19840000000000002,0.2404,0.24960000000000002,0.2549,0.27140000000000003,0.27190000000000003,0.2722,0.2909,0.2922,0.3119,0.31270000000000003,0.3158,0.31670000000000004,0.3251,0.3295,0.3395,0.3422,0.35650000000000004,0.35910000000000003,0.364,0.3699,0.3765,0.3829,0.39130000000000004,0.392,0.3925,0.3942,0.3981,0.40230000000000005,0.40650000000000003,0.42800000000000005,0.4292,0.435,0.43560000000000004,0.44320000000000004,0.45730000000000004,0.4671,0.46790000000000004,0.46900000000000003,0.4692,0.47100000000000003,0.4767,0.48210000000000003,0.48560000000000003,0.5113,0.5163,0.5171,0.526,0.5348,0.5458000000000001,0.5609000000000001,0.5663,0.5755,0.5772,0.5870000000000001,0.5907,0.6051000000000001,0.6135,0.6323000000000001,0.6334000000000001,0.6485000000000001,0.6528,0.6533,0.6671,0.6737000000000001,0.6828000000000001,0.6945,0.6953,0.7122,0.7303000000000001,0.735,0.7503000000000001,0.7544000000000001,0.7564000000000001,0.7601,0.7659,0.7731,0.776,0.7768,0.7776000000000001,0.7804,0.7814,0.7853,0.7875000000000001,0.7937000000000001,0.8096,0.8113,0.8209000000000001,0.8275,0.8324,0.8388,0.8431000000000001,0.8501000000000001,0.8511000000000001,0.859,0.8612000000000001,0.8764000000000001,0.885,0.8861,0.8971,0.9019,0.9089,0.9199,0.9266000000000001,0.9316000000000001,0.9337000000000001,0.9343,0.9442,0.9722000000000001,0.9807,0.9931000000000001,0.9967
34034:0.0159,0.0334,0.048600000000000004,0.066,0.11170000000000001,0.14300000000000002,0.1572,0.16490000000000002,0.1796,0.2561,0.2641,0.2847,0.3183,0.3337,0.3462,0.3597,0.37060000000000004,0.3776,0.3985,0.432,0.4459,0.4621,0.5155000000000001,0.5371,0.5581,0.5683,0.5894,0.6271,0.6363,0.6554,0.6692,0.7106,0.7309,0.7446,0.7666000000000001,0.777,0.7944,0.8326,0.8567,0.8647,0.8793000000000001,0.8971,0.9115000000000001,0.9295,0.9526,0.9680000000000001,0.9808
34763:0.0279,0.046,0.0629,0.08460000000000001,0.10260000000000001,0.1149,0.1288,0.14070000000000002,0.1481,0.1621,0.2056,0.218,0.2369,0.2452,0.2803,0.3063,0.34550000000000003,0.36560000000000004,0.4158,0.4272,0.44730000000000003,0.4632,0.4793,0.4969,0.5637,0.5736,0.5919,0.6109,0.6176,0.6293000000000001,0.6489,0.6734,0.6997,0.7422000000000001,0.7538,0.8074,0.8239000000000001,0.8491000000000001,0.8671000000000001,0.9054000000000001,0.922,0.9702000000000001
34976:0.0317,0.044500000000000005,0.0729,0.0892,0.1165,0.1308,0.15080000000000002,0.16190000000000002,0.1842,0.20090000000000002,0.2462,0.26630000000000004,0.2972,0.311,0.3317,0.3659,0.3758,0.4081,0.4248,0.43160000000000004,0.4546,0.46990000000000004,0.48450000000000004,0.546,0.5646,0.5897,0.627,0.6576000000000001,0.7182000000000001,0.7565000000000001,0.7828,0.7942,0.8203,0.8401000000000001,0.8545,0.8667,0.9018,0.9287000000000001,0.9492,0.9594,0.9811000000000001
35241:0.23170000000000002,0.42010000000000003,0.6768000000000001,0.7303000000000001,0.7703,0.8481000000000001,0.9993000000000001
35447:0.08360000000000001,0.2584,0.2857,0.30960000000000004,0.45130000000000003,0.5700000000000001,0.6272,0.8386,0.8916000000000001,0.9216000000000001
36555:0.0033,0.016300000000000002,0.047900000000000005,0.0482,0.049300000000000004,0.056600000000000004,0.07100000000000001,0.07540000000000001,0.0859,0.10310000000000001,0.1068,0.12140000000000001,0.1296,0.13920000000000002,0.1422,0.1441,0.15030000000000002,0.15280000000000002,0.1564,0.1573,0.1626,0.1691,0.1779,0.19870000000000002,0.19890000000000002,0.2086,0.2126,0.2162,0.22030000000000002,0.2248,0.2403,0.2427,0.2447,0.25120000000000003,0.2531,0.255,0.2851,0.2868,0.30310000000000004,0.306,0.31370000000000003,0.31470000000000004,0.3175,0.329,0.33990000000000004,0.3453,0.3677,0.37070000000000003,0.372,0.3778,0.38220000000000004,0.3829,0.4,0.4108,0.41540000000000005,0.4157,0.4223,0.4312,0.434,0.4355,0.43720000000000003,0.4414,0.45030000000000003,0.4516,0.4617,0.46440000000000003,0.4667,0.4692,0.4788,0.4938,0.5019,0.5109,0.5254,0.534,0.5375,0.5381,0.5425,0.5554,0.5653,0.5690000000000001,0.5760000000000001,0.5830000000000001,0.5833,0.5874,0.5991000000000001,0.6018,0.6081,0.6114,0.6578,0.6773,0.6818000000000001,0.6919000000000001,0.7082,0.7092,0.7103,0.7159,0.7199,0.7231000000000001,0.7304,0.735,0.736,0.7695000000000001,0.7742,0.7787000000000001,0.7845000000000001,0.7851,0.7897000000000001,0.7905000000000001,0.7924,0.7953,0.8085,0.809,0.8103,0.8116,0.8135,0.8198000000000001,0.8272,0.8295,0.8369000000000001,0.8383,0.8480000000000001,0.8516,0.8583000000000001,0.863,0.8677,0.8737,0.8982,0.9113,0.9213,0.9356000000000001,0.937,0.9419000000000001,0.9465,0.9499000000000001,0.9578000000000001,0.9614,0.9803000000000001,0.9906,0.9999
36658:0.0708,0.11270000000000001,0.22690000000000002,0.2634,0.3116,0.5311,0.5744,0.6407,0.7346,0.8087000000000001,0.8623000000000001,0.9113,0.9489000000000001
36807:0.0082,0.0296,0.034300000000000004,0.049800000000000004,0.0505,0.0603,0.08370000000000001,0.0889,0.1032,0.1072,0.111,0.1283,0.1371,0.1393,0.1421,0.1519,0.15230000000000002,0.16160000000000002,0.1633,0.1749,0.1807,0.1832,0.19160000000000002,0.19940000000000002,0.2066,0.2169,0.21910000000000002,0.2214,0.24430000000000002,0.2571,0.2627,0.2659,0.27840000000000004,0.2844,0.2866,0.2917,0.29300000000000004,0.2967,0.2973,0.3211,0.32180000000000003,0.3225,0.3347,0.33690000000000003,0.34450000000000003,0.3629,0.3658,0.37210000000000004,0.3754,0.387,0.3894,0.4015,0.40390000000000004,0.4066,0.4078,0.4118,0.4126,0.4315,0.4375,0.4582,0.4756,0.47950000000000004,0.4862,0.48650000000000004,0.4897,0.4904,0.499,0.4994,0.5262,0.5267000000000001,0.5339,0.5343,0.5398000000000001,0.5485,0.5685,0.5689000000000001,0.5707,0.5750000000000001,0.5768,0.5792,0.5809000000000001,0.5830000000000001,0.5838,0.5895,0.5957,0.6008,0.6044,0.6123000000000001,0.6141,0.6218,0.6247,0.6328,0.6358,0.646,0.6552,0.6571,0.6615,0.6654,0.6656000000000001,0.6757000000000001,0.6765,0.6803,0.6815,0.6819000000000001,0.6923,0.6984,0.6993,0.7007,0.7128,0.7366,0.7399,0.7402000000000001,0.7423000000000001,0.7461,0.7621,0.773,0.7777000000000001,0.7814,0.7962,0.8008000000000001,0.8066,0.8081,0.811,0.8146,0.8151,0.8380000000000001,0.8633000000000001,0.8659,0.8704000000000001,0.8847,0.8901,0.8904000000000001,0.8919,0.9061,0.9179,0.9339000000000001,0.9528000000000001,0.9557,0.9585,0.9601000000000001,0.9760000000000001,0.9897,0.9921000000000001,0.993,0.994
37191:0.8448
37268:0.0292,0.0465,0.06430000000000001,0.0881,0.1143,0.13040000000000002,0.1408,0.1501,0.1749,0.2081,0.2222,0.2398,0.2513,0.2813,0.30720000000000003,0.3467,0.3669,0.4174,0.4294,0.4486,0.465,0.49450000000000005,0.5438000000000001,0.5692,0.5796,0.6078,0.6175,0.6334000000000001,0.6505000000000001,0.6778000000000001,0.7018,0.7426,0.7542,0.8111,0.8257,0.8500000000000001,0.8681000000000001,0.8929,0.9141,0.9673,0.9999
37743:0.4963,0.7569
37867:0.8422000000000001
38569:0.0129,0.0385,0.0582,0.0858,0.1748,0.18730000000000002,0.2024,0.2283,0.2587,0.27590000000000003,0.28750000000000003,0.3377,0.38330000000000003,0.4066,0.4228,0.4524,0.4813,0.5325,0.5557,0.6186,0.632,0.6687000000000001,0.6948000000000001,0.7206,0.7427,0.7645000000000001,0.8361000000000001,0.8658,0.8791,0.8969,0.9462,0.9633,0.9830000000000001
38919:0.0159,0.0505,0.06330000000000001,0.0824,0.10830000000000001,0.1366,0.1575,0.1761,0.22160000000000002,0.24700000000000003,0.25720000000000004,0.272,0.2838,0.2987,0.3083,0.33330000000000004,0.3864,0.41650000000000004,0.43860000000000005,0.45080000000000003,0.45980000000000004,0.49860000000000004,0.5264,0.5518000000000001,0.5669000000000001,0.5815,0.6118,0.6246,0.6383,0.6673,0.6812,0.7146,0.7288,0.76,0.7799,0.8038000000000001,0.8303,0.8388,0.8557,0.8834000000000001,0.8912,0.9073,0.9181,0.927,0.9444,0.9670000000000001
39143:0.0182,0.0267,0.0536,0.0762,0.09230000000000001,0.165,0.1952,0.21660000000000001,0.262,0.2778,0.327,0.36710000000000004,0.3846,0.42800000000000005,0.44520000000000004,0.46090000000000003,0.4778,0.5005000000000001,0.541,0.5662,0.5999,0.6365000000000001,0.6737000000000001,0.7105,0.7334,0.8308000000000001,0.8466,0.8675,0.8823000000000001,0.8962,0.918,0.9291,0.9635,0.9754,0.9919
40085:0.0292,0.0476,0.0682,0.08800000000000001,0.1017,0.1188,0.1303,0.1373,0.1564,0.1622,0.1741,0.1834,0.20670000000000002,0.21880000000000002,0.2328,0.25680000000000003,0.2752,0.2842,0.3231,0.3382,0.36710000000000004,0.38230000000000003,0.396,0.4501,0.46680000000000005,0.47950000000000004,0.49300000000000005,0.5121,0.5211,0.5552,0.5725,0.5911000000000001,0.5999,0.621,0.6271,0.6338,0.6519,0.6613,0.6862,0.7067,0.7258,0.7379,0.7438,0.7585000000000001,0.7863,0.8113,0.8255,0.8354,0.8478,0.8578,0.8655,0.8761,0.8883000000000001,0.9092,0.9187000000000001,0.9406,0.9713,0.9934000000000001
40683:0.0279,0.0597,0.0825,0.1621,0.23800000000000002,0.2555,0.3201,0.3411,0.35200000000000004,0.4677,0.5156000000000001,0.5464,0.6094,0.6442,0.6721,0.7442000000000001,0.8113,0.8441000000000001,0.8646,0.8825000000000001,0.9127000000000001,0.9673
40955:0.014700000000000001,0.029300000000000003,0.0437,0.065,0.0848,0.09430000000000001,0.10990000000000001,0.1704,0.19160000000000002,0.21860000000000002,0.23870000000000002,0.2526,0.2763,0.33430000000000004,0.3642,0.3836,0.39690000000000003,0.46490000000000004,0.48210000000000003,0.5022,0.5648000000000001,0.5739000000000001,0.5922000000000001,0.6079,0.6338,0.6645,0.6781,0.7377,0.783,0.8191,0.8339000000000001,0.8895000000000001,0.9048,0.9377000000000001,0.9542,0.9675
41096:0.0398,0.0882,0.1819,0.2059,0.2721,0.28650000000000003,0.4072,0.4561,0.5446,0.6245,0.6712,0.7417,0.7685000000000001,0.8676,0.8927,0.9620000000000001,0.9876
41220:0.0128,0.0177,0.0337,0.039400000000000004,0.0521,0.0666,0.07930000000000001,0.10490000000000001,0.1135,0.11900000000000001,0.12840000000000001,0.157,0.1724,0.18050000000000002,0.19440000000000002,0.2003,0.20950000000000002,0.2165,0.2373,0.2414,0.24700000000000003,0.2539,0.2891,0.2934,0.3149,0.34650000000000003,0.3627,0.3796,0.4081,0.4187,0.4365,0.4486,0.4576,0.4777,0.4844,0.49660000000000004,0.5087,0.5181,0.5286000000000001,0.5617,0.5760000000000001,0.5934,0.6026,0.613,0.6302,0.6418,0.657,0.6643,0.6764,0.6873,0.6939000000000001,0.6982,0.7060000000000001,0.7341000000000001,0.7405,0.7627,0.7756000000000001,0.7845000000000001,0.8116,0.8249000000000001,0.8422000000000001,0.8521000000000001,0.8686,0.8839,0.8946000000000001,0.9035000000000001,0.9285,0.9556,0.9821000000000001,0.9956
41464:0.014700000000000001,0.0329,0.0461,0.061500000000000006,0.07200000000000001,0.1106,0.1393,0.1479,0.16090000000000002,0.1779,0.2263,0.2559,0.2629,0.2821,0.3136,0.32880000000000004,0.3351,0.3447,0.35760000000000003,0.3655,0.3744,0.3957,0.4259,0.4451,0.4576,0.5059,0.5176000000000001,0.5362,0.5552,0.5665,0.5887,0.6225,0.6311,0.6416000000000001,0.6563,0.6685,0.7095,0.7298,0.7434000000000001,0.7645000000000001,0.7726000000000001,0.7853,0.7964,0.8317,0.8527,0.8611000000000001,0.877,0.8961,0.9108,0.9232,0.9450000000000001,0.9562,0.9675,0.9802000000000001
41690:0.0635,0.15760000000000002,0.20140000000000002,0.2614,0.32170000000000004,0.4111,0.47940000000000005,0.5026,0.5323,0.5555,0.5952000000000001,0.6267,0.6582,0.7181000000000001,0.7356,0.7657,0.7972,0.8432000000000001,0.8843000000000001,0.9348000000000001
42296:0.0181,0.06280000000000001,0.0829,0.0936,0.1062,0.13440000000000002,0.1685,0.1907,0.2209,0.22920000000000001,0.2487,0.2711,0.2879,0.3058,0.3452,0.37420000000000003,0.4151,0.4303,0.46490000000000004,0.4762,0.48810000000000003,0.5183,0.5447000000000001,0.5627,0.5864,0.5976,0.6095,0.6381,0.6494,0.7040000000000001,0.7314,0.7495,0.7643000000000001,0.7844,0.8014,0.8427,0.8582000000000001,0.8683000000000001,0.8851,0.8958,0.9089,0.9199,0.9430000000000001,0.9884000000000001
42480:0.0063,0.010400000000000001,0.0118,0.0132,0.0151,0.0154,0.024300000000000002,0.035,0.036000000000000004,0.0449,0.05,0.0621,0.0632,0.06520000000000001,0.0734,0.07680000000000001,0.08990000000000001,0.1028,0.109,0.11030000000000001,0.115,0.1154,0.12290000000000001,0.1259,0.1524,0.1537,0.15810000000000002,0.1704,0.1746,0.1779,0.1791,0.185,0.1958,0.19770000000000001,0.19790000000000002,0.2008,0.2074,0.2081,0.21200000000000002,0.21330000000000002,0.2162,0.225,0.2353,0.2361,0.23800000000000002,0.23820000000000002,0.23870000000000002,0.24020000000000002,0.2419,0.24450000000000002,0.2449,0.2499,0.2501,0.2761,0.28700000000000003,0.2894,0.2897,0.2901,0.29100000000000004,0.30770000000000003,0.3128,0.3151,0.33140000000000003,0.3442,0.3466,0.3538,0.3733,0.3771,0.4038,0.4041,0.4103,0.4168,0.4181,0.4298,0.4343,0.44060000000000005,0.4466,0.44870000000000004,0.4525,0.45470000000000005,0.4562,0.47140000000000004,0.4751,0.47950000000000004,0.48140000000000005,0.4913,0.4938,0.5007,0.5067,0.5083,0.512,0.5157,0.5238,0.5256000000000001,0.5431,0.5592,0.5601,0.5672,0.5750000000000001,0.5894,0.5902000000000001,0.5912000000000001,0.5987,0.5989,0.6013000000000001,0.6022000000000001,0.6078,0.6104,0.612,0.6139,0.6278,0.6316,0.641,0.6489,0.655,0.6576000000000001,0.662,0.6687000000000001,0.6745,0.6796,0.6852,0.6880000000000001,0.6913,0.6945,0.6949000000000001,0.6958000000000001,0.7019000000000001,0.7022,0.7169,0.7318,0.7353000000000001,0.7376,0.739,0.7544000000000001,0.7606,0.7689,0.7734000000000001,0.7767000000000001,0.7825000000000001,0.7944,0.8092,0.8198000000000001,0.8220000000000001,0.8245,0.8298000000000001,0.8403,0.8460000000000001,0.8497,0.8589,0.877,0.8815000000000001,0.8822000000000001,0.8865000000000001,0.8927,0.8979,0.9008,0.9095000000000001,0.9258000000000001,0.9281,0.9468000000000001,0.9537,0.9652000000000001,0.9798,0.9814,0.9871000000000001,0.9942000000000001
42797:0.0403,0.13240000000000002,0.20170000000000002,0.22640000000000002,0.24180000000000001,0.2852,0.3461,0.3669,0.40030000000000004,0.44720000000000004,0.5542,0.6137,0.7053,0.7736000000000001,0.8045,0.9685
44477:0.0148,0.0217,0.025900000000000003,0.034300000000000004,0.0393,0.0511,0.057100000000000005,0.0641,0.0799,0.0814,0.0858,0.0956,0.10790000000000001,0.1109,0.1116,0.12050000000000001,0.1226,0.1273,0.12840000000000001,0.1331,0.13440000000000002,0.1427,0.1437,0.1444,0.1511,0.1558,0.1713,0.1986,0.2025,0.2029,0.21030000000000001,0.2114,0.2204,0.23170000000000002,0.23440000000000003,0.23500000000000001,0.23800000000000002,0.24070000000000003,0.24230000000000002,0.26030000000000003,0.2718,0.2781,0.298,0.2987,0.3048,0.31220000000000003,0.33790000000000003,0.34190000000000004,0.3436,0.3457,0.3556,0.3614,0.3628,0.3645,0.3826,0.4046,0.4121,0.41500000000000004,0.4162,0.4223,0.42510000000000003,0.4263,0.4274,0.43470000000000003,0.4429,0.44470000000000004,0.44530000000000003,0.4562,0.45730000000000004,0.46080000000000004,0.46730000000000005,0.4733,0.4908,0.49200000000000005,0.49420000000000003,0.49470000000000003,0.5218,0.5326000000000001,0.5569000000000001,0.5606,0.5664,0.5672,0.5720000000000001,0.5732,0.5784,0.5855,0.5982000000000001,0.6047,0.609,0.6117,0.6132000000000001,0.6145,0.6156,0.619,0.623,0.6373,0.6449,0.6458,0.6642,0.6664,0.6911,0.6961,0.6963,0.7172000000000001,0.7327,0.7396,0.7403000000000001,0.7407,0.7435,0.7475,0.7583000000000001,0.788,0.8007000000000001,0.8137000000000001,0.8179000000000001,0.8228000000000001,0.8399000000000001,0.8441000000000001,0.8467,0.8508,0.8607,0.8655,0.8738,0.8849,0.9016000000000001,0.9031,0.9132,0.9156000000000001,0.9480000000000001,0.9586,0.9679000000000001,0.9890000000000001,0.9941000000000001
44599:0.0246,0.28140000000000004,0.4685,0.8796,0.9750000000000001
45009:0.0148,0.028900000000000002,0.037200000000000004,0.06860000000000001,0.07590000000000001,0.0907,0.09860000000000001,0.11380000000000001,0.1411,0.15990000000000001,0.1781,0.1918,0.20950000000000002,0.2165,0.2346,0.2449,0.26930000000000004,0.2771,0.2828,0.2973,0.336,0.379,0.38620000000000004,0.3919,0.41140000000000004,0.43160000000000004,0.43870000000000003,0.4621,0.47800000000000004,0.4963,0.5198,0.5357000000000001,0.5447000000000001,0.5644,0.5775,0.601,0.6156,0.6321,0.6411,0.6526000000000001,0.6765,0.6865,0.7241000000000001,0.7384000000000001,0.7566,0.7675000000000001,0.7806000000000001,0.7918000000000001,0.805,0.8223,0.8506,0.8582000000000001,0.8722000000000001,0.8943000000000001,0.9,0.9086000000000001,0.9139,0.9395,0.9576,0.9711000000000001,0.9793000000000001
45210:0.0048000000000000004,0.0092,0.0297,0.0415,0.047900000000000005,0.057,0.0589,0.0596,0.0616,0.0729,0.0781,0.07970000000000001,0.0801,0.092,0.10360000000000001,0.10500000000000001,0.10740000000000001,0.1228,0.1325,0.13290000000000002,0.1388,0.1495,0.1553,0.1668,0.1713,0.17320000000000002,0.17850000000000002,0.1836,0.2159,0.2169,0.2209,0.2215,0.2296,0.2364,0.24480000000000002,0.2508,0.2515,0.2544,0.2558,0.2589,0.2679,0.2691,0.26990000000000003,0.27340000000000003,0.278,0.2817,0.28240000000000004,0.29200000000000004,0.2936,0.2957,0.29810000000000003,0.3018,0.30360000000000004,0.3052,0.3269,0.3275,0.33030000000000004,0.3391,0.34750000000000003,0.37870000000000004,0.38230000000000003,0.40540000000000004,0.4087,0.4146,0.41490000000000005,0.4253,0.4314,0.4383,0.442,0.4444,0.4489,0.4546,0.4554,0.45680000000000004,0.4571,0.47890000000000005,0.4847,0.496,0.5035000000000001,0.5188,0.5235000000000001,0.5404,0.543,0.5499,0.5509000000000001,0.56,0.5624,0.5636,0.5727,0.5755,0.5791000000000001,0.5924,0.6016,0.6095,0.6111,0.6151,0.6184000000000001,0.6224000000000001,0.6244000000000001,0.6275000000000001,0.6313000000000001,0.6438,0.6498,0.6636000000000001,0.667,0.6688000000000001,0.6746,0.6873,0.7057,0.7112,0.7190000000000001,0.7219,0.7288,0.7329,0.7537,0.7555000000000001,0.7624000000000001,0.7716000000000001,0.7779,0.7915000000000001,0.7996000000000001,0.8005,0.802,0.8168000000000001,0.8250000000000001,0.8274,0.8308000000000001,0.8314,0.8381000000000001,0.8490000000000001,0.8511000000000001,0.8524,0.8601000000000001,0.8697,0.8803000000000001,0.8822000000000001,0.8843000000000001,0.8877,0.8881,0.8886000000000001,0.8949,0.9001,0.9074000000000001,0.9102,0.9141,0.9145000000000001,0.9169,0.9187000000000001,0.9204,0.9348000000000001,0.9403,0.9417000000000001,0.9420000000000001,0.9604,0.9614,0.9639000000000001,0.9721000000000001,0.9952000000000001
45482:0.0167,0.031,0.0444,0.059500000000000004,0.0674,0.09960000000000001,0.115,0.1328,0.14600000000000002,0.1589,0.1753,0.22110000000000002,0.2373,0.2446,0.2555,0.2718,0.2837,0.2923,0.3235,0.3436,0.38230000000000003,0.4481,0.45520000000000005,0.4637,0.48610000000000003,0.49460000000000004,0.5046,0.5252,0.5601,0.5776,0.6102000000000001,0.6258,0.6383,0.6762,0.6968000000000001,0.7163,0.7251000000000001,0.7407,0.7479,0.7554000000000001,0.7666000000000001,0.8086,0.8153,0.8312,0.8592000000000001,0.8804000000000001,0.9102,0.9338000000000001,0.9542,0.9745,0.9845
45956:0.024900000000000002,0.0485,0.08700000000000001,0.11860000000000001,0.1325,0.1428,0.16540000000000002,0.19010000000000002,0.21080000000000002,0.23320000000000002,0.24330000000000002,0.2601,0.2823,0.3023,0.3262,0.3549,0.38370000000000004,0.39690000000000003,0.4209,0.45880000000000004,0.4685,0.4949,0.5335,0.5503,0.5838,0.5997,0.6144000000000001,0.6474000000000001,0.6624,0.6774,0.6966,0.7521,0.7633000000000001,0.7881,0.8048000000000001,0.8354,0.8561000000000001,0.8696,0.8879,0.909,0.9510000000000001,0.9724,0.9852000000000001
46558:0.0636,0.1592,0.19140000000000001,0.2765,0.3196,0.34900000000000003,0.37520000000000003,0.3962,0.4379,0.47250000000000003,0.5229,0.5794,0.642,0.6847000000000001,0.7596,0.7797000000000001,0.7926000000000001,0.8299000000000001,0.8530000000000001,0.891,0.93
46634:0.10210000000000001,0.28340000000000004,0.3951,0.5475,0.6445000000000001,0.9048
46908:0.0471,0.1062,0.1306,0.15360000000000001,0.19240000000000002,0.2335,0.257,0.3564,0.4096,0.4379,0.4813,0.546,0.5847,0.6122000000000001,0.6335000000000001,0.6516000000000001,0.6832,0.7079000000000001,0.7331000000000001,0.7986000000000001,0.8581000000000001,0.9166000000000001
48937:0.014700000000000001,0.050300000000000004,0.1024,0.1203,0.1829,0.2011,0.23470000000000002,0.2597,0.32380000000000003,0.3647,0.40230000000000005,0.48310000000000003,0.553,0.5768,0.6012000000000001,0.6404000000000001,0.6664,0.7103,0.7916000000000001,0.8210000000000001,0.8427,0.9028,0.9449000000000001
49136:0.13620000000000002,0.17250000000000001,0.2232,0.4978,0.6254000000000001,0.7414000000000001,0.8339000000000001,0.8655
49673:0.0152,0.030500000000000003,0.0477,0.0613,0.0978,0.1165,0.1317,0.1714,0.1849,0.2093,0.2459,0.2625,0.3166,0.3431,0.3678,0.39630000000000004,0.4082,0.4571,0.4834,0.5392,0.5569000000000001,0.5806,0.6017,0.6159,0.6551,0.6715,0.6839000000000001,0.6992,0.7121000000000001,0.7369,0.8059000000000001,0.8188000000000001,0.8367,0.8458,0.8560000000000001,0.8706,0.8916000000000001,0.9059,0.9419000000000001,0.9589000000000001,0.9679000000000001
50146:0.0179,0.056,0.0896,0.1559,0.22540000000000002,0.2671,0.2828,0.306,0.3269,0.39990000000000003,0.4151,0.4441,0.47590000000000005,0.5108,0.56,0.6129,0.6372,0.6894,0.7106,0.7417,0.7541,0.793,0.871,0.9124,0.9367000000000001
50267:0.0179,0.032,0.046200000000000005,0.07300000000000001,0.09050000000000001,0.1009,0.11510000000000001,0.149,0.1652,0.1804,0.20950000000000002,0.2209,0.23920000000000002,0.27090000000000003,0.2806,0.3009,0.3824,0.39030000000000004,0.4111,0.4355,0.447,0.46340000000000003,0.4812,0.4979,0.5214,0.5389,0.546,0.5720000000000001,0.6012000000000001,0.6202000000000001,0.6336,0.6434000000000001,0.6552,0.678,0.6906,0.7293000000000001,0.7567,0.7693,0.7834,0.7951,0.8081,0.8253,0.8543000000000001,0.8714000000000001,0.8945000000000001,0.9033,0.9117000000000001,0.9411,0.9619000000000001,0.9737,0.9887
50304:0.0507,0.12190000000000001,0.1996,0.24710000000000001,0.3219,0.4126,0.4551,0.5578000000000001,0.5986,0.8003
50566:0.041100000000000005,0.0859,0.1077,0.1236,0.13570000000000002,0.14700000000000002,0.1585,0.1898,0.2308,0.24960000000000002,0.3543,0.3986,0.41440000000000005,0.43620000000000003,0.45580000000000004,0.5015000000000001,0.5432,0.5713,0.6006,0.6154000000000001,0.6356,0.6458,0.662,0.6925,0.7071000000000001,0.7243,0.7496,0.7935,0.8515,0.9017000000000001,0.9184,0.9354,0.9825
51016:0.1023,0.16870000000000002,0.255,0.3456,0.3919,0.4529,0.5862,0.6063000000000001,0.7107,0.7527
51366:0.0102,0.0108,0.0112,0.0273,0.0304,0.0335,0.0357,0.0439,0.0446,0.0529,0.054,0.054700000000000006,0.0591,0.0703,0.0742,0.07590000000000001,0.0891,0.099,0.1106,0.113,0.1168,0.11860000000000001,0.12340000000000001,0.13490000000000002,0.1389,0.1399,0.1428,0.15460000000000002,0.1683,0.1781,0.1839,0.189,0.1928,0.196,0.1968,0.1981,0.20370000000000002,0.2155,0.22340000000000002,0.2265,0.2313,0.23950000000000002,0.2399,0.24380000000000002,0.25620000000000004,0.2741,0.2768,0.2806,0.2852,0.2903,0.29350000000000004,0.2997,0.308,0.3109,0.3126,0.317,0.319,0.32080000000000003,0.32170000000000004,0.3274,0.3493,0.35350000000000004,0.3556,0.37270000000000003,0.3764,0.3905,0.3961,0.39990000000000003,0.405,0.40750000000000003,0.40840000000000004,0.4112,0.41190000000000004,0.4181,0.41960000000000003,0.4198,0.4343,0.44470000000000004,0.4484,0.4491,0.45020000000000004,0.4525,0.45730000000000004,0.4632,0.46380000000000005,0.4773,0.4781,0.4812,0.4899,0.5013000000000001,0.5016,0.5077,0.5173,0.5255000000000001,0.5259,0.5282,0.5421,0.5476,0.551,0.5542,0.5733,0.5797,0.5803,0.5821000000000001,0.5831000000000001,0.5913,0.5919,0.5962000000000001,0.6103000000000001,0.6297,0.6318,0.6425000000000001,0.6615,0.6644,0.6789000000000001,0.6902,0.6945,0.7001000000000001,0.7097,0.7297,0.7339,0.7437,0.7544000000000001,0.7591,0.7613000000000001,0.7772,0.7861,0.7908000000000001,0.7923,0.7949,0.7989,0.8108000000000001,0.8136,0.8160000000000001,0.8194,0.8237,0.8259000000000001,0.8288000000000001,0.8374,0.8605,0.8656,0.8738,0.8798,0.8838,0.8964000000000001,0.8979,0.9066000000000001,0.9161,0.9452,0.9486,0.9516,0.9529000000000001,0.9611000000000001,0.9664,0.9780000000000001,0.9832000000000001
51623:0.0645,0.1595,0.19140000000000001,0.27640000000000003,0.31920000000000004,0.3623,0.394,0.4378,0.4722,0.5226000000000001,0.5802,0.6562,0.7010000000000001,0.7598,0.7806000000000001,0.7981,0.8356,0.8570000000000001,0.8913000000000001,0.9339000000000001
52249:0.2441,0.6187
52372:0.058,0.2016,0.3196,0.41450000000000004,0.4601,0.5947,0.8260000000000001
52665:0.1018,0.2199,0.4178,0.5811000000000001,0.7098,0.8298000000000001,0.9124
53440:0.0196,0.040600000000000004,0.0688,0.08800000000000001,0.1189,0.1361,0.1645,0.1905,0.2107,0.22710000000000002,0.2422,0.2634,0.28150000000000003,0.3154,0.33630000000000004,0.35910000000000003,0.38270000000000004,0.39890000000000003,0.4212,0.43960000000000005,0.4607,0.4864,0.5067,0.5377000000000001,0.5574,0.5820000000000001,0.6116,0.6348,0.6592,0.6761,0.7024,0.7319,0.7493000000000001,0.7716000000000001,0.7998000000000001,0.8258000000000001,0.8477,0.8689,0.889,0.9108,0.93,0.9568000000000001,0.9761000000000001,0.9941000000000001
53461:0.2852,0.3961,0.549,0.6484,0.9049
53697:0.2432,0.46780000000000005,0.7976000000000001
53710:0.0286,0.0509,0.07150000000000001,0.0863,0.16670000000000001,0.19060000000000002,0.2157,0.24300000000000002,0.2644,0.28450000000000003,0.2995,0.32530000000000003,0.3383,0.3561,0.3839,0.4277,0.4572,0.4736,0.5048,0.5197,0.5351,0.5591,0.5772,0.6125,0.6348,0.649,0.6637000000000001,0.6929000000000001,0.7104,0.736,0.7511,0.8006000000000001,0.8362,0.8512000000000001,0.8736,0.9154,0.9587,0.9756,0.9876
53909:0.0128,0.058600000000000006,0.067,0.08850000000000001,0.1091,0.1526,0.1792,0.18860000000000002,0.20220000000000002,0.2528,0.26230000000000003,0.28600000000000003,0.3047,0.3204,0.364,0.3874,0.4097,0.42600000000000005,0.43620000000000003,0.4737,0.48190000000000005,0.4913,0.5138,0.529,0.5369,0.5524,0.5808,0.5928,0.6078,0.6207,0.631,0.6414000000000001,0.6547000000000001,0.6799000000000001,0.7076,0.7196,0.7293000000000001,0.7527,0.7637,0.7792,0.7957000000000001,0.8374,0.8455,0.8656,0.8837,0.8972,0.9061,0.9308000000000001,0.9552
54413:0.020200000000000003,0.029900000000000003,0.045200000000000004,0.0555,0.0683,0.08120000000000001,0.10930000000000001,0.15410000000000001,0.1663,0.1767,0.1978,0.2325,0.2441,0.2534,0.2864,0.3025,0.31930000000000003,0.3355,0.34650000000000003,0.3563,0.3788,0.4068,0.43760000000000004,0.45640000000000003,0.4686,0.4802,0.49870000000000003,0.5138,0.5298,0.5439,0.5574,0.604,0.6116,0.6268,0.6448,0.6608,0.6698000000000001,0.7278,0.7443000000000001,0.7616,0.7826000000000001,0.8085,0.8383,0.8441000000000001,0.8555,0.8638,0.8726,0.8846,0.9032,0.9114000000000001,0.9309000000000001,0.9587,0.9683,0.9823000000000001
54740:0.0162,0.049100000000000005,0.0694,0.1369,0.17450000000000002,0.24050000000000002,0.2664,0.30260000000000004,0.34550000000000003,0.45520000000000005,0.4975,0.5452,0.5793,0.6417,0.6834,0.7167,0.7458,0.7676000000000001,0.8797,0.9263,0.9604,0.9794
57297:0.0166,0.039900000000000005,0.0523,0.0654,0.076,0.08320000000000001,0.0931,0.1052,0.1326,0.13920000000000002,0.1625,0.17750000000000002,0.197,0.2111,0.2388,0.2461,0.2554,0.2802,0.2994,0.3138,0.3276,0.34740000000000004,0.35810000000000003,0.4052,0.41340000000000005,0.47550000000000003,0.5001,0.5207,0.5428000000000001,0.5495,0.5719000000000001,0.5779000000000001,0.5884,0.6406000000000001,0.6537000000000001,0.6741,0.6894,0.7048,0.7196,0.7418,0.7691,0.7816000000000001,0.8003,0.8187000000000001,0.8251000000000001,0.8534,0.8666,0.8902,0.9011,0.9102,0.9239,0.9428000000000001,0.9560000000000001,0.9631000000000001,0.9730000000000001,0.9793000000000001,0.9904000000000001
58540:0.003,0.006200000000000001,0.0111,0.014700000000000001,0.0211,0.0235,0.0245,0.0383,0.0385,0.039400000000000004,0.040100000000000004,0.044500000000000005,0.046700000000000005,0.0611,0.0614,0.0761,0.0767,0.0811,0.08270000000000001,0.08660000000000001,0.08700000000000001,0.08900000000000001,0.1041,0.1047,0.10540000000000001,0.1066,0.116,0.1223,0.1405,0.15,0.1658,0.16620000000000001,0.1688,0.1776,0.1824,0.18580000000000002,0.2001,0.2054,0.2134,0.21610000000000001,0.2179,0.22690000000000002,0.2326,0.2336,0.2363,0.2444,0.2479,0.24810000000000001,0.2492,0.2575,0.2675,0.26990000000000003,0.2893,0.2918,0.3244,0.3271,0.3316,0.3322,0.33380000000000004,0.3466,0.35000000000000003,0.3593,0.3622,0.36260000000000003,0.3639,0.3704,0.3719,0.37970000000000004,0.38170000000000004,0.3846,0.3881,0.39330000000000004,0.396,0.4137,0.443,0.4556,0.45730000000000004,0.4722,0.4752,0.4768,0.4818,0.48650000000000004,0.48760000000000003,0.49860000000000004,0.4998,0.5166000000000001,0.5203,0.5441,0.5507000000000001,0.561,0.5627,0.5664,0.5677,0.5692,0.5764,0.5802,0.5876,0.5898,0.5932000000000001,0.5983,0.604,0.6189,0.6245,0.6296,0.6316,0.6318,0.6373,0.6493,0.6554,0.6612,0.6705,0.6709,0.6731,0.6769000000000001,0.6838000000000001,0.6984,0.7071000000000001,0.7187,0.7314,0.7354,0.7372000000000001,0.7398,0.7574000000000001,0.758,0.7745000000000001,0.7805000000000001,0.7959,0.7974,0.8104,0.8163,0.8258000000000001,0.8285,0.8300000000000001,0.8310000000000001,0.8597,0.8778,0.8836,0.8854000000000001,0.8971,0.8983000000000001,0.8994000000000001,0.9072,0.9221,0.9314,0.9341,0.9474,0.9477000000000001,0.9491,0.9517,0.9578000000000001,0.9585,0.9634,0.9683,0.9867,0.9897
58953:0.018600000000000002,0.042,0.056900000000000006,0.0737,0.091,0.11320000000000001,0.12440000000000001,0.14930000000000002,0.1628,0.1757,0.1962,0.215,0.2308,0.2431,0.255,0.2667,0.2831,0.2973,0.3195,0.3327,0.34640000000000004,0.3695,0.38980000000000004,0.4146,0.4324,0.4471,0.465,0.47700000000000004,0.4882,0.5079,0.5217,0.5369,0.5577,0.5769000000000001,0.5852,0.5982000000000001,0.6113000000000001,0.6232,0.6334000000000001,0.6444000000000001,0.6623,0.6747000000000001,0.6873,0.7003,0.7142000000000001,0.7333000000000001,0.7452000000000001,0.7588,0.7794000000000001,0.7952,0.8093,0.8222,0.8338,0.8569,0.8775000000000001,0.8947,0.9114000000000001,0.9366000000000001,0.9571000000000001,0.9752000000000001,0.9879
59514:0.0049,0.0056,0.020200000000000003,0.028800000000000003,0.029300000000000003,0.0313,0.038400000000000004,0.039900000000000005,0.041100000000000005,0.062,0.0743,0.0988,0.0994,0.09970000000000001,0.112,0.117,0.12760000000000002,0.1278,0.1291,0.1434,0.169,0.1799,0.1816,0.1836,0.18510000000000001,0.19590000000000002,0.1993,0.1998,0.20040000000000002,0.203,0.2088,0.2096,0.2116,0.2167,0.223,0.2252,0.2257,0.2288,0.2308,0.2331,0.2335,0.2384,0.2607,0.269,0.26940000000000003,0.2778,0.2791,0.2813,0.2821,0.2936,0.3143,0.3242,0.3281,0.33030000000000004,0.3351,0.3428,0.3472,0.35710000000000003,0.3578,0.35860000000000003,0.36150000000000004,0.37670000000000003,0.38530000000000003,0.38880000000000003,0.3926,0.3946,0.3952,0.4045,0.4078,0.4207,0.42560000000000003,0.43270000000000003,0.43910000000000005,0.4424,0.44880000000000003,0.4607,0.46140000000000003,0.46530000000000005,0.4692,0.48000000000000004,0.4879,0.5007,0.5024000000000001,0.532,0.5351,0.5403,0.5483,0.549,0.5588000000000001,0.5608000000000001,0.5750000000000001,0.5857,0.5937,0.6046,0.6059,0.6086,0.6252,0.6342,0.6627000000000001,0.6833,0.6887,0.6926,0.6937,0.7025,0.7031000000000001,0.7039000000000001,0.7098,0.7108,0.7343000000000001,0.7543000000000001,0.7554000000000001,0.7579,0.76,0.7702,0.7706000000000001,0.7717,0.7872,0.7914,0.7963,0.7966000000000001,0.7972,0.8071,0.8117000000000001,0.8123,0.8130000000000001,0.8468,0.8495,0.8514,0.8734000000000001,0.8795000000000001,0.8842000000000001,0.9016000000000001,0.9083,0.918,0.9263,0.928,0.9531000000000001,0.9577,0.9605,0.9632000000000001,0.9764,0.9770000000000001,0.9819,0.9866,0.9927,0.9993000000000001
60029:0.0548,0.1129,0.1454,0.1661,0.1938,0.2235,0.26990000000000003,0.2948,0.3264,0.3698,0.3931,0.41140000000000004,0.48850000000000005,0.5028,0.5376000000000001,0.5741,0.5842,0.6069,0.6286,0.6594,0.6729,0.6843,0.7042,0.7449,0.7833,0.8111,0.8749,0.8959,0.9612,0.9967
60153:0.2886
60197:0.0162,0.0368,0.056,0.0779,0.1159,0.1264,0.1442,0.1864,0.19890000000000002,0.2285,0.2441,0.28290000000000004,0.2967,0.31470000000000004,0.3241,0.35860000000000003,0.39840000000000003,0.4106,0.4208,0.45170000000000005,0.46580000000000005,0.4854,0.5064000000000001,0.5284,0.5545,0.5846,0.5998,0.6454000000000001,0.6944,0.7382000000000001,0.7633000000000001,0.7946000000000001,0.8173,0.8295,0.8772000000000001,0.9003,0.9547,0.9831000000000001
60212:0.1154,0.14120000000000002,0.2144,0.2457,0.3084,0.3663,0.4199,0.4496,0.49670000000000003,0.5746,0.6122000000000001,0.6501,0.7026,0.7474000000000001,0.8252
60657:0.2596,0.6712,0.7492000000000001
60818:0.015300000000000001,0.0296,0.037700000000000004,0.0506,0.059000000000000004,0.08220000000000001,0.0995,0.1245,0.1363,0.1519,0.1796,0.19240000000000002,0.2106,0.2157,0.22110000000000002,0.22640000000000002,0.2506,0.2684,0.2792,0.2938,0.3069,0.3304,0.34090000000000004,0.3507,0.3618,0.3819,0.3904,0.3987,0.4055,0.41450000000000004,0.43320000000000003,0.46190000000000003,0.4748,0.49860000000000004,0.5068,0.5563,0.5750000000000001,0.5855,0.6011000000000001,0.6189,0.6266,0.6367,0.6516000000000001,0.6617000000000001,0.6715,0.6832,0.6975,0.7037,0.7407,0.7548,0.7669,0.783,0.7923,0.806,0.8243,0.8296,0.8432000000000001,0.8541000000000001,0.8673000000000001,0.8873000000000001,0.899,0.9094000000000001,0.9183,0.9292,0.9399000000000001,0.9495,0.9568000000000001,0.9820000000000001
61437:0.0604,0.2706,0.28950000000000004,0.319,0.33790000000000003,0.4111,0.45,0.5111,0.6145,0.6943,0.7171000000000001,0.7525000000000001,0.8765000000000001,0.9209
61837:0.0118,0.0257,0.0427,0.052700000000000004,0.0684,0.0834,0.09190000000000001,0.109,0.1293,0.1688,0.18810000000000002,0.2154,0.22360000000000002,0.2366,0.2514,0.2726,0.2995,0.33380000000000004,0.3559,0.3659,0.378,0.3871,0.3982,0.4602,0.4798,0.4903,0.5071,0.5263,0.5632,0.5723,0.5868,0.5953,0.6131,0.6312,0.6385000000000001,0.6634,0.6761,0.6896,0.7215,0.74,0.7657,0.7866000000000001,0.8047000000000001,0.8226,0.8328,0.8868,0.9028,0.9343,0.9528000000000001,0.9651000000000001,0.993
61871:0.0018000000000000002,0.0074,0.0167,0.031200000000000002,0.031900000000000005,0.0558,0.060700000000000004,0.0645,0.06470000000000001,0.06670000000000001,0.075,0.0848,0.0979,0.0985,0.10020000000000001,0.1015,0.1111,0.1159,0.117,0.11800000000000001,0.1211,0.1464,0.15030000000000002,0.1585,0.1666,0.1784,0.18960000000000002,0.19340000000000002,0.2011,0.2064,0.20770000000000002,0.2109,0.2117,0.2154,0.221,0.22490000000000002,0.2268,0.23,0.23090000000000002,0.23120000000000002,0.2406,0.2427,0.2482,0.2574,0.2659,0.27490000000000003,0.2783,0.2846,0.301,0.31670000000000004,0.3175,0.3204,0.3418,0.3483,0.3491,0.3503,0.36150000000000004,0.3658,0.3714,0.3759,0.3962,0.4056,0.4163,0.41960000000000003,0.42460000000000003,0.44020000000000004,0.45580000000000004,0.4847,0.48510000000000003,0.49450000000000005,0.5003000000000001,0.5104000000000001,0.5184,0.5342,0.5395,0.5414,0.5489,0.5535,0.5568000000000001,0.5579000000000001,0.5633,0.5750000000000001,0.5936,0.6112000000000001,0.6134000000000001,0.62,0.6327,0.6378,0.6393,0.6454000000000001,0.647,0.6475000000000001,0.6482,0.6538,0.6611,0.6636000000000001,0.6654,0.6705,0.6904,0.7033,0.7099000000000001,0.7150000000000001,0.7259,0.7265,0.739,0.7464000000000001,0.7477,0.7748,0.79,0.7987000000000001,0.8001,0.8108000000000001,0.8123,0.8177000000000001,0.8250000000000001,0.8301000000000001,0.8310000000000001,0.8331000000000001,0.8348,0.8442000000000001,0.8473,0.8594,0.8637,0.886,0.8866,0.9035000000000001,0.9085000000000001,0.9256000000000001,0.9321,0.9352,0.9388000000000001,0.9393,0.9404,0.9435,0.9504,0.9788,0.9904000000000001,0.9907,0.9939,0.9952000000000001,0.9976
61894:0.2353
62648:0.0415,0.0587,0.07980000000000001,0.0941,0.1345,0.1661,0.1825,0.21130000000000002,0.2456,0.25980000000000003,0.303,0.32980000000000004,0.3588,0.4142,0.5447000000000001,0.5766,0.6534,0.6867000000000001,0.7177,0.7536,0.7865000000000001,0.8215,0.8689,0.9003,0.9134,0.9298000000000001,0.9607,0.9776
62840:0.0207,0.033,0.046200000000000005,0.0736,0.0892,0.101,0.11620000000000001,0.1472,0.1666,0.1821,0.2096,0.22010000000000002,0.23700000000000002,0.2705,0.281,0.30160000000000003,0.3826,0.3909,0.41300000000000003,0.436,0.4625,0.4838,0.4989,0.522,0.5411,0.5507000000000001,0.5761000000000001,0.6026,0.6273000000000001,0.6383,0.6519,0.678,0.6927,0.731,0.7561,0.7693,0.786,0.7971,0.8103,0.8278000000000001,0.8548,0.8714000000000001,0.8946000000000001,0.9055000000000001,0.912,0.9406,0.9621000000000001,0.9753000000000001,0.9869
64262:0.0698,0.258,0.5814,0.7877000000000001,0.9048,0.9600000000000001
64388:0.0028,0.0245,0.0284,0.0287,0.0333,0.0385,0.0419,0.0431,0.0592,0.0604,0.07010000000000001,0.0727,0.0776,0.0821,0.08710000000000001,0.1005,0.111,0.1121,0.1245,0.1252,0.1268,0.1395,0.1434,0.1484,0.1549,0.1562,0.1588,0.1617,0.1736,0.17980000000000002,0.1802,0.185,0.1905,0.19890000000000002,0.201,0.20400000000000001,0.20750000000000002,0.23870000000000002,0.2421,0.24330000000000002,0.24710000000000001,0.2536,0.2631,0.2644,0.265,0.2753,0.27790000000000004,0.2922,0.2999,0.30460000000000004,0.3083,0.309,0.3206,0.3244,0.3291,0.3355,0.3473,0.3599,0.36610000000000004,0.3664,0.36910000000000004,0.37360000000000004,0.3825,0.3942,0.4035,0.41200000000000003,0.4127,0.4229,0.42600000000000005,0.4262,0.4279,0.4403,0.4415,0.45170000000000005,0.45930000000000004,0.46,0.46790000000000004,0.4711,0.47800000000000004,0.48150000000000004,0.4867,0.5003000000000001,0.5355,0.5386000000000001,0.546,0.5498000000000001,0.5582,0.5617,0.5755,0.5771000000000001,0.5872,0.5877,0.6069,0.6196,0.6226,0.6248,0.6263000000000001,0.6411,0.6517000000000001,0.6532,0.6576000000000001,0.6787000000000001,0.6853,0.7018,0.7130000000000001,0.7396,0.7449,0.7535000000000001,0.7623000000000001,0.7728,0.7795000000000001,0.7848,0.7894,0.7912,0.7934,0.8028000000000001,0.8123,0.8173,0.8207,0.8307,0.8370000000000001,0.8429000000000001,0.8474,0.8521000000000001,0.8540000000000001,0.8602000000000001,0.8613000000000001,0.8631000000000001,0.8659,0.8679,0.8968,0.8972,0.8978,0.9067000000000001,0.9164,0.9248000000000001,0.9354,0.9396,0.9466,0.9521000000000001,0.9552,0.9555,0.9659000000000001,0.9753000000000001,0.9784,0.9787
65084:0.0212,0.029500000000000002,0.042300000000000004,0.045700000000000005,0.048600000000000004,0.0495,0.051500000000000004,0.0534,0.061700000000000005,0.0738,0.07880000000000001,0.0829,0.09720000000000001,0.09960000000000001,0.1003,0.10060000000000001,0.1037,0.10700000000000001,0.1184,0.12340000000000001,0.1305,0.1496,0.1515,0.1549,0.1673,0.1763,0.18050000000000002,0.1812,0.1835,0.1932,0.19410000000000002,0.19460000000000002,0.196,0.2277,0.23190000000000002,0.2346,0.2364,0.2482,0.2523,0.27690000000000003,0.2771,0.28450000000000003,0.3165,0.3181,0.3315,0.3351,0.3457,0.3508,0.3544,0.36060000000000003,0.37210000000000004,0.3795,0.3811,0.38180000000000003,0.38330000000000003,0.3865,0.39730000000000004,0.39940000000000003,0.4142,0.41600000000000004,0.4167,0.45840000000000003,0.45980000000000004,0.4707,0.4768,0.4955,0.5007,0.5028,0.5262,0.5336000000000001,0.5388000000000001,0.5554,0.556,0.5672,0.5784,0.5804,0.5969,0.6032000000000001,0.6074,0.6171,0.6197,0.6289,0.6338,0.64,0.6417,0.6448,0.6452,0.6461,0.6535000000000001,0.654,0.6622,0.6653,0.6718000000000001,0.6747000000000001,0.6806,0.6943,0.7019000000000001,0.7070000000000001,0.7086,0.7142000000000001,0.7230000000000001,0.7266,0.7316,0.7421,0.7503000000000001,0.7547,0.7628,0.7662,0.7708,0.7715000000000001,0.7857000000000001,0.7862,0.787,0.7886000000000001,0.7888000000000001,0.791,0.7969,0.8136,0.8154,0.8269000000000001,0.8303,0.8353,0.8367,0.8436,0.8520000000000001,0.8661000000000001,0.871,0.8731,0.8865000000000001,0.899,0.9247000000000001,0.9256000000000001,0.9258000000000001,0.9274,0.931,0.9343,0.9357000000000001,0.9389000000000001,0.9446,0.9452,0.9486,0.9501000000000001,0.9552,0.9577,0.9646,0.9743,0.9745,0.9843000000000001,0.995
65681:0.6755
65708:0.2293
66392:0.028,0.0507,0.085,0.0927,0.1179,0.1383,0.15030000000000002,0.17750000000000002,0.2306,0.2874,0.2999,0.3294,0.3992,0.4194,0.43360000000000004,0.44920000000000004,0.4959,0.5242,0.5437000000000001,0.6579,0.668,0.7225,0.799,0.8154,0.8291000000000001,0.8381000000000001,0.8522000000000001,0.8902,0.9084000000000001,0.9337000000000001,0.9545,0.9686,0.994
67292:0.0541,0.12010000000000001,0.162,0.1975,0.253,0.3296,0.40280000000000005,0.4441,0.48960000000000004,0.5619000000000001,0.602,0.6434000000000001,0.6995,0.7611,0.8009000000000001,0.8548,0.9238000000000001
68796:0.018500000000000003,0.035,0.0507,0.0673,0.11610000000000001,0.1449,0.1626,0.259,0.2821,0.31930000000000003,0.335,0.3492,0.3617,0.374,0.3996,0.437,0.4509,0.5163,0.5393,0.5638000000000001,0.5901000000000001,0.6289,0.6406000000000001,0.6577000000000001,0.6717000000000001,0.7125,0.7337,0.748,0.7683,0.7784000000000001,0.7952,0.8343,0.8584,0.8799,0.8993,0.9138000000000001,0.9342,0.9554,0.9688,0.9832000000000001
68819:0.009600000000000001,0.0368,0.057100000000000005,0.085,0.1738,0.1849,0.1996,0.2076,0.2277,0.2579,0.2743,0.2869,0.337,0.38820000000000005,0.40750000000000003,0.42550000000000004,0.45170000000000005,0.4802,0.5312,0.5575,0.6183000000000001,0.6309,0.6656000000000001,0.6761,0.7137,0.7414000000000001,0.764,0.8357,0.8658,0.8794000000000001,0.8946000000000001,0.9450000000000001,0.9623,0.9824
69428:0.061700000000000005,0.1056,0.1521,0.2019,0.26230000000000003,0.29810000000000003,0.39880000000000004,0.42560000000000003,0.4907,0.5358,0.5974,0.6649,0.7207,0.7647,0.8017000000000001,0.8355,0.8539,0.8992,0.9490000000000001,0.9957
69468:0.0111,0.0551,0.06470000000000001,0.09050000000000001,0.12300000000000001,0.1526,0.1804,0.191,0.2531,0.27440000000000003,0.2969,0.3175,0.3332,0.34600000000000003,0.36310000000000003,0.37320000000000003,0.38620000000000004,0.3956,0.406,0.43220000000000003,0.44020000000000004,0.4632,0.47150000000000003,0.4858,0.5195000000000001,0.5382,0.5655,0.5785,0.5944,0.6172000000000001,0.6379,0.6559,0.6779000000000001,0.6974,0.7361000000000001,0.7582,0.7692,0.7793,0.786,0.7972,0.8163,0.8308000000000001,0.8421000000000001,0.8532000000000001,0.8652000000000001,0.8882,0.9054000000000001,0.9233,0.935,0.9830000000000001
69859:0.08610000000000001,0.1102,0.20320000000000002,0.2313,0.27890000000000004,0.38,0.4721,0.5229,0.5654,0.5971000000000001,0.6161,0.6438,0.7632,0.7896000000000001,0.8602000000000001,0.889,0.9066000000000001,0.9449000000000001,0.9956
70106:0.001,0.009300000000000001,0.0112,0.0114,0.024,0.0378,0.0407,0.0463,0.0507,0.0641,0.0653,0.07730000000000001,0.0824,0.084,0.0867,0.08940000000000001,0.1,0.1018,0.11910000000000001,0.1193,0.1202,0.1325,0.1332,0.1336,0.1563,0.1588,0.162,0.1648,0.1706,0.1734,0.18030000000000002,0.18710000000000002,0.19940000000000002,0.2,0.2044,0.2088,0.21780000000000002,0.2215,0.23040000000000002,0.2371,0.24400000000000002,0.2461,0.24830000000000002,0.24880000000000002,0.25120000000000003,0.2549,0.2622,0.2687,0.2777,0.2812,0.29500000000000004,0.31420000000000003,0.3154,0.3176,0.318,0.33080000000000004,0.331,0.33290000000000003,0.3388,0.3458,0.3493,0.3523,0.3674,0.37160000000000004,0.37310000000000004,0.37920000000000004,0.3845,0.3941,0.3985,0.40700000000000003,0.41240000000000004,0.41340000000000005,0.4184,0.4223,0.42610000000000003,0.4323,0.434,0.44570000000000004,0.4515,0.45380000000000004,0.46590000000000004,0.4863,0.49720000000000003,0.5029,0.5059,0.5076,0.5151,0.5154,0.5196000000000001,0.5289,0.5311,0.5359,0.5428000000000001,0.5459,0.5485,0.5733,0.5841000000000001,0.6071000000000001,0.6255000000000001,0.6261,0.6267,0.6285000000000001,0.6317,0.6369,0.6408,0.652,0.6559,0.6571,0.6605000000000001,0.663,0.6666000000000001,0.6675,0.6774,0.678,0.6798000000000001,0.7087,0.7127,0.7205,0.7210000000000001,0.7232000000000001,0.7324,0.7359,0.7361000000000001,0.739,0.7419,0.7445,0.7469,0.7564000000000001,0.7599,0.7654000000000001,0.7666000000000001,0.7699,0.778,0.807,0.8101,0.8332,0.8368,0.8406,0.8416,0.8454,0.8551000000000001,0.8588,0.8669,0.872,0.8835000000000001,0.8852000000000001,0.8974000000000001,0.9021,0.9139,0.9193,0.9225000000000001,0.9286000000000001,0.9399000000000001,0.9471,0.9509000000000001,0.9565,0.9598000000000001,0.9720000000000001,0.9737,0.9786,0.9797,0.9826
70600:0.0244,0.0509,0.0867,0.1211,0.1396,0.1663,0.2019,0.2205,0.2414,0.2651,0.2859,0.30770000000000003,0.3304,0.36660000000000004,0.3911,0.4188,0.455,0.4672,0.49560000000000004,0.5377000000000001,0.56,0.5870000000000001,0.6128,0.6412,0.6615,0.6819000000000001,0.7391000000000001,0.7614000000000001,0.791,0.8274,0.8496,0.8698,0.8923000000000001,0.918,0.9522,0.9756
71155:0.0142,0.0339,0.0466,0.0575,0.0733,0.07970000000000001,0.1019,0.1168,0.12660000000000002,0.1421,0.1575,0.18130000000000002,0.19210000000000002,0.199,0.2187,0.22990000000000002,0.24200000000000002,0.2602,0.28040000000000004,0.2932,0.3108,0.32,0.3259,0.3549,0.37670000000000003,0.3992,0.4083,0.4162,0.4227,0.448,0.45270000000000005,0.46580000000000005,0.48260000000000003,0.504,0.5202,0.5302,0.5506,0.5575,0.5825,0.5939,0.6144000000000001,0.6356,0.6665,0.6934,0.7031000000000001,0.7346,0.7574000000000001,0.765,0.7891,0.7962,0.8144,0.8228000000000001,0.8295,0.8676,0.8826,0.8996000000000001,0.9191,0.9523,0.9638000000000001,0.9810000000000001
71500:0.0165,0.0358,0.049100000000000005,0.0679,0.0886,0.1135,0.13240000000000002,0.1491,0.171,0.1932,0.2137,0.23320000000000002,0.2503,0.2677,0.2832,0.3138,0.3312,0.3522,0.3695,0.3907,0.4058,0.4238,0.4403,0.4562,0.47800000000000004,0.5009,0.533,0.5565,0.5773,0.6007,0.6196,0.6326,0.6517000000000001,0.6659,0.6835,0.7042,0.7276,0.7429,0.7596,0.778,0.7989,0.8280000000000001,0.8491000000000001,0.8676,0.8931,0.9126000000000001,0.9255,0.9447000000000001,0.9615,0.9820000000000001
71502:0.021500000000000002,0.0429,0.07100000000000001,0.0872,0.1012,0.1211,0.1429,0.1673,0.1839,0.20570000000000002,0.21880000000000002,0.2426,0.25620000000000004,0.2768,0.30160000000000003,0.33530000000000004,0.35500000000000004,0.3826,0.3962,0.4166,0.43920000000000003,0.4807,0.5077,0.5243,0.5461,0.5748,0.5926,0.6342,0.6478,0.6625,0.6853,0.7237,0.7411,0.7617,0.7748,0.7886000000000001,0.8091,0.8280000000000001,0.8554,0.8713000000000001,0.8963000000000001,0.9117000000000001,0.9319000000000001,0.9493,0.9633,0.9813000000000001
71642:0.004200000000000001,0.0099,0.0123,0.031400000000000004,0.0342,0.0408,0.0419,0.0539,0.055600000000000004,0.0688,0.0719,0.0823,0.0829,0.0838,0.0855,0.1023,0.10880000000000001,0.11610000000000001,0.1189,0.1193,0.1242,0.1257,0.1718,0.1915,0.19310000000000002,0.1995,0.2083,0.2112,0.2189,0.22360000000000002,0.2248,0.23020000000000002,0.2383,0.24050000000000002,0.2439,0.2467,0.2586,0.2662,0.2725,0.2732,0.2868,0.2899,0.2949,0.3004,0.3025,0.3057,0.30670000000000003,0.3326,0.3342,0.3391,0.35710000000000003,0.3574,0.35910000000000003,0.36160000000000003,0.3652,0.3694,0.3861,0.3869,0.3901,0.39480000000000004,0.39930000000000004,0.40490000000000004,0.4057,0.4122,0.41960000000000003,0.4208,0.4233,0.431,0.4318,0.43570000000000003,0.4379,0.4731,0.4783,0.49910000000000004,0.5134000000000001,0.5169,0.5173,0.5204,0.524,0.5251,0.5257000000000001,0.5281,0.5286000000000001,0.5309,0.5466,0.5557,0.559,0.5701,0.5724,0.5744,0.5762,0.5864,0.6057,0.6061000000000001,0.6093000000000001,0.6115,0.6137,0.6208,0.6218,0.6302,0.6317,0.6326,0.6383,0.6496000000000001,0.6524,0.6606000000000001,0.6641,0.6761,0.7018,0.7108,0.7226,0.7441,0.7472000000000001,0.7492000000000001,0.7594000000000001,0.7715000000000001,0.7821,0.7831,0.7844,0.8071,0.8154,0.8157000000000001,0.8196,0.8208000000000001,0.8332,0.8370000000000001,0.8392000000000001,0.8406,0.8508,0.8516,0.8522000000000001,0.8551000000000001,0.861,0.8672000000000001,0.8802000000000001,0.8885000000000001,0.8947,0.897,0.8975000000000001,0.9019,0.9268000000000001,0.9364,0.9398000000000001,0.9498000000000001,0.9506,0.9510000000000001,0.9539000000000001,0.9550000000000001,0.9623,0.9666,0.9708,0.9759000000000001,0.9789,0.9870000000000001
72944:0.0112,0.0407,0.0533,0.069,0.0849,0.09240000000000001,0.1056,0.1228,0.1363,0.1623,0.1734,0.18960000000000002,0.20370000000000002,0.2112,0.22490000000000002,0.23920000000000002,0.2494,0.2575,0.27090000000000003,0.2841,0.3175,0.33290000000000003,0.3481,0.3553,0.37420000000000003,0.3871,0.4012,0.4146,0.42500000000000004,0.4343,0.45430000000000004,0.4902,0.5052,0.5108,0.5195000000000001,0.5345,0.5449,0.5518000000000001,0.5872,0.6285000000000001,0.6394000000000001,0.6544,0.6605000000000001,0.6694,0.6818000000000001,0.7157,0.7247,0.7383000000000001,0.7449,0.7588,0.768,0.7805000000000001,0.8133,0.8400000000000001,0.8450000000000001,0.8571000000000001,0.8694000000000001,0.8857,0.905,0.9223,0.9427000000000001,0.9535,0.9626,0.9773000000000001,0.9831000000000001
73168:0.0073,0.0341,0.0506,0.056600000000000004,0.0777,0.0869,0.09920000000000001,0.1711,0.18050000000000002,0.1967,0.2054,0.22460000000000002,0.2482,0.25680000000000003,0.2717,0.2792,0.29150000000000004,0.3307,0.3503,0.37110000000000004,0.3902,0.4058,0.4127,0.4254,0.44880000000000003,0.4733,0.4796,0.5269,0.5344,0.5467000000000001,0.5631,0.6114,0.6213000000000001,0.631,0.6627000000000001,0.6727000000000001,0.6921,0.7143,0.7343000000000001,0.7447,0.7616,0.7811,0.8273,0.8400000000000001,0.8593000000000001,0.8681000000000001,0.876,0.8917,0.9191,0.9438000000000001,0.9586,0.9638000000000001,0.9802000000000001
73775:0.035,0.0884,0.1182,0.14350000000000002,0.2501,0.2908,0.403,0.4278,0.4409,0.5252,0.5508000000000001,0.6632,0.7264,0.8039000000000001,0.8287,0.8408,0.8557,0.896,0.9341,0.9616,0.9944000000000001
74058:0.0193,0.0695,0.11900000000000001,0.1826,0.21000000000000002,0.24130000000000001,0.2943,0.42400000000000004,0.457,0.51,0.5976,0.6133000000000001,0.6669,0.6951,0.7448,0.8333,0.8953000000000001
74227:0.17250000000000001,0.2245,0.2832,0.39580000000000004,0.4998,0.5876,0.6373,0.6771,0.8786,0.9889
74337:0.0313,0.0684,0.0946,0.1283,0.1608,0.2031,0.22390000000000002,0.2454,0.2849,0.3169,0.3436,0.38530000000000003,0.43260000000000004,0.45840000000000003,0.4818,0.5153,0.5362,0.5730000000000001,0.6005,0.6187,0.6396000000000001,0.6629,0.7013,0.7362000000000001,0.7571,0.7936000000000001,0.8258000000000001,0.8502000000000001,0.8701000000000001,0.9099,0.9577,0.9927
74427:0.07050000000000001,0.12090000000000001,0.14750000000000002,0.24760000000000001,0.31880000000000003,0.3719,0.42250000000000004,0.49920000000000003,0.5778,0.6157,0.6629,0.7081000000000001,0.7515000000000001,0.88
75421:0.1332,0.7175,0.8566
77988:0.0103,0.0342,0.0641,0.0689,0.08800000000000001,0.1027,0.11900000000000001,0.1526,0.1694,0.1932,0.2097,0.2159,0.22820000000000001,0.2341,0.24650000000000002,0.2606,0.27790000000000004,0.2874,0.3199,0.3472,0.3528,0.36910000000000004,0.3789,0.4092,0.42300000000000004,0.444,0.4887,0.5035000000000001,0.5214,0.5426,0.5567,0.5661,0.599,0.6177,0.6359,0.6434000000000001,0.6502,0.6644,0.6734,0.7073,0.7180000000000001,0.7307,0.7496,0.7943,0.8041,0.8163,0.8278000000000001,0.8350000000000001,0.8509,0.8672000000000001,0.8913000000000001,0.912,0.9353,0.9430000000000001,0.9535,0.9931000000000001,0.9992000000000001
78673:0.0009000000000000001,0.002,0.009600000000000001,0.0098,0.0154,0.0224,0.0483,0.0526,0.064,0.0679,0.07490000000000001,0.078,0.08420000000000001,0.0927,0.09910000000000001,0.10350000000000001,0.1358,0.1539,0.15710000000000002,0.1593,0.1685,0.1768,0.1832,0.1918,0.19460000000000002,0.2086,0.2131,0.2242,0.2253,0.2255,0.2272,0.22790000000000002,0.229,0.232,0.25420000000000004,0.2575,0.26980000000000004,0.2726,0.2903,0.29350000000000004,0.3044,0.30860000000000004,0.31010000000000004,0.3214,0.327,0.3335,0.3534,0.35750000000000004,0.36920000000000003,0.3734,0.3791,0.3851,0.3917,0.3935,0.39530000000000004,0.399,0.40690000000000004,0.4136,0.41590000000000005,0.4176,0.41800000000000004,0.43610000000000004,0.4494,0.4565,0.47900000000000004,0.4817,0.4924,0.49810000000000004,0.499,0.49970000000000003,0.5144000000000001,0.5164,0.5258,0.5317000000000001,0.5384,0.5507000000000001,0.5609000000000001,0.5703,0.5730000000000001,0.5846,0.5897,0.6254000000000001,0.6329,0.6413,0.6468,0.6581,0.6627000000000001,0.6632,0.6679,0.67,0.6731,0.6744,0.6789000000000001,0.6813,0.6864,0.7107,0.7165,0.7189,0.7208,0.7222000000000001,0.7248,0.7266,0.7325,0.7361000000000001,0.7373000000000001,0.7422000000000001,0.748,0.7505000000000001,0.752,0.7624000000000001,0.7636000000000001,0.765,0.7786000000000001,0.802,0.8081,0.8155,0.8201,0.8241,0.8245,0.8283,0.8306,0.8415,0.8432000000000001,0.8444,0.8571000000000001,0.8725,0.8733000000000001,0.8762000000000001,0.8905000000000001,0.9049,0.9081,0.9304,0.9354,0.9400000000000001,0.9449000000000001,0.9454,0.9494,0.9714,0.9764,0.9768,0.9818,0.9848,0.9911000000000001,0.9922000000000001,0.997,0.9981000000000001,0.9986
79224:0.20750000000000002,0.4455
80156:0.095,0.1428,0.29650000000000004,0.43220000000000003,0.8284,0.8522000000000001,0.9544
80391:0.25320000000000004,0.4292,0.5512,0.6654,0.7426,0.9864
81299:0.012100000000000001,0.024200000000000003,0.039,0.0506,0.057800000000000004,0.0947,0.1091,0.1188,0.12860000000000002,0.1376,0.1676,0.18150000000000002,0.1947,0.2127,0.2422,0.2499,0.25930000000000003,0.2755,0.3148,0.33330000000000004,0.3552,0.3672,0.39130000000000004,0.4,0.43320000000000003,0.4559,0.47190000000000004,0.4862,0.5366000000000001,0.5535,0.5774,0.6001000000000001,0.6065,0.6163000000000001,0.64,0.6563,0.6715,0.6811,0.6949000000000001,0.7070000000000001,0.7142000000000001,0.7332000000000001,0.743,0.7928000000000001,0.8094,0.8186,0.8300000000000001,0.8399000000000001,0.8456,0.8517,0.86,0.8812000000000001,0.892,0.9025000000000001,0.9273,0.9438000000000001,0.9624,0.9673
81484:0.0874,0.9146000000000001,0.9819
81695:0.1698,0.43360000000000004,0.5968,0.7716000000000001,0.9834
82405:0.010700000000000001,0.0132,0.0158,0.0327,0.0369,0.0468,0.0487,0.0539,0.062400000000000004,0.0666,0.07300000000000001,0.0777,0.0795,0.0826,0.084,0.0903,0.0951,0.1024,0.12840000000000001,0.1291,0.1297,0.1312,0.13470000000000001,0.135,0.14880000000000002,0.1595,0.1603,0.1694,0.1746,0.1773,0.17750000000000002,0.1895,0.1938,0.2059,0.2073,0.23,0.2351,0.24100000000000002,0.2422,0.24650000000000002,0.2526,0.2539,0.2627,0.2765,0.2936,0.2952,0.30060000000000003,0.311,0.3209,0.3247,0.32680000000000003,0.333,0.34400000000000003,0.3503,0.3551,0.3568,0.392,0.40190000000000003,0.40890000000000004,0.4091,0.41190000000000004,0.4237,0.45230000000000004,0.47190000000000004,0.4777,0.4963,0.5035000000000001,0.5176000000000001,0.5367000000000001,0.5392,0.5422,0.5436,0.5459,0.5603,0.5692,0.5727,0.5743,0.5760000000000001,0.5810000000000001,0.5849,0.633,0.6371,0.6447,0.6509,0.6577000000000001,0.6709,0.6736000000000001,0.6838000000000001,0.6855,0.6985,0.7016,0.7141000000000001,0.7155,0.7319,0.7392000000000001,0.7472000000000001,0.7649,0.7696000000000001,0.7788,0.7839,0.7966000000000001,0.8107000000000001,0.8157000000000001,0.8180000000000001,0.8195,0.8215,0.8263,0.8473,0.8538,0.8637,0.8668,0.8797,0.8875000000000001,0.8934000000000001,0.8984000000000001,0.903,0.9075000000000001,0.9078,0.9114000000000001,0.9207000000000001,0.9217000000000001,0.9223,0.9269000000000001,0.9396,0.9505,0.9521000000000001,0.9586,0.9592,0.9608000000000001,0.9675,0.9692000000000001,0.9746,0.9752000000000001,0.9839,0.9870000000000001
82425:0.0189,0.0358,0.0507,0.0755,0.09050000000000001,0.11080000000000001,0.12860000000000002,0.1416,0.1641,0.1825,0.2036,0.2169,0.23950000000000002,0.2509,0.2675,0.2833,0.302,0.3226,0.34800000000000003,0.3685,0.3879,0.404,0.4158,0.4333,0.4567,0.4703,0.4938,0.5211,0.5389,0.5526,0.5769000000000001,0.5957,0.6073000000000001,0.6238,0.6415000000000001,0.6565000000000001,0.6716000000000001,0.6848000000000001,0.7029000000000001,0.7327,0.7467,0.7698,0.7918000000000001,0.8108000000000001,0.8277,0.8456,0.8596,0.876,0.8925000000000001,0.9103,0.934,0.9552,0.9664,0.9835
83094:0.0114,0.0322,0.05,0.0645,0.0818,0.1022,0.1192,0.151,0.1698,0.1835,0.1976,0.2144,0.227,0.24430000000000002,0.2589,0.27540000000000003,0.2896,0.3073,0.3225,0.3377,0.3544,0.3687,0.381,0.3986,0.4152,0.43160000000000004,0.44870000000000004,0.4642,0.4786,0.4913,0.515,0.5323,0.5464,0.5612,0.5783,0.5981000000000001,0.616,0.6299,0.6436000000000001,0.6557000000000001,0.6727000000000001,0.6980000000000001,0.7172000000000001,0.7339,0.7498,0.7634000000000001,0.7812,0.7978000000000001,0.8158000000000001,0.8331000000000001,0.8530000000000001,0.8664000000000001,0.8856,0.901,0.9153,0.937,0.9487000000000001,0.9616,0.9817,0.9997
83151:0.10650000000000001,0.198,0.3885,0.6484,0.7911,0.9385
83371:0.008700000000000001,0.0123,0.0146,0.0159,0.0269,0.032,0.0344,0.0378,0.0391,0.048100000000000004,0.0489,0.0504,0.0511,0.0563,0.0635,0.0792,0.0796,0.0889,0.0969,0.1048,0.1208,0.1227,0.1254,0.1338,0.1355,0.14730000000000001,0.14850000000000002,0.1492,0.15560000000000002,0.1762,0.1772,0.1869,0.189,0.2043,0.2073,0.21130000000000002,0.21150000000000002,0.21430000000000002,0.2167,0.2179,0.21860000000000002,0.22190000000000001,0.2222,0.231,0.24680000000000002,0.261,0.2651,0.2725,0.27640000000000003,0.2772,0.2777,0.281,0.2911,0.29200000000000004,0.2954,0.3045,0.30560000000000004,0.3242,0.327,0.3294,0.3302,0.335,0.3381,0.3385,0.3423,0.3481,0.3492,0.3552,0.3587,0.365,0.3789,0.38580000000000003,0.38620000000000004,0.39280000000000004,0.3955,0.3971,0.40080000000000005,0.4022,0.4031,0.4106,0.41090000000000004,0.4121,0.4268,0.4295,0.4334,0.4435,0.4582,0.4656,0.4723,0.4837,0.4958,0.499,0.5041,0.5125000000000001,0.5516,0.5533,0.5543,0.5650000000000001,0.5726,0.5800000000000001,0.5813,0.5918,0.5983,0.6007,0.6147,0.6153000000000001,0.6165,0.6212,0.6234000000000001,0.6246,0.6249,0.6321,0.6337,0.6339,0.6429,0.649,0.6564,0.6581,0.6627000000000001,0.6689,0.6713,0.6747000000000001,0.6805,0.6862,0.6951,0.6987,0.6998000000000001,0.7362000000000001,0.7375,0.7378,0.7487,0.7515000000000001,0.7539,0.7609,0.7633000000000001,0.7653000000000001,0.7754000000000001,0.7801,0.7867000000000001,0.7886000000000001,0.7937000000000001,0.8036000000000001,0.8168000000000001,0.8214,0.8250000000000001,0.8255,0.8331000000000001,0.8408,0.8481000000000001,0.8507,0.8558,0.8648,0.8663000000000001,0.8764000000000001,0.8847,0.8944000000000001,0.8946000000000001,0.9038,0.9057000000000001,0.9132,0.9145000000000001,0.9161,0.9164,0.9246000000000001,0.925,0.9325,0.937,0.9382,0.9392,0.9444,0.9458000000000001,0.9504,0.9538000000000001,0.9695,0.9787,0.9994000000000001
83724:0.0524,0.08950000000000001,0.1834,0.20980000000000001,0.2615,0.2851,0.35800000000000004,0.4126,0.4738,0.5484,0.6305000000000001,0.6934,0.7535000000000001,0.8365,0.8705,0.9049,0.9586,0.9859
84195:0.0117,0.0422,0.0539,0.0694,0.0853,0.09280000000000001,0.1057,0.1231,0.1366,0.1628,0.17350000000000002,0.1905,0.20420000000000002,0.22080000000000002,0.2331,0.2469,0.253,0.2651,0.2805,0.2983,0.3196,0.3351,0.34850000000000003,0.3556,0.375,0.3875,0.4016,0.4153,0.42550000000000004,0.4349,0.45470000000000005,0.4918,0.5058,0.5177,0.5319,0.5455,0.5521,0.5882000000000001,0.6287,0.6401,0.6553,0.661,0.6696000000000001,0.6821,0.7162000000000001,0.7251000000000001,0.7385,0.7454000000000001,0.7591,0.7683,0.7809,0.8138000000000001,0.8408,0.8484,0.8621000000000001,0.8748,0.8893000000000001,0.9055000000000001,0.9225000000000001,0.9437000000000001,0.9542,0.9632000000000001,0.9777,0.9836
84643:0.020900000000000002,0.041,0.055600000000000004,0.0876,0.1279,0.1522,0.1918,0.2152,0.22490000000000002,0.2745,0.2852,0.3074,0.33480000000000004,0.3506,0.37010000000000004,0.3942,0.4057,0.43220000000000003,0.4753,0.507,0.5643,0.5860000000000001,0.6086,0.6247,0.6408,0.6623,0.6781,0.7019000000000001,0.7508,0.7669,0.7914,0.8270000000000001,0.8527,0.8754000000000001,0.9002,0.9183,0.9402,0.9574
84845:0.015000000000000001,0.033100000000000004,0.0466,0.061900000000000004,0.07250000000000001,0.11120000000000001,0.1403,0.1482,0.16110000000000002,0.1781,0.2283,0.25680000000000003,0.263,0.2827,0.31470000000000004,0.3294,0.3355,0.34490000000000004,0.35810000000000003,0.3657,0.3745,0.39590000000000003,0.4263,0.44520000000000004,0.4581,0.5143,0.5363,0.5556,0.5668000000000001,0.5889,0.6239,0.6313000000000001,0.6421,0.6563,0.6687000000000001,0.7100000000000001,0.7301000000000001,0.7436,0.7648,0.7728,0.7857000000000001,0.7966000000000001,0.8320000000000001,0.8533000000000001,0.8611000000000001,0.8775000000000001,0.8964000000000001,0.9108,0.9235000000000001,0.9458000000000001,0.9563,0.9676,0.9802000000000001
84916:0.056,0.14400000000000002,0.2589,0.33630000000000004,0.36910000000000004,0.5226000000000001,0.5936,0.6459,0.7464000000000001,0.7881,0.8597,0.9133,0.9594
85318:0.009600000000000001,0.018600000000000002,0.021,0.042100000000000005,0.0429,0.0436,0.0719,0.079,0.08360000000000001,0.0863,0.0883,0.10880000000000001,0.113,0.1216,0.1257,0.1287,0.1336,0.1369,0.139,0.15080000000000002,0.1525,0.1626,0.16570000000000001,0.1729,0.1821,0.1875,0.1902,0.19990000000000002,0.2046,0.20800000000000002,0.21530000000000002,0.2194,0.2301,0.2323,0.23600000000000002,0.23670000000000002,0.24000000000000002,0.24070000000000003,0.24230000000000002,0.2451,0.2541,0.25630000000000003,0.2594,0.2637,0.2751,0.2782,0.28250000000000003,0.28350000000000003,0.2975,0.2992,0.2995,0.3,0.3129,0.3143,0.3236,0.32430000000000003,0.3386,0.3441,0.3526,0.3728,0.3755,0.381,0.38380000000000003,0.38970000000000005,0.3899,0.39390000000000003,0.4081,0.4153,0.4169,0.4189,0.4494,0.453,0.4554,0.4566,0.45840000000000003,0.46080000000000004,0.464,0.4651,0.4656,0.468,0.4817,0.48360000000000003,0.49250000000000005,0.4928,0.5048,0.5114000000000001,0.5277000000000001,0.5313,0.5401,0.5445,0.5468000000000001,0.5498000000000001,0.5506,0.5680000000000001,0.5782,0.5798,0.5868,0.5891000000000001,0.597,0.6031000000000001,0.6087,0.6108,0.6149,0.6233000000000001,0.6424000000000001,0.6439,0.649,0.6557000000000001,0.6587000000000001,0.6646000000000001,0.6666000000000001,0.6749,0.6825,0.6863,0.6940000000000001,0.7331000000000001,0.744,0.7483000000000001,0.7569,0.7575000000000001,0.7579,0.7778,0.7821,0.7837000000000001,0.7862,0.7866000000000001,0.7884,0.7942,0.7955,0.8031,0.8239000000000001,0.8289000000000001,0.8322,0.8473,0.8504,0.8516,0.8568,0.86,0.8668,0.87,0.8774000000000001,0.8848,0.8866,0.8899,0.9002,0.9053,0.9071,0.9279000000000001,0.9444,0.9459000000000001,0.9554,0.9570000000000001,0.9691000000000001,0.9758,0.9783000000000001,0.9819,0.9968
85336:0.0907,0.13570000000000002,0.1757,0.21100000000000002,0.23970000000000002,0.2617,0.29050000000000004,0.3173,0.387,0.42200000000000004,0.46280000000000004,0.4882,0.5492,0.5922000000000001,0.6198,0.662,0.7615000000000001,0.7908000000000001,0.8555,0.889,0.9629000000000001
85612:0.0132,0.028900000000000002,0.0473,0.06380000000000001,0.0692,0.0954,0.1101,0.12140000000000001,0.1499,0.1584,0.1688,0.2049,0.22190000000000001,0.2466,0.25470000000000004,0.29700000000000004,0.32330000000000003,0.34,0.3482,0.36560000000000004,0.385,0.39080000000000004,0.4293,0.4444,0.4577,0.4721,0.48090000000000005,0.5151,0.5268,0.5352,0.5562,0.5727,0.5810000000000001,0.5876,0.5951000000000001,0.6057,0.6239,0.6373,0.6591,0.684,0.6991,0.7081000000000001,0.7215,0.7464000000000001,0.7519,0.7592,0.7715000000000001,0.7856000000000001,0.807,0.8272,0.8458,0.8580000000000001,0.9169,0.9379000000000001,0.9698,0.9973000000000001
86295:0.2049,0.2336,0.3643,0.7122,0.8027000000000001
86992:0.007500000000000001,0.0079,0.010400000000000001,0.0194,0.020200000000000003,0.0279,0.036500000000000005,0.0371,0.0456,0.046900000000000004,0.0533,0.053500000000000006,0.0726,0.0912,0.0921,0.0946,0.0981,0.1067,0.1081,0.11410000000000001,0.1148,0.12090000000000001,0.1257,0.1295,0.1348,0.1621,0.1632,0.1729,0.17880000000000001,0.18000000000000002,0.1874,0.1915,0.2058,0.2089,0.2165,0.23850000000000002,0.23970000000000002,0.24500000000000002,0.2461,0.2545,0.2548,0.2651,0.27290000000000003,0.2993,0.31220000000000003,0.3124,0.3148,0.3185,0.3304,0.338,0.3521,0.36150000000000004,0.3638,0.36560000000000004,0.37220000000000003,0.38720000000000004,0.3916,0.39390000000000003,0.39680000000000004,0.3987,0.4056,0.4274,0.4395,0.45280000000000004,0.4546,0.45880000000000004,0.4693,0.47950000000000004,0.4829,0.497,0.5308,0.5338,0.5352,0.5485,0.5494,0.5521,0.5725,0.5738,0.5751000000000001,0.5912000000000001,0.5976,0.5979,0.5985,0.5987,0.602,0.6023000000000001,0.6091,0.6134000000000001,0.6201,0.6364000000000001,0.6496000000000001,0.6526000000000001,0.6545000000000001,0.6556000000000001,0.6583,0.6691,0.6748000000000001,0.6778000000000001,0.6794,0.6839000000000001,0.6924,0.6929000000000001,0.6946,0.7014,0.7033,0.7082,0.7110000000000001,0.7147,0.73,0.7335,0.7359,0.7402000000000001,0.7759,0.7891,0.7997000000000001,0.8066,0.811,0.8157000000000001,0.8221,0.8271000000000001,0.8338,0.8366,0.8380000000000001,0.8413,0.8422000000000001,0.8433,0.8471000000000001,0.8477,0.8539,0.8573000000000001,0.8575,0.8687,0.8785000000000001,0.8838,0.8893000000000001,0.8902,0.8966000000000001,0.8991,0.9203,0.9239,0.9390000000000001,0.9396,0.9427000000000001,0.9441,0.9564,0.9588000000000001,0.9608000000000001,0.9629000000000001,0.9632000000000001,0.9850000000000001,0.9974000000000001,0.9994000000000001
87054:0.0162,0.0324,0.049600000000000005,0.0974,0.1163,0.1365,0.18130000000000002,0.2152,0.2484,0.2761,0.3183,0.3667,0.39740000000000003,0.4587,0.5394,0.5591,0.5829,0.6018,0.6189,0.6574,0.6808000000000001,0.6979000000000001,0.7132000000000001,0.7389,0.8133,0.8363,0.8466,0.8585,0.8916000000000001,0.9428000000000001,0.9644
87517:0.1966,0.41300000000000003,0.6055,0.6593,0.7905000000000001,0.8714000000000001
87800:0.013000000000000001,0.015300000000000001,0.0183,0.023700000000000002,0.0241,0.0373,0.0403,0.048400000000000006,0.0502,0.0577,0.0648,0.066,0.0734,0.0779,0.07830000000000001,0.0852,0.1051,0.1062,0.10890000000000001,0.1439,0.1495,0.1531,0.1584,0.16160000000000002,0.16740000000000002,0.17220000000000002,0.1777,0.19140000000000001,0.19640000000000002,0.21980000000000002,0.2277,0.2308,0.2354,0.2396,0.24300000000000002,0.2451,0.2484,0.2535,0.264,0.27940000000000004,0.29300000000000004,0.2979,0.3058,0.3161,0.3165,0.31820000000000004,0.3242,0.33130000000000004,0.3336,0.3341,0.33740000000000003,0.3427,0.3441,0.3448,0.34540000000000004,0.3482,0.35150000000000003,0.3679,0.37420000000000003,0.3831,0.3997,0.4047,0.43060000000000004,0.43210000000000004,0.4425,0.45180000000000003,0.4627,0.4641,0.466,0.47050000000000003,0.47550000000000003,0.4853,0.49400000000000005,0.5061,0.5087,0.5222,0.5248,0.5349,0.5392,0.5424,0.5448000000000001,0.5531,0.5979,0.5996,0.6013000000000001,0.6044,0.6066,0.61,0.6104,0.6179,0.6219,0.6334000000000001,0.6417,0.642,0.6532,0.6557000000000001,0.6635,0.6639,0.7222000000000001,0.7231000000000001,0.7251000000000001,0.7324,0.7398,0.7497,0.7572,0.7686000000000001,0.7778,0.7807000000000001,0.8,0.8046000000000001,0.806,0.8188000000000001,0.8345,0.8352,0.8391000000000001,0.8394,0.8413,0.8479,0.8503000000000001,0.8592000000000001,0.8596,0.8602000000000001,0.8662000000000001,0.8672000000000001,0.8718,0.8783000000000001,0.8788,0.8865000000000001,0.898,0.904,0.9073,0.909,0.9111,0.9181,0.9264,0.9498000000000001,0.9539000000000001,0.9600000000000001,0.9636,0.9669000000000001,0.9760000000000001,0.9766,0.9825,0.9958,0.9975
88963:0.0109,0.031,0.0442,0.0572,0.06770000000000001,0.0805,0.09290000000000001,0.1066,0.1212,0.13870000000000002,0.1555,0.1701,0.1825,0.1951,0.2086,0.2232,0.2386,0.24830000000000002,0.26,0.2745,0.2892,0.3027,0.31820000000000004,0.33180000000000004,0.3512,0.366,0.3789,0.39390000000000003,0.4087,0.4233,0.439,0.4516,0.46230000000000004,0.4753,0.48750000000000004,0.5067,0.522,0.5385,0.5528000000000001,0.5655,0.5782,0.5923,0.6043000000000001,0.6168,0.6299,0.6401,0.654,0.668,0.6817000000000001,0.6980000000000001,0.7119000000000001,0.7326,0.7451,0.761,0.7799,0.7922,0.804,0.8192,0.8323,0.8465,0.8568,0.8667,0.8845000000000001,0.8948,0.9043,0.9173,0.9345,0.9456,0.9580000000000001,0.9669000000000001,0.9839,0.9981000000000001
89613:0.0308,0.0427,0.0634,0.07740000000000001,0.09140000000000001,0.1148,0.1296,0.1479,0.1584,0.16620000000000001,0.1831,0.1947,0.2059,0.2454,0.2576,0.26830000000000004,0.2828,0.3045,0.3143,0.3291,0.3524,0.3693,0.3869,0.4087,0.4182,0.4293,0.44670000000000004,0.4626,0.47550000000000003,0.4864,0.5425,0.5545,0.5663,0.5823,0.5933,0.6249,0.6539,0.6878000000000001,0.7194,0.7501,0.7665000000000001,0.7839,0.7934,0.8168000000000001,0.8252,0.8416,0.8518,0.8638,0.8731,0.9016000000000001,0.9213,0.9400000000000001,0.9564,0.9803000000000001
89774:0.9840000000000001
90312:0.0531,0.1015,0.1827,0.2579,0.2869,0.4143,0.4736,0.5491,0.631,0.7431,0.8371000000000001,0.8774000000000001,0.9573
90883:0.0223,0.0381,0.0548,0.0732,0.08950000000000001,0.11040000000000001,0.1269,0.1453,0.1633,0.1822,0.19920000000000002,0.2157,0.2323,0.24780000000000002,0.2657,0.28240000000000004,0.2987,0.3226,0.34,0.3597,0.38170000000000004,0.3987,0.41800000000000004,0.43770000000000003,0.4539,0.4685,0.48550000000000004,0.5026,0.5217,0.5419,0.5608000000000001,0.5769000000000001,0.5953,0.6134000000000001,0.6328,0.6509,0.6644,0.6845,0.7026,0.7218,0.7394000000000001,0.7535000000000001,0.7695000000000001,0.7888000000000001,0.8049000000000001,0.8246,0.8438,0.8592000000000001,0.8764000000000001,0.8947,0.9109,0.9317000000000001,0.9571000000000001,0.9740000000000001,0.9909
90911:0.016800000000000002,0.0364,0.0453,0.0533,0.06910000000000001,0.0859,0.1022,0.1259,0.14150000000000001,0.1526,0.1812,0.1948,0.2124,0.22080000000000002,0.2283,0.26580000000000004,0.27990000000000004,0.2948,0.3085,0.332,0.34190000000000004,0.35200000000000004,0.3637,0.38680000000000003,0.4,0.4063,0.41540000000000005,0.435,0.4686,0.4929,0.5041,0.5573,0.5777,0.5877,0.6028,0.6198,0.6272,0.6377,0.6542,0.6637000000000001,0.6766,0.6915,0.7027,0.7416,0.7562,0.7682,0.7866000000000001,0.7994,0.8226,0.8323,0.8456,0.8565,0.8726,0.8905000000000001,0.9012,0.9111,0.9187000000000001,0.9321,0.9408000000000001,0.9524,0.9813000000000001
91376:0.0109,0.0318,0.0438,0.0794,0.1032,0.12140000000000001,0.1321,0.1827,0.1899,0.2025,0.2121,0.2268,0.23520000000000002,0.2713,0.28350000000000003,0.3265,0.33490000000000003,0.35150000000000003,0.3617,0.3894,0.3981,0.4122,0.4297,0.4431,0.46390000000000003,0.47340000000000004,0.4922,0.5073,0.5397000000000001,0.5514,0.5655,0.5899,0.6082000000000001,0.632,0.6896,0.6988000000000001,0.7071000000000001,0.7158,0.7585000000000001,0.7732,0.7955,0.8006000000000001,0.8149000000000001,0.8538,0.8837,0.909,0.93,0.9620000000000001,0.9797,0.9906
91941:0.025900000000000003,0.0528,0.076,0.10940000000000001,0.15360000000000001,0.1822,0.2048,0.2278,0.24630000000000002,0.2826,0.3183,0.3412,0.3657,0.3976,0.43260000000000004,0.4607,0.4807,0.5113,0.5379,0.5632,0.5992000000000001,0.6186,0.6526000000000001,0.6910000000000001,0.7161000000000001,0.7381000000000001,0.7675000000000001,0.7969,0.8291000000000001,0.8480000000000001,0.8737,0.8997,0.9321,0.9658,0.9946
92145:0.37460000000000004
92161:0.0213,0.040400000000000005,0.060000000000000005,0.0756,0.0876,0.11230000000000001,0.15610000000000002,0.1699,0.1958,0.2331,0.2459,0.267,0.3017,0.32030000000000003,0.33640000000000003,0.3473,0.37610000000000005,0.40890000000000004,0.44520000000000004,0.46790000000000004,0.48860000000000003,0.5122,0.5374,0.548,0.6048,0.6145,0.6369,0.6556000000000001,0.7287,0.7532,0.7817000000000001,0.8098000000000001,0.8403,0.8536,0.8648,0.8747,0.8886000000000001,0.9103,0.9292,0.9625,0.9785
92842:0.06910000000000001,0.1341,0.1714,0.2194,0.2786,0.37160000000000004,0.42160000000000003,0.4722,0.5741,0.613,0.6586000000000001,0.7066,0.8456,0.8798,0.9688
94171:0.6115
94922:0.10200000000000001,0.21930000000000002,0.2869,0.5489,0.7721,0.9832000000000001
95226:0.24580000000000002,0.7057
95557:0.095,0.1663,0.22060000000000002,0.2806,0.39580000000000004,0.5002,0.5791000000000001,0.6361,0.6905,0.8606,0.9095000000000001
95776:0.017400000000000002,0.042100000000000005,0.0673,0.11130000000000001,0.12480000000000001,0.162,0.18280000000000002,0.2023,0.21710000000000002,0.24100000000000002,0.25120000000000003,0.2933,0.32120000000000004,0.3567,0.4128,0.4385,0.4554,0.48200000000000004,0.5029,0.5179,0.5657,0.5945,0.6072000000000001,0.6181,0.6511,0.6657000000000001,0.6853,0.6980000000000001,0.7385,0.7697,0.7875000000000001,0.8266,0.8527,0.887,0.9051,0.9600000000000001,0.9903000000000001
95838:0.0323,0.047900000000000005,0.1046,0.1316,0.1865,0.2044,0.2187,0.2316,0.24430000000000002,0.27990000000000004,0.3317,0.3598,0.393,0.4107,0.442,0.46580000000000005,0.5056,0.5509000000000001,0.5969,0.6169,0.6958000000000001,0.7109000000000001,0.762,0.7806000000000001,0.7997000000000001,0.8169000000000001,0.8863000000000001,0.9302,0.9659000000000001,0.9879
96211:0.07150000000000001,0.1317,0.19720000000000001,0.2525,0.3825,0.4923,0.6001000000000001,0.6474000000000001,0.8031
96240:0.014700000000000001,0.0458,0.06720000000000001,0.0872,0.10500000000000001,0.12480000000000001,0.1396,0.1661,0.1822,0.2038,0.21980000000000002,0.2369,0.2514,0.2682,0.2847,0.3201,0.338,0.3528,0.3766,0.39630000000000004,0.4148,0.42850000000000005,0.4433,0.4582,0.5024000000000001,0.5113,0.5232,0.5386000000000001,0.5517000000000001,0.63,0.6442,0.6609,0.6726000000000001,0.6851,0.7229,0.7401,0.7505000000000001,0.7675000000000001,0.7839,0.8408,0.8571000000000001,0.8746,0.8998,0.9223,0.9502,0.9624,0.9810000000000001
96918:0.24600000000000002,0.4698
97249:0.0398,0.07390000000000001,0.1013,0.11320000000000001,0.1283,0.14150000000000001,0.15360000000000001,0.1705,0.1904,0.2102,0.23290000000000002,0.24830000000000002,0.27090000000000003,0.3537,0.3962,0.4131,0.4353,0.4429,0.4686,0.5008,0.5421,0.5696,0.5946,0.608,0.6162000000000001,0.6335000000000001,0.6435000000000001,0.6578,0.6813,0.7050000000000001,0.7218,0.7431,0.7578,0.7921,0.8497,0.8989,0.9174,0.9336000000000001,0.9796
98986:0.2479
99292:0.0206,0.08220000000000001,0.1024,0.1212,0.1704,0.19970000000000002,0.226,0.25070000000000003,0.2766,0.2931,0.3151,0.3744,0.42350000000000004,0.4656,0.48190000000000005,0.5187,0.5618000000000001,0.5850000000000001,0.5988,0.6103000000000001,0.6392,0.6504,0.732,0.7601,0.7843,0.8032,0.8542000000000001,0.8748,0.8925000000000001,0.9076000000000001,0.9177000000000001,0.9442,0.9898
100808:0.2862,0.8871
101413:0.02,0.032,0.0631,0.0918,0.168,0.20350000000000001,0.22190000000000001,0.2715,0.2808,0.3669,0.38730000000000003,0.44210000000000005,0.4621,0.4792,0.501,0.5441,0.5681,0.602,0.6384000000000001,0.6768000000000001,0.7120000000000001,0.7378,0.8328,0.8510000000000001,0.8691000000000001,0.8835000000000001,0.9021,0.9244,0.9638000000000001,0.9767,0.9966
102122:0.0134,0.0199,0.0261,0.0412,0.0616,0.0843,0.0918,0.1207,0.1628,0.19140000000000001,0.2139,0.2495,0.26130000000000003,0.2752,0.2813,0.32330000000000003,0.36100000000000004,0.36970000000000003,0.3816,0.39830000000000004,0.4258,0.4425,0.458,0.46840000000000004,0.47990000000000005,0.49570000000000003,0.5169,0.5412,0.5623,0.5679000000000001,0.5968,0.6121,0.6349,0.6545000000000001,0.6737000000000001,0.7020000000000001,0.7121000000000001,0.7199,0.7365,0.774,0.8217,0.8309000000000001,0.8411000000000001,0.8561000000000001,0.8668,0.8796,0.8899,0.9027000000000001,0.917,0.9264,0.9573,0.9651000000000001,0.9754,0.9896
102176:0.0281,0.0516,0.08510000000000001,0.10940000000000001,0.18910000000000002,0.21980000000000002,0.2414,0.3382,0.3672,0.39640000000000003,0.49050000000000005,0.5659000000000001,0.6006,0.6394000000000001,0.6736000000000001,0.7425,0.8307,0.9103,0.9510000000000001
102179:0.3422,0.45070000000000005,0.7135
103115:0.8583000000000001
103118:0.0179,0.0379,0.0555,0.0771,0.11510000000000001,0.12710000000000002,0.1448,0.18430000000000002,0.1988,0.2262,0.2441,0.2827,0.29810000000000003,0.3153,0.3247,0.35860000000000003,0.39830000000000004,0.41050000000000003,0.42160000000000003,0.4516,0.46590000000000004,0.48660000000000003,0.5083,0.5302,0.5555,0.5850000000000001,0.5994,0.6389,0.672,0.6991,0.7383000000000001,0.7635000000000001,0.7939,0.8152,0.8278000000000001,0.8713000000000001,0.8879,0.9092,0.9551000000000001,0.9827
103277:0.14400000000000002,0.2263,0.2844,0.42550000000000004,0.49920000000000003,0.5807,0.6245,0.6777000000000001,0.878
103958:0.0269,0.0472,0.0699,0.0826,0.1077,0.1637,0.18780000000000002,0.2106,0.24020000000000002,0.26280000000000003,0.2827,0.2982,0.3153,0.331,0.33990000000000004,0.3548,0.38180000000000003,0.399,0.4299,0.4509,0.4622,0.47450000000000003,0.5031,0.518,0.526,0.5453,0.5657,0.5791000000000001,0.6121,0.6321,0.6471,0.6576000000000001,0.6891,0.7082,0.7311000000000001,0.7408,0.7526,0.798,0.8330000000000001,0.8498,0.8583000000000001,0.8746,0.9008,0.927,0.9585,0.9732000000000001,0.9866
104186:0.0678,0.1027,0.1568,0.2179,0.2516,0.3425,0.388,0.44670000000000004,0.4806,0.5353,0.5810000000000001,0.5951000000000001,0.6245,0.7053,0.7492000000000001,0.7716000000000001,0.8184,0.9438000000000001
104503:0.0173,0.0438,0.064,0.0843,0.109,0.1398,0.1622,0.19340000000000002,0.2131,0.2426,0.26030000000000003,0.2847,0.313,0.32830000000000004,0.3458,0.37570000000000003,0.3942,0.41550000000000004,0.43520000000000003,0.45370000000000005,0.4737,0.5002,0.5208,0.5445,0.5652,0.5855,0.6042000000000001,0.6258,0.6438,0.667,0.6985,0.7172000000000001,0.7408,0.7545000000000001,0.7705000000000001,0.7911,0.8155,0.8442000000000001,0.8676,0.9021,0.9255,0.9459000000000001,0.9756
105604:0.0091,0.01,0.017400000000000002,0.018600000000000002,0.019700000000000002,0.0284,0.0316,0.032100000000000004,0.0514,0.055600000000000004,0.058600000000000006,0.0714,0.0733,0.0796,0.0883,0.092,0.0947,0.0995,0.1014,0.1027,0.1062,0.11380000000000001,0.1168,0.11750000000000001,0.1366,0.1532,0.1595,0.1631,0.1872,0.1966,0.19690000000000002,0.20570000000000002,0.20670000000000002,0.216,0.21780000000000002,0.22010000000000002,0.22690000000000002,0.2421,0.2444,0.2561,0.264,0.2788,0.28240000000000004,0.28550000000000003,0.30110000000000003,0.30160000000000003,0.3075,0.30960000000000004,0.32330000000000003,0.32830000000000004,0.33440000000000003,0.3347,0.3355,0.34450000000000003,0.3461,0.35800000000000004,0.36000000000000004,0.36510000000000004,0.3677,0.38130000000000003,0.38320000000000004,0.38430000000000003,0.3916,0.42010000000000003,0.4227,0.4304,0.44020000000000004,0.44060000000000005,0.44720000000000004,0.4489,0.4539,0.46030000000000004,0.4627,0.4662,0.4712,0.4772,0.48100000000000004,0.48460000000000003,0.4934,0.4969,0.5157,0.5175000000000001,0.5233,0.5271,0.5467000000000001,0.5483,0.5775,0.5805,0.5897,0.5931000000000001,0.5955,0.5973,0.5978,0.6019,0.6159,0.6186,0.6327,0.636,0.6428,0.6442,0.6548,0.6635,0.6676000000000001,0.6782,0.6788000000000001,0.6795,0.6826,0.6886,0.6933,0.6984,0.7032,0.7037,0.7087,0.7089000000000001,0.7112,0.7392000000000001,0.7441,0.7446,0.7484000000000001,0.7488,0.7528,0.7543000000000001,0.7645000000000001,0.7767000000000001,0.78,0.7829,0.7844,0.7905000000000001,0.7927000000000001,0.7989,0.8148000000000001,0.8219000000000001,0.8324,0.8381000000000001,0.8433,0.8470000000000001,0.8472000000000001,0.862,0.8649,0.8696,0.8749,0.8761,0.888,0.9014000000000001,0.9029,0.9086000000000001,0.9108,0.9302,0.934,0.9407000000000001,0.9487000000000001,0.9516,0.9628000000000001,0.9662000000000001,0.9715,0.9782000000000001,0.9832000000000001,0.9835,0.9859,0.991,0.9933000000000001,0.9988
106699:0.059800000000000006,0.1603,0.2281,0.2802,0.3312,0.4006,0.4491,0.4839,0.5379,0.5909,0.6302,0.7037,0.7302000000000001,0.757,0.797,0.8788,0.9427000000000001
107225:0.3388,0.8691000000000001
107512:0.0318,0.0699,0.0935,0.11900000000000001,0.135,0.1587,0.1736,0.20550000000000002,0.2189,0.23770000000000002,0.2766,0.2868,0.33340000000000003,0.3708,0.3895,0.45180000000000003,0.4698,0.4928,0.5179,0.5574,0.5755,0.5955,0.619,0.6273000000000001,0.6396000000000001,0.6588,0.6897,0.7242000000000001,0.7397,0.7676000000000001,0.7906000000000001,0.8144,0.8290000000000001,0.8388,0.8519,0.8653000000000001,0.8826,0.91,0.9292,0.9715,0.9968
107762:0.0954,0.21780000000000002,0.2862,0.438,0.5487000000000001,0.663,0.7722,0.9111,0.9832000000000001
108143:0.0269,0.0488,0.0868,0.1143,0.1862,0.22940000000000002,0.2519,0.338,0.3683,0.3906,0.4843,0.5703,0.5996,0.6368,0.6767000000000001,0.7435,0.8325,0.9038,0.9540000000000001
108225:0.1421,0.2003,0.24280000000000002,0.2847,0.3956,0.4702,0.5582,0.6242,0.6757000000000001,0.796,0.8663000000000001
108368:0.031,0.0716,0.1148,0.16040000000000001,0.2066,0.2318,0.24760000000000001,0.2962,0.3669,0.43360000000000004,0.4601,0.48750000000000004,0.5217,0.5721,0.6022000000000001,0.6241,0.658,0.7026,0.7419,0.8227,0.8509,0.8845000000000001,0.9166000000000001,0.9809
108423:0.0032,0.011000000000000001,0.0149,0.0171,0.017400000000000002,0.018600000000000002,0.020900000000000002,0.022500000000000003,0.0257,0.0339,0.0385,0.049300000000000004,0.0591,0.0599,0.07250000000000001,0.0816,0.0859,0.08850000000000001,0.1125,0.1179,0.1519,0.16,0.1615,0.1752,0.1882,0.1903,0.2005,0.21130000000000002,0.21300000000000002,0.2136,0.2215,0.24380000000000002,0.25,0.2589,0.2682,0.2723,0.2732,0.27640000000000003,0.2773,0.31070000000000003,0.3205,0.3219,0.3514,0.3583,0.3634,0.3667,0.37020000000000003,0.379,0.38070000000000004,0.3856,0.3957,0.42010000000000003,0.4218,0.4335,0.4398,0.44070000000000004,0.44720000000000004,0.4556,0.45640000000000003,0.4627,0.46490000000000004,0.4752,0.4756,0.48900000000000005,0.49260000000000004,0.497,0.5134000000000001,0.5152,0.5355,0.5377000000000001,0.5413,0.5562,0.559,0.5627,0.5642,0.5724,0.5926,0.5947,0.5972000000000001,0.6096,0.6247,0.6319,0.634,0.6388,0.6517000000000001,0.6682,0.6696000000000001,0.674,0.6894,0.6993,0.7061000000000001,0.7084,0.7125,0.7171000000000001,0.7295,0.7335,0.7483000000000001,0.7694000000000001,0.7849,0.8149000000000001,0.8236,0.8280000000000001,0.8307,0.8363,0.8371000000000001,0.8440000000000001,0.8532000000000001,0.8571000000000001,0.8643000000000001,0.8664000000000001,0.8723000000000001,0.8763000000000001,0.8776,0.8843000000000001,0.8866,0.8931,0.9001,0.9059,0.9144,0.9211,0.9228000000000001,0.9256000000000001,0.9439000000000001,0.9546,0.9588000000000001,0.9621000000000001,0.9645,0.9709000000000001,0.9715,0.9733,0.9842000000000001,0.9868,0.9871000000000001,0.9977
108890:0.0413,0.15330000000000002,0.21730000000000002,0.2823,0.338,0.3992,0.6234000000000001,0.6652,0.7667,0.8593000000000001,0.9186000000000001,0.9477000000000001
109898:0.0536,0.12250000000000001,0.19840000000000002,0.2524,0.325,0.4167,0.4682,0.5612,0.6113000000000001,0.7058,0.8223,0.8494,0.9056000000000001,0.9706
109921:0.2866,0.9710000000000001
110301:0.0014,0.0046,0.0134,0.0213,0.0229,0.0264,0.036500000000000005,0.046200000000000005,0.0707,0.0775,0.08990000000000001,0.0908,0.0947,0.1144,0.11520000000000001,0.12990000000000002,0.1363,0.1388,0.1532,0.16440000000000002,0.1651,0.16620000000000001,0.167,0.17930000000000001,0.18780000000000002,0.1927,0.19490000000000002,0.198,0.20140000000000002,0.2018,0.20320000000000002,0.21280000000000002,0.2164,0.22060000000000002,0.22440000000000002,0.2364,0.2429,0.2615,0.26230000000000003,0.27340000000000003,0.2741,0.2843,0.2997,0.3009,0.3074,0.3149,0.3153,0.316,0.3181,0.324,0.32580000000000003,0.3378,0.3391,0.3403,0.34600000000000003,0.34790000000000004,0.3501,0.35860000000000003,0.3723,0.38230000000000003,0.3835,0.38470000000000004,0.38730000000000003,0.3941,0.4043,0.40800000000000003,0.4151,0.4199,0.4229,0.42410000000000003,0.4284,0.4288,0.4343,0.43910000000000005,0.4415,0.4456,0.452,0.455,0.46590000000000004,0.48750000000000004,0.4969,0.49960000000000004,0.5002,0.5077,0.5106,0.5137,0.5438000000000001,0.5531,0.5569000000000001,0.5573,0.5607,0.5615,0.5654,0.5737,0.6054,0.6162000000000001,0.631,0.6318,0.6541,0.6573,0.6584,0.6616000000000001,0.6636000000000001,0.667,0.6727000000000001,0.6966,0.6992,0.7065,0.7075,0.7096,0.7143,0.7185,0.7518,0.7549,0.7555000000000001,0.7646000000000001,0.7689,0.7784000000000001,0.7813,0.8008000000000001,0.8038000000000001,0.8122,0.8128000000000001,0.8198000000000001,0.8295,0.8373,0.8393,0.8423,0.8456,0.8571000000000001,0.8659,0.8886000000000001,0.8902,0.917,0.9213,0.9223,0.9252,0.9342,0.9353,0.9358000000000001,0.9376000000000001,0.9430000000000001,0.9470000000000001,0.9553,0.9680000000000001,0.9749000000000001,0.9794,0.9816,0.9830000000000001,0.9956
114598:0.016,0.0443,0.0742,0.0883,0.12100000000000001,0.2011,0.22310000000000002,0.2336,0.24760000000000001,0.2758,0.2989,0.309,0.3435,0.3637,0.3906,0.40790000000000004,0.4253,0.4398,0.5198,0.5288,0.5618000000000001,0.5785,0.6122000000000001,0.6265000000000001,0.6376000000000001,0.6571,0.7286,0.7543000000000001,0.7863,0.8215,0.8433,0.8577,0.8918,0.9024000000000001,0.9452,0.9561000000000001,0.9748,0.9911000000000001
114709:0.1448,0.2422,0.3033,0.4665,0.5553,0.6718000000000001,0.7912
115520:0.0089,0.0228,0.0442,0.0568,0.08,0.1432,0.1552,0.1705,0.1995,0.22290000000000001,0.2469,0.2672,0.276,0.2851,0.3005,0.3133,0.3252,0.3356,0.39540000000000003,0.40790000000000004,0.4208,0.43570000000000003,0.44670000000000004,0.4661,0.47600000000000003,0.5009,0.5107,0.5231,0.5557,0.5621,0.6044,0.6131,0.6283000000000001,0.6414000000000001,0.6588,0.6804,0.6915,0.7013,0.7112,0.7271000000000001,0.7421,0.7508,0.7773,0.7938000000000001,0.8307,0.865,0.875,0.9049,0.9161,0.9227000000000001,0.9363,0.9707
115653:0.1199,0.23220000000000002,0.6742
115687:0.0356,0.06860000000000001,0.1027,0.12150000000000001,0.1696,0.2048,0.2147,0.22920000000000001,0.2384,0.2541,0.2821,0.3229,0.3537,0.3784,0.4247,0.5022,0.5439,0.5612,0.6226,0.6474000000000001,0.6664,0.7181000000000001,0.7497,0.8056000000000001,0.8228000000000001,0.8359000000000001,0.8673000000000001,0.9361,0.9461,0.9964000000000001
115695:0.28650000000000003,0.9662000000000001
115697:0.0137,0.0376,0.054700000000000006,0.0821,0.1207,0.1411,0.1582,0.1902,0.2142,0.22790000000000002,0.2516,0.279,0.302,0.323,0.33290000000000003,0.3472,0.3618,0.3941,0.4057,0.4153,0.43720000000000003,0.45430000000000004,0.47450000000000003,0.5048,0.5219,0.5538000000000001,0.5782,0.5877,0.6173000000000001,0.6347,0.6638000000000001,0.6969000000000001,0.7389,0.7595000000000001,0.7763,0.7909,0.8241,0.8434,0.8687,0.8868,0.9108,0.9271,0.9449000000000001,0.9783000000000001
117106:0.1564,0.2288,0.3866,0.44,0.5900000000000001,0.7256,0.7938000000000001,0.8226
117186:0.014700000000000001,0.054900000000000004,0.0951,0.1188,0.14200000000000002,0.1635,0.1839,0.22,0.2495,0.2808,0.3327,0.3496,0.3815,0.4002,0.41440000000000005,0.4526,0.512,0.5453,0.5772,0.6031000000000001,0.6277,0.6589,0.6809000000000001,0.7128,0.7415,0.7618,0.7785000000000001,0.8291000000000001,0.8589,0.9003,0.9264,0.9659000000000001
118267:0.2457,0.3486,0.4712,0.6155,0.8135
118353:0.07400000000000001,0.1665,0.3504,0.6454000000000001,0.7477
118449:0.6057,0.6980000000000001,0.8454,0.9674
118892:0.0263,0.2803,0.4665,0.8721,0.9757
118952:0.08950000000000001,0.12100000000000001,0.2359,0.2746,0.5774,0.6533,0.8348,0.9138000000000001
118954:0.19540000000000002,0.27790000000000004,0.41100000000000003,0.6321,0.767,0.8785000000000001,0.9648
119863:0.0161,0.0443,0.0741,0.0883,0.12090000000000001,0.2001,0.2232,0.23390000000000002,0.24750000000000003,0.2756,0.299,0.309,0.343,0.3637,0.3906,0.40790000000000004,0.4252,0.4398,0.5197,0.5288,0.5616,0.5785,0.6123000000000001,0.6268,0.6375000000000001,0.6573,0.7285,0.7542,0.7862,0.8213,0.8431000000000001,0.8575,0.892,0.9025000000000001,0.9448000000000001,0.9560000000000001,0.9747,0.9907
120093:0.009600000000000001,0.0392,0.050300000000000004,0.0734,0.0872,0.10400000000000001,0.11720000000000001,0.1285,0.13970000000000002,0.1507,0.15990000000000001,0.1753,0.1894,0.20600000000000002,0.2308,0.24580000000000002,0.258,0.27030000000000004,0.3239,0.3534,0.3849,0.39730000000000004,0.40950000000000003,0.42000000000000004,0.4348,0.441,0.4566,0.4773,0.5015000000000001,0.5193,0.5422,0.5660000000000001,0.5787,0.5930000000000001,0.6026,0.6128,0.6272,0.6368,0.6433,0.6527000000000001,0.6608,0.6797000000000001,0.6922,0.7049000000000001,0.7124,0.7250000000000001,0.7433000000000001,0.7503000000000001,0.7731,0.7903,0.8003,0.8414,0.8507,0.8694000000000001,0.8961,0.9111,0.919,0.9318000000000001,0.9666,0.9798,0.9975
120778:0.08850000000000001,0.24400000000000002,0.3083,0.37010000000000004,0.41550000000000004,0.4433,0.5283,0.6171,0.8432000000000001,0.9045000000000001,0.9581000000000001
122047:0.0178,0.0325,0.044700000000000004,0.081,0.0927,0.11120000000000001,0.1715,0.216,0.23820000000000002,0.2538,0.33530000000000004,0.3652,0.38520000000000004,0.4788,0.5018,0.5668000000000001,0.5835,0.6009,0.6339,0.6736000000000001,0.7393000000000001,0.8025,0.8326,0.9006000000000001,0.9512,0.9661000000000001
122201:0.0371,0.079,0.1627,0.20400000000000001,0.23390000000000002,0.2854,0.337,0.44430000000000003,0.4776,0.5276000000000001,0.602,0.6369,0.7069000000000001,0.7432000000000001,0.801,0.8422000000000001,0.8692000000000001,0.9143,0.9822000000000001
122680:0.0204,0.0694,0.1188,0.18280000000000002,0.2101,0.2416,0.2952,0.4439,0.4834,0.5149,0.5983,0.6148,0.6673,0.6961,0.745,0.8321000000000001,0.8913000000000001
122839:0.0005,0.0043,0.0048000000000000004,0.0258,0.030600000000000002,0.0313,0.0358,0.046400000000000004,0.0511,0.0517,0.0613,0.07250000000000001,0.07980000000000001,0.08270000000000001,0.0889,0.095,0.15940000000000001,0.166,0.1688,0.1719,0.1776,0.17800000000000002,0.18050000000000002,0.1893,0.1915,0.196,0.2005,0.2015,0.20270000000000002,0.2111,0.22110000000000002,0.2223,0.2267,0.2412,0.2492,0.2525,0.26230000000000003,0.2676,0.26980000000000004,0.2731,0.2746,0.27890000000000004,0.2792,0.28250000000000003,0.28750000000000003,0.3005,0.3252,0.327,0.33480000000000004,0.3452,0.3609,0.3664,0.3794,0.3861,0.39480000000000004,0.4021,0.4035,0.4046,0.4071,0.4081,0.4176,0.4204,0.4378,0.4444,0.4469,0.4515,0.466,0.4738,0.4746,0.49110000000000004,0.5142,0.5238,0.5273,0.5306000000000001,0.5407000000000001,0.542,0.5518000000000001,0.5592,0.5617,0.5741,0.5964,0.6075,0.6152000000000001,0.6163000000000001,0.6199,0.6258,0.6274000000000001,0.6283000000000001,0.6544,0.6565000000000001,0.6609,0.6671,0.6677000000000001,0.6726000000000001,0.6804,0.6877,0.7071000000000001,0.7089000000000001,0.7138,0.7266,0.7298,0.7373000000000001,0.7407,0.7476,0.7581,0.7595000000000001,0.7614000000000001,0.7639,0.7762,0.7901,0.8103,0.8236,0.8308000000000001,0.8358,0.8529,0.8536,0.8626,0.8633000000000001,0.8697,0.8715,0.8752000000000001,0.88,0.8881,0.8896000000000001,0.8991,0.9115000000000001,0.9204,0.9378000000000001,0.9414,0.9492,0.9544,0.9593,0.9598000000000001,0.9613,0.9617,0.9624,0.9661000000000001,0.9763000000000001,0.9791000000000001,0.9794,0.9919
123253:0.0148,0.049300000000000004,0.0818,0.0917,0.1231,0.14100000000000001,0.1673,0.1894,0.20900000000000002,0.24000000000000002,0.25270000000000004,0.2808,0.3204,0.33940000000000003,0.35910000000000003,0.3793,0.40990000000000004,0.4242,0.43910000000000005,0.4607,0.5083,0.5244,0.5402,0.5554,0.6305000000000001,0.6563,0.6686000000000001,0.6871,0.7245,0.7414000000000001,0.7527,0.7693,0.8427,0.8695,0.9022,0.9307000000000001,0.9571000000000001,0.9812000000000001
123324:0.0529,0.0649,0.0839,0.1109,0.1411,0.17470000000000002,0.22390000000000002,0.25370000000000004,0.2646,0.27590000000000003,0.2888,0.3008,0.312,0.33680000000000004,0.4166,0.4444,0.4597,0.5074000000000001,0.5479,0.5648000000000001,0.5858,0.6146,0.627,0.6534,0.6753,0.7230000000000001,0.7626000000000001,0.8033,0.8332,0.8560000000000001,0.8862,0.8958,0.9163,0.9265,0.9458000000000001,0.9704
123584:0.0189,0.0818,0.1968,0.2303,0.313,0.3875,0.4164,0.5025000000000001,0.6667000000000001,0.6819000000000001,0.7258,0.7458,0.7679,0.8274,0.8509,0.9479000000000001,0.9874
124270:0.0702,0.4899,0.5377000000000001,0.6281,0.7259,0.8510000000000001,0.9041
125058:0.0164,0.0362,0.0441,0.0531,0.0684,0.08510000000000001,0.1014,0.1255,0.1408,0.1524,0.1809,0.19390000000000002,0.21200000000000002,0.2205,0.22740000000000002,0.2654,0.2798,0.29460000000000003,0.308,0.3316,0.3416,0.3516,0.3632,0.3849,0.3915,0.39940000000000003,0.406,0.4151,0.4345,0.4681,0.48950000000000005,0.5036,0.5171,0.5576,0.5767,0.5869,0.6028,0.6196,0.627,0.6374000000000001,0.6533,0.6633,0.6763,0.6907,0.7023,0.7414000000000001,0.7561,0.7678,0.7853,0.7937000000000001,0.8224,0.8308000000000001,0.8448,0.8558,0.8721,0.8889,0.9002,0.9105000000000001,0.9186000000000001,0.9309000000000001,0.9405,0.9513,0.9813000000000001
125333:0.032,0.045000000000000005,0.0738,0.08940000000000001,0.11670000000000001,0.13090000000000002,0.1512,0.1623,0.18460000000000001,0.20120000000000002,0.24630000000000002,0.26630000000000004,0.2974,0.3111,0.3317,0.3683,0.3849,0.4151,0.4302,0.45470000000000005,0.47000000000000003,0.4848,0.546,0.5647,0.5898,0.627,0.6578,0.7512000000000001,0.7772,0.7921,0.8160000000000001,0.8330000000000001,0.8500000000000001,0.8627,0.8712000000000001,0.903,0.9288000000000001,0.9491,0.9595,0.9813000000000001
125689:0.1058,0.2218,0.5648000000000001,0.6495000000000001,0.8391000000000001,0.9449000000000001
125912:0.0129,0.0284,0.0381,0.0528,0.0671,0.08310000000000001,0.09680000000000001,0.1063,0.116,0.12660000000000002,0.1494,0.1579,0.1685,0.2043,0.2121,0.2242,0.24630000000000002,0.25070000000000003,0.2595,0.29650000000000004,0.31470000000000004,0.3284,0.3396,0.3442,0.3542,0.36510000000000004,0.38430000000000003,0.3905,0.4289,0.4369,0.4465,0.45730000000000004,0.47150000000000003,0.48040000000000005,0.5143,0.5252,0.5347000000000001,0.5554,0.5722,0.5804,0.5871000000000001,0.5947,0.6051000000000001,0.6233000000000001,0.6366,0.6586000000000001,0.6825,0.6985,0.7076,0.7151000000000001,0.7209,0.7458,0.7515000000000001,0.7587,0.7709,0.7813,0.7907000000000001,0.8055,0.8131,0.8267,0.8448,0.8576,0.8711000000000001,0.9168000000000001,0.9374,0.9467000000000001,0.9706,0.9965
127139:0.0129,0.0329,0.044700000000000004,0.1027,0.1297,0.1841,0.20170000000000002,0.21280000000000002,0.2277,0.23570000000000002,0.2723,0.2841,0.32930000000000004,0.34240000000000004,0.3541,0.36250000000000004,0.3914,0.39880000000000004,0.4148,0.4335,0.449,0.46790000000000004,0.49050000000000005,0.5096,0.5424,0.5565,0.5685,0.5961000000000001,0.6115,0.6918000000000001,0.7008,0.7078,0.7180000000000001,0.7599,0.7757000000000001,0.7983,0.8154,0.8549,0.8865000000000001,0.9206000000000001,0.9356000000000001,0.9631000000000001,0.9841000000000001
127500:0.069,0.23170000000000002,0.3537,0.6773,0.8357,0.9149,0.9602
127778:0.027200000000000002,0.054900000000000004,0.07050000000000001,0.0985,0.1211,0.1532,0.1668,0.2086,0.22560000000000002,0.25020000000000003,0.3022,0.33430000000000004,0.3441,0.3668,0.38820000000000005,0.43210000000000004,0.44920000000000004,0.4686,0.4811,0.5224,0.5355,0.5716,0.5844,0.5954,0.6085,0.627,0.6594,0.6948000000000001,0.7084,0.7275,0.7493000000000001,0.7614000000000001,0.7774000000000001,0.8082,0.8407,0.8586,0.9296000000000001,0.9438000000000001,0.9778
128072:0.0251,0.0375,0.0546,0.067,0.0859,0.1115,0.1269,0.1326,0.1386,0.14730000000000001,0.1592,0.20500000000000002,0.2157,0.2361,0.24430000000000002,0.2763,0.3018,0.31520000000000004,0.3457,0.3647,0.4142,0.42050000000000004,0.42860000000000004,0.4465,0.462,0.4766,0.49620000000000003,0.5364,0.5652,0.5716,0.5774,0.5886,0.608,0.6153000000000001,0.6263000000000001,0.648,0.6709,0.6989000000000001,0.7377,0.7438,0.7615000000000001,0.8053,0.8214,0.8458,0.8542000000000001,0.8689,0.8885000000000001,0.9077000000000001,0.9198000000000001,0.9627,0.9962000000000001
128541:0.0901,0.2361,0.30760000000000004,0.3708,0.42600000000000005,0.53,0.6192000000000001,0.8463,0.9052,0.9594
128561:0.030100000000000002,0.0487,0.06910000000000001,0.08900000000000001,0.10250000000000001,0.11910000000000001,0.13090000000000002,0.138,0.1569,0.16490000000000002,0.1746,0.1841,0.2073,0.2192,0.23340000000000002,0.2594,0.2758,0.28450000000000003,0.3239,0.33890000000000003,0.3677,0.383,0.39630000000000004,0.4505,0.4677,0.4803,0.4939,0.5173,0.5241,0.5562,0.5732,0.5916,0.6029,0.6214000000000001,0.6316,0.6533,0.6619,0.687,0.7075,0.7264,0.7382000000000001,0.7444000000000001,0.7687,0.7885000000000001,0.8116,0.8263,0.8361000000000001,0.8486,0.8588,0.8657,0.8768,0.8892,0.912,0.9193,0.9409000000000001,0.9715,0.9937
128979:0.0031000000000000003,0.013800000000000002,0.0171,0.0502,0.058100000000000006,0.07780000000000001,0.0782,0.07980000000000001,0.0859,0.0896,0.09970000000000001,0.10300000000000001,0.1034,0.1177,0.1295,0.1592,0.164,0.168,0.1794,0.1864,0.1958,0.2167,0.21730000000000002,0.2238,0.224,0.2436,0.2449,0.2457,0.2553,0.266,0.2732,0.28450000000000003,0.2857,0.2984,0.3009,0.3121,0.332,0.3425,0.3587,0.3693,0.37210000000000004,0.3774,0.406,0.41200000000000003,0.4208,0.4267,0.4511,0.4612,0.46230000000000004,0.4698,0.4722,0.4797,0.4843,0.4953,0.5123,0.5161,0.5185000000000001,0.5357000000000001,0.5403,0.5577,0.5587,0.5598000000000001,0.5626,0.5721,0.5809000000000001,0.5846,0.5917,0.5937,0.5953,0.5966,0.6032000000000001,0.606,0.6067,0.6166,0.6342,0.6354000000000001,0.6359,0.64,0.6459,0.647,0.6486000000000001,0.6930000000000001,0.6989000000000001,0.7211000000000001,0.7272000000000001,0.7402000000000001,0.7447,0.7563000000000001,0.7605000000000001,0.7764000000000001,0.7813,0.7817000000000001,0.7829,0.7939,0.7969,0.7997000000000001,0.8140000000000001,0.8307,0.8403,0.8507,0.8538,0.8618,0.8637,0.8723000000000001,0.8818,0.885,0.8904000000000001,0.8911,0.8936000000000001,0.9015000000000001,0.9043,0.908,0.9106000000000001,0.9156000000000001,0.9365,0.9387000000000001,0.9407000000000001,0.9566,0.9795,0.9858,0.9864,0.9911000000000001
129267:0.0014,0.0088,0.0098,0.0296,0.0364,0.0673,0.0932,0.0998,0.10010000000000001,0.12660000000000002,0.13,0.131,0.1312,0.1361,0.13820000000000002,0.1414,0.14250000000000002,0.1519,0.1526,0.15460000000000002,0.1553,0.1589,0.15990000000000001,0.1746,0.1797,0.18080000000000002,0.19260000000000002,0.1998,0.222,0.23440000000000003,0.23470000000000002,0.2393,0.2414,0.25930000000000003,0.26730000000000004,0.2676,0.2725,0.2755,0.2818,0.28250000000000003,0.2891,0.2994,0.3115,0.3126,0.3194,0.3302,0.3406,0.3416,0.36060000000000003,0.3638,0.37610000000000005,0.37720000000000004,0.3779,0.38670000000000004,0.39080000000000004,0.40390000000000004,0.4045,0.4061,0.41490000000000005,0.41540000000000005,0.4167,0.4302,0.43260000000000004,0.4374,0.4409,0.46390000000000003,0.46780000000000005,0.46940000000000004,0.4718,0.4797,0.4839,0.5007,0.5031,0.5036,0.5147,0.5201,0.5236000000000001,0.5351,0.5377000000000001,0.5467000000000001,0.5503,0.5506,0.5538000000000001,0.558,0.5650000000000001,0.5691,0.5843,0.5892000000000001,0.5944,0.5959,0.5967,0.5997,0.6136,0.6149,0.6258,0.6296,0.6306,0.6381,0.6416000000000001,0.6488,0.6643,0.6651,0.67,0.6857000000000001,0.6978000000000001,0.6982,0.7083,0.7209,0.727,0.7277,0.7291000000000001,0.7296,0.7329,0.7416,0.7446,0.7511,0.7657,0.7704000000000001,0.7795000000000001,0.7811,0.7891,0.7914,0.7972,0.806,0.8063,0.8065,0.8171,0.8225,0.8254,0.8282,0.8329000000000001,0.8500000000000001,0.8504,0.8507,0.8543000000000001,0.8571000000000001,0.8581000000000001,0.8625,0.8637,0.8738,0.8743000000000001,0.879,0.89,0.8944000000000001,0.8981,0.9051,0.9075000000000001,0.9161,0.9164,0.9285,0.9311,0.9374,0.9403,0.9409000000000001,0.9460000000000001,0.9574,0.9750000000000001
130033:0.616
130276:0.0165,0.0235,0.0458,0.07980000000000001,0.0887,0.11510000000000001,0.1277,0.1353,0.1416,0.1553,0.168,0.17950000000000002,0.189,0.1968,0.2066,0.2149,0.2214,0.23500000000000001,0.2399,0.2452,0.2591,0.2712,0.2805,0.2866,0.3017,0.3174,0.3276,0.3457,0.35910000000000003,0.3781,0.38620000000000004,0.3934,0.4005,0.4158,0.42160000000000003,0.45520000000000005,0.4611,0.46780000000000005,0.4864,0.49610000000000004,0.5118,0.5335,0.5465,0.5537000000000001,0.5757,0.5827,0.5917,0.6042000000000001,0.6134000000000001,0.6216,0.6303000000000001,0.6469,0.6554,0.6657000000000001,0.6731,0.6825,0.6931,0.7005,0.7407,0.7503000000000001,0.7603000000000001,0.7842,0.79,0.7987000000000001,0.8101,0.8308000000000001,0.8388,0.8528,0.8623000000000001,0.8722000000000001,0.8846,0.8921,0.9072,0.9352,0.9488000000000001,0.9599000000000001,0.9763000000000001,0.9840000000000001
130504:0.069,0.1419,0.364,0.5930000000000001,0.871,0.9661000000000001
132276:0.024,0.0364,0.0533,0.06620000000000001,0.0852,0.0978,0.11370000000000001,0.1258,0.13190000000000002,0.138,0.1468,0.1583,0.2041,0.2149,0.2348,0.2436,0.27440000000000003,0.3012,0.3143,0.3448,0.3577,0.3663,0.40990000000000004,0.4179,0.4282,0.44530000000000003,0.46080000000000004,0.4756,0.4955,0.5351,0.5637,0.5708,0.5767,0.5882000000000001,0.6071000000000001,0.6146,0.6219,0.64,0.6495000000000001,0.67,0.6986,0.7359,0.7434000000000001,0.7605000000000001,0.8034,0.8204,0.8432000000000001,0.8498,0.8629,0.8759,0.905,0.9191,0.9611000000000001,0.9935
132381:0.013300000000000001,0.019700000000000002,0.0379,0.0528,0.06720000000000001,0.08020000000000001,0.1061,0.11410000000000001,0.11960000000000001,0.1292,0.1578,0.1778,0.18760000000000002,0.2006,0.2124,0.2195,0.2381,0.24380000000000002,0.24930000000000002,0.2544,0.2903,0.31120000000000003,0.3185,0.3476,0.3775,0.4087,0.41950000000000004,0.4374,0.44930000000000003,0.4582,0.47840000000000005,0.48500000000000004,0.4973,0.5094000000000001,0.5189,0.5294,0.5623,0.5777,0.5938,0.6032000000000001,0.6138,0.6354000000000001,0.6515000000000001,0.661,0.6713,0.6824,0.6913,0.6984,0.7067,0.7352000000000001,0.7429,0.7635000000000001,0.7763,0.7853,0.8128000000000001,0.8256,0.8432000000000001,0.8528,0.8812000000000001,0.8894000000000001,0.9006000000000001,0.9297000000000001,0.9564,0.9833000000000001,0.9969
132823:0.0189,0.0867,0.19840000000000002,0.2306,0.3143,0.39530000000000004,0.4217,0.5034000000000001,0.6687000000000001,0.6856,0.7263000000000001,0.7529,0.8276,0.8814000000000001,0.9492,0.9911000000000001
132990:0.0146,0.0216,0.029900000000000003,0.0424,0.062400000000000004,0.08600000000000001,0.12040000000000001,0.16390000000000002,0.1925,0.2152,0.25270000000000004,0.2725,0.2797,0.32430000000000003,0.3627,0.3708,0.3854,0.4252,0.4431,0.45880000000000004,0.4696,0.4811,0.49710000000000004,0.52,0.543,0.5637,0.5757,0.5994,0.6314000000000001,0.6387,0.6725,0.6949000000000001,0.7102,0.7207,0.7378,0.7884,0.8282,0.8393,0.8571000000000001,0.8709,0.88,0.8909,0.9042,0.9188000000000001,0.9274,0.9594,0.9687,0.9758,0.9901000000000001
133327:0.0106,0.0347,0.0656,0.07830000000000001,0.1014,0.11950000000000001,0.153,0.1703,0.1952,0.21000000000000002,0.2162,0.2286,0.23440000000000003,0.24710000000000001,0.2611,0.279,0.3085,0.3221,0.3516,0.37010000000000004,0.3793,0.4108,0.4237,0.44570000000000004,0.4898,0.5037,0.5223,0.5432,0.5578000000000001,0.5795,0.6163000000000001,0.6375000000000001,0.6491,0.6654,0.7069000000000001,0.7189,0.7311000000000001,0.75,0.8011,0.8170000000000001,0.8287,0.8352,0.8515,0.868,0.8919,0.9133,0.936,0.9433,0.9932000000000001,0.9995
133601:0.0142,0.0297,0.0488,0.06470000000000001,0.0786,0.09770000000000001,0.11130000000000001,0.12250000000000001,0.15030000000000002,0.1595,0.16920000000000002,0.2058,0.2228,0.24760000000000001,0.2968,0.3247,0.34040000000000004,0.3493,0.3663,0.3854,0.39130000000000004,0.4297,0.44730000000000003,0.45880000000000004,0.4731,0.48200000000000004,0.5166000000000001,0.5279,0.5362,0.5571,0.5737,0.5819,0.5883,0.5956,0.6063000000000001,0.6249,0.6382,0.66,0.6849000000000001,0.7001000000000001,0.7091000000000001,0.7224,0.7474000000000001,0.7529,0.7601,0.7723,0.7865000000000001,0.808,0.8284,0.8469,0.8593000000000001,0.9178000000000001,0.9391,0.9704,0.9997
134526:0.055900000000000005,0.1396,0.2242,0.3411,0.41440000000000005,0.8296,0.9157000000000001,0.9616
135181:0.0142,0.0341,0.046700000000000005,0.0577,0.07400000000000001,0.0931,0.11420000000000001,0.12240000000000001,0.1384,0.1441,0.1734,0.187,0.1961,0.2021,0.2195,0.2301,0.2421,0.2611,0.281,0.2936,0.31170000000000003,0.3201,0.326,0.3559,0.3806,0.3995,0.4082,0.4162,0.4227,0.4489,0.4562,0.46580000000000005,0.48310000000000003,0.504,0.5208,0.5304,0.5512,0.5817,0.5872,0.5967,0.6344000000000001,0.6668000000000001,0.6940000000000001,0.7036,0.7358,0.7585000000000001,0.7652,0.7899,0.7965,0.8142,0.8231,0.8297,0.8681000000000001,0.883,0.9001,0.9204,0.9535,0.9697,0.9866
135678:0.16540000000000002,0.29700000000000004,0.4102,0.49350000000000005,0.5788,0.5943,0.6391,0.6718000000000001,0.6893,0.7488,0.8135,0.9981000000000001
136040:0.023200000000000002,0.08270000000000001,0.10500000000000001,0.171,0.2222,0.2484,0.2879,0.37470000000000003,0.4267,0.46830000000000005,0.4838,0.5203,0.5624,0.5909,0.5991000000000001,0.6115,0.6399,0.6533,0.7466,0.7839,0.8042,0.8564,0.8765000000000001,0.8934000000000001,0.9118,0.9440000000000001,0.9908
136061:0.0016,0.004,0.024300000000000002,0.028200000000000003,0.0304,0.0315,0.0378,0.047400000000000005,0.058600000000000006,0.0601,0.0656,0.0756,0.0873,0.10200000000000001,0.10790000000000001,0.11030000000000001,0.131,0.1353,0.1369,0.1409,0.1673,0.17980000000000002,0.20470000000000002,0.20900000000000002,0.2126,0.2129,0.2167,0.2194,0.2323,0.2378,0.2439,0.24600000000000002,0.2469,0.25370000000000004,0.25680000000000003,0.27,0.2712,0.2731,0.2778,0.28,0.2878,0.2909,0.29250000000000004,0.3114,0.3151,0.3156,0.32180000000000003,0.32330000000000003,0.3351,0.3382,0.339,0.3411,0.34390000000000004,0.36610000000000004,0.37920000000000004,0.3801,0.3806,0.39530000000000004,0.3982,0.4055,0.4164,0.4207,0.42400000000000004,0.4242,0.42450000000000004,0.4259,0.4693,0.4782,0.48000000000000004,0.48200000000000004,0.4854,0.48650000000000004,0.49160000000000004,0.497,0.5025000000000001,0.5045000000000001,0.5175000000000001,0.5228,0.536,0.5439,0.5452,0.5531,0.5621,0.5712,0.5778,0.5809000000000001,0.6044,0.6248,0.6267,0.6308,0.6478,0.6624,0.6637000000000001,0.6654,0.6727000000000001,0.6792,0.6805,0.6828000000000001,0.6886,0.7058,0.7165,0.7169,0.7226,0.7289,0.7336,0.7388,0.7481,0.7533000000000001,0.7713,0.7715000000000001,0.7879,0.7918000000000001,0.7961,0.7987000000000001,0.7999,0.8038000000000001,0.8232,0.8268000000000001,0.8426,0.8483,0.8585,0.8605,0.8674000000000001,0.8726,0.8765000000000001,0.877,0.8808,0.8825000000000001,0.912,0.9126000000000001,0.9244,0.9287000000000001,0.9367000000000001,0.9727,0.9867
136722:0.0092,0.0239,0.0454,0.058,0.0805,0.1446,0.1563,0.1721,0.2015,0.2235,0.2474,0.26780000000000004,0.27640000000000003,0.28550000000000003,0.30160000000000003,0.31470000000000004,0.3275,0.33840000000000003,0.39580000000000004,0.4088,0.42200000000000004,0.4369,0.4476,0.4671,0.47700000000000004,0.5021,0.511,0.5243,0.5584,0.6052000000000001,0.6134000000000001,0.6287,0.6426000000000001,0.6605000000000001,0.6819000000000001,0.6925,0.7024,0.7121000000000001,0.7285,0.7433000000000001,0.7512000000000001,0.7779,0.7952,0.8647,0.8757,0.9056000000000001,0.9172,0.9235000000000001,0.9376000000000001,0.9721000000000001
136907:0.9829
137417:0.0592,0.15940000000000001,0.22060000000000002,0.2846,0.34400000000000003,0.3891,0.4092,0.47850000000000004,0.5883,0.6409,0.6868000000000001,0.7718,0.8094,0.8458,0.9035000000000001,0.9333
138009:0.005200000000000001,0.0088,0.0103,0.012400000000000001,0.024800000000000003,0.037200000000000004,0.054900000000000004,0.0562,0.0584,0.0611,0.0618,0.0645,0.0697,0.082,0.08650000000000001,0.10020000000000001,0.1037,0.11230000000000001,0.1277,0.1484,0.1502,0.1505,0.1549,0.17020000000000002,0.1771,0.18150000000000002,0.18230000000000002,0.19540000000000002,0.1985,0.1991,0.2169,0.24300000000000002,0.2492,0.2523,0.25730000000000003,0.2584,0.2586,0.2666,0.2817,0.28290000000000004,0.29550000000000004,0.2993,0.3104,0.3154,0.3194,0.32030000000000003,0.3256,0.35800000000000004,0.3594,0.3784,0.38230000000000003,0.3854,0.39680000000000004,0.4041,0.4077,0.4157,0.4208,0.4297,0.4299,0.45520000000000005,0.4657,0.4718,0.4751,0.47600000000000003,0.4802,0.4838,0.48710000000000003,0.4887,0.49870000000000003,0.5087,0.5117,0.5212,0.5243,0.5267000000000001,0.5313,0.533,0.5336000000000001,0.5453,0.5485,0.5493,0.5547000000000001,0.5755,0.5773,0.5856,0.5882000000000001,0.5904,0.5945,0.6021000000000001,0.614,0.6169,0.6174000000000001,0.6233000000000001,0.6257,0.6315000000000001,0.6362,0.6495000000000001,0.6499,0.6518,0.6676000000000001,0.6744,0.6862,0.7015,0.7051000000000001,0.7107,0.7147,0.7176,0.7189,0.7227,0.7253000000000001,0.7262000000000001,0.7334,0.7471,0.7503000000000001,0.7565000000000001,0.7601,0.7606,0.7669,0.7741,0.7772,0.7841,0.7908000000000001,0.7937000000000001,0.8049000000000001,0.8312,0.8341000000000001,0.8350000000000001,0.8387,0.8397,0.8457,0.8480000000000001,0.8595,0.8635,0.8746,0.8796,0.881,0.8845000000000001,0.8927,0.8952,0.8993,0.8997,0.9189,0.9265,0.9285,0.9462,0.9510000000000001,0.9527,0.9727,0.9929,0.9969
138534:0.09570000000000001,0.216,0.27940000000000004,0.3955,0.44220000000000004,0.5475,0.658,0.7484000000000001,0.8634000000000001,0.9135000000000001,0.9821000000000001
138579:0.0021000000000000003,0.005,0.027600000000000003,0.030500000000000003,0.033600000000000005,0.0351,0.0412,0.0492,0.0614,0.0636,0.0689,0.0727,0.0811,0.08170000000000001,0.0833,0.09630000000000001,0.09720000000000001,0.0983,0.1034,0.10450000000000001,0.10840000000000001,0.1159,0.1197,0.1278,0.1313,0.1353,0.1458,0.1531,0.16570000000000001,0.1738,0.1782,0.183,0.18810000000000002,0.201,0.2013,0.2205,0.22390000000000002,0.23220000000000002,0.23370000000000002,0.2361,0.2426,0.2521,0.2695,0.2718,0.27940000000000004,0.2883,0.302,0.31,0.3126,0.3215,0.32220000000000004,0.3264,0.32680000000000003,0.3299,0.335,0.3481,0.3598,0.36200000000000004,0.3733,0.3735,0.38170000000000004,0.384,0.38630000000000003,0.38680000000000003,0.39480000000000004,0.42300000000000004,0.4278,0.438,0.4501,0.457,0.4646,0.46880000000000005,0.4698,0.4707,0.4761,0.49060000000000004,0.4912,0.4932,0.49500000000000005,0.49660000000000004,0.5036,0.5038,0.506,0.5071,0.5085000000000001,0.5111,0.521,0.523,0.5289,0.5328,0.5338,0.5358,0.5384,0.5386000000000001,0.5436,0.5541,0.5543,0.5556,0.5585,0.5614,0.5642,0.5711,0.5905,0.5941000000000001,0.5963,0.6312,0.6448,0.6467,0.65,0.6717000000000001,0.6731,0.6758000000000001,0.6929000000000001,0.6955,0.7010000000000001,0.7037,0.7051000000000001,0.7120000000000001,0.7125,0.7174,0.7203,0.7230000000000001,0.7279,0.7325,0.7514000000000001,0.7519,0.7563000000000001,0.76,0.7765000000000001,0.778,0.7786000000000001,0.7804,0.7827000000000001,0.7889,0.79,0.7932,0.7969,0.7979,0.8016000000000001,0.8023,0.8038000000000001,0.8130000000000001,0.8184,0.8187000000000001,0.8289000000000001,0.8312,0.8345,0.8357,0.8393,0.8414,0.8428,0.8511000000000001,0.8635,0.8756,0.8759,0.8843000000000001,0.8993,0.9034000000000001,0.9086000000000001,0.9133,0.9169,0.9215000000000001,0.9231,0.926,0.9292,0.9323,0.9534,0.9726,0.9991000000000001