1811:0.31370000000000003,0.5257000000000001
2007:0.0455,0.0726,0.094,0.1351,0.1492,0.226,0.30360000000000004,0.3407,0.3781,0.4546,0.5187,0.5639000000000001,0.5785,0.6329,0.7067,0.7487,0.7876000000000001,0.8321000000000001,0.8749,0.902,0.9586,0.9708
2058:0.0534,0.1724,0.27040000000000003,0.2963,0.341,0.39180000000000004,0.5179,0.5769000000000001,0.6967,0.7933,0.8414,0.9066000000000001,0.9956
2439:0.05,0.5175000000000001,0.79,0.8975000000000001
3498:0.0562,0.0961,0.1422,0.15460000000000002,0.326,0.34400000000000003,0.5184,0.5544,0.5730000000000001,0.6471,0.7073,0.7922,0.8364,0.8779,0.9686
3938:0.0985
3959:0.0142,0.026500000000000003,0.0431,0.0575,0.0693,0.0816,0.0966,0.10980000000000001,0.12430000000000001,0.137,0.1521,0.1665,0.18000000000000002,0.2001,0.2124,0.2265,0.2404,0.2545,0.26980000000000004,0.2816,0.2998,0.3105,0.3235,0.3386,0.3526,0.3623,0.37670000000000003,0.3945,0.40750000000000003,0.4184,0.4318,0.4423,0.4567,0.46780000000000005,0.4811,0.4924,0.5049,0.5204,0.5366000000000001,0.5505,0.5618000000000001,0.5745,0.5902000000000001,0.6034,0.6229,0.6345000000000001,0.6456000000000001,0.6566000000000001,0.6696000000000001,0.6809000000000001,0.6934,0.7052,0.7246,0.7394000000000001,0.755,0.7685000000000001,0.7806000000000001,0.7944,0.8114,0.8263,0.8389000000000001,0.8542000000000001,0.8661000000000001,0.8813000000000001,0.896,0.91,0.9201,0.9341,0.9466,0.9610000000000001,0.9736,0.9884000000000001,0.9998
4353:0.038900000000000004,0.047,0.062200000000000005,0.0745,0.1283,0.1466,0.22260000000000002,0.23820000000000002,0.2959,0.3154,0.3347,0.36960000000000004,0.4434,0.4516,0.49150000000000005,0.5051,0.523,0.5633,0.5815,0.6216,0.6325000000000001,0.6498,0.6930000000000001,0.7065,0.7459,0.7784000000000001,0.7925000000000001,0.8302,0.8696,0.8814000000000001,0.9014000000000001,0.9595,0.9946
4477:0.0323,0.0412,0.0558,0.0693,0.0801,0.1174,0.1297,0.1408,0.1791,0.20750000000000002,0.22290000000000001,0.23190000000000002,0.2846,0.2975,0.3131,0.33230000000000004,0.3574,0.3708,0.4043,0.44110000000000005,0.4484,0.47500000000000003,0.4917,0.4993,0.5099,0.517,0.545,0.5607,0.5662,0.5801000000000001,0.6054,0.6229,0.6305000000000001,0.68,0.6897,0.6972,0.7299,0.7445,0.7754000000000001,0.7862,0.8188000000000001,0.8318000000000001,0.8593000000000001,0.8707,0.8871,0.8968,0.903,0.9509000000000001,0.9568000000000001,0.9802000000000001,0.9929
4622:0.0261,0.07060000000000001,0.109,0.1466,0.189,0.25980000000000003,0.314,0.35100000000000003,0.4228,0.46030000000000004,0.49110000000000004,0.5231,0.5525,0.5996,0.6681,0.7372000000000001,0.8115,0.8535,0.8841,0.9181,0.9953000000000001
4690:0.0284,0.0528,0.08410000000000001,0.1462,0.17470000000000002,0.1883,0.2089,0.2252,0.2619,0.2937,0.3116,0.3365,0.377,0.3972,0.4323,0.4661,0.48650000000000004,0.535,0.5646,0.6057,0.6327,0.651,0.6749,0.6940000000000001,0.7284,0.7417,0.7703,0.7828,0.8143,0.8377,0.8623000000000001,0.8875000000000001,0.9173,0.9589000000000001,0.9809,0.9969
4963:0.0534,0.19390000000000002,0.2909,0.3705,0.5022,0.6882,0.7938000000000001,0.8973000000000001
6070:0.0446,0.0592,0.0835,0.1203,0.1421,0.2296,0.2997,0.3352,0.37410000000000004,0.44980000000000003,0.5014000000000001,0.5189,0.5671,0.6317,0.7006,0.7491,0.7899,0.8359000000000001,0.8733000000000001,0.9001,0.9573,0.9956
6365:0.0417,0.07540000000000001,0.1295,0.1917,0.22440000000000002,0.29550000000000004,0.44830000000000003,0.4938,0.5106,0.6242,0.6794,0.7055,0.7431,0.782,0.7941,0.8239000000000001,0.8424,0.8906000000000001,0.9622,0.9994000000000001
6931:0.0376,0.061900000000000004,0.1568,0.1802,0.269,0.30920000000000003,0.35400000000000004,0.3947,0.4706,0.5112,0.5791000000000001,0.6842,0.7156,0.7793,0.8238000000000001,0.8580000000000001,0.8947,0.9323,0.9848
7413:0.0397,0.07010000000000001,0.08990000000000001,0.133,0.1879,0.21830000000000002,0.2336,0.2899,0.3184,0.3642,0.4433,0.4913,0.5068,0.5637,0.6168,0.6511,0.6908000000000001,0.7416,0.78,0.8235,0.8677,0.8915000000000001,0.9446,0.9673,0.9985
7420:0.0323,0.0424,0.0596,0.0757,0.1257,0.14350000000000002,0.2179,0.2296,0.2931,0.3038,0.3321,0.37060000000000004,0.4365,0.44720000000000004,0.4878,0.5003000000000001,0.5175000000000001,0.558,0.5739000000000001,0.6168,0.6296,0.6422,0.6868000000000001,0.6984,0.7456,0.7752,0.7902,0.8268000000000001,0.8403,0.8719,0.8975000000000001,0.9574,0.9927
8252:0.0395,0.0524,0.0713,0.08950000000000001,0.1212,0.13670000000000002,0.1913,0.22710000000000002,0.29350000000000004,0.3231,0.36000000000000004,0.3758,0.44420000000000004,0.49300000000000005,0.514,0.541,0.5689000000000001,0.6241,0.6437,0.6945,0.7427,0.7826000000000001,0.7962,0.8290000000000001,0.8581000000000001,0.8751,0.8969,0.9563,0.9895
8297:0.0395,0.0791,0.16160000000000002,0.20400000000000001,0.2818,0.3981,0.4446,0.4978,0.5619000000000001,0.6056,0.6563,0.6922,0.7299,0.7799,0.8428,0.89,0.9402,0.9822000000000001
8391:0.031900000000000005,0.0713,0.1287,0.1564,0.183,0.2202,0.2783,0.3083,0.3523,0.394,0.4554,0.4917,0.5392,0.5586,0.6128,0.649,0.6774,0.7141000000000001,0.7603000000000001,0.7888000000000001,0.8132,0.8490000000000001,0.8937,0.9325,0.9713
8401:0.0367,0.0587,0.1323,0.161,0.1831,0.26680000000000004,0.30720000000000003,0.3498,0.39080000000000004,0.4637,0.5048,0.5608000000000001,0.5999,0.6825,0.7131000000000001,0.7768,0.8220000000000001,0.8862,0.93,0.9749000000000001
8403:0.027200000000000002,0.2868,0.4314,0.686,0.7312000000000001
8482:0.0398,0.047400000000000005,0.058,0.06430000000000001,0.0784,0.0886,0.09670000000000001,0.1302,0.15460000000000002,0.1633,0.17320000000000002,0.1825,0.1932,0.2315,0.2417,0.2645,0.2758,0.2919,0.3035,0.3119,0.3219,0.331,0.342,0.35200000000000004,0.36920000000000003,0.38430000000000003,0.393,0.4047,0.42600000000000005,0.4657,0.4777,0.5026,0.5102,0.5189,0.5267000000000001,0.5635,0.5763,0.5965,0.6126,0.6828000000000001,0.6913,0.7016,0.7115,0.7181000000000001,0.7777000000000001,0.7858,0.7992,0.8121,0.8265,0.8383,0.8476,0.8886000000000001,0.8954000000000001,0.91,0.9235000000000001,0.9318000000000001,0.9424,0.9678,0.9787,0.9875
8797:0.1468
8798:0.0796,0.18560000000000001,0.2267,0.31820000000000004,0.4035,0.4626,0.5073,0.6194000000000001,0.7856000000000001,0.8914000000000001,0.9897
8840:0.043500000000000004,0.0718,0.08940000000000001,0.1325,0.21400000000000002,0.23390000000000002,0.29660000000000003,0.319,0.3663,0.44930000000000003,0.4837,0.5029,0.5208,0.5638000000000001,0.5756,0.6103000000000001,0.6324000000000001,0.6946,0.7381000000000001,0.7521,0.783,0.8235,0.8375,0.8672000000000001,0.8781,0.8947,0.9113,0.9610000000000001,0.9935
9257:0.0379,0.0475,0.0639,0.0777,0.10490000000000001,0.129,0.1439,0.22060000000000002,0.23190000000000002,0.2974,0.30760000000000004,0.3265,0.3405,0.3703,0.4435,0.45020000000000004,0.4902,0.5034000000000001,0.5176000000000001,0.56,0.5777,0.6197,0.6323000000000001,0.6438,0.6901,0.7010000000000001,0.7476,0.7774000000000001,0.7888000000000001,0.8246,0.8332,0.8436,0.8729,0.8929,0.9013,0.9612,0.9947
9507:0.0666,0.18380000000000002,0.2982,0.3498,0.4016,0.7117,0.8031,0.8508,0.9303
9522:0.097,0.1492,0.6554,0.882
9645:0.034800000000000005,0.046900000000000004,0.0636,0.07740000000000001,0.0975,0.12140000000000001,0.1343,0.14730000000000001,0.193,0.2252,0.2417,0.2892,0.3038,0.3229,0.3476,0.3695,0.43420000000000003,0.4486,0.48910000000000003,0.5023,0.5179,0.5544,0.5714,0.5862,0.6212,0.6343,0.6792,0.6932,0.74,0.7732,0.7887000000000001,0.8230000000000001,0.8362,0.8621000000000001,0.8755000000000001,0.8949,0.9069,0.9574,0.9900000000000001
9913:0.0379,0.069,0.08360000000000001,0.1207,0.151,0.18760000000000002,0.21580000000000002,0.2303,0.2871,0.3155,0.36050000000000004,0.4017,0.442,0.4581,0.49400000000000005,0.5061,0.5605,0.6066,0.6278,0.6789000000000001,0.6974,0.7408,0.7781,0.8175,0.8351000000000001,0.8735,0.8938,0.9382,0.9599000000000001,0.9971000000000001
10133:0.026600000000000002,0.0663,0.0912,0.1312,0.1676,0.19990000000000002,0.2301,0.2639,0.3,0.31870000000000004,0.3507,0.3755,0.41100000000000003,0.4334,0.45980000000000004,0.48360000000000003,0.5062,0.55,0.5651,0.6047,0.6384000000000001,0.6561,0.6785,0.7078,0.7563000000000001,0.7765000000000001,0.7977000000000001,0.8262,0.8468,0.8748,0.9045000000000001,0.927,0.9491,0.9752000000000001
10355:0.0135,0.07740000000000001,0.11,0.1368,0.1709,0.2797,0.3488,0.41500000000000004,0.4514,0.4884,0.5265000000000001,0.5637,0.5987,0.6633,0.6943,0.8161,0.8580000000000001,0.9083
10654:0.18680000000000002,0.2929,0.5079,0.6755,0.7385,0.8186,0.9969
10680:0.033100000000000004,0.046,0.0738,0.1208,0.1495,0.1738,0.1913,0.2165,0.2776,0.3114,0.36150000000000004,0.396,0.434,0.4496,0.4662,0.49450000000000005,0.5588000000000001,0.5988,0.6111,0.6534,0.6826,0.7149,0.7457,0.7755000000000001,0.7836000000000001,0.8230000000000001,0.8401000000000001,0.8855000000000001,0.9329000000000001,0.9601000000000001,0.9796
10689:0.0391,0.1791,0.22210000000000002,0.28140000000000004,0.444,0.49710000000000004,0.523,0.6802,0.7468,0.7796000000000001,0.8898,0.9380000000000001
11131:0.3104,0.5102,0.8901
11303:0.043500000000000004,0.0703,0.0897,0.1332,0.22760000000000002,0.2982,0.3264,0.3688,0.4479,0.49260000000000004,0.514,0.5710000000000001,0.6266,0.6431,0.6986,0.7455,0.7843,0.8328,0.8693000000000001,0.8964000000000001,0.9600000000000001,0.9927
11600:0.046900000000000004,0.053700000000000005,0.060200000000000004,0.0867,0.09730000000000001,0.1331,0.159,0.1723,0.24830000000000002,0.2662,0.2776,0.2864,0.3294,0.3383,0.3765,0.388,0.39440000000000003,0.40180000000000005,0.5129,0.5191,0.5263,0.5741,0.6905,0.7854,0.7939,0.8012,0.8293,0.8379000000000001,0.8963000000000001,0.9033,0.9106000000000001,0.9208000000000001,0.9351,0.9794,0.9922000000000001
11604:0.0396,0.0892,0.1552,0.2295,0.309,0.3549,0.4343,0.49410000000000004,0.5826,0.6778000000000001,0.7702,0.8209000000000001,0.8808,0.9327000000000001,0.9834
12494:0.0032,0.008,0.0111,0.0221,0.029300000000000003,0.0403,0.042100000000000005,0.056400000000000006,0.0585,0.0592,0.063,0.0756,0.0767,0.07690000000000001,0.07970000000000001,0.0821,0.09480000000000001,0.10790000000000001,0.11720000000000001,0.1202,0.1227,0.12390000000000001,0.1312,0.1346,0.14850000000000002,0.1512,0.1653,0.1746,0.1975,0.19870000000000002,0.20400000000000001,0.22390000000000002,0.23190000000000002,0.23390000000000002,0.25320000000000004,0.2551,0.2555,0.2581,0.262,0.2706,0.2722,0.2738,0.2818,0.2867,0.30920000000000003,0.3106,0.31980000000000003,0.3315,0.33790000000000003,0.3492,0.3551,0.3594,0.35960000000000003,0.36310000000000003,0.3985,0.3995,0.4001,0.4007,0.40590000000000004,0.41750000000000004,0.41800000000000004,0.41910000000000003,0.4258,0.4333,0.4388,0.4459,0.45030000000000003,0.45130000000000003,0.45370000000000005,0.4575,0.4615,0.4661,0.46690000000000004,0.4671,0.46880000000000005,0.4756,0.4786,0.4878,0.49200000000000005,0.5074000000000001,0.5136000000000001,0.5149,0.5213,0.5352,0.5379,0.5387000000000001,0.54,0.5424,0.5462,0.5464,0.551,0.5556,0.5581,0.56,0.5636,0.5641,0.5756,0.5850000000000001,0.5988,0.6228,0.623,0.6252,0.6312,0.6466000000000001,0.6483,0.6487,0.6561,0.6631,0.6764,0.678,0.6943,0.7141000000000001,0.7155,0.7171000000000001,0.7322000000000001,0.7533000000000001,0.7584000000000001,0.7602,0.7612,0.7691,0.7705000000000001,0.7775000000000001,0.7816000000000001,0.7851,0.7891,0.7903,0.7906000000000001,0.7964,0.8078000000000001,0.8089000000000001,0.811,0.8155,0.8273,0.8298000000000001,0.8308000000000001,0.8328,0.8413,0.8480000000000001,0.8484,0.8490000000000001,0.8511000000000001,0.8604,0.8781,0.8975000000000001,0.9213,0.9227000000000001,0.9305,0.9383,0.9386,0.9388000000000001,0.9564,0.9599000000000001,0.9640000000000001,0.9678,0.9708,0.9751000000000001,0.9757,0.9832000000000001,0.9995
12790:0.0424,0.1849,0.51,0.785
12910:0.0334,0.0436,0.0523,0.0864,0.1441,0.2199,0.2366,0.3,0.31870000000000004,0.3441,0.46140000000000003,0.4853,0.5146000000000001,0.5279,0.5439,0.5694,0.6304000000000001,0.6437,0.7059000000000001,0.7422000000000001,0.7474000000000001,0.7644000000000001,0.7779,0.787,0.8170000000000001,0.8345,0.8675,0.8755000000000001,0.8928,0.9184,0.9637,0.9700000000000001,0.9906
13391:0.0407,0.1293,0.1696,0.2296,0.262,0.30110000000000003,0.4022,0.46340000000000003,0.505,0.6807000000000001,0.7795000000000001,0.8385,0.8909,0.9564
13607:0.062400000000000004,0.185,0.313,0.35710000000000003,0.5111,0.7172000000000001,0.8019000000000001,0.8945000000000001
13840:0.084,0.1427,0.3341,0.5012,0.6316,0.7892,0.8743000000000001,0.8988,0.9942000000000001
14047:0.0196,0.0308,0.0611,0.0719,0.0854,0.11130000000000001,0.11860000000000001,0.12890000000000001,0.1433,0.168,0.1826,0.2094,0.21730000000000002,0.24000000000000002,0.2525,0.26080000000000003,0.27890000000000004,0.29560000000000003,0.304,0.3262,0.34440000000000004,0.3668,0.38220000000000004,0.3909,0.4117,0.42210000000000003,0.42850000000000005,0.44380000000000003,0.45530000000000004,0.4746,0.48900000000000005,0.4975,0.5093,0.5354,0.5517000000000001,0.5695,0.5913,0.613,0.633,0.6425000000000001,0.6641,0.6741,0.7010000000000001,0.7081000000000001,0.7392000000000001,0.7575000000000001,0.7714000000000001,0.7959,0.8093,0.8184,0.8303,0.8464,0.8572000000000001,0.8729,0.8823000000000001,0.89,0.9163,0.9273,0.9509000000000001,0.9654,0.9909
14227:0.1814,0.3158,0.3643,0.49710000000000004,0.6129,0.6803,0.8242,0.8921,0.9444
14415:0.076,0.3403,0.7069000000000001
14485:0.0329,0.0461,0.06760000000000001,0.0787,0.1278,0.1913,0.2209,0.2894,0.3103,0.3674,0.43460000000000004,0.451,0.4943,0.5063,0.5316000000000001,0.5629000000000001,0.6219,0.6384000000000001,0.6848000000000001,0.6994,0.7463000000000001,0.7884,0.8248000000000001,0.8434,0.8978,0.9587
14630:0.5556
14770:0.0724,0.12090000000000001,0.168,0.3401,0.4053,0.44930000000000003,0.4902,0.5571,0.6059,0.6628000000000001,0.7766000000000001,0.8248000000000001,0.906
14842:0.0086,0.0092,0.0095,0.029500000000000002,0.0516,0.059300000000000005,0.0685,0.0716,0.07300000000000001,0.0829,0.09280000000000001,0.09570000000000001,0.09860000000000001,0.1034,0.1139,0.11410000000000001,0.1177,0.11910000000000001,0.1226,0.1231,0.1414,0.14500000000000002,0.1457,0.15960000000000002,0.16010000000000002,0.17980000000000002,0.1839,0.19,0.2099,0.2147,0.2649,0.2657,0.2661,0.2775,0.2989,0.3038,0.3064,0.31880000000000003,0.332,0.3335,0.3376,0.3425,0.3438,0.3463,0.3552,0.35600000000000004,0.36100000000000004,0.383,0.3854,0.392,0.401,0.40280000000000005,0.403,0.4036,0.40540000000000004,0.4147,0.4222,0.43170000000000003,0.44120000000000004,0.44170000000000004,0.4429,0.4446,0.44880000000000003,0.4534,0.4591,0.4813,0.4824,0.4889,0.48950000000000005,0.4984,0.5015000000000001,0.5029,0.505,0.5087,0.5115000000000001,0.5177,0.523,0.5246000000000001,0.5357000000000001,0.5396000000000001,0.5462,0.5467000000000001,0.5492,0.5561,0.5578000000000001,0.5584,0.5647,0.5650000000000001,0.5750000000000001,0.5839,0.5913,0.5959,0.5961000000000001,0.601,0.6035,0.6071000000000001,0.6103000000000001,0.6504,0.654,0.6696000000000001,0.6757000000000001,0.6781,0.6837000000000001,0.6883,0.6904,0.6949000000000001,0.7218,0.7328,0.7573000000000001,0.7588,0.7645000000000001,0.7651,0.7722,0.7896000000000001,0.8042,0.807,0.8091,0.8107000000000001,0.8142,0.8162,0.8173,0.8241,0.8291000000000001,0.8297,0.8299000000000001,0.8352,0.8408,0.8482000000000001,0.8505,0.8525,0.8568,0.8627,0.8686,0.8756,0.8765000000000001,0.8839,0.8887,0.8938,0.903,0.904,0.9091,0.9093,0.9107000000000001,0.9135000000000001,0.9141,0.9215000000000001,0.932,0.9476,0.9577,0.9822000000000001,0.9919,0.994
14917:0.0195,0.029400000000000003,0.0531,0.0646,0.0734,0.10840000000000001,0.11950000000000001,0.1287,0.1411,0.1671,0.18100000000000002,0.2088,0.218,0.25070000000000003,0.2757,0.29410000000000003,0.3053,0.3415,0.34890000000000004,0.3689,0.3821,0.3916,0.42050000000000004,0.43310000000000004,0.44680000000000003,0.45630000000000004,0.48560000000000003,0.49410000000000004,0.5077,0.5213,0.5357000000000001,0.5517000000000001,0.5694,0.5915,0.6099,0.6417,0.6617000000000001,0.6736000000000001,0.6988000000000001,0.7106,0.7369,0.7546,0.7706000000000001,0.7865000000000001,0.7949,0.8105,0.8271000000000001,0.8406,0.8493,0.8703000000000001,0.882,0.8902,0.9177000000000001,0.9285,0.9495,0.9653,0.9841000000000001
15166:0.3128,0.5218,0.7144
15574:0.0426,0.0606,0.0813,0.09240000000000001,0.1287,0.1419,0.1511,0.22540000000000002,0.2984,0.32330000000000003,0.36710000000000004,0.387,0.4471,0.49200000000000005,0.5087,0.5542,0.5700000000000001,0.5951000000000001,0.6296,0.6972,0.7458,0.7758,0.7889,0.8328,0.8702000000000001,0.8834000000000001,0.8982,0.9588000000000001,0.9955
15635:0.0262,0.036500000000000005,0.0519,0.0688,0.0791,0.094,0.10830000000000001,0.11750000000000001,0.12860000000000002,0.1428,0.15430000000000002,0.1691,0.17930000000000001,0.1895,0.20700000000000002,0.2154,0.22760000000000002,0.24530000000000002,0.26080000000000003,0.2802,0.28900000000000003,0.3075,0.3145,0.3249,0.3413,0.3544,0.3648,0.38280000000000003,0.39640000000000003,0.40700000000000003,0.4273,0.43260000000000004,0.4451,0.4571,0.4743,0.48910000000000003,0.4975,0.5063,0.5224,0.5344,0.5529000000000001,0.5602,0.5767,0.5875,0.6061000000000001,0.6196,0.6311,0.6463,0.6538,0.6721,0.6814,0.6931,0.7160000000000001,0.7301000000000001,0.7406,0.7516,0.7658,0.7782,0.7922,0.8135,0.8253,0.8326,0.8407,0.8559,0.8708,0.8828,0.8932,0.9051,0.9225000000000001,0.932,0.9438000000000001,0.9560000000000001,0.9652000000000001,0.9797,0.9958
15828:0.0476,0.08360000000000001,0.1784,0.3098,0.3548,0.5104000000000001,0.6004,0.7172000000000001,0.7846000000000001,0.8399000000000001,0.8939,0.9376000000000001
16042:0.0523,0.0873,0.1741,0.2782,0.3159,0.3448,0.3889,0.5152,0.5338,0.5796,0.6978000000000001,0.7906000000000001,0.8308000000000001,0.9001,0.9257000000000001,0.9490000000000001
17064:0.0434,0.0584,0.0818,0.12000000000000001,0.131,0.1458,0.2233,0.3002,0.3214,0.33630000000000004,0.374,0.4486,0.5129,0.5482,0.5671,0.6289,0.6511,0.6970000000000001,0.7465,0.7857000000000001,0.8062,0.8314,0.8708,0.8776,0.899,0.9545,0.9661000000000001,0.9987
18141:0.0337,0.0766,0.1305,0.17470000000000002,0.2199,0.3048,0.35250000000000004,0.4278,0.4615,0.49560000000000004,0.5573,0.5998,0.6488,0.68,0.7133,0.7737,0.8295,0.885,0.9326000000000001,0.9741000000000001
18204:0.0362,0.044500000000000005,0.0757,0.12490000000000001,0.1584,0.1816,0.1897,0.21780000000000002,0.2637,0.2857,0.3119,0.3491,0.36810000000000004,0.3931,0.4338,0.45320000000000005,0.4964,0.5082,0.5541,0.5634,0.5986,0.6209,0.6547000000000001,0.6817000000000001,0.7134,0.7464000000000001,0.7743,0.783,0.8223,0.8410000000000001,0.8642000000000001,0.8875000000000001,0.8948,0.935,0.9725,0.9921000000000001
18857:0.0395,0.0639,0.1283,0.20040000000000002,0.2291,0.2912,0.30760000000000004,0.3538,0.37770000000000004,0.449,0.5002,0.5133,0.5818,0.6326,0.6495000000000001,0.6902,0.7026,0.7463000000000001,0.7886000000000001,0.8266,0.8798,0.9014000000000001,0.9628000000000001,0.9993000000000001
18900:0.0373,0.0596,0.1534,0.1802,0.2662,0.30720000000000003,0.3508,0.39180000000000004,0.46480000000000005,0.5114000000000001,0.5674,0.6835,0.7137,0.7775000000000001,0.8294,0.8881,0.9305,0.9763000000000001
19388:0.035,0.066,0.09340000000000001,0.1258,0.1552,0.1842,0.228,0.262,0.31,0.3408,0.3714,0.4022,0.4318,0.4857,0.5513,0.6302,0.6587000000000001,0.7224,0.7538,0.7787000000000001,0.8375,0.8681000000000001,0.9215000000000001,0.9511000000000001
21091:0.0456,0.079,0.1348,0.2315,0.3085,0.3534,0.44920000000000004,0.4937,0.5710000000000001,0.6429,0.7509,0.794,0.8725,0.921,0.9955
21384:0.0425,0.09630000000000001,0.1471,0.3205,0.4889,0.5291,0.5734,0.6353,0.7411,0.7644000000000001,0.7878000000000001,0.8741,0.995
21518:0.0111,0.0239,0.038,0.050100000000000006,0.0646,0.07880000000000001,0.0966,0.10500000000000001,0.12390000000000001,0.1355,0.1484,0.1622,0.1713,0.1806,0.2013,0.2122,0.2273,0.2366,0.2538,0.2621,0.277,0.2883,0.3043,0.3114,0.32320000000000004,0.335,0.3513,0.3614,0.37870000000000004,0.3934,0.40130000000000005,0.41960000000000003,0.42860000000000004,0.4428,0.4551,0.47190000000000004,0.4812,0.4927,0.5037,0.5169,0.5318,0.5439,0.5535,0.5625,0.5742,0.5855,0.6036,0.6184000000000001,0.6289,0.6385000000000001,0.6493,0.6623,0.6717000000000001,0.6843,0.6938000000000001,0.7141000000000001,0.7244,0.7328,0.7478,0.7583000000000001,0.7685000000000001,0.7772,0.7925000000000001,0.8063,0.8125,0.8283,0.8360000000000001,0.8474,0.8629,0.8717,0.8828,0.9026000000000001,0.915,0.9294,0.9421,0.9548000000000001,0.9731000000000001,0.9855,0.9937
21989:0.098,0.15810000000000002,0.5833
22351:0.1477,0.6503,0.8792000000000001
22452:0.0328,0.0877,0.1821,0.255,0.30510000000000004,0.38380000000000003,0.4577,0.49610000000000004,0.5568000000000001,0.6427,0.7091000000000001,0.7729,0.8477,0.9297000000000001
22854:0.0431,0.2218,0.2985,0.632,0.6990000000000001
23353:0.31220000000000003,0.5212,0.7138
23354:0.029,0.0734,0.11080000000000001,0.14170000000000002,0.18080000000000002,0.2187,0.2529,0.2962,0.3254,0.3663,0.4197,0.45580000000000004,0.4873,0.5072,0.5525,0.5909,0.6327,0.6634,0.7018,0.7576,0.7988000000000001,0.8292,0.888,0.9265,0.9664
24296:0.1457,0.6458
24301:0.795
24441:0.5233,0.6453,0.79,0.8983000000000001
24594:0.034300000000000004,0.0408,0.0459,0.0584,0.0649,0.0714,0.0789,0.0879,0.0949,0.12010000000000001,0.1285,0.135,0.14150000000000001,0.1512,0.186,0.2121,0.2227,0.22890000000000002,0.2363,0.26380000000000003,0.2896,0.29700000000000004,0.3019,0.3153,0.3242,0.33590000000000003,0.3506,0.36260000000000003,0.3699,0.3758,0.4373,0.44570000000000004,0.45030000000000003,0.4853,0.49260000000000004,0.5032,0.51,0.5241,0.5378000000000001,0.5532,0.5633,0.5721,0.5817,0.617,0.625,0.6336,0.6403,0.6482,0.6827000000000001,0.6913,0.6995,0.7388,0.7466,0.7662,0.7779,0.7877000000000001,0.7955,0.8223,0.8287,0.8366,0.8614,0.8685,0.8756,0.8862,0.8933000000000001,0.8991,0.9533,0.9600000000000001,0.9841000000000001,0.9909,0.9974000000000001
24757:0.14800000000000002,0.3427,0.5799000000000001,0.8127000000000001,0.8808,0.9720000000000001
25084:0.0391,0.17950000000000002,0.7204,0.7831
25808:0.0253,0.0347,0.0463,0.061700000000000005,0.0734,0.0892,0.1095,0.12240000000000001,0.1322,0.1451,0.15860000000000002,0.1706,0.1814,0.1904,0.2131,0.223,0.233,0.25620000000000004,0.2662,0.2803,0.2919,0.30310000000000004,0.3126,0.3214,0.3352,0.3503,0.35810000000000003,0.372,0.3885,0.39840000000000003,0.4204,0.4305,0.4424,0.45580000000000004,0.4665,0.4833,0.4909,0.5052,0.5173,0.5304,0.5539000000000001,0.5647,0.5758,0.5969,0.6101,0.6304000000000001,0.6439,0.6589,0.6737000000000001,0.6854,0.7009000000000001,0.7143,0.7285,0.742,0.7608,0.7689,0.7788,0.7879,0.8043,0.8168000000000001,0.8265,0.8361000000000001,0.8488,0.8606,0.8747,0.8868,0.8957,0.9169,0.93,0.9395,0.9561000000000001,0.9674,0.9786,0.9887
26115:0.0132,0.0258,0.037700000000000004,0.055900000000000005,0.0659,0.0776,0.0917,0.1034,0.1192,0.1315,0.1474,0.1615,0.17300000000000001,0.19640000000000002,0.2097,0.226,0.2409,0.255,0.2717,0.28350000000000003,0.2995,0.3105,0.32270000000000004,0.3381,0.3514,0.3619,0.37770000000000004,0.3957,0.4067,0.4187,0.431,0.4418,0.45420000000000005,0.4665,0.47890000000000005,0.4878,0.4994,0.5131,0.5309,0.5444,0.5557,0.5661,0.5800000000000001,0.5940000000000001,0.6049,0.6219,0.6324000000000001,0.6434000000000001,0.6557000000000001,0.6668000000000001,0.6771,0.6907,0.7044,0.7223,0.7352000000000001,0.7504000000000001,0.762,0.7724000000000001,0.7856000000000001,0.7973,0.8114,0.8257,0.8394,0.8541000000000001,0.8668,0.8815000000000001,0.8951,0.9077000000000001,0.9191,0.9309000000000001,0.9444,0.9598000000000001,0.9730000000000001,0.9900000000000001
27383:0.037700000000000004,0.046700000000000005,0.0627,0.0775,0.09140000000000001,0.12710000000000002,0.14100000000000001,0.19210000000000002,0.2222,0.232,0.2948,0.3111,0.3269,0.3604,0.37310000000000004,0.44070000000000004,0.4499,0.4903,0.5043,0.5156000000000001,0.5288,0.5605,0.5742,0.6196,0.6317,0.6462,0.6906,0.7004,0.7424000000000001,0.7508,0.7773,0.7898000000000001,0.8288000000000001,0.8431000000000001,0.8686,0.8772000000000001,0.8969,0.9545,0.9659000000000001,0.9929
28756:0.0472,0.0782,0.13040000000000002,0.14650000000000002,0.226,0.3059,0.37610000000000005,0.4519,0.49110000000000004,0.507,0.5267000000000001,0.5661,0.5799000000000001,0.6207,0.6345000000000001,0.7006,0.7573000000000001,0.7824,0.7992,0.8346,0.8722000000000001,0.9003,0.9641000000000001,0.9975
28757:0.034300000000000004,0.0475,0.0834,0.1082,0.12810000000000002,0.1386,0.18560000000000001,0.22130000000000002,0.2369,0.2894,0.3176,0.35700000000000004,0.3699,0.3855,0.4136,0.4405,0.4515,0.4741,0.4878,0.5139,0.5541,0.5722,0.6215,0.6329,0.6861,0.7015,0.7409,0.7611,0.7825000000000001,0.7918000000000001,0.806,0.8261000000000001,0.8504,0.8702000000000001,0.8952,0.9449000000000001,0.9613,0.9757,0.9917
28825:0.006900000000000001,0.008,0.020800000000000003,0.0234,0.0349,0.056,0.07300000000000001,0.0742,0.0844,0.0847,0.10450000000000001,0.1143,0.11470000000000001,0.1182,0.1221,0.128,0.1305,0.13670000000000002,0.1709,0.1842,0.1883,0.1903,0.2038,0.2097,0.21280000000000002,0.2313,0.2515,0.25420000000000004,0.25570000000000004,0.27140000000000003,0.2818,0.2882,0.3037,0.3039,0.3164,0.32070000000000004,0.3264,0.34640000000000004,0.3517,0.35550000000000004,0.37310000000000004,0.37570000000000003,0.3789,0.383,0.3921,0.3967,0.4116,0.433,0.43370000000000003,0.46390000000000003,0.47650000000000003,0.47750000000000004,0.47940000000000005,0.49000000000000005,0.4902,0.4922,0.49910000000000004,0.5036,0.5154,0.5158,0.524,0.5302,0.5427000000000001,0.5443,0.5532,0.5542,0.5567,0.5817,0.5843,0.5986,0.6002000000000001,0.6196,0.6237,0.6244000000000001,0.6315000000000001,0.6333000000000001,0.6361,0.6393,0.6501,0.6596000000000001,0.6614,0.6748000000000001,0.6789000000000001,0.6843,0.7000000000000001,0.7072,0.7129000000000001,0.7156,0.7181000000000001,0.7196,0.7228,0.737,0.7397,0.7422000000000001,0.7434000000000001,0.7444000000000001,0.7575000000000001,0.7657,0.7731,0.7825000000000001,0.7839,0.7849,0.7867000000000001,0.7936000000000001,0.795,0.7961,0.8112,0.8129000000000001,0.8319000000000001,0.8398,0.8470000000000001,0.8583000000000001,0.8684000000000001,0.8699,0.8846,0.8854000000000001,0.8863000000000001,0.8956000000000001,0.9035000000000001,0.9084000000000001,0.9145000000000001,0.9217000000000001,0.9235000000000001,0.9341,0.9357000000000001,0.9379000000000001,0.9383,0.9419000000000001,0.9533,0.9590000000000001,0.9641000000000001,0.9675,0.9682000000000001,0.9711000000000001,0.9759000000000001
29281:0.0055000000000000005,0.01,0.0166,0.019,0.0228,0.0438,0.0489,0.0534,0.057300000000000004,0.061000000000000006,0.0614,0.0665,0.07690000000000001,0.07740000000000001,0.08370000000000001,0.08610000000000001,0.1023,0.1048,0.10540000000000001,0.1164,0.1207,0.1222,0.12840000000000001,0.129,0.1333,0.13440000000000002,0.1401,0.1499,0.1622,0.1741,0.2003,0.20090000000000002,0.2029,0.22190000000000001,0.22210000000000002,0.22410000000000002,0.2298,0.2318,0.2359,0.23900000000000002,0.2454,0.2464,0.2489,0.2503,0.2535,0.2556,0.274,0.27640000000000003,0.27890000000000004,0.2867,0.2967,0.29960000000000003,0.3005,0.3078,0.30970000000000003,0.3123,0.3169,0.3175,0.32180000000000003,0.3442,0.3471,0.3564,0.3603,0.3694,0.3699,0.3791,0.3809,0.3834,0.3977,0.40190000000000003,0.40790000000000004,0.4098,0.41490000000000005,0.42460000000000003,0.4307,0.43520000000000003,0.44970000000000004,0.4535,0.45680000000000004,0.4617,0.4722,0.4773,0.47840000000000005,0.4811,0.48410000000000003,0.4853,0.48560000000000003,0.48650000000000004,0.49410000000000004,0.4978,0.5004000000000001,0.5147,0.516,0.5261,0.5287000000000001,0.5299,0.5432,0.5505,0.5565,0.5843,0.5976,0.5997,0.6068,0.6165,0.6172000000000001,0.6179,0.6224000000000001,0.6252,0.6388,0.6407,0.6444000000000001,0.656,0.6581,0.6709,0.684,0.6876,0.6945,0.6965,0.7229,0.7306,0.7312000000000001,0.7321000000000001,0.7327,0.7381000000000001,0.7396,0.7466,0.7649,0.7934,0.7976000000000001,0.8069000000000001,0.8082,0.8111,0.8192,0.8210000000000001,0.8253,0.8400000000000001,0.8440000000000001,0.8457,0.8491000000000001,0.8642000000000001,0.8829,0.8868,0.9033,0.9185000000000001,0.9199,0.9292,0.9412,0.9414,0.9421,0.9502,0.9559000000000001,0.9588000000000001,0.9629000000000001,0.9693,0.9733,0.9756,0.9932000000000001,0.9938
30625:0.2298,0.5061,0.8427
31058:0.042,0.08080000000000001,0.18180000000000002,0.39980000000000004,0.5051,0.5637,0.7204,0.7829,0.8906000000000001
31094:0.0434,0.1573,0.2313,0.31120000000000003,0.5076,0.5807,0.7196,0.7792,0.8824000000000001,0.8978
31315:0.0407,0.0504,0.07050000000000001,0.0881,0.12710000000000002,0.1411,0.2126,0.22970000000000002,0.29460000000000003,0.316,0.3391,0.36710000000000004,0.3811,0.44570000000000004,0.4571,0.49420000000000003,0.5114000000000001,0.5483,0.5682,0.5871000000000001,0.6255000000000001,0.6438,0.6921,0.7061000000000001,0.7448,0.7829,0.7946000000000001,0.8298000000000001,0.8624,0.877,0.898,0.9573,0.9896
31475:0.023200000000000002,0.0358,0.0517,0.0661,0.08,0.1023,0.12100000000000001,0.1393,0.15360000000000001,0.17370000000000002,0.1933,0.2129,0.22990000000000002,0.2571,0.28300000000000003,0.3057,0.3158,0.3302,0.3483,0.3627,0.3916,0.405,0.42550000000000004,0.444,0.4627,0.4791,0.4909,0.5096,0.532,0.552,0.5634,0.5824,0.6035,0.6277,0.6409,0.6561,0.6725,0.6882,0.7085,0.7253000000000001,0.7431,0.7606,0.7714000000000001,0.7871,0.8088000000000001,0.8255,0.8436,0.8616,0.876,0.889,0.9146000000000001,0.9321,0.9474,0.9650000000000001,0.9824,0.9949
31627:0.0335,0.0427,0.0521,0.0718,0.0872,0.1212,0.1376,0.18000000000000002,0.2076,0.22240000000000001,0.2296,0.2675,0.2882,0.3156,0.3395,0.3599,0.3745,0.4045,0.43760000000000004,0.4466,0.4782,0.4974,0.506,0.524,0.5481,0.5675,0.5866,0.61,0.633,0.6807000000000001,0.6933,0.7315,0.743,0.7779,0.7886000000000001,0.8177000000000001,0.8262,0.8425,0.8622000000000001,0.8853000000000001,0.8927,0.9005000000000001,0.9261,0.9479000000000001,0.9811000000000001,0.9995
32863:0.016300000000000002,0.0182,0.02,0.026000000000000002,0.034800000000000005,0.037200000000000004,0.039400000000000004,0.0568,0.06280000000000001,0.06420000000000001,0.0746,0.0806,0.0959,0.09630000000000001,0.0995,0.1028,0.11120000000000001,0.11720000000000001,0.12050000000000001,0.1428,0.1466,0.15660000000000002,0.1592,0.17170000000000002,0.1766,0.1777,0.184,0.1894,0.199,0.2028,0.2054,0.2063,0.2124,0.21350000000000002,0.21430000000000002,0.22760000000000002,0.2336,0.23500000000000001,0.2515,0.2565,0.2591,0.2741,0.2785,0.2841,0.2843,0.3037,0.3045,0.31270000000000003,0.3145,0.3231,0.3262,0.3381,0.3497,0.3554,0.3613,0.3663,0.3744,0.38280000000000003,0.3932,0.39380000000000004,0.39730000000000004,0.4131,0.41340000000000005,0.432,0.4323,0.44020000000000004,0.44270000000000004,0.48050000000000004,0.48850000000000005,0.4888,0.4902,0.5099,0.5122,0.5141,0.5253,0.528,0.5317000000000001,0.5437000000000001,0.5576,0.5648000000000001,0.5687,0.5731,0.5833,0.5859,0.5933,0.5945,0.6022000000000001,0.6032000000000001,0.6192000000000001,0.6322,0.6364000000000001,0.6421,0.6449,0.6466000000000001,0.6484,0.6566000000000001,0.6688000000000001,0.6693,0.6737000000000001,0.6889000000000001,0.6964,0.7030000000000001,0.7160000000000001,0.7200000000000001,0.7302000000000001,0.7315,0.7439,0.7441,0.7507,0.7787000000000001,0.7832,0.7999,0.8029000000000001,0.8131,0.8155,0.8235,0.8251000000000001,0.8307,0.8454,0.8608,0.8612000000000001,0.8749,0.8804000000000001,0.8812000000000001,0.8978,0.9005000000000001,0.9031,0.9036000000000001,0.9078,0.9163,0.9206000000000001,0.9254,0.932,0.9324,0.9424,0.9544,0.9589000000000001,0.9620000000000001,0.9692000000000001,0.9723,0.9729000000000001,0.9793000000000001,0.9807,0.9868,0.9938,0.994,0.9979,0.9987
33909:0.0362,0.040100000000000004,0.044500000000000005,0.0507,0.055600000000000004,0.0591,0.0629,0.0687,0.0799,0.08460000000000001,0.1232,0.1301,0.1564,0.15960000000000002,0.1671,0.17200000000000001,0.1852,0.2005,0.2315,0.2349,0.24910000000000002,0.2624,0.2665,0.2725,0.2766,0.2811,0.2853,0.2949,0.3012,0.3129,0.3184,0.32880000000000004,0.3355,0.3398,0.3473,0.36310000000000003,0.3665,0.3788,0.3826,0.38730000000000003,0.3929,0.4011,0.4055,0.4111,0.4631,0.46730000000000005,0.4713,0.4999,0.5051,0.5098,0.5142,0.5183,0.5217,0.5256000000000001,0.5306000000000001,0.5593,0.5638000000000001,0.5684,0.5736,0.6095,0.6133000000000001,0.6173000000000001,0.6213000000000001,0.6792,0.683,0.6862,0.6900000000000001,0.7068,0.7099000000000001,0.7172000000000001,0.7716000000000001,0.777,0.7865000000000001,0.7933,0.7977000000000001,0.8012,0.809,0.8239000000000001,0.8281000000000001,0.8335,0.8386,0.8428,0.8473,0.8877,0.8915000000000001,0.9008,0.9068,0.911,0.9156000000000001,0.9206000000000001,0.9302,0.9342,0.9454,0.9576,0.9700000000000001,0.9766,0.9923000000000001
34268:0.035300000000000005,0.041600000000000005,0.0601,0.0723,0.0883,0.09670000000000001,0.1232,0.1313,0.14300000000000002,0.1822,0.2137,0.22490000000000002,0.23620000000000002,0.2887,0.3007,0.31770000000000004,0.3241,0.33490000000000003,0.36300000000000004,0.3683,0.3854,0.4485,0.47850000000000004,0.49050000000000005,0.4948,0.5024000000000001,0.5136000000000001,0.5211,0.5481,0.5539000000000001,0.5698,0.6102000000000001,0.6236,0.635,0.6534,0.6875,0.6927,0.7008,0.7334,0.7496,0.7591,0.7845000000000001,0.789,0.799,0.8220000000000001,0.8339000000000001,0.8634000000000001,0.8754000000000001,0.882,0.8905000000000001,0.9011,0.9062,0.9548000000000001,0.9593,0.9832000000000001,0.9959
35268:0.0409,0.056,0.0637,0.0816,0.12810000000000002,0.1542,0.1693,0.18030000000000002,0.1877,0.22970000000000002,0.2599,0.2715,0.2872,0.299,0.3115,0.32320000000000004,0.33890000000000003,0.3507,0.3673,0.38430000000000003,0.3922,0.4015,0.46680000000000005,0.5012,0.5079,0.519,0.5612,0.5751000000000001,0.6092000000000001,0.6837000000000001,0.7003,0.7130000000000001,0.7785000000000001,0.7969,0.8104,0.8345,0.8432000000000001,0.8878,0.8947,0.9097000000000001,0.9253,0.9344,0.9739000000000001,0.9823000000000001
35701:0.0273,0.0475,0.06810000000000001,0.09530000000000001,0.1398,0.1549,0.1884,0.19640000000000002,0.21450000000000002,0.2227,0.29600000000000004,0.3121,0.3225,0.38130000000000003,0.4721,0.4832,0.4959,0.5068,0.5412,0.5722,0.6022000000000001,0.6286,0.6439,0.7024,0.7416,0.7647,0.7771,0.7861,0.7993,0.8183,0.8302,0.8717,0.8979,0.9276000000000001,0.9480000000000001,0.9577,0.9641000000000001,0.9900000000000001,0.9977
36190:0.0286,0.054,0.0818,0.1182,0.1605,0.2227,0.2765,0.311,0.34290000000000004,0.4001,0.4274,0.45690000000000003,0.48190000000000005,0.504,0.5587,0.6034,0.6347,0.6714,0.6951,0.7332000000000001,0.7629,0.8126,0.8534,0.8861,0.9289000000000001,0.9602,0.996
36318:0.033600000000000005,0.23770000000000002,0.2912,0.43470000000000003,0.5062,0.6890000000000001,0.7362000000000001,0.8309000000000001,0.8984000000000001
36839:0.3133,0.4475,0.49820000000000003,0.6706000000000001,0.7794000000000001,0.8861
37888:0.0391,0.0531,0.0781,0.1154,0.1376,0.2209,0.2938,0.32980000000000004,0.3684,0.44430000000000003,0.4968,0.5131,0.5613,0.6275000000000001,0.6943,0.7438,0.7848,0.8296,0.8677,0.8939,0.9525,0.9898
38145:0.0429,0.0926,0.14120000000000002,0.2374,0.29960000000000003,0.37770000000000004,0.446,0.5672,0.6288,0.6998000000000001,0.7452000000000001,0.7925000000000001,0.8697,0.9586
38151:0.0431,0.5072
39185:0.0219,0.032100000000000004,0.0698,0.11510000000000001,0.14450000000000002,0.1693,0.1867,0.2154,0.25320000000000004,0.30010000000000003,0.3062,0.34500000000000003,0.3814,0.42350000000000004,0.45480000000000004,0.4888,0.499,0.5514,0.5904,0.641,0.6725,0.7064,0.7633000000000001,0.772,0.8153,0.8458,0.8746,0.8871,0.9275,0.9649000000000001
39548:0.0291,0.06620000000000001,0.1087,0.1575,0.21810000000000002,0.26430000000000003,0.31120000000000003,0.3473,0.40230000000000005,0.43170000000000003,0.4657,0.4847,0.5517000000000001,0.5860000000000001,0.6328,0.6698000000000001,0.6947,0.7331000000000001,0.7668,0.8147000000000001,0.8519,0.8905000000000001,0.9298000000000001,0.9642000000000001
39904:0.046200000000000005,0.06280000000000001,0.1759,0.1967,0.2872,0.3175,0.36860000000000004,0.3987,0.5097,0.5765,0.6956,0.786,0.8130000000000001,0.8936000000000001,0.9241,0.9956
40815:0.0345,0.0413,0.0461,0.0587,0.06430000000000001,0.0723,0.08,0.0926,0.12390000000000001,0.1287,0.1369,0.1436,0.1889,0.22030000000000002,0.2272,0.2349,0.2889,0.2957,0.30260000000000004,0.3093,0.3216,0.32980000000000004,0.3362,0.3562,0.3669,0.37360000000000004,0.4385,0.44630000000000003,0.451,0.4867,0.4932,0.5027,0.5106,0.5201,0.5471,0.5581,0.5680000000000001,0.5762,0.5842,0.6188,0.6254000000000001,0.633,0.6422,0.6825,0.6904,0.6966,0.7022,0.7405,0.7473000000000001,0.7697,0.7792,0.7881,0.794,0.8239000000000001,0.8297,0.8395,0.8626,0.8701000000000001,0.8753000000000001,0.8905000000000001,0.8981,0.9547,0.9609000000000001,0.9865,0.9933000000000001
40895:0.1423,0.9575
41254:0.010400000000000001,0.0217,0.0291,0.0362,0.045700000000000005,0.0543,0.0632,0.07390000000000001,0.0806,0.0925,0.1028,0.1139,0.1222,0.1307,0.14,0.14880000000000002,0.1583,0.1689,0.1774,0.1865,0.2006,0.21000000000000002,0.22010000000000002,0.22760000000000002,0.23620000000000002,0.24780000000000002,0.2575,0.2665,0.276,0.2846,0.29250000000000004,0.30360000000000004,0.31020000000000003,0.32070000000000004,0.3321,0.3425,0.3518,0.3599,0.3689,0.3781,0.38770000000000004,0.397,0.4038,0.4138,0.42210000000000003,0.4292,0.4384,0.4459,0.4544,0.4641,0.4738,0.48160000000000003,0.4894,0.49720000000000003,0.5062,0.5151,0.5271,0.5368,0.546,0.5548000000000001,0.5621,0.5719000000000001,0.5824,0.5927,0.6017,0.6138,0.6219,0.6289,0.637,0.6465000000000001,0.6559,0.6651,0.6758000000000001,0.6844,0.6923,0.7049000000000001,0.7157,0.7239,0.7327,0.7434000000000001,0.7544000000000001,0.7622,0.7709,0.7794000000000001,0.7893,0.799,0.8095,0.8189000000000001,0.8276,0.8357,0.8451000000000001,0.8537,0.8635,0.8716,0.8812000000000001,0.8895000000000001,0.8984000000000001,0.9118,0.9198000000000001,0.9289000000000001,0.9381,0.9458000000000001,0.9551000000000001,0.9637,0.9745,0.9825,0.9915
41514:0.0497,0.0625,0.0872,0.16160000000000002,0.17980000000000002,0.24500000000000002,0.2766,0.2944,0.3221,0.3381,0.377,0.3914,0.5129,0.5235000000000001,0.5749000000000001,0.6931,0.7135,0.7882,0.8012,0.8335,0.9001,0.9156000000000001,0.9362,0.9797
41549:0.0284,0.041,0.0648,0.0791,0.11460000000000001,0.1301,0.1517,0.1753,0.18630000000000002,0.21330000000000002,0.22540000000000002,0.25930000000000003,0.2836,0.30670000000000003,0.3176,0.34800000000000003,0.3663,0.3786,0.39640000000000003,0.4278,0.45230000000000004,0.4667,0.4934,0.5205000000000001,0.5384,0.5539000000000001,0.5715,0.5853,0.6019,0.6214000000000001,0.6483,0.677,0.7060000000000001,0.7211000000000001,0.7467,0.7658,0.7784000000000001,0.7939,0.8114,0.8262,0.8388,0.8544,0.8674000000000001,0.8848,0.8952,0.9226000000000001,0.9349000000000001,0.9603,0.9750000000000001,0.9995
42220:0.0363,0.052000000000000005,0.07830000000000001,0.12440000000000001,0.152,0.1753,0.22440000000000002,0.26180000000000003,0.3049,0.324,0.3507,0.3871,0.45990000000000003,0.5049,0.5156000000000001,0.5625,0.5954,0.6925,0.7151000000000001,0.7752,0.7933,0.8288000000000001,0.8535,0.8866,0.9005000000000001,0.932,0.9709000000000001
42700:0.785
42717:0.024800000000000003,0.0335,0.0422,0.0548,0.0682,0.0787,0.08600000000000001,0.09620000000000001,0.11280000000000001,0.12340000000000001,0.1307,0.1379,0.1456,0.1583,0.17880000000000001,0.1899,0.2121,0.2212,0.22870000000000001,0.2543,0.2692,0.29200000000000004,0.3004,0.3169,0.3251,0.34400000000000003,0.3519,0.3665,0.3758,0.38620000000000004,0.4033,0.435,0.4461,0.45320000000000005,0.4657,0.4808,0.4893,0.4973,0.5061,0.5126000000000001,0.5402,0.5546,0.5626,0.5725,0.5849,0.5953,0.6145,0.6239,0.6328,0.6425000000000001,0.6719,0.6910000000000001,0.6995,0.7179,0.7355,0.7427,0.7565000000000001,0.7667,0.7752,0.785,0.7921,0.8063,0.8191,0.8289000000000001,0.8372,0.8464,0.8571000000000001,0.8683000000000001,0.8757,0.8841,0.895,0.9017000000000001,0.9294,0.9532,0.9625,0.9701000000000001,0.9797,0.9887,0.9991000000000001
42781:0.0641,0.1884,0.5211
42985:0.0409,0.0512,0.0591,0.0713,0.0855,0.13040000000000002,0.15560000000000002,0.16640000000000002,0.17830000000000001,0.1852,0.22920000000000001,0.23700000000000002,0.248,0.2661,0.2763,0.2937,0.3042,0.313,0.3261,0.34340000000000004,0.3579,0.3699,0.3904,0.3975,0.4143,0.46590000000000004,0.48000000000000004,0.5044000000000001,0.5119,0.522,0.5646,0.5762,0.5965,0.6135,0.6843,0.7005,0.7120000000000001,0.7192000000000001,0.7787000000000001,0.7879,0.8006000000000001,0.8141,0.8284,0.8405,0.8497,0.8908,0.9026000000000001,0.912,0.9285,0.9357000000000001,0.9542,0.9773000000000001,0.9911000000000001
43049:0.0717,0.5766,0.795
43180:0.0363,0.0784,0.1277,0.18660000000000002,0.2164,0.264,0.29100000000000004,0.3143,0.3768,0.40280000000000005,0.43660000000000004,0.4551,0.4989,0.534,0.6174000000000001,0.6927,0.743,0.7778,0.8267,0.8543000000000001,0.8926000000000001,0.9483
43642:0.0436,0.1287,0.18760000000000002,0.228,0.29200000000000004,0.3261,0.3654,0.4471,0.4959,0.5648000000000001,0.6436000000000001,0.6880000000000001,0.7439,0.7826000000000001,0.8288000000000001,0.8861,0.9502
43649:0.045200000000000004,0.18810000000000002,0.5081,0.7823,0.895
43697:0.0253,0.052700000000000004,0.0733,0.1037,0.1226,0.15230000000000002,0.17370000000000002,0.1957,0.2167,0.23770000000000002,0.2591,0.2823,0.3105,0.3299,0.3551,0.3783,0.3965,0.4229,0.43970000000000004,0.4597,0.4872,0.49760000000000004,0.5177,0.5413,0.5597,0.5822,0.5996,0.6177,0.6421,0.6716000000000001,0.6946,0.7213,0.7431,0.7732,0.7924,0.8176,0.8316,0.8508,0.8698,0.8923000000000001,0.9172,0.9342,0.9591000000000001,0.9905
44807:0.0374,0.050100000000000006,0.0684,0.07830000000000001,0.09290000000000001,0.12660000000000002,0.14100000000000001,0.1893,0.22080000000000002,0.2323,0.29000000000000004,0.30510000000000004,0.32030000000000003,0.339,0.36310000000000003,0.3769,0.4433,0.4561,0.49250000000000005,0.5052,0.5191,0.5492,0.5666,0.5865,0.6212,0.6326,0.6857000000000001,0.6987,0.7388,0.7504000000000001,0.7805000000000001,0.7924,0.8250000000000001,0.8381000000000001,0.8651000000000001,0.879,0.8939,0.9027000000000001,0.9559000000000001,0.9681000000000001,0.9900000000000001
45081:0.0908,0.1535,0.3462,0.5804,0.8898
45484:0.0223,0.033100000000000004,0.0722,0.116,0.1467,0.171,0.21660000000000001,0.2551,0.3025,0.3467,0.384,0.4258,0.45690000000000003,0.49060000000000004,0.5069,0.5527000000000001,0.5926,0.6422,0.6732,0.7078,0.7669,0.7731,0.8176,0.8477,0.8794000000000001,0.9276000000000001,0.9657
45602:0.045200000000000004,0.091,0.1422,0.38120000000000004,0.4504,0.7465,0.8704000000000001
45970:0.3043,0.5131,0.7059000000000001
45977:0.0095,0.0229,0.0325,0.0424,0.0519,0.06380000000000001,0.0794,0.09820000000000001,0.10540000000000001,0.12000000000000001,0.13340000000000002,0.1454,0.1553,0.1709,0.1817,0.2092,0.2185,0.2283,0.23800000000000002,0.2505,0.2601,0.2757,0.2901,0.30310000000000004,0.3089,0.3209,0.3309,0.34290000000000004,0.3518,0.3607,0.38070000000000004,0.39540000000000003,0.4031,0.4168,0.42750000000000005,0.4394,0.4455,0.4554,0.47140000000000004,0.4802,0.4882,0.49450000000000005,0.5042,0.5131,0.5269,0.5431,0.5507000000000001,0.5597,0.5759000000000001,0.5870000000000001,0.6026,0.6164000000000001,0.6288,0.6344000000000001,0.6464000000000001,0.66,0.6692,0.6837000000000001,0.6925,0.7166,0.7269,0.7362000000000001,0.7491,0.7587,0.7681,0.7769,0.7917000000000001,0.8095,0.8263,0.8356,0.8444,0.8585,0.8667,0.8732000000000001,0.8836,0.8939,0.9076000000000001,0.9166000000000001,0.929,0.9402,0.9526,0.9697,0.9804,0.9903000000000001
47052:0.0477,0.1892,0.3235,0.3768,0.5018,0.6896,0.7889,0.8358,0.8951
47427:0.5011
47604:0.3079,0.5167,0.7095
48187:0.038700000000000005,0.0475,0.06770000000000001,0.0824,0.0937,0.1216,0.1327,0.1414,0.22410000000000002,0.23420000000000002,0.2953,0.319,0.3644,0.3814,0.44420000000000004,0.4525,0.5087,0.5498000000000001,0.5688,0.6212,0.6307,0.6955,0.7423000000000001,0.7553000000000001,0.7834,0.7967000000000001,0.8308000000000001,0.8635,0.8736,0.8938,0.9566,0.9710000000000001,0.9983000000000001
48680:0.49500000000000005
49025:0.037700000000000004,0.0497,0.0635,0.0738,0.0852,0.0944,0.1221,0.1356,0.18960000000000002,0.2228,0.2388,0.2912,0.304,0.32170000000000004,0.3372,0.3624,0.3744,0.4435,0.4544,0.4924,0.5098,0.5365,0.5508000000000001,0.5654,0.5812,0.6224000000000001,0.6325000000000001,0.6893,0.6993,0.7417,0.7762,0.7908000000000001,0.8268000000000001,0.8427,0.8656,0.8795000000000001,0.8948,0.905,0.9551000000000001,0.9873000000000001
49147:0.0459,0.0828,0.1358,0.2316,0.3315,0.3776,0.451,0.5731,0.645,0.7491,0.7931,0.8441000000000001,0.8756,0.9661000000000001
49406:0.3155,0.5246000000000001,0.7175
49584:0.0008,0.0017000000000000001,0.0039000000000000003,0.0195,0.020800000000000003,0.0412,0.0446,0.055200000000000006,0.062400000000000004,0.0627,0.0658,0.0683,0.0942,0.0965,0.1051,0.11720000000000001,0.1279,0.12810000000000002,0.129,0.13570000000000002,0.1436,0.1497,0.15080000000000002,0.16,0.1683,0.1746,0.17600000000000002,0.185,0.18530000000000002,0.1912,0.1981,0.2182,0.2306,0.24180000000000001,0.2684,0.2728,0.27740000000000004,0.28240000000000004,0.2952,0.30770000000000003,0.30860000000000004,0.30920000000000003,0.3141,0.3196,0.33690000000000003,0.34500000000000003,0.35350000000000004,0.3784,0.3829,0.3891,0.39540000000000003,0.4171,0.4223,0.4354,0.44160000000000005,0.44830000000000003,0.4505,0.4509,0.4534,0.45430000000000004,0.45570000000000005,0.45790000000000003,0.46030000000000004,0.46390000000000003,0.48400000000000004,0.48700000000000004,0.4877,0.4879,0.4964,0.5149,0.5226000000000001,0.5228,0.5395,0.558,0.5708,0.5720000000000001,0.5804,0.5869,0.5888,0.5899,0.5922000000000001,0.6052000000000001,0.6087,0.6113000000000001,0.6171,0.6416000000000001,0.6427,0.6474000000000001,0.6539,0.6615,0.6669,0.6678000000000001,0.6683,0.6781,0.6916,0.7056,0.7067,0.7149,0.7231000000000001,0.7303000000000001,0.7352000000000001,0.7383000000000001,0.7387,0.7646000000000001,0.7701,0.7737,0.7758,0.7869,0.7905000000000001,0.7912,0.7979,0.8006000000000001,0.8113,0.8137000000000001,0.8243,0.8271000000000001,0.8317,0.8330000000000001,0.8351000000000001,0.8359000000000001,0.8415,0.8490000000000001,0.8542000000000001,0.8638,0.8686,0.8698,0.8721,0.8736,0.8757,0.8928,0.8987,0.9390000000000001,0.9565,0.9579000000000001,0.9633,0.9780000000000001,0.9847,0.9961000000000001,0.9979
49678:0.5635
49771:0.044000000000000004,0.0731,0.09480000000000001,0.1322,0.1477,0.1893,0.219,0.23970000000000002,0.30060000000000003,0.3301,0.3663,0.44970000000000004,0.49310000000000004,0.5078,0.5298,0.5712,0.6288,0.6938000000000001,0.7455,0.7832,0.8037000000000001,0.8314,0.8476,0.8766,0.8983000000000001,0.9614,0.9907
49984:0.041800000000000004,0.07780000000000001,0.13240000000000002,0.2247,0.301,0.3718,0.4491,0.5019,0.5636,0.6321,0.6972,0.7815000000000001,0.8321000000000001,0.8758,0.8971,0.9670000000000001
50072:0.0246,0.0323,0.0413,0.0512,0.0743,0.08510000000000001,0.0965,0.12350000000000001,0.1355,0.1423,0.1739,0.1869,0.19290000000000002,0.20980000000000001,0.21760000000000002,0.2275,0.28700000000000003,0.2933,0.3176,0.32370000000000004,0.3619,0.3673,0.3851,0.4222,0.439,0.44720000000000004,0.45980000000000004,0.47250000000000003,0.4833,0.4927,0.5045000000000001,0.5125000000000001,0.5359,0.5531,0.5710000000000001,0.5941000000000001,0.6148,0.6237,0.6333000000000001,0.6902,0.6982,0.7296,0.7431,0.7637,0.7823,0.7869,0.8046000000000001,0.8212,0.8293,0.8355,0.8564,0.8671000000000001,0.8826,0.896,0.9481,0.9570000000000001,0.9739000000000001,0.9838,0.9937
50597:0.035,0.0734,0.1322,0.18480000000000002,0.223,0.2851,0.31370000000000003,0.35650000000000004,0.39680000000000004,0.4597,0.4953,0.5449,0.5623,0.6204000000000001,0.6532,0.6832,0.7171000000000001,0.7759,0.7921,0.8191,0.8526,0.8966000000000001,0.9358000000000001,0.9758
51107:0.0019,0.0083,0.0146,0.0245,0.0448,0.0468,0.0506,0.06380000000000001,0.0815,0.08370000000000001,0.0896,0.0925,0.1056,0.1077,0.1111,0.1226,0.129,0.1316,0.1375,0.1404,0.1437,0.1645,0.1647,0.16570000000000001,0.16720000000000002,0.1675,0.1709,0.1854,0.1864,0.19640000000000002,0.20450000000000002,0.2162,0.2175,0.22820000000000001,0.2321,0.23770000000000002,0.23850000000000002,0.24830000000000002,0.2513,0.261,0.26630000000000004,0.2772,0.29500000000000004,0.2958,0.30820000000000003,0.318,0.3266,0.3284,0.331,0.33280000000000004,0.3435,0.367,0.3861,0.39890000000000003,0.39990000000000003,0.40340000000000004,0.4087,0.4098,0.41650000000000004,0.42460000000000003,0.43770000000000003,0.43920000000000003,0.4471,0.4495,0.4652,0.47650000000000003,0.48090000000000005,0.4832,0.4858,0.49210000000000004,0.4933,0.49360000000000004,0.49400000000000005,0.5042,0.5097,0.5171,0.5214,0.5262,0.5323,0.5449,0.5474,0.5608000000000001,0.5735,0.5797,0.5818,0.5838,0.5854,0.5897,0.6007,0.6049,0.6072000000000001,0.6133000000000001,0.6142000000000001,0.6307,0.6614,0.6651,0.6676000000000001,0.6701,0.6752,0.676,0.68,0.682,0.6985,0.7020000000000001,0.7141000000000001,0.7147,0.7181000000000001,0.7192000000000001,0.7250000000000001,0.7548,0.7583000000000001,0.7662,0.7716000000000001,0.7721,0.7754000000000001,0.7778,0.7801,0.7852,0.7895000000000001,0.7985,0.8097000000000001,0.8139000000000001,0.8391000000000001,0.8465,0.8516,0.8540000000000001,0.86,0.8619,0.8635,0.8713000000000001,0.8836,0.8878,0.8886000000000001,0.8913000000000001,0.8968,0.8994000000000001,0.9102,0.9104000000000001,0.9168000000000001,0.9308000000000001,0.9388000000000001,0.9414,0.9461,0.9500000000000001,0.9558000000000001,0.9630000000000001,0.9952000000000001
51221:0.0318,0.1826,0.22760000000000002,0.28090000000000004,0.3554,0.4043,0.4353,0.68,0.7435,0.9371
51263:0.0509,0.08510000000000001,0.13440000000000002,0.1552,0.23090000000000002,0.3264,0.3461,0.4555,0.526,0.5704,0.6549,0.7534000000000001,0.7899,0.879,0.9685
52605:0.0579,0.0936,0.15560000000000002,0.3452,0.5784,0.6428
53184:0.018000000000000002,0.0308,0.0507,0.0666,0.08460000000000001,0.10200000000000001,0.1193,0.1342,0.151,0.16770000000000002,0.1839,0.2063,0.22080000000000002,0.23850000000000002,0.2605,0.2777,0.3005,0.3141,0.3289,0.3458,0.36100000000000004,0.3851,0.4006,0.4156,0.4314,0.4446,0.46230000000000004,0.4817,0.4928,0.5077,0.5257000000000001,0.5475,0.5632,0.5828,0.5981000000000001,0.6148,0.6332,0.6503,0.6666000000000001,0.6797000000000001,0.6959000000000001,0.7193,0.7358,0.7545000000000001,0.7701,0.7866000000000001,0.8061,0.8186,0.8345,0.8518,0.8666,0.8816,0.8985000000000001,0.9146000000000001,0.9333,0.9520000000000001,0.9705,0.9900000000000001
53905:0.0298,0.0422,0.060500000000000005,0.07690000000000001,0.0988,0.12240000000000001,0.13190000000000002,0.1459,0.1773,0.2119,0.2277,0.25420000000000004,0.28140000000000004,0.2977,0.3104,0.3259,0.3413,0.3607,0.3839,0.4063,0.4313,0.448,0.47990000000000005,0.49400000000000005,0.5083,0.5209,0.5529000000000001,0.5726,0.5879,0.6125,0.6295000000000001,0.6427,0.6695,0.6881,0.7021000000000001,0.7305,0.7464000000000001,0.7673,0.7817000000000001,0.7951,0.8207,0.8311000000000001,0.8449000000000001,0.8698,0.8874000000000001,0.9018,0.9193,0.9472,0.9651000000000001,0.9927
54568:0.029,0.0644,0.12660000000000002,0.149,0.1807,0.2209,0.2564,0.29460000000000003,0.3472,0.3945,0.4555,0.4884,0.5075000000000001,0.5532,0.5946,0.6431,0.6752,0.7089000000000001,0.7714000000000001,0.797,0.8465,0.8918,0.928,0.9714
55678:0.7906000000000001
56016:0.041100000000000005,0.126,0.7862
56459:0.0076,0.0137,0.0213,0.0287,0.0345,0.0439,0.051300000000000005,0.0589,0.065,0.0724,0.0795,0.0887,0.097,0.1032,0.11220000000000001,0.1187,0.1255,0.13240000000000002,0.1424,0.1491,0.1564,0.16390000000000002,0.1709,0.1791,0.18780000000000002,0.1956,0.20270000000000002,0.2097,0.21730000000000002,0.22410000000000002,0.2313,0.2396,0.2477,0.2576,0.26530000000000004,0.2725,0.27990000000000004,0.29000000000000004,0.30060000000000003,0.3079,0.3143,0.3211,0.3294,0.3365,0.3448,0.3509,0.3589,0.3659,0.37410000000000004,0.3808,0.3895,0.39680000000000004,0.4033,0.4107,0.4176,0.4258,0.4353,0.4431,0.4509,0.45840000000000003,0.4655,0.4737,0.4808,0.4872,0.4928,0.5007,0.5079,0.5143,0.5228,0.5313,0.5388000000000001,0.5474,0.5547000000000001,0.5605,0.5675,0.5738,0.5830000000000001,0.5901000000000001,0.5988,0.6048,0.6129,0.6218,0.6283000000000001,0.6344000000000001,0.6407,0.6471,0.6535000000000001,0.66,0.6662,0.6723,0.6797000000000001,0.6876,0.6929000000000001,0.7013,0.7124,0.7214,0.7276,0.7353000000000001,0.7438,0.7512000000000001,0.7577,0.7656000000000001,0.7717,0.7775000000000001,0.7866000000000001,0.7927000000000001,0.8026000000000001,0.8101,0.8172,0.8258000000000001,0.8336,0.8414,0.8492000000000001,0.8562000000000001,0.8637,0.8707,0.878,0.8849,0.8923000000000001,0.8998,0.9063,0.9137000000000001,0.9199,0.9266000000000001,0.9329000000000001,0.9408000000000001,0.9484,0.9544,0.9621000000000001,0.9711000000000001,0.9811000000000001,0.9875,0.993
57121:0.0468,0.0551,0.085,0.1583,0.1738,0.1872,0.23800000000000002,0.2666,0.2782,0.2924,0.31720000000000004,0.3346,0.3437,0.3728,0.3885,0.398,0.5093,0.5182,0.5263,0.5700000000000001,0.5776,0.6177,0.6909000000000001,0.7106,0.7851,0.7941,0.8041,0.8303,0.8408,0.8993,0.9097000000000001,0.9222,0.9368000000000001,0.9488000000000001,0.9793000000000001,0.9932000000000001
58597:0.3075,0.5164,0.7092
58997:0.19870000000000002,0.7939,0.9077000000000001
59358:0.0323,0.0753,0.1203,0.1708,0.2195,0.2584,0.3058,0.387,0.4279,0.45980000000000004,0.4937,0.5135000000000001,0.5569000000000001,0.5959,0.6443,0.6757000000000001,0.7107,0.7718,0.8218000000000001,0.8561000000000001,0.8902,0.9313,0.9703
59441:0.0455,0.058100000000000006,0.0868,0.1582,0.1763,0.2388,0.2686,0.2934,0.3134,0.342,0.3694,0.39,0.4005,0.5093,0.5216000000000001,0.5738,0.6962,0.7146,0.7821,0.7981,0.8374,0.8929,0.908,0.9254,0.9371,0.9810000000000001
59450:0.020800000000000003,0.0322,0.045000000000000005,0.0596,0.0734,0.08700000000000001,0.1028,0.1247,0.1492,0.1632,0.1776,0.1967,0.20850000000000002,0.22110000000000002,0.23240000000000002,0.2482,0.2605,0.278,0.2912,0.30820000000000003,0.3226,0.3322,0.3481,0.36160000000000003,0.38420000000000004,0.39830000000000004,0.4157,0.4279,0.43960000000000005,0.45030000000000003,0.4741,0.4867,0.4963,0.5171,0.5339,0.5507000000000001,0.5618000000000001,0.5761000000000001,0.5967,0.607,0.6312,0.6442,0.6532,0.671,0.6920000000000001,0.7073,0.7234,0.7355,0.7528,0.7675000000000001,0.779,0.7975,0.8121,0.8270000000000001,0.8385,0.8499,0.8649,0.8788,0.8867,0.8998,0.911,0.9231,0.9357000000000001,0.9537,0.9720000000000001,0.9846,0.995
59455:0.0304,0.036500000000000005,0.0431,0.050100000000000006,0.064,0.0747,0.0858,0.09040000000000001,0.10930000000000001,0.125,0.1336,0.1386,0.1862,0.21860000000000002,0.2252,0.28650000000000003,0.2927,0.31620000000000004,0.3267,0.3542,0.3643,0.3739,0.4343,0.4414,0.4479,0.48660000000000003,0.5057,0.5278,0.537,0.5579000000000001,0.5707,0.6166,0.6253000000000001,0.6402,0.6859000000000001,0.6926,0.735,0.7399,0.7691,0.7813,0.7896000000000001,0.8220000000000001,0.8268000000000001,0.8397,0.8538,0.8654000000000001,0.8725,0.8884000000000001,0.8958,0.9442,0.9537,0.9640000000000001,0.9852000000000001,0.9953000000000001
60250:0.0279,0.0402,0.0502,0.0661,0.08370000000000001,0.0913,0.10210000000000001,0.12380000000000001,0.1323,0.13670000000000002,0.1453,0.1706,0.18580000000000002,0.1952,0.2137,0.22640000000000002,0.2667,0.2894,0.2958,0.31470000000000004,0.3221,0.3579,0.3662,0.3839,0.4093,0.42460000000000003,0.4389,0.44680000000000003,0.4592,0.47300000000000003,0.4837,0.49250000000000005,0.5063,0.5131,0.5326000000000001,0.5396000000000001,0.5564,0.5653,0.5720000000000001,0.5923,0.6158,0.6244000000000001,0.6303000000000001,0.6396000000000001,0.6749,0.6911,0.6979000000000001,0.7203,0.736,0.743,0.7626000000000001,0.774,0.7824,0.7888000000000001,0.7981,0.8157000000000001,0.8270000000000001,0.8365,0.8455,0.8579,0.8667,0.8781,0.8839,0.8937,0.9297000000000001,0.9477000000000001,0.9553,0.9620000000000001,0.9701000000000001,0.9791000000000001,0.9878,0.9998
60858:0.0413,0.0742,0.0951,0.1413,0.1898,0.22920000000000001,0.301,0.3209,0.3708,0.4559,0.48950000000000005,0.5273,0.5735,0.6318,0.6964,0.7456,0.7767000000000001,0.8179000000000001,0.8354,0.8735,0.8947,0.9676
61000:0.045000000000000005,0.0862,0.1888,0.2275,0.3135,0.3639,0.4358,0.5007,0.6825,0.7767000000000001,0.8271000000000001,0.8887
63947:0.037700000000000004,0.060700000000000004,0.0867,0.1302,0.1832,0.2248,0.2893,0.32170000000000004,0.3617,0.443,0.4839,0.5045000000000001,0.5333,0.5685,0.614,0.6372,0.6891,0.736,0.7777000000000001,0.8227,0.863,0.8914000000000001,0.9502,0.9821000000000001
65664:0.0413,0.184,0.5057,0.7768,0.891
66614:0.0379,0.0453,0.061200000000000004,0.0736,0.0898,0.09910000000000001,0.128,0.1384,0.154,0.19060000000000002,0.2258,0.23620000000000002,0.29300000000000004,0.3043,0.32220000000000004,0.35600000000000004,0.3664,0.3783,0.4451,0.4511,0.4889,0.5043,0.5151,0.5317000000000001,0.5562,0.5706,0.5847,0.6252,0.6396000000000001,0.6541,0.6889000000000001,0.7011000000000001,0.7424000000000001,0.7683,0.7846000000000001,0.798,0.8282,0.8420000000000001,0.8678,0.883,0.8931,0.9027000000000001,0.9589000000000001,0.9886,0.9997
67186:0.054400000000000004,0.0956,0.15,0.23520000000000002,0.3839,0.5146000000000001,0.6431,0.7959,0.9012
67293:0.0407,0.0651,0.0918,0.1236,0.1497,0.1831,0.22310000000000002,0.2926,0.3175,0.35700000000000004,0.37570000000000003,0.4484,0.48910000000000003,0.5075000000000001,0.5369,0.5706,0.6162000000000001,0.6438,0.6932,0.7414000000000001,0.7791,0.8193,0.8399000000000001,0.8692000000000001,0.8892,0.9017000000000001,0.9331,0.9732000000000001,0.9997
68709:0.0425,0.051000000000000004,0.0786,0.0897,0.1005,0.1371,0.15560000000000002,0.2197,0.2318,0.3007,0.32270000000000004,0.3473,0.373,0.45320000000000005,0.4897,0.5174,0.5441,0.5708,0.5828,0.6306,0.6559,0.7004,0.7452000000000001,0.7694000000000001,0.7876000000000001,0.8187000000000001,0.8349000000000001,0.8732000000000001,0.8912,0.9185000000000001,0.9631000000000001,0.9906
68763:0.0429,0.0766,0.09090000000000001,0.1301,0.14650000000000002,0.19310000000000002,0.2268,0.2963,0.3235,0.3665,0.3786,0.44720000000000004,0.49010000000000004,0.5084000000000001,0.5656,0.6183000000000001,0.6366,0.6969000000000001,0.7453000000000001,0.7806000000000001,0.7919,0.8322,0.8681000000000001,0.8958,0.9563,0.9890000000000001
69093:0.0011,0.0099,0.0137,0.017400000000000002,0.019700000000000002,0.0246,0.0292,0.0318,0.0519,0.0538,0.0688,0.0717,0.0751,0.0756,0.0782,0.08650000000000001,0.0945,0.09620000000000001,0.0978,0.1008,0.1022,0.1189,0.127,0.1499,0.1584,0.1592,0.1661,0.1778,0.1902,0.1933,0.1938,0.2015,0.20700000000000002,0.2081,0.20850000000000002,0.2096,0.2217,0.2273,0.23770000000000002,0.2416,0.2454,0.2508,0.2531,0.2676,0.271,0.2731,0.2755,0.2847,0.29460000000000003,0.2959,0.29760000000000003,0.2984,0.3017,0.31120000000000003,0.319,0.3443,0.3524,0.3546,0.3563,0.3577,0.3597,0.3738,0.378,0.3859,0.4086,0.4118,0.41250000000000003,0.4146,0.4163,0.42260000000000003,0.42300000000000004,0.42860000000000004,0.4334,0.43720000000000003,0.44380000000000003,0.4444,0.44670000000000004,0.45570000000000005,0.4571,0.462,0.4743,0.4807,0.4837,0.4844,0.4933,0.49360000000000004,0.5052,0.5117,0.5189,0.522,0.5302,0.545,0.5452,0.5554,0.562,0.5705,0.5725,0.5822,0.5908,0.5983,0.5985,0.6012000000000001,0.609,0.6112000000000001,0.6341,0.6361,0.6377,0.6418,0.6475000000000001,0.6483,0.654,0.6588,0.6604,0.67,0.677,0.6777000000000001,0.6846,0.6880000000000001,0.6962,0.6984,0.6993,0.7006,0.7019000000000001,0.7045,0.7104,0.73,0.7347,0.7503000000000001,0.7578,0.7625000000000001,0.7716000000000001,0.7791,0.7834,0.7856000000000001,0.791,0.7942,0.8016000000000001,0.8038000000000001,0.8062,0.8079000000000001,0.8089000000000001,0.8093,0.8193,0.8218000000000001,0.8341000000000001,0.8589,0.8611000000000001,0.8667,0.8743000000000001,0.8791,0.8809,0.9023,0.9045000000000001,0.9164,0.9291,0.9312,0.9491,0.9625,0.9916,0.9925,0.9933000000000001,0.998,0.9994000000000001
69113:0.0354,0.0505,0.07780000000000001,0.096,0.1307,0.1451,0.2285,0.24230000000000002,0.2972,0.3242,0.36910000000000004,0.3926,0.4358,0.45330000000000004,0.5034000000000001,0.5193,0.5558000000000001,0.5767,0.6249,0.6379,0.6926,0.7409,0.7605000000000001,0.7989,0.8336,0.8707,0.8918,0.9609000000000001
69593:0.0334,0.0408,0.048600000000000004,0.055200000000000006,0.0599,0.07740000000000001,0.0849,0.1211,0.13040000000000002,0.1542,0.1643,0.1713,0.1827,0.18860000000000002,0.1933,0.229,0.23500000000000001,0.2595,0.26480000000000004,0.2785,0.28700000000000003,0.2929,0.30960000000000004,0.3168,0.3269,0.3365,0.3428,0.36000000000000004,0.3665,0.37970000000000004,0.3866,0.3911,0.396,0.40180000000000005,0.45980000000000004,0.46790000000000004,0.49620000000000003,0.5036,0.5158,0.5223,0.5565,0.5651,0.5736,0.606,0.6129,0.6766,0.6839000000000001,0.6930000000000001,0.6997,0.7072,0.7127,0.7691,0.7785000000000001,0.7864,0.7953,0.8005,0.8077000000000001,0.8264,0.8335,0.8400000000000001,0.8835000000000001,0.8914000000000001,0.9026000000000001,0.9099,0.9183,0.9318000000000001,0.9423,0.9668,0.9767,0.9913000000000001
69608:0.0281,0.041,0.064,0.079,0.115,0.1301,0.1527,0.1752,0.1898,0.2088,0.22260000000000002,0.2587,0.2813,0.30660000000000004,0.3173,0.34940000000000004,0.364,0.38280000000000003,0.3985,0.4282,0.44870000000000004,0.4647,0.48850000000000005,0.5023,0.5324,0.5572,0.5839,0.6044,0.6238,0.6481,0.6767000000000001,0.6981,0.7189,0.7422000000000001,0.7639,0.7785000000000001,0.8033,0.8197,0.8347,0.8528,0.8763000000000001,0.8881,0.899,0.932,0.9544,0.9768
69920:0.014,0.0263,0.057100000000000005,0.07010000000000001,0.08310000000000001,0.10540000000000001,0.124,0.1376,0.16390000000000002,0.1782,0.2041,0.21530000000000002,0.23670000000000002,0.2499,0.2738,0.2902,0.3022,0.3209,0.3423,0.3622,0.3776,0.4057,0.41750000000000004,0.439,0.45270000000000005,0.47150000000000003,0.4837,0.4929,0.5048,0.5301,0.5481,0.5670000000000001,0.5864,0.6071000000000001,0.6253000000000001,0.6399,0.6575000000000001,0.6711,0.6949000000000001,0.7056,0.7339,0.7524000000000001,0.7691,0.7908000000000001,0.8072,0.8251000000000001,0.8420000000000001,0.8677,0.8849,0.9096000000000001,0.9235000000000001,0.9455,0.9624,0.9881000000000001
70232:0.4958
70286:0.0241,0.0367,0.0507,0.061900000000000004,0.0761,0.0921,0.11420000000000001,0.1254,0.135,0.15030000000000002,0.1645,0.1741,0.1864,0.2116,0.22610000000000002,0.2436,0.2576,0.2732,0.2879,0.3027,0.3125,0.33130000000000004,0.34590000000000004,0.3619,0.37720000000000004,0.3876,0.39780000000000004,0.4208,0.43570000000000003,0.4565,0.4713,0.4894,0.5018,0.5148,0.5338,0.5546,0.5691,0.5885,0.5998,0.6164000000000001,0.6432,0.6656000000000001,0.6787000000000001,0.6965,0.7093,0.7209,0.7423000000000001,0.7652,0.7763,0.7898000000000001,0.8015,0.8173,0.8335,0.8458,0.872,0.8854000000000001,0.8943000000000001,0.9197000000000001,0.9325,0.9517,0.9696,0.9841000000000001
70308:0.0189,0.06620000000000001,0.11280000000000001,0.16590000000000002,0.21130000000000002,0.248,0.3019,0.3393,0.3839,0.42300000000000004,0.4516,0.48800000000000004,0.5486,0.5894,0.638,0.6703,0.7064,0.7674000000000001,0.8127000000000001,0.8512000000000001,0.8769,0.9249,0.9615
72154:0.0407,0.0521,0.0722,0.09230000000000001,0.1255,0.1405,0.18510000000000001,0.2253,0.2396,0.29300000000000004,0.3161,0.36200000000000004,0.38380000000000003,0.4474,0.47950000000000004,0.5013000000000001,0.518,0.5563,0.5708,0.6236,0.6891,0.7002,0.7453000000000001,0.7822,0.7934,0.8257,0.8642000000000001,0.8802000000000001,0.898,0.9587,0.995
72418:0.09040000000000001,0.34450000000000003,0.6438,0.8833000000000001
72790:0.027700000000000002,0.042300000000000004,0.0611,0.07730000000000001,0.1005,0.1233,0.1322,0.1482,0.1738,0.1884,0.2137,0.2288,0.25470000000000004,0.2797,0.2968,0.30960000000000004,0.3261,0.3418,0.35960000000000003,0.3743,0.3976,0.4248,0.4425,0.4514,0.4788,0.4924,0.5091,0.5217,0.5525,0.5757,0.6056,0.6257,0.6387,0.6663,0.6854,0.6993,0.7240000000000001,0.7433000000000001,0.7626000000000001,0.7738,0.7854,0.8103,0.8296,0.8443,0.8698,0.8874000000000001,0.9019,0.9189,0.9399000000000001,0.9579000000000001,0.9728,0.9932000000000001
72940:0.0436,0.055600000000000004,0.0741,0.09230000000000001,0.1278,0.14070000000000002,0.2281,0.3023,0.3249,0.3687,0.4505,0.48860000000000003,0.5128,0.5579000000000001,0.5758,0.6253000000000001,0.6401,0.6990000000000001,0.7471,0.7657,0.7881,0.8285,0.8406,0.8706,0.8845000000000001,0.8998,0.9624,0.9917
73599:0.0303,0.0431,0.059800000000000006,0.0719,0.112,0.12760000000000002,0.1688,0.1874,0.2121,0.2315,0.2586,0.2868,0.31220000000000003,0.33580000000000004,0.3639,0.4092,0.43870000000000003,0.4486,0.48760000000000003,0.5066,0.5281,0.5496,0.5637,0.5869,0.6126,0.6258,0.6384000000000001,0.6518,0.6763,0.6889000000000001,0.7367,0.7709,0.7826000000000001,0.8222,0.8427,0.8789,0.8979,0.9357000000000001,0.9541000000000001,0.9845,0.9985
73625:0.0233,0.0333,0.048,0.0656,0.07880000000000001,0.1018,0.1183,0.1449,0.16190000000000002,0.1807,0.196,0.2116,0.22540000000000002,0.25170000000000003,0.278,0.2912,0.3113,0.3296,0.34800000000000003,0.3698,0.3941,0.4178,0.43420000000000003,0.45,0.4832,0.4934,0.5106,0.5284,0.5521,0.5708,0.5866,0.6043000000000001,0.6236,0.6426000000000001,0.6576000000000001,0.6753,0.6939000000000001,0.7217,0.7402000000000001,0.7678,0.7874,0.8066,0.8184,0.8342,0.8556,0.8743000000000001,0.8881,0.9023,0.9154,0.9291,0.9573,0.9773000000000001,0.9931000000000001
73665:0.039,0.0494,0.056400000000000006,0.0776,0.08460000000000001,0.1279,0.1554,0.1691,0.1739,0.1792,0.1836,0.234,0.2625,0.27590000000000003,0.2842,0.30360000000000004,0.30960000000000004,0.32,0.33280000000000004,0.3401,0.3639,0.3804,0.3885,0.39380000000000004,0.46480000000000005,0.5029,0.5135000000000001,0.5187,0.5244,0.5636,0.5733,0.6099,0.6833,0.6901,0.7089000000000001,0.7772,0.7893,0.7954,0.8012,0.8242,0.8314,0.8380000000000001,0.889,0.8939,0.8999,0.9071,0.9158000000000001,0.9218000000000001,0.9296000000000001,0.934,0.9457000000000001,0.9747,0.9894000000000001
73668:0.0414,0.0516,0.058800000000000005,0.0801,0.0881,0.1288,0.1574,0.17400000000000002,0.1857,0.23550000000000001,0.2649,0.27990000000000004,0.2926,0.3138,0.3255,0.33540000000000003,0.34490000000000004,0.368,0.3831,0.3916,0.4001,0.46690000000000004,0.5033,0.5178,0.525,0.5641,0.5752,0.6133000000000001,0.6853,0.6955,0.7101000000000001,0.779,0.7894,0.799,0.8098000000000001,0.8286,0.8365,0.8436,0.892,0.9023,0.9123,0.9214,0.9343,0.9532,0.9773000000000001,0.9942000000000001
74842:0.0449,0.2275,0.37320000000000003,0.44920000000000004,0.5031,0.7015,0.7466,0.8972
75279:0.010100000000000001,0.0219,0.0316,0.0429,0.0531,0.06280000000000001,0.0722,0.08070000000000001,0.0907,0.1014,0.1107,0.12090000000000001,0.1297,0.14,0.1511,0.161,0.1694,0.1789,0.1927,0.2018,0.21100000000000002,0.223,0.23390000000000002,0.2457,0.2553,0.2651,0.2758,0.2851,0.2985,0.3079,0.3156,0.324,0.3365,0.34800000000000003,0.35910000000000003,0.3679,0.37820000000000004,0.3874,0.3971,0.4053,0.4148,0.4249,0.43560000000000004,0.446,0.456,0.466,0.4763,0.4847,0.4909,0.5012,0.5126000000000001,0.5215000000000001,0.5327000000000001,0.5418000000000001,0.5494,0.557,0.5667,0.5785,0.5875,0.601,0.6155,0.627,0.6351,0.6443,0.6532,0.6632,0.6734,0.6848000000000001,0.6953,0.7040000000000001,0.7164,0.7249,0.7358,0.748,0.7588,0.7677,0.7765000000000001,0.7868,0.7949,0.8082,0.8161,0.8270000000000001,0.8365,0.8466,0.8552000000000001,0.8634000000000001,0.8724000000000001,0.8833000000000001,0.8922,0.9044000000000001,0.9164,0.9254,0.9351,0.9431,0.9548000000000001,0.9645,0.9741000000000001,0.9853000000000001,0.9959
75686:0.032600000000000004,0.0674,0.11380000000000001,0.2888,0.4338,0.44830000000000003,0.4994,0.7423000000000001,0.9561000000000001
75691:0.0182,0.0313,0.0664,0.10300000000000001,0.1208,0.1499,0.1726,0.20650000000000002,0.24830000000000002,0.2752,0.3131,0.3423,0.37570000000000003,0.4002,0.4209,0.43820000000000003,0.46790000000000004,0.4833,0.4938,0.5482,0.5749000000000001,0.6017,0.6396000000000001,0.6651,0.6784,0.7342000000000001,0.7696000000000001,0.8127000000000001,0.8517,0.8794000000000001,0.9155000000000001,0.9315,0.9689000000000001,0.9981000000000001
75726:0.046700000000000005,0.1885,0.3229,0.5019,0.6881,0.7881,0.8363,0.8947
75822:0.032100000000000004,0.0694,0.092,0.1418,0.18280000000000002,0.2209,0.25520000000000004,0.3049,0.34740000000000004,0.3866,0.4269,0.4592,0.4927,0.513,0.5551,0.5920000000000001,0.6438,0.6768000000000001,0.7101000000000001,0.773,0.8148000000000001,0.8505,0.8897,0.9288000000000001,0.9665
76757:0.0304,0.0704,0.094,0.1188,0.1686,0.18680000000000002,0.22210000000000002,0.23240000000000002,0.269,0.3103,0.33940000000000003,0.35900000000000004,0.40140000000000003,0.42660000000000003,0.44770000000000004,0.48750000000000004,0.511,0.5447000000000001,0.5729000000000001,0.6055,0.6482,0.6748000000000001,0.6826,0.7044,0.7408,0.7759,0.8166,0.8430000000000001,0.8732000000000001,0.898,0.9258000000000001,0.9635,0.998
77410:0.0426,0.06810000000000001,0.09140000000000001,0.13490000000000002,0.18710000000000002,0.22940000000000002,0.29400000000000004,0.3261,0.36760000000000004,0.44770000000000004,0.48850000000000005,0.5085000000000001,0.5391,0.5728,0.6186,0.6426000000000001,0.6942,0.74,0.7826000000000001,0.8267,0.8683000000000001,0.8974000000000001,0.9547,0.9862000000000001
78573:0.09330000000000001,0.5223,0.6478,0.7949,0.9044000000000001
78626:0.0194,0.0273,0.041100000000000005,0.0555,0.06720000000000001,0.0779,0.0913,0.10700000000000001,0.1153,0.12840000000000001,0.1468,0.16160000000000002,0.1733,0.1854,0.2049,0.21400000000000002,0.22820000000000001,0.2505,0.2622,0.2816,0.306,0.3128,0.3307,0.3411,0.3544,0.3678,0.38670000000000004,0.3985,0.4217,0.4303,0.44160000000000005,0.4544,0.4718,0.4859,0.49660000000000004,0.5073,0.5201,0.5388000000000001,0.5545,0.5704,0.5831000000000001,0.6002000000000001,0.6099,0.6296,0.6446000000000001,0.653,0.6695,0.6765,0.686,0.6997,0.7146,0.7322000000000001,0.7431,0.7622,0.7731,0.7826000000000001,0.803,0.8145,0.8310000000000001,0.8401000000000001,0.8554,0.8701000000000001,0.883,0.8946000000000001,0.9132,0.9231,0.9376000000000001,0.9489000000000001,0.9652000000000001,0.9781000000000001,0.9951000000000001
78866:0.305,0.4244,0.4902,0.6747000000000001
79471:0.0345,0.0714,0.1187,0.1635,0.2116,0.2761,0.3144,0.3538,0.398,0.43770000000000003,0.4817,0.5073,0.5562,0.6034,0.6454000000000001,0.6801,0.7301000000000001,0.7705000000000001,0.8154,0.8465,0.885,0.9182,0.9543,0.9968
79616:0.049800000000000004,0.0751,0.0993,0.13770000000000002,0.2323,0.3038,0.3665,0.38070000000000004,0.45120000000000005,0.5062,0.5751000000000001,0.6373,0.6962,0.7911,0.8367,0.8797,0.9982000000000001
79646:0.061900000000000004,0.18510000000000001,0.3209,0.3941,0.5177,0.8045,0.8953000000000001
80186:0.0274,0.11610000000000001,0.28190000000000004,0.42850000000000005,0.4932,0.5786,0.6197,0.6736000000000001,0.8226,0.9212
80204:0.0441,0.09280000000000001,0.1376,0.1905,0.2167,0.29300000000000004,0.36510000000000004,0.44780000000000003,0.48900000000000005,0.5114000000000001,0.5733,0.6205,0.6960000000000001,0.7418,0.7843,0.8274,0.8938,0.9538000000000001,0.9916
80293:0.0398,0.053200000000000004,0.0673,0.0926,0.1363,0.1459,0.21880000000000002,0.29550000000000004,0.3219,0.3402,0.3689,0.45030000000000003,0.48710000000000003,0.5125000000000001,0.5446,0.5593,0.5731,0.6274000000000001,0.6433,0.6970000000000001,0.742,0.7695000000000001,0.7897000000000001,0.8315,0.8698,0.895,0.9610000000000001,0.9925
80349:0.058600000000000006,0.17650000000000002,0.2891,0.3296,0.3905,0.5216000000000001,0.7118,0.7988000000000001,0.8409000000000001,0.9061,0.935
81725:0.49760000000000004,0.7829
82138:0.0085,0.0171,0.0244,0.032,0.0395,0.0478,0.055200000000000006,0.06280000000000001,0.0714,0.0799,0.0896,0.0985,0.1051,0.1154,0.12190000000000001,0.1301,0.1398,0.1481,0.157,0.1648,0.1718,0.1811,0.1922,0.2015,0.2094,0.218,0.226,0.2343,0.2426,0.2508,0.2589,0.2691,0.2766,0.2836,0.29050000000000004,0.3013,0.3084,0.3149,0.3219,0.3299,0.3378,0.34740000000000004,0.3578,0.3643,0.37420000000000003,0.38130000000000003,0.39130000000000004,0.39840000000000003,0.40700000000000003,0.4166,0.4247,0.4315,0.4368,0.4439,0.4526,0.4605,0.4675,0.4748,0.48160000000000003,0.48850000000000005,0.49520000000000003,0.5027,0.5123,0.523,0.5321,0.5415,0.5491,0.5568000000000001,0.5647,0.5736,0.5843,0.5932000000000001,0.6012000000000001,0.6088,0.6176,0.6273000000000001,0.6343,0.6411,0.6475000000000001,0.6541,0.6622,0.67,0.6792,0.6878000000000001,0.6939000000000001,0.7024,0.7132000000000001,0.7218,0.7291000000000001,0.7369,0.7464000000000001,0.756,0.7646000000000001,0.7713,0.7781,0.7871,0.7937000000000001,0.8039000000000001,0.8117000000000001,0.8193,0.8272,0.8349000000000001,0.8430000000000001,0.8498,0.8578,0.8662000000000001,0.8731,0.8812000000000001,0.8893000000000001,0.8985000000000001,0.9069,0.9147000000000001,0.9245000000000001,0.9317000000000001,0.9406,0.9479000000000001,0.9548000000000001,0.9632000000000001,0.9733,0.9835,0.9906,0.9983000000000001
82300:0.0408,0.0587,0.0742,0.11800000000000001,0.1298,0.1454,0.2323,0.2984,0.3287,0.3412,0.37070000000000003,0.44670000000000004,0.5433,0.5709000000000001,0.6204000000000001,0.6318,0.6965,0.7464000000000001,0.783,0.7922,0.8434,0.8676,0.8943000000000001,0.9596
83905:0.8966000000000001
84372:0.0441,0.0777,0.0949,0.12810000000000002,0.1419,0.2301,0.3008,0.36960000000000004,0.44780000000000003,0.5428000000000001,0.5768,0.6319,0.6991,0.7477,0.7915000000000001,0.8397,0.8723000000000001,0.9029,0.9594
84569:0.028300000000000002,0.226,0.2856,0.31370000000000003,0.40190000000000003,0.445,0.49920000000000003,0.6778000000000001,0.7432000000000001,0.8182,0.8405,0.8909
84582:0.0461,0.1898,0.7886000000000001
84662:0.050800000000000005,0.1841,0.3146,0.5113,0.7844,0.8903000000000001,0.9344
84763:0.0375,0.054200000000000005,0.0658,0.09050000000000001,0.1259,0.13720000000000002,0.1486,0.2268,0.2587,0.29810000000000003,0.3224,0.34540000000000004,0.3665,0.44630000000000003,0.4843,0.5093,0.5528000000000001,0.5787,0.6214000000000001,0.6363,0.6443,0.6913,0.7433000000000001,0.7625000000000001,0.7855000000000001,0.8259000000000001,0.8344,0.8677,0.8801,0.8981,0.9587,0.9874,0.9989
86065:0.0395,0.1942,0.466,0.7856000000000001,0.899
86342:0.0212,0.033600000000000005,0.0439,0.0613,0.0743,0.08660000000000001,0.10060000000000001,0.1227,0.14880000000000002,0.1626,0.1769,0.19260000000000002,0.2088,0.2197,0.23420000000000002,0.2584,0.2757,0.2876,0.3095,0.325,0.3415,0.35850000000000004,0.3739,0.39080000000000004,0.39930000000000004,0.4168,0.4325,0.44580000000000003,0.47040000000000004,0.4837,0.4929,0.5122,0.531,0.5453,0.5622,0.5772,0.5875,0.6185,0.6339,0.6488,0.6703,0.6908000000000001,0.7050000000000001,0.7219,0.7345,0.7491,0.7619,0.7764000000000001,0.7938000000000001,0.812,0.8295,0.8455,0.867,0.8839,0.9013,0.9146000000000001,0.9321,0.9485,0.9596,0.9763000000000001,0.9897
88331:0.041100000000000005,0.079,0.12860000000000002,0.1799,0.21180000000000002,0.22390000000000002,0.2841,0.31880000000000003,0.36360000000000003,0.4043,0.44470000000000004,0.47450000000000003,0.499,0.6077,0.6245,0.684,0.7309,0.749,0.7808,0.8208000000000001,0.8399000000000001,0.8912,0.9373,0.9618000000000001
89150:0.0371,0.0446,0.052700000000000004,0.0591,0.06670000000000001,0.0819,0.0897,0.128,0.1405,0.15710000000000002,0.1698,0.1766,0.185,0.1935,0.2315,0.2391,0.26180000000000003,0.2692,0.2786,0.29000000000000004,0.2985,0.30860000000000004,0.3146,0.3251,0.33480000000000004,0.3431,0.36210000000000003,0.3699,0.3844,0.3922,0.3992,0.4078,0.46280000000000004,0.4706,0.49870000000000003,0.5067,0.5137,0.5213,0.5291,0.5606,0.5680000000000001,0.5770000000000001,0.6093000000000001,0.618,0.68,0.6876,0.6972,0.7063,0.7129000000000001,0.7741,0.7814,0.7905000000000001,0.7988000000000001,0.8067000000000001,0.8200000000000001,0.8300000000000001,0.8377,0.8453,0.8889,0.8957,0.9061,0.9119,0.9216000000000001,0.9318000000000001,0.9391,0.9516,0.9745,0.9842000000000001,0.9963000000000001
89422:0.0407,0.0524,0.06280000000000001,0.0721,0.0878,0.09870000000000001,0.12760000000000002,0.1369,0.1487,0.226,0.2363,0.2938,0.3019,0.32380000000000003,0.3533,0.3679,0.38720000000000004,0.447,0.4601,0.48850000000000005,0.5067,0.5138,0.5519000000000001,0.5651,0.5735,0.5872,0.6236,0.6382,0.6924,0.7044,0.7449,0.7677,0.7856000000000001,0.8026000000000001,0.8286,0.8374,0.8671000000000001,0.8757,0.8924000000000001,0.9009,0.9588000000000001,0.9853000000000001,0.9978
89577:0.0441,0.0625,0.1463,0.1839,0.23220000000000002,0.2959,0.31970000000000004,0.35710000000000003,0.3952,0.508,0.5745,0.7006,0.7802,0.8385,0.8897,0.9055000000000001,0.9824
89930:0.0429,0.0507,0.0587,0.0664,0.0858,0.0946,0.1336,0.159,0.17470000000000002,0.1844,0.19290000000000002,0.2358,0.2456,0.2667,0.27640000000000003,0.28600000000000003,0.2953,0.30510000000000004,0.3151,0.32830000000000004,0.3388,0.34700000000000003,0.3679,0.3783,0.38880000000000003,0.39640000000000003,0.4037,0.4158,0.46940000000000004,0.5025000000000001,0.5108,0.5187,0.5267000000000001,0.5658000000000001,0.5759000000000001,0.6115,0.6236,0.6862,0.6951,0.7055,0.7135,0.7803,0.7884,0.7979,0.8084,0.8293,0.8388,0.8483,0.8947,0.9014000000000001,0.9116000000000001,0.9239,0.9353,0.9464,0.9565,0.9794,0.9911000000000001
89992:0.0263,0.0373,0.0631,0.0731,0.1119,0.125,0.1468,0.17350000000000002,0.18630000000000002,0.2016,0.2141,0.22340000000000002,0.2577,0.2818,0.30260000000000004,0.3094,0.3174,0.34800000000000003,0.36210000000000003,0.3784,0.3935,0.4026,0.42760000000000004,0.448,0.4582,0.4853,0.4933,0.5007,0.5244,0.5374,0.555,0.5790000000000001,0.5929,0.6059,0.6185,0.6474000000000001,0.6752,0.6951,0.7109000000000001,0.7391000000000001,0.7459,0.7655000000000001,0.7762,0.7864,0.807,0.8175,0.8273,0.8422000000000001,0.8530000000000001,0.8782000000000001,0.8884000000000001,0.8981,0.9284,0.9353,0.9540000000000001,0.9714,0.9852000000000001
90296:0.0281,0.1685,0.1837,0.2227,0.3084,0.4022,0.4852,0.6482,0.6759000000000001,0.774,0.9615
90385:0.0539,0.14700000000000002,0.19720000000000001,0.4934,0.7052,0.791,0.8996000000000001
90454:0.045200000000000004,0.0685,0.0863,0.1337,0.1436,0.2157,0.2361,0.2953,0.31880000000000003,0.3663,0.4496,0.48210000000000003,0.5036,0.5203,0.5595,0.5715,0.5937,0.6285000000000001,0.6449,0.6938000000000001,0.7075,0.7415,0.749,0.7821,0.7915000000000001,0.7999,0.8310000000000001,0.8658,0.886,0.8981,0.9611000000000001,0.9936
90589:0.001,0.006200000000000001,0.009600000000000001,0.0183,0.020300000000000002,0.027600000000000003,0.0342,0.0545,0.060700000000000004,0.061200000000000004,0.0626,0.0669,0.0713,0.0877,0.1004,0.1022,0.1057,0.10930000000000001,0.11620000000000001,0.11810000000000001,0.12810000000000002,0.1405,0.14830000000000002,0.1517,0.15610000000000002,0.1564,0.15960000000000002,0.16540000000000002,0.1778,0.1792,0.19790000000000002,0.19940000000000002,0.20600000000000002,0.2068,0.2071,0.22110000000000002,0.22590000000000002,0.2354,0.2371,0.24550000000000002,0.2467,0.259,0.2776,0.2797,0.28550000000000003,0.30910000000000004,0.3105,0.3184,0.328,0.336,0.3365,0.3569,0.3588,0.36710000000000004,0.3677,0.3728,0.3779,0.3786,0.3935,0.4073,0.4227,0.4334,0.43370000000000003,0.43460000000000004,0.44220000000000004,0.44670000000000004,0.4476,0.4529,0.4727,0.47890000000000005,0.4797,0.48450000000000004,0.4858,0.48750000000000004,0.4914,0.5106,0.532,0.5352,0.5381,0.5464,0.5481,0.5535,0.5559000000000001,0.5611,0.5633,0.5690000000000001,0.5703,0.5714,0.5805,0.5869,0.5968,0.5993,0.6018,0.6159,0.6217,0.6242,0.6251,0.6339,0.6362,0.6379,0.6415000000000001,0.6433,0.6537000000000001,0.6547000000000001,0.6549,0.6605000000000001,0.6782,0.7111000000000001,0.7174,0.7386,0.7453000000000001,0.7527,0.7548,0.7809,0.7997000000000001,0.812,0.8149000000000001,0.8167000000000001,0.8223,0.8237,0.8240000000000001,0.8391000000000001,0.8395,0.8534,0.8893000000000001,0.8967,0.8977,0.9003,0.9022,0.9049,0.9145000000000001,0.9224,0.9246000000000001,0.9263,0.9275,0.9396,0.9444,0.9492,0.9594,0.9623,0.9686,0.9693,0.9797,0.9906
91221:0.0253,0.0618,0.10110000000000001,0.1245,0.14980000000000002,0.1753,0.20720000000000002,0.2267,0.2513,0.2743,0.3054,0.3173,0.3361,0.3559,0.392,0.4224,0.44530000000000003,0.4753,0.49060000000000004,0.5148,0.5504,0.5807,0.6048,0.6368,0.6644,0.6775,0.7171000000000001,0.7415,0.7639,0.7799,0.8086,0.8213,0.8400000000000001,0.8677,0.8861,0.9132,0.9314,0.9640000000000001,0.9928
91339:0.7728,0.8837
91350:0.041800000000000004,0.1459,0.2164,0.29760000000000003,0.3682,0.4444,0.4863,0.5668000000000001,0.614,0.6969000000000001,0.7454000000000001,0.7837000000000001,0.7989,0.8697,0.8966000000000001,0.9589000000000001
91358:0.039400000000000004,0.09390000000000001,0.1463,0.4525,0.5747,0.6424000000000001,0.7050000000000001,0.8289000000000001,0.8835000000000001,0.9979
91364:0.04,0.0834,0.1338,0.21430000000000002,0.2896,0.3623,0.4476,0.5028,0.6261,0.6908000000000001,0.7684000000000001,0.8247,0.8853000000000001,0.9624
92298:0.0028,0.0059,0.0123,0.0176,0.0196,0.021500000000000002,0.0223,0.046900000000000004,0.0489,0.0728,0.0765,0.0787,0.0801,0.0889,0.0891,0.09330000000000001,0.1221,0.1521,0.15330000000000002,0.15560000000000002,0.1593,0.1621,0.1718,0.1731,0.1739,0.1781,0.1864,0.1996,0.20020000000000002,0.2081,0.2093,0.2107,0.2131,0.2335,0.24450000000000002,0.26,0.262,0.2624,0.2697,0.27640000000000003,0.2777,0.28090000000000004,0.2828,0.28500000000000003,0.2999,0.3052,0.3178,0.33230000000000004,0.3375,0.3561,0.36160000000000003,0.3647,0.3715,0.38520000000000004,0.3855,0.3916,0.3919,0.3961,0.3996,0.4107,0.4267,0.4309,0.444,0.448,0.4625,0.4651,0.46940000000000004,0.47250000000000003,0.4828,0.4872,0.4887,0.4898,0.49570000000000003,0.49610000000000004,0.4983,0.5123,0.5186000000000001,0.5346000000000001,0.5349,0.5397000000000001,0.545,0.5650000000000001,0.5782,0.5785,0.5835,0.5871000000000001,0.6388,0.6604,0.664,0.6643,0.6675,0.6812,0.6832,0.685,0.6931,0.6985,0.6999000000000001,0.7069000000000001,0.7185,0.7212000000000001,0.7243,0.7251000000000001,0.7276,0.7407,0.7437,0.7442000000000001,0.7522000000000001,0.7544000000000001,0.7558,0.7593000000000001,0.7633000000000001,0.7734000000000001,0.7761,0.7865000000000001,0.7919,0.7921,0.8092,0.8099000000000001,0.8122,0.8334,0.8361000000000001,0.8416,0.8652000000000001,0.8685,0.8748,0.8818,0.8859,0.8888,0.8981,0.9111,0.9145000000000001,0.9278000000000001,0.9356000000000001,0.9436,0.9443,0.9503,0.9535,0.9545,0.9561000000000001,0.9594,0.9729000000000001,0.9971000000000001
92443:0.044700000000000004,0.061500000000000006,0.1547,0.17980000000000002,0.2326,0.2707,0.30810000000000004,0.3433,0.3902,0.5083,0.5251,0.5759000000000001,0.6998000000000001,0.7815000000000001,0.8011,0.8399000000000001,0.8925000000000001,0.914,0.9382,0.9820000000000001
92585:0.052000000000000005,0.1375,0.2997,0.379,0.44980000000000003,0.5059,0.645,0.6956,0.8406
93460:0.040100000000000004,0.21180000000000002,0.28500000000000003,0.5044000000000001,0.6156,0.7805000000000001,0.9404,0.9842000000000001
93650:0.31520000000000004,0.5242,0.7168
94214:0.0409,0.13090000000000002,0.1436,0.2237,0.2978,0.3719,0.447,0.49300000000000005,0.5064000000000001,0.5680000000000001,0.5814,0.6229,0.6959000000000001,0.7475,0.7845000000000001,0.8323,0.9029,0.9598000000000001,0.9967
95222:0.0358,0.0412,0.049100000000000005,0.056600000000000004,0.0636,0.07980000000000001,0.08660000000000001,0.0949,0.12390000000000001,0.1302,0.1472,0.1568,0.1685,0.17320000000000002,0.17850000000000002,0.1839,0.1912,0.215,0.23070000000000002,0.2366,0.2516,0.26230000000000003,0.26940000000000003,0.2775,0.2823,0.2889,0.2949,0.30610000000000004,0.3124,0.322,0.329,0.3375,0.34340000000000004,0.3577,0.3649,0.3709,0.37920000000000004,0.3835,0.38980000000000004,0.39480000000000004,0.4005,0.4127,0.46180000000000004,0.4677,0.48090000000000005,0.4985,0.5053,0.5129,0.5177,0.5231,0.5292,0.559,0.5656,0.5743,0.6042000000000001,0.6114,0.6199,0.6786,0.6859000000000001,0.6925,0.6975,0.7071000000000001,0.7132000000000001,0.7713,0.7789,0.7868,0.7949,0.7987000000000001,0.8047000000000001,0.8107000000000001,0.8264,0.8337,0.8411000000000001,0.8846,0.8918,0.8996000000000001,0.9067000000000001,0.9115000000000001,0.9191,0.9276000000000001,0.9338000000000001,0.9457000000000001,0.9569000000000001,0.9701000000000001,0.9767,0.9888,0.9943000000000001
95360:0.0688
95389:0.0385,0.0466,0.0579,0.06720000000000001,0.0804,0.0956,0.12760000000000002,0.1386,0.15080000000000002,0.22290000000000001,0.23270000000000002,0.2952,0.3057,0.3206,0.33080000000000004,0.3481,0.3668,0.3763,0.4434,0.4514,0.49150000000000005,0.5071,0.522,0.5558000000000001,0.5630000000000001,0.5776,0.6218,0.6322,0.6452,0.6924,0.7048,0.7447,0.7566,0.7762,0.786,0.794,0.8288000000000001,0.8420000000000001,0.8677,0.8764000000000001,0.8968,0.9039,0.9590000000000001,0.9692000000000001,0.9944000000000001
95396:0.1348,0.2903,0.369,0.4428,0.5024000000000001,0.6884,0.8339000000000001
95621:0.0478,0.18910000000000002,0.2876,0.45080000000000003,0.5038,0.6871,0.7844,0.8967
95808:0.0067,0.013000000000000001,0.0218,0.0303,0.0392,0.049600000000000005,0.058800000000000005,0.0645,0.07350000000000001,0.081,0.0911,0.0981,0.1038,0.1109,0.1182,0.1258,0.13190000000000002,0.1426,0.1489,0.15610000000000002,0.16640000000000002,0.17400000000000002,0.1824,0.1905,0.202,0.2101,0.21980000000000002,0.2286,0.2378,0.24860000000000002,0.2594,0.26890000000000003,0.2766,0.28190000000000004,0.2914,0.3005,0.30860000000000004,0.31880000000000003,0.3305,0.3375,0.3468,0.35910000000000003,0.37020000000000003,0.3799,0.3891,0.39690000000000003,0.4043,0.41250000000000003,0.4197,0.42650000000000005,0.4374,0.44420000000000004,0.4509,0.45830000000000004,0.46580000000000005,0.4762,0.4824,0.48810000000000003,0.4937,0.5025000000000001,0.5096,0.5189,0.5281,0.5378000000000001,0.5481,0.5584,0.5671,0.5741,0.5837,0.5932000000000001,0.5998,0.6083000000000001,0.6151,0.625,0.6352,0.6425000000000001,0.6527000000000001,0.658,0.6642,0.6722,0.6795,0.6879000000000001,0.6936,0.7078,0.7180000000000001,0.7272000000000001,0.7349,0.7418,0.752,0.7582,0.7677,0.7765000000000001,0.7876000000000001,0.7941,0.8028000000000001,0.8099000000000001,0.8171,0.8259000000000001,0.8341000000000001,0.8420000000000001,0.8510000000000001,0.8597,0.8669,0.8731,0.8794000000000001,0.887,0.8958,0.9028,0.9102,0.9165000000000001,0.9266000000000001,0.9335,0.9434,0.9528000000000001,0.9616,0.9713,0.9844,0.9923000000000001
96614:0.0478,0.0853,0.1781,0.30910000000000004,0.3546,0.39580000000000004,0.5101,0.601,0.7139,0.7838,0.8412000000000001,0.8944000000000001,0.9377000000000001
97602:0.00030000000000000003,0.0117,0.013300000000000001,0.037200000000000004,0.0379,0.0627,0.064,0.0741,0.0811,0.08420000000000001,0.0858,0.0872,0.1051,0.1126,0.1371,0.15430000000000002,0.158,0.1643,0.1723,0.1726,0.1766,0.21760000000000002,0.226,0.2432,0.2514,0.2574,0.2611,0.2672,0.2731,0.2738,0.278,0.2793,0.29410000000000003,0.29700000000000004,0.30160000000000003,0.305,0.3093,0.3119,0.3252,0.33140000000000003,0.3345,0.3458,0.3544,0.3642,0.37210000000000004,0.3733,0.3804,0.4051,0.4092,0.41600000000000004,0.43060000000000004,0.4358,0.4385,0.4388,0.4415,0.4602,0.46190000000000003,0.4621,0.47200000000000003,0.47340000000000004,0.48000000000000004,0.48090000000000005,0.48140000000000005,0.49010000000000004,0.4903,0.5082,0.5126000000000001,0.5169,0.5274,0.5283,0.5351,0.5373,0.5463,0.5473,0.5528000000000001,0.553,0.5544,0.5564,0.5607,0.5623,0.5651,0.5670000000000001,0.5813,0.5840000000000001,0.595,0.6,0.6003000000000001,0.6049,0.6205,0.6258,0.6286,0.6291,0.6443,0.6472,0.6475000000000001,0.6481,0.6484,0.6689,0.6709,0.6772,0.6882,0.6967,0.7052,0.7099000000000001,0.7174,0.7456,0.751,0.762,0.7676000000000001,0.7724000000000001,0.7794000000000001,0.7798,0.7809,0.7878000000000001,0.8029000000000001,0.8044,0.8081,0.8101,0.8137000000000001,0.8212,0.8237,0.8242,0.8306,0.8338,0.8347,0.8378,0.8536,0.8581000000000001,0.859,0.8639,0.8668,0.8713000000000001,0.8791,0.8863000000000001,0.8865000000000001,0.887,0.8895000000000001,0.8988,0.906,0.9108,0.9132,0.9168000000000001,0.9213,0.9216000000000001,0.9302,0.9312,0.936,0.9417000000000001,0.9438000000000001,0.9446,0.9517,0.9634,0.9672000000000001,0.9674,0.9850000000000001,0.9953000000000001
97917:0.0912,0.3509
98888:0.062,0.1708,0.2296,0.30970000000000003,0.3544,0.506,0.5991000000000001,0.7157,0.7813,0.8392000000000001,0.8926000000000001
99361:0.0252,0.0367,0.0659,0.0745,0.08510000000000001,0.1119,0.12510000000000002,0.1661,0.1758,0.18630000000000002,0.2039,0.21380000000000002,0.22010000000000002,0.2265,0.2585,0.2778,0.2842,0.3089,0.3153,0.34990000000000004,0.35910000000000003,0.3915,0.40030000000000004,0.4278,0.4394,0.45420000000000005,0.4693,0.48650000000000004,0.49460000000000004,0.5007,0.5313,0.555,0.5830000000000001,0.6024,0.6105,0.6205,0.6489,0.6729,0.6814,0.7136,0.7268,0.7385,0.7444000000000001,0.7626000000000001,0.7761,0.7834,0.8111,0.8183,0.8278000000000001,0.8360000000000001,0.8533000000000001,0.8807,0.8885000000000001,0.8977,0.9253,0.9348000000000001,0.9472,0.9572,0.9768,0.9982000000000001
99817:0.0228,0.06470000000000001,0.07350000000000001,0.1154,0.1685,0.2136,0.25070000000000003,0.3039,0.34290000000000004,0.3869,0.4259,0.45580000000000004,0.4903,0.5193,0.5535,0.5936,0.6421,0.6733,0.7094,0.7712,0.7945,0.8167000000000001,0.8539,0.8822000000000001,0.9274,0.9653
99821:0.034300000000000004,0.0737,0.1317,0.185,0.2228,0.28350000000000003,0.3099,0.35450000000000004,0.397,0.46,0.49450000000000005,0.5428000000000001,0.5618000000000001,0.6186,0.6521,0.7138,0.7889,0.8159000000000001,0.8524,0.8975000000000001,0.9338000000000001,0.9746
99836:0.033800000000000004,0.0432,0.0732,0.1187,0.1323,0.1756,0.18730000000000002,0.21880000000000002,0.2605,0.2893,0.309,0.34950000000000003,0.3654,0.3869,0.401,0.45230000000000004,0.46730000000000005,0.49870000000000003,0.5198,0.5582,0.5975,0.6236,0.6497,0.6803,0.7106,0.7284,0.752,0.7738,0.7874,0.8169000000000001,0.8299000000000001,0.8507,0.8818,0.895,0.9334,0.9717
99878:0.037000000000000005,0.0752,0.1283,0.1786,0.21680000000000002,0.28300000000000003,0.31470000000000004,0.36000000000000004,0.39830000000000004,0.4509,0.4969,0.5612,0.6076,0.6766,0.7453000000000001,0.7802,0.8237,0.8824000000000001,0.935,0.9811000000000001
99945:0.0443,0.053000000000000005,0.0584,0.0644,0.0834,0.0952,0.1323,0.157,0.1749,0.18780000000000002,0.2369,0.2474,0.26630000000000004,0.2755,0.2831,0.301,0.3292,0.3391,0.34590000000000004,0.3662,0.3865,0.3942,0.4005,0.46880000000000005,0.505,0.5137,0.5209,0.5315,0.5698,0.5767,0.614,0.687,0.6993,0.7114,0.7814,0.7896000000000001,0.7973,0.8086,0.8289000000000001,0.8363,0.8935000000000001,0.9005000000000001,0.9094000000000001,0.9175000000000001,0.9324,0.9497000000000001,0.9767,0.9952000000000001
100460:0.0307,0.0437,0.0684,0.1285,0.15330000000000002,0.17650000000000002,0.19,0.2253,0.26980000000000004,0.3104,0.3881,0.4328,0.46,0.4917,0.555,0.5945,0.6461,0.6789000000000001,0.7105,0.7719,0.7811,0.8334,0.8816,0.8934000000000001,0.9322,0.9710000000000001
100605:0.014400000000000001,0.025400000000000002,0.042300000000000004,0.0492,0.0567,0.0589,0.0702,0.0804,0.0971,0.0989,0.1174,0.1206,0.1228,0.1233,0.1306,0.1378,0.1396,0.1453,0.1466,0.14750000000000002,0.1506,0.15510000000000002,0.15560000000000002,0.1575,0.1641,0.16570000000000001,0.16720000000000002,0.1772,0.1774,0.18680000000000002,0.191,0.19140000000000001,0.1943,0.1966,0.1978,0.2011,0.2073,0.2139,0.21880000000000002,0.221,0.23670000000000002,0.2467,0.24760000000000001,0.2609,0.2772,0.2798,0.29400000000000004,0.3029,0.30970000000000003,0.3156,0.3178,0.32330000000000003,0.3345,0.3448,0.34600000000000003,0.3592,0.35950000000000004,0.3609,0.3623,0.3669,0.3794,0.3881,0.3891,0.3919,0.4021,0.4106,0.4118,0.4278,0.4335,0.4338,0.45530000000000004,0.46240000000000003,0.4632,0.4637,0.4691,0.4727,0.4742,0.48560000000000003,0.48660000000000003,0.4963,0.5045000000000001,0.5071,0.5126000000000001,0.5338,0.534,0.5406000000000001,0.5436,0.55,0.5526,0.5537000000000001,0.5541,0.5557,0.5689000000000001,0.5691,0.5832,0.5880000000000001,0.6019,0.6091,0.6329,0.6411,0.6487,0.6494,0.6629,0.6913,0.7015,0.7087,0.7211000000000001,0.7441,0.7471,0.7526,0.7602,0.7634000000000001,0.7672,0.7716000000000001,0.7729,0.774,0.7754000000000001,0.7766000000000001,0.7814,0.7872,0.7945,0.8124,0.8154,0.8186,0.8239000000000001,0.8283,0.8333,0.8344,0.8506,0.8512000000000001,0.8519,0.8523000000000001,0.8557,0.8580000000000001,0.8724000000000001,0.8778,0.8805000000000001,0.8812000000000001,0.888,0.9038,0.9167000000000001,0.9195000000000001,0.9198000000000001,0.9212,0.922,0.9357000000000001,0.9406,0.9535,0.9614,0.9836,0.9854,0.9898,0.9900000000000001,0.9909,0.9926,0.9996
100662:0.0509,0.0634,0.0878,0.1718,0.2485,0.27690000000000003,0.2998,0.33080000000000004,0.3452,0.3836,0.3957,0.512,0.5242,0.5760000000000001,0.6937,0.7131000000000001,0.7888000000000001,0.8015,0.8337,0.8996000000000001,0.9182,0.9416,0.9869
100750:0.0386,0.0516,0.0723,0.0863,0.11220000000000001,0.1331,0.1409,0.2235,0.2947,0.3245,0.33840000000000003,0.3663,0.382,0.4435,0.4559,0.5085000000000001,0.539,0.5662,0.5802,0.6272,0.6483,0.6945,0.7422000000000001,0.7795000000000001,0.7915000000000001,0.8289000000000001,0.8486,0.8674000000000001,0.8801,0.8978,0.9558000000000001,0.9723,0.9972000000000001
100857:0.2928
100960:0.038700000000000005,0.0459,0.060200000000000004,0.0717,0.08360000000000001,0.0975,0.12380000000000001,0.1321,0.14350000000000002,0.2152,0.2265,0.2354,0.2916,0.3025,0.31770000000000004,0.3301,0.33940000000000003,0.36000000000000004,0.37220000000000003,0.44480000000000003,0.4509,0.49010000000000004,0.49970000000000003,0.5116,0.5272,0.5502,0.5630000000000001,0.5764,0.5848,0.6218,0.6299,0.6363,0.6479,0.6904,0.6998000000000001,0.7455,0.7698,0.782,0.7911,0.8253,0.8341000000000001,0.8636,0.8748,0.8887,0.9,0.9591000000000001,0.9857,0.9962000000000001
100978:0.036500000000000005,0.0405,0.0471,0.0511,0.0557,0.0591,0.0631,0.0684,0.0799,0.0847,0.12350000000000001,0.1301,0.1565,0.16570000000000001,0.1719,0.1849,0.2338,0.2461,0.26380000000000003,0.2763,0.28150000000000003,0.2854,0.2952,0.3013,0.31270000000000003,0.3287,0.3355,0.3402,0.3648,0.37460000000000004,0.3819,0.38770000000000004,0.3925,0.3982,0.4025,0.46330000000000005,0.46730000000000005,0.4717,0.47690000000000005,0.4993,0.5051,0.51,0.5144000000000001,0.5184,0.5231,0.527,0.5329,0.5594,0.5640000000000001,0.5689000000000001,0.5739000000000001,0.61,0.615,0.6215,0.6796,0.6832,0.6879000000000001,0.6931,0.6997,0.7065,0.7100000000000001,0.7173,0.7719,0.7772,0.7872,0.7935,0.7977000000000001,0.8013,0.809,0.8247,0.8297,0.8343,0.8409000000000001,0.8875000000000001,0.8915000000000001,0.9009,0.9078,0.9181,0.9295,0.9335,0.937,0.9411,0.9474,0.9576,0.9703,0.9766,0.9927
101321:0.30870000000000003,0.3146,0.5175000000000001,0.5236000000000001,0.7103,0.7163
101593:0.0403,0.07740000000000001,0.1602,0.1932,0.22840000000000002,0.4,0.46380000000000005,0.49910000000000004,0.5617,0.6547000000000001,0.7191000000000001,0.7885000000000001,0.8974000000000001,0.9775
102292:0.1831,0.3216,0.4043,0.8182,0.9401
102610:0.030500000000000003,0.0722,0.11800000000000001,0.1831,0.2132,0.26380000000000003,0.2889,0.3705,0.42700000000000005,0.4549,0.49520000000000003,0.6141,0.6768000000000001,0.7415,0.9425
102663:0.0476,0.1605,0.322,0.5167,0.7831,0.8933000000000001
103226:0.0521,0.08270000000000001,0.1009,0.14200000000000002,0.15360000000000001,0.3063,0.3306,0.3453,0.5051,0.5545,0.5753,0.6376000000000001,0.7043,0.793,0.8392000000000001,0.8781,0.9983000000000001
103521:0.0509,0.0931,0.15030000000000002,0.2353,0.32980000000000004,0.3814,0.5105000000000001,0.6391,0.7047,0.7879,0.8428,0.9003
103568:0.0221,0.0308,0.045200000000000004,0.0627,0.0758,0.09860000000000001,0.11370000000000001,0.1262,0.1472,0.1668,0.18480000000000002,0.1937,0.2141,0.224,0.2429,0.2631,0.28350000000000003,0.2912,0.30920000000000003,0.325,0.34140000000000004,0.3579,0.3784,0.3982,0.4218,0.4328,0.44870000000000004,0.47390000000000004,0.4907,0.5031,0.5177,0.5375,0.5544,0.5710000000000001,0.5864,0.6036,0.6226,0.6371,0.6562,0.6725,0.6828000000000001,0.6978000000000001,0.7231000000000001,0.7402000000000001,0.7596,0.7759,0.7915000000000001,0.8138000000000001,0.8236,0.8374,0.8550000000000001,0.8717,0.8861,0.8978,0.9146000000000001,0.9275,0.9455,0.9611000000000001,0.9819,0.9972000000000001
103820:0.0324,0.0413,0.0726,0.1267,0.1506,0.1824,0.21330000000000002,0.2277,0.28850000000000003,0.30770000000000003,0.3181,0.3533,0.37510000000000004,0.4329,0.45570000000000005,0.49920000000000003,0.5094000000000001,0.5365,0.5588000000000001,0.5835,0.6194000000000001,0.6505000000000001,0.685,0.7128,0.7614000000000001,0.7736000000000001,0.785,0.8140000000000001,0.8314,0.8405,0.8648,0.8864000000000001,0.9142,0.9592,0.9766
104913:0.6908000000000001
105062:0.0623,0.08460000000000001,0.1409,0.3405,0.3834,0.7048,0.8774000000000001
105237:0.023700000000000002,0.040600000000000004,0.0522,0.0694,0.07980000000000001,0.1077,0.169,0.18100000000000002,0.2064,0.2253,0.2591,0.2812,0.30670000000000003,0.33580000000000004,0.3546,0.3659,0.39540000000000003,0.42310000000000003,0.43110000000000004,0.453,0.48300000000000004,0.49820000000000003,0.5518000000000001,0.5808,0.605,0.6476000000000001,0.6702,0.6778000000000001,0.7115,0.7309,0.7396,0.7675000000000001,0.779,0.8099000000000001,0.8314,0.8533000000000001,0.8825000000000001,0.8931,0.9195000000000001,0.9402,0.9781000000000001,0.994
105286:0.055200000000000006,0.1101,0.1832,0.26380000000000003,0.3406,0.4037,0.43420000000000003,0.48950000000000005,0.5849,0.6745,0.7362000000000001,0.784,0.8866,0.9432,0.9983000000000001
106088:0.0325,0.041600000000000005,0.046700000000000005,0.0675,0.0775,0.0876,0.09920000000000001,0.1207,0.1287,0.1385,0.1461,0.1917,0.2157,0.2238,0.2343,0.29400000000000004,0.30460000000000004,0.316,0.32530000000000003,0.3373,0.35400000000000004,0.37010000000000004,0.3784,0.39440000000000003,0.44010000000000005,0.449,0.464,0.48710000000000003,0.49420000000000003,0.5044000000000001,0.5123,0.5446,0.5558000000000001,0.5632,0.5729000000000001,0.5850000000000001,0.5966,0.6175,0.6274000000000001,0.6351,0.6432,0.6900000000000001,0.6983,0.7077,0.7373000000000001,0.7472000000000001,0.7591,0.7727,0.7833,0.792,0.8251000000000001,0.8330000000000001,0.8424,0.8595,0.8696,0.876,0.8866,0.8956000000000001,0.903,0.9544,0.9619000000000001,0.9737,0.9893000000000001,0.998
106277:0.030100000000000002,0.038700000000000005,0.0459,0.07060000000000001,0.08420000000000001,0.0912,0.135,0.14350000000000002,0.1837,0.21610000000000001,0.2267,0.2928,0.31120000000000003,0.3184,0.3377,0.36760000000000004,0.4485,0.4575,0.48160000000000003,0.4872,0.5076,0.5235000000000001,0.5385,0.5652,0.5715,0.6182000000000001,0.6283000000000001,0.6394000000000001,0.6920000000000001,0.7033,0.7372000000000001,0.7426,0.7604000000000001,0.7725000000000001,0.7824,0.812,0.8291000000000001,0.8614,0.8697,0.888,0.894,0.915,0.9567,0.9651000000000001,0.9855,0.9968
106477:0.048100000000000004,0.30110000000000003,0.3745,0.5123,0.7891,0.8959,0.9987
106485:0.0239,0.0341,0.0608,0.0703,0.112,0.1216,0.1443,0.17250000000000001,0.1842,0.19790000000000002,0.2144,0.221,0.2565,0.27840000000000004,0.30410000000000004,0.3108,0.34740000000000004,0.3546,0.3724,0.3895,0.39780000000000004,0.4258,0.45030000000000003,0.4625,0.4888,0.4973,0.5289,0.5545,0.5800000000000001,0.5975,0.615,0.6459,0.6746,0.7083,0.7396,0.758,0.774,0.8009000000000001,0.8145,0.8238000000000001,0.8329000000000001,0.8498,0.8778,0.8861,0.8924000000000001,0.9295,0.9517,0.9720000000000001
106500:0.046200000000000005,0.0579,0.0872,0.133,0.17350000000000002,0.1865,0.23820000000000002,0.2757,0.2923,0.32170000000000004,0.3387,0.3705,0.38880000000000003,0.4037,0.5057,0.5182,0.5682,0.6918000000000001,0.7172000000000001,0.7849,0.7982,0.8308000000000001,0.8941,0.909,0.9335,0.9782000000000001
106730:0.0182,0.026000000000000002,0.0402,0.051800000000000006,0.0656,0.08170000000000001,0.0896,0.11900000000000001,0.1278,0.1336,0.1514,0.16840000000000002,0.1799,0.188,0.2019,0.21380000000000002,0.2263,0.2626,0.28190000000000004,0.2902,0.3103,0.3215,0.3447,0.3558,0.3645,0.3806,0.4002,0.4197,0.43220000000000003,0.4449,0.46740000000000004,0.4787,0.48710000000000003,0.5019,0.5093,0.528,0.537,0.5573,0.5697,0.5872,0.6117,0.6184000000000001,0.6264000000000001,0.6393,0.6684,0.6876,0.6933,0.7157,0.7266,0.7395,0.7608,0.7697,0.7802,0.7896000000000001,0.8027000000000001,0.8134,0.8248000000000001,0.8406,0.8524,0.8662000000000001,0.8786,0.8908,0.8959,0.9256000000000001,0.9417000000000001,0.9532,0.9634,0.9766,0.9854
107061:0.0385,0.044500000000000005,0.052700000000000004,0.0591,0.0674,0.0826,0.08950000000000001,0.12990000000000002,0.1522,0.1593,0.17220000000000002,0.1811,0.1897,0.23190000000000002,0.23950000000000002,0.2625,0.2726,0.28190000000000004,0.2907,0.2988,0.3116,0.3215,0.33230000000000004,0.3401,0.34740000000000004,0.3674,0.3834,0.3911,0.39740000000000003,0.4097,0.46530000000000005,0.47550000000000003,0.503,0.5114000000000001,0.5202,0.527,0.5627,0.5707,0.5775,0.6114,0.6809000000000001,0.6877,0.6973,0.7074,0.7151000000000001,0.7763,0.7824,0.7924,0.7991,0.8086,0.8281000000000001,0.8368,0.8429000000000001,0.8911,0.8977,0.9078,0.9177000000000001,0.9261,0.935,0.9482,0.9745,0.9844,0.9962000000000001
107125:0.0509,0.13820000000000002,0.5142,0.6455000000000001,0.7912,0.9018
107201:0.0558,0.09000000000000001,0.1423,0.341,0.4607,0.5720000000000001,0.6539,0.7962,0.8731,0.9038,0.9760000000000001
107572:0.034800000000000005,0.042300000000000004,0.0724,0.08460000000000001,0.1227,0.13340000000000002,0.1429,0.18630000000000002,0.21100000000000002,0.22360000000000002,0.23270000000000002,0.2887,0.3017,0.3171,0.3582,0.3672,0.3753,0.41150000000000003,0.43970000000000004,0.44720000000000004,0.4637,0.48160000000000003,0.49000000000000005,0.49760000000000004,0.5059,0.5198,0.5483,0.5642,0.5710000000000001,0.5892000000000001,0.6112000000000001,0.6257,0.6357,0.6841,0.6940000000000001,0.7017,0.7374,0.7432000000000001,0.7534000000000001,0.7707,0.7818,0.7893,0.8241,0.8377,0.8625,0.8727,0.8915000000000001,0.8993,0.9484,0.9567,0.9852000000000001,0.9956
107801:0.0505,0.0852,0.17320000000000002,0.2667,0.2862,0.33490000000000003,0.38320000000000004,0.39590000000000003,0.514,0.5266000000000001,0.5757,0.6940000000000001,0.7884,0.8008000000000001,0.8331000000000001,0.8984000000000001,0.9178000000000001,0.937,0.9804
108071:0.031400000000000004,0.046900000000000004,0.0811,0.10550000000000001,0.134,0.183,0.2209,0.2847,0.31370000000000003,0.3536,0.3705,0.4051,0.43710000000000004,0.4847,0.5126000000000001,0.5677,0.6225,0.6389,0.6801,0.7006,0.7382000000000001,0.7638,0.7843,0.8190000000000001,0.8469,0.8699,0.895,0.9358000000000001,0.9590000000000001,0.9889
108426:0.0207,0.022000000000000002,0.0263,0.0298,0.030100000000000002,0.0342,0.034800000000000005,0.037200000000000004,0.041800000000000004,0.0485,0.0514,0.0591,0.0632,0.0678,0.0685,0.0699,0.0719,0.077,0.0897,0.0999,0.1009,0.1182,0.1198,0.1263,0.1303,0.14500000000000002,0.1468,0.1558,0.1632,0.1673,0.17700000000000002,0.1797,0.2205,0.22190000000000001,0.225,0.22990000000000002,0.23070000000000002,0.2358,0.25170000000000003,0.304,0.3047,0.3064,0.3073,0.3161,0.319,0.323,0.32320000000000004,0.3265,0.33480000000000004,0.3407,0.34440000000000004,0.3491,0.3504,0.3557,0.35810000000000003,0.3699,0.3806,0.3915,0.39530000000000004,0.3957,0.3987,0.401,0.4015,0.41140000000000004,0.42260000000000003,0.4239,0.42650000000000005,0.4272,0.43370000000000003,0.43560000000000004,0.43810000000000004,0.443,0.45380000000000004,0.47050000000000003,0.47590000000000005,0.4763,0.4773,0.4803,0.4837,0.4842,0.48600000000000004,0.48760000000000003,0.49970000000000003,0.5,0.5178,0.5364,0.5446,0.5521,0.5546,0.5567,0.5710000000000001,0.5739000000000001,0.5793,0.5801000000000001,0.5819,0.615,0.6153000000000001,0.6214000000000001,0.6255000000000001,0.6301,0.641,0.6435000000000001,0.6694,0.671,0.6890000000000001,0.6922,0.6931,0.7028,0.7075,0.7166,0.7257,0.7268,0.7334,0.7404000000000001,0.7465,0.7541,0.758,0.7626000000000001,0.7664000000000001,0.7686000000000001,0.7712,0.8075,0.8077000000000001,0.8081,0.8094,0.8205,0.8402000000000001,0.8436,0.8595,0.8629,0.867,0.8796,0.8811,0.8931,0.8944000000000001,0.8973000000000001,0.9049,0.9112,0.9123,0.9128000000000001,0.9254,0.9298000000000001,0.9427000000000001,0.9501000000000001,0.9511000000000001,0.9589000000000001,0.9627,0.9780000000000001,0.9825,0.9852000000000001,0.9875
109178:0.030500000000000003,0.0405,0.0585,0.07490000000000001,0.11760000000000001,0.1433,0.1666,0.1819,0.21180000000000002,0.2267,0.2553,0.29000000000000004,0.30460000000000004,0.3174,0.33890000000000003,0.3516,0.37160000000000004,0.38780000000000003,0.42410000000000003,0.4571,0.49060000000000004,0.503,0.5147,0.5537000000000001,0.5718,0.5931000000000001,0.6333000000000001,0.674,0.6965,0.7093,0.766,0.7765000000000001,0.7962,0.8163,0.8358,0.8536,0.8794000000000001,0.8908,0.9087000000000001,0.9292,0.9641000000000001,0.9788
109395:0.0105,0.0216,0.0318,0.044000000000000004,0.055,0.065,0.076,0.08650000000000001,0.0988,0.1087,0.12050000000000001,0.1302,0.1436,0.1537,0.1627,0.171,0.18080000000000002,0.1953,0.2049,0.21280000000000002,0.22390000000000002,0.23440000000000003,0.2456,0.2584,0.26930000000000004,0.2787,0.29150000000000004,0.3022,0.31170000000000003,0.32280000000000003,0.33480000000000004,0.3458,0.3582,0.3675,0.3804,0.3937,0.40390000000000004,0.4133,0.4234,0.4353,0.44430000000000003,0.45470000000000005,0.4651,0.47600000000000003,0.4852,0.4928,0.5032,0.514,0.5264,0.5379,0.5489,0.5582,0.5673,0.5779000000000001,0.5881000000000001,0.6011000000000001,0.6118,0.6266,0.636,0.6471,0.6551,0.6655,0.6746,0.6843,0.6948000000000001,0.7046,0.7193,0.7307,0.743,0.7537,0.7645000000000001,0.7739,0.7842,0.7935,0.807,0.8147000000000001,0.8257,0.8359000000000001,0.8466,0.8571000000000001,0.8664000000000001,0.8763000000000001,0.8861,0.8963000000000001,0.9057000000000001,0.9163,0.9269000000000001,0.9362,0.9458000000000001,0.9566,0.9676,0.9793000000000001,0.9895,0.9987
109436:0.5047
109721:0.0296,0.042800000000000005,0.07300000000000001,0.0883,0.13470000000000001,0.1709,0.1862,0.2154,0.231,0.261,0.29150000000000004,0.3125,0.3272,0.342,0.3645,0.4002,0.42860000000000004,0.45220000000000005,0.48360000000000003,0.5009,0.5197,0.5378000000000001,0.5563,0.5713,0.6098,0.6317,0.6477,0.6594,0.68,0.6961,0.7287,0.7412000000000001,0.7578,0.7716000000000001,0.7818,0.8150000000000001,0.8330000000000001,0.8515,0.8692000000000001,0.8847,0.9135000000000001,0.9277000000000001,0.9601000000000001,0.9758,0.9904000000000001,0.9997
110469:0.018500000000000003,0.0223,0.0227,0.0324,0.0468,0.047900000000000005,0.0504,0.0608,0.0682,0.0755,0.0813,0.0845,0.09000000000000001,0.0913,0.1013,0.1029,0.1067,0.1183,0.1272,0.1288,0.1305,0.1326,0.14120000000000002,0.1474,0.1545,0.1612,0.1652,0.1658,0.16790000000000002,0.17,0.1733,0.1787,0.1991,0.19990000000000002,0.2005,0.20350000000000001,0.20600000000000002,0.2232,0.22440000000000002,0.2381,0.23850000000000002,0.2403,0.2649,0.2662,0.2671,0.2732,0.28700000000000003,0.29910000000000003,0.3125,0.3175,0.3239,0.3295,0.33540000000000003,0.3411,0.3467,0.3492,0.35250000000000004,0.36050000000000004,0.3662,0.37410000000000004,0.3808,0.38630000000000003,0.395,0.3987,0.4156,0.41750000000000004,0.4202,0.4218,0.4355,0.442,0.4429,0.4486,0.4536,0.4607,0.46540000000000004,0.4741,0.4752,0.4965,0.4975,0.5004000000000001,0.5023,0.5243,0.5373,0.5508000000000001,0.555,0.5553,0.56,0.5623,0.5850000000000001,0.5898,0.598,0.6264000000000001,0.6283000000000001,0.6351,0.6359,0.6361,0.643,0.6448,0.6578,0.6619,0.6638000000000001,0.6657000000000001,0.6676000000000001,0.674,0.6775,0.6915,0.6942,0.7004,0.7045,0.7197,0.7220000000000001,0.7228,0.7347,0.7431,0.7461,0.754,0.7548,0.7589,0.7621,0.7632,0.7635000000000001,0.7665000000000001,0.7684000000000001,0.7689,0.7881,0.7883,0.7926000000000001,0.7969,0.7987000000000001,0.8247,0.8267,0.8319000000000001,0.8367,0.8422000000000001,0.8426,0.8445,0.8521000000000001,0.8556,0.8645,0.8654000000000001,0.8679,0.8736,0.9029,0.9075000000000001,0.9148000000000001,0.9317000000000001,0.9338000000000001,0.9402,0.9413,0.9518000000000001,0.9556,0.9725,0.9943000000000001,0.9992000000000001
110668:0.044000000000000004,0.06860000000000001,0.0826,0.1451,0.1859,0.21660000000000001,0.2359,0.28850000000000003,0.31520000000000004,0.34090000000000004,0.3649,0.39890000000000003,0.43460000000000004,0.4565,0.4887,0.5217,0.5585,0.5845,0.6435000000000001,0.6756,0.7094,0.7392000000000001,0.7798,0.8171,0.8353,0.8584,0.8857,0.8971,0.9445,0.9867
110751:0.5365,0.7682
111258:0.3156,0.5246000000000001,0.7181000000000001
111357:0.0028,0.0064,0.0125,0.0235,0.0268,0.0307,0.0426,0.043300000000000005,0.045000000000000005,0.0458,0.0517,0.0528,0.0785,0.09240000000000001,0.10210000000000001,0.1241,0.1467,0.1535,0.155,0.1597,0.1627,0.1715,0.1718,0.1816,0.1894,0.19110000000000002,0.20550000000000002,0.2157,0.2179,0.2217,0.22310000000000002,0.2288,0.23040000000000002,0.2409,0.2451,0.2457,0.2545,0.25670000000000004,0.25980000000000003,0.2687,0.2726,0.2732,0.2853,0.2873,0.2887,0.30210000000000004,0.3115,0.32,0.32880000000000004,0.3302,0.33240000000000003,0.334,0.3425,0.35860000000000003,0.37560000000000004,0.3764,0.3831,0.38980000000000004,0.396,0.3971,0.40490000000000004,0.4057,0.40640000000000004,0.4161,0.42050000000000004,0.42560000000000003,0.42600000000000005,0.4323,0.4328,0.44070000000000004,0.4499,0.46330000000000005,0.4687,0.46990000000000004,0.4721,0.4728,0.47590000000000005,0.4897,0.5001,0.5205000000000001,0.5246000000000001,0.5435,0.5468000000000001,0.5482,0.5528000000000001,0.5686,0.5787,0.5973,0.5994,0.6018,0.6095,0.6148,0.6243000000000001,0.6298,0.6306,0.632,0.6438,0.648,0.6516000000000001,0.6627000000000001,0.6756,0.6806,0.6871,0.6913,0.6920000000000001,0.6958000000000001,0.7002,0.7111000000000001,0.7172000000000001,0.7227,0.7255,0.7289,0.7354,0.7446,0.7614000000000001,0.7646000000000001,0.767,0.7694000000000001,0.7739,0.7746000000000001,0.7882,0.7914,0.8086,0.8160000000000001,0.8302,0.8323,0.8335,0.8361000000000001,0.8398,0.8402000000000001,0.8445,0.8458,0.8501000000000001,0.8547,0.8576,0.8685,0.8693000000000001,0.8782000000000001,0.8814000000000001,0.883,0.8857,0.8893000000000001,0.8905000000000001,0.8912,0.8944000000000001,0.91,0.9123,0.9145000000000001,0.9318000000000001,0.9345,0.9465,0.9504,0.9512,0.9750000000000001,0.9815,0.9839,0.9883000000000001,0.9893000000000001,0.9938,0.9992000000000001
111524:0.0246,0.0323,0.041100000000000005,0.050800000000000005,0.07590000000000001,0.08510000000000001,0.0965,0.1233,0.1355,0.1421,0.1819,0.1935,0.21100000000000002,0.21880000000000002,0.2272,0.28750000000000003,0.2932,0.3185,0.3236,0.3622,0.3673,0.385,0.42260000000000003,0.4378,0.447,0.45730000000000004,0.47240000000000004,0.4833,0.49200000000000005,0.5051,0.5122,0.5401,0.5535,0.5710000000000001,0.5946,0.6146,0.6236,0.6333000000000001,0.6900000000000001,0.6983,0.7307,0.7427,0.7629,0.7788,0.7839,0.7882,0.7964,0.8164,0.8276,0.8560000000000001,0.8668,0.8827,0.8959,0.9487000000000001,0.9565,0.9741000000000001,0.9848,0.9937
111577:0.07930000000000001,0.1898,0.5647,0.7923,0.9036000000000001
111697:0.030100000000000002,0.0688,0.085,0.11370000000000001,0.1292,0.15080000000000002,0.1766,0.2076,0.2248,0.262,0.2998,0.3161,0.34590000000000004,0.3624,0.39230000000000004,0.43010000000000004,0.4521,0.4748,0.4948,0.5103,0.5417000000000001,0.5642,0.5859,0.613,0.6342,0.656,0.6787000000000001,0.7001000000000001,0.739,0.7518,0.7759,0.8164,0.8357,0.8719,0.8937,0.9167000000000001,0.9400000000000001,0.9604,0.9972000000000001
111912:0.013000000000000001,0.0258,0.0366,0.0507,0.0632,0.07690000000000001,0.0922,0.1051,0.12000000000000001,0.1317,0.14730000000000001,0.16,0.17450000000000002,0.1904,0.2056,0.2141,0.22790000000000002,0.2444,0.2582,0.2745,0.2866,0.2977,0.30870000000000003,0.3205,0.33440000000000003,0.3488,0.36010000000000003,0.3749,0.3885,0.39980000000000004,0.41390000000000005,0.4254,0.43810000000000004,0.44720000000000004,0.4595,0.47140000000000004,0.4824,0.4914,0.5011,0.5118,0.5309,0.5458000000000001,0.5567,0.5669000000000001,0.5792,0.5917,0.6029,0.6162000000000001,0.6291,0.6394000000000001,0.6547000000000001,0.6665,0.6782,0.6905,0.7048,0.7203,0.7332000000000001,0.7443000000000001,0.7591,0.7706000000000001,0.7808,0.7924,0.8104,0.8242,0.8360000000000001,0.8489,0.8624,0.8733000000000001,0.8851,0.8947,0.9095000000000001,0.92,0.9309000000000001,0.9416,0.9545,0.9684,0.9795,0.9914000000000001
111968:0.051000000000000004,0.09620000000000001,0.1456,0.21960000000000002,0.29860000000000003,0.3693,0.4534,0.5004000000000001,0.5759000000000001,0.6466000000000001,0.7077,0.787,0.8330000000000001,0.8957,0.9624
112031:0.32430000000000003
112057:0.0448,0.12760000000000002,0.1872,0.2827,0.3199,0.36310000000000003,0.4345,0.49500000000000005,0.6801,0.7863,0.8278000000000001,0.8904000000000001
112271:0.0523,0.1835,0.318,0.40340000000000004,0.5167,0.7845000000000001,0.8929,0.9394
113018:0.0302,0.054400000000000004,0.07780000000000001,0.11230000000000001,0.13570000000000002,0.165,0.196,0.22790000000000002,0.261,0.2892,0.31980000000000003,0.3523,0.3885,0.4307,0.45,0.48860000000000003,0.5098,0.542,0.5627,0.5812,0.6097,0.6322,0.6666000000000001,0.6879000000000001,0.7228,0.739,0.7803,0.8157000000000001,0.8361000000000001,0.8592000000000001,0.8882,0.919,0.9531000000000001,0.9791000000000001
114650:0.0368,0.2091,0.2866,0.44430000000000003,0.5039,0.6908000000000001,0.9413
114893:0.038700000000000005,0.07640000000000001,0.12810000000000002,0.1774,0.20600000000000002,0.225,0.2837,0.3143,0.3609,0.39840000000000003,0.44480000000000003,0.4964,0.5595,0.6043000000000001,0.6549,0.6889000000000001,0.7197,0.7457,0.7784000000000001,0.7905000000000001,0.8241,0.8531000000000001,0.8886000000000001,0.9380000000000001,0.9792000000000001
115193:0.3134,0.5225000000000001,0.7156
115694:0.0397,0.0482,0.056600000000000004,0.06430000000000001,0.0839,0.09040000000000001,0.1303,0.1573,0.171,0.1807,0.1892,0.2326,0.24150000000000002,0.2629,0.2732,0.2832,0.2917,0.3002,0.31220000000000003,0.3241,0.3357,0.3438,0.3639,0.3725,0.386,0.393,0.4001,0.4121,0.4665,0.49920000000000003,0.5074000000000001,0.5158,0.5241,0.5631,0.5735,0.6022000000000001,0.614,0.6834,0.6942,0.7038,0.7135,0.7773,0.7861,0.7982,0.8056000000000001,0.8244,0.8349000000000001,0.8435,0.8906000000000001,0.8972,0.9088,0.9184,0.93,0.9374,0.9527,0.9767,0.9888,0.9983000000000001
115981:0.0528,0.30860000000000004,0.6405000000000001
116149:0.0358,0.20670000000000002,0.22610000000000002,0.2886,0.3618,0.43520000000000003,0.49450000000000005,0.6083000000000001,0.7404000000000001,0.7797000000000001,0.8913000000000001,0.9451
116741:0.0332,0.0504,0.07350000000000001,0.095,0.1247,0.1373,0.1827,0.2165,0.2316,0.2876,0.3135,0.36100000000000004,0.3839,0.4294,0.4479,0.48300000000000004,0.5022,0.5206000000000001,0.5519000000000001,0.5722,0.614,0.6296,0.6826,0.6991,0.738,0.7578,0.7791,0.7922,0.8239000000000001,0.8432000000000001,0.8683000000000001,0.8909,0.9473,0.9629000000000001,0.9879
117103:0.6894,0.8254
117156:0.015700000000000002,0.0286,0.0477,0.0623,0.0775,0.09720000000000001,0.111,0.1273,0.1413,0.1592,0.17250000000000001,0.1935,0.2076,0.2222,0.2371,0.25120000000000003,0.2684,0.281,0.2992,0.3133,0.3292,0.34600000000000003,0.36110000000000003,0.3803,0.3982,0.41400000000000003,0.4264,0.4418,0.4567,0.47050000000000003,0.4847,0.4958,0.5112,0.531,0.5494,0.5632,0.5845,0.6024,0.6212,0.6358,0.6502,0.6633,0.6785,0.6951,0.7075,0.7259,0.7415,0.7576,0.7722,0.7861,0.7988000000000001,0.8137000000000001,0.8292,0.8418,0.8580000000000001,0.8728,0.8866,0.907,0.9218000000000001,0.9385,0.9548000000000001,0.9712000000000001,0.9891000000000001
117255:0.045000000000000005,0.1877,0.5066,0.7825000000000001,0.8951
117349:0.0424,0.061500000000000006,0.0869,0.14830000000000002,0.1728,0.1859,0.22970000000000002,0.267,0.3009,0.313,0.32830000000000004,0.3536,0.391,0.4655,0.5074000000000001,0.5213,0.5742,0.6002000000000001,0.6989000000000001,0.7194,0.7792,0.8007000000000001,0.8379000000000001,0.8589,0.8928,0.9125000000000001,0.937,0.9770000000000001
117657:0.0393,0.0465,0.0546,0.060500000000000005,0.08170000000000001,0.0898,0.1264,0.13390000000000002,0.1568,0.1713,0.1849,0.1986,0.2335,0.2461,0.26480000000000004,0.2793,0.2926,0.3119,0.3267,0.3408,0.3649,0.3764,0.3874,0.395,0.4042,0.46390000000000003,0.4726,0.5012,0.51,0.5189,0.527,0.562,0.5705,0.5773,0.6095,0.6199,0.6822,0.6903,0.7023,0.7110000000000001,0.776,0.7835000000000001,0.7947000000000001,0.8004,0.8233,0.8302,0.8398,0.8897,0.8968,0.9065000000000001,0.9135000000000001,0.9225000000000001,0.9339000000000001,0.9496,0.9720000000000001,0.9795,0.9928
118220:0.0422,0.0648,0.082,0.1282,0.14120000000000002,0.21130000000000002,0.23120000000000002,0.2919,0.3156,0.36110000000000003,0.37920000000000004,0.4466,0.4787,0.5004000000000001,0.5173,0.5552,0.5683,0.5906,0.6253000000000001,0.6405000000000001,0.6916,0.7050000000000001,0.739,0.7796000000000001,0.7942,0.8270000000000001,0.8437,0.8685,0.8896000000000001,0.9049,0.9588000000000001,0.9894000000000001
118578:0.0631,0.1874,0.3267,0.39430000000000004,0.518,0.8032,0.8946000000000001
118933:0.1355,0.2909,0.3687,0.4431,0.5037,0.6885,0.8333
118938:0.0315
119469:0.016900000000000002,0.030500000000000003,0.0425,0.0618,0.0737,0.0849,0.09680000000000001,0.11170000000000001,0.13190000000000002,0.14880000000000002,0.16720000000000002,0.1854,0.2074,0.226,0.251,0.273,0.28650000000000003,0.3028,0.3216,0.34140000000000004,0.3552,0.3663,0.38830000000000003,0.4062,0.4263,0.4349,0.4506,0.4707,0.4859,0.4979,0.5118,0.5314,0.5526,0.5714,0.5828,0.5959,0.6087,0.63,0.6494,0.6648000000000001,0.6807000000000001,0.6952,0.7141000000000001,0.734,0.7443000000000001,0.7628,0.7803,0.8052,0.8170000000000001,0.8325,0.8440000000000001,0.86,0.8776,0.8896000000000001,0.9065000000000001,0.9227000000000001,0.9322,0.9548000000000001,0.9713,0.9863000000000001
119737:0.0426,0.054900000000000004,0.0847,0.1698,0.18580000000000002,0.24530000000000002,0.2752,0.3124,0.3669,0.395,0.47250000000000003,0.5106,0.5248,0.5746,0.6149,0.6867000000000001,0.7165,0.7833,0.8267,0.8942,0.9321,0.9795
120111:0.050100000000000006,0.8834000000000001
121117:0.0463,0.0786,0.13570000000000002,0.1477,0.3709,0.4526,0.4975,0.5267000000000001,0.5732,0.6307,0.7061000000000001,0.7567,0.797,0.8763000000000001,0.9058
121152:0.027700000000000002
121314:0.0449,0.06280000000000001,0.16970000000000002,0.18860000000000002,0.23340000000000002,0.2982,0.31980000000000003,0.35350000000000004,0.3936,0.5074000000000001,0.5252,0.5779000000000001,0.7010000000000001,0.7809,0.8024,0.8426,0.8908,0.9151,0.9814
121841:0.027800000000000002,0.0726,0.1887,0.21630000000000002,0.28550000000000003,0.43,0.5001,0.6193000000000001,0.6802,0.8166,0.8948
122330:0.1573,0.3029,0.4037,0.5135000000000001
122795:0.0097,0.010400000000000001,0.0176,0.0206,0.024800000000000003,0.048600000000000004,0.049600000000000005,0.050300000000000004,0.057100000000000005,0.0575,0.0608,0.0625,0.07440000000000001,0.0879,0.10980000000000001,0.1124,0.1168,0.1236,0.1285,0.13570000000000002,0.1394,0.1487,0.164,0.1691,0.17300000000000001,0.1779,0.1801,0.1965,0.1993,0.20040000000000002,0.20570000000000002,0.2074,0.21580000000000002,0.22060000000000002,0.23090000000000002,0.2333,0.24750000000000003,0.2525,0.2554,0.2637,0.2659,0.2967,0.3004,0.301,0.3038,0.3055,0.3098,0.3103,0.3149,0.3205,0.3346,0.3395,0.34040000000000004,0.3542,0.3557,0.36300000000000004,0.36460000000000004,0.36710000000000004,0.37010000000000004,0.3917,0.397,0.3981,0.40590000000000004,0.40940000000000004,0.4121,0.41850000000000004,0.42310000000000003,0.4252,0.4319,0.43210000000000004,0.4334,0.43570000000000003,0.4509,0.4577,0.4646,0.4691,0.4767,0.4938,0.5031,0.5046,0.5146000000000001,0.5168,0.5172,0.5332,0.5341,0.5397000000000001,0.5435,0.5599000000000001,0.5603,0.5625,0.5631,0.5658000000000001,0.5818,0.5871000000000001,0.5910000000000001,0.6208,0.6239,0.6285000000000001,0.6302,0.6308,0.6388,0.6391,0.6406000000000001,0.6436000000000001,0.6512,0.6591,0.6701,0.6822,0.6855,0.6878000000000001,0.7117,0.7160000000000001,0.7188,0.7229,0.7271000000000001,0.7277,0.7501,0.7568,0.7575000000000001,0.7708,0.7865000000000001,0.809,0.8154,0.8347,0.8414,0.8416,0.8518,0.8594,0.8598,0.8653000000000001,0.8847,0.8961,0.9267000000000001,0.9314,0.9317000000000001,0.9363,0.9436,0.9525,0.9600000000000001,0.9604,0.9635,0.9665,0.9742000000000001,0.9774,0.9793000000000001,0.9855,0.9883000000000001,0.994,0.9974000000000001
122819:0.036500000000000005,0.0489,0.069,0.09040000000000001,0.1278,0.1452,0.1888,0.2149,0.2275,0.28950000000000004,0.3209,0.3599,0.3763,0.4389,0.4484,0.5015000000000001,0.5192,0.5496,0.5749000000000001,0.6142000000000001,0.6331,0.6885,0.6999000000000001,0.7411,0.7832,0.8244,0.8594,0.8911,0.9476,0.9871000000000001
123034:0.046700000000000005,0.3158,0.5121,0.7847000000000001,0.89
123363:0.4464
123999:0.3129,0.5217,0.7141000000000001
124039:0.0099,0.0228,0.0329,0.0499,0.0604,0.0675,0.0757,0.0901,0.1008,0.10940000000000001,0.1203,0.13,0.1422,0.15030000000000002,0.16190000000000002,0.1713,0.1831,0.1932,0.20450000000000002,0.21430000000000002,0.2238,0.23520000000000002,0.2482,0.2564,0.27040000000000003,0.27990000000000004,0.2987,0.3083,0.3178,0.32730000000000004,0.3392,0.3481,0.35850000000000004,0.37510000000000004,0.385,0.3941,0.4061,0.4203,0.4282,0.4375,0.448,0.45740000000000003,0.468,0.4817,0.4884,0.4953,0.5053,0.5154,0.5255000000000001,0.5387000000000001,0.5493,0.5572,0.5684,0.5756,0.5877,0.5971000000000001,0.605,0.6151,0.6268,0.6398,0.6473,0.6608,0.6697000000000001,0.6788000000000001,0.6924,0.7085,0.7187,0.7314,0.7408,0.7586,0.7708,0.7782,0.7898000000000001,0.8028000000000001,0.8124,0.8197,0.8292,0.8381000000000001,0.8483,0.8566,0.8672000000000001,0.8753000000000001,0.886,0.893,0.9045000000000001,0.9148000000000001,0.9231,0.9318000000000001,0.9464,0.9566,0.9666,0.9761000000000001,0.9880000000000001,0.9981000000000001
124291:0.0035,0.004200000000000001,0.014700000000000001,0.0229,0.0333,0.055200000000000006,0.0565,0.0623,0.0637,0.0639,0.06720000000000001,0.0702,0.0824,0.0984,0.1115,0.1213,0.1272,0.12890000000000001,0.1293,0.1378,0.1454,0.16340000000000002,0.1666,0.1695,0.19260000000000002,0.19440000000000002,0.1957,0.19690000000000002,0.2068,0.20900000000000002,0.21680000000000002,0.22460000000000002,0.23170000000000002,0.23390000000000002,0.2394,0.2421,0.2626,0.2706,0.2916,0.2927,0.2968,0.3062,0.3143,0.33140000000000003,0.3331,0.3361,0.3476,0.3567,0.3577,0.3597,0.366,0.37620000000000003,0.38670000000000004,0.39080000000000004,0.3982,0.402,0.4026,0.4127,0.4153,0.4217,0.4233,0.4379,0.441,0.4419,0.44780000000000003,0.45990000000000003,0.46230000000000004,0.46440000000000003,0.46740000000000004,0.4852,0.48600000000000004,0.4963,0.4984,0.5042,0.5317000000000001,0.539,0.5497000000000001,0.5555,0.5588000000000001,0.5634,0.5766,0.5986,0.604,0.62,0.6333000000000001,0.6349,0.643,0.6528,0.6536000000000001,0.6541,0.6598,0.6605000000000001,0.6695,0.67,0.6702,0.6835,0.6962,0.6981,0.7005,0.7196,0.7240000000000001,0.7315,0.7427,0.747,0.7517,0.7646000000000001,0.768,0.7726000000000001,0.7731,0.7736000000000001,0.7871,0.7896000000000001,0.7923,0.7936000000000001,0.8314,0.8325,0.8391000000000001,0.8460000000000001,0.8556,0.876,0.8803000000000001,0.8807,0.8979,0.9002,0.9104000000000001,0.9115000000000001,0.9117000000000001,0.914,0.9376000000000001,0.9396,0.9520000000000001,0.9522,0.9676,0.9701000000000001,0.9730000000000001,0.9812000000000001,0.9824,0.9864,0.9889,0.9932000000000001
126527:0.2896,0.5288
126599:0.0443,0.0897,0.14550000000000002,0.22490000000000002,0.3007,0.34650000000000003,0.4551,0.49350000000000005,0.5281,0.5750000000000001,0.6338,0.7026,0.7681,0.8298000000000001,0.879,0.9673
126600:0.006500000000000001,0.0151,0.027,0.030600000000000002,0.0325,0.0366,0.047400000000000005,0.0482,0.056600000000000004,0.0614,0.0772,0.0944,0.09570000000000001,0.09680000000000001,0.0985,0.1004,0.1131,0.1154,0.117,0.1296,0.132,0.1368,0.1419,0.1452,0.1507,0.1704,0.2061,0.2102,0.2124,0.21780000000000002,0.22610000000000002,0.2427,0.2715,0.2783,0.2878,0.2881,0.29710000000000003,0.299,0.3005,0.3055,0.3062,0.31170000000000003,0.3168,0.317,0.3251,0.3416,0.34590000000000004,0.34650000000000003,0.3557,0.3749,0.39280000000000004,0.3977,0.4136,0.4171,0.42510000000000003,0.43960000000000005,0.4405,0.4414,0.4495,0.4554,0.4616,0.4708,0.4792,0.4807,0.4844,0.4853,0.4893,0.4968,0.5023,0.5061,0.507,0.5097,0.528,0.5588000000000001,0.5701,0.5735,0.5860000000000001,0.5958,0.6061000000000001,0.6116,0.6119,0.6253000000000001,0.6273000000000001,0.6293000000000001,0.6322,0.633,0.6349,0.6514,0.6579,0.6589,0.6626000000000001,0.6672,0.6682,0.6748000000000001,0.6797000000000001,0.6822,0.6854,0.6882,0.6896,0.6905,0.6908000000000001,0.7230000000000001,0.7279,0.7308,0.7353000000000001,0.7358,0.7413000000000001,0.7484000000000001,0.7529,0.7555000000000001,0.7643000000000001,0.7657,0.7662,0.7738,0.784,0.7883,0.7994,0.8045,0.8215,0.8313,0.8445,0.8559,0.8623000000000001,0.8642000000000001,0.8679,0.8709,0.8711000000000001,0.8743000000000001,0.8827,0.885,0.9233,0.9254,0.9282,0.9287000000000001,0.9333,0.9383,0.9410000000000001,0.9510000000000001,0.9575,0.9706,0.9875,0.9880000000000001,0.9885
126804:0.027200000000000002,0.0395,0.0543,0.0685,0.0785,0.0915,0.1107,0.1197,0.12890000000000001,0.1453,0.15810000000000002,0.17,0.17930000000000001,0.19010000000000002,0.2076,0.2164,0.2262,0.2398,0.2611,0.28090000000000004,0.28900000000000003,0.3078,0.3141,0.32270000000000004,0.33790000000000003,0.3534,0.3635,0.3819,0.3961,0.40690000000000004,0.4288,0.4435,0.4524,0.4601,0.47490000000000004,0.48950000000000005,0.4975,0.5062,0.522,0.5343,0.5544,0.5622,0.5790000000000001,0.5889,0.6057,0.6183000000000001,0.6264000000000001,0.6414000000000001,0.6523,0.6726000000000001,0.685,0.6956,0.7165,0.731,0.7414000000000001,0.7506,0.7662,0.7787000000000001,0.7907000000000001,0.8124,0.8241,0.8325,0.8409000000000001,0.8565,0.8743000000000001,0.8852000000000001,0.8936000000000001,0.9035000000000001,0.9217000000000001,0.9312,0.9414,0.9521000000000001,0.9610000000000001,0.9794,0.9969
126873:0.0017000000000000001,0.015000000000000001,0.0158,0.019200000000000002,0.025900000000000003,0.028300000000000002,0.0303,0.0388,0.040400000000000005,0.042,0.0429,0.0511,0.0558,0.0751,0.0763,0.0897,0.0912,0.09380000000000001,0.10250000000000001,0.1066,0.10700000000000001,0.1091,0.1213,0.1253,0.1401,0.1403,0.1438,0.1555,0.1615,0.16720000000000002,0.1824,0.1892,0.1962,0.2134,0.2162,0.2199,0.22820000000000001,0.2296,0.24180000000000001,0.2514,0.259,0.2607,0.2696,0.2761,0.28090000000000004,0.2975,0.3073,0.3179,0.3242,0.3307,0.3347,0.3415,0.3458,0.35760000000000003,0.36000000000000004,0.3748,0.375,0.39330000000000004,0.39980000000000004,0.4093,0.4178,0.43410000000000004,0.4369,0.4646,0.4655,0.4677,0.4713,0.47700000000000004,0.47790000000000005,0.48460000000000003,0.4867,0.49610000000000004,0.5001,0.509,0.5096,0.5099,0.5188,0.5227,0.5301,0.5315,0.5458000000000001,0.5502,0.5549000000000001,0.5650000000000001,0.5723,0.5743,0.5805,0.5833,0.5947,0.5959,0.5984,0.599,0.6248,0.6296,0.637,0.6486000000000001,0.6537000000000001,0.6608,0.6619,0.6645,0.6743,0.676,0.6762,0.6849000000000001,0.6859000000000001,0.7042,0.7276,0.7312000000000001,0.7419,0.7569,0.7744000000000001,0.7832,0.7835000000000001,0.7878000000000001,0.7885000000000001,0.7974,0.8162,0.8253,0.8447,0.8548,0.879,0.8815000000000001,0.8881,0.8943000000000001,0.9009,0.9023,0.9056000000000001,0.9071,0.9092,0.9149,0.9161,0.9176000000000001,0.928,0.9386,0.9429000000000001,0.9515,0.9613,0.9658,0.9699000000000001,0.9819,0.9827,0.9833000000000001,0.9856,0.9869,0.9899
127069:0.0472,0.0692,0.0969,0.1358,0.1469,0.2368,0.2979,0.31320000000000003,0.33390000000000003,0.37210000000000004,0.453,0.49920000000000003,0.5152,0.5323,0.5608000000000001,0.5808,0.6303000000000001,0.6471,0.6986,0.7517,0.7905000000000001,0.8334,0.8737,0.9012,0.9957
127887:0.0431,0.0629,0.0852,0.1332,0.1589,0.17950000000000002,0.2291,0.26580000000000004,0.2969,0.314,0.3331,0.35350000000000004,0.3907,0.4665,0.5072,0.5232,0.5691,0.598,0.6985,0.7180000000000001,0.7802,0.802,0.8378,0.8901,0.9105000000000001,0.9359000000000001,0.9794
128299:0.057,0.1773,0.28350000000000003,0.3356,0.3902,0.5204,0.7121000000000001,0.7975,0.8373,0.9069,0.9371
129625:0.0229,0.0302,0.0373,0.043300000000000005,0.0492,0.061700000000000005,0.0682,0.0753,0.0834,0.09000000000000001,0.1008,0.10930000000000001,0.12760000000000002,0.133,0.1395,0.1464,0.1537,0.167,0.1739,0.183,0.18710000000000002,0.2025,0.2136,0.21880000000000002,0.2253,0.2313,0.2376,0.256,0.2652,0.2854,0.2938,0.30010000000000003,0.3083,0.3169,0.3226,0.33230000000000004,0.3402,0.3528,0.3645,0.3704,0.38170000000000004,0.39280000000000004,0.4017,0.4066,0.4219,0.4344,0.4429,0.4494,0.4549,0.47350000000000003,0.4808,0.4862,0.4924,0.5018,0.5066,0.5125000000000001,0.5204,0.5261,0.5378000000000001,0.5506,0.5581,0.5660000000000001,0.5732,0.5788,0.5879,0.5999,0.6134000000000001,0.6218,0.6289,0.6351,0.6428,0.6502,0.6622,0.674,0.681,0.6936,0.7001000000000001,0.7093,0.7258,0.7377,0.7416,0.748,0.7561,0.7645000000000001,0.7714000000000001,0.777,0.7824,0.7888000000000001,0.7974,0.8123,0.8262,0.8312,0.8401000000000001,0.8525,0.8652000000000001,0.871,0.8805000000000001,0.8898,0.8969,0.9061,0.9145000000000001,0.9217000000000001,0.9346000000000001,0.9438000000000001,0.9563,0.9632000000000001,0.9739000000000001,0.9874,0.995
129730:0.009000000000000001,0.019100000000000002,0.019700000000000002,0.0213,0.024800000000000003,0.0263,0.0307,0.0315,0.044700000000000004,0.0482,0.0653,0.0737,0.08660000000000001,0.0935,0.0956,0.09730000000000001,0.1066,0.1077,0.1082,0.1247,0.1262,0.1331,0.1388,0.1459,0.1553,0.1559,0.1589,0.1651,0.1666,0.167,0.16790000000000002,0.1718,0.18050000000000002,0.1842,0.1952,0.20470000000000002,0.2092,0.20980000000000001,0.2146,0.2228,0.23140000000000002,0.2368,0.2378,0.25670000000000004,0.2581,0.25930000000000003,0.26230000000000003,0.26930000000000004,0.26990000000000003,0.2715,0.272,0.2788,0.2974,0.298,0.3185,0.3205,0.3387,0.3406,0.3491,0.3549,0.3663,0.368,0.3789,0.3826,0.3835,0.3846,0.3875,0.3906,0.3956,0.3982,0.40440000000000004,0.4066,0.4112,0.41450000000000004,0.42610000000000003,0.45990000000000003,0.4701,0.48190000000000005,0.49060000000000004,0.4929,0.5077,0.5083,0.5253,0.5463,0.5702,0.5805,0.5871000000000001,0.5903,0.6158,0.6201,0.6219,0.6252,0.6493,0.6535000000000001,0.6659,0.7086,0.7101000000000001,0.7135,0.7202000000000001,0.7467,0.7476,0.7581,0.7768,0.7839,0.797,0.8036000000000001,0.8138000000000001,0.8177000000000001,0.8181,0.8198000000000001,0.8237,0.8292,0.8314,0.8473,0.8566,0.8602000000000001,0.8604,0.8676,0.869,0.879,0.9045000000000001,0.9129,0.9553,0.9574,0.9798,0.9925,0.9981000000000001
130674:0.016300000000000002,0.032600000000000004,0.0562,0.0722,0.08900000000000001,0.1034,0.12190000000000001,0.14,0.15810000000000002,0.17200000000000001,0.196,0.2121,0.23240000000000002,0.2529,0.27390000000000003,0.2975,0.3123,0.3345,0.3502,0.36360000000000003,0.38480000000000003,0.4038,0.4174,0.43570000000000003,0.4484,0.4641,0.4833,0.49410000000000004,0.5123,0.5343,0.5509000000000001,0.5635,0.5816,0.6006,0.6157,0.6358,0.6523,0.6654,0.6807000000000001,0.6966,0.7185,0.7395,0.7606,0.7755000000000001,0.7913,0.8109000000000001,0.8268000000000001,0.8422000000000001,0.8616,0.878,0.8928,0.9092,0.9239,0.9404,0.9596,0.9850000000000001,0.9994000000000001
130780:0.0524,0.07490000000000001,0.0872,0.1391,0.1495,0.3272,0.3398,0.551,0.5715,0.6355000000000001,0.8146,0.8741,0.9701000000000001
130887:0.8973000000000001
131471:0.4403,0.49570000000000003,0.5607,0.6625,0.7828,0.8747,0.9555
131580:0.022600000000000002,0.0359,0.0528,0.0693,0.0792,0.1051,0.1184,0.1307,0.1474,0.1666,0.1749,0.189,0.21180000000000002,0.2227,0.24330000000000002,0.25680000000000003,0.2753,0.28750000000000003,0.303,0.3125,0.33330000000000004,0.34700000000000003,0.36660000000000004,0.38330000000000003,0.39690000000000003,0.4157,0.42850000000000005,0.44480000000000003,0.4585,0.4787,0.4909,0.5028,0.5182,0.5377000000000001,0.555,0.5729000000000001,0.5931000000000001,0.6133000000000001,0.6414000000000001,0.6647000000000001,0.6781,0.6983,0.7112,0.7395,0.7632,0.7759,0.7918000000000001,0.8056000000000001,0.8181,0.8329000000000001,0.8479,0.8677,0.8806,0.8906000000000001,0.9172,0.93,0.9489000000000001,0.9660000000000001,0.9862000000000001
131603:0.0415,0.061000000000000006,0.078,0.09000000000000001,0.13340000000000002,0.1463,0.2184,0.2354,0.29860000000000003,0.32030000000000003,0.3688,0.451,0.4857,0.5029,0.5212,0.5497000000000001,0.5685,0.5880000000000001,0.6249,0.6367,0.6939000000000001,0.7073,0.741,0.7522000000000001,0.7803,0.7963,0.8306,0.8699,0.8909,0.9063,0.9601000000000001,0.9899
132100:0.30910000000000004,0.5181,0.7107
132392:0.5301
132645:0.0396,0.058600000000000006,0.06280000000000001,0.0859,0.1318,0.1578,0.17320000000000002,0.18180000000000002,0.18710000000000002,0.1917,0.19970000000000002,0.23700000000000002,0.2652,0.2868,0.29350000000000004,0.3023,0.31320000000000003,0.3206,0.3423,0.3461,0.3674,0.3942,0.4045,0.4123,0.4675,0.4718,0.5041,0.5252,0.5637,0.5763,0.5807,0.6135,0.6201,0.6832,0.6924,0.6999000000000001,0.7121000000000001,0.7157,0.7784000000000001,0.7997000000000001,0.8081,0.8368,0.8423,0.8478,0.8926000000000001,0.9097000000000001,0.9218000000000001,0.936,0.9490000000000001,0.9786,0.9937
133247:0.0211,0.034800000000000005,0.053700000000000005,0.06720000000000001,0.0926,0.1126,0.13190000000000002,0.1499,0.1694,0.18610000000000002,0.2092,0.22740000000000002,0.2514,0.2746,0.28900000000000003,0.30720000000000003,0.32080000000000003,0.34240000000000004,0.3622,0.38830000000000003,0.4083,0.4303,0.4486,0.4711,0.4874,0.4969,0.5127,0.5298,0.5537000000000001,0.5715,0.5835,0.5999,0.617,0.6419,0.6601,0.6721,0.6868000000000001,0.6998000000000001,0.7218,0.7375,0.7613000000000001,0.781,0.8056000000000001,0.8220000000000001,0.8404,0.8597,0.8781,0.891,0.9081,0.9258000000000001,0.9463,0.9691000000000001,0.9899
133372:0.046200000000000005,0.0625,0.0761,0.08360000000000001,0.09730000000000001,0.1292,0.1421,0.22760000000000002,0.23700000000000002,0.3027,0.3269,0.3407,0.37270000000000003,0.3854,0.4506,0.5116,0.5459,0.5669000000000001,0.5806,0.6309,0.6377,0.6539,0.6998000000000001,0.7501,0.7866000000000001,0.7947000000000001,0.8331000000000001,0.8443,0.8724000000000001,0.8887,0.9028,0.9622,0.9996
133525:0.09040000000000001,0.15410000000000001,0.3458,0.5783,0.6432
133765:0.0911,0.1532,0.3436,0.5774
133843:0.0393,0.1259,0.49870000000000003
133845:0.0489,0.0887,0.1428,0.33330000000000004,0.3421,0.5516,0.5740000000000001,0.6379,0.7767000000000001,0.8193,0.8747
134185:0.8839
135576:0.0466,0.0889,0.139,0.2263,0.3054,0.3467,0.5175000000000001,0.5739000000000001,0.6342,0.7036,0.7716000000000001,0.8335,0.8805000000000001,0.9679000000000001
135578:0.0329,0.07540000000000001,0.156,0.19840000000000002,0.275,0.394,0.4384,0.49450000000000005,0.5585,0.6,0.6515000000000001,0.6865,0.7202000000000001,0.7764000000000001,0.8862,0.9353,0.9763000000000001
135583:0.0264,0.0659,0.09000000000000001,0.1231,0.15940000000000001,0.1819,0.2131,0.2454,0.26830000000000004,0.3023,0.31930000000000003,0.3492,0.37460000000000004,0.4117,0.43410000000000004,0.45980000000000004,0.4839,0.5017,0.5365,0.5562,0.5928,0.6326,0.6509,0.6759000000000001,0.7073,0.7568,0.7769,0.7963,0.8181,0.8404,0.8687,0.8918,0.924,0.9469000000000001,0.9703
135908:0.042300000000000004,0.0594,0.0731,0.09090000000000001,0.1291,0.1413,0.18560000000000001,0.2136,0.2298,0.2912,0.316,0.3367,0.3677,0.3776,0.41050000000000003,0.44980000000000003,0.49410000000000004,0.5121,0.5491,0.5689000000000001,0.5851000000000001,0.6254000000000001,0.6917,0.7024,0.7446,0.7846000000000001,0.7929,0.8244,0.8432000000000001,0.8684000000000001,0.8901,0.9012,0.9561000000000001,0.9836,0.9991000000000001
136476:0.08120000000000001,0.2243,0.32080000000000003,0.5056,0.7854,0.9884000000000001
136637:0.0328,0.046400000000000004,0.06420000000000001,0.0779,0.0979,0.1188,0.13570000000000002,0.1502,0.19110000000000002,0.2242,0.2354,0.2882,0.3025,0.3184,0.336,0.35810000000000003,0.3758,0.4339,0.4474,0.4892,0.5029,0.5141,0.5312,0.5572,0.5737,0.6056,0.6274000000000001,0.646,0.6786,0.6948000000000001,0.7401,0.7719,0.7878000000000001,0.8215,0.8336,0.8475,0.8681000000000001,0.885,0.8999,0.9530000000000001,0.9689000000000001,0.9971000000000001
137208:0.014700000000000001,0.026500000000000003,0.0367,0.0465,0.0551,0.0641,0.0716,0.0801,0.0952,0.1043,0.11220000000000001,0.12440000000000001,0.1374,0.14730000000000001,0.1542,0.16590000000000002,0.1744,0.18510000000000001,0.20090000000000002,0.20900000000000002,0.21730000000000002,0.227,0.2403,0.2529,0.2605,0.277,0.28400000000000003,0.30110000000000003,0.3089,0.3156,0.3254,0.3357,0.34890000000000004,0.3577,0.36510000000000004,0.3773,0.3881,0.3972,0.40540000000000004,0.4208,0.4305,0.44220000000000004,0.45030000000000003,0.45980000000000004,0.47240000000000004,0.48510000000000003,0.4927,0.5003000000000001,0.5098,0.5176000000000001,0.5325,0.5455,0.5545,0.5648000000000001,0.5770000000000001,0.5872,0.5991000000000001,0.6077,0.6202000000000001,0.6318,0.6432,0.6509,0.6636000000000001,0.6732,0.6814,0.6949000000000001,0.7125,0.7221000000000001,0.7334,0.7433000000000001,0.7571,0.7621,0.7722,0.7811,0.7967000000000001,0.8064,0.8153,0.8278000000000001,0.8347,0.8421000000000001,0.8525,0.8615,0.8705,0.8787,0.8881,0.8953000000000001,0.9093,0.919,0.9278000000000001,0.9343,0.9470000000000001,0.9580000000000001,0.9716,0.9786,0.9914000000000001
137750:0.1831,0.30710000000000004,0.454,0.5015000000000001,0.5647,0.6804,0.784,0.886,0.9418000000000001
137751:0.0362,0.050800000000000005,0.07050000000000001,0.0873,0.12390000000000001,0.1388,0.1817,0.21330000000000002,0.233,0.2884,0.31520000000000004,0.3393,0.36360000000000003,0.4027,0.44430000000000003,0.45790000000000003,0.48090000000000005,0.4975,0.512,0.5276000000000001,0.5518000000000001,0.5684,0.5871000000000001,0.6249,0.6837000000000001,0.6982,0.7341000000000001,0.751,0.7798,0.7951,0.8243,0.8412000000000001,0.8681000000000001,0.8892,0.9052,0.9555,0.9687,0.9874
137753:0.011600000000000001,0.0246,0.033600000000000005,0.042300000000000004,0.056900000000000006,0.07250000000000001,0.0857,0.1004,0.12010000000000001,0.1401,0.1505,0.1626,0.17900000000000002,0.2112,0.22560000000000002,0.2431,0.259,0.2757,0.3015,0.30920000000000003,0.3231,0.3352,0.3496,0.3633,0.38730000000000003,0.39840000000000003,0.41960000000000003,0.4299,0.4435,0.47200000000000003,0.4818,0.4903,0.5118,0.5468000000000001,0.5633,0.5797,0.5995,0.6236,0.6333000000000001,0.6535000000000001,0.6664,0.6742,0.6927,0.7186,0.7314,0.7445,0.7576,0.7667,0.7811,0.8021,0.8138000000000001,0.8346,0.8486,0.8645,0.8748,0.8896000000000001,0.9075000000000001,0.9173,0.9306000000000001,0.9475,0.9613,0.9755,0.9906
138332:0.0337,0.038700000000000005,0.0426,0.046400000000000004,0.054,0.0669,0.0702,0.0763,0.0932,0.116,0.12810000000000002,0.1359,0.1391,0.1463,0.1903,0.22060000000000002,0.2278,0.23570000000000002,0.2898,0.2958,0.3049,0.31930000000000003,0.3247,0.3299,0.3433,0.3577,0.36660000000000004,0.3709,0.3771,0.4168,0.44020000000000004,0.44470000000000004,0.4501,0.4862,0.4893,0.49400000000000005,0.5102,0.5153,0.5233,0.5453,0.5522,0.5614,0.5686,0.5735,0.5836,0.5948,0.619,0.628,0.6441,0.6897,0.6952,0.6998000000000001,0.7055,0.7401,0.7448,0.7556,0.7731,0.7835000000000001,0.7918000000000001,0.8287,0.8341000000000001,0.8421000000000001,0.8598,0.8673000000000001,0.873,0.8969,0.9019,0.9500000000000001,0.9581000000000001,0.9635,0.9673,0.9887,0.9955
138335:0.0258,0.0361,0.0604,0.0728,0.1116,0.1221,0.1446,0.17120000000000002,0.1854,0.21050000000000002,0.21880000000000002,0.2551,0.28090000000000004,0.3007,0.309,0.32530000000000003,0.3452,0.35710000000000003,0.3749,0.38980000000000004,0.4243,0.44730000000000003,0.45890000000000003,0.4907,0.5024000000000001,0.5177,0.5461,0.5563,0.5761000000000001,0.5947,0.6166,0.6436000000000001,0.6724,0.6816,0.7027,0.7126,0.7426,0.7628,0.7716000000000001,0.7821,0.8072,0.8193,0.8335,0.8478,0.8609,0.8786,0.8885000000000001,0.9117000000000001,0.931,0.9558000000000001,0.9694,0.9879
138339:0.0316,0.0488,0.0704,0.085,0.0984,0.1198,0.1348,0.1499,0.1806,0.2165,0.234,0.2866,0.3116,0.3351,0.3587,0.3764,0.40180000000000005,0.4355,0.45170000000000005,0.48910000000000003,0.5156000000000001,0.5458000000000001,0.5727,0.6043000000000001,0.6341,0.6561,0.6808000000000001,0.7029000000000001,0.7469,0.7766000000000001,0.7911,0.8097000000000001,0.8365,0.8490000000000001,0.8737,0.8979,0.9252,0.9548000000000001,0.9703