472:0.02,0.0448,0.08420000000000001,0.1068,0.1258,0.1323,0.16570000000000001,0.1875,0.2124,0.2541,0.2635,0.2975,0.3214,0.3534,0.35960000000000003,0.4111,0.45690000000000003,0.467,0.5043,0.5194,0.5599000000000001,0.5900000000000001,0.5996,0.6477,0.6516000000000001,0.6806,0.6849000000000001,0.7002,0.7175,0.7435,0.7682,0.7843,0.7882,0.8314,0.8387,0.8734000000000001,0.9044000000000001,0.9136000000000001,0.9373,0.9498000000000001,0.9805,1.0099,1.0379,1.0431000000000001,1.0665,1.1185,1.1335,1.1612,1.1925000000000001,1.2204000000000002,1.2405000000000002,1.2862,1.3238,1.3337,1.3443,1.3915,1.4281000000000001,1.4544000000000001,1.4988000000000001,1.5048000000000001,1.5464,1.586,1.611,1.6361,1.6868,1.6992,1.7254,1.7555,1.7762,1.8007000000000002,1.8321,1.8549,1.8588,1.8987,1.9083,1.9321000000000002,1.9674,2.007,2.0537,2.0634,2.0746,2.1202,2.1579,2.1832000000000003,2.2166,2.2493000000000003,2.2560000000000002,2.2692,2.2922000000000002,2.3157,2.3452,2.3675,2.374,2.4302,2.4909000000000003,2.5091,2.5313000000000003,2.5352,2.5418000000000003,2.5723000000000003,2.5986000000000002,2.6032,2.646,2.6551,2.6716,2.6925000000000003,2.7016,2.7341,2.7417000000000002,2.7638000000000003,2.7946,2.8367,2.8645,2.9050000000000002,2.9530000000000003,2.9618,2.9949000000000003,3.0055,3.0207,3.0567,3.0813,3.0879000000000003,3.1218000000000004,3.1417,3.1601000000000004,3.1831,3.2124,3.2696,3.2805,3.3079,3.3120000000000003,3.3547000000000002,3.391,3.4192,3.456,3.4785000000000004,3.4855,3.5226,3.5518,3.5709,3.5978000000000003,3.6348000000000003,3.6694,3.7077,3.7714000000000003,3.8003,3.8184,3.845,3.8575000000000004,3.8671,3.8887,3.9114,3.9376,3.9425000000000003,3.9742,4.0182,4.0468,4.0739,4.113700000000001,4.1443,4.1935,4.2426,4.248,4.2894000000000005,4.3163,4.337400000000001,4.3432,4.3718,4.4059,4.4278,4.4322,4.4631,4.4855,4.4938,4.498200000000001,4.5482000000000005,4.579400000000001,4.6088000000000005,4.6577,4.6631,4.6981,4.7295,4.7412,4.785,4.8253,4.8554,4.899900000000001,4.9225,4.9322,4.9724,4.9977
676:0.0632,0.133,0.217,0.2495,0.2732,0.33,0.4269,0.4737,0.5283,0.6034,0.6625,0.752,0.794,0.8375,0.9387000000000001,1.0748,1.1379000000000001,1.2553,1.2970000000000002,1.3488,1.4597,1.5598,1.6455000000000002,1.7192,1.8067000000000002,1.8673000000000002,1.9142000000000001,1.9580000000000002,2.0177,2.0901,2.173,2.2278000000000002,2.2721,2.3061000000000003,2.3879,2.4533,2.5448,2.6087000000000002,2.6685000000000003,2.7019,2.7439,2.7998000000000003,2.8693,2.9233000000000002,2.9701,3.0242,3.0907,3.1279000000000003,3.186,3.2304,3.3275,3.4005,3.4845,3.5587,3.7293000000000003,3.8215000000000003,3.8537000000000003,3.9002000000000003,3.9450000000000003,3.987,4.0495,4.1423000000000005,4.2051,4.269,4.3441,4.3752,4.4401,4.5116000000000005,4.6142,4.6601,4.7075000000000005,4.7512,4.7968,4.867
750:0.0867,0.217,0.2484,0.28250000000000003,0.3224,0.36460000000000004,0.4776,0.5384,0.6174000000000001,0.6825,0.7485,0.7932,0.8754000000000001,0.921,0.9593,1.0746,1.1409,1.2904,1.485,1.7588000000000001,1.8627,1.9315,2.0319000000000003,2.1295,2.1865,2.2288,2.3264,2.4295,2.4817,2.5997000000000003,2.6573,2.7465,2.8008,2.85,2.9321,2.9771,3.0414000000000003,3.0900000000000003,3.1262000000000003,3.1968,3.2857000000000003,3.3946,3.4675000000000002,3.6801000000000004,3.7872000000000003,3.8396000000000003,3.9382,4.0003,4.1506,4.2071000000000005,4.3368,4.4286,4.4998000000000005,4.563400000000001,4.6679,4.7459,4.803100000000001,4.9042,4.9442
904:2.2676000000000003,2.5017,2.8748,4.4406
1133:0.009300000000000001,0.0245,0.036500000000000005,0.0465,0.062400000000000004,0.0727,0.0826,0.0916,0.1077,0.11910000000000001,0.1332,0.14400000000000002,0.1529,0.1638,0.1764,0.1897,0.2031,0.21230000000000002,0.2265,0.2353,0.24400000000000002,0.2536,0.26780000000000004,0.2772,0.2866,0.2969,0.30810000000000004,0.32030000000000003,0.33240000000000003,0.3415,0.3543,0.3653,0.37570000000000003,0.38830000000000003,0.4007,0.41040000000000004,0.42210000000000003,0.4383,0.4506,0.4591,0.46880000000000005,0.4828,0.4964,0.5059,0.5198,0.5288,0.5442,0.5539000000000001,0.5634,0.5714,0.5853,0.597,0.6083000000000001,0.6194000000000001,0.6345000000000001,0.6485000000000001,0.6629,0.6735,0.6839000000000001,0.6984,0.7082,0.7224,0.7352000000000001,0.7494000000000001,0.7652,0.7742,0.7875000000000001,0.8002,0.8136,0.8248000000000001,0.8353,0.8487,0.8647,0.875,0.8917,0.9018,0.9101,0.9204,0.9291,0.9374,0.9472,0.9604,0.9721000000000001,0.9893000000000001,1.0064,1.0231000000000001,1.0332000000000001,1.0465,1.0579,1.0704,1.0821,1.0919,1.1053,1.114,1.1218000000000001,1.133,1.1421000000000001,1.1516,1.1645,1.1751,1.1886,1.2022000000000002,1.219,1.236,1.247,1.2567000000000002,1.2706,1.2816,1.2926,1.3063,1.3233000000000001,1.3319,1.3399,1.3493000000000002,1.3603,1.3693,1.3826,1.3937000000000002,1.4028,1.4169,1.4295,1.4406,1.4523000000000001,1.4629,1.475,1.4848000000000001,1.4961,1.506,1.5169000000000001,1.5357,1.5452000000000001,1.5561,1.5686,1.5778,1.5915000000000001,1.6008,1.6126,1.6216000000000002,1.6340000000000001,1.6444,1.6568,1.6642000000000001,1.6756,1.6897,1.7035,1.7203000000000002,1.7329,1.7411,1.7545000000000002,1.7674,1.776,1.786,1.7976,1.8108000000000002,1.8229000000000002,1.8323,1.8406,1.8497000000000001,1.8606,1.8762,1.8891,1.9016000000000002,1.9119000000000002,1.9264000000000001,1.9374,1.9511,1.9613,1.9724000000000002,1.9811,1.9895,2.0078,2.0228,2.0364,2.0458000000000003,2.0611,2.0774,2.0893,2.0980000000000003,2.1095,2.128,2.1433,2.1533,2.1678,2.1775,2.1870000000000003,2.196,2.2075,2.2195,2.2281,2.2382,2.2476000000000003,2.2567,2.2681,2.2787,2.287,2.2984,2.3062,2.3271,2.3449,2.3586,2.3751,2.388,2.4002000000000003,2.4076,2.4169,2.4277,2.438,2.4511000000000003,2.4582,2.4673000000000003,2.4772000000000003,2.4895,2.4988,2.5138000000000003,2.5233000000000003,2.5347,2.5476,2.5558,2.5655,2.579,2.5876,2.5981,2.6099,2.6186000000000003,2.6313,2.6421,2.657,2.6667,2.6792000000000002,2.6905,2.7017,2.7111,2.7202,2.7299,2.7378,2.7492,2.7641,2.7785,2.7861000000000002,2.7974,2.8102,2.8189,2.8298,2.8431,2.8554,2.8664,2.8770000000000002,2.8917,2.9091,2.9248000000000003,2.9410000000000003,2.9523,2.9637000000000002,2.9811,2.9898000000000002,3.0021,3.0113000000000003,3.0204,3.0322,3.0447,3.0608,3.0722,3.0838,3.0914,3.1044,3.1149,3.1315,3.1472,3.1605000000000003,3.1701,3.1794000000000002,3.1901,3.2062,3.2146000000000003,3.2273,3.2411000000000003,3.2514000000000003,3.2648,3.2767,3.289,3.2995,3.3105,3.3213000000000004,3.3335000000000004,3.3478000000000003,3.3603,3.3746,3.3836,3.3955,3.4038000000000004,3.4156,3.4273000000000002,3.4366000000000003,3.4447,3.455,3.4651,3.475,3.4853,3.4999000000000002,3.5112,3.5176000000000003,3.5275000000000003,3.5376000000000003,3.5472,3.5654000000000003,3.5792,3.5918,3.6039000000000003,3.6142000000000003,3.6239000000000003,3.6333,3.644,3.6547,3.6630000000000003,3.6732,3.685,3.697,3.7079,3.7165000000000004,3.7257000000000002,3.7350000000000003,3.7437,3.7513,3.7625,3.7759,3.793,3.8043,3.8162000000000003,3.8252,3.8325,3.8424,3.8578,3.8709000000000002,3.8809,3.8953,3.906,3.9169,3.9356,3.9491,3.9583000000000004,3.971,3.9814000000000003,3.9946,4.0107,4.025,4.0385,4.048,4.0599,4.0696,4.0845,4.0943000000000005,4.1109,4.122,4.1336,4.1467,4.1571,4.1694,4.179,4.1904,4.2074,4.2168,4.2338000000000005,4.2459,4.2581,4.2713,4.2833000000000006,4.2999,4.3109,4.3216,4.336,4.349600000000001,4.357600000000001,4.3709,4.3806,4.3982,4.4084,4.421,4.4329,4.4404,4.4491000000000005,4.4612,4.4725,4.4833,4.496,4.5088,4.5189,4.5321,4.5406,4.5561,4.5657000000000005,4.5807,4.5894,4.5994,4.6099000000000006,4.6218,4.632000000000001,4.6433,4.6525,4.6637,4.673900000000001,4.6839,4.6965,4.7075000000000005,4.7205,4.728800000000001,4.7396,4.7609,4.7708,4.782900000000001,4.7941,4.8026,4.8121,4.8243,4.8359000000000005,4.8471,4.859100000000001,4.8688,4.8832,4.8921,4.9054,4.919700000000001,4.9278,4.938000000000001,4.9462,4.9611,4.9731000000000005,4.9833,4.9995
1792:0.20090000000000002,0.3574,0.49660000000000004,0.6163000000000001,0.9973000000000001,1.0784,1.1763000000000001,1.3588,2.0058000000000002,2.4610000000000003,2.5268,2.6587,2.8353,2.8423000000000003,2.9306,3.7189,3.7479,3.7583,4.226100000000001,4.5783000000000005,4.5862,4.9199
2793:2.2751,2.8517
2860:0.0216,0.0465,0.07350000000000001,0.08270000000000001,0.1247,0.158,0.1884,0.21330000000000002,0.23500000000000001,0.24780000000000002,0.2726,0.28950000000000004,0.30670000000000003,0.3231,0.3524,0.36560000000000004,0.396,0.4324,0.4489,0.47750000000000004,0.5214,0.543,0.5602,0.5911000000000001,0.6153000000000001,0.6272,0.6562,0.68,0.7180000000000001,0.7438,0.7632,0.7686000000000001,0.7895000000000001,0.8247,0.8529,0.8699,0.8965000000000001,0.9237000000000001,0.9506,0.9604,0.9822000000000001,1.0061,1.0177,1.0641,1.078,1.1016000000000001,1.1208,1.1404,1.1597,1.2013,1.2223000000000002,1.2401,1.2610000000000001,1.2806,1.3015,1.3233000000000001,1.3521,1.3811,1.3943,1.4189,1.4399000000000002,1.4516,1.4824000000000002,1.5088000000000001,1.5268000000000002,1.5487,1.59,1.6216000000000002,1.6564,1.6987,1.7243000000000002,1.7526000000000002,1.7713,1.7801,1.8043,1.8307,1.8628,1.8834000000000002,1.9145,1.9306,1.9373,1.9735,2.0091,2.0302000000000002,2.0754,2.1032,2.1288,2.1706000000000003,2.1864,2.1987,2.2233,2.2294,2.2503,2.2565,2.2927,2.3135,2.3394,2.3554,2.3742,2.3991000000000002,2.4290000000000003,2.4610000000000003,2.4807,2.5077000000000003,2.5331,2.5802,2.5988,2.6271,2.654,2.7186000000000003,2.7332,2.7405,2.7693000000000003,2.7995,2.8249,2.8463000000000003,2.8747000000000003,2.9061000000000003,2.9308,2.9575,2.9775,2.995,3.0179,3.0397000000000003,3.0688,3.0893,3.113,3.1273,3.1375,3.1735,3.1953,3.2134,3.2329000000000003,3.2454,3.2624,3.2829,3.3122000000000003,3.3365,3.3753,3.3930000000000002,3.4199,3.4389000000000003,3.4654000000000003,3.4843,3.5262000000000002,3.5464,3.5698000000000003,3.6033000000000004,3.6365000000000003,3.6727000000000003,3.7015000000000002,3.722,3.7636000000000003,3.7866,3.8195,3.8384,3.8532,3.8636000000000004,3.89,3.9112,3.9376,3.9467000000000003,3.9773,3.995,4.0243,4.0463000000000005,4.0777,4.1166,4.1467,4.1794,4.2045,4.2263,4.244800000000001,4.2897,4.329000000000001,4.339300000000001,4.3705,4.390000000000001,4.4116,4.4271,4.4674000000000005,4.4838000000000005,4.498600000000001,4.5069,4.5373,4.5628,4.6077,4.6409,4.6645,4.6872,4.705,4.7244,4.7458,4.7861,4.8106,4.8396,4.8704,4.9002,4.9363,4.9469,4.970400000000001,4.982
3122:0.0227,3.4534000000000002,4.2965
3359:0.0135,0.025400000000000002,0.027200000000000002,0.0685,0.0688,0.069,0.0863,0.1066,0.1077,0.1222,0.1325,0.1406,0.1542,0.1711,0.1758,0.1781,0.1852,0.18730000000000002,0.1932,0.19740000000000002,0.1986,0.2025,0.2121,0.2139,0.2142,0.22110000000000002,0.2225,0.23270000000000002,0.2559,0.2586,0.2606,0.2625,0.2913,0.2923,0.29710000000000003,0.2985,0.3053,0.3063,0.31010000000000004,0.31570000000000004,0.32270000000000004,0.3373,0.3395,0.3397,0.34190000000000004,0.3478,0.3509,0.3531,0.3673,0.3677,0.3694,0.3738,0.3778,0.3789,0.37970000000000004,0.38720000000000004,0.39680000000000004,0.39840000000000003,0.40080000000000005,0.4043,0.4083,0.4092,0.4097,0.4138,0.4229,0.43510000000000004,0.43620000000000003,0.437,0.44220000000000004,0.4464,0.45270000000000005,0.4562,0.46480000000000005,0.4656,0.4667,0.4687,0.4692,0.47590000000000005,0.47740000000000005,0.48350000000000004,0.4857,0.4877,0.49010000000000004,0.49420000000000003,0.5047,0.5055000000000001,0.5149,0.5395,0.5486,0.5488000000000001,0.5564,0.5604,0.562,0.5778,0.5809000000000001,0.5843,0.5848,0.5929,0.6022000000000001,0.6088,0.6158,0.6177,0.621,0.6244000000000001,0.6331,0.6336,0.6341,0.6387,0.6534,0.6541,0.6609,0.6679,0.6689,0.6716000000000001,0.6853,0.6876,0.6960000000000001,0.7024,0.7073,0.7169,0.7458,0.7475,0.7485,0.7496,0.7575000000000001,0.7601,0.7604000000000001,0.765,0.7765000000000001,0.7799,0.7911,0.8039000000000001,0.8151,0.8249000000000001,0.8272,0.8326,0.8352,0.8403,0.8470000000000001,0.8481000000000001,0.8548,0.8578,0.8582000000000001,0.8643000000000001,0.8689,0.8775000000000001,0.8813000000000001,0.8825000000000001,0.8878,0.8909,0.9034000000000001,0.9107000000000001,0.9137000000000001,0.9148000000000001,0.9251,0.9273,0.9282,0.9333,0.9348000000000001,0.9432,0.9468000000000001,0.9512,0.9654,0.9803000000000001,0.9840000000000001,0.9852000000000001,0.9924000000000001,0.9969,0.9991000000000001,1.0068000000000001,1.0187,1.0204,1.0232,1.0324,1.0372000000000001,1.0379,1.0416,1.0449,1.0496,1.0548,1.076,1.0849,1.0857,1.0876000000000001,1.0892,1.106,1.1244,1.1362,1.1400000000000001,1.1488,1.1502000000000001,1.1513,1.1603,1.1674,1.1683000000000001,1.1731,1.1767,1.1840000000000002,1.187,1.1962000000000002,1.1976,1.2009,1.2063000000000001,1.2091,1.2277,1.2369,1.2401,1.242,1.2525000000000002,1.2564,1.258,1.2665,1.2687000000000002,1.2868000000000002,1.2890000000000001,1.3035,1.3046,1.3087,1.3136,1.3211000000000002,1.3287,1.332,1.3335000000000001,1.3451,1.3537000000000001,1.3562,1.3597000000000001,1.3622,1.3667,1.368,1.3694000000000002,1.3778000000000001,1.3792,1.3801,1.3831,1.3858000000000001,1.3889,1.3935,1.4151,1.4179000000000002,1.4256,1.4307,1.4339000000000002,1.4495,1.4645000000000001,1.4721,1.4794,1.4826000000000001,1.4865000000000002,1.49,1.5074,1.5106000000000002,1.5121,1.5137,1.5154,1.5222,1.5295,1.5390000000000001,1.5486,1.5494,1.5521,1.5565,1.5610000000000002,1.5619,1.5782,1.5817,1.5834000000000001,1.5861,1.5884,1.5949,1.5994000000000002,1.6075000000000002,1.6091,1.6161,1.6362,1.6443,1.6498000000000002,1.6518000000000002,1.6573,1.6577000000000002,1.6641000000000001,1.6860000000000002,1.6864000000000001,1.6968,1.713,1.7145000000000001,1.7226000000000001,1.7279,1.7283000000000002,1.7312,1.733,1.734,1.7374,1.7411,1.7563000000000002,1.7771000000000001,1.7919,1.7925,1.7956,1.7967000000000002,1.7984,1.7990000000000002,1.8074000000000001,1.8076,1.8085,1.8123,1.8135000000000001,1.8347,1.8361,1.8525,1.87,1.8718000000000001,1.8843,1.8889,1.8965,1.897,1.8992,1.9024,1.9103,1.9146,1.9218000000000002,1.9278000000000002,1.9318000000000002,1.9372,1.9489,1.9527,1.953,1.9555,1.9574,1.9636,1.9683000000000002,1.9702000000000002,1.9727000000000001,1.9828000000000001,1.9858,1.9885000000000002,2.0114,2.0142,2.0296000000000003,2.0524,2.0644,2.0669,2.0704000000000002,2.0726,2.0833,2.0838,2.0927000000000002,2.0982000000000003,2.1027,2.1075,2.1149,2.1201000000000003,2.1205000000000003,2.1408,2.1445000000000003,2.1465,2.1471,2.1616,2.1687000000000003,2.1739,2.1776,2.1852,2.1917,2.1926,2.1937,2.2088,2.214,2.2292,2.236,2.2388,2.2536,2.2584,2.2645,2.2701000000000002,2.2816,2.2920000000000003,2.3163,2.3472,2.3522000000000003,2.3809,2.3902,2.3927,2.3977,2.399,2.4139,2.4195,2.4207,2.4248000000000003,2.4488000000000003,2.4571,2.4677000000000002,2.4765,2.49,2.4907,2.4942,2.4965,2.4968,2.4975,2.5012000000000003,2.515,2.5187,2.548,2.5486,2.5566,2.563,2.5661,2.5732,2.5849,2.592,2.5997000000000003,2.603,2.6041000000000003,2.6128,2.6143,2.6162,2.6194,2.6274,2.6388000000000003,2.6391,2.6443000000000003,2.6487000000000003,2.6569000000000003,2.6662000000000003,2.6871,2.6967000000000003,2.6983,2.7079,2.7121,2.7213000000000003,2.7363,2.7383,2.7462,2.7516000000000003,2.7571000000000003,2.7622,2.7666,2.7763,2.7868,2.789,2.7939000000000003,2.8165,2.8338,2.8344,2.8376,2.845,2.8533,2.8537000000000003,2.859,2.863,2.8694,2.8766000000000003,2.8837,2.8922000000000003,2.9093,2.9107000000000003,2.911,2.9174,2.9213,2.9242000000000004,2.9311000000000003,2.9381,2.9539,2.9567,2.972,2.9752,2.987,2.9930000000000003,3.0029000000000003,3.0104,3.02,3.0267,3.0369,3.04,3.0423,3.0615,3.0647,3.0727,3.0748,3.077,3.0781,3.0787,3.0854000000000004,3.0941,3.0985,3.1013,3.1017,3.1227,3.124,3.1243000000000003,3.1245000000000003,3.1265,3.1269,3.1292,3.1308000000000002,3.1336,3.1349,3.1367000000000003,3.1399000000000004,3.1403000000000003,3.1420000000000003,3.1562,3.1576,3.1593,3.16,3.1634,3.1672000000000002,3.1715,3.1782000000000004,3.1812,3.1882,3.1906000000000003,3.1985,3.2022,3.2195,3.2214,3.2256,3.2358000000000002,3.2479,3.2484,3.2714000000000003,3.2796000000000003,3.2864,3.2996000000000003,3.3016,3.3035,3.3246,3.3400000000000003,3.3449,3.3531,3.3598000000000003,3.3667000000000002,3.3884000000000003,3.3889,3.407,3.4104,3.4113,3.4217,3.4243,3.4291,3.4317,3.4385000000000003,3.4466,3.4513000000000003,3.4722,3.4730000000000003,3.5,3.5024,3.503,3.5037000000000003,3.5043,3.5051,3.5097,3.5119000000000002,3.5256000000000003,3.5432,3.5436,3.5447,3.548,3.5496000000000003,3.5503,3.5624000000000002,3.5689,3.5721000000000003,3.5746,3.5834,3.5865,3.597,3.5980000000000003,3.5991,3.601,3.6176000000000004,3.6203000000000003,3.6256000000000004,3.6261,3.6545,3.6551,3.6590000000000003,3.6641000000000004,3.6693000000000002,3.6731000000000003,3.6738,3.6975000000000002,3.7051000000000003,3.7087000000000003,3.7131000000000003,3.7155,3.7256,3.7316000000000003,3.7361,3.7555,3.761,3.7623,3.7871,3.7958000000000003,3.8046,3.805,3.8093000000000004,3.8103000000000002,3.8105,3.8156000000000003,3.8166,3.8507000000000002,3.8517,3.8586,3.8675,3.8725,3.8773,3.8873,3.8903000000000003,3.8973,3.9000000000000004,3.9055,3.9158000000000004,3.919,3.9196,3.9208000000000003,3.9235,3.9276,3.9378,3.9434,3.9437,3.9461000000000004,3.9577,3.9603,3.9666,3.9726000000000004,3.9812000000000003,3.9816000000000003,3.9968000000000004,4.003,4.0107,4.029,4.032,4.0334,4.0379000000000005,4.0396,4.0449,4.0457,4.052700000000001,4.0534,4.0725,4.0748,4.0763,4.081300000000001,4.0895,4.0905000000000005,4.091,4.1088000000000005,4.109500000000001,4.1290000000000004,4.1309000000000005,4.1443,4.1462,4.1487,4.204000000000001,4.2095,4.210100000000001,4.2121,4.2188,4.2405,4.2469,4.2473,4.2522,4.2557,4.2577,4.2631000000000006,4.267,4.2700000000000005,4.2739,4.2762,4.2839,4.2895,4.3022,4.3036,4.3067,4.3074,4.3093,4.3105,4.313000000000001,4.3182,4.3202,4.3263,4.3348,4.3383,4.3411,4.3429,4.351,4.3574,4.3636,4.3752,4.3764,4.3885000000000005,4.4059,4.4063,4.4183,4.4203,4.4395,4.4428,4.4473,4.4595,4.4646,4.4648,4.4759,4.4797,4.4871,4.5008,4.5013000000000005,4.5137,4.5177000000000005,4.5362,4.5374,4.5463000000000005,4.5525,4.5559,4.5562000000000005,4.5566,4.556900000000001,4.5587,4.5625,4.5745000000000005,4.5778,4.5856,4.5987,4.6022,4.613,4.6147,4.6212,4.6229000000000005,4.6231,4.6247,4.628,4.6322,4.6375,4.6479,4.6548,4.6637,4.6770000000000005,4.6915000000000004,4.7,4.7167,4.721,4.7308,4.7583,4.7603,4.787100000000001,4.7893,4.800400000000001,4.8100000000000005,4.8204,4.833,4.8452,4.8497,4.8544,4.8781,4.879700000000001,4.8824000000000005,4.8888,4.8956,4.9064000000000005,4.9096,4.9125000000000005,4.9207,4.941800000000001,4.9446,4.948,4.9511,4.9726,4.974200000000001,4.9836,4.9878,4.9923,4.9938,4.9997
3448:0.017400000000000002,0.059300000000000005,0.0809,0.1547,0.2106,0.29400000000000004,0.3406,0.3801,0.40940000000000004,0.4418,0.4904,0.5443,0.5850000000000001,0.6259,0.7653000000000001,0.8254,0.8879,0.9373,0.9775,1.0677,1.1087,1.1561000000000001,1.2009,1.2337,1.2666000000000002,1.3182,1.3872,1.4180000000000001,1.4842,1.5271000000000001,1.5475,1.6082,1.6782000000000001,1.7510000000000001,1.8278,1.9313,1.9644000000000001,2.0006,2.0397000000000003,2.1129000000000002,2.1793,2.3142,2.3991000000000002,2.4298,2.4667000000000003,2.5278,2.5969,2.6377,2.6923,2.725,2.8068,2.8803,2.9044000000000003,2.9513000000000003,2.9953000000000003,3.0491,3.1144000000000003,3.1396,3.2104000000000004,3.2598000000000003,3.3416,3.3909000000000002,3.4701,3.5061,3.547,3.588,3.629,3.6548000000000003,3.6830000000000003,3.7249000000000003,3.7612,3.8443,4.0013000000000005,4.0351,4.0662,4.1021,4.1378,4.1706,4.2262,4.3151,4.3868,4.4818,4.5318000000000005,4.572,4.6063,4.653700000000001,4.6911000000000005,4.7759,4.8194,4.8786000000000005,4.9527,4.9856
3773:0.013900000000000001,0.0368,0.0555,0.0734,0.0971,0.1301,0.14600000000000002,0.1781,0.2051,0.2263,0.2752,0.2932,0.3316,0.35810000000000003,0.3753,0.4042,0.4181,0.4394,0.45790000000000003,0.47550000000000003,0.49400000000000005,0.5199,0.5452,0.5720000000000001,0.5920000000000001,0.6132000000000001,0.6291,0.6488,0.6862,0.7136,0.7512000000000001,0.7933,0.8178000000000001,0.8363,0.8593000000000001,0.8809,0.9023,0.9244,0.9385,0.9607,0.9785,1.0134,1.0503,1.0645,1.084,1.1076000000000001,1.1382,1.1568,1.1781000000000001,1.1959,1.2152,1.2342,1.2552,1.2811000000000001,1.3043,1.3274000000000001,1.3569,1.3862,1.4123,1.4303000000000001,1.4689,1.4894,1.5066000000000002,1.5246000000000002,1.5418,1.5815000000000001,1.6101,1.6555,1.703,1.7272,1.7513,1.79,1.8191000000000002,1.8501,1.9044,1.9294,1.9428,1.9645000000000001,1.9888000000000001,2.0163,2.0422000000000002,2.0616,2.1016,2.1372,2.1648,2.1896,2.2228,2.2578,2.3059000000000003,2.3337000000000003,2.3637,2.39,2.4074,2.4343,2.4587000000000003,2.4739,2.5016000000000003,2.5205,2.5388,2.5645000000000002,2.5944000000000003,2.6218,2.6396,2.6745,2.696,2.7162,2.7426,2.7645,2.7966,2.8161,2.8405,2.8654,2.8932,2.9066,2.9307000000000003,2.9519,2.9781,3.0220000000000002,3.0442,3.0764,3.0929,3.1136000000000004,3.1332,3.1545,3.1873,3.2112000000000003,3.2358000000000002,3.2787,3.3065,3.3283,3.346,3.3817000000000004,3.3996,3.4241,3.459,3.474,3.4957000000000003,3.5259,3.5518,3.5742000000000003,3.593,3.6213,3.6384000000000003,3.6527000000000003,3.6703,3.6892,3.7149,3.7285000000000004,3.7504000000000004,3.7697000000000003,3.8086,3.841,3.8600000000000003,3.8955,3.9302,3.9731,4.0063,4.0265,4.0418,4.0509,4.0684000000000005,4.0933,4.1186,4.1359,4.1587000000000005,4.1755,4.2019,4.2449,4.2708,4.3085,4.337000000000001,4.3546000000000005,4.382000000000001,4.4177,4.4455,4.4787,4.4973,4.5172,4.5408,4.5603,4.583600000000001,4.6048,4.6393,4.6690000000000005,4.6916,4.7286,4.7487,4.791300000000001,4.8185,4.851500000000001,4.8788,4.901,4.923900000000001,4.941400000000001,4.9670000000000005,4.9858
3807:0.0869,0.195,0.25320000000000004,0.3501,0.4349,0.4899,0.5605,0.6143000000000001,0.7036,0.7682,0.921,0.9568000000000001,0.9951000000000001,1.0745,1.1712,1.2950000000000002,1.3529,1.4015,1.5053,1.5978,1.8330000000000002,1.9555,2.0054000000000003,2.0612,2.4064,2.4558,2.5228,2.5832,2.782,2.8339000000000003,2.9248000000000003,2.9762,3.0592,3.1091,3.2553,3.3264,3.4396,3.7085000000000004,3.7458,3.8251000000000004,3.9122000000000003,4.1094,4.1544,4.2203,4.29,4.3691,4.5334,4.5777,4.6296,4.7458,4.9164
5353:0.0381,0.0596,0.08940000000000001,0.13620000000000002,0.1579,0.2102,0.2898,0.3395,0.37570000000000003,0.4131,0.44160000000000005,0.47840000000000005,0.5075000000000001,0.5453,0.5946,0.6296,0.6599,0.7122,0.7634000000000001,0.7988000000000001,0.8386,0.8791,0.9039,0.9432,0.9801000000000001,1.0618,1.1117000000000001,1.1481000000000001,1.1801000000000001,1.212,1.2371,1.2638,1.3171000000000002,1.354,1.4067,1.4316,1.4894,1.5253,1.6004,1.6627,1.7124000000000001,1.7525000000000002,1.7898,1.8463,1.8705,1.9193,1.9441000000000002,1.9973,2.0512,2.1346000000000003,2.1882,2.2306,2.3065,2.3546,2.3984,2.4507000000000003,2.5096000000000003,2.5304,2.5636,2.5974,2.6338,2.6811000000000003,2.6951,2.7232000000000003,2.7576,2.8089,2.845,2.8816,2.9129,2.9714,3.0404,3.095,3.1286,3.1529000000000003,3.1771000000000003,3.2136,3.2600000000000002,3.3039,3.3456,3.3920000000000003,3.4653,3.4953000000000003,3.5402,3.5733,3.6033000000000004,3.6337,3.6687000000000003,3.6969000000000003,3.7270000000000003,3.7814,3.8454,3.8676000000000004,3.9031000000000002,3.9806000000000004,4.0156,4.0419,4.069500000000001,4.1025,4.1387,4.1765,4.2476,4.3118,4.3487,4.388,4.4266000000000005,4.4778,4.4896,4.5186,4.5726,4.6635,4.6826,4.7445,4.7957,4.8379,4.8963,4.9354000000000005,4.9737
5536:0.027200000000000002,0.0485,0.0828,0.11220000000000001,0.1326,0.15760000000000002,0.19210000000000002,0.2155,0.23070000000000002,0.24760000000000001,0.2629,0.2871,0.31470000000000004,0.33990000000000004,0.3597,0.3829,0.40700000000000003,0.4273,0.45570000000000005,0.4733,0.49860000000000004,0.5243,0.5559000000000001,0.5819,0.5959,0.6141,0.6404000000000001,0.6661,0.679,0.7127,0.7289,0.7538,0.7832,0.8113,0.8268000000000001,0.8706,0.8968,0.9138000000000001,0.9316000000000001,0.9495,0.9959,1.0290000000000001,1.0512000000000001,1.0757,1.1073,1.1273,1.1429,1.1685,1.1877,1.2384000000000002,1.2534,1.2765,1.3261,1.3424,1.3966,1.4327,1.4559,1.479,1.5034,1.5192,1.5612000000000001,1.5828,1.6188,1.6379000000000001,1.6643000000000001,1.693,1.7079,1.737,1.7571,1.7783,1.8014000000000001,1.8245,1.8429,1.8581,1.8947,1.9164,1.9399000000000002,1.9599000000000002,1.9847000000000001,2.0172,2.0529,2.0768,2.0912,2.1337,2.1627,2.1794000000000002,2.2026,2.2257000000000002,2.2444,2.2723,2.2918000000000003,2.3115,2.3542,2.3849,2.4031000000000002,2.4205,2.4416,2.4583,2.4941,2.5555000000000003,2.5834,2.5994,2.6237,2.645,2.6697,2.6868000000000003,2.7049000000000003,2.7230000000000003,2.7404,2.7667,2.8053000000000003,2.8193,2.8482000000000003,2.8626,2.9014,2.9478,2.9616000000000002,2.986,3.0055,3.0228,3.0501,3.0786000000000002,3.0915000000000004,3.1359000000000004,3.1626000000000003,3.1805000000000003,3.2086,3.2298,3.2552000000000003,3.2842000000000002,3.3084000000000002,3.3569,3.3791,3.4013,3.4189000000000003,3.4462,3.4896000000000003,3.5197000000000003,3.5427,3.5878,3.6069,3.636,3.6628000000000003,3.7030000000000003,3.7184000000000004,3.7377000000000002,3.7556000000000003,3.778,3.8081,3.8268,3.8458,3.8789000000000002,3.8995,3.9165,3.9579,3.9755000000000003,4.0276000000000005,4.05,4.091,4.1185,4.1417,4.1967,4.2217,4.250500000000001,4.2746,4.3078,4.3293,4.3528,4.3767000000000005,4.4238,4.4406,4.464,4.4884,4.5042,4.5353,4.5679,4.593500000000001,4.6107000000000005,4.6496,4.6688,4.688000000000001,4.7125,4.7354,4.766900000000001,4.787100000000001,4.8167,4.8506,4.8722,4.8956,4.924300000000001,4.9722,4.987900000000001
5565:2.2673,2.4770000000000003,2.6968,4.2037
5787:0.019200000000000002,0.0425,0.0707,0.1085,0.1302,0.1627,0.18760000000000002,0.2175,0.2364,0.2619,0.29450000000000004,0.3219,0.3468,0.3663,0.4038,0.42850000000000005,0.45230000000000004,0.4738,0.49610000000000004,0.5456,0.5796,0.6096,0.6273000000000001,0.6646000000000001,0.7097,0.7292000000000001,0.7681,0.794,0.8217,0.8470000000000001,0.8861,0.9092,0.9456,0.9942000000000001,1.0416,1.0767,1.1072,1.1361,1.1789,1.2006000000000001,1.2232,1.2492,1.2685,1.2819,1.3127,1.3375000000000001,1.3679000000000001,1.3948,1.4192,1.4433,1.4662000000000002,1.5073,1.5428000000000002,1.5648,1.6019,1.6272,1.6602000000000001,1.6902000000000001,1.7294,1.7473,1.7842,1.8265,1.8513000000000002,1.8806,1.9007,1.9338000000000002,1.9715,1.9977,2.0293,2.0696,2.0944000000000003,2.1312,2.1602,2.1909,2.2184,2.2365,2.2692,2.297,2.3353,2.3657,2.4004000000000003,2.4323,2.4886,2.5174000000000003,2.557,2.5899,2.6154,2.6425,2.6735,2.6978,2.7204,2.7418,2.7641,2.8000000000000003,2.8218,2.8525,2.8850000000000002,2.9101000000000004,2.9574000000000003,2.9875000000000003,3.0117000000000003,3.0495,3.0919000000000003,3.1274,3.1654,3.1853000000000002,3.2167000000000003,3.2514000000000003,3.2755,3.3115,3.3491,3.3714,3.3852,3.4187000000000003,3.4374000000000002,3.4654000000000003,3.4833000000000003,3.5044,3.5236,3.5532000000000004,3.5954,3.6172,3.6624000000000003,3.6872000000000003,3.7066000000000003,3.7305,3.7705,3.7993,3.8225000000000002,3.8466,3.8813,3.9166000000000003,3.9532000000000003,3.9808000000000003,4.0052,4.0426,4.0749,4.1125,4.138,4.1633000000000004,4.2083,4.2255,4.2592,4.3021,4.3282,4.3597,4.3954,4.4276,4.444100000000001,4.477,4.5016,4.542400000000001,4.5803,4.6041,4.6196,4.6486,4.6752,4.7098,4.7357000000000005,4.7656,4.7894000000000005,4.8124,4.8445,4.863,4.8874,4.924,4.944,4.9768
6027:2.3209,2.7445,3.8556000000000004
6128:0.0212,0.0728,0.0853,0.12560000000000002,0.1331,0.15760000000000002,0.18860000000000002,0.2137,0.2361,0.24730000000000002,0.26530000000000004,0.2817,0.3062,0.3214,0.3528,0.3635,0.39680000000000004,0.4465,0.4781,0.5208,0.5385,0.5623,0.5912000000000001,0.6154000000000001,0.625,0.6589,0.6803,0.7207,0.7441,0.7666000000000001,0.7911,0.8252,0.8582000000000001,0.8748,0.8982,0.9246000000000001,0.9506,0.9584,0.9834,1.0156,1.0659,1.0773000000000001,1.1183,1.1408,1.1606,1.2007,1.2243000000000002,1.249,1.2665,1.2889000000000002,1.3231000000000002,1.3553000000000002,1.3805,1.4192,1.4519,1.4824000000000002,1.5097,1.5322,1.5508000000000002,1.5906,1.6227,1.6560000000000001,1.6995,1.7291,1.7564000000000002,1.7799,1.8027000000000002,1.8304,1.8626,1.8823,1.9143000000000001,1.9308,1.9743000000000002,2.0096000000000003,2.0304,2.0761000000000003,2.1033,2.1295,2.1711,2.1869,2.2163,2.2288,2.2543,2.2929,2.3219000000000003,2.3512,2.3756,2.3995,2.427,2.4593000000000003,2.4809,2.5093,2.5348,2.5815,2.5986000000000002,2.6271,2.6541,2.7187,2.7413000000000003,2.7688,2.7977000000000003,2.8234000000000004,2.8469,2.8760000000000003,2.9073,2.9305000000000003,2.9577,2.9782,3.0170000000000003,3.0411,3.0698000000000003,3.0909,3.1131,3.1258000000000004,3.1719,3.1957,3.2422,3.2629,3.2865,3.3111,3.3378,3.3752,3.3937000000000004,3.439,3.4653,3.4851,3.5271000000000003,3.5694000000000004,3.6031,3.6361000000000003,3.6739,3.6821,3.7237,3.7324,3.7647000000000004,3.7865,3.8193,3.8387000000000002,3.8653000000000004,3.8902,3.9122000000000003,3.9362000000000004,3.9775,3.9983000000000004,4.0259,4.0466,4.0799,4.1178,4.1475,4.1562,4.1798,4.2058,4.2253,4.2491,4.291,4.3285,4.3381,4.3709,4.4085,4.427700000000001,4.4678,4.4955,4.5023,4.5377,4.5635,4.6082,4.6405,4.6686000000000005,4.6883,4.724200000000001,4.7455,4.7872,4.8029,4.8403,4.873200000000001,4.9005,4.9367,4.9454,4.9772,4.9991
6155:0.0189,0.0976,0.1779,0.2232,0.2711,0.2908,0.3275,0.34090000000000004,0.3654,0.38530000000000003,0.4151,0.4375,0.453,0.4854,0.5003000000000001,0.526,0.5521,0.6144000000000001,0.6568,0.6788000000000001,0.7285,0.7563000000000001,0.8066,0.8615,0.915,0.9548000000000001,1.0014,1.0302,1.0957000000000001,1.1092,1.1747,1.1979,1.2401,1.2813,1.3466,1.3599,1.4149,1.4736,1.5078,1.5238,1.5517,1.6319000000000001,1.6459000000000001,1.6715,1.7072,1.7323000000000002,1.7424000000000002,1.8273000000000001,1.8448,1.8976000000000002,1.9387,1.9819,2.0435000000000003,2.061,2.1277,2.1574,2.201,2.2418,2.2803,2.3272,2.3557,2.414,2.4266,2.5017,2.5355000000000003,2.5797000000000003,2.5955,2.6223,2.6652,2.6931000000000003,2.7393,2.8085,2.9234,2.9392,2.9968000000000004,3.0751,3.1118,3.1348000000000003,3.1528,3.1908000000000003,3.2168,3.2622,3.3187,3.3417000000000003,3.3854,3.4166000000000003,3.4482000000000004,3.4655,3.4923,3.5246,3.5562,3.5822000000000003,3.6357000000000004,3.652,3.6707,3.7910000000000004,3.8085,3.8743000000000003,3.9265000000000003,3.9515000000000002,4.0307,4.0404,4.0651,4.1435,4.158,4.1744,4.1971,4.2445,4.2763,4.3001000000000005,4.339,4.3603000000000005,4.4138,4.4379,4.4661,4.5002,4.5286,4.5952,4.6212,4.642,4.730700000000001,4.814900000000001,4.8357,4.8904000000000005,4.902200000000001,4.9206,4.9555
7345:0.045700000000000005,0.0804,0.24230000000000002,0.557,0.6203000000000001,0.7618,0.8385,0.9548000000000001,1.0155,1.2436,1.3918000000000001,1.4523000000000001,1.5075,1.7236,1.7729000000000001,1.9298000000000002,2.1869,2.2520000000000002,2.3158000000000003,2.3677,2.5333,2.5989,2.7350000000000003,2.8412,2.996,3.1341,3.2106000000000003,3.3892,3.4824,3.858,3.9974000000000003,4.2418000000000005,4.3757,4.4995,4.6992,4.7357000000000005,4.8402,4.9717
7703:0.0015,0.0097,0.0206,0.0339,0.0396,0.0403,0.0494,0.0545,0.0601,0.062200000000000005,0.06570000000000001,0.0862,0.08650000000000001,0.0891,0.09230000000000001,0.11120000000000001,0.11410000000000001,0.11710000000000001,0.1269,0.1272,0.13090000000000002,0.1374,0.14300000000000002,0.1441,0.14780000000000001,0.1516,0.16340000000000002,0.1741,0.1983,0.2033,0.20670000000000002,0.21980000000000002,0.22640000000000002,0.2434,0.27090000000000003,0.2871,0.28750000000000003,0.2903,0.2912,0.29610000000000003,0.2969,0.3029,0.30610000000000004,0.3089,0.3168,0.3173,0.3224,0.3279,0.3282,0.329,0.3296,0.3322,0.3351,0.3467,0.3496,0.3685,0.3693,0.37360000000000004,0.38780000000000003,0.3884,0.394,0.4026,0.40290000000000004,0.4127,0.41400000000000003,0.41850000000000004,0.4234,0.4272,0.4403,0.459,0.46690000000000004,0.4681,0.47990000000000005,0.49870000000000003,0.5159,0.5242,0.5334,0.5459,0.5479,0.5509000000000001,0.5632,0.5650000000000001,0.5670000000000001,0.5716,0.5792,0.5833,0.5855,0.5920000000000001,0.5923,0.5987,0.6073000000000001,0.6082000000000001,0.6136,0.6274000000000001,0.6538,0.6688000000000001,0.6694,0.6920000000000001,0.6923,0.7073,0.7100000000000001,0.7139,0.7163,0.7173,0.7206,0.7263000000000001,0.7329,0.7361000000000001,0.7401,0.7572,0.7627,0.7645000000000001,0.7657,0.7716000000000001,0.773,0.7748,0.7772,0.7895000000000001,0.8067000000000001,0.8158000000000001,0.8195,0.8231,0.8279000000000001,0.8354,0.8371000000000001,0.8440000000000001,0.8606,0.8894000000000001,0.8982,0.908,0.9148000000000001,0.9224,0.9274,0.9281,0.9296000000000001,0.9570000000000001,0.9577,0.9769000000000001,1.0083,1.0087000000000002,1.0130000000000001,1.0143,1.0323,1.0352000000000001,1.0379,1.0381,1.0413000000000001,1.0617,1.0625,1.0637,1.0738,1.0818,1.0883,1.0891,1.1168,1.1194,1.1267,1.1301,1.1343,1.1353,1.1408,1.1455,1.1487,1.1585,1.1669,1.1687,1.1742000000000001,1.1962000000000002,1.2002000000000002,1.2019,1.2109,1.212,1.2132,1.2149,1.2165000000000001,1.2201,1.23,1.2323,1.2550000000000001,1.2647000000000002,1.2654,1.2671000000000001,1.2687000000000002,1.2691000000000001,1.2696,1.2808000000000002,1.2875,1.2995,1.3004,1.3129,1.3235000000000001,1.3288,1.345,1.3572,1.3627,1.3727,1.3762,1.3822,1.3943,1.3960000000000001,1.3989,1.4040000000000001,1.4080000000000001,1.4118000000000002,1.4141000000000001,1.417,1.4316,1.4513,1.4708,1.481,1.4824000000000002,1.495,1.4965000000000002,1.5008000000000001,1.5119,1.5157,1.5181,1.5184,1.5413000000000001,1.5477,1.5612000000000001,1.5644,1.5703,1.5714000000000001,1.5732000000000002,1.5738,1.578,1.5802,1.5813000000000001,1.5955000000000001,1.5975000000000001,1.6026,1.6095000000000002,1.6117000000000001,1.6144,1.615,1.6174000000000002,1.627,1.6291,1.6303,1.6358000000000001,1.6369,1.6411,1.6431,1.6661000000000001,1.6820000000000002,1.6863000000000001,1.6893,1.6931,1.6937,1.7001000000000002,1.7008,1.7076,1.7302000000000002,1.7339,1.7352,1.7398,1.7435,1.7474,1.7539,1.7549000000000001,1.7979,1.7983,1.8056,1.8202,1.8215000000000001,1.8334000000000001,1.8416000000000001,1.8433000000000002,1.8457000000000001,1.8503,1.8562,1.8794000000000002,1.8809,1.8862,1.8902,1.8915000000000002,1.9137000000000002,1.9166,1.9266,1.9347,1.9466,1.9503000000000001,1.9557,1.9611,1.969,1.9722000000000002,1.9798,1.9828000000000001,1.9921000000000002,1.9977,1.9991,2.0124,2.0180000000000002,2.0232,2.0321000000000002,2.0325,2.0582000000000003,2.0664000000000002,2.0672,2.068,2.0744000000000002,2.0857,2.0863,2.0892,2.0897,2.0922,2.1007000000000002,2.1098,2.1122,2.1141,2.1183,2.1271,2.1523000000000003,2.1649000000000003,2.1659,2.1733000000000002,2.1779,2.1943,2.214,2.2164,2.229,2.2314000000000003,2.2339,2.2536,2.2623,2.2725,2.2728,2.2779000000000003,2.2789,2.2836000000000003,2.2849,2.2851,2.3011,2.3029,2.3034,2.3043,2.3129,2.3217000000000003,2.3224,2.3240000000000003,2.3411,2.3414,2.363,2.3746,2.3771,2.3807,2.3928000000000003,2.4004000000000003,2.4129,2.4214,2.4337,2.4344,2.4353000000000002,2.4419,2.4454000000000002,2.4471000000000003,2.4617,2.4891,2.5136000000000003,2.5143,2.5268,2.527,2.5344,2.5366,2.5616000000000003,2.5683000000000002,2.5686,2.5741,2.5854,2.5911,2.6079000000000003,2.6089,2.6142000000000003,2.628,2.6372,2.6456,2.6543,2.6621,2.6744000000000003,2.6788000000000003,2.6845000000000003,2.6886,2.7014,2.7084,2.7128,2.7152000000000003,2.7237,2.7428000000000003,2.7431,2.7486,2.7689,2.7699000000000003,2.774,2.7859000000000003,2.7989,2.8076000000000003,2.8202000000000003,2.8224,2.8313,2.8616,2.8745000000000003,2.8826,2.8882000000000003,2.9006000000000003,2.9015,2.9136,2.9155,2.918,2.9182,2.9213,2.9258,2.9267000000000003,2.9483,2.9517,2.9692000000000003,2.974,2.9782,2.9842,2.9864,3.0033000000000003,3.0075000000000003,3.0079000000000002,3.0091,3.0202,3.0237000000000003,3.0327,3.0329,3.0383,3.0457,3.0495,3.0639000000000003,3.0718,3.0939,3.1020000000000003,3.1049,3.1071,3.1165000000000003,3.1227,3.1229,3.1308000000000002,3.1311,3.1385,3.1459,3.1467,3.1529000000000003,3.1615,3.169,3.184,3.1989,3.2030000000000003,3.206,3.2127000000000003,3.2298,3.2483,3.2561,3.2574,3.2643,3.2666,3.2683,3.2707,3.2784,3.2799,3.2813000000000003,3.289,3.2954000000000003,3.2982,3.3038000000000003,3.3216,3.3238000000000003,3.3281,3.3369,3.3468,3.3560000000000003,3.3727,3.3773,3.3775,3.3805,3.3865000000000003,3.3909000000000002,3.3986,3.4099000000000004,3.4142,3.4164000000000003,3.4176,3.4283,3.4294000000000002,3.4389000000000003,3.4392,3.4442000000000004,3.4453,3.4488000000000003,3.4557,3.464,3.4713000000000003,3.4719,3.4817,3.4906,3.5054000000000003,3.5184,3.5285,3.5294000000000003,3.5321000000000002,3.54,3.5456000000000003,3.5557000000000003,3.5580000000000003,3.5697,3.5735,3.575,3.5756,3.6075000000000004,3.6092,3.6108000000000002,3.6146000000000003,3.6154,3.6265,3.6341,3.6533,3.6651000000000002,3.6747,3.6991,3.7049000000000003,3.7097,3.7152000000000003,3.7336,3.7403,3.7485000000000004,3.7510000000000003,3.7634000000000003,3.7706000000000004,3.7805,3.7852,3.7870000000000004,3.7904,3.7945,3.7950000000000004,3.8055000000000003,3.8092,3.8112000000000004,3.8125,3.8194000000000004,3.8357,3.8383000000000003,3.8508,3.869,3.8736,3.8789000000000002,3.8874,3.8928000000000003,3.9021000000000003,3.9025000000000003,3.9076000000000004,3.9145000000000003,3.9214,3.9394,3.9596,3.9633000000000003,3.9637000000000002,3.9727,3.9823000000000004,3.9855,3.9882000000000004,3.9964000000000004,4.0313,4.0336,4.0372,4.0453,4.0494,4.0535000000000005,4.0594,4.0645,4.066,4.0744,4.0873,4.0877,4.1045,4.1087,4.1221000000000005,4.1231,4.1269,4.1302,4.1373,4.1381000000000006,4.1454,4.1473,4.159,4.159800000000001,4.1703,4.1771,4.1775,4.1898,4.1931,4.194,4.2075000000000005,4.214700000000001,4.2325,4.2384,4.2407,4.2523,4.256,4.2662,4.2686,4.2734000000000005,4.2939,4.3068,4.3085,4.315300000000001,4.3182,4.3185,4.332800000000001,4.3413,4.3434,4.3455,4.354,4.361800000000001,4.37,4.382000000000001,4.3901,4.3918,4.3931000000000004,4.3942000000000005,4.3993,4.4314,4.4321,4.4352,4.45,4.4519,4.4641,4.4691,4.4726,4.476500000000001,4.4819,4.494,4.5049,4.5081,4.5162,4.5172,4.5266,4.5284,4.5440000000000005,4.5591,4.5617,4.5639,4.5708,4.5735,4.589700000000001,4.5915,4.6081,4.617900000000001,4.6184,4.6207,4.6224,4.6239,4.6286000000000005,4.6318,4.6322,4.6325,4.6386,4.6456,4.649500000000001,4.6528,4.6536,4.6547,4.6593,4.6608,4.67,4.6714,4.6719,4.6741,4.6789000000000005,4.695600000000001,4.698,4.7032,4.7055,4.7091,4.7129,4.7237,4.7239,4.7245,4.7287,4.73,4.7352,4.772200000000001,4.7828,4.7868,4.7926,4.794300000000001,4.8007,4.8063,4.821000000000001,4.8398,4.8426,4.8537,4.8602,4.8616,4.8623,4.868,4.8735,4.877400000000001,4.8801000000000005,4.8895,4.9219,4.9286,4.931900000000001,4.9607,4.9609000000000005,4.961600000000001,4.9631,4.9642,4.9661,4.9734,4.984100000000001
8054:0.5581,1.2423,1.4249,2.7373000000000003,3.1395,3.2166,3.4101000000000004,3.4822,3.8573000000000004
8337:0.08120000000000001,0.166,0.2136,0.2451,0.2918,0.3543,0.44920000000000004,0.541,0.62,0.7428,0.7887000000000001,0.8318000000000001,0.8765000000000001,0.9759000000000001,1.12,1.221,1.2836,1.3801,1.4511,1.5045000000000002,1.6332,1.8288,1.8932,1.9321000000000002,2.0262000000000002,2.1015,2.1797,2.2232000000000003,2.2919,2.4293,2.4927,2.5992,2.6541,2.761,2.8314,2.9283,2.9796,3.0532000000000004,3.1137,3.1801000000000004,3.2704,3.342,3.4609,3.6753,3.7716000000000003,3.8194000000000004,3.9082000000000003,3.9965,4.192,4.2403,4.3331,4.4254,4.498200000000001,4.6872,4.7417,4.841200000000001,4.971900000000001
8469:0.4198,1.2419,2.7294,3.4987000000000004,3.5812000000000004,3.8595,4.4951
8750:4.8321000000000005
8931:2.2705,3.4650000000000003,4.2969,4.6413
9033:0.1396,0.26680000000000004,0.3311,0.6614,0.9449000000000001,1.0802,1.1591,1.2552,1.3561,1.462,1.7348000000000001,1.8725,2.1465,2.2111,2.2638000000000003,2.3048,2.4198,2.7463,2.8366000000000002,3.0277000000000003,3.0964,3.1957,3.4884,3.8426,3.9779,4.059200000000001,4.1545000000000005,4.3554,4.4579,4.5156,4.653300000000001,4.7113000000000005,4.8708
9313:0.015700000000000002,0.0466,0.0614,0.1056,0.11850000000000001,0.1267,0.14830000000000002,0.1705,0.18230000000000002,0.2064,0.2146,0.2288,0.2619,0.2988,0.3205,0.341,0.3514,0.3899,0.4209,0.4436,0.47200000000000003,0.5007,0.5123,0.5217,0.5861000000000001,0.6013000000000001,0.6521,0.6717000000000001,0.7092,0.7188,0.7387,0.7624000000000001,0.7834,0.7948000000000001,0.8124,0.8232,0.8430000000000001,0.8546,0.8709,0.8939,0.9142,0.9374,0.9443,0.9795,1.0383,1.0515,1.0627,1.101,1.1146,1.1284,1.139,1.1585,1.179,1.1914,1.2175,1.2405000000000002,1.2508000000000001,1.2612,1.2867,1.3151000000000002,1.3241,1.3352000000000002,1.3445,1.3783,1.4004,1.4174,1.4475,1.4573,1.4722000000000002,1.5062,1.5713000000000001,1.5809,1.6085,1.6178000000000001,1.639,1.6517000000000002,1.6796,1.6965000000000001,1.7207000000000001,1.7525000000000002,1.7944,1.8032000000000001,1.8165,1.8282,1.8576000000000001,1.8832,1.8945,1.9026,1.911,1.9317000000000002,1.9398000000000002,1.9559000000000002,1.9676,1.9962000000000002,2.0105,2.028,2.0701,2.0777,2.0871,2.0999000000000003,2.1644,2.1713,2.2099,2.2186,2.2289000000000003,2.2421,2.2668,2.2840000000000003,2.2927,2.3016,2.3153,2.3717,2.396,2.4371,2.4485,2.4594,2.4814000000000003,2.4963,2.5263,2.5345,2.5654,2.5740000000000003,2.5955,2.6186000000000003,2.6468000000000003,2.6691000000000003,2.6824000000000003,2.6944000000000004,2.7019,2.7145,2.733,2.7406,2.7626,2.7886,2.7965,2.8468,2.8625000000000003,2.8723,2.9169,2.9296,2.9591000000000003,2.968,3.011,3.0188,3.0338000000000003,3.0597000000000003,3.0809,3.0924,3.1032,3.1147,3.1237000000000004,3.1514,3.1703,3.1952000000000003,3.2230000000000003,3.2775000000000003,3.3086,3.3274000000000004,3.3561,3.3745000000000003,3.4049,3.4175,3.4556,3.4625000000000004,3.4816000000000003,3.5122,3.5224,3.5459,3.5566,3.5688,3.6014000000000004,3.6310000000000002,3.6366,3.6433,3.6716,3.7092,3.717,3.7764,3.7995,3.8125,3.8201,3.8307,3.8403,3.8661000000000003,3.8800000000000003,3.8888000000000003,3.9057000000000004,3.9307000000000003,3.9607,3.9721,3.9925,4.0343,4.0454,4.069100000000001,4.1163,4.136,4.1745,4.1943,4.271,4.2837000000000005,4.3179,4.3292,4.3383,4.3512,4.361400000000001,4.3723,4.4004,4.4211,4.4467,4.458200000000001,4.5277,4.5498,4.5784,4.6042000000000005,4.6254,4.6384,4.662,4.6853,4.7187,4.7361,4.7456000000000005,4.7648,4.7823,4.8273,4.863700000000001,4.8947,4.9021,4.929,4.9359,4.9728,4.9958
9340:1.3665
9402:0.0217,0.0478,0.07350000000000001,0.10540000000000001,0.14100000000000001,0.1817,0.2111,0.24070000000000003,0.2775,0.3008,0.3361,0.3649,0.3836,0.4148,0.4272,0.44970000000000004,0.4747,0.49620000000000003,0.5247,0.5504,0.5966,0.6215,0.642,0.682,0.6950000000000001,0.7322000000000001,0.7555000000000001,0.8086,0.8374,0.8652000000000001,0.8872,0.9121,0.9333,0.9465,0.9750000000000001,1.0176,1.0595,1.0858,1.1176000000000001,1.1588,1.1822000000000001,1.2032,1.2327000000000001,1.2575,1.2868000000000002,1.3077,1.3407,1.3615000000000002,1.3921000000000001,1.4172,1.4388,1.4727000000000001,1.497,1.5151000000000001,1.5366,1.5639,1.5882,1.6205,1.6593,1.7087,1.7343000000000002,1.7588000000000001,1.7946000000000002,1.8245,1.8587,1.9161000000000001,1.9442000000000002,1.9684000000000001,1.9948000000000001,2.0204,2.0509,2.0707,2.1099,2.1417,2.1697,2.1989,2.2306,2.2625,2.3213,2.3669000000000002,2.3939,2.4155,2.4424,2.4657,2.5038,2.5251,2.5432,2.572,2.6028000000000002,2.6264000000000003,2.6506000000000003,2.6799,2.6997,2.7229,2.748,2.774,2.8044000000000002,2.8317,2.8704,2.91,2.9357,2.9619,3.0246,3.0506,3.0806,3.096,3.117,3.1382000000000003,3.1597,3.1904000000000003,3.2166,3.2422,3.2879,3.3151,3.3388,3.3884000000000003,3.4036,3.4294000000000002,3.4651,3.4835000000000003,3.5064,3.532,3.5567,3.5794,3.607,3.6328,3.6492,3.6724,3.6965000000000003,3.7227,3.7431,3.7797,3.8151,3.8488,3.8735000000000004,3.9007,3.9358000000000004,3.9775,4.0137,4.0345,4.0515,4.073300000000001,4.0998,4.125900000000001,4.1444,4.1776,4.2054,4.2535,4.2779,4.3139,4.3413,4.3574,4.3897,4.4273,4.4543,4.4896,4.520700000000001,4.5545,4.595000000000001,4.6173,4.6454,4.6746,4.7045,4.7342,4.7525,4.7977,4.8258,4.8564,4.891900000000001,4.9145,4.9491000000000005,4.9737,4.9951
9455:0.0864,2.2986,3.6237000000000004
9496:0.026500000000000003,0.0507,0.07640000000000001,0.09730000000000001,0.1153,0.1331,0.1683,0.1935,0.2144,0.2364,0.256,0.30160000000000003,0.3264,0.35860000000000003,0.3884,0.4151,0.4344,0.4617,0.4953,0.5216000000000001,0.5586,0.5884,0.6021000000000001,0.6384000000000001,0.6545000000000001,0.6761,0.6956,0.7224,0.752,0.7829,0.794,0.8267,0.8399000000000001,0.8754000000000001,0.8975000000000001,0.9161,0.9376000000000001,0.9778,0.9972000000000001,1.0287,1.0479,1.0727,1.1022,1.1264,1.1476,1.1662000000000001,1.2093,1.226,1.2469000000000001,1.2645,1.2843,1.3009000000000002,1.3265,1.3445,1.3709,1.3960000000000001,1.4227,1.443,1.459,1.4887000000000001,1.5099,1.5472000000000001,1.5747,1.6036000000000001,1.6192,1.6413,1.6778000000000002,1.7045000000000001,1.7262000000000002,1.7537,1.7715,1.7911000000000001,1.8139,1.8429,1.8639000000000001,1.8946,1.9119000000000002,1.9408,1.9627000000000001,1.9953,2.0118,2.0413,2.0712,2.0915,2.1192,2.1394,2.1699,2.194,2.2179,2.2428,2.2639,2.2896,2.3088,2.337,2.3731,2.3919,2.4250000000000003,2.4368000000000003,2.4555000000000002,2.472,2.4962,2.5272,2.5401000000000002,2.5691,2.6011,2.6394,2.6557,2.6812,2.7032000000000003,2.7246,2.7412,2.7678000000000003,2.7966,2.8231,2.8468,2.8677,2.8958,2.915,2.955,2.9693,2.9964,3.0174000000000003,3.0351000000000004,3.0626,3.0877000000000003,3.1062000000000003,3.1271,3.1523000000000003,3.1761000000000004,3.1934,3.2218,3.2332,3.2694,3.2828,3.3057000000000003,3.3186,3.3591,3.3766000000000003,3.3989000000000003,3.4206000000000003,3.4592,3.4799,3.4995000000000003,3.5182,3.5418000000000003,3.5573,3.601,3.6282,3.6431,3.6759000000000004,3.7107,3.728,3.7551,3.7750000000000004,3.8067,3.8221000000000003,3.8444000000000003,3.8609,3.8832,3.8977000000000004,3.919,3.9469000000000003,3.9646000000000003,3.9834,4.0159,4.0316,4.0507,4.088,4.1181,4.1379,4.1593,4.188400000000001,4.2005,4.2386,4.2534,4.2675,4.288600000000001,4.3196,4.3433,4.36,4.3808,4.4204,4.4362,4.452,4.4767,4.4939,4.5106,4.5495,4.5763,4.5929,4.6134,4.6395,4.6559,4.676,4.7005,4.7312,4.7479000000000005,4.7761000000000005,4.7922,4.8151,4.8343,4.8606,4.8943,4.9172,4.940300000000001,4.9764
9775:0.12380000000000001,0.2538,0.31220000000000003,0.6732,0.7458,0.8213,0.8687,1.1575,1.2245000000000001,1.3222,1.5636,2.1822,2.2594000000000003,2.5045,2.6404,2.8595,2.9325,3.0125,3.1045000000000003,3.1342000000000003,3.3339000000000003,3.4075,3.4588,3.7068000000000003,3.9082000000000003,3.9513000000000003,4.4284,4.6607,4.7079
9792:1.3659000000000001,1.5109000000000001,1.9725000000000001,2.259,2.4686,2.6825,2.7196000000000002,3.4753000000000003,3.6704000000000003,4.1942,4.8201,4.932300000000001
10209:0.0064,0.0074,0.015000000000000001,0.0187,0.021,0.0235,0.0291,0.0413,0.0446,0.0463,0.0509,0.0526,0.0528,0.062,0.06520000000000001,0.07100000000000001,0.0908,0.0932,0.09380000000000001,0.0975,0.0995,0.1039,0.1043,0.10550000000000001,0.1063,0.1068,0.1139,0.1178,0.12200000000000001,0.1278,0.13,0.13540000000000002,0.14780000000000001,0.151,0.1519,0.16490000000000002,0.1816,0.20090000000000002,0.20770000000000002,0.2109,0.2137,0.2199,0.2252,0.2285,0.2298,0.2308,0.2369,0.2373,0.23800000000000002,0.2429,0.24600000000000002,0.252,0.25370000000000004,0.2575,0.2659,0.26890000000000003,0.2773,0.2823,0.2869,0.2947,0.2994,0.3113,0.31870000000000004,0.3255,0.3657,0.396,0.398,0.40890000000000004,0.4147,0.4168,0.4188,0.43410000000000004,0.4394,0.44220000000000004,0.4758,0.48260000000000003,0.4828,0.4858,0.49860000000000004,0.5,0.5036,0.5093,0.5164,0.5181,0.5198,0.5244,0.5247,0.5269,0.5484,0.5498000000000001,0.5509000000000001,0.5531,0.5559000000000001,0.5569000000000001,0.5725,0.5728,0.5875,0.5894,0.5953,0.5996,0.6016,0.6195,0.6233000000000001,0.6255000000000001,0.6368,0.6608,0.661,0.6673,0.6739,0.6767000000000001,0.6789000000000001,0.6931,0.6942,0.6947,0.7026,0.7042,0.7063,0.7079000000000001,0.7087,0.7232000000000001,0.7445,0.7527,0.7537,0.7554000000000001,0.7614000000000001,0.7641,0.7734000000000001,0.7754000000000001,0.7773,0.7797000000000001,0.7805000000000001,0.7881,0.7884,0.8099000000000001,0.8271000000000001,0.8281000000000001,0.8284,0.8302,0.8341000000000001,0.8427,0.8496,0.8503000000000001,0.8521000000000001,0.8596,0.8617,0.8733000000000001,0.8982,0.9046000000000001,0.9057000000000001,0.9073,0.9101,0.926,0.928,0.9364,0.9422,0.9508000000000001,0.9639000000000001,0.9711000000000001,0.9761000000000001,0.9763000000000001,0.9851000000000001,0.9998,1.0198,1.0275,1.0287,1.0456,1.0571000000000002,1.0598,1.0686,1.0907,1.0926,1.1188,1.1257000000000001,1.1272,1.1275,1.1334,1.1443,1.1445,1.1485,1.151,1.1574,1.1597,1.1617,1.1645,1.1673,1.1728,1.1736,1.1769,1.1862000000000001,1.1893,1.2028,1.2031,1.2072,1.2112,1.2118,1.2174,1.2273,1.2277,1.2444,1.2484,1.2554,1.2676,1.2868000000000002,1.2888000000000002,1.3021,1.3065,1.3085,1.3125,1.3153000000000001,1.3155000000000001,1.3190000000000002,1.3228,1.3232000000000002,1.3238,1.3247,1.3277,1.3339,1.3346,1.3375000000000001,1.3583,1.3652,1.4100000000000001,1.4121000000000001,1.4219000000000002,1.4302000000000001,1.4358,1.4371,1.4376,1.4395,1.4468,1.4486,1.4496,1.4499,1.4504000000000001,1.4520000000000002,1.4621000000000002,1.4627000000000001,1.465,1.4653,1.4747000000000001,1.482,1.4934,1.5057,1.5064,1.5114,1.5124,1.5144,1.534,1.5414,1.5519,1.5574000000000001,1.5710000000000002,1.5715000000000001,1.5795000000000001,1.5877000000000001,1.5894000000000001,1.5937000000000001,1.5951000000000002,1.5973000000000002,1.6006,1.6143,1.6153000000000002,1.6231,1.6235000000000002,1.6237000000000001,1.624,1.6317000000000002,1.6389,1.6421000000000001,1.6629,1.6633,1.6763000000000001,1.6787,1.6822000000000001,1.6849,1.6874,1.6886,1.6937,1.6944000000000001,1.7034,1.7239,1.7326000000000001,1.7442,1.7459,1.747,1.7479,1.7507000000000001,1.7541,1.7594,1.7624000000000002,1.7718,1.78,1.7868000000000002,1.7948000000000002,1.7979,1.8097,1.8109000000000002,1.8298,1.8354000000000001,1.8399,1.8462,1.8508,1.8525,1.8551000000000002,1.8627,1.8904,1.9041000000000001,1.9060000000000001,1.9078000000000002,1.9129,1.9161000000000001,1.9284000000000001,1.9319000000000002,1.9506000000000001,1.9861000000000002,1.9991,2.0151,2.017,2.0172,2.0202,2.0223,2.0245,2.0283,2.0287,2.0444,2.0446,2.0615,2.0671,2.068,2.0785,2.0839000000000003,2.091,2.0917,2.1014,2.1117,2.1131,2.1182000000000003,2.1236,2.1239,2.125,2.1407000000000003,2.1474,2.1513,2.1529000000000003,2.1726,2.1834000000000002,2.1928,2.1957,2.1971000000000003,2.2019,2.2023,2.2131000000000003,2.2133000000000003,2.22,2.2214,2.2236000000000002,2.2302,2.2338,2.2384,2.2565,2.258,2.2602,2.2759,2.2786,2.2962000000000002,2.2977000000000003,2.2979000000000003,2.3039,2.3051,2.3113,2.3122000000000003,2.3254,2.3344,2.3463000000000003,2.3487,2.3509,2.3511,2.3524000000000003,2.3569,2.3638,2.3735,2.3807,2.3846000000000003,2.3891,2.3897,2.3903000000000003,2.3906,2.3914,2.3969,2.4289,2.4344,2.4415,2.4564,2.4584,2.4596,2.4812000000000003,2.4837000000000002,2.4925,2.5188,2.5193000000000003,2.5196,2.5286,2.5289,2.5379,2.5537,2.559,2.5703,2.5973,2.6018000000000003,2.6129000000000002,2.6151,2.6338,2.6415,2.6475,2.6575,2.6589,2.6609000000000003,2.6643000000000003,2.6671,2.6691000000000003,2.6772,2.6782,2.6852,2.6895000000000002,2.6914000000000002,2.6951,2.6958,2.7174,2.7219,2.737,2.7467,2.7469,2.7529000000000003,2.7796000000000003,2.7814,2.7824,2.785,2.7886,2.7962000000000002,2.8035,2.8059000000000003,2.8091,2.8182,2.8334,2.8343000000000003,2.8414,2.8434,2.8537000000000003,2.858,2.8647,2.8724000000000003,2.8829000000000002,2.8932,2.9065000000000003,2.9067000000000003,2.9151000000000002,2.9268,2.931,2.9326000000000003,2.9491,2.9584,2.9681,2.9697,2.9767,2.9801,2.9836,2.9972000000000003,3.0024,3.0033000000000003,3.0051,3.0055,3.0058000000000002,3.0074,3.0111000000000003,3.0121,3.0269,3.0359000000000003,3.0577,3.0758,3.0762,3.0954,3.1002,3.1104000000000003,3.1108000000000002,3.1121000000000003,3.1153,3.1235,3.1337,3.1377,3.1407000000000003,3.1424000000000003,3.1467,3.1573,3.1737,3.1798,3.1833,3.1855,3.1951,3.2084,3.2099,3.2324,3.2338,3.2494,3.2582,3.2585,3.2607000000000004,3.2669,3.2681,3.2804,3.2836000000000003,3.2893000000000003,3.29,3.2936,3.2943000000000002,3.2976,3.3145000000000002,3.3224,3.3227,3.329,3.3394000000000004,3.3569,3.3654,3.3733,3.3746,3.3777000000000004,3.378,3.3809,3.3925,3.4062,3.4080000000000004,3.4127,3.4355,3.4405,3.4644000000000004,3.4721,3.4774000000000003,3.4813,3.4826,3.4907000000000004,3.494,3.5003,3.5046000000000004,3.5107000000000004,3.5245,3.5295,3.5541,3.5692000000000004,3.5703,3.5766,3.5900000000000003,3.5924,3.6097,3.6118,3.6146000000000003,3.6171,3.6199000000000003,3.6271,3.6489000000000003,3.6657,3.6691000000000003,3.6714,3.6728,3.6733000000000002,3.6870000000000003,3.6908000000000003,3.7117,3.7276000000000002,3.7495000000000003,3.7517,3.7527000000000004,3.7560000000000002,3.7634000000000003,3.7640000000000002,3.7822,3.7867,3.7884,3.7899000000000003,3.8014,3.8094,3.8136,3.8143000000000002,3.8256,3.8437,3.8458,3.8481,3.8581000000000003,3.8631,3.8672,3.875,3.8764000000000003,3.8840000000000003,3.8945000000000003,3.8986,3.8989000000000003,3.9039,3.9275,3.9386,3.9421000000000004,3.9459000000000004,3.9485,3.9653,3.9863000000000004,4.0036000000000005,4.010800000000001,4.0138,4.0200000000000005,4.0205,4.020700000000001,4.0242,4.0374,4.0807,4.0968,4.0972,4.113300000000001,4.1218,4.1234,4.135,4.1359,4.1367,4.149,4.1542,4.1544,4.1594,4.166300000000001,4.1769,4.1806,4.1894,4.1907000000000005,4.1919,4.198300000000001,4.2231000000000005,4.234,4.2355,4.2483,4.2512,4.2583,4.263,4.2733,4.2879000000000005,4.2967,4.2996,4.3126,4.3209,4.3273,4.3277,4.3283000000000005,4.3338,4.335500000000001,4.3446,4.3651,4.376,4.3766,4.3807,4.4071,4.4091000000000005,4.41,4.4175,4.433,4.4404,4.441,4.4516,4.4709,4.4777000000000005,4.4835,4.496,4.508500000000001,4.510800000000001,4.5247,4.5251,4.541300000000001,4.559,4.5633,4.5675,4.5677,4.5727,4.5789,4.5816,4.5895,4.5974,4.5991,4.6018,4.6079,4.6082,4.6129,4.6136,4.6187000000000005,4.6196,4.639,4.6547,4.6648000000000005,4.667800000000001,4.676200000000001,4.6786,4.703,4.7087,4.714700000000001,4.7201,4.7205,4.7250000000000005,4.7285,4.7579,4.7596,4.7759,4.776800000000001,4.7796,4.7898000000000005,4.792800000000001,4.8003,4.8062000000000005,4.8071,4.812600000000001,4.8272,4.8418,4.8465,4.8518,4.8635,4.8662,4.8689,4.8701,4.875500000000001,4.8836,4.889,4.8898,4.8917,4.8931000000000004,4.8944,4.9111,4.9177,4.9232000000000005,4.9572,4.9589,4.9606,4.9708000000000006,4.9748,4.9806
10333:0.07060000000000001,0.1143,0.1647,0.2102,0.24300000000000002,0.2833,0.3154,0.3538,0.44580000000000003,0.5204,0.5598000000000001,0.5989,0.6485000000000001,0.7177,0.7571,0.7858,0.8291000000000001,0.8674000000000001,0.8999,0.9472,0.9775,1.012,1.0683,1.1165,1.1543,1.2204000000000002,1.2648000000000001,1.2977,1.3356000000000001,1.3792,1.4191,1.4522000000000002,1.4937,1.5469000000000002,1.6168,1.6976,1.7519,1.8138,1.8693000000000002,1.9055000000000002,1.9321000000000002,2.0077000000000003,2.0391,2.0979,2.1547,2.1866000000000003,2.2235,2.2640000000000002,2.3097000000000003,2.3458,2.4093,2.4499,2.4919000000000002,2.5341,2.5982000000000003,2.6412,2.7334,2.7608,2.8166,2.8582,2.9238,2.963,2.9907000000000004,3.0349,3.0672,3.1023,3.1251,3.1782000000000004,3.2388000000000003,3.2786,3.3327,3.3879,3.4595000000000002,3.4827000000000004,3.5649,3.6488,3.7065,3.7703,3.8087,3.8421000000000003,3.8875,3.9232,3.9937,4.0407,4.144,4.1989,4.2396,4.3267,4.3672,4.4204,4.4782,4.4992,4.5567,4.6357,4.6787,4.7186,4.7423,4.8152,4.8544,4.9270000000000005,4.972
10493:2.713
10636:0.0849,0.24880000000000002,0.6271,0.7688,1.4562000000000002,1.9339000000000002,2.1983,3.1373
10972:0.28200000000000003,2.1561
11082:0.0126,0.0201,0.035,0.0506,0.0645,0.0897,0.0989,0.11670000000000001,0.12990000000000002,0.1411,0.1549,0.17420000000000002,0.1794,0.19690000000000002,0.21150000000000002,0.22690000000000002,0.2442,0.25120000000000003,0.2711,0.2827,0.29250000000000004,0.3171,0.3234,0.3395,0.3582,0.3637,0.37870000000000004,0.3859,0.4002,0.4106,0.43270000000000003,0.439,0.4595,0.4652,0.48450000000000004,0.4985,0.5118,0.5262,0.5454,0.5536,0.5692,0.5856,0.6017,0.6101,0.6347,0.6518,0.6686000000000001,0.6792,0.7018,0.7153,0.7277,0.7414000000000001,0.752,0.778,0.7904,0.8059000000000001,0.8262,0.8345,0.8543000000000001,0.8643000000000001,0.8797,0.8976000000000001,0.9077000000000001,0.9243,0.9351,0.9493,0.9566,0.9765,0.9973000000000001,1.0027000000000001,1.0278,1.0463,1.0686,1.0831,1.1031,1.1172,1.1329,1.1452,1.1637,1.1717,1.1942000000000002,1.2293,1.2394,1.258,1.2714,1.2796,1.2969000000000002,1.3113000000000001,1.3238,1.338,1.3534000000000002,1.3597000000000001,1.3795000000000002,1.3872,1.4026,1.4113,1.4308,1.4515,1.4686000000000001,1.4923000000000002,1.4982,1.5127000000000002,1.5223,1.5426,1.5492000000000001,1.5596,1.5766,1.5971000000000002,1.6098000000000001,1.6173000000000002,1.6385,1.6436000000000002,1.6552,1.6712,1.6914,1.7060000000000002,1.7247000000000001,1.7393,1.7614,1.7785000000000002,1.7904,1.8127,1.8342,1.8425,1.8619,1.875,1.8936000000000002,1.9065,1.9167,1.9317000000000002,1.9412,1.9627000000000001,1.9718,1.9855,2.0041,2.0139,2.0372,2.0558,2.0618000000000003,2.083,2.0955,2.1195,2.1288,2.1486,2.1559,2.1739,2.1870000000000003,2.1987,2.213,2.2276000000000002,2.2335000000000003,2.25,2.2543,2.2707,2.2777000000000003,2.2918000000000003,2.3066,2.323,2.3426,2.3543000000000003,2.3803,2.3961,2.4093,2.4206000000000003,2.4316,2.4450000000000003,2.4496,2.4623,2.4689,2.4925,2.5015,2.5199000000000003,2.533,2.5541,2.5711,2.5909,2.5996,2.6153,2.6219,2.6401000000000003,2.6612,2.676,2.6915,2.7088,2.7239,2.7384,2.7554000000000003,2.769,2.7833,2.7983000000000002,2.8102,2.831,2.8378,2.854,2.8683,2.8763,2.8936,2.911,2.9171,2.9303000000000003,2.9411,2.966,2.9809,2.9899,3.0056000000000003,3.0237000000000003,3.0398,3.0615,3.0739,3.0931,3.1098000000000003,3.1328,3.1386000000000003,3.1597,3.1723000000000003,3.1864000000000003,3.2012,3.2141,3.2318000000000002,3.2551,3.2653000000000003,3.2866,3.3028,3.3095000000000003,3.3240000000000003,3.3391,3.3556000000000004,3.3692,3.3823000000000003,3.4021000000000003,3.4225000000000003,3.4408000000000003,3.4581,3.4650000000000003,3.4782,3.4885,3.5067000000000004,3.5195000000000003,3.5397000000000003,3.5509000000000004,3.5731,3.5794,3.6005000000000003,3.6151,3.6256000000000004,3.6472,3.6706000000000003,3.6838,3.704,3.7144000000000004,3.7293000000000003,3.7407000000000004,3.7564,3.7732,3.7778,3.7979000000000003,3.8070000000000004,3.8270000000000004,3.8461000000000003,3.8617000000000004,3.8680000000000003,3.8949000000000003,3.9124000000000003,3.9202000000000004,3.9415,3.9542,3.978,3.9928000000000003,4.0116000000000005,4.0263,4.0385,4.0566,4.064900000000001,4.0866,4.0978,4.1149000000000004,4.131,4.1488000000000005,4.156000000000001,4.1722,4.1778,4.2066,4.2203,4.2396,4.2462,4.2639000000000005,4.2727,4.2893,4.3011,4.3169,4.3302000000000005,4.3369,4.355700000000001,4.3673,4.3846,4.4052,4.4106000000000005,4.4321,4.4372,4.4482,4.4583,4.4748,4.492900000000001,4.5069,4.520300000000001,4.5256,4.540900000000001,4.561100000000001,4.5823,4.599200000000001,4.6067,4.62,4.6357,4.6450000000000005,4.6647,4.673500000000001,4.689,4.705,4.7232,4.7325,4.7569,4.7679,4.7835,4.7887,4.8058000000000005,4.8148,4.835,4.8519000000000005,4.8635,4.871300000000001,4.8909,4.899,4.9124,4.9209000000000005,4.9416,4.949,4.9718,4.986800000000001
11177:3.1545,4.8329
11507:0.0388,0.0795,0.12840000000000001,0.186,0.2277,0.2864,0.3432,0.4043,0.44970000000000004,0.4922,0.5809000000000001,0.617,0.672,0.7394000000000001,0.8175,0.8884000000000001,0.9466,1.0527,1.1075000000000002,1.1502000000000001,1.2,1.2444,1.2739,1.3117,1.3607,1.4001000000000001,1.4504000000000001,1.5363,1.5650000000000002,1.61,1.6722000000000001,1.739,1.7966000000000002,1.8551000000000002,1.9000000000000001,1.9419000000000002,2.0273,2.0915,2.156,2.2151,2.2422,2.2952,2.3662,2.4334000000000002,2.5217,2.5934,2.6470000000000002,2.6954000000000002,2.7396000000000003,2.7763,2.8199,2.8561,2.8958,2.9885,3.0532000000000004,3.121,3.1744000000000003,3.2171000000000003,3.3118000000000003,3.357,3.3885,3.4611,3.4924,3.5299,3.5962,3.6832000000000003,3.7143,3.7781000000000002,3.8247,3.8696,3.9193000000000002,3.9555000000000002,3.9843,4.0456,4.0778,4.1205,4.1644000000000005,4.2241,4.2641,4.3257,4.3929,4.4408,4.4809,4.5133,4.6007,4.6264,4.6732000000000005,4.7262,4.7666,4.8216,4.859,4.927300000000001,4.9884
11744:0.0442,0.10400000000000001,0.1613,0.21050000000000002,0.2487,0.34740000000000004,0.41050000000000003,0.4641,0.49870000000000003,0.5889,0.6467,0.6763,0.8235,0.8734000000000001,0.9464,1.0232,1.0644,1.1304,1.1615,1.19,1.2489000000000001,1.2798,1.3204,1.3901000000000001,1.4543000000000001,1.4842,1.5836000000000001,1.6761000000000001,1.7535,1.8206,1.8844,1.9642000000000002,2.0028,2.0577,2.0980000000000003,2.1713,2.2248,2.2894,2.3993,2.4593000000000003,2.5051,2.569,2.6446,2.6893000000000002,2.721,2.7429,2.8255000000000003,2.8968000000000003,2.9567,3.0181,3.0568,3.083,3.1147,3.2307,3.2605,3.3093000000000004,3.3919,3.4167,3.5175,3.6349,3.7246,3.7689000000000004,3.8392000000000004,3.8867000000000003,3.9067000000000003,3.9756,4.0305,4.071400000000001,4.1353,4.2071000000000005,4.282900000000001,4.3383,4.4268,4.4596,4.537100000000001,4.6074,4.6536,4.7626,4.8224,4.8554,4.8956
11840:0.048100000000000004,0.5660000000000001,0.7728,0.8518,1.2469000000000001,1.3549,1.4121000000000001,1.5150000000000001,1.786,1.9357000000000002,2.3789000000000002,2.5431,2.6079000000000003,2.7428000000000003,3.141,3.2174,3.2876000000000003,3.4005,3.4921,4.0042,4.2502,4.494400000000001,4.707800000000001,4.8278
11861:0.018500000000000003,2.7044
11917:2.8482000000000003,4.589
12239:0.23650000000000002,1.2799,2.1641,2.2434000000000003,3.3868,3.7114000000000003,3.8482000000000003,4.7762,4.9463
12326:0.0009000000000000001,0.0026000000000000003,0.005,0.0094,0.0219,0.0227,0.024200000000000003,0.029,0.0344,0.0367,0.042800000000000005,0.0478,0.0492,0.056,0.0632,0.0635,0.0671,0.0717,0.0757,0.0867,0.0927,0.09730000000000001,0.11120000000000001,0.1114,0.1187,0.11950000000000001,0.1223,0.13,0.1394,0.14150000000000001,0.14450000000000002,0.1451,0.15710000000000002,0.1731,0.1751,0.1904,0.1942,0.1945,0.19790000000000002,0.1996,0.20420000000000002,0.2102,0.2177,0.2437,0.2462,0.2501,0.25070000000000003,0.26430000000000003,0.26480000000000004,0.2741,0.28300000000000003,0.2874,0.2898,0.2908,0.2934,0.29560000000000003,0.2972,0.3019,0.30870000000000003,0.3156,0.323,0.3249,0.3289,0.3411,0.3472,0.34790000000000004,0.35000000000000003,0.3507,0.3549,0.35800000000000004,0.378,0.3844,0.3965,0.4072,0.4087,0.4192,0.4289,0.4365,0.441,0.4459,0.4539,0.46190000000000003,0.4707,0.4763,0.4766,0.4782,0.5039,0.5051,0.5208,0.5256000000000001,0.5273,0.5533,0.5653,0.5754,0.5798,0.5883,0.5915,0.6043000000000001,0.6052000000000001,0.6089,0.6313000000000001,0.6327,0.6485000000000001,0.6552,0.6568,0.6621,0.6629,0.6726000000000001,0.6729,0.6806,0.6917,0.7037,0.7045,0.7103,0.7112,0.7130000000000001,0.7218,0.7226,0.7263000000000001,0.7325,0.7431,0.7486,0.7497,0.7514000000000001,0.761,0.7618,0.7642,0.7705000000000001,0.7722,0.7726000000000001,0.7869,0.7937000000000001,0.8005,0.8041,0.8056000000000001,0.8165,0.8180000000000001,0.8360000000000001,0.8396,0.8462000000000001,0.8482000000000001,0.8559,0.8608,0.8633000000000001,0.8694000000000001,0.8865000000000001,0.8975000000000001,0.9063,0.9093,0.9173,0.9319000000000001,0.9389000000000001,0.9417000000000001,0.9423,0.9627,0.9662000000000001,0.9679000000000001,0.9692000000000001,0.9824,0.9875,0.9968,1.016,1.0232,1.0338,1.0350000000000001,1.0631000000000002,1.064,1.0677,1.0812000000000002,1.0837,1.0873000000000002,1.1106,1.1209,1.1272,1.1411,1.1509,1.153,1.1536,1.1557,1.1668,1.1757,1.1838,1.1861000000000002,1.1876,1.1880000000000002,1.1906,1.1951,1.2026000000000001,1.2206000000000001,1.2259,1.2289,1.2348000000000001,1.248,1.2521,1.2755,1.2766,1.2784,1.2873,1.2894,1.2955,1.3035,1.3057,1.3283,1.334,1.343,1.3457000000000001,1.3496000000000001,1.3559,1.3621,1.3764,1.3826,1.3842,1.3926,1.3951,1.4002000000000001,1.4034,1.4089,1.4139000000000002,1.4239000000000002,1.4334,1.4352,1.4445000000000001,1.4489,1.457,1.4715,1.4855,1.4886000000000001,1.4891,1.4955,1.4969000000000001,1.5041,1.5151000000000001,1.5171000000000001,1.528,1.5348000000000002,1.5491000000000001,1.5525,1.5702,1.574,1.5754000000000001,1.5790000000000002,1.5797,1.5851000000000002,1.5872000000000002,1.5905,1.5919,1.5942,1.5959,1.6018000000000001,1.602,1.6188,1.6194000000000002,1.6219000000000001,1.6226,1.635,1.6380000000000001,1.6455000000000002,1.6520000000000001,1.6540000000000001,1.6566,1.6575,1.6619000000000002,1.6653,1.6764000000000001,1.6769,1.6853,1.6864000000000001,1.6944000000000001,1.6961000000000002,1.7082000000000002,1.7091,1.7159,1.7196,1.7287000000000001,1.7348000000000001,1.7372,1.7429000000000001,1.7578,1.7733,1.7830000000000001,1.7926000000000002,1.8021,1.8031000000000001,1.8035,1.8083,1.8146,1.8157,1.8248,1.8399,1.8425,1.8437000000000001,1.8481,1.8515000000000001,1.8533000000000002,1.8558000000000001,1.8572000000000002,1.8799000000000001,1.8814000000000002,1.8856000000000002,1.8935000000000002,1.9017000000000002,1.9036000000000002,1.9103,1.9112,1.917,1.9316,1.9399000000000002,1.9561000000000002,1.9591,1.9664000000000001,1.9745000000000001,1.9776,1.9942000000000002,1.9955,2.0034,2.0092,2.013,2.0152,2.0203,2.0334000000000003,2.0388,2.041,2.052,2.0549,2.0636,2.0693,2.0772,2.0787,2.0865,2.0936,2.1142000000000003,2.1226000000000003,2.123,2.1433,2.1499,2.1559,2.1565000000000003,2.1773000000000002,2.1911,2.1978,2.2003,2.2007000000000003,2.2083,2.216,2.2165,2.2214,2.2235,2.2245,2.2275,2.236,2.2493000000000003,2.2517,2.2519,2.2626,2.2888,2.2975000000000003,2.3005,2.3031,2.306,2.3093,2.3209,2.3273,2.3279,2.3413,2.3446000000000002,2.3457,2.3823000000000003,2.3828,2.3843,2.3846000000000003,2.3875,2.3888000000000003,2.3907000000000003,2.4062,2.4118,2.4122,2.4181,2.4278,2.4483,2.4726,2.4801,2.4951000000000003,2.4988,2.4991000000000003,2.5012000000000003,2.5177,2.5181,2.5220000000000002,2.5251,2.5307,2.5314,2.5346,2.5406,2.5435000000000003,2.5442,2.5509,2.5561000000000003,2.5582000000000003,2.56,2.5723000000000003,2.5883000000000003,2.5941,2.6032,2.6108000000000002,2.6121000000000003,2.6143,2.6196,2.6269,2.6379,2.6421,2.6539,2.6635,2.6694,2.6841,2.6902,2.6933000000000002,2.7012,2.7015000000000002,2.7038,2.7081,2.7117,2.7292,2.7325,2.7475,2.7537000000000003,2.7597,2.7952000000000004,2.8000000000000003,2.8106,2.8201,2.8211,2.8266,2.8281,2.8288,2.8385000000000002,2.8519,2.8592,2.8595,2.8649,2.8699000000000003,2.8762000000000003,2.8915,2.9043,2.9202000000000004,2.9237,2.9318,2.9436,2.9535,2.9541,2.9596,2.9736000000000002,2.9986,3.0033000000000003,3.0037000000000003,3.02,3.0208,3.0231000000000003,3.0403000000000002,3.0431000000000004,3.0942000000000003,3.0945,3.0974,3.0979,3.1035000000000004,3.107,3.1295,3.1351,3.1627,3.1652,3.1748000000000003,3.1778,3.1797,3.1814,3.1907,3.2102,3.2476000000000003,3.2611000000000003,3.2618,3.2693000000000003,3.2697000000000003,3.2719,3.2888,3.2923,3.2957,3.307,3.3146,3.3188,3.3247,3.3327,3.3341000000000003,3.3436000000000003,3.3521,3.3587000000000002,3.3599,3.3625000000000003,3.3641,3.3652,3.3761,3.3804000000000003,3.3809,3.3831,3.3896,3.3916,3.4053,3.4096,3.4117,3.4213,3.4232,3.4317,3.4325,3.4427000000000003,3.4463000000000004,3.4533,3.4634,3.4645,3.4841,3.5004,3.5032,3.504,3.5072,3.5102,3.5130000000000003,3.5199000000000003,3.5239000000000003,3.5255,3.5300000000000002,3.5342000000000002,3.5346,3.5657,3.5765000000000002,3.5788,3.5795000000000003,3.5806,3.5814000000000004,3.5885000000000002,3.5897,3.6075000000000004,3.6136000000000004,3.6304000000000003,3.633,3.6586000000000003,3.6656,3.6658000000000004,3.6660000000000004,3.6675,3.6791,3.6832000000000003,3.6906000000000003,3.697,3.6980000000000004,3.7013000000000003,3.7036000000000002,3.7076000000000002,3.7101,3.7157,3.7175000000000002,3.7207000000000003,3.7299,3.7388000000000003,3.7566,3.7634000000000003,3.7937000000000003,3.8454,3.8601,3.8627000000000002,3.8758000000000004,3.882,3.8858,3.8938,3.9043,3.9089,3.9245,3.9417,3.9437,3.9496,3.9533,3.9683,3.9715000000000003,3.983,3.9851,4.0126,4.0255,4.0298,4.049300000000001,4.0513,4.0581000000000005,4.0643,4.0654,4.069,4.0693,4.0719,4.0779000000000005,4.0821000000000005,4.0841,4.0857,4.0927,4.093100000000001,4.1098,4.1117,4.1161,4.1176,4.1302,4.135,4.1393,4.1448,4.1845,4.1881,4.1933,4.2013,4.2092,4.2299,4.2339,4.2343,4.2351,4.2371,4.2456000000000005,4.2476,4.2488,4.2522,4.252800000000001,4.269,4.2774,4.2844,4.2855,4.2972,4.3098,4.3135,4.3203000000000005,4.3340000000000005,4.343100000000001,4.3696,4.381200000000001,4.3851,4.3982,4.3996,4.4084,4.4122,4.4204,4.4329,4.4395,4.4402,4.4404,4.443700000000001,4.4449000000000005,4.4455,4.4501,4.4528,4.4548000000000005,4.4565,4.4597,4.4695,4.4707,4.4724,4.4737,4.4764,4.4806,4.4835,4.4891000000000005,4.4913,4.4933000000000005,4.5027,4.5063,4.507000000000001,4.5182,4.5235,4.5274,4.535200000000001,4.5373,4.5459000000000005,4.5537,4.5578,4.5699000000000005,4.5815,4.5833,4.6056,4.6102,4.6185,4.6332,4.633500000000001,4.635400000000001,4.6370000000000005,4.6509,4.6543,4.6738,4.6846000000000005,4.6930000000000005,4.6987000000000005,4.7027,4.7138,4.7215,4.7254000000000005,4.7323,4.7346,4.7354,4.7453,4.746,4.7583,4.7679,4.774900000000001,4.779,4.8025,4.802700000000001,4.8303,4.8369,4.8425,4.8455,4.8501,4.8506,4.854,4.8603000000000005,4.871300000000001,4.8718,4.8779,4.8787,4.886,4.8950000000000005,4.8969000000000005,4.9009,4.901400000000001,4.903300000000001,4.9119,4.9153,4.9199,4.9218,4.9329,4.933400000000001,4.9351,4.9367,4.9389,4.9427,4.957800000000001,4.9693000000000005,4.971900000000001,4.9852,4.9935
12639:0.022500000000000003,0.0538,0.1269,0.1711,0.20500000000000002,0.23550000000000001,0.3005,0.36310000000000003,0.38670000000000004,0.4162,0.46140000000000003,0.49860000000000004,0.5637,0.5993,0.6283000000000001,0.6842,0.7293000000000001,0.8248000000000001,0.8802000000000001,0.9339000000000001,0.9576,1.0343,1.2802,1.3195000000000001,1.3453000000000002,1.3748,1.4538,1.5285,1.5481,1.6343,1.6749,1.7082000000000002,1.7466000000000002,1.9025,1.9434,1.9529,2.0022,2.0908,2.1349,2.1977,2.2479,2.2597,2.3698,2.4292000000000002,2.4645,2.5415,2.6032,2.6465,2.689,2.7219,2.778,2.8213,2.8364000000000003,2.8607,2.9091,2.9616000000000002,2.9943,3.0140000000000002,3.0922,3.1264000000000003,3.1673,3.3089,3.3616,3.3888000000000003,3.4685,3.5066,3.5621,3.7137000000000002,3.8120000000000003,3.8351,3.9226,3.9585000000000004,4.0774,4.1240000000000006,4.1821,4.2586,4.301200000000001,4.3354,4.3642,4.450200000000001,4.5046,4.6018,4.6426,4.7414000000000005,4.7793,4.8293,4.8452,4.9025,4.9312000000000005
12708:0.0398,0.08170000000000001,0.1296,0.1874,0.23,0.2954,0.3573,0.42610000000000003,0.47240000000000004,0.5835,0.6691,0.7405,0.8201,0.9079,1.0787,1.1365,1.1988,1.266,1.3059,1.3623,1.4018000000000002,1.5452000000000001,1.6052000000000002,1.6727,1.7445000000000002,1.8487,1.8948,1.9426,2.0927000000000002,2.1579,2.2287,2.295,2.4334000000000002,2.523,2.5994,2.6771000000000003,2.7199,2.7635,2.8211,2.8607,2.9885,3.1278,3.1837,3.3129,3.3594,3.4257,3.4807,3.5231000000000003,3.609,3.6849000000000003,3.7777000000000003,3.8259000000000003,3.9197,3.9601,4.0655,4.1207,4.165,4.2250000000000005,4.3258,4.4372,4.4798,4.603000000000001,4.6477,4.7239,4.7697,4.8212,4.8604,4.9286
12724:0.0753,0.1259,0.22970000000000002,0.2906,0.3583,0.6017,0.672,0.7527,0.8693000000000001,0.9423,1.0657,1.1544,1.2241,1.2833,1.4091,1.5754000000000001,1.9142000000000001,2.1672000000000002,2.2601,2.3481,2.426,2.6606,2.7605,2.9171,2.9653,3.041,3.1072,3.1802,3.3237,3.4090000000000003,3.4586,3.6479000000000004,3.7426000000000004,3.8426,3.9040000000000004,4.005,4.0561,4.1429,4.4252,4.5821000000000005,4.6553,4.7186,4.857
12768:0.562,1.4233,2.2734,2.7409000000000003,2.851,3.2154000000000003,3.3979000000000004,3.8547000000000002
12822:0.0494,0.09380000000000001,0.2341,0.25720000000000004,0.4232,0.5108,0.5693,0.6822,0.7399,0.8365,0.9157000000000001,0.9361,1.0521,1.1294,1.1484,1.2598,1.3364,1.4075,1.4628,1.5615,1.6494,1.6937,1.7472,1.8389,1.9539000000000002,2.0963000000000003,2.1712000000000002,2.244,2.261,2.2896,2.3944,2.4408000000000003,2.462,2.6158,2.6655,2.6903,2.7105,2.7353,2.786,2.8453,2.9853,3.0090000000000003,3.0244,3.1699,3.2324,3.3138,3.4034,3.48,3.5176000000000003,3.5495,3.6109,3.7282,3.7646,3.829,3.8848000000000003,3.9189000000000003,3.9841,4.0520000000000005,4.3235,4.3787,4.4468000000000005,4.585100000000001,4.6239,4.6721,4.6939,4.7973,4.8615,4.9855
13372:0.028800000000000003,0.20350000000000001,0.3196,0.36610000000000004,0.3916,0.4172,0.4761,0.5039,0.6355000000000001,0.7833,0.8603000000000001,0.9045000000000001,1.1260000000000001,1.1786,1.2487000000000001,1.3358,1.3756000000000002,1.4116,1.5065000000000002,1.5790000000000002,1.6388,1.6765,1.7427000000000001,1.8122,1.9084,1.9642000000000002,2.0,2.1351,2.1989,2.2638000000000003,2.43,2.6020000000000003,2.6550000000000002,2.7048,2.7281,2.8417000000000003,2.8682000000000003,2.9153000000000002,3.1102000000000003,3.1390000000000002,3.1750000000000003,3.3631,3.5159000000000002,3.5597000000000003,3.6097,3.7150000000000003,3.8209,3.8963,3.9596,4.0547,4.1369,4.2618,4.3119000000000005,4.3485000000000005,4.4573,4.5065,4.5664,4.6328000000000005,4.798500000000001
13427:0.003,0.006500000000000001,0.0082,0.011600000000000001,0.0298,0.0325,0.0334,0.0341,0.0349,0.044500000000000005,0.0551,0.057,0.060700000000000004,0.0664,0.06910000000000001,0.0693,0.0695,0.0718,0.07250000000000001,0.0728,0.0758,0.0779,0.08,0.08070000000000001,0.0918,0.0983,0.11180000000000001,0.11410000000000001,0.1183,0.11960000000000001,0.12810000000000002,0.1389,0.14250000000000002,0.1428,0.1515,0.1562,0.16640000000000002,0.1784,0.1834,0.1845,0.1847,0.19260000000000002,0.19640000000000002,0.2122,0.2136,0.21580000000000002,0.2569,0.2685,0.2701,0.2722,0.2773,0.2777,0.28190000000000004,0.2891,0.3059,0.31520000000000004,0.3181,0.32130000000000003,0.327,0.3275,0.329,0.33280000000000004,0.3342,0.3476,0.35050000000000003,0.3845,0.3919,0.4015,0.4031,0.4041,0.4097,0.4292,0.445,0.44670000000000004,0.4642,0.468,0.4693,0.4696,0.47840000000000005,0.4834,0.48550000000000004,0.4863,0.49450000000000005,0.5201,0.5279,0.53,0.5395,0.5513,0.5517000000000001,0.5539000000000001,0.5672,0.5719000000000001,0.5778,0.5793,0.5844,0.5888,0.5923,0.6003000000000001,0.6047,0.6197,0.6224000000000001,0.6405000000000001,0.6552,0.6556000000000001,0.6761,0.6787000000000001,0.6804,0.6838000000000001,0.7148,0.7288,0.7326,0.7348,0.7396,0.743,0.745,0.7456,0.7469,0.7491,0.7585000000000001,0.7589,0.7757000000000001,0.7771,0.7887000000000001,0.7917000000000001,0.7968000000000001,0.802,0.8108000000000001,0.8134,0.8183,0.8215,0.8279000000000001,0.8295,0.8307,0.8494,0.8498,0.8506,0.8509,0.8583000000000001,0.8694000000000001,0.8703000000000001,0.8822000000000001,0.8843000000000001,0.8921,0.8955000000000001,0.8986000000000001,0.902,0.9045000000000001,0.9076000000000001,0.9132,0.9141,0.9154,0.9168000000000001,0.9176000000000001,0.9195000000000001,0.9198000000000001,0.921,0.9244,0.9293,0.9328000000000001,0.9364,0.9407000000000001,0.9411,0.9749000000000001,0.9868,0.9916,0.9968,0.9978,1.0099,1.0137,1.0207,1.0296,1.0347,1.0377,1.0425,1.0493000000000001,1.0503,1.0505,1.0615,1.0704,1.0735000000000001,1.0784,1.0796000000000001,1.1025,1.1064,1.1144,1.1234,1.1237000000000001,1.1242,1.1297000000000001,1.1343,1.1348,1.1379000000000001,1.1420000000000001,1.1466,1.1485,1.159,1.1653,1.1735,1.1752,1.1836,1.1877,1.1893,1.1904000000000001,1.2192,1.225,1.2254,1.2305000000000001,1.2309,1.2376,1.2441,1.2504,1.2507000000000001,1.2563,1.2689000000000001,1.2705,1.2748000000000002,1.2784,1.2793,1.2826,1.2982,1.3126,1.3162,1.3435000000000001,1.344,1.35,1.3519,1.3664,1.3728,1.3780000000000001,1.3806,1.4013,1.411,1.4307,1.4457,1.4460000000000002,1.4484000000000001,1.4561000000000002,1.4613,1.4623000000000002,1.4652,1.4799,1.4836,1.5054,1.5163,1.5254,1.5305,1.5334,1.5358,1.5368000000000002,1.5577,1.5649000000000002,1.5734000000000001,1.5764,1.578,1.5842,1.5865,1.6047,1.6105,1.6125,1.6214000000000002,1.6335000000000002,1.6565,1.6584,1.6625,1.6679000000000002,1.6795,1.6847,1.6972,1.7045000000000001,1.7080000000000002,1.7093,1.7145000000000001,1.7514,1.7827000000000002,1.7883,1.7905,1.7931000000000001,1.7989000000000002,1.8012000000000001,1.8117,1.8163,1.8254000000000001,1.8334000000000001,1.8419,1.846,1.8617000000000001,1.8779000000000001,1.8839000000000001,1.8914000000000002,1.895,1.9041000000000001,1.9054,1.9237000000000002,1.9311,1.9321000000000002,1.933,1.9336,1.9339000000000002,1.9460000000000002,1.9578,1.9584000000000001,1.9664000000000001,1.9675,1.9706000000000001,1.9800000000000002,1.9855,1.9864000000000002,1.9878,1.9897,1.9908000000000001,1.9946000000000002,1.9949000000000001,1.9976,2.0006,2.0179,2.0188,2.0193000000000003,2.0248,2.0264,2.0297,2.0345,2.0435000000000003,2.0495,2.0527,2.0642,2.0674,2.0829,2.0854,2.0933,2.0994,2.1041000000000003,2.1079,2.1269,2.1317,2.1434,2.1483000000000003,2.1665,2.1711,2.1733000000000002,2.1743,2.1806,2.185,2.1928,2.1964,2.2117,2.2143,2.2298,2.2387,2.2404,2.2416,2.251,2.2616,2.2765,2.2986,2.3028,2.3091,2.3121,2.318,2.3266,2.3274,2.3477,2.3494,2.3519,2.3684000000000003,2.3784,2.3892,2.394,2.3945000000000003,2.3987000000000003,2.4029000000000003,2.4064,2.4162,2.434,2.4490000000000003,2.4554,2.4611,2.4643,2.4757000000000002,2.4759,2.4836,2.4915000000000003,2.4929,2.5003,2.5028,2.5037000000000003,2.5097,2.5129,2.5149,2.524,2.5277000000000003,2.5279000000000003,2.5295,2.531,2.5317000000000003,2.5338000000000003,2.5472,2.5486,2.5523000000000002,2.5573,2.5692,2.5748,2.5823,2.5859,2.5863,2.5941,2.5962,2.5982000000000003,2.6004,2.6289000000000002,2.641,2.6419,2.6456,2.6533,2.6601,2.6746000000000003,2.6761,2.6821,2.6854,2.6911,2.6916,2.7048,2.7092,2.7239,2.7291000000000003,2.7355,2.7432000000000003,2.7479,2.7532,2.7583,2.7654,2.7763,2.7825,2.7844,2.7872000000000003,2.7905,2.7907,2.7921,2.7965,2.7984,2.8098,2.8147,2.8185000000000002,2.8226,2.8277,2.8328,2.8462,2.8495,2.8628,2.8718000000000004,2.8861000000000003,2.9010000000000002,2.9503,2.9512,2.9522,2.96,2.9609,2.9689,2.9718,2.9742,2.9758,2.9794,3.0039000000000002,3.011,3.0369,3.0372000000000003,3.0512,3.0687,3.0692,3.0871,3.0918,3.0937,3.0967000000000002,3.0972,3.1086,3.1095,3.111,3.1561000000000003,3.1670000000000003,3.1773000000000002,3.1792000000000002,3.1932,3.1936,3.198,3.2002,3.2048,3.206,3.2172,3.2213000000000003,3.2389,3.2771000000000003,3.285,3.2858,3.2908,3.3003,3.3008,3.3011000000000004,3.3082000000000003,3.3237,3.3259000000000003,3.3274000000000004,3.3301000000000003,3.3316000000000003,3.3351,3.3366000000000002,3.3401,3.3519,3.3588,3.3593,3.3712,3.3723,3.3766000000000003,3.4007,3.4018,3.4041,3.4179000000000004,3.4182,3.4205,3.4208000000000003,3.4245,3.4326000000000003,3.4335,3.4545000000000003,3.4571,3.4598,3.4607,3.4725,3.4998,3.5026,3.5134000000000003,3.5205,3.5283,3.5313000000000003,3.5377,3.5395000000000003,3.5411,3.5447,3.5643000000000002,3.5699,3.5798,3.5828,3.5871,3.5895,3.5911,3.6074,3.6168,3.6244,3.6300000000000003,3.6317000000000004,3.6340000000000003,3.6397000000000004,3.6414,3.6455,3.6553,3.6555,3.6577,3.6639000000000004,3.6700000000000004,3.6721000000000004,3.6757,3.6779,3.6805000000000003,3.6807000000000003,3.6825,3.6911,3.6917,3.7085000000000004,3.7166,3.7270000000000003,3.7335000000000003,3.7349,3.7613000000000003,3.762,3.7649000000000004,3.7684,3.7705,3.7945,3.8019000000000003,3.8032000000000004,3.8077,3.8232000000000004,3.8246,3.8337000000000003,3.8371000000000004,3.8454,3.8921,3.9001,3.9031000000000002,3.9108,3.9162000000000003,3.9237,3.927,3.9392,3.9523,3.9628,3.9689,3.9761,3.9776000000000002,3.9846000000000004,3.9849,3.9863000000000004,3.9889,3.9902,3.9994,4.0102,4.0176,4.0269,4.0331,4.0469,4.0518,4.052700000000001,4.0591,4.0782,4.0812,4.0824,4.085500000000001,4.0888,4.1021,4.1135,4.1252,4.125900000000001,4.1437,4.1479,4.1549000000000005,4.1564000000000005,4.1583000000000006,4.16,4.160200000000001,4.1615,4.163,4.163600000000001,4.167800000000001,4.1690000000000005,4.1764,4.1775,4.1928,4.194,4.2010000000000005,4.2032,4.2179,4.2304,4.2403,4.2658000000000005,4.2756,4.2995,4.3006,4.3067,4.3079,4.3133,4.3146,4.3224,4.3236,4.3307,4.3384,4.3507,4.357,4.3587,4.3747,4.3753,4.3776,4.3786000000000005,4.3823,4.391900000000001,4.3947,4.416,4.4228000000000005,4.4238,4.4305,4.4313,4.433800000000001,4.4436,4.4495000000000005,4.4552000000000005,4.4596,4.4773000000000005,4.488,4.5045,4.5055000000000005,4.5105,4.5158000000000005,4.5167,4.5221,4.5314000000000005,4.5318000000000005,4.5431,4.5453,4.5456,4.5461,4.5505,4.5507,4.5518,4.5667,4.5857,4.5915,4.5988,4.6069,4.613,4.6134,4.6324000000000005,4.6391,4.6409,4.6528,4.6638,4.6661,4.668200000000001,4.6774000000000004,4.7085,4.7104,4.7404,4.740600000000001,4.7428,4.767,4.7743,4.791300000000001,4.798500000000001,4.8049,4.8062000000000005,4.8081000000000005,4.8164,4.8422,4.8502,4.854,4.856,4.857,4.8574,4.8577,4.873,4.8735,4.875100000000001,4.8922,4.8941,4.9036,4.9039,4.9148000000000005,4.9252,4.9275,4.9293000000000005,4.931900000000001,4.9324,4.933,4.9351,4.938400000000001,4.942200000000001,4.9452,4.9467,4.9645,4.9659,4.9667,4.9699,4.9762,4.984,4.9916
13536:0.08120000000000001,0.17020000000000002,0.2624,0.267,0.3826,0.4998,0.5221,0.5571,0.6477,0.6842,0.7176,0.7869,0.8534,0.8906000000000001,0.93,0.9973000000000001,1.1148,1.1599000000000002,1.1866,1.2047,1.4064,1.6429,1.7215,1.8234000000000001,1.8397000000000001,1.8986,2.0298000000000003,2.0342000000000002,2.1376,2.262,2.2992,2.3392,2.4046000000000003,2.4707000000000003,2.5719000000000003,2.6464000000000003,2.6961,2.8212,2.9124000000000003,2.9622,2.9696000000000002,3.0323,3.0932,3.1243000000000003,3.2519,3.2747,3.3245,3.3894,3.4208000000000003,3.4396,3.5587,3.6228000000000002,3.6660000000000004,3.6867,3.7669,3.8516000000000004,3.9875000000000003,3.9917000000000002,4.0109,4.1443,4.2126,4.2836,4.3997,4.4074,4.5463000000000005,4.6338,4.8079,4.896,4.9493,4.9949
14249:0.0222,0.1058,0.12990000000000002,0.1882,0.21280000000000002,0.2554,0.3008,0.32330000000000003,0.3598,0.4121,0.46090000000000003,0.5216000000000001,0.5913,0.6452,0.6549,0.6900000000000001,0.7208,0.7873,0.8323,0.8752000000000001,0.9066000000000001,0.9809,1.0441,1.0707,1.1223,1.1620000000000001,1.221,1.2443,1.2878,1.3257,1.3485,1.3923,1.4301000000000001,1.4559,1.5048000000000001,1.5463,1.6104,1.6385,1.7017,1.7568000000000001,1.7847000000000002,1.8105,1.8618000000000001,1.9073,2.0086,2.0759000000000003,2.1351,2.1668000000000003,2.2177000000000002,2.2695000000000003,2.3186,2.3689,2.4326000000000003,2.4927,2.5351,2.5999000000000003,2.6497,2.7393,2.7968,2.8640000000000003,2.9091,2.9622,3.0211,3.0583,3.0836,3.1239000000000003,3.1817,3.2263,3.2731000000000003,3.3109,3.3583000000000003,3.3932,3.4582,3.4812000000000003,3.5536000000000003,3.6012,3.6380000000000003,3.7088,3.773,3.8190000000000004,3.8502,3.8901000000000003,3.9404000000000003,3.9801,4.0212,4.1162,4.1477,4.1949000000000005,4.2465,4.3193,4.3401000000000005,4.375,4.4271,4.4394,4.4866,4.5012,4.5511,4.6108,4.6584,4.6997,4.7433000000000005,4.7907,4.8312,4.8586,4.9021,4.939500000000001,4.9755
14323:1.0888,1.2387000000000001,1.4211,2.7345,3.2157,3.8571,4.698300000000001
14649:0.013000000000000001,0.2489,1.2762,2.216,2.7339,4.3259,4.6428,4.8182
16213:0.0181,0.042,0.057600000000000005,0.0771,0.1029,0.1416,0.1514,0.1814,0.2101,0.24000000000000002,0.2797,0.30110000000000003,0.3355,0.3633,0.3801,0.41150000000000003,0.4238,0.44670000000000004,0.47400000000000003,0.4811,0.4964,0.523,0.5495,0.5657,0.5780000000000001,0.5981000000000001,0.6176,0.6388,0.654,0.6897,0.6959000000000001,0.7301000000000001,0.7553000000000001,0.8083,0.8344,0.8425,0.8593000000000001,0.8854000000000001,0.9101,0.9288000000000001,0.9458000000000001,0.9719000000000001,0.9873000000000001,1.0165,1.0530000000000002,1.0671000000000002,1.0864,1.1113,1.1414,1.1601000000000001,1.1808,1.2016,1.2208,1.2355,1.2582,1.2845,1.3084,1.3385,1.361,1.3901000000000001,1.4160000000000001,1.4362000000000001,1.4731,1.495,1.5136,1.5301,1.538,1.5463,1.5843,1.6179000000000001,1.6592,1.7080000000000002,1.7326000000000001,1.7574,1.7935,1.8221,1.8569,1.9159000000000002,1.9344000000000001,1.945,1.9629,1.9697,1.9914,2.02,2.049,2.0660000000000003,2.1107,2.1405000000000003,2.1681,2.1981,2.2304,2.2608,2.3233,2.3387000000000002,2.3665000000000003,2.3939,2.4127,2.4411,2.4647,2.4799,2.5047,2.5177,2.5253,2.5416000000000003,2.568,2.5995,2.6249000000000002,2.6442,2.678,2.6996,2.7181,2.7488,2.7720000000000002,2.8040000000000003,2.8265000000000002,2.8474,2.8771,2.8997,2.9148,2.9394,2.9623,3.0251,3.0484,3.0811,3.0954,3.1158,3.1369000000000002,3.1566,3.1904000000000003,3.2136,3.2414,3.2858,3.3123,3.3322000000000003,3.3480000000000003,3.3886000000000003,3.3982,3.4053,3.4271000000000003,3.4633000000000003,3.4786,3.5020000000000002,3.5289,3.5551000000000004,3.5782000000000003,3.6039000000000003,3.6256000000000004,3.6414,3.6540000000000004,3.6735,3.6945,3.7215000000000003,3.7333000000000003,3.7532,3.778,3.8124000000000002,3.8485,3.8647,3.8751,3.8998000000000004,3.9330000000000003,3.9431000000000003,3.9761,4.0119,4.0336,4.0485,4.0577000000000005,4.0671,4.0741000000000005,4.0971,4.123600000000001,4.1416,4.1654,4.1779,4.2051,4.213,4.2517000000000005,4.2771,4.3084,4.3421,4.3566,4.3901,4.424300000000001,4.4535,4.487,4.5202,4.5496,4.5702,4.59,4.6103000000000005,4.642,4.6751000000000005,4.7019,4.7329,4.7519,4.7974000000000006,4.8231,4.8543,4.8913,4.9069,4.9279,4.9510000000000005,4.9663,4.9893
17072:0.0172,0.13190000000000002,0.2892,0.35650000000000004,0.4257,0.447,0.526,0.6316,0.8043,0.9485,1.0971,1.2757,1.3632,1.4764000000000002,1.5091,1.5811000000000002,1.6347,1.8044,1.8499,1.9380000000000002,1.9645000000000001,2.0082,2.0542000000000002,2.1335,2.2134,2.2587,2.4708,2.5032,2.5859,2.6363000000000003,2.6859,2.813,2.8485,2.936,3.0361000000000002,3.1234,3.1514,3.2868,3.4080000000000004,3.5348,3.6683000000000003,3.7382,3.8909000000000002,4.0431,4.1757,4.2494000000000005,4.298900000000001,4.3471,4.788,4.8203000000000005,4.8922,4.9241,4.9573
17467:0.0034000000000000002,0.0076,0.0135,0.020900000000000002,0.0216,0.029300000000000003,0.0297,0.0654,0.07,0.07100000000000001,0.07440000000000001,0.08,0.08080000000000001,0.0813,0.0978,0.1009,0.1047,0.10490000000000001,0.1082,0.10940000000000001,0.1278,0.1414,0.1469,0.1482,0.15460000000000002,0.1593,0.1705,0.17170000000000002,0.17500000000000002,0.1834,0.1885,0.19590000000000002,0.1988,0.2039,0.2054,0.2089,0.2124,0.22460000000000002,0.23220000000000002,0.2373,0.2412,0.2441,0.2469,0.2477,0.24860000000000002,0.2501,0.252,0.2606,0.26980000000000004,0.2728,0.278,0.2869,0.28950000000000004,0.2953,0.298,0.3017,0.3138,0.3264,0.3372,0.3431,0.3533,0.3541,0.35960000000000003,0.36100000000000004,0.3628,0.3675,0.3836,0.3866,0.3927,0.3957,0.3981,0.4051,0.4077,0.42360000000000003,0.436,0.43620000000000003,0.437,0.45270000000000005,0.45880000000000004,0.4596,0.4616,0.47350000000000003,0.48210000000000003,0.4914,0.49520000000000003,0.49920000000000003,0.5003000000000001,0.5044000000000001,0.5127,0.5203,0.5297000000000001,0.5386000000000001,0.539,0.5479,0.5494,0.5513,0.5617,0.5621,0.5720000000000001,0.5725,0.5776,0.5785,0.5866,0.5913,0.6046,0.6081,0.6138,0.6203000000000001,0.6377,0.6572,0.6576000000000001,0.6589,0.6617000000000001,0.6642,0.6682,0.6802,0.6946,0.7155,0.7205,0.7303000000000001,0.7451,0.7538,0.763,0.7655000000000001,0.7786000000000001,0.7808,0.7868,0.7914,0.8001,0.8024,0.8108000000000001,0.8333,0.8380000000000001,0.8533000000000001,0.8588,0.867,0.8675,0.8819,0.8967,0.9004000000000001,0.9095000000000001,0.9339000000000001,0.9366000000000001,0.9379000000000001,0.9568000000000001,0.9638000000000001,0.9693,0.9961000000000001,1.0058,1.0090000000000001,1.0109000000000001,1.0189000000000001,1.0202,1.0495,1.0517,1.0557,1.0628,1.0698,1.0704,1.0753000000000001,1.0805,1.0895000000000001,1.1063,1.1095000000000002,1.1109,1.1121,1.1147,1.1245,1.1247,1.1305,1.1320000000000001,1.1375,1.1440000000000001,1.1449,1.1488,1.1557,1.1569,1.1582000000000001,1.1600000000000001,1.1707,1.1813,1.1875,1.1915,1.2031,1.2077,1.2281,1.2342,1.2406000000000001,1.2488000000000001,1.2538,1.256,1.2573,1.2674,1.2749000000000001,1.2794,1.2836,1.2844,1.2908000000000002,1.3033000000000001,1.3054000000000001,1.3062,1.3081,1.3130000000000002,1.3227,1.3288,1.3327,1.3373000000000002,1.3478,1.3525,1.3592,1.3596000000000001,1.3618000000000001,1.3773,1.3929,1.3953,1.4165,1.4248,1.4301000000000001,1.4391,1.4415,1.4489,1.4583000000000002,1.469,1.4698,1.4828000000000001,1.4996,1.5025000000000002,1.5027000000000001,1.5074,1.5188000000000001,1.5326000000000002,1.5368000000000002,1.5406,1.5519,1.5539,1.5545,1.5571000000000002,1.5604,1.5622,1.5706,1.5742,1.5886,1.5914000000000001,1.6055000000000001,1.6097000000000001,1.6141,1.6187,1.6196000000000002,1.6303,1.643,1.645,1.653,1.6569,1.6572,1.6611,1.6686,1.6701000000000001,1.6898000000000002,1.695,1.7056,1.7098,1.7151,1.7337,1.7346000000000001,1.7356,1.7397,1.7568000000000001,1.7668000000000001,1.7682,1.7770000000000001,1.7776,1.7954,1.8044,1.8129000000000002,1.8285,1.8384,1.8459,1.8487,1.8531000000000002,1.8591000000000002,1.8603,1.8675000000000002,1.8721,1.8859000000000001,1.8893000000000002,1.8909,1.9143000000000001,1.9200000000000002,1.9338000000000002,1.9353,1.9403000000000001,1.9434,1.9472,1.9495,1.9559000000000002,1.9653,1.9666000000000001,1.9739,1.9741000000000002,1.982,2.0078,2.0157000000000003,2.0193000000000003,2.0248,2.0252,2.0260000000000002,2.0285,2.0287,2.0323,2.0431,2.0512,2.053,2.0565,2.0601000000000003,2.0616,2.0633,2.0666,2.075,2.0837,2.0857,2.1023,2.1049,2.1064000000000003,2.1108000000000002,2.1149,2.1171,2.1267,2.1319,2.1413,2.1417,2.1469,2.1555,2.1621,2.1652,2.1731000000000003,2.1741,2.1874000000000002,2.1881,2.1934,2.1979,2.2015000000000002,2.2045,2.2064,2.2099,2.2134,2.2199,2.2266,2.2376,2.2541,2.258,2.2640000000000002,2.2761,2.2805,2.2831,2.3120000000000003,2.3227,2.3255,2.338,2.3421000000000003,2.3531,2.3557,2.358,2.3657,2.378,2.3873,2.3994,2.4009,2.4103000000000003,2.4139,2.4178,2.4207,2.4317,2.4361,2.4408000000000003,2.4491,2.4493,2.4511000000000003,2.455,2.4565,2.4688000000000003,2.4714,2.4726,2.4758,2.5068,2.5191000000000003,2.5282,2.5341,2.5411,2.5476,2.5482,2.5495,2.5579,2.5623,2.563,2.5658000000000003,2.5667,2.5886,2.5905,2.5918,2.5958,2.6006,2.6045000000000003,2.6234,2.6340000000000003,2.6407000000000003,2.6444,2.6550000000000002,2.6607000000000003,2.6628000000000003,2.6642,2.6676,2.6693000000000002,2.6713,2.6724,2.6855,2.7039,2.7175000000000002,2.7247000000000003,2.7266,2.7316000000000003,2.7339,2.7361,2.7461,2.7466,2.7481,2.7519,2.7522,2.7551,2.7643,2.7708,2.7783,2.7861000000000002,2.7895000000000003,2.7911,2.7934,2.809,2.8192,2.8216,2.8319,2.8342,2.8394,2.8476000000000004,2.8535,2.8557,2.8575,2.8705000000000003,2.8714,2.8749000000000002,2.8772,2.8800000000000003,2.8863000000000003,2.902,2.9023000000000003,2.9082000000000003,2.9181000000000004,2.9422,2.9695,3.0023,3.0135,3.0226,3.0368,3.0377,3.0462000000000002,3.0572000000000004,3.063,3.0671,3.0735,3.0792,3.0803000000000003,3.0888,3.1014,3.1067,3.1096000000000004,3.1112,3.1229,3.1395,3.1430000000000002,3.1593,3.1605000000000003,3.1673,3.1693000000000002,3.1787,3.1885000000000003,3.1892,3.2029,3.2075,3.2089000000000003,3.2133000000000003,3.2177000000000002,3.2179,3.2211000000000003,3.2218,3.2232000000000003,3.2303,3.2382,3.2432000000000003,3.2479,3.2499000000000002,3.2575000000000003,3.2619000000000002,3.2688,3.2701000000000002,3.2835,3.2848,3.2911,3.3042000000000002,3.3058,3.3157,3.318,3.3381000000000003,3.3475,3.3532,3.3562000000000003,3.3622,3.3649,3.3794,3.4009,3.4039,3.4138,3.4214,3.4325,3.4384,3.4503000000000004,3.4506,3.4549000000000003,3.4650000000000003,3.4814000000000003,3.4884,3.498,3.5009,3.5035000000000003,3.5089,3.5145,3.5339,3.539,3.5516,3.5643000000000002,3.5685000000000002,3.5775,3.5788,3.5806,3.5893,3.5902000000000003,3.5917000000000003,3.599,3.6082,3.6118,3.6184000000000003,3.6229,3.641,3.6503,3.6538000000000004,3.6565000000000003,3.6653000000000002,3.6688,3.6739,3.6816,3.6889000000000003,3.6906000000000003,3.6929000000000003,3.7057,3.7119,3.7384000000000004,3.7397,3.7539000000000002,3.7547,3.7631,3.7702,3.7753,3.7831,3.7893000000000003,3.794,3.8032000000000004,3.809,3.813,3.8148,3.8165,3.8269,3.8291000000000004,3.8306,3.8310000000000004,3.8317,3.8362000000000003,3.8386,3.8486000000000002,3.8563,3.8572,3.8702,3.8924000000000003,3.8944,3.9011,3.9083,3.9127,3.9178,3.9184,3.9289,3.9303000000000003,3.9312,3.9330000000000003,3.9361,3.9485,3.9515000000000002,3.9588,3.9658,3.967,3.9712,3.9813,4.0042,4.007000000000001,4.0092,4.0135000000000005,4.0233,4.0296,4.0308,4.0357,4.0401,4.0423,4.0469,4.0496,4.0585,4.0613,4.0633,4.0716,4.0764000000000005,4.0905000000000005,4.095400000000001,4.1003,4.1094,4.1151,4.1167,4.1205,4.1261,4.1374,4.1378,4.1382,4.1421,4.1428,4.1456,4.1491,4.1626,4.1677,4.1745,4.191800000000001,4.208200000000001,4.2315000000000005,4.2318,4.2353000000000005,4.245,4.2493,4.2537,4.2579,4.2622,4.2721,4.2854,4.2892,4.3037,4.3063,4.3068,4.3077000000000005,4.3118,4.319100000000001,4.3318,4.333,4.3441,4.345400000000001,4.3474,4.3543,4.395300000000001,4.4144000000000005,4.4152000000000005,4.4259,4.4263,4.431,4.433,4.4343,4.436,4.4443,4.448,4.449800000000001,4.4756,4.4952000000000005,4.4993,4.5006,4.5064,4.518800000000001,4.5239,4.5252,4.5278,4.5336,4.5353,4.5397,4.5495,4.5551,4.5557,4.564900000000001,4.5657000000000005,4.5709,4.588900000000001,4.589300000000001,4.5924000000000005,4.5987,4.5991,4.6068,4.6078,4.609500000000001,4.6105,4.6203,4.6269,4.6294,4.6311,4.6338,4.6383,4.6442000000000005,4.6456,4.6467,4.6651,4.674,4.6856,4.6981,4.7096,4.7149,4.7169,4.730300000000001,4.7306,4.7316,4.7355,4.736400000000001,4.7563,4.7639000000000005,4.7741,4.7767,4.7888,4.7903,4.7965,4.7974000000000006,4.7979,4.798500000000001,4.8021,4.8061,4.8154,4.8171,4.8205,4.822,4.8222000000000005,4.8333,4.8335,4.8348,4.8359000000000005,4.845000000000001,4.8476,4.8487,4.8669,4.8677,4.8725000000000005,4.893,4.8975,4.9177,4.9199,4.922000000000001,4.9311,4.9407000000000005,4.9542,4.955900000000001,4.963,4.9716000000000005,4.9806,4.9997
17935:0.0324,0.0333,0.0346,0.0512,0.0558,0.0596,0.0616,0.07350000000000001,0.0752,0.07730000000000001,0.0949,0.0966,0.10010000000000001,0.1037,0.1109,0.1226,0.1246,0.1305,0.1723,0.17370000000000002,0.1754,0.1782,0.18680000000000002,0.1968,0.2096,0.21100000000000002,0.21530000000000002,0.2358,0.2515,0.25880000000000003,0.25930000000000003,0.2599,0.2758,0.2857,0.29300000000000004,0.29610000000000003,0.3215,0.3221,0.32380000000000003,0.3321,0.33280000000000004,0.3496,0.3508,0.3564,0.36210000000000003,0.3642,0.3687,0.37420000000000003,0.3786,0.3803,0.3856,0.3946,0.40800000000000003,0.4103,0.4223,0.44260000000000005,0.44480000000000003,0.4486,0.45690000000000003,0.45790000000000003,0.47390000000000004,0.4776,0.48200000000000004,0.48900000000000005,0.4902,0.4978,0.5085000000000001,0.5118,0.5129,0.5172,0.5229,0.5233,0.5478000000000001,0.5678000000000001,0.5695,0.5738,0.5756,0.5843,0.5904,0.5931000000000001,0.5953,0.5955,0.5981000000000001,0.5985,0.6057,0.6181,0.6319,0.6346,0.6359,0.6363,0.6386000000000001,0.6437,0.6479,0.6507000000000001,0.6514,0.653,0.6544,0.656,0.6795,0.6815,0.6871,0.6910000000000001,0.6959000000000001,0.6974,0.7127,0.7171000000000001,0.7234,0.7407,0.7559,0.7608,0.7769,0.7815000000000001,0.7929,0.7983,0.8225,0.8278000000000001,0.8388,0.8591000000000001,0.8638,0.8697,0.8799,0.8823000000000001,0.895,0.9071,0.9079,0.9085000000000001,0.9123,0.9288000000000001,0.9306000000000001,0.9366000000000001,0.9408000000000001,0.9515,0.9591000000000001,0.9719000000000001,0.9740000000000001,0.9792000000000001,0.9815,0.9876,1.0041,1.0058,1.0095,1.0278,1.0304,1.0385,1.0476,1.0523,1.0592000000000001,1.06,1.0606,1.0667,1.0782,1.0868,1.088,1.0968,1.1017000000000001,1.1199000000000001,1.1251,1.1297000000000001,1.1319000000000001,1.1344,1.1353,1.1405,1.1517,1.155,1.1616,1.1626,1.1657,1.1661000000000001,1.1685,1.1708,1.1780000000000002,1.1936,1.205,1.2077,1.2168,1.2191,1.2217,1.2244000000000002,1.2332,1.2345000000000002,1.2365000000000002,1.2416,1.2484,1.2527000000000001,1.2642,1.2658,1.2738,1.2744,1.2785,1.2816,1.2868000000000002,1.2899,1.2931000000000001,1.2935,1.2943,1.3092000000000001,1.3166,1.3276000000000001,1.3459,1.3546,1.3588,1.3631,1.3726,1.3793,1.3796000000000002,1.3803,1.3809,1.3841,1.4071,1.4185,1.4203000000000001,1.4220000000000002,1.4378,1.4454,1.4514,1.4741,1.478,1.493,1.4932,1.4949000000000001,1.5135,1.5201,1.5269000000000001,1.5292000000000001,1.532,1.5351000000000001,1.5381,1.5410000000000001,1.5461,1.5473000000000001,1.562,1.5674000000000001,1.5954000000000002,1.6019,1.6084,1.6445,1.657,1.6575,1.6679000000000002,1.6821000000000002,1.7073,1.7202000000000002,1.7207000000000001,1.7368000000000001,1.7526000000000002,1.7563000000000002,1.7690000000000001,1.7710000000000001,1.7751000000000001,1.7770000000000001,1.7804,1.8009000000000002,1.8055,1.8124,1.8151000000000002,1.8237,1.8319,1.8401,1.8461,1.8489,1.8615000000000002,1.872,1.8751,1.8816000000000002,1.8821,1.8927,1.895,1.9092,1.9108,1.9316,1.9492,1.9512,1.9588,1.9643000000000002,1.9764000000000002,1.9807000000000001,1.9956,1.9965000000000002,1.9986000000000002,1.9993,2.0026,2.0043,2.0082,2.0132,2.0220000000000002,2.0254000000000003,2.0269,2.0272,2.0349,2.0359000000000003,2.04,2.0425,2.0519000000000003,2.0573,2.0586,2.0602,2.0617,2.064,2.0707,2.0776,2.0832,2.0835,2.0888,2.0933,2.1082,2.1189,2.12,2.1239,2.1342000000000003,2.1345,2.1427,2.153,2.1596,2.1717,2.1824,2.1893000000000002,2.1943,2.1964,2.1968,2.1973000000000003,2.2122,2.2131000000000003,2.2189,2.2191,2.2199,2.2254,2.2315,2.2387,2.2587,2.2645,2.2675,2.2778,2.2889,2.2937000000000003,2.2953,2.2989,2.3038000000000003,2.3233,2.3302,2.3368,2.3412,2.349,2.3528000000000002,2.3705000000000003,2.3876,2.3879,2.3971,2.3974,2.3982,2.4071000000000002,2.4099,2.422,2.444,2.4573,2.4582,2.4615,2.4652000000000003,2.4671000000000003,2.4726,2.4803,2.4823,2.4856000000000003,2.4862,2.4866,2.4961,2.4974000000000003,2.5086,2.5099,2.5139,2.5182,2.5287,2.5379,2.5404,2.5447,2.5467,2.551,2.5564,2.5569,2.5628,2.5658000000000003,2.5708,2.5739,2.5913,2.5924,2.6071,2.6078,2.6138000000000003,2.6145,2.6211,2.6263,2.6277,2.6464000000000003,2.6527000000000003,2.6543,2.6547,2.6681,2.6739,2.6789,2.6806,2.6975000000000002,2.6979,2.7201,2.7295000000000003,2.7311,2.7367,2.7751,2.7792000000000003,2.8044000000000002,2.8058,2.811,2.8121,2.8159,2.8172,2.8202000000000003,2.8303000000000003,2.8353,2.8372,2.8396000000000003,2.8736,2.8764000000000003,2.8818,2.8846000000000003,2.9048000000000003,2.9052000000000002,2.9059,2.9087,2.9316,2.9327,2.9393000000000002,2.9397,2.9442,2.9548,2.9572000000000003,2.9604,2.9673000000000003,2.9862,2.992,3.0008000000000004,3.0056000000000003,3.0098000000000003,3.0161000000000002,3.0197000000000003,3.0602,3.0634,3.0703,3.0794,3.0804,3.0827,3.0862000000000003,3.0875000000000004,3.1018000000000003,3.105,3.1228000000000002,3.1285000000000003,3.1304000000000003,3.1387,3.1416,3.1454,3.1486,3.1601000000000004,3.1700000000000004,3.1942000000000004,3.2017,3.2067,3.2252,3.2365000000000004,3.2588000000000004,3.262,3.2756000000000003,3.2787,3.2802000000000002,3.2834000000000003,3.2863,3.3009,3.3016,3.3021000000000003,3.3071,3.3343000000000003,3.3526000000000002,3.3534,3.3618,3.3741000000000003,3.3775,3.3794,3.3818,3.3939000000000004,3.3986,3.3992,3.4011,3.4025000000000003,3.415,3.4184,3.4214,3.4477,3.4588,3.4595000000000002,3.4824,3.4832,3.5005,3.5072,3.5243,3.5258000000000003,3.5325,3.5352,3.5431000000000004,3.5484,3.5493,3.5537,3.5604,3.5662000000000003,3.5682,3.5755000000000003,3.5818000000000003,3.5923000000000003,3.5961000000000003,3.5972,3.6003000000000003,3.605,3.6073,3.6118,3.6343,3.6358,3.6441000000000003,3.6481000000000003,3.6542000000000003,3.6588000000000003,3.6632000000000002,3.6865,3.6937,3.7007000000000003,3.7028000000000003,3.7087000000000003,3.7095000000000002,3.7227,3.7470000000000003,3.7552000000000003,3.7639,3.7645000000000004,3.7763,3.7827,3.7858,3.7886,3.7929000000000004,3.7956000000000003,3.7964,3.8141000000000003,3.8157,3.8164000000000002,3.8195,3.8201,3.8314000000000004,3.8375000000000004,3.8406000000000002,3.8408,3.8436000000000003,3.8514000000000004,3.8640000000000003,3.8772,3.8827000000000003,3.8919,3.9084000000000003,3.9369,3.9405,3.9415,3.9448000000000003,3.9796,3.9807,3.9841,3.9877000000000002,3.9895,3.9919000000000002,3.9941,4.0013000000000005,4.0098,4.0277,4.0314000000000005,4.037,4.046,4.0503,4.0651,4.0677,4.071400000000001,4.0760000000000005,4.0772,4.0801,4.0804,4.0841,4.0856,4.1007,4.109100000000001,4.1151,4.1177,4.1219,4.1346,4.1365,4.1381000000000006,4.1413,4.1453,4.153700000000001,4.1542,4.1599,4.1606000000000005,4.1676,4.1735,4.1763,4.1767,4.1895,4.1906,4.1947,4.1989,4.2019,4.2083,4.2145,4.2232,4.2490000000000006,4.2605,4.2696000000000005,4.2717,4.2725,4.2736,4.2754,4.2756,4.2784,4.2793,4.2815,4.2902000000000005,4.3095,4.3159,4.3197,4.3288,4.3317000000000005,4.3378000000000005,4.347300000000001,4.3494,4.3642,4.3832,4.3888,4.4042,4.413600000000001,4.4186000000000005,4.4194,4.4208,4.4224000000000006,4.4279,4.436,4.4413,4.4499,4.4572,4.4579,4.462400000000001,4.4651000000000005,4.4728,4.4736,4.4794,4.492900000000001,4.4933000000000005,4.5038,4.5044,4.5126,4.5151,4.5175,4.5196000000000005,4.5262,4.5305,4.5417000000000005,4.543,4.5439,4.5667,4.5731,4.5801,4.5857,4.5869,4.587400000000001,4.5952,4.6186,4.6422,4.6486,4.6506,4.6592,4.6609,4.6614,4.671,4.6828,4.6836,4.684,4.6931,4.6938,4.701700000000001,4.708200000000001,4.7091,4.7115,4.7237,4.7278,4.7382,4.7409,4.7519,4.7635000000000005,4.784800000000001,4.792800000000001,4.793200000000001,4.7987,4.8002,4.8163,4.830900000000001,4.8392,4.8547,4.854900000000001,4.8651,4.8719,4.8868,4.8928,4.8981,4.9028,4.904100000000001,4.9109,4.9114,4.9154,4.9424,4.9528,4.9535,4.9558,4.9689000000000005,4.9755,4.977,4.9772,4.9835,4.9926,4.9957
18131:0.0172,0.0412,0.0651,0.0804,0.1226,0.1325,0.15610000000000002,0.16540000000000002,0.1904,0.2182,0.2531,0.2632,0.2854,0.3048,0.3357,0.3562,0.379,0.40340000000000004,0.4258,0.4592,0.48710000000000003,0.4964,0.5165000000000001,0.5491,0.5714,0.5979,0.6153000000000001,0.6418,0.6722,0.6839000000000001,0.7132000000000001,0.7428,0.781,0.8097000000000001,0.8443,0.877,0.8878,0.9249,0.9551000000000001,0.9928,1.026,1.0516,1.0784,1.1049,1.1360000000000001,1.1521000000000001,1.1835,1.2004000000000001,1.2362,1.2652,1.2801,1.3026,1.3337,1.3494000000000002,1.3699000000000001,1.3958000000000002,1.4060000000000001,1.4318,1.4509,1.4786000000000001,1.5089000000000001,1.5344,1.5586,1.5803,1.6025,1.6371,1.6520000000000001,1.6740000000000002,1.7142000000000002,1.7365000000000002,1.7595,1.7865,1.8168000000000002,1.8367,1.858,1.8918000000000001,1.9022000000000001,1.9331,1.9561000000000002,1.9808000000000001,2.0208,2.0304,2.0678,2.0933,2.1254,2.1352,2.1601,2.1899,2.2141,2.2405,2.2584,2.2938,2.3353,2.3653,2.3973,2.42,2.4576000000000002,2.4658,2.4992,2.5214000000000003,2.5580000000000003,2.5695,2.5935,2.6123000000000003,2.64,2.6734,2.6888,2.7117,2.7345,2.7619000000000002,2.7748,2.8116000000000003,2.8221000000000003,2.8520000000000003,2.8622,2.8943000000000003,2.9101000000000004,2.9558,2.9657,2.9896000000000003,3.0258000000000003,3.0546,3.0887000000000002,3.1191,3.1390000000000002,3.1681000000000004,3.1853000000000002,3.2168,3.2469,3.2720000000000002,3.3112000000000004,3.3196000000000003,3.3465000000000003,3.3708,3.3841,3.4142,3.4367,3.4584,3.4895,3.5036,3.5251,3.5536000000000003,3.5851,3.6163000000000003,3.6608,3.6818,3.7102000000000004,3.7268000000000003,3.7611000000000003,3.7814,3.8185000000000002,3.8257000000000003,3.8491,3.8810000000000002,3.9145000000000003,3.9235,3.9507000000000003,3.9764000000000004,3.9879000000000002,4.0067,4.042800000000001,4.0587,4.0888,4.1148,4.1361,4.1581,4.1779,4.2061,4.228800000000001,4.2592,4.2811,4.3169,4.3292,4.3598,4.391900000000001,4.404100000000001,4.4364,4.4468000000000005,4.4729,4.492500000000001,4.5132,4.5417000000000005,4.5814,4.5991,4.6225000000000005,4.6471,4.675400000000001,4.6933,4.724,4.7441,4.7676,4.791,4.8022,4.8305,4.8517,4.8651,4.8902,4.9249,4.933400000000001,4.9452,4.9863
18171:0.1433,0.25680000000000003,0.2766,0.3362,0.47550000000000003,0.5383,0.6646000000000001,0.7375,0.8485,0.9332,0.9546,1.0836000000000001,1.1634,1.2521,1.2653,1.3407,1.3654000000000002,1.4534,1.4718,1.564,1.6508,1.7392,1.7778,1.8693000000000002,1.8827,1.9599000000000002,2.1325000000000003,2.1557,2.214,2.2386,2.2724,2.3096,2.3338,2.423,2.4514,2.7424,2.7565,2.8397,2.8835,3.0138000000000003,3.0372000000000003,3.1005000000000003,3.1415,3.2006,3.3781000000000003,3.4929,3.5351000000000004,3.6203000000000003,3.8465000000000003,3.8676000000000004,3.9547000000000003,3.9865000000000004,4.0385,4.0679,4.1577,4.3587,4.3892,4.462400000000001,4.5195,4.6338,4.6622,4.7137,4.802700000000001,4.8738,4.9955
18478:0.0398,0.082,0.13190000000000002,0.197,0.23140000000000002,0.2936,0.3453,0.42600000000000005,0.46940000000000004,0.5807,0.6728000000000001,0.7408,0.8187000000000001,0.9459000000000001,1.0777,1.1352,1.2428000000000001,1.2756,1.3141,1.3605,1.4036,1.4641000000000002,1.5433000000000001,1.6097000000000001,1.6725,1.7445000000000002,1.8557000000000001,1.9118000000000002,1.9578,2.0919000000000003,2.1590000000000003,2.217,2.2956000000000003,2.4212000000000002,2.5023,2.5925000000000002,2.6477,2.6966,2.7398000000000002,2.7749,2.822,2.8622,2.9904,3.0939,3.1675,3.2172,3.3138,3.3578,3.4618,3.5026,3.5543,3.6192,3.7043000000000004,3.7782,3.8254,3.9196,3.9600000000000004,4.056900000000001,4.1146,4.1565,4.224,4.319500000000001,4.3634,4.437,4.4781,4.5438,4.601100000000001,4.6474,4.6971,4.7663,4.8095,4.8542000000000005,4.928
19092:0.9581000000000001
19503:0.7932,0.9593,1.4573,1.9364000000000001,2.2569,2.5392,2.6069,2.7442
19611:0.0179,0.10200000000000001,0.12340000000000001,0.1847,0.2097,0.2508,0.29200000000000004,0.31880000000000003,0.3537,0.4067,0.517,0.5875,0.6493,0.7152000000000001,0.7851,0.8291000000000001,0.8704000000000001,0.9002,0.9331,0.9762000000000001,1.04,1.0666,1.1167,1.1584,1.2163000000000002,1.2837,1.323,1.3417000000000001,1.3881000000000001,1.4258000000000002,1.4524000000000001,1.5017,1.6068,1.6309,1.6963000000000001,1.7530000000000001,1.8003,1.8557000000000001,1.9054,2.005,2.0717000000000003,2.154,2.2137000000000002,2.2665,2.3641,2.4266,2.488,2.5284,2.596,2.6452,2.6689000000000003,2.7902,2.8621000000000003,2.9052000000000002,2.9601,3.0184,3.0539,3.0769,3.1194,3.1789,3.2671,3.3047,3.3528000000000002,3.3890000000000002,3.4514,3.4745000000000004,3.5497,3.5957000000000003,3.6316,3.6659,3.7058,3.7682,3.7953,3.8175000000000003,3.8886000000000003,3.9338,4.0183,4.0452,4.1116,4.1433,4.1888000000000005,4.2412,4.3122,4.3338,4.3703,4.4246,4.494800000000001,4.5448,4.574,4.6079,4.6596,4.7391000000000005,4.8514,4.8984000000000005,4.9294,4.9695,4.9936
19718:0.0594,0.1776,0.393,0.6362,0.8889,0.9644,1.3285,1.5366,1.7609000000000001,1.9557,2.262,2.6107,2.7276000000000002,2.8399,3.0182,3.1729000000000003,3.3932,3.5739,3.7204,3.8419000000000003,4.3715,4.849600000000001
19964:0.020800000000000003,0.0488,0.098,0.1318,0.15560000000000002,0.193,0.2207,0.315,0.3393,0.3634,0.3876,0.41150000000000003,0.43710000000000004,0.47100000000000003,0.4944,0.5242,0.5864,0.6252,0.6445000000000001,0.6875,0.7779,0.7966000000000001,0.8307,0.8568,0.8848,0.9007000000000001,0.9574,1.0086,1.0583,1.0818,1.1205,1.1476,1.1754,1.2028,1.2194,1.2395,1.3110000000000002,1.3303,1.3508,1.3922,1.4143000000000001,1.4647000000000001,1.4993,1.5245,1.5747,1.5976000000000001,1.6176000000000001,1.6600000000000001,1.6929,1.7391,1.8,1.8455000000000001,1.9035000000000002,1.9394,1.9649,1.9892,2.0176000000000003,2.0514,2.1275,2.1719,2.1938,2.2192000000000003,2.2587,2.3088,2.3381000000000003,2.3917,2.4248000000000003,2.4695,2.4989,2.5201000000000002,2.5529,2.5918,2.6286,2.6577,2.685,2.7095000000000002,2.7238,2.7542,2.8002000000000002,2.8303000000000003,2.8554,2.8775,2.9086000000000003,2.9376,3.0331,3.0456000000000003,3.1019,3.136,3.1549,3.2052,3.2275,3.2565,3.2831,3.326,3.3535000000000004,3.3877,3.4124000000000003,3.4846000000000004,3.5031000000000003,3.5213,3.5461,3.5678,3.5851,3.6064000000000003,3.6311,3.6656,3.6882,3.7083000000000004,3.7332,3.8166,3.8382,3.8528000000000002,3.8694,3.8942,3.9571,3.9788,4.0087,4.0243,4.0498,4.0701,4.0926,4.1313,4.1577,4.1847,4.2407,4.2869,4.3086,4.3434,4.3804,4.4173,4.4516,4.474200000000001,4.4981,4.5457,4.5789,4.6295,4.6601,4.6924,4.7195,4.746,4.7921000000000005,4.8226,4.8683000000000005,4.9270000000000005,4.9621,4.9844
20136:0.19720000000000001,0.3536,0.4929,0.6126,0.9935,1.0747,1.1726,1.3551,2.0021,2.4572000000000003,2.5231000000000003,2.6550000000000002,2.8316000000000003,2.9269000000000003,3.7152000000000003,3.7452,4.2224,4.5746,4.9162
20166:0.0162,0.017,0.027800000000000002,0.037700000000000004,0.0655,0.0688,0.0748,0.0792,0.07970000000000001,0.08030000000000001,0.0839,0.0843,0.0889,0.08940000000000001,0.0911,0.09290000000000001,0.1019,0.1153,0.116,0.11720000000000001,0.1222,0.12560000000000002,0.1365,0.1529,0.15810000000000002,0.1642,0.17020000000000002,0.17750000000000002,0.1826,0.19460000000000002,0.2025,0.2036,0.21150000000000002,0.21230000000000002,0.21480000000000002,0.221,0.224,0.2245,0.2273,0.23140000000000002,0.24430000000000002,0.24680000000000002,0.26940000000000003,0.2721,0.2726,0.2763,0.2808,0.2863,0.28800000000000003,0.2897,0.2949,0.3168,0.3321,0.33240000000000003,0.3346,0.33530000000000004,0.34140000000000004,0.3471,0.3478,0.3508,0.3537,0.3556,0.3642,0.3657,0.3723,0.3798,0.3821,0.38420000000000004,0.38830000000000003,0.393,0.3965,0.4051,0.4116,0.4123,0.41390000000000005,0.41850000000000004,0.43910000000000005,0.44020000000000004,0.4404,0.441,0.4491,0.4514,0.47000000000000003,0.4889,0.49000000000000005,0.4954,0.49870000000000003,0.5193,0.521,0.5247,0.5297000000000001,0.5369,0.5442,0.5544,0.5559000000000001,0.557,0.5643,0.5689000000000001,0.5884,0.6233000000000001,0.6331,0.6346,0.6444000000000001,0.6499,0.6636000000000001,0.674,0.6908000000000001,0.6915,0.7011000000000001,0.7031000000000001,0.7059000000000001,0.7128,0.7226,0.7237,0.7250000000000001,0.727,0.7288,0.7337,0.7432000000000001,0.7474000000000001,0.7485,0.7528,0.7606,0.773,0.7785000000000001,0.7803,0.7812,0.787,0.7949,0.8154,0.8191,0.8278000000000001,0.8304,0.8434,0.8483,0.8588,0.8596,0.8677,0.8738,0.8829,0.892,0.8935000000000001,0.8984000000000001,0.9013,0.9065000000000001,0.9088,0.9137000000000001,0.9172,0.927,0.9283,0.9334,0.9338000000000001,0.9378000000000001,0.9399000000000001,0.9484,0.9541000000000001,0.9598000000000001,0.9766,0.9835,0.9974000000000001,0.9985,1.0028000000000001,1.0079,1.0122,1.0183,1.0306,1.0544,1.0565,1.0568,1.0607,1.0617,1.0628,1.0631000000000002,1.0669,1.0825,1.0829,1.0854000000000001,1.0868,1.0876000000000001,1.0921,1.0965,1.0979,1.0995000000000001,1.1179000000000001,1.122,1.1255,1.1267,1.137,1.1394,1.1558000000000002,1.157,1.1654,1.167,1.177,1.1869,1.1972,1.2006000000000001,1.2041,1.2235,1.2263000000000002,1.2332,1.2472,1.2479,1.2562,1.2614,1.2782,1.2814,1.2963,1.2966,1.3015,1.3192000000000002,1.3237,1.3333000000000002,1.3337,1.3387,1.3421,1.3495000000000001,1.3522,1.3705,1.3831,1.3833,1.3984,1.4049,1.4218000000000002,1.4303000000000001,1.4358,1.4368,1.4376,1.4441000000000002,1.4625000000000001,1.4727000000000001,1.4781,1.4819,1.4844000000000002,1.492,1.4926000000000001,1.4945000000000002,1.4949000000000001,1.5089000000000001,1.5106000000000002,1.5234,1.5308000000000002,1.5381,1.542,1.5507,1.5622,1.5652000000000001,1.5665,1.5782,1.5827,1.5856000000000001,1.592,1.5924,1.5933000000000002,1.6016000000000001,1.6019,1.6215000000000002,1.6239000000000001,1.6417000000000002,1.6432,1.6495000000000002,1.6589,1.6612,1.6854,1.689,1.6915,1.7009,1.7011,1.7156,1.7209,1.7281000000000002,1.7478,1.7497,1.7516,1.7608000000000001,1.7651000000000001,1.7778,1.778,1.7814,1.7917,1.7939,1.8005,1.8016,1.8034000000000001,1.8123,1.8362,1.8494000000000002,1.8567,1.8711,1.8719000000000001,1.8723,1.8736000000000002,1.8858000000000001,1.8877000000000002,1.9005,1.9011,1.9054,1.9081000000000001,1.9095000000000002,1.9118000000000002,1.9199000000000002,1.9325,1.9335,1.9480000000000002,1.9539000000000002,1.9587,1.959,1.9634,1.9667000000000001,1.9676,1.9694,1.9776,1.9799,1.992,2.0097,2.0100000000000002,2.0177,2.0195000000000003,2.0399000000000003,2.0540000000000003,2.057,2.0585,2.0654,2.0945,2.0996,2.1107,2.1126,2.1261,2.1376,2.1421,2.1491000000000002,2.1554,2.1675,2.1687000000000003,2.1767000000000003,2.1786000000000003,2.1854,2.1888,2.1958,2.2,2.2047000000000003,2.2119,2.2238,2.2297000000000002,2.2354000000000003,2.2381,2.2448,2.2524,2.2592000000000003,2.2601,2.2766,2.2789,2.2805,2.2879,2.3079,2.3192,2.3322000000000003,2.3326000000000002,2.3371,2.3428,2.3565,2.366,2.3823000000000003,2.3878,2.4114,2.4119,2.4182,2.4225000000000003,2.4229000000000003,2.4287,2.4322,2.4391000000000003,2.4503,2.4719,2.4942,2.496,2.5247,2.5345,2.543,2.5451,2.5559000000000003,2.5593,2.5717000000000003,2.5719000000000003,2.5732,2.5764,2.5793,2.5833,2.5916,2.5929,2.5934,2.6019,2.6277,2.6442,2.6495,2.6505,2.6516,2.6544000000000003,2.6608,2.6630000000000003,2.6824000000000003,2.6834000000000002,2.6846,2.6971000000000003,2.6975000000000002,2.7162,2.7297000000000002,2.7307,2.7341,2.737,2.7381,2.7437,2.7489000000000003,2.7501,2.7594000000000003,2.7619000000000002,2.7694,2.779,2.7821000000000002,2.7838000000000003,2.7938,2.8225000000000002,2.8307,2.8360000000000003,2.8366000000000002,2.8371,2.8386,2.8436000000000003,2.8471,2.8473,2.8512,2.8774,2.8817,2.8841,2.8906,2.8994,2.9005,2.9091,2.9176,2.9445,2.9554,2.9636,2.9682,2.9744,2.9795000000000003,2.9810000000000003,2.9915000000000003,2.9934000000000003,3.0053,3.0089,3.0093,3.0142,3.0148,3.0173,3.0179,3.0254000000000003,3.0272,3.0306,3.0366,3.0380000000000003,3.041,3.0469,3.0476,3.049,3.0532000000000004,3.0564,3.0588,3.0607,3.0628,3.0674,3.0763000000000003,3.0835000000000004,3.0891,3.0898000000000003,3.0900000000000003,3.0916,3.092,3.1026000000000002,3.1260000000000003,3.1300000000000003,3.1448,3.1499,3.1583,3.1670000000000003,3.1769000000000003,3.1777,3.1817,3.1887000000000003,3.1945,3.1955,3.1965000000000003,3.1988000000000003,3.2142,3.2148000000000003,3.2163,3.2186000000000003,3.2216,3.2388000000000003,3.2467,3.2477,3.2552000000000003,3.2642,3.2781000000000002,3.2806,3.2879,3.3013000000000003,3.3189,3.3296,3.3305000000000002,3.3358000000000003,3.3368,3.3422,3.3606000000000003,3.3629000000000002,3.3699000000000003,3.3702,3.3713,3.3831,3.3852,3.391,3.4049,3.4068,3.414,3.4142,3.4234,3.4341000000000004,3.4382,3.4467000000000003,3.4543000000000004,3.4554,3.4615,3.4722,3.474,3.4772000000000003,3.4822,3.496,3.4981,3.5055,3.5117000000000003,3.5182,3.5198,3.5215,3.5306,3.5316,3.532,3.5397000000000003,3.5515000000000003,3.5601000000000003,3.564,3.5656000000000003,3.5778000000000003,3.5894000000000004,3.6008,3.625,3.6267,3.6295,3.6342000000000003,3.6392,3.6426000000000003,3.6457,3.649,3.6594,3.6669,3.6854,3.7088,3.72,3.7270000000000003,3.7303,3.7318000000000002,3.7327000000000004,3.7345,3.7437,3.7464000000000004,3.749,3.7590000000000003,3.7596000000000003,3.7609000000000004,3.7647000000000004,3.766,3.773,3.7755,3.7955,3.7973000000000003,3.7990000000000004,3.8012,3.8148,3.8160000000000003,3.822,3.8238000000000003,3.8249,3.8268,3.8293000000000004,3.8347,3.8384,3.8507000000000002,3.8544,3.8656,3.8695000000000004,3.8706,3.8715,3.8734,3.8746,3.8772,3.8809,3.8885,3.8963,3.9006000000000003,3.9101000000000004,3.9174,3.9185000000000003,3.9258,3.9404000000000003,3.9429000000000003,3.9522000000000004,3.9575,3.9789000000000003,3.9823000000000004,3.9916,3.9949000000000003,3.9956,3.9967,4.0111,4.0119,4.018800000000001,4.0259,4.0273,4.0366,4.039000000000001,4.0436000000000005,4.047000000000001,4.0484,4.0511,4.0518,4.053,4.0574,4.0582,4.062,4.0683,4.0753,4.0831,4.0841,4.0875,4.0892,4.0908,4.0958000000000006,4.1093,4.1273,4.1309000000000005,4.133,4.1336,4.1363,4.1375,4.140000000000001,4.1747000000000005,4.180400000000001,4.1892000000000005,4.191,4.1951,4.1973,4.1977,4.2085,4.2154,4.2178,4.2234,4.2241,4.2275,4.2277000000000005,4.2319,4.2449,4.2453,4.2511,4.2534,4.254700000000001,4.2615,4.2657,4.274,4.275,4.2755,4.2923,4.3029,4.3146,4.321400000000001,4.3346,4.339700000000001,4.341600000000001,4.3422,4.3433,4.354,4.3661,4.3721000000000005,4.3827,4.3832,4.3852,4.4027,4.409400000000001,4.4125000000000005,4.413,4.4157,4.4207,4.4226,4.4254,4.4282,4.4369000000000005,4.458200000000001,4.4726,4.4857000000000005,4.5026,4.5093000000000005,4.5192000000000005,4.5214,4.5257000000000005,4.5261000000000005,4.5406,4.558800000000001,4.5595,4.5763,4.5769,4.5816,4.6122000000000005,4.6131,4.631600000000001,4.6323,4.6379,4.6468,4.6527,4.6721,4.674300000000001,4.6789000000000005,4.682,4.6828,4.6939,4.7137,4.7176,4.7316,4.7357000000000005,4.7369,4.7514,4.7551000000000005,4.7563,4.7614,4.7634,4.776,4.7918,4.7938,4.7974000000000006,4.808800000000001,4.8169,4.8234,4.8303,4.8381,4.8497,4.8532,4.8552,4.8742,4.875500000000001,4.8794,4.883,4.8913,4.914000000000001,4.9144000000000005,4.9153,4.948,4.955900000000001,4.9750000000000005,4.9755,4.984100000000001,4.993,4.9969
20195:0.08,0.5583,0.765,1.4344000000000001,1.5186000000000002,1.7769000000000001,1.9314,2.1943,2.2498,2.9922,3.1348000000000003,3.2128,3.4871000000000003,3.939,4.7269000000000005
20921:0.4903,0.6436000000000001,0.8696,0.9420000000000001,1.2825,1.8167,1.9672,2.0673,2.4776000000000002,2.5128,2.6419,2.7046,2.8521,3.0873,3.5189000000000004,3.9000000000000004,4.0621,4.2797,4.8269,4.9318
21291:0.019,0.061500000000000006,0.1017,0.1292,0.16340000000000002,0.19920000000000002,0.2223,0.2501,0.3025,0.3371,0.3645,0.4088,0.46490000000000004,0.5228,0.5825,0.6048,0.6539,0.6961,0.7170000000000001,0.7394000000000001,0.7791,0.8067000000000001,0.8284,0.8724000000000001,0.9185000000000001,0.9475,0.9806,1.0216,1.0470000000000002,1.0707,1.1024,1.1348,1.1489,1.1799,1.215,1.2292,1.256,1.2810000000000001,1.3145,1.3326,1.3739000000000001,1.4208,1.459,1.5124,1.5785,1.6041,1.6202,1.6445,1.6911,1.7117,1.7508000000000001,1.8067000000000002,1.8608,1.8874000000000002,1.9151,1.9439000000000002,1.9869,2.0176000000000003,2.0373,2.0745,2.1009,2.1234,2.1532,2.176,2.2182,2.2686,2.2905,2.3102,2.3441,2.3835,2.4307000000000003,2.4922,2.5336000000000003,2.5694,2.6405000000000003,2.6779,2.7122,2.7408,2.7647,2.8009,2.8293,2.8822,2.9079,2.9456,2.9633000000000003,2.9949000000000003,3.0198,3.0395000000000003,3.0631,3.1001000000000003,3.1264000000000003,3.172,3.2126,3.257,3.278,3.3025,3.3311,3.3629000000000002,3.3815,3.4170000000000003,3.4415,3.4643,3.4978000000000002,3.5305,3.5698000000000003,3.6362,3.7162,3.761,3.7774,3.7997,3.8225000000000002,3.8504,3.8822,3.9051,3.9746,4.0148,4.0391,4.0711,4.0953,4.1334,4.1728000000000005,4.203,4.2454,4.286700000000001,4.3208,4.344,4.383500000000001,4.4245,4.4583,4.4774,4.5241,4.5524000000000004,4.589700000000001,4.6242,4.6530000000000005,4.6654,4.6872,4.721900000000001,4.7473,4.7860000000000005,4.833,4.855300000000001,4.872,4.9004,4.941800000000001,4.9694
22013:0.5575
22097:0.21830000000000002,0.2609,0.3589,0.7485,0.7924,0.9906,1.2901,1.4913,1.7047,1.8868,1.9375,2.0926,2.2559,2.2959,2.6067,2.7464,2.9893,3.0493,3.1956,3.3428,3.4266,3.8963,4.3372,4.4313,4.6654
22214:0.5634,1.2434,1.4236,2.7389,3.2139,3.3938,3.8494,4.2446,4.7018
22366:0.0726,0.1373,0.21030000000000001,0.2554,0.2954,0.3532,0.4484,0.5368,0.6091,0.6767000000000001,0.7412000000000001,0.7861,0.8611000000000001,0.9439000000000001,0.9847,1.1155000000000002,1.1971,1.2841,1.3494000000000002,1.4294,1.4812,1.5139,1.6980000000000002,1.7524000000000002,1.8261,1.8827,1.9269,2.0181,2.0751,2.1248,2.1878,2.2419000000000002,2.2906,2.3463000000000003,2.4298,2.4926,2.5995,2.6419,2.7418,2.818,2.8686000000000003,2.9389000000000003,2.9798,3.0427,3.084,3.1254,3.1898,3.2819000000000003,3.3343000000000003,3.4203,3.4783,3.6726,3.7802000000000002,3.887,3.9329,4.0181000000000004,4.1453,4.2001,4.3317000000000005,4.3701,4.4265,4.4957,4.5833,4.6610000000000005,4.722700000000001,4.8272,4.9365000000000006,4.9933000000000005
22613:0.1316,0.22990000000000002,0.25930000000000003,0.4655,0.6039,0.7413000000000001,0.8323,0.9376000000000001,1.2882,1.4563000000000001,1.5512000000000001,1.7092,1.9084,1.9514,2.0899,2.2582,2.3054,2.4437,2.6881,2.7478000000000002,2.7917,2.8575,2.9132000000000002,2.9705000000000004,3.0148,3.0999000000000003,3.1763000000000003,3.2233,3.318,3.7232000000000003,3.8176,3.9221000000000004,4.1323,4.2668,4.3645000000000005,4.5107,4.6082,4.6497,4.7469,4.794700000000001,4.8625
23130:0.006200000000000001,0.009000000000000001,0.0095,0.024900000000000002,0.0252,0.038200000000000005,0.0424,0.044000000000000004,0.0487,0.0522,0.07250000000000001,0.0762,0.09330000000000001,0.09860000000000001,0.1057,0.1315,0.1441,0.1502,0.1525,0.1535,0.1563,0.1602,0.165,0.17830000000000001,0.18030000000000002,0.1887,0.1893,0.1922,0.1952,0.196,0.2076,0.21400000000000002,0.2217,0.2308,0.2485,0.24980000000000002,0.2549,0.2763,0.2801,0.28090000000000004,0.30210000000000004,0.3138,0.31670000000000004,0.3292,0.33130000000000004,0.3316,0.33480000000000004,0.337,0.3432,0.35050000000000003,0.3533,0.36160000000000003,0.3633,0.36920000000000003,0.3748,0.3755,0.37620000000000003,0.37920000000000004,0.39640000000000003,0.39830000000000004,0.4001,0.402,0.4026,0.4103,0.42210000000000003,0.4273,0.44420000000000004,0.45280000000000004,0.45320000000000005,0.46940000000000004,0.4822,0.48850000000000005,0.5029,0.5073,0.5119,0.5228,0.5244,0.5291,0.5312,0.5369,0.5525,0.5698,0.5737,0.5753,0.5838,0.5986,0.6039,0.6119,0.6215,0.6232,0.6274000000000001,0.6327,0.6412,0.6487,0.6538,0.6606000000000001,0.6612,0.6631,0.6712,0.6715,0.6832,0.6847000000000001,0.6861,0.6902,0.6907,0.6977,0.7154,0.7332000000000001,0.7467,0.7479,0.7702,0.7769,0.7895000000000001,0.7949,0.7961,0.8042,0.8135,0.8215,0.8275,0.8348,0.8362,0.8433,0.8538,0.8674000000000001,0.8698,0.8777,0.881,0.8826,0.8854000000000001,0.8889,0.8935000000000001,0.9007000000000001,0.9025000000000001,0.9095000000000001,0.9161,0.9195000000000001,0.9441,0.9472,0.9515,0.9528000000000001,0.9543,0.9551000000000001,0.9642000000000001,0.9890000000000001,0.9954000000000001,0.999,1.0041,1.0202,1.0371000000000001,1.0417,1.0558,1.056,1.0667,1.0715000000000001,1.0755000000000001,1.0819,1.0944,1.1011,1.1062,1.1092,1.1112,1.116,1.1181,1.1199000000000001,1.1234,1.1528,1.163,1.165,1.1673,1.1721000000000001,1.1924000000000001,1.1961000000000002,1.2009,1.2043000000000001,1.2053,1.2055,1.2069,1.2135,1.2142000000000002,1.2158,1.2176,1.2209,1.2357,1.2423,1.2543,1.2593,1.2617,1.2742,1.2878,1.2916,1.3009000000000002,1.3063,1.3085,1.3102,1.3104,1.3118,1.3226,1.3243,1.3332000000000002,1.334,1.3382,1.3428,1.3558000000000001,1.3758000000000001,1.3807,1.3825,1.3891,1.4119000000000002,1.4141000000000001,1.4147,1.4447,1.4524000000000001,1.492,1.4991,1.5041,1.5070000000000001,1.5327000000000002,1.5364,1.5372000000000001,1.5378,1.5546,1.5589000000000002,1.5595,1.5728,1.5775000000000001,1.5805,1.5829,1.5885,1.59,1.5957000000000001,1.6018000000000001,1.6093000000000002,1.6227,1.6359000000000001,1.6564,1.6597000000000002,1.6637000000000002,1.6712,1.6737000000000002,1.6749,1.6873,1.701,1.7054,1.7147000000000001,1.7208,1.7334,1.7508000000000001,1.7535,1.7562,1.7613,1.7624000000000002,1.7676,1.7727000000000002,1.7792000000000001,1.7809000000000001,1.7951000000000001,1.7981,1.8096,1.8118,1.8245,1.8279,1.8322,1.8338,1.8516000000000001,1.8554000000000002,1.8654000000000002,1.8871,1.8913,1.8925,1.8994000000000002,1.9289,1.9337000000000002,1.9365,1.9383000000000001,1.9388,1.9629,1.9665000000000001,1.9693,1.9734,1.9759,1.985,1.9885000000000002,1.9991,2.0082,2.013,2.0214000000000003,2.027,2.0276,2.0288,2.0379,2.0466,2.0482,2.0514,2.0807,2.0812,2.0869,2.0871,2.1015,2.1058,2.1127000000000002,2.1183,2.1188000000000002,2.1253,2.1281,2.1335,2.1337,2.1472,2.1477,2.1655,2.1658,2.1663,2.1716,2.1727000000000003,2.1749,2.1817,2.1826000000000003,2.1829,2.2,2.2074000000000003,2.2131000000000003,2.2135000000000002,2.2148000000000003,2.2226,2.2235,2.2242,2.2371000000000003,2.2392000000000003,2.2469,2.2625,2.2689,2.2822,2.2908,2.2937000000000003,2.2948,2.2968,2.2998000000000003,2.3047,2.3129,2.3171,2.3311,2.3325,2.3364000000000003,2.3389,2.341,2.3440000000000003,2.3442000000000003,2.3482000000000003,2.3716,2.3849,2.4085,2.4207,2.4223,2.4238,2.4257,2.4445,2.4650000000000003,2.4654000000000003,2.4675000000000002,2.476,2.4792,2.4796,2.4822,2.4941,2.4943,2.4949000000000003,2.4997000000000003,2.5013,2.5071000000000003,2.5188,2.5459,2.5552,2.5653,2.5678,2.5754,2.6033,2.6065,2.6186000000000003,2.6234,2.6247000000000003,2.6321000000000003,2.6519,2.6649000000000003,2.6686,2.6749,2.6792000000000002,2.6808,2.6886,2.693,2.7011000000000003,2.7058,2.7081,2.7095000000000002,2.7133000000000003,2.7498,2.7549,2.7634000000000003,2.7655000000000003,2.7752000000000003,2.7840000000000003,2.801,2.8059000000000003,2.8097000000000003,2.8115,2.8138,2.8200000000000003,2.8261000000000003,2.8434,2.8612,2.8640000000000003,2.8649,2.8687,2.8699000000000003,2.8833,2.8843,2.9071000000000002,2.9085,2.911,2.9124000000000003,2.9183000000000003,2.9316,2.9341,2.9352,2.9445,2.9498,2.9549000000000003,2.966,2.9745,2.9843,2.9850000000000003,2.9904,3.0013,3.0100000000000002,3.0161000000000002,3.0223,3.0264,3.0322,3.0337,3.0398,3.0424,3.0506,3.0624000000000002,3.0801000000000003,3.0842,3.0868,3.0887000000000002,3.0944000000000003,3.1116,3.1162,3.1173,3.1178000000000003,3.1245000000000003,3.1315,3.1366,3.1380000000000003,3.1423,3.1458,3.1496,3.1559000000000004,3.1572,3.1628000000000003,3.1662000000000003,3.1752000000000002,3.182,3.1867,3.1951,3.1973000000000003,3.2042,3.2078,3.2094,3.21,3.2114000000000003,3.2467,3.2495000000000003,3.2631,3.2734,3.2787,3.2904,3.3273,3.3373000000000004,3.347,3.3509,3.3533,3.3542,3.3560000000000003,3.3565,3.3591,3.3661000000000003,3.3795,3.3867000000000003,3.3881,3.3899000000000004,3.3929,3.4086000000000003,3.41,3.4285,3.4322000000000004,3.4479,3.4574000000000003,3.4718,3.4761,3.4872,3.5061,3.508,3.5086000000000004,3.5092000000000003,3.5121,3.5139,3.5183,3.5197000000000003,3.5225,3.5266,3.5268,3.5272,3.5393000000000003,3.5530000000000004,3.5571,3.577,3.5971,3.6012,3.6166,3.6189,3.6211,3.6567000000000003,3.6586000000000003,3.6839000000000004,3.7192000000000003,3.7235,3.725,3.7254,3.7369000000000003,3.7381,3.7389,3.7472000000000003,3.762,3.7717,3.7737000000000003,3.7761,3.7866,3.7985,3.7990000000000004,3.8098,3.8126,3.8235,3.8262,3.8311,3.8313,3.8321,3.8359,3.8389,3.8408,3.8544,3.8602000000000003,3.8696,3.8732,3.8866,3.8959,3.9026,3.9054,3.9214,3.9235,3.9264,3.9329,3.9362000000000004,3.9392,3.9447,3.9643,3.9743000000000004,3.9773,3.9788,3.9861,3.9892000000000003,4.006600000000001,4.012700000000001,4.015000000000001,4.0237,4.025,4.0261000000000005,4.0356000000000005,4.0448,4.0593,4.0601,4.0606,4.0612,4.0651,4.071400000000001,4.0834,4.1036,4.1102,4.1123,4.1154,4.128,4.1298,4.1317,4.1346,4.1414,4.1446000000000005,4.1502,4.1764,4.1784,4.1815,4.1863,4.2148,4.2323,4.2595,4.2625,4.2657,4.2769,4.2839,4.2854,4.2884,4.2912,4.295100000000001,4.3091,4.3133,4.314,4.3209,4.3315,4.3352,4.3361,4.3365,4.3445,4.3472,4.3563,4.3756,4.377800000000001,4.3788,4.3801000000000005,4.3806,4.3916,4.4190000000000005,4.4208,4.4324,4.4336,4.4396,4.4442,4.4451,4.4473,4.448,4.4556000000000004,4.4592,4.4596,4.460100000000001,4.4659,4.4711,4.4853000000000005,4.4937000000000005,4.5232,4.5318000000000005,4.5339,4.5439,4.5578,4.5582,4.5623000000000005,4.5723,4.5808,4.5817000000000005,4.5833,4.5837,4.5928,4.6061000000000005,4.6139,4.6262,4.6302,4.6311,4.6435,4.6528,4.654100000000001,4.6561,4.657,4.6726,4.675800000000001,4.6793000000000005,4.679600000000001,4.6878,4.693700000000001,4.7004,4.7027,4.708200000000001,4.7126,4.7194,4.7231000000000005,4.7331,4.7395000000000005,4.7512,4.7531,4.7667,4.7816,4.7996,4.8033,4.808800000000001,4.8124,4.826700000000001,4.8448,4.8539,4.8565000000000005,4.8582,4.8667,4.8791,4.8825,4.8887,4.8936,4.9038,4.9081,4.9134,4.923500000000001,4.9331000000000005,4.9336,4.936,4.9451,4.948,4.952100000000001,4.9528,4.9532,4.9838000000000005,4.9882,4.9886
23215:0.048400000000000006,0.08410000000000001,0.24450000000000002,0.2833,0.3225,0.5394,0.5631,0.6223000000000001,0.7676000000000001,0.8578,0.9562,1.0194,1.0759,1.1636,1.2493,1.3949,1.4200000000000002,1.4554,1.5125000000000002,1.7318,1.7787000000000002,1.8841,1.9324000000000001,2.1868000000000003,2.2292,2.2564,2.3246,2.3735,2.4828,2.5366,2.6012,2.7399,2.8466,2.9779,3.0405,3.1246,3.2188000000000003,3.2869,3.3936,3.4855,3.6805000000000003,3.8401,3.8632,3.9435000000000002,4.0,4.208,4.2476,4.3371,4.3805000000000005,4.5014,4.7043,4.7384,4.8034,4.8451,4.943700000000001,4.9809
23330:0.0023,0.0026000000000000003,0.0102,0.019100000000000002,0.025900000000000003,0.0263,0.0408,0.0531,0.0785,0.08020000000000001,0.085,0.09870000000000001,0.10260000000000001,0.1041,0.10500000000000001,0.1158,0.1421,0.15510000000000002,0.158,0.1588,0.1653,0.167,0.1887,0.1935,0.20570000000000002,0.2104,0.2162,0.2343,0.23670000000000002,0.2371,0.2406,0.2422,0.2635,0.2644,0.2661,0.2828,0.2867,0.29510000000000003,0.2974,0.3052,0.314,0.3259,0.33230000000000004,0.3346,0.3569,0.3764,0.377,0.3864,0.4012,0.41090000000000004,0.41590000000000005,0.4168,0.44210000000000005,0.455,0.4561,0.45730000000000004,0.4692,0.47500000000000003,0.47790000000000005,0.4813,0.4914,0.5012,0.5046,0.506,0.5124000000000001,0.5153,0.5236000000000001,0.5335,0.5383,0.5397000000000001,0.5428000000000001,0.5525,0.5587,0.5595,0.5764,0.5856,0.5972000000000001,0.6035,0.6079,0.6149,0.6274000000000001,0.6303000000000001,0.6371,0.6466000000000001,0.6631,0.6671,0.6677000000000001,0.6726000000000001,0.6831,0.6934,0.6974,0.7018,0.7022,0.7145,0.7260000000000001,0.7394000000000001,0.7474000000000001,0.7555000000000001,0.7582,0.7593000000000001,0.7674000000000001,0.7849,0.7929,0.7995,0.8079000000000001,0.8146,0.8200000000000001,0.8204,0.8341000000000001,0.8470000000000001,0.8515,0.8555,0.8568,0.8747,0.8808,0.8812000000000001,0.8841,0.8941,0.8984000000000001,0.9063,0.9168000000000001,0.9245000000000001,0.9344,0.9391,0.9400000000000001,0.9403,0.9420000000000001,0.9425,0.9438000000000001,0.9444,0.9667,0.9681000000000001,0.9688,0.9719000000000001,0.9765,0.9813000000000001,0.9816,0.9890000000000001,1.0052,1.0198,1.0228000000000002,1.0262,1.0325,1.0421,1.0575,1.058,1.0704,1.0711,1.1086,1.1147,1.1182,1.1224,1.1317000000000002,1.1324,1.1385,1.139,1.1514,1.1661000000000001,1.1672,1.1676,1.1801000000000001,1.1816,1.1889,1.2085000000000001,1.2104000000000001,1.2133,1.2145000000000001,1.2174,1.2245000000000001,1.2281,1.2285000000000001,1.2343,1.2408000000000001,1.2411,1.2422,1.2431,1.2741,1.2868000000000002,1.3052000000000001,1.3163,1.3216,1.3278,1.3372000000000002,1.3569,1.3577000000000001,1.3587,1.3843,1.3864,1.3925,1.417,1.4172,1.4208,1.4268,1.4405000000000001,1.4426,1.447,1.4628,1.4764000000000002,1.4859,1.4887000000000001,1.4959,1.4975,1.4979,1.4991,1.5067000000000002,1.5116,1.5194,1.5215,1.5222,1.5237,1.5293,1.5373,1.5381,1.5405,1.5692000000000002,1.5861,1.5918,1.604,1.6063,1.6114000000000002,1.6124,1.6126,1.6393,1.643,1.6464,1.6475000000000002,1.6532,1.6693,1.6817,1.6971,1.6976,1.699,1.7028,1.7080000000000002,1.7171,1.7224000000000002,1.7241000000000002,1.7425000000000002,1.7428000000000001,1.7566000000000002,1.7585000000000002,1.7596,1.7606000000000002,1.7687000000000002,1.7704000000000002,1.7769000000000001,1.7823,1.7869000000000002,1.7953000000000001,1.7964,1.8070000000000002,1.8108000000000002,1.8151000000000002,1.8299,1.8347,1.8376000000000001,1.8421,1.8466,1.8468,1.8489,1.8503,1.865,1.8667,1.8733000000000002,1.8749,1.8884,1.8904,1.9095000000000002,1.9131,1.9163000000000001,1.9189,1.9243000000000001,1.9261000000000001,1.9326,1.9357000000000002,1.9581000000000002,1.9725000000000001,1.9760000000000002,1.9877,1.988,1.9928000000000001,1.9956,2.0100000000000002,2.0103,2.0328,2.0364,2.0380000000000003,2.0397000000000003,2.0425,2.0745,2.0820000000000003,2.0859,2.0875,2.0982000000000003,2.0993,2.0998,2.1189,2.1275,2.1716,2.1781,2.1964,2.1984,2.1998,2.2046,2.2048,2.2066,2.2154000000000003,2.2162,2.2186,2.2253000000000003,2.2358000000000002,2.2366,2.2424,2.2459000000000002,2.2494,2.2504,2.2521,2.2528,2.2617000000000003,2.2653000000000003,2.2777000000000003,2.2855000000000003,2.2920000000000003,2.2948,2.2985,2.3004000000000002,2.3092,2.3192,2.327,2.3305000000000002,2.3492,2.3505000000000003,2.3524000000000003,2.3560000000000003,2.3947000000000003,2.4016,2.4204000000000003,2.4207,2.4223,2.4298,2.4363,2.4377,2.4428,2.452,2.4565,2.4610000000000003,2.4725,2.483,2.4837000000000002,2.4917000000000002,2.5116,2.5157000000000003,2.5168,2.52,2.523,2.5277000000000003,2.5395000000000003,2.5399000000000003,2.5404,2.5495,2.556,2.5766,2.5783,2.5826000000000002,2.5949,2.6036,2.6073,2.6085000000000003,2.6234,2.6270000000000002,2.6294,2.6418,2.6593,2.6626000000000003,2.6645000000000003,2.6674,2.674,2.6763000000000003,2.694,2.6950000000000003,2.7085000000000004,2.7350000000000003,2.7352000000000003,2.7366,2.7497000000000003,2.7509,2.7592000000000003,2.7640000000000002,2.7713,2.7808,2.7841,2.797,2.7985,2.8013000000000003,2.8042000000000002,2.8106,2.8156000000000003,2.8165,2.818,2.8242000000000003,2.8265000000000002,2.8318000000000003,2.8358000000000003,2.8403,2.8458,2.8480000000000003,2.8497000000000003,2.8737,2.8776,2.8807,2.8845,2.8857,2.9127,2.9147000000000003,2.9217,2.9311000000000003,2.9525,2.9634,2.9662,2.9730000000000003,2.9859,2.9988,3.0116,3.0239000000000003,3.0260000000000002,3.0302000000000002,3.0435000000000003,3.0454000000000003,3.0511000000000004,3.0539,3.0554,3.0660000000000003,3.0694000000000004,3.0761000000000003,3.0777,3.0881000000000003,3.0939,3.095,3.0956,3.1016000000000004,3.1071,3.1075,3.1096000000000004,3.1112,3.1178000000000003,3.1247000000000003,3.1282,3.1291,3.1413,3.145,3.1498,3.1532,3.157,3.1595,3.1628000000000003,3.1637,3.1673,3.1688,3.1696,3.1754000000000002,3.1775,3.1857,3.1942000000000004,3.2016,3.2043000000000004,3.2079,3.217,3.2188000000000003,3.2233,3.2238,3.2297000000000002,3.2382,3.2441,3.2470000000000003,3.2508000000000004,3.2550000000000003,3.2630000000000003,3.2675,3.2727,3.2733000000000003,3.2767,3.2787,3.2918000000000003,3.3028,3.3055000000000003,3.3076000000000003,3.3133000000000004,3.3277,3.3280000000000003,3.3372,3.3419000000000003,3.3656,3.3680000000000003,3.3722000000000003,3.3810000000000002,3.3819000000000004,3.3862,3.3982,3.4222,3.4233000000000002,3.4249,3.4296,3.4561,3.4581,3.4604000000000004,3.4725,3.4728000000000003,3.4741,3.4788,3.4848000000000003,3.4889,3.4946,3.519,3.5227000000000004,3.5239000000000003,3.528,3.5318,3.5367,3.5448,3.5532000000000004,3.5557000000000003,3.5603000000000002,3.5620000000000003,3.5638,3.5652000000000004,3.5663,3.5769,3.5873000000000004,3.6019,3.6357000000000004,3.6549,3.6556,3.6597000000000004,3.6605000000000003,3.6738,3.6857,3.7093000000000003,3.7158,3.7181,3.7319,3.7332,3.7489000000000003,3.7514000000000003,3.7526,3.7576,3.7622,3.7677,3.7718000000000003,3.7737000000000003,3.7845,3.7942,3.7948000000000004,3.7969000000000004,3.806,3.8062,3.8086,3.8197,3.8229,3.8276000000000003,3.8462,3.8494,3.8619000000000003,3.8637,3.8665000000000003,3.8669000000000002,3.8696,3.8713,3.8775000000000004,3.8945000000000003,3.8964000000000003,3.907,3.9075,3.9115,3.9332000000000003,3.9448000000000003,3.9503000000000004,3.9572000000000003,3.9671000000000003,3.9674,3.974,3.9817,3.9842000000000004,3.9857,3.9886000000000004,4.0014,4.002400000000001,4.0132,4.0283,4.0359,4.0369,4.0502,4.0612,4.0702,4.081300000000001,4.0942,4.1023000000000005,4.1208,4.1302,4.1367,4.1456,4.1533,4.1553,4.1562,4.1797,4.197,4.2,4.2057,4.2123,4.2128000000000005,4.213,4.2151000000000005,4.2211,4.2316,4.245,4.248200000000001,4.272600000000001,4.2747,4.3032,4.3119000000000005,4.3127,4.314,4.317,4.3176000000000005,4.324800000000001,4.327,4.3337,4.3401000000000005,4.3403,4.3421,4.3428,4.3437,4.3505,4.3564,4.3578,4.3719,4.3965000000000005,4.406000000000001,4.4101,4.4166,4.4190000000000005,4.4273,4.4336,4.4344,4.4378,4.4413,4.4430000000000005,4.443700000000001,4.4469,4.4473,4.4476,4.460100000000001,4.4606,4.4618,4.4726,4.4753,4.4769000000000005,4.4797,4.4855,4.5057,4.511,4.514200000000001,4.526400000000001,4.527,4.5276000000000005,4.5303,4.5319,4.5419,4.5605,4.5698,4.579000000000001,4.5827,4.5888,4.590800000000001,4.5957,4.6003,4.6142,4.6203,4.6234,4.6383,4.6447,4.6485,4.6538,4.6578,4.6801,4.6892000000000005,4.7062,4.708,4.7157,4.7198,4.724600000000001,4.7309,4.7318,4.7365,4.7378,4.746300000000001,4.764600000000001,4.7786,4.783,4.786700000000001,4.7876,4.788,4.7897,4.819500000000001,4.8227,4.8276,4.8448,4.8555,4.8612,4.8799,4.890000000000001,4.8912,4.8947,4.897200000000001,4.902200000000001,4.9071,4.913600000000001,4.9165,4.9171000000000005,4.917400000000001,4.934,4.9429,4.9448,4.956300000000001,4.9674000000000005,4.9684,4.9712000000000005,4.9785,4.9990000000000006
23668:0.0158,0.0656,0.10500000000000001,0.1394,0.1796,0.2417,0.27090000000000003,0.28900000000000003,0.3337,0.36250000000000004,0.4179,0.447,0.4796,0.5074000000000001,0.5432,0.601,0.6328,0.677,0.7144,0.7408,0.8076,0.8546,0.9221,0.9412,0.9790000000000001,1.0772000000000002,1.0978,1.1227,1.171,1.2387000000000001,1.2743,1.308,1.3436000000000001,1.3635000000000002,1.4097000000000002,1.447,1.4771,1.5036,1.5412000000000001,1.5761,1.6339000000000001,1.6921000000000002,1.7287000000000001,1.7753,1.8191000000000002,1.8537000000000001,1.9374,1.9578,1.9809,2.0113000000000003,2.0492,2.0645000000000002,2.1318,2.1729000000000003,2.2126,2.2525,2.3814,2.4157,2.4505,2.4687,2.5031000000000003,2.551,2.5866000000000002,2.6069,2.6456,2.6736,2.6899,2.7065,2.7779000000000003,2.8145000000000002,2.8411,2.9344,3.0211,3.0672,3.1065,3.1494,3.1849000000000003,3.3027,3.3616,3.3991000000000002,3.4381000000000004,3.4671000000000003,3.4942,3.5262000000000002,3.5678,3.628,3.6579,3.6752000000000002,3.7311,3.7955,3.8486000000000002,3.8781000000000003,3.9048000000000003,3.9619,4.0241,4.1273,4.168,4.191800000000001,4.2564,4.2959000000000005,4.3432,4.4504,4.4985,4.5398000000000005,4.5979,4.6361,4.7049,4.7285,4.7588,4.7962,4.8176000000000005,4.890000000000001,4.9226,4.958
24150:0.019,0.0425,0.0587,0.0766,0.1019,0.1358,0.1521,0.18130000000000002,0.20720000000000002,0.2306,0.26380000000000003,0.28550000000000003,0.3047,0.3345,0.36300000000000004,0.38130000000000003,0.4083,0.42760000000000004,0.449,0.4783,0.49610000000000004,0.5238,0.5524,0.5778,0.6006,0.6227,0.6399,0.6589,0.6788000000000001,0.6948000000000001,0.7247,0.7536,0.7975,0.8198000000000001,0.8411000000000001,0.8631000000000001,0.8812000000000001,0.9051,0.9307000000000001,0.9599000000000001,0.9761000000000001,1.0052,1.0208000000000002,1.0563,1.0722,1.0887,1.1122,1.1408,1.1595,1.1805,1.2068,1.221,1.2381,1.256,1.2797,1.3037,1.3172000000000001,1.3499,1.3694000000000002,1.3887,1.4160000000000001,1.4348,1.4745000000000001,1.4949000000000001,1.5274,1.5459,1.5834000000000001,1.6134000000000002,1.6601000000000001,1.6834,1.707,1.7327000000000001,1.7567000000000002,1.7934,1.8217,1.8548,1.8891,1.9169,1.9345,1.9488,1.9686000000000001,1.9907000000000001,2.0184,2.0428,2.0642,2.1039,2.1243000000000003,2.1398,2.1674,2.1945,2.2211000000000003,2.2355,2.2634000000000003,2.3019000000000003,2.331,2.3449,2.3687,2.3953,2.4155,2.4396,2.4655,2.4847,2.5028,2.5233000000000003,2.5418000000000003,2.5618000000000003,2.5735,2.6012,2.6248,2.6451000000000002,2.6783,2.6999,2.7171000000000003,2.7399,2.7543,2.7721,2.8033,2.8249,2.8468,2.8739000000000003,2.894,2.9130000000000003,2.9371,2.9588,2.984,3.0222,3.0436,3.0827,3.0978000000000003,3.1155,3.137,3.1599,3.1922,3.2132,3.2394000000000003,3.2645,3.2912000000000003,3.3116000000000003,3.3387000000000002,3.3621000000000003,3.3889,3.4059000000000004,3.4252000000000002,3.4614000000000003,3.479,3.5002,3.5173,3.5317000000000003,3.5543,3.5931,3.6221,3.6478,3.6653000000000002,3.692,3.7217000000000002,3.7353,3.7554000000000003,3.7791,3.8104,3.8400000000000003,3.8519,3.8699000000000003,3.8943000000000003,3.907,3.9364000000000003,3.9723,3.9876,4.0118,4.0322000000000005,4.048900000000001,4.0661000000000005,4.0864,4.103800000000001,4.1235,4.1427000000000005,4.1656,4.1797,4.2064,4.2549,4.2742,4.296,4.3132,4.3399,4.3608,4.3869,4.4218,4.4504,4.4694,4.4873,4.5200000000000005,4.5436000000000005,4.567200000000001,4.5875,4.6108,4.6402,4.6616,4.6789000000000005,4.6996,4.7356,4.752800000000001,4.7962,4.819500000000001,4.8529,4.8819,4.9034,4.9225,4.936100000000001,4.9575000000000005,4.9904
24281:0.0083,0.0239,0.0325,0.036500000000000005,0.037000000000000005,0.0458,0.0473,0.0594,0.06860000000000001,0.07300000000000001,0.07350000000000001,0.0748,0.0775,0.0804,0.0825,0.0829,0.0869,0.0896,0.0912,0.1174,0.11850000000000001,0.1338,0.15610000000000002,0.17,0.1752,0.1789,0.1968,0.2024,0.21660000000000001,0.224,0.2247,0.23140000000000002,0.23900000000000002,0.2411,0.2505,0.25980000000000003,0.26890000000000003,0.3024,0.3057,0.30770000000000003,0.3175,0.3262,0.33130000000000004,0.3331,0.3386,0.3405,0.3618,0.3657,0.38020000000000004,0.383,0.39580000000000004,0.3991,0.40230000000000005,0.4043,0.41250000000000003,0.4173,0.42050000000000004,0.4418,0.44570000000000004,0.4536,0.45430000000000004,0.46780000000000005,0.4823,0.4899,0.49970000000000003,0.5023,0.5048,0.5241,0.5462,0.5489,0.5496,0.5516,0.5559000000000001,0.5577,0.5670000000000001,0.5688,0.5790000000000001,0.5820000000000001,0.5840000000000001,0.6106,0.6109,0.6131,0.6234000000000001,0.6267,0.6318,0.6324000000000001,0.6411,0.6549,0.6624,0.6629,0.6733,0.674,0.6766,0.682,0.6858000000000001,0.6885,0.6971,0.7015,0.7201000000000001,0.7314,0.7332000000000001,0.7446,0.7476,0.7483000000000001,0.7485,0.7512000000000001,0.8079000000000001,0.8128000000000001,0.8198000000000001,0.8244,0.8292,0.8294,0.8309000000000001,0.8667,0.874,0.8889,0.8991,0.904,0.9115000000000001,0.912,0.9162,0.9189,0.9191,0.9286000000000001,0.9312,0.9466,0.9543,0.9584,0.9661000000000001,0.9711000000000001,0.9750000000000001,0.9979,1.0007000000000001,1.0146,1.0296,1.0303,1.0305,1.0406,1.0415,1.0472000000000001,1.0491000000000001,1.0530000000000002,1.0535,1.0646,1.0845,1.0872,1.0892,1.1003,1.1031,1.1099,1.1181,1.1308,1.1313,1.1413,1.1437000000000002,1.1632,1.1695,1.1701000000000001,1.1819,1.1873,1.1875,1.2005000000000001,1.2009,1.2121,1.2339,1.2345000000000002,1.2413,1.2444,1.2448000000000001,1.2531,1.2915,1.2948000000000002,1.3184,1.3234000000000001,1.3245,1.3262,1.3269,1.3342,1.3358,1.3367,1.3454000000000002,1.3481,1.3596000000000001,1.3628,1.379,1.3825,1.3885,1.3957000000000002,1.3994,1.4012,1.4014,1.4085,1.4167,1.4245,1.4304000000000001,1.4359000000000002,1.4382000000000001,1.4554,1.4657,1.4765000000000001,1.489,1.4927000000000001,1.4936,1.508,1.5109000000000001,1.5129000000000001,1.5350000000000001,1.5449000000000002,1.548,1.5535,1.5539,1.5565,1.5783,1.5887,1.6191,1.6215000000000002,1.6255000000000002,1.6414,1.6421000000000001,1.6572,1.6577000000000002,1.6614,1.6635,1.6647,1.6752,1.6766,1.685,1.6873,1.6879000000000002,1.6888,1.6897,1.7166000000000001,1.7254,1.7345000000000002,1.7391,1.741,1.7412,1.7509000000000001,1.752,1.7523000000000002,1.7545000000000002,1.7646000000000002,1.7682,1.7686000000000002,1.7688000000000001,1.7769000000000001,1.782,1.8216,1.8231000000000002,1.8236,1.8298,1.8326,1.8353000000000002,1.8447,1.8494000000000002,1.8701,1.8843,1.889,1.9085,1.9211,1.9354,1.9454,1.9493,1.9498000000000002,1.9516,1.9577,1.9667000000000001,1.9695,1.9845000000000002,1.9924000000000002,2.0213,2.0385,2.0531,2.0576000000000003,2.0744000000000002,2.0875,2.0919000000000003,2.0961000000000003,2.0979,2.0987,2.1078,2.1243000000000003,2.1403000000000003,2.1470000000000002,2.1662,2.1667,2.1675,2.1689000000000003,2.1691000000000003,2.1785,2.1788000000000003,2.1837,2.1863,2.19,2.1934,2.1949,2.2055000000000002,2.2112000000000003,2.2146,2.2232000000000003,2.2311,2.2362,2.241,2.2433,2.244,2.2445,2.2471,2.2529,2.2548,2.2699000000000003,2.2755,2.2864,2.2889,2.2962000000000002,2.3001,2.3012,2.3179000000000003,2.3228,2.337,2.3400000000000003,2.3544,2.3721,2.3784,2.392,2.4245,2.4357,2.4499,2.4523,2.4529,2.4543,2.4546,2.4577,2.4632,2.4638,2.4728000000000003,2.4799,2.4846,2.4853,2.4927,2.494,2.4972000000000003,2.5144,2.5152,2.5263,2.5443000000000002,2.5556,2.5569,2.5654,2.5846,2.5857,2.5923000000000003,2.5938000000000003,2.601,2.6271,2.6283000000000003,2.6328,2.6427,2.6429,2.6457,2.6550000000000002,2.6585,2.6641,2.6733000000000002,2.6769000000000003,2.6774,2.6788000000000003,2.6849000000000003,2.6866000000000003,2.6886,2.6966,2.6989,2.7007000000000003,2.705,2.7058,2.7067,2.7106000000000003,2.7146000000000003,2.7162,2.7173000000000003,2.7246,2.7254,2.7329000000000003,2.7417000000000002,2.7492,2.7638000000000003,2.7704,2.7719,2.7789,2.7835,2.7842000000000002,2.7903000000000002,2.7997,2.8005,2.8019000000000003,2.8083,2.809,2.8109,2.8196000000000003,2.8213,2.8392,2.8542,2.859,2.8637,2.8687,2.8879,2.9168000000000003,2.9358,2.9391000000000003,2.9427000000000003,2.9457,2.9819,3.0017,3.003,3.0093,3.0119000000000002,3.0137,3.0179,3.0182,3.0188,3.0207,3.0248,3.0287,3.0385,3.0451,3.0851,3.0856000000000003,3.0872,3.0882,3.1087000000000002,3.1185,3.1289000000000002,3.1413,3.1431,3.1443000000000003,3.1499,3.1580000000000004,3.1588000000000003,3.1603000000000003,3.1606,3.1608,3.1613,3.1703,3.1706000000000003,3.1743,3.1754000000000002,3.1775,3.1867,3.1894,3.1941,3.2034000000000002,3.2047000000000003,3.2315,3.2345,3.2358000000000002,3.2387,3.2411000000000003,3.2415000000000003,3.242,3.2497000000000003,3.2524,3.2526,3.2602,3.262,3.2821000000000002,3.2868,3.2897000000000003,3.3058,3.3093000000000004,3.3157,3.3181000000000003,3.3191,3.3245,3.33,3.3317,3.335,3.3560000000000003,3.3688000000000002,3.3692,3.3818,3.3887,3.3931,3.3975,3.4005,3.4111000000000002,3.4165,3.4215,3.4221000000000004,3.4249,3.4464,3.4577,3.4627000000000003,3.4652000000000003,3.466,3.4734000000000003,3.4770000000000003,3.4824,3.4827000000000004,3.4836,3.5009,3.5113000000000003,3.5124,3.5137,3.5139,3.5152,3.5168000000000004,3.5185,3.5201000000000002,3.5250000000000004,3.5315000000000003,3.5349000000000004,3.5429000000000004,3.5441000000000003,3.5475000000000003,3.5583,3.5596,3.5719000000000003,3.5786000000000002,3.5834,3.5895,3.6084,3.6112,3.612,3.613,3.6167000000000002,3.6195000000000004,3.6238,3.6292,3.6295,3.6385,3.6447000000000003,3.6479000000000004,3.6505,3.6575,3.6678,3.6681000000000004,3.6924,3.6987,3.7106000000000003,3.7136,3.716,3.7165000000000004,3.7211000000000003,3.7262,3.7297000000000002,3.7306000000000004,3.7311,3.7323000000000004,3.7349,3.7391,3.7399,3.7483,3.7519,3.7523,3.7538,3.7817000000000003,3.7849000000000004,3.8071,3.8087,3.8103000000000002,3.8166,3.8245,3.8265000000000002,3.8291000000000004,3.8328,3.8366000000000002,3.8369,3.8404000000000003,3.8496,3.8571,3.8581000000000003,3.8673,3.8689,3.9003,3.9111000000000002,3.9116,3.914,3.9685,3.9746,3.9792,3.986,3.9915000000000003,3.9932000000000003,3.9995000000000003,4.0049,4.0168,4.0215000000000005,4.0217,4.0242,4.035200000000001,4.0421000000000005,4.0442,4.0465,4.0491,4.0548,4.0645,4.0919,4.0937,4.099200000000001,4.1013,4.1106,4.1149000000000004,4.1228,4.1305000000000005,4.1608,4.162100000000001,4.1722,4.1748,4.1753,4.1871,4.2037,4.2106,4.2113000000000005,4.2117,4.2167,4.2319,4.2346,4.2602,4.2676,4.2746,4.2926,4.295100000000001,4.303100000000001,4.3084,4.3086,4.3094,4.3151,4.327,4.3451,4.348,4.3528,4.3695,4.3706000000000005,4.3738,4.3768,4.3849,4.4,4.4238,4.4327000000000005,4.4359,4.4363,4.4389,4.4397,4.4468000000000005,4.447,4.4491000000000005,4.4597,4.4729,4.4732,4.4791,4.4919,4.4961,4.4992,4.5183,4.5218,4.524900000000001,4.5351,4.5418,4.551200000000001,4.5553,4.556,4.5633,4.5721,4.5807,4.5825000000000005,4.582800000000001,4.5944,4.5989,4.6025,4.6065000000000005,4.607600000000001,4.615600000000001,4.6237,4.6449,4.6477,4.6482,4.6491,4.649500000000001,4.6545000000000005,4.6607,4.661700000000001,4.6647,4.6772,4.680400000000001,4.6807,4.681900000000001,4.6832,4.6839,4.6929,4.6969,4.699800000000001,4.7085,4.7229,4.724200000000001,4.7363,4.7372000000000005,4.7397,4.7399000000000004,4.7491,4.756600000000001,4.7629,4.7674,4.7677000000000005,4.795100000000001,4.7997000000000005,4.8075,4.8161000000000005,4.8167,4.8182,4.8321000000000005,4.8331,4.8346,4.8391,4.843,4.8489,4.854900000000001,4.8622000000000005,4.8651,4.8691,4.8804,4.8879,4.905600000000001,4.9077,4.9192,4.9256,4.9299,4.934,4.9595,4.9691,4.9766,4.9781,4.9801,4.9816
24926:1.3688,1.5155,1.9837,2.4730000000000003,2.692,3.4986,3.6777,4.1989,4.8242
25605:0.004,0.0066,0.0111,0.0154,0.022000000000000002,0.0357,0.0386,0.041800000000000004,0.0426,0.046700000000000005,0.0601,0.0634,0.0684,0.0703,0.0719,0.0767,0.0795,0.0946,0.10990000000000001,0.1317,0.1373,0.139,0.14730000000000001,0.1716,0.1729,0.1855,0.1956,0.2015,0.2025,0.2147,0.2192,0.22740000000000002,0.23,0.2356,0.2561,0.25670000000000004,0.257,0.2589,0.2632,0.26680000000000004,0.277,0.27790000000000004,0.28090000000000004,0.2836,0.2861,0.29500000000000004,0.3023,0.3089,0.33630000000000004,0.3418,0.3527,0.3568,0.3653,0.3685,0.3688,0.3698,0.3713,0.37470000000000003,0.38220000000000004,0.38480000000000003,0.39,0.39230000000000004,0.39830000000000004,0.4151,0.42310000000000003,0.43920000000000003,0.4418,0.45580000000000004,0.45730000000000004,0.4586,0.4879,0.48950000000000005,0.4907,0.4973,0.5167,0.5197,0.5206000000000001,0.529,0.5325,0.5398000000000001,0.5519000000000001,0.5543,0.5592,0.5801000000000001,0.5806,0.5829,0.5919,0.5925,0.5957,0.5964,0.5977,0.5997,0.6096,0.6196,0.62,0.6267,0.6364000000000001,0.6443,0.6458,0.6561,0.6595000000000001,0.6612,0.6626000000000001,0.6768000000000001,0.7042,0.733,0.7403000000000001,0.7413000000000001,0.7666000000000001,0.7694000000000001,0.7868,0.793,0.8036000000000001,0.8220000000000001,0.8224,0.8276,0.8435,0.8468,0.8490000000000001,0.8499,0.8648,0.8658,0.866,0.8685,0.87,0.8827,0.8893000000000001,0.8906000000000001,0.8943000000000001,0.9026000000000001,0.9088,0.9122,0.9164,0.9181,0.9372,0.9395,0.9440000000000001,0.9569000000000001,0.9586,0.9624,0.9695,0.9735,0.9781000000000001,0.9923000000000001,1.0041,1.0055,1.0068000000000001,1.0089000000000001,1.0224,1.0398,1.0454,1.0531000000000001,1.0573000000000001,1.0587,1.0614000000000001,1.0675000000000001,1.0688,1.0693000000000001,1.097,1.11,1.1151,1.1236000000000002,1.1304,1.1428,1.1451,1.1512,1.1549,1.1639000000000002,1.1731,1.1744,1.1784000000000001,1.1908,1.192,1.1989,1.2061,1.2124000000000001,1.2159,1.2202,1.2278,1.2294,1.2538,1.256,1.2567000000000002,1.2572,1.2583,1.2713,1.2727000000000002,1.2772000000000001,1.2788000000000002,1.2831000000000001,1.2848000000000002,1.2898,1.2911000000000001,1.2916,1.2978,1.3050000000000002,1.3076,1.3116,1.3142,1.3147,1.3364,1.349,1.3586,1.3673,1.3794,1.381,1.3942,1.4019000000000001,1.4033,1.4068,1.4118000000000002,1.4140000000000001,1.4155,1.4282000000000001,1.4316,1.4329,1.4411,1.4414,1.4461000000000002,1.4706000000000001,1.4718,1.4874,1.4917,1.4971,1.5030000000000001,1.5176,1.5349000000000002,1.5373,1.5424,1.552,1.5969,1.6,1.601,1.6032000000000002,1.6138000000000001,1.624,1.6412,1.6449,1.6495000000000002,1.6614,1.6704,1.6814,1.7001000000000002,1.7029,1.7238,1.724,1.7456,1.7484000000000002,1.7487000000000001,1.7541,1.7585000000000002,1.7635,1.7773,1.7816,1.7818,1.7824,1.7843,1.8071000000000002,1.8108000000000002,1.816,1.8231000000000002,1.83,1.8356000000000001,1.8381,1.8535000000000001,1.8573000000000002,1.8591000000000002,1.8613000000000002,1.8692000000000002,1.8961000000000001,1.9042000000000001,1.9083,1.9113,1.9122000000000001,1.9146,1.9180000000000001,1.9321000000000002,1.9523000000000001,1.9574,1.9801000000000002,1.9992,2.009,2.0149,2.0227,2.029,2.0309,2.0493,2.0495,2.0519000000000003,2.0575,2.0641000000000003,2.0698000000000003,2.0758,2.0823,2.0973,2.1165000000000003,2.121,2.1235,2.1307,2.1412,2.1574,2.1589,2.1604,2.1633,2.1656,2.1658,2.178,2.1814,2.1826000000000003,2.1858,2.2055000000000002,2.2153,2.2178,2.2193,2.2345,2.2526,2.2558000000000002,2.2560000000000002,2.2584,2.2627,2.2661000000000002,2.2734,2.2832,2.2840000000000003,2.2865,2.2868,2.3005,2.3094,2.3172,2.3244000000000002,2.3253,2.3541000000000003,2.3685,2.3712,2.3714,2.3741000000000003,2.3747000000000003,2.383,2.3838,2.3841,2.3921,2.399,2.4022,2.4033,2.4215,2.423,2.427,2.4314,2.4331,2.4370000000000003,2.4409,2.4453,2.4479,2.4501,2.4507000000000003,2.4517,2.4589000000000003,2.46,2.4776000000000002,2.4778000000000002,2.4843,2.4869000000000003,2.5005,2.5022,2.5054000000000003,2.5075000000000003,2.5168,2.524,2.5299,2.5303,2.5326,2.5368,2.5420000000000003,2.5545,2.5563000000000002,2.5631,2.5891,2.5942000000000003,2.5994,2.6065,2.609,2.6165000000000003,2.6173,2.6270000000000002,2.6359,2.6386000000000003,2.6441000000000003,2.6494,2.6510000000000002,2.6558,2.6586000000000003,2.6652,2.6794000000000002,2.6861,2.6871,2.6902,2.6946000000000003,2.6968,2.7070000000000003,2.7087000000000003,2.7141,2.7211000000000003,2.7242,2.7276000000000002,2.7378,2.7465,2.7512000000000003,2.7532,2.7549,2.7669,2.7708,2.7713,2.7751,2.7845,2.7885,2.7924,2.8028,2.8067,2.8088,2.819,2.8208,2.8335000000000004,2.8451,2.8461000000000003,2.8464,2.857,2.8655,2.8692,2.8738,2.8812,2.8962000000000003,2.9079,2.9098,2.9114,2.9116,2.9126000000000003,2.9242000000000004,2.9269000000000003,2.9328000000000003,2.9341,2.9349000000000003,2.9371,2.9419,2.9434,2.9472,2.9503,2.9553000000000003,2.9559,2.9605,2.9624,2.963,2.9658,2.9677000000000002,2.9709000000000003,2.9819,2.9958,3.0142,3.0148,3.0299,3.0384,3.0533,3.0546,3.06,3.0643000000000002,3.0667,3.0673000000000004,3.0732,3.0778000000000003,3.0789,3.0994,3.1003000000000003,3.1046,3.1066000000000003,3.1158,3.1180000000000003,3.1198,3.1223,3.1286,3.1306000000000003,3.1409000000000002,3.1431,3.1477,3.1486,3.1704000000000003,3.1711,3.1759,3.1779,3.184,3.1951,3.1961,3.1996,3.2207000000000003,3.222,3.2278000000000002,3.2281,3.2352000000000003,3.2439,3.2488,3.2493000000000003,3.2606,3.2669,3.2725,3.2841,3.2959,3.2975000000000003,3.2981000000000003,3.3015000000000003,3.3063000000000002,3.3159,3.3189,3.3213000000000004,3.3225000000000002,3.3253000000000004,3.3257000000000003,3.3294,3.3298,3.3305000000000002,3.3333000000000004,3.335,3.3355,3.3405,3.3459000000000003,3.3519,3.3649,3.3651,3.366,3.3813,3.3825000000000003,3.3918000000000004,3.3943000000000003,3.399,3.4015,3.403,3.41,3.4224,3.4250000000000003,3.4257,3.4273000000000002,3.4282000000000004,3.4290000000000003,3.4301000000000004,3.4439,3.4547000000000003,3.456,3.4587000000000003,3.4594,3.4698,3.4702,3.4732000000000003,3.4782,3.4834,3.4841,3.5064,3.5082,3.5123,3.5158,3.5177,3.5217,3.5436,3.5573,3.5707,3.5782000000000003,3.5845000000000002,3.5868,3.5883000000000003,3.5922,3.5981,3.6043000000000003,3.6104000000000003,3.6236,3.6244,3.6296000000000004,3.6426000000000003,3.6449000000000003,3.6554,3.6626000000000003,3.6634,3.6655,3.6676,3.6938,3.6952000000000003,3.6988000000000003,3.6995,3.7087000000000003,3.7117,3.7138,3.7268000000000003,3.7297000000000002,3.7327000000000004,3.7388000000000003,3.7594000000000003,3.7684,3.7717,3.7725,3.7731000000000003,3.7803,3.8173000000000004,3.835,3.8489,3.8517,3.8537000000000003,3.8561,3.8705000000000003,3.8721,3.8802000000000003,3.8805,3.8812,3.8855000000000004,3.8876000000000004,3.8923,3.8954,3.9097000000000004,3.9116,3.9153000000000002,3.9195,3.9214,3.9218,3.9243,3.9263000000000003,3.9266,3.9410000000000003,3.9416,3.9463000000000004,3.9505000000000003,3.968,3.9723,3.9758,3.9933,3.999,4.0008,4.0018,4.0062,4.0093000000000005,4.016500000000001,4.0263,4.0297,4.030600000000001,4.0315,4.0422,4.0444,4.0498,4.0556,4.056900000000001,4.0596000000000005,4.0608,4.0812,4.0856,4.1051,4.1067,4.1074,4.109100000000001,4.1117,4.1173,4.1249,4.1307,4.1336,4.1359,4.1387,4.154,4.1785000000000005,4.1874,4.1946,4.2245,4.2279,4.2308,4.2418000000000005,4.2554,4.2603,4.3161000000000005,4.317200000000001,4.32,4.329000000000001,4.3451,4.3464,4.3505,4.355,4.3578,4.3601,4.369800000000001,4.3734,4.3917,4.3984000000000005,4.4101,4.4103,4.418200000000001,4.4416,4.4419,4.442200000000001,4.4607,4.4665,4.4682,4.4697000000000005,4.4757,4.4818,4.486800000000001,4.4876000000000005,4.4879,4.4966,4.500500000000001,4.502,4.506600000000001,4.5077,4.5112000000000005,4.5187,4.529100000000001,4.5339,4.5354,4.5474000000000006,4.5676000000000005,4.5692,4.5744,4.5784,4.5983,4.6154,4.6163,4.622,4.6284,4.6298,4.641900000000001,4.6449,4.6501,4.6588,4.6606000000000005,4.6679,4.6773,4.6829,4.687,4.688000000000001,4.6942,4.6948,4.708200000000001,4.7104,4.7149,4.7163,4.728000000000001,4.7302,4.7333,4.7348,4.7356,4.7413,4.7479000000000005,4.760800000000001,4.7677000000000005,4.769,4.7921000000000005,4.795,4.8081000000000005,4.819,4.8287,4.8342,4.835100000000001,4.8379,4.8452,4.8504000000000005,4.8514,4.8607000000000005,4.8649000000000004,4.869400000000001,4.8721000000000005,4.8725000000000005,4.8827,4.8883,4.8895,4.8962,4.8969000000000005,4.901800000000001,4.903300000000001,4.9224000000000006,4.9251000000000005,4.9282,4.9378,4.9449000000000005,4.964,4.9692,4.9756,4.9778,4.9823,4.9853000000000005,4.9861,4.9907,4.993,4.9969
25792:0.0224,0.10020000000000001,0.1791,0.27080000000000004,0.2974,0.33430000000000004,0.3638,0.4118,0.4415,0.4751,0.5259,0.5554,0.6142000000000001,0.6582,0.6848000000000001,0.7302000000000001,0.8081,0.8594,0.9205000000000001,0.9542,1.0035,1.09,1.1735,1.2128,1.2801,1.3591,1.4135,1.4795,1.514,1.5495,1.6439000000000001,1.7332,1.8058,1.8444,1.9368,1.9743000000000002,2.0475000000000003,2.128,2.1992000000000003,2.2695000000000003,2.3584,2.4199,2.4716,2.5019,2.589,2.6213,2.6922,2.8096,2.9289,2.9468,3.0453,3.0792,3.1124,3.1369000000000002,3.1898,3.2668000000000004,3.3178,3.4041,3.4464,3.4912,3.5247,3.5764,3.6333,3.6679000000000004,3.8071,3.875,3.922,3.9583000000000004,4.0382,4.1409,4.1796,4.246,4.2763,4.3363000000000005,4.4225,4.4626,4.5933,4.6226,4.6467,4.7279,4.8155,4.8921,4.9207,4.961600000000001
25910:0.0217,0.29250000000000004,0.5503,1.2466000000000002,1.3797000000000001,1.5141,2.6947,3.1540000000000004,3.4977,3.6642,3.6784000000000003,4.1949000000000005,4.8236,4.9253
26469:4.6504
26746:4.8327
27573:0.0017000000000000001,0.003,0.0046,0.0081,0.010400000000000001,0.0123,0.017,0.047400000000000005,0.048,0.052500000000000005,0.058,0.0616,0.08080000000000001,0.08800000000000001,0.0906,0.0988,0.0999,0.1081,0.11370000000000001,0.1232,0.1269,0.1287,0.1292,0.13190000000000002,0.13670000000000002,0.1411,0.1497,0.1811,0.2031,0.20770000000000002,0.21760000000000002,0.2272,0.24530000000000002,0.2696,0.2733,0.27490000000000003,0.28,0.2833,0.2838,0.2876,0.2901,0.30510000000000004,0.30670000000000003,0.3073,0.3158,0.3291,0.33140000000000003,0.33540000000000003,0.342,0.34900000000000003,0.3521,0.3537,0.3557,0.35710000000000003,0.3602,0.36110000000000003,0.3764,0.3879,0.4042,0.40800000000000003,0.41240000000000004,0.4138,0.4188,0.4218,0.4262,0.43310000000000004,0.4369,0.43960000000000005,0.44,0.4428,0.4441,0.45130000000000003,0.4559,0.45730000000000004,0.4592,0.46180000000000004,0.4716,0.4733,0.4803,0.48700000000000004,0.4978,0.5019,0.5133,0.5136000000000001,0.52,0.5224,0.5391,0.5405,0.5633,0.5694,0.5892000000000001,0.5989,0.601,0.6113000000000001,0.6119,0.6152000000000001,0.6203000000000001,0.6275000000000001,0.6283000000000001,0.6307,0.6426000000000001,0.6431,0.6464000000000001,0.6504,0.6796,0.7025,0.7090000000000001,0.7147,0.7236,0.7250000000000001,0.7285,0.7313000000000001,0.744,0.7567,0.7777000000000001,0.7802,0.7859,0.7951,0.7962,0.8012,0.8014,0.8017000000000001,0.8123,0.8161,0.8354,0.8520000000000001,0.8546,0.859,0.8672000000000001,0.8775000000000001,0.8785000000000001,0.9151,0.9202,0.9267000000000001,0.9314,0.9318000000000001,0.9369000000000001,0.9434,0.9454,0.9500000000000001,0.9557,0.9677,0.9728,0.9777,1.0050000000000001,1.0052,1.0349000000000002,1.0553000000000001,1.0651000000000002,1.0744,1.0794000000000001,1.0803,1.0811,1.0919,1.0934000000000001,1.0937000000000001,1.1078000000000001,1.1083,1.1162,1.1285,1.1486,1.1551,1.1564,1.1574,1.1622000000000001,1.1749,1.1764000000000001,1.197,1.2079,1.2092,1.2319,1.2344000000000002,1.2539,1.26,1.2606000000000002,1.2643,1.2708000000000002,1.2710000000000001,1.2743,1.2747000000000002,1.2942,1.2989000000000002,1.2992000000000001,1.3202,1.3332000000000002,1.3394000000000001,1.342,1.3443,1.3529,1.3565,1.3595000000000002,1.3717000000000001,1.3727,1.3738000000000001,1.3963,1.3971,1.4018000000000002,1.4076,1.4211,1.4221000000000001,1.4241000000000001,1.4434,1.4605000000000001,1.4638,1.4693,1.4707000000000001,1.4716,1.4738,1.4747000000000001,1.4812,1.4823000000000002,1.4922,1.499,1.4998,1.5006000000000002,1.5046000000000002,1.5068000000000001,1.5169000000000001,1.5317,1.5375,1.5379,1.5447000000000002,1.5452000000000001,1.5522,1.5651000000000002,1.5719,1.5748,1.5754000000000001,1.5790000000000002,1.587,1.6109,1.6231,1.627,1.6281,1.6285,1.6299000000000001,1.6315000000000002,1.6320000000000001,1.6688,1.6744,1.685,1.693,1.6999000000000002,1.7193,1.7216,1.7221000000000002,1.7459,1.7512,1.7637,1.7715,1.7795,1.7827000000000002,1.7846000000000002,1.7971000000000001,1.7977,1.8006,1.8076,1.8158,1.8178,1.8206,1.8344,1.8357,1.8403,1.8454000000000002,1.8473000000000002,1.8475000000000001,1.8505,1.8574000000000002,1.8604,1.8721,1.8835000000000002,1.8865,1.8881000000000001,1.8921000000000001,1.9112,1.9196000000000002,1.9206,1.9244,1.9291,1.9346,1.9445000000000001,1.9451,1.9468,1.9522000000000002,1.9542000000000002,1.959,1.961,1.9652,1.9663000000000002,1.9666000000000001,1.9680000000000002,1.9695,1.9861000000000002,1.9937,1.9971,2.0025,2.003,2.0060000000000002,2.0063,2.0121,2.0277000000000003,2.0307,2.0385,2.0418000000000003,2.0472,2.0497,2.0501,2.0522,2.0591,2.0594,2.0604,2.0696,2.0741,2.103,2.1204,2.1256,2.1262000000000003,2.1273,2.1286,2.1303,2.14,2.1407000000000003,2.1417,2.1522,2.161,2.1859,2.1866000000000003,2.1907,2.2032000000000003,2.2039,2.2074000000000003,2.2093000000000003,2.2282,2.2288,2.2338,2.237,2.245,2.2484,2.2528,2.2558000000000002,2.2597,2.2632000000000003,2.2793,2.3107,2.3172,2.334,2.3414,2.3421000000000003,2.3619000000000003,2.37,2.3766000000000003,2.3819,2.3864,2.3904,2.4044000000000003,2.4072,2.4143000000000003,2.4278,2.4358,2.4374000000000002,2.4535,2.4636,2.4639,2.4666,2.467,2.4673000000000003,2.4833000000000003,2.4887,2.4918,2.4965,2.4969,2.4985,2.4988,2.5021,2.5037000000000003,2.5155000000000003,2.5172000000000003,2.5492,2.5528,2.5604,2.5628,2.5645000000000002,2.5674,2.5761000000000003,2.5816000000000003,2.5829,2.5844,2.5851,2.5891,2.5929,2.5944000000000003,2.6023,2.616,2.6184000000000003,2.6244,2.6286,2.6317,2.6336,2.6396,2.6451000000000002,2.6511,2.6557,2.6563000000000003,2.6724,2.677,2.678,2.6824000000000003,2.6827,2.6838,2.6873,2.6915,2.6955,2.6981,2.7124,2.7127000000000003,2.7158,2.7335000000000003,2.7510000000000003,2.7533000000000003,2.7576,2.7680000000000002,2.7718000000000003,2.7752000000000003,2.7916000000000003,2.797,2.7986,2.8078000000000003,2.8081,2.81,2.8188,2.8324000000000003,2.8347,2.8363,2.8366000000000002,2.8384,2.8459000000000003,2.8506,2.8600000000000003,2.8934,2.908,2.9085,2.9098,2.9248000000000003,2.9251,2.9302,2.9315,2.9334000000000002,2.9411,2.9556,2.9807,2.9998,3.012,3.0138000000000003,3.023,3.0239000000000003,3.0290000000000004,3.032,3.0337,3.0349,3.0491,3.0554,3.0643000000000002,3.0651,3.0734000000000004,3.0746,3.0795000000000003,3.087,3.0928,3.1018000000000003,3.1026000000000002,3.1159000000000003,3.1173,3.1186000000000003,3.1261,3.1380000000000003,3.1414,3.1427,3.1430000000000002,3.1465,3.1481000000000003,3.1512000000000002,3.1601000000000004,3.1662000000000003,3.1854,3.1937,3.2016,3.2151,3.2259,3.2384,3.2568,3.2596000000000003,3.2631,3.2739000000000003,3.2784,3.2804,3.2832000000000003,3.2969,3.301,3.3121,3.3125,3.3164000000000002,3.3275,3.3331,3.3471,3.3524000000000003,3.3588,3.3789000000000002,3.3818,3.3875,3.3934,3.3953,3.402,3.4034,3.4118,3.4187000000000003,3.4303000000000003,3.4328000000000003,3.4338,3.447,3.4642,3.4690000000000003,3.4721,3.4873000000000003,3.4952,3.5166,3.5193000000000003,3.5213,3.5231000000000003,3.5274,3.5321000000000002,3.5382000000000002,3.5512,3.5595000000000003,3.5612000000000004,3.5644,3.5732000000000004,3.5735,3.5795000000000003,3.5918,3.597,3.5988,3.6057,3.623,3.6318,3.64,3.6418000000000004,3.649,3.6590000000000003,3.6618000000000004,3.6637,3.6652,3.6656,3.668,3.6801000000000004,3.6956,3.7061,3.7115,3.7181,3.726,3.7282,3.729,3.7331000000000003,3.7378,3.7522,3.7549,3.7679,3.7714000000000003,3.7799,3.7834000000000003,3.8071,3.8109,3.8139000000000003,3.8264,3.8404000000000003,3.8438000000000003,3.8495000000000004,3.8684000000000003,3.8711,3.8725,3.8757,3.8837,3.8863000000000003,3.8944,3.8971,3.9125,3.918,3.9224,3.9364000000000003,3.9450000000000003,3.9491,3.9531,3.9585000000000004,3.9632,3.984,3.9856000000000003,3.9884000000000004,3.9979,4.0057,4.0237,4.0305,4.0335,4.0355,4.0365,4.0726,4.1138,4.1247,4.1302,4.138,4.1386,4.1439,4.1475,4.1545000000000005,4.1584,4.1698,4.170100000000001,4.1729,4.1854000000000005,4.1869000000000005,4.1881,4.1885,4.1898,4.198,4.2285,4.2361,4.2366,4.2373,4.2393,4.2471000000000005,4.2519,4.2521,4.2609,4.2612000000000005,4.2714,4.2779,4.2807,4.2888,4.290500000000001,4.2953,4.3067,4.308,4.3122,4.3222000000000005,4.3304,4.3362,4.3385,4.341200000000001,4.3442,4.3463,4.3493,4.353800000000001,4.3551,4.3677,4.392,4.397,4.4067,4.4343,4.445,4.451700000000001,4.4527,4.4571000000000005,4.464700000000001,4.465800000000001,4.4827,4.4872000000000005,4.490600000000001,4.4946,4.5167,4.5225,4.525,4.5359,4.5422,4.5659,4.5802000000000005,4.5877,4.5883,4.590800000000001,4.6014,4.6123,4.6128,4.614,4.6328000000000005,4.6364,4.6439,4.654,4.6852,4.6928,4.6975,4.7062,4.7079,4.7141,4.7315000000000005,4.7415,4.7483,4.7561,4.7716,4.7718,4.7794,4.7816,4.7838,4.7865,4.788,4.8018,4.8041,4.808400000000001,4.8086,4.8139,4.8159,4.816800000000001,4.841,4.841600000000001,4.8429,4.853400000000001,4.8735,4.8798,4.8849,4.8853,4.887700000000001,4.8889000000000005,4.8926,4.8984000000000005,4.9111,4.913600000000001,4.9145,4.9176,4.92,4.9214,4.9274000000000004,4.9391,4.9427,4.9488,4.9507,4.9526,4.9534,4.9542,4.9552000000000005,4.9622,4.964300000000001,4.9825,4.9889,4.989800000000001
27609:0.19310000000000002,0.3496,0.4889,0.6087,0.9884000000000001,1.0706,1.1688,1.3508,1.9979,2.4530000000000003,2.5191000000000003,2.6510000000000002,2.8276000000000003,2.9232,3.7110000000000003,3.7407000000000004,4.2183,4.5704,4.9123
27638:4.0525
28088:0.043500000000000004,0.1477,0.2199,0.406,0.48950000000000005,0.7186,0.9466,1.1249,1.2747000000000002,1.3546,1.4289,1.5002,1.5515,1.6673,1.8977000000000002,2.1019,2.224,2.4341,2.5549,2.8689,3.1999,3.3197,3.3707000000000003,3.4519,4.0504,4.1463,4.4777000000000005,4.6145000000000005,4.8078,4.8757,4.9336
28270:0.016800000000000002,0.0734,0.0983,0.152,0.1779,0.21660000000000001,0.2632,0.2748,0.2914,0.3229,0.3398,0.3633,0.3809,0.3901,0.4123,0.4388,0.45270000000000005,0.47250000000000003,0.49010000000000004,0.5006,0.5239,0.5489,0.5567,0.5956,0.6159,0.6523,0.6741,0.6839000000000001,0.7185,0.7298,0.7535000000000001,0.8041,0.8540000000000001,0.8633000000000001,0.9083,0.9296000000000001,0.9438000000000001,0.9777,1.0018,1.0272000000000001,1.0527,1.089,1.1039,1.1704,1.1845,1.1994,1.219,1.2405000000000002,1.2795,1.3228,1.3439,1.3612,1.3797000000000001,1.4125,1.4376,1.4728,1.5010000000000001,1.5155,1.5451000000000001,1.5707,1.6251,1.6468,1.6662000000000001,1.6768,1.7024000000000001,1.729,1.7409000000000001,1.7999,1.8205,1.8428,1.8861,1.9028,1.9266,1.9412,1.9738,2.0231,2.0397000000000003,2.0583,2.1052,2.1277,2.1557,2.1979,2.2382,2.2721,2.325,2.3547000000000002,2.4032,2.4197,2.4513000000000003,2.4698,2.5012000000000003,2.5324,2.5588,2.5723000000000003,2.5939,2.603,2.6203000000000003,2.6453,2.6665,2.6923,2.7319,2.7670000000000003,2.798,2.8117,2.8444000000000003,2.8839,2.9179,2.9354,2.9441,2.992,3.0431000000000004,3.0751,3.1009,3.1132,3.1296,3.1394,3.1517,3.1873,3.2182,3.2585,3.2706,3.3117,3.3418,3.3605,3.3877,3.4094,3.443,3.462,3.4898000000000002,3.5081,3.5211,3.552,3.5787,3.6284,3.6475,3.6660000000000004,3.6754000000000002,3.745,3.7816,3.8063000000000002,3.8695000000000004,3.8976,3.9214,3.9413,3.9549000000000003,4.0148,4.0353,4.0654,4.1123,4.1407,4.1629000000000005,4.1772,4.1954,4.2193000000000005,4.2452000000000005,4.258900000000001,4.2727,4.2907,4.3028,4.3288,4.3395,4.3546000000000005,4.390000000000001,4.4096,4.4354000000000005,4.46,4.494400000000001,4.5256,4.5652,4.5917,4.617,4.625,4.6385000000000005,4.6487,4.7135,4.731,4.8101,4.819500000000001,4.878,4.8921,4.9007000000000005,4.9198,4.952100000000001,4.994000000000001
28510:1.5213,3.5043,4.8306000000000004
28588:1.3704
29201:2.8379000000000003,3.7571000000000003,4.582
29567:0.053700000000000005,0.15940000000000001,0.3909,0.4189,0.6365000000000001,0.7925000000000001,0.8712000000000001,1.1534,1.2181,1.3244,1.4241000000000001,1.5059,1.5314,1.6084,1.7566000000000002,2.2263,2.5264,2.5963000000000003,2.7227,2.8459000000000003,2.9175,3.0478,3.1582000000000003,3.2121,3.3083,3.341,3.3896,3.5687,3.68,3.7078,3.8559,4.0148,4.0711,4.3925,4.4279,4.6944,4.7493,4.978000000000001
29603:3.23
29644:0.13970000000000002,0.2214,0.26830000000000004,0.3312,0.5308,0.6612,0.9253,0.9480000000000001,1.0808,1.2531,1.3582,1.4626000000000001,1.6495000000000002,1.7945,1.8752000000000002,2.1466000000000003,2.2121,2.2367,2.2791,2.3252,2.4445,2.7485,2.8793,3.0969,3.1954000000000002,3.323,3.4889,3.5655,3.8504,3.9855,4.065,4.1563,4.3545,4.457,4.515000000000001,4.667800000000001,4.8704
29939:0.0648
30722:2.2927
30883:0.029400000000000003,0.0427,0.0777,0.0951,0.1212,0.1504,0.15910000000000002,0.2092,0.21880000000000002,0.2398,0.2505,0.28290000000000004,0.311,0.3376,0.36110000000000003,0.3935,0.4067,0.4219,0.461,0.5091,0.5475,0.5698,0.5907,0.6018,0.6375000000000001,0.6701,0.6822,0.7043,0.7372000000000001,0.7722,0.7913,0.8175,0.8368,0.8784000000000001,0.9132,0.9324,0.9455,0.9641000000000001,0.9941000000000001,1.0295,1.0492000000000001,1.0768,1.1085,1.1263,1.1454,1.1788,1.2411,1.2557,1.2841,1.3282,1.3372000000000002,1.353,1.3972,1.4348,1.456,1.4781,1.5005000000000002,1.5412000000000001,1.5585,1.5841,1.6246,1.6489,1.6697000000000002,1.6954,1.7089,1.7375,1.76,1.7804,1.8145,1.8389,1.8563,1.8801,1.9064,1.9317000000000002,1.9536,1.9788000000000001,1.996,2.0199000000000003,2.0575,2.0812,2.1020000000000003,2.1565000000000003,2.1805,2.2038,2.2251000000000003,2.2375000000000003,2.2503,2.261,2.2815000000000003,2.2942,2.3091,2.3636,2.3930000000000002,2.4118,2.4343,2.4437,2.4561,2.4634,2.4929,2.5509,2.5897,2.6158,2.6364,2.6619,2.6734,2.6926,2.7124,2.7350000000000003,2.7546,2.7827,2.802,2.8228,2.8466,2.8714,2.8834,2.9134,2.9446000000000003,2.9581,2.9850000000000003,2.9952,3.0138000000000003,3.0261,3.049,3.0774000000000004,3.0902000000000003,3.1099,3.1648,3.1758,3.1862000000000004,3.2103,3.2305,3.2695000000000003,3.2958000000000003,3.3057000000000003,3.3149,3.3639,3.4057,3.44,3.4596,3.4809,3.4915000000000003,3.5196,3.5446,3.5818000000000003,3.6077000000000004,3.6375,3.6587,3.702,3.7137000000000002,3.7292,3.7493000000000003,3.7631,3.8087,3.8287,3.8448,3.8760000000000003,3.9034,3.9126000000000003,3.9227000000000003,3.9624,3.9776000000000002,4.03,4.0465,4.0635,4.089700000000001,4.1164000000000005,4.1374,4.1623,4.1959,4.2228,4.2609,4.3114,4.3554,4.3767000000000005,4.4268,4.438400000000001,4.4535,4.472,4.4996,4.5227,4.5433,4.5703000000000005,4.5869,4.5961,4.6145000000000005,4.627,4.638,4.655600000000001,4.6713000000000005,4.6812000000000005,4.6919,4.7104,4.7268,4.7439,4.7862,4.798,4.827,4.8525,4.8905,4.924,4.9493,4.9755,4.9893
30887:0.0184,0.0456,0.0716,0.1044,0.1408,0.17650000000000002,0.2333,0.2988,0.3627,0.4098,0.4747,0.49770000000000003,0.524,0.5640000000000001,0.5939,0.6387,0.6807000000000001,0.7267,0.799,0.8343,0.8805000000000001,0.9103,0.9953000000000001,1.0411000000000001,1.0864,1.1155000000000002,1.159,1.2036,1.2248,1.2534,1.286,1.3315000000000001,1.3906,1.4347,1.4951,1.5346,1.6132,1.6847,1.7077,1.7571,1.7953000000000001,1.824,1.9119000000000002,1.9451,1.9682000000000002,1.9889000000000001,2.0516,2.0718,2.1354,2.1959,2.2322,2.3213,2.3621000000000003,2.4126000000000003,2.5037000000000003,2.5253,2.5394,2.6004,2.6472,2.6976,2.7222,2.7485,2.7721,2.829,2.8797,2.9090000000000003,2.9629000000000003,3.0226,3.0509,3.1136000000000004,3.1528,3.2150000000000003,3.2858,3.3151,3.3685,3.4257,3.4641,3.4844000000000004,3.5047,3.5554,3.6033000000000004,3.6685000000000003,3.6925000000000003,3.7338,3.7743,3.8151,3.8481,3.8998000000000004,3.9777,4.0125,4.0502,4.099600000000001,4.126,4.1411,4.173900000000001,4.2522,4.311100000000001,4.3886,4.4392000000000005,4.487,4.5214,4.5473,4.5759,4.6112,4.6826,4.7061,4.7964,4.8555,4.9139,4.974200000000001,4.9935
31232:0.0333,2.2805,2.6961,3.4755000000000003,4.6509
31656:0.0246,0.060000000000000005,0.0839,0.1082,0.1301,0.15660000000000002,0.19890000000000002,0.2174,0.2404,0.2584,0.28550000000000003,0.3123,0.34800000000000003,0.3728,0.42210000000000003,0.45940000000000003,0.49400000000000005,0.5217,0.5534,0.5917,0.6277,0.6543,0.6746,0.7074,0.7323000000000001,0.7536,0.7807000000000001,0.8138000000000001,0.8511000000000001,0.8685,0.9065000000000001,0.9428000000000001,0.9735,1.0077,1.0601,1.1003,1.1274,1.1524,1.1768,1.2088,1.2297,1.2612,1.2939,1.3178,1.3394000000000001,1.3863,1.421,1.4423000000000001,1.4675,1.4958,1.5187000000000002,1.5634000000000001,1.6033000000000002,1.6453,1.6852,1.7065000000000001,1.7498,1.7744,1.7946000000000002,1.8403,1.8655000000000002,1.8927,1.9146,1.9405000000000001,2.0021,2.0226,2.0676,2.1001000000000003,2.1292,2.1661,2.1981,2.222,2.2461,2.2609,2.2857000000000003,2.3075,2.354,2.3941,2.4263,2.4532000000000003,2.4869000000000003,2.5222,2.5586,2.5932,2.6196,2.6503,2.6897,2.7328,2.7542,2.787,2.8134,2.8399,2.8657000000000004,2.9032,2.9281,2.951,2.9721,3.0045,3.0278,3.0517000000000003,3.0699,3.0981,3.1218000000000004,3.1456,3.1768,3.2014,3.2373000000000003,3.2697000000000003,3.3017000000000003,3.3285,3.3466,3.3836,3.4096,3.4349000000000003,3.462,3.4850000000000003,3.5251,3.5650000000000004,3.6003000000000003,3.6351,3.669,3.7113,3.7628000000000004,3.7883,3.8287,3.8552000000000004,3.8770000000000002,3.8994,3.9256,3.9518,3.987,4.0138,4.035,4.0636,4.1093,4.1418,4.1827000000000005,4.2028,4.2343,4.3084,4.3318,4.3588000000000005,4.4017,4.4222,4.4455,4.4777000000000005,4.506200000000001,4.5327,4.5708,4.6022,4.6347000000000005,4.6599,4.6935,4.7194,4.7407,4.7817,4.8167,4.8525,4.885400000000001,4.9255,4.9644,4.9909
32167:0.5678000000000001,1.4426
32348:1.0855000000000001,2.8403,3.7507,4.5866
33747:0.9586
33912:0.0613,0.1326,0.21730000000000002,0.2451,0.32830000000000004,0.3658,0.4203,0.4703,0.525,0.6036,0.6618,0.7492000000000001,0.7947000000000001,0.8379000000000001,0.8798,0.9199,0.9478000000000001,0.9900000000000001,1.0708,1.1271,1.1651,1.2528000000000001,1.2908000000000002,1.3334000000000001,1.3506,1.3985,1.461,1.5110000000000001,1.5501,1.6423,1.7177,1.7637,1.816,1.87,1.9105,1.9488,2.0081,2.0858000000000003,2.2258,2.2647,2.305,2.325,2.3977,2.4487,2.54,2.6042,2.6536,2.6899,2.7262,2.7445,2.7756000000000003,2.8012,2.8663000000000003,2.919,2.9685,3.024,3.0606,3.0985,3.1271,3.1819,3.2295000000000003,3.3182,3.3968000000000003,3.4849,3.5361000000000002,3.6078,3.6442,3.7132,3.8185000000000002,3.8308,3.8942,3.911,3.9803,4.046,4.1249,4.147,4.2041,4.2708,4.343,4.3621,4.4417,4.516,4.571400000000001,4.6153,4.6426,4.662100000000001,4.7077,4.7478,4.7949,4.8728
33951:0.0029000000000000002,0.0039000000000000003,0.0078000000000000005,0.014,0.022600000000000002,0.0563,0.0591,0.063,0.065,0.0743,0.0913,0.1033,0.1062,0.1121,0.11380000000000001,0.11810000000000001,0.1192,0.12040000000000001,0.1228,0.126,0.1336,0.1391,0.1398,0.1447,0.14700000000000002,0.1534,0.1665,0.1733,0.1759,0.1799,0.18510000000000001,0.1937,0.1955,0.2059,0.2068,0.22510000000000002,0.2315,0.2378,0.24550000000000002,0.2466,0.2508,0.2526,0.25620000000000004,0.2745,0.275,0.2952,0.2989,0.30160000000000003,0.304,0.3057,0.3068,0.3078,0.318,0.3239,0.3274,0.3428,0.3488,0.3541,0.3543,0.36360000000000003,0.36710000000000004,0.37820000000000004,0.389,0.3975,0.41800000000000004,0.4194,0.4278,0.4348,0.4369,0.4408,0.44120000000000004,0.44580000000000003,0.4605,0.47000000000000003,0.47990000000000005,0.48760000000000003,0.49920000000000003,0.5087,0.5126000000000001,0.5214,0.5257000000000001,0.5279,0.5432,0.5463,0.5488000000000001,0.551,0.5587,0.5726,0.5784,0.5819,0.5862,0.5893,0.5997,0.6004,0.6057,0.6102000000000001,0.6159,0.6323000000000001,0.638,0.6422,0.6457,0.6509,0.6613,0.665,0.6727000000000001,0.6811,0.6898000000000001,0.7001000000000001,0.7192000000000001,0.7229,0.7232000000000001,0.7289,0.7294,0.7298,0.7312000000000001,0.7335,0.7361000000000001,0.7426,0.7471,0.7499,0.7586,0.7598,0.7732,0.774,0.7772,0.7804,0.7814,0.7834,0.7921,0.8036000000000001,0.806,0.8092,0.8117000000000001,0.8170000000000001,0.8174,0.8374,0.8409000000000001,0.8577,0.8597,0.8621000000000001,0.8624,0.879,0.885,0.8853000000000001,0.9081,0.9471,0.9529000000000001,0.9531000000000001,0.9555,0.9626,0.9736,0.9775,0.9780000000000001,0.9881000000000001,0.9905,1.0014,1.0247,1.0376,1.0422,1.0477,1.0510000000000002,1.0516,1.0519,1.0606,1.0616,1.0826,1.0845,1.0865,1.1028,1.1108,1.1139000000000001,1.1153,1.117,1.1237000000000001,1.1273,1.1351,1.1358000000000001,1.1474,1.155,1.157,1.1584,1.1629,1.1700000000000002,1.1823000000000001,1.1945000000000001,1.1981000000000002,1.2003000000000001,1.2088,1.2108,1.2135,1.2185000000000001,1.2217,1.2221,1.2265000000000001,1.2315,1.2326000000000001,1.2374,1.2627000000000002,1.2858,1.2967,1.3118,1.3123,1.3169,1.3178,1.3198,1.3269,1.3473000000000002,1.3504,1.3657000000000001,1.3697000000000001,1.3711,1.3760000000000001,1.3855000000000002,1.3884,1.3953,1.4201000000000001,1.423,1.4322000000000001,1.4448,1.4538,1.4599,1.462,1.4622000000000002,1.491,1.506,1.5072,1.5156,1.5229000000000001,1.5287000000000002,1.5383,1.5411000000000001,1.5442,1.5509000000000002,1.5545,1.5557,1.5581,1.5601,1.5605,1.5656,1.5674000000000001,1.5693000000000001,1.5879,1.6260000000000001,1.6354000000000002,1.6367,1.6747,1.6792,1.6846,1.6861000000000002,1.6929,1.6933,1.6958,1.7173,1.7233,1.7274,1.7361,1.7647000000000002,1.7674,1.7683,1.7721,1.7795,1.7866000000000002,1.7958,1.8145,1.8219,1.8288,1.8348,1.8437000000000001,1.8557000000000001,1.8568,1.8617000000000001,1.8658000000000001,1.8688,1.8763,1.8829,1.8863,1.8945,1.8966,1.8981000000000001,1.9121000000000001,1.9227,1.9241000000000001,1.9338000000000002,1.9447,1.9471,1.9483000000000001,1.9568,1.9606000000000001,1.9734,1.982,1.9845000000000002,1.9919,2.0051,2.0092,2.015,2.0183,2.0238,2.0302000000000002,2.0340000000000003,2.0365,2.045,2.0587,2.0657,2.0661,2.0673,2.0695,2.0925000000000002,2.107,2.115,2.1303,2.1416,2.1433,2.1457,2.1502,2.1613,2.1630000000000003,2.1652,2.1735,2.1782,2.1798,2.1804,2.1862,2.1867,2.2061,2.2084,2.2161,2.2193,2.2279,2.2315,2.2406,2.244,2.2494,2.2514000000000003,2.2529,2.2552000000000003,2.2559,2.2569,2.2576,2.2583,2.2616,2.2629,2.2675,2.2763,2.2771,2.2825,2.2883,2.2992,2.3053,2.3068,2.3427000000000002,2.3444000000000003,2.3569,2.3582,2.3633,2.4048000000000003,2.4062,2.4065000000000003,2.4095,2.4139,2.4147000000000003,2.4276,2.4493,2.4537,2.4648000000000003,2.4651,2.4764,2.4817,2.4835000000000003,2.4922,2.5011,2.5035000000000003,2.5101,2.5137,2.5144,2.5243,2.5256000000000003,2.5258000000000003,2.5278,2.5407,2.5512,2.5514,2.5619,2.5629,2.5856000000000003,2.5906000000000002,2.6100000000000003,2.6102000000000003,2.6108000000000002,2.6182000000000003,2.6207000000000003,2.6263,2.6275,2.6339,2.6355,2.6374,2.648,2.6630000000000003,2.6696,2.6873,2.6894,2.6969000000000003,2.7056,2.7295000000000003,2.7416,2.7457000000000003,2.7561,2.7579000000000002,2.7787,2.7869,2.7904,2.7996000000000003,2.805,2.8079,2.8147,2.8188,2.8281,2.8295000000000003,2.8346,2.8371,2.8481,2.8544,2.857,2.8616,2.8648000000000002,2.8729,2.8739000000000003,2.8872,2.8911000000000002,2.8929,2.9023000000000003,2.9065000000000003,2.9215,2.9233000000000002,2.9236,2.9290000000000003,2.93,2.9333,2.9374000000000002,2.9547000000000003,2.9793000000000003,2.9796,2.99,2.9965,2.9993000000000003,3.0015,3.0034,3.0078,3.0096000000000003,3.035,3.0435000000000003,3.053,3.0552,3.0676,3.0695,3.0815,3.0853,3.0929,3.0936000000000003,3.1015,3.1026000000000002,3.1133,3.1135,3.1163000000000003,3.1207000000000003,3.1260000000000003,3.1273,3.1298000000000004,3.1401000000000003,3.1430000000000002,3.153,3.1552000000000002,3.1748000000000003,3.1751,3.1821,3.2184000000000004,3.2267,3.2298,3.2435,3.2655000000000003,3.2683,3.2795,3.2934,3.3027,3.3149,3.3216,3.3263000000000003,3.329,3.3325,3.342,3.3426,3.3776,3.3814,3.3825000000000003,3.391,3.399,3.4003,3.4011,3.403,3.4042000000000003,3.4090000000000003,3.4177,3.4309000000000003,3.4353000000000002,3.4405,3.4462,3.45,3.4532000000000003,3.4542,3.455,3.4554,3.4583000000000004,3.4661,3.4763,3.4770000000000003,3.4864,3.5020000000000002,3.5026,3.5033000000000003,3.5174000000000003,3.5340000000000003,3.5351000000000004,3.5372000000000003,3.5437000000000003,3.5535,3.5568,3.5617,3.5643000000000002,3.5854000000000004,3.5943,3.5971,3.6267,3.6316,3.6321000000000003,3.6323000000000003,3.633,3.6408,3.6620000000000004,3.6668000000000003,3.6701,3.6841000000000004,3.6917,3.6966,3.6979,3.6988000000000003,3.6992000000000003,3.7072000000000003,3.7124,3.7188000000000003,3.7364,3.7496,3.7605000000000004,3.7840000000000003,3.7876000000000003,3.8202000000000003,3.8311,3.8402000000000003,3.8486000000000002,3.8556000000000004,3.8627000000000002,3.8831,3.8856,3.8917,3.8984,3.9008000000000003,3.9058,3.9111000000000002,3.9114,3.9167,3.9193000000000002,3.9287,3.9314,3.9443,3.9453,3.9456,3.9469000000000003,3.9490000000000003,3.9555000000000002,3.9619,3.9651,3.9661000000000004,3.9702,3.9733,3.9756,3.995,3.998,4.0048,4.011,4.0163,4.0285,4.0393,4.0454,4.0514,4.0521,4.056900000000001,4.0626,4.0737000000000005,4.083,4.0895,4.0902,4.1062,4.109100000000001,4.1386,4.1562,4.1565,4.1671000000000005,4.1676,4.1787,4.1852,4.1902,4.1911000000000005,4.1981,4.1985,4.2032,4.2239,4.2373,4.2427,4.2572,4.274900000000001,4.2765,4.2823,4.2895,4.3002,4.305000000000001,4.3062000000000005,4.3139,4.3165000000000004,4.3580000000000005,4.359500000000001,4.3604,4.3689,4.3697,4.3808,4.3908000000000005,4.3997,4.4032,4.4156,4.4181,4.42,4.4222,4.4248,4.4261,4.4285000000000005,4.4295,4.433,4.4345,4.452100000000001,4.4548000000000005,4.4596,4.4627,4.4679,4.4898,4.4974,4.5019,4.5038,4.5057,4.516500000000001,4.5195,4.520700000000001,4.5232,4.5392,4.5431,4.5536,4.5646,4.5652,4.5698,4.5792,4.589,4.5913,4.5926,4.6166,4.6288,4.6406,4.6417,4.6447,4.6521,4.6547,4.655,4.6558,4.658,4.6773,4.6824,4.6936,4.699,4.6994,4.7032,4.7052000000000005,4.7099,4.7156,4.7257,4.7319,4.7357000000000005,4.7385,4.7478,4.7601,4.7613,4.7639000000000005,4.774500000000001,4.7816,4.8043000000000005,4.8058000000000005,4.807,4.8108,4.813400000000001,4.8262,4.8269,4.8292,4.8628,4.8664000000000005,4.8733,4.8883,4.8908000000000005,4.899100000000001,4.904100000000001,4.9185,4.9266000000000005,4.9293000000000005,4.9299,4.9326,4.9549,4.9557,4.956,4.9755,4.978000000000001,4.98,4.9958,4.997
34436:2.2702
34615:0.020800000000000003,0.048400000000000006,0.08070000000000001,0.1044,0.1257,0.1315,0.1641,0.1882,0.2028,0.2139,0.2283,0.24330000000000002,0.2531,0.26430000000000003,0.2977,0.3155,0.3225,0.35300000000000004,0.35860000000000003,0.3861,0.4103,0.4194,0.45130000000000003,0.4591,0.4757,0.5,0.5181,0.5243,0.562,0.5894,0.596,0.6295000000000001,0.6422,0.6529,0.6757000000000001,0.6838000000000001,0.7183,0.7408,0.7707,0.7869,0.8242,0.8317,0.8726,0.8817,0.9057000000000001,0.9188000000000001,0.9319000000000001,0.9388000000000001,0.9539000000000001,0.9801000000000001,1.0113,1.0334,1.0475,1.0689,1.0929,1.1188,1.1335,1.1468,1.1623,1.1878,1.2221,1.2351,1.2436,1.2527000000000001,1.2794,1.2873,1.3190000000000002,1.3252000000000002,1.3433000000000002,1.3758000000000001,1.3905,1.4276,1.4485000000000001,1.4547,1.4801,1.5011,1.5065000000000002,1.5363,1.5481,1.5696,1.5858,1.6136000000000001,1.6333,1.6727,1.6988,1.7052,1.7261000000000002,1.7485000000000002,1.7622,1.78,1.802,1.8307,1.8504,1.8623,1.8961000000000001,1.9068,1.9324000000000001,1.9437,1.9537,2.0001,2.0081,2.0446,2.0739,2.1007000000000002,2.1167000000000002,2.1358,2.161,2.1693000000000002,2.1899,2.1977,2.2177000000000002,2.2422,2.2522,2.2693000000000003,2.2866,2.2962000000000002,2.3138,2.3439,2.3675,2.3863000000000003,2.4045,2.4295,2.4426,2.4612000000000003,2.4911000000000003,2.5317000000000003,2.5402,2.5809,2.5979,2.6065,2.6446,2.6517,2.6734,2.6897,2.7024,2.7248,2.7371000000000003,2.7517,2.7722,2.7918000000000003,2.8003,2.8233,2.8364000000000003,2.8532,2.8644000000000003,2.9038,2.9118,2.9464,2.9597,2.9671000000000003,2.9936000000000003,3.015,3.0234,3.0556,3.0799000000000003,3.0954,3.1187,3.1254,3.1458,3.1686,3.1815,3.19,3.2145,3.2244,3.2697000000000003,3.3030000000000004,3.3108,3.3526000000000002,3.3640000000000003,3.3897000000000004,3.4017,3.4197,3.4564000000000004,3.4654000000000003,3.479,3.4984,3.5149000000000004,3.5278,3.5505,3.5591000000000004,3.5988,3.6351,3.6692,3.706,3.7153,3.7703,3.7811000000000003,3.8035,3.8148,3.8224,3.8355,3.8462,3.8809,3.8888000000000003,3.9115,3.9361,3.9489,3.9650000000000003,3.9779,4.0022,4.0203,4.0331,4.05,4.0769,4.1157,4.1295,4.1441,4.1829,4.1935,4.2423,4.2606,4.3081000000000005,4.319,4.3368,4.3468,4.363,4.3731,4.4085,4.4275,4.4346000000000005,4.4508,4.4629,4.4852,4.4993,4.5087,4.547000000000001,4.5575,4.5792,4.6028,4.6105,4.629700000000001,4.6423000000000005,4.6559,4.6643,4.6863,4.6975,4.7269000000000005,4.7422,4.7780000000000005,4.786300000000001,4.8177,4.8266,4.8539,4.8604,4.8989,4.9318,4.9729,4.9987
34673:0.018600000000000002,0.0487,0.124,0.1995,0.2358,0.29600000000000004,0.382,0.45940000000000003,0.4958,0.5594,0.5961000000000001,0.6276,0.6812,0.7271000000000001,0.8213,0.8765000000000001,0.9294,1.0292000000000001,1.2447000000000001,1.3125,1.369,1.4457,1.5427000000000002,1.6284,1.6728,1.7438,1.8989,1.9460000000000002,1.9981,2.1311,2.1908000000000003,2.2483,2.2743,2.3653,2.4254000000000002,2.537,2.5988,2.6442,2.6973000000000003,2.7396000000000003,2.7757,2.8217000000000003,2.8607,2.9079,2.9591000000000003,2.9997000000000003,3.0879000000000003,3.1204,3.1668000000000003,3.2172,3.2961,3.3574,3.3867000000000003,3.4633000000000003,3.503,3.5561000000000003,3.7118,3.8098,3.8828,3.9530000000000003,4.0749,4.1221000000000005,4.178100000000001,4.2557,4.297000000000001,4.3597,4.4444,4.5017000000000005,4.5995,4.6402,4.736400000000001,4.7759,4.8339,4.9267
34713:0.497,0.9510000000000001,1.2869000000000002,1.3481,1.5419,1.9164,2.1037,2.4621,2.5226,2.7825,2.8696,3.1018000000000003,3.3191,3.4639,3.8454,3.9235,4.0511,4.1626,4.621300000000001,4.8251,4.9326
34813:0.045700000000000005,0.08370000000000001,0.1345,0.1641,0.1983,0.2267,0.26280000000000003,0.2901,0.34090000000000004,0.38330000000000003,0.4292,0.46740000000000004,0.49920000000000003,0.5565,0.6033000000000001,0.6455000000000001,0.6855,0.7492000000000001,0.788,0.8504,0.8898,0.9589000000000001,1.0408,1.0852,1.1138000000000001,1.1552,1.2047,1.2698,1.2903,1.3399,1.3753,1.4084,1.4551,1.5132,1.564,1.5905,1.6427,1.6777000000000002,1.7428000000000001,1.7917,1.8406,1.8656000000000001,1.9049,1.9608,2.0327,2.0976,2.1379,2.1702,2.2174,2.2611,2.3732,2.4233000000000002,2.4655,2.5263,2.5677000000000003,2.5995,2.6448,2.6918,2.738,2.7769,2.8241,2.8644000000000003,2.9133,2.9647,2.9959000000000002,3.0611,3.1437,3.1876,3.2764,3.3201,3.3769,3.4199,3.4622,3.5069000000000004,3.5322,3.5939,3.6246,3.6857,3.7297000000000002,3.7854,3.8276000000000003,3.8883,3.9254000000000002,3.9807,4.0112000000000005,4.0607,4.1218,4.1444,4.1825,4.2348,4.2846,4.3323,4.367500000000001,4.4077,4.4454,4.4778,4.5171,4.6012,4.6797,4.7285,4.7736,4.8005,4.8373,4.8678,4.9313,4.948300000000001,4.9937000000000005
34876:0.0426,0.0848,0.13470000000000001,0.1998,0.23420000000000002,0.2964,0.34800000000000003,0.4288,0.4722,0.5835,0.6756,0.7436,0.8215,0.9487000000000001,1.0805,1.1380000000000001,1.2456,1.2784,1.3169,1.3633,1.4064,1.4669,1.5461,1.6125,1.6753,1.7473,1.8585,1.9146,1.9606000000000001,2.0947,2.1618,2.2198,2.2984,2.424,2.5051,2.5953,2.6505,2.6993,2.7426,2.7777000000000003,2.8248,2.865,2.9932000000000003,3.0967000000000002,3.1703,3.22,3.3166,3.3606000000000003,3.4646000000000003,3.5053,3.5570000000000004,3.6220000000000003,3.7071,3.781,3.8282000000000003,3.9224,3.9627000000000003,4.0597,4.1174,4.1593,4.2268,4.3223,4.3662,4.4398,4.4809,4.546600000000001,4.6039,4.6502,4.6999,4.769,4.8123000000000005,4.857,4.9308000000000005
35141:0.0188,0.0717,0.1022,0.28140000000000004,0.3373,0.3808,0.42050000000000004,0.45080000000000003,0.4959,0.5246000000000001,0.55,0.621,0.6437,0.6920000000000001,0.7569,0.8423,0.8719,0.9089,0.9304,0.9455,0.9741000000000001,1.0330000000000001,1.066,1.1002,1.1603,1.1801000000000001,1.2013,1.2363,1.31,1.362,1.3941000000000001,1.4373,1.4944000000000002,1.528,1.5439,1.5863,1.7101000000000002,1.8166,1.8274000000000001,1.9452,1.9861000000000002,2.0199000000000003,2.0642,2.157,2.2612,2.3629000000000002,2.3930000000000002,2.4641,2.4809,2.5153000000000003,2.5416000000000003,2.6260000000000003,2.6978,2.8184,2.8478000000000003,2.9149000000000003,2.9406000000000003,2.9661,2.9871000000000003,3.0460000000000003,3.0794,3.0953,3.119,3.1535,3.2162,3.3101000000000003,3.3479,3.4042000000000003,3.4311000000000003,3.4643,3.5056000000000003,3.5319000000000003,3.5789,3.6411000000000002,3.6546000000000003,3.6761000000000004,3.7307,3.7488,3.7785,3.8722000000000003,3.9004000000000003,3.9426,4.032,4.0524000000000004,4.0746,4.097700000000001,4.1395,4.1792,4.2048000000000005,4.279,4.3162,4.3505,4.3906,4.4274000000000004,4.524,4.566800000000001,4.5923,4.644,4.7016,4.7327,4.7541,4.9043,4.9299,4.9698,4.994800000000001
35460:0.0804,0.1879,0.24650000000000002,0.3438,0.43010000000000004,0.48300000000000004,0.5537000000000001,0.6073000000000001,0.6970000000000001,0.7611,0.8732000000000001,0.9164,0.9501000000000001,0.9873000000000001,1.0679,1.1187,1.1673,1.2890000000000001,1.3463,1.395,1.4991,1.5421,1.5938,1.8271000000000002,1.9500000000000002,1.9977,2.0543,2.2425,2.3998,2.4490000000000003,2.5152,2.5758,2.6468000000000003,2.6943,2.7271,2.7776,2.8275,2.9184,2.9692000000000003,3.0526,3.1020000000000003,3.2488,3.3198000000000003,3.4327,3.5331,3.5882,3.6354,3.7045000000000003,3.7379000000000002,3.8188,3.9057000000000004,4.0449,4.1043,4.1475,4.2136000000000005,4.2837000000000005,4.3625,4.5267,4.5697,4.623,4.738,4.910200000000001
36052:4.468
36276:2.8392,3.7497000000000003,4.5824
36506:0.0074,0.0142,0.0253,0.0358,0.044500000000000005,0.0606,0.0684,0.0766,0.0949,0.10550000000000001,0.1178,0.1254,0.1403,0.14980000000000002,0.1603,0.1746,0.1822,0.19240000000000002,0.20520000000000002,0.2149,0.22460000000000002,0.2328,0.24910000000000002,0.2564,0.2716,0.28,0.29100000000000004,0.3019,0.3166,0.3307,0.3402,0.3523,0.3627,0.3745,0.3894,0.3992,0.4102,0.4217,0.4364,0.4456,0.457,0.467,0.48250000000000004,0.4893,0.5033,0.512,0.5293,0.5425,0.5537000000000001,0.5670000000000001,0.5774,0.5902000000000001,0.6023000000000001,0.6104,0.6225,0.637,0.6537000000000001,0.6622,0.6698000000000001,0.6917,0.7046,0.7134,0.7246,0.736,0.7524000000000001,0.7647,0.7791,0.7905000000000001,0.8037000000000001,0.8145,0.8271000000000001,0.8417,0.8571000000000001,0.8719,0.8826,0.8957,0.9039,0.9218000000000001,0.9332,0.9426,0.9605,0.9744,0.9897,1.0112,1.0232,1.0374,1.0490000000000002,1.0669,1.0746,1.0873000000000002,1.1017000000000001,1.1121,1.1235,1.1328,1.1455,1.1602000000000001,1.1745,1.1862000000000001,1.1936,1.2068,1.2169,1.2326000000000001,1.2404000000000002,1.2546000000000002,1.2632,1.2699,1.2774,1.2867,1.2992000000000001,1.3087,1.3238,1.3316000000000001,1.3461,1.3562,1.3649,1.3809,1.3888,1.3978000000000002,1.4139000000000002,1.4262000000000001,1.4361000000000002,1.4466,1.4599,1.4751,1.4889000000000001,1.5032,1.5181,1.5312000000000001,1.5403,1.5530000000000002,1.5604,1.5773000000000001,1.5881,1.5994000000000002,1.6076000000000001,1.6225,1.6344,1.6477000000000002,1.6577000000000002,1.6689,1.6842000000000001,1.6931,1.7108,1.7254,1.7339,1.7419,1.7561,1.7677,1.7812000000000001,1.7926000000000002,1.8117,1.8236,1.8346,1.8443,1.8524,1.8694000000000002,1.8778000000000001,1.8894000000000002,1.8977000000000002,1.9078000000000002,1.9163000000000001,1.9296,1.9389,1.9516,1.9669,1.9772,1.9919,2.0123,2.0229,2.0402,2.0529,2.065,2.0777,2.0886,2.1027,2.12,2.1272,2.1421,2.1514,2.1579,2.1761,2.1867,2.2039,2.2119,2.2242,2.2315,2.2384,2.2564,2.2663,2.2825,2.2909,2.3034,2.3249,2.3326000000000002,2.3517,2.3603,2.3801,2.3912,2.4076,2.4175,2.4287,2.4382,2.4545,2.4704,2.4828,2.4967,2.5117000000000003,2.5192,2.5332000000000003,2.5507,2.5637000000000003,2.5755000000000003,2.5869,2.5964,2.6088,2.62,2.6342000000000003,2.644,2.6612,2.6713,2.6837,2.6926,2.7065,2.7146000000000003,2.7288,2.7365,2.7508,2.7588,2.7691000000000003,2.7832000000000003,2.7944,2.8089,2.8168,2.8317,2.8407,2.8501000000000003,2.8578,2.8702,2.8802000000000003,2.8920000000000003,2.906,2.9253,2.9384,2.9532000000000003,2.9632,2.9773,2.9853,2.9945,3.0079000000000002,3.0226,3.0375,3.0472,3.0602,3.0793,3.0894000000000004,3.1064000000000003,3.1161000000000003,3.125,3.1365000000000003,3.1502000000000003,3.1615,3.1717,3.1809000000000003,3.1946000000000003,3.2043000000000004,3.2145,3.2272000000000003,3.2439,3.258,3.2698,3.2877,3.2995,3.3091000000000004,3.3244000000000002,3.3361,3.3439,3.3539000000000003,3.3648000000000002,3.3724000000000003,3.3818,3.4024,3.4115,3.4210000000000003,3.4334000000000002,3.4484000000000004,3.4567,3.4672,3.4776000000000002,3.4873000000000003,3.4984,3.5077000000000003,3.5180000000000002,3.5275000000000003,3.5403000000000002,3.5509000000000004,3.5711000000000004,3.5820000000000003,3.5923000000000003,3.6043000000000003,3.6141,3.6306000000000003,3.6443000000000003,3.6576,3.6704000000000003,3.6796,3.6919,3.7003000000000004,3.7078,3.724,3.741,3.7584,3.7670000000000003,3.7749,3.7928,3.8055000000000003,3.8160000000000003,3.8227,3.835,3.8421000000000003,3.8557,3.8647,3.8784,3.8988,3.9080000000000004,3.9168000000000003,3.9273000000000002,3.9398,3.9483,3.9562000000000004,3.9699,3.9787000000000003,3.9894000000000003,4.0004,4.0153,4.0275,4.0399,4.0523,4.062,4.0716,4.086,4.0965,4.1092,4.1178,4.1332,4.141,4.152,4.1609,4.1724000000000006,4.1896,4.2042,4.2134,4.2211,4.2338000000000005,4.248600000000001,4.257000000000001,4.2758,4.2878,4.2996,4.3135,4.322900000000001,4.3363000000000005,4.347,4.357600000000001,4.375,4.3876,4.3979,4.409400000000001,4.423,4.4332,4.441,4.4546,4.468,4.4749,4.4891000000000005,4.4976,4.5077,4.529100000000001,4.5394000000000005,4.5594,4.5735,4.5882000000000005,4.5972,4.6088000000000005,4.6145000000000005,4.6227,4.6367,4.6447,4.6569,4.6688,4.6814,4.6906,4.705900000000001,4.7183,4.7313,4.7413,4.7555000000000005,4.7634,4.7717,4.7853,4.7945,4.8055,4.816800000000001,4.8281,4.837400000000001,4.8495,4.8569,4.8685,4.879700000000001,4.8901,4.9048,4.9177,4.9253,4.933800000000001,4.9415000000000004,4.9598,4.9706,4.9837,4.9997
36694:3.7475
37020:0.016900000000000002,0.0616,0.09530000000000001,0.1385,0.1756,0.2104,0.2474,0.2687,0.2882,0.3196,0.3375,0.3599,0.38180000000000003,0.4076,0.435,0.4616,0.4963,0.5238,0.5501,0.6072000000000001,0.6496000000000001,0.6769000000000001,0.7255,0.7493000000000001,0.804,0.8311000000000001,0.861,0.9054000000000001,0.9331,0.9523,0.9991000000000001,1.0443,1.0815000000000001,1.1011,1.1424,1.1681000000000001,1.1934,1.2371,1.2769000000000001,1.3361,1.3562,1.3839000000000001,1.4079000000000002,1.4686000000000001,1.4944000000000002,1.5189000000000001,1.5456,1.5747,1.6137000000000001,1.6397000000000002,1.6707,1.7036,1.7374,1.788,1.8105,1.8397000000000001,1.8742,1.9139000000000002,1.9384000000000001,1.969,2.0108,2.0372,2.0578000000000003,2.0936,2.1258,2.1529000000000003,2.1957,2.2295000000000003,2.2505,2.2742,2.3201,2.3515,2.3936,2.4175,2.4456,2.4655,2.4988,2.529,2.5689,2.5964,2.6183,2.6595,2.6892,2.7224,2.7803,2.8065,2.8342,2.8729,2.9133,2.9370000000000003,2.9869000000000003,3.0377,3.0713000000000004,3.0911,3.1098000000000003,3.1344000000000003,3.1844,3.214,3.2616,3.306,3.3369,3.3803,3.4001,3.4410000000000003,3.4611,3.4858000000000002,3.5174000000000003,3.5482,3.5757000000000003,3.623,3.6447000000000003,3.6686,3.7117,3.7372,3.7741000000000002,3.8040000000000003,3.8640000000000003,3.8929,3.9163,3.9518,3.9905000000000004,4.0354,4.0622,4.0958000000000006,4.1288,4.1532,4.1741,4.2066,4.2424,4.2693,4.2982000000000005,4.333200000000001,4.3639,4.4068000000000005,4.4335,4.4546,4.490600000000001,4.5215000000000005,4.5802000000000005,4.6033,4.618,4.6418,4.671,4.7024,4.7286,4.7846,4.8123000000000005,4.867900000000001,4.8946000000000005,4.918,4.9462,4.9871
37128:0.0181,0.0456,0.0627,0.0806,0.1029,0.11800000000000001,0.1317,0.1595,0.1842,0.19840000000000002,0.2159,0.2301,0.24830000000000002,0.2726,0.3024,0.3373,0.3592,0.3845,0.4091,0.4323,0.4587,0.49620000000000003,0.5217,0.5454,0.5823,0.603,0.6348,0.6534,0.6747000000000001,0.6960000000000001,0.7139,0.7305,0.7549,0.7808,0.8016000000000001,0.8249000000000001,0.8389000000000001,0.8518,0.872,0.8889,0.918,0.9446,0.9767,0.9963000000000001,1.0211000000000001,1.0462,1.0628,1.0774000000000001,1.1015000000000001,1.1274,1.1465,1.1605,1.1802000000000001,1.2099,1.2212,1.2431,1.2566000000000002,1.2794,1.3014000000000001,1.3158,1.326,1.3421,1.372,1.3896000000000002,1.4220000000000002,1.4415,1.4588,1.485,1.5106000000000002,1.5432000000000001,1.5786,1.6,1.6189,1.6437000000000002,1.6742000000000001,1.693,1.7064000000000001,1.7246000000000001,1.7517,1.7718,1.8056,1.8289000000000002,1.8606,1.8833000000000002,1.8987,1.9147,1.9420000000000002,1.9628,1.9868000000000001,2.0078,2.025,2.0393,2.0553,2.0747,2.0979,2.1193,2.1353,2.1539,2.1719,2.189,2.2166,2.2284,2.2681,2.2905,2.3077,2.3387000000000002,2.3565,2.3847,2.3998,2.4294000000000002,2.4650000000000003,2.49,2.5046,2.5325,2.5540000000000003,2.5697,2.6004,2.6393,2.6553,2.6784000000000003,2.7038,2.7222,2.7412,2.7592000000000003,2.7721,2.7999,2.8252,2.8519,2.8789000000000002,2.8964000000000003,2.9166000000000003,2.9453,2.9581,2.9707000000000003,2.9952,3.0178000000000003,3.0352,3.0521000000000003,3.0641000000000003,3.0835000000000004,3.0922,3.1027,3.1140000000000003,3.1276,3.1535,3.174,3.1964,3.2148000000000003,3.2303,3.2559,3.2758000000000003,3.3012,3.3287,3.3585000000000003,3.3769,3.3991000000000002,3.4170000000000003,3.4371,3.462,3.4816000000000003,3.4998,3.5173,3.531,3.5536000000000003,3.5716,3.6003000000000003,3.6348000000000003,3.66,3.6985,3.716,3.7447000000000004,3.7621,3.773,3.7977000000000003,3.8196000000000003,3.8383000000000003,3.8521,3.8680000000000003,3.8832,3.8973,3.9130000000000003,3.9475000000000002,3.9752,3.9911000000000003,4.0153,4.029100000000001,4.053,4.0723,4.0896,4.1142,4.1343000000000005,4.1508,4.1735,4.199,4.2252,4.2468,4.2659,4.2866,4.3180000000000005,4.3382000000000005,4.3526,4.3762,4.3844,4.4205000000000005,4.4392000000000005,4.4587,4.4743,4.4943,4.5235,4.5488,4.5766,4.5914,4.613300000000001,4.623,4.651400000000001,4.6634,4.6841,4.7198,4.7453,4.7632,4.7851,4.8147,4.8340000000000005,4.8528,4.8686,4.895300000000001,4.9164,4.9412,4.9665,4.9993
37180:3.7463
37263:0.0236,0.1135,0.17650000000000002,0.2149,0.2364,0.255,0.2917,0.35800000000000004,0.39180000000000004,0.4394,0.49760000000000004,0.5534,0.5806,0.6671,0.7371000000000001,0.8054,0.8577,0.9388000000000001,1.0230000000000001,1.0769,1.1159000000000001,1.1517,1.2423,1.2702,1.3077,1.3367,1.3587,1.4114,1.462,1.5058,1.5577,1.5945,1.6245,1.6594,1.6993,1.7386000000000001,1.7886000000000002,1.8547,1.8945,1.9498000000000002,1.9796,2.0356,2.0845000000000002,2.1501,2.2064,2.2301,2.2798000000000003,2.4076,2.4568000000000003,2.5533,2.5911,2.6475,2.6717,2.7125,2.7348000000000003,2.7595,2.8388,2.8762000000000003,2.9101000000000004,3.0021,3.0654000000000003,3.1119000000000003,3.1503,3.1829,3.2133000000000003,3.2532,3.3477,3.369,3.4857,3.5203,3.5825,3.6948000000000003,3.7725,3.8058,3.8317,3.8785000000000003,3.9335,3.9794,4.0265,4.0642000000000005,4.1047,4.1416,4.1611,4.2483,4.2992,4.3193,4.357600000000001,4.4105,4.4391,4.4736,4.5164,4.556,4.593100000000001,4.6192,4.6462,4.7391000000000005,4.7925,4.819500000000001,4.8541,4.9244
37567:0.0216,0.053000000000000005,0.0941,0.12390000000000001,0.1333,0.1653,0.19720000000000001,0.21230000000000002,0.2263,0.2421,0.2551,0.2963,0.3088,0.32320000000000004,0.3546,0.3859,0.41000000000000003,0.4204,0.45220000000000005,0.4651,0.5009,0.5192,0.5639000000000001,0.5907,0.599,0.6316,0.6488,0.6599,0.681,0.7180000000000001,0.7426,0.78,0.7907000000000001,0.8265,0.8344,0.8746,0.9089,0.9277000000000001,0.9394,0.9575,0.9830000000000001,1.0336,1.0591000000000002,1.0761,1.1066,1.1256000000000002,1.1409,1.1622000000000001,1.1878,1.2251,1.2474,1.2805,1.2903,1.3233000000000001,1.3421,1.3803,1.3953,1.4306,1.4522000000000002,1.4758,1.5041,1.5417,1.5532000000000001,1.5761,1.6094000000000002,1.6339000000000001,1.6747,1.7009,1.7257,1.7516,1.7847000000000002,1.8077,1.8444,1.8593000000000002,1.8966,1.9083,1.9348,1.9498000000000002,2.0016000000000003,2.0099,2.0677000000000003,2.0802,2.1038,2.1361,2.166,2.1950000000000003,2.2172,2.2347,2.2493000000000003,2.2633,2.2808,2.295,2.3138,2.3671,2.3817,2.4047,2.4316,2.4573,2.4930000000000003,2.5346,2.5889,2.6005000000000003,2.6462000000000003,2.6566,2.6795,2.6965000000000003,2.7206,2.7391,2.7602,2.7827,2.7948,2.8249,2.8436000000000003,2.8617000000000004,2.8697,2.9071000000000002,2.9518,2.9642,2.9937,3.0154,3.0402,3.0571,3.0826000000000002,3.1035000000000004,3.1221,3.1496,3.1757,3.1887000000000003,3.2188000000000003,3.2727,3.3085,3.321,3.3561,3.3769,3.3931,3.4182,3.4587000000000003,3.4734000000000003,3.4849,3.5086000000000004,3.5287,3.5544000000000002,3.5992,3.6372,3.6781,3.7101,3.7247000000000003,3.7722,3.7997,3.8159,3.8258,3.8442000000000003,3.8847,3.899,3.9137000000000004,3.9366000000000003,3.9586,3.9744,4.0103,4.0242,4.0419,4.0704,4.1167,4.1357,4.1473,4.1855,4.1975,4.2476,4.2645,4.3146,4.3373,4.354,4.3665,4.3767000000000005,4.4153,4.432,4.4546,4.4885,4.5044,4.5488,4.5774,4.6045,4.6159,4.6371,4.6559,4.6729,4.6955,4.7271,4.7422,4.779100000000001,4.788600000000001,4.824800000000001,4.8561000000000005,4.8989,4.9329,4.9744
38194:0.0256,0.0517,0.0679,0.1014,0.1159,0.1326,0.16970000000000002,0.19260000000000002,0.21250000000000002,0.231,0.2554,0.3032,0.3257,0.3594,0.3907,0.4153,0.4334,0.46240000000000003,0.49870000000000003,0.5217,0.5712,0.5959,0.6373,0.6526000000000001,0.6758000000000001,0.6958000000000001,0.7227,0.7548,0.786,0.7974,0.8283,0.8393,0.8753000000000001,0.8952,0.9161,0.9412,0.9825,1.0253,1.0476,1.0708,1.1086,1.1280000000000001,1.1477000000000002,1.1658,1.195,1.2237,1.2462,1.2584,1.2857,1.2964,1.3209,1.3295000000000001,1.3462,1.3789,1.3964,1.4323000000000001,1.4575,1.5073,1.5471000000000001,1.5790000000000002,1.6142,1.6405,1.6805,1.7051,1.7288000000000001,1.7553,1.7741,1.7908000000000002,1.8129000000000002,1.8541,1.8665,1.8977000000000002,1.9125,1.9416,1.9618,2.0064,2.0166,2.0465,2.0745,2.0921000000000003,2.1198,2.1390000000000002,2.1703,2.1951,2.2199,2.2548,2.2714000000000003,2.2965,2.3179000000000003,2.3568000000000002,2.3764000000000003,2.4,2.434,2.462,2.4953000000000003,2.5096000000000003,2.5373,2.571,2.6016,2.6481000000000003,2.6575,2.686,2.704,2.7277,2.7413000000000003,2.7704,2.7988,2.8324000000000003,2.8501000000000003,2.8686000000000003,2.9113,2.9484000000000004,2.9649,2.9958,3.0191000000000003,3.035,3.0620000000000003,3.0878,3.1059,3.1264000000000003,3.1526,3.1773000000000002,3.1933000000000002,3.2227,3.2327000000000004,3.2758000000000003,3.3082000000000003,3.3213000000000004,3.3605,3.3769,3.3987000000000003,3.4217,3.4617,3.4821,3.515,3.5356,3.5568,3.6034,3.6388000000000003,3.6893000000000002,3.7123000000000004,3.7298,3.7729000000000004,3.8059000000000003,3.822,3.8409,3.8532,3.8832,3.8963,3.9193000000000002,3.9459000000000004,3.9674,3.9832,4.016,4.03,4.0509,4.0887,4.1193,4.1405,4.1538,4.1962,4.2484,4.2683,4.2899,4.3204,4.3429,4.3584000000000005,4.3783,4.4199,4.4351,4.4486,4.4654,4.4891000000000005,4.5058,4.5507,4.5760000000000005,4.6061000000000005,4.621300000000001,4.6468,4.662,4.6924,4.7041,4.7424,4.7677000000000005,4.7891,4.8151,4.8334,4.8616,4.9021,4.9349,4.9515,4.9779
38907:0.0114,0.020800000000000003,0.033800000000000004,0.0402,0.0427,0.0436,0.0548,0.06420000000000001,0.0645,0.0732,0.0751,0.09140000000000001,0.09330000000000001,0.10500000000000001,0.1076,0.1135,0.1207,0.1285,0.13670000000000002,0.1378,0.1492,0.15080000000000002,0.1534,0.1557,0.1562,0.1671,0.1716,0.1736,0.1844,0.18710000000000002,0.2008,0.2013,0.2044,0.20650000000000002,0.20980000000000001,0.2121,0.2263,0.2303,0.2391,0.2404,0.2564,0.2606,0.27690000000000003,0.2778,0.2823,0.2842,0.2881,0.30160000000000003,0.3058,0.30760000000000004,0.33740000000000003,0.3382,0.343,0.3539,0.3637,0.3744,0.3775,0.3854,0.3906,0.397,0.40130000000000005,0.4087,0.4107,0.41650000000000004,0.43060000000000004,0.43160000000000004,0.4378,0.4436,0.4464,0.44720000000000004,0.45180000000000003,0.4551,0.46290000000000003,0.4736,0.4771,0.4793,0.4933,0.502,0.5025000000000001,0.5061,0.5214,0.5233,0.5249,0.5324,0.5455,0.5501,0.5509000000000001,0.5537000000000001,0.5548000000000001,0.5664,0.5673,0.5700000000000001,0.5811000000000001,0.5922000000000001,0.601,0.6018,0.6067,0.6199,0.6315000000000001,0.6405000000000001,0.6453,0.6493,0.6623,0.6629,0.6825,0.6836,0.6866,0.6988000000000001,0.6990000000000001,0.7204,0.7259,0.7298,0.7592,0.7664000000000001,0.7668,0.7672,0.7687,0.7781,0.7786000000000001,0.786,0.7921,0.7943,0.7966000000000001,0.8031,0.8196,0.8343,0.8422000000000001,0.8461000000000001,0.8509,0.8520000000000001,0.8636,0.8699,0.8711000000000001,0.8732000000000001,0.8754000000000001,0.8816,0.8823000000000001,0.8854000000000001,0.8907,0.8921,0.8941,0.9024000000000001,0.905,0.9092,0.912,0.9217000000000001,0.926,0.928,0.9329000000000001,0.9438000000000001,0.9447000000000001,0.9486,0.9495,0.9565,0.9577,0.9633,0.9781000000000001,0.9834,0.9849,0.9860000000000001,1.0145,1.0233,1.028,1.0452000000000001,1.0675000000000001,1.0686,1.0868,1.0876000000000001,1.0997000000000001,1.1069,1.1082,1.11,1.1178000000000001,1.1186,1.1196000000000002,1.1226,1.1278000000000001,1.1292,1.1296000000000002,1.1346,1.1367,1.1439000000000001,1.1483,1.1485,1.1542000000000001,1.1662000000000001,1.1721000000000001,1.1727,1.1742000000000001,1.1781000000000001,1.1876,1.1952,1.197,1.2311,1.2421,1.2527000000000001,1.2633,1.2650000000000001,1.2665,1.2669000000000001,1.2721,1.2784,1.2830000000000001,1.2848000000000002,1.2883,1.2904,1.302,1.3203,1.3208,1.3286,1.3348,1.3457000000000001,1.3533000000000002,1.3572,1.3806,1.3873,1.3959000000000001,1.3991,1.4024,1.4056,1.4080000000000001,1.4119000000000002,1.4214,1.4220000000000002,1.4302000000000001,1.4389,1.4417,1.4427,1.4452,1.4504000000000001,1.4531,1.4588,1.4596,1.4663000000000002,1.4759,1.4793,1.4798,1.489,1.4906000000000001,1.4955,1.498,1.5027000000000001,1.514,1.5165000000000002,1.5209000000000001,1.5216,1.5326000000000002,1.5397,1.5403,1.5607,1.5687,1.5714000000000001,1.5722,1.5777,1.5919,1.6017000000000001,1.6223,1.6233000000000002,1.6245,1.6386,1.6491,1.6533,1.6560000000000001,1.6597000000000002,1.6611,1.6657000000000002,1.6839000000000002,1.6912,1.6981000000000002,1.6983000000000001,1.7194,1.7299,1.7364000000000002,1.741,1.7423000000000002,1.7433,1.7463000000000002,1.7481,1.756,1.7713,1.7791000000000001,1.7817,1.7838,1.7956,1.7986,1.8074000000000001,1.8086,1.8111000000000002,1.8133000000000001,1.8277,1.8350000000000002,1.8363,1.8414000000000001,1.846,1.8537000000000001,1.8697000000000001,1.8727,1.8762,1.8788,1.8849,1.8956000000000002,1.8974000000000002,1.8978000000000002,1.8995000000000002,1.9184,1.9244,1.9275,1.9307,1.9325,1.9362000000000001,1.9365,1.9434,1.9442000000000002,1.9593,1.9664000000000001,1.9751,1.9825000000000002,1.9925000000000002,1.9943000000000002,2.0165,2.0312,2.0428,2.0638,2.0736,2.0797,2.0942000000000003,2.1012,2.1073,2.1097,2.1265,2.1268000000000002,2.1279,2.134,2.142,2.1427,2.144,2.1454,2.15,2.1635,2.1644,2.1659,2.1750000000000003,2.188,2.1926,2.202,2.2051000000000003,2.2218,2.2306,2.2329000000000003,2.2363,2.2372,2.2383,2.2427,2.2503,2.2573000000000003,2.2665,2.2686,2.2763,2.2793,2.2841,2.2912,2.3025,2.3158000000000003,2.3569,2.3628,2.3718,2.3747000000000003,2.3757,2.3841,2.3883,2.3885,2.3919,2.3968000000000003,2.4072,2.408,2.4094,2.4122,2.4138,2.4193000000000002,2.4215,2.4239,2.4288000000000003,2.4315,2.4433000000000002,2.4483,2.4581,2.4591000000000003,2.4689,2.486,2.4888,2.4929,2.4982,2.5050000000000003,2.5096000000000003,2.5253,2.5256000000000003,2.5275000000000003,2.5387,2.5423,2.5472,2.5533,2.5635000000000003,2.5771,2.5789,2.5811,2.5817,2.5863,2.5868,2.5980000000000003,2.6119000000000003,2.6138000000000003,2.6213,2.6251,2.6261,2.6375,2.6413,2.6639,2.6657,2.666,2.6694,2.6747,2.6762,2.6771000000000003,2.6828000000000003,2.6856,2.6859,2.6986000000000003,2.7004,2.7009000000000003,2.7058,2.7104,2.7163,2.7196000000000002,2.7198,2.7222,2.7247000000000003,2.7311,2.7347,2.738,2.7455000000000003,2.7457000000000003,2.7470000000000003,2.7553,2.7686,2.7778,2.7804,2.7806,2.7829,2.7841,2.7880000000000003,2.8106,2.8122000000000003,2.8392,2.8395,2.8398000000000003,2.8480000000000003,2.8498,2.8514,2.8634,2.8704,2.8747000000000003,2.8758000000000004,2.9053,2.9115,2.9281,2.9456,2.9479,2.9537,2.9562,2.959,2.9598,2.9702,2.9757000000000002,2.984,2.9914,2.996,2.9964,2.9988,2.9997000000000003,3.0019,3.0046,3.0100000000000002,3.0145,3.0171,3.0178000000000003,3.0236,3.0271000000000003,3.0336000000000003,3.0453,3.0511000000000004,3.0673000000000004,3.0984000000000003,3.1005000000000003,3.1059,3.1106000000000003,3.1298000000000004,3.1448,3.1507,3.1538,3.1628000000000003,3.1634,3.1754000000000002,3.1958,3.2065,3.2135000000000002,3.216,3.2228000000000003,3.2384,3.2470000000000003,3.2483,3.2720000000000002,3.2950000000000004,3.2976,3.2996000000000003,3.3025,3.3064,3.3077,3.3111,3.3242000000000003,3.3274000000000004,3.3522000000000003,3.3697000000000004,3.3723,3.3747000000000003,3.3792,3.3795,3.3863000000000003,3.3924000000000003,3.3929,3.3966000000000003,3.3968000000000003,3.3977,3.4036,3.4074,3.4121,3.4241,3.4269000000000003,3.4283,3.4376,3.4443,3.4609,3.462,3.4629000000000003,3.4698,3.4724000000000004,3.4764000000000004,3.4935,3.5026,3.512,3.5130000000000003,3.5251,3.5289,3.5364,3.5404,3.5421,3.5443000000000002,3.5464,3.5490000000000004,3.5580000000000003,3.5598,3.5779,3.5868,3.5933,3.5956,3.5997000000000003,3.6065,3.6105,3.6137,3.6310000000000002,3.6541,3.6554,3.6837,3.6990000000000003,3.7084,3.7137000000000002,3.7259,3.7273,3.728,3.7355,3.7427,3.7628000000000004,3.7694,3.7752000000000003,3.7903000000000002,3.7911,3.8004000000000002,3.8209,3.8327,3.8331000000000004,3.8354000000000004,3.8553,3.8675,3.8695000000000004,3.8721,3.874,3.8748,3.8754000000000004,3.8765,3.8812,3.8864,3.8933,3.9006000000000003,3.9013,3.9155,3.9222,3.9316,3.9335,3.9433000000000002,3.9449,3.9476,3.9513000000000003,3.9648000000000003,3.9684000000000004,3.9761,3.9789000000000003,3.9793000000000003,3.9932000000000003,3.9936000000000003,3.9988,4.0042,4.0136,4.0227,4.0253000000000005,4.0443,4.05,4.0646,4.0816,4.085,4.0858,4.0885,4.131600000000001,4.1446000000000005,4.1504,4.1532,4.1564000000000005,4.1566,4.1646,4.165,4.1748,4.1802,4.1824,4.2004,4.2007,4.2023,4.2027,4.2069,4.2171,4.2187,4.2192,4.2331,4.2433000000000005,4.2469,4.2483,4.2542,4.2638,4.2681000000000004,4.2713,4.2799000000000005,4.3177,4.3185,4.3216,4.3219,4.3261,4.3288,4.336,4.3379,4.3418,4.3459,4.3521,4.3544,4.3647,4.373,4.3767000000000005,4.3804,4.3932,4.393800000000001,4.4007000000000005,4.4072000000000005,4.4084,4.4171000000000005,4.421,4.430000000000001,4.4352,4.4421,4.4489,4.4499,4.4569,4.4571000000000005,4.4609000000000005,4.4629,4.4701,4.4795,4.5152,4.5198,4.5383000000000004,4.5548,4.5614,4.5616,4.5652,4.5778,4.5821000000000005,4.6064,4.6174,4.6185,4.6187000000000005,4.619800000000001,4.6229000000000005,4.6257,4.6294,4.6299,4.6553,4.6764,4.6839,4.6864,4.704000000000001,4.707,4.7142,4.7153,4.721,4.7357000000000005,4.7446,4.766900000000001,4.7724,4.7755,4.785200000000001,4.7884,4.7931,4.8066,4.8076,4.8413,4.8737,4.875500000000001,4.8792,4.8841,4.8862000000000005,4.8897,4.8922,4.9023,4.9110000000000005,4.9268,4.9322,4.9398,4.9407000000000005,4.9453000000000005,4.957,4.9584,4.9598,4.9752,4.9955,4.9968
38928:2.2709,2.8489
39124:1.3694000000000002,4.1695
39569:0.1359,0.22030000000000002,0.4399,0.9455,1.2759,1.4289,1.9395,2.244,2.4361,2.9239,3.3206,3.4625000000000004,3.6957,3.9418,4.0607,4.174300000000001,4.2834,4.4415000000000004,4.5082,4.6145000000000005,4.8669
39606:0.020300000000000002,0.0461,0.08600000000000001,0.1051,0.1258,0.1627,0.1893,0.2073,0.2174,0.2462,0.2586,0.2967,0.32070000000000004,0.3558,0.38130000000000003,0.4112,0.46180000000000004,0.5197,0.5858,0.5940000000000001,0.6392,0.6536000000000001,0.6781,0.7154,0.78,0.7885000000000001,0.8288000000000001,0.8715,0.8896000000000001,0.9089,0.9358000000000001,0.9499000000000001,0.9788,1.0171000000000001,1.0425,1.0627,1.0766,1.1201,1.1356000000000002,1.1593,1.1846,1.2167000000000001,1.2381,1.2574,1.284,1.3175000000000001,1.3268,1.3442,1.3901000000000001,1.4283000000000001,1.4523000000000001,1.4863000000000002,1.5049000000000001,1.5792000000000002,1.609,1.6346,1.6787,1.6989,1.7521,1.7703,1.7965,1.8077,1.8498,1.8609,1.8960000000000001,1.9141000000000001,1.9482000000000002,2.005,2.0537,2.0742000000000003,2.1312,2.1576,2.1713,2.2158,2.2504,2.2657000000000003,2.289,2.3134,2.3571,2.3724000000000003,2.3997,2.4298,2.4652000000000003,2.4911000000000003,2.5321000000000002,2.5699,2.5995,2.6473,2.6715,2.6931000000000003,2.7306,2.7571000000000003,2.7932,2.8263000000000003,2.8640000000000003,2.9069000000000003,2.9486000000000003,2.9621,3.0,3.0183,3.0538000000000003,3.0788,3.1174,3.1249000000000002,3.1553,3.1808,3.2223,3.2696,3.3054,3.3558000000000003,3.3909000000000002,3.4148,3.4543000000000004,3.4770000000000003,3.5174000000000003,3.5524,3.5995000000000004,3.6347,3.6662000000000003,3.7095000000000002,3.7204,3.7695000000000003,3.7975000000000003,3.8203,3.8391,3.8835,3.8941000000000003,3.9363,3.9712,4.0138,4.0253000000000005,4.0477,4.0840000000000005,4.1143,4.1381000000000006,4.1486,4.1912,4.205900000000001,4.2446,4.3141,4.3365,4.369,4.420100000000001,4.430000000000001,4.4573,4.482200000000001,4.4984,4.5313,4.5484,4.5765,4.6052,4.6151,4.6513,4.6626,4.6957,4.7411,4.7835,4.8244,4.8547,4.8947,4.9044,4.9318,4.9728,4.997
39714:0.022000000000000002,0.0473,0.0755,0.1052,0.14170000000000002,0.1816,0.20950000000000002,0.24150000000000002,0.2783,0.3044,0.3361,0.3634,0.3839,0.4148,0.4273,0.4499,0.47540000000000004,0.4975,0.5238,0.5503,0.5967,0.6208,0.6422,0.6897,0.7302000000000001,0.7568,0.8095,0.8365,0.8659,0.886,0.9126000000000001,0.9323,0.9475,0.9755,1.0048000000000001,1.0544,1.0697,1.0867,1.1142,1.1564,1.1793,1.2033,1.2361,1.2586000000000002,1.2863,1.3086,1.3401,1.3609,1.3922,1.4169,1.4388,1.4728,1.4971,1.5147000000000002,1.5375,1.5644,1.5871000000000002,1.6203,1.6618000000000002,1.7085000000000001,1.7343000000000002,1.7596,1.7949000000000002,1.8228000000000002,1.8587,1.9168,1.9434,1.9677,1.9961,2.0192,2.0511,2.071,2.1105,2.1412,2.1701,2.1983,2.2312000000000003,2.2618,2.3225000000000002,2.3666,2.3942,2.4149000000000003,2.4422,2.4649,2.5041,2.5237000000000003,2.5444,2.5712,2.6029,2.6274,2.6499,2.6795,2.7002,2.7217000000000002,2.7487,2.7743,2.805,2.8308,2.8487,2.8781000000000003,2.9145000000000003,2.9397,2.9649,3.0250000000000004,3.0500000000000003,3.0806,3.0963000000000003,3.1181,3.1375,3.1609000000000003,3.1908000000000003,3.2158,3.2429,3.2887,3.3147,3.3406000000000002,3.3689,3.3997,3.4298,3.4650000000000003,3.483,3.507,3.5302000000000002,3.5576000000000003,3.5795000000000003,3.6071,3.6326,3.6498000000000004,3.6675,3.6939,3.7214,3.7447000000000004,3.7814,3.8148,3.8485,3.8713,3.9007,3.9360000000000004,3.9766000000000004,4.0134,4.0341000000000005,4.0528,4.0722000000000005,4.1001,4.1257,4.1450000000000005,4.1772,4.2057,4.2527,4.2778,4.3137,4.3411,4.3578,4.3899,4.4271,4.4552000000000005,4.4891000000000005,4.521,4.554600000000001,4.588,4.6183000000000005,4.644,4.6749,4.7046,4.734500000000001,4.7527,4.7981,4.825,4.8563,4.8928,4.915,4.931500000000001,4.9691,4.9954
39826:0.09340000000000001,0.2554,0.6756,0.7521,0.8362,0.9323,1.349,1.695,1.7612,1.8385,2.1957,2.4608000000000003,2.6681,2.7077,2.8161,3.1762,3.4497,3.5471000000000004,3.6345,3.7362,4.4513,4.9846
40093:0.0188,0.0402,0.0528,0.06860000000000001,0.07930000000000001,0.0925,0.1056,0.1231,0.1411,0.1526,0.16820000000000002,0.1816,0.19920000000000002,0.2109,0.2291,0.24200000000000002,0.2586,0.275,0.2876,0.305,0.3194,0.3361,0.36160000000000003,0.37720000000000004,0.3922,0.4072,0.4258,0.4436,0.45680000000000004,0.4722,0.4837,0.4983,0.5249,0.5479,0.5617,0.5762,0.5946,0.6181,0.6364000000000001,0.6512,0.6682,0.6784,0.6916,0.7091000000000001,0.7249,0.7386,0.7531,0.7827000000000001,0.7979,0.8198000000000001,0.8348,0.8525,0.8693000000000001,0.8787,0.8942,0.9074000000000001,0.9227000000000001,0.9321,0.9461,0.9659000000000001,0.9818,1.0053,1.0254,1.0450000000000002,1.0602,1.0811,1.0913000000000002,1.11,1.1231,1.1406,1.1585,1.1754,1.1917,1.2043000000000001,1.2194,1.2363,1.254,1.2689000000000001,1.2842,1.3096,1.3282,1.3407,1.359,1.3840000000000001,1.3987,1.4118000000000002,1.4297,1.4404000000000001,1.4639,1.4782000000000002,1.4958,1.5102,1.5262,1.542,1.558,1.5735000000000001,1.5864,1.6121,1.6238000000000001,1.6447,1.6634,1.6835,1.6955,1.7084000000000001,1.7323000000000002,1.7453,1.7574,1.7775,1.7930000000000001,1.8149000000000002,1.8268,1.8408,1.8546,1.8811,1.9012,1.9112,1.9281000000000001,1.9396,1.9540000000000002,1.9684000000000001,1.9829,2.0162,2.0368,2.0486,2.0666,2.0865,2.1036,2.1185,2.1343,2.1493,2.1682,2.1825,2.1948000000000003,2.2219,2.2335000000000003,2.2472000000000003,2.2708,2.2875,2.3056,2.3372,2.3508,2.3694,2.392,2.4113,2.4266,2.44,2.4556,2.4642,2.4867,2.4999000000000002,2.5142,2.5309,2.5444,2.5572,2.5715000000000003,2.5889,2.6007000000000002,2.6215,2.6394,2.656,2.6691000000000003,2.681,2.6952000000000003,2.704,2.7159,2.7336,2.7494,2.7712000000000003,2.7866,2.8023000000000002,2.8158000000000003,2.8426,2.8543000000000003,2.8778,2.8989000000000003,2.9164000000000003,2.934,2.9490000000000003,2.9634,2.9828,3.0042,3.0212000000000003,3.0363,3.0484,3.0753000000000004,3.089,3.1092,3.1346000000000003,3.1538,3.1654,3.1802,3.1929000000000003,3.2114000000000003,3.2396000000000003,3.2548000000000004,3.2824,3.2991,3.3125,3.3304,3.3489,3.3716000000000004,3.3849,3.3993,3.4235,3.4345000000000003,3.4453,3.4601,3.4708,3.4812000000000003,3.4989000000000003,3.5148,3.5282,3.5433000000000003,3.555,3.5758,3.5958,3.6095,3.6221,3.6336000000000004,3.6473,3.6595,3.6724,3.6916,3.7177000000000002,3.7302,3.7421,3.7542,3.7724,3.7896,3.8036000000000003,3.8148,3.838,3.8521,3.8640000000000003,3.8760000000000003,3.8978,3.9153000000000002,3.9370000000000003,3.9600000000000004,3.9770000000000003,3.9904,4.0105,4.028700000000001,4.0438,4.0541,4.0694,4.0964,4.1232,4.1388,4.1544,4.1669,4.1791,4.2046,4.2197000000000005,4.2492,4.2727,4.285,4.3104000000000005,4.3340000000000005,4.3479,4.3596,4.3785,4.3978,4.420100000000001,4.437600000000001,4.450200000000001,4.4626,4.4838000000000005,4.500100000000001,4.5256,4.541300000000001,4.558800000000001,4.5692,4.5869,4.6044,4.6153,4.6311,4.6448,4.665,4.677700000000001,4.6891,4.7039,4.7266,4.7408,4.7576,4.7834,4.798,4.8142000000000005,4.8254,4.8531,4.8724,4.8894,4.907500000000001,4.9249,4.9467,4.963,4.9745,4.9891000000000005
40277:0.005200000000000001,0.0064,0.0082,0.009000000000000001,0.0137,0.0148,0.019700000000000002,0.0534,0.0611,0.0648,0.07300000000000001,0.09290000000000001,0.1039,0.1101,0.11080000000000001,0.12150000000000001,0.1237,0.131,0.13520000000000001,0.14100000000000001,0.1564,0.1622,0.1645,0.1648,0.1781,0.20450000000000002,0.21980000000000002,0.22010000000000002,0.2223,0.2285,0.229,0.23220000000000002,0.2495,0.2574,0.27090000000000003,0.2753,0.27790000000000004,0.2806,0.2822,0.2863,0.2877,0.2912,0.2957,0.29760000000000003,0.3023,0.31870000000000004,0.3289,0.3291,0.33280000000000004,0.3381,0.3501,0.3503,0.35450000000000004,0.3567,0.35700000000000004,0.367,0.3708,0.374,0.375,0.37670000000000003,0.3801,0.38630000000000003,0.3866,0.3925,0.4001,0.4156,0.41650000000000004,0.42310000000000003,0.43370000000000003,0.4388,0.4465,0.45690000000000003,0.4622,0.4838,0.4923,0.5064000000000001,0.5091,0.5267000000000001,0.5365,0.5413,0.543,0.5501,0.5586,0.5631,0.5678000000000001,0.5695,0.5819,0.5852,0.5891000000000001,0.6026,0.6034,0.6045,0.6071000000000001,0.6147,0.6634,0.6678000000000001,0.6706000000000001,0.6749,0.6887,0.7088,0.7115,0.7226,0.7304,0.7311000000000001,0.7325,0.7337,0.7344,0.7365,0.7458,0.7474000000000001,0.777,0.7824,0.7856000000000001,0.7951,0.8012,0.8018000000000001,0.8168000000000001,0.8234,0.8247,0.8317,0.8380000000000001,0.8426,0.8470000000000001,0.8567,0.864,0.8699,0.8706,0.8813000000000001,0.8848,0.8871,0.8997,0.9,0.9103,0.9215000000000001,0.9223,0.9301,0.9314,0.9483,0.9508000000000001,0.9533,0.9717,1.0190000000000001,1.0193,1.0212,1.0302,1.0459,1.0537,1.0599,1.0718,1.0745,1.08,1.0804,1.0876000000000001,1.0931,1.0972,1.1066,1.1071,1.1076000000000001,1.1123,1.1189,1.1224,1.1356000000000002,1.1514,1.1576,1.1648,1.167,1.1718,1.181,1.2019,1.2028,1.2098,1.213,1.2137,1.219,1.2391,1.2401,1.241,1.2482,1.2517,1.2583,1.2662,1.2673,1.2705,1.2785,1.2792000000000001,1.2797,1.2928000000000002,1.2963,1.3041,1.3178,1.3227,1.3272000000000002,1.3286,1.3306,1.3326,1.3415000000000001,1.3417000000000001,1.3479,1.3534000000000002,1.3597000000000001,1.3616000000000001,1.3689,1.3773,1.3783,1.3849,1.3897000000000002,1.4061000000000001,1.4115,1.4208,1.4232,1.4423000000000001,1.4585000000000001,1.4651,1.4714,1.4842,1.4848000000000001,1.4902,1.4906000000000001,1.4996,1.5005000000000002,1.5022,1.5439,1.5457,1.5465,1.5498,1.5545,1.5584,1.5646,1.5675000000000001,1.5779,1.5789,1.5822,1.5845,1.587,1.5936000000000001,1.5968,1.6012000000000002,1.6087,1.6101,1.6112000000000002,1.6167,1.6221,1.6320000000000001,1.6357000000000002,1.6489,1.6577000000000002,1.6795,1.6834,1.6844000000000001,1.6878000000000002,1.6968,1.7066000000000001,1.7092,1.7117,1.7229,1.7243000000000002,1.7275,1.7296,1.7476,1.7563000000000002,1.7779,1.7895,1.792,1.7941,1.7961,1.8056,1.8085,1.8163,1.8195000000000001,1.8217,1.83,1.8410000000000002,1.8488,1.8521,1.868,1.87,1.8744,1.8842,1.895,1.9089,1.9238000000000002,1.9243000000000001,1.9277000000000002,1.9400000000000002,1.9454,1.9632,1.9667000000000001,1.9748,1.9785000000000001,1.9913,1.992,2.0060000000000002,2.0184,2.0298000000000003,2.033,2.0334000000000003,2.0358,2.0398,2.0543,2.0740000000000003,2.0802,2.0834,2.0996,2.1074,2.1272,2.1318,2.1338,2.1474,2.1732,2.1895000000000002,2.1933000000000002,2.1971000000000003,2.2012,2.2027,2.2052,2.2086,2.2110000000000003,2.2211000000000003,2.2386,2.2472000000000003,2.249,2.2579000000000002,2.2668,2.2718000000000003,2.2758000000000003,2.2924,2.2999,2.3014,2.314,2.3171,2.3376,2.3692,2.3770000000000002,2.3796,2.3859,2.4017,2.4026,2.404,2.418,2.4579,2.466,2.4749000000000003,2.4774000000000003,2.4799,2.4828,2.4935,2.5089,2.5095,2.5215,2.5296000000000003,2.5304,2.5354,2.5448,2.5544000000000002,2.5563000000000002,2.5651,2.572,2.5826000000000002,2.5833,2.5843000000000003,2.5865,2.5953,2.5999000000000003,2.6020000000000003,2.6063,2.6112,2.6179,2.6246,2.6361000000000003,2.6451000000000002,2.6472,2.65,2.6578,2.6721,2.6731000000000003,2.6899,2.6979,2.7005000000000003,2.7018,2.7086,2.7175000000000002,2.7216,2.7266,2.7308000000000003,2.7313,2.7362,2.746,2.7477,2.7482,2.7566,2.7609000000000004,2.7629,2.7674000000000003,2.7747,2.7875,2.7879,2.8003,2.8125,2.8308,2.8381000000000003,2.8462,2.8506,2.8576,2.866,2.8732,2.8734,2.879,2.8853,2.8859000000000004,2.8869000000000002,2.8872,2.8997,2.9050000000000002,2.906,2.9248000000000003,2.9634,2.9749000000000003,2.9778000000000002,2.9805,2.9890000000000003,2.9894000000000003,2.9948,2.9954,2.9993000000000003,2.9997000000000003,3.0017,3.0121,3.0140000000000002,3.0171,3.0185,3.0300000000000002,3.0347,3.0387,3.0497,3.0567,3.0752,3.0825,3.0827,3.0833,3.091,3.1095,3.1222000000000003,3.1228000000000002,3.1309,3.1318,3.1362,3.1388000000000003,3.1399000000000004,3.1443000000000003,3.1448,3.1456,3.16,3.1631,3.1939,3.205,3.2083000000000004,3.2103,3.2107,3.2162,3.2343,3.2502,3.2534,3.2623,3.2664,3.2674000000000003,3.2711,3.2805,3.2819000000000003,3.2843,3.2977000000000003,3.3231,3.3252,3.3292,3.3367,3.3397,3.3414,3.3444000000000003,3.3528000000000002,3.3532,3.3538,3.3563,3.3693,3.3798000000000004,3.3862,3.3892,3.4046000000000003,3.4118,3.4530000000000003,3.4566000000000003,3.4690000000000003,3.4713000000000003,3.4746,3.4786,3.479,3.4894000000000003,3.5033000000000003,3.5108,3.5192,3.5199000000000003,3.5229000000000004,3.5367,3.5426,3.5561000000000003,3.5744000000000002,3.581,3.591,3.5926,3.6167000000000002,3.6173,3.6176000000000004,3.6246,3.6273,3.6345,3.6492,3.6549,3.6574,3.6655,3.6898,3.6905,3.6909,3.6952000000000003,3.7026000000000003,3.7126,3.7133000000000003,3.724,3.7393,3.7600000000000002,3.7608,3.7616,3.7647000000000004,3.7854,3.7889000000000004,3.7902,3.793,3.7941000000000003,3.7968,3.7995,3.8094,3.8103000000000002,3.8182,3.8188,3.8215000000000003,3.8245,3.8251000000000004,3.8352000000000004,3.8355,3.8541000000000003,3.8598000000000003,3.8642000000000003,3.8680000000000003,3.8734,3.8748,3.8758000000000004,3.8982,3.9004000000000003,3.9054,3.9292000000000002,3.9386,3.9405,3.9662,3.9758,3.9761,3.9857,3.9908,3.9935,4.0017000000000005,4.0171,4.0208,4.0231,4.0238000000000005,4.0274,4.029100000000001,4.0476,4.0484,4.0632,4.0648,4.071000000000001,4.0745000000000005,4.0857,4.0934,4.0953,4.101500000000001,4.1206000000000005,4.1251,4.1371,4.139,4.1439,4.1558,4.1564000000000005,4.164000000000001,4.175800000000001,4.1817,4.1829,4.1856,4.1906,4.1951,4.196400000000001,4.2006000000000006,4.2043,4.207,4.2134,4.2252,4.238300000000001,4.2391000000000005,4.2419,4.244800000000001,4.26,4.274,4.2778,4.2796,4.285200000000001,4.2889,4.2940000000000005,4.2963000000000005,4.2973,4.3013,4.3033,4.3114,4.3116,4.3125,4.3132,4.3148,4.3158,4.3408,4.3428,4.3466000000000005,4.3516,4.3547,4.3592,4.3599000000000006,4.3706000000000005,4.3743,4.3776,4.3813,4.3837,4.3956,4.401800000000001,4.4033,4.403700000000001,4.404100000000001,4.4059,4.409800000000001,4.4199,4.4265,4.4594000000000005,4.4661,4.4691,4.4708000000000006,4.4728,4.4808,4.4859,4.4885,4.5007,4.5086,4.5093000000000005,4.5139000000000005,4.5159,4.5243,4.5308,4.5358,4.5365,4.5505,4.5538,4.559200000000001,4.5596000000000005,4.5616,4.579400000000001,4.5849,4.5882000000000005,4.589,4.5894,4.5933,4.597300000000001,4.6065000000000005,4.6080000000000005,4.6101,4.619000000000001,4.6221000000000005,4.6315,4.6363,4.6386,4.6397,4.6425,4.647600000000001,4.6515,4.6529,4.6642,4.667800000000001,4.668,4.6685,4.681500000000001,4.6833,4.6881,4.689500000000001,4.6986,4.71,4.7228,4.728400000000001,4.7392,4.7513000000000005,4.7532000000000005,4.7629,4.7643,4.768,4.7782,4.7805,4.7887,4.7933,4.7940000000000005,4.8056,4.8169,4.821000000000001,4.834700000000001,4.846900000000001,4.849,4.8502,4.8546000000000005,4.8628,4.8701,4.8716,4.8754,4.888,4.8967,4.897200000000001,4.9019,4.903300000000001,4.9108,4.9228000000000005,4.9253,4.9303,4.9394,4.963,4.9722,4.992
40752:1.3553000000000002
41485:0.0189,0.1071,0.18050000000000002,0.2745,0.2924,0.33840000000000003,0.3758,0.44270000000000004,0.4853,0.5276000000000001,0.5492,0.6729,0.6844,0.7187,0.7571,0.8099000000000001,0.8638,0.9261,1.0029000000000001,1.1023,1.1792,1.2412,1.3661,1.449,1.4728,1.5078,1.5486,1.7062000000000002,1.7311,1.8446,1.9422000000000001,1.9841000000000002,2.0546,2.1343,2.2110000000000003,2.4194,2.5533,2.5931,2.6742,2.6891000000000003,2.7005000000000003,2.8166,2.9389000000000003,3.0773,3.1145,3.1438,3.1556,3.4486000000000003,3.4682,3.4974000000000003,3.5857,3.6451000000000002,3.6644,3.6762,3.8073,3.8811,3.9593000000000003,4.03,4.1731,4.194500000000001,4.2582,4.2995,4.3478,4.4458,4.506200000000001,4.5282,4.6348,4.647,4.7312,4.8181,4.893400000000001,4.9218,4.9604
41695:0.25630000000000003,0.3062,0.5391,0.6798000000000001,0.7881,0.8761,0.9843000000000001,1.3218,1.5122,1.9064,2.1883,2.29,2.4593000000000003,2.6533,2.7625,2.9502,3.0568,3.1093,3.1932,3.3551,3.4801,3.8186,3.9082000000000003,4.2221,4.3686,4.497,4.6866,4.742100000000001
41881:0.1699,0.25670000000000004,0.32080000000000003,0.45420000000000005,0.5268,0.598,0.654,0.6889000000000001,0.749,0.8343,0.8839,1.0132,1.2288000000000001,1.2924,1.3291000000000002,1.3945,1.4569,1.5515,1.7299,1.9335,2.2542,2.3179000000000003,2.5381,2.6024000000000003,2.7994000000000003,2.8664,2.9961,3.061,3.0885000000000002,3.1957,3.3556000000000004,3.3957,3.4666,3.8501000000000003,3.915,4.0045,4.1488000000000005,4.3733,4.4317,4.5012,4.7003,4.9048
42146:0.2745,0.7382000000000001,0.9545,1.165,1.2530000000000001,1.2665,1.3667,1.4552,1.7804,1.8708,1.883,2.1349,2.1561,2.2149,2.3339000000000003,2.4284000000000003,2.7556000000000003,2.8425000000000002,3.0166,3.2078,3.3797,3.5349000000000004,3.8655000000000004,3.9584,4.0383000000000004,4.393400000000001,4.663,4.8742,4.9962
42202:0.2592,0.687,0.7909,0.8721,1.2895,1.7064000000000001,1.9328,2.1331,2.2597,2.2996000000000003,2.6124,2.7463,2.946,3.0928,3.3387000000000002,3.8949000000000003,4.3807,4.6661
42233:0.035,0.28300000000000003,0.7523000000000001,1.8406,2.2141,2.2684,2.4639,2.6684,2.7996000000000003,3.4464,4.8131,4.9468000000000005
42347:0.0167,0.0476,0.1274,0.253,0.46090000000000003,0.4923,0.6757000000000001,0.7833,0.8479,0.9957,1.1396,1.2669000000000001,1.3352000000000002,1.4015,1.5637,1.6378000000000001,1.7156,1.8928,2.0263,2.1307,2.1631,2.2409,2.2961,2.4593000000000003,2.6782,2.7644,2.8568000000000002,2.8958,2.9592,3.0261,3.1236,3.2184000000000004,3.3134,3.3763,3.4909000000000003,3.5563000000000002,3.6179,3.7135000000000002,3.8206,3.9195,3.982,4.1204,4.2621,4.3224,4.3947,4.6256,4.7974000000000006,4.8592,4.9299,4.9907
42648:0.0142,0.0269,0.10840000000000001,0.1442,0.27490000000000003,0.2924,0.3395,0.3645,0.42110000000000003,0.449,0.48600000000000004,0.5117,0.549,0.6245,0.6538,0.7284,0.8094,0.864,0.9353,0.9504,1.085,1.1032,1.1739000000000002,1.2788000000000002,1.3489,1.3674000000000002,1.4736,1.5032,1.5453000000000001,1.5787,1.6364,1.7068,1.7895,1.8225,1.8631,1.9415,1.9706000000000001,2.0140000000000002,2.0528,2.1341,2.2152000000000003,2.2564,2.2727,2.3898,2.4225000000000003,2.4683,2.5027,2.5717000000000003,2.5921000000000003,2.6506000000000003,2.6767000000000003,2.6915,2.7244,2.8125,2.8413,2.9364000000000003,3.0392,3.0738000000000003,3.1132,3.1517,3.3089,3.4054,3.4615,3.471,3.5281000000000002,3.5775,3.6438,3.6656,3.7372,3.8124000000000002,3.8803,3.9208000000000003,3.9683,4.0383000000000004,4.1406,4.175,4.1966,4.2748,4.2959000000000005,4.3451,4.4596,4.605700000000001,4.639200000000001,4.6474,4.7335,4.7903,4.8173,4.8926,4.9231,4.9594000000000005
42850:0.0016,0.0088,0.025400000000000002,0.0261,0.0269,0.0322,0.0364,0.04,0.041,0.0441,0.044700000000000004,0.0599,0.0608,0.0698,0.08460000000000001,0.0969,0.10160000000000001,0.1023,0.1032,0.11520000000000001,0.1192,0.1227,0.1262,0.1307,0.14300000000000002,0.1443,0.1542,0.1645,0.1651,0.1718,0.1726,0.1778,0.17930000000000001,0.18530000000000002,0.2041,0.20500000000000002,0.2092,0.2111,0.2152,0.216,0.2202,0.23620000000000002,0.2421,0.24350000000000002,0.24710000000000001,0.2534,0.2541,0.2645,0.2684,0.2728,0.278,0.29500000000000004,0.3023,0.3037,0.3079,0.3199,0.3266,0.3397,0.3418,0.3466,0.34700000000000003,0.34800000000000003,0.3536,0.3633,0.3664,0.4056,0.40700000000000003,0.4224,0.4292,0.43670000000000003,0.46780000000000005,0.48100000000000004,0.48350000000000004,0.4848,0.4933,0.49460000000000004,0.49860000000000004,0.5094000000000001,0.518,0.5234,0.5283,0.5306000000000001,0.5379,0.54,0.5468000000000001,0.5519000000000001,0.56,0.5654,0.5710000000000001,0.5727,0.5755,0.5826,0.5926,0.5935,0.5959,0.6044,0.6048,0.6111,0.6149,0.6329,0.6451,0.6609,0.6659,0.6685,0.6697000000000001,0.6796,0.6890000000000001,0.7026,0.7044,0.7054,0.7149,0.7312000000000001,0.7339,0.7368,0.74,0.7566,0.7587,0.7603000000000001,0.7678,0.7838,0.7841,0.7845000000000001,0.7905000000000001,0.7949,0.8077000000000001,0.8226,0.8239000000000001,0.8378,0.8383,0.8499,0.8501000000000001,0.8505,0.8643000000000001,0.8722000000000001,0.873,0.8854000000000001,0.8883000000000001,0.8906000000000001,0.8925000000000001,0.8955000000000001,0.9088,0.9209,0.9253,0.9304,0.9353,0.9392,0.9429000000000001,0.9713,0.9840000000000001,1.006,1.0092,1.0151000000000001,1.0218,1.0226,1.0341,1.0383,1.0387,1.0395,1.0465,1.0483,1.0611000000000002,1.0634000000000001,1.0842,1.0898,1.0914000000000001,1.0952,1.0995000000000001,1.1069,1.1151,1.1371,1.1517,1.1773,1.1829,1.2075,1.2159,1.2196,1.2221,1.2288000000000001,1.2503,1.2514,1.2546000000000002,1.2571,1.2576,1.2674,1.2702,1.2744,1.2751000000000001,1.2846,1.2884,1.2895,1.2965,1.3069000000000002,1.3085,1.3149,1.3257,1.334,1.3346,1.3542,1.3558000000000001,1.3572,1.3603,1.3614000000000002,1.3634000000000002,1.367,1.3728,1.3760000000000001,1.3844,1.3901000000000001,1.3927,1.3957000000000002,1.3965,1.4007,1.4184,1.4201000000000001,1.4207,1.4217,1.4245,1.4251,1.4262000000000001,1.4298,1.4303000000000001,1.4405000000000001,1.4455,1.4464000000000001,1.4473,1.4538,1.4586000000000001,1.4847000000000001,1.4892,1.5147000000000002,1.5162,1.5289000000000001,1.5363,1.5366,1.5430000000000001,1.5487,1.5547,1.5571000000000002,1.5689000000000002,1.5852000000000002,1.5854000000000001,1.5857,1.5861,1.5999,1.6169,1.6345,1.635,1.6362,1.6406,1.6425,1.6452,1.6516000000000002,1.661,1.665,1.6656,1.6673,1.6742000000000001,1.675,1.6939000000000002,1.7144000000000001,1.7152,1.7178,1.7223000000000002,1.7291,1.748,1.7514,1.7653,1.7695,1.7832000000000001,1.7922,1.8012000000000001,1.802,1.8030000000000002,1.8266,1.8285,1.8289000000000002,1.8352000000000002,1.8458,1.8654000000000002,1.8757000000000001,1.8795000000000002,1.8912,1.8963,1.9081000000000001,1.9126,1.9140000000000001,1.9144,1.9224,1.9272,1.9318000000000002,1.9335,1.9385000000000001,1.9471,1.9618,1.9648,1.9674,1.9719,1.9795,1.9845000000000002,1.9882000000000002,1.9896,1.9996,2.0094000000000003,2.0115000000000003,2.0185,2.0415,2.0421,2.0423,2.0466,2.0503,2.0526,2.0597000000000003,2.06,2.0677000000000003,2.0837,2.0937,2.0978,2.0989,2.1069,2.1178,2.1223,2.1243000000000003,2.1249000000000002,2.1359,2.1415,2.1436,2.1503,2.1632000000000002,2.164,2.1739,2.1744,2.1772,2.1791,2.1797,2.1819,2.1828000000000003,2.1870000000000003,2.1904,2.204,2.2081,2.2091000000000003,2.2242,2.2327,2.2350000000000003,2.2403,2.2447,2.2654,2.2809,2.2966,2.2982,2.3023000000000002,2.3025,2.3197,2.322,2.3286000000000002,2.3512,2.3572,2.3647,2.3714,2.3771,2.3812,2.3929,2.4122,2.4134,2.4137,2.4272,2.4279,2.4402,2.4598,2.4728000000000003,2.4781,2.496,2.5024,2.5049,2.5065,2.5126,2.5181,2.5316,2.5705,2.5767,2.5796,2.5833,2.5845000000000002,2.5908,2.5935,2.6005000000000003,2.6009,2.603,2.6184000000000003,2.6239000000000003,2.6281000000000003,2.6295,2.6307,2.6365000000000003,2.6388000000000003,2.6423,2.6487000000000003,2.6616,2.676,2.6785,2.6797,2.6892,2.6902,2.7006,2.7012,2.7018,2.7052,2.7168,2.7296,2.7346,2.7432000000000003,2.7521,2.7525,2.7649,2.7666,2.7704,2.7867,2.8001,2.8008,2.8108,2.8124000000000002,2.8417000000000003,2.842,2.8449,2.8501000000000003,2.8537000000000003,2.8557,2.8642000000000003,2.8676,2.8739000000000003,2.8787000000000003,2.8818,2.883,2.9003,2.9067000000000003,2.9124000000000003,2.9141000000000004,2.9206000000000003,2.9247,2.9349000000000003,2.9539,2.9545000000000003,2.9547000000000003,2.964,2.9709000000000003,2.9742,2.9754,2.9779,2.9847,2.9877000000000002,2.9889,2.9906,2.9937,2.9951000000000003,3.0009,3.0011,3.0045,3.0189000000000004,3.0422000000000002,3.0448,3.0571,3.0585,3.0787,3.0832,3.0845000000000002,3.0852,3.0854000000000004,3.0865,3.0994,3.1081000000000003,3.1095,3.1141,3.1270000000000002,3.1274,3.1356,3.136,3.1399000000000004,3.1409000000000002,3.1511,3.1542000000000003,3.1564,3.1588000000000003,3.1630000000000003,3.1681000000000004,3.1734,3.1897,3.1950000000000003,3.1971000000000003,3.2012,3.2036000000000002,3.2064000000000004,3.2149,3.2187,3.2296,3.234,3.2454,3.2473,3.2642,3.2816,3.2845,3.2870000000000004,3.2880000000000003,3.2893000000000003,3.2906,3.297,3.2996000000000003,3.3029,3.3088,3.3133000000000004,3.3368,3.3389,3.3395,3.3555,3.361,3.3626,3.3799,3.3852,3.3923,3.4129,3.418,3.423,3.4244000000000003,3.4352,3.4448000000000003,3.4459,3.4530000000000003,3.4757000000000002,3.4774000000000003,3.483,3.4868,3.4909000000000003,3.5016000000000003,3.5211,3.5307,3.5386,3.5449,3.5514,3.5547,3.5625,3.5689,3.5691,3.5725000000000002,3.5838,3.5879000000000003,3.5882,3.5895,3.6002,3.6062000000000003,3.6066000000000003,3.6167000000000002,3.6198,3.6214,3.6525000000000003,3.6765000000000003,3.6774,3.6845000000000003,3.6877,3.6889000000000003,3.6912000000000003,3.7025,3.7027,3.7185,3.7267,3.7286,3.7391,3.7456,3.7483,3.7532,3.7672000000000003,3.7722,3.7725,3.7928,3.8037,3.8053000000000003,3.8108,3.813,3.8166,3.8251000000000004,3.8409,3.8472000000000004,3.8497000000000003,3.8712,3.8771,3.8835,3.8881,3.9035,3.9075,3.9103000000000003,3.9205,3.9233000000000002,3.9271000000000003,3.9330000000000003,3.9333,3.9368000000000003,3.9389000000000003,3.9436,3.9534000000000002,3.9572000000000003,3.9611,3.9695,3.9714,3.9748,3.9759,3.9779,3.9851,3.9893,3.9958,3.999,3.9993000000000003,4.0091,4.0102,4.0358,4.0360000000000005,4.0571,4.065300000000001,4.083600000000001,4.086,4.0921,4.094,4.0946,4.103400000000001,4.1043,4.1073,4.1147,4.1171,4.117900000000001,4.1361,4.1412,4.149,4.1654,4.1684,4.1708,4.1849,4.198,4.2012,4.2081,4.214300000000001,4.216600000000001,4.2172,4.2179,4.2432,4.252800000000001,4.2578000000000005,4.2765,4.278700000000001,4.2794,4.2834,4.2892,4.305000000000001,4.3081000000000005,4.3101,4.3209,4.3236,4.3267,4.3343,4.3439000000000005,4.3498,4.3504000000000005,4.3539,4.3601,4.3629,4.3738,4.385,4.4143,4.424300000000001,4.4321,4.4366,4.4383,4.4401,4.4421,4.4612,4.4664,4.4716000000000005,4.4857000000000005,4.4865,4.4872000000000005,4.4878,4.4882,4.4885,4.4897,4.492900000000001,4.4943,4.4957,4.5121,4.5174,4.5427,4.555000000000001,4.5583,4.5586,4.5679,4.569,4.5783000000000005,4.5817000000000005,4.5864,4.589300000000001,4.6014,4.6108,4.6126000000000005,4.6158,4.6242,4.6309000000000005,4.6315,4.6677,4.6846000000000005,4.6874,4.6888000000000005,4.6925,4.6948,4.7004,4.7039,4.7191,4.7206,4.7222,4.728000000000001,4.7451,4.7513000000000005,4.756200000000001,4.7596,4.7632,4.7638,4.7643,4.7698,4.7717,4.7743,4.775,4.7815,4.7855,4.792,4.7986,4.799,4.806900000000001,4.8152,4.8157000000000005,4.8218000000000005,4.8422,4.8513,4.8537,4.8762,4.8864,4.8885000000000005,4.891100000000001,4.8968,4.901400000000001,4.9166,4.9251000000000005,4.9308000000000005,4.9496,4.9535,4.9637,4.9641,4.9648,4.9683,4.973,4.9802,4.995,4.9966
42886:0.0059,0.0095,0.0179,0.0251,0.0292,0.031400000000000004,0.0398,0.048400000000000006,0.050300000000000004,0.0524,0.0601,0.0646,0.0673,0.0763,0.077,0.0889,0.0966,0.10110000000000001,0.1145,0.11660000000000001,0.1174,0.1293,0.138,0.13820000000000002,0.19260000000000002,0.20370000000000002,0.20470000000000002,0.20770000000000002,0.2111,0.21350000000000002,0.2257,0.2295,0.231,0.23290000000000002,0.2449,0.2601,0.269,0.275,0.2929,0.30010000000000003,0.34640000000000004,0.34940000000000004,0.3528,0.36060000000000003,0.3628,0.3634,0.37010000000000004,0.372,0.3875,0.3921,0.3951,0.3985,0.4047,0.4152,0.4203,0.432,0.44210000000000005,0.4434,0.4456,0.44720000000000004,0.4519,0.4535,0.45980000000000004,0.4612,0.4636,0.4736,0.4756,0.49470000000000003,0.5077,0.517,0.5373,0.5513,0.5573,0.5648000000000001,0.5783,0.5851000000000001,0.5918,0.6094,0.6156,0.62,0.6268,0.6281,0.6302,0.6376000000000001,0.643,0.6773,0.6897,0.6944,0.6947,0.6953,0.6965,0.7002,0.7014,0.7048,0.7081000000000001,0.7111000000000001,0.7144,0.7184,0.7224,0.7384000000000001,0.7505000000000001,0.7685000000000001,0.771,0.7856000000000001,0.7904,0.795,0.7962,0.7964,0.8106,0.8273,0.8320000000000001,0.8330000000000001,0.8333,0.8335,0.8399000000000001,0.8514,0.8537,0.8556,0.8786,0.8799,0.8871,0.9014000000000001,0.9353,0.9372,0.9408000000000001,0.9486,0.9536,0.9644,0.9690000000000001,0.9877,1.0056,1.0073,1.0173,1.0204,1.0276,1.0322,1.0461,1.0473000000000001,1.0506,1.0519,1.0541,1.0563,1.0598,1.0654000000000001,1.0693000000000001,1.0696,1.0805,1.0851,1.0947,1.1143,1.1205,1.1260000000000001,1.1506,1.1545,1.1655,1.1678,1.1714,1.1777,1.1803000000000001,1.1835,1.1874,1.1916,1.2021000000000002,1.2051,1.2105000000000001,1.2172,1.2315,1.2475,1.2502,1.2517,1.2530000000000001,1.2659,1.2666000000000002,1.2689000000000001,1.2696,1.2739,1.2743,1.2763,1.2862,1.2927,1.2955,1.2969000000000002,1.2997,1.3027,1.3038,1.3053000000000001,1.3073000000000001,1.3114000000000001,1.3117,1.3144,1.3181,1.3206,1.3244,1.3251000000000002,1.3253000000000001,1.3331000000000002,1.334,1.3388,1.3515000000000001,1.3531,1.3589,1.3613,1.3771,1.3791,1.3811,1.3927,1.4038000000000002,1.4213,1.4228,1.4282000000000001,1.4386,1.4425000000000001,1.4527,1.4708,1.4712,1.4735,1.475,1.4984000000000002,1.4989000000000001,1.5021,1.5025000000000002,1.5065000000000002,1.5067000000000002,1.5105000000000002,1.5148000000000001,1.5207000000000002,1.5271000000000001,1.5311000000000001,1.5319,1.5475,1.5562,1.5626,1.5770000000000002,1.5810000000000002,1.5887,1.5974000000000002,1.5995000000000001,1.6033000000000002,1.6071,1.6153000000000002,1.6179000000000001,1.6275000000000002,1.6543,1.6677000000000002,1.6753,1.6771,1.6809,1.6921000000000002,1.6947,1.7041000000000002,1.7044000000000001,1.7067,1.7082000000000002,1.7085000000000001,1.7122000000000002,1.7275,1.7331,1.7347000000000001,1.7349,1.7518,1.7770000000000001,1.7917,1.7963,1.7972000000000001,1.8112000000000001,1.8155000000000001,1.8191000000000002,1.8198,1.8206,1.8221,1.8303,1.8425,1.8539,1.857,1.8673000000000002,1.8714000000000002,1.8774000000000002,1.8803,1.8809,1.8855000000000002,1.8905,1.8991,1.8996000000000002,1.9031,1.9058000000000002,1.9079000000000002,1.9142000000000001,1.9257000000000002,1.9325,1.939,1.953,1.9533,1.9542000000000002,1.9563000000000001,1.9587,1.9595,1.9606000000000001,1.9677,1.9689,1.9738,1.9747000000000001,1.9779,1.9822000000000002,1.9938,2.0095,2.0098000000000003,2.0152,2.0194,2.0199000000000003,2.0237000000000003,2.035,2.0364,2.0407,2.0415,2.0447,2.0528,2.0648,2.0738000000000003,2.0779,2.0797,2.084,2.0938,2.0956,2.0962,2.0979,2.1141,2.1157,2.1192,2.1265,2.1275,2.1324,2.1373,2.1408,2.1484,2.1492,2.1516,2.172,2.1746000000000003,2.1866000000000003,2.1929000000000003,2.2135000000000002,2.2149,2.2172,2.2233,2.2310000000000003,2.2461,2.2529,2.2579000000000002,2.2767,2.2874000000000003,2.2885,2.2993,2.3074,2.3231,2.3259000000000003,2.3265000000000002,2.3412,2.3429,2.3455,2.3466,2.3509,2.3541000000000003,2.3576,2.3778,2.3842000000000003,2.3894,2.398,2.3982,2.4002000000000003,2.4034,2.408,2.4474,2.4594,2.4616000000000002,2.4649,2.4837000000000002,2.4864,2.4913000000000003,2.5006,2.5102,2.5166,2.5322,2.5396,2.5401000000000002,2.555,2.5552,2.5559000000000003,2.5596,2.5624000000000002,2.5664000000000002,2.5743,2.5769,2.5902000000000003,2.5948,2.5976,2.6089,2.6294,2.6424000000000003,2.6451000000000002,2.649,2.665,2.6718,2.6933000000000002,2.7077,2.7111,2.7226,2.7421,2.7494,2.7552000000000003,2.7601,2.765,2.7671,2.7776,2.7796000000000003,2.7946,2.8201,2.8224,2.8271,2.8406000000000002,2.8498,2.869,2.8737,2.8796,2.8892,2.89,2.8984,2.9101000000000004,2.9210000000000003,2.9248000000000003,2.9277,2.9425000000000003,2.9446000000000003,2.9490000000000003,2.9609,2.9853,2.9868,2.9896000000000003,2.9926,2.9928000000000003,3.0112,3.0121,3.0124,3.0164,3.0231000000000003,3.0278,3.0311000000000003,3.0408,3.0416000000000003,3.0457,3.0495,3.0500000000000003,3.0586,3.0643000000000002,3.0659,3.0726,3.0767,3.0808,3.0900000000000003,3.0919000000000003,3.0937,3.1031,3.1075,3.1153,3.1173,3.1205000000000003,3.1224000000000003,3.1408,3.1424000000000003,3.1457,3.1459,3.1509,3.1561000000000003,3.1725000000000003,3.1786000000000003,3.1814,3.1978,3.2074000000000003,3.2194000000000003,3.222,3.2241,3.2286,3.2326,3.2347,3.2558000000000002,3.257,3.2601,3.2654,3.2867,3.2998000000000003,3.3015000000000003,3.3043,3.3160000000000003,3.3215000000000003,3.3581000000000003,3.3647,3.3867000000000003,3.4013,3.4053,3.4093,3.4183000000000003,3.4277,3.4351000000000003,3.4452000000000003,3.4518,3.4541,3.4627000000000003,3.4648000000000003,3.4777,3.4831000000000003,3.4876,3.4889,3.4972000000000003,3.5010000000000003,3.5016000000000003,3.5039000000000002,3.5166,3.5198,3.5221,3.5231000000000003,3.5259,3.5326,3.5395000000000003,3.54,3.5429000000000004,3.5463,3.5525,3.5612000000000004,3.5622000000000003,3.5669,3.5895,3.5938000000000003,3.5944000000000003,3.5984000000000003,3.6199000000000003,3.6321000000000003,3.6388000000000003,3.6430000000000002,3.6432,3.6488,3.6563000000000003,3.6645000000000003,3.6668000000000003,3.6767000000000003,3.6814,3.7007000000000003,3.7011000000000003,3.7030000000000003,3.7082,3.71,3.7129000000000003,3.7146000000000003,3.7186000000000003,3.7391,3.7536,3.7585,3.7609000000000004,3.7616,3.762,3.7648,3.7836000000000003,3.8018,3.8034000000000003,3.8061000000000003,3.8065,3.8291000000000004,3.8352000000000004,3.8393,3.8414,3.8453000000000004,3.8564000000000003,3.8572,3.8588,3.8631,3.8633,3.8735000000000004,3.8741000000000003,3.8772,3.8782,3.8899000000000004,3.911,3.9170000000000003,3.919,3.9432,3.9724000000000004,3.9788,3.9839,3.9929,4.0067,4.0092,4.011,4.013,4.0148,4.015000000000001,4.0172,4.0231,4.0235,4.0374,4.0464,4.0635,4.0638000000000005,4.0698,4.0799,4.0852,4.0865,4.0903,4.0908,4.0913,4.0965,4.1014,4.1054,4.1192,4.1206000000000005,4.1235,4.1399,4.1538,4.1591000000000005,4.1655,4.1662,4.1732000000000005,4.1917,4.1936,4.197,4.1999,4.206300000000001,4.222700000000001,4.231,4.2421,4.2426,4.2518,4.252800000000001,4.2539,4.2565,4.2581,4.2629,4.2648,4.2792,4.2853,4.2877,4.3224,4.330900000000001,4.3312,4.3339,4.338,4.343500000000001,4.3648,4.3711,4.3758,4.3772,4.4084,4.4116,4.427700000000001,4.4279,4.4406,4.4411000000000005,4.4489,4.452500000000001,4.4551,4.4616,4.4636000000000005,4.4702,4.4743,4.4750000000000005,4.478400000000001,4.4787,4.4832,4.4851,4.5,4.5125,4.5155,4.5339,4.542,4.5423,4.5449,4.552700000000001,4.5553,4.5658,4.5725,4.577100000000001,4.5797,4.585100000000001,4.5979,4.599200000000001,4.6025,4.603800000000001,4.6048,4.606,4.6357,4.6407,4.6469000000000005,4.6494,4.6551,4.6610000000000005,4.6624,4.6769,4.6797,4.6959,4.7054,4.7148,4.7189000000000005,4.726100000000001,4.7279,4.735,4.736000000000001,4.7457,4.7518,4.7593000000000005,4.7612000000000005,4.7663,4.7795000000000005,4.7817,4.7821,4.7878,4.790500000000001,4.8264000000000005,4.839700000000001,4.8399,4.8442,4.8457,4.8491,4.8506,4.8524,4.8555,4.8617,4.8647,4.8929,4.8937,4.9078,4.9087000000000005,4.9099,4.915,4.9227,4.9278,4.940300000000001,4.9452,4.9618,4.9715,4.9731000000000005,4.9857000000000005,4.9928,4.9947,4.9968,4.9992
42964:0.0184,0.0625,0.08020000000000001,0.10930000000000001,0.1335,0.1641,0.2036,0.22130000000000002,0.2409,0.25570000000000004,0.2831,0.30210000000000004,0.3356,0.3531,0.392,0.4263,0.448,0.48310000000000003,0.5187,0.5373,0.5801000000000001,0.598,0.6185,0.6489,0.6758000000000001,0.7146,0.7396,0.7642,0.7852,0.8103,0.8274,0.8603000000000001,0.8758,0.898,0.9328000000000001,0.9532,0.9749000000000001,0.993,1.0161,1.06,1.0909,1.1147,1.1425,1.1629,1.1967,1.22,1.2529000000000001,1.2753,1.2965,1.3199,1.3478,1.3762,1.4058000000000002,1.4259000000000002,1.4508,1.4782000000000002,1.5016,1.5296,1.5719,1.6035000000000001,1.629,1.6679000000000002,1.6964000000000001,1.7232,1.7513,1.7847000000000002,1.8123,1.8455000000000001,1.868,1.8907,1.9159000000000002,1.9326,1.9702000000000002,1.9958,2.0152,2.0367,2.0727,2.097,2.1211,2.152,2.1776,2.1915,2.212,2.2284,2.2418,2.2636000000000003,2.2895000000000003,2.3171,2.3440000000000003,2.3823000000000003,2.4092000000000002,2.4294000000000002,2.4575,2.487,2.5055,2.5326,2.5766,2.5984000000000003,2.6232,2.6504000000000003,2.6917,2.7192000000000003,2.7388000000000003,2.7597,2.7905,2.8163,2.8414,2.8664,2.9006000000000003,2.9252000000000002,2.9458,2.9672,2.979,3.0119000000000002,3.0325,3.0524,3.0715000000000003,3.0844,3.1033,3.1166,3.1342000000000003,3.1685000000000003,3.1895000000000002,3.2128,3.2377000000000002,3.2663,3.2918000000000003,3.3120000000000003,3.3318000000000003,3.3520000000000003,3.3784,3.4074,3.4338,3.4591000000000003,3.4788,3.511,3.5294000000000003,3.5643000000000002,3.5949,3.6318,3.6663,3.6813000000000002,3.7054,3.738,3.7689000000000004,3.7910000000000004,3.8161,3.8412,3.8755,3.8994,3.9134,3.9325,3.9687,3.9923,4.0176,4.0405,4.0756000000000006,4.111800000000001,4.1426,4.1764,4.199800000000001,4.2196,4.268800000000001,4.312,4.330900000000001,4.3607000000000005,4.3749,4.4042,4.4252,4.4614,4.4815000000000005,4.4956000000000005,4.5307,4.5558000000000005,4.5827,4.612,4.6346,4.659,4.6799,4.6989,4.722300000000001,4.7414000000000005,4.782500000000001,4.813000000000001,4.837000000000001,4.8543,4.879300000000001,4.9133000000000004,4.937,4.970000000000001,4.992
43619:0.0635,0.8895000000000001,1.0626,1.3123,2.041,2.1359,2.5024,2.5671,3.5545,3.8504,4.0286,4.0884,4.2851,4.4754000000000005
43978:0.018000000000000002,0.0444,0.064,0.0816,0.0956,0.11120000000000001,0.12340000000000001,0.1376,0.1577,0.18150000000000002,0.19870000000000002,0.2154,0.23270000000000002,0.2479,0.2722,0.2911,0.3047,0.32480000000000003,0.33890000000000003,0.3589,0.37920000000000004,0.3927,0.41000000000000003,0.42560000000000003,0.442,0.4602,0.48760000000000003,0.5003000000000001,0.5227,0.5461,0.5666,0.5828,0.6011000000000001,0.6251,0.6387,0.6548,0.6744,0.6965,0.7116,0.7306,0.7544000000000001,0.7781,0.8029000000000001,0.8248000000000001,0.8507,0.8726,0.8888,0.8999,0.9133,0.9247000000000001,0.9406,0.9516,0.9757,0.9961000000000001,1.0219,1.0373,1.052,1.0648,1.0775000000000001,1.0968,1.1104,1.1249,1.1384,1.1480000000000001,1.1599000000000002,1.1791,1.207,1.2235,1.243,1.2572,1.2799,1.2966,1.3107,1.3224,1.3288,1.3426,1.364,1.3745,1.3915,1.4068,1.4226,1.4422000000000001,1.4603000000000002,1.4796,1.4895,1.5092,1.5407000000000002,1.5596,1.5793000000000001,1.6001,1.616,1.6400000000000001,1.6615,1.6748,1.6918,1.711,1.7255,1.7442,1.7590000000000001,1.7728000000000002,1.7901,1.8072000000000001,1.8269000000000002,1.8443,1.8626,1.8852,1.8983,1.9151,1.9409,1.9636,1.9851,2.0083,2.0281000000000002,2.0416000000000003,2.0552,2.0748,2.0952,2.1141,2.1317,2.1519,2.1712000000000002,2.188,2.2122,2.2237,2.2326,2.2516000000000003,2.2685,2.2894,2.3087,2.3371,2.3566000000000003,2.3794,2.3919,2.4048000000000003,2.4211,2.4328000000000003,2.4546,2.4666,2.4803,2.4941,2.5050000000000003,2.5259,2.5389,2.5552,2.569,2.5903,2.6041000000000003,2.623,2.6391,2.6587,2.6795,2.7031,2.7222,2.74,2.7590000000000003,2.7727,2.7893000000000003,2.8037,2.8222,2.8342,2.8509,2.8714,2.8817,2.8979,2.9170000000000003,2.9443,2.9591000000000003,2.9721,2.9935,3.0156,3.0348,3.0525,3.0666,3.0869,3.1018000000000003,3.1148000000000002,3.1366,3.1543,3.1727000000000003,3.1941,3.2149,3.2331000000000003,3.2543,3.2761,3.2936,3.3039,3.3262,3.3528000000000002,3.3646000000000003,3.3797,3.3984,3.4175,3.4370000000000003,3.4584,3.4704,3.4823,3.4997000000000003,3.5178000000000003,3.5341,3.5503,3.5678,3.5954,3.6075000000000004,3.6278,3.6378000000000004,3.6586000000000003,3.6766,3.6983,3.7177000000000002,3.7377000000000002,3.7489000000000003,3.7617000000000003,3.7729000000000004,3.7977000000000003,3.8187,3.8372,3.8523,3.8663000000000003,3.8832,3.9004000000000003,3.9139000000000004,3.9432,3.9631000000000003,3.9781,3.9925,4.0143,4.0309,4.0516000000000005,4.0719,4.0909,4.113300000000001,4.135400000000001,4.1532,4.1723,4.1942,4.2118,4.226,4.244800000000001,4.2629,4.2857,4.314900000000001,4.3398,4.3545,4.3746,4.3867,4.4125000000000005,4.425,4.4398,4.4533000000000005,4.4653,4.4774,4.4941,4.5120000000000005,4.526,4.5438,4.560700000000001,4.5772,4.5905000000000005,4.613300000000001,4.6271,4.6478,4.6634,4.6854000000000005,4.7134,4.7250000000000005,4.7437000000000005,4.7648,4.785,4.8058000000000005,4.8177,4.835100000000001,4.851500000000001,4.8687000000000005,4.8939,4.9165,4.9317,4.9432,4.9652,4.9866
44018:0.21830000000000002,0.3541,0.4072,0.4708,0.6379,0.7696000000000001,0.8626,0.9378000000000001,1.0473000000000001,1.2128,1.3713,1.5656,1.7374,1.8105,1.9614,2.5033000000000003,2.6221,3.0835000000000004,3.1314,3.1658,3.5128000000000004,3.6047000000000002,3.8189,3.926,4.0563,4.2732,4.315,4.5613,4.6301000000000005
45064:0.9962000000000001,1.3545,1.5529000000000002,3.7486,4.1586,4.375,4.6366000000000005
45143:0.0179,0.0425,0.08800000000000001,0.127,0.1411,0.1802,0.2011,0.2189,0.23650000000000002,0.2627,0.29610000000000003,0.3402,0.3554,0.4017,0.43,0.4582,0.4721,0.5114000000000001,0.5673,0.5849,0.6654,0.7180000000000001,0.7421,0.7872,0.8138000000000001,0.8287,0.8596,0.9289000000000001,0.9491,1.0028000000000001,1.0417,1.0785,1.1157000000000001,1.1385,1.2378,1.2539,1.2709000000000001,1.2842,1.3135000000000001,1.3241,1.3493000000000002,1.3655000000000002,1.3985,1.4117000000000002,1.4474,1.4675,1.5045000000000002,1.5447000000000002,1.5641,1.6034000000000002,1.6183,1.6489,1.6745,1.7268000000000001,1.7492,1.7841,1.8543,1.8702,1.8991,1.9173,1.9431,1.9623000000000002,1.9876,2.0445,2.0807,2.0963000000000003,2.1375,2.1613,2.1879,2.2172,2.2414,2.2675,2.2993,2.4093,2.426,2.4579,2.4985,2.5176000000000003,2.5563000000000002,2.5902000000000003,2.5996,2.6288,2.6515,2.6783,2.7002,2.7305,2.7444,2.7678000000000003,2.7869,2.8248,2.8557,2.8696,2.8942,2.9243,2.9894000000000003,3.0046,3.0449,3.0964,3.1268000000000002,3.1702000000000004,3.2002,3.2212,3.2750000000000004,3.3160000000000003,3.3473,3.3612,3.3791,3.4597,3.4793000000000003,3.5054000000000003,3.54,3.5632,3.5921000000000003,3.6223,3.6951,3.7111,3.7555,3.782,3.8079,3.8283,3.8639,3.9039,3.9239,3.9465000000000003,3.9683,3.9861,4.0271,4.0597,4.0943000000000005,4.1174,4.1449,4.1601,4.2127,4.2273000000000005,4.2557,4.2999,4.3223,4.3487,4.3676,4.4108,4.439,4.4708000000000006,4.4899000000000004,4.5083,4.5464,4.5920000000000005,4.607,4.6366000000000005,4.6511000000000005,4.6744,4.7006000000000006,4.7653,4.7864,4.808400000000001,4.8239,4.8523000000000005,4.861800000000001,4.905600000000001,4.9314,4.9964
46038:0.0158,0.0613,0.077,0.15810000000000002,0.21180000000000002,0.2928,0.34140000000000004,0.3902,0.4118,0.4282,0.4486,0.4917,0.545,0.5607,0.5833,0.6274000000000001,0.8228000000000001,0.8738,0.8916000000000001,0.9782000000000001,1.0397,1.0861,1.1128,1.1561000000000001,1.2117,1.2386000000000001,1.2656,1.2853,1.3192000000000002,1.3871,1.4189,1.4828000000000001,1.5309000000000001,1.5450000000000002,1.6083,1.6672,1.7519,1.8276000000000001,1.9467,1.9691,1.9907000000000001,2.0362,2.1127000000000002,2.1795,2.2451000000000003,2.3386,2.4061,2.4306,2.4569,2.4762,2.5295,2.5963000000000003,2.6426000000000003,2.7245,2.8098,2.8319,2.8849,2.9045,2.9507000000000003,2.9958,3.0489,3.1155,3.2091000000000003,3.2472000000000003,3.3081,3.3405,3.3889,3.456,3.4704,3.5122,3.5448,3.5898000000000003,3.6276,3.6564,3.6852,3.7081000000000004,3.7228000000000003,3.7613000000000003,3.8452,4.0004,4.019,4.0354,4.069,4.101100000000001,4.1379,4.1677,4.224200000000001,4.2891,4.3125,4.3907,4.4844,4.536700000000001,4.5738,4.6074,4.649900000000001,4.6930000000000005,4.7748,4.819,4.8777,4.9671
46071:0.9537
46146:0.0021000000000000003,0.0024000000000000002,0.004200000000000001,0.0102,0.024800000000000003,0.031900000000000005,0.0324,0.036500000000000005,0.0383,0.0391,0.0563,0.06470000000000001,0.0834,0.0863,0.08650000000000001,0.08750000000000001,0.0889,0.1013,0.1077,0.10830000000000001,0.1165,0.14650000000000002,0.14980000000000002,0.15030000000000002,0.1839,0.1877,0.21180000000000002,0.2316,0.2328,0.2489,0.2624,0.2656,0.2751,0.277,0.2775,0.2811,0.2892,0.2897,0.29510000000000003,0.2992,0.2998,0.3084,0.3088,0.31370000000000003,0.32430000000000003,0.3305,0.33680000000000004,0.338,0.3478,0.3554,0.36150000000000004,0.36250000000000004,0.3634,0.3645,0.37210000000000004,0.38270000000000004,0.38670000000000004,0.38820000000000005,0.3961,0.39740000000000003,0.39880000000000004,0.4063,0.4076,0.40800000000000003,0.4204,0.45030000000000003,0.4661,0.47750000000000004,0.4884,0.4924,0.4973,0.5011,0.502,0.5086,0.5088,0.5148,0.5211,0.5221,0.5255000000000001,0.5411,0.5568000000000001,0.5573,0.5656,0.5674,0.5727,0.5911000000000001,0.5922000000000001,0.5937,0.5976,0.6181,0.6265000000000001,0.6271,0.6386000000000001,0.6413,0.6574,0.6704,0.671,0.6721,0.6901,0.6984,0.7052,0.7079000000000001,0.7162000000000001,0.7201000000000001,0.7214,0.7217,0.7258,0.732,0.7377,0.7467,0.7493000000000001,0.7497,0.752,0.7667,0.7819,0.7829,0.7862,0.7981,0.803,0.8116,0.8249000000000001,0.8294,0.8386,0.8471000000000001,0.8599,0.8718,0.8967,0.8989,0.9022,0.907,0.9104000000000001,0.92,0.9213,0.9334,0.9389000000000001,0.9638000000000001,0.9860000000000001,0.9867,1.004,1.0278,1.0424,1.0555,1.0564,1.0581,1.0586,1.0657,1.0741,1.0771,1.0792000000000002,1.0867,1.0874000000000001,1.0912,1.0918,1.0967,1.1001,1.1371,1.1446,1.1455,1.1567,1.1600000000000001,1.1609,1.1629,1.1641000000000001,1.1663000000000001,1.1763000000000001,1.1883000000000001,1.1962000000000002,1.1968,1.2144000000000001,1.2166000000000001,1.2333,1.2348000000000001,1.2367000000000001,1.2474,1.2483,1.2738,1.2782,1.2941,1.2977,1.3012000000000001,1.3067,1.3233000000000001,1.3322,1.3416000000000001,1.3471,1.3501,1.3545,1.361,1.3629,1.3665,1.3709,1.3774,1.3804,1.3861,1.3881000000000001,1.3885,1.3917000000000002,1.4000000000000001,1.4221000000000001,1.4358,1.4407,1.4480000000000002,1.4492,1.4527,1.4615,1.4654,1.4733,1.4735,1.476,1.4816,1.4825000000000002,1.4828000000000001,1.4934,1.5024000000000002,1.5077,1.5170000000000001,1.5315,1.5343,1.5382,1.5398,1.5431000000000001,1.5497,1.5554000000000001,1.5617,1.566,1.5738,1.5749,1.5908,1.5923,1.5955000000000001,1.5974000000000002,1.605,1.6053000000000002,1.6128,1.6138000000000001,1.6153000000000002,1.616,1.6366,1.6439000000000001,1.6458000000000002,1.6548,1.6579000000000002,1.661,1.6617000000000002,1.6717000000000002,1.6885000000000001,1.6974,1.7015,1.7087,1.7287000000000001,1.729,1.736,1.7565000000000002,1.7754,1.7896,1.7912000000000001,1.7918,1.7967000000000002,1.7972000000000001,1.8009000000000002,1.802,1.8076,1.8117,1.8172000000000001,1.8222,1.8324,1.8328,1.8361,1.8415000000000001,1.8476000000000001,1.8516000000000001,1.8596000000000001,1.8796000000000002,1.8879000000000001,1.8933,1.9007,1.9032,1.9091,1.9095000000000002,1.9120000000000001,1.9126,1.9147,1.9261000000000001,1.9276000000000002,1.9364000000000001,1.9537,1.9594,1.9756,1.9786000000000001,1.9821000000000002,2.0003,2.0142,2.0208,2.0318,2.0374,2.0408,2.0654,2.0712,2.088,2.0926,2.0971,2.1062000000000003,2.1072,2.1158,2.1304000000000003,2.1314,2.1399,2.1485000000000003,2.149,2.1504000000000003,2.1519,2.156,2.1791,2.1918,2.192,2.2038,2.2043,2.2063,2.2175000000000002,2.2203,2.2251000000000003,2.2319,2.2337000000000002,2.2396000000000003,2.2477,2.2512000000000003,2.2598000000000003,2.2605,2.2659000000000002,2.2755,2.2802000000000002,2.2806,2.2867,2.2911,2.3032,2.3135,2.3314,2.3366000000000002,2.341,2.3434,2.3476,2.3644000000000003,2.3694,2.3941,2.4009,2.4014,2.4037,2.4065000000000003,2.4134,2.4224,2.43,2.4444,2.4576000000000002,2.4603,2.4636,2.4638,2.4713000000000003,2.4726,2.4997000000000003,2.5065,2.5161000000000002,2.541,2.5443000000000002,2.5485,2.5516,2.5524,2.5565,2.5803000000000003,2.6056,2.6123000000000003,2.6133,2.6138000000000003,2.6147,2.6189,2.6283000000000003,2.6431,2.6558,2.6567000000000003,2.664,2.6739,2.6838,2.685,2.6956,2.6967000000000003,2.7133000000000003,2.7211000000000003,2.7395,2.7409000000000003,2.7421,2.7476000000000003,2.7495000000000003,2.7586,2.7595,2.7616,2.7623,2.7653000000000003,2.7800000000000002,2.7833,2.7922000000000002,2.7961,2.7966,2.8153,2.8193,2.8240000000000003,2.8286000000000002,2.8299000000000003,2.8301000000000003,2.8373,2.8622,2.8659000000000003,2.8673,2.8715,2.8811,2.8899000000000004,2.8977,2.9047,2.9061000000000003,2.9112,2.9209,2.9283,2.9639,2.9806000000000004,2.9829000000000003,2.9848000000000003,2.9851,2.9922,3.0051,3.0054000000000003,3.0163,3.0183,3.0352,3.0622000000000003,3.0639000000000003,3.0658000000000003,3.0716,3.0718,3.0741,3.0786000000000002,3.0794,3.0805000000000002,3.0844,3.0941,3.0959000000000003,3.0962,3.0983,3.1039000000000003,3.1089,3.1181,3.1277000000000004,3.1282,3.1294,3.1327000000000003,3.1503,3.1523000000000003,3.1537,3.1586000000000003,3.1670000000000003,3.1815,3.1871,3.1882,3.2082,3.2099,3.2101,3.2128,3.2199,3.2268000000000003,3.2466000000000004,3.2722,3.2744,3.2821000000000002,3.2835,3.2947,3.2998000000000003,3.3041,3.3072000000000004,3.3077,3.3164000000000002,3.3186,3.3205,3.3238000000000003,3.3365,3.3480000000000003,3.3572,3.3711,3.3744,3.3769,3.3783000000000003,3.3851,3.3901000000000003,3.3930000000000002,3.4033,3.4081,3.4096,3.4223000000000003,3.4285,3.4323,3.4337,3.4374000000000002,3.4425000000000003,3.451,3.4563,3.4609,3.4691,3.4696000000000002,3.4708,3.4736000000000002,3.4803,3.487,3.4904,3.4986,3.499,3.4999000000000002,3.5143,3.516,3.5235000000000003,3.5301,3.5357000000000003,3.5376000000000003,3.5391000000000004,3.5765000000000002,3.5768,3.5827,3.5879000000000003,3.5959000000000003,3.6035000000000004,3.609,3.62,3.6284,3.6295,3.6349,3.6414,3.6422000000000003,3.6435,3.6471,3.652,3.6569000000000003,3.6601000000000004,3.6663,3.6729000000000003,3.6745,3.6900000000000004,3.7009000000000003,3.7042,3.708,3.7109,3.7173000000000003,3.7181,3.7235,3.7353,3.7441,3.7807000000000004,3.7978,3.7999,3.8006,3.8042000000000002,3.8241,3.8256,3.8281,3.8407,3.8426,3.8525,3.854,3.859,3.8884000000000003,3.8886000000000003,3.8892,3.8916000000000004,3.9011,3.9163,3.9200000000000004,3.9306,3.9464,3.9495,3.9516,3.9519,3.9569,3.9657,3.9668,3.9708,3.9721,3.9758,3.99,3.9913000000000003,3.9916,4.0223,4.0251,4.0321,4.0425,4.0446,4.0474000000000006,4.0494,4.0572,4.0606,4.0621,4.0680000000000005,4.0779000000000005,4.080900000000001,4.0913,4.1054,4.1073,4.1093,4.1178,4.1186,4.1242,4.1435,4.1496,4.1513,4.1649,4.167,4.1677,4.168,4.168200000000001,4.1687,4.1728000000000005,4.1748,4.1859,4.2043,4.2094000000000005,4.2215,4.2287,4.2410000000000005,4.2534,4.257000000000001,4.2687,4.2883000000000004,4.2976,4.2978000000000005,4.2997000000000005,4.3067,4.3086,4.3128,4.3241000000000005,4.3352,4.3434,4.3521,4.3601,4.3617,4.367,4.3693,4.3786000000000005,4.3837,4.4131,4.415,4.4161,4.418200000000001,4.4237,4.4273,4.4324,4.4348,4.436100000000001,4.4378,4.4416,4.4438,4.462400000000001,4.4654,4.4726,4.4832,4.4872000000000005,4.4884,4.4931,4.5129,4.515000000000001,4.5293,4.5317,4.5358,4.548,4.5482000000000005,4.5507,4.5595,4.561,4.565,4.5692,4.5721,4.5876,4.5902,4.5953,4.5967,4.6027000000000005,4.6059,4.6131,4.619400000000001,4.6271,4.6304,4.6366000000000005,4.6395,4.6498,4.6512,4.6539,4.6712,4.6753,4.6778,4.681,4.6939,4.6962,4.7171,4.7208000000000006,4.7235000000000005,4.7239,4.7287,4.7309,4.7638,4.7743,4.7809,4.7815,4.7832,4.7878,4.7962,4.7982000000000005,4.807300000000001,4.8109,4.827100000000001,4.8343,4.8391,4.855,4.8612,4.863700000000001,4.8707,4.881,4.8994,4.9,4.9101,4.9157,4.9164,4.9171000000000005,4.9176,4.9195,4.9218,4.9225,4.9242,4.9245,4.9269,4.939900000000001,4.9406,4.9439,4.944500000000001,4.9457,4.9534,4.9556000000000004,4.967700000000001,4.968100000000001,4.9722,4.9804,4.9814,4.9881,4.9937000000000005
46248:0.044500000000000005,0.5618000000000001,0.7692,0.8482000000000001,1.2433,1.3513000000000002,1.4095,1.5113,1.7823,1.9321000000000002,2.3753,2.5397000000000003,2.6043000000000003,2.7393,3.1374,3.2135000000000002,3.2840000000000003,3.3966000000000003,3.4884,4.0006,4.2472,4.4909,4.7041,4.8256000000000006
47110:0.11120000000000001,0.15810000000000002,0.21380000000000002,0.2627,0.4142,0.4832,0.6735,0.7548,0.8762000000000001,0.9147000000000001,0.9469000000000001,1.1214,1.2576,1.3397000000000001,1.5464,1.667,1.8039,1.8389,1.9048,1.9436,2.1531000000000002,2.1973000000000003,2.2805,2.4145000000000003,2.4614000000000003,2.5185,2.5731,2.6337,2.6816,2.7112000000000003,2.7878000000000003,2.8782,3.0032,3.3996,3.4486000000000003,3.5216000000000003,3.6158,3.6751,3.7387,3.8785000000000003,4.0968,4.1645,4.3571,4.4484,4.567,4.6294,4.800400000000001,4.933
47118:2.8687
47410:2.8368
47583:0.0059,0.020300000000000002,0.0341,0.0383,0.0396,0.0405,0.048400000000000006,0.051300000000000005,0.0531,0.0553,0.0637,0.0644,0.0733,0.07490000000000001,0.0762,0.078,0.0879,0.0932,0.1024,0.1062,0.1342,0.1356,0.1375,0.1574,0.15860000000000002,0.16,0.1714,0.18080000000000002,0.18380000000000002,0.18530000000000002,0.18660000000000002,0.19,0.1998,0.2,0.20470000000000002,0.2142,0.221,0.23090000000000002,0.2353,0.23670000000000002,0.2412,0.2426,0.25370000000000004,0.25930000000000003,0.2649,0.2723,0.2837,0.2921,0.29450000000000004,0.2947,0.2957,0.3093,0.31970000000000004,0.3205,0.3267,0.3297,0.33430000000000004,0.3473,0.3552,0.3693,0.375,0.38530000000000003,0.3936,0.4032,0.4177,0.4385,0.4466,0.456,0.45890000000000003,0.4612,0.47250000000000003,0.48800000000000004,0.4954,0.5082,0.5116,0.5152,0.5155000000000001,0.5213,0.5244,0.5387000000000001,0.5491,0.5547000000000001,0.5677,0.5743,0.5766,0.5827,0.5861000000000001,0.5955,0.6016,0.6045,0.6079,0.6123000000000001,0.6363,0.6469,0.6538,0.6593,0.66,0.6792,0.6859000000000001,0.6882,0.6918000000000001,0.7090000000000001,0.7119000000000001,0.7122,0.7216,0.7285,0.7291000000000001,0.7412000000000001,0.7457,0.7721,0.7752,0.7801,0.805,0.8092,0.812,0.8133,0.8223,0.8304,0.8433,0.8481000000000001,0.8551000000000001,0.8629,0.8652000000000001,0.8666,0.8682000000000001,0.8692000000000001,0.8751,0.8753000000000001,0.8762000000000001,0.8824000000000001,0.8826,0.8847,0.8939,0.9075000000000001,0.9306000000000001,0.933,0.936,0.9501000000000001,0.9615,0.9768,0.9778,0.9820000000000001,0.9831000000000001,0.9857,0.9944000000000001,0.9946,0.998,1.0074,1.0101,1.0153,1.0175,1.022,1.0276,1.0357,1.0402,1.0405,1.0528,1.0535,1.0552000000000001,1.0683,1.073,1.0735000000000001,1.0788,1.0859,1.0864,1.0947,1.1079,1.1117000000000001,1.1208,1.1237000000000001,1.1265,1.1276000000000002,1.1376,1.1441000000000001,1.1460000000000001,1.1471,1.1552,1.1668,1.2067,1.2093,1.2215,1.2268000000000001,1.2418,1.2489000000000001,1.2503,1.2625,1.2675,1.2849000000000002,1.2964,1.2988,1.2991000000000001,1.3108,1.3131000000000002,1.3168,1.3176,1.3259,1.336,1.337,1.3373000000000002,1.3376000000000001,1.3412000000000002,1.3438,1.3583,1.3642,1.3655000000000002,1.366,1.3675000000000002,1.3685,1.3708,1.3806,1.3817000000000002,1.3934,1.3996000000000002,1.4098000000000002,1.4140000000000001,1.4173,1.4228,1.4257,1.4262000000000001,1.431,1.4396,1.4482000000000002,1.4495,1.4777,1.4784000000000002,1.4811,1.4831,1.4853,1.5155,1.5189000000000001,1.5373,1.5537,1.5596,1.5639,1.5877000000000001,1.5921,1.6016000000000001,1.6079,1.6134000000000002,1.6195000000000002,1.6244,1.6526,1.6538000000000002,1.657,1.6576000000000002,1.6614,1.667,1.6689,1.6692,1.6780000000000002,1.6846,1.689,1.6900000000000002,1.6941000000000002,1.6946,1.6951,1.6983000000000001,1.7065000000000001,1.7139,1.7167000000000001,1.7188,1.7209,1.7276,1.7306000000000001,1.7377,1.7394,1.7417,1.7435,1.7444000000000002,1.7506000000000002,1.7555,1.7639,1.7684000000000002,1.8137,1.8347,1.8543,1.8545,1.8632000000000002,1.8657000000000001,1.8755000000000002,1.8847,1.8858000000000001,1.9002000000000001,1.9009,1.9124,1.9229,1.9276000000000002,1.9295,1.9439000000000002,1.9484000000000001,1.9515,1.9613,1.9641000000000002,1.9855,1.9976,2.0072,2.0179,2.0253,2.031,2.0314,2.0348,2.0388,2.0405,2.0424,2.047,2.0531,2.0551,2.0601000000000003,2.0654,2.0845000000000002,2.0966,2.1024000000000003,2.1094,2.1129000000000002,2.1148000000000002,2.1202,2.1248,2.1251,2.1258,2.1289000000000002,2.1463,2.1469,2.1544000000000003,2.1594,2.1603,2.162,2.1652,2.1702,2.1716,2.1735,2.1756,2.1771000000000003,2.189,2.2017,2.2059,2.2065,2.2127,2.2146,2.2224,2.2385,2.2388,2.2431,2.2477,2.2563,2.2596000000000003,2.2623,2.2641,2.2656,2.2694,2.2739000000000003,2.2874000000000003,2.2998000000000003,2.3112,2.322,2.3287,2.3348,2.3398000000000003,2.3413,2.3576,2.3584,2.3753,2.3947000000000003,2.4090000000000003,2.411,2.4216,2.4284000000000003,2.4293,2.4389000000000003,2.4537,2.4574000000000003,2.4705,2.4717000000000002,2.4861,2.4888,2.4930000000000003,2.4937,2.4959000000000002,2.4964,2.4981,2.4996,2.4999000000000002,2.5182,2.5283,2.5312,2.5476,2.5493,2.5496000000000003,2.5539,2.5589,2.5717000000000003,2.5775,2.5917000000000003,2.595,2.6077,2.6121000000000003,2.6335,2.6399,2.6418,2.6443000000000003,2.6483000000000003,2.649,2.6569000000000003,2.6618,2.6709,2.676,2.6969000000000003,2.7139,2.716,2.7224,2.7241,2.7245,2.7329000000000003,2.7354000000000003,2.7418,2.7427,2.7515,2.7534,2.7576,2.7591,2.7604,2.7637,2.7671,2.7880000000000003,2.7926,2.7928,2.7934,2.7938,2.7977000000000003,2.7983000000000002,2.8011,2.8172,2.8234000000000004,2.8251,2.835,2.8376,2.8382,2.869,2.8706,2.8729,2.8796,2.8838,2.887,2.8892,2.8982,2.8985000000000003,2.9063000000000003,2.9444000000000004,2.9493,2.9569,2.9644,2.9651,2.9808000000000003,2.9868,3.0072,3.0076,3.0165,3.0178000000000003,3.0267,3.0292000000000003,3.0369,3.0396,3.04,3.0452000000000004,3.0559000000000003,3.0817,3.0829,3.0884,3.0923000000000003,3.0942000000000003,3.099,3.1063,3.1067,3.1106000000000003,3.1114,3.1139,3.1265,3.1321000000000003,3.1531000000000002,3.1557,3.1595,3.1655,3.1725000000000003,3.1763000000000003,3.1818,3.1858,3.1889000000000003,3.19,3.1918,3.2002,3.2041,3.2057,3.212,3.2142,3.2153,3.2177000000000002,3.2237,3.2266000000000004,3.2368,3.241,3.2429,3.2459000000000002,3.2466000000000004,3.2485,3.2562,3.2614,3.2623,3.2629,3.2667,3.2854,3.2862,3.2959,3.3028,3.3059000000000003,3.3149,3.3296,3.35,3.3583000000000003,3.3681,3.3863000000000003,3.3883,3.3984,3.4121,3.4136,3.4216,3.4218,3.4472,3.4607,3.4610000000000003,3.466,3.4676,3.4721,3.4749000000000003,3.4804000000000004,3.4886000000000004,3.4893,3.4919000000000002,3.4932000000000003,3.5068,3.5107000000000004,3.5145,3.515,3.5168000000000004,3.5224,3.5382000000000002,3.5462000000000002,3.5658000000000003,3.5756,3.5787,3.5809,3.5905,3.5921000000000003,3.6017,3.6152,3.6279000000000003,3.6362,3.6388000000000003,3.6412,3.6509,3.6535,3.6708000000000003,3.6715,3.6783,3.6837,3.6861,3.6914000000000002,3.6918,3.7023,3.7039,3.7042,3.7056,3.7123000000000004,3.7338,3.7475,3.748,3.7533000000000003,3.7607000000000004,3.7644,3.7668000000000004,3.7736,3.7753,3.7918000000000003,3.798,3.8102,3.8200000000000003,3.8204000000000002,3.8296,3.8353,3.8359,3.8363,3.8415000000000004,3.8445,3.8462,3.8480000000000003,3.8493000000000004,3.8556000000000004,3.8675,3.873,3.8786,3.8797,3.886,3.8890000000000002,3.8929,3.8936,3.8946,3.8965,3.8988,3.9050000000000002,3.9138,3.9395000000000002,3.9599,3.9644000000000004,3.9691,3.9749000000000003,3.9755000000000003,3.9804000000000004,3.9825000000000004,3.9839,3.9885,3.9907000000000004,3.9925,4.0076,4.0084,4.0196000000000005,4.0235,4.0243,4.0247,4.025,4.0338,4.040900000000001,4.0475,4.054,4.0552,4.064900000000001,4.0680000000000005,4.0778,4.0811,4.081300000000001,4.0828,4.1009,4.112,4.1162,4.1165,4.1185,4.1203,4.1469000000000005,4.1491,4.1504,4.155,4.1614,4.1653,4.1676,4.1703,4.1744,4.1839,4.1925,4.198,4.2037,4.2065,4.2203,4.2256,4.2371,4.2456000000000005,4.2485,4.2507,4.2592,4.2597000000000005,4.2731,4.2814000000000005,4.2892,4.2945,4.295100000000001,4.297000000000001,4.3011,4.3133,4.3167,4.318700000000001,4.3289,4.3334,4.3378000000000005,4.341200000000001,4.3424000000000005,4.3426,4.3499,4.3528,4.3556,4.3575,4.3622000000000005,4.3733,4.3763000000000005,4.384,4.409,4.4104,4.413600000000001,4.4139,4.4278,4.4294,4.438400000000001,4.4408,4.4535,4.4541,4.4568,4.464,4.464700000000001,4.471900000000001,4.4743,4.4839,4.4879,4.4884,4.4932,4.5076,4.5152,4.5174,4.521,4.5426,4.5463000000000005,4.5494,4.5601,4.5658,4.57,4.5721,4.5762,4.589,4.609500000000001,4.6109,4.6127,4.6193,4.6329,4.641,4.6437,4.6458,4.652200000000001,4.6549000000000005,4.66,4.6647,4.665900000000001,4.6691,4.672000000000001,4.6726,4.6885,4.7136000000000005,4.7235000000000005,4.742100000000001,4.744000000000001,4.7464,4.7531,4.7648,4.771100000000001,4.7776000000000005,4.7866,4.7868,4.8,4.805400000000001,4.806900000000001,4.8133,4.816,4.8216,4.8218000000000005,4.827500000000001,4.8364,4.8404,4.8421,4.8423,4.851100000000001,4.857600000000001,4.859100000000001,4.8599000000000006,4.881,4.8847000000000005,4.9077,4.9096,4.9105,4.9116,4.9217,4.9382,4.946400000000001,4.9476,4.954400000000001,4.9583,4.9587,4.960500000000001,4.9823,4.9827,4.9999
47652:0.035300000000000005,0.0618,0.0857,0.1323,0.166,0.3054,0.41290000000000004,0.4615,0.5246000000000001,0.56,0.595,0.6383,0.6575000000000001,0.7181000000000001,0.7834,0.8338,0.9892000000000001,1.0233,1.0706,1.1262,1.1640000000000001,1.2236,1.2412,1.325,1.3929,1.4301000000000001,1.4567,1.5045000000000002,1.5432000000000001,1.6122,1.7047,1.78,1.8688,1.9342000000000001,2.0611,2.1888,2.2559,2.3201,2.3742,2.4393000000000002,2.4958,2.5344,2.5978000000000003,2.6526,2.7367,2.8388,2.8676,2.9104,2.9702,2.9976000000000003,3.06,3.1386000000000003,3.2111,3.2733000000000003,3.3644000000000003,3.3934,3.4618,3.4821,3.5548,3.6021,3.6821,3.7088,3.7749,3.8479,3.8677,3.9474,4.014,4.0328,4.1182,4.2014000000000005,4.2465,4.3428,4.393800000000001,4.4295,4.4846,4.5541,4.6959,4.796,4.822500000000001,4.861400000000001,4.9172,4.9728
48838:0.0155,0.0217,0.0366,0.0482,0.0614,0.07400000000000001,0.1019,0.1218,0.1353,0.1463,0.15660000000000002,0.1779,0.2081,0.22970000000000002,0.24380000000000002,0.26980000000000004,0.2816,0.2906,0.3012,0.3074,0.3335,0.35100000000000003,0.3617,0.3794,0.3934,0.4111,0.42250000000000004,0.43970000000000004,0.44820000000000004,0.46080000000000004,0.47500000000000003,0.4914,0.5051,0.5211,0.5462,0.5787,0.5965,0.6144000000000001,0.6449,0.6575000000000001,0.6778000000000001,0.6921,0.7128,0.7311000000000001,0.752,0.761,0.7966000000000001,0.8165,0.8250000000000001,0.8539,0.8739,0.8904000000000001,0.9089,0.9268000000000001,0.9396,0.9480000000000001,0.9729000000000001,0.9812000000000001,1.0041,1.0165,1.0367,1.0583,1.0695000000000001,1.0875000000000001,1.1086,1.1288,1.1466,1.1577,1.1795,1.1988,1.2188,1.2338,1.2607000000000002,1.2807000000000002,1.3023,1.3168,1.3311000000000002,1.3471,1.3638000000000001,1.3721,1.3873,1.415,1.4351,1.4538,1.4721,1.4917,1.5081,1.5258,1.5408000000000002,1.5483,1.5742,1.5853000000000002,1.6077000000000001,1.6186,1.6455000000000002,1.6613,1.6776,1.6977,1.7105000000000001,1.7302000000000002,1.7513,1.7604000000000002,1.7706000000000002,1.7953000000000001,1.8179,1.8251000000000002,1.853,1.8606,1.9065,1.9127,1.9309,1.9473,1.9617,1.9739,1.9851,1.9965000000000002,2.0187,2.0460000000000003,2.0555,2.0657,2.0757,2.1036,2.1133,2.1349,2.154,2.1707,2.1968,2.2193,2.2284,2.2576,2.2796000000000003,2.2938,2.3039,2.3118000000000003,2.3214,2.3373,2.3528000000000002,2.3659,2.3941,2.4136,2.4379,2.4514,2.4618,2.4762,2.4995000000000003,2.5059,2.5155000000000003,2.5245,2.5548,2.5679000000000003,2.5758,2.5946000000000002,2.6243000000000003,2.6415,2.6518,2.6765000000000003,2.6872000000000003,2.6955,2.708,2.7187,2.7516000000000003,2.7680000000000002,2.8001,2.8092,2.8293,2.8492,2.8675,2.8821000000000003,2.8994,2.9146,2.9301,2.942,2.9538,2.9727,2.9935,3.0182,3.039,3.0495,3.0714,3.0892,3.1092,3.1196,3.1321000000000003,3.1379,3.1522,3.1656,3.1846,3.1982,3.2119,3.2394000000000003,3.2489000000000003,3.2625,3.2847,3.3071,3.3291,3.3465000000000003,3.3661000000000003,3.387,3.4056,3.4228,3.4372000000000003,3.4553000000000003,3.4657,3.4799,3.499,3.5058000000000002,3.5251,3.5456000000000003,3.5603000000000002,3.5757000000000003,3.5895,3.6014000000000004,3.6259,3.6333,3.652,3.6659,3.6798,3.6957,3.7155,3.7255000000000003,3.7427,3.7622,3.7797,3.809,3.8278000000000003,3.8466,3.8699000000000003,3.8902,3.899,3.9113,3.9237,3.9371,3.9544,3.9746,4.0138,4.0295000000000005,4.0372,4.0523,4.0666,4.091200000000001,4.0983,4.1232,4.1361,4.1482,4.1644000000000005,4.1768,4.2028,4.2127,4.2696000000000005,4.2776000000000005,4.2889,4.3106,4.3285,4.3446,4.3567,4.3649000000000004,4.3831,4.3942000000000005,4.42,4.44,4.4535,4.4759,4.4847,4.4926,4.5011,4.5209,4.5455000000000005,4.5538,4.5739,4.5877,4.6051,4.6261,4.642,4.6527,4.665,4.6726,4.6813,4.718100000000001,4.7304,4.7446,4.7567,4.7771,4.7940000000000005,4.8289,4.8394,4.854,4.8748000000000005,4.8913,4.8997,4.914000000000001,4.9302,4.9411000000000005,4.9651000000000005,4.9897
48970:0.1968,0.3533,0.49260000000000004,0.6124,0.9573,0.9921000000000001,1.0743,1.1724,1.3545,1.3636000000000001,1.9227,2.0016000000000003,2.4567,2.5228,2.6547,2.8313,2.9268,3.7147,3.7425,4.222,4.5741000000000005,4.916
49798:0.0304,0.5521,0.7559,0.8366,1.0766,1.2361,1.3429,1.3938000000000001,1.5017,1.7661,1.9194,2.3605,2.5307,2.5952,2.7314000000000003,2.8368,3.1262000000000003,3.1877,3.2691000000000003,3.3874,3.4761,3.8472000000000004,3.9885,4.2365,4.3856,4.4797,4.6926000000000005,4.8062000000000005
50099:0.014100000000000001,0.3791,0.5504,0.6297,0.9431,1.211,1.4166,1.4369,1.9403000000000001,2.3951000000000002,2.4112,2.4517,2.6426000000000003,2.9044000000000003,3.6531000000000002,3.7441,3.7636000000000003,3.8044000000000002,4.0374,4.0504,4.2567
50303:0.08460000000000001,0.1927,0.2509,0.3478,0.43260000000000004,0.48760000000000003,0.5582,0.612,0.7013,0.7659,0.9187000000000001,0.9545,0.9928,1.0722,1.1689,1.2927,1.3506,1.3992,1.5030000000000001,1.5955000000000001,1.8307,1.9532,2.0031,2.0589,2.4041,2.4535,2.5205,2.5809,2.7797,2.8317,2.9225000000000003,2.9739,3.0569,3.1068000000000002,3.253,3.3241,3.4373,3.7062000000000004,3.7435,3.8228,3.9099000000000004,4.1071,4.1521,4.218,4.2877,4.3668000000000005,4.5311,4.5754,4.6273,4.7435,4.9141
50424:0.0688,0.08460000000000001,0.13440000000000002,0.2559,0.309,0.36310000000000003,0.3819,0.4305,0.4656,0.5081,0.5242,0.5585,0.5755,0.6463,0.6846,0.7170000000000001,0.7454000000000001,0.7902,0.8466,0.8835000000000001,0.9301,0.9768,0.9977,1.0557,1.0813000000000001,1.1445,1.1596,1.1867,1.2057,1.2691000000000001,1.3432000000000002,1.3561,1.3729,1.4008,1.4094,1.456,1.4902,1.5861,1.6061,1.639,1.6779000000000002,1.7228,1.7678,1.7898,1.8212000000000002,1.8404,1.8633000000000002,1.9787000000000001,1.9864000000000002,2.0247,2.0357000000000003,2.0967000000000002,2.13,2.1388000000000003,2.1895000000000002,2.2252,2.2489,2.2840000000000003,2.2975000000000003,2.3386,2.4022,2.4225000000000003,2.4645,2.4727,2.5018000000000002,2.5599000000000003,2.6005000000000003,2.6444,2.676,2.7137000000000002,2.7374,2.778,2.8227,2.9128000000000003,2.9635000000000002,3.0256000000000003,3.049,3.0927000000000002,3.121,3.2281,3.2508000000000004,3.2761,3.3226,3.3873,3.4394,3.5069000000000004,3.5531,3.5604,3.5879000000000003,3.6235000000000004,3.6498000000000004,3.6652,3.6879,3.7194000000000003,3.7329000000000003,3.7633,3.8374,3.8539000000000003,3.9264,3.9794,4.0972,4.1426,4.2113000000000005,4.266,4.2859,4.3324,4.397,4.4101,4.4535,4.476100000000001,4.5401,4.5591,4.5858,4.636,4.6492,4.6545000000000005,4.677700000000001,4.726,4.7484,4.7957,4.8063,4.870900000000001,4.8943,4.9482
51088:0.13390000000000002,0.2093,0.23320000000000002,0.25670000000000004,0.3664,0.4258,0.5098,0.5996,0.6445000000000001,0.687,0.7394000000000001,0.7531,0.8046000000000001,0.8380000000000001,0.9341,0.9632000000000001,1.0390000000000001,1.0771,1.1276000000000002,1.2501,1.3286,1.4585000000000001,1.5497,1.639,1.718,1.7651000000000001,1.8672000000000002,1.9081000000000001,1.9535,2.0158,2.0825,2.1294,2.1803,2.2542,2.2821000000000002,2.3108,2.4116,2.4447,2.6595,2.6703,2.6944000000000004,2.7451000000000003,2.7827,2.8331,2.861,2.9143000000000003,2.9676,2.9861,3.0090000000000003,3.0956,3.1508000000000003,3.178,3.1973000000000003,3.2263,3.3160000000000003,3.4297,3.4879000000000002,3.5427,3.5648,3.7217000000000002,3.7771000000000003,3.8218,3.8389,3.8978,3.9321,3.9615,4.0394000000000005,4.149500000000001,4.3267,4.3749,4.4446,4.4677,4.5109,4.6154,4.6488000000000005,4.6703,4.7104,4.7946,4.8413
51263:2.871
51523:0.08370000000000001,1.9358000000000002,2.2042,2.2661000000000002,3.1381,3.4921,4.7377
51555:0.5662,1.2482,1.417,1.5189000000000001,2.7438000000000002,3.1434,3.2202,3.4131,3.4928000000000003,4.8312
51562:0.0195,0.042100000000000005,0.0723,0.0858,0.1053,0.1336,0.1545,0.18280000000000002,0.2101,0.2335,0.26630000000000004,0.2831,0.30110000000000003,0.3356,0.3638,0.38280000000000003,0.4098,0.4272,0.45180000000000003,0.47440000000000004,0.49360000000000004,0.522,0.5501,0.5756,0.5974,0.6202000000000001,0.6413,0.6728000000000001,0.6959000000000001,0.7268,0.7571,0.7992,0.8211,0.8443,0.8652000000000001,0.8864000000000001,0.9097000000000001,0.9354,0.9490000000000001,0.9772000000000001,1.016,1.0530000000000002,1.0771,1.0949,1.1135000000000002,1.1401000000000001,1.1635,1.1829,1.201,1.2323,1.2587000000000002,1.2770000000000001,1.3067,1.3384,1.3625,1.3908,1.4166,1.4385000000000001,1.4746000000000001,1.4964000000000002,1.5155,1.5358,1.5483,1.5837,1.6136000000000001,1.6467,1.6733,1.7127000000000001,1.7357,1.7568000000000001,1.7951000000000001,1.8228000000000002,1.8527,1.9018000000000002,1.9322000000000001,1.9467,1.9818,2.0197000000000003,2.0501,2.0693,2.1095,2.1381,2.1601,2.1967000000000003,2.2314000000000003,2.2598000000000003,2.2982,2.3355,2.3668,2.3954,2.4172000000000002,2.4401,2.4726,2.5031000000000003,2.5260000000000002,2.5438,2.5704000000000002,2.6,2.6252,2.6493,2.6803000000000003,2.6986000000000003,2.7225,2.7504,2.7680000000000002,2.803,2.8251,2.8449,2.8779000000000003,2.8983000000000003,2.9184,2.9411,2.9651,2.9904,3.0266,3.0495,3.0813,3.1113,3.1252,3.1390000000000002,3.1598,3.1872000000000003,3.2161,3.2469,3.2891000000000004,3.3136,3.3469,3.3792,3.4036,3.4276,3.4617,3.4813,3.5055,3.5269000000000004,3.5554,3.5848,3.6049,3.6332,3.6506000000000003,3.6678,3.6872000000000003,3.6968,3.7243000000000004,3.7526,3.7774,3.8137000000000003,3.8466,3.8720000000000003,3.9035,3.9224,3.9379000000000004,3.9745000000000004,4.0105,4.034,4.053100000000001,4.0712,4.0988,4.1245,4.1443,4.1746,4.2049,4.2271,4.2540000000000004,4.2783,4.3078,4.3311,4.3513,4.391,4.4249,4.4505,4.4815000000000005,4.5026,4.5433,4.5896,4.6168000000000005,4.6402,4.6746,4.7276,4.7503,4.7962,4.823300000000001,4.8523000000000005,4.8902,4.9199,4.9312000000000005,4.965,4.9911
52115:0.6877,0.8359000000000001,2.3146,3.0836
52198:0.128,0.9275,1.8607,2.1626000000000003,2.8631,4.6004000000000005
53346:0.19790000000000002,0.3095,0.3528,0.38280000000000003,0.41250000000000003,0.45030000000000003,0.4738,0.5,0.5888,0.6369,0.7646000000000001,0.8524,0.893,0.9368000000000001,1.0278,1.0934000000000001,1.1727,1.2116,1.2735,1.3361,1.3715000000000002,1.3985,1.4948000000000001,1.5591000000000002,1.5934000000000001,1.6628,1.7359,1.8022,1.9042000000000001,1.9583000000000002,1.9939,2.1247000000000003,2.1966,2.4999000000000002,2.6064000000000003,2.6519,2.7648,2.862,2.9286000000000003,3.0807,3.1295,3.1462000000000003,3.1713,3.4342,3.5092000000000003,3.5535,3.6021,3.6759000000000004,3.8137000000000003,3.9028,3.9468,4.041300000000001,4.0943000000000005,4.2588,4.3094,4.3458000000000006,4.4833,4.5597,4.6272,4.9972
53582:0.0236,0.0526,0.0859,0.1268,0.132,0.1724,0.2034,0.23850000000000002,0.2575,0.2691,0.2999,0.3277,0.36150000000000004,0.3861,0.4202,0.46180000000000004,0.5015000000000001,0.524,0.5627,0.5961000000000001,0.6305000000000001,0.6445000000000001,0.6803,0.6852,0.7294,0.7465,0.7899,0.8252,0.8351000000000001,0.879,0.9277000000000001,0.9344,0.9615,1.0019,1.034,1.0594000000000001,1.0841,1.1099,1.1423,1.1892,1.221,1.2493,1.2867,1.3183,1.3442,1.3745,1.4047,1.4486,1.4562000000000002,1.4893,1.5507,1.5877000000000001,1.6079,1.6307,1.6746,1.7084000000000001,1.7474,1.7744,1.8009000000000002,1.8424,1.8593000000000002,1.8649,1.9037000000000002,1.9513,1.9634,2.0013,2.0163,2.0593,2.0900000000000003,2.136,2.1665,2.1932,2.2164,2.2492,2.263,2.2769,2.294,2.3137000000000003,2.3661000000000003,2.4008000000000003,2.4294000000000002,2.4648000000000003,2.4974000000000003,2.5407,2.5723000000000003,2.5995,2.6462000000000003,2.6567000000000003,2.6981,2.7258,2.7433,2.7764,2.8207,2.8268,2.8641,2.91,2.9618,2.9997000000000003,3.0173,3.0556,3.0904000000000003,3.123,3.1692,3.1907,3.2218,3.2652,3.2983000000000002,3.323,3.3608000000000002,3.3891,3.4217,3.456,3.4781,3.5073000000000003,3.5354,3.5581,3.5683000000000002,3.6124,3.6432,3.6793,3.7135000000000002,3.7292,3.7677,3.8144,3.8379000000000003,3.8509,3.8868,3.9261000000000004,3.9577,3.9805,4.0372,4.0797,4.1268,4.1435,4.1871,4.2001,4.2586,4.2994,4.3083,4.3627,4.404,4.4348,4.4497,4.4725,4.5053,4.5384,4.5525,4.6025,4.6122000000000005,4.6456,4.6623,4.7004,4.740200000000001,4.7793,4.7901,4.8364,4.8528,4.8644,4.901,4.9352,4.976500000000001
53928:1.2823,2.2451000000000003
54428:2.2635,2.4731,2.6928,4.1997
54514:0.013800000000000002,0.0352,0.0488,0.058800000000000005,0.0727,0.0863,0.1018,0.11800000000000001,0.1335,0.1531,0.16090000000000002,0.1738,0.1903,0.2093,0.22640000000000002,0.2474,0.2631,0.2858,0.30210000000000004,0.30660000000000004,0.32480000000000003,0.338,0.3604,0.37470000000000003,0.3906,0.4091,0.4217,0.44,0.45830000000000004,0.4757,0.49050000000000005,0.5057,0.5234,0.5409,0.5552,0.5783,0.5943,0.611,0.6282,0.644,0.6575000000000001,0.6756,0.6934,0.7101000000000001,0.7322000000000001,0.7571,0.7663000000000001,0.7813,0.7969,0.8192,0.8354,0.8559,0.8736,0.8867,0.9019,0.9241,0.9401,0.9613,0.9779,0.9934000000000001,1.0165,1.0358,1.058,1.0697,1.0867,1.1098000000000001,1.1292,1.1456,1.1574,1.1749,1.1976,1.2113,1.223,1.2358,1.25,1.2613,1.2794,1.2998,1.3169,1.3306,1.3484,1.3676000000000001,1.3875,1.4089,1.4177,1.431,1.4514,1.4788000000000001,1.4903000000000002,1.5073,1.5241,1.5372000000000001,1.5481,1.5733000000000001,1.5953000000000002,1.6083,1.6239000000000001,1.6579000000000002,1.6773,1.6938,1.7111,1.7188,1.7294,1.7494,1.7656,1.7871000000000001,1.8067000000000002,1.8248,1.8450000000000002,1.8601,1.87,1.8900000000000001,1.9115000000000002,1.9207,1.9318000000000002,1.9440000000000002,1.9616,1.9814,1.9974,2.0161000000000002,2.0359000000000003,2.0515,2.0649,2.0866000000000002,2.1109,2.1293,2.1542,2.1708000000000003,2.1883,2.2143,2.228,2.2536,2.2758000000000003,2.3003,2.3103000000000002,2.3186,2.3346,2.3533,2.3776,2.3964000000000003,2.4116,2.4304,2.4489,2.4658,2.4862,2.504,2.5224,2.5344,2.555,2.5722,2.5937,2.6117,2.6319,2.6449000000000003,2.6675,2.6813000000000002,2.6916,2.7086,2.7224,2.7346,2.7534,2.7707,2.7987,2.8101000000000003,2.8287,2.8438000000000003,2.8674,2.8804000000000003,2.8994,2.9113,2.927,2.9508,2.9696000000000002,2.9918,3.0137,3.0194,3.0374000000000003,3.0498000000000003,3.0675000000000003,3.0739,3.0922,3.1094,3.1243000000000003,3.1363000000000003,3.1510000000000002,3.1662000000000003,3.1788000000000003,3.1979,3.2117,3.2243,3.2443,3.2595,3.2812,3.302,3.3263000000000003,3.3421000000000003,3.3651,3.3888000000000003,3.4037,3.4216,3.454,3.4682,3.4789000000000003,3.4930000000000003,3.5049,3.5241000000000002,3.5402,3.5574000000000003,3.5725000000000002,3.5863,3.5999000000000003,3.6209000000000002,3.6331,3.6526,3.6675,3.6807000000000003,3.6953,3.7123000000000004,3.7268000000000003,3.7430000000000003,3.7611000000000003,3.7766,3.7812,3.7973000000000003,3.8065,3.8254,3.8441,3.8571,3.869,3.8859000000000004,3.8987000000000003,3.9198000000000004,3.9476,3.976,3.9864,3.9985000000000004,4.0125,4.025,4.0376,4.0515,4.0679,4.0881,4.101500000000001,4.1171,4.1337,4.1485,4.1635,4.1772,4.2,4.224200000000001,4.2475000000000005,4.2693,4.2873,4.3077000000000005,4.3267,4.3432,4.3613,4.3819,4.3942000000000005,4.4183,4.4374,4.454400000000001,4.4748,4.4838000000000005,4.489,4.5008,4.5171,4.5368,4.5533,4.571400000000001,4.5852,4.6035,4.6207,4.648000000000001,4.6637,4.6771,4.6850000000000005,4.695,4.7178,4.7422,4.7558,4.7744,4.7934,4.8176000000000005,4.8346,4.8527000000000005,4.873,4.8949,4.9148000000000005,4.9327000000000005,4.95,4.9682,4.9837
55262:2.7464
55407:0.035500000000000004,0.1494,1.9236000000000002
55498:2.8305000000000002
55663:3.1582000000000003
55972:0.029400000000000003,0.1506,0.29550000000000004,0.3689,0.4539,0.5161,0.6589,0.9530000000000001,1.1064,1.3705,1.5085000000000002,1.5847,1.8282,1.9757,2.0599000000000003,2.2640000000000002,2.4283,2.5089,2.5957000000000003,2.6813000000000002,2.7305,2.8464,3.08,3.1587,3.4730000000000003,3.6693000000000002,3.9281,4.1812000000000005,4.2995,4.6452,4.8219,4.9286
56320:0.0132
57246:0.025,0.058300000000000005,0.0891,0.1121,0.13240000000000002,0.2053,0.22190000000000001,0.23220000000000002,0.2466,0.25570000000000004,0.2664,0.31370000000000003,0.3289,0.3624,0.3921,0.41590000000000005,0.4243,0.46430000000000005,0.5016,0.5069,0.527,0.5675,0.5963,0.6062000000000001,0.6359,0.649,0.6606000000000001,0.6865,0.7243,0.7366,0.7487,0.7911,0.8066,0.8189000000000001,0.8293,0.8358,0.8804000000000001,0.8852000000000001,0.9165000000000001,0.9301,0.9369000000000001,0.9549000000000001,0.9640000000000001,0.9924000000000001,1.0259,1.038,1.0563,1.0748,1.1036000000000001,1.114,1.1272,1.1472,1.1669,1.2054,1.2305000000000001,1.2455,1.2566000000000002,1.2844,1.2933000000000001,1.3255000000000001,1.3471,1.3952,1.4354,1.4526000000000001,1.459,1.5079,1.5427000000000002,1.5492000000000001,1.5603,1.5871000000000002,1.6260000000000001,1.6371,1.6814,1.6945000000000001,1.7053,1.7176,1.7348000000000001,1.7627000000000002,1.7868000000000002,1.8137,1.8517000000000001,1.8656000000000001,1.9056000000000002,1.9424000000000001,1.9474,1.9541000000000002,2.0119000000000002,2.0563000000000002,2.0746,2.081,2.0956,2.1124,2.1275,2.1421,2.1702,2.1811000000000003,2.2007000000000003,2.2222,2.2539000000000002,2.2682,2.2835,2.3000000000000003,2.3080000000000003,2.3266,2.374,2.3925,2.4129,2.4345000000000003,2.4410000000000003,2.4639,2.4981,2.5488,2.5944000000000003,2.6026000000000002,2.6494,2.6635,2.6811000000000003,2.692,2.704,2.7287000000000003,2.7429,2.7514000000000003,2.7779000000000003,2.7827,2.801,2.8151,2.8306,2.8402000000000003,2.8585000000000003,2.8709000000000002,2.907,2.9232,2.958,2.9675000000000002,2.9751000000000003,2.9970000000000003,3.0101,3.0243,3.0626,3.087,3.0976000000000004,3.1268000000000002,3.1488,3.1712000000000002,3.178,3.1929000000000003,3.2,3.2192000000000003,3.2272000000000003,3.2955,3.3038000000000003,3.3146,3.3608000000000002,3.3663000000000003,3.4003,3.4107000000000003,3.4215,3.4713000000000003,3.486,3.5123,3.5293,3.5481000000000003,3.5636,3.6022000000000003,3.7121000000000004,3.7209000000000003,3.7348000000000003,3.7717,3.7784,3.8125,3.8203,3.8289,3.8389,3.8523,3.8920000000000003,3.9050000000000002,3.9185000000000003,3.9328000000000003,3.9521,3.9738,4.0117,4.0286,4.0396,4.0612,4.1187000000000005,4.1303,4.1465000000000005,4.1996,4.2523,4.2629,4.2834,4.307300000000001,4.3173,4.341,4.3672,4.3749,4.4345,4.4526,4.4709,4.496,4.5078000000000005,4.5128,4.5598,4.5835,4.6055,4.6135,4.6378,4.649,4.6585,4.6691,4.698,4.7102,4.735,4.742100000000001,4.7819,4.7911,4.8257,4.8358,4.8523000000000005,4.8605,4.9351,4.9833
57682:0.0126,0.039900000000000005,0.0616,0.07440000000000001,0.10250000000000001,0.1539,0.2059,0.2409,0.2887,0.33740000000000003,0.37870000000000004,0.392,0.4088,0.4358,0.449,0.48800000000000004,0.5048,0.541,0.5556,0.5862,0.6219,0.6301,0.6458,0.7592,0.8193,0.8606,0.8881,0.9015000000000001,0.935,0.9755,1.0064,1.0371000000000001,1.0816000000000001,1.1044,1.1476,1.1586,1.1885000000000001,1.2122000000000002,1.2354,1.2607000000000002,1.2798,1.312,1.3213000000000001,1.3751,1.3884,1.4152,1.4513,1.4824000000000002,1.4942,1.5275,1.5392000000000001,1.5749,1.6072000000000002,1.6609,1.6819000000000002,1.7178,1.7510000000000001,1.7968000000000002,1.8270000000000002,1.8946,1.9317000000000002,1.9569,1.9889000000000001,2.0007,2.0283,2.0409,2.0539,2.105,2.15,2.177,2.2152000000000003,2.2443,2.3112,2.3378,2.3983000000000003,2.4105000000000003,2.4299,2.4498,2.4662,2.4863,2.5261,2.5732,2.5922,2.6328,2.6475,2.6891000000000003,2.7232000000000003,2.7622,2.7939000000000003,2.8121,2.8277,2.8647,2.8808000000000002,2.9001,2.9287,2.9511000000000003,2.9846000000000004,3.0442,3.0568,3.0737,3.1128,3.1372,3.1826000000000003,3.2078,3.2304,3.2464,3.2623,3.3047,3.3392,3.3507000000000002,3.3822,3.3921,3.4061000000000003,3.4395000000000002,3.4576000000000002,3.4690000000000003,3.5047,3.5402,3.5719000000000003,3.5867,3.6218000000000004,3.6341,3.6566,3.6687000000000003,3.6881000000000004,3.7005000000000003,3.7254,3.7428000000000003,3.7624,3.8377000000000003,3.9053,3.9919000000000002,4.0063,4.0167,4.038,4.0614,4.0719,4.0958000000000006,4.1065000000000005,4.134,4.164000000000001,4.1779,4.214,4.2277000000000005,4.2775,4.3121,4.364,4.3887,4.4003000000000005,4.4274000000000004,4.480300000000001,4.5217,4.5376,4.5693,4.6026,4.6391,4.6526000000000005,4.6845,4.6949000000000005,4.7271,4.7696000000000005,4.8083,4.82,4.853800000000001,4.8790000000000004,4.8971,4.9507,4.9688,4.995
57746:0.0216,0.0514,0.10300000000000001,0.1325,0.1666,0.1968,0.2179,0.24730000000000002,0.2806,0.3181,0.3418,0.3652,0.39490000000000003,0.43320000000000003,0.4617,0.4893,0.5254,0.5653,0.5886,0.6166,0.6585000000000001,0.6973,0.7344,0.7695000000000001,0.7961,0.8275,0.8576,0.8952,0.9328000000000001,0.9780000000000001,1.0191000000000001,1.0572000000000001,1.0811,1.1139000000000001,1.1362,1.1626,1.2149,1.2445000000000002,1.27,1.2927,1.3218,1.3473000000000002,1.3721,1.4051,1.4307,1.4604000000000001,1.4951,1.5211000000000001,1.5549000000000002,1.5899,1.613,1.6393,1.663,1.6918,1.7318,1.7753,1.7994,1.8425,1.872,1.8974000000000002,1.9304000000000001,1.9600000000000002,1.986,2.0327,2.0656,2.0958,2.1281,2.1587,2.1889000000000003,2.2132,2.2352000000000003,2.2687,2.3059000000000003,2.3604000000000003,2.4056,2.4317,2.4728000000000003,2.5079000000000002,2.5374000000000003,2.5676,2.5940000000000003,2.6251,2.6593,2.6872000000000003,2.7121,2.7356000000000003,2.7590000000000003,2.7906,2.833,2.8568000000000002,2.8842000000000003,2.9237,2.9663,2.9907000000000004,3.0285,3.0611,3.0956,3.1254,3.1615,3.185,3.2102,3.2554000000000003,3.2973000000000003,3.3255000000000003,3.3562000000000003,3.378,3.4179000000000004,3.4528000000000003,3.4810000000000003,3.5068,3.5346,3.576,3.6041000000000003,3.6618000000000004,3.6936,3.7251000000000003,3.7736,3.8040000000000003,3.8310000000000004,3.8529,3.9018,3.9354,3.9770000000000003,4.0138,4.0459000000000005,4.0736,4.1023000000000005,4.1285,4.1487,4.1869000000000005,4.219,4.2548,4.2963000000000005,4.3204,4.3499,4.3987,4.4334,4.4554,4.4758000000000004,4.4995,4.5392,4.5673,4.5921,4.6186,4.6422,4.6719,4.712000000000001,4.7495,4.770300000000001,4.7946,4.8208,4.8535,4.8798,4.9091000000000005,4.9343,4.978400000000001
57822:1.4133,2.6094,2.7456,3.2195,3.4937,4.8317000000000005
58087:0.0028,0.0058000000000000005,0.015300000000000001,0.0409,0.042,0.0502,0.0526,0.0529,0.0533,0.057600000000000005,0.0654,0.06670000000000001,0.07300000000000001,0.0762,0.0766,0.0834,0.0935,0.09720000000000001,0.1012,0.1038,0.112,0.12240000000000001,0.1262,0.129,0.13570000000000002,0.14650000000000002,0.1506,0.1539,0.17120000000000002,0.1726,0.18330000000000002,0.1907,0.19090000000000001,0.20020000000000002,0.20520000000000002,0.2102,0.2192,0.2217,0.22840000000000002,0.2303,0.2358,0.2494,0.2513,0.25320000000000004,0.28750000000000003,0.29650000000000004,0.3055,0.3079,0.31820000000000004,0.3244,0.32880000000000004,0.33230000000000004,0.33580000000000004,0.3367,0.3435,0.34590000000000004,0.3522,0.3553,0.3567,0.3578,0.3855,0.399,0.4187,0.4194,0.4242,0.42860000000000004,0.43620000000000003,0.437,0.4551,0.461,0.4672,0.47390000000000004,0.4762,0.4984,0.5058,0.5119,0.5155000000000001,0.5187,0.5316000000000001,0.5322,0.5832,0.5860000000000001,0.5992000000000001,0.6024,0.6094,0.6106,0.6255000000000001,0.639,0.6435000000000001,0.6455000000000001,0.6466000000000001,0.6523,0.6798000000000001,0.6937,0.6974,0.7094,0.7145,0.7150000000000001,0.7205,0.7251000000000001,0.7258,0.7294,0.7415,0.7435,0.7455,0.7464000000000001,0.7484000000000001,0.7493000000000001,0.7558,0.77,0.7704000000000001,0.7727,0.7748,0.7765000000000001,0.7847000000000001,0.7932,0.794,0.7997000000000001,0.801,0.8193,0.8414,0.8435,0.8440000000000001,0.8541000000000001,0.8713000000000001,0.8793000000000001,0.8838,0.8845000000000001,0.8995000000000001,0.9033,0.9119,0.9402,0.9432,0.9484,0.9512,0.9590000000000001,0.9608000000000001,0.9621000000000001,0.9669000000000001,0.9719000000000001,0.9743,0.9854,0.9856,0.9884000000000001,0.9933000000000001,1.0069000000000001,1.0079,1.0143,1.0173,1.0534000000000001,1.0554000000000001,1.0618,1.0694000000000001,1.0739,1.0796000000000001,1.0841,1.0892,1.0971,1.1035000000000001,1.1113,1.1149,1.1171,1.1228,1.1239000000000001,1.1271,1.129,1.1359000000000001,1.1363,1.1462,1.1746,1.1765,1.1885000000000001,1.1914,1.1918,1.2036,1.2098,1.2142000000000002,1.216,1.2517,1.2648000000000001,1.2716,1.272,1.2870000000000001,1.3015,1.3021,1.3029000000000002,1.3152000000000001,1.325,1.3298,1.3399,1.3428,1.3479,1.3548,1.3662,1.3754,1.3771,1.3793,1.4021000000000001,1.4040000000000001,1.4181000000000001,1.4227,1.4268,1.4392,1.4471,1.4567,1.4627000000000001,1.4643000000000002,1.4707000000000001,1.4738,1.4772,1.4793,1.4807000000000001,1.4819,1.4875,1.4884000000000002,1.493,1.4994,1.5003,1.5041,1.5078,1.5221,1.5328000000000002,1.542,1.5601,1.5629000000000002,1.5664,1.5798,1.5918,1.6099,1.6134000000000002,1.623,1.6384,1.6414,1.6478000000000002,1.6526,1.6556000000000002,1.6571,1.6585,1.6606,1.6608,1.6623,1.6687,1.6699000000000002,1.6781000000000001,1.6799000000000002,1.6812,1.6829,1.6888,1.6904000000000001,1.7017,1.7097,1.7145000000000001,1.7196,1.7213,1.7249,1.7389000000000001,1.7415,1.7432,1.754,1.7769000000000001,1.7850000000000001,1.7862,1.7912000000000001,1.7955,1.8013000000000001,1.8049000000000002,1.8096,1.8105,1.8378,1.8457000000000001,1.8573000000000002,1.8625,1.8692000000000002,1.8731,1.8743,1.8752000000000002,1.8774000000000002,1.8818000000000001,1.8823,1.8834000000000002,1.8958000000000002,1.8978000000000002,1.8984,1.9039000000000001,1.9107,1.9168,1.9186,1.9275,1.9357000000000002,1.9366,1.9369,1.9472,1.9760000000000002,1.9778,1.9916,2.0034,2.0076,2.0147,2.0218000000000003,2.0366,2.0505,2.0519000000000003,2.0547,2.0559000000000003,2.0655,2.0689,2.0741,2.0831,2.084,2.0844,2.0895,2.0946000000000002,2.0999000000000003,2.1167000000000002,2.1225,2.1235,2.1265,2.1282,2.1364,2.1378,2.1652,2.1794000000000002,2.1849000000000003,2.194,2.2190000000000003,2.2222,2.225,2.2348,2.2562,2.2713,2.2719,2.2827,2.2873,2.2892,2.2977000000000003,2.3152,2.3165,2.3213,2.3368,2.3476,2.3543000000000003,2.3562000000000003,2.3681,2.3955,2.4017,2.4035,2.4049,2.4216,2.4276,2.4485,2.4546,2.4684,2.4688000000000003,2.4732000000000003,2.4864,2.5077000000000003,2.5352,2.5469,2.5484,2.5673,2.5691,2.5697,2.5707,2.58,2.5929,2.5946000000000002,2.5961000000000003,2.6014,2.6056,2.6068000000000002,2.6245000000000003,2.6284,2.6327000000000003,2.6340000000000003,2.6805000000000003,2.7085000000000004,2.7228000000000003,2.7271,2.7354000000000003,2.7388000000000003,2.7414,2.7419000000000002,2.7441,2.7487,2.7504,2.7526,2.7590000000000003,2.7630000000000003,2.7648,2.7686,2.7743,2.7745,2.7957,2.7987,2.7999,2.801,2.811,2.8281,2.83,2.8379000000000003,2.8592,2.8637,2.8648000000000002,2.8839,2.8917,2.9019,2.9108,2.9138,2.9208000000000003,2.9261,2.9287,2.9376,2.9524000000000004,2.9606000000000003,2.9628,2.9646000000000003,2.9709000000000003,2.9735,2.9862,2.9996,3.0187,3.0216000000000003,3.0244,3.0261,3.0272,3.0304,3.0472,3.0476,3.0538000000000003,3.0594,3.0765000000000002,3.0783,3.0832,3.0982000000000003,3.0986000000000002,3.1218000000000004,3.1296,3.1665,3.1676,3.1729000000000003,3.1734,3.1776,3.1819,3.1831,3.1992000000000003,3.1994000000000002,3.2122,3.2132,3.2179,3.2354000000000003,3.2477,3.2479,3.2598000000000003,3.2629,3.266,3.2697000000000003,3.2726,3.2823,3.2868,3.2874000000000003,3.2887,3.2997,3.3103000000000002,3.3159,3.317,3.334,3.3351,3.3362000000000003,3.3465000000000003,3.3564000000000003,3.357,3.3573,3.3579000000000003,3.3601,3.3647,3.378,3.3887,3.3906,3.3916,3.4092000000000002,3.4116,3.4128000000000003,3.4135,3.4143000000000003,3.415,3.4159,3.4262,3.4316,3.4611,3.4718,3.4769,3.4814000000000003,3.4839,3.4881,3.4928000000000003,3.4939,3.5013,3.5086000000000004,3.5125,3.5192,3.5314,3.5432,3.5573,3.5632,3.5697,3.5704000000000002,3.588,3.5904000000000003,3.5979,3.6041000000000003,3.6138000000000003,3.6144000000000003,3.6352,3.6383,3.644,3.6519000000000004,3.6679000000000004,3.6805000000000003,3.689,3.6979,3.7096,3.7261,3.7309,3.7357,3.7507,3.7607000000000004,3.7637,3.7659000000000002,3.7727000000000004,3.7735000000000003,3.7931000000000004,3.7965,3.8043,3.8172,3.8229,3.8334,3.8418,3.8451,3.8614,3.8618,3.866,3.8696,3.8708,3.8882000000000003,3.8934,3.8978,3.9038000000000004,3.9253,3.9276,3.9445,3.9589000000000003,3.9622,3.9748,3.9784,3.9788,3.9844000000000004,3.9923,4.0061,4.0103,4.011,4.019,4.0214,4.0255,4.0375000000000005,4.0462,4.0505,4.061,4.0713,4.077500000000001,4.0948,4.0955,4.1023000000000005,4.1036,4.1272,4.133500000000001,4.1388,4.140000000000001,4.1493,4.1576,4.160200000000001,4.1607,4.1656,4.1693,4.1733,4.1828,4.1911000000000005,4.1914,4.1928,4.1930000000000005,4.2073,4.2091,4.212400000000001,4.2169,4.2259,4.2299,4.232200000000001,4.2338000000000005,4.2365,4.2409,4.2572,4.274,4.276,4.277,4.2919,4.3104000000000005,4.3119000000000005,4.314,4.315300000000001,4.3279000000000005,4.3287,4.3297,4.3364,4.3368,4.3396,4.34,4.3406,4.3423,4.3436,4.3843000000000005,4.387700000000001,4.3913,4.393,4.3944,4.3985,4.402,4.4029,4.4048,4.4191,4.4195,4.4205000000000005,4.4218,4.4261,4.4329,4.4352,4.4706,4.4816,4.4851,4.4876000000000005,4.4888,4.4990000000000006,4.5036000000000005,4.5252,4.5338,4.534800000000001,4.5416,4.5446,4.5521,4.5609,4.5676000000000005,4.5725,4.5734,4.5760000000000005,4.6009,4.611400000000001,4.625500000000001,4.6337,4.6407,4.6467,4.6488000000000005,4.6566,4.6595,4.6629000000000005,4.6748,4.6797,4.6906,4.6925,4.7034,4.7152,4.7239,4.727,4.7354,4.7384,4.7496,4.7662,4.7769,4.7773,4.7937,4.7948,4.8091,4.8223,4.8321000000000005,4.8381,4.8395,4.8453,4.8471,4.8494,4.8584000000000005,4.879300000000001,4.888,4.8895,4.9054,4.9138,4.9292,4.9394,4.9442,4.9487000000000005,4.9573,4.9684,4.9697000000000005,4.9748,4.9751,4.9862,4.988700000000001,4.9973
58111:0.052000000000000005,0.10990000000000001,0.1316,0.1698,0.1981,0.2091,0.2205,0.2499,0.26890000000000003,0.303,0.323,0.3904,0.4247,0.4666,0.4862,0.5115000000000001,0.5233,0.5944,0.6044,0.6532,0.6876,0.7249,0.7796000000000001,0.7931,0.8387,0.8887,0.9104000000000001,0.9355,0.9564,1.0393000000000001,1.0642,1.0786,1.1017000000000001,1.1254,1.1452,1.1915,1.2418,1.2552,1.2914,1.3299,1.3496000000000001,1.4545000000000001,1.5078,1.5754000000000001,1.5982,1.6196000000000002,1.6379000000000001,1.7056,1.7563000000000002,1.7698,1.8009000000000002,1.8549,1.8675000000000002,1.9154,1.9397000000000002,1.9577,2.0857,2.1713,2.2054,2.2228,2.266,2.2901000000000002,2.3173,2.3773,2.3955,2.4449,2.4644,2.54,2.5999000000000003,2.6506000000000003,2.6765000000000003,2.6971000000000003,2.7288,2.7401,2.7946,2.8491,2.8672,2.9167,2.9674,3.0191000000000003,3.0318,3.0881000000000003,3.1291,3.1523000000000003,3.1922,3.2274000000000003,3.3095000000000003,3.3201,3.3665000000000003,3.4061000000000003,3.4619,3.4796,3.5195000000000003,3.5549,3.5656000000000003,3.7884,3.8200000000000003,3.8355,3.8902,3.9437,3.9685,3.9832,4.0364,4.0544,4.1327,4.1946,4.3221,4.3409,4.352,4.375,4.4222,4.4395,4.458,4.5087,4.563000000000001,4.6189,4.645700000000001,4.6676,4.6993,4.7445,4.8246,4.8346,4.8653,4.9389
58129:0.1338,0.221,0.24580000000000002,0.3438,0.4273,0.4741,0.6037,0.7487,0.8382000000000001,0.9373,0.9557,1.0845,1.1676,1.2587000000000002,1.2925,1.3492,1.4609,1.5590000000000002,1.6482,1.7185000000000001,1.871,1.9129,1.9544000000000001,2.0193000000000003,2.0903,2.1723,2.2335000000000003,2.2674000000000003,2.3067,2.3984,2.4490000000000003,2.6105,2.6726,2.7007000000000003,2.7464,2.7757,2.8028,2.8665000000000003,2.9177,2.9707000000000003,3.023,3.0944000000000003,3.1832000000000003,3.2293000000000003,3.3202000000000003,3.4044000000000003,3.5135,3.7285000000000004,3.8209,3.9043,3.9833000000000003,4.0473,4.1414,4.2118,4.2700000000000005,4.3599000000000006,4.444100000000001,4.5157,4.6143,4.6582,4.7487,4.7962,4.872
58597:0.41800000000000004,0.5051,0.6517000000000001,0.9058,1.2227000000000001,1.6048,3.1590000000000003,3.6107,4.1004000000000005
58832:0.019700000000000002,0.2591,0.46730000000000005,0.682,0.7871,0.8552000000000001,0.9998,1.3456000000000001,1.4092,1.5397,1.6438000000000001,1.7192,1.8233000000000001,1.8987,2.0287,2.1341,2.2528,2.2634000000000003,2.3982,2.4691,2.6923,2.8265000000000002,2.9137,3.0338000000000003,3.0969,3.3156000000000003,3.4463000000000004,3.5603000000000002,3.742,3.9216,4.1393,4.2846,4.4009,4.6301000000000005,4.8035000000000005,4.992
58910:2.8324000000000003,3.7445000000000004,4.5764000000000005,4.9192
59562:1.3572,4.1619
59797:2.6988000000000003,3.6780000000000004
60863:0.07350000000000001,0.18130000000000002,0.2979,0.3643,0.6834,0.7313000000000001,0.8378,1.205,1.2866,1.3619,1.3931,1.6214000000000002,1.7074,1.9447,2.5053,2.6035,2.7007000000000003,3.3152000000000004,3.4641,3.5583,3.5808,3.6951,3.7800000000000002,3.8164000000000002,4.0728,4.1766000000000005,4.279100000000001,4.3145,4.589
61120:0.0872,0.1953,0.2535,0.3504,0.43520000000000003,0.4902,0.5608000000000001,0.6146,0.7039000000000001,0.7685000000000001,0.9213,0.9571000000000001,0.9954000000000001,1.0748,1.1715,1.2953000000000001,1.3532,1.4018000000000002,1.5056,1.5981,1.8333000000000002,1.9558,2.0057,2.0615,2.4067000000000003,2.4561,2.5231000000000003,2.5835,2.7823,2.8324000000000003,2.9251,2.9765,3.0595000000000003,3.1094,3.2556000000000003,3.3267,3.4399,3.7088,3.7445000000000004,3.8254,3.9125,4.1097,4.1547,4.2206,4.2903,4.369400000000001,4.5337000000000005,4.5764000000000005,4.6299,4.7461,4.9167000000000005
61559:1.7195,2.3092,2.7322
61761:2.8369,3.749,4.580900000000001,4.923500000000001
62546:0.0106,0.026000000000000002,0.046400000000000004,0.1226,0.1447,0.2078,0.2207,0.23370000000000002,0.2487,0.3049,0.35700000000000004,0.4077,0.4244,0.4576,0.4645,0.4878,0.5094000000000001,0.5533,0.5675,0.5976,0.6089,0.6404000000000001,0.6802,0.7171000000000001,0.7377,0.7865000000000001,0.8284,0.8389000000000001,0.8786,0.9234,0.9421,0.9525,0.9947,1.0293,1.0517,1.0776000000000001,1.1264,1.1421000000000001,1.2408000000000001,1.2628000000000001,1.2706,1.2807000000000002,1.298,1.3188,1.3321,1.3448,1.3553000000000002,1.3976000000000002,1.4363000000000001,1.4526000000000001,1.4835,1.5101,1.5413000000000001,1.5494,1.5601,1.5847,1.6325,1.6407,1.6747,1.7060000000000002,1.7153,1.7616,1.8230000000000002,1.859,1.887,1.9042000000000001,1.9396,1.9553,2.0118,2.0283,2.0607,2.0713,2.0858000000000003,2.097,2.1231,2.1565000000000003,2.1657,2.1896,2.2182,2.2385,2.2579000000000002,2.2851,2.2992,2.3086,2.3693,2.3887,2.4217,2.4393000000000002,2.4552,2.4621,2.551,2.6011,2.6137,2.6374,2.6654,2.6848,2.7073,2.733,2.754,2.7622,2.7764,2.7982,2.8157,2.8367,2.8476000000000004,2.8549,2.8663000000000003,2.8779000000000003,2.8907000000000003,2.8994,2.9092000000000002,2.9450000000000003,2.9564000000000004,2.9773,2.992,3.0143,3.0228,3.0567,3.0819,3.091,3.1140000000000003,3.1234,3.1694,3.18,3.1894,3.2042,3.2208,3.2381,3.309,3.3168,3.3565,3.3629000000000002,3.4096,3.4756,3.4912,3.5069000000000004,3.5292000000000003,3.5795000000000003,3.6042,3.7030000000000003,3.7118,3.7588000000000004,3.7672000000000003,3.7768,3.809,3.8217000000000003,3.8525,3.8695000000000004,3.8872,3.9005,3.9112,3.9213,3.972,3.9806000000000004,4.0304,4.040900000000001,4.0777,4.1065000000000005,4.1151,4.127800000000001,4.1381000000000006,4.182300000000001,4.1954,4.2097,4.2565,4.2641,4.2776000000000005,4.3100000000000005,4.3192,4.3559,4.3757,4.3950000000000005,4.4383,4.5025,4.510800000000001,4.5829,4.6025,4.61,4.6209,4.645300000000001,4.678100000000001,4.6959,4.7254000000000005,4.7407,4.7633,4.772200000000001,4.7866,4.7946,4.828600000000001,4.8521,4.8613,4.9248,4.9495000000000005,4.9667,4.9768,4.9894
62949:0.0173,0.0393,0.0704,0.1072,0.1296,0.1476,0.1769,0.20620000000000002,0.225,0.2504,0.2801,0.3034,0.33290000000000003,0.3542,0.3785,0.4057,0.4353,0.46080000000000004,0.4869,0.5126000000000001,0.5458000000000001,0.5700000000000001,0.5911000000000001,0.6132000000000001,0.656,0.6774,0.7135,0.7388,0.7704000000000001,0.7938000000000001,0.8219000000000001,0.8518,0.8829,0.9078,0.9348000000000001,0.9727,1.0171000000000001,1.0434,1.073,1.0971,1.118,1.1449,1.1905000000000001,1.2303,1.2568000000000001,1.2743,1.2930000000000001,1.3155000000000001,1.3369,1.3578000000000001,1.3867,1.4147,1.4327,1.454,1.4908000000000001,1.5205,1.5505,1.5808,1.6026,1.6305,1.6545,1.679,1.7155,1.7398,1.7778,1.806,1.84,1.8701,1.8958000000000002,1.9232,1.9473,1.975,2.0121,2.0426,2.0684,2.0974,2.1241000000000003,2.1543,2.1803,2.2064,2.2265,2.2545,2.2838000000000003,2.3097000000000003,2.3506,2.3885,2.4139,2.4367,2.474,2.5062,2.5344,2.5655,2.5907,2.6137,2.6367000000000003,2.6663,2.6927000000000003,2.7153,2.7382,2.7590000000000003,2.7888,2.822,2.8476000000000004,2.8677,2.8891,2.9209,2.9643,2.9895,3.0193000000000003,3.0566,3.0896000000000003,3.1163000000000003,3.1407000000000003,3.1712000000000002,3.1967000000000003,3.2189,3.2682,3.2988,3.3232000000000004,3.3458,3.366,3.3901000000000003,3.4205,3.4512,3.4737,3.492,3.5201000000000002,3.548,3.5815,3.6093,3.6613,3.6844,3.706,3.7424000000000004,3.7737000000000003,3.8040000000000003,3.8264,3.8505000000000003,3.8856,3.9108,3.9376,3.9746,4.005,4.0282,4.0532,4.0762,4.0978,4.1184,4.1436,4.170100000000001,4.2006000000000006,4.2205,4.2507,4.2793,4.3082,4.3311,4.3555,4.392,4.4222,4.4407000000000005,4.4674000000000005,4.490200000000001,4.5083,4.5418,4.5661000000000005,4.5919,4.6135,4.6384,4.6683,4.6963,4.7259,4.756,4.7747,4.7965,4.8193,4.843500000000001,4.8622000000000005,4.8883,4.9109,4.9341,4.9716000000000005
63126:0.0874,0.1955,0.25370000000000004,0.3506,0.4354,0.4904,0.561,0.6148,0.7041000000000001,0.7687,0.9215000000000001,0.9573,0.9956,1.075,1.1717,1.2955,1.3534000000000002,1.4020000000000001,1.5058,1.5983,1.8335000000000001,1.9560000000000002,2.0059,2.0617,2.4069000000000003,2.4563,2.5233000000000003,2.5837000000000003,2.7825,2.8321,2.9253,2.9767,3.0597000000000003,3.1096000000000004,3.2558000000000002,3.3269,3.4401,3.709,3.7442,3.8256,3.9127,4.1099000000000006,4.1549000000000005,4.2208000000000006,4.290500000000001,4.3696,4.5339,4.5761,4.6301000000000005,4.746300000000001,4.9169
63351:0.0043,0.0048000000000000004,0.0086,0.010700000000000001,0.0164,0.0256,0.0357,0.0373,0.0426,0.043300000000000005,0.048100000000000004,0.054900000000000004,0.0614,0.06420000000000001,0.0699,0.07050000000000001,0.0723,0.0729,0.07350000000000001,0.0789,0.0833,0.0893,0.0993,0.1139,0.11810000000000001,0.12090000000000001,0.1342,0.13490000000000002,0.14800000000000002,0.1564,0.16240000000000002,0.16590000000000002,0.1666,0.1733,0.19460000000000002,0.19640000000000002,0.20070000000000002,0.20850000000000002,0.2104,0.2185,0.2199,0.2293,0.23820000000000002,0.24070000000000003,0.2451,0.2523,0.2535,0.2597,0.2652,0.2721,0.2786,0.2788,0.28200000000000003,0.2822,0.28400000000000003,0.2972,0.2985,0.2999,0.31870000000000004,0.32280000000000003,0.3242,0.3245,0.32630000000000003,0.3286,0.3361,0.3461,0.3468,0.3512,0.3618,0.3675,0.36860000000000004,0.3713,0.3753,0.37920000000000004,0.3826,0.38480000000000003,0.3906,0.3995,0.41340000000000005,0.4222,0.44160000000000005,0.4434,0.44480000000000003,0.44770000000000004,0.4632,0.48160000000000003,0.4848,0.4989,0.49960000000000004,0.5058,0.5085000000000001,0.5219,0.5402,0.5462,0.5577,0.5755,0.5778,0.5803,0.5860000000000001,0.5886,0.5988,0.599,0.5993,0.6001000000000001,0.6017,0.6269,0.6343,0.6398,0.6499,0.6506000000000001,0.6545000000000001,0.6577000000000001,0.6699,0.679,0.6814,0.6871,0.6956,0.7014,0.7077,0.7135,0.7141000000000001,0.7261000000000001,0.7474000000000001,0.753,0.7599,0.7635000000000001,0.768,0.7734000000000001,0.7784000000000001,0.7822,0.7826000000000001,0.7874,0.7893,0.7897000000000001,0.8011,0.8034,0.8173,0.8175,0.8197,0.8232,0.8264,0.8331000000000001,0.8528,0.8613000000000001,0.8655,0.8706,0.8753000000000001,0.885,0.89,0.8975000000000001,0.9027000000000001,0.9053,0.9169,0.9186000000000001,0.929,0.9417000000000001,0.9445,0.9505,0.9523,0.9618000000000001,0.9695,0.9808,0.9891000000000001,1.0026000000000002,1.0073,1.0232,1.0321,1.0372000000000001,1.0426,1.0442,1.0495,1.066,1.0744,1.0767,1.086,1.1103,1.1121,1.1155000000000002,1.1235,1.1247,1.1253,1.1309,1.1408,1.1427,1.1429,1.1456,1.1639000000000002,1.1671,1.1724,1.1773,1.1896,1.2013,1.2123000000000002,1.2212,1.2363,1.2374,1.2409000000000001,1.2587000000000002,1.2636,1.2676,1.2682,1.2747000000000002,1.2750000000000001,1.2794,1.2853,1.2936,1.3051000000000001,1.3070000000000002,1.3175000000000001,1.3212000000000002,1.3256000000000001,1.3267,1.3309,1.3336000000000001,1.3345,1.3451,1.3462,1.3576000000000001,1.3617000000000001,1.3758000000000001,1.3773,1.3874,1.4164,1.4382000000000001,1.4403000000000001,1.4475,1.4514,1.4613,1.4683000000000002,1.4722000000000002,1.4731,1.4887000000000001,1.4937,1.5025000000000002,1.5116,1.5150000000000001,1.5167000000000002,1.5221,1.5236,1.5377,1.5464,1.572,1.5806,1.5909,1.5942,1.5951000000000002,1.5993000000000002,1.6036000000000001,1.6098000000000001,1.6228,1.6263,1.6604,1.6725,1.6733,1.6809,1.7101000000000002,1.7169,1.7224000000000002,1.7261000000000002,1.7294,1.7464000000000002,1.7530000000000001,1.7633,1.7701,1.7765000000000002,1.786,1.7877,1.7885,1.7915,1.8038,1.8135000000000001,1.8191000000000002,1.83,1.8311000000000002,1.8318,1.8331000000000002,1.8394000000000001,1.8426,1.8582,1.8727,1.8844,1.8862,1.8898000000000001,1.8975000000000002,1.9049,1.9361000000000002,1.9533,1.9582000000000002,1.9620000000000002,1.9767000000000001,1.9825000000000002,1.9965000000000002,1.997,2.029,2.0504000000000002,2.0626,2.0889,2.0914,2.0932,2.0959000000000003,2.0981,2.1004,2.101,2.1017,2.1026000000000002,2.1066000000000003,2.1181,2.1208,2.1236,2.13,2.1315,2.1418,2.1431,2.1457,2.1508000000000003,2.1522,2.1562,2.157,2.1573,2.1626000000000003,2.1654,2.1676,2.1732,2.1738,2.1752000000000002,2.1813000000000002,2.1839,2.1896,2.1919,2.1979,2.205,2.2259,2.2294,2.2335000000000003,2.2338,2.248,2.2488,2.255,2.2562,2.2678000000000003,2.2757,2.2814,2.2838000000000003,2.2847,2.2885,2.2974,2.2986,2.3039,2.3194,2.3224,2.3281,2.3471,2.3548,2.3554,2.3685,2.3799,2.3864,2.3926000000000003,2.4015,2.4021,2.4031000000000002,2.4099,2.4106,2.4169,2.4175,2.4282,2.4410000000000003,2.4455,2.4565,2.4685,2.4704,2.4707000000000003,2.4725,2.4789000000000003,2.4797000000000002,2.4941,2.4944,2.4986,2.5043,2.5180000000000002,2.5207,2.5304,2.5327,2.5369,2.5447,2.5629,2.5701,2.571,2.5754,2.5788,2.593,2.5986000000000002,2.5992,2.6026000000000002,2.6038,2.62,2.6309,2.6321000000000003,2.6335,2.6338,2.6482,2.6525000000000003,2.6615,2.6684,2.6783,2.6794000000000002,2.7052,2.7245,2.7297000000000002,2.7353,2.7387,2.7429,2.7464,2.7476000000000003,2.7509,2.7544,2.7549,2.7556000000000003,2.7563,2.7642,2.765,2.7684,2.7686,2.7748,2.7814,2.7817000000000003,2.7923,2.8033,2.806,2.8120000000000003,2.8181000000000003,2.8188,2.8268,2.8272,2.8285,2.8406000000000002,2.8451,2.8475,2.8494,2.8524000000000003,2.8538,2.8605,2.8629000000000002,2.8822,2.8911000000000002,2.8982,2.9062,2.9247,2.9288000000000003,2.9403,2.9493,2.9553000000000003,2.9557,2.9589000000000003,2.9814000000000003,2.9826,2.9844,2.9885,2.9912,2.9915000000000003,3.016,3.0301,3.0433000000000003,3.0435000000000003,3.049,3.0559000000000003,3.0565,3.0612000000000004,3.0780000000000003,3.0791,3.0868,3.0989,3.1135,3.1206,3.1251,3.1269,3.132,3.1446,3.1629,3.1733000000000002,3.1845000000000003,3.1879,3.1989,3.2016,3.2124,3.2131000000000003,3.2203,3.2505,3.2519,3.2559,3.2662,3.2794000000000003,3.2861000000000002,3.2901000000000002,3.2929,3.3033,3.3083,3.3304,3.3353,3.3377000000000003,3.3404000000000003,3.3724000000000003,3.3738,3.3744,3.3758000000000004,3.3764000000000003,3.3776,3.3897000000000004,3.39,3.3978,3.4010000000000002,3.4104,3.4125,3.4187000000000003,3.4302,3.4314,3.4327,3.4346,3.4396,3.4405,3.4486000000000003,3.4528000000000003,3.466,3.4711000000000003,3.4718,3.4799,3.4824,3.4841,3.4861,3.4872,3.4918,3.4936000000000003,3.498,3.5056000000000003,3.5175,3.5197000000000003,3.5221,3.5226,3.5294000000000003,3.5301,3.5459,3.5614000000000003,3.5697,3.5761000000000003,3.5794,3.5822000000000003,3.5878,3.5929,3.6073,3.6209000000000002,3.6316,3.6363000000000003,3.6372,3.6378000000000004,3.6385,3.6412,3.6459,3.6489000000000003,3.6621,3.6739,3.6768,3.6775,3.6793,3.6918,3.6947,3.6958,3.6964,3.7331000000000003,3.7362,3.7379000000000002,3.7426000000000004,3.7438000000000002,3.7592000000000003,3.7608,3.7698,3.7714000000000003,3.7721,3.7835,3.7881,3.7896,3.7957,3.8078000000000003,3.81,3.8107,3.8169000000000004,3.818,3.8192000000000004,3.8200000000000003,3.8240000000000003,3.8281,3.8286000000000002,3.833,3.8378,3.8382,3.8443,3.8451,3.857,3.8605,3.8621000000000003,3.8632,3.8723,3.8821000000000003,3.8945000000000003,3.8960000000000004,3.8993,3.9011,3.9033,3.9102,3.9207,3.9333,3.9402000000000004,3.9494000000000002,3.971,3.9739,3.9798,3.9845,3.9915000000000003,3.9977,4.0084,4.0144,4.0278,4.038,4.0408,4.0589,4.066,4.0664,4.069,4.0708,4.075200000000001,4.0773,4.085500000000001,4.0894,4.0962000000000005,4.0967,4.0987,4.1052,4.1086,4.111800000000001,4.115200000000001,4.125,4.1337,4.1351,4.1386,4.1503000000000005,4.1531,4.1612,4.1658,4.1671000000000005,4.1717,4.1792,4.1817,4.1867,4.1887,4.2028,4.2041,4.2075000000000005,4.2152,4.2169,4.226100000000001,4.2301,4.2398,4.244800000000001,4.2519,4.2526,4.2563,4.2746,4.3255,4.3282,4.3448,4.3585,4.3616,4.3659,4.3662,4.3766,4.3787,4.3865,4.390000000000001,4.3904000000000005,4.3989,4.4062,4.409800000000001,4.4118,4.4302,4.4311,4.4393,4.4424,4.446400000000001,4.4482,4.4503,4.4674000000000005,4.471,4.476100000000001,4.4846,4.4872000000000005,4.4874,4.4893,4.4909,4.4968,4.4991,4.4993,4.5018,4.5252,4.535200000000001,4.5366,4.5501000000000005,4.5528,4.5586,4.5594,4.5622,4.5769,4.5808,4.581300000000001,4.587400000000001,4.5994,4.6046000000000005,4.609500000000001,4.6151,4.6168000000000005,4.6379,4.641900000000001,4.6532,4.6562,4.6672,4.6755,4.676,4.6787,4.6807,4.6886,4.6916,4.6972000000000005,4.6996,4.702500000000001,4.7189000000000005,4.7267,4.7272,4.7287,4.7292000000000005,4.7385,4.748,4.7651,4.7663,4.7691,4.7718,4.7739,4.7819,4.782500000000001,4.7834,4.7858,4.7878,4.7881,4.7991,4.799300000000001,4.8022,4.806900000000001,4.8131,4.8202,4.83,4.832,4.8391,4.8406,4.8451,4.8453,4.857,4.8605,4.8624,4.8649000000000004,4.867,4.8807,4.881200000000001,4.8848,4.886,4.8893,4.9036,4.9051,4.921,4.9217,4.924,4.9276,4.935700000000001,4.9466,4.9482,4.9499,4.9561,4.9631,4.9755,4.977,4.9999
63536:0.014,0.028800000000000003,0.0414,0.049600000000000005,0.06720000000000001,0.0779,0.0873,0.09480000000000001,0.1126,0.1237,0.1355,0.1495,0.1593,0.17070000000000002,0.1826,0.1948,0.2078,0.21810000000000002,0.232,0.2412,0.2501,0.258,0.2716,0.2837,0.2921,0.3023,0.31320000000000003,0.3246,0.3376,0.34750000000000003,0.3599,0.36970000000000003,0.3811,0.3929,0.405,0.41500000000000004,0.4263,0.44370000000000004,0.45580000000000004,0.4631,0.4752,0.48860000000000003,0.5002,0.5103,0.5252,0.5353,0.5494,0.5594,0.5694,0.5773,0.5895,0.6012000000000001,0.6131,0.6247,0.6372,0.6524,0.6672,0.6784,0.6897,0.7039000000000001,0.7141000000000001,0.7266,0.7396,0.7518,0.7718,0.7805000000000001,0.7909,0.8051,0.8183,0.8293,0.8386,0.8543000000000001,0.8701000000000001,0.8794000000000001,0.8943000000000001,0.9066000000000001,0.9151,0.9248000000000001,0.9336000000000001,0.9475,0.9643,0.9776,0.9935,1.0107000000000002,1.0288000000000002,1.0385,1.0510000000000002,1.0634000000000001,1.0754000000000001,1.0891,1.0955000000000001,1.11,1.1205,1.1283,1.1380000000000001,1.1472,1.1589,1.1688,1.1804000000000001,1.1935,1.2071,1.224,1.2403,1.2509000000000001,1.2593,1.2782,1.2854,1.2977,1.3122,1.3278,1.3378,1.3457000000000001,1.3557000000000001,1.3661,1.3751,1.3880000000000001,1.3983,1.4059000000000001,1.4232,1.4348,1.4454,1.4579,1.4678,1.482,1.4918,1.5011,1.5104,1.5231000000000001,1.5409000000000002,1.5504,1.5612000000000001,1.5736,1.5832000000000002,1.5978,1.6074000000000002,1.6184,1.6262,1.6401000000000001,1.6499000000000001,1.6620000000000001,1.6679000000000002,1.6809,1.6937,1.7074,1.7241000000000002,1.7374,1.7462,1.7598,1.7726000000000002,1.7816,1.7917,1.8030000000000002,1.8168000000000002,1.8274000000000001,1.8373000000000002,1.8461,1.8559,1.8637000000000001,1.8813000000000002,1.8965,1.907,1.9177000000000002,1.9317000000000002,1.9416,1.9554,1.9687000000000001,1.9783000000000002,1.987,1.996,2.0142,2.0282,2.0418000000000003,2.0526,2.0664000000000002,2.0818000000000003,2.0943,2.1033,2.1123000000000003,2.1324,2.1487000000000003,2.1587,2.1706000000000003,2.1821,2.1922,2.2025,2.2127,2.2254,2.2384,2.2479,2.2609,2.2714000000000003,2.2831,2.2926,2.3035,2.3126,2.3318000000000003,2.351,2.3641,2.3810000000000002,2.3931,2.4032,2.4134,2.4232,2.4330000000000003,2.4429000000000003,2.4556,2.4625,2.4726,2.4838,2.4945,2.5042,2.5186,2.5307,2.5408,2.5521000000000003,2.5607,2.5713,2.5860000000000003,2.5935,2.6037,2.6155,2.6248,2.6364,2.6468000000000003,2.6593,2.6710000000000003,2.6816,2.6936,2.7064,2.7144,2.7251000000000003,2.7355,2.7435,2.7536,2.7692,2.7834000000000003,2.7917,2.8021000000000003,2.8144,2.8237,2.8367,2.8477,2.8596,2.8701000000000003,2.8821000000000003,2.8971,2.9132000000000002,2.9305000000000003,2.9463000000000004,2.9569,2.9663,2.9849,2.9945,3.0073000000000003,3.0169,3.0255,3.0379,3.0479000000000003,3.0661,3.0776000000000003,3.0862000000000003,3.0962,3.1121000000000003,3.1213,3.1356,3.1521000000000003,3.1649000000000003,3.1752000000000002,3.1844,3.196,3.2119,3.2196000000000002,3.2337000000000002,3.2454,3.2564,3.2704,3.2832000000000003,3.2941000000000003,3.3053000000000003,3.3143000000000002,3.3271,3.3388,3.3541000000000003,3.3651,3.3789000000000002,3.3891,3.4004000000000003,3.4090000000000003,3.4204000000000003,3.4313000000000002,3.4422,3.4501,3.4608000000000003,3.4703000000000004,3.4798,3.4896000000000003,3.5044,3.5168000000000004,3.523,3.5330000000000004,3.5428,3.552,3.5692000000000004,3.5839000000000003,3.5948,3.608,3.6196,3.6303,3.6389,3.6474,3.66,3.6687000000000003,3.6797,3.6933000000000002,3.7030000000000003,3.7110000000000003,3.7208,3.7309,3.7397,3.7510000000000003,3.7663,3.7809000000000004,3.7981000000000003,3.8095000000000003,3.822,3.8289,3.8383000000000003,3.8475,3.8633,3.8783000000000003,3.8858,3.9003,3.9113,3.9211,3.9417,3.9538,3.9636,3.976,3.9864,3.9982,4.0154000000000005,4.0288,4.043,4.0528,4.0646,4.0755,4.0904,4.0994,4.1157,4.1261,4.1388,4.1534,4.1632,4.1755,4.1850000000000005,4.1963,4.2122,4.2229,4.2394,4.2511,4.2628,4.274500000000001,4.2889,4.3053,4.3156,4.3262,4.34,4.3543,4.3615,4.3782000000000005,4.3866000000000005,4.4033,4.4148000000000005,4.426200000000001,4.4371,4.4438,4.454400000000001,4.4661,4.4825,4.4894,4.5011,4.5149,4.5248,4.5368,4.5484,4.5605,4.5704,4.5857,4.5956,4.603800000000001,4.6142,4.6265,4.6366000000000005,4.6486,4.657,4.6665,4.6795,4.6869000000000005,4.7003,4.7127,4.7257,4.7349000000000006,4.7437000000000005,4.766100000000001,4.7754,4.7860000000000005,4.798900000000001,4.8064,4.8173,4.8274,4.8401000000000005,4.8523000000000005,4.8636,4.875100000000001,4.8916,4.8986,4.9099,4.925,4.9314,4.944500000000001,4.952500000000001,4.9659,4.977,4.986400000000001
63681:0.13770000000000002,0.2509,0.2712,0.3307,0.4697,0.5325,0.659,0.7317,0.8426,0.9274,0.9492,1.0779,1.1577,1.2463,1.2598,1.3349,1.3599,1.4476,1.4663000000000002,1.5582,1.645,1.7336,1.7719,1.8634000000000002,1.8772,1.9541000000000002,2.1267,2.1503,2.2083,2.2327,2.2669,2.3041,2.3279,2.4173,2.4456,2.7365,2.7510000000000003,2.834,2.8776,3.0079000000000002,3.0317000000000003,3.0949,3.1357,3.1951,3.3723,3.4874,3.5292000000000003,3.6145,3.8409,3.8617000000000004,3.9489,3.9810000000000003,4.0326,4.0625,4.152,4.3531,4.3833,4.4568,4.5139000000000005,4.6279,4.6568000000000005,4.7079,4.7968,4.8681,4.9896
63894:0.0035,0.0154,0.016900000000000002,0.0183,0.022000000000000002,0.0268,0.0285,0.0298,0.0357,0.0446,0.045000000000000005,0.0454,0.0506,0.053500000000000006,0.0579,0.060700000000000004,0.06430000000000001,0.07,0.08560000000000001,0.0916,0.1285,0.1396,0.14170000000000002,0.151,0.164,0.1826,0.18280000000000002,0.1849,0.18580000000000002,0.2011,0.20550000000000002,0.2081,0.2204,0.2225,0.22460000000000002,0.2253,0.22640000000000002,0.2272,0.2303,0.23720000000000002,0.2404,0.25070000000000003,0.2509,0.2511,0.2513,0.2529,0.265,0.2727,0.2768,0.27740000000000004,0.2846,0.29050000000000004,0.3023,0.3064,0.3161,0.34750000000000003,0.35710000000000003,0.3594,0.3597,0.37010000000000004,0.3709,0.376,0.3781,0.387,0.39130000000000004,0.394,0.4055,0.4181,0.4243,0.4284,0.43820000000000003,0.45130000000000003,0.4597,0.46390000000000003,0.4892,0.5041,0.5079,0.5205000000000001,0.5433,0.5606,0.5819,0.5864,0.6112000000000001,0.616,0.6172000000000001,0.6183000000000001,0.6337,0.6403,0.6445000000000001,0.6473,0.6479,0.6523,0.6562,0.659,0.665,0.6679,0.6692,0.6696000000000001,0.6917,0.7001000000000001,0.7041000000000001,0.7068,0.7109000000000001,0.7212000000000001,0.7219,0.7297,0.7369,0.7382000000000001,0.7394000000000001,0.7445,0.7558,0.7641,0.7679,0.7684000000000001,0.7717,0.7806000000000001,0.7828,0.7853,0.7889,0.7938000000000001,0.8055,0.8116,0.8170000000000001,0.8188000000000001,0.8192,0.8206,0.8229000000000001,0.8295,0.8308000000000001,0.8351000000000001,0.8538,0.8602000000000001,0.861,0.865,0.8687,0.8697,0.8741,0.8776,0.8898,0.9031,0.9119,0.9141,0.921,0.9213,0.9255,0.9402,0.9432,0.9448000000000001,0.9525,0.9631000000000001,0.9744,0.9878,0.9911000000000001,0.9918,1.0018,1.0243,1.0250000000000001,1.0254,1.0335,1.0383,1.0443,1.0459,1.0579,1.059,1.0703,1.0772000000000002,1.0877000000000001,1.0891,1.0896000000000001,1.1094000000000002,1.1096000000000001,1.1101,1.1155000000000002,1.1157000000000001,1.1179000000000001,1.1204,1.1238000000000001,1.1261,1.1413,1.1558000000000002,1.157,1.1594,1.1618000000000002,1.1653,1.1735,1.1784000000000001,1.1803000000000001,1.1875,1.1914,1.1992,1.2001000000000002,1.2211,1.2265000000000001,1.227,1.2341,1.2389000000000001,1.2416,1.2527000000000001,1.2532,1.2564,1.2595,1.2599,1.2698,1.2723,1.2752000000000001,1.2786,1.2799,1.2823,1.2917,1.3025,1.3053000000000001,1.3149,1.3153000000000001,1.3170000000000002,1.3233000000000001,1.3278,1.3383,1.3432000000000002,1.3446,1.345,1.3457000000000001,1.3484,1.3736000000000002,1.3924,1.3938000000000001,1.3984,1.3991,1.4001000000000001,1.4040000000000001,1.4062000000000001,1.4086,1.4202000000000001,1.4293,1.4327,1.4379000000000002,1.4456,1.4505000000000001,1.4545000000000001,1.4621000000000002,1.4638,1.4929000000000001,1.506,1.5096,1.514,1.5239,1.5293,1.5343,1.5411000000000001,1.5419,1.5422,1.5496,1.5506,1.5514000000000001,1.5650000000000002,1.5685,1.5693000000000001,1.5746,1.5786,1.5792000000000002,1.5816000000000001,1.5843,1.5928,1.5959,1.5981,1.6105,1.6128,1.6131,1.6318000000000001,1.6396000000000002,1.6431,1.6446,1.6623,1.6774,1.6806,1.6865,1.6904000000000001,1.6916,1.6995,1.7006000000000001,1.7023000000000001,1.7056,1.7085000000000001,1.709,1.7173,1.7196,1.7245000000000001,1.7319,1.7322000000000002,1.7325000000000002,1.7347000000000001,1.7362000000000002,1.7364000000000002,1.7371,1.742,1.7496,1.7556,1.7579,1.768,1.7868000000000002,1.7956,1.8014000000000001,1.8181,1.822,1.8226,1.8269000000000002,1.8326,1.8365,1.8367,1.8428,1.8463,1.8519,1.8582,1.8588,1.8716000000000002,1.8769,1.8791,1.9022000000000001,1.9032,1.9113,1.9192,1.9199000000000002,1.9214,1.9299000000000002,1.9321000000000002,1.9363000000000001,1.9379000000000002,1.9526000000000001,1.9531,1.959,1.9676,1.9749,1.9764000000000002,1.9774,1.9814,1.9851,2.0026,2.0033000000000003,2.0123,2.0125,2.0206,2.0252,2.0333,2.0408,2.0496000000000003,2.051,2.0563000000000002,2.0607,2.0802,2.0804,2.0862000000000003,2.0900000000000003,2.1092,2.1112,2.1164,2.1262000000000003,2.1287000000000003,2.1305,2.1307,2.1310000000000002,2.1348000000000003,2.1417,2.1632000000000002,2.1642,2.1670000000000003,2.1683,2.1701,2.1714,2.1724,2.1734,2.1774,2.1856,2.1926,2.2059,2.2234000000000003,2.2308,2.2357,2.2395,2.2403,2.2509,2.2572,2.2617000000000003,2.2679,2.2784,2.2842000000000002,2.2862,2.3243,2.3312,2.3323,2.3416,2.3434,2.3466,2.353,2.3616,2.3691,2.3768000000000002,2.3806000000000003,2.3877,2.3892,2.3908,2.3922000000000003,2.3938,2.4011,2.4028,2.4123,2.4246000000000003,2.4255,2.4285,2.4385000000000003,2.4426,2.4442,2.4484,2.4487,2.451,2.4519,2.4537,2.4569,2.4606,2.4642,2.4669000000000003,2.4804,2.4807,2.4825,2.4879000000000002,2.4883,2.5068,2.5256000000000003,2.5279000000000003,2.5329,2.5348,2.5392,2.5465,2.5496000000000003,2.5620000000000003,2.5659,2.5668,2.5689,2.5694,2.5698000000000003,2.5703,2.5784000000000002,2.5796,2.5845000000000002,2.5922,2.5989,2.6034,2.6045000000000003,2.6075,2.6096,2.6108000000000002,2.6268000000000002,2.6285000000000003,2.6374,2.6377,2.6567000000000003,2.6590000000000003,2.6628000000000003,2.6656,2.6786000000000003,2.6863,2.6976,2.6994000000000002,2.7016,2.7059,2.7082,2.7115,2.7310000000000003,2.7325,2.7335000000000003,2.7345,2.782,2.7841,2.8063000000000002,2.8069,2.8080000000000003,2.8115,2.8266,2.829,2.8369,2.8405,2.841,2.8433,2.8451,2.8475,2.8503000000000003,2.8564000000000003,2.8622,2.8653,2.8657000000000004,2.8666,2.8741000000000003,2.8744,2.8775,2.8867000000000003,2.8880000000000003,2.8887,2.8892,2.8927,2.8929,2.8983000000000003,2.9045,2.9061000000000003,2.9083,2.9159,2.9195,2.9223000000000003,2.9282000000000004,2.9316,2.9475000000000002,2.9667000000000003,2.9697,2.9807,2.9946,3.0296000000000003,3.0403000000000002,3.0516,3.0677000000000003,3.0701,3.0731,3.0794,3.081,3.0815,3.0820000000000003,3.0944000000000003,3.1031,3.1072,3.1347,3.137,3.1487000000000003,3.1592000000000002,3.1633,3.1673,3.1799,3.1858,3.1939,3.1976,3.2064000000000004,3.2099,3.2144000000000004,3.2162,3.2207000000000003,3.2230000000000003,3.2305,3.2344,3.2397,3.2415000000000003,3.2458,3.2609000000000004,3.2618,3.2637,3.265,3.27,3.2736,3.2803,3.2936,3.2946,3.2960000000000003,3.3061000000000003,3.3098,3.3244000000000002,3.3301000000000003,3.3317,3.3344,3.345,3.3496,3.3577000000000004,3.358,3.3596000000000004,3.3605,3.3668,3.3757,3.3775,3.3777000000000004,3.3801,3.3839,3.3936,3.3943000000000003,3.4137,3.4188,3.4218,3.4255,3.4304,3.4364000000000003,3.4377,3.4405,3.4416,3.4429000000000003,3.4461000000000004,3.4482000000000004,3.4525,3.4776000000000002,3.4797000000000002,3.4823,3.4953000000000003,3.4957000000000003,3.4978000000000002,3.5006000000000004,3.5028,3.5118,3.5246,3.5285,3.5413,3.5435000000000003,3.5446,3.5495,3.5933,3.5942000000000003,3.6003000000000003,3.6167000000000002,3.6193,3.6206,3.6234,3.6256000000000004,3.6421,3.648,3.664,3.6685000000000003,3.6841000000000004,3.6881000000000004,3.704,3.7104000000000004,3.7121000000000004,3.7206,3.7254,3.7256,3.726,3.7326,3.7407000000000004,3.7447000000000004,3.746,3.7465,3.7477,3.7582,3.7599,3.7618,3.7634000000000003,3.7642,3.7673,3.7739000000000003,3.7747,3.7756000000000003,3.7829,3.7840000000000003,3.7897000000000003,3.7946,3.8000000000000003,3.809,3.8127,3.8183000000000002,3.8209,3.8214,3.8288,3.8374,3.8501000000000003,3.8514000000000004,3.8558000000000003,3.8608000000000002,3.865,3.8677,3.8769,3.8805,3.8927,3.9123,3.914,3.9367,3.9385000000000003,3.9568000000000003,3.9612000000000003,3.963,3.9788,4.0194,4.0267,4.0313,4.033,4.0359,4.0373,4.0544,4.0555,4.058800000000001,4.077100000000001,4.0815,4.0838,4.089300000000001,4.1142,4.1181,4.1272,4.1306,4.1311,4.1329,4.1443,4.1530000000000005,4.1632,4.1766000000000005,4.2047,4.215,4.2168,4.2170000000000005,4.2187,4.226100000000001,4.2354,4.2367,4.2485,4.2526,4.2555000000000005,4.2587,4.2673000000000005,4.2696000000000005,4.2755,4.2795000000000005,4.2805,4.2828,4.2979,4.3032,4.3293,4.3315,4.3340000000000005,4.3396,4.3455,4.3521,4.3646,4.3653,4.367500000000001,4.3879,4.3974,4.4038,4.4071,4.4099,4.4176,4.4283,4.4343,4.4401,4.4469,4.4501,4.4575000000000005,4.4642,4.4732,4.4901,4.492900000000001,4.5003,4.5052,4.5074000000000005,4.5143,4.5148,4.5156,4.5324,4.5353,4.5538,4.5628,4.5645,4.5756000000000006,4.5988,4.6014,4.6035,4.6041,4.6092,4.6094,4.6165,4.6281,4.6342,4.667800000000001,4.6696,4.6704,4.681500000000001,4.6886,4.6948,4.7051,4.7113000000000005,4.7241,4.7346,4.7367,4.746300000000001,4.7553,4.772,4.7785,4.780200000000001,4.7979,4.806,4.8095,4.8169,4.8292,4.8338,4.8343,4.8392,4.8472,4.8495,4.8523000000000005,4.8558,4.8564,4.8573,4.862900000000001,4.8632,4.8643,4.8655,4.8779,4.887700000000001,4.896,4.8968,4.9001,4.9004,4.9016,4.9044,4.9203,4.9266000000000005,4.9299,4.9313,4.9435,4.9462,4.9474,4.9518,4.9621,4.966,4.9675,4.968,4.9716000000000005,4.98,4.9871,4.9946,4.9965
64005:0.033100000000000004,0.07730000000000001,0.1553,0.2503,0.40750000000000003,0.5469,0.5553,0.6246,0.7588,0.8306,0.9994000000000001,1.0799,1.2308000000000001,1.2404000000000002,1.3883,1.4111,1.4289,1.4967000000000001,1.5396,1.7175,1.7703,1.925,2.1799,2.2426,2.3125,2.3639,2.528,2.593,2.7255000000000003,2.7349,2.8315,2.8528000000000002,2.9839,3.1294,3.1966,3.2102,3.2644,3.3809,3.3907000000000003,3.4742,3.5401000000000002,3.6985,3.8356000000000003,3.8468,3.8558000000000003,3.9332000000000003,3.991,4.2308,4.2399000000000004,4.386,4.4806,4.6908,4.699,4.8077000000000005,4.9651000000000005
64202:0.0037,0.0053,0.013300000000000001,0.0165,0.027,0.043000000000000003,0.0449,0.045700000000000005,0.0466,0.048600000000000004,0.051000000000000004,0.056400000000000006,0.059500000000000004,0.0853,0.08950000000000001,0.10300000000000001,0.1042,0.10930000000000001,0.12200000000000001,0.12840000000000001,0.1312,0.13490000000000002,0.1394,0.14800000000000002,0.1484,0.15280000000000002,0.1537,0.1648,0.1819,0.1849,0.2018,0.2049,0.2141,0.2222,0.2351,0.2437,0.26680000000000004,0.27690000000000003,0.2886,0.3004,0.3116,0.31420000000000003,0.3255,0.32680000000000003,0.33440000000000003,0.33630000000000004,0.3418,0.35500000000000004,0.3572,0.36010000000000003,0.3634,0.3673,0.3733,0.3804,0.3849,0.386,0.40090000000000003,0.4048,0.4055,0.40950000000000003,0.41040000000000004,0.4106,0.4137,0.41540000000000005,0.4169,0.4312,0.43460000000000004,0.447,0.44920000000000004,0.4525,0.4651,0.46680000000000005,0.4703,0.4751,0.4864,0.4892,0.4933,0.49860000000000004,0.5038,0.5148,0.519,0.5216000000000001,0.5324,0.5327000000000001,0.5416000000000001,0.5758,0.5765,0.5881000000000001,0.596,0.5975,0.6084,0.6179,0.6227,0.623,0.6273000000000001,0.6324000000000001,0.6374000000000001,0.6418,0.6483,0.6566000000000001,0.6837000000000001,0.6839000000000001,0.7089000000000001,0.7264,0.7273000000000001,0.7457,0.7719,0.7738,0.7753,0.7844,0.787,0.7877000000000001,0.7916000000000001,0.7976000000000001,0.8220000000000001,0.8228000000000001,0.8269000000000001,0.8319000000000001,0.8401000000000001,0.8505,0.8513000000000001,0.8551000000000001,0.8581000000000001,0.8671000000000001,0.8767,0.8821,0.8826,0.8849,0.8882,0.8889,0.8908,0.8968,0.9115000000000001,0.9202,0.9333,0.9475,0.9531000000000001,0.9562,0.9624,0.9742000000000001,0.9841000000000001,0.9993000000000001,1.0027000000000001,1.0090000000000001,1.0341,1.0397,1.0531000000000001,1.0539,1.0592000000000001,1.0657,1.0707,1.0777,1.0791,1.0987,1.1035000000000001,1.1171,1.1239000000000001,1.1242,1.1373,1.1409,1.1443,1.1457000000000002,1.1477000000000002,1.149,1.1545,1.1584,1.1704,1.1805,1.1880000000000002,1.1922000000000001,1.1966,1.1982000000000002,1.2014,1.2116,1.2142000000000002,1.2213,1.2223000000000002,1.2241,1.2247000000000001,1.2397,1.2494,1.2938,1.3055,1.3062,1.3173000000000001,1.3191000000000002,1.3194000000000001,1.3255000000000001,1.33,1.3382,1.3443,1.3462,1.3484,1.3541,1.3569,1.3597000000000001,1.3799000000000001,1.3863,1.3941000000000001,1.4008,1.4052,1.4069,1.4092,1.4140000000000001,1.4201000000000001,1.4208,1.4220000000000002,1.4386,1.4583000000000002,1.4613,1.4626000000000001,1.4659,1.4726000000000001,1.4789,1.4809,1.4904000000000002,1.4962,1.5008000000000001,1.5029000000000001,1.5087000000000002,1.5090000000000001,1.5196,1.5224,1.5229000000000001,1.5239,1.5257,1.5315,1.536,1.5654000000000001,1.5691000000000002,1.5739,1.5782,1.5806,1.5817,1.5976000000000001,1.6008,1.6012000000000002,1.606,1.6094000000000002,1.6153000000000002,1.6449,1.6515000000000002,1.6527,1.655,1.6567,1.6571,1.6593,1.6726,1.6853,1.6881000000000002,1.7039000000000002,1.7104000000000001,1.7209,1.7289,1.7356,1.7405000000000002,1.7461,1.7478,1.7488000000000001,1.7905,1.794,1.8097,1.812,1.8256000000000001,1.8389,1.8433000000000002,1.8484,1.8542,1.8619,1.8886,1.9002000000000001,1.9014000000000002,1.9219000000000002,1.9274,1.9357000000000002,1.9365,1.9383000000000001,1.9463000000000001,1.9511,1.9540000000000002,1.9547,1.9607,1.9662000000000002,1.9715,1.9824000000000002,1.9869,1.9871,1.9925000000000002,2.0064,2.0093,2.0132,2.0327,2.0423,2.0449,2.0505,2.0517000000000003,2.0531,2.0569,2.0588,2.0681000000000003,2.1127000000000002,2.1234,2.1381,2.1419,2.157,2.1674,2.1744,2.18,2.1865,2.1906000000000003,2.2072000000000003,2.2121,2.2148000000000003,2.2190000000000003,2.2202,2.2283,2.229,2.2496,2.2548,2.2646,2.2801,2.3029,2.3269,2.3277,2.3283,2.3352,2.3391,2.3488,2.3709000000000002,2.3760000000000003,2.3861000000000003,2.4,2.4035,2.4156,2.418,2.4185000000000003,2.4229000000000003,2.4236,2.4318,2.4568000000000003,2.4615,2.4647,2.4743,2.4869000000000003,2.4924,2.5050000000000003,2.5152,2.5155000000000003,2.5166,2.5228,2.5232,2.5258000000000003,2.5353000000000003,2.5499,2.5701,2.5725000000000002,2.5743,2.5877000000000003,2.5889,2.5897,2.5927000000000002,2.5964,2.6001000000000003,2.6077,2.6253,2.6329000000000002,2.6332,2.6489000000000003,2.6516,2.6548000000000003,2.6626000000000003,2.6718,2.6792000000000002,2.6831,2.6851000000000003,2.6932,2.6972,2.7033,2.7098,2.71,2.7158,2.7177000000000002,2.7179,2.72,2.7225,2.7269,2.7302,2.7314000000000003,2.7424,2.7493000000000003,2.7528,2.7623,2.7835,2.7874000000000003,2.7948,2.7973000000000003,2.7975000000000003,2.7989,2.814,2.8218,2.8267,2.8284000000000002,2.8334,2.8374,2.8431,2.8488,2.8492,2.8636,2.867,2.8749000000000002,2.8796,2.891,2.8982,2.9017,2.9066,2.9089,2.9129,2.9232,2.9258,2.9455,2.9484000000000004,2.9652000000000003,2.9914,3.0131,3.0279000000000003,3.0349,3.0378000000000003,3.0394,3.0416000000000003,3.0422000000000002,3.0462000000000002,3.0535,3.0681000000000003,3.0986000000000002,3.1024000000000003,3.1157000000000004,3.1259,3.1339,3.1362,3.1385,3.1403000000000003,3.1413,3.1519000000000004,3.1562,3.1602,3.1748000000000003,3.1867,3.197,3.2032000000000003,3.2037,3.2046,3.2097,3.2186000000000003,3.2197,3.2361,3.2422,3.2449000000000003,3.2521,3.2720000000000002,3.2748000000000004,3.2759,3.2781000000000002,3.2800000000000002,3.2835,3.2972,3.3040000000000003,3.3206,3.3214,3.3217000000000003,3.3231,3.3251,3.3333000000000004,3.3363,3.3397,3.3459000000000003,3.3514000000000004,3.3593,3.3614,3.3783000000000003,3.3849,3.3852,3.3854,3.3898,3.3963,3.4041,3.4061000000000003,3.4165,3.4169,3.4371,3.4589000000000003,3.4715000000000003,3.4813,3.4822,3.4883,3.4943,3.4954,3.4993000000000003,3.5005,3.5088000000000004,3.5134000000000003,3.5189000000000004,3.5229000000000004,3.5331,3.5371,3.5429000000000004,3.5505,3.5605,3.5626,3.5641000000000003,3.5647,3.5653,3.5721000000000003,3.5728,3.5735,3.5756,3.5793000000000004,3.5865,3.5898000000000003,3.5972,3.5998,3.6193,3.6214,3.6245000000000003,3.6298000000000004,3.6442,3.6474,3.6516,3.6565000000000003,3.6601000000000004,3.6659,3.6700000000000004,3.6745,3.6774,3.6835,3.6842,3.692,3.6961000000000004,3.6996,3.7018,3.7043000000000004,3.7048,3.7179,3.7185,3.725,3.7451000000000003,3.7588000000000004,3.7668000000000004,3.8064,3.8225000000000002,3.8234000000000004,3.826,3.8379000000000003,3.8423000000000003,3.8433,3.8463000000000003,3.8474000000000004,3.8493000000000004,3.8519,3.8565,3.8571,3.8607,3.8655000000000004,3.8785000000000003,3.8889,3.8896,3.8908,3.8918000000000004,3.927,3.9426,3.9531,3.9547000000000003,3.9685,3.9688000000000003,3.9708,3.9725,3.9833000000000003,3.9978000000000002,3.9994,4.0013000000000005,4.0057,4.007000000000001,4.0111,4.0123,4.014600000000001,4.0158000000000005,4.0253000000000005,4.030600000000001,4.0394000000000005,4.0463000000000005,4.0474000000000006,4.049300000000001,4.0574,4.0639,4.0659,4.067200000000001,4.0679,4.0722000000000005,4.081,4.083600000000001,4.0887,4.0898,4.09,4.0974,4.1025,4.1153,4.1256,4.1286000000000005,4.135400000000001,4.1405,4.1486,4.1535,4.1643,4.166300000000001,4.1693,4.1795,4.1852,4.1895,4.1969,4.2161,4.2191,4.232200000000001,4.2365,4.242900000000001,4.2659,4.2767,4.2833000000000006,4.2965,4.299300000000001,4.3029,4.305400000000001,4.3083,4.3135,4.3372,4.3379,4.341200000000001,4.3443000000000005,4.3505,4.3521,4.3739,4.375,4.3762,4.3796,4.3844,4.386,4.3895,4.3955,4.407,4.4142,4.4146,4.4238,4.4244,4.4434000000000005,4.4553,4.4664,4.4698,4.471900000000001,4.4813,4.4848,4.4926,4.4928,4.4957,4.5076,4.514,4.5254,4.5411,4.5421000000000005,4.5515,4.5688,4.5709,4.5769,4.5906,4.590800000000001,4.6069,4.6188,4.6248000000000005,4.629700000000001,4.6478,4.6496,4.6547,4.6586,4.659,4.668200000000001,4.6686000000000005,4.6736,4.6871,4.6897,4.6905,4.6993,4.7109000000000005,4.7115,4.7155000000000005,4.722700000000001,4.7306,4.7315000000000005,4.7363,4.7419,4.7462,4.7587,4.7724,4.7837000000000005,4.7847,4.7885,4.7918,4.8026,4.8148,4.8157000000000005,4.8439000000000005,4.847,4.8607000000000005,4.865200000000001,4.8664000000000005,4.8697,4.8704,4.8923000000000005,4.909400000000001,4.9203,4.936,4.9425,4.9566,4.960100000000001,4.9695,4.9703,4.9745,4.9749,4.979,4.9811000000000005,4.9823,4.9941,4.9981,4.9985
64659:2.2665,2.9823
65063:0.0103,0.014100000000000001,0.0164,0.0175,0.029,0.0499,0.0512,0.0577,0.0719,0.0738,0.08020000000000001,0.081,0.0989,0.1022,0.1042,0.1051,0.1061,0.1136,0.1212,0.1223,0.1298,0.1353,0.1374,0.1495,0.1517,0.1522,0.1608,0.1631,0.1719,0.1753,0.1887,0.1892,0.1897,0.2038,0.2046,0.21180000000000002,0.2222,0.2298,0.23320000000000002,0.2432,0.27440000000000003,0.2797,0.30610000000000004,0.3116,0.3155,0.3305,0.33440000000000003,0.3554,0.35900000000000004,0.3663,0.3674,0.3713,0.386,0.3919,0.3977,0.4156,0.4365,0.4541,0.45520000000000005,0.4587,0.47350000000000003,0.4812,0.48200000000000004,0.4822,0.48650000000000004,0.5018,0.5099,0.5131,0.5164,0.5178,0.5369,0.54,0.5432,0.5680000000000001,0.5738,0.5880000000000001,0.5897,0.5904,0.5945,0.6136,0.6142000000000001,0.6189,0.6259,0.6264000000000001,0.6336,0.6354000000000001,0.6436000000000001,0.6504,0.6551,0.6575000000000001,0.662,0.6651,0.6805,0.6857000000000001,0.6869000000000001,0.6904,0.6931,0.6940000000000001,0.6995,0.7012,0.7161000000000001,0.7174,0.7225,0.7422000000000001,0.7583000000000001,0.7585000000000001,0.7781,0.7814,0.7851,0.7884,0.794,0.8026000000000001,0.8171,0.8194,0.8204,0.8251000000000001,0.8371000000000001,0.8407,0.8542000000000001,0.8548,0.8628,0.874,0.8743000000000001,0.8772000000000001,0.881,0.8829,0.8926000000000001,0.8938,0.8965000000000001,0.9019,0.9137000000000001,0.9309000000000001,0.9379000000000001,0.9423,0.9551000000000001,0.9577,0.9745,0.996,1.0057,1.0136,1.0224,1.0422,1.0526,1.0543,1.0625,1.0649,1.0689,1.0788,1.0811,1.0846,1.0918,1.1039,1.111,1.1193,1.1244,1.1303,1.1409,1.1421000000000001,1.1479000000000001,1.1513,1.1519000000000001,1.1555,1.1682000000000001,1.1763000000000001,1.1785,1.1808,1.1868,1.1981000000000002,1.2055,1.2315,1.2363,1.2389000000000001,1.2488000000000001,1.2504,1.2548000000000001,1.2639,1.2669000000000001,1.2723,1.2808000000000002,1.2857,1.3009000000000002,1.314,1.3176,1.3191000000000002,1.329,1.3317,1.3387,1.3456000000000001,1.3525,1.3538000000000001,1.3603,1.3922,1.4033,1.4106,1.4208,1.4211,1.4279000000000002,1.4285,1.4389,1.4638,1.4683000000000002,1.4774,1.4855,1.4869,1.4881,1.5065000000000002,1.5177,1.518,1.5183,1.5364,1.5450000000000002,1.5514000000000001,1.5553000000000001,1.5576,1.5682,1.5711000000000002,1.5845,1.5928,1.5988,1.6021,1.6052000000000002,1.6067,1.6078000000000001,1.6234000000000002,1.6242,1.6251,1.6380000000000001,1.6468,1.6484,1.6487,1.6501000000000001,1.6566,1.6661000000000001,1.6784000000000001,1.6798000000000002,1.6849,1.6894,1.7043000000000001,1.7075,1.7154,1.7242000000000002,1.7291,1.7304000000000002,1.7324000000000002,1.7341,1.735,1.7382000000000002,1.7391,1.7545000000000002,1.7594,1.7619,1.7627000000000002,1.7665000000000002,1.7724,1.7813,1.8199,1.8318,1.8404,1.8406,1.8463,1.8466,1.8490000000000002,1.8579,1.8635000000000002,1.866,1.8698000000000001,1.8701,1.8735000000000002,1.8773000000000002,1.8819000000000001,1.8860000000000001,1.8898000000000001,1.8920000000000001,1.8955000000000002,1.8993,1.9186,1.9269,1.9277000000000002,1.9337000000000002,1.9365,1.9469,1.9611,1.9678,1.9756,1.9833,1.9895,1.9961,1.9985000000000002,2.0289,2.0377,2.0442,2.0753,2.0942000000000003,2.0965000000000003,2.1239,2.1295,2.1341,2.1418,2.1485000000000003,2.1531000000000002,2.1566,2.1588000000000003,2.1615,2.1736,2.2054,2.2204,2.2247,2.2294,2.2485,2.2516000000000003,2.263,2.2792,2.2818,2.283,2.2901000000000002,2.2932,2.2952,2.3032,2.3035,2.3046,2.3122000000000003,2.3227,2.3257000000000003,2.334,2.3373,2.3551,2.3567,2.3606000000000003,2.3655,2.3708,2.3777,2.387,2.3897,2.4062,2.4252000000000002,2.4278,2.4292000000000002,2.4327,2.4364,2.4528000000000003,2.4617,2.4636,2.4906,2.5054000000000003,2.5058000000000002,2.5140000000000002,2.5147,2.516,2.5323,2.545,2.5687,2.5771,2.5821,2.5851,2.5969,2.6021,2.6088,2.6354,2.6416,2.6637,2.6721,2.6736,2.6751,2.6773000000000002,2.6793,2.6952000000000003,2.7006,2.7069,2.709,2.7106000000000003,2.714,2.7159,2.7175000000000002,2.7181,2.7362,2.737,2.7498,2.7525,2.7565,2.7594000000000003,2.7760000000000002,2.7811000000000003,2.7856,2.7884,2.7892,2.7941000000000003,2.8056,2.8099000000000003,2.8113,2.8252,2.8258,2.8335000000000004,2.8472,2.8560000000000003,2.8674,2.8695,2.8772,2.8795,2.8884000000000003,2.8889,2.895,2.899,2.9026,2.9144,2.9205,2.935,2.9413,2.9465000000000003,2.9468,2.9578,2.9584,2.9668,2.9712,2.9766000000000004,2.9778000000000002,2.9788,2.9908,2.9965,3.0022,3.0024,3.0056000000000003,3.0141,3.0258000000000003,3.0260000000000002,3.0332000000000003,3.0334000000000003,3.0353000000000003,3.044,3.0485,3.0512,3.0526,3.0551,3.0583,3.0589,3.0653,3.0874,3.0947,3.1038,3.1158,3.1182000000000003,3.121,3.1217,3.1302000000000003,3.1462000000000003,3.1578,3.1581,3.1682,3.1701,3.1745,3.1803000000000003,3.1865,3.1906000000000003,3.1929000000000003,3.2077,3.2081,3.2155,3.2179,3.2314000000000003,3.2506,3.2549,3.2655000000000003,3.273,3.2885,3.2999,3.3007,3.301,3.3116000000000003,3.3129,3.3155,3.3466,3.363,3.3671,3.3849,3.3961,3.4261000000000004,3.4274,3.4318,3.4439,3.4468,3.4563,3.458,3.4632,3.4674,3.4681,3.4786,3.4850000000000003,3.4891,3.4992,3.5019,3.5033000000000003,3.5049,3.5078,3.5139,3.5253,3.527,3.5325,3.5493,3.5588,3.5816000000000003,3.5919000000000003,3.5986000000000002,3.6015,3.6056000000000004,3.6122,3.6124,3.6169000000000002,3.6247000000000003,3.6337,3.6413,3.6433,3.6452,3.6657,3.6714,3.6723000000000003,3.6775,3.6829,3.6913,3.7002,3.7093000000000003,3.7259,3.7265,3.7276000000000002,3.7371000000000003,3.7693000000000003,3.7724,3.7783,3.7807000000000004,3.7902,3.7909,3.7953,3.8036000000000003,3.8195,3.8243,3.8403,3.8468,3.8488,3.8535000000000004,3.8616,3.8624,3.8647,3.8691,3.8960000000000004,3.8991000000000002,3.9083,3.9103000000000003,3.9105000000000003,3.9122000000000003,3.9365,3.9371,3.9427000000000003,3.9436,3.9527,3.9537,3.9770000000000003,3.9776000000000002,3.9896000000000003,3.9957000000000003,3.9976000000000003,4.0144,4.0212,4.0255,4.032900000000001,4.0507,4.0544,4.0821000000000005,4.0841,4.09,4.0932,4.0989,4.1018,4.1024,4.1159,4.1163,4.1181,4.1240000000000006,4.1251,4.1286000000000005,4.1333,4.1399,4.1464,4.1509,4.151800000000001,4.1571,4.175800000000001,4.1963,4.222700000000001,4.2271,4.2305,4.2312,4.2506,4.2529,4.2659,4.2732,4.293,4.2953,4.313400000000001,4.3144,4.3147,4.3186,4.319,4.3193,4.3293,4.333200000000001,4.3335,4.3345,4.3391,4.347,4.3517,4.363700000000001,4.3897,4.3911,4.4083000000000006,4.4196,4.4223,4.4266000000000005,4.4275,4.4293000000000005,4.4313,4.4354000000000005,4.436,4.4484,4.4495000000000005,4.457800000000001,4.4711,4.4942,4.540500000000001,4.5443,4.553,4.554600000000001,4.5816,4.5986,4.6033,4.6212,4.6258,4.626,4.6264,4.627400000000001,4.6677,4.668,4.6858,4.708200000000001,4.7095,4.7149,4.7202,4.7282,4.729,4.7445,4.7457,4.7468,4.7513000000000005,4.7557,4.758900000000001,4.7592,4.7599,4.7628,4.7659,4.7673000000000005,4.769,4.7794,4.7826,4.7857,4.7884,4.791,4.807,4.8188,4.8333,4.8359000000000005,4.8402,4.8491,4.8532,4.8556,4.8588000000000005,4.8635,4.8681,4.8687000000000005,4.8704,4.8855,4.902200000000001,4.912100000000001,4.9189,4.9292,4.9308000000000005,4.9433,4.9439,4.9545,4.9684,4.9735000000000005,4.976500000000001,4.9812,4.9857000000000005
65188:4.8556
65588:0.2523,0.3588,0.6733,0.7831,0.8687,1.1547,1.2810000000000001,1.4205,1.9218000000000002,2.2606,2.4555000000000002,2.9318,2.9741,3.0418000000000003,3.1259,3.3319,3.4603,3.9032,4.6529,4.7399000000000004
65737:0.7804,1.2502,1.3548,1.9441000000000002,3.1439000000000004,3.2968,4.0112000000000005,4.2562,4.8348
65912:0.0212,0.0504,0.0826,0.1075,0.1258,0.1315,0.1642,0.1955,0.2046,0.21580000000000002,0.22990000000000002,0.2396,0.2528,0.2615,0.29810000000000003,0.32070000000000004,0.3523,0.36050000000000004,0.38580000000000003,0.41150000000000003,0.4214,0.452,0.462,0.49450000000000005,0.5024000000000001,0.5207,0.5607,0.5867,0.5949,0.6017,0.6273000000000001,0.6382,0.6531,0.677,0.6843,0.7195,0.7315,0.7442000000000001,0.7838,0.7945,0.8239000000000001,0.8320000000000001,0.8733000000000001,0.8808,0.9112,0.9262,0.9333,0.9486,0.9601000000000001,0.9814,1.0110000000000001,1.0318,1.0506,1.0701,1.0925,1.1105,1.1235,1.1402,1.1616,1.1880000000000002,1.2238,1.2409000000000001,1.2481,1.2785,1.2878,1.3165,1.3258,1.3444,1.3737000000000001,1.3926,1.4275,1.4454,1.4553,1.4817,1.5032,1.5343,1.5453000000000001,1.5573000000000001,1.5814000000000001,1.622,1.6325,1.6707,1.6783000000000001,1.7017,1.7131,1.7281000000000002,1.7461,1.7606000000000002,1.7806000000000002,1.8039,1.8407,1.8543,1.8637000000000001,1.8967,1.9043,1.9329,1.9428,1.9513,2.0002,2.0098000000000003,2.0466,2.0636,2.0773,2.0904000000000003,2.1067,2.1228000000000002,2.1352,2.1633,2.1747,2.1925,2.2176,2.2424,2.2513,2.2661000000000002,2.2774,2.2923,2.3026,2.3157,2.3513,2.3680000000000003,2.39,2.4066,2.4281,2.4377,2.4602,2.4927,2.5347,2.5431,2.5867,2.5992,2.6411000000000002,2.6472,2.6608,2.6771000000000003,2.6883,2.7005000000000003,2.7257000000000002,2.7375000000000003,2.7451000000000003,2.7659000000000002,2.7783,2.7932,2.8076000000000003,2.8233,2.8353,2.8524000000000003,2.8638000000000003,2.9033,2.9111000000000002,2.9499,2.9611,2.9721,2.9936000000000003,3.0060000000000002,3.0224,3.056,3.0822000000000003,3.092,3.1179,3.1252,3.1435,3.1663,3.1737,3.1837,3.1943,3.2127000000000003,3.2214,3.2705,3.2995,3.3116000000000003,3.3534,3.3623000000000003,3.3887,3.4082000000000003,3.4208000000000003,3.4571,3.4681,3.4810000000000003,3.5049,3.5237000000000003,3.5348,3.5527,3.5611,3.5983,3.6363000000000003,3.6788000000000003,3.7086,3.717,3.7324,3.7677,3.7738,3.8087,3.8166,3.8239,3.8363,3.8476000000000004,3.8815000000000004,3.8873,3.9016,3.9141000000000004,3.9256,3.9424,3.9554,3.9715000000000003,4.000900000000001,4.0217,4.0343,4.054,4.0772,4.1159,4.125900000000001,4.1429,4.1815,4.1952,4.242900000000001,4.2579,4.279100000000001,4.3021,4.3174,4.3373,4.359500000000001,4.3709,4.407,4.430400000000001,4.441,4.449800000000001,4.4642,4.4872000000000005,4.5006,4.5082,4.5495,4.5763,4.601100000000001,4.6115,4.6309000000000005,4.6431000000000004,4.6557,4.666300000000001,4.6932,4.7024,4.7266,4.7396,4.7765,4.7872,4.8199000000000005,4.8299,4.8391,4.8575,4.899,4.9305,4.973800000000001,4.9985
65955:0.0193,0.0502,0.1217,0.12840000000000001,0.1635,0.2019,0.2245,0.23820000000000002,0.2556,0.2984,0.34950000000000003,0.384,0.4143,0.45370000000000005,0.462,0.48910000000000003,0.5003000000000001,0.5614,0.5936,0.6018,0.6246,0.6321,0.6736000000000001,0.7171000000000001,0.7305,0.7837000000000001,0.8219000000000001,0.8767,0.9195000000000001,0.9352,0.9521000000000001,1.0312000000000001,1.0819,1.1355,1.2466000000000002,1.2745,1.3147,1.34,1.3717000000000001,1.4435,1.4499,1.4845000000000002,1.5235,1.5453000000000001,1.5725,1.6304,1.6674,1.6759000000000002,1.7051,1.7428000000000001,1.7483000000000002,1.8412000000000002,1.8974000000000002,1.9043,1.9384000000000001,1.9488,1.9966000000000002,2.0031,2.0833,2.133,2.1647000000000003,2.1926,2.2397,2.2543,2.2784,2.2943000000000002,2.3663000000000003,2.3963,2.4275,2.4581,2.539,2.599,2.6352,2.6478,2.6824000000000003,2.6997,2.7179,2.7424,2.7694,2.7855000000000003,2.8117,2.8264,2.8526000000000002,2.8637,2.8994,2.9103000000000003,2.9571,2.9628,2.9899,3.0052000000000003,3.0545,3.0900000000000003,3.1232,3.1630000000000003,3.1709,3.1874000000000002,3.2191,3.2984,3.3139000000000003,3.3596000000000004,3.3845,3.4145000000000003,3.468,3.4948,3.5061,3.5317000000000003,3.5589,3.5958,3.7068000000000003,3.7150000000000003,3.7634000000000003,3.8085,3.8141000000000003,3.8283,3.8841,3.9192,3.9558,4.0338,4.0747,4.1148,4.1251,4.180000000000001,4.2533,4.2595,4.3017,4.3341,4.357200000000001,4.3629,4.3913,4.4463,4.5004,4.5058,4.5976,4.6036,4.6266,4.6439,4.6930000000000005,4.737900000000001,4.7736,4.7804,4.8238,4.8363000000000005,4.8542000000000005,4.8955,4.9289000000000005
66381:0.24200000000000002,0.9609000000000001,1.3807,1.9581000000000002,2.2641,2.8413,4.369400000000001,4.8531
66804:2.7369000000000003,3.8651
66812:0.13570000000000002,0.2364,0.2923,0.3546,0.5391,0.6113000000000001,0.7447,0.8290000000000001,0.9472,0.9838,1.3378,1.4949000000000001,1.7001000000000002,1.8813000000000002,2.0992,2.2336,2.2937000000000003,2.8186,2.9727,3.053,3.1100000000000003,3.3421000000000003,3.4637000000000002,3.7941000000000003,3.9080000000000004,4.2215,4.369800000000001,4.4289000000000005,4.660200000000001,4.7414000000000005
67834:0.052000000000000005,0.0995,0.1293,0.1819,0.22190000000000001,0.2504,0.28800000000000003,0.3408,0.3735,0.4449,0.4839,0.5348,0.6006,0.6498,0.6749,0.7195,0.7541,0.7829,0.8524,0.8785000000000001,0.9129,0.9442,0.9797,1.0657,1.1277000000000001,1.1558000000000002,1.2138,1.2623,1.2906,1.3193000000000001,1.3846,1.4167,1.4477,1.4802,1.5435,1.6073000000000002,1.6462,1.6963000000000001,1.7466000000000002,1.7863,1.8643,1.9072,1.9371,2.0125,2.0734,2.112,2.1509,2.2157,2.2564,2.2888,2.3306,2.3879,2.4303,2.4601,2.499,2.5901,2.6514,2.7314000000000003,2.7747,2.8248,2.8673,2.9149000000000003,2.9494000000000002,2.9726000000000004,3.0138000000000003,3.0383,3.0656000000000003,3.1047000000000002,3.1315,3.1764,3.2378,3.3032000000000004,3.3295000000000003,3.3844000000000003,3.4182,3.4606000000000003,3.4939,3.5935,3.6397000000000004,3.6736,3.7426000000000004,3.7775000000000003,3.8194000000000004,3.8516000000000004,3.8843,3.9132000000000002,3.9807,4.0254,4.0929,4.1411,4.1834,4.2357000000000005,4.3221,4.3626000000000005,4.4157,4.4613000000000005,4.5145,4.5707,4.6216,4.6591000000000005,4.6993,4.7378,4.8483,4.8875,4.9716000000000005
67955:0.0095,0.0198,0.0205,0.028,0.0357,0.0396,0.0441,0.0485,0.054,0.058600000000000006,0.059000000000000004,0.0911,0.0932,0.0961,0.1134,0.12430000000000001,0.1371,0.1378,0.1381,0.1399,0.1409,0.1511,0.17120000000000002,0.1766,0.1768,0.2049,0.2089,0.21180000000000002,0.2164,0.2177,0.219,0.2194,0.22690000000000002,0.2278,0.24070000000000003,0.24650000000000002,0.24980000000000002,0.2504,0.2541,0.2599,0.2676,0.2711,0.28700000000000003,0.2882,0.2889,0.2944,0.31020000000000003,0.32070000000000004,0.3285,0.33330000000000004,0.3345,0.35550000000000004,0.35660000000000003,0.3607,0.379,0.3815,0.3894,0.3965,0.4062,0.41450000000000004,0.42400000000000004,0.43160000000000004,0.43260000000000004,0.4339,0.4373,0.44070000000000004,0.4414,0.4559,0.462,0.46780000000000005,0.4844,0.49310000000000004,0.4943,0.49610000000000004,0.4974,0.5187,0.5279,0.5323,0.5348,0.5513,0.5566,0.5657,0.5721,0.5746,0.5782,0.5811000000000001,0.5815,0.5966,0.6052000000000001,0.6193000000000001,0.6292,0.6303000000000001,0.632,0.6472,0.6504,0.6649,0.6913,0.7042,0.7148,0.7158,0.7185,0.7189,0.7284,0.7335,0.7341000000000001,0.7355,0.7373000000000001,0.7463000000000001,0.7473000000000001,0.7492000000000001,0.7826000000000001,0.7855000000000001,0.8126,0.8156,0.8160000000000001,0.8270000000000001,0.8331000000000001,0.8378,0.8441000000000001,0.8494,0.8501000000000001,0.8514,0.8549,0.8560000000000001,0.8716,0.8803000000000001,0.8861,0.8926000000000001,0.9004000000000001,0.9205000000000001,0.9237000000000001,0.925,0.928,0.9301,0.9420000000000001,0.9609000000000001,0.9756,0.9788,0.9861000000000001,0.9865,0.9871000000000001,0.9909,0.9979,1.0007000000000001,1.0035,1.0105,1.0172,1.0182,1.0184,1.0273,1.0288000000000002,1.038,1.0386,1.0505,1.0546,1.0665,1.0734000000000001,1.0743,1.0823,1.1018000000000001,1.1082,1.1144,1.1177000000000001,1.1183,1.1344,1.1354,1.1428,1.1468,1.1518000000000002,1.1592,1.1604,1.1749,1.1800000000000002,1.1821000000000002,1.1856,1.1971,1.2026000000000001,1.2174,1.2261,1.2307000000000001,1.2324000000000002,1.2343,1.238,1.252,1.2605,1.2661,1.2673,1.2711000000000001,1.2723,1.2835,1.2911000000000001,1.2928000000000002,1.2943,1.3122,1.3166,1.3281,1.3313000000000001,1.3396000000000001,1.3406,1.3432000000000002,1.3443,1.3493000000000002,1.3517000000000001,1.3531,1.3548,1.3572,1.3655000000000002,1.3686,1.3715000000000002,1.3880000000000001,1.3906,1.4001000000000001,1.4009,1.4013,1.4038000000000002,1.4079000000000002,1.4253,1.427,1.4466,1.4494,1.4537,1.4565000000000001,1.458,1.4662000000000002,1.4764000000000002,1.491,1.4967000000000001,1.4984000000000002,1.5010000000000001,1.5039,1.5070000000000001,1.5108000000000001,1.5129000000000001,1.5152,1.5164,1.5192,1.5268000000000002,1.5332000000000001,1.5470000000000002,1.5506,1.5603,1.5671000000000002,1.5713000000000001,1.5763,1.5872000000000002,1.5991,1.6067,1.6075000000000002,1.6101,1.6277000000000001,1.6293,1.6358000000000001,1.6391,1.6449,1.6501000000000001,1.6505,1.6509,1.6609,1.6634,1.6753,1.6772,1.6834,1.6887,1.6895,1.6898000000000002,1.6916,1.7026000000000001,1.7157,1.72,1.7266000000000001,1.7322000000000002,1.7332,1.7345000000000002,1.7509000000000001,1.7603,1.7762,1.7783,1.7813,1.7817,1.7858,1.7864,1.7913000000000001,1.7943,1.8102,1.8381,1.8447,1.8472000000000002,1.8516000000000001,1.8518000000000001,1.8526,1.8638000000000001,1.8678000000000001,1.8696000000000002,1.8729,1.8743,1.8891,1.8971,1.8989,1.9003,1.9017000000000002,1.9241000000000001,1.9326,1.9446,1.9459000000000002,1.9473,1.9476,1.9576,1.9642000000000002,1.969,1.9708,1.9723000000000002,1.977,1.9811,2.0051,2.0365,2.0380000000000003,2.0392,2.0455,2.0514,2.0659,2.0784000000000002,2.0877,2.0886,2.0900000000000003,2.1008,2.1059,2.1276,2.1378,2.1502,2.1614,2.1659,2.1693000000000002,2.1718,2.1764,2.1792000000000002,2.1885,2.2025,2.2182,2.2216,2.222,2.2263,2.2274000000000003,2.247,2.2527,2.2546,2.2578,2.2593,2.2658,2.2752,2.277,2.2914000000000003,2.2988,2.3005,2.317,2.3248,2.3258,2.3485,2.3539000000000003,2.3689,2.3701000000000003,2.3850000000000002,2.3914,2.4024,2.4055,2.4063000000000003,2.4076,2.4112,2.4143000000000003,2.4211,2.4274,2.4352,2.4396,2.4424,2.4435000000000002,2.4545,2.4548,2.4572000000000003,2.4681,2.4727,2.4890000000000003,2.4894000000000003,2.4944,2.4957000000000003,2.4959000000000002,2.5035000000000003,2.5088,2.5153000000000003,2.5162,2.5278,2.5463,2.5522,2.5527,2.5599000000000003,2.5636,2.5718,2.5826000000000002,2.5837000000000003,2.5864000000000003,2.5901,2.5905,2.5913,2.6076,2.6108000000000002,2.6291,2.6363000000000003,2.6384000000000003,2.6405000000000003,2.649,2.6493,2.6527000000000003,2.6563000000000003,2.6574,2.6611000000000002,2.6628000000000003,2.665,2.6688,2.6758,2.6868000000000003,2.6938,2.6946000000000003,2.6957,2.6966,2.6977,2.6981,2.6992000000000003,2.7103,2.7105,2.7141,2.7144,2.7153,2.7183,2.7195,2.7221,2.7231,2.7292,2.7305,2.7318000000000002,2.7342,2.7378,2.7421,2.7428000000000003,2.753,2.7605,2.7652,2.7656,2.7663,2.7796000000000003,2.786,2.7869,2.8006,2.8029,2.8069,2.8164000000000002,2.8192,2.83,2.8389,2.8433,2.8553,2.8628,2.8720000000000003,2.8818,2.8823000000000003,2.8840000000000003,2.8862,2.8894,2.8977,2.906,2.9171,2.9178,2.9213,2.9279,2.9281,2.9345000000000003,2.9393000000000002,2.9496,2.95,2.9544,2.9791000000000003,2.9794,2.9859,2.9888000000000003,2.9891,2.9979,2.9982,3.0059,3.0081,3.0252000000000003,3.0397000000000003,3.0441000000000003,3.0455,3.0584000000000002,3.0604,3.0624000000000002,3.077,3.0869,3.0879000000000003,3.0883000000000003,3.0971,3.1023,3.1071,3.1135,3.1184000000000003,3.1237000000000004,3.1248,3.1274,3.1384000000000003,3.1432,3.1655,3.1682,3.1684,3.1691000000000003,3.1695,3.1726,3.1786000000000003,3.1959,3.1993,3.2041,3.2168,3.2245000000000004,3.225,3.2271,3.2298,3.2396000000000003,3.2399,3.2442,3.2474000000000003,3.2555,3.2667,3.2724,3.2806,3.2838000000000003,3.2910000000000004,3.2958000000000003,3.2962000000000002,3.3168,3.3175000000000003,3.3215000000000003,3.3371,3.3492,3.3553,3.3659000000000003,3.3691,3.3718000000000004,3.3856,3.387,3.3878000000000004,3.3911000000000002,3.4065000000000003,3.4156,3.4613,3.4632,3.4667000000000003,3.4878,3.4903,3.5042,3.5046000000000004,3.5056000000000003,3.5122,3.5131,3.5165,3.5249,3.5322,3.5369,3.5414000000000003,3.5462000000000002,3.5536000000000003,3.5588,3.5598,3.5646,3.5673000000000004,3.5679000000000003,3.5683000000000002,3.5793000000000004,3.5845000000000002,3.5947,3.604,3.6065,3.6149,3.6201000000000003,3.6446,3.6487000000000003,3.6516,3.6594,3.6896,3.6927000000000003,3.6959,3.7011000000000003,3.7042,3.7096,3.7205000000000004,3.7369000000000003,3.7384000000000004,3.7386000000000004,3.7434000000000003,3.7456,3.7498,3.7531000000000003,3.7647000000000004,3.7679,3.7822,3.7911,3.7943000000000002,3.8013000000000003,3.8156000000000003,3.8196000000000003,3.8378,3.8393,3.8418,3.8452,3.8497000000000003,3.8632,3.8702,3.8814,3.8906,3.8911000000000002,3.9002000000000003,3.9015,3.9258,3.9274,3.9372000000000003,3.9397,3.9403,3.9494000000000002,3.9604000000000004,3.9741000000000004,3.9763,3.9782,3.9799,3.9814000000000003,3.9992,4.0072,4.0076,4.0105,4.022600000000001,4.039000000000001,4.0419,4.053,4.0656,4.0675,4.0728,4.0785,4.0947000000000005,4.1075,4.1113,4.1193,4.1214,4.1378,4.1389000000000005,4.1391,4.1435,4.1450000000000005,4.1453,4.1477,4.1502,4.1538,4.1554,4.1568000000000005,4.1829,4.1863,4.2114,4.2125,4.2136000000000005,4.2167,4.2351,4.244400000000001,4.2508,4.2537,4.2591,4.2606,4.2654000000000005,4.2991,4.3044,4.3147,4.316,4.3197,4.3249,4.336,4.3386000000000005,4.3514,4.3551,4.3564,4.3715,4.3862000000000005,4.3935,4.3941,4.395700000000001,4.3986,4.405600000000001,4.409,4.425800000000001,4.4289000000000005,4.4308000000000005,4.4355,4.4428,4.4526,4.4543,4.4637,4.4645,4.4672,4.4678,4.4695,4.4734,4.4909,4.4954,4.5056,4.5116000000000005,4.5136,4.5215000000000005,4.525,4.5317,4.537,4.5379000000000005,4.5462,4.5505,4.5525,4.5561,4.5571,4.558800000000001,4.5705,4.5711,4.5811,4.5857,4.5882000000000005,4.5915,4.6096,4.619400000000001,4.6223,4.6375,4.6379,4.6437,4.6488000000000005,4.649900000000001,4.6508,4.6645,4.6652000000000005,4.6696,4.6759,4.702500000000001,4.7038,4.7334000000000005,4.7352,4.7393,4.7542,4.7676,4.7843,4.7921000000000005,4.8042,4.8063,4.807,4.8124,4.817200000000001,4.828600000000001,4.8512,4.8646,4.8724,4.8814,4.884,4.8843000000000005,4.8886,4.8989,4.9137,4.917400000000001,4.9203,4.9286,4.9298,4.945600000000001,4.9471,4.9511,4.9637,4.9764,4.9857000000000005,4.9866,4.9869
68046:2.834,4.5781
68740:0.2066,0.6219,1.0834000000000001,1.1821000000000002,2.0119000000000002,2.5311,2.6645000000000003,2.8368,2.9372000000000003,3.7245000000000004,3.7542,4.5806000000000004,4.9255
68873:0.0362,0.0813,0.1587,0.4108,0.5508000000000001,0.5587,0.6279,0.7622,0.8349000000000001,1.0033,1.0843,1.2339,1.3917000000000002,1.4167,1.4346,1.5007000000000001,1.5429000000000002,1.7205000000000001,1.7733,1.9292,2.1839,2.2478000000000002,2.3157,2.3677,2.5311,2.5965000000000003,2.7283,2.7347,2.8354,2.8628,2.9889,3.1339,3.2026000000000003,3.2112000000000003,3.2686,3.3855,3.3944,3.4777,3.5437000000000003,3.7015000000000002,3.8409,3.851,3.8582,3.9371,3.9953000000000003,4.2358,4.3894,4.4838000000000005,4.694,4.812,4.9689000000000005
68994:2.2781000000000002
69413:0.25520000000000004,0.8767,0.9938,1.933,3.0859,3.1358,3.4798,4.7424
69626:0.0189,0.046400000000000004,0.07150000000000001,0.081,0.10250000000000001,0.1482,0.18230000000000002,0.21200000000000002,0.2786,0.3047,0.33680000000000004,0.36560000000000004,0.38220000000000004,0.4133,0.42610000000000003,0.4484,0.47850000000000004,0.4963,0.5231,0.5492,0.5655,0.5985,0.6222,0.6403,0.655,0.6897,0.7011000000000001,0.7535000000000001,0.8121,0.8384,0.863,0.876,0.9086000000000001,0.9315,0.9450000000000001,0.9734,1.0159,1.0594000000000001,1.087,1.1052,1.1199000000000001,1.1588,1.1801000000000001,1.2011,1.2336,1.2584,1.2882,1.3075,1.3596000000000001,1.3909,1.4171,1.4371,1.4775,1.4942,1.5163,1.5333,1.5648,1.584,1.6212,1.6596000000000002,1.7085000000000001,1.7345000000000002,1.7590000000000001,1.7954,1.8178,1.8264,1.8576000000000001,1.9328,1.9460000000000002,1.9669,1.993,2.0197000000000003,2.0491,2.0675,2.1134,2.1403000000000003,2.1607000000000003,2.1974,2.2339,2.2604,2.3251,2.3635,2.3939,2.4144,2.4439,2.4643,2.4799,2.5057,2.5165,2.5385,2.5712,2.6037,2.6255,2.6489000000000003,2.6807000000000003,2.6984,2.7198,2.7720000000000002,2.8047,2.8319,2.8468,2.8801,2.9143000000000003,2.9393000000000002,2.9632,3.0261,3.0469,3.0788,3.0934,3.1157000000000004,3.1386000000000003,3.1569000000000003,3.1946000000000003,3.2153,3.2437,3.2904,3.3115,3.3378,3.3954,3.4063000000000003,3.4286000000000003,3.4637000000000002,3.4824,3.5056000000000003,3.5294000000000003,3.5549,3.5779,3.6072,3.6326,3.6470000000000002,3.6615,3.6737,3.6959,3.7231,3.7425,3.7771000000000003,3.8152000000000004,3.8525,3.8698,3.8996000000000004,3.9360000000000004,3.9775,4.0147,4.0332,4.050800000000001,4.0705,4.0984,4.127800000000001,4.1435,4.1775,4.204400000000001,4.253,4.2783,4.3121,4.341600000000001,4.3571,4.3899,4.425,4.458200000000001,4.4899000000000004,4.5218,4.562600000000001,4.5909,4.6209,4.6422,4.6761,4.7016,4.7319,4.7526,4.8017,4.8251,4.8566,4.8927000000000005,4.9124,4.931,4.9645,4.9919
69919:0.0213,0.05,0.0734,0.08510000000000001,0.09000000000000001,0.1272,0.159,0.1892,0.2136,0.2187,0.2359,0.2477,0.2811,0.30720000000000003,0.32070000000000004,0.3539,0.35910000000000003,0.3684,0.3962,0.44670000000000004,0.5212,0.5375,0.5624,0.5911000000000001,0.6162000000000001,0.6254000000000001,0.6799000000000001,0.7434000000000001,0.7681,0.7905000000000001,0.8260000000000001,0.8603000000000001,0.8752000000000001,0.8977,0.9510000000000001,0.9594,0.9841000000000001,1.0169000000000001,1.067,1.0749,1.1182,1.1420000000000001,1.1603,1.2017,1.2253,1.2422,1.2510000000000001,1.2656,1.2904,1.3229,1.3803,1.4043,1.4200000000000002,1.4486,1.4532,1.4839,1.5126000000000002,1.5289000000000001,1.5526,1.592,1.6244,1.6564,1.6997,1.7555,1.7794,1.8023,1.8306,1.8656000000000001,1.8825,1.9174,1.9308,1.9754,2.0104,2.0300000000000002,2.0779,2.1059,2.1314,2.172,2.1874000000000002,2.2149,2.2281,2.2545,2.2934,2.3511,2.3747000000000003,2.3994,2.427,2.4596,2.4802,2.5107,2.5351,2.5815,2.5985,2.6025,2.6542000000000003,2.7192000000000003,2.7407,2.7742,2.7981000000000003,2.8228,2.8486000000000002,2.8777,2.9079,2.93,2.9605,2.9789000000000003,3.0187,3.0412000000000003,3.0714,3.1139,3.1271,3.1728,3.1965000000000003,3.2209000000000003,3.2428000000000003,3.2618,3.311,3.3386,3.3763,3.394,3.4408000000000003,3.4674,3.4868,3.5273000000000003,3.5708,3.6018000000000003,3.6361000000000003,3.6747,3.6813000000000002,3.725,3.7644,3.7869,3.8198000000000003,3.8381000000000003,3.8640000000000003,3.9132000000000002,3.9359,3.9784,3.9979,4.0294,4.0463000000000005,4.1173,4.1483,4.1803,4.2069,4.2253,4.248,4.291,4.3292,4.337400000000001,4.3714,4.4106000000000005,4.4272,4.4701,4.4999,4.504700000000001,4.5372,4.5652,4.6084000000000005,4.641,4.687600000000001,4.7247,4.7488,4.7872,4.8026,4.8411,4.8744000000000005,4.899900000000001,4.9401,4.9444,4.9789,4.9989
70066:0.030000000000000002,0.1092,0.134,0.19340000000000002,0.2164,0.24630000000000002,0.2647,0.30670000000000003,0.3271,0.3628,0.4158,0.4626,0.5109,0.5276000000000001,0.5947,0.6447,0.6585000000000001,0.6889000000000001,0.7257,0.7899,0.8348,0.8822000000000001,0.9169,0.9387000000000001,0.9857,1.0470000000000002,1.0746,1.1258000000000001,1.1648,1.2277,1.2488000000000001,1.29,1.3285,1.3533000000000002,1.3956000000000002,1.4384000000000001,1.4587,1.5084,1.5507,1.6166,1.6434,1.7051,1.7538,1.7867000000000002,1.8543,1.8714000000000002,1.9099000000000002,1.9476,2.0111,2.0798,2.1211,2.1426000000000003,2.172,2.2047000000000003,2.2259,2.2571000000000003,2.2751,2.3014,2.3214,2.3736,2.4128000000000003,2.4392,2.4965,2.5407,2.6026000000000002,2.653,2.6937,2.7348000000000003,2.7462,2.795,2.8292,2.8616,2.8755,2.9142,2.9647,3.0181,3.0617,3.091,3.1260000000000003,3.1782000000000004,3.1925000000000003,3.2275,3.2808,3.3143000000000002,3.3638000000000003,3.3992,3.4626,3.4843,3.5303,3.5594,3.6073,3.6455,3.7136,3.777,3.8189,3.8449,3.891,3.9418,3.9767,4.0244,4.057,4.121700000000001,4.1496,4.1978,4.2537,4.3215,4.3487,4.375900000000001,4.4321,4.4527,4.4913,4.511,4.5594,4.611400000000001,4.6482,4.6647,4.7024,4.746,4.7902000000000005,4.830900000000001,4.8631,4.9089,4.9442,4.9839
70588:4.6534
71057:0.016900000000000002,0.050300000000000004,0.06470000000000001,0.1009,0.1345,0.14200000000000002,0.18050000000000002,0.2111,0.24700000000000003,0.2528,0.2775,0.2872,0.2937,0.3055,0.3267,0.33630000000000004,0.34500000000000003,0.36260000000000003,0.38130000000000003,0.4015,0.41040000000000004,0.4253,0.4435,0.4515,0.46440000000000003,0.47750000000000004,0.4928,0.4999,0.526,0.5475,0.5582,0.5743,0.5988,0.6109,0.6208,0.6371,0.657,0.6795,0.6997,0.7173,0.7307,0.7529,0.8049000000000001,0.8332,0.8574,0.8645,0.8749,0.9078,0.9278000000000001,0.9373,0.9456,0.9562,0.9821000000000001,1.0038,1.0256,1.0427,1.0496,1.0689,1.0848,1.103,1.1306,1.1443,1.1712,1.1809,1.1996,1.2382,1.2583,1.2777,1.3070000000000002,1.3367,1.3597000000000001,1.3878000000000001,1.4132,1.4349,1.4714,1.4937,1.5011,1.5122,1.5241,1.5345,1.5497,1.5657,1.5790000000000002,1.5855000000000001,1.6183,1.6414,1.6741000000000001,1.7059,1.7334,1.742,1.7573,1.7912000000000001,1.8146,1.8424,1.8565,1.8780000000000001,1.9159000000000002,1.9404000000000001,1.9619000000000002,1.9714,1.985,2.0149,2.0471,2.0608,2.0688,2.0984000000000003,2.1084,2.1327000000000003,2.1554,2.169,2.1884,2.1990000000000003,2.2315,2.2542,2.2772,2.3006,2.3231,2.3599,2.3918,2.3996,2.4199,2.4401,2.4501,2.4622,2.4706,2.4996,2.52,2.5324,2.5555000000000003,2.5711,2.5988,2.6204,2.6454,2.673,2.6814,2.6925000000000003,2.7173000000000003,2.7452,2.7679,2.7794000000000003,2.7859000000000003,2.8082000000000003,2.8372,2.8468,2.8609,2.8753,2.9024,2.9144,2.9369,2.9598,2.9899,3.0242,3.0447,3.0727,3.0884,3.1088,3.1156,3.1339,3.1396,3.1621,3.1861,3.2134,3.238,3.2717,3.2910000000000004,3.3096,3.3401,3.3651,3.3840000000000003,3.4042000000000003,3.4411,3.4648000000000003,3.4795000000000003,3.4901,3.5006000000000004,3.5198,3.5291,3.5523000000000002,3.5777,3.6023,3.6267,3.6363000000000003,3.6470000000000002,3.6623,3.6750000000000003,3.6985,3.7169000000000003,3.7293000000000003,3.7416,3.7769000000000004,3.8066,3.8128,3.8481,3.8674000000000004,3.8975000000000004,3.9129,3.9215,3.9539,3.9714,3.9938000000000002,4.0302,4.0408,4.0549,4.065300000000001,4.077500000000001,4.096,4.1237,4.1368,4.1595,4.1764,4.1969,4.2089,4.2507,4.2728,4.2814000000000005,4.3097,4.3352,4.3478,4.3687000000000005,4.3879,4.4237,4.4386,4.4566,4.4896,4.496,4.5088,4.5247,4.545100000000001,4.5638000000000005,4.5864,4.6037,4.6191,4.643,4.6733,4.7045,4.731,4.7634,4.7897,4.7979,4.8186,4.8533,4.8761,4.8887,4.9116,4.9227,4.9305,4.9503,4.9644,4.9881,4.996700000000001
71121:0.25520000000000004,0.8788,0.9944000000000001,1.9334,3.0860000000000003,4.7432
71459:0.0229,0.0853,0.2806,0.38530000000000003,0.4801,0.5511,0.6929000000000001,0.8616,0.9146000000000001,1.0029000000000001,1.1149,1.1829,1.2383,1.4176,1.5429000000000002,1.7315,1.8270000000000002,2.0486,2.138,2.2661000000000002,2.2741000000000002,2.4022,2.6976,2.831,2.9189000000000003,2.9632,3.0472,3.1009,3.1597,3.3400000000000003,3.4485,3.4658,3.5775,3.6496,3.6727000000000003,3.7459000000000002,3.9373,4.0551,4.143800000000001,4.2882,4.4114,4.635,4.6455,4.8245000000000005,4.9144000000000005,4.9956000000000005
72465:4.2774
72578:0.4116,0.5004000000000001,1.8115,3.1363000000000003,3.8189,4.3161000000000005,4.5637
73773:0.0176,0.0362,0.0641,0.0988,0.12430000000000001,0.1442,0.1751,0.2031,0.2175,0.23550000000000001,0.25270000000000004,0.2773,0.2948,0.3304,0.3522,0.36910000000000004,0.3941,0.41900000000000004,0.4389,0.46330000000000005,0.4882,0.5114000000000001,0.5418000000000001,0.5677,0.5836,0.6081,0.6524,0.6731,0.7172000000000001,0.7376,0.7649,0.7897000000000001,0.8133,0.8401000000000001,0.8591000000000001,0.8878,0.9235000000000001,0.9400000000000001,0.9776,1.0014,1.0242,1.0529,1.0767,1.1104,1.1259000000000001,1.1509,1.1853,1.2229,1.2409000000000001,1.2658,1.2796,1.2996,1.3194000000000001,1.3419,1.358,1.3788,1.4027,1.4292,1.453,1.4886000000000001,1.506,1.5238,1.5525,1.5742,1.5948,1.6121,1.6379000000000001,1.6560000000000001,1.6763000000000001,1.6940000000000002,1.7223000000000002,1.7419,1.7806000000000002,1.7948000000000002,1.8322,1.8538000000000001,1.8778000000000001,1.9002000000000001,1.9276000000000002,1.9509,1.9723000000000002,1.9979,2.0384,2.0572,2.084,2.1097,2.1342000000000003,2.1586000000000003,2.1801,2.2062,2.2243,2.2538,2.2757,2.3045,2.3335,2.375,2.4054,2.4215,2.4433000000000002,2.4731,2.4979,2.5204,2.5506,2.5702000000000003,2.591,2.6142000000000003,2.6385,2.6598,2.6765000000000003,2.7002,2.7178,2.7339,2.7523,2.7688,2.7981000000000003,2.8217000000000003,2.8480000000000003,2.8686000000000003,2.8888000000000003,2.9192,2.9587000000000003,2.9856000000000003,3.0041,3.0408,3.0651,3.0904000000000003,3.1127000000000002,3.1331,3.1576,3.1732,3.1981,3.2208,3.2478000000000002,3.2739000000000003,3.2998000000000003,3.3272000000000004,3.3486000000000002,3.3632,3.3799,3.4116,3.4554,3.4801,3.5032,3.5201000000000002,3.5408000000000004,3.5687,3.5901,3.6192,3.6614,3.6927000000000003,3.7125000000000004,3.7435,3.77,3.7978,3.8202000000000003,3.8441,3.8667000000000002,3.8992,3.9294000000000002,3.9471000000000003,3.9777,4.0091,4.0309,4.059200000000001,4.0803,4.1014,4.1226,4.1452,4.161700000000001,4.1923,4.216200000000001,4.2476,4.2648,4.2944,4.3152,4.3373,4.3589,4.3969000000000005,4.4188,4.437600000000001,4.4571000000000005,4.472,4.4938,4.5144,4.537100000000001,4.5604000000000005,4.5875,4.6097,4.6351,4.651400000000001,4.6726,4.7024,4.7378,4.7656,4.7887,4.8093,4.8338,4.8555,4.8838,4.9062,4.9284,4.9583,4.9905
73832:0.12140000000000001,0.2505,0.3563,0.7322000000000001,0.7841,1.1398000000000001,1.2213,1.9155000000000002,2.2386,2.2849,3.0132000000000003,3.1055,3.4198,3.9033,4.2057,4.4259,4.6582,4.742100000000001
74159:0.5623,1.4384000000000001,2.7387,3.2148000000000003,3.398,3.8547000000000002
74186:0.1965,0.3531,0.49250000000000005,0.6122000000000001,0.9918,1.0741,1.1722000000000001,1.3542,2.0015,2.4565,2.5226,2.6545,2.8309,2.9267000000000003,3.7145,3.744,4.2219,4.5738,4.9158
74399:0.056600000000000004,0.1345,0.1642,0.2005,0.32180000000000003,0.3557,0.38680000000000003,0.39490000000000003,0.4162,0.4257,0.45640000000000003,0.4782,0.5148,0.5930000000000001,0.6384000000000001,0.6920000000000001,0.7814,0.7986000000000001,0.8389000000000001,0.8727,0.8967,0.9601000000000001,1.0204,1.0654000000000001,1.1002,1.1318000000000001,1.1580000000000001,1.1795,1.2145000000000001,1.2229,1.2790000000000001,1.3148,1.329,1.3397000000000001,1.3855000000000002,1.4207,1.5035,1.5118,1.5351000000000001,1.5638,1.5989,1.6133000000000002,1.6695,1.7054,1.7431,1.7651000000000001,1.8076,1.9067,1.9668,2.0019,2.0301,2.0639000000000003,2.1287000000000003,2.1816,2.2027,2.2293000000000003,2.3144,2.3461000000000003,2.434,2.4987,2.529,2.5991,2.6566,2.7266,2.7719,2.8406000000000002,2.8622,2.9130000000000003,2.9252000000000002,2.9426,3.0417,3.0541,3.0921000000000003,3.1332,3.1498,3.1627,3.1922,3.2119,3.2864,3.3139000000000003,3.3453,3.3595,3.3932,3.512,3.5509000000000004,3.571,3.6061,3.6826000000000003,3.7107,3.8205,3.8432000000000004,3.8616,3.9061000000000003,3.9517,4.0115,4.0197,4.048,4.0742,4.1009,4.144,4.1961,4.2652,4.2958,4.3401000000000005,4.3509,4.3866000000000005,4.3993,4.430400000000001,4.4617,4.4856,4.5619000000000005,4.634,4.6632,4.6974,4.7264,4.7532000000000005,4.7971,4.8714,4.9814
74562:0.19640000000000002,0.3529,0.4922,0.612,0.9569000000000001,0.9917,1.0738,1.1720000000000002,1.3541,1.3633,1.9217000000000002,2.0012000000000003,2.4563,2.5223,2.6543,2.8309,2.9264,3.7143,3.7423,4.2216000000000005,4.5737000000000005,4.9156
74633:0.9517,2.2723,2.7569000000000004,4.0673
74775:0.038200000000000005,0.14780000000000001,1.9223000000000001
75049:0.6607000000000001,0.7949,1.2506000000000002,1.3542,1.5158,1.7894,2.382,2.6102000000000003,3.4023000000000003,3.4918,4.2622,4.444100000000001,4.5034,4.708,4.835
75519:0.0632,0.1155,0.18560000000000001,0.22970000000000002,0.4325,0.6756,0.7140000000000001,0.8255,1.0491000000000001,1.1605,1.2208,1.3158,1.3432000000000002,1.6197000000000001,1.6926,1.7252,1.9001000000000001,1.9668,2.0095,2.056,2.1551,2.1881,2.2305,2.2917,2.3998,2.5059,2.5699,2.6811000000000003,2.7416,2.7708,2.8973,2.9579,3.0362,3.0662000000000003,3.1140000000000003,3.1734,3.2316000000000003,3.3762000000000003,3.4370000000000003,3.5170000000000003,3.5708,3.7612,3.8398000000000003,3.8836000000000004,3.9138,3.9945000000000004,4.0722000000000005,4.1365,4.287,4.353800000000001,4.4603,4.5914,4.664000000000001,4.7849,4.8357,4.8692
77241:0.0245
78240:2.8373,3.7509,4.5812
78311:0.0235,0.031,0.0517,0.1241,0.13090000000000002,0.2036,0.2378,0.24780000000000002,0.3,0.3518,0.39130000000000004,0.4137,0.45940000000000003,0.4989,0.5625,0.5962000000000001,0.6297,0.6835,0.7313000000000001,0.7585000000000001,0.8253,0.8308000000000001,0.8791,0.9288000000000001,0.9352,0.9541000000000001,1.0334,1.0596,1.0795000000000001,1.1145,1.1389,1.1492,1.2492,1.2604,1.2854,1.3328,1.3465,1.3804,1.3987,1.4482000000000002,1.4844000000000002,1.5245,1.5525,1.5724,1.587,1.6067,1.6311,1.6751,1.7063000000000001,1.7479,1.7612,1.7890000000000001,1.8085,1.8496000000000001,1.8617000000000001,1.9077000000000002,1.9486,1.9615,1.9971,2.0023,2.0229,2.0625,2.0879000000000003,2.1375,2.1652,2.2092,2.2165,2.2476000000000003,2.2527,2.2794000000000003,2.2949,2.3705000000000003,2.3885,2.4285,2.4513000000000003,2.4634,2.4712,2.5022,2.5585,2.6014,2.6463,2.6732,2.7006,2.7133000000000003,2.7427,2.7762000000000002,2.8229,2.8326000000000002,2.8544,2.8652,2.9098,2.9614000000000003,3.0047,3.0097,3.0191000000000003,3.0568,3.0903,3.1673,3.19,3.2203,3.3007,3.317,3.3614,3.3891,3.4191000000000003,3.4686000000000003,3.5072,3.5272,3.5603000000000002,3.5912,3.6088,3.6831,3.7103,3.7153,3.7297000000000002,3.7436000000000003,3.7676000000000003,3.8135000000000003,3.8501000000000003,3.8867000000000003,3.8965,3.9050000000000002,3.9582,3.9684000000000004,3.9877000000000002,4.0407,4.0792,4.0963,4.125900000000001,4.1437,4.2006000000000006,4.258900000000001,4.301,4.3065,4.362,4.3886,4.447,4.4713,4.5053,4.5407,4.5743,4.6025,4.6483,4.6542,4.6768,4.695600000000001,4.7395000000000005,4.780200000000001,4.7895,4.8398,4.8500000000000005,4.931,4.9793
78706:0.0366,0.2536,0.5522,0.6326,0.7684000000000001,0.8331000000000001,1.2408000000000001,1.3900000000000001,1.7771000000000001,1.9322000000000001,2.2494,2.3664,2.5322,2.5987,2.7316000000000003,2.8359,3.2640000000000002,3.3859000000000004,3.4781,3.5507,3.8554000000000004,3.9949000000000003,4.2333,4.2399000000000004,4.4837,4.6948,4.8128,4.9679
78877:2.8294,3.7415000000000003,4.5734,4.9162
78975:0.051500000000000004,0.09050000000000001,0.5642,0.7704000000000001,1.2531,1.7866000000000002,1.9368,2.2592000000000003,2.3775,2.537,2.7412,3.2213000000000003,3.3970000000000002,4.251
79051:0.027600000000000003,0.1338,0.2092,0.2197,0.23370000000000002,0.25670000000000004,0.3637,0.4249,0.507,0.5986,0.61,0.6899000000000001,0.7383000000000001,0.8379000000000001,0.8873000000000001,0.9375,0.9629000000000001,1.0536,1.0767,1.1276000000000002,1.1679000000000002,1.2473,1.2602,1.2816,1.2947,1.3348,1.3542,1.4355,1.4576,1.5479,1.6400000000000001,1.6914,1.7194,1.8709,1.9074,1.9522000000000002,2.0155000000000003,2.0792,2.1337,2.1455,2.178,2.2301,2.2572,2.29,2.3084000000000002,2.3933,2.4404,2.6045000000000003,2.6595,2.6681,2.6815,2.7024,2.7342,2.7511,2.7829,2.8369,2.8600000000000003,2.882,2.9101000000000004,2.919,2.9747000000000003,3.0087,3.0271000000000003,3.1124,3.1506000000000003,3.176,3.2065,3.2272000000000003,3.3144,3.3667000000000002,3.4815,3.5154,3.5636,3.6062000000000003,3.7216,3.7408,3.7785,3.821,3.8527,3.8989000000000003,3.9103000000000003,3.9385000000000003,3.976,4.0155,4.0274,4.1237,4.138,4.2753000000000005,4.314900000000001,4.325200000000001,4.3737,4.4722,4.5055000000000005,4.5145,4.5873,4.6098,4.6244000000000005,4.6376,4.668200000000001,4.699800000000001,4.765000000000001,4.7925,4.8335,4.8611
79732:0.0362,1.9420000000000002
79993:0.9567,3.7422
80187:0.1537,0.761,1.7118,1.8663,1.9171,2.3044000000000002,2.5275000000000003,2.6879,2.7225,3.1716,3.9783000000000004,4.4783,4.6787
80216:0.0369,0.15130000000000002,1.925
80272:0.15230000000000002,0.27890000000000004,0.3433,0.6748000000000001,0.9393,0.9625,1.2648000000000001,1.4739,1.6608,1.8848,2.1589,2.2264,2.2871,2.3367,2.4552,2.7634000000000003,3.1072,3.2071,3.5018000000000002,3.8698,3.9947000000000004,4.074,4.1679,4.367500000000001,4.4692,4.5273,4.675,4.8818
80283:0.1326,0.2202,0.3297,1.3452000000000002,1.4631,1.6422,2.6778,3.0838,3.4848000000000003,3.822,4.0563,4.3427
80537:1.3603,3.1540000000000004,4.8376
81026:0.6771,0.7323000000000001,1.0636,1.6961000000000002,1.9160000000000001,2.0765000000000002,2.2911,2.5748,2.7049000000000003,3.0688,3.5714,3.7651000000000003,3.9062,4.115200000000001,4.469,4.6654
81297:0.4207,2.7354000000000003,3.8631,4.0129
81321:1.9434
82270:0.16060000000000002,0.2233,0.25720000000000004,0.3442,0.3844,0.46390000000000003,0.6226,0.6815,0.7881,0.8500000000000001,0.9570000000000001,1.3129,1.3518000000000001,1.4063,1.5108000000000001,1.6406,1.7188,1.8272000000000002,1.8973,1.9592,2.0267,2.1366,2.1926,2.2462,2.4038,2.4618,2.5262000000000002,2.5988,2.6459,2.6947,2.765,2.8243,2.9071000000000002,3.0284,3.0969,3.2211000000000003,3.2966,3.3197,3.3893,3.5288000000000004,3.8227,3.8861000000000003,3.9235,4.1412,4.2643,4.3634,4.5054,4.6004000000000005,4.6357,4.7294,4.7962,4.8642,4.994400000000001
82513:0.041100000000000005,0.1288,0.1872,0.23620000000000002,0.2942,0.4035,0.4713,0.5808,0.6728000000000001,0.8190000000000001,0.9074000000000001,1.1357000000000002,1.1985000000000001,1.2673,1.3127,1.3675000000000002,1.4423000000000001,1.544,1.6117000000000001,1.7442,1.8479,1.9016000000000002,2.0713,2.1551,2.2350000000000003,2.2957,2.4327,2.6016,2.6959,2.7631,2.8443,2.8862,2.9879000000000002,3.1212,3.1837,3.3462,3.4615,3.5217,3.5963000000000003,3.6847000000000003,3.7788000000000004,3.8444000000000003,3.9302,3.982,4.0666,4.1238,4.2243,4.3262,4.4288,4.4782,4.6174,4.6752,4.7666,4.8399,4.9289000000000005
83548:4.9497
83554:0.0649,0.1399,0.4223,0.5633,0.6451,0.9959,1.0755000000000001,1.1761000000000001,1.2434,1.4334,1.5099,1.5503,1.9462000000000002,2.0668,2.1951,2.4521,2.5386,2.8462,2.9153000000000002,3.144,3.225,3.4002000000000003,3.4850000000000003,3.6077000000000004,3.6875,3.8703000000000003,4.0266,4.3992,4.4409,4.984500000000001
83620:0.0129,0.0626,0.1005,0.5814,0.9173,2.5324,3.3109,3.6869,4.4279,4.988700000000001
84472:0.019700000000000002,0.0472,0.0526,0.069,0.0843,0.1268,0.1322,0.1605,0.1699,0.1945,0.22290000000000001,0.2564,0.2676,0.2901,0.3099,0.3395,0.3624,0.3831,0.4091,0.43060000000000004,0.46290000000000003,0.4917,0.4974,0.5227,0.553,0.5770000000000001,0.6027,0.6192000000000001,0.6472,0.6765,0.6878000000000001,0.7177,0.7473000000000001,0.7852,0.8145,0.8498,0.8818,0.8928,0.9283,0.9584,0.9976,1.0304,1.056,1.0852,1.1086,1.1405,1.1583,1.1886,1.2041,1.2413,1.2698,1.2842,1.3076,1.3375000000000001,1.3549,1.3737000000000001,1.4023,1.4104,1.4367,1.4553,1.4827000000000001,1.5137,1.5401,1.564,1.5858,1.6076000000000001,1.6404,1.6572,1.6773,1.7182000000000002,1.7417,1.7662,1.7903,1.8221,1.8410000000000002,1.8629,1.8952,1.9065,1.9383000000000001,1.9614,1.9845000000000002,2.0282,2.0346,2.0735,2.0977,2.1297,2.1350000000000002,2.1648,2.1941,2.2186,2.2435,2.2644,2.298,2.3396,2.3691,2.4024,2.4239,2.4619,2.4724,2.5031000000000003,2.5255,2.5624000000000002,2.5737,2.5972,2.6176,2.6439,2.6791,2.693,2.7188000000000003,2.7381,2.7662,2.7788,2.8156000000000003,2.8265000000000002,2.8569,2.8659000000000003,2.8978,2.9144,2.9598,2.9921,3.0299,3.0603000000000002,3.0919000000000003,3.1229,3.1299,3.1433,3.1735,3.1882,3.2207000000000003,3.2512000000000003,3.2760000000000002,3.3155,3.3285,3.3509,3.3758000000000004,3.3811,3.3883,3.4191000000000003,3.4412000000000003,3.4621,3.4934000000000003,3.5077000000000003,3.5279000000000003,3.5576000000000003,3.5901,3.621,3.6663,3.6870000000000003,3.7154000000000003,3.7315,3.7659000000000002,3.7870000000000004,3.8228,3.8298,3.8526000000000002,3.8849,3.9211,3.9281,3.9552,3.9834,3.9939,4.0107,4.0481,4.0628,4.093500000000001,4.1201,4.1407,4.1662,4.1816,4.2115,4.2336,4.2635000000000005,4.2855,4.3234,4.333200000000001,4.3634,4.3966,4.4091000000000005,4.4406,4.452,4.4779,4.4968,4.5186,4.5463000000000005,4.5868,4.6023000000000005,4.6261,4.6530000000000005,4.6803,4.6971,4.7275,4.7492,4.7716,4.7963000000000005,4.8024000000000004,4.8353,4.8586,4.8641000000000005,4.8693,4.8942000000000005,4.9291,4.935700000000001,4.9494,4.9909
84617:2.7607
84883:0.053000000000000005,0.13090000000000002,0.24050000000000002,0.5984,0.8286,1.6364,1.7566000000000002,1.9043,1.9605000000000001,2.2536,2.2983000000000002,2.604,2.7464,2.8285,2.866,2.9659,3.0051,3.1899,3.3891,3.8156000000000003,3.8933,3.9613,4.264600000000001,4.508900000000001,4.6469000000000005,4.7816,4.8522
84993:0.2785,1.2643,1.4725000000000001,1.8817000000000002,2.7560000000000002
86033:0.0091,0.019,0.0223,0.0436,0.052700000000000004,0.0849,0.0876,0.08990000000000001,0.0988,0.1003,0.1043,0.1073,0.1085,0.1159,0.11900000000000001,0.12480000000000001,0.1308,0.1351,0.1401,0.1434,0.1444,0.1463,0.1484,0.1526,0.15810000000000002,0.15940000000000001,0.1617,0.1625,0.17,0.17850000000000002,0.1893,0.1937,0.1942,0.19640000000000002,0.19690000000000002,0.2081,0.2086,0.2091,0.21630000000000002,0.22510000000000002,0.2277,0.23220000000000002,0.2338,0.2373,0.23970000000000002,0.2416,0.24750000000000003,0.24980000000000002,0.25,0.2514,0.25570000000000004,0.2584,0.26880000000000004,0.2713,0.2726,0.2743,0.2751,0.2788,0.3115,0.3154,0.3169,0.32730000000000004,0.3302,0.3361,0.33640000000000003,0.3422,0.3632,0.3642,0.368,0.3744,0.383,0.3936,0.4091,0.4127,0.4158,0.4279,0.4297,0.4334,0.446,0.45480000000000004,0.4559,0.45980000000000004,0.46130000000000004,0.4655,0.4721,0.4748,0.47650000000000003,0.48050000000000004,0.49300000000000005,0.4963,0.52,0.5234,0.5295,0.533,0.5339,0.5419,0.5583,0.5631,0.5655,0.5784,0.5839,0.6002000000000001,0.6099,0.6185,0.6404000000000001,0.6459,0.6487,0.6612,0.6619,0.6649,0.6685,0.6709,0.6712,0.6729,0.6745,0.6766,0.6772,0.6776,0.6807000000000001,0.6829000000000001,0.6951,0.6977,0.7034,0.7070000000000001,0.7091000000000001,0.7177,0.7196,0.7316,0.7338,0.735,0.7485,0.7494000000000001,0.7501,0.7506,0.7524000000000001,0.7669,0.7867000000000001,0.7933,0.7948000000000001,0.7983,0.8177000000000001,0.8201,0.8245,0.8250000000000001,0.8348,0.8390000000000001,0.8401000000000001,0.8460000000000001,0.8624,0.8631000000000001,0.8719,0.873,0.882,0.8863000000000001,0.8946000000000001,0.8995000000000001,0.9052,0.9077000000000001,0.9099,0.9208000000000001,0.9249,0.9267000000000001,0.9278000000000001,0.9298000000000001,0.9302,0.932,0.9346000000000001,0.9402,0.9408000000000001,0.9619000000000001,0.9734,0.9767,0.9984000000000001,1.0023,1.0049000000000001,1.0126,1.0198,1.0201,1.0236,1.0414,1.0427,1.0763,1.0768,1.0899,1.0936000000000001,1.1081,1.1113,1.1162,1.1176000000000001,1.1352,1.1368,1.1385,1.1389,1.1495,1.1597,1.1887,1.1908,1.2023000000000001,1.2049,1.2092,1.2096,1.2132,1.227,1.2292,1.2313,1.2352,1.2462,1.2467000000000001,1.2522,1.2528000000000001,1.2546000000000002,1.2548000000000001,1.258,1.2682,1.2833,1.3038,1.3045,1.3175000000000001,1.3193000000000001,1.3281,1.3321,1.3348,1.336,1.3378,1.34,1.3538000000000001,1.3575000000000002,1.3658000000000001,1.37,1.3777000000000001,1.3807,1.3958000000000002,1.4203000000000001,1.4275,1.4287,1.4300000000000002,1.4499,1.5,1.5028000000000001,1.5031,1.5044000000000002,1.5204,1.5278,1.5377,1.5435,1.5490000000000002,1.5535,1.5538,1.56,1.5703,1.5705,1.5851000000000002,1.5905,1.6033000000000002,1.6067,1.6133000000000002,1.6159000000000001,1.6245,1.6373,1.6378000000000001,1.6424,1.6620000000000001,1.6632,1.6651,1.6733,1.681,1.6897,1.6931,1.7036,1.7248,1.741,1.7482,1.7598,1.7648000000000001,1.7727000000000002,1.7738,1.7744,1.7756,1.7858,1.7873,1.7944,1.8106,1.8153000000000001,1.8233000000000001,1.8242,1.8254000000000001,1.8265,1.8299,1.8359,1.8430000000000002,1.8521,1.8583,1.8637000000000001,1.8712000000000002,1.8764,1.8882,1.8943,1.8961000000000001,1.8979000000000001,1.8996000000000002,1.9018000000000002,1.9023,1.9025,1.9099000000000002,1.9219000000000002,1.9279000000000002,1.9354,1.9359000000000002,1.9385000000000001,1.9405000000000001,1.9480000000000002,1.9511,1.9551,1.9633,1.9698,1.9732,1.9789,1.982,1.9826000000000001,1.9849,2.005,2.0128,2.0189,2.0199000000000003,2.0217,2.0274,2.0289,2.0415,2.0420000000000003,2.0568,2.0578000000000003,2.0709,2.0740000000000003,2.0784000000000002,2.0809,2.0864000000000003,2.0897,2.0903,2.1063,2.1215,2.125,2.1387,2.1578,2.1677,2.1679,2.1752000000000002,2.1765000000000003,2.1826000000000003,2.1861,2.1899,2.1927000000000003,2.1931000000000003,2.1973000000000003,2.2079,2.2168,2.2175000000000002,2.2241,2.2383,2.2489,2.2662,2.2694,2.2711,2.2761,2.2772,2.2809,2.2840000000000003,2.2906,2.2976,2.2995,2.3009,2.3021000000000003,2.3092,2.3421000000000003,2.345,2.3452,2.3457,2.3463000000000003,2.3844000000000003,2.4018,2.4066,2.4111000000000002,2.4122,2.4130000000000003,2.4139,2.4225000000000003,2.4285,2.4302,2.4363,2.4379,2.4381,2.4424,2.444,2.4517,2.4569,2.4583,2.4625,2.4636,2.4650000000000003,2.4931,2.4933,2.4955000000000003,2.4992,2.5062,2.5090000000000003,2.5107,2.5118,2.5214000000000003,2.5387,2.5471,2.548,2.5489,2.5494000000000003,2.5569,2.5573,2.565,2.569,2.5697,2.5761000000000003,2.5814,2.5866000000000002,2.5912,2.5951,2.6002,2.6074,2.6182000000000003,2.6189,2.6272,2.6316,2.6371,2.6377,2.6385,2.6419,2.6484,2.6550000000000002,2.657,2.6627,2.6637,2.6766,2.6873,2.6919,2.6996,2.7017,2.7030000000000003,2.7081,2.7138,2.7273,2.7334,2.7589,2.7749,2.7764,2.7784,2.7926,2.7964,2.797,2.803,2.8064,2.8121,2.8199,2.8456,2.847,2.8527,2.8588,2.8727,2.8902,2.9201,2.9238,2.9311000000000003,2.9355,2.9383000000000004,2.9483,2.9551000000000003,2.9596,2.9621,2.9705000000000004,2.9741,2.9748,2.9810000000000003,2.9827000000000004,2.986,2.9977,3.0002,3.0084,3.0209,3.0278,3.0377,3.0424,3.0451,3.0532000000000004,3.0633000000000004,3.1402,3.1646,3.1665,3.1707,3.1721000000000004,3.1786000000000003,3.1804,3.1826000000000003,3.1939,3.2030000000000003,3.2093000000000003,3.2095000000000002,3.2469,3.2503,3.2592000000000003,3.2833,3.2936,3.3149,3.3184,3.3282000000000003,3.3425000000000002,3.3454,3.3554000000000004,3.3727,3.3889,3.3978,3.4211,3.4278,3.4391000000000003,3.44,3.4403,3.4408000000000003,3.4451,3.4474,3.4516,3.4530000000000003,3.4534000000000002,3.4617,3.4678,3.4742,3.4811,3.4891,3.4955000000000003,3.5066,3.5081,3.5181,3.5266,3.5304,3.5337,3.5354,3.5412000000000003,3.5526,3.5541,3.5620000000000003,3.5662000000000003,3.5697,3.571,3.575,3.5769,3.5774000000000004,3.5976000000000004,3.5982000000000003,3.6045000000000003,3.6114,3.6127000000000002,3.6207000000000003,3.6217,3.6259,3.6293,3.6306000000000003,3.6308000000000002,3.6324,3.6361000000000003,3.6407000000000003,3.6513,3.657,3.6574,3.6649000000000003,3.6671,3.6676,3.6709,3.6727000000000003,3.6793,3.6797,3.6803000000000003,3.6806,3.6871,3.6889000000000003,3.7107,3.7179,3.7211000000000003,3.7308000000000003,3.7381,3.7448,3.7456,3.7461,3.7514000000000003,3.7584,3.7626000000000004,3.7670000000000003,3.7679,3.7783,3.7912000000000003,3.7919,3.7941000000000003,3.7961,3.8125,3.8216,3.8228,3.8257000000000003,3.8268,3.8467000000000002,3.8533000000000004,3.8576,3.8699000000000003,3.8733,3.8789000000000002,3.8909000000000002,3.8994,3.9013,3.9062,3.9109000000000003,3.9111000000000002,3.9436,3.9505000000000003,3.9568000000000003,3.9822,3.9826,3.9828,3.9844000000000004,4.0134,4.0206,4.0297,4.0344,4.0647,4.0662,4.0675,4.0799,4.0862,4.0881,4.0919,4.125500000000001,4.1286000000000005,4.1306,4.1348,4.1428,4.146100000000001,4.1469000000000005,4.1515,4.1527,4.155,4.1622,4.1653,4.1671000000000005,4.1794,4.1839,4.1889,4.2024,4.2131,4.2436,4.2517000000000005,4.2643,4.2746,4.2786,4.2801,4.2904,4.3044,4.330900000000001,4.338,4.3503,4.3512,4.3535,4.3634,4.3739,4.3768,4.393800000000001,4.3974,4.4011000000000005,4.4032,4.4295,4.437600000000001,4.4434000000000005,4.4459,4.4509,4.4564,4.4569,4.457800000000001,4.4608,4.4752,4.4811000000000005,4.4899000000000004,4.4917,4.496,4.4976,4.5052,4.5092,4.5111,4.5322000000000005,4.5333000000000006,4.5355,4.5378,4.5382,4.5385,4.5544,4.5548,4.5567,4.5656,4.571000000000001,4.5807,4.5835,4.5848,4.5856,4.5949,4.5957,4.5972,4.5987,4.6066,4.622,4.6273,4.6287,4.6329,4.6368,4.6498,4.6557,4.670100000000001,4.682,4.6831000000000005,4.6843,4.687600000000001,4.699800000000001,4.7157,4.7213,4.7282,4.7363,4.737900000000001,4.7546,4.756600000000001,4.7587,4.7757000000000005,4.7805,4.781000000000001,4.7911,4.7940000000000005,4.7948,4.7953,4.7987,4.806500000000001,4.8082,4.8094,4.8221,4.828600000000001,4.8293,4.835500000000001,4.8864,4.8884,4.8888,4.9009,4.9119,4.921600000000001,4.9297,4.9425,4.9431,4.9451,4.9529000000000005,4.9534,4.9552000000000005,4.9646,4.9689000000000005,4.9712000000000005,4.9797,4.982600000000001,4.9912,4.9942
86657:0.024300000000000002,0.0482,0.1305,0.1761,0.20450000000000002,0.23340000000000002,0.2964,0.34840000000000004,0.42960000000000004,0.4682,0.5802,0.5989,0.6749,0.7444000000000001,0.79,0.8226,0.9478000000000001,1.0803,1.1391,1.2461,1.272,1.2999,1.3214000000000001,1.3626,1.409,1.467,1.5481,1.6017000000000001,1.6183,1.6605,1.6819000000000002,1.7498,1.7937,1.8602,1.9065,1.9218000000000002,1.9619000000000002,2.0948,2.1614,2.2178,2.2659000000000002,2.3029,2.4201,2.4365,2.5044,2.5947,2.6523000000000003,2.7053000000000003,2.7417000000000002,2.7682,2.8252,2.8642000000000003,2.9930000000000003,3.0976000000000004,3.1713,3.2011000000000003,3.2226000000000004,3.3173000000000004,3.3602000000000003,3.4661,3.4922,3.5103,3.5627,3.6241000000000003,3.7081000000000004,3.7822,3.8205,3.8509,3.9228,3.9683,4.0631,4.1173,4.1585,4.229,4.2603,4.3224,4.367900000000001,4.44,4.4750000000000005,4.4953,4.5476,4.6039,4.6515,4.7012,4.7689,4.8083,4.8554,4.9321
87026:0.1184,0.1434,0.21910000000000002,0.2554,0.27440000000000003,0.316,0.33640000000000003,0.37260000000000004,0.46880000000000005,0.5301,0.6507000000000001,0.6666000000000001,0.6979000000000001,0.7972,0.8886000000000001,0.9421,0.9941000000000001,1.0786,1.1346,1.2517,1.2976,1.3567,1.405,1.4480000000000002,1.5151000000000001,1.6472,1.7141000000000002,1.792,1.8636000000000001,1.8804,1.9529,2.0192,2.0887000000000002,2.1306000000000003,2.1515,2.2092,2.2342,2.2659000000000002,2.2855000000000003,2.3109,2.3312,2.4185000000000003,2.4478,2.5463,2.6114,2.6623,2.7405,2.7537000000000003,2.8339000000000003,2.9197,2.9733,3.0281000000000002,3.0718,3.1,3.1349,3.1947,3.2378,3.3194000000000004,3.4042000000000003,3.4872,3.5636,3.6515,3.7836000000000003,3.8484000000000003,3.8992,3.951,4.030600000000001,4.1301000000000005,4.1589,4.2069,4.3302000000000005,4.3577,4.385400000000001,4.4409,4.4629,4.501,4.521,4.6561,4.6728000000000005,4.752000000000001,4.8365,4.948300000000001
87181:0.0029000000000000002,0.0061,0.0064,0.0173,0.0178,0.0207,0.0218,0.027200000000000002,0.0368,0.0419,0.0587,0.06420000000000001,0.0655,0.07390000000000001,0.08750000000000001,0.0931,0.1024,0.124,0.13670000000000002,0.14020000000000002,0.14850000000000002,0.1569,0.1653,0.1668,0.1715,0.1736,0.1762,0.1779,0.1782,0.1965,0.2082,0.2175,0.23040000000000002,0.2338,0.2386,0.2398,0.2469,0.2477,0.2533,0.2555,0.25720000000000004,0.2626,0.2652,0.266,0.2717,0.27240000000000003,0.2826,0.28400000000000003,0.2931,0.3055,0.30860000000000004,0.3154,0.3249,0.3296,0.33240000000000003,0.33490000000000003,0.3528,0.3598,0.3682,0.3688,0.37320000000000003,0.3947,0.3985,0.4116,0.4148,0.4172,0.42050000000000004,0.4309,0.4559,0.4706,0.4783,0.4807,0.4827,0.4873,0.4927,0.49420000000000003,0.49970000000000003,0.5044000000000001,0.5132,0.5195000000000001,0.5262,0.5276000000000001,0.5328,0.5404,0.5413,0.543,0.5458000000000001,0.5477000000000001,0.5508000000000001,0.552,0.5533,0.5554,0.5556,0.5764,0.5845,0.5928,0.5936,0.5965,0.616,0.6185,0.6222,0.6276,0.6342,0.6354000000000001,0.6576000000000001,0.6683,0.6689,0.6695,0.6747000000000001,0.679,0.6808000000000001,0.6824,0.6854,0.6865,0.6951,0.6975,0.7101000000000001,0.7116,0.7247,0.7332000000000001,0.7346,0.7363000000000001,0.7379,0.7491,0.7549,0.8054,0.8150000000000001,0.8238000000000001,0.8296,0.8323,0.8342,0.8417,0.8482000000000001,0.8519,0.8534,0.8642000000000001,0.867,0.8686,0.9008,0.9122,0.9131,0.9153,0.9184,0.9232,0.9279000000000001,0.9297000000000001,0.933,0.9415,0.9417000000000001,0.9454,0.9524,0.9639000000000001,0.9724,0.9763000000000001,0.9801000000000001,0.9958,0.9988,1.0167000000000002,1.0225,1.0251000000000001,1.0497,1.0530000000000002,1.0554000000000001,1.0671000000000002,1.0705,1.0714000000000001,1.0742,1.0748,1.0871,1.0879,1.0906,1.0937000000000001,1.0995000000000001,1.106,1.108,1.1119,1.1122,1.1205,1.1340000000000001,1.1489,1.1652,1.1659000000000002,1.1695,1.1716,1.1733,1.1821000000000002,1.1832,1.1840000000000002,1.2063000000000001,1.2104000000000001,1.224,1.225,1.2361,1.2382,1.242,1.2486000000000002,1.2491,1.2605,1.272,1.2859,1.2879,1.2889000000000002,1.2981,1.3016,1.331,1.3327,1.3341,1.3372000000000002,1.3483,1.3488,1.3494000000000002,1.3571,1.3585,1.3663,1.3771,1.3801,1.4022000000000001,1.4058000000000002,1.4224,1.4235,1.4364000000000001,1.4375,1.4389,1.4397,1.4443000000000001,1.4494,1.4537,1.4566000000000001,1.4631,1.4859,1.4877,1.4938,1.497,1.5,1.5022,1.5066000000000002,1.5079,1.5084,1.5148000000000001,1.5246000000000002,1.5252000000000001,1.5262,1.5386,1.5430000000000001,1.5614000000000001,1.5658,1.568,1.5699,1.5751000000000002,1.6006,1.6118000000000001,1.6295000000000002,1.6316000000000002,1.6356000000000002,1.6362,1.6471,1.6688,1.6767,1.6806,1.6881000000000002,1.6976,1.7104000000000001,1.7161000000000002,1.7191,1.7236,1.7249,1.7314,1.7397,1.7405000000000002,1.7449000000000001,1.7458,1.7524000000000002,1.7632,1.7715,1.7730000000000001,1.7734,1.7822,1.786,1.7947000000000002,1.8109000000000002,1.8178,1.8278,1.8511000000000002,1.8582,1.859,1.8776000000000002,1.9162000000000001,1.9337000000000002,1.9361000000000002,1.9393,1.9417000000000002,1.9419000000000002,1.9498000000000002,1.9716,1.9769,1.9826000000000001,1.9949000000000001,2.0028,2.0117000000000003,2.0166,2.0387,2.0434,2.0444,2.0531,2.0556,2.0586,2.0604,2.0778000000000003,2.0791,2.0813,2.0940000000000003,2.1205000000000003,2.1226000000000003,2.134,2.1347,2.1378,2.1572,2.1603,2.1636,2.1702,2.1918,2.1929000000000003,2.2119,2.2183,2.2194000000000003,2.2444,2.2499000000000002,2.2537000000000003,2.2569,2.2594000000000003,2.273,2.2884,2.2927,2.3282000000000003,2.3355,2.3537,2.3553,2.3669000000000002,2.3715,2.3752,2.3818,2.3883,2.3890000000000002,2.39,2.3981,2.4114,2.4163,2.4245,2.4309000000000003,2.4369,2.4441,2.4452000000000003,2.4541,2.4588,2.4608000000000003,2.4636,2.4648000000000003,2.4654000000000003,2.4818000000000002,2.4993000000000003,2.5017,2.5066,2.5077000000000003,2.5126,2.5223,2.5263,2.5312,2.5398,2.5406,2.5420000000000003,2.5485,2.5549,2.5615,2.5729,2.5881000000000003,2.5946000000000002,2.5982000000000003,2.5994,2.6025,2.6166,2.6418,2.6583,2.6623,2.6665,2.6677,2.6685000000000003,2.6747,2.6765000000000003,2.6848,2.6875,2.6879,2.6914000000000002,2.6935000000000002,2.6939,2.6984,2.7002,2.7111,2.712,2.7279,2.7387,2.7496,2.7611000000000003,2.7675,2.7755,2.7760000000000002,2.7828,2.8003,2.8097000000000003,2.8154000000000003,2.8212,2.8222,2.8295000000000003,2.8312,2.8423000000000003,2.8459000000000003,2.8665000000000003,2.8702,2.8729,2.8745000000000003,2.8822,2.8901000000000003,2.9094,2.9102,2.9202000000000004,2.9327,2.9331,2.9354,2.9446000000000003,2.9604,2.9671000000000003,2.9709000000000003,3.0018000000000002,3.0143,3.0161000000000002,3.02,3.0297,3.0471000000000004,3.0517000000000003,3.0593000000000004,3.063,3.0652000000000004,3.0699,3.0713000000000004,3.0879000000000003,3.0965000000000003,3.1004,3.1029,3.1112,3.1116,3.1232,3.1261,3.1356,3.1467,3.1496,3.1552000000000002,3.1709,3.1777,3.1782000000000004,3.181,3.182,3.1977,3.2018,3.216,3.2221,3.2225,3.2317,3.2338,3.2559,3.2887,3.2974,3.2987,3.2996000000000003,3.3024,3.3136,3.3138,3.3145000000000002,3.3339000000000003,3.3424,3.3528000000000002,3.3573,3.3758000000000004,3.3777000000000004,3.3861000000000003,3.3884000000000003,3.3991000000000002,3.4239,3.4261000000000004,3.4315,3.4373,3.4513000000000003,3.4581,3.4585000000000004,3.4587000000000003,3.4593000000000003,3.4625000000000004,3.4649,3.4663000000000004,3.4698,3.47,3.4766000000000004,3.4807,3.4838,3.4885,3.4921,3.5048000000000004,3.5094000000000003,3.5188,3.5214000000000003,3.5258000000000003,3.5300000000000002,3.5419,3.5426,3.5599000000000003,3.5659,3.5744000000000002,3.599,3.6069,3.621,3.6247000000000003,3.6257,3.6272,3.6311,3.6338000000000004,3.6345,3.6399000000000004,3.6532,3.6546000000000003,3.6548000000000003,3.6596,3.6685000000000003,3.6727000000000003,3.6828000000000003,3.6877,3.6933000000000002,3.6942000000000004,3.7004,3.7062000000000004,3.7272000000000003,3.7346000000000004,3.7695000000000003,3.7826,3.7862,3.7915,3.7921,3.7944,3.8150000000000004,3.8162000000000003,3.8286000000000002,3.8294,3.8336,3.8461000000000003,3.8542,3.8586,3.8635,3.8667000000000002,3.8686000000000003,3.8811,3.8865000000000003,3.8897000000000004,3.8908,3.8943000000000003,3.9029000000000003,3.9072,3.9148,3.9186,3.9233000000000002,3.9245,3.9538,3.9561,3.9599,3.9838,4.0035,4.0143,4.0173000000000005,4.0186,4.018800000000001,4.0197,4.0385,4.0496,4.0521,4.056,4.0565,4.0657000000000005,4.0833,4.085500000000001,4.0887,4.0898,4.0975,4.1078,4.1106,4.1167,4.121700000000001,4.123600000000001,4.1361,4.1383,4.1596,4.1657,4.1683,4.1721,4.1796,4.1818,4.1888000000000005,4.1894,4.1928,4.1939,4.196000000000001,4.1991000000000005,4.2017,4.2031,4.2172,4.2551000000000005,4.2621,4.2728,4.2734000000000005,4.287100000000001,4.2934,4.2985,4.3013,4.3189,4.3246,4.3364,4.3407,4.3424000000000005,4.3635,4.3857,4.415900000000001,4.4185,4.4316,4.4393,4.4417,4.4477,4.4488,4.457800000000001,4.4664,4.4928,4.4949,4.5067,4.5116000000000005,4.5168,4.5252,4.5299000000000005,4.5332,4.5427,4.5472,4.556,4.5871,4.588,4.6248000000000005,4.6253,4.629300000000001,4.6315,4.6323,4.654100000000001,4.6886,4.6894,4.6963,4.7008,4.703,4.704000000000001,4.7128000000000005,4.720000000000001,4.7202,4.7214,4.7233,4.7247,4.732200000000001,4.738300000000001,4.7405,4.7413,4.7451,4.7525,4.761,4.7616000000000005,4.7901,4.7967,4.8057,4.809200000000001,4.8133,4.8157000000000005,4.8175,4.8238,4.8289,4.8378000000000005,4.8445,4.8521,4.8625,4.8844,4.8857,4.8865,4.8895,4.8898,4.8947,4.9131,4.9153,4.9185,4.9231,4.9386,4.9562,4.9589,4.9626,4.9661,4.9863,4.9978
87693:1.359,1.9168
87747:0.1433,0.2565,0.27690000000000003,0.33640000000000003,0.47540000000000004,0.5381,0.6647000000000001,0.7374,0.8483,0.9331,0.9551000000000001,1.0836000000000001,1.1634,1.2569000000000001,1.2658,1.3406,1.3657000000000001,1.4544000000000001,1.4717,1.5644,1.6507,1.7393,1.7777,1.8691,1.8826,1.9598,2.1324,2.1557,2.2139,2.2382,2.2728,2.3098,2.3337000000000003,2.423,2.451,2.742,2.7615000000000003,2.8397,2.8832,3.0136000000000003,3.0371,3.1005000000000003,3.1415,3.2011000000000003,3.3781000000000003,3.4932000000000003,3.5347,3.6202,3.8473,3.8675,3.9547000000000003,3.9865000000000004,4.0383000000000004,4.0683,4.1577,4.3587,4.3898,4.462400000000001,4.5196000000000005,4.6336,4.6626,4.7136000000000005,4.8025,4.8744000000000005,4.9953
89032:3.1499,4.0204
89225:0.0756,0.1831,0.2419,0.3392,0.3821,0.4274,0.4781,0.549,0.6034,0.6923,0.7566,0.8633000000000001,0.9121,0.9462,0.9828,1.0636,1.1121,1.1625,1.2842,1.3419,1.3905,1.4945000000000002,1.5355,1.5894000000000001,1.8223,1.945,1.9927000000000001,2.0496000000000003,2.2338,2.3946,2.4446000000000003,2.5089,2.5701,2.6295,2.684,2.722,2.7729,2.8235,2.9142,2.9649,3.0479000000000003,3.0965000000000003,3.1609000000000003,3.2434000000000003,3.3143000000000002,3.4275,3.5089,3.5774000000000004,3.6301,3.701,3.7321,3.8144,3.9008000000000003,4.034800000000001,4.0988,4.1426,4.2087,4.2783,4.3573,4.522,4.565300000000001,4.6186,4.7332,4.905600000000001,4.9966
89378:0.4142,0.5006,1.2850000000000001,2.248,2.8642000000000003,3.4598,3.8237,4.0749,4.5071,4.604,4.8279000000000005,4.9328
89389:1.3502,4.155
89414:0.019,0.041100000000000005,0.08020000000000001,0.1208,0.15990000000000001,0.1862,0.21860000000000002,0.23800000000000002,0.2605,0.2947,0.34500000000000003,0.378,0.4043,0.4479,0.4738,0.49450000000000005,0.521,0.5582,0.5835,0.6167,0.6717000000000001,0.7175,0.7437,0.7842,0.8175,0.8637,0.9069,0.9466,1.0270000000000001,1.0565,1.1047,1.1351,1.1802000000000001,1.2103000000000002,1.2456,1.2719,1.3110000000000002,1.3378,1.3675000000000002,1.4023,1.4403000000000001,1.4794,1.5212,1.5494,1.5671000000000002,1.6014000000000002,1.6291,1.6618000000000002,1.7015,1.7402000000000002,1.7722,1.7977,1.8393000000000002,1.8569,1.8964,1.9344000000000001,1.9560000000000002,1.9844000000000002,2.0569,2.0856,2.1316,2.1579,2.2132,2.2388,2.2935000000000003,2.3638,2.4196,2.4465,2.4638,2.5223,2.5666,2.596,2.6257,2.6512000000000002,2.6795,2.6977,2.7367,2.7659000000000002,2.8187,2.849,2.8612,2.8942,2.9575,2.9886,3.0151000000000003,3.0508,3.0903,3.1232,3.1542000000000003,3.1851000000000003,3.2176,3.2616,3.314,3.3505000000000003,3.3747000000000003,3.4184,3.4533,3.4895,3.5231000000000003,3.5588,3.5886,3.6097,3.676,3.6976,3.7295000000000003,3.7648,3.781,3.8112000000000004,3.8286000000000002,3.8489,3.8828,3.9192,3.9521,3.9826,4.0302,4.0684000000000005,4.109,4.139,4.164000000000001,4.2247,4.2575,4.3019,4.3274,4.3606,4.4015,4.4354000000000005,4.4769000000000005,4.5008,4.5423,4.5962000000000005,4.6214,4.6412,4.6834,4.7336,4.7686,4.7977,4.8245000000000005,4.8478,4.862900000000001,4.8933,4.928100000000001,4.974200000000001
89784:4.6507000000000005
90229:2.8327,3.7449000000000003,4.5768,4.9195
90242:0.0205,0.068,0.0844,0.1283,0.1648,0.195,0.2214,0.23720000000000002,0.259,0.31970000000000004,0.3546,0.378,0.4263,0.45990000000000003,0.5148,0.5819,0.6091,0.6419,0.6717000000000001,0.7387,0.7835000000000001,0.8183,0.8450000000000001,0.9076000000000001,0.9651000000000001,0.999,1.0509,1.0787,1.114,1.149,1.2222,1.2687000000000002,1.2891000000000001,1.3154000000000001,1.3377000000000001,1.3662,1.3999000000000001,1.4501000000000002,1.4912,1.5388000000000002,1.5904,1.6129,1.6375000000000002,1.6711,1.7166000000000001,1.7709000000000001,1.7981,1.8555000000000001,1.8921000000000001,1.9174,1.9545000000000001,1.9974,2.0273,2.0907,2.1256,2.1675,2.1901,2.2164,2.241,2.3115,2.3383000000000003,2.3664,2.4005,2.4402,2.4743,2.5034,2.5367,2.5669,2.5986000000000002,2.6278,2.6495,2.6759,2.6992000000000003,2.72,2.7435,2.7627,2.7874000000000003,2.8189,2.8601,2.8844000000000003,2.9126000000000003,2.9970000000000003,3.0279000000000003,3.0913,3.14,3.1889000000000003,3.2161,3.2499000000000002,3.2941000000000003,3.3159,3.3713,3.3884000000000003,3.4201,3.44,3.5008000000000004,3.5300000000000002,3.5564,3.6164,3.7101,3.7475,3.7762000000000002,3.8146,3.8283,3.8465000000000003,3.8835,3.9154,3.9326000000000003,3.9731,4.0067,4.0431,4.0986,4.1252,4.143800000000001,4.1748,4.2117,4.2376000000000005,4.2614,4.3254,4.3596,4.3979,4.4438,4.4749,4.51,4.5435,4.5804,4.6043,4.6247,4.694100000000001,4.722300000000001,4.7471000000000005,4.7725,4.7964,4.8192,4.8615,4.8937,4.9443,4.988
90579:0.0862,0.9229
90602:0.25020000000000003,0.34700000000000003,0.9172,0.9889,1.0763,1.3478,1.5449000000000002,3.105,3.7394000000000003,3.8228,4.1507000000000005,4.3660000000000005,4.5728,4.6272
90678:4.1623
90729:0.1386,0.8420000000000001,1.2570000000000001,1.4601000000000002,1.913,2.8698,3.0245,3.2316000000000003,3.8288,4.379700000000001
91306:0.015300000000000001,0.026500000000000003,0.0304,0.0373,0.045000000000000005,0.046900000000000004,0.055900000000000005,0.063,0.0711,0.0833,0.0956,0.09630000000000001,0.1143,0.1145,0.1153,0.11570000000000001,0.12150000000000001,0.1398,0.1472,0.14750000000000002,0.15410000000000001,0.1693,0.1701,0.1711,0.1748,0.1762,0.1768,0.2011,0.21080000000000002,0.21610000000000001,0.2169,0.21980000000000002,0.2223,0.22360000000000002,0.2252,0.24430000000000002,0.24530000000000002,0.24550000000000002,0.2461,0.24910000000000002,0.2602,0.2657,0.2741,0.29550000000000004,0.29650000000000004,0.30260000000000004,0.32530000000000003,0.3277,0.3366,0.34600000000000003,0.3502,0.3522,0.3532,0.3638,0.38070000000000004,0.4021,0.40690000000000004,0.4174,0.42710000000000004,0.43560000000000004,0.4375,0.44680000000000003,0.45470000000000005,0.46580000000000005,0.4713,0.47400000000000003,0.4761,0.4858,0.49450000000000005,0.5123,0.5316000000000001,0.5513,0.5558000000000001,0.5625,0.5735,0.5813,0.5986,0.621,0.6371,0.6376000000000001,0.6476000000000001,0.6504,0.6566000000000001,0.6615,0.6658000000000001,0.6679,0.6686000000000001,0.6688000000000001,0.6691,0.6693,0.6698000000000001,0.672,0.6784,0.684,0.687,0.6872,0.7126,0.7211000000000001,0.7426,0.7434000000000001,0.7473000000000001,0.753,0.7695000000000001,0.77,0.7712,0.7801,0.7897000000000001,0.7981,0.8006000000000001,0.8129000000000001,0.8177000000000001,0.8187000000000001,0.8247,0.8289000000000001,0.8349000000000001,0.8381000000000001,0.8414,0.8472000000000001,0.8516,0.8566,0.8607,0.8615,0.8627,0.863,0.8684000000000001,0.8845000000000001,0.8884000000000001,0.8907,0.891,0.8998,0.9007000000000001,0.9059,0.9173,0.9175000000000001,0.9208000000000001,0.9277000000000001,0.9315,0.9323,0.9342,0.9349000000000001,0.9372,0.9393,0.9419000000000001,0.9494,0.9551000000000001,0.9662000000000001,0.9702000000000001,0.9810000000000001,0.9854,0.9909,1.0152,1.0629,1.07,1.0789,1.0883,1.1042,1.1061,1.1098000000000001,1.1224,1.129,1.1428,1.1471,1.1476,1.1489,1.1494,1.1525,1.1554,1.1617,1.1741000000000001,1.1763000000000001,1.1893,1.2023000000000001,1.2085000000000001,1.217,1.2193,1.238,1.2504,1.2611,1.276,1.2826,1.284,1.286,1.3003,1.3029000000000002,1.3090000000000002,1.3114000000000001,1.3179,1.3238,1.3274000000000001,1.3313000000000001,1.3387,1.3406,1.3417000000000001,1.3436000000000001,1.3503,1.3536000000000001,1.3563,1.3599,1.3714000000000002,1.3815000000000002,1.3958000000000002,1.3963,1.3987,1.4023,1.407,1.4078000000000002,1.4086,1.4309,1.4427,1.4511,1.456,1.4627000000000001,1.4633,1.4681,1.4691,1.471,1.4759,1.4776,1.484,1.4858,1.5026000000000002,1.5071,1.5357,1.5383,1.5461,1.5769,1.5805,1.5905,1.5936000000000001,1.6015000000000001,1.6065,1.6136000000000001,1.6196000000000002,1.6257000000000001,1.6282,1.6337000000000002,1.6363,1.6427,1.6432,1.6721000000000001,1.6731,1.6880000000000002,1.6887,1.6920000000000002,1.7081000000000002,1.7177,1.7205000000000001,1.7263000000000002,1.7384000000000002,1.741,1.7412,1.7432,1.7464000000000002,1.7585000000000002,1.7636,1.7662,1.7776,1.782,1.7892000000000001,1.7972000000000001,1.7977,1.8027000000000002,1.806,1.8170000000000002,1.8319,1.8393000000000002,1.8584,1.8693000000000002,1.8855000000000002,1.8866,1.8908,1.8925,1.9037000000000002,1.9059000000000001,1.9107,1.9122000000000001,1.9175,1.9202000000000001,1.9274,1.9500000000000002,1.9598,1.9838,1.9844000000000002,1.993,1.9967000000000001,1.9988000000000001,2.0078,2.0086,2.0088,2.0102,2.0142,2.0183,2.0431,2.0459,2.0603000000000002,2.0673,2.0781,2.0879000000000003,2.089,2.1008,2.1021,2.1042,2.1046,2.1065,2.1078,2.1101,2.1140000000000003,2.1206,2.1248,2.1296,2.1304000000000003,2.1313,2.1409000000000002,2.1465,2.1556,2.1707,2.1737,2.182,2.1952000000000003,2.2023,2.2089000000000003,2.2203,2.2283,2.2325,2.2483,2.258,2.2717,2.2794000000000003,2.2811,2.295,2.2972,2.3018,2.305,2.3184,2.3257000000000003,2.3322000000000003,2.3344,2.3364000000000003,2.3382,2.3525,2.3675,2.3716,2.3747000000000003,2.3888000000000003,2.3932,2.4062,2.4168000000000003,2.4249,2.4293,2.4396,2.4478,2.4595000000000002,2.4648000000000003,2.4714,2.4739,2.4852000000000003,2.4895,2.491,2.4932000000000003,2.4970000000000003,2.4973,2.5018000000000002,2.5058000000000002,2.5702000000000003,2.5711,2.5768,2.5842,2.6098000000000003,2.6138000000000003,2.6193,2.637,2.6467,2.6471,2.6487000000000003,2.6563000000000003,2.6723000000000003,2.6741,2.697,2.7048,2.7268000000000003,2.7276000000000002,2.7318000000000002,2.7349,2.7385,2.7492,2.7512000000000003,2.7602,2.7708,2.7727,2.7892,2.7908,2.7965,2.8153,2.8185000000000002,2.8205,2.8273,2.8435,2.8445,2.8507000000000002,2.8529,2.8549,2.8598000000000003,2.8609,2.8637,2.8677,2.8745000000000003,2.878,2.8948,2.8952,2.9053,2.9085,2.919,2.9223000000000003,2.9292000000000002,2.9302,2.9387000000000003,2.9408000000000003,2.944,2.947,2.9489,2.952,2.9547000000000003,2.9581,2.9603,2.9605,2.9665000000000004,2.9669000000000003,2.9673000000000003,2.9726000000000004,2.9771,2.9845,2.9932000000000003,2.9989000000000003,3.0163,3.0223,3.0292000000000003,3.0303,3.0323,3.0329,3.0335,3.0387,3.0391000000000004,3.0425,3.0467,3.0537,3.0564,3.0593000000000004,3.0607,3.0699,3.0717000000000003,3.0897,3.0903,3.0927000000000002,3.0934,3.101,3.1048,3.1155,3.1217,3.1223,3.1256,3.1267,3.1287000000000003,3.1317,3.137,3.1376,3.1477,3.149,3.1599,3.1608,3.1678,3.1739,3.1749,3.1990000000000003,3.2070000000000003,3.2078,3.2084,3.2117,3.2201,3.2328,3.25,3.2586,3.2595,3.3025,3.3081,3.3083,3.3136,3.3141000000000003,3.3196000000000003,3.3238000000000003,3.3416,3.3538,3.3655000000000004,3.3707000000000003,3.3806000000000003,3.4015,3.4018,3.4058,3.4385000000000003,3.4417,3.4435000000000002,3.4514,3.4729,3.4736000000000002,3.4766000000000004,3.4808000000000003,3.4879000000000002,3.5018000000000002,3.5212000000000003,3.5250000000000004,3.5297,3.5472,3.5579,3.5722,3.5773,3.5865,3.5993000000000004,3.6041000000000003,3.6181,3.6196,3.6246,3.6285000000000003,3.6375,3.6383,3.653,3.6605000000000003,3.6634,3.6654,3.6683000000000003,3.6744000000000003,3.7016,3.7024000000000004,3.7035,3.704,3.7161,3.7385,3.7390000000000003,3.7596000000000003,3.7720000000000002,3.7732,3.7799,3.7855000000000003,3.7862,3.7876000000000003,3.7882000000000002,3.7886,3.8009000000000004,3.8040000000000003,3.8103000000000002,3.817,3.8218,3.8316000000000003,3.8346,3.8349,3.8353,3.8359,3.8443,3.8515,3.8538,3.8588,3.8613000000000004,3.8677,3.8761,3.8826,3.883,3.8932,3.9001,3.9007,3.9037,3.9087,3.9107000000000003,3.9261000000000004,3.9394,3.9433000000000002,3.9483,3.958,3.9645,3.9761,3.9816000000000003,3.9848000000000003,3.986,3.9889,3.9911000000000003,3.9973,3.9976000000000003,4.0105,4.0263,4.0665000000000004,4.0678,4.0713,4.0726,4.0789,4.0848,4.091200000000001,4.1045,4.1128,4.1162,4.1239,4.1268,4.1382,4.1386,4.1405,4.1546,4.1568000000000005,4.1775,4.2019,4.210100000000001,4.2119,4.2249,4.2361,4.2391000000000005,4.2557,4.2782,4.2847,4.2943,4.3004,4.3045,4.3077000000000005,4.319,4.3222000000000005,4.3334,4.3543,4.3603000000000005,4.3964,4.3974,4.4067,4.4099,4.4107,4.4188,4.434,4.4416,4.442200000000001,4.454400000000001,4.4565,4.4597,4.4645,4.4874,4.5012,4.5149,4.5303,4.5307,4.5393,4.550800000000001,4.564,4.5688,4.5732,4.577100000000001,4.5795,4.5812,4.6000000000000005,4.6165,4.640000000000001,4.6427000000000005,4.6504,4.6608,4.6633000000000004,4.668200000000001,4.6684,4.6726,4.678,4.6799,4.680400000000001,4.6909,4.6914,4.6962,4.6973,4.7022,4.7052000000000005,4.7184,4.735,4.7458,4.748,4.7507,4.753,4.762700000000001,4.7639000000000005,4.775,4.7799000000000005,4.812600000000001,4.8277,4.842700000000001,4.8467,4.865,4.8777,4.902,4.9299,4.9346000000000005,4.9369000000000005,4.9543,4.9556000000000004,4.9566,4.9571000000000005,4.9693000000000005,4.9756,4.9824,4.9863,4.9939
92104:0.1337,0.2089,0.2474,0.2736,0.3236,0.36260000000000003,0.42410000000000003,0.46330000000000005,0.5226000000000001,0.5984,0.6478,0.6874,0.7928000000000001,0.8367,0.9247000000000001,0.9419000000000001,1.0425,1.0783,1.1394,1.2393,1.2568000000000001,1.2927,1.3308,1.3982,1.4574,1.5088000000000001,1.5752000000000002,1.6394,1.7100000000000002,1.766,1.8654000000000002,1.9413,1.9626000000000001,2.0116,2.1207000000000003,2.1726,2.2223,2.2561,2.2992,2.391,2.4469000000000003,2.5454000000000003,2.609,2.6565000000000003,2.7046,2.7430000000000003,2.8026,2.8412,2.8688000000000002,2.9165,2.9661,3.0261,3.1021,3.1311,3.1855,3.2276000000000002,3.3141000000000003,3.3693,3.4261000000000004,3.4816000000000003,3.5326,3.5631000000000004,3.7188000000000003,3.8099000000000003,3.8261000000000003,3.851,3.8971,3.9471000000000003,3.972,4.0262,4.1341,4.197900000000001,4.3243,4.3508000000000004,4.4345,4.4743,4.5049,4.5613,4.6132,4.6501,4.6706,4.7035,4.7469,4.7912,4.8321000000000005,4.865200000000001
92227:0.0824,0.21130000000000002,0.25270000000000004,0.3048,0.3559,0.45080000000000003,0.5378000000000001,0.6091,0.6806,0.7662,0.8306,0.8766,0.9641000000000001,1.153,1.2363,1.2852000000000001,1.3895,1.4525000000000001,1.5131000000000001,1.8806,1.9280000000000002,2.0255,2.1132,2.1869,2.2345,2.2911,2.4298,2.4930000000000003,2.6,2.7600000000000002,2.8426,2.9265000000000003,2.9796,3.0461,3.0847,3.1251,3.1924,3.2796000000000003,3.3441,3.464,3.676,3.7809000000000004,3.8432000000000004,3.9086000000000003,3.9966000000000004,4.2004,4.3353,4.4259,4.496,4.585100000000001,4.6609,4.724,4.9917
92303:4.6203
92373:0.0591,0.8808,1.3434000000000001,1.4339000000000002,1.7000000000000002,2.071,2.1793,2.5037000000000003,2.7301,3.1017,3.2272000000000003,3.4989000000000003,3.8513,3.8992,4.0884,4.3019,4.6791
92625:0.023200000000000002,0.0651,0.09870000000000001,0.1223,0.1512,0.18730000000000002,0.2101,0.2336,0.252,0.27790000000000004,0.3023,0.34590000000000004,0.369,0.397,0.4433,0.4812,0.5192,0.5411,0.5846,0.6066,0.6391,0.666,0.7004,0.7288,0.7523000000000001,0.7806000000000001,0.8131,0.8519,0.8696,0.8982,0.9378000000000001,0.9605,0.9859,1.0510000000000002,1.0693000000000001,1.1109,1.1387,1.1592,1.1846,1.2139,1.2349,1.2623,1.2875,1.3149,1.3364,1.3826,1.4155,1.4405000000000001,1.4663000000000002,1.499,1.5417,1.5972000000000002,1.6443,1.6905000000000001,1.726,1.7646000000000002,1.7864,1.8194000000000001,1.8611000000000002,1.8888,1.9133,1.9412,1.9897,2.017,2.0521000000000003,2.0778000000000003,2.1151,2.1452,2.1687000000000003,2.1911,2.2196000000000002,2.2444,2.2601,2.2854,2.3091,2.3532,2.3871,2.4117,2.4432,2.4624,2.4888,2.5113000000000003,2.5422000000000002,2.5811,2.6089,2.6399,2.6641,2.6990000000000003,2.7355,2.7609000000000004,2.7915,2.8232,2.8511,2.8760000000000003,2.9114,2.9361,2.9596,2.9767,3.0048000000000004,3.0289,3.0497,3.0682,3.0962,3.1207000000000003,3.1430000000000002,3.1771000000000003,3.2053000000000003,3.2361,3.2729000000000004,3.3086,3.3311,3.3751,3.4032,3.4334000000000002,3.4583000000000004,3.4818000000000002,3.5231000000000003,3.5634,3.5967000000000002,3.6340000000000003,3.6681000000000004,3.7044,3.7415000000000003,3.7756000000000003,3.8063000000000002,3.8394000000000004,3.867,3.8879,3.9086000000000003,3.9301000000000004,3.9543000000000004,3.9867000000000004,4.0087,4.0312,4.0613,4.0938,4.1362000000000005,4.1770000000000005,4.2,4.2351,4.3076,4.3367,4.3635,4.409,4.4254,4.4513,4.4755,4.5046,4.5332,4.5677,4.602,4.6347000000000005,4.6582,4.6914,4.7172,4.7411,4.7793,4.8154,4.8498,4.8782000000000005,4.9082,4.9407000000000005,4.9793
92649:0.012700000000000001,0.040400000000000005,0.1086,0.1358,0.1482,0.1836,0.20750000000000002,0.21860000000000002,0.2813,0.33680000000000004,0.381,0.4025,0.4408,0.46440000000000003,0.48860000000000003,0.5255000000000001,0.5838,0.6141,0.6631,0.7159,0.7647,0.804,0.8555,0.9016000000000001,0.9442,1.0247,1.0837,1.1214,1.1597,1.2382,1.2709000000000001,1.2986,1.3224,1.356,1.4278,1.4571,1.4925000000000002,1.5230000000000001,1.5418,1.5606,1.6485,1.6942000000000002,1.7365000000000002,1.8765,1.8975000000000002,1.9193,1.9413,1.9781000000000002,2.0639000000000003,2.096,2.1288,2.1569000000000003,2.1916,2.2266,2.2617000000000003,2.3654,2.4208000000000003,2.4411,2.5172000000000003,2.5717000000000003,2.612,2.6798,2.7366,2.7621,2.7918000000000003,2.8381000000000003,2.858,2.8901000000000003,2.915,2.9306,2.9826,3.0612000000000004,3.1229,3.1488,3.1745,3.2073,3.3048,3.3402000000000003,3.3642000000000003,3.3908,3.4578,3.4887,3.5145,3.5915000000000004,3.6927000000000003,3.7787,3.7994000000000003,3.8188,3.8607,3.9108,3.9399,3.9863000000000004,4.0131000000000006,4.044700000000001,4.0641,4.0997,4.1151,4.1474,4.1748,4.2132000000000005,4.2361,4.3163,4.3377,4.3623,4.4362,4.4796000000000005,4.4989,4.5927,4.6149000000000004,4.635400000000001,4.680000000000001,4.7250000000000005,4.7635000000000005,4.7959000000000005,4.825,4.8529,4.8704,4.9104,4.926,4.9783
92673:0.2616,0.8752000000000001,2.2663,2.9803
92811:2.2661000000000002
92992:0.7754000000000001,1.3593000000000002,1.4182000000000001,1.5228000000000002,1.7890000000000001,1.9403000000000001,2.3832,3.1436,3.2915,4.007000000000001,4.2523,4.8295,4.839700000000001
92995:0.0333,0.5489,0.5604,0.6251,0.7598,0.8327,1.0014,1.082,1.2341,1.3889,1.419,1.4987000000000001,1.7252,1.7709000000000001,1.9266,2.1818,2.2452,2.3127,2.3649,2.5300000000000002,2.5957000000000003,2.7289000000000003,2.8334,2.9866,3.132,3.2041,3.2664,3.3831,3.4757000000000002,3.5427,3.8392000000000004,3.8533000000000004,3.9358000000000004,3.9921,4.2335,4.3872,4.4818,4.6916,4.8093,4.9672
93132:0.0154,0.0385,0.07680000000000001,0.12190000000000001,0.15560000000000002,0.1965,0.21880000000000002,0.2466,0.2898,0.3241,0.3397,0.36410000000000003,0.3793,0.4182,0.45430000000000004,0.4894,0.5481,0.5881000000000001,0.6178,0.6421,0.6769000000000001,0.7180000000000001,0.7374,0.7787000000000001,0.8186,0.8390000000000001,0.8796,0.9226000000000001,0.9507000000000001,0.9952000000000001,1.0273,1.0728,1.1109,1.1379000000000001,1.24,1.2604,1.2918,1.3094000000000001,1.333,1.3639000000000001,1.3987,1.4432,1.4806000000000001,1.5024000000000002,1.5396,1.5591000000000002,1.5878,1.6159000000000001,1.637,1.6694,1.7064000000000001,1.7392,1.78,1.8150000000000002,1.8649,1.8926,1.9341000000000002,1.9541000000000002,1.9841000000000002,2.0167,2.0677000000000003,2.0921000000000003,2.1305,2.1713,2.1857,2.2095000000000002,2.242,2.2617000000000003,2.281,2.3306,2.3919,2.4193000000000002,2.4541,2.4969,2.5225,2.5516,2.5909,2.6233,2.6413,2.6731000000000003,2.7134,2.7289000000000003,2.7547,2.7710000000000004,2.8023000000000002,2.8214,2.8535,2.8822,2.9045,2.9543,2.9949000000000003,3.0188,3.0819,3.0939,3.1157000000000004,3.1658,3.1814,3.2127000000000003,3.2439,3.2761,3.2923,3.3134,3.354,3.3742,3.4143000000000003,3.4599,3.4873000000000003,3.5224,3.5509000000000004,3.5857,3.6194,3.6658000000000004,3.7108000000000003,3.7493000000000003,3.8008,3.8185000000000002,3.8479,3.8793,3.9086000000000003,3.9519,3.9771,4.041300000000001,4.0741000000000005,4.0962000000000005,4.1375,4.1733,4.2098,4.2538,4.3138000000000005,4.3548,4.3867,4.437600000000001,4.4692,4.4989,4.5353,4.5692,4.5922,4.6237,4.6681,4.7028,4.7249,4.7672,4.7911,4.8339,4.8580000000000005,4.8906,4.9234,4.9804
93427:0.026000000000000002,0.066,0.12190000000000001,0.1506,0.2015,0.22340000000000002,0.2545,0.2924,0.3305,0.3593,0.40900000000000003,0.44730000000000003,0.4884,0.5715,0.6056,0.6654,0.7174,0.7523000000000001,0.7907000000000001,0.8415,0.9005000000000001,0.9432,1.0253,1.0775000000000001,1.1216000000000002,1.1574,1.2386000000000001,1.2728000000000002,1.3011000000000001,1.336,1.3618000000000001,1.4051,1.4469,1.4956,1.5241,1.5614000000000001,1.5943,1.6287,1.6603,1.6929,1.7375,1.7908000000000002,1.8464,1.8898000000000001,1.9435,1.9776,2.0443000000000002,2.0902000000000003,2.1527000000000003,2.1863,2.218,2.2569,2.3065,2.3905000000000003,2.4195,2.4777,2.5202,2.5563000000000002,2.5943,2.6317,2.6678,2.7048,2.7362,2.7642,2.8227,2.8558000000000003,2.8895,2.9619,3.0007,3.0645000000000002,3.1089,3.1707,3.2063,3.2735000000000003,3.319,3.3607,3.3861000000000003,3.4379,3.4865000000000004,3.5156,3.5811,3.6818,3.708,3.7741000000000002,3.8202000000000003,3.8651,3.9108,3.9533,3.9881,4.0465,4.0751,4.1124,4.1439,4.194,4.2405,4.2661,4.3176000000000005,4.4016,4.4421,4.4714,4.4962,4.5394000000000005,4.586,4.6215,4.655,4.705900000000001,4.7489,4.7809,4.809200000000001,4.8527000000000005,4.8867,4.9241
93550:2.3154,2.5344,2.7270000000000003,3.1809000000000003,3.9939,4.489,4.6865000000000006
93663:0.1439,0.2273,0.2725,0.33580000000000004,0.5371,0.6669,0.9314,0.9540000000000001,1.0861,1.2577,1.3652,1.4686000000000001,1.6556000000000002,1.8003,1.8809,2.1519,2.2172,2.2428,2.2837,2.331,2.4507000000000003,2.7545,2.8851,3.1022000000000003,3.2009000000000003,3.3287,3.4935,3.5708,3.8563,3.9908,4.0708,4.1624,4.3602,4.4618,4.520700000000001,4.6717,4.875900000000001
93674:0.2238,0.2727,0.33430000000000004,0.5325,0.663,0.9430000000000001,1.2566000000000002,1.3611,1.8772,2.1488,2.2308,2.2834000000000003,2.3307,2.7501,2.8819000000000004,3.1963000000000004,3.4931,4.3568,4.4607,4.518800000000001,4.669700000000001
93733:0.0364,0.0698,0.0809,0.1228,0.1554,0.18860000000000002,0.22240000000000001,0.2798,0.3257,0.3373,0.4083,0.47290000000000004,0.49660000000000004,0.5565,0.5874,0.6846,0.7434000000000001,0.7562,0.7963,0.8225,0.8541000000000001,0.8951,0.9101,0.9215000000000001,0.9438000000000001,1.0027000000000001,1.0405,1.0647,1.1266,1.1442,1.1789,1.2328000000000001,1.2592,1.2827,1.3555000000000001,1.4541000000000002,1.4881,1.5385,1.5826,1.6700000000000002,1.7127000000000001,1.7997,1.8494000000000002,1.9076000000000002,1.9373,1.9721000000000002,1.9929000000000001,2.0076,2.0294000000000003,2.0716,2.1089,2.1772,2.2442,2.3165,2.3568000000000002,2.4009,2.4683,2.4974000000000003,2.5155000000000003,2.5343,2.5855,2.6014,2.6574,2.6899,2.7463,2.7873,2.8011,2.8306,2.9638,2.9818000000000002,3.0979,3.1999,3.3031,3.3337000000000003,3.3631,3.4218,3.4635000000000002,3.5348,3.5519000000000003,3.5916,3.6364,3.66,3.6812,3.7387,3.7733000000000003,3.8367,3.9211,3.9807,3.9935,4.0565,4.0898,4.1591000000000005,4.167800000000001,4.2043,4.3116,4.3335,4.3804,4.4333,4.5148,4.5369,4.5528,4.6165,4.6708,4.8101,4.8598,4.9069,4.9349,4.9697000000000005
93983:0.021,0.1301,0.2386,0.35760000000000003,0.541,0.617,0.6844,0.7468,0.8255,0.9882000000000001,1.068,1.2246000000000001,1.3318,1.3859000000000001,1.4929000000000001,1.6988,1.7578,1.8672000000000002,1.9127,2.1715,2.2289000000000003,2.2968,2.3527,2.5207,2.5859,2.7187,2.8280000000000003,2.9751000000000003,3.0701,3.1175,3.1784000000000003,3.2605,3.3762000000000003,3.4647,3.5298000000000003,3.8189,3.8439,3.9152,3.9808000000000003,4.2255,4.3316,4.377800000000001,4.4265,4.4733,4.6657,4.6887,4.739,4.799,4.9523
94377:0.0032,0.0061,0.013800000000000002,0.021500000000000002,0.0334,0.051300000000000005,0.056900000000000006,0.061700000000000005,0.06280000000000001,0.0726,0.077,0.0796,0.095,0.0971,0.12350000000000001,0.1327,0.1365,0.1442,0.1622,0.1626,0.1701,0.17200000000000001,0.1731,0.1743,0.1937,0.199,0.20370000000000002,0.20470000000000002,0.2214,0.2359,0.24300000000000002,0.25270000000000004,0.25520000000000004,0.2584,0.26,0.2665,0.2782,0.2796,0.2842,0.2901,0.3064,0.3224,0.32370000000000004,0.32730000000000004,0.3294,0.32980000000000004,0.3302,0.34240000000000004,0.3446,0.3496,0.3569,0.3597,0.3649,0.3667,0.3684,0.375,0.3844,0.38930000000000003,0.3957,0.39680000000000004,0.4073,0.4138,0.4187,0.4305,0.43170000000000003,0.43220000000000003,0.43560000000000004,0.4393,0.4479,0.45080000000000003,0.463,0.4753,0.4928,0.49500000000000005,0.5136000000000001,0.5164,0.5214,0.5311,0.5314,0.5408000000000001,0.5419,0.5423,0.5521,0.5567,0.5621,0.5737,0.5830000000000001,0.5926,0.6017,0.605,0.6053000000000001,0.6058,0.607,0.6074,0.6224000000000001,0.6695,0.6715,0.672,0.6733,0.68,0.6808000000000001,0.6833,0.6873,0.7223,0.7238,0.7242000000000001,0.7248,0.7253000000000001,0.7276,0.7329,0.735,0.7363000000000001,0.7378,0.7522000000000001,0.7689,0.8009000000000001,0.8021,0.8024,0.8085,0.8129000000000001,0.8196,0.8251000000000001,0.8267,0.8311000000000001,0.8392000000000001,0.8426,0.8491000000000001,0.8497,0.8631000000000001,0.8891,0.8897,0.8968,0.8995000000000001,0.9022,0.9164,0.9294,0.93,0.9354,0.9382,0.9405,0.9410000000000001,0.9467000000000001,0.9543,0.9627,0.9654,0.9667,0.9714,0.9877,0.9933000000000001,1.0035,1.0189000000000001,1.0211000000000001,1.0243,1.0283,1.0392000000000001,1.0404,1.0469,1.0472000000000001,1.0758,1.0784,1.0789,1.0792000000000002,1.0841,1.0899,1.0978,1.0982,1.1124,1.1229,1.1297000000000001,1.1323,1.1368,1.1465,1.1567,1.173,1.1737,1.1749,1.1766,1.1832,1.1889,1.1941000000000002,1.2008,1.2118,1.2127000000000001,1.2183000000000002,1.2336,1.2425000000000002,1.2542,1.2584,1.2696,1.2708000000000002,1.2732,1.2741,1.2771000000000001,1.2776,1.2810000000000001,1.2942,1.2953000000000001,1.3154000000000001,1.3308,1.3406,1.3477000000000001,1.3497000000000001,1.3539,1.3542,1.3623,1.3753,1.3815000000000002,1.3918000000000001,1.3961000000000001,1.4014,1.4021000000000001,1.4031,1.4109,1.4158000000000002,1.4248,1.4312,1.4573,1.4739,1.4768000000000001,1.4967000000000001,1.5117,1.5148000000000001,1.5233,1.5277,1.5284,1.5389000000000002,1.5542,1.5559,1.5692000000000002,1.5698,1.5723,1.5765,1.5973000000000002,1.6021,1.6131,1.6232,1.6251,1.6316000000000002,1.6349,1.6409,1.651,1.657,1.6591,1.6635,1.6695,1.6701000000000001,1.6754,1.6802000000000001,1.6817,1.6980000000000002,1.7022000000000002,1.7096,1.722,1.7331,1.7347000000000001,1.7463000000000002,1.7574,1.7798,1.7834,1.7859,1.8034000000000001,1.8036,1.812,1.8190000000000002,1.8348,1.8475000000000001,1.8627,1.8664,1.8715000000000002,1.8722,1.9093,1.9099000000000002,1.9189,1.9191,1.9341000000000002,1.9348,1.9363000000000001,1.9409,1.9560000000000002,1.9723000000000002,1.9741000000000002,2.0028,2.0101,2.0126,2.0213,2.0216000000000003,2.0299,2.0329,2.0379,2.0417,2.0468,2.048,2.0696,2.0786000000000002,2.0789,2.0903,2.1032,2.1073,2.109,2.1136,2.1207000000000003,2.1212,2.1308000000000002,2.1493,2.1509,2.1514,2.1529000000000003,2.1544000000000003,2.1714,2.1765000000000003,2.1918,2.2121,2.2182,2.2251000000000003,2.2256,2.2362,2.2393,2.2407,2.2433,2.2439,2.2583,2.2669,2.27,2.2838000000000003,2.2924,2.3025,2.309,2.3125,2.3145000000000002,2.3173,2.3187,2.3235,2.3238000000000003,2.3240000000000003,2.3433,2.3477,2.353,2.3592,2.3615,2.3648000000000002,2.3838,2.4004000000000003,2.4066,2.4117,2.415,2.422,2.4296,2.4327,2.4376,2.4427000000000003,2.4443,2.4497,2.4557,2.4573,2.4577,2.4592,2.4767,2.4926,2.4932000000000003,2.4942,2.5069,2.5157000000000003,2.5193000000000003,2.5221,2.5237000000000003,2.5448,2.5718,2.5861,2.5925000000000002,2.6043000000000003,2.6053,2.6092,2.6101,2.6159000000000003,2.6167000000000002,2.6227,2.6294,2.6340000000000003,2.6557,2.6699,2.6783,2.6839,2.6889000000000003,2.6998,2.7045000000000003,2.7191,2.7233,2.7277,2.7335000000000003,2.7359,2.7371000000000003,2.7475,2.7568,2.7577000000000003,2.7772,2.7873,2.7922000000000002,2.7977000000000003,2.8011,2.8166,2.8231,2.83,2.8327,2.8329,2.8528000000000002,2.8578,2.8703000000000003,2.8765,2.8824,2.8925,2.9064,2.9208000000000003,2.9252000000000002,2.9295,2.9346,2.9383000000000004,2.9407,2.9422,2.9424,2.9431000000000003,2.944,2.9479,2.963,2.9667000000000003,2.9829000000000003,2.9831000000000003,2.9887,3.0009,3.0061,3.0071000000000003,3.0354,3.0377,3.041,3.0599000000000003,3.063,3.0649,3.0737,3.0799000000000003,3.0842,3.0917000000000003,3.0989,3.1033,3.1189,3.1243000000000003,3.1260000000000003,3.1313,3.1437,3.1478,3.152,3.1543,3.1785,3.1951,3.2021,3.2039,3.2079,3.2295000000000003,3.2396000000000003,3.2417000000000002,3.244,3.2476000000000003,3.2538,3.2541,3.258,3.2697000000000003,3.2705,3.3021000000000003,3.3029,3.3104,3.3132,3.3161,3.3304,3.3344,3.3378,3.339,3.3435,3.3451,3.3636000000000004,3.3718000000000004,3.378,3.3826,3.3886000000000003,3.3923,3.3927,3.3955,3.4023000000000003,3.4126000000000003,3.4145000000000003,3.4159,3.4174,3.4211,3.4378,3.4411,3.4462,3.4491,3.4493,3.4537,3.4581,3.4649,3.4724000000000004,3.4801,3.4805,3.488,3.4971,3.4981,3.5013,3.5020000000000002,3.5026,3.5037000000000003,3.5123,3.5175,3.5215,3.5431000000000004,3.5455,3.5463,3.5581,3.5605,3.5612000000000004,3.5662000000000003,3.5687,3.5762,3.5914,3.6151,3.6171,3.6184000000000003,3.6221,3.6236,3.6316,3.6325000000000003,3.633,3.6455,3.6495,3.6552000000000002,3.6651000000000002,3.6816,3.6867,3.6887000000000003,3.6916,3.7016,3.7163000000000004,3.7221,3.7257000000000002,3.7331000000000003,3.742,3.7428000000000003,3.7511,3.7534,3.7577000000000003,3.7721,3.7724,3.7749,3.7846,3.7849000000000004,3.789,3.8005,3.8014,3.8469,3.8616,3.8640000000000003,3.8648000000000002,3.8669000000000002,3.8753,3.8872,3.8939000000000004,3.9000000000000004,3.903,3.9055,3.9072,3.9127,3.9135,3.9139000000000004,3.9143000000000003,3.9161,3.926,3.9271000000000003,3.9329,3.9374000000000002,3.9473000000000003,3.9526000000000003,3.9592,3.9686000000000003,3.9770000000000003,3.9896000000000003,3.9922,3.9938000000000002,4.0002,4.0126,4.0171,4.03,4.0333000000000006,4.0346,4.0349,4.0522,4.054,4.055400000000001,4.0556,4.058,4.0706,4.0724,4.0856,4.0867,4.0884,4.0955,4.097,4.1042000000000005,4.1088000000000005,4.1216,4.1231,4.125900000000001,4.1324000000000005,4.1328000000000005,4.1387,4.1441,4.1545000000000005,4.1642,4.1688,4.171,4.1713000000000005,4.1782,4.1864,4.1867,4.1934000000000005,4.2041,4.2045,4.2053,4.211,4.2184,4.2315000000000005,4.2319,4.2396,4.2478,4.2587,4.2614,4.2671,4.2705,4.2712,4.274900000000001,4.281000000000001,4.2842,4.295100000000001,4.302700000000001,4.3094,4.3100000000000005,4.3261,4.3288,4.3318,4.3493,4.3573,4.3708,4.375500000000001,4.3802,4.3815,4.3861,4.3906,4.3985,4.4030000000000005,4.4052,4.4129000000000005,4.413600000000001,4.4161,4.4175,4.4232000000000005,4.429,4.4293000000000005,4.4468000000000005,4.450200000000001,4.4504,4.4506000000000006,4.4614,4.4636000000000005,4.470400000000001,4.4772,4.4966,4.502400000000001,4.5055000000000005,4.5148,4.5176,4.5200000000000005,4.5452,4.5756000000000006,4.5774,4.578,4.5827,4.5843,4.5895,4.5902,4.594,4.605700000000001,4.6084000000000005,4.6101,4.6103000000000005,4.6105,4.612,4.6146,4.6271,4.633,4.639600000000001,4.644,4.6577,4.6581,4.660200000000001,4.6612,4.6619,4.6676,4.6749,4.6855,4.6936,4.6948,4.710100000000001,4.7118,4.7237,4.7248,4.7285,4.7297,4.7330000000000005,4.736400000000001,4.746700000000001,4.75,4.7540000000000004,4.7687,4.782900000000001,4.7968,4.7988,4.8079,4.8174,4.8244,4.8322,4.8331,4.835,4.8418,4.8537,4.8639,4.885000000000001,4.887300000000001,4.8913,4.894,4.9061,4.907,4.907500000000001,4.911300000000001,4.9305,4.9317,4.9363,4.979,4.9847,4.9968,4.998600000000001
94420:0.0152,0.0291,0.048,0.0683,0.0855,0.0998,0.11280000000000001,0.127,0.1351,0.15510000000000002,0.1678,0.1933,0.2069,0.22130000000000002,0.23320000000000002,0.24530000000000002,0.2569,0.28090000000000004,0.2954,0.3109,0.3255,0.34450000000000003,0.3593,0.37270000000000003,0.38730000000000003,0.4035,0.4168,0.4425,0.45880000000000004,0.4868,0.5051,0.5232,0.5503,0.5653,0.5786,0.5899,0.6041000000000001,0.622,0.6382,0.6596000000000001,0.6724,0.6817000000000001,0.7021000000000001,0.7221000000000001,0.7398,0.7516,0.7805000000000001,0.7913,0.8082,0.8265,0.8376,0.8689,0.8792000000000001,0.894,0.9127000000000001,0.9256000000000001,0.9323,0.9491,0.9726,0.9949,1.0202,1.0343,1.0525,1.0739,1.095,1.1132,1.1237000000000001,1.1433,1.1579000000000002,1.1773,1.1923000000000001,1.2264000000000002,1.2434,1.2555,1.2752000000000001,1.2848000000000002,1.3122,1.3275000000000001,1.34,1.3552,1.3718000000000001,1.3946,1.4073,1.4308,1.4495,1.4653,1.4844000000000002,1.498,1.5095,1.5389000000000002,1.5577,1.5801,1.5944,1.6161,1.6268,1.6405,1.6602000000000001,1.6720000000000002,1.6871,1.7023000000000001,1.7196,1.7326000000000001,1.7455,1.7612,1.7812000000000001,1.796,1.8128000000000002,1.8369,1.8455000000000001,1.8567,1.865,1.8921000000000001,1.9026,1.9363000000000001,1.9491,1.9591,1.9785000000000001,1.9956,2.013,2.0428,2.055,2.0697,2.0826000000000002,2.0986000000000002,2.1139,2.1312,2.1526,2.1648,2.1817,2.1987,2.2117,2.2237,2.2443,2.2571000000000003,2.2721,2.2861000000000002,2.2959,2.3072,2.3471,2.3629000000000002,2.3829000000000002,2.3954,2.4103000000000003,2.4242,2.4355,2.4465,2.4615,2.4851,2.4976000000000003,2.5193000000000003,2.5395000000000003,2.556,2.5717000000000003,2.5904000000000003,2.6043000000000003,2.6225,2.6435,2.6569000000000003,2.6697,2.6803000000000003,2.6951,2.7107,2.7231,2.7351,2.7457000000000003,2.7618,2.7723,2.7892,2.802,2.8154000000000003,2.8278000000000003,2.8401,2.8573,2.8686000000000003,2.8949000000000003,2.9109000000000003,2.9523,2.9679,2.9918,3.0026,3.0159000000000002,3.0374000000000003,3.056,3.0761000000000003,3.0867,3.1078,3.1227,3.1465,3.1645000000000003,3.1751,3.1875,3.2007000000000003,3.2154000000000003,3.2276000000000002,3.2553,3.2741000000000002,3.2928,3.3064,3.3182,3.3518000000000003,3.3623000000000003,3.3836,3.3997,3.4135,3.4302,3.447,3.4625000000000004,3.4771,3.5029000000000003,3.5163,3.5259,3.5410000000000004,3.556,3.5837000000000003,3.5987,3.6193,3.6390000000000002,3.6574,3.6754000000000002,3.6943,3.7068000000000003,3.7146000000000003,3.7268000000000003,3.7408,3.7631,3.7762000000000002,3.8051000000000004,3.8185000000000002,3.8322000000000003,3.8439,3.8752,3.8880000000000003,3.9045,3.9206000000000003,3.9443,3.9604000000000004,3.9749000000000003,4.0032000000000005,4.0254,4.0419,4.059,4.0735,4.0905000000000005,4.113700000000001,4.1243,4.1394,4.1561,4.1784,4.1924,4.2129,4.2379,4.2504,4.2639000000000005,4.2861,4.3056,4.3197,4.3408,4.3598,4.3841,4.4096,4.432300000000001,4.4426000000000005,4.4554,4.468,4.4843,4.4991,4.5129,4.5318000000000005,4.5520000000000005,4.5677,4.585,4.599,4.6051,4.6154,4.634,4.6497,4.6607,4.6746,4.6909,4.7051,4.7235000000000005,4.7371,4.7474,4.774500000000001,4.785200000000001,4.7979,4.8146,4.8245000000000005,4.8411,4.856800000000001,4.8742,4.897,4.9095,4.9269,4.9428,4.9714,4.9808
94443:0.0201,0.0483,0.07540000000000001,0.1105,0.1811,0.21250000000000002,0.24480000000000002,0.2586,0.28450000000000003,0.3028,0.3467,0.39130000000000004,0.4244,0.4506,0.4974,0.5304,0.5523,0.5877,0.6224000000000001,0.6406000000000001,0.6806,0.731,0.7646000000000001,0.8220000000000001,0.8410000000000001,0.865,0.8798,0.9122,0.9455,0.9795,1.0037,1.0636,1.0894000000000001,1.1177000000000001,1.1600000000000001,1.2003000000000001,1.2347000000000001,1.2633,1.2859,1.324,1.3882,1.417,1.4724000000000002,1.5026000000000002,1.5172,1.5454,1.5867,1.7119,1.7381,1.7925,1.8253000000000001,1.9174,1.9323000000000001,1.9455,1.9734,2.0187,2.0501,2.1107,2.1689000000000003,2.1908000000000003,2.2278000000000002,2.2597,2.3174,2.3680000000000003,2.3977,2.4607,2.4962,2.5274,2.5688,2.5989,2.6438,2.6986000000000003,2.73,2.7649,2.807,2.8412,2.8714,2.9154,2.954,2.9824,3.0244,3.065,3.0842,3.1081000000000003,3.1249000000000002,3.1398,3.1847000000000003,3.2135000000000002,3.2435,3.2811000000000003,3.333,3.3651,3.3884000000000003,3.4232,3.463,3.48,3.5282,3.5551000000000004,3.5969,3.6333,3.6663,3.7071,3.7428000000000003,3.7787,3.8191,3.8453000000000004,3.8756000000000004,3.9117,3.9357,3.9941,4.0406,4.0667,4.099200000000001,4.1422,4.1952,4.2249,4.276800000000001,4.3312,4.3683000000000005,4.397600000000001,4.426200000000001,4.4839,4.5243,4.557,4.6389000000000005,4.6936,4.7257,4.7457,4.7986,4.823,4.8937,4.930000000000001,4.9705,4.9961
94849:0.9587,2.2468,2.3394
95123:0.0137,0.042300000000000004,0.0594,0.0772,0.09910000000000001,0.11220000000000001,0.1291,0.1553,0.1794,0.1951,0.21300000000000002,0.22560000000000002,0.2459,0.2697,0.3,0.3347,0.3569,0.3811,0.40590000000000004,0.4284,0.4561,0.49250000000000005,0.519,0.5417000000000001,0.5787,0.6002000000000001,0.6324000000000001,0.6504,0.6702,0.6933,0.7094,0.7266,0.7524000000000001,0.7761,0.7993,0.8209000000000001,0.8458,0.8676,0.8859,0.9142,0.9419000000000001,0.9728,0.9927,1.0175,1.0434,1.0602,1.0744,1.0979,1.1253,1.1420000000000001,1.1565,1.177,1.2065000000000001,1.2175,1.2391,1.2536,1.2763,1.2988,1.3119,1.323,1.3389,1.3682,1.3874,1.4180000000000001,1.4379000000000002,1.4565000000000001,1.4814,1.5087000000000002,1.5402,1.5750000000000002,1.5958,1.6158000000000001,1.6401000000000001,1.6708,1.6887,1.7061000000000002,1.7207000000000001,1.7478,1.7683,1.8024,1.8256000000000001,1.8579,1.8800000000000001,1.8948,1.9125,1.9377000000000002,1.9598,1.9842000000000002,2.0044,2.0212,2.0352,2.0516,2.0713,2.0946000000000002,2.1161000000000003,2.1304000000000003,2.1497,2.1683,2.1836,2.2135000000000002,2.2249000000000003,2.2641,2.2863,2.3048,2.3346,2.3524000000000003,2.3803,2.396,2.426,2.4624,2.4859,2.5007,2.5295,2.5494000000000003,2.5668,2.5979,2.6361000000000003,2.6529000000000003,2.6753,2.6999,2.72,2.7374,2.7554000000000003,2.7681,2.797,2.8226,2.8472,2.8758000000000004,2.8926000000000003,2.914,2.9413,2.9539,2.9672,2.9914,3.0143,3.0316,3.0482,3.061,3.0847,3.0977,3.1104000000000003,3.1245000000000003,3.1494,3.1697,3.1932,3.2105,3.2277,3.2521,3.2726,3.2964,3.3252,3.3552,3.373,3.3957,3.4132000000000002,3.4328000000000003,3.4592,3.4789000000000003,3.4952,3.5136000000000003,3.5278,3.5508,3.5675000000000003,3.5973,3.6317000000000004,3.6565000000000003,3.6952000000000003,3.7137000000000002,3.7419000000000002,3.7576,3.7696,3.7948000000000004,3.8166,3.8352000000000004,3.8482000000000003,3.863,3.8795,3.894,3.9095,3.9433000000000002,3.9722000000000004,3.9883,4.0114,4.0256,4.05,4.0682,4.0861,4.1106,4.1306,4.1477,4.170100000000001,4.1962,4.2218,4.2414000000000005,4.2620000000000005,4.2835,4.3147,4.3368,4.3475,4.3792,4.4168,4.436100000000001,4.4556000000000004,4.471,4.4901,4.521,4.5467,4.5731,4.5871,4.618,4.6481,4.66,4.6814,4.7163,4.7426,4.758,4.7812,4.8116,4.8303,4.8497,4.8649000000000004,4.8906,4.9137,4.9378,4.9629,4.9971000000000005
95216:0.055,0.09380000000000001,0.1301,0.19140000000000001,0.23040000000000002,0.3342,0.4288,0.4873,0.6494,0.676,0.7946000000000001,0.8834000000000001,0.9761000000000001,1.0197,1.07,1.1246,1.1515,1.2148,1.2433,1.2692,1.3263,1.4168,1.4558,1.6147,1.6891,1.891,1.9349,2.0037000000000003,2.0685000000000002,2.333,2.3853,2.447,2.5156,2.5376000000000003,2.5709,2.6336,2.6923,2.7116000000000002,2.7362,2.8416,2.8753,2.9095,2.9588,3.0313000000000003,3.0704000000000002,3.1007000000000002,3.2245000000000004,3.2565,3.3004000000000002,3.3631,3.4175,3.4725,3.4975,3.5528,3.625,3.7295000000000003,3.8036000000000003,3.8643,3.8924000000000003,3.988,4.0509,4.1080000000000005,4.178100000000001,4.2264,4.274900000000001,4.3455,4.4181,4.472700000000001,4.5023,4.5333000000000006,4.5815,4.6531,4.7596,4.833,4.8829,4.911300000000001
95230:0.0758,0.1834,0.24150000000000002,0.3391,0.42100000000000004,0.4786,0.5489,0.6002000000000001,0.6922,0.7559,0.9109,0.9431,0.9823000000000001,1.0623,1.1159000000000001,1.1627,1.2843,1.341,1.3900000000000001,1.4941,1.5392000000000001,1.5884,1.7096,1.7583,1.8231000000000002,1.9458000000000002,1.9935,2.0495,2.1128,2.1706000000000003,2.3959,2.4436,2.5122,2.5723000000000003,2.6442,2.6981,2.7728,2.8208,2.9125,2.9634,3.0479000000000003,3.0984000000000003,3.2453000000000003,3.3162000000000003,3.4286000000000003,3.5287,3.6048,3.6506000000000003,3.6978,3.7345,3.8137000000000003,3.9012000000000002,4.0440000000000005,4.1007,4.143,4.2093,4.28,4.3587,4.5221,4.5643,4.6178,4.7335,4.9053
95864:4.0496
96911:2.8389,4.5833
97008:0.0216,0.10020000000000001,0.17880000000000001,0.27190000000000003,0.29410000000000003,0.3355,0.3703,0.439,0.4988,0.5297000000000001,0.5538000000000001,0.6789000000000001,0.7306,0.8095,0.8644000000000001,0.9556,1.0043,1.103,1.1782000000000001,1.241,1.3623,1.4784000000000002,1.5137,1.5509000000000002,1.6737000000000002,1.7412,1.8447,1.9416,2.0504000000000002,2.1297,2.2792,2.3560000000000003,2.4209,2.5038,2.5343,2.599,2.693,2.8115,2.939,3.0778000000000003,3.1141,3.1395,3.2659000000000002,3.3476000000000004,3.4482000000000004,3.467,3.5064,3.5803000000000003,3.6375,3.664,3.8076000000000003,3.9264,3.9600000000000004,4.0385,4.1744,4.246700000000001,4.2902000000000005,4.3442,4.4234,4.4656,4.621,4.6459,4.7309,4.8183,4.8963,4.924
97095:0.057600000000000005,0.1302,0.2159,0.2358,0.2619,0.3262,0.4237,0.46830000000000005,0.5248,0.6013000000000001,0.6572,0.7454000000000001,0.7927000000000001,0.8362,0.9327000000000001,0.9453,1.0795000000000001,1.1433,1.2541,1.2923,1.3466,1.4585000000000001,1.5559,1.6434,1.7122000000000002,1.7922,1.8642,1.9107,1.9448,1.9589,2.0152,2.0849,2.108,2.2224,2.2602,2.3019000000000003,2.3182,2.3842000000000003,2.4464,2.5417,2.6063,2.6632000000000002,2.6919,2.7412,2.7671,2.797,2.8645,2.9170000000000003,2.9692000000000003,3.0183,3.0888,3.1078,3.1795,3.2262,3.3209,3.3981000000000003,3.4819,3.5335,3.7254,3.8196000000000003,3.8499000000000003,3.9059000000000004,3.9289,3.9774000000000003,4.045100000000001,4.1374,4.2014000000000005,4.2676,4.3434,4.3684,4.4368,4.5128,4.6109,4.652,4.7024,4.7475000000000005,4.792,4.867
97109:0.07970000000000001,0.1877,0.2461,0.3436,0.4272,0.4828,0.5534,0.6059,0.6967,0.7606,0.9154,0.9488000000000001,0.9869,1.0673000000000001,1.1193,1.167,1.2887,1.3458,1.3946,1.4987000000000001,1.5426,1.5932000000000002,1.7184000000000001,1.7671000000000001,1.8272000000000002,1.9500000000000002,1.9976,2.0540000000000003,2.1216,2.1794000000000002,2.3999,2.4484,2.5157000000000003,2.5759000000000003,2.6477,2.7017,2.7769,2.8265000000000002,2.9177,2.9685,3.0523000000000002,3.1022000000000003,3.249,3.3195,3.4326000000000003,3.5328000000000004,3.6098000000000003,3.6548000000000003,3.7034000000000002,3.7382,3.8184,3.9055,4.0471,4.1045,4.1473,4.2135,4.2839,4.3626000000000005,4.5265,4.569100000000001,4.6225000000000005,4.7378,4.909800000000001
97915:0.0189,0.07,0.0828,0.12140000000000001,0.154,0.1836,0.2104,0.23240000000000002,0.24530000000000002,0.26130000000000003,0.2777,0.3018,0.3175,0.3492,0.3607,0.3929,0.4435,0.47100000000000003,0.5172,0.5343,0.5876,0.6109,0.6225,0.6515000000000001,0.6773,0.7150000000000001,0.7411,0.7646000000000001,0.7876000000000001,0.8229000000000001,0.8542000000000001,0.8711000000000001,0.8945000000000001,0.9162,0.9470000000000001,0.9567,0.9798,1.012,1.0605,1.0716,1.115,1.1357000000000002,1.1572,1.1956,1.22,1.2624,1.2853,1.3204,1.3485,1.3779000000000001,1.4165,1.4508,1.4792,1.5069000000000001,1.5459,1.5864,1.6177000000000001,1.6511,1.6963000000000001,1.7263000000000002,1.7531,1.7991000000000001,1.8269000000000002,1.8572000000000002,1.8791,1.9112,1.9278000000000002,1.9709,2.0067,2.0267,2.0722,2.1,2.1241000000000003,2.1675,2.1825,2.2122,2.2254,2.2525,2.2894,2.3192,2.3489,2.3961,2.4236,2.4561,2.4768000000000003,2.5055,2.5327,2.5771,2.5955,2.6239000000000003,2.6512000000000002,2.7161,2.7395,2.7662,2.7937000000000003,2.8195,2.8439,2.8709000000000002,2.9037,2.9265000000000003,2.9555000000000002,2.9729,3.0147,3.0355000000000003,3.0668,3.0856000000000003,3.1099,3.1220000000000003,3.1684,3.1912000000000003,3.2395,3.2584,3.2808,3.309,3.3336,3.3718000000000004,3.391,3.4361,3.4608000000000003,3.4815,3.5236,3.5643000000000002,3.5979,3.6326,3.6694,3.6779,3.7189,3.7607000000000004,3.7825,3.8159,3.8353,3.8858,3.9105000000000003,3.9330000000000003,3.9751000000000003,3.9951000000000003,4.021,4.0431,4.0748,4.1134,4.1436,4.1766000000000005,4.2010000000000005,4.2216000000000005,4.2876,4.3249,4.3341,4.367100000000001,4.4052,4.424,4.465,4.4913,4.5012,4.5339,4.558800000000001,4.6052,4.6365,4.6626,4.6851,4.7221,4.742,4.784,4.7992,4.837000000000001,4.8696,4.8967,4.9305,4.941,4.9741,4.9956000000000005
98019:4.8481000000000005
98064:0.0086,0.016,0.043000000000000003,0.058800000000000005,0.0679,0.0782,0.0969,0.10690000000000001,0.1194,0.1315,0.15030000000000002,0.16140000000000002,0.1784,0.19790000000000002,0.2056,0.21910000000000002,0.2295,0.2389,0.2482,0.2529,0.2716,0.281,0.28850000000000003,0.2995,0.3113,0.33190000000000003,0.34240000000000004,0.3507,0.37160000000000004,0.38720000000000004,0.402,0.4222,0.439,0.4459,0.46440000000000003,0.4796,0.5007,0.5149,0.5263,0.5346000000000001,0.5535,0.5762,0.5849,0.5953,0.6057,0.6165,0.6332,0.6454000000000001,0.6661,0.6734,0.6974,0.7113,0.7252000000000001,0.7369,0.7509,0.7621,0.7756000000000001,0.7827000000000001,0.8017000000000001,0.8182,0.8254,0.8492000000000001,0.8572000000000001,0.8648,0.8735,0.8881,0.8961,0.9098,0.9289000000000001,0.9414,0.9508000000000001,0.9607,0.9724,0.9812000000000001,0.9906,1.0074,1.0330000000000001,1.0556,1.0636,1.0861,1.0989,1.1121,1.1274,1.1397000000000002,1.1495,1.1605,1.1755,1.1923000000000001,1.2105000000000001,1.2179,1.2313,1.2493,1.2590000000000001,1.2723,1.2807000000000002,1.2930000000000001,1.3074000000000001,1.3175000000000001,1.3307,1.3443,1.362,1.3737000000000001,1.3852,1.4031,1.4144,1.4232,1.4381000000000002,1.4480000000000002,1.4661000000000002,1.4758,1.4881,1.499,1.5096,1.5264,1.5419,1.5663,1.5818,1.5997000000000001,1.6122,1.6261,1.6451,1.6641000000000001,1.6823000000000001,1.6940000000000002,1.7064000000000001,1.7198,1.736,1.7487000000000001,1.7672,1.782,1.7965,1.8094000000000001,1.8221,1.8404,1.8526,1.8659000000000001,1.8768,1.8882,1.9000000000000001,1.9139000000000002,1.9223000000000001,1.9302000000000001,1.953,1.9669,1.9881000000000002,2.0018000000000002,2.0128,2.0220000000000002,2.0340000000000003,2.0535,2.0688,2.0861,2.095,2.1078,2.1184000000000003,2.1331,2.1489000000000003,2.165,2.1754000000000002,2.1843,2.1982,2.2095000000000002,2.2196000000000002,2.2291000000000003,2.2387,2.2551,2.262,2.2807,2.2871,2.3031,2.3148,2.3293,2.3414,2.3584,2.379,2.3918,2.4050000000000002,2.419,2.427,2.4426,2.4541,2.4683,2.4826,2.4893,2.503,2.5229,2.5307,2.5583,2.5732,2.5883000000000003,2.5963000000000003,2.6123000000000003,2.6208,2.6356,2.6478,2.665,2.6870000000000003,2.7111,2.7269,2.7362,2.7499000000000002,2.7572,2.774,2.7881,2.8018,2.8135000000000003,2.8254,2.8382,2.8523,2.8635,2.8840000000000003,2.8978,2.9125,2.9216,2.9329,2.9434,2.9574000000000003,2.9687,2.9768000000000003,2.9871000000000003,3.0073000000000003,3.0163,3.0301,3.0404,3.0500000000000003,3.0622000000000003,3.0727,3.0812,3.0961000000000003,3.1051,3.1146000000000003,3.1223,3.1311,3.1511,3.1652,3.1755,3.1871,3.2028000000000003,3.224,3.2346000000000004,3.2512000000000003,3.2641,3.2753,3.2880000000000003,3.3009,3.3194000000000004,3.3294,3.3391,3.3494,3.3682000000000003,3.3835,3.4031000000000002,3.4145000000000003,3.4306,3.448,3.4571,3.4684000000000004,3.4759,3.4865000000000004,3.5073000000000003,3.5211,3.5428,3.5597000000000003,3.5757000000000003,3.5917000000000003,3.6136000000000004,3.6287000000000003,3.6430000000000002,3.6624000000000003,3.6699,3.6916,3.7027,3.7158,3.7351,3.7571000000000003,3.766,3.7768,3.7883,3.8019000000000003,3.8136,3.8289,3.8385000000000002,3.857,3.8725,3.8832,3.8968000000000003,3.9049,3.918,3.9293,3.9509000000000003,3.9656000000000002,3.9828,3.9915000000000003,4.0029,4.0147,4.028700000000001,4.0381,4.0577000000000005,4.0706,4.0877,4.1064,4.1308,4.1401,4.16,4.1736,4.1865000000000006,4.1965,4.2081,4.2176,4.2339,4.2632,4.2834,4.3072,4.319500000000001,4.329000000000001,4.3446,4.3574,4.365,4.393400000000001,4.401800000000001,4.4161,4.4232000000000005,4.4423,4.4579,4.472300000000001,4.4855,4.492900000000001,4.5122,4.5279,4.54,4.553100000000001,4.5678,4.579000000000001,4.6017,4.6227,4.6322,4.6463,4.6564000000000005,4.6717,4.6829,4.6962,4.7123,4.7199,4.7324,4.7391000000000005,4.7636,4.7789,4.7933,4.8097,4.822,4.8344000000000005,4.847300000000001,4.8635,4.875900000000001,4.8917,4.9095,4.9228000000000005,4.9337,4.958200000000001,4.9672,4.979900000000001,4.9888
98592:0.1277,0.2151,0.3241,0.8387,0.9095000000000001,1.072,1.3302,1.4579,1.6359000000000001,2.6736,3.0605,3.3969,3.4799,3.6402,3.8007,4.0509,4.1508,4.3379,4.5806000000000004,4.9362,4.9995
99208:0.5605,0.9419000000000001,1.4353,1.5468000000000002,2.4087,2.9050000000000002,3.6551,3.7359,4.0396
99695:0.9510000000000001,1.9767000000000001,2.0744000000000002,2.5185,2.7113,3.5267000000000004,4.2885,4.8419
99759:2.2702,2.8446000000000002,3.4001,3.8615000000000004
99782:0.5639000000000001,1.2471,3.144,3.4884
99783:0.9577
100229:0.0002,0.0064,0.013600000000000001,0.0196,0.022600000000000002,0.0257,0.032600000000000004,0.0363,0.0378,0.052000000000000005,0.0626,0.0859,0.0994,0.10200000000000001,0.1058,0.1194,0.1308,0.1323,0.1393,0.14100000000000001,0.1565,0.18030000000000002,0.1839,0.1894,0.202,0.2023,0.2106,0.2111,0.218,0.22640000000000002,0.2277,0.2285,0.2421,0.2601,0.2625,0.2947,0.29960000000000003,0.3039,0.3121,0.3141,0.31520000000000004,0.3194,0.3229,0.33480000000000004,0.34900000000000003,0.35300000000000004,0.3724,0.3728,0.38330000000000003,0.38520000000000004,0.3919,0.39830000000000004,0.3991,0.4027,0.4033,0.4035,0.4197,0.42600000000000005,0.42700000000000005,0.4368,0.44470000000000004,0.4461,0.45470000000000005,0.4597,0.46390000000000003,0.48100000000000004,0.4848,0.4858,0.48650000000000004,0.4948,0.49820000000000003,0.5035000000000001,0.51,0.522,0.5234,0.5302,0.5376000000000001,0.5487000000000001,0.5493,0.5628000000000001,0.5658000000000001,0.5766,0.5943,0.6043000000000001,0.6151,0.6177,0.6327,0.6465000000000001,0.6488,0.6519,0.663,0.6644,0.6828000000000001,0.6879000000000001,0.6913,0.6920000000000001,0.7071000000000001,0.7088,0.7093,0.7131000000000001,0.7314,0.7349,0.7355,0.7489,0.7511,0.7624000000000001,0.7666000000000001,0.7831,0.7893,0.7992,0.801,0.8047000000000001,0.8243,0.8362,0.8420000000000001,0.8500000000000001,0.8529,0.8631000000000001,0.8914000000000001,0.892,0.8946000000000001,0.911,0.9133,0.9249,0.935,0.9390000000000001,0.9400000000000001,0.9419000000000001,0.9479000000000001,0.9597,0.9733,0.9792000000000001,0.9839,0.9870000000000001,0.9903000000000001,1.0,1.0090000000000001,1.0115,1.0141,1.0275,1.0282,1.0305,1.0367,1.0453000000000001,1.0586,1.0613000000000001,1.07,1.0774000000000001,1.0825,1.0832000000000002,1.09,1.0954000000000002,1.1008,1.1113,1.1146,1.1194,1.1216000000000002,1.1224,1.1227,1.1343,1.1380000000000001,1.1388,1.1484,1.1636,1.1875,1.1987,1.2035,1.2106000000000001,1.2176,1.223,1.2265000000000001,1.2561,1.2609000000000001,1.2670000000000001,1.2676,1.2685,1.2711000000000001,1.2715,1.2823,1.2853,1.2867,1.2969000000000002,1.3103,1.3203,1.3219,1.3263,1.3288,1.3397000000000001,1.3417000000000001,1.346,1.3471,1.3514000000000002,1.3731,1.3861,1.3929,1.4046,1.4073,1.411,1.4119000000000002,1.4229,1.4231,1.4237,1.4264000000000001,1.4284000000000001,1.4297,1.4363000000000001,1.4421000000000002,1.445,1.4460000000000002,1.4480000000000002,1.4578,1.4602000000000002,1.4652,1.4799,1.4833,1.4856,1.4891,1.4957,1.5149000000000001,1.5176,1.5197,1.5204,1.5284,1.5341,1.5344,1.5368000000000002,1.5386,1.5404,1.5411000000000001,1.548,1.5526,1.5733000000000001,1.5912000000000002,1.6163,1.6191,1.6203,1.6267,1.6333,1.6445,1.6462,1.6581000000000001,1.6587,1.6638000000000002,1.6688,1.6816,1.6889,1.7081000000000002,1.723,1.7305000000000001,1.7375,1.7518,1.7538,1.7706000000000002,1.7710000000000001,1.7744,1.7747000000000002,1.796,1.8122,1.8225,1.8322,1.8359,1.8372000000000002,1.8455000000000001,1.8606,1.8621,1.8655000000000002,1.8697000000000001,1.8737000000000001,1.8832,1.8921000000000001,1.8923,1.8926,1.8974000000000002,1.9016000000000002,1.9036000000000002,1.9049,1.9095000000000002,1.9123,1.9205,1.9239000000000002,1.927,1.9363000000000001,1.9382000000000001,1.9540000000000002,1.9696,2.0102,2.0164,2.0189,2.0231,2.0254000000000003,2.0299,2.0515,2.0664000000000002,2.0685000000000002,2.0771,2.0792,2.0842,2.0877,2.0921000000000003,2.0949,2.0982000000000003,2.0998,2.1002,2.1153,2.119,2.1482,2.1518,2.1536,2.1544000000000003,2.1724,2.1743,2.1983,2.2007000000000003,2.2035,2.2053000000000003,2.2167,2.2199,2.2209000000000003,2.2219,2.2277,2.2323,2.2385,2.2402,2.2582,2.2589,2.2608,2.2643,2.2831,2.2912,2.3035,2.3112,2.338,2.3424,2.3486000000000002,2.3572,2.3575,2.3626,2.3686000000000003,2.3968000000000003,2.4025000000000003,2.4114,2.4184,2.4216,2.4232,2.4294000000000002,2.4307000000000003,2.4362,2.4371,2.4479,2.4538,2.4589000000000003,2.4632,2.4730000000000003,2.4889,2.4966,2.5020000000000002,2.5042,2.5152,2.5169,2.5180000000000002,2.5287,2.5327,2.5382000000000002,2.5488,2.5501,2.5506,2.5537,2.5565,2.5603000000000002,2.5626,2.5705,2.5740000000000003,2.5837000000000003,2.6075,2.612,2.6180000000000003,2.6197,2.6221,2.636,2.6415,2.6590000000000003,2.6605000000000003,2.6738,2.6788000000000003,2.6798,2.6849000000000003,2.6891000000000003,2.7049000000000003,2.7223,2.7261,2.7335000000000003,2.7621,2.7671,2.7768,2.7786,2.7846,2.8065,2.8297000000000003,2.831,2.8321,2.8336,2.841,2.8499000000000003,2.8538,2.8621000000000003,2.8624,2.8651,2.8738,2.8765,2.8772,2.8807,2.8840000000000003,2.8865000000000003,2.8894,2.8958,2.9038,2.9165,2.9218,2.9274,2.9305000000000003,2.9385000000000003,2.9388,2.9485,2.9526000000000003,2.9587000000000003,2.9653,2.9752,2.9754,2.9850000000000003,3.0068,3.0214000000000003,3.0257,3.0260000000000002,3.0391000000000004,3.0438,3.0556,3.0577,3.0675000000000003,3.0884,3.1027,3.1086,3.1167000000000002,3.1211,3.1274,3.1300000000000003,3.1364,3.1398,3.1585,3.1607000000000003,3.1627,3.1808,3.1836,3.1884,3.1897,3.1975000000000002,3.2014,3.2037,3.2116000000000002,3.2286,3.2669,3.2950000000000004,3.2963,3.3015000000000003,3.3054,3.3081,3.3094,3.3151,3.3157,3.3168,3.321,3.3308,3.3418,3.3447,3.3607,3.3622,3.3677,3.3682000000000003,3.3752,3.3843,3.387,3.3989000000000003,3.4044000000000003,3.4122000000000003,3.4174,3.4324000000000003,3.4376,3.4381000000000004,3.4391000000000003,3.4447,3.4463000000000004,3.4479,3.4535,3.4546,3.4578,3.4583000000000004,3.4588,3.4641,3.476,3.4848000000000003,3.4885,3.496,3.5010000000000003,3.5269000000000004,3.5425,3.5450000000000004,3.5496000000000003,3.5658000000000003,3.5863,3.588,3.5945,3.5952,3.5969,3.6174000000000004,3.6207000000000003,3.6224000000000003,3.6395,3.649,3.6581,3.6745,3.6777,3.6799000000000004,3.6876,3.6893000000000002,3.6925000000000003,3.7023,3.7206,3.7211000000000003,3.7355,3.7468000000000004,3.7693000000000003,3.7736,3.7792000000000003,3.7862,3.7875,3.7931000000000004,3.801,3.8053000000000003,3.8116000000000003,3.8217000000000003,3.8333000000000004,3.8360000000000003,3.8377000000000003,3.843,3.8458,3.8477,3.8586,3.8811,3.8823000000000003,3.8867000000000003,3.9002000000000003,3.9055,3.9097000000000004,3.9106,3.9122000000000003,3.93,3.9318000000000004,3.9339000000000004,3.9375,3.9410000000000003,3.9511000000000003,3.9641,3.9665000000000004,3.9818000000000002,4.0014,4.0055000000000005,4.0059000000000005,4.0094,4.0216,4.0218,4.0360000000000005,4.0364,4.0424,4.042800000000001,4.0442,4.0461,4.0481,4.0485,4.0509,4.0515,4.0561,4.0697,4.0728,4.0946,4.1000000000000005,4.1009,4.1019000000000005,4.1142,4.1145000000000005,4.125900000000001,4.127,4.1381000000000006,4.1392,4.1406,4.144,4.1504,4.154100000000001,4.1587000000000005,4.1654,4.1685,4.173900000000001,4.1816,4.1837,4.1875,4.1966,4.208200000000001,4.2097,4.2192,4.222300000000001,4.2228,4.234,4.2483,4.2572,4.2607,4.2616000000000005,4.2703,4.2758,4.2956,4.3045,4.3048,4.3119000000000005,4.3167,4.3317000000000005,4.341200000000001,4.3417,4.3426,4.3542000000000005,4.3575,4.3777,4.3906,4.4119,4.426,4.4354000000000005,4.4358,4.4412,4.4686,4.4689000000000005,4.4729,4.4884,4.4895000000000005,4.4933000000000005,4.4968,4.5041,4.5061,4.5109,4.5376,4.5597,4.567200000000001,4.5772,4.5849,4.585500000000001,4.5987,4.6004000000000005,4.6033,4.6079,4.6107000000000005,4.6113,4.6155,4.619400000000001,4.6221000000000005,4.6223,4.6279,4.6291,4.6437,4.6511000000000005,4.6638,4.6704,4.6833,4.7024,4.7039,4.7074,4.7106,4.7182,4.7289,4.7317,4.7330000000000005,4.7517000000000005,4.753,4.7577,4.7702,4.7752,4.7897,4.7922,4.7975,4.7979,4.8017,4.8042,4.808800000000001,4.8132,4.8183,4.819500000000001,4.822,4.823,4.844,4.8578,4.8642,4.8646,4.865600000000001,4.8727,4.8882,4.8945,4.8954,4.9043,4.9084,4.9110000000000005,4.9149,4.925400000000001,4.9267,4.9291,4.929600000000001,4.9344,4.9369000000000005,4.9551,4.9592,4.9608,4.9711,4.9744,4.988,4.9941
100315:2.8426,4.5863000000000005
100390:0.39780000000000004,0.9682000000000001,2.2675,2.8444000000000003,3.0233000000000003,3.8471,4.3757
100474:0.9503,3.0912
102182:0.1336,0.2151,0.36960000000000004,0.4264,0.4741,0.6027,0.6939000000000001,0.7459,0.8366,0.9430000000000001,1.2554,1.2939,1.3338,1.4588,1.5521,1.643,1.9079000000000002,1.9569,2.093,2.1732,2.2555,2.3228,2.4403,2.6106000000000003,2.6992000000000003,2.7988,2.8509,2.8803,2.9683,3.0207,3.0956,3.1316,3.2291000000000003,3.3674,3.4845,3.5669,3.718,3.8211000000000004,3.8941000000000003,3.9770000000000003,4.0475,4.1384,4.2024,4.3421,4.3792,4.4536,4.5125,4.6138,4.7457,4.7952,4.8646,4.9426000000000005
102290:2.2665
102644:3.8305000000000002,4.3711
102771:0.0534,0.1148,0.18480000000000002,0.2167,0.5218,0.603,0.6569,0.9477000000000001,1.0475,1.0788,1.1379000000000001,1.1967,1.2554,1.3275000000000001,1.46,1.5887,1.724,1.8295000000000001,1.9645000000000001,2.0267,2.0759000000000003,2.1735,2.2246,2.2919,2.4010000000000002,2.47,2.5539,2.6547,2.6979,2.7369000000000003,2.9698,3.0347,3.089,3.2313,3.3766000000000003,3.4194,3.5182,3.5701,3.8374,3.8907000000000003,3.9777,4.073,4.1403,4.287,4.3500000000000005,4.4597,4.663,4.8312
103137:0.0717,0.1237,0.2104,0.25570000000000004,0.3025,0.35350000000000004,0.448,0.5208,0.6084,0.6773,0.7411,0.7878000000000001,0.8681000000000001,0.9467000000000001,0.9847,1.0676,1.1187,1.1979,1.2839,1.3232000000000002,1.3789,1.4504000000000001,1.5062,1.6184,1.6977,1.7548000000000001,1.8291000000000002,1.8811,1.927,2.0255,2.0987,2.1701,2.2157,2.2672000000000003,2.2945,2.3459000000000003,2.4299,2.4942,2.5996,2.6516,2.7600000000000002,2.821,2.9274,2.9789000000000003,3.0427,3.0843000000000003,3.1251,3.19,3.3051000000000004,3.3534,3.4365,3.4804000000000004,3.6732,3.7806,3.8195,3.8903000000000003,3.9134,3.9951000000000003,4.146,4.2035,4.3283000000000005,4.3681,4.4261,4.4956000000000005,4.586,4.6384,4.6869000000000005,4.724600000000001,4.8382000000000005,4.9364,4.9962
103226:2.7457000000000003,2.8752
104107:0.24300000000000002,0.2937,0.5392,0.6202000000000001,0.7862,0.8705,0.9770000000000001,1.286,1.5136,1.9266,2.0398,2.1879,2.2429,2.4934000000000003,2.7621,2.9471000000000003,3.0539,3.1181,3.3539000000000003,3.4789000000000003,3.9095,4.2214,4.369400000000001,4.496700000000001,4.723800000000001,4.994000000000001
104365:0.5626,1.4251,2.7385,2.8465000000000003,3.2148000000000003,3.3979000000000004,3.8551
104955:0.0753,0.1401,0.21300000000000002,0.2581,0.29810000000000003,0.3559,0.4511,0.5395,0.6118,0.6794,0.7439,0.7888000000000001,0.8638,0.9466,0.9874,1.1182,1.1998,1.2868000000000002,1.3521,1.4321000000000002,1.4839,1.5166000000000002,1.7007,1.7551,1.8288,1.8854000000000002,1.9296,2.0208,2.0778000000000003,2.1275,2.1905,2.2446,2.2933,2.349,2.4325,2.4953000000000003,2.6022000000000003,2.6446,2.7445,2.8207,2.8713,2.9416,2.9825,3.0454000000000003,3.0867,3.1281000000000003,3.1925000000000003,3.2846,3.337,3.423,3.4810000000000003,3.6753,3.7829,3.8897000000000004,3.9356,4.0208,4.148000000000001,4.2028,4.3344000000000005,4.3728,4.4292,4.4984,4.586,4.6637,4.7254000000000005,4.8299,4.9392000000000005,4.996
105191:1.3479,3.8965
105214:0.0238,0.0358,0.0772,0.1428,0.1867,0.24230000000000002,0.2985,0.36310000000000003,0.38070000000000004,0.42150000000000004,0.4491,0.4963,0.5474,0.5548000000000001,0.6198,0.6313000000000001,0.6943,0.7555000000000001,0.7643000000000001,0.8297,0.8393,0.8734000000000001,0.9465,0.9906,1.0044,1.0679,1.0841,1.1188,1.1837,1.2294,1.2379,1.2856,1.3412000000000002,1.3889,1.4143000000000001,1.4388,1.4956,1.5064,1.5419,1.7079,1.7568000000000001,1.7697,1.8284,1.9213,1.9497,1.9956,2.0517000000000003,2.174,2.1917,2.2342,2.2482,2.3125,2.3625000000000003,2.399,2.4497,2.4782,2.5229,2.5353000000000003,2.5911,2.5982000000000003,2.6509,2.7207000000000003,2.7343,2.8276000000000003,2.8369,2.8563,2.9169,2.9808000000000003,2.9927,3.0755000000000003,3.117,3.1287000000000003,3.1366,3.1896,3.2142,3.2645,3.2761,3.382,3.3911000000000002,3.4671000000000003,3.4781,3.5324,3.548,3.6316,3.6651000000000002,3.7005000000000003,3.7389,3.8190000000000004,3.8436000000000003,3.8545000000000003,3.9235,3.9345000000000003,3.991,4.0148,4.0468,4.066800000000001,4.1045,4.1450000000000005,4.1803,4.229,4.2388,4.2861,4.3363000000000005,4.3859,4.4295,4.4813,4.5676000000000005,4.6921,4.742100000000001,4.7529,4.8055,4.8121,4.8565000000000005,4.9153,4.9567000000000005,4.9707
105290:4.443700000000001
105475:0.7785000000000001,1.3597000000000001,1.7908000000000002,1.9408,3.1447000000000003,4.0087,4.2529,4.8324,4.838900000000001
105779:0.0187,0.07,0.23290000000000002,0.2503,0.3524,0.40990000000000004,0.4582,0.5579000000000001,0.6379,0.6762,0.8240000000000001,0.8706,0.9814,0.9983000000000001,1.1007,1.1587,1.2176,1.2790000000000001,1.3150000000000002,1.3835000000000002,1.4206,1.4797,1.5432000000000001,1.6781000000000001,1.7237,1.7555,1.83,1.8939000000000001,2.0001,2.0266,2.0488,2.105,2.1206,2.1365000000000003,2.2479,2.3399,2.4094,2.4885,2.8253,2.8970000000000002,2.9437,2.9938000000000002,3.0482,3.1131,3.1814,3.233,3.2573000000000003,3.3773,3.4179000000000004,3.5718,3.6362,3.6601000000000004,3.7084,3.7224000000000004,3.762,3.7981000000000003,3.8407,3.9096,3.9936000000000003,4.0157,4.0741000000000005,4.0934,4.1409,4.1949000000000005,4.2153,4.2388,4.2881,4.427700000000001,4.4641,4.4818,4.5491,4.5796,4.6055,4.6536,4.6976,4.7831,4.853000000000001,4.8946000000000005,4.9715
106130:0.024,0.8645,1.548,2.2689,2.6982,3.4604000000000004,4.293,4.638
106710:0.0349,0.1552,0.8039000000000001,0.8516,1.9287
107826:2.2201
108148:0.0207,0.041,0.057600000000000005,0.076,0.1017,0.13570000000000002,0.1575,0.18330000000000002,0.202,0.21380000000000002,0.2335,0.263,0.2869,0.30510000000000004,0.3342,0.3587,0.37670000000000003,0.3952,0.4122,0.432,0.449,0.4656,0.4823,0.4983,0.5218,0.5493,0.5761000000000001,0.596,0.6206,0.6373,0.6553,0.6817000000000001,0.6944,0.7173,0.7536,0.786,0.8023,0.8236,0.8410000000000001,0.8612000000000001,0.8805000000000001,0.8907,0.9097000000000001,0.937,0.9584,0.9771000000000001,1.0051,1.0207,1.0536,1.0658,1.0859,1.1067,1.1219000000000001,1.1425,1.1588,1.1758,1.2017,1.2148,1.2301,1.2444,1.2583,1.2764,1.2966,1.3105,1.3393000000000002,1.3606,1.3827,1.4103,1.4227,1.4440000000000002,1.4742000000000002,1.4953,1.5167000000000002,1.5337,1.5614000000000001,1.5845,1.6063,1.6231,1.6616000000000002,1.6804000000000001,1.7062000000000002,1.7308000000000001,1.7501,1.772,1.7975,1.818,1.8475000000000001,1.8777000000000001,1.8966,1.9146,1.9382000000000001,1.9564000000000001,1.9692,1.9882000000000002,2.0015,2.0202,2.0374,2.049,2.0671,2.0963000000000003,2.1149,2.1310000000000002,2.1439,2.1670000000000003,2.1916,2.2042,2.2224,2.2417000000000002,2.2651,2.2987,2.3163,2.3371,2.3568000000000002,2.3925,2.4112,2.4393000000000002,2.4641,2.4773,2.4972000000000003,2.5085,2.5261,2.5487,2.5637000000000003,2.5793,2.6001000000000003,2.6234,2.6443000000000003,2.6695,2.6841,2.7030000000000003,2.7188000000000003,2.7387,2.7577000000000003,2.7735000000000003,2.8023000000000002,2.8209,2.8406000000000002,2.8714,2.8868,2.9090000000000003,2.9341,2.9517,2.9829000000000003,3.016,3.0321000000000002,3.0477000000000003,3.084,3.0981,3.1141,3.1347,3.1529000000000003,3.1747,3.1982,3.2134,3.2371000000000003,3.2596000000000003,3.2864,3.3091000000000004,3.3394000000000004,3.3612,3.3857000000000004,3.402,3.4217,3.4471000000000003,3.4659,3.4858000000000002,3.5033000000000003,3.5191000000000003,3.5306,3.5503,3.5715000000000003,3.5944000000000003,3.6108000000000002,3.6303,3.6487000000000003,3.6656,3.6911,3.7144000000000004,3.7294,3.753,3.7726,3.7964,3.8154000000000003,3.8379000000000003,3.8496,3.8668,3.8807,3.8987000000000003,3.9333,3.9685,3.9842000000000004,4.0098,4.0294,4.0468,4.0637,4.0760000000000005,4.0906,4.1042000000000005,4.123600000000001,4.1423000000000005,4.1624,4.178100000000001,4.2024,4.2483,4.265000000000001,4.2782,4.2965,4.3144,4.3371,4.3525,4.3832,4.4202,4.4472000000000005,4.460100000000001,4.4778,4.490200000000001,4.5192000000000005,4.5446,4.5658,4.5859000000000005,4.6080000000000005,4.6366000000000005,4.6525,4.6733,4.6952,4.722700000000001,4.7475000000000005,4.7697,4.7959000000000005,4.820600000000001,4.8485000000000005,4.8645000000000005,4.8872,4.907900000000001,4.9264,4.947900000000001,4.9653,4.9891000000000005
108631:0.0205,0.0488,0.0794,0.1039,0.126,0.13090000000000002,0.1648,0.18810000000000002,0.21080000000000002,0.2258,0.2508,0.2631,0.29550000000000004,0.3189,0.35450000000000004,0.38620000000000004,0.4098,0.45070000000000005,0.4665,0.5192,0.5291,0.5591,0.5898,0.5952000000000001,0.6317,0.6478,0.6518,0.6803,0.6851,0.7180000000000001,0.7427,0.7701,0.7873,0.7941,0.8307,0.8391000000000001,0.8715,0.8865000000000001,0.9029,0.9352,0.9527,0.9788,1.0078,1.0419,1.0657,1.0706,1.0925,1.1191,1.1377000000000002,1.1607,1.1896,1.2194,1.2246000000000001,1.2403,1.2593,1.2861,1.323,1.3442,1.3885,1.4047,1.425,1.4302000000000001,1.4535,1.4825000000000002,1.5010000000000001,1.5055,1.5352000000000001,1.5508000000000002,1.5862,1.6101,1.6341,1.6817,1.7001000000000002,1.7047,1.7262000000000002,1.7554,1.7769000000000001,1.8018,1.8328,1.8577000000000001,1.8943,1.9074,1.9309,1.9515,2.0073000000000003,2.0132,2.0420000000000003,2.0737,2.1055,2.1186000000000003,2.1373,2.1576,2.182,2.1919,2.2168,2.2334,2.2503,2.2697000000000003,2.2938,2.3135,2.3415,2.3665000000000003,2.3721,2.4071000000000002,2.4298,2.4645,2.4887,2.4993000000000003,2.5318,2.5415,2.577,2.5979,2.6053,2.6451000000000002,2.6712000000000002,2.7015000000000002,2.7341,2.7630000000000003,2.7934,2.803,2.831,2.8385000000000002,2.8626,2.9034,2.9094,2.9435000000000002,2.9614000000000003,2.9924,3.0204,3.0552,3.0793,3.0843000000000003,3.1187,3.1237000000000004,3.1374,3.1603000000000003,3.1819,3.188,3.2104000000000004,3.2271,3.2692,3.2769000000000004,3.3080000000000003,3.3128,3.3501000000000003,3.3563,3.3902,3.4197,3.455,3.4768000000000003,3.4928000000000003,3.5235000000000003,3.5507,3.5978000000000003,3.6344000000000003,3.6686,3.7052,3.7095000000000002,3.7318000000000002,3.7706000000000004,3.7985,3.8204000000000002,3.8433,3.866,3.8897000000000004,3.9117,3.9371,3.9434,3.9738,3.9984,4.0199,4.034,4.0491,4.089,4.1146,4.1436,4.1915000000000004,4.2109000000000005,4.2405,4.2455,4.3151,4.3369,4.369400000000001,4.3743,4.4076,4.4269,4.4326,4.4626,4.4837,4.4975000000000005,4.509,4.5468,4.5765,4.6097,4.6416,4.6564000000000005,4.6632,4.6959,4.726500000000001,4.7413,4.785,4.817200000000001,4.8295,4.8541,4.859100000000001,4.8988000000000005,4.9322,4.9715,4.9958
108734:0.169,0.5952000000000001,0.651,0.8372,1.2401,1.3268,1.4557,1.5379,2.3204000000000002,3.2213000000000003,3.7067,3.859,3.8898,4.0248,4.4093,4.4321,4.4955,4.6966,4.730700000000001
108748:0.0154,0.026500000000000003,0.0414,0.0507,0.08270000000000001,0.0951,0.10690000000000001,0.12480000000000001,0.129,0.13570000000000002,0.15130000000000002,0.1666,0.1814,0.19210000000000002,0.2054,0.2131,0.21730000000000002,0.2298,0.24600000000000002,0.25630000000000003,0.2654,0.2867,0.2995,0.3185,0.3251,0.3493,0.3561,0.36360000000000003,0.3769,0.3885,0.40180000000000005,0.4137,0.4222,0.44930000000000003,0.45480000000000004,0.4642,0.4778,0.496,0.5028,0.515,0.5212,0.5298,0.5646,0.5795,0.5917,0.5988,0.6293000000000001,0.6443,0.6523,0.6571,0.6672,0.6778000000000001,0.6864,0.7087,0.7207,0.7431,0.7728,0.7836000000000001,0.7903,0.7982,0.8210000000000001,0.8284,0.8343,0.863,0.8749,0.8844000000000001,0.9036000000000001,0.9095000000000001,0.9213,0.9342,0.9413,0.9539000000000001,0.9757,0.9839,1.0141,1.0328,1.0370000000000001,1.0477,1.058,1.067,1.0722,1.095,1.1189,1.1279000000000001,1.1358000000000001,1.147,1.1587,1.1653,1.1776,1.1907,1.2075,1.2251,1.2373,1.2458,1.2531,1.2703,1.2821,1.2893000000000001,1.3002,1.3216,1.3275000000000001,1.3391,1.3466,1.3671,1.3805,1.3943,1.4039000000000001,1.4174,1.4321000000000002,1.4506000000000001,1.4566000000000001,1.4787000000000001,1.4852,1.5023,1.5087000000000002,1.5388000000000002,1.5533000000000001,1.5659,1.5730000000000002,1.5877000000000001,1.601,1.6123,1.6176000000000001,1.6357000000000002,1.6679000000000002,1.6754,1.6883000000000001,1.7012,1.7084000000000001,1.7225000000000001,1.732,1.7488000000000001,1.7645000000000002,1.7822,1.7971000000000001,1.8052000000000001,1.8191000000000002,1.834,1.8466,1.8538000000000001,1.8634000000000002,1.8785,1.8945,1.8991,1.9089,1.9304000000000001,1.9356,1.9476,1.9555,1.9714,1.9868000000000001,2.0025,2.0108,2.0243,2.0485,2.0636,2.0738000000000003,2.0871,2.1028000000000002,2.1191,2.1354,2.1399,2.1551,2.1631,2.1716,2.1838,2.1941,2.2006,2.2134,2.2205,2.2302,2.242,2.2552000000000003,2.2639,2.2726,2.2835,2.2899000000000003,2.2995,2.3162000000000003,2.3320000000000003,2.3513,2.3697,2.3785000000000003,2.3893,2.4012000000000002,2.4076,2.4311000000000003,2.4427000000000003,2.455,2.4621,2.4856000000000003,2.4954,2.5119000000000002,2.531,2.5357000000000003,2.5433000000000003,2.5692,2.5836,2.5938000000000003,2.6007000000000002,2.6099,2.6229,2.6469,2.654,2.6706000000000003,2.6763000000000003,2.6921,2.6995,2.7067,2.7185,2.7277,2.7368,2.7528,2.7686,2.7779000000000003,2.7872000000000003,2.7945,2.8038000000000003,2.8200000000000003,2.8264,2.839,2.8507000000000002,2.8585000000000003,2.8664,2.8755,2.9069000000000003,2.9147000000000003,2.9366000000000003,2.9505000000000003,2.9616000000000002,2.9690000000000003,2.9930000000000003,3.0001,3.0122,3.0181,3.0264,3.0365,3.0461,3.059,3.079,3.0834,3.0975,3.1148000000000002,3.1212,3.1277000000000004,3.1438,3.1493,3.1706000000000003,3.1834000000000002,3.1923000000000004,3.2137000000000002,3.2194000000000003,3.2268000000000003,3.2562,3.2718000000000003,3.2987,3.3071,3.3132,3.3238000000000003,3.3548,3.3665000000000003,3.3923,3.4044000000000003,3.4149000000000003,3.4241,3.4544,3.4597,3.4709000000000003,3.4793000000000003,3.4930000000000003,3.5017,3.5142,3.5187000000000004,3.5289,3.5524,3.5631000000000004,3.5991,3.6226000000000003,3.6346000000000003,3.6394,3.6607000000000003,3.6704000000000003,3.6833,3.7083000000000004,3.7154000000000003,3.7329000000000003,3.7725,3.7849000000000004,3.7972,3.8085,3.8177000000000003,3.826,3.8372,3.849,3.8785000000000003,3.8842000000000003,3.8907000000000003,3.9029000000000003,3.9113,3.9280000000000004,3.9389000000000003,3.9491,3.9638,3.9685,3.9770000000000003,3.9815,4.0054,4.0163,4.0231,4.0301,4.0358,4.0477,4.054,4.066800000000001,4.0799,4.0888,4.1177,4.1321,4.141,4.1478,4.1698,4.1862,4.1955,4.21,4.244800000000001,4.2635000000000005,4.2859,4.3113,4.3211,4.3337,4.339700000000001,4.3494,4.3651,4.3738,4.4106000000000005,4.4211,4.4303,4.4371,4.4529000000000005,4.4602,4.4665,4.4881,4.5017000000000005,4.5111,4.535,4.5449,4.5506,4.5605,4.5757,4.5824,4.604900000000001,4.6138,4.6207,4.6337,4.6444,4.6581,4.6671000000000005,4.6782,4.6898,4.699,4.7155000000000005,4.730300000000001,4.7431,4.765000000000001,4.7807,4.79,4.8095,4.8213,4.8285,4.8531,4.8574,4.863700000000001,4.8916,4.9017,4.9144000000000005,4.9341,4.9621,4.9776,4.9951
108993:0.25570000000000004,0.9951000000000001,1.9331,2.9915000000000003,3.3533
109232:0.0142,0.045200000000000004,0.0533,0.062200000000000005,0.07490000000000001,0.10350000000000001,0.15610000000000002,0.2092,0.2495,0.2908,0.33990000000000004,0.3799,0.3917,0.40990000000000004,0.4389,0.49010000000000004,0.5054000000000001,0.5417000000000001,0.5562,0.5900000000000001,0.5983,0.626,0.6445000000000001,0.6807000000000001,0.762,0.8204,0.8639,0.8748,0.8878,0.9021,0.9754,1.0364,1.086,1.1094000000000002,1.1531,1.1606,1.1926,1.2018,1.2133,1.2365000000000002,1.262,1.2819,1.312,1.3207,1.3756000000000002,1.3887,1.4171,1.4521000000000002,1.4834,1.4942,1.5278,1.5393000000000001,1.5750000000000002,1.6078000000000001,1.6619000000000002,1.6809,1.7251,1.7363000000000002,1.7511,1.7971000000000001,1.8274000000000001,1.8955000000000002,1.9323000000000001,1.9442000000000002,1.9623000000000002,1.9964000000000002,2.0316,2.041,2.0541,2.1104000000000003,2.1548000000000003,2.1831,2.1925,2.2159,2.2445,2.3124000000000002,2.3388,2.3996,2.4116,2.4304,2.4502,2.4664,2.4873000000000003,2.5285,2.5949,2.6338,2.6932,2.7227,2.7933000000000003,2.8124000000000002,2.8287,2.8801,2.9008000000000003,2.9285,2.9509000000000003,2.992,3.0449,3.0542000000000002,3.1128,3.1365000000000003,3.2049000000000003,3.2293000000000003,3.2456,3.2624,3.3061000000000003,3.3419000000000003,3.3869000000000002,3.4177,3.4547000000000003,3.4781,3.5094000000000003,3.5416000000000003,3.5727,3.5877000000000003,3.6226000000000003,3.6345,3.6521000000000003,3.6683000000000003,3.6936,3.7257000000000002,3.7439,3.7627,3.8424,3.9051,3.9984,4.014,4.0378,4.0676000000000005,4.0999,4.1341,4.1653,4.1786,4.2228,4.278700000000001,4.3124,4.3658,4.3939,4.4275,4.4561,4.4849000000000006,4.5332,4.5429,4.5727,4.6042000000000005,4.646,4.6854000000000005,4.6953000000000005,4.7274,4.7708,4.782,4.8179,4.8542000000000005,4.8875,4.8986,4.9556000000000004,4.9693000000000005
109486:0.1975,0.3542,0.49350000000000005,0.6131,0.9929,1.0752000000000002,1.1732,1.3553000000000002,2.0026,2.4576000000000002,2.5237000000000003,2.6555,2.8320000000000003,2.9276,3.7156000000000002,3.7449000000000003,4.223,4.575,4.9168
109569:2.8415,3.7562,4.5853
109680:0.0007,0.0081,0.0119,0.015300000000000001,0.0359,0.0379,0.038900000000000004,0.040100000000000004,0.0422,0.0476,0.0506,0.061200000000000004,0.0654,0.07740000000000001,0.0844,0.0887,0.092,0.0999,0.1012,0.1018,0.1114,0.1173,0.1198,0.12000000000000001,0.12040000000000001,0.1207,0.1211,0.12810000000000002,0.1293,0.1365,0.14170000000000002,0.1463,0.1467,0.15660000000000002,0.1579,0.16060000000000002,0.17470000000000002,0.1902,0.19090000000000001,0.2051,0.2114,0.2141,0.2169,0.22110000000000002,0.2253,0.22760000000000002,0.2331,0.24580000000000002,0.24600000000000002,0.2541,0.2672,0.2852,0.2998,0.3002,0.3014,0.3075,0.3116,0.31220000000000003,0.31880000000000003,0.3247,0.3295,0.3397,0.3415,0.35150000000000003,0.3578,0.3673,0.3786,0.38880000000000003,0.3929,0.401,0.40590000000000004,0.4169,0.42150000000000004,0.42600000000000005,0.4335,0.4651,0.4882,0.49260000000000004,0.4939,0.497,0.51,0.5198,0.551,0.5525,0.5675,0.5736,0.5874,0.5947,0.6167,0.6202000000000001,0.633,0.6346,0.6426000000000001,0.6469,0.6494,0.6555000000000001,0.6679,0.6732,0.6735,0.6841,0.6861,0.6882,0.7055,0.7113,0.7115,0.7175,0.7206,0.7296,0.7356,0.75,0.7503000000000001,0.7511,0.7517,0.7573000000000001,0.7577,0.7609,0.7646000000000001,0.7767000000000001,0.7822,0.7836000000000001,0.7851,0.7899,0.7909,0.8022,0.8024,0.8039000000000001,0.8206,0.8334,0.8344,0.8421000000000001,0.8440000000000001,0.8635,0.865,0.8787,0.8794000000000001,0.8846,0.887,0.9088,0.9114000000000001,0.9202,0.9219,0.9309000000000001,0.9333,0.9369000000000001,0.9561000000000001,0.9609000000000001,0.9626,0.9708,0.9711000000000001,0.9764,0.9801000000000001,1.0026000000000002,1.0115,1.0135,1.0154,1.0156,1.0264,1.0411000000000001,1.0426,1.0519,1.0622,1.0662,1.0746,1.0801,1.1049,1.1099,1.1115000000000002,1.1118000000000001,1.1187,1.1202,1.1219000000000001,1.1364,1.1379000000000001,1.1383,1.1432,1.1435,1.1539000000000001,1.1585,1.1641000000000001,1.1643000000000001,1.1706,1.1721000000000001,1.1874,1.1897,1.1999,1.2062000000000002,1.2103000000000002,1.2108,1.2122000000000002,1.2222,1.2228,1.229,1.2412,1.2423,1.2428000000000001,1.2452,1.2474,1.2492,1.2548000000000001,1.2609000000000001,1.2755,1.2856,1.2894,1.3012000000000001,1.302,1.3068,1.3076,1.3194000000000001,1.3227,1.3286,1.3371,1.3422,1.3436000000000001,1.3491,1.3501,1.3529,1.3771,1.3797000000000001,1.3909,1.3912,1.4115,1.4121000000000001,1.4148,1.4164,1.4239000000000002,1.4261000000000001,1.427,1.447,1.4517,1.4535,1.4731,1.474,1.4846000000000001,1.487,1.5242,1.5330000000000001,1.5378,1.5633000000000001,1.5716,1.5832000000000002,1.5867,1.5882,1.6012000000000002,1.6069,1.608,1.6177000000000001,1.6192,1.6211,1.6243,1.627,1.6278000000000001,1.6344,1.6502000000000001,1.6777000000000002,1.6825,1.6874,1.6956,1.6961000000000002,1.7025000000000001,1.707,1.7203000000000002,1.7249,1.728,1.7542,1.7732,1.7795,1.7806000000000002,1.7847000000000002,1.7888000000000002,1.8005,1.8106,1.8287,1.8343,1.8406,1.8447,1.8459,1.8643,1.865,1.8704,1.8724,1.8747,1.8784,1.8840000000000001,1.9032,1.9123,1.9134,1.9198000000000002,1.9212,1.9268,1.9297000000000002,1.9327,1.9385000000000001,1.9409,1.9529,1.9741000000000002,1.9754,1.9881000000000002,1.9937,1.9943000000000002,2.0089,2.0106,2.0148,2.0322,2.0485,2.0568,2.0653,2.0661,2.0663,2.0691,2.0868,2.1106000000000003,2.1123000000000003,2.113,2.1177,2.124,2.1321,2.1355,2.1383,2.1398,2.1497,2.1619,2.1638,2.1734,2.1846,2.1967000000000003,2.2029,2.2188000000000003,2.2214,2.2218,2.2532,2.2709,2.2721,2.2753,2.2795,2.2923,2.2925,2.3043,2.3132,2.3195,2.3255,2.3346,2.335,2.3401,2.3416,2.3435,2.3468,2.357,2.3661000000000003,2.3674,2.3678,2.3709000000000002,2.3778,2.3829000000000002,2.3843,2.3869000000000002,2.3905000000000003,2.3963,2.4084000000000003,2.4184,2.4237,2.4377,2.4393000000000002,2.4646,2.4805,2.4951000000000003,2.5,2.5026,2.5034,2.5047,2.5079000000000002,2.5105,2.5256000000000003,2.5264,2.5276,2.5314,2.5342000000000002,2.5346,2.5363,2.5379,2.5427,2.545,2.556,2.5576000000000003,2.5618000000000003,2.5629,2.5669,2.5837000000000003,2.5932,2.603,2.6107,2.6176,2.6228000000000002,2.6258,2.6292,2.637,2.6407000000000003,2.6532,2.6558,2.6688,2.669,2.6731000000000003,2.6828000000000003,2.6845000000000003,2.6857,2.6989,2.6998,2.7004,2.7023,2.7044,2.7089000000000003,2.7104,2.7112000000000003,2.7173000000000003,2.7175000000000002,2.726,2.7285,2.7313,2.7318000000000002,2.7384,2.7451000000000003,2.7466,2.7471,2.748,2.7546,2.7583,2.7628,2.783,2.7987,2.8009,2.803,2.8182,2.8213,2.8224,2.8229,2.8431,2.8484000000000003,2.8501000000000003,2.8675,2.8683,2.8706,2.8807,2.8866,2.898,2.9043,2.9111000000000002,2.9117,2.9171,2.9184,2.9244000000000003,2.9281,2.932,2.9344,2.9423000000000004,2.9474,2.9581,2.9593000000000003,2.9595000000000002,2.9699,2.9741,2.9788,3.0124,3.0132000000000003,3.0149000000000004,3.0178000000000003,3.0199000000000003,3.0249,3.0283,3.0290000000000004,3.0338000000000003,3.0408,3.0513000000000003,3.0538000000000003,3.0620000000000003,3.0657,3.0671,3.0715000000000003,3.0773,3.0869,3.0933,3.0958,3.0987,3.1053,3.1096000000000004,3.1104000000000003,3.1268000000000002,3.1347,3.1537,3.1628000000000003,3.1758,3.1911,3.2059,3.2106000000000003,3.2173000000000003,3.2195,3.2215000000000003,3.2245000000000004,3.2262,3.2362,3.2402,3.2537000000000003,3.2671,3.2791,3.2818,3.2902,3.2920000000000003,3.2967,3.2981000000000003,3.3157,3.3241,3.3264,3.3331,3.3402000000000003,3.3484000000000003,3.3609,3.3668,3.3823000000000003,3.3826,3.3932,3.3985000000000003,3.3997,3.4064,3.4095,3.4185000000000003,3.422,3.4238,3.4279,3.4285,3.4425000000000003,3.4474,3.4496,3.4563,3.4615,3.4657,3.4677000000000002,3.4694000000000003,3.4734000000000003,3.482,3.4872,3.5095,3.5278,3.528,3.5321000000000002,3.5418000000000003,3.5435000000000003,3.5501,3.5515000000000003,3.5884,3.5963000000000003,3.6014000000000004,3.604,3.615,3.616,3.6189,3.6196,3.6209000000000002,3.6222000000000003,3.6297,3.6519000000000004,3.6522,3.656,3.6625,3.6648,3.7168,3.7175000000000002,3.7192000000000003,3.7196000000000002,3.7245000000000004,3.7269,3.7271,3.7286,3.7310000000000003,3.7338,3.7346000000000004,3.7382,3.7522,3.7533000000000003,3.7543,3.7735000000000003,3.7767000000000004,3.7786000000000004,3.7835,3.7887000000000004,3.7910000000000004,3.7936,3.7991,3.806,3.8071,3.8077,3.8196000000000003,3.8292,3.8452,3.8456,3.8472000000000004,3.8503000000000003,3.8506,3.854,3.8543000000000003,3.8612,3.8619000000000003,3.8661000000000003,3.8712,3.8746,3.8757,3.8916000000000004,3.8947000000000003,3.8962000000000003,3.8979000000000004,3.9051,3.9120000000000004,3.919,3.9521,3.9556,3.9563,3.9572000000000003,3.9601,3.9675000000000002,3.9696000000000002,3.979,3.9802000000000004,3.9824,3.9845,3.9981,4.0082,4.0093000000000005,4.0132,4.0363,4.0385,4.0440000000000005,4.0454,4.046,4.0466,4.0537,4.0624,4.0705,4.072900000000001,4.0788,4.0827,4.0853,4.0894,4.09,4.096,4.1003,4.1037,4.104,4.107200000000001,4.1107000000000005,4.1124,4.1145000000000005,4.1318,4.1327,4.1361,4.1475,4.1485,4.1629000000000005,4.1735,4.1866,4.1997,4.2027,4.208200000000001,4.2118,4.214300000000001,4.2449,4.2631000000000006,4.2672,4.2701,4.2723,4.2751,4.2788,4.2821,4.2832,4.2839,4.2921000000000005,4.2971,4.2998,4.3057,4.3329,4.335,4.337400000000001,4.3388,4.339700000000001,4.3662,4.3664000000000005,4.3757,4.3865,4.3954,4.415900000000001,4.4354000000000005,4.4375,4.438000000000001,4.4466,4.4476,4.4505,4.4543,4.4612,4.4635,4.4722,4.480300000000001,4.485,4.4896,4.4962,4.502,4.5029,4.5182,4.5218,4.524900000000001,4.5266,4.5337000000000005,4.5364,4.5374,4.5383000000000004,4.5406,4.551,4.556,4.5680000000000005,4.5683,4.5747,4.5760000000000005,4.5811,4.588900000000001,4.5914,4.5959,4.602,4.605700000000001,4.607200000000001,4.6148,4.615600000000001,4.617100000000001,4.6242,4.6329,4.6384,4.6458,4.651400000000001,4.6536,4.6586,4.670100000000001,4.6748,4.676200000000001,4.6767,4.6839,4.6881,4.693700000000001,4.7074,4.7423,4.7472,4.7634,4.7739,4.7857,4.786300000000001,4.7975,4.8017,4.8032,4.8044,4.8173,4.8245000000000005,4.8263,4.8518,4.8623,4.8639,4.865600000000001,4.8658,4.8684,4.8725000000000005,4.884,4.8907,4.8968,4.8973,4.8992,4.907500000000001,4.9192,4.9279,4.9291,4.9306,4.9425,4.9547,4.961600000000001,4.9853000000000005,4.9903,4.9910000000000005,4.9968
110751:0.7802,1.9448,4.0111,4.2534,4.8339
111612:0.027600000000000003,0.17830000000000001,0.2514,0.2732,0.498,0.5452,0.5597,0.6811,0.7413000000000001,0.8570000000000001,0.9319000000000001,1.0777,1.1144,1.1859,1.3538000000000001,1.4464000000000001,1.5089000000000001,1.7292,1.7786000000000002,2.0634,2.3931,2.4644,2.5457,2.677,2.7005000000000003,2.8355,3.0738000000000003,3.1857,3.3182,3.4635000000000002,3.4909000000000003,3.6363000000000003,3.8723,3.9264,4.0264,4.1265,4.194100000000001,4.7231000000000005,4.821400000000001,4.8951
112031:4.8375
112096:0.0386,1.4014,1.7768000000000002,2.3687,2.5378000000000003,2.6032,3.2771000000000003,3.8549,4.2442,4.488300000000001
112240:0.038400000000000004,0.07980000000000001,0.12810000000000002,0.18480000000000002,0.2278,0.2622,0.3048,0.3563,0.4041,0.4501,0.4923,0.5714,0.6136,0.6677000000000001,0.7177,0.7855000000000001,0.8321000000000001,0.9062,1.0432000000000001,1.0925,1.1360000000000001,1.1965000000000001,1.2444,1.2741,1.3117,1.3606,1.4006,1.4506000000000001,1.5428000000000002,1.6025,1.6608,1.737,1.7963,1.8479,1.8928,1.9213,1.9805000000000001,2.0691,2.1303,2.1615,2.2162,2.2427,2.2945,2.3643,2.432,2.5029,2.5902000000000003,2.6471,2.6958,2.7395,2.7882000000000002,2.8232,2.8547000000000002,2.8958,2.9674,2.9995000000000003,3.0512,3.1197000000000004,3.1746000000000003,3.2172,3.3116000000000003,3.3488,3.3766000000000003,3.4254000000000002,3.4702,3.5111000000000003,3.5539,3.6082,3.6826000000000003,3.7134,3.7732,3.8208,3.8468,3.9129,3.9512,3.9925,4.0646,4.1154,4.156000000000001,4.2184,4.2607,4.3255,4.3921,4.4378,4.478000000000001,4.5436000000000005,4.6023000000000005,4.6269,4.6726,4.724,4.7671,4.8097,4.8426,4.8842,4.929,4.9886
112729:0.0346,0.1464,1.9208
112815:2.6973000000000003,3.4767,4.6516
113636:2.8382,3.7492,4.5817000000000005,4.9253
113894:0.0179,0.0751,0.1265,0.16190000000000002,0.2504,0.29560000000000003,0.31820000000000004,0.35400000000000004,0.4087,0.4485,0.5187,0.5558000000000001,0.5913,0.6286,0.6484,0.6816,0.7389,0.7656000000000001,0.8287,0.8679,0.9765,1.0052,1.09,1.1581000000000001,1.2202,1.2364000000000002,1.2853,1.3211000000000002,1.3880000000000001,1.421,1.4505000000000001,1.4985000000000002,1.5313,1.5481,1.7005000000000001,1.7222000000000002,1.7742,1.8915000000000002,1.9276000000000002,2.0084,2.0385,2.1140000000000003,2.1873,2.2472000000000003,2.3099000000000003,2.3372,2.3676,2.4289,2.4855,2.5319000000000003,2.595,2.6416,2.7317,2.7915,2.8344,2.8602000000000003,2.9013,2.9397,2.9896000000000003,3.052,3.0801000000000003,3.1344000000000003,3.1832000000000003,3.2068000000000003,3.2666,3.3088,3.3466,3.3872,3.4544,3.4770000000000003,3.5476,3.5952,3.6325000000000003,3.7024000000000004,3.7681,3.8409,3.8634000000000004,3.9095,3.9384,3.995,4.0172,4.1121,4.1425,4.1902,4.2369,4.3686,4.4039,4.4282,4.480300000000001,4.5469,4.653300000000001,4.6938,4.7232,4.782500000000001,4.8136,4.8556,4.8963,4.968
113916:0.0678,2.5411
114374:0.5650000000000001,0.792,1.2517,1.456,1.7822,2.2584,2.3772,2.7428000000000003,3.8654,4.250900000000001
114492:1.3565,4.1610000000000005
115035:0.0114,0.032,0.0459,0.0567,0.07010000000000001,0.0838,0.0994,0.1153,0.1333,0.1505,0.16970000000000002,0.1882,0.2069,0.22410000000000002,0.2601,0.2833,0.3025,0.32180000000000003,0.3366,0.35810000000000003,0.3715,0.38720000000000004,0.4061,0.4182,0.4368,0.4551,0.4728,0.48760000000000003,0.5024000000000001,0.5211,0.5383,0.5521,0.5758,0.5915,0.6091,0.6247,0.6411,0.6542,0.6732,0.6901,0.7084,0.7312000000000001,0.755,0.7791,0.7944,0.8168000000000001,0.8324,0.8533000000000001,0.8713000000000001,0.8836,0.8983000000000001,0.9218000000000001,0.9377000000000001,0.9585,0.9755,0.9912000000000001,1.0144,1.0333,1.0558,1.0676,1.0833000000000002,1.1067,1.1268,1.143,1.1547,1.1725,1.1947,1.208,1.2198,1.2335,1.2469000000000001,1.258,1.2769000000000001,1.2974,1.3142,1.3283,1.3465,1.3647,1.385,1.4047,1.4152,1.4282000000000001,1.4498,1.4758,1.4872,1.5046000000000002,1.5216,1.5337,1.5453000000000001,1.5709000000000002,1.5924,1.6049,1.6212,1.6556000000000002,1.6745,1.6925000000000001,1.7088,1.7268000000000001,1.7463000000000002,1.7633,1.7842,1.804,1.822,1.8413000000000002,1.8575000000000002,1.8894000000000002,1.9088,1.9284000000000001,1.9408,1.9585000000000001,1.9783000000000002,1.9939,2.0141,2.0342000000000002,2.0484,2.0618000000000003,2.0844,2.1085000000000003,2.1274,2.1516,2.1687000000000003,2.1854,2.2122,2.2255000000000003,2.2515,2.2738,2.2984,2.3156000000000003,2.3327,2.3502,2.3756,2.3939,2.408,2.4274,2.4462,2.4637000000000002,2.483,2.5018000000000002,2.5195000000000003,2.5324,2.5528,2.5695,2.5909,2.6096,2.6286,2.6416,2.6654,2.6782,2.6911,2.7058,2.7192000000000003,2.7317,2.7514000000000003,2.7679,2.7968,2.8064,2.826,2.8413,2.8644000000000003,2.8776,2.8969,2.9085,2.9247,2.9483,2.9676,2.9892000000000003,3.0162,3.0353000000000003,3.0466,3.0701,3.0894000000000004,3.1071,3.1223,3.1339,3.1478,3.1628000000000003,3.1955,3.209,3.2214,3.242,3.2573000000000003,3.2792000000000003,3.3001,3.3236000000000003,3.3415000000000004,3.3623000000000003,3.3869000000000002,3.4012000000000002,3.4199,3.4509000000000003,3.4654000000000003,3.4761,3.4911000000000003,3.5012000000000003,3.5213,3.5374000000000003,3.5542000000000002,3.5698000000000003,3.5834,3.5975,3.6186000000000003,3.6300000000000003,3.6499,3.6637,3.6777,3.6919,3.7089000000000003,3.7229,3.7401,3.7591,3.7777000000000003,3.8031,3.8232000000000004,3.8417000000000003,3.8539000000000003,3.8657000000000004,3.8850000000000002,3.8967,3.9173,3.9454000000000002,3.9733,3.9955000000000003,4.0097000000000005,4.0227,4.0349,4.0488,4.0657000000000005,4.0857,4.0979,4.1147,4.1307,4.1454,4.1613,4.174300000000001,4.1994,4.2217,4.2452000000000005,4.2671,4.284800000000001,4.3055,4.3241000000000005,4.341,4.3583,4.3792,4.391500000000001,4.4162,4.4350000000000005,4.4516,4.472300000000001,4.4851,4.4983,4.515000000000001,4.5345,4.5503,4.5686,4.5835,4.6006,4.6207,4.6452,4.6609,4.6747000000000005,4.6908,4.7152,4.7398,4.7533,4.7712,4.7911,4.815300000000001,4.8322,4.8505,4.8707,4.8928,4.911700000000001,4.9297,4.947500000000001,4.966,4.9805
115210:0.025,2.2704,3.4564000000000004,4.2918,4.636
115366:0.5603,0.7868,1.2394,1.4447,1.5267000000000002,1.7779,1.9321000000000002,2.2538,2.3721,2.5328,2.5996,2.7378,3.8602000000000003,4.2453
115411:0.031900000000000005,0.1423,1.917
115540:3.7456
115771:0.2474,0.6715,0.7828,0.8644000000000001,1.1542000000000001,1.234,1.2934,1.3355000000000001,1.4489,1.7905,1.9197000000000002,2.2237,2.262,2.3081,2.4622,2.8776,2.9384,2.9755000000000003,3.0403000000000002,3.1244,3.1857,3.3324000000000003,3.4104,3.9024,4.0346,4.4254,4.6576
115960:1.3708,4.1799
115968:0.9567,1.9236000000000002,3.7422
116721:0.4585,1.5434
116777:0.2499,0.6772,0.7862,0.8695,1.1579000000000002,1.2373,1.2989000000000002,1.3437000000000001,1.4518,1.7975,1.9231,2.2271,2.2661000000000002,2.3139000000000003,2.4663,2.9413,2.9798,3.045,3.1269,3.1911,3.3365,3.4166000000000003,3.9057000000000004,4.039000000000001,4.4283,4.6631
116843:0.019200000000000002,0.0392,0.0663,0.08900000000000001,0.1131,0.13290000000000002,0.15560000000000002,0.18000000000000002,0.20670000000000002,0.2286,0.24750000000000003,0.2705,0.2918,0.3118,0.3346,0.35810000000000003,0.379,0.4036,0.4293,0.45370000000000005,0.4711,0.49920000000000003,0.523,0.5488000000000001,0.5687,0.5904,0.6122000000000001,0.6405000000000001,0.6665,0.6867000000000001,0.7117,0.7381000000000001,0.7696000000000001,0.7909,0.8175,0.8381000000000001,0.8698,0.8974000000000001,0.9154,0.9314,0.9499000000000001,0.9766,1.0113,1.0355,1.0605,1.0853000000000002,1.1094000000000002,1.1251,1.1449,1.1709,1.2049,1.2384000000000002,1.2607000000000002,1.2773,1.2961,1.3263,1.3428,1.3629,1.3884,1.4076,1.4318,1.4548,1.4777,1.4998,1.5210000000000001,1.5455,1.5724,1.5974000000000002,1.6196000000000002,1.6386,1.6605,1.6794,1.7065000000000001,1.7351,1.758,1.7791000000000001,1.8021,1.8322,1.8526,1.8757000000000001,1.8941000000000001,1.9138000000000002,1.9402000000000001,1.9671,1.9849,2.0251,2.0503,2.0816,2.1001000000000003,2.1323000000000003,2.1569000000000003,2.1764,2.1911,2.2110000000000003,2.2307,2.2502,2.2708,2.2914000000000003,2.3096,2.3505000000000003,2.3811,2.4067000000000003,2.4215,2.4405,2.4610000000000003,2.4828,2.5019,2.5262000000000002,2.552,2.5683000000000002,2.5898000000000003,2.6133,2.6357,2.6624000000000003,2.6825,2.7058,2.728,2.7414,2.7673,2.7891,2.8144,2.8358000000000003,2.8582,2.8728000000000002,2.8916,2.9282000000000004,2.9561,2.9846000000000004,3.0064,3.0242,3.0475000000000003,3.0752,3.0952,3.1197000000000004,3.1501,3.1733000000000002,3.193,3.2153,3.2463,3.2695000000000003,3.2959,3.3133000000000004,3.3360000000000003,3.3643,3.3843,3.4083,3.4307000000000003,3.4469000000000003,3.4634,3.4801,3.5020000000000002,3.5227000000000004,3.5441000000000003,3.5713000000000004,3.5964,3.6197000000000004,3.6384000000000003,3.6624000000000003,3.6805000000000003,3.7,3.7225,3.7417000000000002,3.7568,3.7784,3.8032000000000004,3.8203,3.8354000000000004,3.8511,3.8768000000000002,3.8997,3.9170000000000003,3.9520000000000004,3.9762000000000004,3.9986,4.0271,4.0502,4.0732,4.0981000000000005,4.1189,4.1381000000000006,4.1597,4.181900000000001,4.211,4.2369,4.2624,4.287,4.3142000000000005,4.3402,4.36,4.3838,4.412100000000001,4.437600000000001,4.4533000000000005,4.4757,4.4983,4.5214,4.5441,4.5688,4.5928,4.6068,4.6239,4.6475,4.6679,4.6872,4.7109000000000005,4.732200000000001,4.766,4.7861,4.8041,4.8261,4.8491,4.8707,4.8947,4.9227,4.9392000000000005,4.9651000000000005,4.986400000000001
116937:0.0128,0.028300000000000002,0.049800000000000004,0.0776,0.0945,0.11130000000000001,0.1253,0.1492,0.1618,0.17450000000000002,0.1913,0.2088,0.221,0.23450000000000001,0.2554,0.27790000000000004,0.29100000000000004,0.31880000000000003,0.3327,0.34590000000000004,0.3638,0.3781,0.3924,0.4066,0.42910000000000004,0.445,0.4565,0.47450000000000003,0.48860000000000003,0.5142,0.5311,0.5515,0.5736,0.5898,0.61,0.6308,0.6418,0.6596000000000001,0.6687000000000001,0.6804,0.7056,0.7227,0.7476,0.7574000000000001,0.7781,0.793,0.8064,0.8218000000000001,0.8507,0.8719,0.9003,0.9149,0.9267000000000001,0.9512,0.9752000000000001,0.9949,1.0150000000000001,1.0293,1.0525,1.0777,1.1027,1.1132,1.1277000000000001,1.1477000000000002,1.1699000000000002,1.1876,1.204,1.2348000000000001,1.2474,1.2749000000000001,1.2969000000000002,1.3113000000000001,1.3266,1.3568,1.3714000000000002,1.3974,1.4277,1.4459,1.4681,1.4839,1.5019,1.5122,1.5236,1.5479,1.5634000000000001,1.5858,1.6046,1.6281,1.6501000000000001,1.6615,1.6732,1.6939000000000002,1.7255,1.7387000000000001,1.7497,1.7626000000000002,1.7806000000000002,1.804,1.8275000000000001,1.8401,1.8578000000000001,1.8880000000000001,1.8991,1.9091,1.9293,1.9422000000000001,1.9609,1.9801000000000002,1.9968000000000001,2.0425,2.06,2.0848,2.1036,2.1214,2.1321,2.1566,2.1794000000000002,2.1946,2.2069,2.2303,2.2422,2.2708,2.2917,2.3125,2.3309,2.3533,2.3676,2.3946,2.4095,2.4215,2.4429000000000003,2.4627000000000003,2.4934000000000003,2.5037000000000003,2.519,2.5368,2.5513,2.5728,2.5889,2.6140000000000003,2.6273,2.6432,2.668,2.6904000000000003,2.7129000000000003,2.7358000000000002,2.7528,2.7665,2.7913,2.8051,2.8159,2.8458,2.8607,2.891,2.9098,2.9434,2.959,2.9845,2.9978000000000002,3.0362,3.0567,3.0804,3.0916,3.1131,3.1252,3.1434,3.1623,3.1788000000000003,3.1891000000000003,3.21,3.2445,3.2596000000000003,3.2727,3.2956000000000003,3.315,3.3383000000000003,3.3558000000000003,3.3733,3.3858,3.4102,3.4198,3.4343000000000004,3.4487,3.4609,3.4799,3.4903,3.5181,3.535,3.5505,3.5819,3.6102000000000003,3.6216000000000004,3.641,3.6595,3.6757,3.702,3.7167000000000003,3.742,3.7668000000000004,3.7949,3.8114000000000003,3.8281,3.8401,3.8718000000000004,3.886,3.9223000000000003,3.9398,3.9537,3.9844000000000004,4.0151,4.0307,4.0525,4.0645,4.0787,4.1147,4.139600000000001,4.1609,4.1811,4.1948,4.2175,4.2386,4.2538,4.2773,4.2953,4.3243,4.3426,4.3567,4.3798,4.4067,4.425800000000001,4.4375,4.4467,4.4594000000000005,4.4711,4.4875,4.5008,4.5280000000000005,4.5425,4.5606,4.5857,4.6016,4.6229000000000005,4.639200000000001,4.6501,4.6707,4.7088,4.7253,4.7396,4.7635000000000005,4.7779,4.8038,4.8217,4.838,4.8628,4.8806,4.8936,4.9108,4.9252,4.9477,4.9750000000000005
117257:0.1335,0.21780000000000002,0.2594,0.3285,0.4267,0.4723,0.5294,0.6037,0.6594,0.7305,0.795,0.8388,0.9398000000000001,1.0774000000000001,1.1699000000000002,1.2529000000000001,1.2949000000000002,1.3517000000000001,1.46,1.5579,1.6457000000000002,1.7952000000000001,1.8674000000000002,1.915,1.9636,2.0191,2.0908,2.1723,2.2283,2.2739000000000003,2.3212,2.3913,2.4524,2.5446,2.6097,2.7011000000000003,2.745,2.8009,2.8694,2.9232,2.9716,3.0260000000000002,3.0897,3.1310000000000002,3.1871,3.2310000000000003,3.3245,3.3999,3.4849,3.5608,3.7192000000000003,3.8230000000000004,3.8551,3.9098,3.9843,4.0521,4.1498,4.2065,4.3442,4.3789,4.4408,4.5065,4.6147,4.6622,4.7071000000000005,4.752400000000001,4.7972,4.8660000000000005
118139:0.0352,0.0613,0.1022,0.15460000000000002,0.2097,0.29000000000000004,0.33590000000000003,0.364,0.3919,0.4209,0.46290000000000003,0.49400000000000005,0.5267000000000001,0.5577,0.5946,0.6307,0.6782,0.7189,0.8214,0.8739,0.9042,0.935,0.9785,1.0370000000000001,1.0709,1.1125,1.1572,1.2015,1.2263000000000002,1.2501,1.2829000000000002,1.3204,1.353,1.3904,1.4198000000000002,1.4555,1.4919,1.5287000000000002,1.5512000000000001,1.6081,1.6776,1.7345000000000002,1.7674,1.8242,1.8614000000000002,1.9437,1.9857,2.0509,2.118,2.1713,2.229,2.3224,2.3680000000000003,2.3994,2.4382,2.4686,2.508,2.5367,2.5734,2.632,2.6790000000000003,2.7173000000000003,2.7415000000000003,2.7734,2.8193,2.8695,2.903,2.9577,3.0247,3.0501,3.0964,3.1365000000000003,3.2124,3.2469,3.3075,3.3677,3.4045,3.4558,3.4783,3.5064,3.5446,3.5768,3.6012,3.6332,3.6661,3.697,3.7269,3.7651000000000003,3.8129000000000004,3.8572,3.8988,4.0135000000000005,4.0398000000000005,4.0686,4.1022,4.1348,4.1645,4.2051,4.274500000000001,4.312,4.361,4.4267,4.4589,4.5012,4.5411,4.573,4.6058,4.6769,4.7507,4.7971,4.8535,4.9005,4.932300000000001,4.971
118523:0.0443,0.0857,0.5599000000000001,0.767,1.2482,1.3981000000000001,1.7762,2.2551,2.371,2.7375000000000003,3.2169000000000003,3.3931,3.8592,4.2449
118536:0.0189,0.0454,0.0637,0.076,0.1075,0.15130000000000002,0.187,0.2827,0.336,0.37870000000000004,0.41800000000000004,0.4474,0.4777,0.5005000000000001,0.5526,0.5760000000000001,0.6203000000000001,0.6385000000000001,0.6931,0.7588,0.8410000000000001,0.8621000000000001,0.9134,0.9308000000000001,0.9494,1.0541,1.0847,1.1601000000000001,1.1849,1.2183000000000002,1.2424,1.2866,1.3399,1.3716000000000002,1.3937000000000002,1.4381000000000002,1.4779,1.4956,1.5273,1.5643,1.6209,1.7369,1.8234000000000001,1.9498000000000002,1.967,1.9963000000000002,2.0525,2.0677000000000003,2.1699,2.3675,2.4104,2.467,2.4814000000000003,2.5159000000000002,2.5283,2.5675000000000003,2.6443000000000003,2.6795,2.7084,2.7191,2.7758000000000003,2.8322000000000003,2.8967,2.9409,3.0496000000000003,3.0987,3.1549,3.289,3.3964000000000003,3.4281,3.4769,3.5054000000000003,3.5304,3.555,3.5959000000000003,3.6248,3.6495,3.6606,3.6963000000000004,3.7279,3.7549,3.8144,3.8638000000000003,4.0139000000000005,4.0513,4.0706,4.1014,4.1381000000000006,4.1745,4.2117,4.2555000000000005,4.2832,4.3112,4.3544,4.4263,4.4541,4.5217,4.6079,4.6797,4.7531,4.8021,4.830900000000001,4.9046,4.9316,4.9692
118928:0.0005,0.0167,0.0284,0.0286,0.0344,0.0371,0.0408,0.0483,0.0489,0.0531,0.0543,0.0597,0.061000000000000006,0.0625,0.0671,0.0794,0.0823,0.0828,0.0877,0.09960000000000001,0.1075,0.1278,0.1311,0.1386,0.15560000000000002,0.16540000000000002,0.1827,0.1831,0.1841,0.18680000000000002,0.1883,0.2036,0.2058,0.21280000000000002,0.2157,0.2172,0.22840000000000002,0.2414,0.25270000000000004,0.2577,0.27240000000000003,0.2791,0.2837,0.2889,0.30010000000000003,0.3013,0.3033,0.32830000000000004,0.3311,0.3442,0.3522,0.3634,0.3786,0.39280000000000004,0.40700000000000003,0.42400000000000004,0.4252,0.42860000000000004,0.4302,0.4308,0.4446,0.4466,0.46040000000000003,0.46490000000000004,0.4777,0.4786,0.4791,0.47990000000000005,0.48260000000000003,0.4842,0.48450000000000004,0.4877,0.4884,0.5,0.5155000000000001,0.5261,0.5331,0.5373,0.5593,0.5614,0.5676,0.5717,0.5769000000000001,0.5855,0.6049,0.62,0.621,0.6324000000000001,0.6367,0.6409,0.6471,0.6493,0.6588,0.6597000000000001,0.6624,0.6645,0.6652,0.6707000000000001,0.6742,0.6793,0.6992,0.7026,0.7234,0.7377,0.7426,0.7467,0.7478,0.7632,0.7725000000000001,0.791,0.7916000000000001,0.7924,0.7994,0.8054,0.8129000000000001,0.8162,0.8192,0.8198000000000001,0.8234,0.8383,0.8475,0.8595,0.8632000000000001,0.874,0.876,0.8785000000000001,0.8794000000000001,0.8834000000000001,0.8836,0.8936000000000001,0.8965000000000001,0.9081,0.9227000000000001,0.9324,0.9720000000000001,0.9746,0.9767,0.9774,0.9978,1.0063,1.0079,1.0133,1.0148000000000001,1.0196,1.0252000000000001,1.0284,1.0533000000000001,1.056,1.0575,1.0593000000000001,1.0664,1.0679,1.0821,1.0881,1.0952,1.1036000000000001,1.1071,1.1107,1.1169,1.124,1.1245,1.1376,1.1449,1.1452,1.1468,1.1676,1.1903000000000001,1.2007,1.2031,1.2114,1.2127000000000001,1.2314,1.2338,1.2348000000000001,1.2353,1.2372,1.2414,1.242,1.2477,1.2513,1.2542,1.266,1.2665,1.268,1.2690000000000001,1.2847,1.2916,1.3128,1.3161,1.3325,1.3328,1.3403,1.3472000000000002,1.3475000000000001,1.3727,1.3821,1.3876000000000002,1.3892,1.3896000000000002,1.4076,1.4111,1.4113,1.423,1.427,1.4279000000000002,1.4318,1.4340000000000002,1.4348,1.4399000000000002,1.4452,1.4465000000000001,1.4501000000000002,1.4563000000000001,1.4707000000000001,1.4779,1.4785000000000001,1.497,1.5063,1.5115,1.5170000000000001,1.5238,1.5269000000000001,1.542,1.5443,1.5539,1.56,1.5663,1.5730000000000002,1.586,1.5931000000000002,1.6106,1.6118000000000001,1.6355000000000002,1.6579000000000002,1.6757000000000002,1.677,1.6797,1.6831,1.6847,1.6862000000000001,1.6896,1.7005000000000001,1.7092,1.7169,1.7288000000000001,1.745,1.7650000000000001,1.7721,1.7914,1.7958,1.8044,1.8058,1.8095,1.8193000000000001,1.8302,1.8334000000000001,1.8444,1.8528,1.8552000000000002,1.8766,1.8802,1.8861,1.8864,1.8866,1.8911,1.8951,1.9057000000000002,1.9242000000000001,1.9244,1.9293,1.9300000000000002,1.9303000000000001,1.9371,1.9432,1.9502000000000002,1.9603000000000002,1.9662000000000002,1.9713,1.9739,1.9815,1.9836,1.985,1.9895,1.9965000000000002,2.0007,2.001,2.0155000000000003,2.0164,2.0213,2.0257,2.0343,2.0362,2.0435000000000003,2.0445,2.0501,2.0536000000000003,2.0631,2.0656,2.0794,2.083,2.0868,2.0969,2.0977,2.1112,2.1199,2.122,2.1396,2.1538,2.1556,2.1607000000000003,2.1804,2.1906000000000003,2.192,2.1979,2.2073,2.2119,2.2132,2.2186,2.2212,2.2225,2.2329000000000003,2.2453000000000003,2.2506,2.2513,2.2576,2.2755,2.2761,2.2774,2.2793,2.2864,2.2914000000000003,2.2985,2.3049,2.3096,2.3265000000000002,2.3305000000000002,2.3569,2.3645,2.3935,2.3937,2.3962000000000003,2.4135,2.4208000000000003,2.4253,2.4255,2.4337,2.4339,2.4386,2.4424,2.4481,2.4530000000000003,2.4535,2.4545,2.4623,2.4629000000000003,2.4654000000000003,2.4705,2.4716,2.4893,2.4934000000000003,2.5075000000000003,2.5085,2.5087,2.5182,2.5209,2.5226,2.5287,2.5304,2.5319000000000003,2.543,2.5437000000000003,2.5468,2.5507,2.5654,2.5707,2.5849,2.5884,2.6026000000000002,2.6067,2.6162,2.6213,2.6265,2.6384000000000003,2.6391,2.6446,2.6465,2.6548000000000003,2.6654,2.6752000000000002,2.6766,2.6784000000000003,2.6789,2.6848,2.6863,2.6913,2.6998,2.7007000000000003,2.702,2.7064,2.7072000000000003,2.7224,2.7261,2.7267,2.7309,2.7325,2.7478000000000002,2.7520000000000002,2.7645,2.7843,2.7965,2.7993,2.7995,2.8023000000000002,2.8118000000000003,2.8228,2.8261000000000003,2.8276000000000003,2.8331,2.837,2.8464,2.8468,2.8607,2.8635,2.8713,2.8727,2.8744,2.8826,2.8876,2.8878,2.8951000000000002,2.9025000000000003,2.9031000000000002,2.9035,2.9053,2.9114,2.9197,2.9269000000000003,2.9428,2.9475000000000002,2.9509000000000003,2.9530000000000003,2.9564000000000004,2.9622,2.9695,2.9828,2.9852000000000003,2.9856000000000003,2.9925,2.9997000000000003,3.0113000000000003,3.0276,3.0302000000000002,3.0372000000000003,3.0374000000000003,3.0475000000000003,3.0511000000000004,3.0513000000000003,3.0632,3.0674,3.0681000000000003,3.0685000000000002,3.072,3.0747,3.0906000000000002,3.0909,3.0957000000000003,3.0962,3.0984000000000003,3.1041000000000003,3.1147,3.1167000000000002,3.1292,3.1299,3.1309,3.1432,3.1590000000000003,3.1965000000000003,3.2,3.2056,3.2083000000000004,3.2142,3.2147,3.2373000000000003,3.2381,3.2425,3.2442,3.2496,3.2512000000000003,3.2536,3.2539000000000002,3.2626,3.2745,3.2864,3.2928,3.2945,3.2967,3.3046,3.309,3.3119,3.3186,3.3276000000000003,3.3319,3.3508,3.3543000000000003,3.3588,3.3596000000000004,3.3674,3.3815,3.3873,3.3938,3.4002000000000003,3.4118,3.4126000000000003,3.415,3.4152,3.4219000000000004,3.4233000000000002,3.4308,3.4384,3.4481,3.4508,3.4564000000000004,3.4595000000000002,3.4773,3.4782,3.4823,3.4858000000000002,3.4871000000000003,3.491,3.4954,3.4964,3.4966000000000004,3.5062,3.5072,3.5137,3.5196,3.528,3.5373,3.5416000000000003,3.5490000000000004,3.5623,3.5804,3.5865,3.5891,3.6012,3.611,3.624,3.6248,3.6297,3.6722,3.6759000000000004,3.6806,3.685,3.6855,3.6891000000000003,3.6940000000000004,3.7052,3.7126,3.7221,3.7304000000000004,3.7470000000000003,3.7514000000000003,3.7719,3.7945,3.7952000000000004,3.7965,3.8000000000000003,3.8091000000000004,3.8128,3.8182,3.8212,3.8263000000000003,3.8357,3.8378,3.8578,3.8623000000000003,3.8667000000000002,3.8723,3.8757,3.8777000000000004,3.8811,3.8827000000000003,3.886,3.8874,3.8898,3.8916000000000004,3.9003,3.9031000000000002,3.9148,3.9154,3.9171,3.9334000000000002,3.9337,3.9429000000000003,3.9573,3.9643,3.9718,3.9764000000000004,4.002400000000001,4.003,4.0101,4.0133,4.0198,4.0327,4.0355,4.0461,4.0604000000000005,4.0647,4.0673,4.1018,4.1071,4.1262,4.135400000000001,4.1478,4.158,4.1655,4.1692,4.1718,4.1726,4.1744,4.1906,4.1914,4.2035,4.2177,4.2195,4.2275,4.24,4.2442,4.2586,4.2619,4.2639000000000005,4.2704,4.290500000000001,4.291,4.2938,4.2997000000000005,4.3086,4.3109,4.3253,4.349200000000001,4.3649000000000004,4.3684,4.3738,4.3826,4.3869,4.4078,4.4082,4.4085,4.4118,4.412100000000001,4.4142,4.4158,4.4205000000000005,4.4308000000000005,4.437,4.4468000000000005,4.4484,4.4603,4.4664,4.4673,4.468100000000001,4.4866,4.4904,4.4913,4.4981,4.4997,4.5131000000000006,4.517,4.5273,4.5298,4.542,4.5605,4.5648,4.5662,4.5758,4.579400000000001,4.5987,4.6032,4.609,4.6347000000000005,4.6407,4.6435,4.647600000000001,4.6672,4.6962,4.7122,4.7416,4.7437000000000005,4.7442,4.7452000000000005,4.7457,4.7535,4.7545,4.7576,4.7599,4.7856000000000005,4.8122,4.8124,4.8136,4.8146,4.819100000000001,4.8198,4.8321000000000005,4.8361,4.837400000000001,4.841200000000001,4.8459,4.8475,4.8586,4.8682,4.8798,4.8823,4.8855,4.896,4.9066,4.9072000000000005,4.9195,4.9203,4.923900000000001,4.9266000000000005,4.9416,4.9451,4.9574,4.9917,4.9969,4.9978
119690:0.0167,0.0466,0.0792,0.1135,0.13490000000000002,0.1623,0.19840000000000002,0.22,0.2554,0.2806,0.30260000000000004,0.3307,0.3544,0.3811,0.40280000000000005,0.4348,0.4545,0.4807,0.5134000000000001,0.5535,0.5810000000000001,0.6079,0.6579,0.7124,0.7387,0.7665000000000001,0.7939,0.8130000000000001,0.8414,0.8762000000000001,0.9088,0.9298000000000001,0.9660000000000001,1.0244,1.0724,1.1104,1.1324,1.1699000000000002,1.2145000000000001,1.2437,1.2706,1.2937,1.3253000000000001,1.3478,1.3868,1.4273,1.4612,1.4925000000000002,1.5191000000000001,1.5514000000000001,1.5881,1.6076000000000001,1.6344,1.6585,1.6913,1.7282000000000002,1.7814,1.806,1.842,1.8718000000000001,1.8996000000000002,1.9228,1.9663000000000002,1.9969000000000001,2.0384,2.0723000000000003,2.1003000000000003,2.1389,2.1599,2.1918,2.2132,2.2367,2.2646,2.3028,2.3866,2.4126000000000003,2.4361,2.4774000000000003,2.5008,2.5327,2.5605,2.5898000000000003,2.6127000000000002,2.6449000000000003,2.6768,2.7079,2.7341,2.7572,2.7894,2.822,2.8513,2.8809,2.9082000000000003,2.9716,2.9947000000000004,3.0238,3.0608,3.1001000000000003,3.1339,3.1577,3.18,3.2107,3.2648,3.2991,3.3286000000000002,3.3483,3.3694,3.3933,3.4198,3.4555000000000002,3.4810000000000003,3.5066,3.5294000000000003,3.5814000000000004,3.6108000000000002,3.6621,3.6941,3.7227,3.7643,3.7965,3.822,3.8481,3.8991000000000002,3.9409,3.9821,4.0167,4.0483,4.0737000000000005,4.1006,4.1397,4.160200000000001,4.192,4.2129,4.242,4.2668,4.3032,4.3315,4.3569,4.3841,4.4119,4.4433,4.472300000000001,4.4941,4.5237,4.5577000000000005,4.5882000000000005,4.6128,4.6403,4.6657,4.6908,4.7309,4.7677000000000005,4.795,4.825,4.8501,4.871300000000001,4.8994,4.9172,4.9429
119724:0.2555,3.1264000000000003
120807:0.0359,0.14780000000000001,1.9217000000000002
120904:0.018000000000000002,0.0782,0.1292,0.1648,0.2534,0.2985,0.32030000000000003,0.35150000000000003,0.4126,0.4441,0.45220000000000005,0.5052,0.5209,0.5593,0.5915,0.6334000000000001,0.6513,0.6797000000000001,0.7134,0.7415,0.7688,0.8262,0.8323,0.8705,0.9793000000000001,1.0081,1.0668,1.098,1.1182,1.1607,1.1831,1.2225000000000001,1.2416,1.2867,1.3211000000000002,1.3809,1.3907,1.4252,1.4534,1.4705000000000001,1.5017,1.5359,1.5505,1.5859,1.6993,1.7238,1.7773,1.8287,1.8941000000000001,1.9299000000000002,2.0055,2.0412,2.0737,2.1015,2.1203000000000003,2.1908000000000003,2.2498,2.2920000000000003,2.3137000000000003,2.3391,2.3737,2.4312,2.4565,2.4902,2.5340000000000003,2.5783,2.5981,2.644,2.7337000000000002,2.794,2.8389,2.8637,2.9034,2.9427000000000003,2.992,3.0543,3.0802,3.1133,3.1392,3.1868000000000003,3.2125000000000004,3.2697000000000003,3.3098,3.3499000000000003,3.3905000000000003,3.4196,3.4568000000000003,3.4804000000000004,3.5252000000000003,3.551,3.5971,3.6349,3.7056,3.7708000000000004,3.8197,3.8438000000000003,3.8662,3.8866,3.9115,3.9448000000000003,3.9693,3.9978000000000002,4.0202,4.1143,4.1428,4.1932,4.2404,4.338,4.3615,4.3711,4.4063,4.4325,4.4603,4.4847,4.496,4.5501000000000005,4.6099000000000006,4.6365,4.6577,4.6969,4.7234,4.7834,4.818700000000001,4.859100000000001,4.8979,4.9709
121849:0.0205,0.0994,0.17900000000000002,0.2722,0.29350000000000004,0.3335,0.365,0.3899,0.4388,0.4801,0.5272,0.5543,0.6197,0.6789000000000001,0.7301000000000001,0.8075,0.8635,0.9236000000000001,1.0028000000000001,1.0984,1.1767,1.214,1.2456,1.3616000000000001,1.4186,1.4783000000000002,1.5126000000000002,1.5495,1.6491,1.6766,1.7401,1.8425,1.9397000000000002,2.0463,2.0635,2.1287000000000003,2.1644,2.2779000000000003,2.3553,2.4202,2.5022,2.5337,2.5941,2.6237,2.6934,2.8099000000000003,2.9352,3.077,3.1128,3.1378000000000004,3.2211000000000003,3.265,3.3453,3.4069000000000003,3.4492000000000003,3.4693,3.4913000000000003,3.5283,3.5540000000000003,3.5863,3.6372,3.6631,3.8074000000000003,3.8778,3.9269000000000003,3.9575,4.0384,4.1721,4.1946,4.2461,4.2805,4.3388,4.417800000000001,4.4623,4.5299000000000005,4.619400000000001,4.645300000000001,4.7312,4.8165000000000004,4.8931000000000004,4.9199,4.962000000000001
122092:0.029900000000000003,0.13970000000000002,0.2484,0.3669,0.5493,0.6254000000000001,0.7536,0.8341000000000001,0.9977,1.0766,1.2341,1.3409,1.3935,1.5007000000000001,1.7068,1.7677,1.9186,2.1826000000000003,2.24,2.3058,2.3613,2.5299,2.5944000000000003,2.7287000000000003,2.8357,2.9864,3.124,3.1869,3.269,3.3851,3.4729,3.5397000000000003,3.8276000000000003,3.8504,3.9246000000000003,3.9888000000000003,4.234100000000001,4.3836,4.4351,4.4815000000000005,4.692200000000001,4.746700000000001,4.8078
122294:0.0273,0.1264,0.1678,0.2092,0.24020000000000002,0.3014,0.35910000000000003,0.4141,0.46190000000000003,0.5055000000000001,0.5674,0.5979,0.636,0.6835,0.7276,0.7901,0.8319000000000001,0.8822000000000001,0.9303,1.0359,1.1261,1.2485000000000002,1.2904,1.3299,1.3969,1.4517,1.5068000000000001,1.5485,1.6336000000000002,1.6787,1.7466000000000002,1.8483,1.8672000000000002,1.9061000000000001,1.9516,2.0075000000000003,2.0858000000000003,2.1369000000000002,2.1684,2.2024,2.2520000000000002,2.2903000000000002,2.3711,2.4304,2.5033000000000003,2.6014,2.6495,2.6976,2.7415000000000003,2.7896,2.8285,2.8640000000000003,2.9124000000000003,2.9647,3.0057,3.0868,3.1276,3.1723000000000003,3.2195,3.3072000000000004,3.363,3.3971,3.4624,3.5085,3.5555000000000003,3.6032,3.7113,3.7722,3.8161,3.8475,3.8913,3.9583000000000004,4.0373,4.1191,4.194,4.2595,4.3157000000000005,4.3635,4.4388000000000005,4.4907,4.508500000000001,4.6028,4.643400000000001,4.6985,4.7426,4.786300000000001,4.8311,4.8598,4.9324
122375:0.0045000000000000005,0.0071,0.0189,0.023700000000000002,0.034800000000000005,0.0375,0.038200000000000005,0.039,0.0533,0.0597,0.064,0.0666,0.07100000000000001,0.0742,0.0745,0.07490000000000001,0.0835,0.09280000000000001,0.09430000000000001,0.09530000000000001,0.09860000000000001,0.10020000000000001,0.13190000000000002,0.14,0.15,0.17470000000000002,0.1774,0.1809,0.18530000000000002,0.18580000000000002,0.19190000000000002,0.1943,0.2124,0.2175,0.22290000000000001,0.2386,0.2534,0.2582,0.2686,0.2755,0.2762,0.278,0.2831,0.2901,0.2968,0.3035,0.308,0.31,0.33440000000000003,0.3512,0.3612,0.3619,0.36910000000000004,0.37,0.3916,0.3934,0.3967,0.40040000000000003,0.40090000000000003,0.4096,0.41240000000000004,0.4153,0.4163,0.42200000000000004,0.4222,0.4324,0.4343,0.4359,0.43620000000000003,0.44480000000000003,0.45020000000000004,0.454,0.4561,0.47000000000000003,0.4722,0.47650000000000003,0.4843,0.48710000000000003,0.49810000000000004,0.5038,0.5087,0.5262,0.53,0.5318,0.5427000000000001,0.5459,0.5521,0.5534,0.5588000000000001,0.5669000000000001,0.5693,0.5695,0.5844,0.5893,0.6008,0.608,0.6109,0.6176,0.6226,0.6401,0.6404000000000001,0.6415000000000001,0.6466000000000001,0.6563,0.6592,0.6636000000000001,0.666,0.6853,0.6952,0.6991,0.7038,0.7056,0.7166,0.7462000000000001,0.7552,0.7699,0.7867000000000001,0.7882,0.7904,0.7946000000000001,0.8001,0.8027000000000001,0.8152,0.8311000000000001,0.8379000000000001,0.8438,0.8555,0.863,0.8732000000000001,0.8762000000000001,0.8774000000000001,0.8791,0.882,0.8907,0.892,0.8954000000000001,0.897,0.9005000000000001,0.9026000000000001,0.9086000000000001,0.9224,0.9279000000000001,0.9289000000000001,0.9361,0.9403,0.9465,0.9488000000000001,0.9577,0.9590000000000001,0.9660000000000001,0.9719000000000001,0.9729000000000001,0.9770000000000001,0.9796,0.9841000000000001,0.9882000000000001,0.9924000000000001,1.0151000000000001,1.0172,1.0187,1.0219,1.0491000000000001,1.0566,1.0605,1.0636,1.0666,1.0731,1.0779,1.0991,1.1034000000000002,1.1067,1.1091,1.1285,1.1316000000000002,1.1369,1.1386,1.1484,1.1513,1.1539000000000001,1.1593,1.1614,1.1634,1.1722000000000001,1.1726,1.1821000000000002,1.1912,1.1923000000000001,1.1936,1.1965000000000001,1.2108,1.2124000000000001,1.2129,1.2174,1.2192,1.2301,1.2328000000000001,1.2382,1.239,1.2398,1.2449000000000001,1.2519,1.2550000000000001,1.256,1.2612,1.2646000000000002,1.2679,1.2703,1.2798,1.2830000000000001,1.2878,1.2919,1.2954,1.2997,1.3090000000000002,1.3098,1.3101,1.3126,1.3273000000000001,1.3383,1.3554000000000002,1.374,1.3826,1.3846,1.3897000000000002,1.3999000000000001,1.4106,1.4115,1.4127,1.417,1.4224,1.4353,1.4503000000000001,1.4667000000000001,1.4787000000000001,1.4809,1.4851,1.4947000000000001,1.5022,1.5033,1.5123,1.5164,1.5190000000000001,1.5296,1.5377,1.5462,1.5466,1.5522,1.5611000000000002,1.5715000000000001,1.5954000000000002,1.5972000000000002,1.6011,1.607,1.6084,1.6111,1.6214000000000002,1.6340000000000001,1.6347,1.6486,1.6495000000000002,1.6536000000000002,1.6755,1.6813,1.7009,1.703,1.7128,1.7133,1.7214,1.7248,1.7275,1.7312,1.7427000000000001,1.7436,1.7439,1.7502,1.7538,1.7556,1.768,1.7748000000000002,1.7784,1.7889000000000002,1.8157,1.8174000000000001,1.8232000000000002,1.8241,1.8262,1.8301,1.8528,1.8555000000000001,1.86,1.8675000000000002,1.8886,1.9048,1.9073,1.9099000000000002,1.9122000000000001,1.9207,1.9220000000000002,1.9381000000000002,1.9394,1.9473,1.9477,1.9487,1.9643000000000002,1.9879,2.009,2.0246,2.0283,2.0289,2.0375,2.0386,2.0414,2.0587,2.0641000000000003,2.0692,2.0774,2.0825,2.1018,2.1022000000000003,2.1173,2.1207000000000003,2.142,2.1582,2.162,2.1746000000000003,2.177,2.1793,2.1816,2.1926,2.2072000000000003,2.2204,2.2232000000000003,2.2368,2.2408,2.2421,2.2433,2.2558000000000002,2.2583,2.2701000000000002,2.2920000000000003,2.3047,2.3084000000000002,2.3164000000000002,2.3178,2.3280000000000003,2.3335,2.3457,2.3479,2.3497,2.3565,2.3706,2.3806000000000003,2.3843,2.3972,2.4226,2.4326000000000003,2.4437,2.4504,2.4547000000000003,2.4573,2.4632,2.4636,2.4785,2.4961,2.5067,2.5501,2.5552,2.5589,2.5597000000000003,2.5603000000000002,2.5666,2.5692,2.5814,2.5823,2.5834,2.5927000000000002,2.6033,2.6037,2.6043000000000003,2.617,2.6239000000000003,2.6310000000000002,2.6334,2.6367000000000003,2.6414,2.6616,2.6623,2.6661,2.6701,2.6867,2.7013000000000003,2.7076000000000002,2.7094,2.7217000000000002,2.7229,2.7241,2.7401,2.7463,2.7513,2.7516000000000003,2.7621,2.7829,2.7838000000000003,2.7944,2.8131,2.8174,2.8344,2.8357,2.8366000000000002,2.8395,2.8474,2.862,2.8626,2.8673,2.8679,2.8724000000000003,2.8727,2.8840000000000003,2.8857,2.8996,2.911,2.9210000000000003,2.9235,2.9335,2.9402,2.9453,2.952,2.959,2.9602,2.9649,2.9757000000000002,2.9813,2.9906,2.9936000000000003,3.0020000000000002,3.0100000000000002,3.0228,3.0271000000000003,3.0281000000000002,3.04,3.0412000000000003,3.0615,3.0641000000000003,3.0656000000000003,3.0778000000000003,3.0838,3.0844,3.0938000000000003,3.1036,3.1079000000000003,3.1086,3.1106000000000003,3.1198,3.1259,3.1263,3.1293,3.1406,3.1418000000000004,3.1459,3.1498,3.1526,3.1658,3.173,3.177,3.1806,3.2011000000000003,3.2074000000000003,3.2086,3.214,3.2162,3.218,3.2219,3.226,3.2313,3.2323,3.2350000000000003,3.2507,3.2526,3.2557,3.2738,3.2801,3.2917,3.2954000000000003,3.3002000000000002,3.3043,3.3165,3.3235,3.338,3.3402000000000003,3.3411,3.3463000000000003,3.3532,3.3595,3.3608000000000002,3.366,3.3788,3.3795,3.3808000000000002,3.3911000000000002,3.4031000000000002,3.4129,3.4255,3.4341000000000004,3.4448000000000003,3.4477,3.4522000000000004,3.4530000000000003,3.4569,3.4615,3.4621,3.4627000000000003,3.4658,3.4668,3.4695,3.4712,3.4808000000000003,3.487,3.4896000000000003,3.4922,3.4928000000000003,3.4932000000000003,3.4987000000000004,3.5050000000000003,3.5318,3.5333,3.5337,3.5372000000000003,3.5416000000000003,3.5447,3.5481000000000003,3.5501,3.5594,3.5596,3.5615,3.5712,3.5777,3.5861,3.5873000000000004,3.5938000000000003,3.6021,3.6064000000000003,3.6123000000000003,3.6154,3.6237000000000004,3.6241000000000003,3.6244,3.6258000000000004,3.6371,3.6408,3.6429,3.6566,3.6662000000000003,3.6687000000000003,3.6710000000000003,3.6818,3.6838,3.6868000000000003,3.6870000000000003,3.6961000000000004,3.6989,3.7082,3.7102000000000004,3.7113,3.7129000000000003,3.7284,3.7313,3.7573000000000003,3.7616,3.7624,3.7708000000000004,3.7715,3.8012,3.8049000000000004,3.8092,3.8098,3.8205,3.8302,3.8551,3.8577000000000004,3.8896,3.8955,3.9008000000000003,3.9027000000000003,3.9032,3.9044000000000003,3.9102,3.9214,3.9216,3.9726000000000004,3.9929,4.0026,4.016,4.0209,4.0293,4.0441,4.051,4.0515,4.0602,4.0629,4.0756000000000006,4.0840000000000005,4.089700000000001,4.0904,4.097300000000001,4.1001,4.1008000000000004,4.1097,4.1239,4.1248000000000005,4.1266,4.129700000000001,4.1374,4.1392,4.1404000000000005,4.1662,4.1673,4.1676,4.1725,4.178,4.1965,4.2027,4.2135,4.2174000000000005,4.2182,4.2226,4.228400000000001,4.2299,4.2396,4.2404,4.240600000000001,4.2516,4.2603,4.2638,4.2667,4.2682,4.2685,4.2702,4.2734000000000005,4.3253,4.3273,4.3289,4.338900000000001,4.3404,4.348,4.3505,4.3555,4.3703,4.3842,4.3853,4.3863,4.4081,4.4128,4.4171000000000005,4.4188,4.4213000000000005,4.4328,4.4676,4.4695,4.470000000000001,4.4728,4.4747,4.4756,4.4878,4.4914000000000005,4.4922,4.4924,4.4943,4.4979000000000005,4.500100000000001,4.5003,4.508900000000001,4.5107,4.5186,4.5222,4.5383000000000004,4.5519,4.5615000000000006,4.5665000000000004,4.5742,4.5758,4.5773,4.583200000000001,4.5875,4.5943000000000005,4.6068,4.6134,4.6201,4.6290000000000004,4.6317,4.6491,4.6529,4.662,4.6633000000000004,4.6635,4.6656,4.6699,4.6770000000000005,4.6775,4.6817,4.6874,4.700200000000001,4.704400000000001,4.7131,4.7134,4.7271,4.7382,4.7404,4.7555000000000005,4.7557,4.7559000000000005,4.7652,4.766100000000001,4.7754,4.7785,4.7854,4.8147,4.8162,4.8199000000000005,4.823,4.8238,4.8301,4.8343,4.839700000000001,4.8453,4.8661,4.875100000000001,4.8775,4.8781,4.8792,4.8799,4.8887,4.8951,4.8965000000000005,4.897600000000001,4.9002,4.9051,4.9086,4.9137,4.9143,4.92,4.9263,4.9303,4.9497,4.964300000000001,4.9657,4.9693000000000005,4.9722,4.9735000000000005,4.978800000000001,4.9817,4.9871
122790:1.5187000000000002,4.8283000000000005
122840:0.0446,0.0897,0.1663,0.4186,0.5594,0.6361,0.771,0.8432000000000001,1.012,1.0931,1.242,1.3995,1.4261000000000001,1.443,1.5090000000000001,1.5504,1.7288000000000001,1.7812000000000001,1.9379000000000002,2.1928,2.2557,2.3243,2.3760000000000003,2.5389,2.6042,2.7357,2.8434,2.8705000000000003,2.9973,3.1424000000000003,3.2111,3.2776,3.3933,3.4856000000000003,3.5529,3.7096,3.8492,3.8595,3.9455,4.0042,4.244800000000001,4.3969000000000005,4.492500000000001,4.7018,4.8208,4.9775
123055:0.015000000000000001,0.0634,0.07490000000000001,0.1082,0.1232,0.21300000000000002,0.228,0.2938,0.35000000000000003,0.39180000000000004,0.40990000000000004,0.44070000000000004,0.49500000000000005,0.5466,0.5575,0.6281,0.6467,0.8241,0.8733000000000001,0.8882,0.9025000000000001,0.9796,1.0397,1.0886,1.1101,1.1576,1.2138,1.2389000000000001,1.2648000000000001,1.2822,1.3168,1.3873,1.4193,1.4544000000000001,1.4792,1.493,1.5368000000000002,1.5781,1.6112000000000002,1.6286,1.6769,1.7525000000000002,1.828,1.9535,1.9663000000000002,1.9988000000000001,2.0374,2.0543,2.1122,2.1574,2.2168,2.2291000000000003,2.3406000000000002,2.4095,2.4314,2.4512,2.4664,2.4882,2.5973,2.6408,2.7291000000000003,2.8169,2.8312,2.8847,2.9022,2.9331,2.9517,2.9942,3.0500000000000003,3.12,3.2108000000000003,3.2454,3.2627,3.3444000000000003,3.3889,3.455,3.479,3.5072,3.5445,3.5953000000000004,3.6272,3.6592000000000002,3.6707,3.6838,3.6977,3.7309,3.7469,3.7645000000000004,3.8463000000000003,4.0025,4.0162,4.0411,4.0708,4.1023000000000005,4.1391,4.1698,4.182300000000001,4.2254000000000005,4.2882,4.3951,4.4871,4.5366,4.575,4.6071,4.6486,4.6932,4.774500000000001,4.8189,4.8558,4.8752,4.8962,4.9683
123896:0.0181,0.0724,0.127,0.21400000000000002,0.23620000000000002,0.2625,0.3042,0.35450000000000004,0.4434,0.5179,0.614,0.6794,0.743,0.7908000000000001,0.8214,0.9477000000000001,1.0128000000000001,1.0658,1.1163,1.1986,1.3202,1.3775000000000002,1.4499,1.5046000000000002,1.6962000000000002,1.7543000000000002,1.86,1.9087,1.9712,2.0723000000000003,2.1681,2.2166,2.2494,2.289,2.3458,2.4566000000000003,2.5082,2.5787,2.6505,2.716,2.7636000000000003,2.9527,3.0128,3.0660000000000003,3.1109,3.1683000000000003,3.242,3.3064,3.3725,3.4342,3.524,3.6728,3.7253000000000003,3.8163,3.9083,3.9726000000000004,4.1483,4.2051,4.3255,4.3693,4.4077,4.4636000000000005,4.4968,4.605300000000001,4.6671000000000005,4.7214,4.785200000000001,4.8373,4.9365000000000006
124296:0.056600000000000004,0.129,0.2157,0.2444,0.2681,0.3264,0.42410000000000003,0.46900000000000003,0.5244,0.6011000000000001,0.66,0.746,0.7859,0.8349000000000001,0.9342,0.9473,1.0665,1.1314,1.1956,1.2542,1.2928000000000002,1.3458,1.4588,1.5571000000000002,1.6434,1.7136,1.7909000000000002,1.8638000000000001,1.9106,1.9420000000000002,2.0138000000000003,2.0842,2.1095,2.2225,2.2603,2.3006,2.3171,2.3827000000000003,2.4474,2.5405,2.6051,2.6627,2.6919,2.7368,2.7498,2.7945,2.8662,2.9196,2.9696000000000002,3.0191000000000003,3.0885000000000002,3.1093,3.1798,3.226,3.3229,3.3986,3.4822,3.5335,3.6469,3.7256,3.8194000000000004,3.8488,3.9038000000000004,3.9388,3.9794,4.0449,4.1384,4.2016,4.2603,4.3421,4.3685,4.4367,4.5131000000000006,4.6112,4.6525,4.7019,4.746700000000001,4.792,4.8696
124648:0.02,0.0664,0.0998,0.1423,0.1812,0.215,0.2508,0.2741,0.29300000000000004,0.3236,0.34400000000000003,0.36250000000000004,0.4107,0.4379,0.4661,0.5009,0.528,0.6139,0.654,0.6819000000000001,0.7305,0.7527,0.8082,0.8364,0.8656,0.9156000000000001,0.9390000000000001,0.9551000000000001,1.0071,1.0523,1.0841,1.1062,1.1466,1.1737,1.2022000000000002,1.2419,1.2830000000000001,1.3404,1.3608,1.4102000000000001,1.4741,1.5003,1.5478,1.5796000000000001,1.6195000000000002,1.6423,1.6767,1.7083000000000002,1.7435,1.7908000000000002,1.8157,1.8456000000000001,1.8780000000000001,1.9192,1.943,1.9719,2.0151,2.0469,2.0633,2.0978,2.1306000000000003,2.1584000000000003,2.2008,2.2341,2.2564,2.2763,2.3266,2.3577,2.3967,2.4244000000000003,2.4503,2.47,2.5033000000000003,2.5338000000000003,2.5731,2.6,2.6237,2.6626000000000003,2.6922,2.7270000000000003,2.7851000000000004,2.8118000000000003,2.8394,2.8771,2.919,2.9408000000000003,2.9929,3.0409,3.0757000000000003,3.0974,3.1145,3.1402,3.1887000000000003,3.2691000000000003,3.3098,3.3415000000000004,3.3848000000000003,3.4452000000000003,3.4647,3.491,3.5254000000000003,3.5538000000000003,3.5795000000000003,3.6275000000000004,3.6511,3.7152000000000003,3.7419000000000002,3.7811000000000003,3.8094,3.8964000000000003,3.9213,3.9568000000000003,3.9964000000000004,4.0402000000000005,4.0667,4.1017,4.1324000000000005,4.1589,4.1803,4.2127,4.277200000000001,4.3001000000000005,4.3369,4.368,4.4372,4.4612,4.495,4.5289,4.5864,4.6079,4.623600000000001,4.6441,4.7339,4.788600000000001,4.816,4.8757,4.8983,4.9222,4.9529000000000005,4.9922
125852:0.007500000000000001,0.0154,0.020900000000000002,0.0296,0.0398,0.0453,0.052500000000000005,0.058600000000000006,0.0649,0.07150000000000001,0.07730000000000001,0.0839,0.0906,0.097,0.1028,0.1092,0.11660000000000001,0.12240000000000001,0.132,0.1406,0.14880000000000002,0.1565,0.1666,0.1748,0.1809,0.19640000000000002,0.20450000000000002,0.2087,0.2184,0.2243,0.2295,0.23770000000000002,0.2457,0.2513,0.2624,0.2738,0.2793,0.2867,0.2929,0.2988,0.3064,0.3134,0.3216,0.3292,0.3345,0.34090000000000004,0.34750000000000003,0.3541,0.3608,0.36760000000000004,0.3739,0.38,0.3881,0.39590000000000003,0.4045,0.4128,0.41960000000000003,0.4277,0.4378,0.4431,0.4501,0.45840000000000003,0.4662,0.47500000000000003,0.4802,0.4882,0.49360000000000004,0.4993,0.5119,0.5184,0.5249,0.5319,0.5379,0.5461,0.5542,0.5612,0.5688,0.5762,0.5835,0.5905,0.5957,0.604,0.6121,0.6181,0.6265000000000001,0.6323000000000001,0.6391,0.6479,0.6556000000000001,0.6633,0.6701,0.6771,0.6909000000000001,0.6964,0.7080000000000001,0.7149,0.7257,0.7312000000000001,0.7384000000000001,0.745,0.7509,0.7581,0.7651,0.7752,0.7815000000000001,0.796,0.8037000000000001,0.8096,0.8180000000000001,0.8241,0.8315,0.8390000000000001,0.8472000000000001,0.8539,0.8613000000000001,0.8677,0.8732000000000001,0.8809,0.8878,0.8945000000000001,0.903,0.9113,0.9213,0.9288000000000001,0.9364,0.9432,0.9490000000000001,0.9595,0.9657,0.9720000000000001,0.9786,0.9906,0.9985,1.0057,1.0114,1.0170000000000001,1.0262,1.0336,1.0479,1.0545,1.0604,1.0658,1.0759,1.0852,1.0916000000000001,1.0986,1.1077000000000001,1.1145,1.1197000000000001,1.1269,1.1333,1.1397000000000002,1.1475,1.1531,1.1582000000000001,1.1694,1.1767,1.183,1.1928,1.1995,1.2056,1.2127000000000001,1.2178,1.2295,1.235,1.2491,1.2557,1.2619,1.2696,1.2765,1.2834,1.2935,1.3021,1.3082,1.3150000000000002,1.3216,1.3295000000000001,1.3385,1.3478,1.3554000000000002,1.3602,1.3704,1.3781,1.3849,1.3906,1.4019000000000001,1.4084,1.4145,1.4222000000000001,1.4298,1.4344000000000001,1.4408,1.4478,1.4545000000000001,1.4648,1.471,1.4787000000000001,1.4852,1.4921,1.4982,1.5102,1.5149000000000001,1.5222,1.5287000000000002,1.5355,1.5411000000000001,1.5467,1.5558,1.5628,1.5703,1.5765,1.5825,1.5948,1.603,1.6127,1.6183,1.6265,1.6346,1.6431,1.6525,1.6606,1.6665,1.6743000000000001,1.6817,1.6908,1.6969,1.7052,1.7124000000000001,1.7211,1.73,1.7372,1.7452,1.7513,1.7583,1.7655,1.7716,1.7828000000000002,1.7903,1.7964,1.8053000000000001,1.8135000000000001,1.8215000000000001,1.8330000000000002,1.8391000000000002,1.8473000000000002,1.8534000000000002,1.8652000000000002,1.872,1.8791,1.8863,1.8943,1.9028,1.9083,1.9141000000000001,1.921,1.9288,1.9364000000000001,1.9420000000000002,1.9494,1.9555,1.961,1.9727000000000001,1.9809,1.9882000000000002,1.9946000000000002,2.0016000000000003,2.0123,2.0177,2.0246,2.0337,2.0427,2.0488,2.0604,2.0683000000000002,2.0763000000000003,2.0857,2.0921000000000003,2.1009,2.1068000000000002,2.1142000000000003,2.1218,2.128,2.1349,2.1411000000000002,2.1491000000000002,2.1568,2.1681,2.1755,2.1824,2.1933000000000002,2.1979,2.2059,2.2134,2.2189,2.2248,2.2313,2.2379000000000002,2.244,2.2545,2.2605,2.2665,2.2798000000000003,2.2856,2.2913,2.3024,2.3080000000000003,2.3154,2.322,2.3278000000000003,2.3357,2.3429,2.3552,2.361,2.3669000000000002,2.3833,2.3902,2.3962000000000003,2.4049,2.4104,2.4174,2.4243,2.4316,2.4373,2.4441,2.4511000000000003,2.4571,2.4626,2.4728000000000003,2.4785,2.4866,2.4965,2.504,2.5149,2.5228,2.5296000000000003,2.5422000000000002,2.5495,2.5588,2.5656000000000003,2.5731,2.5804,2.588,2.5952,2.6109,2.6197,2.6267,2.6341,2.6415,2.6491000000000002,2.6562,2.6635,2.6705,2.6794000000000002,2.6878,2.6943,2.6994000000000002,2.7139,2.7199,2.7293000000000003,2.7363,2.7428000000000003,2.7492,2.7552000000000003,2.7635,2.7694,2.7760000000000002,2.7841,2.7909,2.8001,2.806,2.8143000000000002,2.8199,2.8269,2.8336,2.8414,2.8479,2.8569,2.8640000000000003,2.8733,2.8782,2.8864,2.8935,2.9028,2.9116,2.9165,2.9233000000000002,2.9311000000000003,2.9384,2.9468,2.9536000000000002,2.9599,2.9687,2.9755000000000003,2.9814000000000003,2.9889,2.9963,3.0029000000000003,3.011,3.0183,3.0267,3.0329,3.0402,3.0457,3.0523000000000002,3.0576000000000003,3.0637000000000003,3.0715000000000003,3.0794,3.0933,3.0997000000000003,3.1054,3.1131,3.1182000000000003,3.1259,3.1318,3.1390000000000002,3.1495,3.1572,3.1688,3.176,3.1824000000000003,3.1905,3.1982,3.2043000000000004,3.2113,3.2217000000000002,3.2303,3.2381,3.2448,3.2515,3.2607000000000004,3.2689000000000004,3.2808,3.2874000000000003,3.2952000000000004,3.3024,3.309,3.3206,3.3265000000000002,3.3319,3.3379000000000003,3.3459000000000003,3.3560000000000003,3.3646000000000003,3.3703000000000003,3.3776,3.3840000000000003,3.3938,3.4022,3.4089,3.4161,3.426,3.4334000000000002,3.4409,3.4475000000000002,3.4553000000000003,3.4631000000000003,3.4712,3.4761,3.482,3.4922,3.499,3.5058000000000002,3.5142,3.5222,3.5304,3.5373,3.5457,3.5537,3.5601000000000003,3.5676,3.5763000000000003,3.5856000000000003,3.5919000000000003,3.599,3.6053,3.6149,3.6234,3.6291,3.6354,3.6419,3.6481000000000003,3.6557000000000004,3.6643000000000003,3.6698000000000004,3.676,3.6872000000000003,3.6936,3.7019,3.709,3.7158,3.7232000000000003,3.7309,3.7372,3.7427,3.7524,3.7629,3.7687000000000004,3.7744,3.7835,3.789,3.7968,3.8079,3.8128,3.8196000000000003,3.8272000000000004,3.8347,3.8400000000000003,3.8464,3.8528000000000002,3.8626,3.8703000000000003,3.8763,3.8825000000000003,3.8897000000000004,3.8968000000000003,3.9032,3.9093,3.9185000000000003,3.9262,3.9335,3.9438,3.9494000000000002,3.958,3.9661000000000004,3.9747000000000003,3.983,3.9898000000000002,3.9962,4.0032000000000005,4.0102,4.0166,4.0262,4.033,4.0401,4.0472,4.052700000000001,4.0604000000000005,4.0652,4.071400000000001,4.086,4.0925,4.0983,4.1080000000000005,4.115,4.1229000000000005,4.1299,4.1366000000000005,4.1421,4.155600000000001,4.1615,4.17,4.1767,4.1824,4.1901,4.1952,4.2015,4.2065,4.2137,4.2218,4.229,4.2349000000000006,4.242500000000001,4.2487,4.2552,4.2616000000000005,4.2713,4.277,4.287,4.3032,4.3091,4.317200000000001,4.3232,4.329000000000001,4.337000000000001,4.3468,4.3567,4.3636,4.3728,4.38,4.3855,4.3931000000000004,4.4009,4.4113,4.4188,4.4246,4.4339,4.4406,4.4459,4.4519,4.4604,4.472,4.478000000000001,4.4842,4.4945,4.5033,4.510400000000001,4.517,4.5233,4.5301,4.5385,4.5439,4.5542,4.5628,4.5686,4.5757,4.5822,4.5891,4.5953,4.6028,4.61,4.6164000000000005,4.6226,4.6314,4.6372,4.6427000000000005,4.649500000000001,4.6561,4.6699,4.675400000000001,4.6821,4.691800000000001,4.6986,4.7039,4.7112,4.718500000000001,4.7266,4.7327,4.7388,4.7503,4.7596,4.7664,4.777200000000001,4.7843,4.7945,4.804600000000001,4.8117,4.82,4.8303,4.8415,4.8484,4.8536,4.8658,4.873200000000001,4.8794,4.8862000000000005,4.892,4.9013,4.9081,4.9151,4.9225,4.9286,4.9389,4.9471,4.9581,4.9637,4.9708000000000006,4.98,4.9877,4.9951
126050:2.8379000000000003,3.7488,4.5807
126366:0.0041,0.0059,0.010700000000000001,0.0263,0.040400000000000005,0.0449,0.060500000000000005,0.0791,0.0876,0.1039,0.1106,0.11520000000000001,0.12200000000000001,0.12350000000000001,0.12390000000000001,0.128,0.1312,0.1321,0.13520000000000001,0.1371,0.1406,0.1413,0.1438,0.1484,0.17370000000000002,0.17400000000000002,0.1761,0.1806,0.1885,0.19940000000000002,0.2011,0.2053,0.2056,0.2131,0.218,0.23090000000000002,0.24450000000000002,0.2607,0.2641,0.273,0.2736,0.2796,0.3214,0.3247,0.335,0.3372,0.3426,0.3473,0.3675,0.3728,0.374,0.37470000000000003,0.39840000000000003,0.4116,0.42450000000000004,0.4269,0.4278,0.4288,0.431,0.4312,0.45230000000000004,0.453,0.45320000000000005,0.4572,0.4596,0.4611,0.46690000000000004,0.4672,0.4728,0.4747,0.4782,0.4848,0.48650000000000004,0.48760000000000003,0.48960000000000004,0.4969,0.5039,0.5082,0.5089,0.5095000000000001,0.516,0.522,0.5362,0.5421,0.5429,0.5502,0.553,0.5555,0.5632,0.5643,0.5820000000000001,0.5886,0.5977,0.6108,0.6117,0.6129,0.628,0.6373,0.644,0.6458,0.6513,0.6635,0.6747000000000001,0.6937,0.7084,0.7098,0.7101000000000001,0.7118,0.7248,0.7257,0.7297,0.7631,0.7742,0.7879,0.7917000000000001,0.7929,0.7976000000000001,0.8032,0.8048000000000001,0.8198000000000001,0.8215,0.8301000000000001,0.8343,0.8357,0.8556,0.8719,0.8748,0.8908,0.896,0.8983000000000001,0.8991,0.9043,0.9219,0.9239,0.9266000000000001,0.9440000000000001,0.9458000000000001,0.9460000000000001,0.9597,0.9677,0.9724,0.9740000000000001,0.9760000000000001,0.9922000000000001,1.0003,1.0158,1.0233,1.0264,1.0415,1.0581,1.06,1.0644,1.0671000000000002,1.0698,1.0782,1.0806,1.0839,1.1012,1.1027,1.1089,1.1092,1.1148,1.1163,1.1196000000000002,1.1237000000000001,1.1241,1.1373,1.1445,1.1484,1.1834,1.1881000000000002,1.2039,1.2061,1.2204000000000002,1.2254,1.2258,1.2336,1.2339,1.2356,1.2379,1.2561,1.2584,1.2659,1.2776,1.2804,1.2949000000000002,1.2967,1.3012000000000001,1.3057,1.3093000000000001,1.3095,1.3107,1.3134000000000001,1.3469,1.3511,1.3643,1.3671,1.3822,1.3834,1.3859000000000001,1.3885,1.3937000000000002,1.3964,1.407,1.4109,1.4120000000000001,1.4157,1.4160000000000001,1.4277,1.4328,1.4395,1.4427,1.4500000000000002,1.46,1.463,1.4709,1.4764000000000002,1.4776,1.4934,1.4994,1.5082,1.5259,1.5375,1.5386,1.5535,1.5575,1.568,1.5975000000000001,1.6417000000000002,1.6462,1.6494,1.6701000000000001,1.6705,1.6771,1.6879000000000002,1.697,1.7009,1.7064000000000001,1.7094,1.7221000000000002,1.7237,1.7285000000000001,1.7296,1.7494,1.7533,1.7545000000000002,1.7592,1.7678,1.7710000000000001,1.7753,1.7837,1.7874,1.8039,1.8244,1.8279,1.8377000000000001,1.8396000000000001,1.8398,1.8552000000000002,1.8704,1.8854000000000002,1.8867,1.889,1.9266,1.9313,1.9351,1.9366,1.9403000000000001,1.9423000000000001,1.9582000000000002,1.9598,1.9784000000000002,1.9838,1.9879,1.9893,1.9945000000000002,2.005,2.0095,2.0137,2.0199000000000003,2.021,2.0409,2.0422000000000002,2.0433,2.0462000000000002,2.049,2.051,2.0539,2.0618000000000003,2.0631,2.0726,2.0798,2.1121000000000003,2.1135,2.1165000000000003,2.1194,2.126,2.1306000000000003,2.1394,2.1445000000000003,2.1517,2.1534,2.1555,2.1657,2.1786000000000003,2.1842,2.1852,2.186,2.2081,2.2104,2.2135000000000002,2.2223,2.2235,2.2257000000000002,2.2279,2.2345,2.236,2.2405,2.2408,2.2503,2.2509,2.2627,2.2635,2.2651,2.2663,2.2687,2.2699000000000003,2.274,2.2876000000000003,2.294,2.2976,2.3009,2.3024,2.3205,2.3221000000000003,2.3304,2.3321,2.337,2.3405,2.3821000000000003,2.4028,2.4042000000000003,2.4045,2.42,2.4238,2.4273000000000002,2.4275,2.4344,2.439,2.4462,2.4488000000000003,2.4491,2.4556,2.4706,2.4756,2.4931,2.5121,2.517,2.5316,2.5324,2.5425,2.5472,2.5643000000000002,2.5682,2.5692,2.5704000000000002,2.5827,2.5931,2.5955,2.5961000000000003,2.619,2.62,2.6265,2.6300000000000003,2.6307,2.6355,2.6455,2.6574,2.6734,2.6741,2.6830000000000003,2.6893000000000002,2.6903,2.7037,2.7257000000000002,2.7276000000000002,2.7494,2.7544,2.7684,2.7840000000000003,2.7856,2.7902,2.8087,2.8145000000000002,2.8192,2.8333,2.8347,2.8427000000000002,2.8521,2.8598000000000003,2.8684000000000003,2.8722000000000003,2.8735,2.8875,2.8882000000000003,2.8924000000000003,2.9062,2.9119,2.9124000000000003,2.9154,2.916,2.9162000000000003,2.9167,2.9186,2.9259,2.9448000000000003,2.9583,2.9725,2.9730000000000003,2.9858000000000002,3.004,3.0102,3.0128,3.016,3.0196,3.0255,3.0354,3.0546,3.0585,3.0739,3.0747,3.0919000000000003,3.0992,3.1054,3.1156,3.117,3.1181,3.1284,3.1387,3.1557,3.1722,3.1765000000000003,3.1977,3.2023,3.2185,3.2352000000000003,3.2498,3.2603,3.2706,3.2866,3.302,3.3081,3.3132,3.3182,3.3208,3.3342,3.3362000000000003,3.3385000000000002,3.3409,3.3449,3.3467000000000002,3.3486000000000002,3.3577000000000004,3.3586,3.3592,3.3607,3.3673,3.3814,3.3844000000000003,3.3959,3.3963,3.4048000000000003,3.4155,3.4167,3.454,3.4568000000000003,3.4572000000000003,3.4699,3.4708,3.4729,3.4764000000000004,3.4771,3.4826,3.4841,3.5131,3.5233000000000003,3.5297,3.535,3.5488,3.5623,3.5634,3.5737,3.5786000000000002,3.5819,3.5878,3.588,3.6003000000000003,3.6034,3.6131,3.6165000000000003,3.6407000000000003,3.6617,3.6707,3.6721000000000004,3.6772,3.6775,3.6779,3.68,3.6841000000000004,3.6901,3.6912000000000003,3.7136,3.7173000000000003,3.7205000000000004,3.721,3.7219,3.7388000000000003,3.7475,3.7477,3.7479,3.7488,3.7553,3.7599,3.7611000000000003,3.7716000000000003,3.774,3.8080000000000003,3.8224,3.8319,3.8336,3.8547000000000002,3.8609,3.8720000000000003,3.8809,3.8897000000000004,3.8933,3.8963,3.8969,3.8974,3.9214,3.9250000000000003,3.9278000000000004,3.9309000000000003,3.9410000000000003,3.9456,3.964,3.9647,3.9743000000000004,3.9930000000000003,3.9934000000000003,4.0011,4.0067,4.008,4.014600000000001,4.021,4.0233,4.0243,4.0252,4.0331,4.041,4.045,4.0579,4.0674,4.073300000000001,4.0773,4.0798000000000005,4.0884,4.0899,4.0905000000000005,4.0909,4.0959,4.0985000000000005,4.105300000000001,4.1107000000000005,4.112,4.1123,4.1221000000000005,4.1302,4.1403,4.1443,4.166,4.1673,4.1862,4.1907000000000005,4.1962,4.2047,4.2065,4.2158,4.2175,4.2187,4.222700000000001,4.2231000000000005,4.2469,4.2490000000000006,4.2702,4.2719000000000005,4.2723,4.2747,4.2756,4.276800000000001,4.277,4.2779,4.2873,4.295,4.2957,4.2984,4.3038,4.3047,4.3218000000000005,4.3260000000000005,4.3264000000000005,4.3298000000000005,4.3340000000000005,4.3442,4.347700000000001,4.353400000000001,4.3565000000000005,4.357,4.3723,4.377400000000001,4.3809000000000005,4.3870000000000005,4.3949,4.3972,4.4181,4.423500000000001,4.4293000000000005,4.4302,4.4314,4.4325,4.4362,4.437600000000001,4.439,4.4466,4.4512,4.4589,4.4596,4.4754000000000005,4.4909,4.4953,4.4956000000000005,4.4998000000000005,4.5007,4.500900000000001,4.502,4.5064,4.5296,4.5452,4.5645,4.5920000000000005,4.5937,4.5947000000000005,4.5993,4.6024,4.6033,4.6088000000000005,4.6119,4.6124,4.637300000000001,4.6386,4.639,4.6485,4.6509,4.6569,4.6623,4.664000000000001,4.668200000000001,4.678100000000001,4.6824,4.6837,4.6846000000000005,4.6879,4.6996,4.7065,4.7146,4.7211,4.744000000000001,4.7502,4.7541,4.7579,4.7603,4.7614,4.7887,4.7929,4.8037,4.8177,4.8208,4.8219,4.8243,4.8264000000000005,4.827500000000001,4.829000000000001,4.8373,4.8375,4.8493,4.8554,4.8635,4.8782000000000005,4.8795,4.9007000000000005,4.9024,4.9031,4.9038,4.907500000000001,4.913,4.9336,4.9354000000000005,4.9358,4.9385,4.9449000000000005,4.9636000000000005,4.9776,4.9801,4.982600000000001,4.9857000000000005,4.9924,4.995,4.9962
126398:0.022000000000000002,0.1338,0.3602,1.7029,1.9083,3.462,4.5543000000000005
128102:0.0002,0.0026000000000000003,0.0111,0.018600000000000002,0.020900000000000002,0.0391,0.040400000000000005,0.0448,0.0625,0.075,0.0775,0.081,0.08410000000000001,0.0853,0.0897,0.0931,0.0936,0.1039,0.1212,0.1227,0.1254,0.1258,0.127,0.1302,0.1374,0.1391,0.15030000000000002,0.156,0.1569,0.15810000000000002,0.15860000000000002,0.1673,0.1704,0.1773,0.189,0.19240000000000002,0.1942,0.2006,0.2021,0.2114,0.2137,0.2154,0.21710000000000002,0.2359,0.2591,0.2661,0.267,0.2695,0.2736,0.2762,0.2805,0.2933,0.2983,0.3064,0.31170000000000003,0.3136,0.3178,0.3211,0.3285,0.331,0.3355,0.336,0.33790000000000003,0.3386,0.3447,0.35750000000000004,0.35800000000000004,0.3779,0.38820000000000005,0.3935,0.3942,0.39440000000000003,0.3972,0.40090000000000003,0.4027,0.40340000000000004,0.4107,0.4194,0.4213,0.4274,0.4354,0.4363,0.43920000000000003,0.44260000000000005,0.4428,0.44970000000000004,0.4521,0.45580000000000004,0.4582,0.459,0.46130000000000004,0.466,0.4665,0.4767,0.47790000000000005,0.4787,0.5003000000000001,0.5149,0.5325,0.5389,0.5471,0.5612,0.5692,0.5713,0.5769000000000001,0.5797,0.5965,0.6021000000000001,0.6026,0.6089,0.6159,0.6183000000000001,0.6208,0.6328,0.6508,0.6515000000000001,0.652,0.6573,0.6715,0.6851,0.6975,0.6994,0.7092,0.7109000000000001,0.7157,0.7281000000000001,0.7383000000000001,0.7395,0.7443000000000001,0.7481,0.7511,0.7534000000000001,0.7593000000000001,0.7627,0.7761,0.7771,0.7848,0.7918000000000001,0.7989,0.8009000000000001,0.8016000000000001,0.8041,0.8064,0.8097000000000001,0.8165,0.8212,0.8269000000000001,0.8355,0.8387,0.8476,0.8492000000000001,0.8708,0.8742000000000001,0.8766,0.8807,0.8828,0.8988,0.9093,0.9123,0.9125000000000001,0.9166000000000001,0.9185000000000001,0.9237000000000001,0.9259000000000001,0.9275,0.9321,0.9376000000000001,0.9398000000000001,0.9402,0.9501000000000001,0.9611000000000001,0.9641000000000001,0.9658,0.9744,0.9809,0.9954000000000001,0.9971000000000001,0.9986,1.0217,1.0228000000000002,1.0235,1.0368,1.0467,1.0506,1.0683,1.0736,1.0853000000000002,1.0863,1.1068,1.107,1.1266,1.1302,1.1434,1.1438000000000001,1.1608,1.1808,1.1896,1.2076,1.2089,1.2124000000000001,1.22,1.2269,1.2341,1.2356,1.2435,1.2521,1.2611,1.266,1.2666000000000002,1.2670000000000001,1.2725,1.2858,1.2893000000000001,1.2914,1.3053000000000001,1.3183,1.3188,1.3202,1.3269,1.3336000000000001,1.3444,1.3461,1.3721,1.3744,1.3855000000000002,1.3955,1.3958000000000002,1.4203000000000001,1.425,1.4252,1.4264000000000001,1.4442000000000002,1.4513,1.4612,1.4656,1.4724000000000002,1.4774,1.4835,1.4873,1.4897,1.49,1.4922,1.4966000000000002,1.4981,1.5031,1.5043,1.5070000000000001,1.5257,1.5373,1.5450000000000002,1.5466,1.5474,1.5502,1.5529000000000002,1.5855000000000001,1.5866,1.5896000000000001,1.5959,1.5993000000000002,1.6035000000000001,1.6039,1.6087,1.6119,1.619,1.6312,1.6382,1.6404,1.641,1.6454,1.6463,1.6473,1.6577000000000002,1.6683000000000001,1.6691,1.6837,1.6867,1.6900000000000002,1.7016,1.7113,1.718,1.7354,1.7359,1.7367000000000001,1.7503000000000002,1.7575,1.7690000000000001,1.7839,1.7866000000000002,1.7887000000000002,1.7905,1.7918,1.8023,1.8051000000000001,1.8148000000000002,1.8239,1.8257,1.8471000000000002,1.8481,1.8541,1.8612000000000002,1.8667,1.8713000000000002,1.8867,1.8923,1.8963,1.8966,1.8996000000000002,1.9033,1.9040000000000001,1.9061000000000001,1.9105,1.9118000000000002,1.9173,1.9188,1.9194,1.9199000000000002,1.9253,1.9346,1.9492,1.9631,1.9639000000000002,1.9667000000000001,1.9689,1.9782000000000002,1.9827000000000001,1.9888000000000001,1.9896,1.9927000000000001,1.9947000000000001,1.9997,2.0291,2.0342000000000002,2.0387,2.0504000000000002,2.0539,2.0601000000000003,2.068,2.0691,2.0754,2.0849,2.088,2.1111,2.134,2.1345,2.1473,2.1522,2.1526,2.1552000000000002,2.1645000000000003,2.174,2.1825,2.1834000000000002,2.1874000000000002,2.1905,2.1945,2.1954000000000002,2.2148000000000003,2.221,2.2277,2.2364,2.2438000000000002,2.2518000000000002,2.257,2.2622,2.2641,2.2714000000000003,2.2731,2.2836000000000003,2.2844,2.2957,2.3318000000000003,2.3346,2.3379000000000003,2.3618,2.3709000000000002,2.3797,2.3975,2.4056,2.4077,2.4095,2.4151000000000002,2.4233000000000002,2.4243,2.4283,2.4317,2.4319,2.4321,2.4333,2.4417,2.4657,2.4665,2.4738,2.4789000000000003,2.4835000000000003,2.4847,2.4871000000000003,2.4887,2.4922,2.4966,2.5011,2.5104,2.5145,2.5163,2.5241000000000002,2.5322,2.5333,2.5461,2.5486,2.5571,2.559,2.5622000000000003,2.571,2.5834,2.5907,2.5925000000000002,2.6027,2.6053,2.6058000000000003,2.6234,2.6348000000000003,2.6653000000000002,2.6676,2.6705,2.6751,2.6789,2.6875,2.6895000000000002,2.7054,2.7102,2.7196000000000002,2.7253000000000003,2.7264,2.7336,2.7371000000000003,2.7449000000000003,2.7474000000000003,2.7479,2.7542,2.7630000000000003,2.7659000000000002,2.7738,2.7788,2.7868,2.7933000000000003,2.7942,2.7976,2.8055000000000003,2.8106,2.8128,2.8165,2.8254,2.8352,2.8458,2.8482000000000003,2.8751,2.8869000000000002,2.8935,2.8955,2.8984,2.9052000000000002,2.9064,2.9135,2.9179,2.9195,2.9575,2.9629000000000003,2.9679,2.9739,2.9803,2.9821,2.9948,2.9986,3.0138000000000003,3.0163,3.0264,3.028,3.0289,3.0351000000000004,3.0419,3.052,3.0681000000000003,3.0698000000000003,3.0873,3.0947,3.1098000000000003,3.1188000000000002,3.1214,3.1389,3.1419,3.145,3.1491000000000002,3.1512000000000002,3.1518,3.1558,3.1592000000000002,3.1658,3.1676,3.1697,3.1709,3.1752000000000002,3.1808,3.1839,3.1876,3.1879,3.1936,3.2105,3.2177000000000002,3.2188000000000003,3.2293000000000003,3.2307,3.2477,3.2483,3.2542,3.262,3.2692,3.2728,3.2918000000000003,3.2953,3.2976,3.2982,3.3004000000000002,3.3065,3.3114000000000003,3.3121,3.3244000000000002,3.3248,3.3275,3.3288,3.3339000000000003,3.3386,3.3431,3.3449,3.351,3.3532,3.3636000000000004,3.369,3.3698,3.3716000000000004,3.3762000000000003,3.3789000000000002,3.3951000000000002,3.4045,3.4054,3.4062,3.4114,3.4192,3.4231000000000003,3.4299,3.4410000000000003,3.4495,3.4541,3.4611,3.4669000000000003,3.4685,3.4703000000000004,3.4779,3.479,3.4808000000000003,3.4863,3.4875000000000003,3.4959000000000002,3.4995000000000003,3.5026,3.5046000000000004,3.5048000000000004,3.5056000000000003,3.5103,3.5108,3.5207,3.5217,3.5303,3.5336000000000003,3.5375,3.5394,3.5396,3.559,3.5683000000000002,3.5778000000000003,3.5847,3.5857,3.5979,3.5995000000000004,3.6052,3.6058000000000003,3.6071,3.6477000000000004,3.6525000000000003,3.6571000000000002,3.6674,3.6715,3.6748000000000003,3.6919,3.7017,3.7024000000000004,3.7085000000000004,3.7198,3.7281,3.7288,3.7365000000000004,3.7371000000000003,3.7398000000000002,3.7512000000000003,3.7531000000000003,3.7724,3.7753,3.7891000000000004,3.7904,3.7954000000000003,3.8007,3.8034000000000003,3.8058,3.8119,3.8193,3.826,3.8326000000000002,3.8455000000000004,3.8486000000000002,3.8637,3.8827000000000003,3.8963,3.8970000000000002,3.8973,3.9076000000000004,3.9163,3.9185000000000003,3.9343000000000004,3.9387000000000003,3.9400000000000004,3.9732000000000003,3.975,3.9765,3.9786,3.9827000000000004,3.983,3.9887,4.0006,4.0064,4.0135000000000005,4.020700000000001,4.0248,4.0494,4.0507,4.0553,4.061100000000001,4.0704,4.0717,4.0793,4.0858,4.1088000000000005,4.1311,4.1337,4.1432,4.1455,4.1462,4.1475,4.1531,4.1574,4.1584,4.1612,4.1679,4.1872,4.1948,4.2015,4.2023,4.2049,4.2083,4.2088,4.214300000000001,4.2153,4.2323,4.2332,4.2342,4.246300000000001,4.257000000000001,4.2586,4.2649,4.2761000000000005,4.3109,4.3159,4.3286,4.3318,4.3338,4.3347,4.3371,4.3377,4.3494,4.3535,4.3541,4.3645000000000005,4.3682,4.369800000000001,4.3725000000000005,4.3753,4.3952,4.4051,4.4158,4.4198,4.4275,4.4346000000000005,4.4412,4.4606,4.4628000000000005,4.4692,4.4709,4.4813,4.4836,4.486000000000001,4.4886,4.492500000000001,4.4933000000000005,4.496,4.5197,4.520300000000001,4.5241,4.5285,4.528700000000001,4.5319,4.5338,4.551200000000001,4.5608,4.5735,4.5762,4.5875,4.5959,4.601100000000001,4.6062,4.6243,4.633100000000001,4.6346,4.6353,4.6402,4.6432,4.6449,4.6496,4.6515,4.6624,4.6637,4.6664,4.6675,4.6748,4.6801,4.6891,4.6959,4.710100000000001,4.7133,4.7229,4.735,4.7476,4.7635000000000005,4.7792,4.7811,4.7917000000000005,4.7995,4.8133,4.8256000000000006,4.8279000000000005,4.8381,4.8387,4.843100000000001,4.8485000000000005,4.8499,4.8501,4.8524,4.8548,4.855300000000001,4.8555,4.863300000000001,4.8772,4.8777,4.8819,4.8828000000000005,4.8875,4.9024,4.9045000000000005,4.9066,4.9078,4.9116,4.9139,4.9366,4.9388000000000005,4.9497,4.9554,4.9556000000000004,4.966200000000001,4.967700000000001,4.992900000000001,4.9957,4.9975000000000005
128134:0.0079,0.014400000000000001,0.014700000000000001,0.0178,0.0213,0.0235,0.026000000000000002,0.0342,0.045700000000000005,0.0651,0.0898,0.1051,0.1087,0.11320000000000001,0.1383,0.1565,0.16920000000000002,0.1703,0.17300000000000001,0.1829,0.1841,0.1865,0.1904,0.19160000000000002,0.1973,0.2061,0.21250000000000002,0.2131,0.2146,0.22290000000000001,0.22560000000000002,0.226,0.2363,0.23700000000000002,0.2436,0.24710000000000001,0.2515,0.2575,0.2755,0.2782,0.2818,0.2963,0.3209,0.33490000000000003,0.336,0.3375,0.3477,0.35150000000000003,0.3604,0.3623,0.3659,0.3801,0.38820000000000005,0.3965,0.4046,0.4116,0.41290000000000004,0.4209,0.42960000000000004,0.4313,0.4385,0.4501,0.4509,0.4555,0.4621,0.46240000000000003,0.46380000000000005,0.4701,0.4711,0.47990000000000005,0.48360000000000003,0.4838,0.4859,0.5074000000000001,0.5081,0.5107,0.5229,0.5281,0.5421,0.5493,0.5595,0.5641,0.5654,0.5715,0.5734,0.5778,0.5824,0.5835,0.5877,0.5884,0.5937,0.6023000000000001,0.6054,0.6271,0.6371,0.6386000000000001,0.6447,0.6478,0.6524,0.6552,0.6627000000000001,0.6629,0.6689,0.6725,0.6908000000000001,0.6944,0.7318,0.7365,0.7513000000000001,0.7579,0.7699,0.7711,0.7755000000000001,0.7805000000000001,0.7932,0.7971,0.8022,0.8059000000000001,0.8098000000000001,0.8134,0.8274,0.8377,0.8499,0.8510000000000001,0.8693000000000001,0.8776,0.8796,0.8925000000000001,0.893,0.9134,0.9165000000000001,0.924,0.9263,0.9328000000000001,0.9337000000000001,0.934,0.9574,0.9688,0.9692000000000001,0.9737,0.9793000000000001,0.9806,0.9887,0.9921000000000001,0.9979,1.0066,1.0069000000000001,1.0194,1.0319,1.0405,1.0464,1.067,1.0683,1.0708,1.0721,1.0761,1.0765,1.0946,1.0994000000000002,1.1034000000000002,1.1066,1.11,1.1146,1.1151,1.1173,1.1191,1.1209,1.1281,1.1428,1.143,1.1503,1.1880000000000002,1.1975,1.232,1.2361,1.2366000000000001,1.2464,1.2488000000000001,1.2592,1.2607000000000002,1.264,1.2684,1.2690000000000001,1.2718,1.2816,1.2861,1.2888000000000002,1.2978,1.3008,1.3030000000000002,1.3065,1.3144,1.3150000000000002,1.3163,1.3207,1.3287,1.3415000000000001,1.3469,1.353,1.3614000000000002,1.3695000000000002,1.3732,1.3767,1.3833,1.3838000000000001,1.4014,1.4076,1.4218000000000002,1.4246,1.4269,1.4305,1.4337,1.4434,1.4441000000000002,1.4480000000000002,1.4505000000000001,1.4601000000000002,1.4793,1.4862,1.4889000000000001,1.4975,1.5057,1.5153,1.5162,1.52,1.5279,1.5351000000000001,1.5391000000000001,1.5533000000000001,1.5546,1.5559,1.5719,1.5799,1.5848,1.5986,1.5993000000000002,1.6021,1.6041,1.6142,1.6263,1.6266,1.6276000000000002,1.6286,1.6367,1.6442,1.6526,1.6532,1.665,1.6657000000000002,1.6733,1.6787,1.6888,1.7118,1.7140000000000002,1.7429000000000001,1.7433,1.7466000000000002,1.7587000000000002,1.7597,1.7782,1.7797,1.7814,1.7819,1.7890000000000001,1.7907000000000002,1.8109000000000002,1.8212000000000002,1.8255000000000001,1.8370000000000002,1.8416000000000001,1.8653000000000002,1.8675000000000002,1.8865,1.887,1.8920000000000001,1.8923,1.9012,1.9133,1.915,1.9158000000000002,1.917,1.9317000000000002,1.9369,1.9475,1.949,1.9512,1.9534,1.9623000000000002,1.9659000000000002,1.9685000000000001,1.975,1.9916,1.9928000000000001,1.9943000000000002,2.0016000000000003,2.0053,2.0179,2.0188,2.0391,2.0522,2.0595,2.0606,2.0697,2.0765000000000002,2.0814,2.0858000000000003,2.0877,2.1017,2.1142000000000003,2.1191,2.1204,2.1209000000000002,2.1241000000000003,2.1427,2.1467,2.1532,2.1621,2.1689000000000003,2.1828000000000003,2.2017,2.2071,2.2073,2.213,2.2143,2.2153,2.2161,2.2246,2.232,2.2335000000000003,2.2344,2.2552000000000003,2.2656,2.2733000000000003,2.2816,2.283,2.3058,2.3078000000000003,2.3176,2.3261000000000003,2.3295,2.3396,2.3462,2.3539000000000003,2.3637,2.366,2.3727,2.3757,2.3903000000000003,2.4,2.4023000000000003,2.404,2.4046000000000003,2.4090000000000003,2.4158,2.4277,2.4283,2.4292000000000002,2.4332000000000003,2.4463,2.4506,2.4666,2.4673000000000003,2.4689,2.4726,2.4754,2.4779,2.4895,2.4941,2.5017,2.5069,2.5129,2.5243,2.5284,2.5401000000000002,2.5622000000000003,2.5654,2.5669,2.5721000000000003,2.5742000000000003,2.5860000000000003,2.5937,2.6094,2.6113,2.6144000000000003,2.6208,2.6215,2.6234,2.6243000000000003,2.6286,2.6392,2.652,2.6547,2.657,2.6824000000000003,2.6843,2.6945,2.7022,2.7092,2.713,2.7143,2.7209000000000003,2.7413000000000003,2.7416,2.742,2.7577000000000003,2.7582,2.761,2.765,2.7663,2.781,2.7951,2.7962000000000002,2.8052,2.8056,2.8192,2.8354,2.8358000000000003,2.8431,2.8446000000000002,2.8466,2.8511,2.8534,2.8560000000000003,2.8598000000000003,2.8645,2.9057,2.9329,2.95,2.9622,2.9629000000000003,2.9635000000000002,2.9809,2.9811,2.9823,2.9847,2.9853,2.9873000000000003,3.0196,3.0332000000000003,3.0358,3.0509,3.0536000000000003,3.0591,3.0736000000000003,3.0753000000000004,3.0802,3.0849,3.089,3.0957000000000003,3.0979,3.1063,3.107,3.111,3.1205000000000003,3.1268000000000002,3.1375,3.1465,3.1543,3.1552000000000002,3.1604,3.169,3.174,3.1775,3.1799,3.1847000000000003,3.1876,3.1899,3.1915,3.1944000000000004,3.1967000000000003,3.1977,3.2096,3.2105,3.2192000000000003,3.22,3.2274000000000003,3.2414,3.2469,3.2513,3.2657000000000003,3.2719,3.3074000000000003,3.3116000000000003,3.3205,3.3240000000000003,3.3258,3.3303000000000003,3.3316000000000003,3.3343000000000003,3.3443,3.3503000000000003,3.3513,3.3521,3.3574,3.3594,3.3662,3.3667000000000002,3.3678000000000003,3.3697000000000004,3.3746,3.3768000000000002,3.4022,3.4080000000000004,3.4116,3.4153000000000002,3.4155,3.4283,3.4302,3.4336,3.4429000000000003,3.4450000000000003,3.4502,3.4516,3.4549000000000003,3.4557,3.4624,3.4706,3.4765,3.4805,3.4837000000000002,3.4866,3.4930000000000003,3.4967,3.5159000000000002,3.5251,3.5267000000000004,3.5288000000000004,3.5446,3.548,3.5642,3.5649,3.5721000000000003,3.5757000000000003,3.6003000000000003,3.6067,3.6524,3.6594,3.6620000000000004,3.6722,3.6820000000000004,3.6822000000000004,3.7038,3.7055000000000002,3.7073,3.7089000000000003,3.7106000000000003,3.7156000000000002,3.7229,3.7685,3.7705,3.7710000000000004,3.7725,3.7754000000000003,3.7931000000000004,3.7955,3.7979000000000003,3.8027,3.8030000000000004,3.8042000000000002,3.8134,3.8191,3.8251000000000004,3.8379000000000003,3.841,3.8445,3.8473,3.8503000000000003,3.8527,3.8556000000000004,3.8588,3.8684000000000003,3.8925,3.9174,3.9178,3.9196,3.9241,3.9256,3.9273000000000002,3.9381000000000004,3.9415,3.9504,3.9515000000000002,3.9722000000000004,3.9738,3.9778000000000002,3.9934000000000003,3.994,4.0128,4.0134,4.0198,4.0266,4.0280000000000005,4.04,4.043200000000001,4.0463000000000005,4.0548,4.0566,4.0574,4.0861,4.0878000000000005,4.0924000000000005,4.1008000000000004,4.1099000000000006,4.1104,4.1193,4.133500000000001,4.138,4.1443,4.147,4.1546,4.156000000000001,4.1644000000000005,4.1698,4.1734,4.1833,4.184,4.2019,4.2067000000000005,4.2121,4.214,4.2298,4.2363,4.2457,4.253,4.2573,4.2603,4.2621,4.2715000000000005,4.2889,4.2907,4.291,4.2939,4.297000000000001,4.3055,4.3244,4.3267,4.3301,4.333600000000001,4.3466000000000005,4.367100000000001,4.369800000000001,4.3846,4.3944,4.4011000000000005,4.407,4.4095,4.4191,4.4242,4.4341,4.4382,4.4432,4.4458,4.4532,4.4594000000000005,4.4616,4.4636000000000005,4.4653,4.4678,4.4703,4.4768,4.4844,4.4894,4.5038,4.5075,4.5233,4.5276000000000005,4.5436000000000005,4.5439,4.5600000000000005,4.5678,4.5788,4.5792,4.583,4.5842,4.5857,4.593500000000001,4.61,4.6159,4.6185,4.6193,4.625900000000001,4.6408000000000005,4.6431000000000004,4.6548,4.6584,4.6591000000000005,4.6628,4.6699,4.6704,4.6779,4.6944,4.6949000000000005,4.7043,4.7095,4.7207,4.7477,4.7506,4.7594,4.7597000000000005,4.7606,4.764600000000001,4.773000000000001,4.7758,4.7767,4.7833000000000006,4.7869,4.7923,4.8006,4.8026,4.8116,4.8151,4.8315,4.8340000000000005,4.8365,4.8535,4.8551,4.8580000000000005,4.8586,4.8654,4.8784,4.899900000000001,4.9156,4.9188,4.9259,4.947,4.9691,4.9847,4.9895000000000005,4.9937000000000005
128604:0.2501,0.3165,0.682,0.7885000000000001,0.8313,0.8793000000000001,1.3222,1.455,1.9288,2.229,2.2931,2.5328,2.5995,2.7944,2.9591000000000003,3.0568,3.0771,3.3896,3.4824,3.9108,4.335,4.4270000000000005,4.7271
129110:4.4368
129480:0.013300000000000001,0.0183,0.0205,0.022500000000000003,0.0388,0.0407,0.0422,0.0485,0.051800000000000006,0.056400000000000006,0.0592,0.07150000000000001,0.0745,0.08070000000000001,0.08800000000000001,0.0944,0.09920000000000001,0.1078,0.10890000000000001,0.1119,0.1177,0.1211,0.12380000000000001,0.1312,0.1361,0.152,0.1553,0.1632,0.19240000000000002,0.1935,0.1937,0.2086,0.2212,0.2217,0.22490000000000002,0.22920000000000001,0.23850000000000002,0.248,0.2495,0.2594,0.2676,0.2766,0.2787,0.28450000000000003,0.2858,0.2903,0.2963,0.29860000000000003,0.3084,0.3099,0.3194,0.3206,0.3299,0.3411,0.35000000000000003,0.3614,0.3619,0.3704,0.3916,0.39480000000000004,0.403,0.4334,0.43470000000000003,0.438,0.44160000000000005,0.44220000000000004,0.44930000000000003,0.4524,0.4615,0.4617,0.46440000000000003,0.46590000000000004,0.4696,0.4753,0.47750000000000004,0.4793,0.48350000000000004,0.48500000000000004,0.4903,0.49200000000000005,0.5073,0.5144000000000001,0.5197,0.531,0.5331,0.5338,0.5347000000000001,0.5435,0.5528000000000001,0.5655,0.5752,0.5856,0.5884,0.5912000000000001,0.5942000000000001,0.603,0.6043000000000001,0.6078,0.6104,0.6273000000000001,0.6312,0.6383,0.6428,0.6435000000000001,0.6443,0.6453,0.6499,0.6613,0.6705,0.6747000000000001,0.6788000000000001,0.6826,0.6864,0.6930000000000001,0.6937,0.6962,0.7040000000000001,0.7133,0.7178,0.7307,0.7317,0.748,0.7503000000000001,0.7518,0.7539,0.7585000000000001,0.763,0.7723,0.7749,0.7778,0.7823,0.7828,0.8001,0.8006000000000001,0.805,0.8327,0.8541000000000001,0.8592000000000001,0.8662000000000001,0.8713000000000001,0.8731,0.8738,0.8755000000000001,0.8766,0.8839,0.885,0.8859,0.8983000000000001,0.9053,0.9166000000000001,0.9175000000000001,0.926,0.9274,0.9329000000000001,0.9366000000000001,0.9497000000000001,0.9577,0.9627,0.9672000000000001,0.9674,0.9754,0.9854,0.9918,0.992,0.9949,0.9952000000000001,1.0071,1.0129000000000001,1.0225,1.0269000000000001,1.0352000000000001,1.0359,1.0429000000000002,1.0442,1.0514000000000001,1.0598,1.0701,1.0835000000000001,1.0858,1.0952,1.0995000000000001,1.1105,1.1206,1.1271,1.1279000000000001,1.1505,1.1508,1.1541000000000001,1.1565,1.1772,1.1911,1.195,1.2098,1.2152,1.2266000000000001,1.2302,1.2541,1.2569000000000001,1.2598,1.2638,1.2664,1.2678,1.2708000000000002,1.2803,1.2816,1.2859,1.3013000000000001,1.3017,1.3035,1.3099,1.3128,1.3169,1.3298,1.3421,1.3497000000000001,1.3589,1.3642,1.369,1.3804,1.385,1.3878000000000001,1.3989,1.3999000000000001,1.4001000000000001,1.4024,1.4180000000000001,1.4196,1.4240000000000002,1.4248,1.4343000000000001,1.4369,1.4421000000000002,1.4467,1.4526000000000001,1.4548,1.4625000000000001,1.4665000000000001,1.4675,1.471,1.4816,1.4933,1.5039,1.5215,1.5282,1.5305,1.5357,1.5359,1.5369000000000002,1.5372000000000001,1.5412000000000001,1.5457,1.5472000000000001,1.5554000000000001,1.5599,1.5621,1.5688,1.5721,1.5748,1.5792000000000002,1.5861,1.588,1.6012000000000002,1.612,1.6153000000000002,1.623,1.6232,1.6329,1.6349,1.6424,1.6440000000000001,1.6605,1.6651,1.679,1.6960000000000002,1.7025000000000001,1.7072,1.7175,1.7178,1.7214,1.7253,1.7317,1.7348000000000001,1.7372,1.7528000000000001,1.7607000000000002,1.766,1.7710000000000001,1.7941,1.8191000000000002,1.8215000000000001,1.8271000000000002,1.8353000000000002,1.8586,1.8611000000000002,1.8709,1.8719000000000001,1.881,1.9000000000000001,1.9012,1.9106,1.911,1.9162000000000001,1.9191,1.9200000000000002,1.9247,1.9325,1.9342000000000001,1.9487,1.9495,1.9516,1.9604000000000001,1.961,1.9736,1.9891,1.9973,1.9984000000000002,2.0024,2.0042,2.0146,2.0248,2.0301,2.0318,2.0481000000000003,2.0491,2.0496000000000003,2.0529,2.0972,2.1064000000000003,2.1079,2.1117,2.1245000000000003,2.1262000000000003,2.1343,2.1386000000000003,2.1419,2.1456,2.148,2.1513,2.1550000000000002,2.1556,2.1613,2.1721,2.1738,2.1937,2.2088,2.2127,2.2137000000000002,2.2266,2.2270000000000003,2.2385,2.2394000000000003,2.2516000000000003,2.2529,2.2621,2.2865,2.2880000000000003,2.2976,2.2997,2.3094,2.3159,2.3287,2.3309,2.3336,2.3353,2.3372,2.3392,2.3413,2.3427000000000002,2.3439,2.349,2.361,2.3622,2.3627000000000002,2.3833,2.3848000000000003,2.3887,2.3924000000000003,2.3930000000000002,2.4058,2.4118,2.4142,2.4182,2.4185000000000003,2.4228,2.4266,2.4324,2.4364,2.4409,2.4424,2.4528000000000003,2.4676,2.4754,2.4928,2.4942,2.4967,2.5032,2.504,2.5246,2.5437000000000003,2.5441000000000003,2.5552,2.5594,2.5796,2.5832,2.587,2.5876,2.6138000000000003,2.6268000000000002,2.6301,2.6454,2.6519,2.6527000000000003,2.6561,2.6576,2.6586000000000003,2.6668000000000003,2.6691000000000003,2.6817,2.6847000000000003,2.6874000000000002,2.6885000000000003,2.6954000000000002,2.7116000000000002,2.7161,2.7183,2.7309,2.7521,2.7645,2.7692,2.7787,2.7813000000000003,2.7914000000000003,2.8132,2.818,2.822,2.8294,2.837,2.8447,2.8775,2.8795,2.8855,2.8894,2.9023000000000003,2.9086000000000003,2.9117,2.918,2.9428,2.9464,2.9483,2.9578,2.9673000000000003,2.9677000000000002,2.9782,2.9799,2.9802,2.9894000000000003,2.9986,2.9988,2.999,3.0179,3.0315000000000003,3.0399000000000003,3.0405,3.0426,3.0699,3.077,3.0779,3.0888,3.1009,3.1128,3.1152,3.1185,3.1239000000000003,3.1262000000000003,3.1291,3.1325000000000003,3.1546000000000003,3.1557,3.1563000000000003,3.1586000000000003,3.1710000000000003,3.188,3.1935000000000002,3.1984000000000004,3.2195,3.2284,3.2293000000000003,3.2351,3.2364,3.2681,3.2746,3.2755,3.2807,3.2811000000000003,3.3001,3.3053000000000003,3.3065,3.3128,3.317,3.3172,3.3175000000000003,3.3249,3.3338,3.3417000000000003,3.3431,3.3514000000000004,3.3559,3.3626,3.3652,3.3669000000000002,3.3677,3.383,3.4047,3.4074,3.4134,3.4154,3.4416,3.443,3.4437,3.4439,3.4498,3.4545000000000003,3.4584,3.4629000000000003,3.4692000000000003,3.4727,3.4785000000000004,3.4848000000000003,3.4863,3.4914,3.4976000000000003,3.5098000000000003,3.5100000000000002,3.5298000000000003,3.5416000000000003,3.5466,3.5544000000000002,3.5645000000000002,3.5824000000000003,3.5834,3.5891,3.5917000000000003,3.6014000000000004,3.6194,3.6282,3.6322,3.6329000000000002,3.6398,3.6456000000000004,3.6495,3.6635,3.6667,3.6671,3.6763000000000003,3.6796,3.6821,3.6941,3.7047000000000003,3.7084,3.712,3.7139,3.725,3.7254,3.7269,3.7273,3.7387,3.7622,3.7652,3.7685,3.7710000000000004,3.7712000000000003,3.7734,3.7773000000000003,3.7929000000000004,3.794,3.7964,3.8093000000000004,3.8131000000000004,3.8139000000000003,3.8256,3.8265000000000002,3.8325,3.8376,3.8408,3.8444000000000003,3.8449,3.8484000000000003,3.8525,3.8592,3.8596000000000004,3.8627000000000002,3.8778,3.8946,3.9040000000000004,3.9163,3.9166000000000003,3.9200000000000004,3.9252000000000002,3.9353000000000002,3.9369,3.9395000000000002,3.9521,3.9543000000000004,3.9565,3.9714,3.9883,3.9992,4.022,4.0289,4.0313,4.0377,4.0379000000000005,4.0383000000000004,4.0436000000000005,4.0506,4.051200000000001,4.0683,4.0892,4.0936,4.0965,4.097700000000001,4.103400000000001,4.1046000000000005,4.121300000000001,4.1266,4.1506,4.1514,4.154100000000001,4.1632,4.1651,4.165900000000001,4.168200000000001,4.1693,4.169700000000001,4.1714,4.1726,4.1829,4.1985,4.2037,4.2088,4.2276,4.2369,4.243,4.2556,4.2577,4.2601,4.274,4.2771,4.305000000000001,4.308,4.3154,4.3176000000000005,4.3286,4.331300000000001,4.3356,4.3467,4.3485000000000005,4.3745,4.3922,4.4016,4.4019,4.4115,4.4223,4.4228000000000005,4.4401,4.4469,4.4507,4.4572,4.458200000000001,4.4687,4.4702,4.4827,4.4971000000000005,4.5234000000000005,4.5338,4.5441,4.549,4.5497000000000005,4.5609,4.5617,4.5644,4.5753,4.579400000000001,4.5863000000000005,4.590800000000001,4.5921,4.5942,4.6017,4.6036,4.6109,4.6138,4.641,4.6426,4.6552,4.659,4.6885,4.693700000000001,4.7027,4.7096,4.7159,4.7213,4.7275,4.7296000000000005,4.7301,4.7408,4.7455,4.7698,4.7731,4.7748,4.7859,4.8023,4.8224,4.8247,4.8357,4.8415,4.8433,4.8437,4.847,4.8532,4.8548,4.8558,4.8673,4.8752,4.875900000000001,4.8871,4.9044,4.9105,4.912,4.9142,4.9184,4.9191,4.9333,4.9349,4.9743,4.9828,4.9839,4.9908
130068:0.0059,0.0115,0.0173,0.0238,0.0292,0.0391,0.0454,0.053200000000000004,0.0594,0.0654,0.0729,0.0779,0.084,0.0916,0.09860000000000001,0.10350000000000001,0.1081,0.11460000000000001,0.1218,0.1287,0.13490000000000002,0.14070000000000002,0.1472,0.1535,0.1597,0.1673,0.17470000000000002,0.1802,0.18780000000000002,0.1927,0.19940000000000002,0.20650000000000002,0.2131,0.2199,0.22840000000000002,0.23500000000000001,0.2419,0.2479,0.25320000000000004,0.2617,0.2686,0.27540000000000003,0.2813,0.2868,0.2926,0.29760000000000003,0.3024,0.3111,0.3174,0.32370000000000004,0.329,0.33480000000000004,0.3406,0.34800000000000003,0.3559,0.3612,0.3677,0.3754,0.38170000000000004,0.388,0.39780000000000004,0.4032,0.4091,0.41900000000000004,0.42550000000000004,0.43170000000000003,0.43870000000000003,0.4441,0.44980000000000003,0.45640000000000003,0.462,0.46880000000000005,0.4751,0.48040000000000005,0.4854,0.49060000000000004,0.4969,0.5043,0.5108,0.5194,0.5243,0.5316000000000001,0.5394,0.5453,0.5519000000000001,0.5594,0.5677,0.5748,0.5804,0.5861000000000001,0.5918,0.5975,0.6046,0.611,0.617,0.6218,0.6311,0.6368,0.6442,0.6506000000000001,0.6572,0.6643,0.6717000000000001,0.6776,0.6846,0.6904,0.6956,0.7049000000000001,0.7117,0.7171000000000001,0.7247,0.7303000000000001,0.7373000000000001,0.7484000000000001,0.7535000000000001,0.7652,0.7729,0.7802,0.7858,0.7915000000000001,0.7972,0.8035,0.8083,0.8170000000000001,0.8222,0.8294,0.8368,0.8422000000000001,0.8512000000000001,0.8578,0.8647,0.8721,0.8788,0.8843000000000001,0.8905000000000001,0.8959,0.9016000000000001,0.9074000000000001,0.9145000000000001,0.9222,0.9276000000000001,0.9338000000000001,0.9422,0.9477000000000001,0.9605,0.9670000000000001,0.9723,0.9785,0.9852000000000001,0.9907,0.9994000000000001,1.0046,1.0108000000000001,1.0172,1.0229000000000001,1.0306,1.0408,1.048,1.0539,1.0601,1.0666,1.0721,1.0781,1.0855000000000001,1.092,1.0994000000000002,1.1062,1.1107,1.1171,1.1224,1.1277000000000001,1.1349,1.1407,1.1459000000000001,1.1541000000000001,1.1601000000000001,1.1688,1.1772,1.1835,1.1904000000000001,1.1994,1.2063000000000001,1.214,1.2206000000000001,1.2287000000000001,1.2361,1.2424,1.2535,1.2592,1.2686,1.2745,1.2801,1.2856,1.2923,1.2982,1.3048,1.3097,1.3167,1.3227,1.3299,1.3363,1.3436000000000001,1.3491,1.3553000000000002,1.3599,1.3651,1.3727,1.3794,1.3878000000000001,1.3949,1.4033,1.4102000000000001,1.4151,1.4219000000000002,1.4273,1.4325,1.4405000000000001,1.4467,1.4537,1.4617,1.4688,1.4757,1.482,1.4891,1.4947000000000001,1.5005000000000002,1.5062,1.5111,1.5179,1.5235,1.5327000000000002,1.5385,1.5443,1.5505,1.5573000000000001,1.5633000000000001,1.5725,1.5791000000000002,1.5851000000000002,1.5936000000000001,1.5995000000000001,1.606,1.6131,1.6191,1.6256000000000002,1.6309,1.6384,1.6438000000000001,1.6485,1.6543,1.6599000000000002,1.6656,1.6726,1.6808,1.6880000000000002,1.6926,1.7001000000000002,1.7066000000000001,1.7125000000000001,1.7192,1.7255,1.7312,1.7369,1.7442,1.7549000000000001,1.7619,1.7701,1.7765000000000002,1.7825000000000002,1.7890000000000001,1.7942,1.8039,1.8147,1.8226,1.8292000000000002,1.8351000000000002,1.8411000000000002,1.8475000000000001,1.8542,1.8618000000000001,1.8692000000000002,1.8742,1.8838000000000001,1.889,1.8947,1.9008,1.9059000000000001,1.9160000000000001,1.9237000000000002,1.9298000000000002,1.9363000000000001,1.9417000000000002,1.9479000000000002,1.9582000000000002,1.9671,1.9735,1.9789,1.9859,1.9928000000000001,2.0,2.0122,2.0177,2.0233,2.0309,2.0387,2.0442,2.0495,2.0546,2.0635,2.0695,2.0791,2.087,2.0937,2.1007000000000002,2.1058,2.1125000000000003,2.1191,2.1258,2.1325000000000003,2.1432,2.1504000000000003,2.1556,2.1611000000000002,2.1669,2.1743,2.1811000000000003,2.1877,2.193,2.1986,2.205,2.2110000000000003,2.2182,2.2241,2.2293000000000003,2.2367,2.2429,2.2528,2.2578,2.2644,2.2701000000000002,2.2782,2.286,2.2933,2.3024,2.3078000000000003,2.3176,2.3233,2.3297000000000003,2.3368,2.3431,2.3506,2.3578,2.3667000000000002,2.3749000000000002,2.3822,2.3890000000000002,2.3943000000000003,2.4037,2.4091,2.4138,2.4204000000000003,2.427,2.4315,2.4374000000000002,2.4443,2.4512,2.4579,2.4637000000000002,2.4713000000000003,2.4762,2.4828,2.4921,2.4977,2.5039000000000002,2.5102,2.5175,2.5228,2.5309,2.5356,2.5431,2.5489,2.5547,2.5626,2.5673,2.5734,2.5803000000000003,2.5864000000000003,2.5934,2.5989,2.6074,2.6142000000000003,2.6220000000000003,2.6288,2.6352,2.6411000000000002,2.6469,2.6542000000000003,2.66,2.6652,2.6726,2.678,2.6833,2.689,2.6954000000000002,2.7009000000000003,2.7068000000000003,2.7131000000000003,2.7175000000000002,2.7241,2.7294,2.7356000000000003,2.7411000000000003,2.7469,2.7518000000000002,2.7571000000000003,2.7633,2.7679,2.7726,2.7825,2.7888,2.7955,2.8017000000000003,2.8087,2.815,2.821,2.8309,2.8388,2.8441,2.85,2.8559,2.8632,2.8707000000000003,2.8765,2.8823000000000003,2.8890000000000002,2.8949000000000003,2.902,2.9083,2.9183000000000003,2.9256,2.9326000000000003,2.9397,2.9476,2.9538,2.9597,2.972,2.9779,2.9837000000000002,2.9888000000000003,2.9965,3.0032,3.0163,3.0225,3.0290000000000004,3.0371,3.0435000000000003,3.0484,3.0558,3.0624000000000002,3.0709,3.0781,3.0842,3.0895,3.0996,3.1074,3.1136000000000004,3.1203000000000003,3.1261,3.1313,3.1379,3.1433,3.1498,3.1574,3.1627,3.1710000000000003,3.1773000000000002,3.1830000000000003,3.1896,3.1994000000000002,3.2065,3.2117,3.2179,3.2267,3.2325000000000004,3.2403,3.2487000000000004,3.2546,3.2630000000000003,3.2698,3.2761,3.2838000000000003,3.2904,3.2968,3.3049,3.31,3.3167,3.3232000000000004,3.3295000000000003,3.3358000000000003,3.3412,3.3476000000000004,3.3547000000000002,3.3607,3.3675,3.3737000000000004,3.3789000000000002,3.3844000000000003,3.3902,3.3952,3.4016,3.4079,3.4149000000000003,3.4200000000000004,3.4265000000000003,3.4337,3.4412000000000003,3.4481,3.4548,3.4607,3.4656000000000002,3.4730000000000003,3.4788,3.4861,3.4912,3.4986,3.5043,3.5133,3.5202,3.5261,3.5337,3.5401000000000002,3.5476,3.5529,3.5635000000000003,3.5689,3.5749,3.581,3.5867,3.5917000000000003,3.5974000000000004,3.6035000000000004,3.6093,3.6169000000000002,3.6228000000000002,3.6310000000000002,3.6389,3.6453,3.6525000000000003,3.6606,3.6663,3.6734,3.6794000000000002,3.6867,3.6921000000000004,3.6983,3.7052,3.712,3.7201,3.7245000000000004,3.7311,3.7396000000000003,3.7503,3.7578,3.7641,3.7725,3.7781000000000002,3.7877,3.7932,3.7984,3.8055000000000003,3.8113,3.8206,3.8273,3.8344,3.8402000000000003,3.8453000000000004,3.8515,3.859,3.8642000000000003,3.8714000000000004,3.8789000000000002,3.8851,3.8955,3.9023000000000003,3.9121,3.9201,3.9277,3.9337,3.9407,3.9476,3.9533,3.9676,3.9764000000000004,3.9821,3.9891,3.996,4.0034,4.0094,4.016500000000001,4.024500000000001,4.0297,4.038600000000001,4.0448,4.0507,4.0581000000000005,4.0644,4.0697,4.0755,4.0839,4.0899,4.0952,4.103800000000001,4.1107000000000005,4.1164000000000005,4.1221000000000005,4.1323,4.138,4.1425,4.1489,4.1548,4.1603,4.1677,4.1741,4.1805,4.1863,4.1925,4.2,4.2068,4.2121,4.2179,4.2253,4.2337,4.2394,4.2473,4.2525,4.259,4.2651,4.2736,4.2792,4.2885,4.2948,4.3004,4.3083,4.3151,4.3216,4.3297,4.3361,4.3424000000000005,4.3481000000000005,4.3559,4.3615,4.373600000000001,4.3808,4.3869,4.397600000000001,4.4036,4.4105,4.4176,4.4237,4.429600000000001,4.4344,4.4391,4.444500000000001,4.4501,4.4556000000000004,4.4626,4.4692,4.4762,4.484,4.4899000000000004,4.4955,4.501,4.508500000000001,4.516500000000001,4.5215000000000005,4.5282,4.5355,4.5412,4.5495,4.555400000000001,4.5613,4.569500000000001,4.5757,4.5823,4.5875,4.5929,4.5994,4.6079,4.613,4.6185,4.6239,4.6306,4.6368,4.641500000000001,4.6471,4.6547,4.663,4.668200000000001,4.6731,4.6807,4.6869000000000005,4.6931,4.7022,4.7083,4.7148,4.7228,4.7295,4.7355,4.7476,4.7536000000000005,4.7599,4.766,4.772200000000001,4.7781,4.7861,4.792400000000001,4.7976,4.8034,4.8093,4.8171,4.8215,4.8268,4.833200000000001,4.8392,4.849,4.8559,4.8623,4.8676,4.8743,4.8814,4.8883,4.8975,4.9039,4.9107,4.917400000000001,4.9237,4.9297,4.9389,4.9453000000000005,4.9519,4.9587,4.9636000000000005,4.971,4.9772,4.9876000000000005,4.9946
130297:2.7414
130526:0.25120000000000003,0.36760000000000004,0.6291,0.9622,3.1275,3.6854,4.5073
130593:0.0296,0.1092,0.1336,0.1935,0.2159,0.2456,0.2637,0.3059,0.3267,0.36260000000000003,0.4157,0.46180000000000004,0.5081,0.5268,0.5947,0.6404000000000001,0.6556000000000001,0.6877,0.7257,0.7898000000000001,0.8346,0.8825000000000001,0.9211,0.9415,0.9867,1.0419,1.0726,1.1265,1.153,1.1944000000000001,1.2378,1.2522,1.2896,1.3279,1.3518000000000001,1.3955,1.4403000000000001,1.4584000000000001,1.5085000000000002,1.5507,1.5903,1.6369,1.7044000000000001,1.7295,1.7628000000000001,1.8069000000000002,1.8549,1.8699000000000001,1.9098000000000002,1.9475,2.0109,2.0791,2.12,2.1422,2.1719,2.2030000000000003,2.2258,2.2568,2.2755,2.2998000000000003,2.3209,2.374,2.4111000000000002,2.4382,2.4672,2.5055,2.5425,2.6028000000000002,2.6531000000000002,2.693,2.7299,2.7438000000000002,2.7943000000000002,2.8279,2.8576,2.8711,2.9137,2.964,3.0013,3.0237000000000003,3.0638,3.0904000000000003,3.1257,3.1771000000000003,3.1924,3.2273,3.3127,3.3635,3.3975,3.4633000000000003,3.484,3.5191000000000003,3.5567,3.6063,3.6472,3.7138,3.7768,3.818,3.8378,3.8551,3.8926000000000003,3.9407,3.9717000000000002,3.9887,4.0265,4.0536,4.121300000000001,4.1475,4.1976,4.262700000000001,4.3215,4.3488,4.375500000000001,4.431900000000001,4.4532,4.4923,4.511,4.5600000000000005,4.6087,4.6231,4.6479,4.6657,4.7018,4.7456000000000005,4.7893,4.8308,4.8625,4.9377,4.9806
130669:0.042,0.0883,0.12430000000000001,0.15660000000000002,0.2179,0.24130000000000001,0.2817,0.33680000000000004,0.3808,0.4151,0.4562,0.5333,0.5750000000000001,0.6256,0.6778000000000001,0.7411,0.7783,0.8302,0.8803000000000001,0.9147000000000001,0.9452,1.0379,1.0898,1.1184,1.1566,1.2524,1.2793,1.3368,1.4000000000000001,1.4679,1.491,1.5825,1.6265,1.663,1.7451,1.7907000000000002,1.8376000000000001,1.8576000000000001,1.8952,1.9673,2.0513,2.1038,2.1575,2.2127,2.2402,2.2626,2.2902,2.3945000000000003,2.4130000000000003,2.4613,2.5602,2.6157,2.6474,2.6718,2.7076000000000002,2.7436000000000003,2.7694,2.8229,2.9576000000000002,2.9939,3.0395000000000003,3.0781,3.1747,3.2198,3.2825,3.3872,3.4407,3.5208000000000004,3.5853,3.6194,3.6401000000000003,3.6602,3.7036000000000002,3.7302,3.7648,3.8224,3.8372,3.9636,3.9877000000000002,4.0524000000000004,4.1387,4.1957,4.2634,4.3558,4.3845,4.4385,4.4547,4.480300000000001,4.5256,4.5463000000000005,4.5936,4.6578,4.6809,4.712000000000001,4.7762,4.8002,4.8183,4.8728,4.926200000000001,4.9786
130768:3.6802,4.2016
130780:0.42510000000000003,0.5549000000000001,0.6324000000000001,1.0907,1.3971,1.4393,1.5065000000000002,1.5494,1.7262000000000002,2.2591,2.2749,2.5991,2.7324,2.7423,2.8436000000000003,2.8539000000000003,2.871,3.2139,3.3977,3.4798,3.551,3.8541000000000003,3.8667000000000002,3.9429000000000003,4.6551,4.8199000000000005,4.9729
131033:0.0398,0.5578000000000001,0.7644000000000001,0.8427,1.2382,1.3465,1.4046,1.5066000000000002,1.7775,1.9273,2.3703000000000003,2.5348,2.5998,2.7349,2.8433,3.1328,3.2089000000000003,3.2790000000000004,3.3918000000000004,3.4838,3.8528000000000002,3.9958,4.242900000000001,4.3949,4.4855,4.6991000000000005,4.8211
132221:0.183,0.3976,0.6413,0.896,0.9667,1.3344,1.5497,1.7664000000000002,1.9618,2.2662,2.7324,2.8438000000000003,3.0227,3.1801000000000004,3.398,3.5797000000000003,3.7259,3.8468,4.3748000000000005,4.8562
132392:0.9656
133149:2.2678000000000003,2.8691
133158:0.1342,0.21150000000000002,0.24350000000000002,0.36560000000000004,0.4269,0.507,0.5997,0.6569,0.7475,0.8361000000000001,0.9355,1.1275,1.2510000000000001,1.3302,1.4589,1.5603,1.6844000000000001,1.7342000000000002,1.8664,1.9475,2.0820000000000003,2.1388000000000003,2.2556000000000003,2.305,2.4408000000000003,2.6531000000000002,2.6937,2.7472000000000003,2.8115,2.8671,2.9747000000000003,3.097,3.1765000000000003,3.2241,3.3691,3.4271000000000003,3.4856000000000003,3.5404,3.7227,3.7795,3.8262,3.8921,3.9298,4.0403,4.3748000000000005,4.4472000000000005,4.507000000000001,4.6173,4.6605,4.708600000000001,4.8353
133551:0.014,0.0405,0.061000000000000006,0.07440000000000001,0.1018,0.154,0.203,0.2286,0.2523,0.2878,0.31920000000000004,0.34040000000000004,0.37820000000000004,0.3921,0.4088,0.4298,0.44160000000000005,0.458,0.48350000000000004,0.49350000000000005,0.5059,0.5391,0.5553,0.5869,0.6212,0.6304000000000001,0.6452,0.6796,0.7417,0.7636000000000001,0.8187000000000001,0.8594,0.8746,0.8874000000000001,0.9007000000000001,0.9357000000000001,0.9749000000000001,0.9976,1.0362,1.0802,1.1032,1.115,1.1485,1.1584,1.183,1.2107,1.2335,1.2601,1.2793,1.3081,1.3197,1.3694000000000002,1.3877000000000002,1.4160000000000001,1.4514,1.4815,1.4943,1.5266000000000002,1.5395,1.5742,1.6069,1.6603,1.6802000000000001,1.7157,1.7497,1.7963,1.8261,1.8934000000000002,1.9311,1.9534,1.9645000000000001,1.9927000000000001,2.0032,2.0300000000000002,2.0414,2.0544000000000002,2.1044,2.1198,2.1538,2.1787,2.2142,2.236,2.3106,2.3366000000000002,2.3984,2.4122,2.4299,2.4508,2.4661,2.4869000000000003,2.5260000000000002,2.5721000000000003,2.5915,2.632,2.6458,2.689,2.7222,2.7354000000000003,2.7607,2.793,2.8124000000000002,2.8280000000000003,2.8549,2.8804000000000003,2.9010000000000002,2.9282000000000004,2.9512,2.9838,3.0424,3.055,3.0817,3.1093,3.1359000000000004,3.1803000000000003,3.2070000000000003,3.2279,3.2451000000000003,3.2624,3.3041,3.3385000000000002,3.3480000000000003,3.3807,3.3916,3.4068,3.438,3.4570000000000003,3.4687,3.5037000000000003,3.5395000000000003,3.5695,3.5926,3.6224000000000003,3.6337,3.6580000000000004,3.6699,3.6824000000000003,3.6958,3.7248,3.7438000000000002,3.7639,3.8328,3.8458,3.8586,3.9026,3.9330000000000003,3.9913000000000003,4.0049,4.016,4.0385,4.066,4.0938,4.1052,4.1338,4.1638,4.1772,4.2112,4.2259,4.2744,4.3114,4.3369,4.365600000000001,4.390000000000001,4.399900000000001,4.426,4.4608,4.482600000000001,4.5202,4.5377,4.570600000000001,4.6036,4.6366000000000005,4.6511000000000005,4.6805,4.694500000000001,4.7232,4.7616000000000005,4.776400000000001,4.8109,4.8208,4.8532,4.8785,4.8964,4.9510000000000005,4.9688,4.9910000000000005
133845:0.42900000000000005,0.5572,0.6354000000000001,1.0938,1.4420000000000002,1.5089000000000001,1.5529000000000002,1.7311,2.2623,2.2786,2.6011,2.7348000000000003,2.846,2.8663000000000003,3.2171000000000003,3.4013,3.4815,3.8575000000000004,3.9472,4.6592,4.822500000000001,4.9759
134244:0.078,0.1573,0.2184,0.2564,0.2937,0.3381,0.3799,0.45830000000000004,0.5106,0.5601,0.6115,0.6764,0.7781,0.8779,0.9234,0.9524,1.0381,1.0983,1.1355,1.1805,1.2847,1.342,1.4073,1.4674,1.5095,1.5839,1.6398000000000001,1.7448000000000001,1.7903,1.8282,1.854,1.975,2.0946000000000002,2.1598,2.2101,2.2501,2.2917,2.4050000000000002,2.4597,2.5020000000000002,2.5591,2.6025,2.6449000000000003,2.6956,2.734,2.8139000000000003,2.8591,2.9592,3.0237000000000003,3.0864000000000003,3.1830000000000003,3.2557,3.3137000000000003,3.3865000000000003,3.4212000000000002,3.4484000000000004,3.5216000000000003,3.6188000000000002,3.6661,3.7225,3.7539000000000002,3.8212,3.8468,3.9128000000000003,3.9853,4.0524000000000004,4.1379,4.194500000000001,4.2785,4.3605,4.4373000000000005,4.478000000000001,4.5366,4.593100000000001,4.6765,4.7262,4.7873,4.8403,4.8882,4.9314,4.986800000000001
135560:0.5619000000000001,1.4253,2.738,2.8704,3.2143,3.3975,3.8543000000000003
135605:1.3457000000000001
135733:2.7421
135809:0.0134,0.0137,0.0472,0.051000000000000004,0.0648,0.0729,0.0852,0.0976,0.10070000000000001,0.1057,0.11950000000000001,0.1223,0.1259,0.1305,0.1464,0.1486,0.1759,0.17930000000000001,0.19390000000000002,0.196,0.20090000000000002,0.2011,0.20400000000000001,0.20500000000000002,0.20850000000000002,0.2139,0.23600000000000002,0.24250000000000002,0.2427,0.2442,0.2459,0.24860000000000002,0.25220000000000004,0.271,0.2722,0.27290000000000003,0.2765,0.2822,0.2837,0.2844,0.2847,0.2852,0.29460000000000003,0.32580000000000003,0.3292,0.336,0.3403,0.3433,0.3437,0.3472,0.34740000000000004,0.3509,0.3622,0.3664,0.367,0.37170000000000003,0.378,0.3788,0.3846,0.3905,0.4192,0.4287,0.4413,0.453,0.458,0.4697,0.4743,0.4751,0.4776,0.48100000000000004,0.4983,0.5025000000000001,0.5063,0.5109,0.5194,0.527,0.5278,0.5342,0.5358,0.5367000000000001,0.5539000000000001,0.5650000000000001,0.5788,0.5794,0.5880000000000001,0.6005,0.6143000000000001,0.6232,0.6297,0.6301,0.6307,0.6313000000000001,0.6337,0.6482,0.6584,0.6603,0.6647000000000001,0.6657000000000001,0.6837000000000001,0.6927,0.6956,0.6962,0.7053,0.7083,0.7088,0.7142000000000001,0.7195,0.7242000000000001,0.7288,0.7389,0.7448,0.7504000000000001,0.77,0.7744000000000001,0.7784000000000001,0.7788,0.7937000000000001,0.7991,0.8057000000000001,0.8082,0.8111,0.8156,0.8475,0.8513000000000001,0.8518,0.8536,0.8580000000000001,0.8585,0.861,0.8664000000000001,0.8683000000000001,0.8874000000000001,0.8911,0.903,0.9124,0.9329000000000001,0.9393,0.9427000000000001,0.9509000000000001,0.9577,0.9722000000000001,0.9725,0.9829,0.9885,0.9941000000000001,1.0014,1.0055,1.0073,1.0254,1.0303,1.0319,1.0456,1.0489,1.0594000000000001,1.0644,1.0943,1.0953000000000002,1.0963,1.097,1.1047,1.1053,1.1082,1.1197000000000001,1.1368,1.1394,1.1408,1.1484,1.1494,1.1587,1.1601000000000001,1.1703000000000001,1.1744,1.1813,1.1877,1.1947,1.2022000000000002,1.2119,1.2151,1.2301,1.2309,1.2336,1.2407000000000001,1.2454,1.252,1.2531,1.2555,1.2571,1.2588000000000001,1.2673,1.2695,1.2701,1.278,1.2808000000000002,1.2912000000000001,1.2996,1.3108,1.3135000000000001,1.3231000000000002,1.3254000000000001,1.3274000000000001,1.3323,1.3329,1.3711,1.3774,1.3798000000000001,1.3978000000000002,1.4063,1.4122000000000001,1.4137000000000002,1.4140000000000001,1.4142000000000001,1.4204,1.4271,1.4321000000000002,1.4332,1.4338,1.4362000000000001,1.4388,1.4446,1.4460000000000002,1.4514,1.4715,1.4794,1.4912,1.5037,1.508,1.5091,1.512,1.5355,1.5374,1.5585,1.5727,1.5858,1.5947,1.6114000000000002,1.623,1.6421000000000001,1.661,1.6614,1.6689,1.6755,1.6946,1.6989,1.705,1.7088,1.7124000000000001,1.7176,1.731,1.7315,1.7611,1.7675,1.7678,1.772,1.7772000000000001,1.7833,1.7911000000000001,1.7915,1.7918,1.8037,1.8132000000000001,1.8189000000000002,1.8366,1.8494000000000002,1.8588,1.8618000000000001,1.8625,1.867,1.8756000000000002,1.8779000000000001,1.8813000000000002,1.8954000000000002,1.8963,1.9069,1.9093,1.9203000000000001,1.9257000000000002,1.9259000000000002,1.9348,1.9373,1.9381000000000002,1.9502000000000002,1.9533,1.9580000000000002,1.961,1.9702000000000002,1.9858,1.9861000000000002,1.9983000000000002,2.0100000000000002,2.0102,2.0141,2.0197000000000003,2.0267,2.0316,2.0336000000000003,2.0643000000000002,2.0716,2.0734,2.0793,2.0836,2.0897,2.1056,2.1116,2.1181,2.1225,2.1358,2.1392,2.1484,2.1557,2.1564,2.1658,2.1696,2.1891000000000003,2.1949,2.2034000000000002,2.2065,2.2115,2.2175000000000002,2.2208,2.2229,2.2324,2.2345,2.2365,2.2390000000000003,2.2396000000000003,2.2494,2.2508,2.2526,2.2542,2.2553,2.2567,2.2600000000000002,2.2605,2.2761,2.2800000000000002,2.2806,2.2817000000000003,2.2827,2.2885,2.2975000000000003,2.2997,2.3003,2.3088,2.3134,2.3152,2.3228,2.3236000000000003,2.3252,2.3394,2.3503000000000003,2.3536,2.363,2.37,2.3847,2.3906,2.3997,2.4029000000000003,2.4053,2.4091,2.4148,2.44,2.4428,2.4453,2.4504,2.4521,2.4534000000000002,2.4564,2.4577,2.4745,2.4776000000000002,2.4792,2.484,2.4847,2.4890000000000003,2.4928,2.4962,2.4994,2.5089,2.5204,2.5402,2.5464,2.5608,2.5692,2.5721000000000003,2.5735,2.5838,2.585,2.5872,2.5874,2.5904000000000003,2.5924,2.5975,2.6064000000000003,2.6088,2.6176,2.6183,2.6415,2.6436,2.6458,2.6601,2.6655,2.6908000000000003,2.6967000000000003,2.6995,2.7142,2.7173000000000003,2.7178,2.728,2.7287000000000003,2.7341,2.7494,2.7612,2.7691000000000003,2.7727,2.781,2.7854,2.793,2.7977000000000003,2.8178,2.8348,2.8577000000000004,2.8605,2.8694,2.8715,2.8866,2.8878,2.8995,2.9036,2.9097,2.9131,2.9149000000000003,2.9332000000000003,2.9398,2.9455,2.9541,2.9653,2.9691,2.9773,2.9815,2.9853,2.9922,2.9995000000000003,3.0024,3.0077000000000003,3.0089,3.0206,3.0228,3.0237000000000003,3.0252000000000003,3.0289,3.0308,3.0336000000000003,3.0423,3.0428,3.0538000000000003,3.0564,3.0583,3.0622000000000003,3.0632,3.0894000000000004,3.0903,3.0968,3.116,3.1193,3.1198,3.1279000000000003,3.1368,3.1553,3.1637,3.1725000000000003,3.1749,3.1790000000000003,3.1822000000000004,3.1830000000000003,3.1834000000000002,3.1917,3.1977,3.2256,3.2325000000000004,3.2419000000000002,3.2432000000000003,3.2462,3.266,3.2777000000000003,3.2844,3.2998000000000003,3.3057000000000003,3.3133000000000004,3.3241,3.3341000000000003,3.3523,3.3761,3.3794,3.3836,3.3983000000000003,3.4003,3.4005,3.4067000000000003,3.4179000000000004,3.4338,3.4457,3.4521,3.4539,3.4656000000000002,3.4706,3.5393000000000003,3.5512,3.5518,3.5559000000000003,3.5572000000000004,3.5676,3.5879000000000003,3.5889,3.5922,3.6018000000000003,3.625,3.6255,3.6261,3.6324,3.6333,3.6367000000000003,3.6402,3.6415,3.657,3.6632000000000002,3.6645000000000003,3.6656,3.6688,3.6767000000000003,3.6849000000000003,3.6873,3.6922,3.7073,3.7122,3.7218,3.7379000000000002,3.7658,3.7701000000000002,3.7706000000000004,3.7779000000000003,3.7844,3.7861000000000002,3.7925,3.7946,3.7998000000000003,3.8044000000000002,3.8165,3.8256,3.8293000000000004,3.8364000000000003,3.8367,3.8374,3.8384,3.8468,3.85,3.8651,3.8709000000000002,3.875,3.8786,3.8873,3.8942,3.8971,3.8991000000000002,3.8999,3.9038000000000004,3.9139000000000004,3.9438,3.9446000000000003,3.9606000000000003,3.9732000000000003,3.9906,3.991,3.9956,4.0011,4.0181000000000004,4.019,4.0218,4.0229,4.0231,4.0311,4.0333000000000006,4.0396,4.0557,4.0612,4.0716,4.0833,4.0849,4.0955,4.1051,4.1254,4.1329,4.1459,4.149500000000001,4.1656,4.1676,4.168,4.1746,4.1778,4.1814,4.1841,4.186100000000001,4.1927,4.1974,4.2032,4.2058,4.2062,4.2128000000000005,4.228000000000001,4.23,4.2311000000000005,4.2313,4.2324,4.2335,4.2424,4.2529,4.2807,4.2837000000000005,4.2858,4.2866,4.2992,4.3011,4.323,4.3247,4.3423,4.3547,4.3556,4.362,4.373200000000001,4.3772,4.3804,4.3842,4.3931000000000004,4.396100000000001,4.4144000000000005,4.4166,4.4183,4.4218,4.4273,4.4312000000000005,4.446400000000001,4.449,4.4564,4.4645,4.473,4.482,4.482200000000001,4.4919,4.492500000000001,4.4974,4.5079,4.5120000000000005,4.5145,4.5389,4.5422,4.5471,4.5503,4.5521,4.5582,4.5595,4.5636,4.5769,4.5878000000000005,4.593,4.5966000000000005,4.6005,4.6088000000000005,4.611000000000001,4.6166,4.6173,4.6184,4.6265,4.6298,4.6315,4.6455,4.6508,4.6557,4.689500000000001,4.6961,4.6985,4.699800000000001,4.729900000000001,4.7351,4.7436,4.7596,4.7756,4.780200000000001,4.7813,4.7815,4.7895,4.8,4.8032,4.8108,4.8142000000000005,4.8285,4.8303,4.8493,4.8497,4.8499,4.8508000000000004,4.8712,4.8737,4.8761,4.8819,4.8832,4.9196,4.9241,4.9366,4.9388000000000005,4.954000000000001,4.9604,4.964,4.9739,4.9922,4.9994000000000005
136144:0.016,0.0434,0.06910000000000001,0.0994,0.1385,0.17400000000000002,0.2061,0.23700000000000002,0.2619,0.2785,0.2983,0.3315,0.3594,0.37770000000000004,0.4092,0.42400000000000004,0.44430000000000003,0.4712,0.48950000000000005,0.5163,0.5436,0.5588000000000001,0.5944,0.6179,0.6365000000000001,0.6752,0.6901,0.727,0.7484000000000001,0.8051,0.8299000000000001,0.8513000000000001,0.8697,0.9067000000000001,0.9282,0.9437000000000001,0.9699000000000001,1.0015,1.0304,1.0573000000000001,1.0815000000000001,1.0964,1.1155000000000002,1.1535,1.1746,1.1986,1.2275,1.2519,1.2745,1.3004,1.3362,1.3569,1.3841,1.4095,1.4328,1.4669,1.4913,1.5106000000000002,1.5312000000000001,1.5593000000000001,1.5794000000000001,1.616,1.6393,1.6720000000000002,1.7047,1.73,1.7537,1.7879,1.8124,1.8537000000000001,1.9132,1.9377000000000002,1.9562000000000002,1.9785000000000001,2.0136000000000003,2.0451,2.0651,2.1059,2.1321,2.1543,2.194,2.2277,2.2534,2.3186,2.3579000000000003,2.3879,2.4105000000000003,2.4371,2.4617,2.4963,2.5101,2.5334000000000003,2.5646,2.597,2.6192,2.6454,2.6752000000000002,2.6935000000000002,2.7141,2.7445,2.7693000000000003,2.8012,2.8266,2.8444000000000003,2.875,2.9122000000000003,2.9363,2.9594,3.0173,3.0422000000000002,3.069,3.0865,3.1057,3.1295,3.1497,3.1815,3.2085000000000004,3.2385,3.2836000000000003,3.3089,3.3353,3.3626,3.3908,3.4191000000000003,3.4392,3.462,3.4776000000000002,3.5021,3.5238,3.5497,3.5706,3.6014000000000004,3.6274,3.6449000000000003,3.6623,3.6901,3.7187,3.7397,3.7747,3.8071,3.8451,3.8677,3.8944,3.9167,3.934,3.9652000000000003,4.0083,4.03,4.048,4.0615000000000006,4.0926,4.121,4.1403,4.1717,4.192200000000001,4.2067000000000005,4.2495,4.2735,4.304600000000001,4.329000000000001,4.3471,4.3862000000000005,4.4215,4.4511,4.4836,4.5187,4.5494,4.5868,4.6142,4.6366000000000005,4.6709000000000005,4.6995000000000005,4.7254000000000005,4.7455,4.7938,4.8183,4.8485000000000005,4.8883,4.9103,4.9276,4.9593,4.9911
136180:0.0177,0.0315,0.0431,0.0606,0.083,0.09330000000000001,0.1095,0.1366,0.1516,0.1648,0.1885,0.2015,0.21810000000000002,0.23270000000000002,0.2524,0.27390000000000003,0.28300000000000003,0.3025,0.3163,0.3375,0.35100000000000003,0.3663,0.3851,0.4012,0.4141,0.4338,0.4525,0.46990000000000004,0.48100000000000004,0.4983,0.5155000000000001,0.5282,0.552,0.5694,0.5900000000000001,0.614,0.6299,0.6452,0.6639,0.6762,0.6907,0.7087,0.7249,0.7406,0.7542,0.7777000000000001,0.7936000000000001,0.8084,0.8270000000000001,0.8422000000000001,0.862,0.8753000000000001,0.896,0.9079,0.9233,0.9356000000000001,0.9497000000000001,0.9753000000000001,1.0009000000000001,1.0211000000000001,1.036,1.0553000000000001,1.073,1.0883,1.0998,1.1191,1.1381000000000001,1.1543,1.1672,1.1806,1.1999,1.2153,1.2364000000000002,1.2521,1.2695,1.2837,1.3097,1.3275000000000001,1.3397000000000001,1.3559,1.3727,1.3913,1.403,1.4240000000000002,1.4391,1.4575,1.4727000000000001,1.4858,1.502,1.5129000000000001,1.5343,1.5473000000000001,1.5622,1.5797,1.5987,1.6183,1.6435000000000002,1.6625,1.6893,1.7039000000000002,1.7338,1.7441,1.7670000000000001,1.7822,1.7987000000000002,1.8142,1.8284,1.8407,1.8543,1.8811,1.9003,1.9085,1.9213,1.9378000000000002,1.9539000000000002,1.9697,1.9848000000000001,2.0179,2.0396,2.0566,2.0806,2.1006,2.1186000000000003,2.1329000000000002,2.1531000000000002,2.1721,2.189,2.1987,2.2201,2.2367,2.2586,2.2746,2.2882000000000002,2.3069,2.3416,2.3529,2.3872,2.4013,2.4145000000000003,2.431,2.4472,2.4618,2.4746,2.498,2.5100000000000002,2.5278,2.5501,2.5620000000000003,2.5782000000000003,2.5934,2.6123000000000003,2.6253,2.6397,2.6581,2.677,2.6906000000000003,2.704,2.7167000000000003,2.7313,2.7484,2.7652,2.7862,2.8025,2.8182,2.8352,2.8499000000000003,2.8683,2.8839,2.9082000000000003,2.9313000000000002,2.9507000000000003,2.9728000000000003,2.9875000000000003,3.0081,3.0257,3.0437000000000003,3.0697,3.0831,3.1024000000000003,3.1224000000000003,3.1378000000000004,3.1551,3.1696,3.1822000000000004,3.2065,3.2177000000000002,3.2419000000000002,3.2615000000000003,3.2862,3.3088,3.3266,3.3501000000000003,3.3742,3.3887,3.4046000000000003,3.4212000000000002,3.4353000000000002,3.4469000000000003,3.4637000000000002,3.4777,3.4934000000000003,3.5064,3.5206,3.5336000000000003,3.5467,3.5685000000000002,3.5818000000000003,3.5998,3.6136000000000004,3.6293,3.6419,3.6588000000000003,3.672,3.6846,3.7028000000000003,3.7171000000000003,3.7304000000000004,3.7422,3.7582,3.7815000000000003,3.8018,3.8196000000000003,3.8341000000000003,3.8491,3.8627000000000002,3.8782,3.8966000000000003,3.9136,3.9480000000000004,3.9626,3.9783000000000004,3.9932000000000003,4.0238000000000005,4.0366,4.0511,4.0693,4.0939000000000005,4.1205,4.138,4.1552,4.1689,4.1846000000000005,4.210100000000001,4.231,4.2508,4.2702,4.2888,4.3086,4.331,4.3471,4.363,4.3790000000000004,4.4052,4.4218,4.4385,4.452,4.4659,4.4859,4.4999,4.5318000000000005,4.5438,4.5583,4.5689,4.5873,4.6026,4.6212,4.633,4.6525,4.673900000000001,4.6872,4.7065,4.7253,4.7416,4.7636,4.7855,4.7997000000000005,4.817,4.8378000000000005,4.8659,4.8875,4.903700000000001,4.9207,4.930000000000001,4.9495000000000005,4.9638,4.976100000000001,4.9904
136411:0.9540000000000001,3.7395
137072:0.2212,0.462,0.6772,0.9285,1.1333,1.3381,2.1856,2.2869,2.4396,2.8158000000000003,3.0285,3.4872,3.7560000000000002,4.4419,4.853800000000001
138067:0.0039000000000000003,0.004200000000000001,0.0054,0.007500000000000001,0.011300000000000001,0.011600000000000001,0.015600000000000001,0.023,0.028200000000000003,0.032,0.035500000000000004,0.0506,0.052500000000000005,0.054400000000000004,0.0579,0.059500000000000004,0.06430000000000001,0.0717,0.07390000000000001,0.0777,0.078,0.0916,0.09480000000000001,0.10550000000000001,0.1072,0.12300000000000001,0.12430000000000001,0.12890000000000001,0.1295,0.13570000000000002,0.1371,0.1437,0.1544,0.1642,0.1661,0.1724,0.1855,0.1922,0.2006,0.2015,0.20420000000000002,0.2064,0.2086,0.21430000000000002,0.224,0.2464,0.2674,0.2795,0.28600000000000003,0.2872,0.2907,0.3063,0.3098,0.329,0.3309,0.33230000000000004,0.3352,0.33840000000000003,0.34550000000000003,0.3538,0.3546,0.35750000000000004,0.3649,0.36610000000000004,0.37110000000000004,0.37410000000000004,0.3753,0.38070000000000004,0.382,0.3895,0.402,0.41200000000000003,0.4238,0.4302,0.43520000000000003,0.43770000000000003,0.442,0.4466,0.46180000000000004,0.46690000000000004,0.46880000000000005,0.47640000000000005,0.48090000000000005,0.4812,0.4943,0.4983,0.49920000000000003,0.4998,0.5152,0.5154,0.5351,0.5393,0.5404,0.5423,0.5455,0.5457000000000001,0.5488000000000001,0.555,0.5582,0.5754,0.5766,0.5777,0.5839,0.5857,0.6001000000000001,0.6024,0.6051000000000001,0.6129,0.6131,0.6158,0.6165,0.6239,0.6255000000000001,0.6266,0.6396000000000001,0.6461,0.6494,0.6505000000000001,0.6543,0.6787000000000001,0.6831,0.6839000000000001,0.6961,0.6970000000000001,0.6984,0.7039000000000001,0.7100000000000001,0.7156,0.7437,0.7484000000000001,0.756,0.7563000000000001,0.7703,0.8079000000000001,0.8095,0.8137000000000001,0.8184,0.8262,0.8402000000000001,0.8434,0.8615,0.872,0.8759,0.9027000000000001,0.911,0.9162,0.9248000000000001,0.9291,0.9302,0.9324,0.9351,0.9365,0.9372,0.9385,0.9406,0.9487000000000001,0.9571000000000001,0.9616,0.9682000000000001,0.9694,0.9732000000000001,0.9769000000000001,0.9845,0.9895,1.0110000000000001,1.0217,1.0276,1.0442,1.0475,1.0509,1.0563,1.0577,1.059,1.0695000000000001,1.0777,1.0803,1.0855000000000001,1.093,1.1006,1.1037000000000001,1.104,1.1102,1.1348,1.1356000000000002,1.1386,1.1532,1.1575,1.1666,1.1684,1.1869,1.1873,1.1877,1.1905000000000001,1.1912,1.1962000000000002,1.2038,1.2047,1.2064000000000001,1.2131,1.217,1.2304000000000002,1.2331,1.2364000000000002,1.2487000000000001,1.2509000000000001,1.2521,1.2615,1.2701,1.2809000000000001,1.2907,1.2933000000000001,1.2988,1.3173000000000001,1.318,1.3377000000000001,1.3439,1.3741,1.3752,1.3784,1.3815000000000002,1.3835000000000002,1.3841,1.3960000000000001,1.4011,1.4013,1.4065,1.4123,1.4128,1.4155,1.4221000000000001,1.423,1.4283000000000001,1.4320000000000002,1.4333,1.4353,1.4460000000000002,1.4763000000000002,1.4784000000000002,1.4834,1.4846000000000001,1.4902,1.4975,1.4978,1.5031,1.5090000000000001,1.5107000000000002,1.5227000000000002,1.5348000000000002,1.5356,1.5378,1.54,1.5413000000000001,1.5421,1.552,1.5636,1.5899,1.5945,1.5968,1.6328,1.6440000000000001,1.6542000000000001,1.6584,1.6639000000000002,1.6979000000000002,1.6982000000000002,1.6992,1.7057,1.7215,1.7229,1.7392,1.747,1.7584000000000002,1.7595,1.7652,1.7723,1.7775,1.7822,1.7887000000000002,1.7894,1.7945,1.814,1.8214000000000001,1.8248,1.8354000000000001,1.8442,1.8461,1.8716000000000002,1.8865,1.8924,1.9014000000000002,1.9126,1.9220000000000002,1.9245,1.9261000000000001,1.927,1.929,1.9318000000000002,1.9363000000000001,1.9382000000000001,1.9551,1.9716,1.9775,1.9805000000000001,2.003,2.0061,2.0126,2.0209,2.0239000000000003,2.0340000000000003,2.04,2.0464,2.0540000000000003,2.0633,2.0677000000000003,2.0708,2.0826000000000002,2.0908,2.0984000000000003,2.0996,2.1029,2.1071,2.1223,2.1359,2.1474,2.1532,2.1550000000000002,2.165,2.1683,2.1772,2.1857,2.2095000000000002,2.2356000000000003,2.2561,2.2697000000000003,2.2925,2.2929,2.2962000000000002,2.2985,2.302,2.3040000000000003,2.3048,2.3195,2.3238000000000003,2.3364000000000003,2.3582,2.3602000000000003,2.3651,2.3694,2.3721,2.3738,2.3793,2.3874,2.3909000000000002,2.3934,2.3955,2.4021,2.4036,2.404,2.4050000000000002,2.4062,2.4261,2.4263,2.4279,2.4356,2.4374000000000002,2.4396,2.4442,2.4485,2.4492000000000003,2.4604,2.4619,2.4679,2.4758,2.4813,2.4966,2.5124,2.517,2.5221,2.5258000000000003,2.5274,2.5441000000000003,2.5447,2.5554,2.5615,2.589,2.6161000000000003,2.6165000000000003,2.6184000000000003,2.6261,2.6271,2.6302000000000003,2.6321000000000003,2.6388000000000003,2.6685000000000003,2.6711,2.6739,2.6741,2.6748000000000003,2.684,2.6868000000000003,2.6951,2.6966,2.7027,2.7066000000000003,2.7355,2.7381,2.7405,2.7494,2.7579000000000002,2.7600000000000002,2.7652,2.7809,2.7896,2.7969,2.7975000000000003,2.8022,2.8033,2.8048,2.815,2.8231,2.8385000000000002,2.8435,2.8582,2.8615,2.8627000000000002,2.8682000000000003,2.8849,2.8948,2.895,2.8956,2.8963,2.8979,2.8994,2.9029000000000003,2.9162000000000003,2.9170000000000003,2.9213,2.9312,2.9384,2.9448000000000003,2.9459,2.9491,2.9584,2.966,2.9717000000000002,2.9749000000000003,2.9773,2.9785,2.99,3.0115000000000003,3.0161000000000002,3.0227,3.0291,3.0415,3.0500000000000003,3.0622000000000003,3.0712,3.0801000000000003,3.0836,3.0856000000000003,3.0864000000000003,3.1036,3.1089,3.1108000000000002,3.1195,3.1264000000000003,3.1270000000000002,3.1275,3.1311,3.1333,3.1444,3.1521000000000003,3.1576,3.1587,3.1802,3.1913,3.2012,3.2083000000000004,3.2116000000000002,3.2124,3.2157,3.23,3.2497000000000003,3.2526,3.2600000000000002,3.2711,3.2746,3.2775000000000003,3.2959,3.3143000000000002,3.3155,3.3255000000000003,3.3366000000000002,3.3374,3.3661000000000003,3.3784,3.3868,3.3917,3.3928000000000003,3.3969,3.3986,3.4202000000000004,3.4212000000000002,3.4276,3.4309000000000003,3.4493,3.4519,3.4567,3.4662,3.4686000000000003,3.4697,3.4712,3.4846000000000004,3.488,3.4922,3.4936000000000003,3.5087,3.5236,3.5247,3.5474,3.5678,3.5696000000000003,3.5813,3.5829,3.5852000000000004,3.5889,3.6075000000000004,3.6092,3.6172,3.6239000000000003,3.633,3.6333,3.6361000000000003,3.6455,3.6474,3.6478,3.6493,3.6504000000000003,3.6518,3.6572,3.6634,3.6652,3.6698000000000004,3.6749,3.6756,3.6863,3.7135000000000002,3.7163000000000004,3.7197,3.7207000000000003,3.7223,3.7225,3.7263,3.7298,3.73,3.7395,3.7414,3.7470000000000003,3.7482,3.7511,3.7549,3.7556000000000003,3.758,3.7636000000000003,3.7698,3.7753,3.7762000000000002,3.7874000000000003,3.7886,3.7971000000000004,3.7985,3.8178,3.8190000000000004,3.8352000000000004,3.8361,3.8389,3.8411000000000004,3.8493000000000004,3.8600000000000003,3.8675,3.8772,3.8809,3.8988,3.9027000000000003,3.9120000000000004,3.9307000000000003,3.9309000000000003,3.9324000000000003,3.9425000000000003,3.9578,3.9821,3.9902,4.0033,4.010400000000001,4.0204,4.0238000000000005,4.0253000000000005,4.0271,4.0321,4.032900000000001,4.0337000000000005,4.0372,4.0425,4.0439,4.0443,4.044700000000001,4.0452,4.0475,4.0485,4.0522,4.0595,4.0631,4.087400000000001,4.0884,4.0955,4.1006,4.102,4.1111,4.1142,4.115600000000001,4.1208,4.1281,4.133,4.133900000000001,4.1471,4.1473,4.154100000000001,4.1671000000000005,4.1968000000000005,4.1976,4.2057,4.2093,4.2104,4.2441,4.2443,4.2476,4.248,4.253,4.258,4.2738000000000005,4.2872,4.3083,4.3087,4.3119000000000005,4.3203000000000005,4.3321000000000005,4.3338,4.339700000000001,4.3535,4.355700000000001,4.3617,4.3711,4.3743,4.379300000000001,4.3847000000000005,4.3971,4.4081,4.4173,4.4344,4.4385,4.44,4.4419,4.4745,4.476100000000001,4.4771,4.4799,4.4828,4.4938,4.4965,4.4995,4.4998000000000005,4.5058,4.5134,4.5219000000000005,4.5266,4.5298,4.5345,4.5362,4.5385,4.5481,4.5556,4.556,4.561100000000001,4.5641,4.5739,4.5804,4.583600000000001,4.5886000000000005,4.5948,4.5951,4.6021,4.6028,4.6099000000000006,4.6222,4.6382,4.6414,4.6437,4.6684,4.6791,4.680400000000001,4.6850000000000005,4.6867,4.6891,4.6963,4.7252,4.734500000000001,4.736400000000001,4.7423,4.7641,4.7673000000000005,4.7861,4.8042,4.8081000000000005,4.8091,4.812600000000001,4.8239,4.8287,4.8439000000000005,4.8479,4.8632,4.8704,4.8843000000000005,4.8895,4.9055,4.907,4.9208,4.9229,4.9329,4.9355,4.937600000000001,4.9385,4.948,4.9626,4.9634,4.965,4.9713,4.9995
138286:1.325,3.0642