1700:0.5634
1811:0.2686,0.5265000000000001
2007:0.053500000000000006,0.1198,0.1343,0.1943,0.23700000000000002,0.3121,0.33230000000000004,0.3412,0.41000000000000003,0.516,0.6049,0.6319,0.7111000000000001,0.7264,0.7956000000000001,0.8341000000000001,0.8756,0.9072,0.925
2058:0.0634,0.1087,0.1496,0.255,0.3181,0.43770000000000003,0.5241,0.6035,0.6616000000000001,0.7343000000000001,0.7934,0.9118,0.9682000000000001
2439:0.2592
3498:0.0614,0.127,0.2033,0.31320000000000003,0.4179,0.5177,0.613,0.7223,0.8021,0.8424,0.8813000000000001,0.9136000000000001,0.9357000000000001
3938:0.13190000000000002
3959:0.0176,0.0349,0.0471,0.06470000000000001,0.08080000000000001,0.0976,0.11280000000000001,0.1246,0.1391,0.15430000000000002,0.16970000000000002,0.1855,0.1985,0.2124,0.22510000000000002,0.2379,0.2497,0.2665,0.2782,0.2893,0.3035,0.31620000000000004,0.3413,0.3522,0.3662,0.3801,0.3966,0.4092,0.4224,0.43410000000000004,0.44620000000000004,0.4621,0.47700000000000004,0.4908,0.5033,0.5158,0.5297000000000001,0.5408000000000001,0.5582,0.5701,0.5809000000000001,0.5942000000000001,0.609,0.6256,0.6408,0.6512,0.6669,0.6822,0.6939000000000001,0.7099000000000001,0.7225,0.7405,0.7554000000000001,0.7738,0.7848,0.7974,0.8137000000000001,0.8296,0.8424,0.8569,0.8703000000000001,0.884,0.8986000000000001,0.9127000000000001,0.9272,0.9425,0.9573,0.9719000000000001,0.9893000000000001
4353:0.0429,0.0519,0.0999,0.1227,0.185,0.1978,0.2109,0.22920000000000001,0.2571,0.3073,0.3336,0.3991,0.4098,0.4902,0.5078,0.5236000000000001,0.5927,0.6046,0.6202000000000001,0.6313000000000001,0.7030000000000001,0.7203,0.7896000000000001,0.8361000000000001,0.8645,0.906,0.9318000000000001,0.9507000000000001,0.9753000000000001
4477:0.0339,0.0477,0.0911,0.10840000000000001,0.11750000000000001,0.1413,0.17070000000000002,0.1824,0.18810000000000002,0.2154,0.2267,0.2343,0.2506,0.2691,0.2979,0.3089,0.32170000000000004,0.3322,0.3786,0.3947,0.4047,0.42700000000000005,0.45320000000000005,0.49670000000000003,0.5076,0.5196000000000001,0.5552,0.5909,0.6035,0.6217,0.6308,0.6783,0.6964,0.7058,0.7220000000000001,0.7339,0.7735000000000001,0.7905000000000001,0.7954,0.8305,0.8368,0.8540000000000001,0.8687,0.8875000000000001,0.9009,0.9144,0.9289000000000001,0.9620000000000001,0.9762000000000001,0.9809
4622:0.024800000000000003,0.0478,0.0907,0.12760000000000002,0.1587,0.21100000000000002,0.2388,0.28340000000000004,0.3306,0.3929,0.42200000000000004,0.48140000000000005,0.5031,0.5788,0.6191,0.6471,0.6998000000000001,0.7396,0.7828,0.8330000000000001,0.8722000000000001,0.9326000000000001,0.9620000000000001,0.9975
4690:0.0337,0.0613,0.09430000000000001,0.1491,0.1681,0.1807,0.2122,0.2189,0.24830000000000002,0.2893,0.3453,0.3617,0.3962,0.4298,0.45070000000000005,0.5066,0.5446,0.5813,0.606,0.651,0.6786,0.7171000000000001,0.7492000000000001,0.7824,0.8754000000000001,0.9052,0.9368000000000001,0.9689000000000001,0.9892000000000001
4963:0.1012,0.1817,0.261,0.7132000000000001,0.7543000000000001
6070:0.0507,0.12290000000000001,0.1426,0.1903,0.23750000000000002,0.256,0.3103,0.3371,0.4087,0.5122,0.5224,0.606,0.6343,0.7126,0.7345,0.7986000000000001,0.8385,0.8708,0.9071,0.9313,0.9839
6365:0.0485,0.0897,0.1449,0.1822,0.2262,0.2559,0.29760000000000003,0.40800000000000003,0.5032,0.6058,0.6298,0.7059000000000001,0.794,0.8542000000000001,0.9148000000000001,0.9738
6931:0.0601,0.10260000000000001,0.13870000000000002,0.1716,0.2531,0.2967,0.3287,0.4249,0.4612,0.5423,0.609,0.6588,0.7318,0.7522000000000001,0.7945,0.865,0.9374,0.9748
7413:0.0434,0.0998,0.1416,0.1801,0.22440000000000002,0.25220000000000004,0.3062,0.3335,0.3991,0.43870000000000003,0.5064000000000001,0.604,0.7022,0.741,0.7921,0.8408,0.8823000000000001,0.9083,0.9406,0.9764
7420:0.0358,0.048100000000000004,0.0952,0.117,0.129,0.18960000000000002,0.20350000000000001,0.22440000000000002,0.2388,0.255,0.3084,0.33080000000000004,0.39530000000000004,0.40540000000000004,0.41600000000000004,0.4859,0.5123,0.5239,0.5880000000000001,0.6027,0.6251,0.6364000000000001,0.7040000000000001,0.7255,0.7889,0.7968000000000001,0.8353,0.8635,0.8755000000000001,0.9069,0.9261,0.9451,0.9724,0.9903000000000001
8252:0.046700000000000005,0.1018,0.1223,0.1356,0.1822,0.2272,0.24810000000000001,0.2998,0.3204,0.33680000000000004,0.40080000000000005,0.43510000000000004,0.5052,0.5174,0.5326000000000001,0.6001000000000001,0.6213000000000001,0.6339,0.7035,0.7229,0.7896000000000001,0.8281000000000001,0.8456,0.8725,0.9008,0.9234,0.9726,0.9866
8297:0.043500000000000004,0.1075,0.1593,0.224,0.2601,0.3019,0.33490000000000003,0.38530000000000003,0.42960000000000004,0.5033,0.5502,0.6672,0.741,0.792,0.8588,0.9019,0.9447000000000001,0.9811000000000001
8391:0.0413,0.061900000000000004,0.1015,0.1615,0.2169,0.24750000000000003,0.2944,0.326,0.368,0.3904,0.4224,0.49610000000000004,0.5382,0.6102000000000001,0.6691,0.7024,0.7381000000000001,0.7917000000000001,0.8518,0.892,0.9345,0.9701000000000001
8401:0.055900000000000005,0.1008,0.139,0.1703,0.24960000000000002,0.2929,0.3234,0.42460000000000003,0.5024000000000001,0.5405,0.607,0.6574,0.7176,0.7367,0.7538,0.7896000000000001,0.8546,0.9021,0.9366000000000001,0.9722000000000001
8403:0.031200000000000002,0.1699,0.2446,0.5025000000000001,0.598,0.7467
8482:0.052000000000000005,0.059800000000000006,0.07200000000000001,0.0956,0.10250000000000001,0.11280000000000001,0.12390000000000001,0.1338,0.1428,0.1532,0.1651,0.1738,0.1822,0.22710000000000002,0.23900000000000002,0.2521,0.2605,0.27190000000000003,0.2822,0.29200000000000004,0.2993,0.30910000000000004,0.321,0.32880000000000004,0.38430000000000003,0.4066,0.42410000000000003,0.4328,0.44470000000000004,0.45470000000000005,0.5013000000000001,0.5137,0.5268,0.5397000000000001,0.5493,0.5922000000000001,0.6019,0.609,0.6169,0.6268,0.6347,0.6535000000000001,0.6616000000000001,0.6709,0.7114,0.7221000000000001,0.7314,0.7411,0.7474000000000001,0.7552,0.769,0.7826000000000001,0.7928000000000001,0.8046000000000001,0.8123,0.8252,0.8544,0.8625,0.9003,0.9113,0.9218000000000001,0.9342,0.9426,0.9537,0.9693,0.9764,0.9887
8797:0.1306
8798:0.10160000000000001,0.1758,0.2555,0.3919,0.46430000000000005,0.5526,0.6217,0.7426,0.8156,0.9004000000000001
8840:0.050300000000000004,0.1066,0.12200000000000001,0.18080000000000002,0.19190000000000002,0.2298,0.24250000000000002,0.2755,0.3111,0.3341,0.3972,0.41390000000000005,0.4595,0.5104000000000001,0.5246000000000001,0.6038,0.6331,0.7015,0.7189,0.7405,0.7927000000000001,0.8412000000000001,0.8738,0.9058,0.9337000000000001,0.9756,0.9854
9257:0.040600000000000004,0.051800000000000006,0.0926,0.1047,0.1207,0.1323,0.18730000000000002,0.2034,0.2275,0.24330000000000002,0.2569,0.30810000000000004,0.3276,0.34,0.4001,0.40890000000000004,0.4203,0.49060000000000004,0.5112,0.5216000000000001,0.5294,0.599,0.6093000000000001,0.6294000000000001,0.7021000000000001,0.7116,0.7294,0.7864,0.7966000000000001,0.8374,0.8625,0.8727,0.8813000000000001,0.9085000000000001,0.9222,0.9326000000000001,0.9506,0.9768,0.9977
9507:0.11370000000000001,0.16190000000000002,0.2906,0.33180000000000004,0.4529,0.537,0.6156,0.6721,0.7399,0.799,0.9333,0.9760000000000001
9522:0.3317,0.524,0.6317,0.8798
9645:0.038400000000000004,0.0522,0.0961,0.1192,0.1365,0.1726,0.19,0.2185,0.23020000000000002,0.24400000000000002,0.25930000000000003,0.3,0.3141,0.332,0.3972,0.41100000000000003,0.4302,0.49060000000000004,0.5062,0.518,0.5933,0.605,0.6258,0.6399,0.6970000000000001,0.7109000000000001,0.7283000000000001,0.7841,0.7961,0.8346,0.8484,0.8672000000000001,0.8801,0.9043,0.9213,0.9384,0.9678,0.9789
9913:0.038,0.054900000000000004,0.09910000000000001,0.1391,0.1721,0.192,0.2235,0.25120000000000003,0.3018,0.3305,0.3946,0.4323,0.45940000000000003,0.5068,0.5495,0.6039,0.6325000000000001,0.6882,0.7142000000000001,0.7438,0.7902,0.8387,0.8801,0.9066000000000001,0.9398000000000001,0.9742000000000001
10133:0.0402,0.093,0.1241,0.1618,0.2073,0.2341,0.2619,0.2861,0.3047,0.3471,0.3672,0.40940000000000004,0.4293,0.451,0.5008,0.5257000000000001,0.5426,0.5727,0.5971000000000001,0.6442,0.6743,0.7025,0.7405,0.7676000000000001,0.7902,0.8386,0.8635,0.8905000000000001,0.9287000000000001,0.9652000000000001
10355:0.0175,0.0413,0.1067,0.1555,0.1759,0.22,0.2436,0.278,0.31620000000000004,0.3829,0.4052,0.42400000000000004,0.4782,0.4988,0.5753,0.6397,0.6586000000000001,0.7032,0.7799,0.8013,0.8462000000000001,0.8951,0.9558000000000001,0.9952000000000001
10654:0.0835,0.2908,0.9701000000000001
10680:0.034,0.0599,0.0945,0.1043,0.1507,0.1701,0.1804,0.22110000000000002,0.251,0.29300000000000004,0.3269,0.377,0.3957,0.42510000000000003,0.4964,0.5065000000000001,0.5439,0.5880000000000001,0.6107,0.6634,0.7016,0.7385,0.7855000000000001,0.811,0.8540000000000001,0.8957,0.9357000000000001,0.9730000000000001
10689:0.0922,0.16590000000000002,0.2245,0.2586,0.3947,0.5035000000000001,0.7046,0.7448,0.7953,0.9791000000000001
11131:0.1743,0.3256,0.6133000000000001,0.7379,0.8101
11303:0.0502,0.1207,0.136,0.18680000000000002,0.23450000000000001,0.254,0.30810000000000004,0.33080000000000004,0.4053,0.43660000000000004,0.5092,0.5248,0.6034,0.6292,0.7102,0.7306,0.7964,0.8362,0.8631000000000001,0.9048,0.9378000000000001,0.9812000000000001
11600:0.060700000000000004,0.0697,0.1068,0.116,0.12480000000000001,0.1351,0.1459,0.1524,0.1607,0.1774,0.2555,0.26880000000000004,0.29150000000000004,0.3038,0.32130000000000003,0.3375,0.40090000000000003,0.4325,0.5194,0.6018,0.6109,0.6164000000000001,0.6252,0.6358,0.6539,0.7341000000000001,0.7421,0.7563000000000001,0.7675000000000001,0.7906000000000001,0.803,0.9402,0.9473,0.9652000000000001,0.9760000000000001,0.9838
11604:0.0653,0.10990000000000001,0.1759,0.2544,0.29510000000000003,0.4234,0.5828,0.6195,0.748,0.804,0.9687
12494:0.0053,0.0166,0.019100000000000002,0.023,0.0315,0.032100000000000004,0.043000000000000003,0.0441,0.048600000000000004,0.054200000000000005,0.0589,0.062,0.0623,0.0734,0.0994,0.11220000000000001,0.1212,0.128,0.13770000000000002,0.1389,0.14120000000000002,0.1447,0.1481,0.1602,0.1777,0.1904,0.1932,0.2106,0.2114,0.22210000000000002,0.2313,0.23290000000000002,0.2462,0.2469,0.2539,0.2549,0.2577,0.2662,0.2696,0.2936,0.3062,0.3164,0.3242,0.3266,0.3307,0.33390000000000003,0.3355,0.3371,0.3447,0.3896,0.3916,0.3952,0.4062,0.42150000000000004,0.42300000000000004,0.4268,0.4324,0.45080000000000003,0.45370000000000005,0.4539,0.459,0.4631,0.5075000000000001,0.5353,0.5393,0.5414,0.555,0.5581,0.5664,0.5690000000000001,0.5748,0.5765,0.5928,0.6012000000000001,0.6025,0.6066,0.6159,0.6177,0.6201,0.6349,0.64,0.6561,0.658,0.6616000000000001,0.6633,0.6732,0.6748000000000001,0.6782,0.684,0.6906,0.6984,0.7060000000000001,0.7081000000000001,0.7098,0.7121000000000001,0.7172000000000001,0.7347,0.7363000000000001,0.7389,0.7431,0.7455,0.7522000000000001,0.7609,0.7695000000000001,0.7813,0.7816000000000001,0.7843,0.7996000000000001,0.8076,0.8084,0.8151,0.8213,0.8236,0.8386,0.8430000000000001,0.8552000000000001,0.8562000000000001,0.8582000000000001,0.869,0.8819,0.8827,0.9035000000000001,0.9047000000000001,0.9056000000000001,0.912,0.9214,0.9292,0.9297000000000001,0.9411,0.9445,0.9467000000000001,0.9482,0.9507000000000001,0.9555,0.9563,0.9648,0.9659000000000001,0.9752000000000001,0.9801000000000001,0.9967
12790:0.10250000000000001,0.7416
12910:0.046,0.0538,0.0592,0.11420000000000001,0.1285,0.187,0.22160000000000002,0.2358,0.2817,0.3114,0.31880000000000003,0.34700000000000003,0.3663,0.3975,0.4108,0.4168,0.42560000000000003,0.46190000000000003,0.47140000000000004,0.5132,0.5673,0.6041000000000001,0.6166,0.6381,0.7074,0.7404000000000001,0.7849,0.8013,0.8359000000000001,0.8470000000000001,0.8776,0.9087000000000001,0.9388000000000001,0.9784
13391:0.049,0.0742,0.1446,0.25220000000000004,0.42650000000000005,0.5037,0.6089,0.7086,0.7378,0.7932,0.9398000000000001
13607:0.10590000000000001,0.1746,0.2564,0.3251,0.458,0.6135,0.7354,0.8084,0.9780000000000001
13840:0.12380000000000001,0.2374,0.3089,0.5138,0.6318,0.7353000000000001,0.8707,0.908
14047:0.0224,0.0412,0.050300000000000004,0.0819,0.0925,0.1,0.1232,0.1323,0.1598,0.1675,0.17450000000000002,0.20040000000000002,0.2126,0.2356,0.24450000000000002,0.2767,0.2841,0.3012,0.3176,0.3492,0.3668,0.38720000000000004,0.4076,0.4133,0.43660000000000004,0.4449,0.4521,0.48050000000000004,0.4884,0.5109,0.5336000000000001,0.5576,0.5734,0.5842,0.6003000000000001,0.6093000000000001,0.6342,0.646,0.6674,0.6873,0.6976,0.7214,0.7312000000000001,0.7372000000000001,0.7622,0.7784000000000001,0.7936000000000001,0.8062,0.8371000000000001,0.8476,0.8698,0.8884000000000001,0.9153,0.929,0.9527,0.9665,0.9906
14227:0.09280000000000001,0.1691,0.2278,0.3305,0.4324,0.7471,0.9680000000000001
14415:0.25730000000000003,0.5298,0.9223
14485:0.0362,0.054200000000000005,0.101,0.1232,0.1809,0.2232,0.2406,0.3047,0.39780000000000004,0.49710000000000004,0.5123,0.5864,0.6057,0.628,0.7041000000000001,0.7902,0.8351000000000001,0.8635,0.9078,0.9440000000000001,0.9704
14630:0.32120000000000004,0.5307000000000001
14770:0.0499,0.099,0.1584,0.22130000000000002,0.31320000000000003,0.4036,0.47840000000000005,0.6547000000000001,0.7503000000000001,0.8466,0.9171,0.9806
14842:0.0032,0.0092,0.015600000000000001,0.025500000000000002,0.0292,0.0335,0.0347,0.0379,0.047,0.061900000000000004,0.0661,0.06670000000000001,0.0721,0.0791,0.0824,0.0867,0.09620000000000001,0.09960000000000001,0.1012,0.10450000000000001,0.11560000000000001,0.1306,0.1466,0.1469,0.1492,0.15,0.15380000000000002,0.15610000000000002,0.1635,0.1666,0.1686,0.1705,0.17270000000000002,0.1862,0.1942,0.1952,0.2127,0.2167,0.21710000000000002,0.21780000000000002,0.2194,0.22560000000000002,0.2511,0.25170000000000003,0.2535,0.2558,0.27290000000000003,0.2916,0.3022,0.3044,0.3073,0.308,0.3477,0.3619,0.36250000000000004,0.37720000000000004,0.395,0.396,0.401,0.4027,0.4032,0.41960000000000003,0.4398,0.44870000000000004,0.4595,0.4647,0.468,0.4698,0.48000000000000004,0.4858,0.48660000000000003,0.4892,0.49420000000000003,0.5113,0.5169,0.5197,0.5241,0.5243,0.5315,0.5338,0.5472,0.5476,0.5619000000000001,0.5732,0.5764,0.6012000000000001,0.61,0.6191,0.6295000000000001,0.6344000000000001,0.6399,0.6411,0.6419,0.6427,0.6528,0.6555000000000001,0.6673,0.6743,0.683,0.6968000000000001,0.7087,0.7113,0.7168,0.7307,0.732,0.7381000000000001,0.7446,0.7448,0.7703,0.7752,0.7863,0.7927000000000001,0.8054,0.8122,0.8145,0.8291000000000001,0.8320000000000001,0.8349000000000001,0.8388,0.8408,0.8424,0.8512000000000001,0.8608,0.8615,0.8638,0.8664000000000001,0.8734000000000001,0.8771,0.8999,0.9035000000000001,0.9122,0.9158000000000001,0.9430000000000001,0.9441,0.9529000000000001,0.9660000000000001,0.9727,0.9778,0.9838,0.9885,0.9893000000000001,0.9922000000000001,0.993,0.9942000000000001
14917:0.0223,0.039400000000000004,0.051500000000000004,0.07970000000000001,0.0954,0.1247,0.13490000000000002,0.15810000000000002,0.1703,0.2023,0.21280000000000002,0.23270000000000002,0.24450000000000002,0.2805,0.2919,0.3069,0.3169,0.33290000000000003,0.3493,0.3649,0.3839,0.4133,0.43420000000000003,0.449,0.48650000000000004,0.49400000000000005,0.5086,0.531,0.5398000000000001,0.5727,0.5831000000000001,0.5983,0.6095,0.644,0.6647000000000001,0.6847000000000001,0.6984,0.7197,0.7372000000000001,0.7753,0.7894,0.8041,0.8348,0.8481000000000001,0.8668,0.886,0.8963000000000001,0.927,0.9447000000000001,0.9544,0.9679000000000001,0.9904000000000001
15166:0.267,0.5268
15574:0.048400000000000006,0.06420000000000001,0.1179,0.1373,0.1899,0.23320000000000002,0.24550000000000002,0.3075,0.32530000000000003,0.40130000000000005,0.4176,0.4898,0.512,0.5217,0.601,0.6298,0.7078,0.7293000000000001,0.7957000000000001,0.8372,0.8726,0.9032,0.9153,0.9327000000000001,0.9808
15635:0.0246,0.0366,0.044500000000000005,0.051800000000000006,0.0702,0.0829,0.0931,0.1043,0.1173,0.13040000000000002,0.14200000000000002,0.1595,0.17250000000000001,0.1814,0.1957,0.215,0.226,0.2434,0.2519,0.2672,0.28700000000000003,0.3005,0.319,0.333,0.35660000000000003,0.3796,0.3942,0.4037,0.4204,0.4272,0.44380000000000003,0.45520000000000005,0.4661,0.4858,0.49810000000000004,0.5085000000000001,0.5151,0.5323,0.5452,0.5557,0.5808,0.5996,0.6088,0.6224000000000001,0.6455000000000001,0.6559,0.6734,0.6855,0.6996,0.7133,0.7235,0.7396,0.7473000000000001,0.7711,0.7856000000000001,0.7924,0.8065,0.8164,0.8317,0.8489,0.8588,0.8751,0.8863000000000001,0.9006000000000001,0.9127000000000001,0.9318000000000001,0.9391,0.9608000000000001,0.9684,0.9769000000000001,0.9965
15828:0.1037,0.1433,0.17830000000000001,0.25470000000000004,0.32430000000000003,0.45730000000000004,0.5422,0.6125,0.7339,0.7956000000000001,0.9372,0.9794
16042:0.06420000000000001,0.1085,0.1361,0.1539,0.17830000000000001,0.2571,0.29400000000000004,0.3219,0.43810000000000004,0.5257000000000001,0.6044,0.6246,0.7342000000000001,0.7516,0.7932,0.8331000000000001,0.9351,0.9538000000000001,0.9768
17064:0.0499,0.1149,0.14150000000000001,0.1902,0.23140000000000002,0.3069,0.3156,0.3345,0.4088,0.5115000000000001,0.5197,0.6009,0.6105,0.6273000000000001,0.7064,0.7244,0.793,0.8337,0.873,0.9024000000000001,0.9142,0.9785
18141:0.0519,0.09960000000000001,0.1448,0.17450000000000002,0.2212,0.2505,0.2943,0.3249,0.4182,0.45580000000000004,0.49720000000000003,0.5815,0.6514,0.7016,0.7398,0.7918000000000001,0.8519,0.8983000000000001,0.9696
18204:0.0375,0.057800000000000004,0.10010000000000001,0.1076,0.14250000000000002,0.1693,0.22080000000000002,0.2503,0.2605,0.2953,0.3199,0.33140000000000003,0.37720000000000004,0.3957,0.42760000000000004,0.4516,0.49510000000000004,0.5065000000000001,0.5421,0.5877,0.6128,0.6553,0.6709,0.7028,0.7382000000000001,0.7455,0.7895000000000001,0.8099000000000001,0.8568,0.8954000000000001,0.9363,0.9669000000000001,0.9801000000000001
18357:0.8569,0.9791000000000001
18857:0.0422,0.059000000000000004,0.09230000000000001,0.1199,0.1393,0.18080000000000002,0.21100000000000002,0.2441,0.2987,0.3292,0.4092,0.5011,0.5157,0.5295,0.6011000000000001,0.6258,0.7115,0.7512000000000001,0.798,0.8514,0.8827,0.9161,0.9724
18900:0.0584,0.1017,0.1405,0.1705,0.2509,0.2933,0.3241,0.4264,0.5396000000000001,0.6078,0.6593,0.7325,0.7501,0.79,0.8559,0.935,0.9733
19388:0.0378,0.0671,0.10010000000000001,0.1325,0.1595,0.19840000000000002,0.231,0.2565,0.2892,0.3491,0.4199,0.4474,0.5042,0.5395,0.5978,0.6448,0.6817000000000001,0.7128,0.7535000000000001,0.7906000000000001,0.8550000000000001,0.8843000000000001,0.936,0.9625,0.9998
20215:0.5261
21091:0.128,0.23650000000000002,0.3178,0.4213,0.5281,0.6072000000000001,0.7147,0.8403,0.9096000000000001,0.9868
21384:0.0528,0.12760000000000002,0.19260000000000002,0.2351,0.2808,0.3176,0.40030000000000004,0.46900000000000003,0.516,0.6104,0.6416000000000001,0.8015,0.8477,0.9124,0.9814
21518:0.010400000000000001,0.0223,0.035,0.047900000000000005,0.0589,0.06810000000000001,0.0794,0.0906,0.1075,0.1187,0.131,0.1419,0.1511,0.1709,0.18530000000000002,0.1943,0.21280000000000002,0.2248,0.2398,0.2495,0.2612,0.2756,0.2864,0.2995,0.3139,0.3325,0.3421,0.3563,0.3718,0.38530000000000003,0.3976,0.4163,0.4233,0.43920000000000003,0.451,0.4621,0.4796,0.49470000000000003,0.5121,0.5261,0.5382,0.5468000000000001,0.5701,0.5782,0.5948,0.606,0.6198,0.6427,0.6513,0.664,0.6738000000000001,0.6869000000000001,0.7005,0.7112,0.7337,0.7433000000000001,0.751,0.7728,0.7829,0.8009000000000001,0.8122,0.8290000000000001,0.8454,0.8578,0.8716,0.8852000000000001,0.9002,0.9087000000000001,0.9211,0.9327000000000001,0.9494,0.9612,0.9741000000000001,0.9869,0.996
21989:0.3285,0.8500000000000001
22351:0.1227,0.31820000000000004,0.8432000000000001,0.9815
22452:0.0511,0.1008,0.1713,0.2462,0.3189,0.4156,0.49150000000000005,0.5766,0.6489,0.6999000000000001,0.7805000000000001,0.8499,0.9318000000000001
22854:0.0521,0.23170000000000002,0.4098,0.9832000000000001
23353:0.2665,0.5262
23354:0.0419,0.08460000000000001,0.1242,0.1615,0.2111,0.24450000000000002,0.2842,0.3164,0.36710000000000004,0.4081,0.43720000000000003,0.47950000000000004,0.5324,0.5726,0.5997,0.6449,0.6895,0.7228,0.7615000000000001,0.7932,0.8454,0.8875000000000001,0.9275,0.9671000000000001
24296:0.5261
24441:0.19540000000000002,0.24500000000000002,0.34440000000000004,0.6425000000000001,0.9900000000000001
24594:0.0376,0.0466,0.0523,0.0611,0.0898,0.0981,0.1073,0.11620000000000001,0.1227,0.1285,0.13540000000000002,0.17450000000000002,0.1834,0.1904,0.2031,0.2182,0.2253,0.2358,0.24600000000000002,0.2549,0.2735,0.2973,0.3044,0.3126,0.3242,0.33290000000000003,0.3714,0.396,0.406,0.41910000000000003,0.4333,0.48810000000000003,0.49510000000000004,0.5039,0.5104000000000001,0.5176000000000001,0.5251,0.5880000000000001,0.5985,0.6058,0.614,0.6256,0.6312,0.6886,0.6963,0.7071000000000001,0.7144,0.7265,0.7363000000000001,0.7816000000000001,0.7887000000000001,0.7969,0.8316,0.8393,0.8494,0.8603000000000001,0.8707,0.8808,0.8953000000000001,0.9032,0.9114000000000001,0.9178000000000001,0.9288000000000001,0.9648,0.9733,0.9787
24757:0.3196,0.6413,0.8472000000000001,0.9185000000000001
25084:0.1042,0.3271,0.7387
25808:0.0274,0.046900000000000004,0.054200000000000005,0.0658,0.0826,0.093,0.1009,0.1267,0.1395,0.158,0.1685,0.1758,0.203,0.2167,0.23290000000000002,0.24650000000000002,0.2538,0.2782,0.2899,0.2969,0.31620000000000004,0.3246,0.3564,0.37110000000000004,0.3924,0.4103,0.42210000000000003,0.4325,0.449,0.4601,0.48560000000000003,0.49660000000000004,0.513,0.5363,0.5435,0.5777,0.5852,0.6025,0.6133000000000001,0.6334000000000001,0.6509,0.6638000000000001,0.6773,0.6962,0.7035,0.7212000000000001,0.7382000000000001,0.7516,0.7706000000000001,0.7822,0.7911,0.8008000000000001,0.8106,0.8253,0.8496,0.8618,0.8738,0.894,0.9075000000000001,0.921,0.9348000000000001,0.9578000000000001,0.9689000000000001,0.9782000000000001,0.9977
26115:0.0159,0.029300000000000003,0.0425,0.053500000000000006,0.0663,0.08320000000000001,0.097,0.10940000000000001,0.12250000000000001,0.13570000000000002,0.1471,0.1585,0.1743,0.18730000000000002,0.2,0.21330000000000002,0.2252,0.23570000000000002,0.2477,0.2635,0.2773,0.28800000000000003,0.3009,0.31420000000000003,0.33140000000000003,0.34500000000000003,0.3592,0.36910000000000004,0.38370000000000004,0.4011,0.4136,0.4244,0.43620000000000003,0.45030000000000003,0.4652,0.4761,0.4912,0.5026,0.5138,0.5305,0.5422,0.5577,0.5696,0.5802,0.5922000000000001,0.6034,0.6165,0.6342,0.6459,0.6583,0.6727000000000001,0.6899000000000001,0.7028,0.7146,0.7316,0.7448,0.7566,0.7715000000000001,0.7844,0.7946000000000001,0.8055,0.8225,0.8355,0.8472000000000001,0.8598,0.8751,0.8868,0.9025000000000001,0.9128000000000001,0.9251,0.9385,0.9508000000000001,0.9620000000000001,0.9747,0.9871000000000001
27383:0.042,0.051800000000000006,0.1003,0.1188,0.1325,0.1837,0.1957,0.226,0.23800000000000002,0.253,0.2617,0.30310000000000004,0.3138,0.3279,0.3382,0.3981,0.4102,0.4354,0.48710000000000003,0.5093,0.5189,0.5289,0.5910000000000001,0.6049,0.6274000000000001,0.6972,0.7077,0.7240000000000001,0.7875000000000001,0.7978000000000001,0.8332,0.8481000000000001,0.8663000000000001,0.878,0.9005000000000001,0.9105000000000001,0.9282,0.9474,0.9751000000000001,0.9908
28756:0.0463,0.0563,0.1211,0.137,0.20550000000000002,0.231,0.24580000000000002,0.2607,0.3106,0.33280000000000004,0.4098,0.43770000000000003,0.5125000000000001,0.5306000000000001,0.6046,0.6288,0.7112,0.7311000000000001,0.8019000000000001,0.8401000000000001,0.8696,0.8824000000000001,0.9092,0.9312,0.9901000000000001
28757:0.045700000000000005,0.057100000000000005,0.0988,0.1287,0.182,0.1932,0.22310000000000002,0.2396,0.26480000000000004,0.29560000000000003,0.3119,0.3254,0.3564,0.3729,0.40340000000000004,0.4224,0.4359,0.47740000000000005,0.5046,0.5146000000000001,0.5809000000000001,0.6063000000000001,0.6209,0.6326,0.6986,0.7114,0.7263000000000001,0.7841,0.8219000000000001,0.8373,0.8523000000000001,0.8688,0.8953000000000001,0.907,0.9238000000000001,0.9695
28825:0.0017000000000000001,0.0097,0.019200000000000002,0.028800000000000003,0.030100000000000002,0.0357,0.0359,0.0412,0.056,0.061000000000000006,0.075,0.0781,0.08320000000000001,0.08510000000000001,0.096,0.0975,0.1092,0.1148,0.1213,0.1385,0.1446,0.1484,0.1558,0.16340000000000002,0.1824,0.18330000000000002,0.20420000000000002,0.2074,0.2109,0.21760000000000002,0.21930000000000002,0.22820000000000001,0.2336,0.2378,0.24080000000000001,0.2459,0.26180000000000003,0.2625,0.2652,0.2681,0.26980000000000004,0.2751,0.2822,0.2851,0.28550000000000003,0.2881,0.299,0.3069,0.3158,0.3415,0.3417,0.3498,0.36660000000000004,0.37070000000000003,0.3911,0.395,0.40090000000000003,0.40140000000000003,0.4334,0.4501,0.45990000000000003,0.4602,0.4635,0.48250000000000004,0.48500000000000004,0.4854,0.4918,0.5008,0.5154,0.5265000000000001,0.5288,0.5395,0.5406000000000001,0.5518000000000001,0.5523,0.5548000000000001,0.5575,0.5587,0.5665,0.5671,0.5730000000000001,0.5870000000000001,0.5932000000000001,0.5972000000000001,0.6555000000000001,0.6647000000000001,0.6731,0.6742,0.6823,0.6879000000000001,0.6885,0.6910000000000001,0.7025,0.7087,0.7092,0.7153,0.7186,0.7289,0.7448,0.7537,0.7574000000000001,0.7674000000000001,0.7696000000000001,0.7698,0.7747,0.7897000000000001,0.8012,0.8074,0.8128000000000001,0.8145,0.8182,0.8227,0.8266,0.8278000000000001,0.8324,0.8358,0.8413,0.8439000000000001,0.8504,0.8532000000000001,0.8573000000000001,0.8586,0.8655,0.8729,0.8732000000000001,0.8741,0.8836,0.8847,0.8865000000000001,0.8905000000000001,0.9041,0.9076000000000001,0.9097000000000001,0.9117000000000001,0.9461,0.9582,0.9605,0.9615,0.9800000000000001,0.9837,0.9921000000000001,0.9939,0.9951000000000001,0.9979
29281:0.0007,0.007200000000000001,0.0135,0.0164,0.0264,0.028200000000000003,0.057100000000000005,0.061200000000000004,0.0629,0.07980000000000001,0.08950000000000001,0.09670000000000001,0.0976,0.0984,0.1223,0.1386,0.1461,0.1529,0.155,0.1577,0.1579,0.16140000000000002,0.1695,0.1778,0.1814,0.19190000000000002,0.20520000000000002,0.22080000000000002,0.22460000000000002,0.2265,0.2272,0.2303,0.23120000000000002,0.232,0.23450000000000001,0.23750000000000002,0.24350000000000002,0.2441,0.26080000000000003,0.2914,0.3029,0.3084,0.3111,0.3119,0.31570000000000004,0.3277,0.3279,0.33890000000000003,0.3547,0.3653,0.3703,0.37720000000000004,0.3791,0.3808,0.389,0.39590000000000003,0.4016,0.4036,0.4121,0.4183,0.42560000000000003,0.42860000000000004,0.447,0.4556,0.4667,0.47190000000000004,0.4731,0.4733,0.49420000000000003,0.4944,0.4949,0.49510000000000004,0.496,0.49820000000000003,0.49960000000000004,0.5057,0.5375,0.5444,0.5482,0.5559000000000001,0.5632,0.5774,0.5823,0.5929,0.5953,0.5969,0.6018,0.6143000000000001,0.6198,0.6297,0.633,0.6349,0.6367,0.6374000000000001,0.6443,0.6463,0.6632,0.6694,0.6937,0.7027,0.7104,0.7124,0.7309,0.735,0.7375,0.743,0.7541,0.7574000000000001,0.761,0.7649,0.7677,0.7756000000000001,0.7822,0.7848,0.7957000000000001,0.7976000000000001,0.7982,0.8029000000000001,0.8158000000000001,0.8180000000000001,0.8212,0.8283,0.8352,0.8430000000000001,0.8484,0.8533000000000001,0.8877,0.8912,0.8942,0.9143,0.9168000000000001,0.9239,0.9256000000000001,0.935,0.9353,0.9425,0.9530000000000001,0.9537,0.9554,0.9562,0.9631000000000001,0.9727
31058:0.0591,0.17900000000000002,0.22710000000000002,0.2589,0.3297,0.5041,0.7392000000000001,0.9002
31094:0.057300000000000004,0.13540000000000002,0.252,0.42360000000000003,0.5273,0.7220000000000001,0.9103,0.9359000000000001
31315:0.046700000000000005,0.0579,0.1107,0.1265,0.1767,0.1905,0.2273,0.2431,0.2595,0.30260000000000004,0.32020000000000004,0.3341,0.39790000000000003,0.4136,0.43810000000000004,0.5036,0.5164,0.5298,0.5967,0.609,0.63,0.6991,0.7145,0.7304,0.7843,0.7977000000000001,0.8358,0.8568,0.8749,0.9004000000000001,0.9118,0.9311,0.9746,0.9842000000000001
31475:0.021,0.038,0.051500000000000004,0.0663,0.0879,0.10360000000000001,0.1169,0.1306,0.14750000000000002,0.1663,0.1854,0.2084,0.22260000000000002,0.2412,0.2551,0.2772,0.2898,0.311,0.3294,0.3497,0.3689,0.3875,0.4071,0.42250000000000004,0.4399,0.4559,0.4712,0.49310000000000004,0.5087,0.5317000000000001,0.5426,0.5700000000000001,0.5827,0.5958,0.6138,0.6368,0.652,0.6715,0.6954,0.7087,0.7296,0.7428,0.7576,0.7811,0.794,0.8078000000000001,0.8291000000000001,0.8505,0.8625,0.8806,0.9002,0.9134,0.931,0.9511000000000001,0.9650000000000001,0.9799,0.9951000000000001
31627:0.0369,0.0524,0.09390000000000001,0.1144,0.1291,0.1719,0.1817,0.22080000000000002,0.23770000000000002,0.2548,0.2919,0.306,0.3215,0.3383,0.37920000000000004,0.39790000000000003,0.433,0.45740000000000003,0.5002,0.5118,0.5575,0.5893,0.6012000000000001,0.6124,0.6269,0.6811,0.7028,0.7249,0.7508,0.7797000000000001,0.7961,0.8296,0.8624,0.895,0.9078,0.9359000000000001,0.9673,0.9776
32863:0.0002,0.0064,0.015300000000000001,0.018600000000000002,0.024300000000000002,0.0344,0.0482,0.053500000000000006,0.0604,0.0627,0.0636,0.0639,0.0694,0.0741,0.0826,0.0911,0.09230000000000001,0.09290000000000001,0.09860000000000001,0.0988,0.10690000000000001,0.1115,0.11220000000000001,0.11370000000000001,0.1272,0.13720000000000002,0.139,0.14070000000000002,0.1424,0.1448,0.14830000000000002,0.17850000000000002,0.18510000000000001,0.18530000000000002,0.19870000000000002,0.2107,0.21580000000000002,0.21730000000000002,0.23120000000000002,0.2363,0.2495,0.2574,0.2646,0.2705,0.27840000000000004,0.27940000000000004,0.2883,0.2931,0.3007,0.30770000000000003,0.32480000000000003,0.33340000000000003,0.3361,0.3503,0.3521,0.35650000000000004,0.3622,0.3677,0.37,0.37070000000000003,0.3715,0.3764,0.3769,0.37970000000000004,0.3864,0.3885,0.4,0.40230000000000005,0.4036,0.4136,0.4212,0.42200000000000004,0.4233,0.42760000000000004,0.431,0.4343,0.4409,0.4667,0.4801,0.4912,0.4917,0.4919,0.4953,0.49560000000000004,0.4975,0.5104000000000001,0.5126000000000001,0.5146000000000001,0.5196000000000001,0.5213,0.522,0.5222,0.5227,0.5338,0.54,0.5451,0.5564,0.5573,0.56,0.5626,0.5689000000000001,0.5715,0.5721,0.5762,0.5934,0.5963,0.6045,0.6071000000000001,0.6096,0.6103000000000001,0.6108,0.6112000000000001,0.6147,0.6174000000000001,0.6189,0.6209,0.6335000000000001,0.6356,0.6378,0.645,0.6472,0.6648000000000001,0.6688000000000001,0.674,0.6842,0.6933,0.6984,0.7054,0.7067,0.7072,0.7078,0.7122,0.7186,0.7267,0.7284,0.7334,0.7385,0.7397,0.7403000000000001,0.7422000000000001,0.7432000000000001,0.773,0.7748,0.7881,0.7912,0.7918000000000001,0.792,0.8,0.8013,0.8101,0.8105,0.8118000000000001,0.8168000000000001,0.8224,0.8228000000000001,0.8283,0.8308000000000001,0.8503000000000001,0.8563000000000001,0.8578,0.8784000000000001,0.885,0.8987,0.9025000000000001,0.9084000000000001,0.9144,0.9489000000000001,0.9516,0.9518000000000001,0.9557,0.9627,0.9677,0.9722000000000001,0.9753000000000001,0.9767,0.9866
33909:0.044700000000000004,0.0502,0.056400000000000006,0.0613,0.0665,0.0721,0.0952,0.1019,0.10500000000000001,0.1163,0.1222,0.13470000000000001,0.1401,0.1444,0.1496,0.1569,0.1645,0.1708,0.1746,0.1784,0.1904,0.2223,0.2263,0.2369,0.2497,0.25470000000000004,0.2674,0.2811,0.28750000000000003,0.29150000000000004,0.29650000000000004,0.3019,0.3069,0.31270000000000003,0.3175,0.32120000000000004,0.3255,0.3287,0.3351,0.3391,0.37670000000000003,0.38120000000000004,0.3856,0.3905,0.398,0.42700000000000005,0.43170000000000003,0.4389,0.4428,0.4978,0.5028,0.5096,0.5162,0.5198,0.5337000000000001,0.5395,0.5433,0.5896,0.5986,0.6071000000000001,0.6115,0.6151,0.622,0.6261,0.6307,0.6453,0.6502,0.6547000000000001,0.6579,0.6628000000000001,0.7108,0.7145,0.7205,0.7318,0.7375,0.7446,0.749,0.7544000000000001,0.7595000000000001,0.7646000000000001,0.7678,0.784,0.7883,0.7932,0.7982,0.8027000000000001,0.8233,0.8342,0.8420000000000001,0.8534,0.8606,0.8663000000000001,0.897,0.9009,0.9051,0.922,0.9261,0.93,0.9398000000000001,0.9432,0.9472,0.9505,0.9537,0.9624,0.9660000000000001,0.9708,0.9749000000000001,0.9790000000000001,0.9828,0.9870000000000001,0.9916,0.9999
34268:0.0371,0.051300000000000005,0.059000000000000004,0.09330000000000001,0.11120000000000001,0.11950000000000001,0.12510000000000002,0.1335,0.1767,0.18710000000000002,0.1912,0.21780000000000002,0.2305,0.2374,0.2581,0.2715,0.3012,0.30860000000000004,0.3244,0.3428,0.3811,0.3976,0.4076,0.4305,0.4606,0.5002,0.5137,0.524,0.5599000000000001,0.5934,0.6024,0.6133000000000001,0.6242,0.6332,0.6843,0.6987,0.7082,0.7285,0.7367,0.7786000000000001,0.7939,0.8337,0.8415,0.8480000000000001,0.8602000000000001,0.8733000000000001,0.9001,0.904,0.9134,0.9175000000000001,0.9333,0.9663,0.9798,0.9843000000000001
35268:0.0517,0.058800000000000005,0.0683,0.0976,0.1048,0.1165,0.1262,0.1394,0.15,0.1623,0.17320000000000002,0.2301,0.2506,0.2592,0.2751,0.2914,0.3073,0.3184,0.3261,0.3825,0.4111,0.4267,0.44010000000000005,0.455,0.5038,0.5215000000000001,0.5385,0.5493,0.5954,0.6051000000000001,0.6142000000000001,0.6291,0.6531,0.6683,0.7155,0.7271000000000001,0.7353000000000001,0.7436,0.7636000000000001,0.7781,0.7923,0.8042,0.8160000000000001,0.8552000000000001,0.9006000000000001,0.9196000000000001,0.9339000000000001,0.9454,0.9641000000000001,0.9725,0.9815,0.9963000000000001
35701:0.0531,0.0635,0.1124,0.12430000000000001,0.14880000000000002,0.1872,0.20500000000000002,0.2187,0.2305,0.24230000000000002,0.27790000000000004,0.3083,0.33690000000000003,0.3473,0.39930000000000004,0.4106,0.46430000000000005,0.4721,0.5117,0.5624,0.5831000000000001,0.6041000000000001,0.6359,0.7078,0.7181000000000001,0.7558,0.7817000000000001,0.8292,0.8432000000000001,0.8696,0.8801,0.9206000000000001,0.932,0.9821000000000001,0.9921000000000001
36190:0.0419,0.068,0.0951,0.12380000000000001,0.1558,0.195,0.2328,0.27590000000000003,0.31770000000000004,0.3992,0.42350000000000004,0.46880000000000005,0.4994,0.5541,0.5786,0.6143000000000001,0.663,0.6920000000000001,0.7180000000000001,0.7528,0.7888000000000001,0.8175,0.8498,0.8682000000000001,0.9056000000000001,0.9453,0.9786
36318:0.0363,0.1723,0.2466,0.5048,0.6015,0.7467
36839:0.1602,0.2884,0.4554,0.5978,0.7959,0.9643
37888:0.0446,0.11410000000000001,0.1386,0.1832,0.2311,0.2501,0.30460000000000004,0.331,0.40180000000000005,0.5057,0.5169,0.6006,0.6289,0.7042,0.73,0.791,0.8331000000000001,0.8665,0.9004000000000001,0.9252,0.9772000000000001
38145:0.053000000000000005,0.19640000000000002,0.24780000000000002,0.3083,0.4106,0.5127,0.6008,0.7250000000000001,0.8348,0.8753000000000001,0.9074000000000001
39185:0.0235,0.049100000000000005,0.08660000000000001,0.097,0.1348,0.1656,0.2127,0.24380000000000002,0.2857,0.3179,0.3668,0.41450000000000004,0.44720000000000004,0.48550000000000004,0.5347000000000001,0.5764,0.6022000000000001,0.6461,0.6945,0.7001000000000001,0.7275,0.7377,0.7797000000000001,0.8018000000000001,0.8474,0.8887,0.9295,0.9662000000000001
39548:0.0429,0.0679,0.0984,0.1519,0.1928,0.22610000000000002,0.27740000000000004,0.3472,0.3997,0.4249,0.4645,0.4978,0.5583,0.5848,0.6214000000000001,0.6626000000000001,0.6917,0.7217,0.7561,0.7882,0.8196,0.8602000000000001,0.8953000000000001,0.9197000000000001,0.9536,0.9866
39904:0.0634,0.11620000000000001,0.1511,0.1776,0.24500000000000002,0.2921,0.3184,0.4325,0.5194,0.5986,0.623,0.7255,0.7482000000000001,0.7934,0.8261000000000001,0.9327000000000001,0.9682000000000001
39921:0.5561
40815:0.0379,0.0471,0.052000000000000005,0.0891,0.09820000000000001,0.111,0.1188,0.1288,0.1395,0.17930000000000001,0.18680000000000002,0.19310000000000002,0.2059,0.22390000000000002,0.2295,0.23770000000000002,0.24580000000000002,0.2546,0.25980000000000003,0.2967,0.3049,0.312,0.3256,0.33340000000000003,0.38230000000000003,0.398,0.4068,0.4194,0.43470000000000003,0.4882,0.4993,0.507,0.5127,0.5209,0.5272,0.5892000000000001,0.5999,0.6056,0.6175,0.6278,0.6406000000000001,0.6916,0.6997,0.7070000000000001,0.7162000000000001,0.7272000000000001,0.7832,0.7929,0.7995,0.8333,0.8396,0.8504,0.8618,0.8688,0.8789,0.8971,0.9034000000000001,0.9104000000000001,0.9184,0.9286000000000001,0.9534,0.9712000000000001,0.9771000000000001,0.9958
40895:0.14600000000000002,0.8360000000000001
41254:0.0105,0.020300000000000002,0.031100000000000003,0.0392,0.0476,0.056400000000000006,0.0653,0.0785,0.08700000000000001,0.0954,0.1047,0.1143,0.1231,0.1333,0.1432,0.15080000000000002,0.1623,0.171,0.18000000000000002,0.1882,0.1975,0.2081,0.2162,0.2235,0.23240000000000002,0.2426,0.24910000000000002,0.2587,0.27340000000000003,0.2847,0.2936,0.30260000000000004,0.31270000000000003,0.3242,0.33280000000000004,0.3416,0.3539,0.3664,0.37720000000000004,0.38470000000000004,0.39430000000000004,0.4022,0.4111,0.4199,0.4278,0.4368,0.4456,0.4554,0.4645,0.47250000000000003,0.48260000000000003,0.49350000000000005,0.5016,0.5093,0.5215000000000001,0.5358,0.5442,0.5545,0.5672,0.5748,0.5842,0.5951000000000001,0.6046,0.6148,0.6228,0.636,0.6453,0.6532,0.6639,0.6739,0.6846,0.6932,0.7018,0.7099000000000001,0.7203,0.7352000000000001,0.744,0.751,0.7648,0.7749,0.7828,0.7902,0.7989,0.8077000000000001,0.8173,0.8281000000000001,0.8407,0.8491000000000001,0.8579,0.8683000000000001,0.8767,0.8859,0.8949,0.9032,0.911,0.9198000000000001,0.9282,0.9365,0.9454,0.9541000000000001,0.9613,0.9709000000000001,0.9782000000000001,0.9881000000000001,0.9967
41514:0.062400000000000004,0.0792,0.1102,0.125,0.1458,0.16,0.1794,0.2544,0.27090000000000003,0.2912,0.3055,0.321,0.4334,0.44970000000000004,0.5193,0.602,0.6149,0.6539,0.7322000000000001,0.7465,0.7677,0.7937000000000001,0.8104,0.8341000000000001,0.9095000000000001,0.9409000000000001,0.9543,0.9734,0.9868
41549:0.029,0.053500000000000006,0.0882,0.1068,0.1296,0.1462,0.1663,0.21000000000000002,0.22080000000000002,0.2454,0.25620000000000004,0.2866,0.3104,0.3189,0.3295,0.3574,0.3776,0.3946,0.42210000000000003,0.4404,0.4551,0.49210000000000004,0.5044000000000001,0.5348,0.5782,0.5998,0.6118,0.6495000000000001,0.6687000000000001,0.6964,0.7099000000000001,0.7267,0.742,0.781,0.8068000000000001,0.8510000000000001,0.881,0.8988,0.9296000000000001,0.9520000000000001,0.9649000000000001,0.9785
42220:0.053500000000000006,0.0965,0.12660000000000002,0.1409,0.1718,0.24710000000000001,0.2909,0.32080000000000003,0.4192,0.453,0.5209,0.5391,0.6022000000000001,0.6517000000000001,0.7071000000000001,0.7309,0.7503000000000001,0.7885000000000001,0.8107000000000001,0.8525,0.8971,0.9323,0.9697
42700:0.7464000000000001
42717:0.0262,0.0414,0.0492,0.056400000000000006,0.0925,0.1013,0.1197,0.1263,0.13490000000000002,0.1728,0.18780000000000002,0.1995,0.2061,0.21880000000000002,0.2278,0.2381,0.2464,0.2571,0.28300000000000003,0.2942,0.305,0.3118,0.32080000000000003,0.3276,0.3542,0.3685,0.38830000000000003,0.40340000000000004,0.4156,0.4234,0.43520000000000003,0.45990000000000003,0.4843,0.49400000000000005,0.5049,0.5113,0.5181,0.5269,0.5601,0.5776,0.5999,0.6105,0.624,0.6314000000000001,0.6665,0.6920000000000001,0.7015,0.7094,0.7217,0.7334,0.7798,0.7881,0.799,0.8104,0.8270000000000001,0.8355,0.8459,0.8522000000000001,0.8633000000000001,0.8749,0.8864000000000001,0.8963000000000001,0.9045000000000001,0.9139,0.9262,0.9343,0.9653,0.9718,0.9786,0.9937
42781:0.1462,0.7559
42985:0.0531,0.0613,0.0761,0.09970000000000001,0.10700000000000001,0.1228,0.1358,0.1452,0.156,0.168,0.1771,0.2281,0.249,0.2565,0.2717,0.28140000000000004,0.2931,0.3125,0.3247,0.3342,0.3861,0.4088,0.4252,0.43460000000000004,0.4445,0.45570000000000005,0.5035000000000001,0.5205000000000001,0.5269,0.5412,0.5557,0.5941000000000001,0.6045,0.6171,0.6317,0.6544,0.6634,0.7112,0.7235,0.7326,0.7408,0.7484000000000001,0.7592,0.7733,0.7881,0.7964,0.8088000000000001,0.8253,0.8575,0.9006000000000001,0.9139,0.9322,0.9430000000000001,0.9540000000000001,0.9710000000000001,0.9772000000000001,0.9939
43048:0.5588000000000001
43049:0.5218,0.8513000000000001,0.9377000000000001
43180:0.0429,0.0956,0.17020000000000002,0.1821,0.24860000000000002,0.33190000000000003,0.39180000000000004,0.4541,0.5041,0.5515,0.6063000000000001,0.6786,0.7072,0.7453000000000001,0.8099000000000001,0.8874000000000001,0.9121,0.9733
43642:0.0521,0.10010000000000001,0.1764,0.22790000000000002,0.4007,0.458,0.5161,0.6068,0.7036,0.7916000000000001,0.9025000000000001,0.9746
43649:0.10600000000000001,0.2611,0.7474000000000001
43697:0.0222,0.0395,0.056,0.08420000000000001,0.0979,0.114,0.1436,0.1559,0.1716,0.1902,0.20980000000000001,0.22510000000000002,0.2437,0.2632,0.2884,0.312,0.34040000000000004,0.3698,0.3931,0.41140000000000004,0.4314,0.4516,0.47550000000000003,0.49410000000000004,0.5097,0.5409,0.5724,0.5943,0.6132000000000001,0.6342,0.6539,0.6762,0.6969000000000001,0.7172000000000001,0.7453000000000001,0.77,0.7884,0.8066,0.8328,0.8577,0.8735,0.9073,0.9356000000000001,0.9519000000000001,0.9715
44807:0.0393,0.0533,0.0993,0.11800000000000001,0.1449,0.1782,0.19010000000000002,0.2218,0.2343,0.25620000000000004,0.27790000000000004,0.304,0.31970000000000004,0.33380000000000004,0.3851,0.4011,0.4295,0.46,0.5029,0.5146000000000001,0.5302,0.5936,0.6079,0.6281,0.6863,0.7029000000000001,0.7196,0.7376,0.786,0.797,0.8342,0.8541000000000001,0.8741,0.8961,0.9073,0.9244,0.9408000000000001,0.9717,0.9832000000000001
45081:0.0623,0.138,0.23900000000000002,0.32330000000000003,0.5289,0.6215,0.6559,0.8510000000000001,0.9885
45484:0.0241,0.051000000000000004,0.0903,0.099,0.136,0.1671,0.21330000000000002,0.24480000000000002,0.2878,0.3185,0.3677,0.41540000000000005,0.45070000000000005,0.48610000000000003,0.5354,0.5784,0.6038,0.6471,0.6975,0.7286,0.7391000000000001,0.7803,0.8041,0.8479,0.8898,0.9302,0.9671000000000001
45602:0.0545,0.3302,0.5172,0.6054,0.7262000000000001,0.8344,0.9023
45970:0.2589,0.5184
45977:0.009300000000000001,0.0193,0.0327,0.044500000000000005,0.0582,0.067,0.0821,0.09240000000000001,0.1034,0.1097,0.12190000000000001,0.1326,0.1459,0.1534,0.16840000000000002,0.1829,0.1932,0.2097,0.22060000000000002,0.23220000000000002,0.24500000000000002,0.2535,0.2645,0.2751,0.2848,0.2972,0.3143,0.3321,0.3413,0.3553,0.3684,0.3819,0.3966,0.4056,0.4163,0.42160000000000003,0.4329,0.4415,0.45630000000000004,0.4656,0.4716,0.48210000000000003,0.4919,0.5023,0.5092,0.5249,0.5369,0.5471,0.5567,0.5685,0.5757,0.5867,0.5949,0.6049,0.6142000000000001,0.6221,0.6376000000000001,0.6477,0.6617000000000001,0.6741,0.6873,0.6985,0.7094,0.7325,0.7453000000000001,0.7552,0.7719,0.7826000000000001,0.788,0.8005,0.8128000000000001,0.8267,0.8412000000000001,0.8508,0.8588,0.8716,0.8838,0.8961,0.9035000000000001,0.9106000000000001,0.9244,0.9338000000000001,0.9455,0.9539000000000001,0.9611000000000001,0.9737,0.9823000000000001,0.9919
47052:0.10160000000000001,0.1786,0.2564,0.4657,0.6219,0.7114,0.7472000000000001,0.9768
47604:0.2625,0.522
48187:0.0427,0.053000000000000005,0.116,0.13,0.1824,0.1961,0.2361,0.2609,0.30560000000000004,0.32130000000000003,0.3378,0.40080000000000005,0.41290000000000004,0.5052,0.5128,0.5224,0.5999,0.6073000000000001,0.6291,0.7063,0.7242000000000001,0.7926000000000001,0.8315,0.8468,0.8732000000000001,0.9026000000000001,0.9113,0.9772000000000001
49025:0.0414,0.0524,0.10060000000000001,0.1158,0.13,0.1461,0.17980000000000002,0.19010000000000002,0.2253,0.2393,0.255,0.2998,0.3149,0.3282,0.3413,0.38320000000000004,0.40240000000000004,0.4127,0.4375,0.4995,0.5104000000000001,0.5243,0.5935,0.6058,0.6243000000000001,0.6355000000000001,0.6949000000000001,0.7077,0.7227,0.7855000000000001,0.7957000000000001,0.8294,0.8394,0.8615,0.8771,0.8962,0.9073,0.9243,0.9408000000000001,0.9739000000000001,0.9818
49147:0.053200000000000004,0.1298,0.195,0.24930000000000002,0.32130000000000003,0.4113,0.5127,0.606,0.7218,0.8344,0.8754000000000001,0.9082,0.9822000000000001
49406:0.2697,0.5287000000000001
49584:0.0023,0.0031000000000000003,0.0085,0.0143,0.0247,0.034,0.0392,0.040600000000000004,0.057600000000000005,0.0748,0.07970000000000001,0.0903,0.09630000000000001,0.1039,0.10590000000000001,0.1177,0.11900000000000001,0.12190000000000001,0.1245,0.1288,0.1416,0.14250000000000002,0.1506,0.15330000000000002,0.1565,0.1642,0.1653,0.1826,0.1857,0.1862,0.18730000000000002,0.1882,0.1889,0.19160000000000002,0.19720000000000001,0.2005,0.2026,0.20770000000000002,0.2281,0.22870000000000001,0.23140000000000002,0.24130000000000001,0.2441,0.24430000000000002,0.24910000000000002,0.2523,0.253,0.2671,0.2696,0.2717,0.2721,0.2731,0.27440000000000003,0.27790000000000004,0.28300000000000003,0.2864,0.2918,0.3116,0.3176,0.33190000000000003,0.3347,0.3448,0.3543,0.3598,0.3679,0.3743,0.3763,0.3932,0.3965,0.3982,0.39890000000000003,0.41200000000000003,0.4148,0.4174,0.4197,0.4202,0.4219,0.42450000000000004,0.4288,0.4403,0.4439,0.44720000000000004,0.4545,0.4587,0.4675,0.4783,0.47940000000000005,0.49410000000000004,0.49570000000000003,0.49610000000000004,0.5094000000000001,0.5151,0.5236000000000001,0.5271,0.5332,0.5356000000000001,0.5369,0.5660000000000001,0.5686,0.5818,0.6034,0.6043000000000001,0.6096,0.6252,0.6297,0.6345000000000001,0.6363,0.6383,0.6399,0.649,0.6543,0.6786,0.6801,0.6811,0.6899000000000001,0.6917,0.6937,0.6972,0.7141000000000001,0.7297,0.7305,0.7391000000000001,0.7501,0.7703,0.7743,0.7809,0.7909,0.7918000000000001,0.7934,0.7951,0.7964,0.8142,0.8152,0.8200000000000001,0.8419000000000001,0.8647,0.8731,0.882,0.8845000000000001,0.8916000000000001,0.8982,0.9233,0.9264,0.9384,0.9387000000000001,0.9405,0.9421,0.9466,0.9578000000000001,0.9688,0.9740000000000001,0.9779,0.9954000000000001,0.9995
49678:0.3296,0.5407000000000001
49771:0.0465,0.0671,0.1107,0.12560000000000002,0.1802,0.2237,0.2482,0.2664,0.3108,0.33180000000000004,0.3911,0.41390000000000005,0.4365,0.5041,0.523,0.6027,0.6189,0.6916,0.7098,0.7381000000000001,0.7895000000000001,0.8062,0.8445,0.8766,0.9127000000000001,0.9373,0.9724
49984:0.0487,0.1164,0.18510000000000001,0.2361,0.305,0.3341,0.40990000000000004,0.5093,0.6058,0.6336,0.7083,0.7938000000000001,0.8570000000000001,0.9023,0.9776
50072:0.0267,0.044700000000000004,0.054400000000000004,0.0881,0.0999,0.1087,0.1203,0.1327,0.1774,0.185,0.20220000000000002,0.2258,0.2321,0.2426,0.2644,0.2909,0.3005,0.3088,0.3209,0.3255,0.3421,0.3593,0.37110000000000004,0.3909,0.39990000000000003,0.4057,0.4183,0.4353,0.46380000000000005,0.4707,0.4828,0.5005000000000001,0.5089,0.516,0.5635,0.5789000000000001,0.6021000000000001,0.6209,0.6294000000000001,0.6825,0.7018,0.7083,0.7197,0.7673,0.784,0.7902,0.7973,0.8217,0.8328,0.8516,0.8642000000000001,0.8785000000000001,0.9011,0.9059,0.9135000000000001,0.9573,0.9705,0.9768,0.9817
50597:0.0448,0.06520000000000001,0.10500000000000001,0.1666,0.22060000000000002,0.2514,0.2984,0.3295,0.3778,0.4244,0.4998,0.5418000000000001,0.6139,0.6741,0.7075,0.7419,0.7958000000000001,0.8551000000000001,0.8957,0.9373,0.9762000000000001
51107:0.0043,0.0053,0.0063,0.0184,0.0187,0.0193,0.0199,0.028200000000000003,0.0531,0.058,0.0636,0.0688,0.0726,0.10880000000000001,0.11180000000000001,0.11720000000000001,0.12200000000000001,0.1258,0.1328,0.1517,0.1526,0.1587,0.1592,0.1595,0.16290000000000002,0.17,0.17200000000000001,0.1757,0.1787,0.1806,0.1985,0.2056,0.2155,0.2257,0.2262,0.23040000000000002,0.2388,0.24150000000000002,0.2437,0.253,0.2659,0.2722,0.27690000000000003,0.2781,0.2862,0.2987,0.30920000000000003,0.3115,0.32220000000000004,0.3241,0.32580000000000003,0.34290000000000004,0.3443,0.34990000000000004,0.36250000000000004,0.3642,0.382,0.3907,0.4083,0.4096,0.4107,0.41200000000000003,0.4174,0.4192,0.4234,0.4335,0.4349,0.4461,0.44680000000000003,0.4531,0.45580000000000004,0.459,0.4685,0.48960000000000004,0.5,0.5071,0.5079,0.5128,0.5192,0.5196000000000001,0.5384,0.5446,0.5453,0.5517000000000001,0.5636,0.5655,0.5696,0.5762,0.5780000000000001,0.5850000000000001,0.6,0.6038,0.6221,0.624,0.6287,0.6289,0.6292,0.6399,0.6454000000000001,0.6548,0.6673,0.678,0.6807000000000001,0.6875,0.6968000000000001,0.7006,0.7080000000000001,0.7120000000000001,0.7122,0.7256,0.748,0.7526,0.7589,0.7609,0.7683,0.7707,0.772,0.7801,0.7826000000000001,0.7967000000000001,0.7973,0.8006000000000001,0.8057000000000001,0.8350000000000001,0.8487,0.8641000000000001,0.8684000000000001,0.8745,0.8751,0.895,0.8989,0.9135000000000001,0.9183,0.9248000000000001,0.9262,0.9394,0.9459000000000001,0.9554,0.9661000000000001,0.9684,0.9772000000000001,0.9865,0.9915
51221:0.0971,0.1763,0.3936,0.4718,0.5802,0.6789000000000001,0.7888000000000001,0.9704
51263:0.1269,0.23440000000000003,0.3169,0.3395,0.4168,0.5188,0.6143000000000001,0.7125,0.7994,0.8485,0.909,0.9844
51643:0.3245,0.6529,0.8516
52605:0.0621,0.23900000000000002,0.3235,0.5333,0.6474000000000001,0.8504,0.9891000000000001
53184:0.0179,0.037200000000000004,0.053200000000000004,0.0704,0.08660000000000001,0.1038,0.1213,0.1409,0.1552,0.1719,0.1889,0.2096,0.22440000000000002,0.24000000000000002,0.2549,0.2763,0.2923,0.3138,0.3378,0.35400000000000004,0.37270000000000003,0.3885,0.4053,0.4219,0.43910000000000005,0.45690000000000003,0.4726,0.49250000000000005,0.5092,0.5339,0.55,0.5708,0.5896,0.6083000000000001,0.6262,0.6443,0.6595000000000001,0.68,0.6958000000000001,0.7114,0.7348,0.752,0.7743,0.7888000000000001,0.8035,0.8220000000000001,0.8429000000000001,0.8608,0.8792000000000001,0.8985000000000001,0.9145000000000001,0.9346000000000001,0.9515,0.9681000000000001,0.9838,0.9992000000000001
53905:0.028800000000000003,0.0478,0.0621,0.0908,0.1101,0.12480000000000001,0.1428,0.1653,0.1801,0.1951,0.2195,0.2288,0.24430000000000002,0.2551,0.28200000000000003,0.3052,0.3224,0.3403,0.3634,0.3895,0.4073,0.42050000000000004,0.43510000000000004,0.45930000000000004,0.48560000000000003,0.5053,0.5178,0.5396000000000001,0.5763,0.5993,0.6164000000000001,0.6278,0.6497,0.6818000000000001,0.7028,0.7173,0.7476,0.7815000000000001,0.7948000000000001,0.8149000000000001,0.8373,0.8594,0.8779,0.9033,0.9164,0.9367000000000001,0.9650000000000001,0.9801000000000001,0.9969
54568:0.040100000000000004,0.058,0.0983,0.1588,0.2147,0.24500000000000002,0.2844,0.3254,0.3849,0.41750000000000004,0.451,0.49760000000000004,0.5338,0.5815,0.6109,0.6656000000000001,0.7054,0.736,0.7872,0.8479,0.8896000000000001,0.9287000000000001,0.9700000000000001
55678:0.7529
56016:0.1761,0.2516,0.5029,0.6238
56459:0.0076,0.016300000000000002,0.024300000000000002,0.0332,0.040600000000000004,0.047900000000000005,0.055900000000000005,0.0649,0.0729,0.0792,0.0859,0.093,0.0995,0.1058,0.1134,0.12050000000000001,0.12810000000000002,0.1358,0.1423,0.1492,0.15510000000000002,0.1636,0.1711,0.1791,0.1854,0.19190000000000002,0.19920000000000002,0.20600000000000002,0.2147,0.2207,0.2295,0.2358,0.2432,0.24910000000000002,0.2564,0.26480000000000004,0.2738,0.2811,0.28600000000000003,0.2944,0.3022,0.3098,0.3173,0.3281,0.3352,0.3426,0.3504,0.36110000000000003,0.3672,0.3771,0.3831,0.3907,0.3981,0.4045,0.41350000000000003,0.42010000000000003,0.4259,0.4319,0.4394,0.44580000000000003,0.4535,0.4626,0.46990000000000004,0.47940000000000005,0.48850000000000005,0.49510000000000004,0.5025000000000001,0.5087,0.5169,0.5239,0.5319,0.5381,0.5456,0.553,0.5642,0.5717,0.5797,0.5863,0.5940000000000001,0.603,0.6127,0.6215,0.6314000000000001,0.6383,0.6447,0.6514,0.6607000000000001,0.6714,0.6813,0.6892,0.6960000000000001,0.7024,0.7105,0.7184,0.7287,0.7345,0.7417,0.7479,0.7565000000000001,0.7669,0.7748,0.7803,0.7858,0.7915000000000001,0.7987000000000001,0.8079000000000001,0.8162,0.8260000000000001,0.8338,0.8408,0.8482000000000001,0.8556,0.8614,0.8701000000000001,0.8796,0.8861,0.8943000000000001,0.9019,0.9076000000000001,0.9155000000000001,0.9242,0.9321,0.9416,0.9480000000000001,0.9559000000000001,0.9616,0.9700000000000001,0.9760000000000001,0.9825,0.9901000000000001,0.9973000000000001
57121:0.060500000000000005,0.076,0.10690000000000001,0.1155,0.1255,0.1419,0.1501,0.1631,0.17830000000000001,0.23470000000000002,0.2571,0.2695,0.2914,0.30210000000000004,0.3156,0.3255,0.33430000000000004,0.3936,0.43260000000000004,0.44630000000000003,0.5106,0.5209,0.5444,0.6005,0.6112000000000001,0.6178,0.6254000000000001,0.6534,0.7205,0.7367,0.7513000000000001,0.7642,0.7739,0.7922,0.8048000000000001,0.8260000000000001,0.8686,0.9072,0.9332,0.9427000000000001,0.9516,0.9668,0.9766,0.9866
58597:0.2622,0.5217
58997:0.06670000000000001,0.9054000000000001
59358:0.050800000000000005,0.0964,0.1381,0.1704,0.21660000000000001,0.2485,0.2907,0.322,0.37210000000000004,0.41700000000000004,0.48660000000000003,0.5387000000000001,0.5818,0.6092000000000001,0.6511,0.7004,0.7355,0.7851,0.81,0.8516,0.8936000000000001,0.9333,0.9713
59441:0.059300000000000005,0.1012,0.11670000000000001,0.1297,0.1443,0.1632,0.17470000000000002,0.254,0.28250000000000003,0.29550000000000004,0.32370000000000004,0.433,0.4565,0.5233,0.5432,0.6037,0.6184000000000001,0.6551,0.7239,0.7367,0.748,0.7915000000000001,0.8059000000000001,0.9053,0.9353,0.9524,0.9721000000000001
59450:0.0497,0.0782,0.1022,0.1366,0.1542,0.1728,0.1965,0.2147,0.2396,0.2645,0.2847,0.33180000000000004,0.3497,0.3902,0.40940000000000004,0.4282,0.4446,0.5108,0.537,0.5743,0.5968,0.6464000000000001,0.674,0.6935,0.7126,0.7531,0.7829,0.8195,0.8522000000000001,0.8729,0.8952,0.9086000000000001,0.9325,0.9593,0.9840000000000001,0.9997
59455:0.0356,0.0441,0.0502,0.0964,0.1119,0.125,0.1318,0.1741,0.1802,0.19290000000000002,0.22290000000000001,0.234,0.2449,0.2574,0.2942,0.30260000000000004,0.3169,0.3264,0.3342,0.3652,0.3956,0.406,0.432,0.48040000000000005,0.5019,0.5072,0.5143,0.5243,0.5859,0.5972000000000001,0.6025,0.6169,0.6266,0.6891,0.7014,0.7140000000000001,0.7198,0.7804,0.7877000000000001,0.8138000000000001,0.8253,0.8312,0.8427,0.8594,0.8701000000000001,0.8893000000000001,0.8978,0.9051,0.9201,0.9363,0.9691000000000001,0.9749000000000001
60250:0.043000000000000003,0.051300000000000005,0.057,0.0703,0.0965,0.12150000000000001,0.1313,0.1769,0.1857,0.1991,0.20900000000000002,0.222,0.23070000000000002,0.24070000000000003,0.24860000000000002,0.2636,0.2906,0.2993,0.3052,0.3171,0.32580000000000003,0.3305,0.34540000000000004,0.36060000000000003,0.372,0.3922,0.39880000000000004,0.4112,0.4177,0.4304,0.44120000000000004,0.4651,0.4771,0.4869,0.5014000000000001,0.509,0.5163,0.5262,0.5622,0.5797,0.5999,0.6187,0.6283000000000001,0.6659,0.687,0.7027,0.7112,0.7229,0.7509,0.7814,0.7971,0.8082,0.8237,0.8308000000000001,0.8359000000000001,0.8490000000000001,0.8614,0.8745,0.8839,0.8968,0.9053,0.9138000000000001,0.9228000000000001,0.9403,0.9688,0.9764,0.9830000000000001
60858:0.053500000000000006,0.1034,0.1283,0.1834,0.20090000000000002,0.23520000000000002,0.2571,0.3156,0.3382,0.4005,0.4248,0.4672,0.5151,0.6084,0.6391,0.7080000000000001,0.7427,0.7992,0.8476,0.8764000000000001,0.9112,0.9739000000000001,0.9916
61000:0.1773,0.2523,0.45680000000000004,0.6217,0.7078,0.9043
62956:0.5585
63947:0.0419,0.0952,0.1285,0.1772,0.2209,0.24280000000000002,0.2999,0.3272,0.3934,0.42960000000000004,0.4999,0.5217,0.5953,0.6243000000000001,0.6856,0.7114,0.7784000000000001,0.8280000000000001,0.8567,0.8948,0.918,0.9712000000000001
64769:0.5358
65664:0.10160000000000001,0.2551,0.741
66614:0.0417,0.0507,0.0985,0.1115,0.12490000000000001,0.14100000000000001,0.1814,0.1899,0.19940000000000002,0.2247,0.2378,0.2538,0.2772,0.305,0.327,0.3388,0.39830000000000004,0.41050000000000003,0.43620000000000003,0.49400000000000005,0.5027,0.51,0.5197,0.5924,0.6061000000000001,0.6282,0.6377,0.6984,0.7103,0.7231000000000001,0.7386,0.7859,0.7977000000000001,0.8369000000000001,0.8521000000000001,0.8657,0.88,0.8999,0.9083,0.9232,0.9323,0.9711000000000001,0.9829
67186:0.1346,0.2627,0.32830000000000004,0.5283,0.6349,0.7305
67293:0.0431,0.069,0.0974,0.1254,0.1458,0.1761,0.219,0.2454,0.29550000000000004,0.3206,0.38180000000000003,0.4229,0.4566,0.5025000000000001,0.5245000000000001,0.5996,0.6211,0.6542,0.7064,0.7359,0.7821,0.8305,0.8601000000000001,0.8969,0.9227000000000001,0.9688
68709:0.0517,0.1038,0.1274,0.1877,0.19920000000000002,0.23140000000000002,0.24830000000000002,0.31,0.32330000000000003,0.3352,0.40030000000000004,0.4174,0.4646,0.5135000000000001,0.5358,0.6064,0.616,0.6369,0.7079000000000001,0.7271000000000001,0.7979,0.8398,0.8511000000000001,0.8731,0.9049,0.918,0.9794
68763:0.049800000000000004,0.10690000000000001,0.1257,0.1855,0.23190000000000002,0.2541,0.3037,0.32020000000000004,0.3337,0.4017,0.4348,0.5067,0.5246000000000001,0.6017,0.6285000000000001,0.7053,0.7264,0.7937000000000001,0.8358,0.8696,0.9041,0.9255,0.9768,0.9945
69093:0.0125,0.016800000000000002,0.0173,0.0342,0.038400000000000004,0.039,0.041,0.0432,0.0604,0.066,0.0709,0.0765,0.0799,0.0813,0.0935,0.0964,0.1039,0.109,0.11080000000000001,0.11420000000000001,0.1182,0.1189,0.1265,0.1292,0.1306,0.1369,0.13770000000000002,0.1404,0.1409,0.153,0.1615,0.16290000000000002,0.1724,0.1748,0.1882,0.19390000000000002,0.2018,0.20270000000000002,0.20720000000000002,0.2104,0.2127,0.21860000000000002,0.227,0.2351,0.2381,0.2416,0.24500000000000002,0.2592,0.26940000000000003,0.2723,0.2743,0.2746,0.27990000000000004,0.2817,0.28550000000000003,0.2867,0.2892,0.2901,0.29710000000000003,0.3024,0.3093,0.3125,0.3154,0.3262,0.3276,0.3392,0.3441,0.34550000000000003,0.36000000000000004,0.3623,0.3642,0.3769,0.3785,0.38,0.386,0.3876,0.4038,0.4055,0.41100000000000003,0.41150000000000003,0.4227,0.4263,0.4284,0.42960000000000004,0.44260000000000005,0.443,0.45640000000000003,0.46530000000000005,0.4702,0.47090000000000004,0.4796,0.4824,0.49820000000000003,0.5232,0.5326000000000001,0.541,0.5578000000000001,0.5631,0.5678000000000001,0.5690000000000001,0.5696,0.5705,0.5718,0.5761000000000001,0.5804,0.5886,0.5930000000000001,0.5945,0.6118,0.613,0.6269,0.6379,0.6396000000000001,0.643,0.6482,0.6579,0.6593,0.6879000000000001,0.6894,0.6944,0.7003,0.7025,0.7073,0.7079000000000001,0.7133,0.7162000000000001,0.7164,0.7173,0.7180000000000001,0.7338,0.7358,0.7391000000000001,0.7445,0.75,0.7763,0.7766000000000001,0.7818,0.7852,0.7862,0.7936000000000001,0.7984,0.8152,0.8224,0.8270000000000001,0.8307,0.8363,0.8405,0.8422000000000001,0.8424,0.8455,0.8550000000000001,0.8577,0.8737,0.876,0.8863000000000001,0.8907,0.9039,0.9084000000000001,0.9108,0.9205000000000001,0.9218000000000001,0.9318000000000001,0.9358000000000001,0.9392,0.9591000000000001,0.9668,0.9724,0.9764
69113:0.0386,0.0516,0.11960000000000001,0.13520000000000001,0.1801,0.1991,0.23900000000000002,0.3104,0.3294,0.39880000000000004,0.41150000000000003,0.4312,0.5052,0.5245000000000001,0.6029,0.6336,0.7095,0.7427,0.7945,0.8431000000000001,0.8778,0.9134,0.9804
69593:0.041800000000000004,0.0548,0.0604,0.075,0.0931,0.1027,0.1081,0.11410000000000001,0.1222,0.13440000000000002,0.1413,0.1482,0.15380000000000002,0.16060000000000002,0.1678,0.1763,0.21960000000000002,0.2283,0.23620000000000002,0.2492,0.2539,0.2656,0.2783,0.2887,0.2939,0.3034,0.315,0.3226,0.33580000000000004,0.37410000000000004,0.3886,0.4233,0.4299,0.442,0.4937,0.503,0.5136000000000001,0.521,0.5364,0.5434,0.5850000000000001,0.5932000000000001,0.5993,0.6088,0.6144000000000001,0.6223000000000001,0.6415000000000001,0.652,0.7057,0.7136,0.7212000000000001,0.7305,0.7346,0.7392000000000001,0.7456,0.7597,0.7667,0.785,0.7909,0.7957000000000001,0.8023,0.8114,0.8223,0.8503000000000001,0.8937,0.9014000000000001,0.9081,0.9228000000000001,0.9315,0.9407000000000001,0.9480000000000001,0.9628000000000001,0.9689000000000001,0.9754,0.9847
69608:0.030600000000000002,0.0536,0.0873,0.10070000000000001,0.1159,0.14020000000000002,0.166,0.1791,0.2107,0.2228,0.24780000000000002,0.28500000000000003,0.2975,0.31980000000000003,0.33240000000000003,0.3567,0.3803,0.3955,0.4219,0.4431,0.45470000000000005,0.4959,0.5072,0.5363,0.5525,0.5827,0.6055,0.624,0.6527000000000001,0.6749,0.6992,0.7187,0.7372000000000001,0.749,0.7836000000000001,0.807,0.8507,0.8789,0.8953000000000001,0.9104000000000001,0.9361,0.9620000000000001,0.9760000000000001
69920:0.0175,0.0368,0.0482,0.0771,0.0949,0.117,0.1303,0.155,0.16920000000000002,0.19340000000000002,0.20850000000000002,0.23,0.24150000000000002,0.2697,0.2805,0.2969,0.3128,0.3442,0.3622,0.3815,0.3996,0.4131,0.43210000000000004,0.4475,0.47290000000000004,0.48860000000000003,0.5061,0.5282,0.5522,0.5684,0.5794,0.5948,0.6272,0.6413,0.6617000000000001,0.6821,0.6956,0.7169,0.7351000000000001,0.756,0.7731,0.789,0.8014,0.8290000000000001,0.8430000000000001,0.8645,0.8831,0.9084000000000001,0.9244,0.9486,0.9636,0.9881000000000001
70232:0.0367
70286:0.025900000000000003,0.045200000000000004,0.0567,0.0707,0.0872,0.10060000000000001,0.11720000000000001,0.1305,0.14100000000000001,0.1587,0.1709,0.1897,0.21230000000000002,0.2223,0.23650000000000002,0.2494,0.2642,0.28040000000000004,0.29200000000000004,0.311,0.322,0.3534,0.37160000000000004,0.3864,0.4142,0.42910000000000004,0.4436,0.4581,0.4887,0.5023,0.5182,0.5358,0.5454,0.5748,0.5886,0.6023000000000001,0.6145,0.6383,0.6508,0.667,0.6895,0.7025,0.7194,0.7338,0.7424000000000001,0.7753,0.787,0.7977000000000001,0.8087000000000001,0.8276,0.8500000000000001,0.8698,0.8918,0.9065000000000001,0.9255,0.9356000000000001,0.9500000000000001,0.9658,0.9748,0.993
70308:0.020200000000000003,0.050100000000000006,0.09190000000000001,0.1325,0.16490000000000002,0.21030000000000001,0.24070000000000003,0.2812,0.316,0.3645,0.4103,0.4425,0.4822,0.5331,0.5712,0.6043000000000001,0.6437,0.6960000000000001,0.7317,0.7776000000000001,0.8061,0.8455,0.8873000000000001,0.9268000000000001,0.9633
72154:0.0478,0.0989,0.1199,0.1766,0.1903,0.22390000000000002,0.2379,0.2665,0.304,0.3151,0.3289,0.34650000000000003,0.39830000000000004,0.41490000000000005,0.4582,0.5056,0.5185000000000001,0.5623,0.6028,0.6137,0.633,0.7000000000000001,0.7128,0.7311000000000001,0.7804,0.7977000000000001,0.8371000000000001,0.862,0.8767,0.9048,0.9256000000000001,0.9692000000000001,0.9834
72288:0.526
72418:0.1305,0.32070000000000004,0.6192000000000001,0.8518
72790:0.027100000000000003,0.0482,0.0618,0.0847,0.098,0.11560000000000001,0.13390000000000002,0.15,0.17370000000000002,0.1837,0.20500000000000002,0.22440000000000002,0.24500000000000002,0.2566,0.2828,0.30810000000000004,0.32580000000000003,0.34140000000000004,0.37060000000000004,0.3945,0.4108,0.4217,0.44160000000000005,0.463,0.48500000000000004,0.5052,0.5199,0.5409,0.5747,0.5975,0.6169,0.6293000000000001,0.6501,0.6792,0.7027,0.7177,0.7478,0.7803,0.7943,0.8148000000000001,0.8364,0.8577,0.8754000000000001,0.8982,0.9107000000000001,0.9348000000000001,0.9628000000000001,0.9798,0.9973000000000001
72940:0.048100000000000004,0.0603,0.12000000000000001,0.1321,0.1895,0.20400000000000001,0.23270000000000002,0.2451,0.2634,0.30770000000000003,0.3269,0.40750000000000003,0.42050000000000004,0.5085000000000001,0.5195000000000001,0.6048,0.6146,0.632,0.7088,0.7229,0.7345,0.7899,0.801,0.8359000000000001,0.8502000000000001,0.8699,0.881,0.9066000000000001,0.9188000000000001,0.9362,0.9820000000000001
73158:0.5578000000000001
73599:0.034300000000000004,0.049600000000000005,0.0675,0.09430000000000001,0.1333,0.17650000000000002,0.21860000000000002,0.2452,0.2977,0.3362,0.38230000000000003,0.3992,0.41490000000000005,0.4303,0.4641,0.49420000000000003,0.5057,0.5523,0.5850000000000001,0.608,0.6212,0.6492,0.6828000000000001,0.6999000000000001,0.7114,0.7563000000000001,0.7949,0.8293,0.8563000000000001,0.8782000000000001,0.8934000000000001,0.9165000000000001,0.9668,0.9842000000000001
73625:0.028300000000000002,0.0432,0.0671,0.0945,0.11410000000000001,0.1312,0.1564,0.1774,0.2011,0.22130000000000002,0.24330000000000002,0.277,0.2977,0.33190000000000003,0.3785,0.3986,0.4212,0.4431,0.47450000000000003,0.5003000000000001,0.5227,0.5726,0.5888,0.6071000000000001,0.6324000000000001,0.65,0.6956,0.7326,0.7522000000000001,0.7855000000000001,0.8021,0.8383,0.8672000000000001,0.8951,0.918,0.9389000000000001,0.9637,0.9819,0.9995
73665:0.049,0.054900000000000004,0.060700000000000004,0.0684,0.098,0.1052,0.1202,0.1247,0.13190000000000002,0.1446,0.151,0.1658,0.1704,0.1752,0.2262,0.252,0.25730000000000003,0.26680000000000004,0.28750000000000003,0.2931,0.3,0.3054,0.3129,0.32130000000000003,0.3315,0.3806,0.3986,0.4283,0.43470000000000003,0.442,0.5004000000000001,0.517,0.5339,0.5406000000000001,0.5921000000000001,0.5986,0.6091,0.6151,0.6226,0.6501,0.6553,0.6594,0.7122,0.7312000000000001,0.7385,0.7444000000000001,0.7559,0.7653000000000001,0.7874,0.7934,0.8002,0.8241,0.8555,0.8605,0.8994000000000001,0.9295,0.9377000000000001,0.9449000000000001,0.9511000000000001,0.9605,0.9678,0.9741000000000001,0.9796,0.9848
73668:0.0516,0.0603,0.0722,0.1003,0.108,0.1189,0.1257,0.1371,0.14700000000000002,0.1553,0.1689,0.17830000000000001,0.228,0.2518,0.2611,0.27030000000000004,0.29000000000000004,0.29910000000000003,0.30610000000000004,0.31720000000000004,0.3251,0.3351,0.38280000000000003,0.3982,0.4304,0.4439,0.5031,0.5194,0.5387000000000001,0.5932000000000001,0.6027,0.6122000000000001,0.6212,0.6313000000000001,0.6535000000000001,0.7136,0.7322000000000001,0.7403000000000001,0.749,0.7622,0.7699,0.7886000000000001,0.7972,0.8085,0.8266,0.8546,0.867,0.9016000000000001,0.9251,0.9337000000000001,0.9428000000000001,0.9518000000000001,0.9661000000000001,0.9752000000000001,0.9860000000000001
74842:0.3111,0.3282,0.4043,0.506,0.6018,0.7113
75279:0.0102,0.0207,0.0333,0.0429,0.053200000000000004,0.0625,0.0766,0.0881,0.09730000000000001,0.1068,0.1182,0.1273,0.1371,0.1467,0.1552,0.16490000000000002,0.1762,0.18710000000000002,0.19540000000000002,0.20670000000000002,0.2165,0.2253,0.2333,0.2432,0.24980000000000002,0.26030000000000003,0.2722,0.28150000000000003,0.29000000000000004,0.3014,0.3114,0.3252,0.3352,0.3451,0.3541,0.3639,0.37210000000000004,0.381,0.39330000000000004,0.4035,0.41490000000000005,0.4242,0.4325,0.44220000000000004,0.4526,0.46240000000000003,0.4726,0.4849,0.49310000000000004,0.5016,0.5114000000000001,0.5233,0.5313,0.5395,0.5527000000000001,0.5656,0.5741,0.5852,0.5953,0.606,0.6196,0.6324000000000001,0.6416000000000001,0.6502,0.6632,0.6761,0.6855,0.6931,0.7050000000000001,0.7128,0.7225,0.7362000000000001,0.7476,0.7572,0.7693,0.78,0.7884,0.7969,0.8072,0.8193,0.8283,0.8404,0.8521000000000001,0.8598,0.8702000000000001,0.8807,0.8871,0.8969,0.9084000000000001,0.9195000000000001,0.9293,0.9395,0.9497000000000001,0.9594,0.9695,0.9803000000000001,0.995
75686:0.0574,0.1764,0.202,0.2482,0.5269,0.6081,0.8557,0.8805000000000001
75691:0.019,0.0357,0.0813,0.1335,0.1605,0.2044,0.22030000000000002,0.2394,0.2763,0.31270000000000003,0.3597,0.3846,0.4141,0.4284,0.4476,0.4929,0.5308,0.5747,0.5998,0.6415000000000001,0.6538,0.6943,0.7381000000000001,0.7782,0.8033,0.8400000000000001,0.8761,0.9264,0.9568000000000001
75726:0.1034,0.1796,0.2553,0.7117,0.7469
75822:0.051500000000000004,0.0999,0.13440000000000002,0.17170000000000002,0.2169,0.2477,0.2867,0.32070000000000004,0.37070000000000003,0.4164,0.4504,0.4929,0.5371,0.5786,0.6088,0.65,0.6996,0.7389,0.7826000000000001,0.8088000000000001,0.8514,0.8923000000000001,0.9313,0.9681000000000001
76624:0.1777
76757:0.0375,0.0639,0.0952,0.1491,0.1698,0.2169,0.2437,0.2856,0.3219,0.36920000000000003,0.3982,0.4289,0.4843,0.5175000000000001,0.5827,0.6141,0.6507000000000001,0.6915,0.7203,0.7821,0.7984,0.8491000000000001,0.8805000000000001,0.9041,0.9400000000000001,0.9680000000000001,0.9981000000000001
77410:0.046900000000000004,0.0993,0.13240000000000002,0.182,0.22490000000000002,0.24710000000000001,0.3045,0.3312,0.3995,0.43460000000000004,0.5047,0.5252,0.6009,0.6299,0.6903,0.7160000000000001,0.7826000000000001,0.8330000000000001,0.8613000000000001,0.8999,0.9221,0.9760000000000001
78573:0.1405,0.2595,0.5284,0.6365000000000001,0.7369
78626:0.0217,0.031100000000000003,0.046,0.0601,0.0806,0.0897,0.1048,0.1213,0.1389,0.156,0.1658,0.17650000000000002,0.1927,0.20980000000000001,0.21880000000000002,0.23570000000000002,0.2472,0.2641,0.2807,0.2902,0.3138,0.3317,0.3524,0.36510000000000004,0.3795,0.39280000000000004,0.4117,0.42550000000000004,0.445,0.45630000000000004,0.4772,0.49470000000000003,0.513,0.5362,0.5472,0.5744,0.5832,0.6006,0.6119,0.6227,0.6448,0.6555000000000001,0.6759000000000001,0.6875,0.7022,0.7175,0.7379,0.7526,0.7684000000000001,0.7849,0.7935,0.8078000000000001,0.8217,0.8444,0.8569,0.8739,0.8838,0.8987,0.9117000000000001,0.932,0.9411,0.9592,0.9714,0.9891000000000001,0.9981000000000001
78866:0.13620000000000002,0.2851,0.41700000000000004,0.5850000000000001,0.6997,0.8054
79471:0.0475,0.097,0.15360000000000001,0.221,0.279,0.4032,0.4708,0.5115000000000001,0.5797,0.6516000000000001,0.7006,0.781,0.8345,0.8719,0.9173,0.9630000000000001,0.9976
79616:0.056400000000000006,0.1044,0.12710000000000002,0.1947,0.24070000000000003,0.3148,0.5062,0.5283,0.6111,0.6336,0.7156,0.8003,0.8545,0.9015000000000001,0.9214,0.9805
79646:0.10690000000000001,0.1753,0.325,0.45940000000000003,0.614,0.7347,0.8132,0.9782000000000001
80186:0.0346,0.15910000000000002,0.224,0.3952,0.4278,0.4974,0.5961000000000001,0.6445000000000001,0.787,0.9619000000000001
80204:0.049600000000000005,0.10400000000000001,0.18150000000000002,0.2283,0.3005,0.3289,0.39690000000000003,0.46690000000000004,0.5092,0.6307,0.7038,0.7854,0.8622000000000001,0.9064000000000001,0.9732000000000001
80293:0.049600000000000005,0.0632,0.10940000000000001,0.1247,0.1879,0.2005,0.22890000000000002,0.2452,0.2785,0.30820000000000003,0.3345,0.39840000000000003,0.4157,0.5065000000000001,0.5151,0.5309,0.6025,0.6299,0.7054,0.7187,0.7425,0.7855000000000001,0.7999,0.8345,0.8467,0.874,0.9053,0.9219,0.9331,0.9812000000000001
80349:0.0656,0.1136,0.1437,0.1708,0.2601,0.298,0.32580000000000003,0.4455,0.5448000000000001,0.6123000000000001,0.6624,0.7382000000000001,0.7705000000000001,0.8029000000000001,0.9428000000000001,0.9726
81492:0.557
81725:0.0616,0.2576,0.6158,0.7409
82138:0.0086,0.0181,0.0284,0.0371,0.0432,0.0502,0.060000000000000005,0.0678,0.0775,0.0867,0.0951,0.1034,0.11040000000000001,0.1198,0.1277,0.1371,0.1448,0.1531,0.1621,0.1699,0.1799,0.1877,0.19390000000000002,0.20500000000000002,0.2144,0.22160000000000002,0.23020000000000002,0.2388,0.24700000000000003,0.2579,0.2692,0.27540000000000003,0.2836,0.2936,0.3018,0.31020000000000003,0.3183,0.3291,0.33890000000000003,0.34650000000000003,0.3552,0.3654,0.37610000000000005,0.383,0.391,0.3992,0.4061,0.4164,0.4229,0.431,0.4398,0.4475,0.4554,0.4646,0.4717,0.48210000000000003,0.49100000000000005,0.4979,0.5049,0.5114000000000001,0.5213,0.5314,0.538,0.5466,0.5546,0.5661,0.5738,0.5841000000000001,0.5930000000000001,0.6014,0.6125,0.622,0.632,0.6398,0.6474000000000001,0.6532,0.6636000000000001,0.6732,0.6828000000000001,0.6906,0.7000000000000001,0.7101000000000001,0.7195,0.7335,0.7425,0.749,0.758,0.77,0.7792,0.786,0.794,0.8012,0.8115,0.8186,0.8273,0.8383,0.8474,0.8552000000000001,0.8617,0.8713000000000001,0.8811,0.8885000000000001,0.8953000000000001,0.903,0.909,0.9171,0.926,0.9336000000000001,0.9443,0.9536,0.9605,0.9709000000000001,0.9775,0.9852000000000001,0.9926,0.9988
82300:0.0419,0.1005,0.10990000000000001,0.1245,0.14400000000000002,0.2036,0.2373,0.2596,0.3126,0.3221,0.33240000000000003,0.4016,0.4117,0.49460000000000004,0.5254,0.598,0.6074,0.6204000000000001,0.6318,0.7068,0.7337,0.7933,0.8346,0.8806,0.9083,0.9171,0.9384,0.9783000000000001,0.9871000000000001
83905:0.3291,0.7454000000000001
84372:0.0522,0.1259,0.18910000000000002,0.23950000000000002,0.3078,0.332,0.4121,0.5118,0.6028,0.6302,0.7187,0.7982,0.8335,0.8732000000000001,0.9065000000000001,0.9814
84569:0.033600000000000005,0.1728,0.2529,0.3962,0.5058,0.6039,0.7566,0.9678
84582:0.7474000000000001
84662:0.0654,0.1401,0.258,0.3301,0.5436,0.6168,0.74,0.9411
84763:0.0441,0.054900000000000004,0.0869,0.10110000000000001,0.12380000000000001,0.1351,0.1849,0.20020000000000002,0.224,0.24200000000000002,0.2511,0.3024,0.3236,0.40290000000000004,0.41600000000000004,0.4889,0.508,0.5175000000000001,0.5265000000000001,0.5977,0.6088,0.6272,0.6926,0.7095,0.7269,0.7822,0.7963,0.8314,0.8459,0.8604,0.8766,0.9001,0.9124,0.9281,0.9747
86065:0.0626,0.2548,0.8986000000000001
86342:0.0262,0.048400000000000006,0.0654,0.0825,0.0989,0.1184,0.1464,0.1757,0.1968,0.2146,0.23370000000000002,0.2497,0.2735,0.2914,0.31520000000000004,0.3395,0.385,0.40850000000000003,0.42350000000000004,0.449,0.46380000000000005,0.48090000000000005,0.4979,0.5238,0.5463,0.5686,0.5930000000000001,0.616,0.6544,0.6726000000000001,0.6927,0.7097,0.7336,0.749,0.777,0.8034,0.8249000000000001,0.8471000000000001,0.8624,0.8749,0.9015000000000001,0.9173,0.9439000000000001,0.9621000000000001,0.9790000000000001,0.9931000000000001
88331:0.035,0.0903,0.1211,0.1665,0.22310000000000002,0.2706,0.3305,0.38520000000000004,0.4499,0.5068,0.5553,0.6233000000000001,0.6764,0.7025,0.7489,0.7929,0.8325,0.897,0.9738
89150:0.0471,0.056,0.0629,0.0712,0.0932,0.10260000000000001,0.11030000000000001,0.12000000000000001,0.1287,0.1369,0.1459,0.15330000000000002,0.16290000000000002,0.17200000000000001,0.1789,0.223,0.2325,0.2472,0.2545,0.2627,0.2716,0.2847,0.2931,0.3012,0.3094,0.31880000000000003,0.3264,0.3779,0.3876,0.4016,0.4243,0.4324,0.44060000000000005,0.4476,0.4975,0.5063,0.5209,0.5299,0.5398000000000001,0.5469,0.5880000000000001,0.5975,0.6044,0.6123000000000001,0.6194000000000001,0.628,0.6468,0.6557000000000001,0.6664,0.7088,0.7180000000000001,0.7276,0.7356,0.7415,0.7487,0.762,0.7695000000000001,0.7833,0.7907000000000001,0.7969,0.8065,0.8195,0.8293,0.8545,0.8629,0.8978,0.9049,0.913,0.928,0.9344,0.9426,0.9513,0.9657,0.9723,0.9805,0.9882000000000001
89422:0.0461,0.057300000000000004,0.09670000000000001,0.1145,0.1257,0.13770000000000002,0.18380000000000002,0.1935,0.20650000000000002,0.22710000000000002,0.24250000000000002,0.2571,0.3039,0.32020000000000004,0.3272,0.3437,0.39930000000000004,0.4077,0.4223,0.499,0.5104000000000001,0.5217,0.5309,0.6,0.6114,0.6301,0.6955,0.7094,0.7276,0.7849,0.7978000000000001,0.8344,0.8493,0.8638,0.8785000000000001,0.9028,0.9168000000000001,0.9325,0.9771000000000001
89577:0.0601,0.10550000000000001,0.1337,0.1749,0.25270000000000004,0.3007,0.3287,0.4267,0.5196000000000001,0.606,0.7218,0.7527,0.7962,0.9132,0.9406,0.9782000000000001
89673:0.5534
89930:0.0546,0.0631,0.075,0.10060000000000001,0.1072,0.11510000000000001,0.1252,0.1346,0.14450000000000002,0.152,0.1598,0.1713,0.17800000000000002,0.1869,0.2305,0.24280000000000002,0.2524,0.2594,0.2685,0.2783,0.29150000000000004,0.29960000000000003,0.30810000000000004,0.3171,0.32320000000000004,0.33130000000000004,0.3861,0.40040000000000003,0.4263,0.4345,0.4435,0.4519,0.5049,0.5194,0.5295,0.5429,0.5526,0.5962000000000001,0.6051000000000001,0.6161,0.624,0.6334000000000001,0.6548,0.6643,0.7145,0.7228,0.7332000000000001,0.7401,0.747,0.7552,0.7674000000000001,0.7828,0.7921,0.803,0.812,0.8255,0.8360000000000001,0.8598,0.9024000000000001,0.9121,0.9257000000000001,0.9327000000000001,0.9429000000000001,0.9524,0.9693,0.9779,0.9872000000000001,0.9984000000000001
89992:0.0275,0.0483,0.0555,0.08700000000000001,0.0981,0.115,0.13670000000000002,0.1632,0.1701,0.17980000000000002,0.2109,0.21860000000000002,0.24330000000000002,0.2511,0.2876,0.31070000000000003,0.3189,0.33,0.35500000000000004,0.37570000000000003,0.3906,0.41950000000000004,0.44210000000000005,0.4509,0.462,0.4932,0.5045000000000001,0.5248,0.5385,0.5495,0.5804,0.6027,0.6112000000000001,0.623,0.6516000000000001,0.6719,0.6955,0.7027,0.7245,0.7391000000000001,0.7784000000000001,0.7879,0.8007000000000001,0.8088000000000001,0.8500000000000001,0.8792000000000001,0.8933000000000001,0.9111,0.9324,0.9592,0.9698,0.9836
90296:0.14650000000000002,0.21450000000000002,0.7794000000000001
90385:0.054700000000000006,0.1101,0.1762,0.24910000000000002,0.3295,0.5215000000000001,0.7288,0.9366000000000001
90454:0.0504,0.061200000000000004,0.1062,0.1227,0.19060000000000002,0.22990000000000002,0.23950000000000002,0.27390000000000003,0.30920000000000003,0.3301,0.3447,0.39730000000000004,0.4087,0.4687,0.5025000000000001,0.5106,0.5208,0.5659000000000001,0.6042000000000001,0.6296,0.6465000000000001,0.7011000000000001,0.7223,0.7401,0.7873,0.8008000000000001,0.8417,0.8742000000000001,0.9077000000000001,0.9313,0.9694,0.9808,0.9876
90589:0.0019,0.0117,0.015600000000000001,0.0176,0.0241,0.0345,0.0378,0.044500000000000005,0.049800000000000004,0.0511,0.07050000000000001,0.0833,0.0858,0.08660000000000001,0.0945,0.1,0.1037,0.1071,0.11670000000000001,0.1216,0.1371,0.1374,0.1385,0.1544,0.1757,0.17800000000000002,0.1817,0.1888,0.2005,0.20170000000000002,0.2111,0.2162,0.21730000000000002,0.221,0.2253,0.22710000000000002,0.2305,0.23120000000000002,0.2411,0.2447,0.2609,0.2705,0.2723,0.2735,0.2816,0.2833,0.2969,0.2979,0.3034,0.3201,0.32130000000000003,0.3357,0.3406,0.3497,0.3519,0.367,0.37460000000000004,0.37820000000000004,0.3786,0.3789,0.38820000000000005,0.39330000000000004,0.3956,0.39880000000000004,0.4178,0.42150000000000004,0.4279,0.4307,0.436,0.4373,0.4433,0.4435,0.4481,0.45890000000000003,0.4627,0.4697,0.4756,0.48250000000000004,0.4922,0.4924,0.49350000000000005,0.4985,0.5055000000000001,0.5063,0.5297000000000001,0.5492,0.5494,0.5532,0.5537000000000001,0.5766,0.5906,0.5929,0.6017,0.6103000000000001,0.6255000000000001,0.6422,0.6476000000000001,0.6479,0.6516000000000001,0.6715,0.6717000000000001,0.6807000000000001,0.6833,0.6906,0.7069000000000001,0.7302000000000001,0.7397,0.7438,0.7442000000000001,0.7482000000000001,0.7758,0.7771,0.79,0.7912,0.7917000000000001,0.8115,0.8160000000000001,0.8365,0.8385,0.8426,0.8540000000000001,0.8608,0.8784000000000001,0.8801,0.883,0.9059,0.9065000000000001,0.9117000000000001,0.9139,0.9283,0.9306000000000001,0.9431,0.9486,0.9522,0.9536,0.9548000000000001,0.9576,0.9599000000000001,0.9713,0.9749000000000001,0.9761000000000001,0.9786,0.9858,0.9874
91221:0.0239,0.049800000000000004,0.0738,0.0888,0.112,0.1389,0.1578,0.17700000000000002,0.2015,0.2199,0.2461,0.2783,0.31820000000000004,0.35400000000000004,0.38670000000000004,0.4127,0.4262,0.4536,0.48260000000000003,0.5015000000000001,0.5375,0.5727,0.597,0.6177,0.6464000000000001,0.6761,0.6991,0.7171000000000001,0.7442000000000001,0.7756000000000001,0.7913,0.8125,0.8337,0.8572000000000001,0.8773000000000001,0.909,0.9348000000000001,0.9624,0.9946
91350:0.0459,0.1184,0.20140000000000002,0.2388,0.3084,0.3891,0.4098,0.4698,0.5053,0.5902000000000001,0.6044,0.63,0.7054,0.7973,0.8397,0.9067000000000001,0.9816
91358:0.193,0.23850000000000002,0.3296,0.4053,0.5211,0.6012000000000001,0.6407,0.8456,0.8827,0.9308000000000001,0.9882000000000001
91364:0.0451,0.096,0.129,0.1887,0.2247,0.32780000000000004,0.41900000000000004,0.5057,0.5238,0.612,0.7124,0.7992,0.8561000000000001,0.9157000000000001,0.9777
92298:0.016800000000000002,0.0182,0.0409,0.0475,0.0545,0.056900000000000006,0.06280000000000001,0.0661,0.06960000000000001,0.0784,0.0787,0.0794,0.09190000000000001,0.0949,0.10640000000000001,0.10840000000000001,0.1092,0.1135,0.116,0.1163,0.1328,0.133,0.14450000000000002,0.17,0.17070000000000002,0.1723,0.185,0.19090000000000001,0.2036,0.2101,0.22130000000000002,0.2308,0.234,0.24550000000000002,0.24680000000000002,0.25470000000000004,0.27080000000000004,0.275,0.2762,0.2783,0.2866,0.301,0.30860000000000004,0.3106,0.3109,0.32120000000000004,0.3289,0.34140000000000004,0.34650000000000003,0.3652,0.369,0.3793,0.3809,0.38230000000000003,0.3891,0.3977,0.4021,0.4063,0.4107,0.41850000000000004,0.4234,0.42400000000000004,0.42800000000000005,0.4384,0.44170000000000004,0.44630000000000003,0.4505,0.45330000000000004,0.45790000000000003,0.4641,0.46990000000000004,0.4751,0.47740000000000005,0.4788,0.4813,0.4837,0.48710000000000003,0.49050000000000005,0.5012,0.5264,0.5285000000000001,0.5475,0.552,0.5553,0.5660000000000001,0.5663,0.5729000000000001,0.5818,0.5921000000000001,0.6118,0.625,0.6335000000000001,0.6501,0.6515000000000001,0.6523,0.6549,0.6583,0.6867000000000001,0.6875,0.6881,0.6910000000000001,0.7027,0.7032,0.7062,0.7073,0.7184,0.7253000000000001,0.7311000000000001,0.7398,0.7421,0.7428,0.747,0.748,0.7483000000000001,0.7578,0.7585000000000001,0.7654000000000001,0.772,0.785,0.7855000000000001,0.788,0.7925000000000001,0.8117000000000001,0.8148000000000001,0.8359000000000001,0.8394,0.8459,0.8497,0.8551000000000001,0.8574,0.8598,0.8653000000000001,0.8688,0.8696,0.881,0.8978,0.9057000000000001,0.9092,0.9182,0.9318000000000001,0.9449000000000001,0.9468000000000001,0.9507000000000001,0.9670000000000001,0.9692000000000001,0.9710000000000001,0.9732000000000001,0.9850000000000001,0.9855
92443:0.0594,0.10300000000000001,0.1318,0.16390000000000002,0.2523,0.2942,0.3246,0.4257,0.45690000000000003,0.5265000000000001,0.6067,0.656,0.7250000000000001,0.7435,0.7935,0.8601000000000001,0.9193,0.9720000000000001
92585:0.0555,0.111,0.19340000000000002,0.25780000000000003,0.5066,0.6172000000000001,0.7187,0.9808
93222:0.5566
93320:0.5564
93460:0.0391,0.10840000000000001,0.1625,0.3835,0.5072,0.5544,0.7488,0.859
93650:0.26930000000000004,0.5292
94214:0.0459,0.1005,0.1875,0.23340000000000002,0.2619,0.30960000000000004,0.4002,0.4102,0.4914,0.5099,0.5938,0.6201,0.6313000000000001,0.7052,0.7917000000000001,0.8637,0.9583,0.9784
95222:0.0444,0.0528,0.0577,0.0635,0.0707,0.0784,0.0926,0.0975,0.10260000000000001,0.10840000000000001,0.1169,0.12390000000000001,0.13040000000000002,0.13670000000000002,0.1437,0.14880000000000002,0.155,0.1637,0.1711,0.1769,0.1935,0.2217,0.2286,0.2386,0.2516,0.25670000000000004,0.26230000000000003,0.26830000000000004,0.2795,0.29050000000000004,0.29560000000000003,0.3037,0.3131,0.3183,0.3239,0.33230000000000004,0.3463,0.3763,0.38430000000000003,0.3924,0.4045,0.42600000000000005,0.4319,0.43970000000000004,0.445,0.45570000000000005,0.496,0.5035000000000001,0.5161,0.5217,0.5358,0.541,0.5475,0.5870000000000001,0.5951000000000001,0.6016,0.6071000000000001,0.6124,0.6183000000000001,0.6235,0.636,0.6461,0.6533,0.6614,0.6718000000000001,0.7065,0.7143,0.7223,0.7332000000000001,0.7381000000000001,0.7427,0.7479,0.7537,0.763,0.7688,0.775,0.7865000000000001,0.791,0.7963,0.8043,0.8104,0.8190000000000001,0.8252,0.8327,0.8526,0.8598,0.8682000000000001,0.896,0.9016000000000001,0.91,0.923,0.932,0.9415,0.9497000000000001,0.9555,0.9649000000000001,0.9703,0.9767,0.9838,0.9879
95360:0.1802
95389:0.042,0.0509,0.0978,0.1139,0.126,0.1355,0.18380000000000002,0.1925,0.2053,0.2286,0.24180000000000001,0.251,0.26,0.3055,0.3186,0.3315,0.3986,0.4091,0.4269,0.4902,0.5059,0.5135000000000001,0.5239,0.534,0.5931000000000001,0.603,0.6192000000000001,0.6316,0.6994,0.7069000000000001,0.7195,0.733,0.7887000000000001,0.8012,0.8338,0.8442000000000001,0.8631000000000001,0.8754000000000001,0.8968,0.9073,0.9225000000000001,0.9368000000000001,0.9577,0.9768
95396:0.101,0.4665,0.6125,0.7130000000000001,0.9762000000000001
95621:0.09910000000000001,0.1753,0.2625,0.5128,0.7116,0.752,0.9862000000000001
95808:0.0068000000000000005,0.015700000000000002,0.0241,0.031900000000000005,0.0386,0.044700000000000004,0.052700000000000004,0.061000000000000006,0.06720000000000001,0.08,0.0878,0.0974,0.1058,0.11320000000000001,0.1207,0.1288,0.1364,0.14200000000000002,0.1499,0.1564,0.1656,0.1719,0.17880000000000001,0.18580000000000002,0.1915,0.2049,0.2147,0.22030000000000002,0.22970000000000002,0.23570000000000002,0.2432,0.24910000000000002,0.2561,0.2674,0.2743,0.2853,0.2947,0.3028,0.31020000000000003,0.3173,0.32830000000000004,0.33540000000000003,0.3456,0.35450000000000004,0.3655,0.37720000000000004,0.383,0.3917,0.3985,0.4063,0.4147,0.42110000000000003,0.42910000000000004,0.43760000000000004,0.4455,0.45280000000000004,0.4627,0.47040000000000004,0.4803,0.4884,0.4949,0.5031,0.5089,0.5185000000000001,0.5268,0.5358,0.5439,0.5525,0.5664,0.5739000000000001,0.5812,0.5898,0.5963,0.6045,0.6133000000000001,0.6231,0.6315000000000001,0.6387,0.6445000000000001,0.6507000000000001,0.6594,0.6739,0.6829000000000001,0.6907,0.7018,0.7099000000000001,0.7191000000000001,0.7335,0.742,0.7478,0.7555000000000001,0.7696000000000001,0.7784000000000001,0.7859,0.7929,0.7997000000000001,0.8082,0.8161,0.8283,0.8374,0.8443,0.8544,0.861,0.8684000000000001,0.8768,0.8844000000000001,0.8949,0.9035000000000001,0.912,0.9202,0.9274,0.9361,0.9446,0.9532,0.9605,0.9708,0.9762000000000001,0.9842000000000001,0.9916,0.9974000000000001
96614:0.10350000000000001,0.1429,0.17750000000000002,0.2549,0.3239,0.4571,0.5423,0.6122000000000001,0.7337,0.7958000000000001,0.937,0.9789
97602:0.0077,0.014400000000000001,0.0167,0.0313,0.0357,0.046,0.0897,0.09040000000000001,0.09330000000000001,0.1102,0.11560000000000001,0.1278,0.1328,0.15080000000000002,0.1955,0.2021,0.20520000000000002,0.21250000000000002,0.217,0.22360000000000002,0.2403,0.2531,0.2535,0.26230000000000003,0.27840000000000004,0.2831,0.2833,0.2873,0.28850000000000003,0.29350000000000004,0.2967,0.2994,0.3049,0.3053,0.32220000000000004,0.3259,0.3383,0.3411,0.3423,0.3435,0.34700000000000003,0.3518,0.35500000000000004,0.3602,0.3633,0.36460000000000004,0.3678,0.36810000000000004,0.395,0.4002,0.41950000000000004,0.42210000000000003,0.4264,0.4283,0.4345,0.4365,0.44370000000000004,0.4465,0.44870000000000004,0.4506,0.45080000000000003,0.45740000000000003,0.4671,0.4748,0.4854,0.48710000000000003,0.4883,0.5091,0.5178,0.5181,0.5219,0.5261,0.5263,0.5268,0.5337000000000001,0.5347000000000001,0.5364,0.5609000000000001,0.5638000000000001,0.5706,0.5829,0.5839,0.5898,0.5956,0.61,0.6229,0.6273000000000001,0.6293000000000001,0.6391,0.6493,0.6525000000000001,0.6651,0.671,0.6908000000000001,0.6920000000000001,0.7118,0.731,0.733,0.7391000000000001,0.7478,0.7506,0.7538,0.7597,0.7636000000000001,0.7775000000000001,0.7798,0.7827000000000001,0.79,0.7974,0.811,0.8260000000000001,0.8341000000000001,0.8362,0.8373,0.8507,0.869,0.873,0.8807,0.8811,0.8817,0.8905000000000001,0.8945000000000001,0.9045000000000001,0.9074000000000001,0.9264,0.9297000000000001,0.9329000000000001,0.9528000000000001,0.9597,0.9611000000000001,0.9653,0.9664,0.9697,0.9701000000000001,0.9795,0.9802000000000001,0.9821000000000001
97917:0.2401,0.3245,0.6524,0.8524
98888:0.1038,0.17300000000000001,0.253,0.3245,0.4254,0.5433,0.6117,0.7369,0.7992,0.9415
99361:0.0235,0.031200000000000002,0.046,0.0746,0.0872,0.0976,0.1149,0.13970000000000002,0.1588,0.16670000000000001,0.17450000000000002,0.2127,0.2199,0.2459,0.26480000000000004,0.2896,0.3168,0.32780000000000004,0.35660000000000003,0.3765,0.3905,0.4218,0.4434,0.44980000000000003,0.4575,0.49400000000000005,0.5038,0.5414,0.5514,0.5807,0.6035,0.6197,0.6532,0.6703,0.6817000000000001,0.6971,0.7160000000000001,0.7401,0.7466,0.7689,0.7864,0.809,0.8263,0.8511000000000001,0.8788,0.8934000000000001,0.9092,0.9359000000000001,0.9600000000000001,0.9715
99817:0.0245,0.0533,0.0952,0.1353,0.1686,0.21300000000000002,0.24400000000000002,0.2844,0.3189,0.3672,0.41600000000000004,0.44580000000000003,0.48660000000000003,0.5334,0.5741,0.6067,0.647,0.6988000000000001,0.7351000000000001,0.7797000000000001,0.808,0.8481000000000001,0.8909,0.93,0.9661000000000001
99821:0.0443,0.0645,0.10550000000000001,0.1653,0.2202,0.25020000000000003,0.2969,0.3285,0.3743,0.3937,0.4566,0.5001,0.5408000000000001,0.6137,0.6725,0.7072,0.7411,0.795,0.8545,0.895,0.9358000000000001
99836:0.036500000000000005,0.0557,0.0954,0.1051,0.139,0.1704,0.18030000000000002,0.21910000000000002,0.2492,0.2899,0.317,0.3299,0.376,0.3977,0.42360000000000003,0.44920000000000004,0.49420000000000003,0.5094000000000001,0.5407000000000001,0.5822,0.6079,0.6523,0.6804,0.7023,0.7336,0.7415,0.7841,0.8095,0.8541000000000001,0.8931,0.935,0.9671000000000001,0.9916
99878:0.0551,0.09580000000000001,0.16620000000000001,0.21860000000000002,0.2519,0.2995,0.38230000000000003,0.4289,0.45940000000000003,0.504,0.5474,0.6079,0.6741,0.7374,0.8068000000000001,0.8927,0.9619000000000001
99945:0.058800000000000005,0.06720000000000001,0.0964,0.1076,0.11320000000000001,0.1231,0.1434,0.1504,0.1628,0.1801,0.23440000000000003,0.25470000000000004,0.27080000000000004,0.28040000000000004,0.29100000000000004,0.3033,0.3206,0.33390000000000003,0.3911,0.4319,0.44370000000000004,0.5087,0.5204,0.5286000000000001,0.5402,0.5976,0.6079,0.6147,0.6235,0.6513,0.7201000000000001,0.7345,0.745,0.7584000000000001,0.7663000000000001,0.7883,0.7967000000000001,0.8249000000000001,0.9049,0.925,0.9331,0.9427000000000001,0.9516,0.9656,0.9749000000000001,0.9837
100460:0.032100000000000004,0.0567,0.09820000000000001,0.14250000000000002,0.1731,0.2179,0.24750000000000003,0.2585,0.29100000000000004,0.32070000000000004,0.3753,0.41960000000000003,0.49420000000000003,0.5379,0.6077,0.6598,0.7030000000000001,0.7336,0.747,0.7834,0.8499,0.8917,0.9327000000000001,0.9710000000000001
100605:0.0082,0.01,0.0166,0.0173,0.023,0.028800000000000003,0.0386,0.0461,0.053700000000000005,0.0594,0.061900000000000004,0.0694,0.07680000000000001,0.0771,0.0945,0.0961,0.1005,0.10490000000000001,0.1056,0.11800000000000001,0.12250000000000001,0.1228,0.1263,0.1292,0.1418,0.1443,0.14750000000000002,0.152,0.153,0.164,0.1703,0.1877,0.191,0.1948,0.19690000000000002,0.2021,0.20520000000000002,0.20620000000000002,0.21150000000000002,0.2263,0.23070000000000002,0.23770000000000002,0.2386,0.2434,0.2436,0.24450000000000002,0.2469,0.2485,0.253,0.2587,0.2594,0.2681,0.2697,0.3039,0.3053,0.30860000000000004,0.32180000000000003,0.3245,0.33440000000000003,0.3387,0.34700000000000003,0.3568,0.3583,0.36110000000000003,0.3658,0.3678,0.3695,0.37370000000000003,0.3763,0.38220000000000004,0.3912,0.40080000000000005,0.4035,0.4048,0.41140000000000004,0.41960000000000003,0.42650000000000005,0.4349,0.4364,0.4408,0.4506,0.45170000000000005,0.4566,0.4687,0.48250000000000004,0.4869,0.4923,0.5018,0.5048,0.5251,0.5256000000000001,0.5261,0.5292,0.5308,0.5329,0.5338,0.5379,0.5602,0.5822,0.5951000000000001,0.6184000000000001,0.6247,0.6298,0.6346,0.6475000000000001,0.678,0.6796,0.6841,0.6997,0.7033,0.7067,0.7079000000000001,0.7087,0.7135,0.7193,0.735,0.7547,0.764,0.7897000000000001,0.7954,0.8026000000000001,0.8219000000000001,0.8335,0.8384,0.8495,0.8546,0.8574,0.8616,0.8659,0.8674000000000001,0.8774000000000001,0.8817,0.8834000000000001,0.8846,0.9078,0.914,0.9281,0.9291,0.9429000000000001,0.9434,0.9472,0.9532,0.9576,0.9697,0.9705,0.9735,0.9784
100662:0.062400000000000004,0.10600000000000001,0.12430000000000001,0.1448,0.15860000000000002,0.1787,0.2545,0.2818,0.2975,0.318,0.43420000000000003,0.44870000000000004,0.5205000000000001,0.5438000000000001,0.6052000000000001,0.6197,0.6562,0.7329,0.7449,0.7681,0.7956000000000001,0.8333,0.9138000000000001,0.9414,0.9655,0.9788
100750:0.046,0.0589,0.10550000000000001,0.1206,0.1338,0.1824,0.20090000000000002,0.23370000000000002,0.2549,0.2997,0.31170000000000003,0.32730000000000004,0.37010000000000004,0.40790000000000004,0.4878,0.5094000000000001,0.5223,0.5946,0.6046,0.6261,0.6355000000000001,0.7035,0.7218,0.7897000000000001,0.8273,0.8398,0.8621000000000001,0.8784000000000001,0.8997,0.9133,0.9294,0.9741000000000001,0.9840000000000001
100960:0.040400000000000005,0.0507,0.0591,0.0945,0.1043,0.112,0.1211,0.1312,0.14070000000000002,0.1779,0.1882,0.2054,0.2262,0.2366,0.2504,0.2594,0.2777,0.3049,0.3145,0.3265,0.33690000000000003,0.3846,0.40030000000000004,0.4083,0.4214,0.4933,0.5038,0.5131,0.5237,0.5938,0.6038,0.6133000000000001,0.627,0.6354000000000001,0.6952,0.7028,0.7109000000000001,0.7269,0.7397,0.7862,0.7941,0.8005,0.8362,0.8426,0.8559,0.8658,0.8752000000000001,0.889,0.9046000000000001,0.9155000000000001,0.9306000000000001,0.9667,0.9791000000000001
100978:0.045000000000000005,0.0509,0.0568,0.061500000000000006,0.0668,0.0719,0.0954,0.1014,0.1051,0.11660000000000001,0.12300000000000001,0.1346,0.1405,0.1447,0.14930000000000002,0.1567,0.16490000000000002,0.1706,0.1751,0.1804,0.18810000000000002,0.2225,0.2267,0.2313,0.2356,0.2398,0.2497,0.2548,0.26730000000000004,0.2816,0.2873,0.29150000000000004,0.29660000000000003,0.3023,0.30720000000000003,0.313,0.3176,0.32130000000000003,0.3257,0.32880000000000004,0.335,0.3395,0.377,0.3816,0.38570000000000004,0.3907,0.3981,0.42700000000000005,0.43160000000000004,0.43910000000000005,0.4429,0.4984,0.5028,0.5101,0.5163,0.5199,0.5337000000000001,0.5397000000000001,0.5433,0.5900000000000001,0.5984,0.6075,0.6116,0.6154000000000001,0.6219,0.6251,0.6308,0.6461,0.6505000000000001,0.655,0.6586000000000001,0.6627000000000001,0.7110000000000001,0.7146,0.7206,0.7244,0.7307,0.7346,0.7386,0.7423000000000001,0.7466,0.7569,0.7639,0.7676000000000001,0.7856000000000001,0.7898000000000001,0.7935,0.7983,0.8027000000000001,0.8238000000000001,0.8411000000000001,0.8536,0.8607,0.8667,0.8967,0.9002,0.9057000000000001,0.925,0.93,0.9400000000000001,0.9443,0.9483,0.9576,0.9639000000000001,0.9690000000000001,0.9752000000000001,0.9828,0.9870000000000001,0.9919
101321:0.26330000000000003,0.5228
101593:0.06380000000000001,0.22390000000000002,0.2575,0.3302,0.3946,0.5034000000000001,0.7079000000000001,0.8974000000000001,0.9774
102292:0.1621,0.18180000000000002,0.2999,0.7541,0.8311000000000001,0.9761000000000001
102610:0.033800000000000004,0.09190000000000001,0.17370000000000002,0.2182,0.5814,0.6268,0.7001000000000001,0.8905000000000001,0.9664
102663:0.1068,0.14880000000000002,0.2566,0.3304,0.614,0.7339,0.9778
103226:0.0589,0.1263,0.2001,0.2356,0.26,0.3146,0.33380000000000004,0.41450000000000004,0.5138,0.5336000000000001,0.6147,0.6425000000000001,0.7188,0.8039000000000001,0.8469,0.8843000000000001,0.913,0.9860000000000001
103521:0.1282,0.2389,0.3239,0.4404,0.527,0.6325000000000001,0.7307,0.8044,0.8744000000000001,0.9319000000000001,0.9861000000000001
103568:0.027800000000000002,0.037700000000000004,0.0526,0.08170000000000001,0.10020000000000001,0.1199,0.13390000000000002,0.1562,0.169,0.1894,0.2139,0.224,0.2424,0.2768,0.2919,0.32030000000000003,0.3391,0.38630000000000003,0.399,0.4173,0.43110000000000004,0.4535,0.4864,0.5045000000000001,0.522,0.5503,0.5760000000000001,0.5858,0.6035,0.6253000000000001,0.6467,0.6759000000000001,0.7000000000000001,0.7201000000000001,0.7458,0.7785000000000001,0.7914,0.8167000000000001,0.8386,0.8633000000000001,0.8789,0.9041,0.9278000000000001,0.9552,0.9672000000000001,0.9760000000000001,0.995
103820:0.037000000000000005,0.056600000000000004,0.0932,0.11040000000000001,0.13920000000000002,0.17500000000000002,0.2187,0.251,0.2902,0.31930000000000003,0.3297,0.36250000000000004,0.3925,0.42800000000000005,0.45170000000000005,0.4701,0.5031,0.5369,0.5853,0.6072000000000001,0.6268,0.6691,0.7033,0.7382000000000001,0.7464000000000001,0.7879,0.8126,0.8549,0.8887,0.8988,0.9362,0.9675,0.9913000000000001
104649:0.5596
105062:0.055200000000000006,0.21030000000000001,0.2566,0.3299,0.5154,0.5268,0.6097,0.7376,0.8448,0.8738,0.9083
105237:0.0256,0.0825,0.1569,0.1754,0.21380000000000002,0.24500000000000002,0.2868,0.3543,0.3926,0.444,0.4534,0.545,0.5788,0.6093000000000001,0.6218,0.6552,0.6781,0.7002,0.7612,0.7867000000000001,0.8752000000000001,0.8982,0.9115000000000001,0.9361,0.9639000000000001,0.9909
105286:0.21980000000000002,0.7040000000000001,0.9158000000000001
106088:0.0375,0.0455,0.0526,0.0664,0.09730000000000001,0.11570000000000001,0.12510000000000002,0.13440000000000002,0.1849,0.194,0.2061,0.22210000000000002,0.22940000000000002,0.23970000000000002,0.2497,0.2597,0.2947,0.30770000000000003,0.3148,0.3236,0.333,0.3669,0.38870000000000005,0.4038,0.4116,0.41900000000000004,0.4324,0.4671,0.4893,0.49960000000000004,0.5093,0.5157,0.5268,0.5755,0.6,0.6079,0.6197,0.6294000000000001,0.6953,0.7045,0.7136,0.7231000000000001,0.7327,0.7844,0.7984,0.8102,0.8298000000000001,0.8362,0.8500000000000001,0.8638,0.8747,0.8936000000000001,0.9047000000000001,0.9118,0.925,0.9346000000000001,0.9712000000000001,0.9789,0.9936
106277:0.037700000000000004,0.048600000000000004,0.054200000000000005,0.0989,0.1116,0.12490000000000001,0.14930000000000002,0.1799,0.1857,0.1953,0.219,0.23220000000000002,0.2432,0.2766,0.3024,0.3136,0.3307,0.3397,0.36150000000000004,0.39280000000000004,0.39830000000000004,0.41200000000000003,0.4203,0.45630000000000004,0.46530000000000005,0.5047,0.5123,0.5289,0.5596,0.5987,0.6073000000000001,0.6269,0.636,0.6887,0.7052,0.7164,0.7379,0.7805000000000001,0.7959,0.8304,0.8434,0.8673000000000001,0.8743000000000001,0.899,0.908,0.9332,0.9684,0.9772000000000001,0.9874
106477:0.054200000000000005,0.0723,0.19160000000000002,0.256,0.43670000000000003,0.5258,0.7964,0.9757
106485:0.025500000000000002,0.051500000000000004,0.085,0.09230000000000001,0.10940000000000001,0.1351,0.1641,0.17170000000000002,0.2082,0.2162,0.2434,0.24810000000000001,0.2862,0.3116,0.32070000000000004,0.35200000000000004,0.37370000000000003,0.3881,0.41900000000000004,0.4454,0.4521,0.49200000000000005,0.4993,0.5336000000000001,0.5447000000000001,0.5786,0.6031000000000001,0.619,0.6507000000000001,0.6683,0.6966,0.7032,0.7239,0.7341000000000001,0.742,0.7812,0.8043,0.8481000000000001,0.8765000000000001,0.89,0.8997,0.9309000000000001,0.9570000000000001,0.9708
106500:0.058100000000000006,0.0721,0.1077,0.12050000000000001,0.1432,0.1529,0.171,0.2341,0.257,0.2715,0.2939,0.30820000000000003,0.32330000000000003,0.3997,0.4345,0.5157,0.5437000000000001,0.6018,0.615,0.6338,0.7208,0.7361000000000001,0.7486,0.7675000000000001,0.7944,0.8106,0.8348,0.9064000000000001,0.9397000000000001,0.9511000000000001,0.9707,0.9799
106730:0.020300000000000002,0.041100000000000005,0.0472,0.0529,0.0635,0.0829,0.0961,0.1203,0.1295,0.1564,0.1731,0.1831,0.20170000000000002,0.215,0.2242,0.2399,0.24650000000000002,0.2605,0.2861,0.29560000000000003,0.3042,0.3144,0.3262,0.33990000000000004,0.3539,0.3647,0.38670000000000004,0.39690000000000003,0.41440000000000005,0.4262,0.43270000000000003,0.45840000000000003,0.4721,0.4807,0.4944,0.5061,0.5138,0.5246000000000001,0.5552,0.5746,0.5979,0.6164000000000001,0.626,0.661,0.6775,0.6918000000000001,0.7011000000000001,0.7095,0.7154,0.7473000000000001,0.7629,0.7794000000000001,0.8041,0.8172,0.8250000000000001,0.8318000000000001,0.8478,0.859,0.8758,0.8904000000000001,0.899,0.9101,0.9202,0.9378000000000001,0.9530000000000001,0.9666,0.9740000000000001,0.9993000000000001
107061:0.049800000000000004,0.058600000000000006,0.0646,0.0731,0.09680000000000001,0.1029,0.1107,0.12200000000000001,0.1318,0.1428,0.14930000000000002,0.15660000000000002,0.16690000000000002,0.17420000000000002,0.1802,0.2253,0.23320000000000002,0.2494,0.25630000000000003,0.264,0.2722,0.2853,0.2934,0.3022,0.3103,0.3191,0.32630000000000003,0.3825,0.3956,0.4204,0.4305,0.4395,0.4461,0.5003000000000001,0.5135000000000001,0.5236000000000001,0.5376000000000001,0.545,0.5895,0.5978,0.6041000000000001,0.6125,0.6204000000000001,0.6281,0.6495000000000001,0.6558,0.666,0.7115,0.7180000000000001,0.7285,0.7358,0.742,0.7491,0.7619,0.7693,0.7874,0.7956000000000001,0.8072,0.8221,0.8364,0.8566,0.8971,0.9046000000000001,0.9135000000000001,0.9299000000000001,0.9403,0.9477000000000001,0.9575,0.9669000000000001,0.9727,0.9818,0.9899
107125:0.14300000000000002,0.2592,0.3351,0.527,0.6351,0.7338,0.8761,0.9417000000000001
107201:0.0623,0.1267,0.21000000000000002,0.315,0.41750000000000004,0.5253,0.6082000000000001,0.6384000000000001,0.7304,0.8425,0.8856,0.9168000000000001,0.9872000000000001
107572:0.0396,0.049100000000000005,0.09570000000000001,0.11370000000000001,0.1228,0.1816,0.1902,0.2194,0.22870000000000001,0.2363,0.255,0.2933,0.3053,0.3163,0.3256,0.35810000000000003,0.38420000000000004,0.39690000000000003,0.4078,0.43,0.439,0.46430000000000005,0.48200000000000004,0.5021,0.5104000000000001,0.5242,0.5666,0.5858,0.5985,0.6153000000000001,0.6254000000000001,0.6853,0.7005,0.7092,0.7231000000000001,0.7809,0.7941,0.8018000000000001,0.8325,0.8567,0.8713000000000001,0.8936000000000001,0.9045000000000001,0.9205000000000001,0.9348000000000001,0.9668,0.9789,0.9877
107801:0.061900000000000004,0.1076,0.1236,0.1486,0.1774,0.2558,0.2715,0.29400000000000004,0.3168,0.3382,0.437,0.5202,0.6053000000000001,0.6182000000000001,0.6547000000000001,0.7352000000000001,0.7594000000000001,0.7914,0.9400000000000001,0.9554,0.9734,0.9862000000000001
108071:0.0478,0.094,0.1253,0.17930000000000001,0.2293,0.25,0.2912,0.322,0.35810000000000003,0.4036,0.43220000000000003,0.47500000000000003,0.5106,0.5786,0.6216,0.6967,0.7163,0.7836000000000001,0.8197,0.8392000000000001,0.8659,0.9018,0.9317000000000001,0.9670000000000001
108426:0.0039000000000000003,0.0079,0.038700000000000005,0.04,0.0441,0.046200000000000005,0.0502,0.054900000000000004,0.0641,0.0727,0.0752,0.0821,0.0876,0.0879,0.09040000000000001,0.0927,0.0979,0.1091,0.11810000000000001,0.1208,0.1378,0.1444,0.1489,0.1658,0.1796,0.1824,0.20020000000000002,0.20520000000000002,0.20850000000000002,0.2187,0.2237,0.22820000000000001,0.22970000000000002,0.2354,0.2371,0.24180000000000001,0.2449,0.2576,0.2585,0.27030000000000004,0.2807,0.2842,0.2907,0.30760000000000004,0.311,0.32580000000000003,0.33580000000000004,0.3437,0.3477,0.3945,0.41450000000000004,0.41540000000000005,0.41750000000000004,0.4188,0.44120000000000004,0.45170000000000005,0.46030000000000004,0.4666,0.4671,0.46790000000000004,0.47450000000000003,0.4909,0.49410000000000004,0.5053,0.5106,0.5172,0.5175000000000001,0.5323,0.5346000000000001,0.5499,0.5515,0.5683,0.5708,0.5735,0.5829,0.5907,0.5965,0.5972000000000001,0.609,0.6098,0.6128,0.639,0.6607000000000001,0.6659,0.6687000000000001,0.6689,0.6873,0.6991,0.7054,0.7058,0.7144,0.7175,0.7261000000000001,0.739,0.7449,0.7466,0.7505000000000001,0.7764000000000001,0.8008000000000001,0.8036000000000001,0.8071,0.8204,0.8242,0.8283,0.8306,0.8401000000000001,0.8453,0.8465,0.8531000000000001,0.8578,0.8642000000000001,0.8652000000000001,0.8694000000000001,0.877,0.8972,0.8975000000000001,0.8985000000000001,0.9003,0.9081,0.9134,0.9147000000000001,0.9164,0.9251,0.9328000000000001,0.9396,0.9430000000000001,0.9567,0.9627,0.9741000000000001,0.9813000000000001,0.9832000000000001,0.9843000000000001,0.9891000000000001,0.9994000000000001
109178:0.038400000000000004,0.052700000000000004,0.0892,0.1003,0.1207,0.1369,0.1603,0.1709,0.2154,0.2381,0.2497,0.2727,0.29000000000000004,0.3116,0.3215,0.3704,0.4046,0.4197,0.4389,0.45370000000000005,0.4907,0.5115000000000001,0.5346000000000001,0.5783,0.6017,0.6099,0.6337,0.6506000000000001,0.6976,0.7192000000000001,0.7311000000000001,0.7411,0.7754000000000001,0.7915000000000001,0.8046000000000001,0.8475,0.8905000000000001,0.9166000000000001,0.9322,0.9658,0.9749000000000001,0.9921000000000001
109395:0.0117,0.021,0.035300000000000005,0.0449,0.0557,0.0683,0.0794,0.0927,0.1023,0.11330000000000001,0.12290000000000001,0.1341,0.1454,0.1553,0.16620000000000001,0.1776,0.1898,0.2001,0.2093,0.2195,0.23040000000000002,0.2424,0.2516,0.2612,0.2752,0.2852,0.29600000000000004,0.3074,0.3176,0.3305,0.3436,0.3542,0.36510000000000004,0.3788,0.39080000000000004,0.4015,0.41000000000000003,0.4207,0.4292,0.43960000000000005,0.44930000000000003,0.46030000000000004,0.47290000000000004,0.4852,0.4954,0.5065000000000001,0.519,0.5302,0.5393,0.5514,0.5660000000000001,0.5758,0.5869,0.5966,0.6093000000000001,0.6203000000000001,0.6333000000000001,0.6432,0.6518,0.6631,0.675,0.6869000000000001,0.6954,0.7068,0.7152000000000001,0.728,0.7391000000000001,0.75,0.7622,0.7754000000000001,0.7839,0.7938000000000001,0.8035,0.8162,0.8299000000000001,0.8407,0.8521000000000001,0.8614,0.8748,0.885,0.8976000000000001,0.9082,0.9196000000000001,0.9301,0.9427000000000001,0.9537,0.9636,0.9735,0.9834,0.9958
109436:0.746
109721:0.0358,0.0531,0.0886,0.11080000000000001,0.1274,0.15080000000000002,0.17550000000000002,0.1912,0.2174,0.2421,0.25170000000000003,0.28040000000000004,0.30510000000000004,0.32320000000000004,0.3452,0.3652,0.39530000000000004,0.41240000000000004,0.4269,0.449,0.4632,0.5081,0.5188,0.5414,0.5768,0.6005,0.6142000000000001,0.6373,0.6605000000000001,0.6853,0.7036,0.7416,0.7641,0.7849,0.8019000000000001,0.8384,0.8560000000000001,0.8774000000000001,0.9031,0.9155000000000001,0.9371,0.9678,0.9831000000000001
110469:0.0015,0.0024000000000000002,0.0055000000000000005,0.0103,0.0154,0.0199,0.0317,0.0386,0.040400000000000005,0.0468,0.0558,0.057800000000000004,0.0646,0.0748,0.07680000000000001,0.07740000000000001,0.0883,0.0901,0.0941,0.09870000000000001,0.09960000000000001,0.1091,0.114,0.1154,0.12100000000000001,0.1258,0.13140000000000002,0.1345,0.1428,0.1432,0.1487,0.153,0.1562,0.15810000000000002,0.1693,0.1771,0.18480000000000002,0.19090000000000001,0.2054,0.22010000000000002,0.22410000000000002,0.22740000000000002,0.233,0.2406,0.2472,0.2566,0.25880000000000003,0.2718,0.27540000000000003,0.2763,0.2813,0.28240000000000004,0.2844,0.29150000000000004,0.2958,0.3029,0.30560000000000004,0.3151,0.3257,0.3267,0.3372,0.3391,0.3395,0.3467,0.36100000000000004,0.3649,0.36510000000000004,0.3775,0.37870000000000004,0.3834,0.4025,0.4228,0.4328,0.4363,0.43720000000000003,0.44920000000000004,0.47840000000000005,0.5083,0.509,0.5132,0.5143,0.5184,0.5347000000000001,0.5383,0.5399,0.5401,0.5442,0.5654,0.5902000000000001,0.6046,0.6231,0.6486000000000001,0.6495000000000001,0.657,0.6572,0.6704,0.6763,0.6826,0.6834,0.6861,0.6900000000000001,0.6989000000000001,0.7112,0.7114,0.7193,0.728,0.735,0.7373000000000001,0.7442000000000001,0.7467,0.7483000000000001,0.7545000000000001,0.7712,0.7732,0.7807000000000001,0.7822,0.784,0.789,0.7926000000000001,0.7981,0.7986000000000001,0.8149000000000001,0.8370000000000001,0.8507,0.8547,0.8808,0.8887,0.8899,0.8989,0.9007000000000001,0.9174,0.918,0.9199,0.9213,0.9279000000000001,0.9331,0.9387000000000001,0.9409000000000001,0.9427000000000001,0.9433,0.9477000000000001,0.9601000000000001,0.9694,0.9719000000000001,0.9790000000000001,0.9874,0.9887,0.9902000000000001,0.9952000000000001,0.9961000000000001
110668:0.0599,0.1782,0.22160000000000002,0.2437,0.2912,0.3291,0.3962,0.449,0.4686,0.5827,0.6134000000000001,0.6311,0.6612,0.7039000000000001,0.7888000000000001,0.8782000000000001,0.9073,0.9317000000000001,0.9696,0.9941000000000001
110751:0.24330000000000002,0.3246,0.5272,0.6474000000000001,0.9914000000000001
111258:0.2707,0.5295
111357:0.0455,0.06720000000000001,0.0738,0.07490000000000001,0.0752,0.0755,0.07740000000000001,0.09090000000000001,0.10200000000000001,0.1109,0.1333,0.1341,0.14100000000000001,0.14500000000000002,0.1506,0.15910000000000002,0.1603,0.1648,0.1695,0.1806,0.18150000000000002,0.18680000000000002,0.189,0.19310000000000002,0.19410000000000002,0.2034,0.2053,0.2092,0.2124,0.2174,0.2189,0.2255,0.24500000000000002,0.25670000000000004,0.2733,0.277,0.28150000000000003,0.28250000000000003,0.2968,0.31270000000000003,0.3265,0.3407,0.3412,0.35550000000000004,0.3799,0.38430000000000003,0.38580000000000003,0.392,0.3977,0.39930000000000004,0.40040000000000003,0.40290000000000004,0.4055,0.4103,0.42210000000000003,0.4262,0.4273,0.42750000000000005,0.42860000000000004,0.4368,0.44010000000000005,0.441,0.4461,0.45030000000000003,0.49860000000000004,0.5022,0.5055000000000001,0.5094000000000001,0.5181,0.5194,0.5206000000000001,0.5326000000000001,0.545,0.5616,0.5678000000000001,0.5825,0.5838,0.5920000000000001,0.5937,0.6165,0.6193000000000001,0.6259,0.6344000000000001,0.6431,0.6438,0.6441,0.6479,0.6486000000000001,0.6702,0.6752,0.6873,0.6879000000000001,0.6896,0.6955,0.6985,0.7093,0.7291000000000001,0.7463000000000001,0.7551,0.7741,0.776,0.7774000000000001,0.7809,0.7933,0.8129000000000001,0.8155,0.8378,0.8481000000000001,0.8494,0.8611000000000001,0.8668,0.8699,0.8765000000000001,0.8828,0.8894000000000001,0.8915000000000001,0.8925000000000001,0.8992,0.9044000000000001,0.9064000000000001,0.9098,0.9213,0.9305,0.9520000000000001,0.9541000000000001,0.9569000000000001,0.9640000000000001,0.9763000000000001,0.9776,0.9820000000000001,0.9933000000000001,0.9941000000000001,0.9952000000000001
111524:0.0267,0.0446,0.0545,0.08950000000000001,0.09960000000000001,0.1085,0.12100000000000001,0.1327,0.1836,0.2019,0.225,0.2321,0.24280000000000002,0.2903,0.29910000000000003,0.30460000000000004,0.312,0.31920000000000004,0.3256,0.3423,0.3592,0.37060000000000004,0.39130000000000004,0.3995,0.4061,0.4183,0.435,0.46480000000000005,0.4713,0.4806,0.49810000000000004,0.5085000000000001,0.5131,0.5196000000000001,0.5285000000000001,0.5656,0.5786,0.6019,0.6214000000000001,0.6299,0.6831,0.7013,0.7081000000000001,0.7212000000000001,0.7695000000000001,0.7836000000000001,0.7899,0.797,0.8225,0.8323,0.8609,0.8706,0.8771,0.9001,0.9058,0.9134,0.9603,0.9705,0.9766,0.9817
111577:0.0654,0.2579,0.7445,0.902
111697:0.0332,0.053500000000000006,0.0853,0.1068,0.14250000000000002,0.17,0.2149,0.23620000000000002,0.25420000000000004,0.2861,0.3166,0.35900000000000004,0.3834,0.402,0.4243,0.4582,0.49870000000000003,0.5198,0.5549000000000001,0.5858,0.607,0.6267,0.6579,0.6907,0.7086,0.7295,0.7571,0.7871,0.8138000000000001,0.8368,0.8591000000000001,0.883,0.9023,0.9317000000000001,0.9642000000000001,0.9784
111912:0.015300000000000001,0.027100000000000003,0.0388,0.0483,0.0601,0.07440000000000001,0.08560000000000001,0.0979,0.1092,0.12300000000000001,0.13540000000000002,0.1489,0.1618,0.1743,0.1854,0.2001,0.2126,0.22340000000000002,0.234,0.24680000000000002,0.2602,0.276,0.2881,0.2995,0.31420000000000003,0.3304,0.34450000000000003,0.3618,0.3755,0.3864,0.3992,0.4117,0.42210000000000003,0.4338,0.44570000000000004,0.4592,0.4711,0.4863,0.49720000000000003,0.5072,0.5229,0.5391,0.5511,0.5668000000000001,0.5773,0.5915,0.6031000000000001,0.6177,0.6359,0.6493,0.6652,0.6772,0.6913,0.7044,0.7134,0.7321000000000001,0.7467,0.7617,0.7771,0.7876000000000001,0.8006000000000001,0.8143,0.8286,0.8433,0.8553000000000001,0.8639,0.8769,0.8898,0.9014000000000001,0.9094000000000001,0.922,0.9349000000000001,0.9473,0.9604,0.9734,0.9822000000000001,0.9959
111968:0.0594,0.1925,0.24150000000000002,0.33190000000000003,0.4108,0.5173,0.7150000000000001,0.8739,0.9153,0.9869
112031:0.1393,0.5285000000000001
112057:0.09280000000000001,0.1729,0.2508,0.4586,0.6055,0.7051000000000001,0.7459,0.9682000000000001
112271:0.0654,0.1472,0.2604,0.32930000000000004,0.6246,0.7386,0.9400000000000001
113018:0.0323,0.0494,0.0883,0.1135,0.1405,0.1643,0.1794,0.20980000000000001,0.2277,0.2452,0.28800000000000003,0.3259,0.3932,0.4117,0.4307,0.4763,0.5,0.5111,0.5423,0.5845,0.6032000000000001,0.6336,0.6548,0.6967,0.7187,0.7426,0.7536,0.7888000000000001,0.8224,0.8471000000000001,0.8738,0.9081,0.9354,0.9634,0.9879
114650:0.0386,0.1794,0.5095000000000001
114893:0.038200000000000005,0.0937,0.10740000000000001,0.1507,0.18180000000000002,0.2235,0.25680000000000003,0.2979,0.32980000000000004,0.3811,0.42800000000000005,0.4601,0.5022,0.5469,0.6079,0.6674,0.7038,0.7402000000000001,0.7907000000000001,0.8565,0.899,0.9398000000000001,0.9783000000000001
115193:0.2682,0.5275000000000001
115694:0.0517,0.0606,0.0722,0.0971,0.1039,0.1116,0.1212,0.1298,0.13920000000000002,0.14780000000000001,0.1547,0.167,0.1744,0.1837,0.22820000000000001,0.24680000000000002,0.2548,0.2651,0.27490000000000003,0.2891,0.29710000000000003,0.3068,0.3183,0.3265,0.383,0.4021,0.4269,0.43560000000000004,0.44580000000000003,0.5021,0.5175000000000001,0.5268,0.5409,0.5494,0.5941000000000001,0.6033000000000001,0.6116,0.6188,0.6294000000000001,0.6537000000000001,0.6623,0.7109000000000001,0.7190000000000001,0.7299,0.7365,0.7436,0.7518,0.7652,0.7803,0.792,0.7996000000000001,0.8068000000000001,0.8217,0.8307,0.8575,0.9004000000000001,0.9101,0.9268000000000001,0.9352,0.9443,0.9524,0.9675,0.9750000000000001,0.9849
115981:0.0601,0.2369,0.4223,0.8506
116149:0.0449,0.18130000000000002,0.2245,0.3929,0.5037,0.9019,0.9759000000000001
116741:0.0436,0.056600000000000004,0.09870000000000001,0.124,0.17600000000000002,0.19060000000000002,0.2222,0.23970000000000002,0.2635,0.3,0.3194,0.3391,0.3689,0.3991,0.42850000000000005,0.4742,0.49970000000000003,0.5146000000000001,0.5782,0.6054,0.6305000000000001,0.6938000000000001,0.7104,0.7814,0.8061,0.8340000000000001,0.86,0.8806,0.9048,0.9315,0.9662000000000001,0.9800000000000001
117103:0.0926
117156:0.019100000000000002,0.040100000000000004,0.057300000000000004,0.07730000000000001,0.0976,0.1155,0.1291,0.1457,0.16010000000000002,0.1753,0.19190000000000002,0.2094,0.223,0.23600000000000002,0.2484,0.2726,0.2851,0.30060000000000003,0.3171,0.3395,0.35400000000000004,0.368,0.384,0.40340000000000004,0.41700000000000004,0.4289,0.445,0.4627,0.4811,0.499,0.5114000000000001,0.532,0.5454,0.5659000000000001,0.5794,0.5953,0.6142000000000001,0.6342,0.6472,0.6652,0.6828000000000001,0.6970000000000001,0.7117,0.7268,0.7447,0.7628,0.7796000000000001,0.7915000000000001,0.8044,0.8242,0.8424,0.8592000000000001,0.8795000000000001,0.8936000000000001,0.9118,0.9277000000000001,0.9451,0.9603,0.9776,0.9992000000000001
117255:0.1057,0.2611,0.7472000000000001
117349:0.056900000000000006,0.0995,0.124,0.1428,0.17320000000000002,0.2509,0.2933,0.3235,0.42300000000000004,0.45580000000000004,0.5236000000000001,0.5434,0.6059,0.6541,0.7218,0.7368,0.7547,0.7934,0.8152,0.8588,0.9196000000000001,0.9394,0.9729000000000001
117657:0.049,0.057800000000000004,0.0654,0.07930000000000001,0.09860000000000001,0.10700000000000001,0.11670000000000001,0.1258,0.13440000000000002,0.14450000000000002,0.153,0.1625,0.1713,0.1782,0.2248,0.2348,0.2513,0.2592,0.27030000000000004,0.2833,0.2917,0.3019,0.3135,0.32270000000000004,0.3799,0.3919,0.42600000000000005,0.43310000000000004,0.4439,0.5001,0.5156000000000001,0.5256000000000001,0.5382,0.5513,0.5910000000000001,0.6006,0.6104,0.619,0.6314000000000001,0.6521,0.6692,0.7128,0.7220000000000001,0.7333000000000001,0.7392000000000001,0.7508,0.7627,0.7703,0.787,0.7943,0.8049000000000001,0.8170000000000001,0.8263,0.8537,0.8987,0.9074000000000001,0.9159,0.93,0.9416,0.9509000000000001,0.9650000000000001,0.9726,0.9837,0.9932000000000001
118220:0.0451,0.0562,0.10070000000000001,0.1194,0.17600000000000002,0.19,0.2263,0.23620000000000002,0.2717,0.3054,0.32370000000000004,0.34140000000000004,0.3907,0.4047,0.436,0.46330000000000005,0.5059,0.5182,0.5604,0.6014,0.6244000000000001,0.6383,0.6991,0.7130000000000001,0.7359,0.7827000000000001,0.7977000000000001,0.8388,0.8708,0.9029,0.9246000000000001,0.9667,0.9829
118578:0.14120000000000002,0.3247,0.4586,0.6137,0.735,0.8139000000000001,0.9785
118933:0.1012,0.1824,0.467,0.6139,0.7143,0.9767
118938:0.17750000000000002
119469:0.018500000000000003,0.0329,0.0471,0.06720000000000001,0.08560000000000001,0.1044,0.12480000000000001,0.1406,0.1562,0.1685,0.1786,0.19840000000000002,0.21880000000000002,0.23450000000000001,0.24700000000000003,0.25830000000000003,0.28300000000000003,0.2985,0.32070000000000004,0.333,0.3536,0.37070000000000003,0.3866,0.4011,0.4193,0.4313,0.446,0.46680000000000005,0.48810000000000003,0.5033,0.5231,0.5423,0.5566,0.5813,0.6009,0.6106,0.6302,0.6433,0.6534,0.6767000000000001,0.6894,0.7057,0.7277,0.7429,0.754,0.7808,0.7959,0.8208000000000001,0.8433,0.8569,0.8743000000000001,0.8864000000000001,0.9008,0.9165000000000001,0.9293,0.9484,0.9634,0.9804,0.9957
119737:0.060000000000000005,0.10300000000000001,0.1463,0.17250000000000001,0.2543,0.2911,0.32120000000000004,0.43210000000000004,0.5211,0.5427000000000001,0.5998,0.6244000000000001,0.6625,0.731,0.7489,0.7645000000000001,0.7917000000000001,0.8280000000000001,0.907,0.9385,0.9639000000000001,0.9775
120112:0.5592
121117:0.0528,0.12510000000000002,0.2094,0.23950000000000002,0.312,0.3337,0.40990000000000004,0.48900000000000005,0.514,0.5355,0.6036,0.6345000000000001,0.7091000000000001,0.8028000000000001,0.8388,0.8755000000000001,0.9248000000000001,0.9386,0.9900000000000001
121314:0.0594,0.1028,0.1318,0.1637,0.2526,0.2944,0.32430000000000003,0.4249,0.45680000000000004,0.5301,0.6071000000000001,0.6564,0.7260000000000001,0.7407,0.7828,0.8067000000000001,0.9212,0.9449000000000001,0.9757
121841:0.0304,0.21860000000000002,0.39530000000000004,0.5821000000000001,0.9676
122330:0.0656,0.33340000000000003,0.5296000000000001,0.7379,0.9411
122795:0.0053,0.0198,0.028,0.030000000000000002,0.031400000000000004,0.031900000000000005,0.038,0.038700000000000005,0.0504,0.0539,0.058,0.0753,0.1009,0.1024,0.11130000000000001,0.1153,0.12010000000000001,0.1305,0.1463,0.1479,0.15560000000000002,0.1718,0.17320000000000002,0.1854,0.1899,0.19640000000000002,0.2058,0.2102,0.21430000000000002,0.218,0.2308,0.2341,0.2381,0.23920000000000002,0.2459,0.24700000000000003,0.2661,0.26780000000000004,0.2727,0.27340000000000003,0.28140000000000004,0.2871,0.2982,0.3095,0.311,0.3128,0.3139,0.3478,0.36150000000000004,0.3658,0.36920000000000003,0.37270000000000003,0.3729,0.3744,0.3774,0.3794,0.3799,0.38070000000000004,0.38370000000000004,0.3917,0.396,0.399,0.4073,0.4181,0.42550000000000004,0.431,0.4324,0.43810000000000004,0.4544,0.4642,0.4737,0.4791,0.4867,0.48750000000000004,0.49160000000000004,0.49570000000000003,0.4963,0.5008,0.5047,0.5068,0.5274,0.5283,0.5286000000000001,0.5316000000000001,0.5371,0.5646,0.5658000000000001,0.5707,0.5717,0.5762,0.5773,0.5894,0.5905,0.5915,0.5949,0.6006,0.6022000000000001,0.6131,0.6248,0.6313000000000001,0.6363,0.6412,0.642,0.6462,0.6472,0.6487,0.654,0.6567000000000001,0.6591,0.6605000000000001,0.6662,0.6741,0.6792,0.6797000000000001,0.6833,0.6864,0.6916,0.6989000000000001,0.7119000000000001,0.7207,0.7219,0.7259,0.7505000000000001,0.762,0.7704000000000001,0.7758,0.7776000000000001,0.7828,0.7893,0.8048000000000001,0.8089000000000001,0.8199000000000001,0.8342,0.8398,0.8447,0.8486,0.8530000000000001,0.8534,0.8572000000000001,0.8594,0.8608,0.8712000000000001,0.8747,0.8814000000000001,0.8839,0.8842000000000001,0.889,0.8943000000000001,0.8966000000000001,0.9004000000000001,0.9025000000000001,0.91,0.9284,0.9468000000000001,0.9488000000000001,0.9677
122819:0.0395,0.0994,0.11910000000000001,0.17750000000000002,0.2267,0.2978,0.3274,0.3816,0.4,0.43720000000000003,0.5041,0.5268,0.5931000000000001,0.6059,0.627,0.6931,0.7081000000000001,0.7832,0.7976000000000001,0.8318000000000001,0.8997,0.9274,0.9722000000000001,0.9851000000000001
123034:0.062,0.254,0.7323000000000001,0.936
123363:0.37670000000000003,0.5813
123598:0.5501
123999:0.2674,0.527
124039:0.0094,0.0198,0.0285,0.0373,0.043500000000000004,0.053500000000000006,0.065,0.07780000000000001,0.0855,0.0952,0.10210000000000001,0.1114,0.12350000000000001,0.1351,0.1457,0.1532,0.161,0.1694,0.1773,0.1877,0.1963,0.2073,0.2162,0.2225,0.2315,0.2414,0.24910000000000002,0.26080000000000003,0.2761,0.2861,0.29650000000000004,0.3094,0.32220000000000004,0.3351,0.35000000000000003,0.3667,0.3799,0.3906,0.39930000000000004,0.4092,0.4171,0.42500000000000004,0.4369,0.449,0.46390000000000003,0.4732,0.4844,0.4917,0.498,0.5077,0.521,0.5325,0.5402,0.5523,0.5692,0.5788,0.5918,0.6013000000000001,0.6091,0.6158,0.6311,0.64,0.6482,0.6619,0.6735,0.6836,0.6943,0.7034,0.7148,0.7256,0.7358,0.7433000000000001,0.7505000000000001,0.7669,0.778,0.7859,0.7941,0.8042,0.8177000000000001,0.8303,0.8409000000000001,0.8506,0.8633000000000001,0.871,0.8806,0.8928,0.9051,0.9172,0.929,0.9387000000000001,0.9494,0.9584,0.9693,0.9785,0.9928
124291:0.0032,0.0151,0.0198,0.0346,0.044700000000000004,0.0451,0.05,0.07390000000000001,0.0771,0.0891,0.09280000000000001,0.1164,0.1203,0.1233,0.1383,0.1542,0.16340000000000002,0.1673,0.17930000000000001,0.18960000000000002,0.191,0.21400000000000002,0.2177,0.2303,0.2306,0.24000000000000002,0.248,0.2554,0.25730000000000003,0.27080000000000004,0.2768,0.2788,0.2818,0.2874,0.29510000000000003,0.34190000000000004,0.3433,0.34550000000000003,0.3524,0.3567,0.3582,0.36110000000000003,0.36150000000000004,0.3647,0.3735,0.4021,0.4047,0.4117,0.41250000000000003,0.4219,0.4224,0.4299,0.43520000000000003,0.44210000000000005,0.4431,0.4777,0.4864,0.4975,0.5009,0.5026,0.504,0.5047,0.5118,0.5134000000000001,0.5192,0.5304,0.5357000000000001,0.5414,0.5422,0.5479,0.5493,0.55,0.5584,0.5621,0.5626,0.5649000000000001,0.5757,0.5771000000000001,0.5882000000000001,0.5918,0.5934,0.5942000000000001,0.5999,0.602,0.6055,0.6071000000000001,0.6123000000000001,0.6379,0.6385000000000001,0.6459,0.6469,0.6643,0.6695,0.6699,0.6783,0.6863,0.6933,0.7021000000000001,0.7198,0.7244,0.7408,0.7438,0.7471,0.7554000000000001,0.7632,0.7653000000000001,0.7734000000000001,0.7787000000000001,0.7863,0.7883,0.795,0.7972,0.8042,0.8058000000000001,0.8217,0.8223,0.8307,0.8356,0.8496,0.8568,0.8592000000000001,0.8608,0.8793000000000001,0.8814000000000001,0.9098,0.9153,0.9163,0.9222,0.9237000000000001,0.9390000000000001,0.9463,0.9530000000000001,0.9913000000000001,0.9948,0.9972000000000001
126599:0.0516,0.1273,0.19290000000000002,0.2295,0.31970000000000004,0.4063,0.4223,0.51,0.5282,0.6144000000000001,0.7182000000000001,0.8025,0.9143,0.9812000000000001
126600:0.0048000000000000004,0.0129,0.0159,0.0229,0.0292,0.039400000000000004,0.0397,0.0422,0.055600000000000004,0.0558,0.061500000000000006,0.0637,0.0799,0.0833,0.0932,0.0946,0.1012,0.1038,0.1048,0.10700000000000001,0.11760000000000001,0.11910000000000001,0.1253,0.12560000000000002,0.128,0.1298,0.1441,0.1484,0.1506,0.152,0.1632,0.1678,0.1764,0.17950000000000002,0.18810000000000002,0.19090000000000001,0.21810000000000002,0.2285,0.23850000000000002,0.2459,0.2503,0.2705,0.27290000000000003,0.276,0.28250000000000003,0.28340000000000004,0.2914,0.29400000000000004,0.3089,0.3113,0.32880000000000004,0.3296,0.32980000000000004,0.3346,0.3386,0.35000000000000003,0.3612,0.3635,0.3734,0.3808,0.384,0.3972,0.4022,0.4073,0.41400000000000003,0.41700000000000004,0.4174,0.42100000000000004,0.4307,0.4355,0.4395,0.45990000000000003,0.46590000000000004,0.46690000000000004,0.4687,0.47490000000000004,0.4878,0.4889,0.49250000000000005,0.4995,0.5,0.5037,0.5052,0.5063,0.5322,0.5366000000000001,0.5405,0.5418000000000001,0.5513,0.5638000000000001,0.5645,0.5707,0.5719000000000001,0.5808,0.5833,0.5860000000000001,0.5863,0.5877,0.5996,0.6101,0.6103000000000001,0.6175,0.6188,0.6326,0.6349,0.6447,0.6449,0.6487,0.6593,0.668,0.6715,0.6814,0.6925,0.6972,0.6999000000000001,0.7072,0.7085,0.7194,0.7298,0.7383000000000001,0.7447,0.7514000000000001,0.7584000000000001,0.7672,0.7674000000000001,0.7808,0.7831,0.7834,0.7851,0.7864,0.787,0.7949,0.7963,0.7979,0.799,0.8042,0.8119000000000001,0.8218000000000001,0.8250000000000001,0.8254,0.8276,0.8466,0.8522000000000001,0.8557,0.8562000000000001,0.8579,0.8584,0.868,0.8697,0.8791,0.8895000000000001,0.8963000000000001,0.9008,0.9026000000000001,0.9036000000000001,0.9053,0.9211,0.9233,0.927,0.9389000000000001,0.9475,0.9578000000000001,0.9580000000000001,0.9683,0.9715,0.9718,0.9779,0.9871000000000001,0.9886,0.9900000000000001,0.9947
126804:0.0257,0.0366,0.0463,0.057100000000000005,0.07680000000000001,0.0896,0.1003,0.1149,0.12990000000000002,0.1424,0.161,0.17320000000000002,0.1799,0.19690000000000002,0.21530000000000002,0.225,0.24330000000000002,0.2515,0.2675,0.2883,0.2989,0.317,0.3312,0.34650000000000003,0.3603,0.37970000000000004,0.3946,0.4053,0.42110000000000003,0.4274,0.44580000000000003,0.4555,0.46590000000000004,0.48700000000000004,0.498,0.5085000000000001,0.5169,0.5326000000000001,0.5453,0.5563,0.5816,0.6002000000000001,0.6082000000000001,0.6207,0.6434000000000001,0.6543,0.6735,0.6872,0.7016,0.7179,0.7394000000000001,0.7473000000000001,0.7717,0.7866000000000001,0.8015,0.8141,0.8311000000000001,0.8477,0.8571000000000001,0.8739,0.8841,0.8977,0.9113,0.9323,0.9411,0.9622,0.9757,0.9951000000000001
126873:0.015300000000000001,0.0216,0.0233,0.0315,0.039,0.0427,0.0463,0.046700000000000005,0.0488,0.0494,0.0522,0.0543,0.058,0.061000000000000006,0.0692,0.0753,0.0951,0.1032,0.1041,0.14300000000000002,0.1479,0.1495,0.1499,0.1552,0.1671,0.1709,0.17170000000000002,0.1726,0.17550000000000002,0.1841,0.1893,0.1956,0.20170000000000002,0.20220000000000002,0.203,0.21180000000000002,0.21780000000000002,0.2381,0.2396,0.2592,0.2738,0.2934,0.2975,0.3007,0.308,0.3225,0.3235,0.34690000000000004,0.36250000000000004,0.3768,0.3829,0.38380000000000003,0.3866,0.3966,0.39990000000000003,0.4132,0.4157,0.4181,0.4219,0.4228,0.4289,0.4345,0.45880000000000004,0.4615,0.467,0.4736,0.4829,0.48310000000000003,0.49660000000000004,0.5124000000000001,0.5143,0.5242,0.5249,0.5336000000000001,0.5638000000000001,0.5654,0.5662,0.5673,0.5688,0.5814,0.5859,0.5896,0.5913,0.6096,0.6146,0.617,0.6265000000000001,0.634,0.6401,0.6481,0.6493,0.6577000000000001,0.6766,0.6827000000000001,0.6839000000000001,0.6873,0.6876,0.6881,0.6889000000000001,0.6894,0.6938000000000001,0.6990000000000001,0.7021000000000001,0.7033,0.7072,0.7201000000000001,0.7294,0.7353000000000001,0.7478,0.7523000000000001,0.7639,0.7683,0.779,0.7798,0.7828,0.8003,0.8044,0.8088000000000001,0.8131,0.8205,0.8406,0.8438,0.8534,0.8552000000000001,0.8614,0.8616,0.8665,0.8726,0.8796,0.8866,0.8904000000000001,0.8916000000000001,0.895,0.8961,0.8999,0.9021,0.9181,0.9215000000000001,0.932,0.9346000000000001,0.9349000000000001,0.9466,0.9494,0.9624,0.9961000000000001,0.9987
127069:0.054,0.1143,0.1325,0.195,0.2326,0.2571,0.30860000000000004,0.3285,0.4091,0.5043,0.5186000000000001,0.5313,0.6075,0.6338,0.7067,0.733,0.8018000000000001,0.8445,0.8714000000000001,0.9064000000000001,0.922,0.9797
127887:0.056900000000000006,0.10010000000000001,0.12860000000000002,0.1468,0.16920000000000002,0.1787,0.2501,0.2931,0.3229,0.42260000000000003,0.4466,0.5177,0.5394,0.6057,0.6545000000000001,0.7211000000000001,0.7372000000000001,0.7527,0.7927000000000001,0.8155,0.8592000000000001,0.9047000000000001,0.935,0.9730000000000001
128299:0.068,0.1158,0.14850000000000002,0.1782,0.25980000000000003,0.29700000000000004,0.3241,0.44530000000000003,0.5474,0.6129,0.7377,0.7687,0.7997000000000001,0.9431,0.9742000000000001
129625:0.0238,0.0414,0.049300000000000004,0.053700000000000005,0.059800000000000006,0.0806,0.091,0.10360000000000001,0.1102,0.1182,0.1237,0.1313,0.1408,0.14980000000000002,0.1587,0.1771,0.18380000000000002,0.1904,0.19640000000000002,0.2088,0.21710000000000002,0.22610000000000002,0.233,0.24000000000000002,0.2469,0.259,0.2674,0.2768,0.2902,0.2995,0.3078,0.3146,0.3285,0.3357,0.3443,0.3564,0.3768,0.3905,0.39930000000000004,0.40840000000000004,0.41500000000000004,0.42210000000000003,0.43520000000000003,0.4435,0.45380000000000004,0.462,0.46900000000000003,0.4849,0.4954,0.5082,0.5137,0.525,0.5325,0.5422,0.5589000000000001,0.5653,0.5765,0.5973,0.6026,0.6081,0.6211,0.629,0.6366,0.645,0.6649,0.6781,0.6922,0.6994,0.7052,0.7122,0.7171000000000001,0.7257,0.7363000000000001,0.7437,0.7555000000000001,0.7783,0.783,0.7946000000000001,0.8003,0.8128000000000001,0.8245,0.8334,0.8443,0.8541000000000001,0.8641000000000001,0.8726,0.8775000000000001,0.8971,0.9039,0.9101,0.9206000000000001,0.9299000000000001,0.936,0.9604,0.9687,0.9762000000000001,0.9823000000000001,0.9875
129730:0.0008,0.014700000000000001,0.0176,0.0358,0.0408,0.0511,0.0599,0.0683,0.07970000000000001,0.0853,0.0954,0.11320000000000001,0.11720000000000001,0.1268,0.1466,0.1509,0.152,0.1665,0.16870000000000002,0.1689,0.17980000000000002,0.18180000000000002,0.18380000000000002,0.19010000000000002,0.191,0.2011,0.2053,0.2107,0.21230000000000002,0.22060000000000002,0.22590000000000002,0.2373,0.2432,0.24600000000000002,0.2492,0.2571,0.26780000000000004,0.2903,0.3052,0.30820000000000003,0.3123,0.3201,0.32320000000000004,0.3322,0.335,0.337,0.34450000000000003,0.3468,0.3513,0.35600000000000004,0.36960000000000004,0.3825,0.3831,0.393,0.40190000000000003,0.4073,0.4103,0.41190000000000004,0.41250000000000003,0.4198,0.4232,0.42450000000000004,0.4343,0.44780000000000003,0.4521,0.4586,0.465,0.48710000000000003,0.4887,0.5136000000000001,0.5364,0.5419,0.5442,0.5789000000000001,0.5873,0.5923,0.6054,0.6111,0.6155,0.6186,0.6198,0.6277,0.637,0.64,0.6456000000000001,0.6477,0.6498,0.669,0.6712,0.6746,0.6772,0.6808000000000001,0.6982,0.7013,0.7020000000000001,0.7051000000000001,0.7098,0.7204,0.7225,0.7286,0.7388,0.7491,0.7559,0.7627,0.7657,0.7765000000000001,0.7807000000000001,0.7896000000000001,0.7922,0.796,0.804,0.8133,0.8150000000000001,0.8159000000000001,0.8224,0.8239000000000001,0.8586,0.8667,0.8681000000000001,0.8817,0.8821,0.884,0.8907,0.8965000000000001,0.9029,0.913,0.9171,0.9208000000000001,0.9325,0.9375,0.9473,0.9491,0.9608000000000001,0.9782000000000001,0.9787,0.9829,0.9971000000000001
130674:0.0195,0.040600000000000004,0.056600000000000004,0.0753,0.09330000000000001,0.10740000000000001,0.1231,0.1404,0.156,0.17220000000000002,0.19210000000000002,0.21050000000000002,0.22340000000000002,0.24080000000000001,0.25780000000000003,0.2777,0.2916,0.31070000000000003,0.3307,0.3491,0.3673,0.3849,0.40440000000000004,0.4218,0.437,0.4545,0.4723,0.49060000000000004,0.508,0.5289,0.5453,0.5672,0.5796,0.596,0.6171,0.6382,0.6507000000000001,0.6724,0.6925,0.7103,0.7272000000000001,0.7446,0.7637,0.7828,0.7978000000000001,0.8186,0.8380000000000001,0.8517,0.8657,0.8829,0.9053,0.922,0.9427000000000001,0.9611000000000001,0.9788,0.996
130780:0.0568,0.1242,0.2096,0.23620000000000002,0.3116,0.3184,0.4121,0.5242,0.6133000000000001,0.6379,0.6483,0.7275,0.7998000000000001,0.8386,0.8473,0.9089,0.9833000000000001
130887:0.1313,0.3382,0.9915
131471:0.2929,0.3638,0.4505,0.5428000000000001,0.7995,0.8914000000000001
131580:0.0247,0.0438,0.0555,0.0718,0.0893,0.101,0.1227,0.1375,0.15560000000000002,0.16820000000000002,0.18000000000000002,0.2048,0.2175,0.23470000000000002,0.24780000000000002,0.2702,0.2877,0.3008,0.3145,0.3245,0.3527,0.3704,0.3866,0.4082,0.4193,0.4364,0.4521,0.47550000000000003,0.49100000000000005,0.5024000000000001,0.5195000000000001,0.5369,0.5579000000000001,0.5781000000000001,0.5956,0.6069,0.6211,0.6421,0.6515000000000001,0.6718000000000001,0.6907,0.7022,0.7194,0.7339,0.7431,0.7731,0.7838,0.7963,0.8082,0.8310000000000001,0.8498,0.8692000000000001,0.8907,0.9046000000000001,0.9272,0.9388000000000001,0.9539000000000001,0.9684,0.9837
131603:0.05,0.10400000000000001,0.12000000000000001,0.1318,0.1845,0.19410000000000002,0.2277,0.2426,0.2736,0.3059,0.3209,0.3361,0.3821,0.4015,0.42410000000000003,0.4622,0.5071,0.5172,0.5335,0.5674,0.6057,0.6324000000000001,0.6988000000000001,0.7183,0.741,0.7853,0.8003,0.8388,0.8631000000000001,0.8766,0.9042,0.9171,0.9374,0.9771000000000001,0.9897
132094:0.5579000000000001
132100:0.26330000000000003,0.5231
132396:0.5579000000000001
132645:0.049100000000000005,0.0609,0.0738,0.09730000000000001,0.10650000000000001,0.12440000000000001,0.13440000000000002,0.1525,0.166,0.17020000000000002,0.1789,0.2268,0.2359,0.256,0.2711,0.29300000000000004,0.3057,0.324,0.3814,0.39990000000000003,0.4057,0.43310000000000004,0.44530000000000003,0.4496,0.5022,0.5204,0.524,0.5398000000000001,0.5446,0.5495,0.5917,0.6003000000000001,0.6249,0.6544,0.6582,0.6634,0.671,0.7128,0.7209,0.7385,0.7475,0.7686000000000001,0.7931,0.8044,0.8096,0.8255,0.8544,0.8591000000000001,0.9003,0.9077000000000001,0.9121,0.9321,0.9506,0.9678,0.9873000000000001
133247:0.0218,0.0381,0.0522,0.06960000000000001,0.08900000000000001,0.1068,0.12660000000000002,0.1422,0.1583,0.16920000000000002,0.18430000000000002,0.19840000000000002,0.21860000000000002,0.2323,0.24760000000000001,0.2631,0.28250000000000003,0.299,0.3166,0.33080000000000004,0.3546,0.38370000000000004,0.40190000000000003,0.41900000000000004,0.43920000000000003,0.46640000000000004,0.48850000000000005,0.5016,0.5157,0.5303,0.5433,0.5713,0.5926,0.6066,0.6197,0.6383,0.6493,0.6765,0.6958000000000001,0.7170000000000001,0.7327,0.7441,0.7707,0.7861,0.8024,0.8225,0.8430000000000001,0.8655,0.8825000000000001,0.9067000000000001,0.9301,0.9524,0.9653,0.9816,0.9994000000000001
133372:0.0529,0.1136,0.12350000000000001,0.133,0.192,0.2107,0.2356,0.2439,0.2637,0.3099,0.3195,0.3342,0.41140000000000004,0.41960000000000003,0.5122,0.5248,0.6029,0.6196,0.6318,0.7094,0.7237,0.796,0.8031,0.8366,0.8664000000000001,0.8767,0.8865000000000001,0.9054000000000001,0.9127000000000001,0.9232,0.9791000000000001,0.9897
133525:0.1358,0.2391,0.32330000000000003,0.5318,0.6466000000000001,0.8497,0.9886
133765:0.32130000000000003,0.6439,0.8448
133843:0.0383,0.1738,0.2501,0.39430000000000004,0.5043,0.608,0.7381000000000001
133845:0.0558,0.1268,0.2351,0.3123,0.3209,0.4228,0.5186000000000001,0.6104,0.6391,0.7342000000000001,0.801,0.8395,0.8493,0.9108,0.9835
134185:0.12840000000000001,0.3224,0.8490000000000001,0.9868
135576:0.055,0.1296,0.19390000000000002,0.2358,0.3184,0.3362,0.41440000000000005,0.5171,0.6134000000000001,0.6572,0.7202000000000001,0.805,0.8496,0.879,0.9174,0.9843000000000001
135578:0.034300000000000004,0.1041,0.1486,0.22160000000000002,0.2559,0.2957,0.32980000000000004,0.378,0.4244,0.4988,0.544,0.663,0.7366,0.7865000000000001,0.8532000000000001,0.8974000000000001,0.9385,0.9762000000000001
135583:0.0345,0.0567,0.0961,0.1212,0.14250000000000002,0.1767,0.2089,0.234,0.2592,0.28700000000000003,0.30460000000000004,0.34600000000000003,0.3668,0.40490000000000004,0.4284,0.45130000000000003,0.4899,0.5248,0.5402,0.5749000000000001,0.597,0.6415000000000001,0.6576000000000001,0.6942,0.7203,0.75,0.7824,0.8068000000000001,0.8431000000000001,0.8628,0.8881,0.9294,0.9658
135908:0.049600000000000005,0.1,0.11900000000000001,0.1535,0.1806,0.19090000000000001,0.22870000000000001,0.24700000000000003,0.2721,0.30260000000000004,0.3216,0.3407,0.3981,0.4309,0.4632,0.5093,0.5244,0.5986,0.624,0.6991,0.7165,0.7291000000000001,0.7811,0.7972,0.8341000000000001,0.8569,0.8767,0.9034000000000001,0.9232,0.9381,0.9723,0.9834
136476:0.10350000000000001,0.25730000000000003,0.43960000000000005,0.5544,0.746
136637:0.0374,0.051300000000000005,0.09230000000000001,0.11460000000000001,0.12990000000000002,0.14780000000000001,0.1754,0.195,0.2209,0.23750000000000002,0.2523,0.2874,0.3052,0.3287,0.3391,0.3966,0.4151,0.43410000000000004,0.4878,0.5057,0.5174,0.5882000000000001,0.6049,0.6256,0.6494,0.6947,0.7086,0.7267,0.7844,0.7954,0.8290000000000001,0.8395,0.8623000000000001,0.8783000000000001,0.9024000000000001,0.9206000000000001,0.9387000000000001,0.9676,0.9781000000000001
137208:0.0145,0.0253,0.0371,0.048400000000000006,0.057800000000000004,0.0675,0.08170000000000001,0.0891,0.0975,0.1086,0.11660000000000001,0.1263,0.1385,0.1491,0.1569,0.16640000000000002,0.17450000000000002,0.1836,0.19260000000000002,0.20070000000000002,0.21250000000000002,0.2195,0.22840000000000002,0.2386,0.2452,0.2533,0.26630000000000004,0.2792,0.2892,0.30260000000000004,0.3161,0.3271,0.3381,0.3528,0.36260000000000003,0.37370000000000003,0.3871,0.39490000000000003,0.404,0.4141,0.42110000000000003,0.4289,0.44270000000000004,0.4511,0.45890000000000003,0.4691,0.4806,0.49310000000000004,0.5022,0.5139,0.5287000000000001,0.5384,0.5478000000000001,0.5597,0.5735,0.5811000000000001,0.5975,0.6076,0.6155,0.6259,0.6423,0.6512,0.6657000000000001,0.6765,0.6893,0.6990000000000001,0.7063,0.7171000000000001,0.7303000000000001,0.7385,0.7466,0.7555000000000001,0.7724000000000001,0.7811,0.7889,0.8001,0.8071,0.8161,0.8246,0.8340000000000001,0.8474,0.8546,0.8665,0.8755000000000001,0.8855000000000001,0.897,0.9055000000000001,0.9155000000000001,0.9252,0.9339000000000001,0.9444,0.9547,0.9626,0.9713,0.9825,0.9947
137750:0.1044,0.2214,0.2559,0.3083,0.37110000000000004,0.43860000000000005,0.5109,0.5421,0.6515000000000001,0.811,0.8958
137751:0.0402,0.0551,0.0959,0.1174,0.14830000000000002,0.1772,0.1904,0.22110000000000002,0.2364,0.2576,0.2805,0.3062,0.3239,0.34190000000000004,0.38530000000000003,0.40280000000000005,0.41550000000000004,0.4335,0.46040000000000003,0.5007,0.5157,0.5589000000000001,0.5963,0.6121,0.6328,0.6833,0.7049000000000001,0.7206,0.7361000000000001,0.7785000000000001,0.7973,0.8361000000000001,0.8563000000000001,0.8743000000000001,0.903,0.9214,0.9390000000000001,0.9683,0.9832000000000001
137753:0.0123,0.024900000000000002,0.0451,0.061700000000000005,0.079,0.0903,0.1076,0.1213,0.14120000000000002,0.15280000000000002,0.1731,0.19090000000000001,0.21050000000000002,0.22740000000000002,0.23900000000000002,0.2555,0.27440000000000003,0.2858,0.315,0.33540000000000003,0.35050000000000003,0.3829,0.401,0.41650000000000004,0.42350000000000004,0.43960000000000005,0.4509,0.46900000000000003,0.4932,0.5117,0.5357000000000001,0.5528000000000001,0.5675,0.5766,0.5942000000000001,0.6141,0.6398,0.6511,0.6721,0.6932,0.7092,0.7419,0.7502000000000001,0.7729,0.7858,0.8007000000000001,0.8168000000000001,0.8285,0.8512000000000001,0.8613000000000001,0.8722000000000001,0.8923000000000001,0.9066000000000001,0.9258000000000001,0.9417000000000001,0.9563,0.9633,0.9806,0.9926
138332:0.0386,0.0437,0.0471,0.051800000000000006,0.0723,0.0988,0.11170000000000001,0.1203,0.1264,0.13540000000000002,0.1826,0.1902,0.1962,0.20320000000000002,0.22920000000000001,0.2379,0.249,0.2589,0.28240000000000004,0.2977,0.3063,0.3109,0.3246,0.3287,0.3375,0.3659,0.38830000000000003,0.3987,0.4083,0.4319,0.46740000000000004,0.4838,0.5079,0.5143,0.518,0.5266000000000001,0.5335,0.5879,0.6006,0.6049,0.6177,0.6291,0.6328,0.6915,0.7047,0.7083,0.7199,0.7275,0.7457,0.7833,0.7898000000000001,0.7989,0.8027000000000001,0.8174,0.8287,0.8343,0.8501000000000001,0.8613000000000001,0.8736,0.8769,0.8955000000000001,0.9009,0.9077000000000001,0.9222,0.9375,0.9744,0.9782000000000001,0.9833000000000001
138335:0.0267,0.0465,0.0553,0.0876,0.09860000000000001,0.125,0.13920000000000002,0.1631,0.1726,0.2119,0.2194,0.2411,0.2497,0.2837,0.2927,0.3143,0.3255,0.35650000000000004,0.3733,0.39130000000000004,0.4173,0.43560000000000004,0.44920000000000004,0.46480000000000005,0.4903,0.4998,0.5165000000000001,0.5373,0.5777,0.5857,0.6044,0.6173000000000001,0.6474000000000001,0.6645,0.6915,0.7007,0.7235,0.7355,0.744,0.7786000000000001,0.792,0.8068000000000001,0.8486,0.8796,0.8927,0.9234,0.9341,0.9605,0.9699000000000001,0.9873000000000001
138337:0.1827
138339:0.0358,0.0572,0.092,0.12510000000000002,0.1466,0.1709,0.195,0.22360000000000002,0.2436,0.2851,0.3143,0.3362,0.37170000000000003,0.3986,0.4171,0.45930000000000004,0.5157,0.5503,0.5881000000000001,0.6077,0.6261,0.6508,0.6903,0.7210000000000001,0.7487,0.7741,0.797,0.8255,0.8464,0.8772000000000001,0.9044000000000001,0.9176000000000001,0.9473,0.9768,0.9937