1811:0.1531,0.3247,0.7971,0.8865000000000001
2007:0.048,0.08,0.1267,0.1479,0.2024,0.271,0.3145,0.3567,0.4017,0.435,0.5011,0.542,0.5523,0.6037,0.6414000000000001,0.6994,0.7267,0.7757000000000001,0.7931,0.8473,0.8742000000000001,0.9214,0.9770000000000001
2058:0.060700000000000004,0.15430000000000002,0.2328,0.3398,0.3627,0.39590000000000003,0.4415,0.5333,0.5662,0.6066,0.6657000000000001,0.7048,0.7232000000000001,0.8155,0.9207000000000001
2439:0.803
3498:0.0524,0.08220000000000001,0.1383,0.2291,0.2786,0.3176,0.35660000000000003,0.40650000000000003,0.5403,0.5513,0.6079,0.644,0.7081000000000001,0.729,0.7882,0.8174,0.8716,0.9264,0.9867
3938:0.8798
3959:0.0173,0.0346,0.0473,0.0635,0.08030000000000001,0.0966,0.1111,0.124,0.1394,0.1535,0.1686,0.18330000000000002,0.1965,0.2114,0.2223,0.23620000000000002,0.2477,0.2632,0.2772,0.2878,0.3015,0.31470000000000004,0.335,0.3477,0.3643,0.3765,0.38580000000000003,0.40290000000000004,0.4158,0.4273,0.4385,0.45220000000000005,0.47050000000000003,0.48610000000000003,0.4979,0.5102,0.5249,0.5363,0.5519000000000001,0.5679000000000001,0.5787,0.5936,0.6059,0.6201,0.6371,0.6474000000000001,0.6607000000000001,0.6764,0.6920000000000001,0.7064,0.7181000000000001,0.7351000000000001,0.749,0.7651,0.7811,0.792,0.8042,0.8219000000000001,0.8373,0.8511000000000001,0.8626,0.8794000000000001,0.8906000000000001,0.9054000000000001,0.9191,0.9326000000000001,0.9500000000000001,0.9643,0.9769000000000001,0.995
4353:0.038,0.0478,0.0763,0.10940000000000001,0.1288,0.14400000000000002,0.19390000000000002,0.2082,0.21780000000000002,0.2615,0.2868,0.30960000000000004,0.33230000000000004,0.3527,0.3975,0.41950000000000004,0.43060000000000004,0.49500000000000005,0.5212,0.5334,0.5423,0.5553,0.5968,0.6043000000000001,0.6317,0.6935,0.7061000000000001,0.7150000000000001,0.7619,0.7761,0.8026000000000001,0.8360000000000001,0.8451000000000001,0.872,0.8885000000000001,0.9172,0.9335,0.9698,0.9908
4477:0.0339,0.0458,0.0587,0.0669,0.0782,0.1047,0.11960000000000001,0.1306,0.1422,0.17930000000000001,0.1932,0.20450000000000002,0.22190000000000001,0.2494,0.2611,0.2716,0.29610000000000003,0.3105,0.3309,0.3442,0.38430000000000003,0.3961,0.41040000000000004,0.42360000000000003,0.4436,0.4839,0.49400000000000005,0.5182,0.5329,0.5418000000000001,0.5568000000000001,0.5866,0.6013000000000001,0.6297,0.6376000000000001,0.6521,0.6853,0.6936,0.7041000000000001,0.7109000000000001,0.7288,0.7574000000000001,0.7741,0.7887000000000001,0.7992,0.8323,0.8386,0.8539,0.8736,0.8804000000000001,0.9037000000000001,0.9158000000000001,0.9206000000000001,0.9448000000000001,0.9640000000000001,0.9734,0.9947
4622:0.0241,0.08950000000000001,0.1333,0.16770000000000002,0.2185,0.2406,0.2913,0.32630000000000003,0.3845,0.4207,0.47400000000000003,0.5141,0.5701,0.603,0.6439,0.7008,0.7498,0.793,0.8224,0.8491000000000001,0.915,0.9590000000000001
4690:0.024900000000000002,0.037200000000000004,0.0603,0.08070000000000001,0.11180000000000001,0.1389,0.1932,0.2217,0.2485,0.26430000000000003,0.29710000000000003,0.3194,0.3675,0.3829,0.4068,0.4434,0.4903,0.522,0.5484,0.5766,0.6034,0.6425000000000001,0.6782,0.6920000000000001,0.7106,0.7435,0.7835000000000001,0.8136,0.8380000000000001,0.8667,0.9086000000000001,0.9445,0.9605,0.9828
4963:0.06860000000000001,0.4516,0.6039,0.6887,0.8433
6070:0.047400000000000005,0.0813,0.12380000000000001,0.1459,0.19970000000000002,0.2257,0.2661,0.3119,0.3443,0.39930000000000004,0.42850000000000005,0.4995,0.5369,0.5596,0.6052000000000001,0.6397,0.6966,0.7132000000000001,0.7322000000000001,0.7765000000000001,0.8036000000000001,0.8412000000000001,0.8555,0.8801,0.9207000000000001,0.9743
6365:0.0373,0.0641,0.085,0.1315,0.14300000000000002,0.19360000000000002,0.21630000000000002,0.2654,0.31010000000000004,0.40390000000000004,0.4309,0.497,0.5311,0.6029,0.7021000000000001,0.7209,0.7896000000000001,0.8352,0.8755000000000001,0.9182,0.9979
6931:0.0529,0.09820000000000001,0.1743,0.25070000000000003,0.2997,0.3296,0.37420000000000003,0.4132,0.44580000000000003,0.527,0.5661,0.601,0.6677000000000001,0.6832,0.7186,0.803,0.8264,0.9064000000000001,0.9433
7413:0.0397,0.07390000000000001,0.1075,0.13520000000000001,0.1882,0.2116,0.256,0.29860000000000003,0.33390000000000003,0.38970000000000005,0.4217,0.45130000000000003,0.49470000000000003,0.5283,0.5727,0.6019,0.645,0.6872,0.7163,0.7777000000000001,0.8018000000000001,0.8376,0.8771,0.9155000000000001,0.9630000000000001
7420:0.0313,0.044700000000000004,0.07390000000000001,0.093,0.124,0.1373,0.19970000000000002,0.21130000000000002,0.2631,0.2798,0.3094,0.3276,0.343,0.39490000000000003,0.4053,0.4163,0.4279,0.49350000000000005,0.5115000000000001,0.5343,0.5528000000000001,0.5993,0.6201,0.6407,0.6971,0.7070000000000001,0.7193,0.753,0.774,0.7851,0.8007000000000001,0.8298000000000001,0.8421000000000001,0.8580000000000001,0.8727,0.8812000000000001,0.9124,0.9206000000000001,0.9682000000000001,0.9860000000000001
8252:0.043000000000000003,0.0717,0.1086,0.12940000000000002,0.1413,0.18910000000000002,0.21430000000000002,0.25630000000000003,0.2795,0.30820000000000003,0.3375,0.39030000000000004,0.4022,0.42610000000000003,0.49260000000000004,0.5302,0.5467000000000001,0.5856,0.6034,0.6335000000000001,0.6894,0.7061000000000001,0.7253000000000001,0.7694000000000001,0.7945,0.8122,0.8417,0.8649,0.8783000000000001,0.9137000000000001,0.9272,0.9669000000000001
8297:0.0415,0.10500000000000001,0.1789,0.2199,0.2969,0.3346,0.38620000000000004,0.44470000000000004,0.4973,0.5299,0.5755,0.6522,0.684,0.7986000000000001,0.8359000000000001,0.9595
8391:0.039900000000000005,0.09240000000000001,0.1293,0.1746,0.2136,0.24300000000000002,0.2912,0.32070000000000004,0.3799,0.41390000000000005,0.4413,0.4923,0.5197,0.5687,0.5973,0.6364000000000001,0.6526000000000001,0.6835,0.7536,0.7903,0.8291000000000001,0.8701000000000001,0.9458000000000001,0.9975
8401:0.0502,0.0966,0.1708,0.22130000000000002,0.254,0.29660000000000003,0.369,0.4111,0.44420000000000004,0.5234,0.5614,0.5957,0.649,0.6778000000000001,0.7168,0.7955,0.8256,0.906,0.9468000000000001
8403:0.031,0.4873,0.6829000000000001,0.8353
8482:0.0509,0.0585,0.0709,0.0821,0.0906,0.1044,0.1426,0.15080000000000002,0.1645,0.1739,0.21780000000000002,0.229,0.23600000000000002,0.24600000000000002,0.25320000000000004,0.26180000000000003,0.29250000000000004,0.3024,0.32730000000000004,0.338,0.3534,0.3589,0.36760000000000004,0.375,0.38470000000000004,0.39540000000000003,0.4026,0.4133,0.4212,0.43610000000000004,0.444,0.4516,0.4979,0.5079,0.5233,0.5315,0.5428000000000001,0.557,0.5640000000000001,0.5734,0.5875,0.5969,0.6061000000000001,0.6169,0.6491,0.6602,0.6707000000000001,0.6805,0.6914,0.7003,0.7102,0.7201000000000001,0.7634000000000001,0.7758,0.7988000000000001,0.8083,0.8178000000000001,0.8259000000000001,0.8365,0.8496,0.8829,0.8952,0.911,0.9193,0.9265,0.9362,0.9482,0.9567,0.9955
8797:0.1451,0.8897
8798:0.0606,0.1414,0.2223,0.2622,0.4127,0.45030000000000003,0.6025,0.6785,0.8389000000000001,0.9594
8840:0.0458,0.0666,0.08900000000000001,0.1202,0.1434,0.19190000000000002,0.2034,0.2253,0.2587,0.27540000000000003,0.31320000000000003,0.3467,0.3929,0.4088,0.4273,0.49420000000000003,0.5277000000000001,0.5449,0.5933,0.611,0.6404000000000001,0.6926,0.7020000000000001,0.7162000000000001,0.7415,0.7764000000000001,0.8036000000000001,0.8428,0.8762000000000001,0.9073,0.9226000000000001,0.9690000000000001,0.9848
9257:0.0342,0.048,0.0743,0.0954,0.1259,0.1413,0.2,0.2141,0.2626,0.2798,0.3113,0.3296,0.34750000000000003,0.39830000000000004,0.4117,0.42200000000000004,0.4309,0.497,0.523,0.537,0.5528000000000001,0.6011000000000001,0.6223000000000001,0.6424000000000001,0.6998000000000001,0.7120000000000001,0.7235,0.7592,0.7767000000000001,0.789,0.8059000000000001,0.8317,0.8444,0.8618,0.8746,0.8841,0.9131,0.9252,0.9718,0.9884000000000001
9507:0.0908,0.1708,0.2419,0.3693,0.4403,0.5383,0.5792,0.6816,0.7235,0.8282,0.935
9522:0.1496,0.5502,0.6482,0.7327,0.8814000000000001
9645:0.0363,0.0505,0.07250000000000001,0.085,0.11040000000000001,0.12760000000000002,0.1419,0.18480000000000002,0.2019,0.21760000000000002,0.2539,0.2684,0.2862,0.3089,0.3246,0.3391,0.3573,0.3937,0.4072,0.4232,0.4894,0.5005000000000001,0.5252,0.5388000000000001,0.5603,0.5895,0.6041000000000001,0.6316,0.6445000000000001,0.6910000000000001,0.7065,0.7212000000000001,0.7596,0.7775000000000001,0.794,0.8116,0.8363,0.8482000000000001,0.8667,0.8799,0.9118,0.9219,0.9596,0.9759000000000001
9913:0.0361,0.057600000000000005,0.08,0.1075,0.1326,0.1499,0.1883,0.2064,0.2472,0.266,0.3004,0.3336,0.384,0.406,0.42710000000000004,0.45280000000000004,0.49150000000000005,0.5197,0.5485,0.5927,0.6081,0.646,0.6837000000000001,0.7107,0.7527,0.7954,0.8328,0.8718,0.9119,0.9421,0.9653
10133:0.0407,0.0931,0.1253,0.16970000000000002,0.20750000000000002,0.23770000000000002,0.2625,0.2868,0.3184,0.34940000000000004,0.3669,0.4078,0.4315,0.4505,0.49970000000000003,0.5238,0.5442,0.5707,0.5954,0.643,0.6704,0.6999000000000001,0.735,0.7584000000000001,0.7871,0.8289000000000001,0.8549,0.8842000000000001,0.9238000000000001,0.9612,0.9965
10355:0.0177,0.1033,0.1563,0.1763,0.20750000000000002,0.2331,0.278,0.3149,0.3819,0.4056,0.4243,0.4707,0.5013000000000001,0.5808,0.6439,0.6906,0.7797000000000001,0.7996000000000001,0.8457,0.9570000000000001,0.999
10654:0.0814,0.1869,0.306,0.5282,0.601,0.7167,0.8318000000000001
10680:0.0337,0.0582,0.0978,0.1076,0.13820000000000002,0.1746,0.2058,0.22360000000000002,0.2575,0.2958,0.329,0.37870000000000004,0.40690000000000004,0.44160000000000005,0.45070000000000005,0.4878,0.4983,0.5262,0.5714,0.6023000000000001,0.6506000000000001,0.6776,0.6862,0.7201000000000001,0.7591,0.7967000000000001,0.8337,0.9066000000000001,0.9438000000000001,0.9630000000000001,0.9993000000000001
10689:0.0644,0.17880000000000001,0.22660000000000002,0.2979,0.4455,0.4994,0.5981000000000001,0.681,0.8356
11131:0.4383,0.6744,0.8272,0.9487000000000001
11303:0.0449,0.07640000000000001,0.1203,0.1394,0.19770000000000001,0.2616,0.30510000000000004,0.3395,0.397,0.42760000000000004,0.4964,0.5339,0.5496,0.6014,0.6382,0.6957,0.7210000000000001,0.7736000000000001,0.8,0.8449000000000001,0.8762000000000001,0.9158000000000001,0.9717
11600:0.0584,0.0815,0.1589,0.1673,0.1754,0.2291,0.24020000000000002,0.2556,0.2631,0.2696,0.3415,0.3506,0.35900000000000004,0.3678,0.3764,0.3844,0.3941,0.42310000000000003,0.4379,0.446,0.5097,0.5304,0.5374,0.5504,0.5629000000000001,0.5710000000000001,0.5792,0.5963,0.605,0.6611,0.6802,0.6901,0.7168,0.8065,0.8161,0.8241,0.8488,0.8883000000000001,0.9197000000000001,0.9272,0.9362,0.9519000000000001,0.9591000000000001
11604:0.0545,0.0959,0.14070000000000002,0.17930000000000001,0.2459,0.3427,0.3841,0.4133,0.443,0.526,0.5744,0.6044,0.664,0.7162000000000001,0.7965,0.8309000000000001,0.893,0.9167000000000001,0.9569000000000001,0.9985
12494:0.0053,0.0166,0.019100000000000002,0.023,0.0315,0.032100000000000004,0.043000000000000003,0.0441,0.048600000000000004,0.054200000000000005,0.0589,0.062,0.0623,0.0734,0.0994,0.11220000000000001,0.1212,0.128,0.13770000000000002,0.1389,0.14120000000000002,0.1447,0.1481,0.1602,0.1777,0.1904,0.1932,0.2106,0.2114,0.22210000000000002,0.2313,0.23290000000000002,0.2462,0.2469,0.2539,0.2549,0.2577,0.2662,0.2696,0.2936,0.3062,0.3164,0.3242,0.3266,0.3307,0.33390000000000003,0.3355,0.3371,0.3447,0.3896,0.3916,0.3952,0.4062,0.42150000000000004,0.42300000000000004,0.4268,0.4324,0.45080000000000003,0.45370000000000005,0.4539,0.459,0.4631,0.5075000000000001,0.5353,0.5393,0.5414,0.555,0.5581,0.5664,0.5690000000000001,0.5748,0.5765,0.5928,0.6012000000000001,0.6025,0.6066,0.6159,0.6177,0.6201,0.6349,0.64,0.6561,0.658,0.6616000000000001,0.6633,0.6732,0.6748000000000001,0.6782,0.684,0.6906,0.6984,0.7060000000000001,0.7081000000000001,0.7098,0.7121000000000001,0.7172000000000001,0.7347,0.7363000000000001,0.7389,0.7431,0.7455,0.7522000000000001,0.7609,0.7695000000000001,0.7813,0.7816000000000001,0.7843,0.7996000000000001,0.8076,0.8084,0.8151,0.8213,0.8236,0.8386,0.8430000000000001,0.8552000000000001,0.8562000000000001,0.8582000000000001,0.869,0.8819,0.8827,0.9035000000000001,0.9047000000000001,0.9056000000000001,0.912,0.9214,0.9292,0.9297000000000001,0.9411,0.9445,0.9467000000000001,0.9482,0.9507000000000001,0.9555,0.9563,0.9648,0.9659000000000001,0.9752000000000001,0.9801000000000001,0.9967
12790:0.6778000000000001,0.8384
12910:0.028300000000000002,0.046700000000000005,0.054700000000000006,0.07930000000000001,0.1169,0.1434,0.1976,0.2581,0.2642,0.304,0.31370000000000003,0.32630000000000003,0.3523,0.38070000000000004,0.4002,0.43310000000000004,0.4964,0.5394,0.5503,0.5894,0.5988,0.6392,0.6457,0.6886,0.6951,0.7074,0.7325,0.7767000000000001,0.8084,0.8552000000000001,0.8689,0.9131,0.9341,0.9738,0.991
13391:0.0497,0.1454,0.17370000000000002,0.2227,0.3789,0.4264,0.6438,0.7989,0.8964000000000001
13607:0.0915,0.25980000000000003,0.329,0.3793,0.43310000000000004,0.5295,0.6033000000000001,0.6745,0.7197,0.811,0.911,0.9548000000000001
13840:0.048400000000000006,0.0796,0.3125,0.3425,0.39680000000000004,0.536,0.7769,0.8031,0.9197000000000001
14047:0.0223,0.0413,0.048400000000000006,0.06810000000000001,0.0867,0.0949,0.1114,0.1263,0.13290000000000002,0.15030000000000002,0.1638,0.1713,0.1892,0.2034,0.21030000000000001,0.22390000000000002,0.23850000000000002,0.25470000000000004,0.2778,0.28390000000000004,0.3062,0.3185,0.3482,0.3678,0.3861,0.4038,0.42760000000000004,0.435,0.45830000000000004,0.4767,0.48410000000000003,0.5008,0.5153,0.5411,0.5583,0.5784,0.5910000000000001,0.5997,0.6111,0.6301,0.6367,0.6443,0.6619,0.6718000000000001,0.6781,0.7020000000000001,0.7129000000000001,0.7404000000000001,0.7516,0.7807000000000001,0.7879,0.8104,0.8256,0.8518,0.8633000000000001,0.8906000000000001,0.9012,0.929,0.9386,0.9484,0.9682000000000001,0.9822000000000001,0.9928
14227:0.30310000000000004,0.4413,0.5738,0.678,0.8266,0.9135000000000001,0.9545
14415:0.1427,0.646,0.7924,0.8794000000000001
14485:0.033800000000000004,0.054700000000000006,0.07390000000000001,0.1178,0.1346,0.14600000000000002,0.19340000000000002,0.2197,0.2602,0.2682,0.313,0.3392,0.38320000000000004,0.40140000000000003,0.4142,0.4302,0.49250000000000005,0.5107,0.5368,0.5936,0.6036,0.6897,0.7070000000000001,0.7254,0.7548,0.7787000000000001,0.798,0.8265,0.8408,0.8747,0.9168000000000001,0.9628000000000001
14630:0.8094
14770:0.050300000000000004,0.0984,0.158,0.22080000000000002,0.3113,0.40230000000000005,0.4738,0.6547000000000001,0.7223,0.8447,0.9145000000000001,0.9808
14842:0.0032,0.0092,0.015600000000000001,0.025500000000000002,0.0292,0.0335,0.0347,0.0379,0.047,0.061900000000000004,0.0661,0.06670000000000001,0.0721,0.0791,0.0824,0.0867,0.09620000000000001,0.09960000000000001,0.1012,0.10450000000000001,0.11560000000000001,0.1306,0.1466,0.1469,0.1492,0.15,0.15380000000000002,0.15610000000000002,0.1635,0.1666,0.1686,0.1705,0.17270000000000002,0.1862,0.1942,0.1952,0.2127,0.2167,0.21710000000000002,0.21780000000000002,0.2194,0.22560000000000002,0.2511,0.25170000000000003,0.2535,0.2558,0.27290000000000003,0.2916,0.3022,0.3044,0.3073,0.308,0.3477,0.3619,0.36250000000000004,0.37720000000000004,0.395,0.396,0.401,0.4027,0.4032,0.41960000000000003,0.4398,0.44870000000000004,0.4595,0.4647,0.468,0.4698,0.48000000000000004,0.4858,0.48660000000000003,0.4892,0.49420000000000003,0.5113,0.5169,0.5197,0.5241,0.5243,0.5315,0.5338,0.5472,0.5476,0.5619000000000001,0.5732,0.5764,0.6012000000000001,0.61,0.6191,0.6295000000000001,0.6344000000000001,0.6399,0.6411,0.6419,0.6427,0.6528,0.6555000000000001,0.6673,0.6743,0.683,0.6968000000000001,0.7087,0.7113,0.7168,0.7307,0.732,0.7381000000000001,0.7446,0.7448,0.7703,0.7752,0.7863,0.7927000000000001,0.8054,0.8122,0.8145,0.8291000000000001,0.8320000000000001,0.8349000000000001,0.8388,0.8408,0.8424,0.8512000000000001,0.8608,0.8615,0.8638,0.8664000000000001,0.8734000000000001,0.8771,0.8999,0.9035000000000001,0.9122,0.9158000000000001,0.9430000000000001,0.9441,0.9529000000000001,0.9660000000000001,0.9727,0.9778,0.9838,0.9885,0.9893000000000001,0.9922000000000001,0.993,0.9942000000000001
14917:0.0221,0.0395,0.0511,0.08360000000000001,0.0975,0.1101,0.12480000000000001,0.1338,0.16290000000000002,0.17400000000000002,0.19160000000000002,0.2031,0.21380000000000002,0.22360000000000002,0.23850000000000002,0.2534,0.2842,0.3027,0.3179,0.3442,0.367,0.3834,0.4037,0.4318,0.47440000000000004,0.48650000000000004,0.5005000000000001,0.516,0.5392,0.5571,0.5718,0.5825,0.5919,0.6041000000000001,0.6112000000000001,0.6315000000000001,0.6416000000000001,0.6592,0.6749,0.6999000000000001,0.7135,0.7401,0.7513000000000001,0.7778,0.788,0.8085,0.8245,0.8585,0.8649,0.8883000000000001,0.9034000000000001,0.9276000000000001,0.9414,0.9517,0.9828,0.9953000000000001
15166:0.08990000000000001,0.1537,0.3215,0.44380000000000003,0.7977000000000001,0.8878
15574:0.044500000000000005,0.057600000000000005,0.07780000000000001,0.11950000000000001,0.1369,0.19840000000000002,0.2637,0.30970000000000003,0.3279,0.34500000000000003,0.39830000000000004,0.4224,0.4949,0.5164,0.536,0.5502,0.6013000000000001,0.6363,0.6935,0.7138,0.7308,0.774,0.7877000000000001,0.8031,0.8406,0.8732000000000001,0.8848,0.9179,0.9291,0.9714
15635:0.0229,0.034800000000000005,0.0407,0.0555,0.06570000000000001,0.0771,0.0918,0.1019,0.1169,0.1315,0.14070000000000002,0.154,0.1703,0.1811,0.1899,0.2018,0.21730000000000002,0.2258,0.24020000000000002,0.2504,0.263,0.2778,0.29400000000000004,0.3138,0.3291,0.34800000000000003,0.37470000000000003,0.3875,0.4031,0.4197,0.4274,0.4413,0.4524,0.47440000000000004,0.4903,0.49920000000000003,0.5159,0.5277000000000001,0.5435,0.5529000000000001,0.5694,0.5876,0.602,0.6115,0.6251,0.644,0.6527000000000001,0.6706000000000001,0.6825,0.6893,0.7028,0.7106,0.7202000000000001,0.7398,0.7492000000000001,0.7583000000000001,0.7781,0.7922,0.8031,0.8209000000000001,0.8342,0.8510000000000001,0.8665,0.8751,0.8917,0.9026000000000001,0.9142,0.9234,0.9409000000000001,0.9552,0.9647,0.9810000000000001,0.9948
15828:0.08750000000000001,0.17550000000000002,0.25420000000000004,0.3274,0.3783,0.4172,0.44830000000000003,0.5281,0.5671,0.6055,0.6736000000000001,0.7195,0.8083,0.9076000000000001,0.9519000000000001
16042:0.0625,0.1578,0.1774,0.2369,0.2577,0.3431,0.3673,0.38780000000000003,0.42510000000000003,0.4475,0.5345,0.5554,0.5731,0.5993,0.6654,0.6864,0.7124,0.8139000000000001,0.8506,0.9218000000000001,0.9583
17064:0.046900000000000004,0.0765,0.1221,0.1325,0.1448,0.19410000000000002,0.22560000000000002,0.267,0.2745,0.3115,0.3517,0.3966,0.4042,0.4969,0.5348,0.5456,0.5978,0.6053000000000001,0.6397,0.6959000000000001,0.7125,0.7283000000000001,0.7774000000000001,0.8042,0.8426,0.868,0.879,0.9189,0.9727
18141:0.0473,0.11220000000000001,0.1723,0.2129,0.2529,0.2903,0.32230000000000003,0.3844,0.4374,0.5195000000000001,0.5762,0.6078,0.6464000000000001,0.6766,0.7198,0.76,0.7935,0.8287,0.8702000000000001,0.9077000000000001,0.9479000000000001,0.9983000000000001
18204:0.037200000000000004,0.0572,0.0659,0.1023,0.1384,0.17700000000000002,0.2122,0.22490000000000002,0.26130000000000003,0.2973,0.32230000000000003,0.3574,0.3825,0.40690000000000004,0.4418,0.4495,0.49260000000000004,0.5211,0.5322,0.5663,0.5863,0.6031000000000001,0.6136,0.6518,0.6744,0.6816,0.7195,0.7599,0.7979,0.8239000000000001,0.8365,0.8825000000000001,0.9149,0.9444,0.9616
18357:0.8857
18857:0.037000000000000005,0.0589,0.0873,0.1291,0.1988,0.22,0.28040000000000004,0.3128,0.3539,0.398,0.4234,0.44970000000000004,0.498,0.5356000000000001,0.5939,0.6064,0.6437,0.6929000000000001,0.7122,0.7250000000000001,0.7817000000000001,0.7962,0.8351000000000001,0.8519,0.8783000000000001,0.9167000000000001,0.9688
18900:0.0529,0.09870000000000001,0.1711,0.2497,0.29660000000000003,0.3684,0.41100000000000003,0.444,0.5243,0.5621,0.5968,0.6512,0.6784,0.7174,0.7976000000000001,0.8254,0.9063,0.9516
19388:0.0458,0.08170000000000001,0.1077,0.1396,0.1716,0.1995,0.23470000000000002,0.2561,0.3183,0.3549,0.40940000000000004,0.4358,0.4974,0.5274,0.5765,0.6029,0.6608,0.6949000000000001,0.7248,0.7561,0.791,0.8513000000000001,0.875,0.9308000000000001,0.9583,0.9903000000000001
20215:0.7926000000000001,0.8865000000000001
21091:0.057,0.0907,0.1413,0.2137,0.2842,0.4037,0.49810000000000004,0.5447000000000001,0.602,0.6435000000000001,0.7107,0.7917000000000001,0.8443,0.893,0.9282,0.994
21384:0.0412,0.0809,0.198,0.3141,0.3269,0.39930000000000004,0.5016,0.5998,0.6423,0.6955,0.7338,0.7785000000000001,0.8135,0.8713000000000001,0.9134
21518:0.0099,0.0212,0.0357,0.049,0.059300000000000005,0.06760000000000001,0.0787,0.0908,0.1022,0.1163,0.1252,0.13290000000000002,0.14300000000000002,0.1512,0.1698,0.1832,0.19590000000000002,0.2116,0.2268,0.2364,0.2485,0.2611,0.27540000000000003,0.2887,0.2998,0.31320000000000003,0.3307,0.3461,0.3628,0.3739,0.3875,0.3992,0.4131,0.42160000000000003,0.4344,0.44370000000000004,0.4585,0.4717,0.48900000000000005,0.5034000000000001,0.5136000000000001,0.5246000000000001,0.5378000000000001,0.5476,0.5597,0.5688,0.5850000000000001,0.5952000000000001,0.6056,0.6153000000000001,0.6373,0.6465000000000001,0.6564,0.6717000000000001,0.6814,0.6928000000000001,0.7033,0.7110000000000001,0.7221000000000001,0.7357,0.7446,0.7632,0.7756000000000001,0.7847000000000001,0.799,0.8098000000000001,0.8188000000000001,0.8282,0.8476,0.8586,0.8723000000000001,0.8853000000000001,0.8983000000000001,0.9097000000000001,0.9211,0.9347000000000001,0.9466,0.9589000000000001,0.9726,0.9836,0.9928
21989:0.7479
22351:0.1335,0.3579,0.7312000000000001,0.7922,0.8812000000000001,0.9318000000000001,0.9802000000000001
22452:0.0465,0.1296,0.2071,0.28450000000000003,0.3226,0.40690000000000004,0.4812,0.5615,0.6399,0.7151000000000001,0.7894,0.8636,0.9425
22854:0.045200000000000004,0.1428,0.4136,0.5004000000000001,0.6066,0.8400000000000001
23353:0.0893,0.1531,0.321,0.44320000000000004,0.7971,0.8871
23354:0.0409,0.0872,0.1242,0.16240000000000002,0.2023,0.2374,0.2788,0.30610000000000004,0.3662,0.4041,0.4348,0.47640000000000005,0.5144000000000001,0.5575,0.5920000000000001,0.631,0.6609,0.7032,0.7406,0.7843,0.8102,0.8516,0.8942,0.93,0.9801000000000001
24296:0.4335,0.5513,0.9309000000000001
24441:0.0727,0.2218,0.4123,0.555,0.6481,0.7060000000000001,0.9348000000000001
24594:0.0318,0.040100000000000004,0.0456,0.0587,0.0711,0.0784,0.0984,0.11030000000000001,0.1213,0.1267,0.1361,0.1409,0.1852,0.1937,0.2019,0.21000000000000002,0.21480000000000002,0.2535,0.2619,0.2706,0.27840000000000004,0.3009,0.3094,0.3185,0.33190000000000003,0.3406,0.3513,0.3874,0.39480000000000004,0.39990000000000003,0.41190000000000004,0.42100000000000004,0.4279,0.4869,0.4954,0.5205000000000001,0.5295,0.5371,0.5455,0.5599000000000001,0.5673,0.5898,0.5984,0.6035,0.6115,0.626,0.6348,0.6411,0.6888000000000001,0.6961,0.7033,0.7103,0.7180000000000001,0.7241000000000001,0.7559,0.7654000000000001,0.7745000000000001,0.7825000000000001,0.7906000000000001,0.7998000000000001,0.8137000000000001,0.8318000000000001,0.8390000000000001,0.8447,0.8520000000000001,0.8612000000000001,0.8691000000000001,0.8762000000000001,0.8855000000000001,0.8955000000000001,0.9104000000000001,0.9166000000000001,0.9273,0.9473,0.9645,0.9709000000000001,0.9789,0.9953000000000001
24757:0.1486,0.2805,0.3668,0.40790000000000004,0.5503,0.7331000000000001
25084:0.0582,0.33,0.4459,0.6759000000000001,0.8326
25808:0.024900000000000002,0.0397,0.0507,0.0582,0.0776,0.09090000000000001,0.1005,0.1095,0.1237,0.1325,0.1512,0.16720000000000002,0.1757,0.1961,0.20720000000000002,0.2156,0.23170000000000002,0.2447,0.2565,0.2642,0.28950000000000004,0.3019,0.3178,0.326,0.33940000000000003,0.3537,0.37,0.3798,0.3926,0.4015,0.40940000000000004,0.42400000000000004,0.43420000000000003,0.4414,0.4742,0.4873,0.5022,0.5199,0.5279,0.5429,0.5592,0.5700000000000001,0.5815,0.5928,0.6008,0.6184000000000001,0.6319,0.6434000000000001,0.6582,0.6693,0.6775,0.6981,0.7108,0.7188,0.7469,0.7587,0.7798,0.7907000000000001,0.8003,0.8126,0.8230000000000001,0.8321000000000001,0.8604,0.8693000000000001,0.8855000000000001,0.8968,0.9071,0.9182,0.9312,0.9405,0.9511000000000001,0.9620000000000001,0.9849,0.9955
26115:0.0159,0.028800000000000003,0.0417,0.0529,0.0661,0.08310000000000001,0.09680000000000001,0.10940000000000001,0.12250000000000001,0.1359,0.1469,0.1584,0.1741,0.1874,0.1998,0.2127,0.22510000000000002,0.2356,0.2479,0.2635,0.27740000000000004,0.2878,0.3008,0.3141,0.3315,0.34500000000000003,0.35910000000000003,0.36910000000000004,0.3836,0.4,0.4122,0.4244,0.4363,0.4501,0.4637,0.47450000000000003,0.49050000000000005,0.5019,0.5128,0.5294,0.5412,0.5555,0.5686,0.5790000000000001,0.5915,0.6031000000000001,0.6166,0.6336,0.6454000000000001,0.657,0.6715,0.6898000000000001,0.7029000000000001,0.7146,0.7288,0.7419,0.752,0.7686000000000001,0.7835000000000001,0.794,0.8041,0.8201,0.8305,0.8445,0.8577,0.8719,0.8849,0.901,0.9117000000000001,0.9249,0.9383,0.9507000000000001,0.9620000000000001,0.9748,0.9869
27383:0.0392,0.048100000000000004,0.0704,0.07880000000000001,0.10930000000000001,0.1232,0.1313,0.14070000000000002,0.1892,0.203,0.21580000000000002,0.2565,0.2682,0.28190000000000004,0.307,0.3236,0.338,0.3524,0.39440000000000003,0.40230000000000005,0.4186,0.4303,0.49160000000000004,0.503,0.5155000000000001,0.5334,0.5442,0.5564,0.5909,0.6023000000000001,0.6234000000000001,0.6381,0.6909000000000001,0.7028,0.7148,0.7249,0.764,0.7765000000000001,0.7936000000000001,0.8038000000000001,0.8334,0.8443,0.8615,0.8725,0.8817,0.9136000000000001,0.9223,0.9674,0.9757,0.9897
28756:0.043300000000000005,0.0517,0.07740000000000001,0.12860000000000002,0.1423,0.2087,0.2767,0.3121,0.33080000000000004,0.34750000000000003,0.3995,0.4183,0.5008,0.5204,0.5366000000000001,0.5523,0.6072000000000001,0.639,0.6517000000000001,0.7031000000000001,0.7178,0.7312000000000001,0.7727,0.7842,0.8031,0.8373,0.8473,0.8746,0.8867,0.9172,0.9278000000000001,0.9801000000000001
28757:0.040600000000000004,0.061500000000000006,0.07680000000000001,0.1072,0.12560000000000002,0.1378,0.1816,0.20040000000000002,0.24680000000000002,0.264,0.2782,0.3065,0.32170000000000004,0.3436,0.3925,0.40990000000000004,0.4277,0.4793,0.4938,0.5095000000000001,0.5315,0.547,0.5820000000000001,0.6012000000000001,0.6247,0.6382,0.6807000000000001,0.6994,0.7206,0.7499,0.7717,0.788,0.8064,0.8280000000000001,0.8499,0.8694000000000001,0.8833000000000001,0.9142,0.9634,0.9785,0.9994000000000001
28825:0.0017000000000000001,0.0097,0.019200000000000002,0.028800000000000003,0.030100000000000002,0.0357,0.0359,0.0412,0.056,0.061000000000000006,0.075,0.0781,0.08320000000000001,0.08510000000000001,0.096,0.0975,0.1092,0.1148,0.1213,0.1385,0.1446,0.1484,0.1558,0.16340000000000002,0.1824,0.18330000000000002,0.20420000000000002,0.2074,0.2109,0.21760000000000002,0.21930000000000002,0.22820000000000001,0.2336,0.2378,0.24080000000000001,0.2459,0.26180000000000003,0.2625,0.2652,0.2681,0.26980000000000004,0.2751,0.2822,0.2851,0.28550000000000003,0.2881,0.299,0.3069,0.3158,0.3415,0.3417,0.3498,0.36660000000000004,0.37070000000000003,0.3911,0.395,0.40090000000000003,0.40140000000000003,0.4334,0.4501,0.45990000000000003,0.4602,0.4635,0.48250000000000004,0.48500000000000004,0.4854,0.4918,0.5008,0.5154,0.5265000000000001,0.5288,0.5395,0.5406000000000001,0.5518000000000001,0.5523,0.5548000000000001,0.5575,0.5587,0.5665,0.5671,0.5730000000000001,0.5870000000000001,0.5932000000000001,0.5972000000000001,0.6555000000000001,0.6647000000000001,0.6731,0.6742,0.6823,0.6879000000000001,0.6885,0.6910000000000001,0.7025,0.7087,0.7092,0.7153,0.7186,0.7289,0.7448,0.7537,0.7574000000000001,0.7674000000000001,0.7696000000000001,0.7698,0.7747,0.7897000000000001,0.8012,0.8074,0.8128000000000001,0.8145,0.8182,0.8227,0.8266,0.8278000000000001,0.8324,0.8358,0.8413,0.8439000000000001,0.8504,0.8532000000000001,0.8573000000000001,0.8586,0.8655,0.8729,0.8732000000000001,0.8741,0.8836,0.8847,0.8865000000000001,0.8905000000000001,0.9041,0.9076000000000001,0.9097000000000001,0.9117000000000001,0.9461,0.9582,0.9605,0.9615,0.9800000000000001,0.9837,0.9921000000000001,0.9939,0.9951000000000001,0.9979
29281:0.0007,0.007200000000000001,0.0135,0.0164,0.0264,0.028200000000000003,0.057100000000000005,0.061200000000000004,0.0629,0.07980000000000001,0.08950000000000001,0.09670000000000001,0.0976,0.0984,0.1223,0.1386,0.1461,0.1529,0.155,0.1577,0.1579,0.16140000000000002,0.1695,0.1778,0.1814,0.19190000000000002,0.20520000000000002,0.22080000000000002,0.22460000000000002,0.2265,0.2272,0.2303,0.23120000000000002,0.232,0.23450000000000001,0.23750000000000002,0.24350000000000002,0.2441,0.26080000000000003,0.2914,0.3029,0.3084,0.3111,0.3119,0.31570000000000004,0.3277,0.3279,0.33890000000000003,0.3547,0.3653,0.3703,0.37720000000000004,0.3791,0.3808,0.389,0.39590000000000003,0.4016,0.4036,0.4121,0.4183,0.42560000000000003,0.42860000000000004,0.447,0.4556,0.4667,0.47190000000000004,0.4731,0.4733,0.49420000000000003,0.4944,0.4949,0.49510000000000004,0.496,0.49820000000000003,0.49960000000000004,0.5057,0.5375,0.5444,0.5482,0.5559000000000001,0.5632,0.5774,0.5823,0.5929,0.5953,0.5969,0.6018,0.6143000000000001,0.6198,0.6297,0.633,0.6349,0.6367,0.6374000000000001,0.6443,0.6463,0.6632,0.6694,0.6937,0.7027,0.7104,0.7124,0.7309,0.735,0.7375,0.743,0.7541,0.7574000000000001,0.761,0.7649,0.7677,0.7756000000000001,0.7822,0.7848,0.7957000000000001,0.7976000000000001,0.7982,0.8029000000000001,0.8158000000000001,0.8180000000000001,0.8212,0.8283,0.8352,0.8430000000000001,0.8484,0.8533000000000001,0.8877,0.8912,0.8942,0.9143,0.9168000000000001,0.9239,0.9256000000000001,0.935,0.9353,0.9425,0.9530000000000001,0.9537,0.9554,0.9562,0.9631000000000001,0.9727
30625:0.1436
31058:0.0585,0.10940000000000001,0.1799,0.2233,0.3264,0.4456,0.5283,0.6778000000000001,0.8353,0.9587
31094:0.052000000000000005,0.1403,0.3246,0.4173,0.5301,0.6513,0.7942,0.8785000000000001,0.9149,0.9974000000000001
31315:0.0431,0.0608,0.0771,0.1087,0.129,0.1411,0.18660000000000002,0.2029,0.2243,0.26,0.2738,0.3078,0.3272,0.3461,0.39380000000000004,0.40440000000000004,0.4208,0.434,0.4913,0.5215000000000001,0.5397000000000001,0.5589000000000001,0.5978,0.6102000000000001,0.6379,0.6907,0.7063,0.7241000000000001,0.7641,0.7803,0.798,0.8085,0.8406,0.8618,0.8786,0.9075000000000001,0.9215000000000001,0.9667,0.9847
31475:0.0207,0.0378,0.0509,0.0636,0.0867,0.09820000000000001,0.11510000000000001,0.12940000000000002,0.1496,0.171,0.1933,0.21180000000000002,0.2321,0.24730000000000002,0.268,0.2844,0.30110000000000003,0.3186,0.3336,0.35000000000000003,0.3703,0.3942,0.4098,0.42460000000000003,0.43920000000000003,0.45680000000000004,0.47240000000000004,0.4902,0.5088,0.5295,0.5443,0.5648000000000001,0.5807,0.5936,0.6131,0.6401,0.6578,0.6726000000000001,0.6843,0.7039000000000001,0.7190000000000001,0.7431,0.7542,0.7806000000000001,0.7916000000000001,0.8085,0.8262,0.8386,0.8575,0.87,0.8881,0.9033,0.9183,0.9358000000000001,0.9509000000000001,0.9678,0.9824,0.9947
31627:0.0333,0.04,0.062200000000000005,0.0724,0.10350000000000001,0.11510000000000001,0.1333,0.1738,0.1882,0.2011,0.2442,0.2525,0.27140000000000003,0.2998,0.334,0.3749,0.3891,0.41240000000000004,0.4278,0.4494,0.48610000000000003,0.49770000000000003,0.521,0.5366000000000001,0.5483,0.5713,0.5903,0.6034,0.6345000000000001,0.6559,0.6794,0.6879000000000001,0.7067,0.7197,0.7484000000000001,0.7646000000000001,0.7967000000000001,0.8247,0.8379000000000001,0.8474,0.8668,0.879,0.9063,0.9204,0.9536,0.9657,0.9967
32863:0.0002,0.0064,0.015300000000000001,0.018600000000000002,0.024300000000000002,0.0344,0.0482,0.053500000000000006,0.0604,0.0627,0.0636,0.0639,0.0694,0.0741,0.0826,0.0911,0.09230000000000001,0.09290000000000001,0.09860000000000001,0.0988,0.10690000000000001,0.1115,0.11220000000000001,0.11370000000000001,0.1272,0.13720000000000002,0.139,0.14070000000000002,0.1424,0.1448,0.14830000000000002,0.17850000000000002,0.18510000000000001,0.18530000000000002,0.19870000000000002,0.2107,0.21580000000000002,0.21730000000000002,0.23120000000000002,0.2363,0.2495,0.2574,0.2646,0.2705,0.27840000000000004,0.27940000000000004,0.2883,0.2931,0.3007,0.30770000000000003,0.32480000000000003,0.33340000000000003,0.3361,0.3503,0.3521,0.35650000000000004,0.3622,0.3677,0.37,0.37070000000000003,0.3715,0.3764,0.3769,0.37970000000000004,0.3864,0.3885,0.4,0.40230000000000005,0.4036,0.4136,0.4212,0.42200000000000004,0.4233,0.42760000000000004,0.431,0.4343,0.4409,0.4667,0.4801,0.4912,0.4917,0.4919,0.4953,0.49560000000000004,0.4975,0.5104000000000001,0.5126000000000001,0.5146000000000001,0.5196000000000001,0.5213,0.522,0.5222,0.5227,0.5338,0.54,0.5451,0.5564,0.5573,0.56,0.5626,0.5689000000000001,0.5715,0.5721,0.5762,0.5934,0.5963,0.6045,0.6071000000000001,0.6096,0.6103000000000001,0.6108,0.6112000000000001,0.6147,0.6174000000000001,0.6189,0.6209,0.6335000000000001,0.6356,0.6378,0.645,0.6472,0.6648000000000001,0.6688000000000001,0.674,0.6842,0.6933,0.6984,0.7054,0.7067,0.7072,0.7078,0.7122,0.7186,0.7267,0.7284,0.7334,0.7385,0.7397,0.7403000000000001,0.7422000000000001,0.7432000000000001,0.773,0.7748,0.7881,0.7912,0.7918000000000001,0.792,0.8,0.8013,0.8101,0.8105,0.8118000000000001,0.8168000000000001,0.8224,0.8228000000000001,0.8283,0.8308000000000001,0.8503000000000001,0.8563000000000001,0.8578,0.8784000000000001,0.885,0.8987,0.9025000000000001,0.9084000000000001,0.9144,0.9489000000000001,0.9516,0.9518000000000001,0.9557,0.9627,0.9677,0.9722000000000001,0.9753000000000001,0.9767,0.9866
33909:0.0451,0.0505,0.0538,0.0572,0.0752,0.0805,0.09190000000000001,0.1414,0.1482,0.15660000000000002,0.16040000000000001,0.16620000000000001,0.17020000000000002,0.17470000000000002,0.2142,0.21830000000000002,0.2295,0.23670000000000002,0.24280000000000002,0.2535,0.25680000000000003,0.2599,0.2635,0.26680000000000004,0.29150000000000004,0.2992,0.3034,0.3311,0.3408,0.3461,0.3496,0.3594,0.3635,0.3673,0.3735,0.3778,0.38320000000000004,0.39130000000000004,0.3951,0.3986,0.4143,0.4181,0.4227,0.43210000000000004,0.43710000000000004,0.4405,0.4461,0.45830000000000004,0.4903,0.49520000000000003,0.5012,0.5057,0.5103,0.5231,0.5275000000000001,0.5307000000000001,0.5361,0.5405,0.5454,0.5495,0.5541,0.5638000000000001,0.5682,0.5724,0.5763,0.5803,0.5854,0.5941000000000001,0.6001000000000001,0.6046,0.6461,0.651,0.6561,0.6599,0.6708000000000001,0.6779000000000001,0.6883,0.6925,0.7057,0.7097,0.7128,0.7175,0.7262000000000001,0.7593000000000001,0.7644000000000001,0.7967000000000001,0.8001,0.8087000000000001,0.8128000000000001,0.8179000000000001,0.8213,0.8323,0.8361000000000001,0.8405,0.8476,0.8823000000000001,0.8858,0.8976000000000001,0.9121,0.9157000000000001,0.9201,0.9237000000000001,0.9287000000000001,0.9338000000000001,0.9507000000000001,0.9562,0.9595,0.9630000000000001,0.9916,0.9985
34268:0.0358,0.0495,0.061500000000000006,0.07,0.08030000000000001,0.1208,0.1358,0.183,0.1967,0.2076,0.2177,0.22510000000000002,0.2535,0.2641,0.2762,0.3028,0.3135,0.3422,0.34690000000000004,0.3609,0.3876,0.39830000000000004,0.41250000000000003,0.43010000000000004,0.4867,0.499,0.5225000000000001,0.5364,0.5441,0.5481,0.5592,0.5909,0.6016,0.6321,0.6394000000000001,0.6883,0.7013,0.7071000000000001,0.7137,0.7215,0.7311000000000001,0.7683,0.7738,0.7941,0.8025,0.8374,0.8416,0.8459,0.8588,0.8714000000000001,0.8767,0.8834000000000001,0.9064000000000001,0.9178000000000001,0.9276000000000001,0.9344,0.9555,0.9709000000000001,0.9763000000000001,0.9872000000000001,0.9975
35268:0.0517,0.0646,0.0777,0.0884,0.1431,0.1524,0.1709,0.21830000000000002,0.2305,0.2434,0.2591,0.2917,0.3242,0.3352,0.3486,0.36010000000000003,0.3703,0.3798,0.38920000000000005,0.40040000000000003,0.4153,0.4309,0.4423,0.5002,0.521,0.5294,0.5394,0.548,0.5598000000000001,0.5703,0.5812,0.5947,0.6037,0.6474000000000001,0.6556000000000001,0.6658000000000001,0.6774,0.6877,0.6984,0.7081000000000001,0.7195,0.769,0.799,0.8091,0.8213,0.8392000000000001,0.8824000000000001,0.8925000000000001,0.9127000000000001,0.9228000000000001,0.9303,0.9441,0.9545,0.9929
35701:0.035,0.053500000000000006,0.0621,0.076,0.0813,0.1193,0.1956,0.2209,0.265,0.2741,0.3114,0.3255,0.34990000000000004,0.4058,0.43270000000000003,0.465,0.4964,0.5427000000000001,0.5743,0.6016,0.6408,0.6803,0.6960000000000001,0.7259,0.7441,0.7731,0.7862,0.8049000000000001,0.8382000000000001,0.8458,0.8663000000000001,0.8875000000000001,0.9105000000000001,0.9348000000000001,0.9772000000000001,0.9882000000000001
36190:0.041600000000000005,0.067,0.09570000000000001,0.1254,0.16820000000000002,0.2147,0.23950000000000002,0.2782,0.33490000000000003,0.4183,0.464,0.49400000000000005,0.5438000000000001,0.5760000000000001,0.6161,0.6613,0.7025,0.7453000000000001,0.7874,0.8264,0.8589,0.9022,0.9456,0.9776
36318:0.0358,0.2516,0.4254,0.4904,0.6865,0.8385
36839:0.1042,0.2906,0.4373,0.5845,0.7916000000000001,0.9136000000000001
37888:0.041800000000000004,0.07590000000000001,0.11710000000000001,0.1403,0.1913,0.2189,0.2601,0.30710000000000004,0.33940000000000003,0.3925,0.4204,0.4928,0.5309,0.5544,0.5994,0.6335000000000001,0.6896,0.7074,0.7286,0.7714000000000001,0.7971,0.8356,0.8514,0.8748,0.9164,0.9680000000000001
38145:0.07690000000000001,0.1307,0.20400000000000001,0.2746,0.3401,0.40240000000000004,0.49470000000000003,0.5434,0.6063000000000001,0.6467,0.6951,0.7271000000000001,0.7737,0.8418,0.8785000000000001,0.9186000000000001,0.9714
39185:0.0234,0.0444,0.0916,0.1279,0.1673,0.20400000000000001,0.2121,0.2426,0.2842,0.3163,0.3682,0.4037,0.43460000000000004,0.4807,0.5169,0.5583,0.5910000000000001,0.6366,0.6634,0.6733,0.7132000000000001,0.7507,0.7875000000000001,0.8155,0.8270000000000001,0.8644000000000001,0.8992,0.9339000000000001,0.9454,0.9854,0.9947
39548:0.042300000000000004,0.0664,0.10310000000000001,0.1531,0.18630000000000002,0.2316,0.278,0.33590000000000003,0.4035,0.4258,0.46180000000000004,0.5076,0.5709000000000001,0.6195,0.6597000000000001,0.6928000000000001,0.7468,0.7871,0.8286,0.8621000000000001,0.903,0.9495,0.9823000000000001
39904:0.058,0.17070000000000002,0.2451,0.33380000000000004,0.36910000000000004,0.3885,0.42300000000000004,0.5337000000000001,0.5609000000000001,0.5881000000000001,0.6666000000000001,0.6847000000000001,0.7055,0.8025,0.8481000000000001,0.9201,0.9618000000000001
40815:0.0327,0.0409,0.0466,0.061200000000000004,0.0729,0.0779,0.1009,0.111,0.1218,0.1287,0.1365,0.14070000000000002,0.18680000000000002,0.19870000000000002,0.2039,0.2132,0.25520000000000004,0.2627,0.2687,0.2772,0.2863,0.3018,0.3095,0.32180000000000003,0.33240000000000003,0.3427,0.3518,0.3886,0.3962,0.40790000000000004,0.41650000000000004,0.4274,0.4315,0.48850000000000005,0.4955,0.5168,0.529,0.5365,0.5466,0.5588000000000001,0.5846,0.5973,0.6018,0.6102000000000001,0.6271,0.6354000000000001,0.6418,0.6891,0.6960000000000001,0.7019000000000001,0.7094,0.7194,0.7267,0.756,0.7666000000000001,0.7753,0.7832,0.7898000000000001,0.8011,0.8303,0.8378,0.8428,0.8537,0.8639,0.8722000000000001,0.8769,0.8848,0.8968,0.9124,0.9181,0.9262,0.9405,0.9642000000000001,0.9711000000000001,0.9799,0.9916
40895:0.78
41254:0.0105,0.020200000000000003,0.0309,0.0381,0.0461,0.0545,0.062400000000000004,0.0745,0.0823,0.0915,0.1003,0.10930000000000001,0.11910000000000001,0.1285,0.13720000000000002,0.1451,0.15360000000000001,0.1636,0.1731,0.18230000000000002,0.19390000000000002,0.2054,0.21450000000000002,0.22290000000000001,0.2318,0.2414,0.249,0.2577,0.269,0.2763,0.28750000000000003,0.29660000000000003,0.30820000000000003,0.3159,0.3264,0.33490000000000003,0.3442,0.3561,0.368,0.3786,0.38630000000000003,0.39630000000000004,0.4043,0.4127,0.42150000000000004,0.4298,0.43920000000000003,0.44670000000000004,0.457,0.4671,0.4758,0.48650000000000004,0.4934,0.5016,0.511,0.5222,0.5304,0.5391,0.5471,0.5578000000000001,0.5683,0.5767,0.5869,0.5955,0.6037,0.614,0.6246,0.6362,0.644,0.6519,0.6619,0.6719,0.6807000000000001,0.6886,0.6978000000000001,0.7058,0.7131000000000001,0.7221000000000001,0.7351000000000001,0.7444000000000001,0.7531,0.7631,0.7725000000000001,0.7814,0.7888000000000001,0.7969,0.805,0.8147000000000001,0.8225,0.8313,0.8416,0.8499,0.8585,0.8695,0.8802000000000001,0.89,0.8993,0.908,0.9168000000000001,0.9263,0.9363,0.9463,0.9543,0.9613,0.9703,0.9784,0.9886,0.9975
41514:0.0596,0.08120000000000001,0.15710000000000002,0.1731,0.23170000000000002,0.24380000000000002,0.2576,0.3407,0.3563,0.3734,0.38580000000000003,0.4188,0.4413,0.5097,0.5345,0.5511,0.5674,0.5811000000000001,0.5993,0.6615,0.6813,0.6949000000000001,0.7150000000000001,0.8071,0.8215,0.8899,0.9229,0.9540000000000001
41549:0.028300000000000002,0.049600000000000005,0.059300000000000005,0.0925,0.1063,0.13,0.1424,0.1709,0.18330000000000002,0.20090000000000002,0.2172,0.24280000000000002,0.2612,0.2933,0.31670000000000004,0.3276,0.3564,0.375,0.3981,0.41050000000000003,0.4365,0.44820000000000004,0.48310000000000003,0.49560000000000004,0.5199,0.5428000000000001,0.5653,0.5856,0.6017,0.622,0.6436000000000001,0.6669,0.6791,0.7055,0.7211000000000001,0.7484000000000001,0.7663000000000001,0.7913,0.8138000000000001,0.8273,0.8389000000000001,0.8659,0.8951,0.912,0.9383,0.9546,0.9901000000000001
42220:0.048100000000000004,0.0779,0.1345,0.1704,0.21350000000000002,0.24980000000000002,0.2913,0.3236,0.35450000000000004,0.37620000000000003,0.4066,0.4272,0.44520000000000004,0.5204,0.5429,0.5639000000000001,0.5965,0.6448,0.6707000000000001,0.6930000000000001,0.7172000000000001,0.7913,0.806,0.8273,0.8692000000000001,0.9033,0.9215000000000001,0.9476,0.9918
42717:0.025,0.0356,0.0434,0.053000000000000005,0.07,0.0767,0.0879,0.10110000000000001,0.11460000000000001,0.12340000000000001,0.1311,0.1388,0.1741,0.19190000000000002,0.19970000000000002,0.2087,0.2156,0.2417,0.2566,0.2631,0.27640000000000003,0.2869,0.2989,0.30960000000000004,0.3163,0.3235,0.33380000000000004,0.34450000000000003,0.36970000000000003,0.3871,0.3971,0.4083,0.41600000000000004,0.4263,0.44930000000000003,0.47550000000000003,0.4877,0.4944,0.5053,0.5181,0.5275000000000001,0.5398000000000001,0.5492,0.5647,0.5790000000000001,0.5876,0.5995,0.6073000000000001,0.614,0.6257,0.635,0.6416000000000001,0.678,0.6953,0.7038,0.7155,0.7213,0.745,0.7596,0.769,0.7765000000000001,0.7838,0.791,0.8032,0.8276,0.8425,0.8588,0.8677,0.8758,0.8824000000000001,0.8955000000000001,0.9065000000000001,0.9152,0.9235000000000001,0.9449000000000001,0.9594,0.9726,0.9824,0.9904000000000001,0.9995
42781:0.45030000000000003,0.8325
42985:0.0516,0.060200000000000004,0.0692,0.0826,0.0911,0.1078,0.14300000000000002,0.1525,0.16840000000000002,0.17550000000000002,0.21910000000000002,0.23240000000000002,0.24450000000000002,0.254,0.263,0.2942,0.3239,0.3331,0.3416,0.3564,0.3695,0.3781,0.3859,0.3986,0.4116,0.42050000000000004,0.44010000000000005,0.448,0.5007,0.5225000000000001,0.5314,0.543,0.5606,0.5716,0.5881000000000001,0.5986,0.6113000000000001,0.6492,0.6622,0.673,0.6854,0.6936,0.7051000000000001,0.7162000000000001,0.7249,0.7697,0.798,0.8072,0.8213,0.8336,0.8492000000000001,0.8847,0.9007000000000001,0.9146000000000001,0.9244,0.9367000000000001,0.9498000000000001,0.9597,0.9969
43049:0.0805,0.5521,0.648,0.8014,0.893
43180:0.039900000000000005,0.0623,0.1008,0.1361,0.1799,0.2151,0.25020000000000003,0.3995,0.44110000000000005,0.49060000000000004,0.5241,0.5900000000000001,0.6783,0.7129000000000001,0.7633000000000001,0.8298000000000001,0.9128000000000001,0.9557
43642:0.054700000000000006,0.1004,0.13570000000000002,0.19010000000000002,0.25120000000000003,0.3044,0.3946,0.4292,0.4948,0.5523,0.5988,0.6527000000000001,0.7096,0.7953,0.8357,0.9124,0.9613
43649:0.0687,0.23,0.45070000000000005,0.6085,0.6839000000000001,0.8398
43697:0.0223,0.040100000000000004,0.0585,0.07970000000000001,0.10070000000000001,0.12200000000000001,0.15510000000000002,0.1753,0.1948,0.2174,0.23340000000000002,0.2528,0.2785,0.3025,0.3234,0.3497,0.38370000000000004,0.4015,0.42500000000000004,0.43920000000000003,0.4651,0.48400000000000004,0.5004000000000001,0.5219,0.5427000000000001,0.5693,0.5849,0.6076,0.6408,0.6599,0.6795,0.6982,0.7168,0.7475,0.7757000000000001,0.7981,0.8144,0.8312,0.8492000000000001,0.8731,0.9027000000000001,0.9151,0.9474,0.9684,0.9964000000000001
44807:0.038200000000000005,0.0529,0.06910000000000001,0.0839,0.1095,0.1254,0.1358,0.1472,0.18710000000000002,0.2048,0.2273,0.25630000000000003,0.27090000000000003,0.2989,0.3168,0.336,0.3583,0.3895,0.4027,0.41900000000000004,0.43460000000000004,0.4884,0.499,0.5241,0.5396000000000001,0.5559000000000001,0.5896,0.6051000000000001,0.6345000000000001,0.6464000000000001,0.6893,0.7044,0.7203,0.7599,0.7785000000000001,0.7963,0.8343,0.8451000000000001,0.8652000000000001,0.8787,0.9061,0.9202,0.9472,0.9683,0.9853000000000001
45081:0.058600000000000006,0.1476,0.40940000000000004,0.6098,0.7412000000000001,0.8185,0.8786,0.9428000000000001
45484:0.0239,0.0451,0.0942,0.13090000000000002,0.1681,0.2053,0.2466,0.28450000000000003,0.31670000000000004,0.3687,0.4045,0.43660000000000004,0.48210000000000003,0.5176000000000001,0.5594,0.5927,0.6387,0.6657000000000001,0.6766,0.7135,0.7517,0.7879,0.8192,0.8297,0.8661000000000001,0.9011,0.9403,0.9864,0.9992000000000001
45602:0.1353,0.4026,0.6127,0.7253000000000001,0.8041,0.8736,0.9194
45970:0.0811,0.14300000000000002,0.3134,0.435,0.7896000000000001,0.8795000000000001
45977:0.0092,0.0194,0.0337,0.0432,0.052500000000000005,0.060500000000000005,0.0668,0.0776,0.0867,0.09620000000000001,0.10600000000000001,0.11560000000000001,0.124,0.1306,0.14600000000000002,0.154,0.1681,0.1816,0.1923,0.20900000000000002,0.2209,0.23090000000000002,0.24430000000000002,0.2501,0.2646,0.275,0.2853,0.2989,0.3139,0.33190000000000003,0.3436,0.3634,0.3829,0.3941,0.4017,0.4117,0.42000000000000004,0.42910000000000004,0.44010000000000005,0.4535,0.46380000000000005,0.4706,0.4904,0.5018,0.5089,0.5227,0.5373,0.5463,0.556,0.5679000000000001,0.5755,0.5867,0.5962000000000001,0.6055,0.6145,0.6227,0.6374000000000001,0.6475000000000001,0.6546000000000001,0.6698000000000001,0.68,0.6899000000000001,0.7011000000000001,0.7118,0.7321000000000001,0.7457,0.7563000000000001,0.7698,0.7813,0.7878000000000001,0.7993,0.8106,0.8179000000000001,0.8273,0.8460000000000001,0.8533000000000001,0.8599,0.8711000000000001,0.886,0.8964000000000001,0.9039,0.9102,0.9236000000000001,0.9335,0.9487000000000001,0.9601000000000001,0.9739000000000001,0.9836,0.9913000000000001,0.9988
47052:0.0629,0.1437,0.26180000000000003,0.4485,0.6015,0.6827000000000001,0.8395
47604:0.0847,0.1466,0.317,0.43860000000000005,0.7932,0.8831
48187:0.039400000000000004,0.0529,0.076,0.117,0.1332,0.19360000000000002,0.2061,0.25880000000000003,0.27390000000000003,0.3113,0.3393,0.3921,0.4055,0.4257,0.49300000000000005,0.5375,0.5449,0.5989,0.6083000000000001,0.6362,0.6931,0.7181000000000001,0.7311000000000001,0.7698,0.7809,0.8021,0.8426,0.8677,0.8773000000000001,0.9136000000000001,0.9217000000000001,0.9696
48680:0.32020000000000004,0.44020000000000004
49025:0.0392,0.0507,0.0709,0.1057,0.12390000000000001,0.13470000000000001,0.1459,0.1875,0.20500000000000002,0.2243,0.2556,0.2664,0.2781,0.3043,0.32130000000000003,0.3431,0.3553,0.3909,0.40090000000000003,0.42250000000000004,0.4338,0.48850000000000005,0.5029,0.5285000000000001,0.5435,0.5634,0.5913,0.6048,0.6325000000000001,0.644,0.6903,0.7017,0.7105,0.7229,0.7657,0.7786000000000001,0.7989,0.8311000000000001,0.8423,0.8565,0.8719,0.8821,0.9099,0.9213,0.9510000000000001,0.9680000000000001,0.9834
49147:0.07740000000000001,0.13290000000000002,0.20370000000000002,0.2718,0.3428,0.40090000000000003,0.5429,0.6056,0.6414000000000001,0.7055,0.7773,0.8443,0.8769,0.9201,0.9770000000000001
49406:0.0922,0.1587,0.3235,0.44720000000000004,0.7997000000000001,0.8901
49584:0.0023,0.0031000000000000003,0.0085,0.0143,0.0247,0.034,0.0392,0.040600000000000004,0.057600000000000005,0.0748,0.07970000000000001,0.0903,0.09630000000000001,0.1039,0.10590000000000001,0.1177,0.11900000000000001,0.12190000000000001,0.1245,0.1288,0.1416,0.14250000000000002,0.1506,0.15330000000000002,0.1565,0.1642,0.1653,0.1826,0.1857,0.1862,0.18730000000000002,0.1882,0.1889,0.19160000000000002,0.19720000000000001,0.2005,0.2026,0.20770000000000002,0.2281,0.22870000000000001,0.23140000000000002,0.24130000000000001,0.2441,0.24430000000000002,0.24910000000000002,0.2523,0.253,0.2671,0.2696,0.2717,0.2721,0.2731,0.27440000000000003,0.27790000000000004,0.28300000000000003,0.2864,0.2918,0.3116,0.3176,0.33190000000000003,0.3347,0.3448,0.3543,0.3598,0.3679,0.3743,0.3763,0.3932,0.3965,0.3982,0.39890000000000003,0.41200000000000003,0.4148,0.4174,0.4197,0.4202,0.4219,0.42450000000000004,0.4288,0.4403,0.4439,0.44720000000000004,0.4545,0.4587,0.4675,0.4783,0.47940000000000005,0.49410000000000004,0.49570000000000003,0.49610000000000004,0.5094000000000001,0.5151,0.5236000000000001,0.5271,0.5332,0.5356000000000001,0.5369,0.5660000000000001,0.5686,0.5818,0.6034,0.6043000000000001,0.6096,0.6252,0.6297,0.6345000000000001,0.6363,0.6383,0.6399,0.649,0.6543,0.6786,0.6801,0.6811,0.6899000000000001,0.6917,0.6937,0.6972,0.7141000000000001,0.7297,0.7305,0.7391000000000001,0.7501,0.7703,0.7743,0.7809,0.7909,0.7918000000000001,0.7934,0.7951,0.7964,0.8142,0.8152,0.8200000000000001,0.8419000000000001,0.8647,0.8731,0.882,0.8845000000000001,0.8916000000000001,0.8982,0.9233,0.9264,0.9384,0.9387000000000001,0.9405,0.9421,0.9466,0.9578000000000001,0.9688,0.9740000000000001,0.9779,0.9954000000000001,0.9995
49678:0.8156
49771:0.0431,0.061200000000000004,0.08120000000000001,0.11520000000000001,0.135,0.18810000000000002,0.20750000000000002,0.2577,0.279,0.3114,0.3413,0.3936,0.4111,0.4292,0.45570000000000005,0.4938,0.5283,0.5492,0.5965,0.616,0.6453,0.6936,0.7121000000000001,0.7399,0.7743,0.7963,0.8413,0.8663000000000001,0.8852000000000001,0.9188000000000001,0.9324,0.9738
49984:0.045700000000000005,0.0794,0.1346,0.1962,0.22610000000000002,0.26480000000000004,0.32480000000000003,0.39490000000000003,0.42450000000000004,0.497,0.5373,0.6018,0.6431,0.6923,0.7250000000000001,0.7946000000000001,0.8367,0.876,0.9199,0.9702000000000001
50072:0.0236,0.037200000000000004,0.043000000000000003,0.0488,0.057300000000000004,0.075,0.08120000000000001,0.10930000000000001,0.1203,0.1353,0.1422,0.18150000000000002,0.1953,0.20220000000000002,0.2099,0.24550000000000002,0.2561,0.26080000000000003,0.2762,0.30010000000000003,0.30860000000000004,0.3161,0.3281,0.3417,0.3703,0.3795,0.3926,0.4086,0.42650000000000005,0.47690000000000005,0.4848,0.4928,0.5248,0.5314,0.5426,0.5497000000000001,0.5614,0.5791000000000001,0.5859,0.5983,0.6037,0.6122000000000001,0.6335000000000001,0.6429,0.6623,0.6819000000000001,0.6880000000000001,0.6968000000000001,0.7200000000000001,0.7352000000000001,0.7509,0.765,0.7726000000000001,0.7816000000000001,0.7998000000000001,0.8088000000000001,0.8239000000000001,0.8304,0.8448,0.8704000000000001,0.8798,0.9123,0.9233,0.9621000000000001,0.9717,0.9927
50597:0.044000000000000004,0.096,0.1341,0.1794,0.21660000000000001,0.29460000000000003,0.324,0.4434,0.498,0.5245000000000001,0.5759000000000001,0.6049,0.6412,0.6575000000000001,0.6871,0.7598,0.7936000000000001,0.8325,0.8782000000000001,0.9514
51107:0.0043,0.0053,0.0063,0.0184,0.0187,0.0193,0.0199,0.028200000000000003,0.0531,0.058,0.0636,0.0688,0.0726,0.10880000000000001,0.11180000000000001,0.11720000000000001,0.12200000000000001,0.1258,0.1328,0.1517,0.1526,0.1587,0.1592,0.1595,0.16290000000000002,0.17,0.17200000000000001,0.1757,0.1787,0.1806,0.1985,0.2056,0.2155,0.2257,0.2262,0.23040000000000002,0.2388,0.24150000000000002,0.2437,0.253,0.2659,0.2722,0.27690000000000003,0.2781,0.2862,0.2987,0.30920000000000003,0.3115,0.32220000000000004,0.3241,0.32580000000000003,0.34290000000000004,0.3443,0.34990000000000004,0.36250000000000004,0.3642,0.382,0.3907,0.4083,0.4096,0.4107,0.41200000000000003,0.4174,0.4192,0.4234,0.4335,0.4349,0.4461,0.44680000000000003,0.4531,0.45580000000000004,0.459,0.4685,0.48960000000000004,0.5,0.5071,0.5079,0.5128,0.5192,0.5196000000000001,0.5384,0.5446,0.5453,0.5517000000000001,0.5636,0.5655,0.5696,0.5762,0.5780000000000001,0.5850000000000001,0.6,0.6038,0.6221,0.624,0.6287,0.6289,0.6292,0.6399,0.6454000000000001,0.6548,0.6673,0.678,0.6807000000000001,0.6875,0.6968000000000001,0.7006,0.7080000000000001,0.7120000000000001,0.7122,0.7256,0.748,0.7526,0.7589,0.7609,0.7683,0.7707,0.772,0.7801,0.7826000000000001,0.7967000000000001,0.7973,0.8006000000000001,0.8057000000000001,0.8350000000000001,0.8487,0.8641000000000001,0.8684000000000001,0.8745,0.8751,0.895,0.8989,0.9135000000000001,0.9183,0.9248000000000001,0.9262,0.9394,0.9459000000000001,0.9554,0.9661000000000001,0.9684,0.9772000000000001,0.9865,0.9915
51221:0.1081,0.18230000000000002,0.248,0.4737,0.5909,0.6863,0.8355,0.9639000000000001
51263:0.07980000000000001,0.1356,0.202,0.23440000000000003,0.2782,0.3166,0.3659,0.40700000000000003,0.5064000000000001,0.5482,0.6048,0.62,0.7155,0.7419,0.8077000000000001,0.8495,0.8816,0.9444
51977:0.6217
52605:0.059000000000000004,0.1477,0.41750000000000004,0.6107,0.7415,0.8162,0.8825000000000001,0.9417000000000001
53184:0.0159,0.032600000000000004,0.046700000000000005,0.0646,0.0813,0.09730000000000001,0.1114,0.12560000000000002,0.1454,0.1572,0.17300000000000001,0.1893,0.2084,0.22290000000000001,0.2369,0.2499,0.2702,0.2843,0.3019,0.3176,0.339,0.35800000000000004,0.3728,0.38630000000000003,0.40440000000000004,0.42010000000000003,0.4343,0.45020000000000004,0.4691,0.4908,0.504,0.519,0.5354,0.5516,0.5698,0.5854,0.6003000000000001,0.6165,0.634,0.647,0.6659,0.6811,0.6986,0.7129000000000001,0.734,0.7488,0.7728,0.7876000000000001,0.8007000000000001,0.8180000000000001,0.8340000000000001,0.8529,0.8654000000000001,0.8834000000000001,0.9017000000000001,0.9154,0.9359000000000001,0.9523,0.9689000000000001,0.9832000000000001,0.9973000000000001
53905:0.027100000000000003,0.042100000000000005,0.054400000000000004,0.0699,0.08,0.10020000000000001,0.1199,0.1326,0.14400000000000002,0.1663,0.1845,0.20270000000000002,0.22160000000000002,0.24860000000000002,0.2594,0.2761,0.2974,0.317,0.333,0.37520000000000003,0.3971,0.4091,0.4233,0.4335,0.45130000000000003,0.4767,0.49720000000000003,0.5128,0.5295,0.5485,0.5651,0.5847,0.5991000000000001,0.6099,0.6267,0.645,0.6569,0.684,0.6981,0.7104,0.7236,0.7507,0.7726000000000001,0.7888000000000001,0.805,0.8222,0.8367,0.8499,0.866,0.8796,0.8937,0.9126000000000001,0.9273,0.9561000000000001,0.9714,0.9879
54568:0.039900000000000005,0.08610000000000001,0.1325,0.168,0.2139,0.2388,0.28700000000000003,0.3178,0.36920000000000003,0.4061,0.4358,0.4999,0.5259,0.5755,0.6322,0.6505000000000001,0.6764,0.7180000000000001,0.7814,0.7975,0.8254,0.8906000000000001,0.9321,0.9891000000000001
56016:0.0601,0.1391,0.49500000000000005,0.682
56459:0.0074,0.015700000000000002,0.0227,0.0317,0.039,0.0449,0.051800000000000006,0.0594,0.066,0.0745,0.0804,0.0879,0.0955,0.1022,0.1082,0.1165,0.12300000000000001,0.1307,0.1403,0.1472,0.15280000000000002,0.16010000000000002,0.168,0.1749,0.1816,0.1903,0.19690000000000002,0.20570000000000002,0.21450000000000002,0.22060000000000002,0.2288,0.2351,0.2432,0.24910000000000002,0.2561,0.2632,0.27340000000000003,0.2807,0.2859,0.2942,0.3024,0.3098,0.3171,0.3272,0.334,0.3406,0.3483,0.3558,0.3645,0.3728,0.37970000000000004,0.38730000000000003,0.39640000000000003,0.403,0.4107,0.41800000000000004,0.4244,0.43110000000000004,0.4393,0.4456,0.45280000000000004,0.4622,0.4692,0.47690000000000005,0.48560000000000003,0.4919,0.4975,0.5036,0.5092,0.5181,0.5259,0.5345,0.5425,0.5516,0.561,0.5671,0.5736,0.5814,0.5879,0.5953,0.604,0.6127,0.6212,0.6313000000000001,0.6382,0.6448,0.6512,0.6596000000000001,0.6703,0.6769000000000001,0.6854,0.6920000000000001,0.6993,0.7070000000000001,0.7132000000000001,0.7217,0.7328,0.7411,0.7476,0.7553000000000001,0.7664000000000001,0.7732,0.7796000000000001,0.7857000000000001,0.7914,0.7981,0.8063,0.8149000000000001,0.8239000000000001,0.8309000000000001,0.8397,0.8461000000000001,0.8531000000000001,0.8595,0.8658,0.8722000000000001,0.8798,0.8869,0.8945000000000001,0.9019,0.9074000000000001,0.9149,0.9232,0.9315,0.9415,0.9479000000000001,0.9555,0.9615,0.9698,0.9758,0.9818,0.9898,0.9971000000000001
57121:0.058600000000000006,0.0805,0.152,0.1597,0.1704,0.225,0.2368,0.2525,0.2626,0.2725,0.3362,0.3463,0.35660000000000003,0.3668,0.3824,0.3967,0.42050000000000004,0.44110000000000005,0.44880000000000003,0.5077,0.5328,0.54,0.5522,0.5655,0.5752,0.5881000000000001,0.6011000000000001,0.6586000000000001,0.68,0.6923,0.7099000000000001,0.8041,0.8182,0.8258000000000001,0.8474,0.8891,0.9206000000000001,0.9308000000000001,0.9562
58597:0.0844,0.1464,0.31670000000000004,0.4383,0.7929,0.8828
58997:0.32880000000000004,0.6900000000000001
59358:0.0449,0.0966,0.1343,0.1708,0.2094,0.2472,0.2867,0.3201,0.37270000000000003,0.4083,0.4389,0.4838,0.5206000000000001,0.5628000000000001,0.5963,0.6411,0.6708000000000001,0.7153,0.7549,0.7913,0.8255,0.868,0.9049,0.9471,0.9921000000000001
59441:0.057,0.08370000000000001,0.14980000000000002,0.1723,0.2306,0.2472,0.2994,0.33540000000000003,0.3543,0.3689,0.38930000000000003,0.4152,0.4409,0.5286000000000001,0.5425,0.5568000000000001,0.5695,0.5877,0.6106,0.6547000000000001,0.6729,0.6951,0.7142000000000001,0.8031,0.8180000000000001,0.8317,0.8892,0.9218000000000001,0.9407000000000001,0.9562
59450:0.013900000000000001,0.026600000000000002,0.0514,0.0663,0.0776,0.0944,0.1072,0.11800000000000001,0.1365,0.1457,0.164,0.18460000000000001,0.19460000000000002,0.21230000000000002,0.22760000000000002,0.2436,0.2604,0.2805,0.2907,0.3106,0.33530000000000004,0.3493,0.3639,0.37520000000000003,0.3855,0.4022,0.4164,0.4269,0.4364,0.4504,0.4833,0.4984,0.5133,0.5235000000000001,0.5427000000000001,0.562,0.5741,0.5889,0.5996,0.6135,0.6225,0.6401,0.6506000000000001,0.6733,0.6897,0.7032,0.7118,0.7316,0.7435,0.7779,0.7938000000000001,0.8104,0.8216,0.8328,0.8579,0.8741,0.8905000000000001,0.9045000000000001,0.9168000000000001,0.9368000000000001,0.9543,0.9695,0.9800000000000001,0.9941000000000001
59455:0.0339,0.0408,0.06720000000000001,0.0736,0.1019,0.113,0.1262,0.1326,0.1384,0.1802,0.18710000000000002,0.2001,0.21230000000000002,0.24880000000000002,0.25630000000000003,0.2691,0.2942,0.3048,0.32130000000000003,0.3361,0.34890000000000004,0.3851,0.3915,0.3987,0.41590000000000005,0.4252,0.4808,0.49010000000000004,0.5051,0.5263,0.539,0.5488000000000001,0.5800000000000001,0.5942000000000001,0.6024,0.6105,0.6292,0.636,0.6852,0.6909000000000001,0.7028,0.7161000000000001,0.7219,0.7619,0.767,0.7764000000000001,0.7923,0.7997000000000001,0.8249000000000001,0.8386,0.8455,0.8626,0.8684000000000001,0.8748,0.8859,0.9098,0.9149,0.9267000000000001,0.9581000000000001,0.9668,0.9790000000000001,0.9978
60250:0.0267,0.0381,0.044700000000000004,0.0575,0.0713,0.078,0.1037,0.11170000000000001,0.12300000000000001,0.13090000000000002,0.1375,0.1811,0.1882,0.1947,0.2021,0.21050000000000002,0.2485,0.25670000000000004,0.2624,0.2758,0.2887,0.3007,0.313,0.31970000000000004,0.32930000000000004,0.339,0.36210000000000003,0.389,0.3955,0.4088,0.4217,0.4284,0.47650000000000003,0.48550000000000004,0.49200000000000005,0.5046,0.5131,0.5262,0.5333,0.5426,0.5491,0.5823,0.5957,0.6018,0.6118,0.6268,0.6352,0.6413,0.6527000000000001,0.6648000000000001,0.6824,0.6883,0.6969000000000001,0.7078,0.7187,0.7332000000000001,0.7483000000000001,0.7653000000000001,0.7724000000000001,0.7821,0.792,0.7996000000000001,0.8205,0.8304,0.8413,0.8499,0.8687,0.8748,0.8807,0.9012,0.912,0.9208000000000001,0.9286000000000001,0.9351,0.9646,0.9709000000000001,0.9891000000000001
60858:0.0407,0.0649,0.0801,0.1247,0.1436,0.1991,0.25880000000000003,0.3118,0.3562,0.3986,0.4172,0.5008,0.5492,0.5979,0.6196,0.6455000000000001,0.6907,0.7116,0.7436,0.7776000000000001,0.8091,0.8480000000000001,0.8698,0.9018,0.9211,0.9708
61000:0.1022,0.1391,0.2018,0.2544,0.4097,0.44630000000000003,0.5971000000000001,0.8353,0.9196000000000001,0.9613
62876:0.685
63947:0.038200000000000005,0.0708,0.1081,0.1348,0.1835,0.20770000000000002,0.2533,0.2985,0.3335,0.389,0.4239,0.48710000000000003,0.5233,0.5452,0.5923,0.6325000000000001,0.6868000000000001,0.7142000000000001,0.7631,0.7952,0.8357,0.8725,0.9071,0.9268000000000001,0.9661000000000001
64769:0.3315,0.8166
65664:0.061500000000000006,0.22440000000000002,0.4466,0.6035,0.6776,0.8350000000000001
66614:0.037700000000000004,0.0488,0.062400000000000004,0.0751,0.1019,0.1148,0.12860000000000002,0.1432,0.191,0.2025,0.2151,0.25980000000000003,0.2735,0.30460000000000004,0.3154,0.33390000000000003,0.34640000000000004,0.396,0.4171,0.4299,0.4924,0.49970000000000003,0.5304,0.5419,0.5635,0.5940000000000001,0.6043000000000001,0.6299,0.6417,0.6941,0.7064,0.7152000000000001,0.737,0.7675000000000001,0.7791,0.7911,0.8048000000000001,0.8366,0.8441000000000001,0.8635,0.8744000000000001,0.8843000000000001,0.9004000000000001,0.9182,0.9365,0.9540000000000001,0.9728,0.9826
67186:0.0821,0.1444,0.215,0.3422,0.4293,0.5491,0.6447,0.7099000000000001,0.8813000000000001,0.9304
67293:0.040400000000000005,0.06430000000000001,0.0971,0.1342,0.1754,0.2107,0.2525,0.2964,0.3241,0.35350000000000004,0.3793,0.3987,0.42560000000000003,0.49100000000000005,0.5264,0.5481,0.5906,0.6093000000000001,0.6371,0.6689,0.6914,0.7120000000000001,0.7598,0.794,0.8222,0.8422000000000001,0.8693000000000001,0.8997,0.9207000000000001,0.9492,0.9976
68709:0.0408,0.0534,0.0776,0.1242,0.1419,0.1976,0.2607,0.2805,0.31320000000000003,0.35400000000000004,0.39780000000000004,0.40790000000000004,0.43210000000000004,0.5003000000000001,0.5438000000000001,0.5532,0.5987,0.6102000000000001,0.625,0.6446000000000001,0.6919000000000001,0.7070000000000001,0.731,0.7474000000000001,0.7765000000000001,0.8005,0.8449000000000001,0.8709,0.8854000000000001,0.9148000000000001,0.9333,0.9693
68763:0.0455,0.0745,0.11720000000000001,0.1386,0.19440000000000002,0.2112,0.2589,0.27840000000000004,0.3114,0.3378,0.39540000000000003,0.42260000000000003,0.49300000000000005,0.5278,0.5428000000000001,0.5946,0.6105,0.64,0.6901,0.7041000000000001,0.7201000000000001,0.7731,0.8001,0.8391000000000001,0.874,0.911,0.9248000000000001,0.9707
69093:0.0125,0.016800000000000002,0.0173,0.0342,0.038400000000000004,0.039,0.041,0.0432,0.0604,0.066,0.0709,0.0765,0.0799,0.0813,0.0935,0.0964,0.1039,0.109,0.11080000000000001,0.11420000000000001,0.1182,0.1189,0.1265,0.1292,0.1306,0.1369,0.13770000000000002,0.1404,0.1409,0.153,0.1615,0.16290000000000002,0.1724,0.1748,0.1882,0.19390000000000002,0.2018,0.20270000000000002,0.20720000000000002,0.2104,0.2127,0.21860000000000002,0.227,0.2351,0.2381,0.2416,0.24500000000000002,0.2592,0.26940000000000003,0.2723,0.2743,0.2746,0.27990000000000004,0.2817,0.28550000000000003,0.2867,0.2892,0.2901,0.29710000000000003,0.3024,0.3093,0.3125,0.3154,0.3262,0.3276,0.3392,0.3441,0.34550000000000003,0.36000000000000004,0.3623,0.3642,0.3769,0.3785,0.38,0.386,0.3876,0.4038,0.4055,0.41100000000000003,0.41150000000000003,0.4227,0.4263,0.4284,0.42960000000000004,0.44260000000000005,0.443,0.45640000000000003,0.46530000000000005,0.4702,0.47090000000000004,0.4796,0.4824,0.49820000000000003,0.5232,0.5326000000000001,0.541,0.5578000000000001,0.5631,0.5678000000000001,0.5690000000000001,0.5696,0.5705,0.5718,0.5761000000000001,0.5804,0.5886,0.5930000000000001,0.5945,0.6118,0.613,0.6269,0.6379,0.6396000000000001,0.643,0.6482,0.6579,0.6593,0.6879000000000001,0.6894,0.6944,0.7003,0.7025,0.7073,0.7079000000000001,0.7133,0.7162000000000001,0.7164,0.7173,0.7180000000000001,0.7338,0.7358,0.7391000000000001,0.7445,0.75,0.7763,0.7766000000000001,0.7818,0.7852,0.7862,0.7936000000000001,0.7984,0.8152,0.8224,0.8270000000000001,0.8307,0.8363,0.8405,0.8422000000000001,0.8424,0.8455,0.8550000000000001,0.8577,0.8737,0.876,0.8863000000000001,0.8907,0.9039,0.9084000000000001,0.9108,0.9205000000000001,0.9218000000000001,0.9318000000000001,0.9358000000000001,0.9392,0.9591000000000001,0.9668,0.9724,0.9764
69113:0.0407,0.059300000000000005,0.0911,0.124,0.1396,0.1967,0.218,0.2629,0.3166,0.3462,0.3966,0.4237,0.4393,0.4933,0.5443,0.5592,0.6035,0.6423,0.6902,0.7203,0.7403000000000001,0.7778,0.7889,0.8057000000000001,0.8448,0.8792000000000001,0.9199,0.9371,0.9772000000000001
69593:0.0422,0.0509,0.056900000000000006,0.0724,0.0799,0.0913,0.1369,0.1443,0.1499,0.15710000000000002,0.1676,0.17250000000000001,0.2117,0.21910000000000002,0.22690000000000002,0.23670000000000002,0.2444,0.2518,0.2601,0.2882,0.2973,0.3271,0.33290000000000003,0.3425,0.34940000000000004,0.3602,0.3669,0.37410000000000004,0.3805,0.385,0.39180000000000004,0.41090000000000004,0.41800000000000004,0.4348,0.4408,0.447,0.48760000000000003,0.5041,0.5244,0.5306000000000001,0.5373,0.5427000000000001,0.5513,0.557,0.5626,0.5683,0.5769000000000001,0.5847,0.5911000000000001,0.5962000000000001,0.6075,0.6423,0.6503,0.6622,0.6699,0.6755,0.6802,0.6882,0.6945,0.6997,0.7052,0.7106,0.7173,0.7561,0.766,0.7933,0.8006000000000001,0.8129000000000001,0.8201,0.8372,0.8462000000000001,0.8791,0.8858,0.9097000000000001,0.9171,0.9266000000000001,0.9336000000000001,0.9499000000000001,0.9560000000000001,0.9884000000000001,0.9985
69608:0.029500000000000002,0.050300000000000004,0.06430000000000001,0.0927,0.1058,0.1312,0.1436,0.17200000000000001,0.1855,0.20090000000000002,0.21760000000000002,0.24430000000000002,0.25780000000000003,0.2801,0.2943,0.32330000000000003,0.367,0.3811,0.402,0.4153,0.43610000000000004,0.4461,0.48310000000000003,0.49610000000000004,0.5195000000000001,0.5446,0.5686,0.5892000000000001,0.6014,0.6216,0.6452,0.6675,0.6813,0.7090000000000001,0.7269,0.7503000000000001,0.7694000000000001,0.7922,0.8191,0.8353,0.8668,0.8946000000000001,0.9082,0.937,0.9562,0.9717,0.9919
69920:0.0175,0.0368,0.062400000000000004,0.0816,0.1066,0.12090000000000001,0.1443,0.1585,0.1842,0.19870000000000002,0.2197,0.23340000000000002,0.2497,0.2706,0.2816,0.30060000000000003,0.31420000000000003,0.34450000000000003,0.36250000000000004,0.3814,0.3996,0.4208,0.43160000000000004,0.4541,0.4713,0.49610000000000004,0.5096,0.5366000000000001,0.5534,0.5733,0.5879,0.6047,0.6245,0.6392,0.6564,0.6735,0.6961,0.7109000000000001,0.7353000000000001,0.7489,0.775,0.7854,0.805,0.8237,0.8451000000000001,0.8593000000000001,0.8859,0.899,0.9235000000000001,0.9384,0.9622,0.9770000000000001
70232:0.034
70286:0.025500000000000002,0.0453,0.057800000000000004,0.0796,0.094,0.11180000000000001,0.1303,0.1464,0.161,0.1723,0.1937,0.2102,0.2204,0.2338,0.2457,0.2601,0.2849,0.3002,0.31930000000000003,0.33790000000000003,0.3521,0.3695,0.38230000000000003,0.3955,0.40750000000000003,0.4212,0.43610000000000004,0.449,0.48260000000000003,0.49870000000000003,0.5118,0.5238,0.5389,0.5531,0.5634,0.5747,0.5888,0.5975,0.6108,0.6365000000000001,0.6497,0.6645,0.6773,0.6921,0.7051000000000001,0.7167,0.7416,0.7561,0.7806000000000001,0.7927000000000001,0.8059000000000001,0.8186,0.8293,0.8572000000000001,0.8688,0.8884000000000001,0.9037000000000001,0.9195000000000001,0.9316000000000001,0.9448000000000001,0.9545,0.9880000000000001,0.9992000000000001
70308:0.02,0.0425,0.09290000000000001,0.1275,0.1652,0.20500000000000002,0.2376,0.2816,0.3161,0.3662,0.40130000000000005,0.43170000000000003,0.4781,0.5152,0.5562,0.5877,0.6342,0.667,0.7114,0.7473000000000001,0.785,0.8209000000000001,0.8609,0.9003,0.9430000000000001,0.9885
72154:0.0432,0.0579,0.0711,0.08410000000000001,0.12000000000000001,0.1448,0.1883,0.2003,0.2136,0.25420000000000004,0.274,0.3134,0.3426,0.3941,0.41250000000000003,0.4309,0.49000000000000005,0.503,0.5364,0.5482,0.5943,0.6107,0.6396000000000001,0.6906,0.7013,0.7140000000000001,0.7344,0.7721,0.7916000000000001,0.8074,0.8416,0.8701000000000001,0.8829,0.9167000000000001,0.9487000000000001,0.9740000000000001
72288:0.8865000000000001
72418:0.1471,0.6459,0.8184,0.8788
72790:0.025500000000000002,0.043000000000000003,0.056900000000000006,0.07150000000000001,0.0892,0.10160000000000001,0.1206,0.1335,0.14500000000000002,0.166,0.1845,0.20270000000000002,0.2218,0.2429,0.2548,0.2745,0.2894,0.3069,0.32480000000000003,0.3463,0.379,0.39830000000000004,0.41040000000000004,0.42450000000000004,0.4425,0.47400000000000003,0.49710000000000004,0.5134000000000001,0.5292,0.5496,0.5670000000000001,0.5794,0.5944,0.6052000000000001,0.6232,0.6483,0.6786,0.6910000000000001,0.7089000000000001,0.7238,0.7492000000000001,0.7723,0.7892,0.806,0.8207,0.8335,0.8449000000000001,0.8598,0.8739,0.8924000000000001,0.9111,0.9273,0.9543,0.9700000000000001,0.9868
72940:0.041600000000000005,0.060200000000000004,0.0796,0.1268,0.14070000000000002,0.2016,0.2156,0.2642,0.2803,0.3138,0.3275,0.34850000000000003,0.398,0.41550000000000004,0.4302,0.49910000000000004,0.5318,0.5475,0.6026,0.6138,0.6362,0.7021000000000001,0.7227,0.7701,0.7847000000000001,0.7973,0.8458,0.8677,0.8815000000000001,0.9159,0.929,0.9780000000000001
73599:0.0302,0.041600000000000005,0.0762,0.1046,0.12250000000000001,0.134,0.15990000000000001,0.1985,0.2182,0.2536,0.2727,0.2907,0.3075,0.3196,0.3361,0.3533,0.379,0.40340000000000004,0.42450000000000004,0.4511,0.48510000000000003,0.5021,0.5223,0.5901000000000001,0.6072000000000001,0.6374000000000001,0.6726000000000001,0.6885,0.7015,0.7199,0.7542,0.7811,0.7944,0.8262,0.8377,0.8579,0.8723000000000001,0.8994000000000001,0.9223,0.9369000000000001,0.9533,0.9650000000000001
73625:0.019,0.032600000000000004,0.0516,0.0685,0.08600000000000001,0.09910000000000001,0.1188,0.1376,0.1514,0.17220000000000002,0.1895,0.20520000000000002,0.2222,0.2436,0.2634,0.2813,0.2974,0.3181,0.3371,0.35900000000000004,0.37360000000000004,0.3824,0.3986,0.41140000000000004,0.4239,0.4383,0.4701,0.4922,0.5077,0.5206000000000001,0.5317000000000001,0.5485,0.5670000000000001,0.5831000000000001,0.6005,0.6142000000000001,0.6359,0.6482,0.6769000000000001,0.6909000000000001,0.7065,0.7196,0.7405,0.7536,0.781,0.7955,0.8145,0.8270000000000001,0.8397,0.8556,0.872,0.888,0.9081,0.9288000000000001,0.9548000000000001,0.9692000000000001,0.9828
73665:0.049800000000000004,0.055,0.0743,0.0811,0.1432,0.1495,0.16340000000000002,0.1688,0.17370000000000002,0.21710000000000002,0.22990000000000002,0.2346,0.24300000000000002,0.2539,0.2606,0.2942,0.3302,0.3442,0.3509,0.3574,0.36460000000000004,0.3774,0.38370000000000004,0.3966,0.4153,0.4312,0.43960000000000005,0.4451,0.49510000000000004,0.5032,0.5259,0.5313,0.538,0.546,0.5542,0.5651,0.5710000000000001,0.5783,0.5928,0.6007,0.6483,0.66,0.6766,0.6834,0.6903,0.7079000000000001,0.7635000000000001,0.7991,0.8117000000000001,0.8186,0.8298000000000001,0.8449000000000001,0.8834000000000001,0.8892,0.9149,0.9194,0.9248000000000001,0.9490000000000001,0.9567,0.9952000000000001
73668:0.0517,0.0601,0.0765,0.08370000000000001,0.1444,0.1549,0.16670000000000001,0.17420000000000002,0.2187,0.23340000000000002,0.2417,0.2538,0.2637,0.2969,0.333,0.3468,0.3569,0.36560000000000004,0.37770000000000004,0.38680000000000003,0.3986,0.4184,0.4339,0.4423,0.45,0.49720000000000003,0.5075000000000001,0.5306000000000001,0.539,0.5496,0.5584,0.5675,0.5756,0.5831000000000001,0.5959,0.6107,0.6498,0.6642,0.678,0.6890000000000001,0.6993,0.7084,0.7273000000000001,0.7662,0.801,0.8140000000000001,0.8225,0.8391000000000001,0.8510000000000001,0.8857,0.9172,0.9281,0.9495,0.9584,0.9975
74842:0.0747,0.3461,0.4948,0.5496,0.607,0.9730000000000001
75279:0.0099,0.020300000000000002,0.033,0.0431,0.0522,0.0621,0.0765,0.08610000000000001,0.09570000000000001,0.10500000000000001,0.11460000000000001,0.12340000000000001,0.1348,0.1449,0.15410000000000001,0.1652,0.1761,0.18760000000000002,0.1961,0.20720000000000002,0.2174,0.22890000000000002,0.2364,0.24380000000000002,0.2514,0.2602,0.2727,0.2818,0.2897,0.3012,0.31070000000000003,0.32130000000000003,0.3302,0.3422,0.35150000000000003,0.36210000000000003,0.371,0.38120000000000004,0.3934,0.40290000000000004,0.4118,0.4237,0.43270000000000003,0.4409,0.4516,0.463,0.4728,0.4839,0.4937,0.5013000000000001,0.5108,0.5216000000000001,0.5307000000000001,0.539,0.5492,0.5624,0.5707,0.5802,0.5912000000000001,0.5992000000000001,0.6088,0.6184000000000001,0.6309,0.641,0.6511,0.6622,0.6729,0.6836,0.6921,0.7024,0.7119000000000001,0.7224,0.7344,0.7444000000000001,0.7539,0.7639,0.7767000000000001,0.7858,0.7944,0.8027000000000001,0.8152,0.8265,0.8377,0.8472000000000001,0.8564,0.8636,0.8727,0.8828,0.8911,0.9024000000000001,0.9117000000000001,0.9236000000000001,0.9337000000000001,0.9453,0.9538000000000001,0.9630000000000001,0.9738,0.9851000000000001,0.9975
75686:0.033600000000000005,0.0565,0.1307,0.2033,0.4015,0.4413,0.5531
75691:0.0179,0.0373,0.0796,0.0999,0.1298,0.1585,0.1757,0.20220000000000002,0.23390000000000002,0.2622,0.2864,0.31620000000000004,0.35750000000000004,0.3733,0.39390000000000003,0.4224,0.4365,0.4751,0.5156000000000001,0.5438000000000001,0.5776,0.6064,0.6333000000000001,0.647,0.6737000000000001,0.7098,0.7425,0.7835000000000001,0.8082,0.8557,0.8821,0.8998,0.9353,0.9738,0.9967
75726:0.062400000000000004,0.1428,0.26230000000000003,0.44820000000000004,0.6015,0.6824,0.8393
75822:0.0455,0.0949,0.1317,0.1688,0.2092,0.2412,0.2853,0.3209,0.3687,0.4071,0.4373,0.4834,0.5199,0.5598000000000001,0.5908,0.6412,0.6768000000000001,0.7156,0.7539,0.7904,0.8277,0.8659,0.904,0.9446
76757:0.038,0.0761,0.0911,0.1208,0.1403,0.17700000000000002,0.20020000000000002,0.22440000000000002,0.2485,0.2728,0.2959,0.3311,0.37870000000000004,0.38730000000000003,0.41240000000000004,0.4325,0.4787,0.4978,0.5231,0.5511,0.5819,0.6056,0.6464000000000001,0.6833,0.7113,0.7454000000000001,0.7851,0.8154,0.8374,0.8694000000000001,0.9113,0.933,0.9605,0.9881000000000001
77410:0.0426,0.07640000000000001,0.11410000000000001,0.1405,0.18810000000000002,0.2112,0.2582,0.3025,0.3381,0.39390000000000003,0.4277,0.4922,0.5279,0.5497000000000001,0.5972000000000001,0.6369,0.6906,0.7194,0.7674000000000001,0.8,0.8410000000000001,0.8784000000000001,0.913,0.9312,0.9725
78573:0.14550000000000002,0.3468,0.5539000000000001,0.805,0.9247000000000001
78626:0.018500000000000003,0.030100000000000002,0.05,0.06420000000000001,0.0738,0.0884,0.10010000000000001,0.1169,0.124,0.1353,0.1476,0.1567,0.17350000000000002,0.1897,0.1975,0.2094,0.2194,0.2341,0.2452,0.2553,0.2674,0.2837,0.2929,0.3133,0.3286,0.34900000000000003,0.3693,0.38130000000000003,0.40040000000000003,0.4101,0.4227,0.43860000000000005,0.447,0.46940000000000004,0.48040000000000005,0.4907,0.5079,0.5191,0.5342,0.5475,0.5669000000000001,0.5754,0.5911000000000001,0.603,0.6179,0.6398,0.6484,0.6665,0.6794,0.6947,0.7085,0.7169,0.7386,0.7504000000000001,0.7758,0.7904,0.8119000000000001,0.8228000000000001,0.8343,0.8520000000000001,0.8656,0.8845000000000001,0.8995000000000001,0.908,0.9189,0.9297000000000001,0.9428000000000001,0.9541000000000001,0.9617,0.9801000000000001,0.9913000000000001
78866:0.2847,0.4359,0.79,0.865
79471:0.042300000000000004,0.0853,0.11380000000000001,0.1532,0.19240000000000002,0.2296,0.275,0.3471,0.38470000000000004,0.42150000000000004,0.47140000000000004,0.5031,0.5421,0.5784,0.6153000000000001,0.6516000000000001,0.6906,0.7426,0.7906000000000001,0.8203,0.8604,0.907,0.9572,0.9912000000000001
79616:0.0492,0.12710000000000002,0.1486,0.2061,0.2807,0.3234,0.40240000000000004,0.5392,0.6055,0.641,0.7264,0.7789,0.8036000000000001,0.8460000000000001,0.8743000000000001,0.9019,0.9294,0.9827
79646:0.2621,0.3781,0.4345,0.547,0.605,0.6747000000000001,0.7205,0.8242,0.9128000000000001,0.9547
80186:0.0357,0.1789,0.3269,0.4213,0.48960000000000004,0.5854,0.6838000000000001,0.794,0.8333
80204:0.045000000000000005,0.0779,0.1177,0.1915,0.21760000000000002,0.2574,0.3048,0.34400000000000003,0.39540000000000003,0.4282,0.4919,0.5293,0.557,0.5977,0.6408,0.6861,0.7203,0.7702,0.8301000000000001,0.8787,0.9319000000000001,0.9736
80293:0.0315,0.049,0.0609,0.07740000000000001,0.11660000000000001,0.1381,0.19770000000000001,0.2177,0.2669,0.30870000000000003,0.3244,0.3511,0.39830000000000004,0.4093,0.4302,0.49760000000000004,0.5335,0.5456,0.5986,0.6155,0.6373,0.6451,0.6997,0.7239,0.7705000000000001,0.7862,0.7981,0.8139000000000001,0.8469,0.8676,0.8878,0.9194,0.9341,0.9741000000000001,0.9846
80349:0.08370000000000001,0.1608,0.23820000000000002,0.2661,0.3529,0.3824,0.4433,0.5366000000000001,0.5589000000000001,0.5824,0.6789000000000001,0.7082,0.8221,0.9246000000000001
81725:0.3242,0.44160000000000005,0.6559,0.801
82138:0.008,0.0178,0.027,0.0366,0.043300000000000005,0.050300000000000004,0.0594,0.0666,0.0761,0.083,0.093,0.1005,0.1075,0.1163,0.12340000000000001,0.1315,0.1404,0.1472,0.15360000000000001,0.16240000000000002,0.1698,0.18000000000000002,0.18760000000000002,0.19390000000000002,0.20450000000000002,0.21180000000000002,0.2199,0.22940000000000002,0.23620000000000002,0.2439,0.2501,0.2597,0.27240000000000003,0.2787,0.2856,0.2949,0.30360000000000004,0.3121,0.32370000000000004,0.33130000000000004,0.3402,0.34690000000000004,0.3556,0.3648,0.37370000000000003,0.38130000000000003,0.3896,0.3985,0.40490000000000004,0.4142,0.42210000000000003,0.4299,0.4379,0.44520000000000004,0.45370000000000005,0.464,0.4712,0.4817,0.4908,0.4968,0.5037,0.51,0.5187,0.5257000000000001,0.5347000000000001,0.543,0.5522,0.5624,0.5700000000000001,0.5766,0.5863,0.5949,0.6044,0.6132000000000001,0.6216,0.6319,0.6389,0.6466000000000001,0.652,0.6628000000000001,0.6721,0.6814,0.6904,0.6990000000000001,0.7085,0.7167,0.7251000000000001,0.7335,0.7419,0.7485,0.758,0.7699,0.7784000000000001,0.7858,0.7929,0.8,0.8094,0.8167000000000001,0.8263,0.8349000000000001,0.8426,0.8518,0.8586,0.8669,0.8749,0.8828,0.8922,0.9023,0.909,0.9169,0.9254,0.9336000000000001,0.9444,0.9528000000000001,0.9597,0.9689000000000001,0.9759000000000001,0.9821000000000001,0.991,0.9984000000000001
82300:0.037700000000000004,0.0782,0.12010000000000001,0.1318,0.1462,0.19460000000000002,0.2233,0.2632,0.3085,0.32080000000000003,0.3542,0.4015,0.4193,0.4975,0.5222,0.5513,0.6004,0.6355000000000001,0.7140000000000001,0.7264,0.7718,0.7867000000000001,0.8460000000000001,0.8705,0.8851,0.9145000000000001,0.9207000000000001,0.928,0.9704,0.9789
83905:0.9574
84372:0.048600000000000004,0.0814,0.1301,0.1968,0.2636,0.31010000000000004,0.35400000000000004,0.40090000000000003,0.4335,0.5,0.5404,0.6034,0.6386000000000001,0.6983,0.7254,0.7761,0.8062,0.8485,0.8775000000000001,0.9187000000000001,0.9726
84569:0.027100000000000003,0.10350000000000001,0.1408,0.1763,0.2508,0.4471,0.4919,0.608,0.8352,0.9575
84582:0.682,0.8422000000000001
84662:0.059800000000000006,0.1767,0.334,0.42150000000000004,0.5505,0.6073000000000001,0.6616000000000001,0.8007000000000001,0.9197000000000001
84763:0.028200000000000003,0.041800000000000004,0.055400000000000005,0.07740000000000001,0.12190000000000001,0.13720000000000002,0.1963,0.2109,0.2584,0.2762,0.3068,0.3184,0.3476,0.39540000000000003,0.4121,0.4278,0.4949,0.5276000000000001,0.5446,0.5614,0.5982000000000001,0.6064,0.6232,0.639,0.6995,0.7204,0.765,0.7784000000000001,0.7875000000000001,0.8088000000000001,0.8397,0.8491000000000001,0.8661000000000001,0.876,0.8926000000000001,0.9131,0.9252,0.9379000000000001,0.9759000000000001
86065:0.0562,0.3241,0.6852
86342:0.0189,0.0439,0.0574,0.0683,0.0809,0.0946,0.11120000000000001,0.12250000000000001,0.1424,0.1539,0.1811,0.195,0.2127,0.2291,0.24020000000000002,0.2535,0.2677,0.28090000000000004,0.2975,0.3135,0.3356,0.3522,0.3734,0.38720000000000004,0.40340000000000004,0.42050000000000004,0.43010000000000004,0.44570000000000004,0.46180000000000004,0.4746,0.48960000000000004,0.4984,0.5179,0.53,0.5468000000000001,0.5602,0.5738,0.5958,0.6113000000000001,0.6238,0.6425000000000001,0.658,0.6741,0.6920000000000001,0.7079000000000001,0.7228,0.7375,0.7457,0.761,0.7806000000000001,0.7948000000000001,0.8107000000000001,0.8241,0.8424,0.8566,0.8684000000000001,0.8841,0.9028,0.9161,0.9426,0.9544,0.9692000000000001,0.9815,0.9953000000000001
88331:0.0349,0.0663,0.0995,0.11520000000000001,0.1427,0.1784,0.20500000000000002,0.24710000000000001,0.27290000000000003,0.3851,0.4249,0.45170000000000005,0.4889,0.526,0.5912000000000001,0.6548,0.6843,0.7213,0.7573000000000001,0.8363,0.9134,0.9561000000000001
89150:0.0472,0.054700000000000006,0.0626,0.0782,0.0858,0.0994,0.14,0.14800000000000002,0.15430000000000002,0.1641,0.1726,0.2149,0.2225,0.2331,0.24100000000000002,0.249,0.25720000000000004,0.2641,0.2918,0.30110000000000003,0.3291,0.3376,0.34690000000000004,0.3541,0.3638,0.371,0.3809,0.388,0.3962,0.40850000000000003,0.4176,0.4283,0.43760000000000004,0.44480000000000003,0.4918,0.5031,0.5203,0.5287000000000001,0.5354,0.5422,0.5494,0.5582,0.5658000000000001,0.5729000000000001,0.5822,0.5923,0.5987,0.6085,0.6452,0.6529,0.6623,0.671,0.6791,0.6892,0.6976,0.7068,0.7128,0.7208,0.761,0.7708,0.797,0.8032,0.8148000000000001,0.8220000000000001,0.8328,0.8451000000000001,0.883,0.8911,0.9127000000000001,0.9208000000000001,0.9282,0.9364,0.9491,0.9572,0.9935
89422:0.038,0.0476,0.0609,0.0782,0.1192,0.1288,0.1386,0.1922,0.19940000000000002,0.2116,0.259,0.2767,0.3089,0.3186,0.3415,0.3536,0.39480000000000004,0.4027,0.4148,0.4293,0.49500000000000005,0.53,0.5436,0.5503,0.5680000000000001,0.6005,0.6109,0.6339,0.6423,0.6938000000000001,0.7082,0.7214,0.7653000000000001,0.7793,0.7915000000000001,0.805,0.8389000000000001,0.8480000000000001,0.8605,0.8728,0.8803000000000001,0.9083,0.9182,0.9279000000000001,0.9514,0.9723,0.9830000000000001
89577:0.057100000000000005,0.0879,0.1446,0.22710000000000002,0.26180000000000003,0.3164,0.3413,0.3798,0.41340000000000005,0.43220000000000003,0.527,0.5487000000000001,0.6011000000000001,0.6639,0.6897,0.7137,0.7994,0.8260000000000001,0.8812000000000001,0.9131,0.9302
89930:0.054200000000000005,0.0613,0.07200000000000001,0.0821,0.0908,0.14550000000000002,0.156,0.1695,0.1784,0.22110000000000002,0.2306,0.23970000000000002,0.2461,0.2539,0.2622,0.2692,0.29810000000000003,0.3316,0.3413,0.3512,0.35910000000000003,0.36810000000000004,0.3774,0.3856,0.39380000000000004,0.4036,0.4178,0.436,0.44470000000000004,0.4576,0.5017,0.5107,0.5308,0.539,0.5473,0.556,0.5642,0.5718,0.5794,0.5886,0.5991000000000001,0.6116,0.6518,0.6611,0.6704,0.6808000000000001,0.6930000000000001,0.7002,0.7103,0.7217,0.7693,0.8012,0.8106,0.8207,0.8293,0.8417,0.8539,0.8884000000000001,0.8979,0.9189,0.9273,0.9349000000000001,0.9498000000000001,0.9600000000000001,0.9993000000000001
89992:0.0261,0.043000000000000003,0.0517,0.0599,0.09230000000000001,0.10200000000000001,0.12390000000000001,0.1312,0.1398,0.1703,0.18230000000000002,0.1986,0.2137,0.2363,0.2451,0.25630000000000003,0.2649,0.2906,0.31820000000000004,0.3699,0.38770000000000004,0.40140000000000003,0.4092,0.4345,0.4449,0.48140000000000005,0.49350000000000005,0.5185000000000001,0.5455,0.5663,0.5847,0.5940000000000001,0.6028,0.6164000000000001,0.6415000000000001,0.6668000000000001,0.6787000000000001,0.7061000000000001,0.7167,0.7272000000000001,0.7478,0.7617,0.7903,0.8131,0.8219000000000001,0.8335,0.8655,0.8969,0.91,0.9361,0.9534,0.9806,0.9898
90296:0.0339,0.07780000000000001,0.3804,0.6808000000000001,0.9091
90385:0.058800000000000005,0.13520000000000001,0.24830000000000002,0.29560000000000003,0.40140000000000003,0.4428,0.5422,0.645,0.6824,0.7258,0.7948000000000001
90454:0.037000000000000005,0.0568,0.0779,0.1197,0.13340000000000002,0.19160000000000002,0.2043,0.2272,0.2599,0.2757,0.3069,0.3196,0.3463,0.39630000000000004,0.41340000000000005,0.42400000000000004,0.4927,0.5247,0.5439,0.5978,0.6111,0.6343,0.6427,0.6669,0.7052,0.7205,0.7386,0.7725000000000001,0.7852,0.8067000000000001,0.8432000000000001,0.8683000000000001,0.8866,0.9186000000000001,0.9712000000000001,0.9835
90589:0.0019,0.0117,0.015600000000000001,0.0176,0.0241,0.0345,0.0378,0.044500000000000005,0.049800000000000004,0.0511,0.07050000000000001,0.0833,0.0858,0.08660000000000001,0.0945,0.1,0.1037,0.1071,0.11670000000000001,0.1216,0.1371,0.1374,0.1385,0.1544,0.1757,0.17800000000000002,0.1817,0.1888,0.2005,0.20170000000000002,0.2111,0.2162,0.21730000000000002,0.221,0.2253,0.22710000000000002,0.2305,0.23120000000000002,0.2411,0.2447,0.2609,0.2705,0.2723,0.2735,0.2816,0.2833,0.2969,0.2979,0.3034,0.3201,0.32130000000000003,0.3357,0.3406,0.3497,0.3519,0.367,0.37460000000000004,0.37820000000000004,0.3786,0.3789,0.38820000000000005,0.39330000000000004,0.3956,0.39880000000000004,0.4178,0.42150000000000004,0.4279,0.4307,0.436,0.4373,0.4433,0.4435,0.4481,0.45890000000000003,0.4627,0.4697,0.4756,0.48250000000000004,0.4922,0.4924,0.49350000000000005,0.4985,0.5055000000000001,0.5063,0.5297000000000001,0.5492,0.5494,0.5532,0.5537000000000001,0.5766,0.5906,0.5929,0.6017,0.6103000000000001,0.6255000000000001,0.6422,0.6476000000000001,0.6479,0.6516000000000001,0.6715,0.6717000000000001,0.6807000000000001,0.6833,0.6906,0.7069000000000001,0.7302000000000001,0.7397,0.7438,0.7442000000000001,0.7482000000000001,0.7758,0.7771,0.79,0.7912,0.7917000000000001,0.8115,0.8160000000000001,0.8365,0.8385,0.8426,0.8540000000000001,0.8608,0.8784000000000001,0.8801,0.883,0.9059,0.9065000000000001,0.9117000000000001,0.9139,0.9283,0.9306000000000001,0.9431,0.9486,0.9522,0.9536,0.9548000000000001,0.9576,0.9599000000000001,0.9713,0.9749000000000001,0.9761000000000001,0.9786,0.9858,0.9874
91221:0.0228,0.050800000000000005,0.0708,0.09090000000000001,0.12200000000000001,0.1388,0.1615,0.1794,0.2005,0.2335,0.2508,0.2798,0.2949,0.3221,0.3724,0.40090000000000003,0.4243,0.4403,0.47250000000000003,0.4969,0.5185000000000001,0.55,0.5679000000000001,0.5899,0.6027,0.62,0.6465000000000001,0.6758000000000001,0.7030000000000001,0.7196,0.7472000000000001,0.7867000000000001,0.8089000000000001,0.8235,0.8355,0.863,0.8895000000000001,0.9088,0.9275,0.9506,0.9826,0.9992000000000001
91339:0.1363,0.3282,0.7973
91350:0.0426,0.07150000000000001,0.0791,0.11850000000000001,0.2003,0.2644,0.3292,0.4,0.43010000000000004,0.4918,0.5358,0.6006,0.6942,0.7729,0.9179,0.9710000000000001
91358:0.0487,0.1306,0.21730000000000002,0.3231,0.42450000000000004,0.498,0.6002000000000001,0.6448,0.7090000000000001,0.7797000000000001,0.7949,0.8455,0.8899,0.9825
91364:0.0373,0.07050000000000001,0.1332,0.2069,0.2675,0.3276,0.4026,0.4282,0.5001,0.5494,0.6051000000000001,0.6876,0.763,0.7947000000000001,0.8408,0.8722000000000001,0.9206000000000001,0.9671000000000001
92298:0.016800000000000002,0.0182,0.0409,0.0475,0.0545,0.056900000000000006,0.06280000000000001,0.0661,0.06960000000000001,0.0784,0.0787,0.0794,0.09190000000000001,0.0949,0.10640000000000001,0.10840000000000001,0.1092,0.1135,0.116,0.1163,0.1328,0.133,0.14450000000000002,0.17,0.17070000000000002,0.1723,0.185,0.19090000000000001,0.2036,0.2101,0.22130000000000002,0.2308,0.234,0.24550000000000002,0.24680000000000002,0.25470000000000004,0.27080000000000004,0.275,0.2762,0.2783,0.2866,0.301,0.30860000000000004,0.3106,0.3109,0.32120000000000004,0.3289,0.34140000000000004,0.34650000000000003,0.3652,0.369,0.3793,0.3809,0.38230000000000003,0.3891,0.3977,0.4021,0.4063,0.4107,0.41850000000000004,0.4234,0.42400000000000004,0.42800000000000005,0.4384,0.44170000000000004,0.44630000000000003,0.4505,0.45330000000000004,0.45790000000000003,0.4641,0.46990000000000004,0.4751,0.47740000000000005,0.4788,0.4813,0.4837,0.48710000000000003,0.49050000000000005,0.5012,0.5264,0.5285000000000001,0.5475,0.552,0.5553,0.5660000000000001,0.5663,0.5729000000000001,0.5818,0.5921000000000001,0.6118,0.625,0.6335000000000001,0.6501,0.6515000000000001,0.6523,0.6549,0.6583,0.6867000000000001,0.6875,0.6881,0.6910000000000001,0.7027,0.7032,0.7062,0.7073,0.7184,0.7253000000000001,0.7311000000000001,0.7398,0.7421,0.7428,0.747,0.748,0.7483000000000001,0.7578,0.7585000000000001,0.7654000000000001,0.772,0.785,0.7855000000000001,0.788,0.7925000000000001,0.8117000000000001,0.8148000000000001,0.8359000000000001,0.8394,0.8459,0.8497,0.8551000000000001,0.8574,0.8598,0.8653000000000001,0.8688,0.8696,0.881,0.8978,0.9057000000000001,0.9092,0.9182,0.9318000000000001,0.9449000000000001,0.9468000000000001,0.9507000000000001,0.9670000000000001,0.9692000000000001,0.9710000000000001,0.9732000000000001,0.9850000000000001,0.9855
92443:0.0546,0.08610000000000001,0.1497,0.1757,0.2313,0.2544,0.3262,0.3589,0.3788,0.41140000000000004,0.442,0.5262,0.5477000000000001,0.5684,0.6007,0.6631,0.6872,0.7047,0.8043,0.8252,0.8802000000000001,0.9106000000000001,0.9302,0.9545
92585:0.051300000000000005,0.1338,0.21730000000000002,0.6064,0.8470000000000001,0.9278000000000001
93460:0.501,0.6839000000000001
93650:0.09230000000000001,0.1567,0.32380000000000003,0.44620000000000004,0.7999,0.8901
94214:0.0407,0.049300000000000004,0.0678,0.07930000000000001,0.1305,0.1419,0.2008,0.21610000000000001,0.26380000000000003,0.3121,0.32980000000000004,0.3987,0.4323,0.49670000000000003,0.5332,0.6009,0.6949000000000001,0.7145,0.7689,0.7898000000000001,0.8047000000000001,0.8411000000000001,0.8832000000000001,0.9187000000000001,0.9709000000000001
95222:0.044700000000000004,0.0519,0.0587,0.0665,0.078,0.0833,0.0898,0.13490000000000002,0.14170000000000002,0.1486,0.1537,0.15810000000000002,0.16640000000000002,0.17170000000000002,0.1759,0.2097,0.21610000000000001,0.22080000000000002,0.2288,0.23520000000000002,0.2416,0.2472,0.2534,0.2592,0.2634,0.2706,0.2909,0.2973,0.3264,0.33190000000000003,0.3392,0.34640000000000004,0.3518,0.3594,0.3649,0.3734,0.3783,0.3844,0.3895,0.3957,0.40090000000000003,0.4127,0.4197,0.4297,0.43660000000000004,0.44170000000000004,0.4475,0.4898,0.4994,0.5071,0.5248,0.5305,0.5373,0.5443,0.5506,0.5556,0.5609000000000001,0.5658000000000001,0.5714,0.5780000000000001,0.5878,0.5944,0.5997,0.606,0.6108,0.6446000000000001,0.6509,0.6591,0.6651,0.6721,0.6789000000000001,0.6855,0.6915,0.6973,0.7056,0.7113,0.7193,0.7581,0.7682,0.7957000000000001,0.8015,0.8073,0.8152,0.8219000000000001,0.8319000000000001,0.8418,0.8489,0.8728,0.8827,0.8881,0.894,0.9122,0.9178000000000001,0.9244,0.9301,0.9364,0.9460000000000001,0.9518000000000001,0.9586,0.9684,0.991,0.9975
95360:0.39280000000000004,0.6873
95389:0.0371,0.0468,0.0692,0.07780000000000001,0.1048,0.12490000000000001,0.1327,0.1416,0.1907,0.2034,0.2154,0.2605,0.26880000000000004,0.2849,0.307,0.3174,0.3277,0.3413,0.35100000000000003,0.39580000000000004,0.4033,0.4156,0.4267,0.43420000000000003,0.49350000000000005,0.5033,0.5181,0.531,0.5417000000000001,0.5552,0.5901000000000001,0.602,0.6144000000000001,0.6284000000000001,0.6396000000000001,0.6489,0.6946,0.7035,0.7180000000000001,0.7255,0.7639,0.7748,0.7823,0.7915000000000001,0.803,0.8326,0.8447,0.8637,0.8751,0.8869,0.9153,0.9285,0.9687,0.9817,0.9947
95396:0.1431,0.6028,0.9239
95621:0.0711,0.1882,0.3059,0.45220000000000005,0.6047,0.6881,0.8426
95808:0.0068000000000000005,0.015700000000000002,0.0233,0.030500000000000003,0.038,0.0444,0.053000000000000005,0.061500000000000006,0.0688,0.07640000000000001,0.0844,0.09090000000000001,0.0988,0.10590000000000001,0.1136,0.1207,0.13,0.1403,0.149,0.15460000000000002,0.1636,0.1714,0.17880000000000001,0.18610000000000002,0.19310000000000002,0.2026,0.2124,0.2207,0.23,0.2366,0.24350000000000002,0.24930000000000002,0.25620000000000004,0.2687,0.2745,0.2858,0.29400000000000004,0.3033,0.3109,0.3195,0.3267,0.33540000000000003,0.34650000000000003,0.3551,0.3654,0.3754,0.3814,0.39030000000000004,0.39790000000000003,0.4047,0.4138,0.42110000000000003,0.4273,0.43360000000000004,0.4409,0.44920000000000004,0.4621,0.4696,0.47940000000000005,0.4872,0.4938,0.4999,0.5086,0.5182,0.527,0.5356000000000001,0.5436,0.5514,0.5604,0.5677,0.5753,0.5829,0.5904,0.5977,0.6051000000000001,0.6137,0.6252,0.6341,0.6414000000000001,0.6468,0.6521,0.66,0.6729,0.6826,0.6895,0.6988000000000001,0.7070000000000001,0.7139,0.7221000000000001,0.7334,0.7417,0.7476,0.7545000000000001,0.7679,0.776,0.784,0.7907000000000001,0.7969,0.805,0.8145,0.8231,0.8321000000000001,0.8409000000000001,0.8470000000000001,0.8565,0.8633000000000001,0.8699,0.8794000000000001,0.8876000000000001,0.8966000000000001,0.9043,0.9115000000000001,0.9186000000000001,0.9275,0.937,0.9447000000000001,0.9547,0.9618000000000001,0.9721000000000001,0.9790000000000001,0.9903000000000001,0.9971000000000001
96614:0.07010000000000001,0.1752,0.2534,0.3275,0.3775,0.4153,0.448,0.5278,0.5667,0.6049,0.6728000000000001,0.7073,0.8081,0.8405,0.9098,0.9506
97602:0.0077,0.014400000000000001,0.0167,0.0313,0.0357,0.046,0.0897,0.09040000000000001,0.09330000000000001,0.1102,0.11560000000000001,0.1278,0.1328,0.15080000000000002,0.1955,0.2021,0.20520000000000002,0.21250000000000002,0.217,0.22360000000000002,0.2403,0.2531,0.2535,0.26230000000000003,0.27840000000000004,0.2831,0.2833,0.2873,0.28850000000000003,0.29350000000000004,0.2967,0.2994,0.3049,0.3053,0.32220000000000004,0.3259,0.3383,0.3411,0.3423,0.3435,0.34700000000000003,0.3518,0.35500000000000004,0.3602,0.3633,0.36460000000000004,0.3678,0.36810000000000004,0.395,0.4002,0.41950000000000004,0.42210000000000003,0.4264,0.4283,0.4345,0.4365,0.44370000000000004,0.4465,0.44870000000000004,0.4506,0.45080000000000003,0.45740000000000003,0.4671,0.4748,0.4854,0.48710000000000003,0.4883,0.5091,0.5178,0.5181,0.5219,0.5261,0.5263,0.5268,0.5337000000000001,0.5347000000000001,0.5364,0.5609000000000001,0.5638000000000001,0.5706,0.5829,0.5839,0.5898,0.5956,0.61,0.6229,0.6273000000000001,0.6293000000000001,0.6391,0.6493,0.6525000000000001,0.6651,0.671,0.6908000000000001,0.6920000000000001,0.7118,0.731,0.733,0.7391000000000001,0.7478,0.7506,0.7538,0.7597,0.7636000000000001,0.7775000000000001,0.7798,0.7827000000000001,0.79,0.7974,0.811,0.8260000000000001,0.8341000000000001,0.8362,0.8373,0.8507,0.869,0.873,0.8807,0.8811,0.8817,0.8905000000000001,0.8945000000000001,0.9045000000000001,0.9074000000000001,0.9264,0.9297000000000001,0.9329000000000001,0.9528000000000001,0.9597,0.9611000000000001,0.9653,0.9664,0.9697,0.9701000000000001,0.9795,0.9802000000000001,0.9821000000000001
97917:0.1479,0.611,0.8813000000000001,0.9440000000000001
98888:0.058300000000000005,0.1047,0.1754,0.2268,0.3244,0.37820000000000004,0.4294,0.5269,0.5692,0.6571,0.686,0.7213,0.8107000000000001,0.9097000000000001,0.9534
99361:0.020900000000000002,0.0309,0.0533,0.0623,0.07490000000000001,0.0932,0.10160000000000001,0.11120000000000001,0.1296,0.13820000000000002,0.1569,0.17270000000000002,0.1862,0.1995,0.2195,0.23920000000000002,0.24580000000000002,0.2536,0.2672,0.2926,0.32380000000000003,0.37260000000000004,0.3816,0.402,0.4188,0.43870000000000003,0.44830000000000003,0.4743,0.4848,0.4929,0.514,0.5237,0.5488000000000001,0.5690000000000001,0.5873,0.5993,0.6222,0.6468,0.6671,0.6798000000000001,0.7068,0.7165,0.7439,0.7533000000000001,0.792,0.8202,0.8328,0.8682000000000001,0.8985000000000001,0.9105000000000001,0.9185000000000001,0.9390000000000001,0.9531000000000001,0.9610000000000001,0.9922000000000001
99817:0.024300000000000002,0.0482,0.09620000000000001,0.131,0.16870000000000002,0.2097,0.24050000000000002,0.2854,0.319,0.3677,0.40590000000000004,0.43420000000000003,0.48200000000000004,0.5186000000000001,0.5592,0.5907,0.639,0.6694,0.7148,0.7513000000000001,0.7883,0.8244,0.8637,0.903,0.9373,0.9514,0.9914000000000001
99821:0.0436,0.0952,0.13490000000000002,0.17850000000000002,0.21710000000000002,0.2459,0.2939,0.3231,0.38480000000000003,0.4433,0.49720000000000003,0.5233,0.5753,0.6025,0.6405000000000001,0.6566000000000001,0.6876,0.7589,0.7924,0.8319000000000001,0.8747,0.9497000000000001
99836:0.0487,0.0609,0.1004,0.133,0.1436,0.1767,0.2043,0.21660000000000001,0.2452,0.2639,0.29410000000000003,0.3216,0.3336,0.3744,0.40640000000000004,0.4384,0.44820000000000004,0.4864,0.4988,0.5276000000000001,0.5647,0.5912000000000001,0.6043000000000001,0.6429,0.672,0.6799000000000001,0.7182000000000001,0.7543000000000001,0.7923,0.8225,0.8373,0.8674000000000001,0.9025000000000001,0.9205000000000001,0.9436,0.9604,0.9983000000000001
99878:0.0524,0.101,0.1371,0.1811,0.21780000000000002,0.254,0.2988,0.40440000000000004,0.443,0.49350000000000005,0.5680000000000001,0.5989,0.6699,0.7179,0.7957000000000001,0.8346,0.9101,0.9549000000000001
99945:0.057,0.0762,0.0826,0.1504,0.1582,0.1689,0.1809,0.221,0.2308,0.23750000000000002,0.24480000000000002,0.2545,0.2632,0.29960000000000003,0.33390000000000003,0.3418,0.35050000000000003,0.35960000000000003,0.366,0.3789,0.385,0.39390000000000003,0.41700000000000004,0.43670000000000003,0.4431,0.4496,0.5069,0.5318,0.5378000000000001,0.5516,0.5646,0.5705,0.5831000000000001,0.5977,0.6071000000000001,0.6519,0.6611,0.6678000000000001,0.6831,0.6928000000000001,0.7095,0.7696000000000001,0.8012,0.8115,0.8185,0.8326,0.8428,0.8873000000000001,0.9195000000000001,0.9253,0.9491,0.9576
100016:0.0809
100460:0.031900000000000005,0.0526,0.0724,0.1038,0.1708,0.2101,0.25670000000000004,0.2916,0.319,0.3748,0.4096,0.4389,0.48910000000000003,0.521,0.5648000000000001,0.6006,0.6449,0.6714,0.6813,0.7172000000000001,0.7902,0.8229000000000001,0.8386,0.9042,0.9502,0.9968
100605:0.0082,0.01,0.0166,0.0173,0.023,0.028800000000000003,0.0386,0.0461,0.053700000000000005,0.0594,0.061900000000000004,0.0694,0.07680000000000001,0.0771,0.0945,0.0961,0.1005,0.10490000000000001,0.1056,0.11800000000000001,0.12250000000000001,0.1228,0.1263,0.1292,0.1418,0.1443,0.14750000000000002,0.152,0.153,0.164,0.1703,0.1877,0.191,0.1948,0.19690000000000002,0.2021,0.20520000000000002,0.20620000000000002,0.21150000000000002,0.2263,0.23070000000000002,0.23770000000000002,0.2386,0.2434,0.2436,0.24450000000000002,0.2469,0.2485,0.253,0.2587,0.2594,0.2681,0.2697,0.3039,0.3053,0.30860000000000004,0.32180000000000003,0.3245,0.33440000000000003,0.3387,0.34700000000000003,0.3568,0.3583,0.36110000000000003,0.3658,0.3678,0.3695,0.37370000000000003,0.3763,0.38220000000000004,0.3912,0.40080000000000005,0.4035,0.4048,0.41140000000000004,0.41960000000000003,0.42650000000000005,0.4349,0.4364,0.4408,0.4506,0.45170000000000005,0.4566,0.4687,0.48250000000000004,0.4869,0.4923,0.5018,0.5048,0.5251,0.5256000000000001,0.5261,0.5292,0.5308,0.5329,0.5338,0.5379,0.5602,0.5822,0.5951000000000001,0.6184000000000001,0.6247,0.6298,0.6346,0.6475000000000001,0.678,0.6796,0.6841,0.6997,0.7033,0.7067,0.7079000000000001,0.7087,0.7135,0.7193,0.735,0.7547,0.764,0.7897000000000001,0.7954,0.8026000000000001,0.8219000000000001,0.8335,0.8384,0.8495,0.8546,0.8574,0.8616,0.8659,0.8674000000000001,0.8774000000000001,0.8817,0.8834000000000001,0.8846,0.9078,0.914,0.9281,0.9291,0.9429000000000001,0.9434,0.9472,0.9532,0.9576,0.9697,0.9705,0.9735,0.9784
100662:0.0599,0.08220000000000001,0.1565,0.17320000000000002,0.23290000000000002,0.253,0.341,0.3583,0.37410000000000004,0.391,0.42250000000000004,0.4439,0.5314,0.5454,0.5645,0.5788,0.6015,0.6613,0.6797000000000001,0.6946,0.7135,0.8084,0.8218000000000001,0.891,0.9242,0.9554
100750:0.042800000000000005,0.0756,0.111,0.1282,0.1403,0.1892,0.2082,0.2544,0.271,0.305,0.3287,0.3509,0.3936,0.4067,0.42710000000000004,0.49210000000000004,0.5143,0.5356000000000001,0.5486,0.5965,0.6093000000000001,0.632,0.6447,0.6932,0.7111000000000001,0.7239,0.7692,0.7847000000000001,0.8017000000000001,0.8352,0.8474,0.8705,0.8828,0.9134,0.9236000000000001,0.9630000000000001,0.9755
100960:0.0367,0.046900000000000004,0.061900000000000004,0.07690000000000001,0.0829,0.1044,0.12340000000000001,0.1323,0.1408,0.1875,0.1983,0.20720000000000002,0.2159,0.258,0.2647,0.2768,0.30310000000000004,0.314,0.3331,0.34750000000000003,0.39590000000000003,0.41250000000000003,0.4263,0.434,0.49200000000000005,0.49860000000000004,0.525,0.537,0.5487000000000001,0.5629000000000001,0.5938,0.6035,0.6245,0.6367,0.6435000000000001,0.6967,0.7057,0.7146,0.7254,0.7601,0.7765000000000001,0.7889,0.8029000000000001,0.8345,0.8431000000000001,0.8546,0.868,0.8765000000000001,0.8873000000000001,0.908,0.9168000000000001,0.928,0.9508000000000001,0.9714,0.9809,0.9983000000000001
100978:0.0454,0.050800000000000005,0.0558,0.060000000000000005,0.0644,0.0762,0.0804,0.092,0.1419,0.1501,0.1565,0.1608,0.16640000000000002,0.17120000000000002,0.17500000000000002,0.2144,0.2185,0.22940000000000002,0.23600000000000002,0.24020000000000002,0.24380000000000002,0.2484,0.25170000000000003,0.2579,0.2629,0.2672,0.2917,0.2988,0.3035,0.3312,0.3413,0.3461,0.3497,0.3593,0.3638,0.3674,0.37360000000000004,0.3784,0.38330000000000003,0.3911,0.3955,0.39890000000000003,0.4146,0.4181,0.4228,0.43210000000000004,0.4374,0.443,0.4471,0.49110000000000004,0.4955,0.5014000000000001,0.5058,0.5104000000000001,0.5233,0.5278,0.5323,0.537,0.5418000000000001,0.5455,0.5494,0.5542,0.5641,0.5683,0.5727,0.5789000000000001,0.5854,0.5944,0.6008,0.6076,0.6121,0.6189,0.6452,0.6506000000000001,0.6557000000000001,0.6601,0.671,0.678,0.6883,0.6927,0.7069000000000001,0.7103,0.7172000000000001,0.7265,0.7597,0.7647,0.7971,0.8012,0.8057000000000001,0.8141,0.8178000000000001,0.8213,0.8325,0.8391000000000001,0.8435,0.8476,0.8827,0.8865000000000001,0.8974000000000001,0.9121,0.9159,0.9206000000000001,0.926,0.9345,0.9507000000000001,0.9563,0.9596,0.9667,0.9918,0.9985
101321:0.0855,0.0918,0.1474,0.15560000000000002,0.3178,0.4394,0.44570000000000004,0.794,0.884
101593:0.055900000000000005,0.1391,0.21810000000000002,0.3008,0.32680000000000003,0.44670000000000004,0.5248,0.605,0.655,0.6880000000000001,0.7962
102292:0.1819,0.2536,0.37920000000000004,0.5934,0.6766
102610:0.029400000000000003,0.09970000000000001,0.13670000000000002,0.19970000000000002,0.2576,0.39080000000000004,0.4404,0.52,0.5953,0.7478,0.8354,0.9573
102663:0.0601,0.1527,0.33940000000000003,0.4147,0.5325,0.6791,0.7230000000000001,0.808,0.9113
103226:0.0531,0.1313,0.1428,0.21530000000000002,0.28090000000000004,0.31320000000000003,0.3266,0.3572,0.4058,0.43620000000000003,0.5391,0.5523,0.6057,0.6429,0.7116,0.7302000000000001,0.7781,0.7906000000000001,0.8471000000000001,0.8752000000000001,0.9278000000000001,0.9437000000000001,0.9838
103521:0.0786,0.1424,0.216,0.2846,0.3421,0.4268,0.5065000000000001,0.5475,0.6108,0.7003,0.7294,0.8032,0.8506,0.9225000000000001
103568:0.0211,0.0313,0.0475,0.0659,0.0794,0.0961,0.1119,0.1301,0.1388,0.1531,0.1715,0.1872,0.203,0.22010000000000002,0.24300000000000002,0.2602,0.27240000000000003,0.2861,0.309,0.3299,0.3532,0.3748,0.3819,0.3971,0.4086,0.42400000000000004,0.4379,0.46900000000000003,0.49000000000000005,0.5011,0.5174,0.5285000000000001,0.5453,0.5652,0.5782,0.5947,0.6037,0.6171,0.6365000000000001,0.6486000000000001,0.676,0.6912,0.7056,0.7160000000000001,0.7373000000000001,0.7497,0.7778,0.7942,0.8137000000000001,0.8259000000000001,0.8390000000000001,0.8548,0.8691000000000001,0.8862,0.9041,0.9186000000000001,0.9470000000000001,0.9601000000000001,0.9769000000000001,0.9936
103820:0.032600000000000004,0.0585,0.1005,0.1361,0.17650000000000002,0.2023,0.216,0.24700000000000003,0.2659,0.29650000000000004,0.32370000000000004,0.3403,0.3735,0.4066,0.441,0.48550000000000004,0.4959,0.5205000000000001,0.5563,0.5683,0.5953,0.6178,0.6442,0.6753,0.6837000000000001,0.7110000000000001,0.7483000000000001,0.7631,0.794,0.8243,0.8364,0.8681000000000001,0.8986000000000001,0.9163,0.9410000000000001,0.9567,0.9959
105062:0.133,0.7301000000000001,0.786,0.8463,0.8798,0.9247000000000001
105237:0.0172,0.0302,0.07050000000000001,0.0965,0.1179,0.133,0.14170000000000002,0.1516,0.1905,0.19840000000000002,0.24050000000000002,0.25170000000000003,0.2647,0.2886,0.3245,0.36610000000000004,0.3788,0.4032,0.41950000000000004,0.4405,0.47700000000000004,0.4873,0.5168,0.5454,0.5688,0.5909,0.6011000000000001,0.6428,0.6777000000000001,0.7093,0.7383000000000001,0.7491,0.7894,0.8183,0.8324,0.8639,0.9016000000000001,0.9149,0.9246000000000001,0.9416,0.9564,0.9828,0.997
105286:0.0334,0.0828,0.12350000000000001,0.1502,0.2008,0.2666,0.38170000000000004,0.4243,0.5211,0.5949,0.7141000000000001,0.8230000000000001,0.9198000000000001,0.9857
106088:0.034,0.043500000000000004,0.0505,0.0577,0.0758,0.09730000000000001,0.1086,0.12000000000000001,0.1283,0.13670000000000002,0.1441,0.1821,0.1965,0.2041,0.21280000000000002,0.2587,0.2671,0.2773,0.2872,0.30010000000000003,0.3119,0.3201,0.3302,0.34240000000000004,0.3513,0.3875,0.3966,0.4057,0.4169,0.4282,0.4868,0.4939,0.5045000000000001,0.5143,0.5272,0.5373,0.545,0.5761000000000001,0.5868,0.6021000000000001,0.6111,0.6262,0.6364000000000001,0.6442,0.6854,0.7009000000000001,0.7113,0.7205,0.7547,0.7658,0.7739,0.7815000000000001,0.7913,0.8022,0.8304,0.8447,0.8611000000000001,0.8688,0.8774000000000001,0.8913000000000001,0.9088,0.9162,0.9242,0.9601000000000001,0.9725,0.9838,0.9939
106277:0.024900000000000002,0.0373,0.0497,0.0694,0.0755,0.1102,0.1207,0.1391,0.1895,0.1956,0.2169,0.2528,0.259,0.29610000000000003,0.3074,0.32170000000000004,0.3461,0.3541,0.3786,0.39440000000000003,0.4017,0.4132,0.4294,0.4899,0.49810000000000004,0.5342,0.5461,0.5820000000000001,0.5951000000000001,0.6063000000000001,0.6163000000000001,0.6352,0.6423,0.6834,0.6890000000000001,0.6986,0.7071000000000001,0.7268,0.7402000000000001,0.7664000000000001,0.7745000000000001,0.795,0.8064,0.8421000000000001,0.8490000000000001,0.8646,0.8807,0.8979,0.9111,0.9294,0.9609000000000001,0.9687,0.9837
106445:0.7926000000000001
106477:0.0816,0.1865,0.3423,0.4287,0.6033000000000001,0.8015
106485:0.024900000000000002,0.047400000000000005,0.055900000000000005,0.0901,0.09860000000000001,0.1267,0.1335,0.1696,0.1777,0.1963,0.21150000000000002,0.2169,0.24050000000000002,0.24810000000000001,0.2591,0.2897,0.3185,0.37,0.3975,0.4068,0.43420000000000003,0.4409,0.47940000000000005,0.4869,0.5164,0.5423,0.5638000000000001,0.5856,0.595,0.6131,0.6406000000000001,0.6642,0.6764,0.7082,0.7206,0.7452000000000001,0.7596,0.7895000000000001,0.8158000000000001,0.8301000000000001,0.8646,0.895,0.9078,0.9364,0.9512,0.9583,0.9873000000000001,0.9994000000000001
106500:0.057,0.08220000000000001,0.1517,0.1668,0.1768,0.2205,0.2398,0.257,0.3376,0.3522,0.3683,0.3834,0.42160000000000003,0.43970000000000004,0.5069,0.5366000000000001,0.5491,0.5632,0.5771000000000001,0.5963,0.656,0.6801,0.6932,0.7110000000000001,0.8029000000000001,0.8215,0.8493,0.8879,0.9218000000000001,0.9544
106730:0.0172,0.0316,0.041,0.0591,0.07300000000000001,0.09770000000000001,0.10840000000000001,0.1237,0.13570000000000002,0.1688,0.1792,0.189,0.1981,0.21030000000000001,0.2384,0.24860000000000002,0.2574,0.2679,0.2808,0.2942,0.3029,0.3139,0.3247,0.336,0.3607,0.3729,0.3869,0.3929,0.4053,0.4187,0.4259,0.45530000000000004,0.47340000000000004,0.4802,0.48950000000000005,0.5062,0.5229,0.5273,0.5399,0.5475,0.5714,0.5803,0.5919,0.5965,0.6092000000000001,0.6201,0.6306,0.637,0.6453,0.6576000000000001,0.6751,0.6834,0.6922,0.7051000000000001,0.7166,0.7258,0.7444000000000001,0.7608,0.7676000000000001,0.775,0.7856000000000001,0.7969,0.8167000000000001,0.8249000000000001,0.8394,0.8628,0.8692000000000001,0.8762000000000001,0.8989,0.91,0.9187000000000001,0.9297000000000001,0.9577,0.9688,0.9869,0.997
107061:0.049,0.0553,0.0629,0.0779,0.0858,0.14070000000000002,0.14800000000000002,0.15410000000000001,0.1655,0.17270000000000002,0.21660000000000001,0.22240000000000001,0.233,0.24100000000000002,0.2497,0.2579,0.2644,0.2936,0.3005,0.32980000000000004,0.3375,0.34700000000000003,0.3542,0.3638,0.3709,0.38130000000000003,0.3884,0.3967,0.41340000000000005,0.42010000000000003,0.43710000000000004,0.4446,0.4516,0.49770000000000003,0.5066,0.5281,0.5342,0.5427000000000001,0.5516,0.5601,0.5682,0.5753,0.5846,0.5956,0.6038,0.6148,0.6486000000000001,0.657,0.6668000000000001,0.6774,0.686,0.6936,0.7014,0.7104,0.7212000000000001,0.766,0.7971,0.803,0.8154,0.8229000000000001,0.8351000000000001,0.8468,0.8858,0.8943000000000001,0.9159,0.9234,0.9305,0.9461,0.9541000000000001,0.9599000000000001,0.9953000000000001
107125:0.0599,0.42960000000000004,0.547,0.6457,0.7221000000000001,0.8041,0.9274
107201:0.1346,0.2775,0.3568,0.4093,0.5452,0.6115,0.6482,0.7179,0.7877000000000001,0.8502000000000001,0.886,0.9292,0.9804
107572:0.0375,0.044000000000000004,0.052000000000000005,0.0631,0.0723,0.10740000000000001,0.11510000000000001,0.1246,0.1336,0.182,0.1965,0.20550000000000002,0.2508,0.2615,0.274,0.2995,0.3159,0.3255,0.3376,0.3905,0.3986,0.41440000000000005,0.42610000000000003,0.4786,0.4893,0.5,0.5083,0.5254,0.5319,0.5403,0.5475,0.5825,0.5946,0.6031000000000001,0.6322,0.6432,0.6846,0.6915,0.6994,0.7115,0.7243,0.76,0.7703,0.7795000000000001,0.7972,0.8274,0.8386,0.8663000000000001,0.8776,0.9066000000000001,0.9151,0.9225000000000001,0.9635,0.9682000000000001,0.9771000000000001,0.997
107801:0.059500000000000004,0.0825,0.15910000000000002,0.17400000000000002,0.23190000000000002,0.2454,0.2621,0.3456,0.3659,0.38520000000000004,0.4339,0.447,0.5321,0.5479,0.5664,0.5842,0.6063000000000001,0.6692,0.6847000000000001,0.7110000000000001,0.8086,0.8223,0.8894000000000001,0.9255,0.9584
108071:0.038,0.0713,0.101,0.1296,0.1758,0.19790000000000002,0.2447,0.262,0.2898,0.3189,0.3435,0.39380000000000004,0.4214,0.4741,0.5022,0.5288,0.5771000000000001,0.5986,0.6264000000000001,0.6778000000000001,0.6975,0.7180000000000001,0.7704000000000001,0.789,0.8217,0.8636,0.8814000000000001,0.9119,0.9614,0.993
108426:0.0039000000000000003,0.0079,0.038700000000000005,0.04,0.0441,0.046200000000000005,0.0502,0.054900000000000004,0.0641,0.0727,0.0752,0.0821,0.0876,0.0879,0.09040000000000001,0.0927,0.0979,0.1091,0.11810000000000001,0.1208,0.1378,0.1444,0.1489,0.1658,0.1796,0.1824,0.20020000000000002,0.20520000000000002,0.20850000000000002,0.2187,0.2237,0.22820000000000001,0.22970000000000002,0.2354,0.2371,0.24180000000000001,0.2449,0.2576,0.2585,0.27030000000000004,0.2807,0.2842,0.2907,0.30760000000000004,0.311,0.32580000000000003,0.33580000000000004,0.3437,0.3477,0.3945,0.41450000000000004,0.41540000000000005,0.41750000000000004,0.4188,0.44120000000000004,0.45170000000000005,0.46030000000000004,0.4666,0.4671,0.46790000000000004,0.47450000000000003,0.4909,0.49410000000000004,0.5053,0.5106,0.5172,0.5175000000000001,0.5323,0.5346000000000001,0.5499,0.5515,0.5683,0.5708,0.5735,0.5829,0.5907,0.5965,0.5972000000000001,0.609,0.6098,0.6128,0.639,0.6607000000000001,0.6659,0.6687000000000001,0.6689,0.6873,0.6991,0.7054,0.7058,0.7144,0.7175,0.7261000000000001,0.739,0.7449,0.7466,0.7505000000000001,0.7764000000000001,0.8008000000000001,0.8036000000000001,0.8071,0.8204,0.8242,0.8283,0.8306,0.8401000000000001,0.8453,0.8465,0.8531000000000001,0.8578,0.8642000000000001,0.8652000000000001,0.8694000000000001,0.877,0.8972,0.8975000000000001,0.8985000000000001,0.9003,0.9081,0.9134,0.9147000000000001,0.9164,0.9251,0.9328000000000001,0.9396,0.9430000000000001,0.9567,0.9627,0.9741000000000001,0.9813000000000001,0.9832000000000001,0.9843000000000001,0.9891000000000001,0.9994000000000001
109178:0.0388,0.0489,0.0654,0.0854,0.09730000000000001,0.12990000000000002,0.14650000000000002,0.16920000000000002,0.2061,0.2245,0.2424,0.257,0.28390000000000004,0.3098,0.3214,0.33740000000000003,0.3648,0.37420000000000003,0.39590000000000003,0.4082,0.4262,0.4393,0.4834,0.513,0.5226000000000001,0.5405,0.559,0.5886,0.5999,0.6375000000000001,0.6595000000000001,0.6696000000000001,0.6832,0.7002,0.7137,0.7528,0.7874,0.8023,0.8196,0.8339000000000001,0.8564,0.8769,0.8963000000000001,0.9079,0.9241,0.9385,0.9512,0.9837,0.9966
109395:0.0109,0.0206,0.034800000000000005,0.045200000000000004,0.055600000000000004,0.0669,0.07880000000000001,0.0917,0.10070000000000001,0.1114,0.12140000000000001,0.1326,0.14350000000000002,0.153,0.16440000000000002,0.1759,0.1872,0.19640000000000002,0.2079,0.21830000000000002,0.22940000000000002,0.23870000000000002,0.2484,0.2594,0.2743,0.28450000000000003,0.2952,0.30670000000000003,0.316,0.3295,0.34290000000000004,0.3524,0.3644,0.37570000000000003,0.3839,0.3972,0.40590000000000004,0.4176,0.4259,0.43370000000000003,0.4425,0.4524,0.46480000000000005,0.4746,0.4888,0.49910000000000004,0.5089,0.5208,0.5304,0.5392,0.5501,0.5641,0.5732,0.5850000000000001,0.5957,0.6077,0.6171,0.6286,0.64,0.6498,0.6624,0.6738000000000001,0.6857000000000001,0.6943,0.7055,0.7136,0.7250000000000001,0.7369,0.7462000000000001,0.7565000000000001,0.7708,0.7807000000000001,0.7897000000000001,0.7995,0.8127000000000001,0.8247,0.8372,0.8474,0.8573000000000001,0.8666,0.8781,0.8869,0.8988,0.9087000000000001,0.919,0.9295,0.9431,0.9545,0.9642000000000001,0.9737,0.9831000000000001,0.995
109436:0.6825
109721:0.025,0.0397,0.057300000000000004,0.0729,0.08370000000000001,0.0988,0.1192,0.1437,0.1883,0.198,0.2275,0.2514,0.28400000000000003,0.29960000000000003,0.3244,0.3501,0.3775,0.3942,0.4136,0.4334,0.461,0.4902,0.5191,0.5451,0.5709000000000001,0.5937,0.6172000000000001,0.6437,0.6806,0.6939000000000001,0.7117,0.7402000000000001,0.7567,0.7798,0.8,0.8204,0.8412000000000001,0.8642000000000001,0.8826,0.9079,0.9166000000000001,0.9451,0.9618000000000001,0.9773000000000001,0.9999
110469:0.0015,0.0024000000000000002,0.0055000000000000005,0.0103,0.0154,0.0199,0.0317,0.0386,0.040400000000000005,0.0468,0.0558,0.057800000000000004,0.0646,0.0748,0.07680000000000001,0.07740000000000001,0.0883,0.0901,0.0941,0.09870000000000001,0.09960000000000001,0.1091,0.114,0.1154,0.12100000000000001,0.1258,0.13140000000000002,0.1345,0.1428,0.1432,0.1487,0.153,0.1562,0.15810000000000002,0.1693,0.1771,0.18480000000000002,0.19090000000000001,0.2054,0.22010000000000002,0.22410000000000002,0.22740000000000002,0.233,0.2406,0.2472,0.2566,0.25880000000000003,0.2718,0.27540000000000003,0.2763,0.2813,0.28240000000000004,0.2844,0.29150000000000004,0.2958,0.3029,0.30560000000000004,0.3151,0.3257,0.3267,0.3372,0.3391,0.3395,0.3467,0.36100000000000004,0.3649,0.36510000000000004,0.3775,0.37870000000000004,0.3834,0.4025,0.4228,0.4328,0.4363,0.43720000000000003,0.44920000000000004,0.47840000000000005,0.5083,0.509,0.5132,0.5143,0.5184,0.5347000000000001,0.5383,0.5399,0.5401,0.5442,0.5654,0.5902000000000001,0.6046,0.6231,0.6486000000000001,0.6495000000000001,0.657,0.6572,0.6704,0.6763,0.6826,0.6834,0.6861,0.6900000000000001,0.6989000000000001,0.7112,0.7114,0.7193,0.728,0.735,0.7373000000000001,0.7442000000000001,0.7467,0.7483000000000001,0.7545000000000001,0.7712,0.7732,0.7807000000000001,0.7822,0.784,0.789,0.7926000000000001,0.7981,0.7986000000000001,0.8149000000000001,0.8370000000000001,0.8507,0.8547,0.8808,0.8887,0.8899,0.8989,0.9007000000000001,0.9174,0.918,0.9199,0.9213,0.9279000000000001,0.9331,0.9387000000000001,0.9409000000000001,0.9427000000000001,0.9433,0.9477000000000001,0.9601000000000001,0.9694,0.9719000000000001,0.9790000000000001,0.9874,0.9887,0.9902000000000001,0.9952000000000001,0.9961000000000001
110668:0.0335,0.0727,0.1012,0.1226,0.13870000000000002,0.14780000000000001,0.1945,0.2169,0.2558,0.275,0.3048,0.3306,0.37270000000000003,0.39580000000000004,0.4092,0.4268,0.4461,0.4914,0.5267000000000001,0.55,0.5937,0.6105,0.6462,0.6985,0.7182000000000001,0.7427,0.7867000000000001,0.8062,0.8353,0.8699,0.9112,0.923,0.9341,0.9615,0.9857
110751:0.32930000000000004,0.7413000000000001
111258:0.0927,0.1578,0.3242,0.4465,0.8011,0.8913000000000001
111357:0.0455,0.06720000000000001,0.0738,0.07490000000000001,0.0752,0.0755,0.07740000000000001,0.09090000000000001,0.10200000000000001,0.1109,0.1333,0.1341,0.14100000000000001,0.14500000000000002,0.1506,0.15910000000000002,0.1603,0.1648,0.1695,0.1806,0.18150000000000002,0.18680000000000002,0.189,0.19310000000000002,0.19410000000000002,0.2034,0.2053,0.2092,0.2124,0.2174,0.2189,0.2255,0.24500000000000002,0.25670000000000004,0.2733,0.277,0.28150000000000003,0.28250000000000003,0.2968,0.31270000000000003,0.3265,0.3407,0.3412,0.35550000000000004,0.3799,0.38430000000000003,0.38580000000000003,0.392,0.3977,0.39930000000000004,0.40040000000000003,0.40290000000000004,0.4055,0.4103,0.42210000000000003,0.4262,0.4273,0.42750000000000005,0.42860000000000004,0.4368,0.44010000000000005,0.441,0.4461,0.45030000000000003,0.49860000000000004,0.5022,0.5055000000000001,0.5094000000000001,0.5181,0.5194,0.5206000000000001,0.5326000000000001,0.545,0.5616,0.5678000000000001,0.5825,0.5838,0.5920000000000001,0.5937,0.6165,0.6193000000000001,0.6259,0.6344000000000001,0.6431,0.6438,0.6441,0.6479,0.6486000000000001,0.6702,0.6752,0.6873,0.6879000000000001,0.6896,0.6955,0.6985,0.7093,0.7291000000000001,0.7463000000000001,0.7551,0.7741,0.776,0.7774000000000001,0.7809,0.7933,0.8129000000000001,0.8155,0.8378,0.8481000000000001,0.8494,0.8611000000000001,0.8668,0.8699,0.8765000000000001,0.8828,0.8894000000000001,0.8915000000000001,0.8925000000000001,0.8992,0.9044000000000001,0.9064000000000001,0.9098,0.9213,0.9305,0.9520000000000001,0.9541000000000001,0.9569000000000001,0.9640000000000001,0.9763000000000001,0.9776,0.9820000000000001,0.9933000000000001,0.9941000000000001,0.9952000000000001
111524:0.0236,0.037000000000000005,0.0425,0.0483,0.0572,0.0752,0.08120000000000001,0.11080000000000001,0.12100000000000001,0.1353,0.1418,0.18230000000000002,0.19440000000000002,0.2019,0.20980000000000001,0.25120000000000003,0.26,0.2761,0.302,0.3088,0.31620000000000004,0.3281,0.3416,0.3755,0.39280000000000004,0.4091,0.42650000000000005,0.4782,0.48460000000000003,0.49260000000000004,0.4985,0.5248,0.5314,0.5426,0.5494,0.5619000000000001,0.5807,0.5967,0.6017,0.6138,0.6267,0.6352,0.6429,0.666,0.6829000000000001,0.6876,0.6967,0.7202000000000001,0.7366,0.7512000000000001,0.7649,0.7726000000000001,0.7815000000000001,0.8003,0.8106,0.8238000000000001,0.8302,0.8446,0.8709,0.8796,0.9125000000000001,0.9234,0.9636,0.9718,0.9919
111577:0.3269,0.6575000000000001,0.6911
111697:0.0551,0.077,0.10260000000000001,0.12440000000000001,0.1401,0.16290000000000002,0.1923,0.2063,0.2248,0.2479,0.2639,0.28600000000000003,0.3154,0.3536,0.3839,0.4053,0.4253,0.45180000000000003,0.4832,0.49720000000000003,0.524,0.5499,0.5779000000000001,0.6014,0.6279,0.6471,0.6823,0.7102,0.7311000000000001,0.7537,0.7867000000000001,0.7997000000000001,0.8274,0.8418,0.8692000000000001,0.8928,0.9128000000000001,0.9241,0.9456,0.9637,0.994
111912:0.015000000000000001,0.0256,0.0378,0.048,0.0599,0.0726,0.08270000000000001,0.0944,0.10590000000000001,0.11750000000000001,0.12990000000000002,0.1423,0.1562,0.1711,0.1831,0.197,0.2116,0.2225,0.2348,0.2472,0.2584,0.27440000000000003,0.2864,0.298,0.3131,0.32880000000000004,0.3428,0.3628,0.3764,0.38670000000000004,0.39980000000000004,0.4098,0.4217,0.433,0.44420000000000004,0.46,0.47350000000000003,0.4889,0.4995,0.5099,0.5238,0.5343,0.5453,0.5617,0.5713,0.5845,0.5951000000000001,0.6051000000000001,0.6169,0.6328,0.6442,0.6528,0.67,0.6813,0.6916,0.7052,0.7152000000000001,0.7296,0.7438,0.754,0.7699,0.7828,0.7935,0.8024,0.8170000000000001,0.8290000000000001,0.8412000000000001,0.8539,0.8633000000000001,0.8742000000000001,0.8881,0.9013,0.9108,0.924,0.9431,0.9563,0.9660000000000001,0.9780000000000001,0.9908
111968:0.057600000000000005,0.1206,0.1971,0.26280000000000003,0.3134,0.35500000000000004,0.4032,0.4343,0.502,0.5453,0.6018,0.6459,0.6990000000000001,0.7398,0.7858,0.8419000000000001,0.8846,0.9363,0.9820000000000001
112031:0.2204,0.3279,0.8032,0.8765000000000001
112057:0.0585,0.1361,0.2544,0.44270000000000004,0.5946,0.6806,0.8347,0.9168000000000001
112271:0.0637,0.1757,0.33230000000000004,0.41850000000000004,0.5687,0.6792,0.8017000000000001,0.9584
113018:0.032100000000000004,0.053200000000000004,0.0799,0.11040000000000001,0.1408,0.1691,0.19460000000000002,0.2192,0.24760000000000001,0.2792,0.3129,0.3412,0.3911,0.4207,0.45120000000000005,0.4847,0.49520000000000003,0.5221,0.5463,0.5752,0.6015,0.6396000000000001,0.6803,0.6905,0.7104,0.7472000000000001,0.785,0.8049000000000001,0.8309000000000001,0.8433,0.8715,0.9146000000000001,0.9483,0.9803000000000001
114650:0.037000000000000005,0.38770000000000004,0.49810000000000004,0.6844
114893:0.0376,0.060700000000000004,0.1029,0.13970000000000002,0.1784,0.21450000000000002,0.2477,0.2969,0.3299,0.38330000000000003,0.4098,0.44480000000000003,0.4923,0.5269,0.5721,0.6051000000000001,0.6519,0.6786,0.7112,0.7592,0.8007000000000001,0.8350000000000001,0.9035000000000001,0.9431
115193:0.09050000000000001,0.1554,0.3221,0.4445,0.7987000000000001
115694:0.051500000000000004,0.060500000000000005,0.0786,0.08660000000000001,0.1038,0.1451,0.1544,0.1666,0.1734,0.21810000000000002,0.23090000000000002,0.24050000000000002,0.2492,0.2577,0.26530000000000004,0.29450000000000004,0.3266,0.33530000000000004,0.3476,0.3551,0.3649,0.3729,0.38230000000000003,0.3904,0.40080000000000005,0.4157,0.4334,0.44220000000000004,0.4496,0.49870000000000003,0.5083,0.5281,0.5348,0.543,0.5532,0.5613,0.5688,0.5765,0.5852,0.5963,0.6074,0.6493,0.6585000000000001,0.6679,0.6781,0.6873,0.6950000000000001,0.7074,0.7133,0.7223,0.7669,0.7988000000000001,0.8093,0.8188000000000001,0.8261000000000001,0.8396,0.8844000000000001,0.8933000000000001,0.9154,0.9238000000000001,0.9316000000000001,0.9465,0.9555,0.9626,0.9966
115981:0.0557,0.1469,0.3693,0.5086,0.611,0.7421
116149:0.035,0.10980000000000001,0.2514,0.48910000000000003,0.5279,0.5983,0.6845,0.7664000000000001,0.8388,0.9639000000000001
116741:0.0366,0.0517,0.0707,0.1081,0.1279,0.18180000000000002,0.1998,0.2165,0.2526,0.2713,0.3025,0.3176,0.34040000000000004,0.3899,0.40800000000000003,0.4292,0.4817,0.497,0.5271,0.5461,0.5839,0.6016,0.6334000000000001,0.6464000000000001,0.6876,0.7076,0.7346,0.765,0.7792,0.8005,0.8342,0.8512000000000001,0.8714000000000001,0.8866,0.914,0.9307000000000001,0.9685,0.9995
117103:0.20350000000000001
117156:0.0187,0.038700000000000005,0.054700000000000006,0.0713,0.0847,0.1003,0.11710000000000001,0.1305,0.1451,0.1598,0.17450000000000002,0.191,0.2083,0.22210000000000002,0.23600000000000002,0.24880000000000002,0.2679,0.27990000000000004,0.2921,0.3109,0.32980000000000004,0.3473,0.3652,0.3814,0.3996,0.4106,0.42410000000000003,0.43620000000000003,0.451,0.4723,0.4922,0.5039,0.5192,0.5372,0.5531,0.5690000000000001,0.5828,0.5971000000000001,0.6136,0.6322,0.6444000000000001,0.6566000000000001,0.6748000000000001,0.6917,0.7063,0.7183,0.739,0.7536,0.7733,0.7854,0.7985,0.8184,0.8337,0.8476,0.8609,0.8824000000000001,0.8971,0.9125000000000001,0.9276000000000001,0.9452,0.9590000000000001,0.9769000000000001,0.9975
117255:0.0687,0.23020000000000002,0.4504,0.6071000000000001,0.6841,0.8397
117349:0.052000000000000005,0.0818,0.1012,0.1492,0.1741,0.2272,0.25120000000000003,0.2947,0.3262,0.35810000000000003,0.3763,0.40940000000000004,0.4329,0.44830000000000003,0.5242,0.5461,0.5674,0.6,0.6623,0.675,0.6977,0.7163,0.7958000000000001,0.8102,0.8274,0.8792000000000001,0.9078,0.928,0.9531000000000001,0.9987
117657:0.049300000000000004,0.0575,0.07690000000000001,0.0829,0.1075,0.14200000000000002,0.1507,0.1607,0.171,0.17850000000000002,0.21710000000000002,0.22890000000000002,0.2381,0.2514,0.26080000000000003,0.2943,0.32930000000000004,0.339,0.3496,0.36260000000000003,0.3704,0.37770000000000004,0.3856,0.39580000000000004,0.4111,0.42010000000000003,0.43760000000000004,0.447,0.49450000000000005,0.5067,0.5277000000000001,0.5342,0.5434,0.5565,0.5639000000000001,0.5722,0.5833,0.5931000000000001,0.6031000000000001,0.6459,0.6543,0.6648000000000001,0.6732,0.6809000000000001,0.6926,0.7027,0.7103,0.7230000000000001,0.7658,0.7976000000000001,0.8055,0.8159000000000001,0.8232,0.8394,0.8824000000000001,0.8891,0.9134,0.921,0.929,0.9415,0.9520000000000001,0.9599000000000001,0.994
118220:0.0429,0.0551,0.0688,0.08660000000000001,0.1153,0.1297,0.1414,0.1849,0.2003,0.2146,0.2536,0.26880000000000004,0.2997,0.3174,0.3413,0.3899,0.4041,0.41960000000000003,0.432,0.4898,0.5216000000000001,0.5401,0.5515,0.5908,0.6078,0.6378,0.6616000000000001,0.6946,0.7128,0.7355,0.7671,0.7817000000000001,0.8011,0.8397,0.8658,0.8823000000000001,0.9178000000000001,0.9295,0.9668,0.9807
118578:0.3287,0.3793,0.4431,0.5477000000000001,0.605,0.6746,0.7217,0.8309000000000001,0.9113,0.9552
118933:0.1439,0.263,0.6031000000000001,0.8449000000000001,0.9255
118938:0.0267
119469:0.0179,0.0325,0.0507,0.06960000000000001,0.0868,0.1023,0.11380000000000001,0.1326,0.14780000000000001,0.16790000000000002,0.1859,0.2008,0.21400000000000002,0.2281,0.2454,0.2609,0.27890000000000004,0.2932,0.31220000000000003,0.3378,0.3683,0.38370000000000004,0.3952,0.4091,0.42310000000000003,0.4394,0.4521,0.4758,0.4898,0.5002,0.5174,0.5334,0.5486,0.5635,0.5758,0.5963,0.6081,0.6253000000000001,0.6423,0.6513,0.6686000000000001,0.6857000000000001,0.7029000000000001,0.7124,0.7366,0.7481,0.7591,0.7842,0.7963,0.8161,0.8266,0.8386,0.8484,0.8684000000000001,0.892,0.9042,0.9212,0.9315,0.9436,0.9582,0.9800000000000001,0.9961000000000001
119737:0.057100000000000005,0.1547,0.17400000000000002,0.2298,0.2396,0.254,0.33540000000000003,0.3665,0.38270000000000004,0.4197,0.4439,0.5306000000000001,0.5452,0.5630000000000001,0.5725,0.5975,0.6566000000000001,0.6778000000000001,0.7103,0.8026000000000001,0.8211,0.9169,0.9532
120111:0.1422,0.7969
121117:0.0528,0.08030000000000001,0.128,0.2097,0.2818,0.33130000000000004,0.40440000000000004,0.4294,0.503,0.5363,0.6024,0.6386000000000001,0.7042,0.774,0.8019000000000001,0.8520000000000001,0.9204,0.9792000000000001
121152:0.0222,0.37470000000000003
121314:0.0546,0.0883,0.1512,0.1762,0.24450000000000002,0.3245,0.3665,0.4002,0.4288,0.4499,0.5261,0.5476,0.5699000000000001,0.6027,0.6661,0.6890000000000001,0.7112,0.8001,0.8218000000000001,0.882,0.9111,0.93,0.9568000000000001
121841:0.0281,0.1326,0.2024,0.26230000000000003,0.376,0.4082,0.4902,0.5985,0.75,0.8236,0.8374,0.9595
122330:0.5476,0.6552,0.7222000000000001,0.8058000000000001
122795:0.0053,0.0198,0.028,0.030000000000000002,0.031400000000000004,0.031900000000000005,0.038,0.038700000000000005,0.0504,0.0539,0.058,0.0753,0.1009,0.1024,0.11130000000000001,0.1153,0.12010000000000001,0.1305,0.1463,0.1479,0.15560000000000002,0.1718,0.17320000000000002,0.1854,0.1899,0.19640000000000002,0.2058,0.2102,0.21430000000000002,0.218,0.2308,0.2341,0.2381,0.23920000000000002,0.2459,0.24700000000000003,0.2661,0.26780000000000004,0.2727,0.27340000000000003,0.28140000000000004,0.2871,0.2982,0.3095,0.311,0.3128,0.3139,0.3478,0.36150000000000004,0.3658,0.36920000000000003,0.37270000000000003,0.3729,0.3744,0.3774,0.3794,0.3799,0.38070000000000004,0.38370000000000004,0.3917,0.396,0.399,0.4073,0.4181,0.42550000000000004,0.431,0.4324,0.43810000000000004,0.4544,0.4642,0.4737,0.4791,0.4867,0.48750000000000004,0.49160000000000004,0.49570000000000003,0.4963,0.5008,0.5047,0.5068,0.5274,0.5283,0.5286000000000001,0.5316000000000001,0.5371,0.5646,0.5658000000000001,0.5707,0.5717,0.5762,0.5773,0.5894,0.5905,0.5915,0.5949,0.6006,0.6022000000000001,0.6131,0.6248,0.6313000000000001,0.6363,0.6412,0.642,0.6462,0.6472,0.6487,0.654,0.6567000000000001,0.6591,0.6605000000000001,0.6662,0.6741,0.6792,0.6797000000000001,0.6833,0.6864,0.6916,0.6989000000000001,0.7119000000000001,0.7207,0.7219,0.7259,0.7505000000000001,0.762,0.7704000000000001,0.7758,0.7776000000000001,0.7828,0.7893,0.8048000000000001,0.8089000000000001,0.8199000000000001,0.8342,0.8398,0.8447,0.8486,0.8530000000000001,0.8534,0.8572000000000001,0.8594,0.8608,0.8712000000000001,0.8747,0.8814000000000001,0.8839,0.8842000000000001,0.889,0.8943000000000001,0.8966000000000001,0.9004000000000001,0.9025000000000001,0.91,0.9284,0.9468000000000001,0.9488000000000001,0.9677
122819:0.0376,0.0712,0.1075,0.1236,0.13770000000000002,0.18380000000000002,0.20140000000000002,0.2521,0.27290000000000003,0.3084,0.38730000000000003,0.4011,0.41950000000000004,0.4506,0.4882,0.5001,0.5351,0.5889,0.6048,0.6382,0.6880000000000001,0.7103,0.7646000000000001,0.8016000000000001,0.8358,0.8705,0.9125000000000001,0.9294,0.9618000000000001,0.9756
123034:0.055,0.3275,0.4208,0.797,0.911
123363:0.5985
123999:0.0897,0.1504,0.3219,0.4436,0.7981,0.8854000000000001
124039:0.0094,0.0199,0.0285,0.038,0.048,0.056100000000000004,0.0673,0.0775,0.0864,0.09820000000000001,0.10740000000000001,0.11950000000000001,0.1302,0.1457,0.1532,0.1641,0.1728,0.1831,0.19260000000000002,0.20470000000000002,0.2149,0.223,0.23090000000000002,0.24250000000000002,0.2505,0.2592,0.2756,0.2877,0.2999,0.3093,0.3211,0.3347,0.34740000000000004,0.3674,0.3791,0.3885,0.39890000000000003,0.40740000000000004,0.4181,0.42550000000000004,0.4368,0.44680000000000003,0.4621,0.47140000000000004,0.48150000000000004,0.4908,0.4983,0.5102,0.5195000000000001,0.531,0.5404,0.5538000000000001,0.5644,0.5724,0.5822,0.5944,0.6054,0.6197,0.6353,0.6434000000000001,0.6521,0.6647000000000001,0.6766,0.6857000000000001,0.6961,0.7045,0.7145,0.7342000000000001,0.7436,0.7522000000000001,0.7719,0.782,0.7907000000000001,0.7997000000000001,0.8117000000000001,0.8190000000000001,0.8285,0.8397,0.8471000000000001,0.8608,0.8684000000000001,0.8817,0.893,0.9035000000000001,0.9126000000000001,0.9234,0.9336000000000001,0.9453,0.9545,0.9658,0.9779,0.9892000000000001,0.9983000000000001
124291:0.0032,0.0151,0.0198,0.0346,0.044700000000000004,0.0451,0.05,0.07390000000000001,0.0771,0.0891,0.09280000000000001,0.1164,0.1203,0.1233,0.1383,0.1542,0.16340000000000002,0.1673,0.17930000000000001,0.18960000000000002,0.191,0.21400000000000002,0.2177,0.2303,0.2306,0.24000000000000002,0.248,0.2554,0.25730000000000003,0.27080000000000004,0.2768,0.2788,0.2818,0.2874,0.29510000000000003,0.34190000000000004,0.3433,0.34550000000000003,0.3524,0.3567,0.3582,0.36110000000000003,0.36150000000000004,0.3647,0.3735,0.4021,0.4047,0.4117,0.41250000000000003,0.4219,0.4224,0.4299,0.43520000000000003,0.44210000000000005,0.4431,0.4777,0.4864,0.4975,0.5009,0.5026,0.504,0.5047,0.5118,0.5134000000000001,0.5192,0.5304,0.5357000000000001,0.5414,0.5422,0.5479,0.5493,0.55,0.5584,0.5621,0.5626,0.5649000000000001,0.5757,0.5771000000000001,0.5882000000000001,0.5918,0.5934,0.5942000000000001,0.5999,0.602,0.6055,0.6071000000000001,0.6123000000000001,0.6379,0.6385000000000001,0.6459,0.6469,0.6643,0.6695,0.6699,0.6783,0.6863,0.6933,0.7021000000000001,0.7198,0.7244,0.7408,0.7438,0.7471,0.7554000000000001,0.7632,0.7653000000000001,0.7734000000000001,0.7787000000000001,0.7863,0.7883,0.795,0.7972,0.8042,0.8058000000000001,0.8217,0.8223,0.8307,0.8356,0.8496,0.8568,0.8592000000000001,0.8608,0.8793000000000001,0.8814000000000001,0.9098,0.9153,0.9163,0.9222,0.9237000000000001,0.9390000000000001,0.9463,0.9530000000000001,0.9913000000000001,0.9948,0.9972000000000001
126527:0.5084000000000001
126599:0.0426,0.1355,0.2126,0.272,0.324,0.3572,0.4048,0.5029,0.552,0.608,0.6929000000000001,0.7377,0.7828,0.8087000000000001,0.8531000000000001,0.8768,0.9315
126600:0.0048000000000000004,0.0129,0.0159,0.0229,0.0292,0.039400000000000004,0.0397,0.0422,0.055600000000000004,0.0558,0.061500000000000006,0.0637,0.0799,0.0833,0.0932,0.0946,0.1012,0.1038,0.1048,0.10700000000000001,0.11760000000000001,0.11910000000000001,0.1253,0.12560000000000002,0.128,0.1298,0.1441,0.1484,0.1506,0.152,0.1632,0.1678,0.1764,0.17950000000000002,0.18810000000000002,0.19090000000000001,0.21810000000000002,0.2285,0.23850000000000002,0.2459,0.2503,0.2705,0.27290000000000003,0.276,0.28250000000000003,0.28340000000000004,0.2914,0.29400000000000004,0.3089,0.3113,0.32880000000000004,0.3296,0.32980000000000004,0.3346,0.3386,0.35000000000000003,0.3612,0.3635,0.3734,0.3808,0.384,0.3972,0.4022,0.4073,0.41400000000000003,0.41700000000000004,0.4174,0.42100000000000004,0.4307,0.4355,0.4395,0.45990000000000003,0.46590000000000004,0.46690000000000004,0.4687,0.47490000000000004,0.4878,0.4889,0.49250000000000005,0.4995,0.5,0.5037,0.5052,0.5063,0.5322,0.5366000000000001,0.5405,0.5418000000000001,0.5513,0.5638000000000001,0.5645,0.5707,0.5719000000000001,0.5808,0.5833,0.5860000000000001,0.5863,0.5877,0.5996,0.6101,0.6103000000000001,0.6175,0.6188,0.6326,0.6349,0.6447,0.6449,0.6487,0.6593,0.668,0.6715,0.6814,0.6925,0.6972,0.6999000000000001,0.7072,0.7085,0.7194,0.7298,0.7383000000000001,0.7447,0.7514000000000001,0.7584000000000001,0.7672,0.7674000000000001,0.7808,0.7831,0.7834,0.7851,0.7864,0.787,0.7949,0.7963,0.7979,0.799,0.8042,0.8119000000000001,0.8218000000000001,0.8250000000000001,0.8254,0.8276,0.8466,0.8522000000000001,0.8557,0.8562000000000001,0.8579,0.8584,0.868,0.8697,0.8791,0.8895000000000001,0.8963000000000001,0.9008,0.9026000000000001,0.9036000000000001,0.9053,0.9211,0.9233,0.927,0.9389000000000001,0.9475,0.9578000000000001,0.9580000000000001,0.9683,0.9715,0.9718,0.9779,0.9871000000000001,0.9886,0.9900000000000001,0.9947
126804:0.0234,0.034300000000000004,0.042100000000000005,0.055600000000000004,0.06620000000000001,0.07730000000000001,0.095,0.1053,0.11660000000000001,0.1316,0.1408,0.1555,0.16620000000000001,0.1762,0.1889,0.2019,0.21730000000000002,0.2253,0.24150000000000002,0.2511,0.26080000000000003,0.273,0.2898,0.298,0.3145,0.3282,0.3491,0.37520000000000003,0.387,0.394,0.4045,0.42010000000000003,0.4284,0.4419,0.4526,0.4762,0.4892,0.4968,0.5069,0.5174,0.5281,0.5436,0.5531,0.5709000000000001,0.5892000000000001,0.6019,0.6121,0.6254000000000001,0.6443,0.6528,0.6712,0.6826,0.6912,0.7050000000000001,0.7134,0.7223,0.746,0.757,0.7789,0.7932,0.8069000000000001,0.8221,0.8351000000000001,0.8509,0.8673000000000001,0.8745,0.8916000000000001,0.9025000000000001,0.9141,0.9229,0.9378000000000001,0.9478000000000001,0.9583,0.9655,0.9838,0.9965
126873:0.015300000000000001,0.0216,0.0233,0.0315,0.039,0.0427,0.0463,0.046700000000000005,0.0488,0.0494,0.0522,0.0543,0.058,0.061000000000000006,0.0692,0.0753,0.0951,0.1032,0.1041,0.14300000000000002,0.1479,0.1495,0.1499,0.1552,0.1671,0.1709,0.17170000000000002,0.1726,0.17550000000000002,0.1841,0.1893,0.1956,0.20170000000000002,0.20220000000000002,0.203,0.21180000000000002,0.21780000000000002,0.2381,0.2396,0.2592,0.2738,0.2934,0.2975,0.3007,0.308,0.3225,0.3235,0.34690000000000004,0.36250000000000004,0.3768,0.3829,0.38380000000000003,0.3866,0.3966,0.39990000000000003,0.4132,0.4157,0.4181,0.4219,0.4228,0.4289,0.4345,0.45880000000000004,0.4615,0.467,0.4736,0.4829,0.48310000000000003,0.49660000000000004,0.5124000000000001,0.5143,0.5242,0.5249,0.5336000000000001,0.5638000000000001,0.5654,0.5662,0.5673,0.5688,0.5814,0.5859,0.5896,0.5913,0.6096,0.6146,0.617,0.6265000000000001,0.634,0.6401,0.6481,0.6493,0.6577000000000001,0.6766,0.6827000000000001,0.6839000000000001,0.6873,0.6876,0.6881,0.6889000000000001,0.6894,0.6938000000000001,0.6990000000000001,0.7021000000000001,0.7033,0.7072,0.7201000000000001,0.7294,0.7353000000000001,0.7478,0.7523000000000001,0.7639,0.7683,0.779,0.7798,0.7828,0.8003,0.8044,0.8088000000000001,0.8131,0.8205,0.8406,0.8438,0.8534,0.8552000000000001,0.8614,0.8616,0.8665,0.8726,0.8796,0.8866,0.8904000000000001,0.8916000000000001,0.895,0.8961,0.8999,0.9021,0.9181,0.9215000000000001,0.932,0.9346000000000001,0.9349000000000001,0.9466,0.9494,0.9624,0.9961000000000001,0.9987
127069:0.048100000000000004,0.08020000000000001,0.1165,0.13290000000000002,0.1448,0.20620000000000002,0.27080000000000004,0.2907,0.315,0.33580000000000004,0.35600000000000004,0.4031,0.4305,0.5022,0.5222,0.5415,0.6022000000000001,0.6383,0.7038,0.7257,0.7715000000000001,0.7869,0.8065,0.8442000000000001,0.8702000000000001,0.8804000000000001,0.9175000000000001,0.9301,0.9760000000000001,0.9958
127887:0.0531,0.0815,0.1022,0.1484,0.17420000000000002,0.22640000000000002,0.2489,0.29450000000000004,0.32680000000000003,0.3592,0.3769,0.4088,0.4339,0.44870000000000004,0.5236000000000001,0.546,0.5671,0.5966,0.6513,0.6717000000000001,0.6960000000000001,0.7164,0.7966000000000001,0.81,0.8300000000000001,0.8803000000000001,0.9065000000000001,0.9265,0.9505,0.9976
128299:0.0834,0.163,0.2391,0.2629,0.3518,0.37720000000000004,0.44060000000000005,0.5381,0.5650000000000001,0.595,0.6804,0.7129000000000001,0.8207,0.9274,0.9635
129625:0.017,0.0256,0.0339,0.0439,0.0495,0.0574,0.066,0.0709,0.07980000000000001,0.09050000000000001,0.1028,0.11170000000000001,0.12040000000000001,0.1313,0.1391,0.14650000000000002,0.168,0.187,0.1952,0.2008,0.2074,0.2152,0.22870000000000001,0.24200000000000002,0.25220000000000004,0.25730000000000003,0.2625,0.2737,0.2792,0.2863,0.29510000000000003,0.30510000000000004,0.3115,0.3174,0.3254,0.33840000000000003,0.3462,0.3514,0.3642,0.3775,0.38470000000000004,0.392,0.3971,0.40440000000000004,0.41200000000000003,0.4202,0.4287,0.43620000000000003,0.4525,0.4685,0.4862,0.4924,0.498,0.5065000000000001,0.5177,0.527,0.5318,0.5392,0.5452,0.551,0.5595,0.5671,0.5768,0.5894,0.5953,0.6022000000000001,0.6105,0.6155,0.625,0.6368,0.6422,0.6601,0.6711,0.6781,0.6844,0.6922,0.6967,0.7041000000000001,0.7119000000000001,0.7189,0.7288,0.7375,0.7448,0.7652,0.7713,0.7783,0.7913,0.7989,0.8056000000000001,0.8127000000000001,0.8256,0.8343,0.8447,0.8521000000000001,0.8608,0.8675,0.877,0.8855000000000001,0.8965000000000001,0.9027000000000001,0.9097000000000001,0.9179,0.9258000000000001,0.9324,0.9470000000000001,0.9604,0.9671000000000001,0.9722000000000001,0.9804,0.9876,0.9986
129730:0.0008,0.014700000000000001,0.0176,0.0358,0.0408,0.0511,0.0599,0.0683,0.07970000000000001,0.0853,0.0954,0.11320000000000001,0.11720000000000001,0.1268,0.1466,0.1509,0.152,0.1665,0.16870000000000002,0.1689,0.17980000000000002,0.18180000000000002,0.18380000000000002,0.19010000000000002,0.191,0.2011,0.2053,0.2107,0.21230000000000002,0.22060000000000002,0.22590000000000002,0.2373,0.2432,0.24600000000000002,0.2492,0.2571,0.26780000000000004,0.2903,0.3052,0.30820000000000003,0.3123,0.3201,0.32320000000000004,0.3322,0.335,0.337,0.34450000000000003,0.3468,0.3513,0.35600000000000004,0.36960000000000004,0.3825,0.3831,0.393,0.40190000000000003,0.4073,0.4103,0.41190000000000004,0.41250000000000003,0.4198,0.4232,0.42450000000000004,0.4343,0.44780000000000003,0.4521,0.4586,0.465,0.48710000000000003,0.4887,0.5136000000000001,0.5364,0.5419,0.5442,0.5789000000000001,0.5873,0.5923,0.6054,0.6111,0.6155,0.6186,0.6198,0.6277,0.637,0.64,0.6456000000000001,0.6477,0.6498,0.669,0.6712,0.6746,0.6772,0.6808000000000001,0.6982,0.7013,0.7020000000000001,0.7051000000000001,0.7098,0.7204,0.7225,0.7286,0.7388,0.7491,0.7559,0.7627,0.7657,0.7765000000000001,0.7807000000000001,0.7896000000000001,0.7922,0.796,0.804,0.8133,0.8150000000000001,0.8159000000000001,0.8224,0.8239000000000001,0.8586,0.8667,0.8681000000000001,0.8817,0.8821,0.884,0.8907,0.8965000000000001,0.9029,0.913,0.9171,0.9208000000000001,0.9325,0.9375,0.9473,0.9491,0.9608000000000001,0.9782000000000001,0.9787,0.9829,0.9971000000000001
130674:0.0194,0.04,0.055900000000000005,0.0747,0.0912,0.1053,0.1218,0.1401,0.1559,0.1729,0.1932,0.2107,0.2233,0.2406,0.2566,0.277,0.2913,0.3103,0.33,0.3492,0.3669,0.38430000000000003,0.40390000000000004,0.4212,0.43470000000000003,0.45070000000000005,0.47140000000000004,0.49060000000000004,0.5071,0.5279,0.5445,0.5662,0.5793,0.5958,0.6162000000000001,0.6378,0.6504,0.6714,0.6921,0.7099000000000001,0.7247,0.7432000000000001,0.7575000000000001,0.7798,0.7929,0.8093,0.8282,0.8445,0.8612000000000001,0.8809,0.9006000000000001,0.9157000000000001,0.9345,0.9541000000000001,0.9721000000000001,0.9885
130780:0.0533,0.1363,0.28240000000000004,0.3136,0.3541,0.40090000000000003,0.5426,0.6025,0.6095,0.6421,0.7150000000000001,0.7337,0.7815000000000001,0.8091,0.8716,0.9258000000000001,0.9364,0.9809
130887:0.7358,0.9903000000000001
131471:0.26330000000000003,0.36050000000000004,0.4395,0.5314,0.608,0.7979,0.8865000000000001
131580:0.0245,0.044000000000000004,0.054400000000000004,0.076,0.0912,0.1019,0.1257,0.13920000000000002,0.1549,0.1699,0.1827,0.1993,0.2092,0.21860000000000002,0.2333,0.24550000000000002,0.2605,0.28750000000000003,0.3069,0.32020000000000004,0.34400000000000003,0.3665,0.3749,0.38780000000000003,0.4056,0.4223,0.4373,0.4696,0.4842,0.498,0.5166000000000001,0.5383,0.5534,0.5645,0.5796,0.5933,0.609,0.6285000000000001,0.64,0.6524,0.6676000000000001,0.6787000000000001,0.6942,0.7081000000000001,0.7182000000000001,0.7451,0.757,0.7805000000000001,0.7922,0.8078000000000001,0.8195,0.8305,0.8578,0.868,0.8895000000000001,0.904,0.9263,0.9380000000000001,0.9495,0.9818,0.9921000000000001
131603:0.0407,0.0538,0.0717,0.1111,0.1306,0.1956,0.21910000000000002,0.259,0.27640000000000003,0.31,0.3252,0.3481,0.39640000000000003,0.4151,0.4355,0.49410000000000004,0.5349,0.5517000000000001,0.5936,0.6057,0.6357,0.6552,0.6913,0.7050000000000001,0.7182000000000001,0.7377,0.7707,0.7836000000000001,0.8019000000000001,0.8414,0.8563000000000001,0.8773000000000001,0.8879,0.9186000000000001,0.9358000000000001,0.9710000000000001,0.9975
132100:0.0862,0.1499,0.3178,0.44010000000000005,0.7939,0.884
132645:0.0497,0.059000000000000004,0.0823,0.0908,0.0956,0.10590000000000001,0.14350000000000002,0.1499,0.1739,0.2194,0.2301,0.24400000000000002,0.2625,0.2933,0.2984,0.304,0.3336,0.3504,0.3665,0.3844,0.3951,0.39930000000000004,0.4184,0.448,0.49510000000000004,0.5086,0.5307000000000001,0.5426,0.5558000000000001,0.5710000000000001,0.5846,0.5966,0.6061000000000001,0.6104,0.6508,0.661,0.6692,0.6789000000000001,0.6933,0.6979000000000001,0.7099000000000001,0.7159,0.7210000000000001,0.7655000000000001,0.7694000000000001,0.801,0.8223,0.8324,0.8475,0.8897,0.8962,0.9193,0.9269000000000001,0.9349000000000001,0.9585,0.9942000000000001
133247:0.021500000000000002,0.0381,0.0584,0.0758,0.0896,0.10940000000000001,0.12810000000000002,0.14350000000000002,0.156,0.1739,0.1951,0.21180000000000002,0.22790000000000002,0.24550000000000002,0.263,0.2897,0.3123,0.3326,0.3496,0.37360000000000004,0.39080000000000004,0.4102,0.42460000000000003,0.4399,0.46480000000000005,0.4824,0.499,0.5209,0.5423,0.5631,0.5772,0.596,0.6113000000000001,0.6367,0.6541,0.679,0.6928000000000001,0.7083,0.7377,0.7548,0.7847000000000001,0.7982,0.8136,0.8314,0.8446,0.8634000000000001,0.8843000000000001,0.9029,0.9144,0.9353,0.9566,0.9785,0.995
133372:0.0489,0.07980000000000001,0.11510000000000001,0.1306,0.1439,0.199,0.2162,0.26680000000000004,0.27640000000000003,0.3118,0.3347,0.3557,0.40230000000000005,0.4151,0.43310000000000004,0.5006,0.5322,0.5424,0.5536,0.6025,0.6089,0.635,0.6426000000000001,0.7008,0.7159,0.7275,0.7767000000000001,0.7899,0.8083,0.8455,0.8545,0.8745,0.8818,0.8916000000000001,0.9204,0.9736
133525:0.40890000000000004,0.6112000000000001,0.7411,0.8168000000000001,0.88,0.9417000000000001
133765:0.3633,0.6139,0.7384000000000001,0.9390000000000001
133843:0.059300000000000005,0.1376
133845:0.0524,0.14150000000000001,0.31170000000000003,0.3561,0.4006,0.5447000000000001,0.6036,0.6421,0.7162000000000001,0.7359,0.7843,0.8143,0.8724000000000001,0.9315
134185:0.1438,0.7353000000000001,0.8113,0.9359000000000001
135576:0.050100000000000006,0.0847,0.1363,0.2021,0.2713,0.35910000000000003,0.4046,0.5034000000000001,0.5513,0.6082000000000001,0.6456000000000001,0.7007,0.7416,0.783,0.8469,0.8831,0.9325,0.9759000000000001
135578:0.034,0.10260000000000001,0.17550000000000002,0.21580000000000002,0.29400000000000004,0.32680000000000003,0.3791,0.4428,0.4938,0.5246000000000001,0.5698,0.6485000000000001,0.6791,0.7949,0.8316,0.9995
135583:0.034300000000000004,0.053500000000000006,0.0956,0.12140000000000001,0.1449,0.17830000000000001,0.20800000000000002,0.23800000000000002,0.2612,0.2868,0.3098,0.3458,0.3665,0.39,0.41440000000000005,0.43720000000000003,0.4778,0.5007,0.5293,0.5679000000000001,0.5868,0.6054,0.6427,0.6671,0.6983,0.7249,0.7547,0.7852,0.8240000000000001,0.8460000000000001,0.875,0.9023,0.9353,0.9668,0.9944000000000001
135908:0.044000000000000004,0.060700000000000004,0.0779,0.12150000000000001,0.1404,0.1831,0.2023,0.22460000000000002,0.2546,0.273,0.30720000000000003,0.3347,0.35350000000000004,0.3904,0.404,0.4254,0.4918,0.5228,0.5382,0.5517000000000001,0.5674,0.5931000000000001,0.6088,0.6384000000000001,0.6883,0.7060000000000001,0.7246,0.7646000000000001,0.7812,0.8017000000000001,0.8394,0.8581000000000001,0.8788,0.9091,0.9221,0.9661000000000001,0.9821000000000001
136476:0.11040000000000001,0.22310000000000002,0.4489,0.6041000000000001,0.7266,0.8419000000000001
136637:0.036000000000000004,0.054400000000000004,0.07640000000000001,0.0961,0.11950000000000001,0.1346,0.1449,0.18130000000000002,0.1966,0.2136,0.2474,0.2609,0.2833,0.2992,0.3144,0.333,0.3529,0.3902,0.4031,0.42100000000000004,0.43410000000000004,0.4842,0.49810000000000004,0.5211,0.5374,0.5571,0.5823,0.6021000000000001,0.614,0.6382,0.6509,0.6942,0.7069000000000001,0.7206,0.7574000000000001,0.7782,0.7964,0.8255,0.8408,0.8554,0.8719,0.8866,0.9138000000000001,0.9243,0.9476,0.9655,0.9824
137208:0.014,0.0236,0.032600000000000004,0.042800000000000005,0.0517,0.0603,0.0713,0.0824,0.092,0.10110000000000001,0.11030000000000001,0.12150000000000001,0.1325,0.13970000000000002,0.14850000000000002,0.1564,0.1693,0.1769,0.1862,0.1965,0.2104,0.21710000000000002,0.22890000000000002,0.2364,0.24550000000000002,0.25370000000000004,0.2636,0.27790000000000004,0.2907,0.3049,0.3158,0.3255,0.33790000000000003,0.3522,0.3693,0.3796,0.392,0.4016,0.4097,0.4212,0.42960000000000004,0.43920000000000003,0.4466,0.4652,0.4756,0.48450000000000004,0.49300000000000005,0.5036,0.5153,0.5226000000000001,0.5331,0.544,0.5562,0.5669000000000001,0.5744,0.5869,0.5975,0.6084,0.6186,0.6271,0.6414000000000001,0.6491,0.6584,0.6697000000000001,0.6778000000000001,0.6895,0.6992,0.7082,0.7167,0.7361000000000001,0.747,0.7571,0.7744000000000001,0.7847000000000001,0.7932,0.8031,0.8144,0.8217,0.8313,0.8426,0.8529,0.8631000000000001,0.8718,0.8845000000000001,0.8936000000000001,0.9029,0.9095000000000001,0.9175000000000001,0.9271,0.9386,0.9489000000000001,0.9581000000000001,0.9686,0.9806,0.9896,0.9986
137750:0.0502,0.14170000000000002,0.2597,0.3136,0.3758,0.41200000000000003,0.5001,0.6055,0.6785,0.9918
137751:0.0395,0.0562,0.06910000000000001,0.0845,0.1109,0.1267,0.14170000000000002,0.18280000000000002,0.20220000000000002,0.224,0.2543,0.2735,0.3027,0.3186,0.338,0.3544,0.3901,0.4052,0.42210000000000003,0.4324,0.4524,0.4883,0.5021,0.5259,0.5429,0.5650000000000001,0.5922000000000001,0.6098,0.6384000000000001,0.6597000000000001,0.6906,0.7061000000000001,0.7219,0.7379,0.7626000000000001,0.7826000000000001,0.7957000000000001,0.8350000000000001,0.8473,0.8634000000000001,0.8801,0.9103,0.9227000000000001,0.9520000000000001,0.9717,0.9971000000000001
137753:0.0108,0.021500000000000002,0.0429,0.0575,0.06810000000000001,0.079,0.0896,0.0985,0.1159,0.1302,0.1481,0.16110000000000002,0.17370000000000002,0.18730000000000002,0.19590000000000002,0.2141,0.2303,0.2411,0.2523,0.274,0.2844,0.31320000000000003,0.33680000000000004,0.3513,0.3774,0.39440000000000003,0.4051,0.4178,0.4259,0.43520000000000003,0.4464,0.4651,0.4716,0.49520000000000003,0.5092,0.5234,0.5405,0.5561,0.5706,0.5856,0.5967,0.6135,0.6231,0.6463,0.6573,0.6727000000000001,0.6909000000000001,0.7063,0.7140000000000001,0.7342000000000001,0.7465,0.7717,0.7859,0.7945,0.8043,0.8177000000000001,0.8279000000000001,0.8528,0.8605,0.8724000000000001,0.8866,0.8995000000000001,0.9079,0.9235000000000001,0.9451,0.9546,0.9633,0.9805,0.9909
138332:0.0339,0.0439,0.0512,0.0655,0.07050000000000001,0.07590000000000001,0.08080000000000001,0.1071,0.1168,0.12840000000000001,0.13570000000000002,0.1404,0.185,0.1903,0.1998,0.21150000000000002,0.2157,0.22080000000000002,0.2534,0.2601,0.2676,0.2727,0.2781,0.3069,0.3116,0.3234,0.3275,0.34690000000000004,0.3517,0.3899,0.39380000000000004,0.40040000000000003,0.4178,0.4295,0.43310000000000004,0.48300000000000004,0.4937,0.4999,0.5153,0.5296000000000001,0.5355,0.5481,0.5521,0.5839,0.5973,0.6013000000000001,0.6131,0.6195,0.6294000000000001,0.6377,0.6505000000000001,0.6881,0.6938000000000001,0.7023,0.7185,0.7256,0.7642,0.7698,0.7729,0.7855000000000001,0.7891,0.7954,0.801,0.8217,0.8293,0.8407,0.8478,0.8698,0.8783000000000001,0.8896000000000001,0.9097000000000001,0.9176000000000001,0.9222,0.9307000000000001,0.937,0.9633,0.9705,0.9767,0.9810000000000001,0.9885
138334:0.1437,0.43470000000000003,0.7933,0.8814000000000001
138335:0.0262,0.0453,0.055900000000000005,0.0878,0.09960000000000001,0.1267,0.13570000000000002,0.16690000000000002,0.17450000000000002,0.1983,0.2101,0.2207,0.2424,0.2594,0.2879,0.31170000000000003,0.32220000000000004,0.3527,0.37060000000000004,0.3912,0.4038,0.42910000000000004,0.43920000000000003,0.4803,0.49010000000000004,0.5151,0.5251,0.5451,0.5624,0.5816,0.5921000000000001,0.6102000000000001,0.6385000000000001,0.6618,0.6724,0.6795,0.7023,0.7163,0.7454000000000001,0.757,0.7873,0.8055,0.8202,0.8323,0.8616,0.8788,0.899,0.913,0.9332,0.9415,0.9536,0.9863000000000001,0.999
138339:0.0347,0.0563,0.0784,0.10300000000000001,0.1269,0.1389,0.1593,0.1962,0.21180000000000002,0.23820000000000002,0.2657,0.2772,0.2994,0.31770000000000004,0.35550000000000004,0.3876,0.4053,0.44070000000000004,0.4834,0.5052,0.5249,0.5434,0.5774,0.6055,0.6428,0.6825,0.7040000000000001,0.7196,0.741,0.7804,0.8094,0.8282,0.8543000000000001,0.8777,0.9041,0.9217000000000001,0.9566,0.9768,0.9967